{"name":"SetServices", "ph":"B", "ts":"118844706", "pid":"1", "tid":"cice"},
{"name":"SetServices", "ph":"E", "ts":"118846631", "pid":"1", "tid":"cice"},
{"name":"InitializeP0", "ph":"B", "ts":"119672073", "pid":"1", "tid":"cice"},
{"name":"InitializeP0", "ph":"E", "ts":"119672201", "pid":"1", "tid":"cice"},
{"name":"InitializeAdvertise", "ph":"B", "ts":"142732314", "pid":"1", "tid":"cice"},
{"name":"InitializeAdvertise", "ph":"E", "ts":"151125572", "pid":"1", "tid":"cice"},
{"name":"InitializeRealize", "ph":"B", "ts":"347974631", "pid":"1", "tid":"cice"},
{"name":"InitializeRealize", "ph":"E", "ts":"361213854", "pid":"1", "tid":"cice"},
{"name":"ModelAdvance", "ph":"B", "ts":"416420291", "pid":"1", "tid":"cice"},
{"name":"ModelAdvance", "ph":"E", "ts":"416994044", "pid":"1", "tid":"cice"},
{"name":"ModelAdvance", "ph":"B", "ts":"420347024", "pid":"1", "tid":"cice"},
{"name":"ModelAdvance", "ph":"E", "ts":"420829285", "pid":"1", "tid":"cice"},
{"name":"ModelAdvance", "ph":"B", "ts":"420980461", "pid":"1", "tid":"cice"},
{"name":"ModelAdvance", "ph":"E", "ts":"421450280", "pid":"1", "tid":"cice"},
{"name":"ModelAdvance", "ph":"B", "ts":"421621805", "pid":"1", "tid":"cice"},
{"name":"ModelAdvance", "ph":"E", "ts":"422085594", "pid":"1", "tid":"cice"},
{"name":"ModelAdvance", "ph":"B", "ts":"422269015", "pid":"1", "tid":"cice"},
{"name":"ModelAdvance", "ph":"E", "ts":"422732778", "pid":"1", "tid":"cice"},
{"name":"ModelAdvance", "ph":"B", "ts":"422904044", "pid":"1", "tid":"cice"},
{"name":"ModelAdvance", "ph":"E", "ts":"423371393", "pid":"1", "tid":"cice"},
{"name":"ModelAdvance", "ph":"B", "ts":"423603296", "pid":"1", "tid":"cice"},
{"name":"ModelAdvance", "ph":"E", "ts":"424072031", "pid":"1", "tid":"cice"},
{"name":"ModelAdvance", "ph":"B", "ts":"424253682", "pid":"1", "tid":"cice"},
{"name":"ModelAdvance", "ph":"E", "ts":"424715611", "pid":"1", "tid":"cice"},
{"name":"ModelAdvance", "ph":"B", "ts":"424896318", "pid":"1", "tid":"cice"},
{"name":"ModelAdvance", "ph":"E", "ts":"425361892", "pid":"1", "tid":"cice"},
{"name":"ModelAdvance", "ph":"B", "ts":"425541480", "pid":"1", "tid":"cice"},
{"name":"ModelAdvance", "ph":"E", "ts":"426007284", "pid":"1", "tid":"cice"},
{"name":"ModelAdvance", "ph":"B", "ts":"426181605", "pid":"1", "tid":"cice"},
{"name":"ModelAdvance", "ph":"E", "ts":"426650252", "pid":"1", "tid":"cice"},
{"name":"ModelAdvance", "ph":"B", "ts":"426827054", "pid":"1", "tid":"cice"},
{"name":"ModelAdvance", "ph":"E", "ts":"427290238", "pid":"1", "tid":"cice"},
{"name":"ModelAdvance", "ph":"B", "ts":"429048459", "pid":"1", "tid":"cice"},
{"name":"ModelAdvance", "ph":"E", "ts":"429507006", "pid":"1", "tid":"cice"},
{"name":"ModelAdvance", "ph":"B", "ts":"429715233", "pid":"1", "tid":"cice"},
{"name":"ModelAdvance", "ph":"E", "ts":"430173880", "pid":"1", "tid":"cice"},
{"name":"ModelAdvance", "ph":"B", "ts":"430358041", "pid":"1", "tid":"cice"},
{"name":"ModelAdvance", "ph":"E", "ts":"430829121", "pid":"1", "tid":"cice"},
{"name":"ModelAdvance", "ph":"B", "ts":"430998647", "pid":"1", "tid":"cice"},
{"name":"ModelAdvance", "ph":"E", "ts":"431461306", "pid":"1", "tid":"cice"},
{"name":"ModelAdvance", "ph":"B", "ts":"431635441", "pid":"1", "tid":"cice"},
{"name":"ModelAdvance", "ph":"E", "ts":"432102520", "pid":"1", "tid":"cice"},
{"name":"ModelAdvance", "ph":"B", "ts":"432273906", "pid":"1", "tid":"cice"},
{"name":"ModelAdvance", "ph":"E", "ts":"432750265", "pid":"1", "tid":"cice"},
{"name":"ModelAdvance", "ph":"B", "ts":"432929356", "pid":"1", "tid":"cice"},
{"name":"ModelAdvance", "ph":"E", "ts":"433393495", "pid":"1", "tid":"cice"},
{"name":"ModelAdvance", "ph":"B", "ts":"433571532", "pid":"1", "tid":"cice"},
{"name":"ModelAdvance", "ph":"E", "ts":"434027886", "pid":"1", "tid":"cice"},
{"name":"ModelAdvance", "ph":"B", "ts":"434213284", "pid":"1", "tid":"cice"},
{"name":"ModelAdvance", "ph":"E", "ts":"434675351", "pid":"1", "tid":"cice"},
{"name":"ModelAdvance", "ph":"B", "ts":"434849888", "pid":"1", "tid":"cice"},
{"name":"ModelAdvance", "ph":"E", "ts":"435325913", "pid":"1", "tid":"cice"},
{"name":"ModelAdvance", "ph":"B", "ts":"435505321", "pid":"1", "tid":"cice"},
{"name":"ModelAdvance", "ph":"E", "ts":"435968628", "pid":"1", "tid":"cice"},
{"name":"ModelAdvance", "ph":"B", "ts":"436155126", "pid":"1", "tid":"cice"},
{"name":"ModelAdvance", "ph":"E", "ts":"436618051", "pid":"1", "tid":"cice"},
{"name":"ModelAdvance", "ph":"B", "ts":"442195201", "pid":"1", "tid":"cice"},
{"name":"ModelAdvance", "ph":"E", "ts":"442664146", "pid":"1", "tid":"cice"},
{"name":"ModelAdvance", "ph":"B", "ts":"443479646", "pid":"1", "tid":"cice"},
{"name":"ModelAdvance", "ph":"E", "ts":"443951021", "pid":"1", "tid":"cice"},
{"name":"ModelAdvance", "ph":"B", "ts":"444116677", "pid":"1", "tid":"cice"},
{"name":"ModelAdvance", "ph":"E", "ts":"444580125", "pid":"1", "tid":"cice"},
{"name":"ModelAdvance", "ph":"B", "ts":"444752400", "pid":"1", "tid":"cice"},
{"name":"ModelAdvance", "ph":"E", "ts":"445217135", "pid":"1", "tid":"cice"},
{"name":"ModelAdvance", "ph":"B", "ts":"445386896", "pid":"1", "tid":"cice"},
{"name":"ModelAdvance", "ph":"E", "ts":"445852705", "pid":"1", "tid":"cice"},
{"name":"ModelAdvance", "ph":"B", "ts":"446038673", "pid":"1", "tid":"cice"},
{"name":"ModelAdvance", "ph":"E", "ts":"446506322", "pid":"1", "tid":"cice"},
{"name":"ModelAdvance", "ph":"B", "ts":"446682880", "pid":"1", "tid":"cice"},
{"name":"ModelAdvance", "ph":"E", "ts":"447153097", "pid":"1", "tid":"cice"},
{"name":"ModelAdvance", "ph":"B", "ts":"447332245", "pid":"1", "tid":"cice"},
{"name":"ModelAdvance", "ph":"E", "ts":"447792310", "pid":"1", "tid":"cice"},
{"name":"ModelAdvance", "ph":"B", "ts":"447973396", "pid":"1", "tid":"cice"},
{"name":"ModelAdvance", "ph":"E", "ts":"448445953", "pid":"1", "tid":"cice"},
{"name":"ModelAdvance", "ph":"B", "ts":"448625503", "pid":"1", "tid":"cice"},
{"name":"ModelAdvance", "ph":"E", "ts":"449092758", "pid":"1", "tid":"cice"},
{"name":"ModelAdvance", "ph":"B", "ts":"449273915", "pid":"1", "tid":"cice"},
{"name":"ModelAdvance", "ph":"E", "ts":"449744350", "pid":"1", "tid":"cice"},
{"name":"ModelAdvance", "ph":"B", "ts":"449933221", "pid":"1", "tid":"cice"},
{"name":"ModelAdvance", "ph":"E", "ts":"450399010", "pid":"1", "tid":"cice"},
{"name":"ModelAdvance", "ph":"B", "ts":"455851526", "pid":"1", "tid":"cice"},
{"name":"ModelAdvance", "ph":"E", "ts":"456321393", "pid":"1", "tid":"cice"},
{"name":"ModelAdvance", "ph":"B", "ts":"456491382", "pid":"1", "tid":"cice"},
{"name":"ModelAdvance", "ph":"E", "ts":"456970496", "pid":"1", "tid":"cice"},
{"name":"ModelAdvance", "ph":"B", "ts":"457128403", "pid":"1", "tid":"cice"},
{"name":"ModelAdvance", "ph":"E", "ts":"457593166", "pid":"1", "tid":"cice"},
{"name":"ModelAdvance", "ph":"B", "ts":"457777487", "pid":"1", "tid":"cice"},
{"name":"ModelAdvance", "ph":"E", "ts":"458240610", "pid":"1", "tid":"cice"},
{"name":"ModelAdvance", "ph":"B", "ts":"458434441", "pid":"1", "tid":"cice"},
{"name":"ModelAdvance", "ph":"E", "ts":"458889834", "pid":"1", "tid":"cice"},
{"name":"ModelAdvance", "ph":"B", "ts":"459077970", "pid":"1", "tid":"cice"},
{"name":"ModelAdvance", "ph":"E", "ts":"459543224", "pid":"1", "tid":"cice"},
{"name":"ModelAdvance", "ph":"B", "ts":"459713449", "pid":"1", "tid":"cice"},
{"name":"ModelAdvance", "ph":"E", "ts":"460178258", "pid":"1", "tid":"cice"},
{"name":"ModelAdvance", "ph":"B", "ts":"460348595", "pid":"1", "tid":"cice"},
{"name":"ModelAdvance", "ph":"E", "ts":"460815995", "pid":"1", "tid":"cice"},
{"name":"ModelAdvance", "ph":"B", "ts":"460997882", "pid":"1", "tid":"cice"},
{"name":"ModelAdvance", "ph":"E", "ts":"461459671", "pid":"1", "tid":"cice"},
{"name":"ModelAdvance", "ph":"B", "ts":"461642070", "pid":"1", "tid":"cice"},
{"name":"ModelAdvance", "ph":"E", "ts":"462099740", "pid":"1", "tid":"cice"},
{"name":"ModelAdvance", "ph":"B", "ts":"462293259", "pid":"1", "tid":"cice"},
{"name":"ModelAdvance", "ph":"E", "ts":"462763243", "pid":"1", "tid":"cice"},
{"name":"ModelAdvance", "ph":"B", "ts":"462934219", "pid":"1", "tid":"cice"},
{"name":"ModelAdvance", "ph":"E", "ts":"463398068", "pid":"1", "tid":"cice"},
{"name":"ModelAdvance", "ph":"B", "ts":"468854306", "pid":"1", "tid":"cice"},
{"name":"ModelAdvance", "ph":"E", "ts":"469317600", "pid":"1", "tid":"cice"},
{"name":"ModelAdvance", "ph":"B", "ts":"470220005", "pid":"1", "tid":"cice"},
{"name":"ModelAdvance", "ph":"E", "ts":"470682884", "pid":"1", "tid":"cice"},
{"name":"ModelAdvance", "ph":"B", "ts":"470947462", "pid":"1", "tid":"cice"},
{"name":"ModelAdvance", "ph":"E", "ts":"471421966", "pid":"1", "tid":"cice"},
{"name":"ModelAdvance", "ph":"B", "ts":"471590645", "pid":"1", "tid":"cice"},
{"name":"ModelAdvance", "ph":"E", "ts":"472067932", "pid":"1", "tid":"cice"},
{"name":"ModelAdvance", "ph":"B", "ts":"472240558", "pid":"1", "tid":"cice"},
{"name":"ModelAdvance", "ph":"E", "ts":"472706971", "pid":"1", "tid":"cice"},
{"name":"ModelAdvance", "ph":"B", "ts":"472899178", "pid":"1", "tid":"cice"},
{"name":"ModelAdvance", "ph":"E", "ts":"473364307", "pid":"1", "tid":"cice"},
{"name":"ModelAdvance", "ph":"B", "ts":"473536621", "pid":"1", "tid":"cice"},
{"name":"ModelAdvance", "ph":"E", "ts":"474001902", "pid":"1", "tid":"cice"},
{"name":"ModelAdvance", "ph":"B", "ts":"474185563", "pid":"1", "tid":"cice"},
{"name":"ModelAdvance", "ph":"E", "ts":"474654166", "pid":"1", "tid":"cice"},
{"name":"ModelAdvance", "ph":"B", "ts":"474827812", "pid":"1", "tid":"cice"},
{"name":"ModelAdvance", "ph":"E", "ts":"475292339", "pid":"1", "tid":"cice"},
{"name":"ModelAdvance", "ph":"B", "ts":"475486993", "pid":"1", "tid":"cice"},
{"name":"ModelAdvance", "ph":"E", "ts":"475951093", "pid":"1", "tid":"cice"},
{"name":"ModelAdvance", "ph":"B", "ts":"476135237", "pid":"1", "tid":"cice"},
{"name":"ModelAdvance", "ph":"E", "ts":"476595645", "pid":"1", "tid":"cice"},
{"name":"ModelAdvance", "ph":"B", "ts":"476780347", "pid":"1", "tid":"cice"},
{"name":"ModelAdvance", "ph":"E", "ts":"477247553", "pid":"1", "tid":"cice"},
{"name":"ModelAdvance", "ph":"B", "ts":"479612436", "pid":"1", "tid":"cice"},
{"name":"ModelAdvance", "ph":"E", "ts":"480077983", "pid":"1", "tid":"cice"},
{"name":"ModelAdvance", "ph":"B", "ts":"480249439", "pid":"1", "tid":"cice"},
{"name":"ModelAdvance", "ph":"E", "ts":"480710298", "pid":"1", "tid":"cice"},
{"name":"ModelAdvance", "ph":"B", "ts":"480897279", "pid":"1", "tid":"cice"},
{"name":"ModelAdvance", "ph":"E", "ts":"481359093", "pid":"1", "tid":"cice"},
{"name":"ModelAdvance", "ph":"B", "ts":"481548317", "pid":"1", "tid":"cice"},
{"name":"ModelAdvance", "ph":"E", "ts":"482007812", "pid":"1", "tid":"cice"},
{"name":"ModelAdvance", "ph":"B", "ts":"482224319", "pid":"1", "tid":"cice"},
{"name":"ModelAdvance", "ph":"E", "ts":"482689639", "pid":"1", "tid":"cice"},
{"name":"ModelAdvance", "ph":"B", "ts":"482885199", "pid":"1", "tid":"cice"},
{"name":"ModelAdvance", "ph":"E", "ts":"483356403", "pid":"1", "tid":"cice"},
{"name":"ModelAdvance", "ph":"B", "ts":"483535767", "pid":"1", "tid":"cice"},
{"name":"ModelAdvance", "ph":"E", "ts":"483999022", "pid":"1", "tid":"cice"},
{"name":"ModelAdvance", "ph":"B", "ts":"484184299", "pid":"1", "tid":"cice"},
{"name":"ModelAdvance", "ph":"E", "ts":"484653707", "pid":"1", "tid":"cice"},
{"name":"ModelAdvance", "ph":"B", "ts":"484834835", "pid":"1", "tid":"cice"},
{"name":"ModelAdvance", "ph":"E", "ts":"485301078", "pid":"1", "tid":"cice"},
{"name":"ModelAdvance", "ph":"B", "ts":"485495058", "pid":"1", "tid":"cice"},
{"name":"ModelAdvance", "ph":"E", "ts":"485960465", "pid":"1", "tid":"cice"},
{"name":"ModelAdvance", "ph":"B", "ts":"486143942", "pid":"1", "tid":"cice"},
{"name":"ModelAdvance", "ph":"E", "ts":"486614022", "pid":"1", "tid":"cice"},
{"name":"ModelAdvance", "ph":"B", "ts":"486805917", "pid":"1", "tid":"cice"},
{"name":"ModelAdvance", "ph":"E", "ts":"487266824", "pid":"1", "tid":"cice"},
{"name":"ModelAdvance", "ph":"B", "ts":"504704758", "pid":"1", "tid":"cice"},
{"name":"ModelAdvance", "ph":"E", "ts":"505173372", "pid":"1", "tid":"cice"},
{"name":"ModelAdvance", "ph":"B", "ts":"506023906", "pid":"1", "tid":"cice"},
{"name":"ModelAdvance", "ph":"E", "ts":"506490257", "pid":"1", "tid":"cice"},
{"name":"ModelAdvance", "ph":"B", "ts":"506661570", "pid":"1", "tid":"cice"},
{"name":"ModelAdvance", "ph":"E", "ts":"507132434", "pid":"1", "tid":"cice"},
{"name":"ModelAdvance", "ph":"B", "ts":"507302807", "pid":"1", "tid":"cice"},
{"name":"ModelAdvance", "ph":"E", "ts":"507766834", "pid":"1", "tid":"cice"},
{"name":"ModelAdvance", "ph":"B", "ts":"507950394", "pid":"1", "tid":"cice"},
{"name":"ModelAdvance", "ph":"E", "ts":"508419488", "pid":"1", "tid":"cice"},
{"name":"ModelAdvance", "ph":"B", "ts":"508648136", "pid":"1", "tid":"cice"},
{"name":"ModelAdvance", "ph":"E", "ts":"509118891", "pid":"1", "tid":"cice"},
{"name":"ModelAdvance", "ph":"B", "ts":"509294798", "pid":"1", "tid":"cice"},
{"name":"ModelAdvance", "ph":"E", "ts":"509758383", "pid":"1", "tid":"cice"},
{"name":"ModelAdvance", "ph":"B", "ts":"509939692", "pid":"1", "tid":"cice"},
{"name":"ModelAdvance", "ph":"E", "ts":"510402644", "pid":"1", "tid":"cice"},
{"name":"ModelAdvance", "ph":"B", "ts":"510589785", "pid":"1", "tid":"cice"},
{"name":"ModelAdvance", "ph":"E", "ts":"511053145", "pid":"1", "tid":"cice"},
{"name":"ModelAdvance", "ph":"B", "ts":"511243503", "pid":"1", "tid":"cice"},
{"name":"ModelAdvance", "ph":"E", "ts":"511725534", "pid":"1", "tid":"cice"},
{"name":"ModelAdvance", "ph":"B", "ts":"511891525", "pid":"1", "tid":"cice"},
{"name":"ModelAdvance", "ph":"E", "ts":"512369522", "pid":"1", "tid":"cice"},
{"name":"ModelAdvance", "ph":"B", "ts":"512550055", "pid":"1", "tid":"cice"},
{"name":"ModelAdvance", "ph":"E", "ts":"513014640", "pid":"1", "tid":"cice"},
{"name":"ModelAdvance", "ph":"B", "ts":"513222131", "pid":"1", "tid":"cice"},
{"name":"ModelAdvance", "ph":"E", "ts":"513689389", "pid":"1", "tid":"cice"},
{"name":"ModelAdvance", "ph":"B", "ts":"513876697", "pid":"1", "tid":"cice"},
{"name":"ModelAdvance", "ph":"E", "ts":"514341871", "pid":"1", "tid":"cice"},
{"name":"ModelAdvance", "ph":"B", "ts":"514533199", "pid":"1", "tid":"cice"},
{"name":"ModelAdvance", "ph":"E", "ts":"514997773", "pid":"1", "tid":"cice"},
{"name":"ModelAdvance", "ph":"B", "ts":"515186006", "pid":"1", "tid":"cice"},
{"name":"ModelAdvance", "ph":"E", "ts":"515649526", "pid":"1", "tid":"cice"},
{"name":"ModelAdvance", "ph":"B", "ts":"515848014", "pid":"1", "tid":"cice"},
{"name":"ModelAdvance", "ph":"E", "ts":"516317959", "pid":"1", "tid":"cice"},
{"name":"ModelAdvance", "ph":"B", "ts":"516491444", "pid":"1", "tid":"cice"},
{"name":"ModelAdvance", "ph":"E", "ts":"516961537", "pid":"1", "tid":"cice"},
{"name":"ModelAdvance", "ph":"B", "ts":"517134987", "pid":"1", "tid":"cice"},
{"name":"ModelAdvance", "ph":"E", "ts":"517600551", "pid":"1", "tid":"cice"},
{"name":"ModelAdvance", "ph":"B", "ts":"517788464", "pid":"1", "tid":"cice"},
{"name":"ModelAdvance", "ph":"E", "ts":"518254759", "pid":"1", "tid":"cice"},
{"name":"ModelAdvance", "ph":"B", "ts":"518432569", "pid":"1", "tid":"cice"},
{"name":"ModelAdvance", "ph":"E", "ts":"518898155", "pid":"1", "tid":"cice"},
{"name":"ModelAdvance", "ph":"B", "ts":"519085480", "pid":"1", "tid":"cice"},
{"name":"ModelAdvance", "ph":"E", "ts":"519555609", "pid":"1", "tid":"cice"},
{"name":"ModelAdvance", "ph":"B", "ts":"519730424", "pid":"1", "tid":"cice"},
{"name":"ModelAdvance", "ph":"E", "ts":"520198923", "pid":"1", "tid":"cice"},
{"name":"ModelAdvance", "ph":"B", "ts":"520379995", "pid":"1", "tid":"cice"},
{"name":"ModelAdvance", "ph":"E", "ts":"520843810", "pid":"1", "tid":"cice"},
{"name":"ModelAdvance", "ph":"B", "ts":"521048752", "pid":"1", "tid":"cice"},
{"name":"ModelAdvance", "ph":"E", "ts":"521514978", "pid":"1", "tid":"cice"},
{"name":"ModelAdvance", "ph":"B", "ts":"522377834", "pid":"1", "tid":"cice"},
{"name":"ModelAdvance", "ph":"E", "ts":"522842675", "pid":"1", "tid":"cice"},
{"name":"ModelAdvance", "ph":"B", "ts":"523013693", "pid":"1", "tid":"cice"},
{"name":"ModelAdvance", "ph":"E", "ts":"523479291", "pid":"1", "tid":"cice"},
{"name":"ModelAdvance", "ph":"B", "ts":"523659022", "pid":"1", "tid":"cice"},
{"name":"ModelAdvance", "ph":"E", "ts":"524128385", "pid":"1", "tid":"cice"},
{"name":"ModelAdvance", "ph":"B", "ts":"524310194", "pid":"1", "tid":"cice"},
{"name":"ModelAdvance", "ph":"E", "ts":"524777244", "pid":"1", "tid":"cice"},
{"name":"ModelAdvance", "ph":"B", "ts":"524980646", "pid":"1", "tid":"cice"},
{"name":"ModelAdvance", "ph":"E", "ts":"525442184", "pid":"1", "tid":"cice"},
{"name":"ModelAdvance", "ph":"B", "ts":"525639073", "pid":"1", "tid":"cice"},
{"name":"ModelAdvance", "ph":"E", "ts":"526100009", "pid":"1", "tid":"cice"},
{"name":"ModelAdvance", "ph":"B", "ts":"526296482", "pid":"1", "tid":"cice"},
{"name":"ModelAdvance", "ph":"E", "ts":"526758668", "pid":"1", "tid":"cice"},
{"name":"ModelAdvance", "ph":"B", "ts":"526941648", "pid":"1", "tid":"cice"},
{"name":"ModelAdvance", "ph":"E", "ts":"527406830", "pid":"1", "tid":"cice"},
{"name":"ModelAdvance", "ph":"B", "ts":"527585696", "pid":"1", "tid":"cice"},
{"name":"ModelAdvance", "ph":"E", "ts":"528052650", "pid":"1", "tid":"cice"},
{"name":"ModelAdvance", "ph":"B", "ts":"528243273", "pid":"1", "tid":"cice"},
{"name":"ModelAdvance", "ph":"E", "ts":"528705307", "pid":"1", "tid":"cice"},
{"name":"ModelAdvance", "ph":"B", "ts":"528887024", "pid":"1", "tid":"cice"},
{"name":"ModelAdvance", "ph":"E", "ts":"529353515", "pid":"1", "tid":"cice"},
{"name":"ModelAdvance", "ph":"B", "ts":"529566032", "pid":"1", "tid":"cice"},
{"name":"ModelAdvance", "ph":"E", "ts":"530034630", "pid":"1", "tid":"cice"},
{"name":"ModelAdvance", "ph":"B", "ts":"530222772", "pid":"1", "tid":"cice"},
{"name":"ModelAdvance", "ph":"E", "ts":"530687072", "pid":"1", "tid":"cice"},
{"name":"ModelAdvance", "ph":"B", "ts":"530878304", "pid":"1", "tid":"cice"},
{"name":"ModelAdvance", "ph":"E", "ts":"531340895", "pid":"1", "tid":"cice"},
{"name":"ModelAdvance", "ph":"B", "ts":"531527352", "pid":"1", "tid":"cice"},
{"name":"ModelAdvance", "ph":"E", "ts":"531988795", "pid":"1", "tid":"cice"},
{"name":"ModelAdvance", "ph":"B", "ts":"532165158", "pid":"1", "tid":"cice"},
{"name":"ModelAdvance", "ph":"E", "ts":"532638065", "pid":"1", "tid":"cice"},
{"name":"ModelAdvance", "ph":"B", "ts":"532878031", "pid":"1", "tid":"cice"},
{"name":"ModelAdvance", "ph":"E", "ts":"533341589", "pid":"1", "tid":"cice"},
{"name":"ModelAdvance", "ph":"B", "ts":"533526248", "pid":"1", "tid":"cice"},
{"name":"ModelAdvance", "ph":"E", "ts":"533988848", "pid":"1", "tid":"cice"},
{"name":"ModelAdvance", "ph":"B", "ts":"534179188", "pid":"1", "tid":"cice"},
{"name":"ModelAdvance", "ph":"E", "ts":"534641512", "pid":"1", "tid":"cice"},
{"name":"ModelAdvance", "ph":"B", "ts":"534857480", "pid":"1", "tid":"cice"},
{"name":"ModelAdvance", "ph":"E", "ts":"535321986", "pid":"1", "tid":"cice"},
{"name":"ModelAdvance", "ph":"B", "ts":"535522537", "pid":"1", "tid":"cice"},
{"name":"ModelAdvance", "ph":"E", "ts":"535989234", "pid":"1", "tid":"cice"},
{"name":"ModelAdvance", "ph":"B", "ts":"536210845", "pid":"1", "tid":"cice"},
{"name":"ModelAdvance", "ph":"E", "ts":"536671191", "pid":"1", "tid":"cice"},
{"name":"ModelAdvance", "ph":"B", "ts":"536867670", "pid":"1", "tid":"cice"},
{"name":"ModelAdvance", "ph":"E", "ts":"537327734", "pid":"1", "tid":"cice"},
{"name":"ModelAdvance", "ph":"B", "ts":"537563610", "pid":"1", "tid":"cice"},
{"name":"ModelAdvance", "ph":"E", "ts":"538037467", "pid":"1", "tid":"cice"},
{"name":"ModelAdvance", "ph":"B", "ts":"538882473", "pid":"1", "tid":"cice"},
{"name":"ModelAdvance", "ph":"E", "ts":"539359246", "pid":"1", "tid":"cice"},
{"name":"ModelAdvance", "ph":"B", "ts":"539527370", "pid":"1", "tid":"cice"},
{"name":"ModelAdvance", "ph":"E", "ts":"539991867", "pid":"1", "tid":"cice"},
{"name":"ModelAdvance", "ph":"B", "ts":"540188413", "pid":"1", "tid":"cice"},
{"name":"ModelAdvance", "ph":"E", "ts":"540651449", "pid":"1", "tid":"cice"},
{"name":"ModelAdvance", "ph":"B", "ts":"540848713", "pid":"1", "tid":"cice"},
{"name":"ModelAdvance", "ph":"E", "ts":"541306271", "pid":"1", "tid":"cice"},
{"name":"ModelAdvance", "ph":"B", "ts":"541548534", "pid":"1", "tid":"cice"},
{"name":"ModelAdvance", "ph":"E", "ts":"542016530", "pid":"1", "tid":"cice"},
{"name":"ModelAdvance", "ph":"B", "ts":"542206447", "pid":"1", "tid":"cice"},
{"name":"ModelAdvance", "ph":"E", "ts":"542664397", "pid":"1", "tid":"cice"},
{"name":"ModelAdvance", "ph":"B", "ts":"542884519", "pid":"1", "tid":"cice"},
{"name":"ModelAdvance", "ph":"E", "ts":"543350334", "pid":"1", "tid":"cice"},
{"name":"ModelAdvance", "ph":"B", "ts":"543550435", "pid":"1", "tid":"cice"},
{"name":"ModelAdvance", "ph":"E", "ts":"544013651", "pid":"1", "tid":"cice"},
{"name":"ModelAdvance", "ph":"B", "ts":"544200394", "pid":"1", "tid":"cice"},
{"name":"ModelAdvance", "ph":"E", "ts":"544666599", "pid":"1", "tid":"cice"},
{"name":"ModelAdvance", "ph":"B", "ts":"544855257", "pid":"1", "tid":"cice"},
{"name":"ModelAdvance", "ph":"E", "ts":"545325341", "pid":"1", "tid":"cice"},
{"name":"ModelAdvance", "ph":"B", "ts":"545517621", "pid":"1", "tid":"cice"},
{"name":"ModelAdvance", "ph":"E", "ts":"545980350", "pid":"1", "tid":"cice"},
{"name":"ModelAdvance", "ph":"B", "ts":"546193238", "pid":"1", "tid":"cice"},
{"name":"ModelAdvance", "ph":"E", "ts":"546667184", "pid":"1", "tid":"cice"},
{"name":"ModelAdvance", "ph":"B", "ts":"546848410", "pid":"1", "tid":"cice"},
{"name":"ModelAdvance", "ph":"E", "ts":"547310352", "pid":"1", "tid":"cice"},
{"name":"ModelAdvance", "ph":"B", "ts":"547516697", "pid":"1", "tid":"cice"},
{"name":"ModelAdvance", "ph":"E", "ts":"547979467", "pid":"1", "tid":"cice"},
{"name":"ModelAdvance", "ph":"B", "ts":"548218873", "pid":"1", "tid":"cice"},
{"name":"ModelAdvance", "ph":"E", "ts":"548680096", "pid":"1", "tid":"cice"},
{"name":"ModelAdvance", "ph":"B", "ts":"548897042", "pid":"1", "tid":"cice"},
{"name":"ModelAdvance", "ph":"E", "ts":"549360772", "pid":"1", "tid":"cice"},
{"name":"ModelAdvance", "ph":"B", "ts":"549553746", "pid":"1", "tid":"cice"},
{"name":"ModelAdvance", "ph":"E", "ts":"550024201", "pid":"1", "tid":"cice"},
{"name":"ModelAdvance", "ph":"B", "ts":"550209804", "pid":"1", "tid":"cice"},
{"name":"ModelAdvance", "ph":"E", "ts":"550680362", "pid":"1", "tid":"cice"},
{"name":"ModelAdvance", "ph":"B", "ts":"550871857", "pid":"1", "tid":"cice"},
{"name":"ModelAdvance", "ph":"E", "ts":"551333038", "pid":"1", "tid":"cice"},
{"name":"ModelAdvance", "ph":"B", "ts":"551526429", "pid":"1", "tid":"cice"},
{"name":"ModelAdvance", "ph":"E", "ts":"551987527", "pid":"1", "tid":"cice"},
{"name":"ModelAdvance", "ph":"B", "ts":"552187037", "pid":"1", "tid":"cice"},
{"name":"ModelAdvance", "ph":"E", "ts":"552661049", "pid":"1", "tid":"cice"},
{"name":"ModelAdvance", "ph":"B", "ts":"552848953", "pid":"1", "tid":"cice"},
{"name":"ModelAdvance", "ph":"E", "ts":"553311809", "pid":"1", "tid":"cice"},
{"name":"ModelAdvance", "ph":"B", "ts":"553510160", "pid":"1", "tid":"cice"},
{"name":"ModelAdvance", "ph":"E", "ts":"554081691", "pid":"1", "tid":"cice"},
{"name":"ModelAdvance", "ph":"B", "ts":"554199926", "pid":"1", "tid":"cice"},
{"name":"ModelAdvance", "ph":"E", "ts":"554667018", "pid":"1", "tid":"cice"},
{"name":"ModelAdvance", "ph":"B", "ts":"555494173", "pid":"1", "tid":"cice"},
{"name":"ModelAdvance", "ph":"E", "ts":"555960878", "pid":"1", "tid":"cice"},
{"name":"ModelAdvance", "ph":"B", "ts":"556140556", "pid":"1", "tid":"cice"},
{"name":"ModelAdvance", "ph":"E", "ts":"556605534", "pid":"1", "tid":"cice"},
{"name":"ModelAdvance", "ph":"B", "ts":"556784214", "pid":"1", "tid":"cice"},
{"name":"ModelAdvance", "ph":"E", "ts":"557257822", "pid":"1", "tid":"cice"},
{"name":"ModelAdvance", "ph":"B", "ts":"557429058", "pid":"1", "tid":"cice"},
{"name":"ModelAdvance", "ph":"E", "ts":"557897057", "pid":"1", "tid":"cice"},
{"name":"ModelAdvance", "ph":"B", "ts":"558075499", "pid":"1", "tid":"cice"},
{"name":"ModelAdvance", "ph":"E", "ts":"558535151", "pid":"1", "tid":"cice"},
{"name":"ModelAdvance", "ph":"B", "ts":"558731982", "pid":"1", "tid":"cice"},
{"name":"ModelAdvance", "ph":"E", "ts":"559195818", "pid":"1", "tid":"cice"},
{"name":"ModelAdvance", "ph":"B", "ts":"559387783", "pid":"1", "tid":"cice"},
{"name":"ModelAdvance", "ph":"E", "ts":"559859889", "pid":"1", "tid":"cice"},
{"name":"ModelAdvance", "ph":"B", "ts":"560033970", "pid":"1", "tid":"cice"},
{"name":"ModelAdvance", "ph":"E", "ts":"560499095", "pid":"1", "tid":"cice"},
{"name":"ModelAdvance", "ph":"B", "ts":"560679851", "pid":"1", "tid":"cice"},
{"name":"ModelAdvance", "ph":"E", "ts":"561154524", "pid":"1", "tid":"cice"},
{"name":"ModelAdvance", "ph":"B", "ts":"561330035", "pid":"1", "tid":"cice"},
{"name":"ModelAdvance", "ph":"E", "ts":"561793299", "pid":"1", "tid":"cice"},
{"name":"ModelAdvance", "ph":"B", "ts":"561977718", "pid":"1", "tid":"cice"},
{"name":"ModelAdvance", "ph":"E", "ts":"562442342", "pid":"1", "tid":"cice"},
{"name":"ModelAdvance", "ph":"B", "ts":"562655336", "pid":"1", "tid":"cice"},
{"name":"ModelAdvance", "ph":"E", "ts":"563120948", "pid":"1", "tid":"cice"},
{"name":"ModelAdvance", "ph":"B", "ts":"563298775", "pid":"1", "tid":"cice"},
{"name":"ModelAdvance", "ph":"E", "ts":"563768597", "pid":"1", "tid":"cice"},
{"name":"ModelAdvance", "ph":"B", "ts":"563961323", "pid":"1", "tid":"cice"},
{"name":"ModelAdvance", "ph":"E", "ts":"564435584", "pid":"1", "tid":"cice"},
{"name":"ModelAdvance", "ph":"B", "ts":"564617027", "pid":"1", "tid":"cice"},
{"name":"ModelAdvance", "ph":"E", "ts":"565079079", "pid":"1", "tid":"cice"},
{"name":"ModelAdvance", "ph":"B", "ts":"565275968", "pid":"1", "tid":"cice"},
{"name":"ModelAdvance", "ph":"E", "ts":"565741588", "pid":"1", "tid":"cice"},
{"name":"ModelAdvance", "ph":"B", "ts":"565929160", "pid":"1", "tid":"cice"},
{"name":"ModelAdvance", "ph":"E", "ts":"566395072", "pid":"1", "tid":"cice"},
{"name":"ModelAdvance", "ph":"B", "ts":"566574721", "pid":"1", "tid":"cice"},
{"name":"ModelAdvance", "ph":"E", "ts":"567038812", "pid":"1", "tid":"cice"},
{"name":"ModelAdvance", "ph":"B", "ts":"567227449", "pid":"1", "tid":"cice"},
{"name":"ModelAdvance", "ph":"E", "ts":"567699060", "pid":"1", "tid":"cice"},
{"name":"ModelAdvance", "ph":"B", "ts":"567939913", "pid":"1", "tid":"cice"},
{"name":"ModelAdvance", "ph":"E", "ts":"568402695", "pid":"1", "tid":"cice"},
{"name":"ModelAdvance", "ph":"B", "ts":"568586909", "pid":"1", "tid":"cice"},
{"name":"ModelAdvance", "ph":"E", "ts":"569049742", "pid":"1", "tid":"cice"},
{"name":"ModelAdvance", "ph":"B", "ts":"569229686", "pid":"1", "tid":"cice"},
{"name":"ModelAdvance", "ph":"E", "ts":"569690048", "pid":"1", "tid":"cice"},
{"name":"ModelAdvance", "ph":"B", "ts":"569875896", "pid":"1", "tid":"cice"},
{"name":"ModelAdvance", "ph":"E", "ts":"570340891", "pid":"1", "tid":"cice"},
{"name":"ModelAdvance", "ph":"B", "ts":"570540696", "pid":"1", "tid":"cice"},
{"name":"ModelAdvance", "ph":"E", "ts":"571000546", "pid":"1", "tid":"cice"},
{"name":"ModelAdvance", "ph":"B", "ts":"571843328", "pid":"1", "tid":"cice"},
{"name":"ModelAdvance", "ph":"E", "ts":"572306833", "pid":"1", "tid":"cice"},
{"name":"ModelAdvance", "ph":"B", "ts":"572484988", "pid":"1", "tid":"cice"},
{"name":"ModelAdvance", "ph":"E", "ts":"572954459", "pid":"1", "tid":"cice"},
{"name":"ModelAdvance", "ph":"B", "ts":"573143523", "pid":"1", "tid":"cice"},
{"name":"ModelAdvance", "ph":"E", "ts":"573609031", "pid":"1", "tid":"cice"},
{"name":"ModelAdvance", "ph":"B", "ts":"573805952", "pid":"1", "tid":"cice"},
{"name":"ModelAdvance", "ph":"E", "ts":"574278356", "pid":"1", "tid":"cice"},
{"name":"ModelAdvance", "ph":"B", "ts":"574460333", "pid":"1", "tid":"cice"},
{"name":"ModelAdvance", "ph":"E", "ts":"574930695", "pid":"1", "tid":"cice"},
{"name":"ModelAdvance", "ph":"B", "ts":"575126503", "pid":"1", "tid":"cice"},
{"name":"ModelAdvance", "ph":"E", "ts":"575583197", "pid":"1", "tid":"cice"},
{"name":"ModelAdvance", "ph":"B", "ts":"575782671", "pid":"1", "tid":"cice"},
{"name":"ModelAdvance", "ph":"E", "ts":"576247218", "pid":"1", "tid":"cice"},
{"name":"ModelAdvance", "ph":"B", "ts":"576470958", "pid":"1", "tid":"cice"},
{"name":"ModelAdvance", "ph":"E", "ts":"576936935", "pid":"1", "tid":"cice"},
{"name":"ModelAdvance", "ph":"B", "ts":"577193465", "pid":"1", "tid":"cice"},
{"name":"ModelAdvance", "ph":"E", "ts":"577661777", "pid":"1", "tid":"cice"},
{"name":"ModelAdvance", "ph":"B", "ts":"577889044", "pid":"1", "tid":"cice"},
{"name":"ModelAdvance", "ph":"E", "ts":"578354872", "pid":"1", "tid":"cice"},
{"name":"ModelAdvance", "ph":"B", "ts":"578610968", "pid":"1", "tid":"cice"},
{"name":"ModelAdvance", "ph":"E", "ts":"579082331", "pid":"1", "tid":"cice"},
{"name":"ModelAdvance", "ph":"B", "ts":"579351893", "pid":"1", "tid":"cice"},
{"name":"ModelAdvance", "ph":"E", "ts":"579816242", "pid":"1", "tid":"cice"},
{"name":"ModelAdvance", "ph":"B", "ts":"580052308", "pid":"1", "tid":"cice"},
{"name":"ModelAdvance", "ph":"E", "ts":"580524089", "pid":"1", "tid":"cice"},
{"name":"ModelAdvance", "ph":"B", "ts":"580722571", "pid":"1", "tid":"cice"},
{"name":"ModelAdvance", "ph":"E", "ts":"581184113", "pid":"1", "tid":"cice"},
{"name":"ModelAdvance", "ph":"B", "ts":"581392207", "pid":"1", "tid":"cice"},
{"name":"ModelAdvance", "ph":"E", "ts":"581853996", "pid":"1", "tid":"cice"},
{"name":"ModelAdvance", "ph":"B", "ts":"582110684", "pid":"1", "tid":"cice"},
{"name":"ModelAdvance", "ph":"E", "ts":"582579479", "pid":"1", "tid":"cice"},
{"name":"ModelAdvance", "ph":"B", "ts":"582790272", "pid":"1", "tid":"cice"},
{"name":"ModelAdvance", "ph":"E", "ts":"583267227", "pid":"1", "tid":"cice"},
{"name":"ModelAdvance", "ph":"B", "ts":"583502148", "pid":"1", "tid":"cice"},
{"name":"ModelAdvance", "ph":"E", "ts":"583967927", "pid":"1", "tid":"cice"},
{"name":"ModelAdvance", "ph":"B", "ts":"584232353", "pid":"1", "tid":"cice"},
{"name":"ModelAdvance", "ph":"E", "ts":"584696038", "pid":"1", "tid":"cice"},
{"name":"ModelAdvance", "ph":"B", "ts":"584907023", "pid":"1", "tid":"cice"},
{"name":"ModelAdvance", "ph":"E", "ts":"585392090", "pid":"1", "tid":"cice"},
{"name":"ModelAdvance", "ph":"B", "ts":"585573773", "pid":"1", "tid":"cice"},
{"name":"ModelAdvance", "ph":"E", "ts":"586037815", "pid":"1", "tid":"cice"},
{"name":"ModelAdvance", "ph":"B", "ts":"586283792", "pid":"1", "tid":"cice"},
{"name":"ModelAdvance", "ph":"E", "ts":"586756875", "pid":"1", "tid":"cice"},
{"name":"ModelAdvance", "ph":"B", "ts":"587019355", "pid":"1", "tid":"cice"},
{"name":"ModelAdvance", "ph":"E", "ts":"587489923", "pid":"1", "tid":"cice"},
{"name":"ModelAdvance", "ph":"B", "ts":"587758564", "pid":"1", "tid":"cice"},
{"name":"ModelAdvance", "ph":"E", "ts":"588228146", "pid":"1", "tid":"cice"},
{"name":"ModelAdvance", "ph":"B", "ts":"589117865", "pid":"1", "tid":"cice"},
{"name":"ModelAdvance", "ph":"E", "ts":"589590638", "pid":"1", "tid":"cice"},
{"name":"ModelAdvance", "ph":"B", "ts":"589809529", "pid":"1", "tid":"cice"},
{"name":"ModelAdvance", "ph":"E", "ts":"590275752", "pid":"1", "tid":"cice"},
{"name":"ModelAdvance", "ph":"B", "ts":"590470808", "pid":"1", "tid":"cice"},
{"name":"ModelAdvance", "ph":"E", "ts":"590937710", "pid":"1", "tid":"cice"},
{"name":"ModelAdvance", "ph":"B", "ts":"591127071", "pid":"1", "tid":"cice"},
{"name":"ModelAdvance", "ph":"E", "ts":"591593634", "pid":"1", "tid":"cice"},
{"name":"ModelAdvance", "ph":"B", "ts":"591844656", "pid":"1", "tid":"cice"},
{"name":"ModelAdvance", "ph":"E", "ts":"592313745", "pid":"1", "tid":"cice"},
{"name":"ModelAdvance", "ph":"B", "ts":"592523979", "pid":"1", "tid":"cice"},
{"name":"ModelAdvance", "ph":"E", "ts":"592978023", "pid":"1", "tid":"cice"},
{"name":"ModelAdvance", "ph":"B", "ts":"593244560", "pid":"1", "tid":"cice"},
{"name":"ModelAdvance", "ph":"E", "ts":"593703552", "pid":"1", "tid":"cice"},
{"name":"ModelAdvance", "ph":"B", "ts":"593958431", "pid":"1", "tid":"cice"},
{"name":"ModelAdvance", "ph":"E", "ts":"594420808", "pid":"1", "tid":"cice"},
{"name":"ModelAdvance", "ph":"B", "ts":"594651549", "pid":"1", "tid":"cice"},
{"name":"ModelAdvance", "ph":"E", "ts":"595112222", "pid":"1", "tid":"cice"},
{"name":"ModelAdvance", "ph":"B", "ts":"595371402", "pid":"1", "tid":"cice"},
{"name":"ModelAdvance", "ph":"E", "ts":"595851000", "pid":"1", "tid":"cice"},
{"name":"ModelAdvance", "ph":"B", "ts":"596035913", "pid":"1", "tid":"cice"},
{"name":"ModelAdvance", "ph":"E", "ts":"596506707", "pid":"1", "tid":"cice"},
{"name":"ModelAdvance", "ph":"B", "ts":"596776868", "pid":"1", "tid":"cice"},
{"name":"ModelAdvance", "ph":"E", "ts":"597243675", "pid":"1", "tid":"cice"},
{"name":"ModelAdvance", "ph":"B", "ts":"597476542", "pid":"1", "tid":"cice"},
{"name":"ModelAdvance", "ph":"E", "ts":"597934622", "pid":"1", "tid":"cice"},
{"name":"ModelAdvance", "ph":"B", "ts":"598138144", "pid":"1", "tid":"cice"},
{"name":"ModelAdvance", "ph":"E", "ts":"598611898", "pid":"1", "tid":"cice"},
{"name":"ModelAdvance", "ph":"B", "ts":"598825403", "pid":"1", "tid":"cice"},
{"name":"ModelAdvance", "ph":"E", "ts":"599297329", "pid":"1", "tid":"cice"},
{"name":"ModelAdvance", "ph":"B", "ts":"599499243", "pid":"1", "tid":"cice"},
{"name":"ModelAdvance", "ph":"E", "ts":"599968561", "pid":"1", "tid":"cice"},
{"name":"ModelAdvance", "ph":"B", "ts":"600223670", "pid":"1", "tid":"cice"},
{"name":"ModelAdvance", "ph":"E", "ts":"600685263", "pid":"1", "tid":"cice"},
{"name":"ModelAdvance", "ph":"B", "ts":"600884526", "pid":"1", "tid":"cice"},
{"name":"ModelAdvance", "ph":"E", "ts":"601346591", "pid":"1", "tid":"cice"},
{"name":"ModelAdvance", "ph":"B", "ts":"601555747", "pid":"1", "tid":"cice"},
{"name":"ModelAdvance", "ph":"E", "ts":"602018575", "pid":"1", "tid":"cice"},
{"name":"ModelAdvance", "ph":"B", "ts":"602222694", "pid":"1", "tid":"cice"},
{"name":"ModelAdvance", "ph":"E", "ts":"602693603", "pid":"1", "tid":"cice"},
{"name":"ModelAdvance", "ph":"B", "ts":"602893194", "pid":"1", "tid":"cice"},
{"name":"ModelAdvance", "ph":"E", "ts":"603356287", "pid":"1", "tid":"cice"},
{"name":"ModelAdvance", "ph":"B", "ts":"603582468", "pid":"1", "tid":"cice"},
{"name":"ModelAdvance", "ph":"E", "ts":"604047426", "pid":"1", "tid":"cice"},
{"name":"ModelAdvance", "ph":"B", "ts":"604308387", "pid":"1", "tid":"cice"},
{"name":"ModelAdvance", "ph":"E", "ts":"604767160", "pid":"1", "tid":"cice"},
{"name":"ModelAdvance", "ph":"B", "ts":"605055441", "pid":"1", "tid":"cice"},
{"name":"ModelAdvance", "ph":"E", "ts":"605517692", "pid":"1", "tid":"cice"},
{"name":"ModelAdvance", "ph":"B", "ts":"606314690", "pid":"1", "tid":"cice"},
{"name":"ModelAdvance", "ph":"E", "ts":"606780248", "pid":"1", "tid":"cice"},
{"name":"ModelAdvance", "ph":"B", "ts":"606975945", "pid":"1", "tid":"cice"},
{"name":"ModelAdvance", "ph":"E", "ts":"607439233", "pid":"1", "tid":"cice"},
{"name":"ModelAdvance", "ph":"B", "ts":"607649610", "pid":"1", "tid":"cice"},
{"name":"ModelAdvance", "ph":"E", "ts":"608117191", "pid":"1", "tid":"cice"},
{"name":"ModelAdvance", "ph":"B", "ts":"608370005", "pid":"1", "tid":"cice"},
{"name":"ModelAdvance", "ph":"E", "ts":"608832173", "pid":"1", "tid":"cice"},
{"name":"ModelAdvance", "ph":"B", "ts":"609078115", "pid":"1", "tid":"cice"},
{"name":"ModelAdvance", "ph":"E", "ts":"609545369", "pid":"1", "tid":"cice"},
{"name":"ModelAdvance", "ph":"B", "ts":"609812244", "pid":"1", "tid":"cice"},
{"name":"ModelAdvance", "ph":"E", "ts":"610276233", "pid":"1", "tid":"cice"},
{"name":"ModelAdvance", "ph":"B", "ts":"610476669", "pid":"1", "tid":"cice"},
{"name":"ModelAdvance", "ph":"E", "ts":"610944446", "pid":"1", "tid":"cice"},
{"name":"ModelAdvance", "ph":"B", "ts":"611190245", "pid":"1", "tid":"cice"},
{"name":"ModelAdvance", "ph":"E", "ts":"611647188", "pid":"1", "tid":"cice"},
{"name":"ModelAdvance", "ph":"B", "ts":"611859992", "pid":"1", "tid":"cice"},
{"name":"ModelAdvance", "ph":"E", "ts":"612315448", "pid":"1", "tid":"cice"},
{"name":"ModelAdvance", "ph":"B", "ts":"612528203", "pid":"1", "tid":"cice"},
{"name":"ModelAdvance", "ph":"E", "ts":"612999083", "pid":"1", "tid":"cice"},
{"name":"ModelAdvance", "ph":"B", "ts":"613211525", "pid":"1", "tid":"cice"},
{"name":"ModelAdvance", "ph":"E", "ts":"613682259", "pid":"1", "tid":"cice"},
{"name":"ModelAdvance", "ph":"B", "ts":"613955428", "pid":"1", "tid":"cice"},
{"name":"ModelAdvance", "ph":"E", "ts":"614427770", "pid":"1", "tid":"cice"},
{"name":"ModelAdvance", "ph":"B", "ts":"614659964", "pid":"1", "tid":"cice"},
{"name":"ModelAdvance", "ph":"E", "ts":"615118323", "pid":"1", "tid":"cice"},
{"name":"ModelAdvance", "ph":"B", "ts":"615350050", "pid":"1", "tid":"cice"},
{"name":"ModelAdvance", "ph":"E", "ts":"615807657", "pid":"1", "tid":"cice"},
{"name":"ModelAdvance", "ph":"B", "ts":"616065736", "pid":"1", "tid":"cice"},
{"name":"ModelAdvance", "ph":"E", "ts":"616523070", "pid":"1", "tid":"cice"},
{"name":"ModelAdvance", "ph":"B", "ts":"616723162", "pid":"1", "tid":"cice"},
{"name":"ModelAdvance", "ph":"E", "ts":"617203521", "pid":"1", "tid":"cice"},
{"name":"ModelAdvance", "ph":"B", "ts":"617397207", "pid":"1", "tid":"cice"},
{"name":"ModelAdvance", "ph":"E", "ts":"617854992", "pid":"1", "tid":"cice"},
{"name":"ModelAdvance", "ph":"B", "ts":"618074165", "pid":"1", "tid":"cice"},
{"name":"ModelAdvance", "ph":"E", "ts":"618537071", "pid":"1", "tid":"cice"},
{"name":"ModelAdvance", "ph":"B", "ts":"618769751", "pid":"1", "tid":"cice"},
{"name":"ModelAdvance", "ph":"E", "ts":"619227696", "pid":"1", "tid":"cice"},
{"name":"ModelAdvance", "ph":"B", "ts":"619492716", "pid":"1", "tid":"cice"},
{"name":"ModelAdvance", "ph":"E", "ts":"619963943", "pid":"1", "tid":"cice"},
{"name":"ModelAdvance", "ph":"B", "ts":"620173347", "pid":"1", "tid":"cice"},
{"name":"ModelAdvance", "ph":"E", "ts":"620639257", "pid":"1", "tid":"cice"},
{"name":"ModelAdvance", "ph":"B", "ts":"620894724", "pid":"1", "tid":"cice"},
{"name":"ModelAdvance", "ph":"E", "ts":"621358141", "pid":"1", "tid":"cice"},
{"name":"ModelAdvance", "ph":"B", "ts":"621625234", "pid":"1", "tid":"cice"},
{"name":"ModelAdvance", "ph":"E", "ts":"622084002", "pid":"1", "tid":"cice"},
{"name":"ModelAdvance", "ph":"B", "ts":"622322472", "pid":"1", "tid":"cice"},
{"name":"ModelAdvance", "ph":"E", "ts":"622781536", "pid":"1", "tid":"cice"},
{"name":"ModelAdvance", "ph":"B", "ts":"623682055", "pid":"1", "tid":"cice"},
{"name":"ModelAdvance", "ph":"E", "ts":"624144516", "pid":"1", "tid":"cice"},
{"name":"ModelAdvance", "ph":"B", "ts":"624403939", "pid":"1", "tid":"cice"},
{"name":"ModelAdvance", "ph":"E", "ts":"624873541", "pid":"1", "tid":"cice"},
{"name":"ModelAdvance", "ph":"B", "ts":"625141262", "pid":"1", "tid":"cice"},
{"name":"ModelAdvance", "ph":"E", "ts":"625608175", "pid":"1", "tid":"cice"},
{"name":"ModelAdvance", "ph":"B", "ts":"625838410", "pid":"1", "tid":"cice"},
{"name":"ModelAdvance", "ph":"E", "ts":"626296416", "pid":"1", "tid":"cice"},
{"name":"ModelAdvance", "ph":"B", "ts":"626554810", "pid":"1", "tid":"cice"},
{"name":"ModelAdvance", "ph":"E", "ts":"627012176", "pid":"1", "tid":"cice"},
{"name":"ModelAdvance", "ph":"B", "ts":"627272147", "pid":"1", "tid":"cice"},
{"name":"ModelAdvance", "ph":"E", "ts":"627743732", "pid":"1", "tid":"cice"},
{"name":"ModelAdvance", "ph":"B", "ts":"627960848", "pid":"1", "tid":"cice"},
{"name":"ModelAdvance", "ph":"E", "ts":"628428940", "pid":"1", "tid":"cice"},
{"name":"ModelAdvance", "ph":"B", "ts":"628695285", "pid":"1", "tid":"cice"},
{"name":"ModelAdvance", "ph":"E", "ts":"629155476", "pid":"1", "tid":"cice"},
{"name":"ModelAdvance", "ph":"B", "ts":"629433545", "pid":"1", "tid":"cice"},
{"name":"ModelAdvance", "ph":"E", "ts":"629891324", "pid":"1", "tid":"cice"},
{"name":"ModelAdvance", "ph":"B", "ts":"630158614", "pid":"1", "tid":"cice"},
{"name":"ModelAdvance", "ph":"E", "ts":"630620282", "pid":"1", "tid":"cice"},
{"name":"ModelAdvance", "ph":"B", "ts":"630842977", "pid":"1", "tid":"cice"},
{"name":"ModelAdvance", "ph":"E", "ts":"631307683", "pid":"1", "tid":"cice"},
{"name":"ModelAdvance", "ph":"B", "ts":"631557397", "pid":"1", "tid":"cice"},
{"name":"ModelAdvance", "ph":"E", "ts":"632014864", "pid":"1", "tid":"cice"},
{"name":"ModelAdvance", "ph":"B", "ts":"632272201", "pid":"1", "tid":"cice"},
{"name":"ModelAdvance", "ph":"E", "ts":"632741337", "pid":"1", "tid":"cice"},
{"name":"ModelAdvance", "ph":"B", "ts":"632959258", "pid":"1", "tid":"cice"},
{"name":"ModelAdvance", "ph":"E", "ts":"633423034", "pid":"1", "tid":"cice"},
{"name":"ModelAdvance", "ph":"B", "ts":"633696684", "pid":"1", "tid":"cice"},
{"name":"ModelAdvance", "ph":"E", "ts":"634160388", "pid":"1", "tid":"cice"},
{"name":"ModelAdvance", "ph":"B", "ts":"634401589", "pid":"1", "tid":"cice"},
{"name":"ModelAdvance", "ph":"E", "ts":"634862998", "pid":"1", "tid":"cice"},
{"name":"ModelAdvance", "ph":"B", "ts":"635137555", "pid":"1", "tid":"cice"},
{"name":"ModelAdvance", "ph":"E", "ts":"635596557", "pid":"1", "tid":"cice"},
{"name":"ModelAdvance", "ph":"B", "ts":"635871487", "pid":"1", "tid":"cice"},
{"name":"ModelAdvance", "ph":"E", "ts":"636335033", "pid":"1", "tid":"cice"},
{"name":"ModelAdvance", "ph":"B", "ts":"636557683", "pid":"1", "tid":"cice"},
{"name":"ModelAdvance", "ph":"E", "ts":"637021726", "pid":"1", "tid":"cice"},
{"name":"ModelAdvance", "ph":"B", "ts":"637250009", "pid":"1", "tid":"cice"},
{"name":"ModelAdvance", "ph":"E", "ts":"637708069", "pid":"1", "tid":"cice"},
{"name":"ModelAdvance", "ph":"B", "ts":"637967585", "pid":"1", "tid":"cice"},
{"name":"ModelAdvance", "ph":"E", "ts":"638429418", "pid":"1", "tid":"cice"},
{"name":"ModelAdvance", "ph":"B", "ts":"638703372", "pid":"1", "tid":"cice"},
{"name":"ModelAdvance", "ph":"E", "ts":"639159935", "pid":"1", "tid":"cice"},
{"name":"ModelAdvance", "ph":"B", "ts":"639446264", "pid":"1", "tid":"cice"},
{"name":"ModelAdvance", "ph":"E", "ts":"639901055", "pid":"1", "tid":"cice"},
{"name":"ModelAdvance", "ph":"B", "ts":"640151970", "pid":"1", "tid":"cice"},
{"name":"ModelAdvance", "ph":"E", "ts":"640612053", "pid":"1", "tid":"cice"},
{"name":"ModelAdvance", "ph":"B", "ts":"641516157", "pid":"1", "tid":"cice"},
{"name":"ModelAdvance", "ph":"E", "ts":"641979262", "pid":"1", "tid":"cice"},
{"name":"ModelAdvance", "ph":"B", "ts":"642209552", "pid":"1", "tid":"cice"},
{"name":"ModelAdvance", "ph":"E", "ts":"642670745", "pid":"1", "tid":"cice"},
{"name":"ModelAdvance", "ph":"B", "ts":"642923099", "pid":"1", "tid":"cice"},
{"name":"ModelAdvance", "ph":"E", "ts":"643386362", "pid":"1", "tid":"cice"},
{"name":"ModelAdvance", "ph":"B", "ts":"643648720", "pid":"1", "tid":"cice"},
{"name":"ModelAdvance", "ph":"E", "ts":"644116213", "pid":"1", "tid":"cice"},
{"name":"ModelAdvance", "ph":"B", "ts":"644319770", "pid":"1", "tid":"cice"},
{"name":"ModelAdvance", "ph":"E", "ts":"644778181", "pid":"1", "tid":"cice"},
{"name":"ModelAdvance", "ph":"B", "ts":"644986803", "pid":"1", "tid":"cice"},
{"name":"ModelAdvance", "ph":"E", "ts":"645448512", "pid":"1", "tid":"cice"},
{"name":"ModelAdvance", "ph":"B", "ts":"645653422", "pid":"1", "tid":"cice"},
{"name":"ModelAdvance", "ph":"E", "ts":"646108019", "pid":"1", "tid":"cice"},
{"name":"ModelAdvance", "ph":"B", "ts":"646348996", "pid":"1", "tid":"cice"},
{"name":"ModelAdvance", "ph":"E", "ts":"646807972", "pid":"1", "tid":"cice"},
{"name":"ModelAdvance", "ph":"B", "ts":"647004169", "pid":"1", "tid":"cice"},
{"name":"ModelAdvance", "ph":"E", "ts":"647468600", "pid":"1", "tid":"cice"},
{"name":"ModelAdvance", "ph":"B", "ts":"647718419", "pid":"1", "tid":"cice"},
{"name":"ModelAdvance", "ph":"E", "ts":"648180562", "pid":"1", "tid":"cice"},
{"name":"ModelAdvance", "ph":"B", "ts":"648379455", "pid":"1", "tid":"cice"},
{"name":"ModelAdvance", "ph":"E", "ts":"648839968", "pid":"1", "tid":"cice"},
{"name":"ModelAdvance", "ph":"B", "ts":"649070839", "pid":"1", "tid":"cice"},
{"name":"ModelAdvance", "ph":"E", "ts":"649526146", "pid":"1", "tid":"cice"},
{"name":"ModelAdvance", "ph":"B", "ts":"649746236", "pid":"1", "tid":"cice"},
{"name":"ModelAdvance", "ph":"E", "ts":"650206102", "pid":"1", "tid":"cice"},
{"name":"ModelAdvance", "ph":"B", "ts":"650428797", "pid":"1", "tid":"cice"},
{"name":"ModelAdvance", "ph":"E", "ts":"650890984", "pid":"1", "tid":"cice"},
{"name":"ModelAdvance", "ph":"B", "ts":"651108659", "pid":"1", "tid":"cice"},
{"name":"ModelAdvance", "ph":"E", "ts":"651575440", "pid":"1", "tid":"cice"},
{"name":"ModelAdvance", "ph":"B", "ts":"651788718", "pid":"1", "tid":"cice"},
{"name":"ModelAdvance", "ph":"E", "ts":"652255365", "pid":"1", "tid":"cice"},
{"name":"ModelAdvance", "ph":"B", "ts":"652498784", "pid":"1", "tid":"cice"},
{"name":"ModelAdvance", "ph":"E", "ts":"652959159", "pid":"1", "tid":"cice"},
{"name":"ModelAdvance", "ph":"B", "ts":"653214150", "pid":"1", "tid":"cice"},
{"name":"ModelAdvance", "ph":"E", "ts":"653681042", "pid":"1", "tid":"cice"},
{"name":"ModelAdvance", "ph":"B", "ts":"653894421", "pid":"1", "tid":"cice"},
{"name":"ModelAdvance", "ph":"E", "ts":"654356513", "pid":"1", "tid":"cice"},
{"name":"ModelAdvance", "ph":"B", "ts":"654608271", "pid":"1", "tid":"cice"},
{"name":"ModelAdvance", "ph":"E", "ts":"655073770", "pid":"1", "tid":"cice"},
{"name":"ModelAdvance", "ph":"B", "ts":"655287387", "pid":"1", "tid":"cice"},
{"name":"ModelAdvance", "ph":"E", "ts":"655750977", "pid":"1", "tid":"cice"},
{"name":"ModelAdvance", "ph":"B", "ts":"655951623", "pid":"1", "tid":"cice"},
{"name":"ModelAdvance", "ph":"E", "ts":"656415691", "pid":"1", "tid":"cice"},
{"name":"ModelAdvance", "ph":"B", "ts":"656623018", "pid":"1", "tid":"cice"},
{"name":"ModelAdvance", "ph":"E", "ts":"657208295", "pid":"1", "tid":"cice"},
{"name":"ModelAdvance", "ph":"B", "ts":"657330621", "pid":"1", "tid":"cice"},
{"name":"ModelAdvance", "ph":"E", "ts":"657795608", "pid":"1", "tid":"cice"},
{"name":"ModelAdvance", "ph":"B", "ts":"658689434", "pid":"1", "tid":"cice"},
{"name":"ModelAdvance", "ph":"E", "ts":"659163125", "pid":"1", "tid":"cice"},
{"name":"ModelAdvance", "ph":"B", "ts":"659406386", "pid":"1", "tid":"cice"},
{"name":"ModelAdvance", "ph":"E", "ts":"659873653", "pid":"1", "tid":"cice"},
{"name":"ModelAdvance", "ph":"B", "ts":"660072030", "pid":"1", "tid":"cice"},
{"name":"ModelAdvance", "ph":"E", "ts":"660533410", "pid":"1", "tid":"cice"},
{"name":"ModelAdvance", "ph":"B", "ts":"660741381", "pid":"1", "tid":"cice"},
{"name":"ModelAdvance", "ph":"E", "ts":"661201021", "pid":"1", "tid":"cice"},
{"name":"ModelAdvance", "ph":"B", "ts":"661473447", "pid":"1", "tid":"cice"},
{"name":"ModelAdvance", "ph":"E", "ts":"661936463", "pid":"1", "tid":"cice"},
{"name":"ModelAdvance", "ph":"B", "ts":"662179685", "pid":"1", "tid":"cice"},
{"name":"ModelAdvance", "ph":"E", "ts":"662652239", "pid":"1", "tid":"cice"},
{"name":"ModelAdvance", "ph":"B", "ts":"662844130", "pid":"1", "tid":"cice"},
{"name":"ModelAdvance", "ph":"E", "ts":"663298672", "pid":"1", "tid":"cice"},
{"name":"ModelAdvance", "ph":"B", "ts":"663513028", "pid":"1", "tid":"cice"},
{"name":"ModelAdvance", "ph":"E", "ts":"663974433", "pid":"1", "tid":"cice"},
{"name":"ModelAdvance", "ph":"B", "ts":"664165124", "pid":"1", "tid":"cice"},
{"name":"ModelAdvance", "ph":"E", "ts":"664631914", "pid":"1", "tid":"cice"},
{"name":"ModelAdvance", "ph":"B", "ts":"664822438", "pid":"1", "tid":"cice"},
{"name":"ModelAdvance", "ph":"E", "ts":"665284631", "pid":"1", "tid":"cice"},
{"name":"ModelAdvance", "ph":"B", "ts":"665470245", "pid":"1", "tid":"cice"},
{"name":"ModelAdvance", "ph":"E", "ts":"665929855", "pid":"1", "tid":"cice"},
{"name":"ModelAdvance", "ph":"B", "ts":"666145523", "pid":"1", "tid":"cice"},
{"name":"ModelAdvance", "ph":"E", "ts":"666605040", "pid":"1", "tid":"cice"},
{"name":"ModelAdvance", "ph":"B", "ts":"666795049", "pid":"1", "tid":"cice"},
{"name":"ModelAdvance", "ph":"E", "ts":"667255461", "pid":"1", "tid":"cice"},
{"name":"ModelAdvance", "ph":"B", "ts":"667437222", "pid":"1", "tid":"cice"},
{"name":"ModelAdvance", "ph":"E", "ts":"667903291", "pid":"1", "tid":"cice"},
{"name":"ModelAdvance", "ph":"B", "ts":"668074970", "pid":"1", "tid":"cice"},
{"name":"ModelAdvance", "ph":"E", "ts":"668533871", "pid":"1", "tid":"cice"},
{"name":"ModelAdvance", "ph":"B", "ts":"668713938", "pid":"1", "tid":"cice"},
{"name":"ModelAdvance", "ph":"E", "ts":"669185023", "pid":"1", "tid":"cice"},
{"name":"ModelAdvance", "ph":"B", "ts":"669364411", "pid":"1", "tid":"cice"},
{"name":"ModelAdvance", "ph":"E", "ts":"669829404", "pid":"1", "tid":"cice"},
{"name":"ModelAdvance", "ph":"B", "ts":"670002726", "pid":"1", "tid":"cice"},
{"name":"ModelAdvance", "ph":"E", "ts":"670472081", "pid":"1", "tid":"cice"},
{"name":"ModelAdvance", "ph":"B", "ts":"670636516", "pid":"1", "tid":"cice"},
{"name":"ModelAdvance", "ph":"E", "ts":"671099456", "pid":"1", "tid":"cice"},
{"name":"ModelAdvance", "ph":"B", "ts":"671269137", "pid":"1", "tid":"cice"},
{"name":"ModelAdvance", "ph":"E", "ts":"671732822", "pid":"1", "tid":"cice"},
{"name":"ModelAdvance", "ph":"B", "ts":"671900168", "pid":"1", "tid":"cice"},
{"name":"ModelAdvance", "ph":"E", "ts":"672361730", "pid":"1", "tid":"cice"},
{"name":"ModelAdvance", "ph":"B", "ts":"672541402", "pid":"1", "tid":"cice"},
{"name":"ModelAdvance", "ph":"E", "ts":"672999964", "pid":"1", "tid":"cice"},
{"name":"ModelAdvance", "ph":"B", "ts":"673179484", "pid":"1", "tid":"cice"},
{"name":"ModelAdvance", "ph":"E", "ts":"673639412", "pid":"1", "tid":"cice"},
{"name":"ModelAdvance", "ph":"B", "ts":"673834897", "pid":"1", "tid":"cice"},
{"name":"ModelAdvance", "ph":"E", "ts":"674299614", "pid":"1", "tid":"cice"},
{"name":"ModelAdvance", "ph":"B", "ts":"675114043", "pid":"1", "tid":"cice"},
{"name":"ModelAdvance", "ph":"E", "ts":"675576430", "pid":"1", "tid":"cice"},
{"name":"ModelAdvance", "ph":"B", "ts":"675744700", "pid":"1", "tid":"cice"},
{"name":"ModelAdvance", "ph":"E", "ts":"676210802", "pid":"1", "tid":"cice"},
{"name":"ModelAdvance", "ph":"B", "ts":"676392598", "pid":"1", "tid":"cice"},
{"name":"ModelAdvance", "ph":"E", "ts":"676857842", "pid":"1", "tid":"cice"},
{"name":"ModelAdvance", "ph":"B", "ts":"677034883", "pid":"1", "tid":"cice"},
{"name":"ModelAdvance", "ph":"E", "ts":"677497360", "pid":"1", "tid":"cice"},
{"name":"ModelAdvance", "ph":"B", "ts":"677673291", "pid":"1", "tid":"cice"},
{"name":"ModelAdvance", "ph":"E", "ts":"678139500", "pid":"1", "tid":"cice"},
{"name":"ModelAdvance", "ph":"B", "ts":"678300570", "pid":"1", "tid":"cice"},
{"name":"ModelAdvance", "ph":"E", "ts":"678767997", "pid":"1", "tid":"cice"},
{"name":"ModelAdvance", "ph":"B", "ts":"678937187", "pid":"1", "tid":"cice"},
{"name":"ModelAdvance", "ph":"E", "ts":"679399946", "pid":"1", "tid":"cice"},
{"name":"ModelAdvance", "ph":"B", "ts":"679577017", "pid":"1", "tid":"cice"},
{"name":"ModelAdvance", "ph":"E", "ts":"680047487", "pid":"1", "tid":"cice"},
{"name":"ModelAdvance", "ph":"B", "ts":"680207648", "pid":"1", "tid":"cice"},
{"name":"ModelAdvance", "ph":"E", "ts":"680668832", "pid":"1", "tid":"cice"},
{"name":"ModelAdvance", "ph":"B", "ts":"680841485", "pid":"1", "tid":"cice"},
{"name":"ModelAdvance", "ph":"E", "ts":"681304840", "pid":"1", "tid":"cice"},
{"name":"ModelAdvance", "ph":"B", "ts":"681468952", "pid":"1", "tid":"cice"},
{"name":"ModelAdvance", "ph":"E", "ts":"681926042", "pid":"1", "tid":"cice"},
{"name":"ModelAdvance", "ph":"B", "ts":"682121547", "pid":"1", "tid":"cice"},
{"name":"ModelAdvance", "ph":"E", "ts":"682592196", "pid":"1", "tid":"cice"},
{"name":"ModelAdvance", "ph":"B", "ts":"682749976", "pid":"1", "tid":"cice"},
{"name":"ModelAdvance", "ph":"E", "ts":"683207051", "pid":"1", "tid":"cice"},
{"name":"ModelAdvance", "ph":"B", "ts":"683380895", "pid":"1", "tid":"cice"},
{"name":"ModelAdvance", "ph":"E", "ts":"683835662", "pid":"1", "tid":"cice"},
{"name":"ModelAdvance", "ph":"B", "ts":"684080566", "pid":"1", "tid":"cice"},
{"name":"ModelAdvance", "ph":"E", "ts":"684535891", "pid":"1", "tid":"cice"},
{"name":"ModelAdvance", "ph":"B", "ts":"684707944", "pid":"1", "tid":"cice"},
{"name":"ModelAdvance", "ph":"E", "ts":"685170573", "pid":"1", "tid":"cice"},
{"name":"ModelAdvance", "ph":"B", "ts":"685341688", "pid":"1", "tid":"cice"},
{"name":"ModelAdvance", "ph":"E", "ts":"685805974", "pid":"1", "tid":"cice"},
{"name":"ModelAdvance", "ph":"B", "ts":"685971784", "pid":"1", "tid":"cice"},
{"name":"ModelAdvance", "ph":"E", "ts":"686431199", "pid":"1", "tid":"cice"},
{"name":"ModelAdvance", "ph":"B", "ts":"686599125", "pid":"1", "tid":"cice"},
{"name":"ModelAdvance", "ph":"E", "ts":"687061030", "pid":"1", "tid":"cice"},
{"name":"ModelAdvance", "ph":"B", "ts":"687225677", "pid":"1", "tid":"cice"},
{"name":"ModelAdvance", "ph":"E", "ts":"687681822", "pid":"1", "tid":"cice"},
{"name":"ModelAdvance", "ph":"B", "ts":"687851215", "pid":"1", "tid":"cice"},
{"name":"ModelAdvance", "ph":"E", "ts":"688311728", "pid":"1", "tid":"cice"},
{"name":"ModelAdvance", "ph":"B", "ts":"688477644", "pid":"1", "tid":"cice"},
{"name":"ModelAdvance", "ph":"E", "ts":"688943443", "pid":"1", "tid":"cice"},
{"name":"ModelAdvance", "ph":"B", "ts":"689105060", "pid":"1", "tid":"cice"},
{"name":"ModelAdvance", "ph":"E", "ts":"689568084", "pid":"1", "tid":"cice"},
{"name":"ModelAdvance", "ph":"B", "ts":"689763801", "pid":"1", "tid":"cice"},
{"name":"ModelAdvance", "ph":"E", "ts":"690236445", "pid":"1", "tid":"cice"},
{"name":"ModelAdvance", "ph":"B", "ts":"691062446", "pid":"1", "tid":"cice"},
{"name":"ModelAdvance", "ph":"E", "ts":"691525417", "pid":"1", "tid":"cice"},
{"name":"ModelAdvance", "ph":"B", "ts":"691687474", "pid":"1", "tid":"cice"},
{"name":"ModelAdvance", "ph":"E", "ts":"692153556", "pid":"1", "tid":"cice"},
{"name":"ModelAdvance", "ph":"B", "ts":"692323518", "pid":"1", "tid":"cice"},
{"name":"ModelAdvance", "ph":"E", "ts":"692780877", "pid":"1", "tid":"cice"},
{"name":"ModelAdvance", "ph":"B", "ts":"692955107", "pid":"1", "tid":"cice"},
{"name":"ModelAdvance", "ph":"E", "ts":"693411694", "pid":"1", "tid":"cice"},
{"name":"ModelAdvance", "ph":"B", "ts":"693591739", "pid":"1", "tid":"cice"},
{"name":"ModelAdvance", "ph":"E", "ts":"694056567", "pid":"1", "tid":"cice"},
{"name":"ModelAdvance", "ph":"B", "ts":"694219814", "pid":"1", "tid":"cice"},
{"name":"ModelAdvance", "ph":"E", "ts":"694681376", "pid":"1", "tid":"cice"},
{"name":"ModelAdvance", "ph":"B", "ts":"694847931", "pid":"1", "tid":"cice"},
{"name":"ModelAdvance", "ph":"E", "ts":"695311303", "pid":"1", "tid":"cice"},
{"name":"ModelAdvance", "ph":"B", "ts":"695487994", "pid":"1", "tid":"cice"},
{"name":"ModelAdvance", "ph":"E", "ts":"695964660", "pid":"1", "tid":"cice"},
{"name":"ModelAdvance", "ph":"B", "ts":"696126126", "pid":"1", "tid":"cice"},
{"name":"ModelAdvance", "ph":"E", "ts":"696598739", "pid":"1", "tid":"cice"},
{"name":"ModelAdvance", "ph":"B", "ts":"696756206", "pid":"1", "tid":"cice"},
{"name":"ModelAdvance", "ph":"E", "ts":"697219641", "pid":"1", "tid":"cice"},
{"name":"ModelAdvance", "ph":"B", "ts":"697377305", "pid":"1", "tid":"cice"},
{"name":"ModelAdvance", "ph":"E", "ts":"697837577", "pid":"1", "tid":"cice"},
{"name":"ModelAdvance", "ph":"B", "ts":"698043215", "pid":"1", "tid":"cice"},
{"name":"ModelAdvance", "ph":"E", "ts":"698510928", "pid":"1", "tid":"cice"},
{"name":"ModelAdvance", "ph":"B", "ts":"698686576", "pid":"1", "tid":"cice"},
{"name":"ModelAdvance", "ph":"E", "ts":"699152014", "pid":"1", "tid":"cice"},
{"name":"ModelAdvance", "ph":"B", "ts":"699336162", "pid":"1", "tid":"cice"},
{"name":"ModelAdvance", "ph":"E", "ts":"699800889", "pid":"1", "tid":"cice"},
{"name":"ModelAdvance", "ph":"B", "ts":"699977975", "pid":"1", "tid":"cice"},
{"name":"ModelAdvance", "ph":"E", "ts":"700441848", "pid":"1", "tid":"cice"},
{"name":"ModelAdvance", "ph":"B", "ts":"700615721", "pid":"1", "tid":"cice"},
{"name":"ModelAdvance", "ph":"E", "ts":"701073548", "pid":"1", "tid":"cice"},
{"name":"ModelAdvance", "ph":"B", "ts":"701257521", "pid":"1", "tid":"cice"},
{"name":"ModelAdvance", "ph":"E", "ts":"701729311", "pid":"1", "tid":"cice"},
{"name":"ModelAdvance", "ph":"B", "ts":"701898544", "pid":"1", "tid":"cice"},
{"name":"ModelAdvance", "ph":"E", "ts":"702363099", "pid":"1", "tid":"cice"},
{"name":"ModelAdvance", "ph":"B", "ts":"702539144", "pid":"1", "tid":"cice"},
{"name":"ModelAdvance", "ph":"E", "ts":"703006133", "pid":"1", "tid":"cice"},
{"name":"ModelAdvance", "ph":"B", "ts":"703173821", "pid":"1", "tid":"cice"},
{"name":"ModelAdvance", "ph":"E", "ts":"703636009", "pid":"1", "tid":"cice"},
{"name":"ModelAdvance", "ph":"B", "ts":"703811569", "pid":"1", "tid":"cice"},
{"name":"ModelAdvance", "ph":"E", "ts":"704279023", "pid":"1", "tid":"cice"},
{"name":"ModelAdvance", "ph":"B", "ts":"704446630", "pid":"1", "tid":"cice"},
{"name":"ModelAdvance", "ph":"E", "ts":"704917182", "pid":"1", "tid":"cice"},
{"name":"ModelAdvance", "ph":"B", "ts":"705081099", "pid":"1", "tid":"cice"},
{"name":"ModelAdvance", "ph":"E", "ts":"705550006", "pid":"1", "tid":"cice"},
{"name":"ModelAdvance", "ph":"B", "ts":"705791685", "pid":"1", "tid":"cice"},
{"name":"ModelAdvance", "ph":"E", "ts":"706268902", "pid":"1", "tid":"cice"},
{"name":"ModelAdvance", "ph":"B", "ts":"707089121", "pid":"1", "tid":"cice"},
{"name":"ModelAdvance", "ph":"E", "ts":"707567272", "pid":"1", "tid":"cice"},
{"name":"ModelAdvance", "ph":"B", "ts":"707789315", "pid":"1", "tid":"cice"},
{"name":"ModelAdvance", "ph":"E", "ts":"708259034", "pid":"1", "tid":"cice"},
{"name":"ModelAdvance", "ph":"B", "ts":"708443342", "pid":"1", "tid":"cice"},
{"name":"ModelAdvance", "ph":"E", "ts":"708905018", "pid":"1", "tid":"cice"},
{"name":"ModelAdvance", "ph":"B", "ts":"709085737", "pid":"1", "tid":"cice"},
{"name":"ModelAdvance", "ph":"E", "ts":"709547383", "pid":"1", "tid":"cice"},
{"name":"ModelAdvance", "ph":"B", "ts":"709778520", "pid":"1", "tid":"cice"},
{"name":"ModelAdvance", "ph":"E", "ts":"710248026", "pid":"1", "tid":"cice"},
{"name":"ModelAdvance", "ph":"B", "ts":"710428918", "pid":"1", "tid":"cice"},
{"name":"ModelAdvance", "ph":"E", "ts":"710896225", "pid":"1", "tid":"cice"},
{"name":"ModelAdvance", "ph":"B", "ts":"711075520", "pid":"1", "tid":"cice"},
{"name":"ModelAdvance", "ph":"E", "ts":"711537316", "pid":"1", "tid":"cice"},
{"name":"ModelAdvance", "ph":"B", "ts":"711720275", "pid":"1", "tid":"cice"},
{"name":"ModelAdvance", "ph":"E", "ts":"712188655", "pid":"1", "tid":"cice"},
{"name":"ModelAdvance", "ph":"B", "ts":"712352798", "pid":"1", "tid":"cice"},
{"name":"ModelAdvance", "ph":"E", "ts":"712825576", "pid":"1", "tid":"cice"},
{"name":"ModelAdvance", "ph":"B", "ts":"712986926", "pid":"1", "tid":"cice"},
{"name":"ModelAdvance", "ph":"E", "ts":"713452445", "pid":"1", "tid":"cice"},
{"name":"ModelAdvance", "ph":"B", "ts":"713618941", "pid":"1", "tid":"cice"},
{"name":"ModelAdvance", "ph":"E", "ts":"714092772", "pid":"1", "tid":"cice"},
{"name":"ModelAdvance", "ph":"B", "ts":"714299401", "pid":"1", "tid":"cice"},
{"name":"ModelAdvance", "ph":"E", "ts":"714764258", "pid":"1", "tid":"cice"},
{"name":"ModelAdvance", "ph":"B", "ts":"714937439", "pid":"1", "tid":"cice"},
{"name":"ModelAdvance", "ph":"E", "ts":"715401667", "pid":"1", "tid":"cice"},
{"name":"ModelAdvance", "ph":"B", "ts":"715573714", "pid":"1", "tid":"cice"},
{"name":"ModelAdvance", "ph":"E", "ts":"716035470", "pid":"1", "tid":"cice"},
{"name":"ModelAdvance", "ph":"B", "ts":"716210159", "pid":"1", "tid":"cice"},
{"name":"ModelAdvance", "ph":"E", "ts":"716667538", "pid":"1", "tid":"cice"},
{"name":"ModelAdvance", "ph":"B", "ts":"716851785", "pid":"1", "tid":"cice"},
{"name":"ModelAdvance", "ph":"E", "ts":"717322350", "pid":"1", "tid":"cice"},
{"name":"ModelAdvance", "ph":"B", "ts":"717488818", "pid":"1", "tid":"cice"},
{"name":"ModelAdvance", "ph":"E", "ts":"717964827", "pid":"1", "tid":"cice"},
{"name":"ModelAdvance", "ph":"B", "ts":"718125016", "pid":"1", "tid":"cice"},
{"name":"ModelAdvance", "ph":"E", "ts":"718591369", "pid":"1", "tid":"cice"},
{"name":"ModelAdvance", "ph":"B", "ts":"718775195", "pid":"1", "tid":"cice"},
{"name":"ModelAdvance", "ph":"E", "ts":"719241679", "pid":"1", "tid":"cice"},
{"name":"ModelAdvance", "ph":"B", "ts":"719416088", "pid":"1", "tid":"cice"},
{"name":"ModelAdvance", "ph":"E", "ts":"719886335", "pid":"1", "tid":"cice"},
{"name":"ModelAdvance", "ph":"B", "ts":"720060899", "pid":"1", "tid":"cice"},
{"name":"ModelAdvance", "ph":"E", "ts":"720518169", "pid":"1", "tid":"cice"},
{"name":"ModelAdvance", "ph":"B", "ts":"720689133", "pid":"1", "tid":"cice"},
{"name":"ModelAdvance", "ph":"E", "ts":"721160545", "pid":"1", "tid":"cice"},
{"name":"ModelAdvance", "ph":"B", "ts":"721332408", "pid":"1", "tid":"cice"},
{"name":"ModelAdvance", "ph":"E", "ts":"721800553", "pid":"1", "tid":"cice"},
{"name":"ModelAdvance", "ph":"B", "ts":"721989183", "pid":"1", "tid":"cice"},
{"name":"ModelAdvance", "ph":"E", "ts":"722466795", "pid":"1", "tid":"cice"},
{"name":"ModelAdvance", "ph":"B", "ts":"723422628", "pid":"1", "tid":"cice"},
{"name":"ModelAdvance", "ph":"E", "ts":"723898593", "pid":"1", "tid":"cice"},
{"name":"ModelAdvance", "ph":"B", "ts":"724066284", "pid":"1", "tid":"cice"},
{"name":"ModelAdvance", "ph":"E", "ts":"724532165", "pid":"1", "tid":"cice"},
{"name":"ModelAdvance", "ph":"B", "ts":"724719954", "pid":"1", "tid":"cice"},
{"name":"ModelAdvance", "ph":"E", "ts":"725191067", "pid":"1", "tid":"cice"},
{"name":"ModelAdvance", "ph":"B", "ts":"725356937", "pid":"1", "tid":"cice"},
{"name":"ModelAdvance", "ph":"E", "ts":"725821231", "pid":"1", "tid":"cice"},
{"name":"ModelAdvance", "ph":"B", "ts":"726000452", "pid":"1", "tid":"cice"},
{"name":"ModelAdvance", "ph":"E", "ts":"726463461", "pid":"1", "tid":"cice"},
{"name":"ModelAdvance", "ph":"B", "ts":"726631723", "pid":"1", "tid":"cice"},
{"name":"ModelAdvance", "ph":"E", "ts":"727098550", "pid":"1", "tid":"cice"},
{"name":"ModelAdvance", "ph":"B", "ts":"727270226", "pid":"1", "tid":"cice"},
{"name":"ModelAdvance", "ph":"E", "ts":"727731452", "pid":"1", "tid":"cice"},
{"name":"ModelAdvance", "ph":"B", "ts":"727906693", "pid":"1", "tid":"cice"},
{"name":"ModelAdvance", "ph":"E", "ts":"728367703", "pid":"1", "tid":"cice"},
{"name":"ModelAdvance", "ph":"B", "ts":"728547064", "pid":"1", "tid":"cice"},
{"name":"ModelAdvance", "ph":"E", "ts":"729009043", "pid":"1", "tid":"cice"},
{"name":"ModelAdvance", "ph":"B", "ts":"729170180", "pid":"1", "tid":"cice"},
{"name":"ModelAdvance", "ph":"E", "ts":"729639528", "pid":"1", "tid":"cice"},
{"name":"ModelAdvance", "ph":"B", "ts":"729812393", "pid":"1", "tid":"cice"},
{"name":"ModelAdvance", "ph":"E", "ts":"730279363", "pid":"1", "tid":"cice"},
{"name":"ModelAdvance", "ph":"B", "ts":"730465241", "pid":"1", "tid":"cice"},
{"name":"ModelAdvance", "ph":"E", "ts":"730937014", "pid":"1", "tid":"cice"},
{"name":"ModelAdvance", "ph":"B", "ts":"731087130", "pid":"1", "tid":"cice"},
{"name":"ModelAdvance", "ph":"E", "ts":"731552234", "pid":"1", "tid":"cice"},
{"name":"ModelAdvance", "ph":"B", "ts":"731727715", "pid":"1", "tid":"cice"},
{"name":"ModelAdvance", "ph":"E", "ts":"732199659", "pid":"1", "tid":"cice"},
{"name":"ModelAdvance", "ph":"B", "ts":"732354530", "pid":"1", "tid":"cice"},
{"name":"ModelAdvance", "ph":"E", "ts":"732814840", "pid":"1", "tid":"cice"},
{"name":"ModelAdvance", "ph":"B", "ts":"732983394", "pid":"1", "tid":"cice"},
{"name":"ModelAdvance", "ph":"E", "ts":"733465152", "pid":"1", "tid":"cice"},
{"name":"ModelAdvance", "ph":"B", "ts":"733622688", "pid":"1", "tid":"cice"},
{"name":"ModelAdvance", "ph":"E", "ts":"734082725", "pid":"1", "tid":"cice"},
{"name":"ModelAdvance", "ph":"B", "ts":"734251836", "pid":"1", "tid":"cice"},
{"name":"ModelAdvance", "ph":"E", "ts":"734718933", "pid":"1", "tid":"cice"},
{"name":"ModelAdvance", "ph":"B", "ts":"734881549", "pid":"1", "tid":"cice"},
{"name":"ModelAdvance", "ph":"E", "ts":"735347185", "pid":"1", "tid":"cice"},
{"name":"ModelAdvance", "ph":"B", "ts":"735519384", "pid":"1", "tid":"cice"},
{"name":"ModelAdvance", "ph":"E", "ts":"735985469", "pid":"1", "tid":"cice"},
{"name":"ModelAdvance", "ph":"B", "ts":"736155859", "pid":"1", "tid":"cice"},
{"name":"ModelAdvance", "ph":"E", "ts":"736622893", "pid":"1", "tid":"cice"},
{"name":"ModelAdvance", "ph":"B", "ts":"736779875", "pid":"1", "tid":"cice"},
{"name":"ModelAdvance", "ph":"E", "ts":"737245313", "pid":"1", "tid":"cice"},
{"name":"ModelAdvance", "ph":"B", "ts":"737413426", "pid":"1", "tid":"cice"},
{"name":"ModelAdvance", "ph":"E", "ts":"737884334", "pid":"1", "tid":"cice"},
{"name":"ModelAdvance", "ph":"B", "ts":"738082138", "pid":"1", "tid":"cice"},
{"name":"ModelAdvance", "ph":"E", "ts":"738544527", "pid":"1", "tid":"cice"},
{"name":"ModelAdvance", "ph":"B", "ts":"739416371", "pid":"1", "tid":"cice"},
{"name":"ModelAdvance", "ph":"E", "ts":"739883630", "pid":"1", "tid":"cice"},
{"name":"ModelAdvance", "ph":"B", "ts":"740052873", "pid":"1", "tid":"cice"},
{"name":"ModelAdvance", "ph":"E", "ts":"740522904", "pid":"1", "tid":"cice"},
{"name":"ModelAdvance", "ph":"B", "ts":"740686511", "pid":"1", "tid":"cice"},
{"name":"ModelAdvance", "ph":"E", "ts":"741151205", "pid":"1", "tid":"cice"},
{"name":"ModelAdvance", "ph":"B", "ts":"741331896", "pid":"1", "tid":"cice"},
{"name":"ModelAdvance", "ph":"E", "ts":"741795188", "pid":"1", "tid":"cice"},
{"name":"ModelAdvance", "ph":"B", "ts":"741968758", "pid":"1", "tid":"cice"},
{"name":"ModelAdvance", "ph":"E", "ts":"742442804", "pid":"1", "tid":"cice"},
{"name":"ModelAdvance", "ph":"B", "ts":"742610836", "pid":"1", "tid":"cice"},
{"name":"ModelAdvance", "ph":"E", "ts":"743073194", "pid":"1", "tid":"cice"},
{"name":"ModelAdvance", "ph":"B", "ts":"743253546", "pid":"1", "tid":"cice"},
{"name":"ModelAdvance", "ph":"E", "ts":"743715874", "pid":"1", "tid":"cice"},
{"name":"ModelAdvance", "ph":"B", "ts":"743894474", "pid":"1", "tid":"cice"},
{"name":"ModelAdvance", "ph":"E", "ts":"744367917", "pid":"1", "tid":"cice"},
{"name":"ModelAdvance", "ph":"B", "ts":"744547326", "pid":"1", "tid":"cice"},
{"name":"ModelAdvance", "ph":"E", "ts":"745009286", "pid":"1", "tid":"cice"},
{"name":"ModelAdvance", "ph":"B", "ts":"745192073", "pid":"1", "tid":"cice"},
{"name":"ModelAdvance", "ph":"E", "ts":"745663831", "pid":"1", "tid":"cice"},
{"name":"ModelAdvance", "ph":"B", "ts":"745835764", "pid":"1", "tid":"cice"},
{"name":"ModelAdvance", "ph":"E", "ts":"746298221", "pid":"1", "tid":"cice"},
{"name":"ModelAdvance", "ph":"B", "ts":"746501835", "pid":"1", "tid":"cice"},
{"name":"ModelAdvance", "ph":"E", "ts":"746971750", "pid":"1", "tid":"cice"},
{"name":"ModelAdvance", "ph":"B", "ts":"747150997", "pid":"1", "tid":"cice"},
{"name":"ModelAdvance", "ph":"E", "ts":"747612748", "pid":"1", "tid":"cice"},
{"name":"ModelAdvance", "ph":"B", "ts":"747813464", "pid":"1", "tid":"cice"},
{"name":"ModelAdvance", "ph":"E", "ts":"748287606", "pid":"1", "tid":"cice"},
{"name":"ModelAdvance", "ph":"B", "ts":"748454890", "pid":"1", "tid":"cice"},
{"name":"ModelAdvance", "ph":"E", "ts":"748919679", "pid":"1", "tid":"cice"},
{"name":"ModelAdvance", "ph":"B", "ts":"749131299", "pid":"1", "tid":"cice"},
{"name":"ModelAdvance", "ph":"E", "ts":"749597388", "pid":"1", "tid":"cice"},
{"name":"ModelAdvance", "ph":"B", "ts":"749783944", "pid":"1", "tid":"cice"},
{"name":"ModelAdvance", "ph":"E", "ts":"750246500", "pid":"1", "tid":"cice"},
{"name":"ModelAdvance", "ph":"B", "ts":"750431940", "pid":"1", "tid":"cice"},
{"name":"ModelAdvance", "ph":"E", "ts":"750893948", "pid":"1", "tid":"cice"},
{"name":"ModelAdvance", "ph":"B", "ts":"751069948", "pid":"1", "tid":"cice"},
{"name":"ModelAdvance", "ph":"E", "ts":"751540256", "pid":"1", "tid":"cice"},
{"name":"ModelAdvance", "ph":"B", "ts":"751724215", "pid":"1", "tid":"cice"},
{"name":"ModelAdvance", "ph":"E", "ts":"752191111", "pid":"1", "tid":"cice"},
{"name":"ModelAdvance", "ph":"B", "ts":"752367491", "pid":"1", "tid":"cice"},
{"name":"ModelAdvance", "ph":"E", "ts":"752841782", "pid":"1", "tid":"cice"},
{"name":"ModelAdvance", "ph":"B", "ts":"753023742", "pid":"1", "tid":"cice"},
{"name":"ModelAdvance", "ph":"E", "ts":"753488362", "pid":"1", "tid":"cice"},
{"name":"ModelAdvance", "ph":"B", "ts":"753699504", "pid":"1", "tid":"cice"},
{"name":"ModelAdvance", "ph":"E", "ts":"754262103", "pid":"1", "tid":"cice"},
{"name":"ModelAdvance", "ph":"B", "ts":"754412447", "pid":"1", "tid":"cice"},
{"name":"ModelAdvance", "ph":"E", "ts":"754885765", "pid":"1", "tid":"cice"},
{"name":"ModelAdvance", "ph":"B", "ts":"755752685", "pid":"1", "tid":"cice"},
{"name":"ModelAdvance", "ph":"E", "ts":"756218443", "pid":"1", "tid":"cice"},
{"name":"ModelAdvance", "ph":"B", "ts":"756393267", "pid":"1", "tid":"cice"},
{"name":"ModelAdvance", "ph":"E", "ts":"756860449", "pid":"1", "tid":"cice"},
{"name":"ModelAdvance", "ph":"B", "ts":"757071391", "pid":"1", "tid":"cice"},
{"name":"ModelAdvance", "ph":"E", "ts":"757542237", "pid":"1", "tid":"cice"},
{"name":"ModelAdvance", "ph":"B", "ts":"757727763", "pid":"1", "tid":"cice"},
{"name":"ModelAdvance", "ph":"E", "ts":"758191029", "pid":"1", "tid":"cice"},
{"name":"ModelAdvance", "ph":"B", "ts":"758487659", "pid":"1", "tid":"cice"},
{"name":"ModelAdvance", "ph":"E", "ts":"758957696", "pid":"1", "tid":"cice"},
{"name":"ModelAdvance", "ph":"B", "ts":"759166592", "pid":"1", "tid":"cice"},
{"name":"ModelAdvance", "ph":"E", "ts":"759630030", "pid":"1", "tid":"cice"},
{"name":"ModelAdvance", "ph":"B", "ts":"759819174", "pid":"1", "tid":"cice"},
{"name":"ModelAdvance", "ph":"E", "ts":"760283431", "pid":"1", "tid":"cice"},
{"name":"ModelAdvance", "ph":"B", "ts":"760470790", "pid":"1", "tid":"cice"},
{"name":"ModelAdvance", "ph":"E", "ts":"760941345", "pid":"1", "tid":"cice"},
{"name":"ModelAdvance", "ph":"B", "ts":"761136128", "pid":"1", "tid":"cice"},
{"name":"ModelAdvance", "ph":"E", "ts":"761599831", "pid":"1", "tid":"cice"},
{"name":"ModelAdvance", "ph":"B", "ts":"761778281", "pid":"1", "tid":"cice"},
{"name":"ModelAdvance", "ph":"E", "ts":"762242870", "pid":"1", "tid":"cice"},
{"name":"ModelAdvance", "ph":"B", "ts":"762413890", "pid":"1", "tid":"cice"},
{"name":"ModelAdvance", "ph":"E", "ts":"762880299", "pid":"1", "tid":"cice"},
{"name":"ModelAdvance", "ph":"B", "ts":"763085824", "pid":"1", "tid":"cice"},
{"name":"ModelAdvance", "ph":"E", "ts":"763554502", "pid":"1", "tid":"cice"},
{"name":"ModelAdvance", "ph":"B", "ts":"763726008", "pid":"1", "tid":"cice"},
{"name":"ModelAdvance", "ph":"E", "ts":"764195772", "pid":"1", "tid":"cice"},
{"name":"ModelAdvance", "ph":"B", "ts":"764368005", "pid":"1", "tid":"cice"},
{"name":"ModelAdvance", "ph":"E", "ts":"764835676", "pid":"1", "tid":"cice"},
{"name":"ModelAdvance", "ph":"B", "ts":"765010111", "pid":"1", "tid":"cice"},
{"name":"ModelAdvance", "ph":"E", "ts":"765474639", "pid":"1", "tid":"cice"},
{"name":"ModelAdvance", "ph":"B", "ts":"765649763", "pid":"1", "tid":"cice"},
{"name":"ModelAdvance", "ph":"E", "ts":"766121077", "pid":"1", "tid":"cice"},
{"name":"ModelAdvance", "ph":"B", "ts":"766292365", "pid":"1", "tid":"cice"},
{"name":"ModelAdvance", "ph":"E", "ts":"766763077", "pid":"1", "tid":"cice"},
{"name":"ModelAdvance", "ph":"B", "ts":"766931477", "pid":"1", "tid":"cice"},
{"name":"ModelAdvance", "ph":"E", "ts":"767397831", "pid":"1", "tid":"cice"},
{"name":"ModelAdvance", "ph":"B", "ts":"767626573", "pid":"1", "tid":"cice"},
{"name":"ModelAdvance", "ph":"E", "ts":"768093179", "pid":"1", "tid":"cice"},
{"name":"ModelAdvance", "ph":"B", "ts":"768275333", "pid":"1", "tid":"cice"},
{"name":"ModelAdvance", "ph":"E", "ts":"768736094", "pid":"1", "tid":"cice"},
{"name":"ModelAdvance", "ph":"B", "ts":"768929009", "pid":"1", "tid":"cice"},
{"name":"ModelAdvance", "ph":"E", "ts":"769396486", "pid":"1", "tid":"cice"},
{"name":"ModelAdvance", "ph":"B", "ts":"769571496", "pid":"1", "tid":"cice"},
{"name":"ModelAdvance", "ph":"E", "ts":"770034951", "pid":"1", "tid":"cice"},
{"name":"ModelAdvance", "ph":"B", "ts":"770222337", "pid":"1", "tid":"cice"},
{"name":"ModelAdvance", "ph":"E", "ts":"770690441", "pid":"1", "tid":"cice"},
{"name":"ModelAdvance", "ph":"B", "ts":"770900047", "pid":"1", "tid":"cice"},
{"name":"ModelAdvance", "ph":"E", "ts":"771364507", "pid":"1", "tid":"cice"},
{"name":"ModelAdvance", "ph":"B", "ts":"772183997", "pid":"1", "tid":"cice"},
{"name":"ModelAdvance", "ph":"E", "ts":"772645030", "pid":"1", "tid":"cice"},
{"name":"ModelAdvance", "ph":"B", "ts":"772878725", "pid":"1", "tid":"cice"},
{"name":"ModelAdvance", "ph":"E", "ts":"773338720", "pid":"1", "tid":"cice"},
{"name":"ModelAdvance", "ph":"B", "ts":"773540977", "pid":"1", "tid":"cice"},
{"name":"ModelAdvance", "ph":"E", "ts":"774007843", "pid":"1", "tid":"cice"},
{"name":"ModelAdvance", "ph":"B", "ts":"774247877", "pid":"1", "tid":"cice"},
{"name":"ModelAdvance", "ph":"E", "ts":"774715535", "pid":"1", "tid":"cice"},
{"name":"ModelAdvance", "ph":"B", "ts":"774916488", "pid":"1", "tid":"cice"},
{"name":"ModelAdvance", "ph":"E", "ts":"775385253", "pid":"1", "tid":"cice"},
{"name":"ModelAdvance", "ph":"B", "ts":"775624242", "pid":"1", "tid":"cice"},
{"name":"ModelAdvance", "ph":"E", "ts":"776090661", "pid":"1", "tid":"cice"},
{"name":"ModelAdvance", "ph":"B", "ts":"776287893", "pid":"1", "tid":"cice"},
{"name":"ModelAdvance", "ph":"E", "ts":"776757508", "pid":"1", "tid":"cice"},
{"name":"ModelAdvance", "ph":"B", "ts":"776955808", "pid":"1", "tid":"cice"},
{"name":"ModelAdvance", "ph":"E", "ts":"777420327", "pid":"1", "tid":"cice"},
{"name":"ModelAdvance", "ph":"B", "ts":"777623214", "pid":"1", "tid":"cice"},
{"name":"ModelAdvance", "ph":"E", "ts":"778086407", "pid":"1", "tid":"cice"},
{"name":"ModelAdvance", "ph":"B", "ts":"778340937", "pid":"1", "tid":"cice"},
{"name":"ModelAdvance", "ph":"E", "ts":"778809979", "pid":"1", "tid":"cice"},
{"name":"ModelAdvance", "ph":"B", "ts":"779020760", "pid":"1", "tid":"cice"},
{"name":"ModelAdvance", "ph":"E", "ts":"779486546", "pid":"1", "tid":"cice"},
{"name":"ModelAdvance", "ph":"B", "ts":"779721115", "pid":"1", "tid":"cice"},
{"name":"ModelAdvance", "ph":"E", "ts":"780187185", "pid":"1", "tid":"cice"},
{"name":"ModelAdvance", "ph":"B", "ts":"780453853", "pid":"1", "tid":"cice"},
{"name":"ModelAdvance", "ph":"E", "ts":"780916607", "pid":"1", "tid":"cice"},
{"name":"ModelAdvance", "ph":"B", "ts":"781141236", "pid":"1", "tid":"cice"},
{"name":"ModelAdvance", "ph":"E", "ts":"781615386", "pid":"1", "tid":"cice"},
{"name":"ModelAdvance", "ph":"B", "ts":"781820892", "pid":"1", "tid":"cice"},
{"name":"ModelAdvance", "ph":"E", "ts":"782287472", "pid":"1", "tid":"cice"},
{"name":"ModelAdvance", "ph":"B", "ts":"782500461", "pid":"1", "tid":"cice"},
{"name":"ModelAdvance", "ph":"E", "ts":"782968031", "pid":"1", "tid":"cice"},
{"name":"ModelAdvance", "ph":"B", "ts":"783168779", "pid":"1", "tid":"cice"},
{"name":"ModelAdvance", "ph":"E", "ts":"783633680", "pid":"1", "tid":"cice"},
{"name":"ModelAdvance", "ph":"B", "ts":"783908064", "pid":"1", "tid":"cice"},
{"name":"ModelAdvance", "ph":"E", "ts":"784380818", "pid":"1", "tid":"cice"},
{"name":"ModelAdvance", "ph":"B", "ts":"784643098", "pid":"1", "tid":"cice"},
{"name":"ModelAdvance", "ph":"E", "ts":"785109679", "pid":"1", "tid":"cice"},
{"name":"ModelAdvance", "ph":"B", "ts":"785365144", "pid":"1", "tid":"cice"},
{"name":"ModelAdvance", "ph":"E", "ts":"785832117", "pid":"1", "tid":"cice"},
{"name":"ModelAdvance", "ph":"B", "ts":"786093703", "pid":"1", "tid":"cice"},
{"name":"ModelAdvance", "ph":"E", "ts":"786559776", "pid":"1", "tid":"cice"},
{"name":"ModelAdvance", "ph":"B", "ts":"786766833", "pid":"1", "tid":"cice"},
{"name":"ModelAdvance", "ph":"E", "ts":"787231659", "pid":"1", "tid":"cice"},
{"name":"ModelAdvance", "ph":"B", "ts":"787442824", "pid":"1", "tid":"cice"},
{"name":"ModelAdvance", "ph":"E", "ts":"787909449", "pid":"1", "tid":"cice"},
{"name":"ModelAdvance", "ph":"B", "ts":"788200854", "pid":"1", "tid":"cice"},
{"name":"ModelAdvance", "ph":"E", "ts":"788671748", "pid":"1", "tid":"cice"},
{"name":"ModelAdvance", "ph":"B", "ts":"789511513", "pid":"1", "tid":"cice"},
{"name":"ModelAdvance", "ph":"E", "ts":"789975744", "pid":"1", "tid":"cice"},
{"name":"ModelAdvance", "ph":"B", "ts":"790238445", "pid":"1", "tid":"cice"},
{"name":"ModelAdvance", "ph":"E", "ts":"790706879", "pid":"1", "tid":"cice"},
{"name":"ModelAdvance", "ph":"B", "ts":"790977089", "pid":"1", "tid":"cice"},
{"name":"ModelAdvance", "ph":"E", "ts":"791433163", "pid":"1", "tid":"cice"},
{"name":"ModelAdvance", "ph":"B", "ts":"791651251", "pid":"1", "tid":"cice"},
{"name":"ModelAdvance", "ph":"E", "ts":"792114166", "pid":"1", "tid":"cice"},
{"name":"ModelAdvance", "ph":"B", "ts":"792319126", "pid":"1", "tid":"cice"},
{"name":"ModelAdvance", "ph":"E", "ts":"792785423", "pid":"1", "tid":"cice"},
{"name":"ModelAdvance", "ph":"B", "ts":"792999656", "pid":"1", "tid":"cice"},
{"name":"ModelAdvance", "ph":"E", "ts":"793466768", "pid":"1", "tid":"cice"},
{"name":"ModelAdvance", "ph":"B", "ts":"793722059", "pid":"1", "tid":"cice"},
{"name":"ModelAdvance", "ph":"E", "ts":"794192081", "pid":"1", "tid":"cice"},
{"name":"ModelAdvance", "ph":"B", "ts":"794450352", "pid":"1", "tid":"cice"},
{"name":"ModelAdvance", "ph":"E", "ts":"794911712", "pid":"1", "tid":"cice"},
{"name":"ModelAdvance", "ph":"B", "ts":"795178057", "pid":"1", "tid":"cice"},
{"name":"ModelAdvance", "ph":"E", "ts":"795641485", "pid":"1", "tid":"cice"},
{"name":"ModelAdvance", "ph":"B", "ts":"795870941", "pid":"1", "tid":"cice"},
{"name":"ModelAdvance", "ph":"E", "ts":"796337763", "pid":"1", "tid":"cice"},
{"name":"ModelAdvance", "ph":"B", "ts":"796551486", "pid":"1", "tid":"cice"},
{"name":"ModelAdvance", "ph":"E", "ts":"797017640", "pid":"1", "tid":"cice"},
{"name":"ModelAdvance", "ph":"B", "ts":"797252752", "pid":"1", "tid":"cice"},
{"name":"ModelAdvance", "ph":"E", "ts":"797720516", "pid":"1", "tid":"cice"},
{"name":"ModelAdvance", "ph":"B", "ts":"797954515", "pid":"1", "tid":"cice"},
{"name":"ModelAdvance", "ph":"E", "ts":"798428145", "pid":"1", "tid":"cice"},
{"name":"ModelAdvance", "ph":"B", "ts":"798634398", "pid":"1", "tid":"cice"},
{"name":"ModelAdvance", "ph":"E", "ts":"799096310", "pid":"1", "tid":"cice"},
{"name":"ModelAdvance", "ph":"B", "ts":"799354032", "pid":"1", "tid":"cice"},
{"name":"ModelAdvance", "ph":"E", "ts":"799816830", "pid":"1", "tid":"cice"},
{"name":"ModelAdvance", "ph":"B", "ts":"800064565", "pid":"1", "tid":"cice"},
{"name":"ModelAdvance", "ph":"E", "ts":"800528648", "pid":"1", "tid":"cice"},
{"name":"ModelAdvance", "ph":"B", "ts":"800779557", "pid":"1", "tid":"cice"},
{"name":"ModelAdvance", "ph":"E", "ts":"801239043", "pid":"1", "tid":"cice"},
{"name":"ModelAdvance", "ph":"B", "ts":"801501815", "pid":"1", "tid":"cice"},
{"name":"ModelAdvance", "ph":"E", "ts":"801966556", "pid":"1", "tid":"cice"},
{"name":"ModelAdvance", "ph":"B", "ts":"802218875", "pid":"1", "tid":"cice"},
{"name":"ModelAdvance", "ph":"E", "ts":"802700423", "pid":"1", "tid":"cice"},
{"name":"ModelAdvance", "ph":"B", "ts":"802898543", "pid":"1", "tid":"cice"},
{"name":"ModelAdvance", "ph":"E", "ts":"803372053", "pid":"1", "tid":"cice"},
{"name":"ModelAdvance", "ph":"B", "ts":"803618013", "pid":"1", "tid":"cice"},
{"name":"ModelAdvance", "ph":"E", "ts":"804091191", "pid":"1", "tid":"cice"},
{"name":"ModelAdvance", "ph":"B", "ts":"804309513", "pid":"1", "tid":"cice"},
{"name":"ModelAdvance", "ph":"E", "ts":"804778089", "pid":"1", "tid":"cice"},
{"name":"ModelAdvance", "ph":"B", "ts":"805023408", "pid":"1", "tid":"cice"},
{"name":"ModelAdvance", "ph":"E", "ts":"805490884", "pid":"1", "tid":"cice"},
{"name":"ModelAdvance", "ph":"B", "ts":"805780463", "pid":"1", "tid":"cice"},
{"name":"ModelAdvance", "ph":"E", "ts":"806247836", "pid":"1", "tid":"cice"},
{"name":"ModelAdvance", "ph":"B", "ts":"820812788", "pid":"1", "tid":"cice"},
{"name":"ModelAdvance", "ph":"E", "ts":"821295483", "pid":"1", "tid":"cice"},
{"name":"ModelAdvance", "ph":"B", "ts":"821471704", "pid":"1", "tid":"cice"},
{"name":"ModelAdvance", "ph":"E", "ts":"821932297", "pid":"1", "tid":"cice"},
{"name":"ModelAdvance", "ph":"B", "ts":"822128493", "pid":"1", "tid":"cice"},
{"name":"ModelAdvance", "ph":"E", "ts":"822601870", "pid":"1", "tid":"cice"},
{"name":"ModelAdvance", "ph":"B", "ts":"822793941", "pid":"1", "tid":"cice"},
{"name":"ModelAdvance", "ph":"E", "ts":"823267305", "pid":"1", "tid":"cice"},
{"name":"ModelAdvance", "ph":"B", "ts":"823449076", "pid":"1", "tid":"cice"},
{"name":"ModelAdvance", "ph":"E", "ts":"823913348", "pid":"1", "tid":"cice"},
{"name":"ModelAdvance", "ph":"B", "ts":"824154360", "pid":"1", "tid":"cice"},
{"name":"ModelAdvance", "ph":"E", "ts":"824622808", "pid":"1", "tid":"cice"},
{"name":"ModelAdvance", "ph":"B", "ts":"824808358", "pid":"1", "tid":"cice"},
{"name":"ModelAdvance", "ph":"E", "ts":"825284891", "pid":"1", "tid":"cice"},
{"name":"ModelAdvance", "ph":"B", "ts":"825468621", "pid":"1", "tid":"cice"},
{"name":"ModelAdvance", "ph":"E", "ts":"825943094", "pid":"1", "tid":"cice"},
{"name":"ModelAdvance", "ph":"B", "ts":"826142521", "pid":"1", "tid":"cice"},
{"name":"ModelAdvance", "ph":"E", "ts":"826614965", "pid":"1", "tid":"cice"},
{"name":"ModelAdvance", "ph":"B", "ts":"826787165", "pid":"1", "tid":"cice"},
{"name":"ModelAdvance", "ph":"E", "ts":"827254315", "pid":"1", "tid":"cice"},
{"name":"ModelAdvance", "ph":"B", "ts":"827434516", "pid":"1", "tid":"cice"},
{"name":"ModelAdvance", "ph":"E", "ts":"827893067", "pid":"1", "tid":"cice"},
{"name":"ModelAdvance", "ph":"B", "ts":"828139796", "pid":"1", "tid":"cice"},
{"name":"ModelAdvance", "ph":"E", "ts":"828609893", "pid":"1", "tid":"cice"},
{"name":"ModelAdvance", "ph":"B", "ts":"828806605", "pid":"1", "tid":"cice"},
{"name":"ModelAdvance", "ph":"E", "ts":"829278984", "pid":"1", "tid":"cice"},
{"name":"ModelAdvance", "ph":"B", "ts":"829468794", "pid":"1", "tid":"cice"},
{"name":"ModelAdvance", "ph":"E", "ts":"829931662", "pid":"1", "tid":"cice"},
{"name":"ModelAdvance", "ph":"B", "ts":"830172986", "pid":"1", "tid":"cice"},
{"name":"ModelAdvance", "ph":"E", "ts":"830636217", "pid":"1", "tid":"cice"},
{"name":"ModelAdvance", "ph":"B", "ts":"830831401", "pid":"1", "tid":"cice"},
{"name":"ModelAdvance", "ph":"E", "ts":"831301020", "pid":"1", "tid":"cice"},
{"name":"ModelAdvance", "ph":"B", "ts":"831545642", "pid":"1", "tid":"cice"},
{"name":"ModelAdvance", "ph":"E", "ts":"832016351", "pid":"1", "tid":"cice"},
{"name":"ModelAdvance", "ph":"B", "ts":"832201720", "pid":"1", "tid":"cice"},
{"name":"ModelAdvance", "ph":"E", "ts":"832668166", "pid":"1", "tid":"cice"},
{"name":"ModelAdvance", "ph":"B", "ts":"832867753", "pid":"1", "tid":"cice"},
{"name":"ModelAdvance", "ph":"E", "ts":"833340119", "pid":"1", "tid":"cice"},
{"name":"ModelAdvance", "ph":"B", "ts":"833522234", "pid":"1", "tid":"cice"},
{"name":"ModelAdvance", "ph":"E", "ts":"833990724", "pid":"1", "tid":"cice"},
{"name":"ModelAdvance", "ph":"B", "ts":"834181493", "pid":"1", "tid":"cice"},
{"name":"ModelAdvance", "ph":"E", "ts":"834660383", "pid":"1", "tid":"cice"},
{"name":"ModelAdvance", "ph":"B", "ts":"834854339", "pid":"1", "tid":"cice"},
{"name":"ModelAdvance", "ph":"E", "ts":"835311052", "pid":"1", "tid":"cice"},
{"name":"ModelAdvance", "ph":"B", "ts":"835512983", "pid":"1", "tid":"cice"},
{"name":"ModelAdvance", "ph":"E", "ts":"835983062", "pid":"1", "tid":"cice"},
{"name":"ModelAdvance", "ph":"B", "ts":"836240128", "pid":"1", "tid":"cice"},
{"name":"ModelAdvance", "ph":"E", "ts":"836701933", "pid":"1", "tid":"cice"},
{"name":"ModelAdvance", "ph":"B", "ts":"837542439", "pid":"1", "tid":"cice"},
{"name":"ModelAdvance", "ph":"E", "ts":"838003123", "pid":"1", "tid":"cice"},
{"name":"ModelAdvance", "ph":"B", "ts":"838224118", "pid":"1", "tid":"cice"},
{"name":"ModelAdvance", "ph":"E", "ts":"838700342", "pid":"1", "tid":"cice"},
{"name":"ModelAdvance", "ph":"B", "ts":"838874208", "pid":"1", "tid":"cice"},
{"name":"ModelAdvance", "ph":"E", "ts":"839352399", "pid":"1", "tid":"cice"},
{"name":"ModelAdvance", "ph":"B", "ts":"839550781", "pid":"1", "tid":"cice"},
{"name":"ModelAdvance", "ph":"E", "ts":"840013722", "pid":"1", "tid":"cice"},
{"name":"ModelAdvance", "ph":"B", "ts":"840205940", "pid":"1", "tid":"cice"},
{"name":"ModelAdvance", "ph":"E", "ts":"840669172", "pid":"1", "tid":"cice"},
{"name":"ModelAdvance", "ph":"B", "ts":"840876873", "pid":"1", "tid":"cice"},
{"name":"ModelAdvance", "ph":"E", "ts":"841339589", "pid":"1", "tid":"cice"},
{"name":"ModelAdvance", "ph":"B", "ts":"841597352", "pid":"1", "tid":"cice"},
{"name":"ModelAdvance", "ph":"E", "ts":"842069974", "pid":"1", "tid":"cice"},
{"name":"ModelAdvance", "ph":"B", "ts":"842271205", "pid":"1", "tid":"cice"},
{"name":"ModelAdvance", "ph":"E", "ts":"842759714", "pid":"1", "tid":"cice"},
{"name":"ModelAdvance", "ph":"B", "ts":"842918597", "pid":"1", "tid":"cice"},
{"name":"ModelAdvance", "ph":"E", "ts":"843386170", "pid":"1", "tid":"cice"},
{"name":"ModelAdvance", "ph":"B", "ts":"843562650", "pid":"1", "tid":"cice"},
{"name":"ModelAdvance", "ph":"E", "ts":"844028544", "pid":"1", "tid":"cice"},
{"name":"ModelAdvance", "ph":"B", "ts":"844198550", "pid":"1", "tid":"cice"},
{"name":"ModelAdvance", "ph":"E", "ts":"844668023", "pid":"1", "tid":"cice"},
{"name":"ModelAdvance", "ph":"B", "ts":"844870423", "pid":"1", "tid":"cice"},
{"name":"ModelAdvance", "ph":"E", "ts":"845333027", "pid":"1", "tid":"cice"},
{"name":"ModelAdvance", "ph":"B", "ts":"845514363", "pid":"1", "tid":"cice"},
{"name":"ModelAdvance", "ph":"E", "ts":"845987449", "pid":"1", "tid":"cice"},
{"name":"ModelAdvance", "ph":"B", "ts":"846155735", "pid":"1", "tid":"cice"},
{"name":"ModelAdvance", "ph":"E", "ts":"846616338", "pid":"1", "tid":"cice"},
{"name":"ModelAdvance", "ph":"B", "ts":"846801484", "pid":"1", "tid":"cice"},
{"name":"ModelAdvance", "ph":"E", "ts":"847270362", "pid":"1", "tid":"cice"},
{"name":"ModelAdvance", "ph":"B", "ts":"847456479", "pid":"1", "tid":"cice"},
{"name":"ModelAdvance", "ph":"E", "ts":"847937076", "pid":"1", "tid":"cice"},
{"name":"ModelAdvance", "ph":"B", "ts":"848099091", "pid":"1", "tid":"cice"},
{"name":"ModelAdvance", "ph":"E", "ts":"848573547", "pid":"1", "tid":"cice"},
{"name":"ModelAdvance", "ph":"B", "ts":"848741946", "pid":"1", "tid":"cice"},
{"name":"ModelAdvance", "ph":"E", "ts":"849204476", "pid":"1", "tid":"cice"},
{"name":"ModelAdvance", "ph":"B", "ts":"849377359", "pid":"1", "tid":"cice"},
{"name":"ModelAdvance", "ph":"E", "ts":"849851704", "pid":"1", "tid":"cice"},
{"name":"ModelAdvance", "ph":"B", "ts":"850006713", "pid":"1", "tid":"cice"},
{"name":"ModelAdvance", "ph":"E", "ts":"850464998", "pid":"1", "tid":"cice"},
{"name":"ModelAdvance", "ph":"B", "ts":"850642620", "pid":"1", "tid":"cice"},
{"name":"ModelAdvance", "ph":"E", "ts":"851108763", "pid":"1", "tid":"cice"},
{"name":"ModelAdvance", "ph":"B", "ts":"851268111", "pid":"1", "tid":"cice"},
{"name":"ModelAdvance", "ph":"E", "ts":"851734770", "pid":"1", "tid":"cice"},
{"name":"ModelAdvance", "ph":"B", "ts":"851899753", "pid":"1", "tid":"cice"},
{"name":"ModelAdvance", "ph":"E", "ts":"852364683", "pid":"1", "tid":"cice"},
{"name":"ModelAdvance", "ph":"B", "ts":"852557278", "pid":"1", "tid":"cice"},
{"name":"ModelAdvance", "ph":"E", "ts":"853023511", "pid":"1", "tid":"cice"},
{"name":"ModelAdvance", "ph":"B", "ts":"853877612", "pid":"1", "tid":"cice"},
{"name":"ModelAdvance", "ph":"E", "ts":"854345427", "pid":"1", "tid":"cice"},
{"name":"ModelAdvance", "ph":"B", "ts":"854509598", "pid":"1", "tid":"cice"},
{"name":"ModelAdvance", "ph":"E", "ts":"854978834", "pid":"1", "tid":"cice"},
{"name":"ModelAdvance", "ph":"B", "ts":"855135538", "pid":"1", "tid":"cice"},
{"name":"ModelAdvance", "ph":"E", "ts":"855606412", "pid":"1", "tid":"cice"},
{"name":"ModelAdvance", "ph":"B", "ts":"855773724", "pid":"1", "tid":"cice"},
{"name":"ModelAdvance", "ph":"E", "ts":"856238927", "pid":"1", "tid":"cice"},
{"name":"ModelAdvance", "ph":"B", "ts":"856421538", "pid":"1", "tid":"cice"},
{"name":"ModelAdvance", "ph":"E", "ts":"856887475", "pid":"1", "tid":"cice"},
{"name":"ModelAdvance", "ph":"B", "ts":"857049620", "pid":"1", "tid":"cice"},
{"name":"ModelAdvance", "ph":"E", "ts":"857515551", "pid":"1", "tid":"cice"},
{"name":"ModelAdvance", "ph":"B", "ts":"857684863", "pid":"1", "tid":"cice"},
{"name":"ModelAdvance", "ph":"E", "ts":"858158271", "pid":"1", "tid":"cice"},
{"name":"ModelAdvance", "ph":"B", "ts":"858316203", "pid":"1", "tid":"cice"},
{"name":"ModelAdvance", "ph":"E", "ts":"858805187", "pid":"1", "tid":"cice"},
{"name":"ModelAdvance", "ph":"B", "ts":"858948616", "pid":"1", "tid":"cice"},
{"name":"ModelAdvance", "ph":"E", "ts":"859413095", "pid":"1", "tid":"cice"},
{"name":"ModelAdvance", "ph":"B", "ts":"859588476", "pid":"1", "tid":"cice"},
{"name":"ModelAdvance", "ph":"E", "ts":"860053344", "pid":"1", "tid":"cice"},
{"name":"ModelAdvance", "ph":"B", "ts":"860217025", "pid":"1", "tid":"cice"},
{"name":"ModelAdvance", "ph":"E", "ts":"860696878", "pid":"1", "tid":"cice"},
{"name":"ModelAdvance", "ph":"B", "ts":"860883044", "pid":"1", "tid":"cice"},
{"name":"ModelAdvance", "ph":"E", "ts":"861343538", "pid":"1", "tid":"cice"},
{"name":"ModelAdvance", "ph":"B", "ts":"861521693", "pid":"1", "tid":"cice"},
{"name":"ModelAdvance", "ph":"E", "ts":"862000665", "pid":"1", "tid":"cice"},
{"name":"ModelAdvance", "ph":"B", "ts":"862167572", "pid":"1", "tid":"cice"},
{"name":"ModelAdvance", "ph":"E", "ts":"862639394", "pid":"1", "tid":"cice"},
{"name":"ModelAdvance", "ph":"B", "ts":"862805745", "pid":"1", "tid":"cice"},
{"name":"ModelAdvance", "ph":"E", "ts":"863263806", "pid":"1", "tid":"cice"},
{"name":"ModelAdvance", "ph":"B", "ts":"863443480", "pid":"1", "tid":"cice"},
{"name":"ModelAdvance", "ph":"E", "ts":"863910650", "pid":"1", "tid":"cice"},
{"name":"ModelAdvance", "ph":"B", "ts":"864091634", "pid":"1", "tid":"cice"},
{"name":"ModelAdvance", "ph":"E", "ts":"864558841", "pid":"1", "tid":"cice"},
{"name":"ModelAdvance", "ph":"B", "ts":"864727898", "pid":"1", "tid":"cice"},
{"name":"ModelAdvance", "ph":"E", "ts":"865200098", "pid":"1", "tid":"cice"},
{"name":"ModelAdvance", "ph":"B", "ts":"865365268", "pid":"1", "tid":"cice"},
{"name":"ModelAdvance", "ph":"E", "ts":"865831604", "pid":"1", "tid":"cice"},
{"name":"ModelAdvance", "ph":"B", "ts":"866009770", "pid":"1", "tid":"cice"},
{"name":"ModelAdvance", "ph":"E", "ts":"866473744", "pid":"1", "tid":"cice"},
{"name":"ModelAdvance", "ph":"B", "ts":"866656821", "pid":"1", "tid":"cice"},
{"name":"ModelAdvance", "ph":"E", "ts":"867121399", "pid":"1", "tid":"cice"},
{"name":"ModelAdvance", "ph":"B", "ts":"867313439", "pid":"1", "tid":"cice"},
{"name":"ModelAdvance", "ph":"E", "ts":"867795232", "pid":"1", "tid":"cice"},
{"name":"ModelAdvance", "ph":"B", "ts":"867970448", "pid":"1", "tid":"cice"},
{"name":"ModelAdvance", "ph":"E", "ts":"868553604", "pid":"1", "tid":"cice"},
{"name":"ModelAdvance", "ph":"B", "ts":"868666960", "pid":"1", "tid":"cice"},
{"name":"ModelAdvance", "ph":"E", "ts":"869142955", "pid":"1", "tid":"cice"},
{"name":"ModelAdvance", "ph":"B", "ts":"869940392", "pid":"1", "tid":"cice"},
{"name":"ModelAdvance", "ph":"E", "ts":"870404643", "pid":"1", "tid":"cice"},
{"name":"ModelAdvance", "ph":"B", "ts":"870588458", "pid":"1", "tid":"cice"},
{"name":"ModelAdvance", "ph":"E", "ts":"871054701", "pid":"1", "tid":"cice"},
{"name":"ModelAdvance", "ph":"B", "ts":"871241017", "pid":"1", "tid":"cice"},
{"name":"ModelAdvance", "ph":"E", "ts":"871699291", "pid":"1", "tid":"cice"},
{"name":"ModelAdvance", "ph":"B", "ts":"871948007", "pid":"1", "tid":"cice"},
{"name":"ModelAdvance", "ph":"E", "ts":"872410120", "pid":"1", "tid":"cice"},
{"name":"ModelAdvance", "ph":"B", "ts":"872621453", "pid":"1", "tid":"cice"},
{"name":"ModelAdvance", "ph":"E", "ts":"873092869", "pid":"1", "tid":"cice"},
{"name":"ModelAdvance", "ph":"B", "ts":"873278179", "pid":"1", "tid":"cice"},
{"name":"ModelAdvance", "ph":"E", "ts":"873739669", "pid":"1", "tid":"cice"},
{"name":"ModelAdvance", "ph":"B", "ts":"873954525", "pid":"1", "tid":"cice"},
{"name":"ModelAdvance", "ph":"E", "ts":"874419529", "pid":"1", "tid":"cice"},
{"name":"ModelAdvance", "ph":"B", "ts":"874607191", "pid":"1", "tid":"cice"},
{"name":"ModelAdvance", "ph":"E", "ts":"875083170", "pid":"1", "tid":"cice"},
{"name":"ModelAdvance", "ph":"B", "ts":"875275541", "pid":"1", "tid":"cice"},
{"name":"ModelAdvance", "ph":"E", "ts":"875747612", "pid":"1", "tid":"cice"},
{"name":"ModelAdvance", "ph":"B", "ts":"875944929", "pid":"1", "tid":"cice"},
{"name":"ModelAdvance", "ph":"E", "ts":"876410768", "pid":"1", "tid":"cice"},
{"name":"ModelAdvance", "ph":"B", "ts":"876669187", "pid":"1", "tid":"cice"},
{"name":"ModelAdvance", "ph":"E", "ts":"877143471", "pid":"1", "tid":"cice"},
{"name":"ModelAdvance", "ph":"B", "ts":"877360385", "pid":"1", "tid":"cice"},
{"name":"ModelAdvance", "ph":"E", "ts":"877827220", "pid":"1", "tid":"cice"},
{"name":"ModelAdvance", "ph":"B", "ts":"878089801", "pid":"1", "tid":"cice"},
{"name":"ModelAdvance", "ph":"E", "ts":"878556084", "pid":"1", "tid":"cice"},
{"name":"ModelAdvance", "ph":"B", "ts":"878809526", "pid":"1", "tid":"cice"},
{"name":"ModelAdvance", "ph":"E", "ts":"879286207", "pid":"1", "tid":"cice"},
{"name":"ModelAdvance", "ph":"B", "ts":"879474014", "pid":"1", "tid":"cice"},
{"name":"ModelAdvance", "ph":"E", "ts":"879943212", "pid":"1", "tid":"cice"},
{"name":"ModelAdvance", "ph":"B", "ts":"880135400", "pid":"1", "tid":"cice"},
{"name":"ModelAdvance", "ph":"E", "ts":"880599994", "pid":"1", "tid":"cice"},
{"name":"ModelAdvance", "ph":"B", "ts":"880788063", "pid":"1", "tid":"cice"},
{"name":"ModelAdvance", "ph":"E", "ts":"881254591", "pid":"1", "tid":"cice"},
{"name":"ModelAdvance", "ph":"B", "ts":"881431770", "pid":"1", "tid":"cice"},
{"name":"ModelAdvance", "ph":"E", "ts":"881897952", "pid":"1", "tid":"cice"},
{"name":"ModelAdvance", "ph":"B", "ts":"882082429", "pid":"1", "tid":"cice"},
{"name":"ModelAdvance", "ph":"E", "ts":"882559627", "pid":"1", "tid":"cice"},
{"name":"ModelAdvance", "ph":"B", "ts":"882737575", "pid":"1", "tid":"cice"},
{"name":"ModelAdvance", "ph":"E", "ts":"883204998", "pid":"1", "tid":"cice"},
{"name":"ModelAdvance", "ph":"B", "ts":"883436535", "pid":"1", "tid":"cice"},
{"name":"ModelAdvance", "ph":"E", "ts":"883898652", "pid":"1", "tid":"cice"},
{"name":"ModelAdvance", "ph":"B", "ts":"884088067", "pid":"1", "tid":"cice"},
{"name":"ModelAdvance", "ph":"E", "ts":"884561734", "pid":"1", "tid":"cice"},
{"name":"ModelAdvance", "ph":"B", "ts":"884795902", "pid":"1", "tid":"cice"},
{"name":"ModelAdvance", "ph":"E", "ts":"885264582", "pid":"1", "tid":"cice"},
{"name":"ModelAdvance", "ph":"B", "ts":"885468325", "pid":"1", "tid":"cice"},
{"name":"ModelAdvance", "ph":"E", "ts":"885925481", "pid":"1", "tid":"cice"},
{"name":"ModelAdvance", "ph":"B", "ts":"886786538", "pid":"1", "tid":"cice"},
{"name":"ModelAdvance", "ph":"E", "ts":"887266505", "pid":"1", "tid":"cice"},
{"name":"ModelAdvance", "ph":"B", "ts":"887436788", "pid":"1", "tid":"cice"},
{"name":"ModelAdvance", "ph":"E", "ts":"887902207", "pid":"1", "tid":"cice"},
{"name":"ModelAdvance", "ph":"B", "ts":"888082135", "pid":"1", "tid":"cice"},
{"name":"ModelAdvance", "ph":"E", "ts":"888552361", "pid":"1", "tid":"cice"},
{"name":"ModelAdvance", "ph":"B", "ts":"888738896", "pid":"1", "tid":"cice"},
{"name":"ModelAdvance", "ph":"E", "ts":"889204540", "pid":"1", "tid":"cice"},
{"name":"ModelAdvance", "ph":"B", "ts":"889410003", "pid":"1", "tid":"cice"},
{"name":"ModelAdvance", "ph":"E", "ts":"889871506", "pid":"1", "tid":"cice"},
{"name":"ModelAdvance", "ph":"B", "ts":"890061377", "pid":"1", "tid":"cice"},
{"name":"ModelAdvance", "ph":"E", "ts":"890525668", "pid":"1", "tid":"cice"},
{"name":"ModelAdvance", "ph":"B", "ts":"890701273", "pid":"1", "tid":"cice"},
{"name":"ModelAdvance", "ph":"E", "ts":"891177557", "pid":"1", "tid":"cice"},
{"name":"ModelAdvance", "ph":"B", "ts":"891338683", "pid":"1", "tid":"cice"},
{"name":"ModelAdvance", "ph":"E", "ts":"891808109", "pid":"1", "tid":"cice"},
{"name":"ModelAdvance", "ph":"B", "ts":"891977838", "pid":"1", "tid":"cice"},
{"name":"ModelAdvance", "ph":"E", "ts":"892436003", "pid":"1", "tid":"cice"},
{"name":"ModelAdvance", "ph":"B", "ts":"892632449", "pid":"1", "tid":"cice"},
{"name":"ModelAdvance", "ph":"E", "ts":"893106528", "pid":"1", "tid":"cice"},
{"name":"ModelAdvance", "ph":"B", "ts":"893269307", "pid":"1", "tid":"cice"},
{"name":"ModelAdvance", "ph":"E", "ts":"893740293", "pid":"1", "tid":"cice"},
{"name":"ModelAdvance", "ph":"B", "ts":"893929414", "pid":"1", "tid":"cice"},
{"name":"ModelAdvance", "ph":"E", "ts":"894392916", "pid":"1", "tid":"cice"},
{"name":"ModelAdvance", "ph":"B", "ts":"894561545", "pid":"1", "tid":"cice"},
{"name":"ModelAdvance", "ph":"E", "ts":"895023016", "pid":"1", "tid":"cice"},
{"name":"ModelAdvance", "ph":"B", "ts":"895202858", "pid":"1", "tid":"cice"},
{"name":"ModelAdvance", "ph":"E", "ts":"895680215", "pid":"1", "tid":"cice"},
{"name":"ModelAdvance", "ph":"B", "ts":"895842843", "pid":"1", "tid":"cice"},
{"name":"ModelAdvance", "ph":"E", "ts":"896306807", "pid":"1", "tid":"cice"},
{"name":"ModelAdvance", "ph":"B", "ts":"896474835", "pid":"1", "tid":"cice"},
{"name":"ModelAdvance", "ph":"E", "ts":"896948232", "pid":"1", "tid":"cice"},
{"name":"ModelAdvance", "ph":"B", "ts":"897115136", "pid":"1", "tid":"cice"},
{"name":"ModelAdvance", "ph":"E", "ts":"897590906", "pid":"1", "tid":"cice"},
{"name":"ModelAdvance", "ph":"B", "ts":"897756724", "pid":"1", "tid":"cice"},
{"name":"ModelAdvance", "ph":"E", "ts":"898221274", "pid":"1", "tid":"cice"},
{"name":"ModelAdvance", "ph":"B", "ts":"898401250", "pid":"1", "tid":"cice"},
{"name":"ModelAdvance", "ph":"E", "ts":"898878085", "pid":"1", "tid":"cice"},
{"name":"ModelAdvance", "ph":"B", "ts":"899039776", "pid":"1", "tid":"cice"},
{"name":"ModelAdvance", "ph":"E", "ts":"899507778", "pid":"1", "tid":"cice"},
{"name":"ModelAdvance", "ph":"B", "ts":"899676934", "pid":"1", "tid":"cice"},
{"name":"ModelAdvance", "ph":"E", "ts":"900150215", "pid":"1", "tid":"cice"},
{"name":"ModelAdvance", "ph":"B", "ts":"900316300", "pid":"1", "tid":"cice"},
{"name":"ModelAdvance", "ph":"E", "ts":"900780836", "pid":"1", "tid":"cice"},
{"name":"ModelAdvance", "ph":"B", "ts":"900958232", "pid":"1", "tid":"cice"},
{"name":"ModelAdvance", "ph":"E", "ts":"901425548", "pid":"1", "tid":"cice"},
{"name":"ModelAdvance", "ph":"B", "ts":"901644854", "pid":"1", "tid":"cice"},
{"name":"ModelAdvance", "ph":"E", "ts":"902111806", "pid":"1", "tid":"cice"},
{"name":"ModelAdvance", "ph":"B", "ts":"902949296", "pid":"1", "tid":"cice"},
{"name":"ModelAdvance", "ph":"E", "ts":"903414086", "pid":"1", "tid":"cice"},
{"name":"ModelAdvance", "ph":"B", "ts":"903597162", "pid":"1", "tid":"cice"},
{"name":"ModelAdvance", "ph":"E", "ts":"904061290", "pid":"1", "tid":"cice"},
{"name":"ModelAdvance", "ph":"B", "ts":"904245420", "pid":"1", "tid":"cice"},
{"name":"ModelAdvance", "ph":"E", "ts":"904712236", "pid":"1", "tid":"cice"},
{"name":"ModelAdvance", "ph":"B", "ts":"904900763", "pid":"1", "tid":"cice"},
{"name":"ModelAdvance", "ph":"E", "ts":"905369966", "pid":"1", "tid":"cice"},
{"name":"ModelAdvance", "ph":"B", "ts":"905554982", "pid":"1", "tid":"cice"},
{"name":"ModelAdvance", "ph":"E", "ts":"906022359", "pid":"1", "tid":"cice"},
{"name":"ModelAdvance", "ph":"B", "ts":"906207348", "pid":"1", "tid":"cice"},
{"name":"ModelAdvance", "ph":"E", "ts":"906671785", "pid":"1", "tid":"cice"},
{"name":"ModelAdvance", "ph":"B", "ts":"906859781", "pid":"1", "tid":"cice"},
{"name":"ModelAdvance", "ph":"E", "ts":"907337282", "pid":"1", "tid":"cice"},
{"name":"ModelAdvance", "ph":"B", "ts":"907520827", "pid":"1", "tid":"cice"},
{"name":"ModelAdvance", "ph":"E", "ts":"907986272", "pid":"1", "tid":"cice"},
{"name":"ModelAdvance", "ph":"B", "ts":"908160499", "pid":"1", "tid":"cice"},
{"name":"ModelAdvance", "ph":"E", "ts":"908637479", "pid":"1", "tid":"cice"},
{"name":"ModelAdvance", "ph":"B", "ts":"908811144", "pid":"1", "tid":"cice"},
{"name":"ModelAdvance", "ph":"E", "ts":"909274358", "pid":"1", "tid":"cice"},
{"name":"ModelAdvance", "ph":"B", "ts":"909528269", "pid":"1", "tid":"cice"},
{"name":"ModelAdvance", "ph":"E", "ts":"910000447", "pid":"1", "tid":"cice"},
{"name":"ModelAdvance", "ph":"B", "ts":"910201592", "pid":"1", "tid":"cice"},
{"name":"ModelAdvance", "ph":"E", "ts":"910668341", "pid":"1", "tid":"cice"},
{"name":"ModelAdvance", "ph":"B", "ts":"910861987", "pid":"1", "tid":"cice"},
{"name":"ModelAdvance", "ph":"E", "ts":"911341113", "pid":"1", "tid":"cice"},
{"name":"ModelAdvance", "ph":"B", "ts":"911523293", "pid":"1", "tid":"cice"},
{"name":"ModelAdvance", "ph":"E", "ts":"911986359", "pid":"1", "tid":"cice"},
{"name":"ModelAdvance", "ph":"B", "ts":"912186230", "pid":"1", "tid":"cice"},
{"name":"ModelAdvance", "ph":"E", "ts":"912650861", "pid":"1", "tid":"cice"},
{"name":"ModelAdvance", "ph":"B", "ts":"912904319", "pid":"1", "tid":"cice"},
{"name":"ModelAdvance", "ph":"E", "ts":"913374832", "pid":"1", "tid":"cice"},
{"name":"ModelAdvance", "ph":"B", "ts":"913568389", "pid":"1", "tid":"cice"},
{"name":"ModelAdvance", "ph":"E", "ts":"914038667", "pid":"1", "tid":"cice"},
{"name":"ModelAdvance", "ph":"B", "ts":"914280965", "pid":"1", "tid":"cice"},
{"name":"ModelAdvance", "ph":"E", "ts":"914744309", "pid":"1", "tid":"cice"},
{"name":"ModelAdvance", "ph":"B", "ts":"914941307", "pid":"1", "tid":"cice"},
{"name":"ModelAdvance", "ph":"E", "ts":"915410525", "pid":"1", "tid":"cice"},
{"name":"ModelAdvance", "ph":"B", "ts":"915648574", "pid":"1", "tid":"cice"},
{"name":"ModelAdvance", "ph":"E", "ts":"916113442", "pid":"1", "tid":"cice"},
{"name":"ModelAdvance", "ph":"B", "ts":"916309077", "pid":"1", "tid":"cice"},
{"name":"ModelAdvance", "ph":"E", "ts":"916781276", "pid":"1", "tid":"cice"},
{"name":"ModelAdvance", "ph":"B", "ts":"917132539", "pid":"1", "tid":"cice"},
{"name":"ModelAdvance", "ph":"E", "ts":"917600374", "pid":"1", "tid":"cice"},
{"name":"ModelAdvance", "ph":"B", "ts":"917877093", "pid":"1", "tid":"cice"},
{"name":"ModelAdvance", "ph":"E", "ts":"918349241", "pid":"1", "tid":"cice"},
{"name":"ModelAdvance", "ph":"B", "ts":"918612018", "pid":"1", "tid":"cice"},
{"name":"ModelAdvance", "ph":"E", "ts":"919085248", "pid":"1", "tid":"cice"},
{"name":"ModelAdvance", "ph":"B", "ts":"919939006", "pid":"1", "tid":"cice"},
{"name":"ModelAdvance", "ph":"E", "ts":"920401612", "pid":"1", "tid":"cice"},
{"name":"ModelAdvance", "ph":"B", "ts":"920598701", "pid":"1", "tid":"cice"},
{"name":"ModelAdvance", "ph":"E", "ts":"921062076", "pid":"1", "tid":"cice"},
{"name":"ModelAdvance", "ph":"B", "ts":"921267614", "pid":"1", "tid":"cice"},
{"name":"ModelAdvance", "ph":"E", "ts":"921734893", "pid":"1", "tid":"cice"},
{"name":"ModelAdvance", "ph":"B", "ts":"921980707", "pid":"1", "tid":"cice"},
{"name":"ModelAdvance", "ph":"E", "ts":"922448632", "pid":"1", "tid":"cice"},
{"name":"ModelAdvance", "ph":"B", "ts":"922661727", "pid":"1", "tid":"cice"},
{"name":"ModelAdvance", "ph":"E", "ts":"923120558", "pid":"1", "tid":"cice"},
{"name":"ModelAdvance", "ph":"B", "ts":"923342091", "pid":"1", "tid":"cice"},
{"name":"ModelAdvance", "ph":"E", "ts":"923814418", "pid":"1", "tid":"cice"},
{"name":"ModelAdvance", "ph":"B", "ts":"924047592", "pid":"1", "tid":"cice"},
{"name":"ModelAdvance", "ph":"E", "ts":"924509609", "pid":"1", "tid":"cice"},
{"name":"ModelAdvance", "ph":"B", "ts":"924721652", "pid":"1", "tid":"cice"},
{"name":"ModelAdvance", "ph":"E", "ts":"925196552", "pid":"1", "tid":"cice"},
{"name":"ModelAdvance", "ph":"B", "ts":"925386977", "pid":"1", "tid":"cice"},
{"name":"ModelAdvance", "ph":"E", "ts":"925855680", "pid":"1", "tid":"cice"},
{"name":"ModelAdvance", "ph":"B", "ts":"926054629", "pid":"1", "tid":"cice"},
{"name":"ModelAdvance", "ph":"E", "ts":"926518218", "pid":"1", "tid":"cice"},
{"name":"ModelAdvance", "ph":"B", "ts":"926714638", "pid":"1", "tid":"cice"},
{"name":"ModelAdvance", "ph":"E", "ts":"927181787", "pid":"1", "tid":"cice"},
{"name":"ModelAdvance", "ph":"B", "ts":"927440070", "pid":"1", "tid":"cice"},
{"name":"ModelAdvance", "ph":"E", "ts":"927907842", "pid":"1", "tid":"cice"},
{"name":"ModelAdvance", "ph":"B", "ts":"928115351", "pid":"1", "tid":"cice"},
{"name":"ModelAdvance", "ph":"E", "ts":"928578317", "pid":"1", "tid":"cice"},
{"name":"ModelAdvance", "ph":"B", "ts":"928778327", "pid":"1", "tid":"cice"},
{"name":"ModelAdvance", "ph":"E", "ts":"929253027", "pid":"1", "tid":"cice"},
{"name":"ModelAdvance", "ph":"B", "ts":"929452285", "pid":"1", "tid":"cice"},
{"name":"ModelAdvance", "ph":"E", "ts":"929920057", "pid":"1", "tid":"cice"},
{"name":"ModelAdvance", "ph":"B", "ts":"930130636", "pid":"1", "tid":"cice"},
{"name":"ModelAdvance", "ph":"E", "ts":"930590159", "pid":"1", "tid":"cice"},
{"name":"ModelAdvance", "ph":"B", "ts":"930791805", "pid":"1", "tid":"cice"},
{"name":"ModelAdvance", "ph":"E", "ts":"931262264", "pid":"1", "tid":"cice"},
{"name":"ModelAdvance", "ph":"B", "ts":"931479024", "pid":"1", "tid":"cice"},
{"name":"ModelAdvance", "ph":"E", "ts":"931943404", "pid":"1", "tid":"cice"},
{"name":"ModelAdvance", "ph":"B", "ts":"932132670", "pid":"1", "tid":"cice"},
{"name":"ModelAdvance", "ph":"E", "ts":"932596068", "pid":"1", "tid":"cice"},
{"name":"ModelAdvance", "ph":"B", "ts":"932802829", "pid":"1", "tid":"cice"},
{"name":"ModelAdvance", "ph":"E", "ts":"933266615", "pid":"1", "tid":"cice"},
{"name":"ModelAdvance", "ph":"B", "ts":"933459763", "pid":"1", "tid":"cice"},
{"name":"ModelAdvance", "ph":"E", "ts":"933932303", "pid":"1", "tid":"cice"},
{"name":"ModelAdvance", "ph":"B", "ts":"934121528", "pid":"1", "tid":"cice"},
{"name":"ModelAdvance", "ph":"E", "ts":"934592332", "pid":"1", "tid":"cice"},
{"name":"ModelAdvance", "ph":"B", "ts":"934814993", "pid":"1", "tid":"cice"},
{"name":"ModelAdvance", "ph":"E", "ts":"935280373", "pid":"1", "tid":"cice"},
{"name":"ModelAdvance", "ph":"B", "ts":"935491353", "pid":"1", "tid":"cice"},
{"name":"ModelAdvance", "ph":"E", "ts":"935965145", "pid":"1", "tid":"cice"},
{"name":"ModelAdvance", "ph":"B", "ts":"936807330", "pid":"1", "tid":"cice"},
{"name":"ModelAdvance", "ph":"E", "ts":"937285786", "pid":"1", "tid":"cice"},
{"name":"ModelAdvance", "ph":"B", "ts":"937512261", "pid":"1", "tid":"cice"},
{"name":"ModelAdvance", "ph":"E", "ts":"937982203", "pid":"1", "tid":"cice"},
{"name":"ModelAdvance", "ph":"B", "ts":"938158007", "pid":"1", "tid":"cice"},
{"name":"ModelAdvance", "ph":"E", "ts":"938621475", "pid":"1", "tid":"cice"},
{"name":"ModelAdvance", "ph":"B", "ts":"938814226", "pid":"1", "tid":"cice"},
{"name":"ModelAdvance", "ph":"E", "ts":"939280891", "pid":"1", "tid":"cice"},
{"name":"ModelAdvance", "ph":"B", "ts":"939460147", "pid":"1", "tid":"cice"},
{"name":"ModelAdvance", "ph":"E", "ts":"939929082", "pid":"1", "tid":"cice"},
{"name":"ModelAdvance", "ph":"B", "ts":"940110916", "pid":"1", "tid":"cice"},
{"name":"ModelAdvance", "ph":"E", "ts":"940573280", "pid":"1", "tid":"cice"},
{"name":"ModelAdvance", "ph":"B", "ts":"940761202", "pid":"1", "tid":"cice"},
{"name":"ModelAdvance", "ph":"E", "ts":"941225086", "pid":"1", "tid":"cice"},
{"name":"ModelAdvance", "ph":"B", "ts":"941399355", "pid":"1", "tid":"cice"},
{"name":"ModelAdvance", "ph":"E", "ts":"941873848", "pid":"1", "tid":"cice"},
{"name":"ModelAdvance", "ph":"B", "ts":"942038321", "pid":"1", "tid":"cice"},
{"name":"ModelAdvance", "ph":"E", "ts":"942502437", "pid":"1", "tid":"cice"},
{"name":"ModelAdvance", "ph":"B", "ts":"942678784", "pid":"1", "tid":"cice"},
{"name":"ModelAdvance", "ph":"E", "ts":"943148184", "pid":"1", "tid":"cice"},
{"name":"ModelAdvance", "ph":"B", "ts":"943314301", "pid":"1", "tid":"cice"},
{"name":"ModelAdvance", "ph":"E", "ts":"943787811", "pid":"1", "tid":"cice"},
{"name":"ModelAdvance", "ph":"B", "ts":"943967680", "pid":"1", "tid":"cice"},
{"name":"ModelAdvance", "ph":"E", "ts":"944440353", "pid":"1", "tid":"cice"},
{"name":"ModelAdvance", "ph":"B", "ts":"944601905", "pid":"1", "tid":"cice"},
{"name":"ModelAdvance", "ph":"E", "ts":"945066545", "pid":"1", "tid":"cice"},
{"name":"ModelAdvance", "ph":"B", "ts":"945233028", "pid":"1", "tid":"cice"},
{"name":"ModelAdvance", "ph":"E", "ts":"945710602", "pid":"1", "tid":"cice"},
{"name":"ModelAdvance", "ph":"B", "ts":"945860978", "pid":"1", "tid":"cice"},
{"name":"ModelAdvance", "ph":"E", "ts":"946316148", "pid":"1", "tid":"cice"},
{"name":"ModelAdvance", "ph":"B", "ts":"946491508", "pid":"1", "tid":"cice"},
{"name":"ModelAdvance", "ph":"E", "ts":"946966248", "pid":"1", "tid":"cice"},
{"name":"ModelAdvance", "ph":"B", "ts":"947111253", "pid":"1", "tid":"cice"},
{"name":"ModelAdvance", "ph":"E", "ts":"947585323", "pid":"1", "tid":"cice"},
{"name":"ModelAdvance", "ph":"B", "ts":"947791450", "pid":"1", "tid":"cice"},
{"name":"ModelAdvance", "ph":"E", "ts":"948251345", "pid":"1", "tid":"cice"},
{"name":"ModelAdvance", "ph":"B", "ts":"948423183", "pid":"1", "tid":"cice"},
{"name":"ModelAdvance", "ph":"E", "ts":"948880783", "pid":"1", "tid":"cice"},
{"name":"ModelAdvance", "ph":"B", "ts":"949055820", "pid":"1", "tid":"cice"},
{"name":"ModelAdvance", "ph":"E", "ts":"949519277", "pid":"1", "tid":"cice"},
{"name":"ModelAdvance", "ph":"B", "ts":"949687610", "pid":"1", "tid":"cice"},
{"name":"ModelAdvance", "ph":"E", "ts":"950154795", "pid":"1", "tid":"cice"},
{"name":"ModelAdvance", "ph":"B", "ts":"950312217", "pid":"1", "tid":"cice"},
{"name":"ModelAdvance", "ph":"E", "ts":"950776840", "pid":"1", "tid":"cice"},
{"name":"ModelAdvance", "ph":"B", "ts":"950942250", "pid":"1", "tid":"cice"},
{"name":"ModelAdvance", "ph":"E", "ts":"951402419", "pid":"1", "tid":"cice"},
{"name":"ModelAdvance", "ph":"B", "ts":"951599036", "pid":"1", "tid":"cice"},
{"name":"ModelAdvance", "ph":"E", "ts":"952067331", "pid":"1", "tid":"cice"},
{"name":"ModelAdvance", "ph":"B", "ts":"952908593", "pid":"1", "tid":"cice"},
{"name":"ModelAdvance", "ph":"E", "ts":"953370861", "pid":"1", "tid":"cice"},
{"name":"ModelAdvance", "ph":"B", "ts":"953531099", "pid":"1", "tid":"cice"},
{"name":"ModelAdvance", "ph":"E", "ts":"953993713", "pid":"1", "tid":"cice"},
{"name":"ModelAdvance", "ph":"B", "ts":"954165765", "pid":"1", "tid":"cice"},
{"name":"ModelAdvance", "ph":"E", "ts":"954636935", "pid":"1", "tid":"cice"},
{"name":"ModelAdvance", "ph":"B", "ts":"954803751", "pid":"1", "tid":"cice"},
{"name":"ModelAdvance", "ph":"E", "ts":"955267835", "pid":"1", "tid":"cice"},
{"name":"ModelAdvance", "ph":"B", "ts":"955416501", "pid":"1", "tid":"cice"},
{"name":"ModelAdvance", "ph":"E", "ts":"955890705", "pid":"1", "tid":"cice"},
{"name":"ModelAdvance", "ph":"B", "ts":"956042176", "pid":"1", "tid":"cice"},
{"name":"ModelAdvance", "ph":"E", "ts":"956506993", "pid":"1", "tid":"cice"},
{"name":"ModelAdvance", "ph":"B", "ts":"956666434", "pid":"1", "tid":"cice"},
{"name":"ModelAdvance", "ph":"E", "ts":"957132058", "pid":"1", "tid":"cice"},
{"name":"ModelAdvance", "ph":"B", "ts":"957287740", "pid":"1", "tid":"cice"},
{"name":"ModelAdvance", "ph":"E", "ts":"957760064", "pid":"1", "tid":"cice"},
{"name":"ModelAdvance", "ph":"B", "ts":"957932843", "pid":"1", "tid":"cice"},
{"name":"ModelAdvance", "ph":"E", "ts":"958402841", "pid":"1", "tid":"cice"},
{"name":"ModelAdvance", "ph":"B", "ts":"958563969", "pid":"1", "tid":"cice"},
{"name":"ModelAdvance", "ph":"E", "ts":"959030170", "pid":"1", "tid":"cice"},
{"name":"ModelAdvance", "ph":"B", "ts":"959203969", "pid":"1", "tid":"cice"},
{"name":"ModelAdvance", "ph":"E", "ts":"959661120", "pid":"1", "tid":"cice"},
{"name":"ModelAdvance", "ph":"B", "ts":"959853886", "pid":"1", "tid":"cice"},
{"name":"ModelAdvance", "ph":"E", "ts":"960322091", "pid":"1", "tid":"cice"},
{"name":"ModelAdvance", "ph":"B", "ts":"960509915", "pid":"1", "tid":"cice"},
{"name":"ModelAdvance", "ph":"E", "ts":"960979003", "pid":"1", "tid":"cice"},
{"name":"ModelAdvance", "ph":"B", "ts":"961139979", "pid":"1", "tid":"cice"},
{"name":"ModelAdvance", "ph":"E", "ts":"961601931", "pid":"1", "tid":"cice"},
{"name":"ModelAdvance", "ph":"B", "ts":"961768959", "pid":"1", "tid":"cice"},
{"name":"ModelAdvance", "ph":"E", "ts":"962233601", "pid":"1", "tid":"cice"},
{"name":"ModelAdvance", "ph":"B", "ts":"962403184", "pid":"1", "tid":"cice"},
{"name":"ModelAdvance", "ph":"E", "ts":"962873448", "pid":"1", "tid":"cice"},
{"name":"ModelAdvance", "ph":"B", "ts":"963042955", "pid":"1", "tid":"cice"},
{"name":"ModelAdvance", "ph":"E", "ts":"963509253", "pid":"1", "tid":"cice"},
{"name":"ModelAdvance", "ph":"B", "ts":"963689546", "pid":"1", "tid":"cice"},
{"name":"ModelAdvance", "ph":"E", "ts":"964158602", "pid":"1", "tid":"cice"},
{"name":"ModelAdvance", "ph":"B", "ts":"964336576", "pid":"1", "tid":"cice"},
{"name":"ModelAdvance", "ph":"E", "ts":"964799433", "pid":"1", "tid":"cice"},
{"name":"ModelAdvance", "ph":"B", "ts":"964969855", "pid":"1", "tid":"cice"},
{"name":"ModelAdvance", "ph":"E", "ts":"965431310", "pid":"1", "tid":"cice"},
{"name":"ModelAdvance", "ph":"B", "ts":"965617986", "pid":"1", "tid":"cice"},
{"name":"ModelAdvance", "ph":"E", "ts":"966083570", "pid":"1", "tid":"cice"},
{"name":"ModelAdvance", "ph":"B", "ts":"966253863", "pid":"1", "tid":"cice"},
{"name":"ModelAdvance", "ph":"E", "ts":"966725839", "pid":"1", "tid":"cice"},
{"name":"ModelAdvance", "ph":"B", "ts":"966885685", "pid":"1", "tid":"cice"},
{"name":"ModelAdvance", "ph":"E", "ts":"967457590", "pid":"1", "tid":"cice"},
{"name":"ModelAdvance", "ph":"B", "ts":"967541459", "pid":"1", "tid":"cice"},
{"name":"ModelAdvance", "ph":"E", "ts":"968006911", "pid":"1", "tid":"cice"},
{"name":"ModelAdvance", "ph":"B", "ts":"968860851", "pid":"1", "tid":"cice"},
{"name":"ModelAdvance", "ph":"E", "ts":"969322904", "pid":"1", "tid":"cice"},
{"name":"ModelAdvance", "ph":"B", "ts":"969511313", "pid":"1", "tid":"cice"},
{"name":"ModelAdvance", "ph":"E", "ts":"969982210", "pid":"1", "tid":"cice"},
{"name":"ModelAdvance", "ph":"B", "ts":"970144414", "pid":"1", "tid":"cice"},
{"name":"ModelAdvance", "ph":"E", "ts":"970604226", "pid":"1", "tid":"cice"},
{"name":"ModelAdvance", "ph":"B", "ts":"970786027", "pid":"1", "tid":"cice"},
{"name":"ModelAdvance", "ph":"E", "ts":"971255058", "pid":"1", "tid":"cice"},
{"name":"ModelAdvance", "ph":"B", "ts":"971423003", "pid":"1", "tid":"cice"},
{"name":"ModelAdvance", "ph":"E", "ts":"971890651", "pid":"1", "tid":"cice"},
{"name":"ModelAdvance", "ph":"B", "ts":"972068531", "pid":"1", "tid":"cice"},
{"name":"ModelAdvance", "ph":"E", "ts":"972535744", "pid":"1", "tid":"cice"},
{"name":"ModelAdvance", "ph":"B", "ts":"972705765", "pid":"1", "tid":"cice"},
{"name":"ModelAdvance", "ph":"E", "ts":"973168983", "pid":"1", "tid":"cice"},
{"name":"ModelAdvance", "ph":"B", "ts":"973340715", "pid":"1", "tid":"cice"},
{"name":"ModelAdvance", "ph":"E", "ts":"973799118", "pid":"1", "tid":"cice"},
{"name":"ModelAdvance", "ph":"B", "ts":"973979064", "pid":"1", "tid":"cice"},
{"name":"ModelAdvance", "ph":"E", "ts":"974441664", "pid":"1", "tid":"cice"},
{"name":"ModelAdvance", "ph":"B", "ts":"974622561", "pid":"1", "tid":"cice"},
{"name":"ModelAdvance", "ph":"E", "ts":"975089298", "pid":"1", "tid":"cice"},
{"name":"ModelAdvance", "ph":"B", "ts":"975263839", "pid":"1", "tid":"cice"},
{"name":"ModelAdvance", "ph":"E", "ts":"975730681", "pid":"1", "tid":"cice"},
{"name":"ModelAdvance", "ph":"B", "ts":"975928554", "pid":"1", "tid":"cice"},
{"name":"ModelAdvance", "ph":"E", "ts":"976393552", "pid":"1", "tid":"cice"},
{"name":"ModelAdvance", "ph":"B", "ts":"976567209", "pid":"1", "tid":"cice"},
{"name":"ModelAdvance", "ph":"E", "ts":"977041721", "pid":"1", "tid":"cice"},
{"name":"ModelAdvance", "ph":"B", "ts":"977201132", "pid":"1", "tid":"cice"},
{"name":"ModelAdvance", "ph":"E", "ts":"977671485", "pid":"1", "tid":"cice"},
{"name":"ModelAdvance", "ph":"B", "ts":"977852528", "pid":"1", "tid":"cice"},
{"name":"ModelAdvance", "ph":"E", "ts":"978313505", "pid":"1", "tid":"cice"},
{"name":"ModelAdvance", "ph":"B", "ts":"978498536", "pid":"1", "tid":"cice"},
{"name":"ModelAdvance", "ph":"E", "ts":"978977645", "pid":"1", "tid":"cice"},
{"name":"ModelAdvance", "ph":"B", "ts":"979148130", "pid":"1", "tid":"cice"},
{"name":"ModelAdvance", "ph":"E", "ts":"979606342", "pid":"1", "tid":"cice"},
{"name":"ModelAdvance", "ph":"B", "ts":"979862581", "pid":"1", "tid":"cice"},
{"name":"ModelAdvance", "ph":"E", "ts":"980332391", "pid":"1", "tid":"cice"},
{"name":"ModelAdvance", "ph":"B", "ts":"980553975", "pid":"1", "tid":"cice"},
{"name":"ModelAdvance", "ph":"E", "ts":"981017175", "pid":"1", "tid":"cice"},
{"name":"ModelAdvance", "ph":"B", "ts":"981226610", "pid":"1", "tid":"cice"},
{"name":"ModelAdvance", "ph":"E", "ts":"981696324", "pid":"1", "tid":"cice"},
{"name":"ModelAdvance", "ph":"B", "ts":"981878114", "pid":"1", "tid":"cice"},
{"name":"ModelAdvance", "ph":"E", "ts":"982358321", "pid":"1", "tid":"cice"},
{"name":"ModelAdvance", "ph":"B", "ts":"982532614", "pid":"1", "tid":"cice"},
{"name":"ModelAdvance", "ph":"E", "ts":"982994498", "pid":"1", "tid":"cice"},
{"name":"ModelAdvance", "ph":"B", "ts":"983241382", "pid":"1", "tid":"cice"},
{"name":"ModelAdvance", "ph":"E", "ts":"983703482", "pid":"1", "tid":"cice"},
{"name":"ModelAdvance", "ph":"B", "ts":"983916800", "pid":"1", "tid":"cice"},
{"name":"ModelAdvance", "ph":"E", "ts":"984391331", "pid":"1", "tid":"cice"},
{"name":"ModelAdvance", "ph":"B", "ts":"985228213", "pid":"1", "tid":"cice"},
{"name":"ModelAdvance", "ph":"E", "ts":"985700616", "pid":"1", "tid":"cice"},
{"name":"ModelAdvance", "ph":"B", "ts":"985880578", "pid":"1", "tid":"cice"},
{"name":"ModelAdvance", "ph":"E", "ts":"986345086", "pid":"1", "tid":"cice"},
{"name":"ModelAdvance", "ph":"B", "ts":"986518396", "pid":"1", "tid":"cice"},
{"name":"ModelAdvance", "ph":"E", "ts":"986986799", "pid":"1", "tid":"cice"},
{"name":"ModelAdvance", "ph":"B", "ts":"987159766", "pid":"1", "tid":"cice"},
{"name":"ModelAdvance", "ph":"E", "ts":"987636374", "pid":"1", "tid":"cice"},
{"name":"ModelAdvance", "ph":"B", "ts":"987810362", "pid":"1", "tid":"cice"},
{"name":"ModelAdvance", "ph":"E", "ts":"988280127", "pid":"1", "tid":"cice"},
{"name":"ModelAdvance", "ph":"B", "ts":"988474050", "pid":"1", "tid":"cice"},
{"name":"ModelAdvance", "ph":"E", "ts":"988948643", "pid":"1", "tid":"cice"},
{"name":"ModelAdvance", "ph":"B", "ts":"989116865", "pid":"1", "tid":"cice"},
{"name":"ModelAdvance", "ph":"E", "ts":"989591049", "pid":"1", "tid":"cice"},
{"name":"ModelAdvance", "ph":"B", "ts":"989764085", "pid":"1", "tid":"cice"},
{"name":"ModelAdvance", "ph":"E", "ts":"990236137", "pid":"1", "tid":"cice"},
{"name":"ModelAdvance", "ph":"B", "ts":"990415367", "pid":"1", "tid":"cice"},
{"name":"ModelAdvance", "ph":"E", "ts":"990889839", "pid":"1", "tid":"cice"},
{"name":"ModelAdvance", "ph":"B", "ts":"991056281", "pid":"1", "tid":"cice"},
{"name":"ModelAdvance", "ph":"E", "ts":"991513763", "pid":"1", "tid":"cice"},
{"name":"ModelAdvance", "ph":"B", "ts":"991698359", "pid":"1", "tid":"cice"},
{"name":"ModelAdvance", "ph":"E", "ts":"992162367", "pid":"1", "tid":"cice"},
{"name":"ModelAdvance", "ph":"B", "ts":"992374131", "pid":"1", "tid":"cice"},
{"name":"ModelAdvance", "ph":"E", "ts":"992847672", "pid":"1", "tid":"cice"},
{"name":"ModelAdvance", "ph":"B", "ts":"993019848", "pid":"1", "tid":"cice"},
{"name":"ModelAdvance", "ph":"E", "ts":"993484790", "pid":"1", "tid":"cice"},
{"name":"ModelAdvance", "ph":"B", "ts":"993660027", "pid":"1", "tid":"cice"},
{"name":"ModelAdvance", "ph":"E", "ts":"994126806", "pid":"1", "tid":"cice"},
{"name":"ModelAdvance", "ph":"B", "ts":"994297518", "pid":"1", "tid":"cice"},
{"name":"ModelAdvance", "ph":"E", "ts":"994765342", "pid":"1", "tid":"cice"},
{"name":"ModelAdvance", "ph":"B", "ts":"994932807", "pid":"1", "tid":"cice"},
{"name":"ModelAdvance", "ph":"E", "ts":"995401076", "pid":"1", "tid":"cice"},
{"name":"ModelAdvance", "ph":"B", "ts":"995586989", "pid":"1", "tid":"cice"},
{"name":"ModelAdvance", "ph":"E", "ts":"996051601", "pid":"1", "tid":"cice"},
{"name":"ModelAdvance", "ph":"B", "ts":"996223412", "pid":"1", "tid":"cice"},
{"name":"ModelAdvance", "ph":"E", "ts":"996698472", "pid":"1", "tid":"cice"},
{"name":"ModelAdvance", "ph":"B", "ts":"996867256", "pid":"1", "tid":"cice"},
{"name":"ModelAdvance", "ph":"E", "ts":"997328532", "pid":"1", "tid":"cice"},
{"name":"ModelAdvance", "ph":"B", "ts":"997525015", "pid":"1", "tid":"cice"},
{"name":"ModelAdvance", "ph":"E", "ts":"997989843", "pid":"1", "tid":"cice"},
{"name":"ModelAdvance", "ph":"B", "ts":"998175104", "pid":"1", "tid":"cice"},
{"name":"ModelAdvance", "ph":"E", "ts":"998636171", "pid":"1", "tid":"cice"},
{"name":"ModelAdvance", "ph":"B", "ts":"998820065", "pid":"1", "tid":"cice"},
{"name":"ModelAdvance", "ph":"E", "ts":"999294974", "pid":"1", "tid":"cice"},
{"name":"ModelAdvance", "ph":"B", "ts":"999460990", "pid":"1", "tid":"cice"},
{"name":"ModelAdvance", "ph":"E", "ts":"999927007", "pid":"1", "tid":"cice"},
{"name":"ModelAdvance", "ph":"B", "ts":"1000131793", "pid":"1", "tid":"cice"},
{"name":"ModelAdvance", "ph":"E", "ts":"1000601948", "pid":"1", "tid":"cice"},
{"name":"ModelAdvance", "ph":"B", "ts":"1001474083", "pid":"1", "tid":"cice"},
{"name":"ModelAdvance", "ph":"E", "ts":"1001949823", "pid":"1", "tid":"cice"},
{"name":"ModelAdvance", "ph":"B", "ts":"1002126979", "pid":"1", "tid":"cice"},
{"name":"ModelAdvance", "ph":"E", "ts":"1002594975", "pid":"1", "tid":"cice"},
{"name":"ModelAdvance", "ph":"B", "ts":"1002774618", "pid":"1", "tid":"cice"},
{"name":"ModelAdvance", "ph":"E", "ts":"1003250312", "pid":"1", "tid":"cice"},
{"name":"ModelAdvance", "ph":"B", "ts":"1003425538", "pid":"1", "tid":"cice"},
{"name":"ModelAdvance", "ph":"E", "ts":"1003891674", "pid":"1", "tid":"cice"},
{"name":"ModelAdvance", "ph":"B", "ts":"1004065048", "pid":"1", "tid":"cice"},
{"name":"ModelAdvance", "ph":"E", "ts":"1004538339", "pid":"1", "tid":"cice"},
{"name":"ModelAdvance", "ph":"B", "ts":"1004706694", "pid":"1", "tid":"cice"},
{"name":"ModelAdvance", "ph":"E", "ts":"1005186352", "pid":"1", "tid":"cice"},
{"name":"ModelAdvance", "ph":"B", "ts":"1005353763", "pid":"1", "tid":"cice"},
{"name":"ModelAdvance", "ph":"E", "ts":"1005814379", "pid":"1", "tid":"cice"},
{"name":"ModelAdvance", "ph":"B", "ts":"1005990914", "pid":"1", "tid":"cice"},
{"name":"ModelAdvance", "ph":"E", "ts":"1006455186", "pid":"1", "tid":"cice"},
{"name":"ModelAdvance", "ph":"B", "ts":"1006643624", "pid":"1", "tid":"cice"},
{"name":"ModelAdvance", "ph":"E", "ts":"1007117559", "pid":"1", "tid":"cice"},
{"name":"ModelAdvance", "ph":"B", "ts":"1007296457", "pid":"1", "tid":"cice"},
{"name":"ModelAdvance", "ph":"E", "ts":"1007760554", "pid":"1", "tid":"cice"},
{"name":"ModelAdvance", "ph":"B", "ts":"1007989748", "pid":"1", "tid":"cice"},
{"name":"ModelAdvance", "ph":"E", "ts":"1008466731", "pid":"1", "tid":"cice"},
{"name":"ModelAdvance", "ph":"B", "ts":"1008663006", "pid":"1", "tid":"cice"},
{"name":"ModelAdvance", "ph":"E", "ts":"1009122765", "pid":"1", "tid":"cice"},
{"name":"ModelAdvance", "ph":"B", "ts":"1009303031", "pid":"1", "tid":"cice"},
{"name":"ModelAdvance", "ph":"E", "ts":"1009779514", "pid":"1", "tid":"cice"},
{"name":"ModelAdvance", "ph":"B", "ts":"1009943278", "pid":"1", "tid":"cice"},
{"name":"ModelAdvance", "ph":"E", "ts":"1010398137", "pid":"1", "tid":"cice"},
{"name":"ModelAdvance", "ph":"B", "ts":"1010585713", "pid":"1", "tid":"cice"},
{"name":"ModelAdvance", "ph":"E", "ts":"1011060856", "pid":"1", "tid":"cice"},
{"name":"ModelAdvance", "ph":"B", "ts":"1011235978", "pid":"1", "tid":"cice"},
{"name":"ModelAdvance", "ph":"E", "ts":"1011694700", "pid":"1", "tid":"cice"},
{"name":"ModelAdvance", "ph":"B", "ts":"1011882619", "pid":"1", "tid":"cice"},
{"name":"ModelAdvance", "ph":"E", "ts":"1012357883", "pid":"1", "tid":"cice"},
{"name":"ModelAdvance", "ph":"B", "ts":"1012532084", "pid":"1", "tid":"cice"},
{"name":"ModelAdvance", "ph":"E", "ts":"1012998748", "pid":"1", "tid":"cice"},
{"name":"ModelAdvance", "ph":"B", "ts":"1013197989", "pid":"1", "tid":"cice"},
{"name":"ModelAdvance", "ph":"E", "ts":"1013674991", "pid":"1", "tid":"cice"},
{"name":"ModelAdvance", "ph":"B", "ts":"1013867371", "pid":"1", "tid":"cice"},
{"name":"ModelAdvance", "ph":"E", "ts":"1014342860", "pid":"1", "tid":"cice"},
{"name":"ModelAdvance", "ph":"B", "ts":"1014528289", "pid":"1", "tid":"cice"},
{"name":"ModelAdvance", "ph":"E", "ts":"1014989044", "pid":"1", "tid":"cice"},
{"name":"ModelAdvance", "ph":"B", "ts":"1015173448", "pid":"1", "tid":"cice"},
{"name":"ModelAdvance", "ph":"E", "ts":"1015641152", "pid":"1", "tid":"cice"},
{"name":"ModelAdvance", "ph":"B", "ts":"1015829166", "pid":"1", "tid":"cice"},
{"name":"ModelAdvance", "ph":"E", "ts":"1016296180", "pid":"1", "tid":"cice"},
{"name":"ModelAdvance", "ph":"B", "ts":"1016539642", "pid":"1", "tid":"cice"},
{"name":"ModelAdvance", "ph":"E", "ts":"1017005467", "pid":"1", "tid":"cice"},
{"name":"ModelAdvance", "ph":"B", "ts":"1017880431", "pid":"1", "tid":"cice"},
{"name":"ModelAdvance", "ph":"E", "ts":"1018357214", "pid":"1", "tid":"cice"},
{"name":"ModelAdvance", "ph":"B", "ts":"1018559076", "pid":"1", "tid":"cice"},
{"name":"ModelAdvance", "ph":"E", "ts":"1019032711", "pid":"1", "tid":"cice"},
{"name":"ModelAdvance", "ph":"B", "ts":"1019241950", "pid":"1", "tid":"cice"},
{"name":"ModelAdvance", "ph":"E", "ts":"1019713148", "pid":"1", "tid":"cice"},
{"name":"ModelAdvance", "ph":"B", "ts":"1019883427", "pid":"1", "tid":"cice"},
{"name":"ModelAdvance", "ph":"E", "ts":"1020362122", "pid":"1", "tid":"cice"},
{"name":"ModelAdvance", "ph":"B", "ts":"1020534128", "pid":"1", "tid":"cice"},
{"name":"ModelAdvance", "ph":"E", "ts":"1020993756", "pid":"1", "tid":"cice"},
{"name":"ModelAdvance", "ph":"B", "ts":"1021185196", "pid":"1", "tid":"cice"},
{"name":"ModelAdvance", "ph":"E", "ts":"1021659742", "pid":"1", "tid":"cice"},
{"name":"ModelAdvance", "ph":"B", "ts":"1021829205", "pid":"1", "tid":"cice"},
{"name":"ModelAdvance", "ph":"E", "ts":"1022296644", "pid":"1", "tid":"cice"},
{"name":"ModelAdvance", "ph":"B", "ts":"1022466379", "pid":"1", "tid":"cice"},
{"name":"ModelAdvance", "ph":"E", "ts":"1022941083", "pid":"1", "tid":"cice"},
{"name":"ModelAdvance", "ph":"B", "ts":"1023118997", "pid":"1", "tid":"cice"},
{"name":"ModelAdvance", "ph":"E", "ts":"1023592392", "pid":"1", "tid":"cice"},
{"name":"ModelAdvance", "ph":"B", "ts":"1023759541", "pid":"1", "tid":"cice"},
{"name":"ModelAdvance", "ph":"E", "ts":"1024239772", "pid":"1", "tid":"cice"},
{"name":"ModelAdvance", "ph":"B", "ts":"1024401565", "pid":"1", "tid":"cice"},
{"name":"ModelAdvance", "ph":"E", "ts":"1024870130", "pid":"1", "tid":"cice"},
{"name":"ModelAdvance", "ph":"B", "ts":"1025068463", "pid":"1", "tid":"cice"},
{"name":"ModelAdvance", "ph":"E", "ts":"1025546869", "pid":"1", "tid":"cice"},
{"name":"ModelAdvance", "ph":"B", "ts":"1025714723", "pid":"1", "tid":"cice"},
{"name":"ModelAdvance", "ph":"E", "ts":"1026177494", "pid":"1", "tid":"cice"},
{"name":"ModelAdvance", "ph":"B", "ts":"1026352929", "pid":"1", "tid":"cice"},
{"name":"ModelAdvance", "ph":"E", "ts":"1026815100", "pid":"1", "tid":"cice"},
{"name":"ModelAdvance", "ph":"B", "ts":"1026981834", "pid":"1", "tid":"cice"},
{"name":"ModelAdvance", "ph":"E", "ts":"1027442657", "pid":"1", "tid":"cice"},
{"name":"ModelAdvance", "ph":"B", "ts":"1027616869", "pid":"1", "tid":"cice"},
{"name":"ModelAdvance", "ph":"E", "ts":"1028078624", "pid":"1", "tid":"cice"},
{"name":"ModelAdvance", "ph":"B", "ts":"1028261822", "pid":"1", "tid":"cice"},
{"name":"ModelAdvance", "ph":"E", "ts":"1028737753", "pid":"1", "tid":"cice"},
{"name":"ModelAdvance", "ph":"B", "ts":"1028909265", "pid":"1", "tid":"cice"},
{"name":"ModelAdvance", "ph":"E", "ts":"1029371668", "pid":"1", "tid":"cice"},
{"name":"ModelAdvance", "ph":"B", "ts":"1029558857", "pid":"1", "tid":"cice"},
{"name":"ModelAdvance", "ph":"E", "ts":"1030018779", "pid":"1", "tid":"cice"},
{"name":"ModelAdvance", "ph":"B", "ts":"1030189974", "pid":"1", "tid":"cice"},
{"name":"ModelAdvance", "ph":"E", "ts":"1030653466", "pid":"1", "tid":"cice"},
{"name":"ModelAdvance", "ph":"B", "ts":"1030820631", "pid":"1", "tid":"cice"},
{"name":"ModelAdvance", "ph":"E", "ts":"1031279598", "pid":"1", "tid":"cice"},
{"name":"ModelAdvance", "ph":"B", "ts":"1031445956", "pid":"1", "tid":"cice"},
{"name":"ModelAdvance", "ph":"E", "ts":"1031903996", "pid":"1", "tid":"cice"},
{"name":"ModelAdvance", "ph":"B", "ts":"1032069796", "pid":"1", "tid":"cice"},
{"name":"ModelAdvance", "ph":"E", "ts":"1032531624", "pid":"1", "tid":"cice"},
{"name":"ModelAdvance", "ph":"B", "ts":"1032713569", "pid":"1", "tid":"cice"},
{"name":"ModelAdvance", "ph":"E", "ts":"1033174563", "pid":"1", "tid":"cice"},
{"name":"ModelAdvance", "ph":"B", "ts":"1034029555", "pid":"1", "tid":"cice"},
{"name":"ModelAdvance", "ph":"E", "ts":"1034495380", "pid":"1", "tid":"cice"},
{"name":"ModelAdvance", "ph":"B", "ts":"1034654400", "pid":"1", "tid":"cice"},
{"name":"ModelAdvance", "ph":"E", "ts":"1035120954", "pid":"1", "tid":"cice"},
{"name":"ModelAdvance", "ph":"B", "ts":"1035280622", "pid":"1", "tid":"cice"},
{"name":"ModelAdvance", "ph":"E", "ts":"1035741561", "pid":"1", "tid":"cice"},
{"name":"ModelAdvance", "ph":"B", "ts":"1035910573", "pid":"1", "tid":"cice"},
{"name":"ModelAdvance", "ph":"E", "ts":"1036383587", "pid":"1", "tid":"cice"},
{"name":"ModelAdvance", "ph":"B", "ts":"1036545797", "pid":"1", "tid":"cice"},
{"name":"ModelAdvance", "ph":"E", "ts":"1037002101", "pid":"1", "tid":"cice"},
{"name":"ModelAdvance", "ph":"B", "ts":"1037164721", "pid":"1", "tid":"cice"},
{"name":"ModelAdvance", "ph":"E", "ts":"1037625786", "pid":"1", "tid":"cice"},
{"name":"ModelAdvance", "ph":"B", "ts":"1037797967", "pid":"1", "tid":"cice"},
{"name":"ModelAdvance", "ph":"E", "ts":"1038266981", "pid":"1", "tid":"cice"},
{"name":"ModelAdvance", "ph":"B", "ts":"1038425185", "pid":"1", "tid":"cice"},
{"name":"ModelAdvance", "ph":"E", "ts":"1038890796", "pid":"1", "tid":"cice"},
{"name":"ModelAdvance", "ph":"B", "ts":"1039072655", "pid":"1", "tid":"cice"},
{"name":"ModelAdvance", "ph":"E", "ts":"1039532585", "pid":"1", "tid":"cice"},
{"name":"ModelAdvance", "ph":"B", "ts":"1039712000", "pid":"1", "tid":"cice"},
{"name":"ModelAdvance", "ph":"E", "ts":"1040170754", "pid":"1", "tid":"cice"},
{"name":"ModelAdvance", "ph":"B", "ts":"1040355162", "pid":"1", "tid":"cice"},
{"name":"ModelAdvance", "ph":"E", "ts":"1040819444", "pid":"1", "tid":"cice"},
{"name":"ModelAdvance", "ph":"B", "ts":"1041014552", "pid":"1", "tid":"cice"},
{"name":"ModelAdvance", "ph":"E", "ts":"1041478713", "pid":"1", "tid":"cice"},
{"name":"ModelAdvance", "ph":"B", "ts":"1041658625", "pid":"1", "tid":"cice"},
{"name":"ModelAdvance", "ph":"E", "ts":"1042122552", "pid":"1", "tid":"cice"},
{"name":"ModelAdvance", "ph":"B", "ts":"1042286495", "pid":"1", "tid":"cice"},
{"name":"ModelAdvance", "ph":"E", "ts":"1042744978", "pid":"1", "tid":"cice"},
{"name":"ModelAdvance", "ph":"B", "ts":"1042934737", "pid":"1", "tid":"cice"},
{"name":"ModelAdvance", "ph":"E", "ts":"1043392619", "pid":"1", "tid":"cice"},
{"name":"ModelAdvance", "ph":"B", "ts":"1043602559", "pid":"1", "tid":"cice"},
{"name":"ModelAdvance", "ph":"E", "ts":"1044064138", "pid":"1", "tid":"cice"},
{"name":"ModelAdvance", "ph":"B", "ts":"1044248656", "pid":"1", "tid":"cice"},
{"name":"ModelAdvance", "ph":"E", "ts":"1044706557", "pid":"1", "tid":"cice"},
{"name":"ModelAdvance", "ph":"B", "ts":"1044881088", "pid":"1", "tid":"cice"},
{"name":"ModelAdvance", "ph":"E", "ts":"1045347540", "pid":"1", "tid":"cice"},
{"name":"ModelAdvance", "ph":"B", "ts":"1045515713", "pid":"1", "tid":"cice"},
{"name":"ModelAdvance", "ph":"E", "ts":"1045982562", "pid":"1", "tid":"cice"},
{"name":"ModelAdvance", "ph":"B", "ts":"1046151474", "pid":"1", "tid":"cice"},
{"name":"ModelAdvance", "ph":"E", "ts":"1046614821", "pid":"1", "tid":"cice"},
{"name":"ModelAdvance", "ph":"B", "ts":"1046786107", "pid":"1", "tid":"cice"},
{"name":"ModelAdvance", "ph":"E", "ts":"1047254677", "pid":"1", "tid":"cice"},
{"name":"ModelAdvance", "ph":"B", "ts":"1047412880", "pid":"1", "tid":"cice"},
{"name":"ModelAdvance", "ph":"E", "ts":"1047875501", "pid":"1", "tid":"cice"},
{"name":"ModelAdvance", "ph":"B", "ts":"1048050141", "pid":"1", "tid":"cice"},
{"name":"ModelAdvance", "ph":"E", "ts":"1048505989", "pid":"1", "tid":"cice"},
{"name":"ModelAdvance", "ph":"B", "ts":"1048707621", "pid":"1", "tid":"cice"},
{"name":"ModelAdvance", "ph":"E", "ts":"1049169937", "pid":"1", "tid":"cice"},
{"name":"ModelAdvance", "ph":"B", "ts":"1050031916", "pid":"1", "tid":"cice"},
{"name":"ModelAdvance", "ph":"E", "ts":"1050495064", "pid":"1", "tid":"cice"},
{"name":"ModelAdvance", "ph":"B", "ts":"1050663829", "pid":"1", "tid":"cice"},
{"name":"ModelAdvance", "ph":"E", "ts":"1051121250", "pid":"1", "tid":"cice"},
{"name":"ModelAdvance", "ph":"B", "ts":"1051295890", "pid":"1", "tid":"cice"},
{"name":"ModelAdvance", "ph":"E", "ts":"1051754694", "pid":"1", "tid":"cice"},
{"name":"ModelAdvance", "ph":"B", "ts":"1051921424", "pid":"1", "tid":"cice"},
{"name":"ModelAdvance", "ph":"E", "ts":"1052378664", "pid":"1", "tid":"cice"},
{"name":"ModelAdvance", "ph":"B", "ts":"1052549896", "pid":"1", "tid":"cice"},
{"name":"ModelAdvance", "ph":"E", "ts":"1053013407", "pid":"1", "tid":"cice"},
{"name":"ModelAdvance", "ph":"B", "ts":"1053173281", "pid":"1", "tid":"cice"},
{"name":"ModelAdvance", "ph":"E", "ts":"1053630047", "pid":"1", "tid":"cice"},
{"name":"ModelAdvance", "ph":"B", "ts":"1053808062", "pid":"1", "tid":"cice"},
{"name":"ModelAdvance", "ph":"E", "ts":"1054272239", "pid":"1", "tid":"cice"},
{"name":"ModelAdvance", "ph":"B", "ts":"1054443178", "pid":"1", "tid":"cice"},
{"name":"ModelAdvance", "ph":"E", "ts":"1054901261", "pid":"1", "tid":"cice"},
{"name":"ModelAdvance", "ph":"B", "ts":"1055077099", "pid":"1", "tid":"cice"},
{"name":"ModelAdvance", "ph":"E", "ts":"1055543643", "pid":"1", "tid":"cice"},
{"name":"ModelAdvance", "ph":"B", "ts":"1055715590", "pid":"1", "tid":"cice"},
{"name":"ModelAdvance", "ph":"E", "ts":"1056169985", "pid":"1", "tid":"cice"},
{"name":"ModelAdvance", "ph":"B", "ts":"1056348659", "pid":"1", "tid":"cice"},
{"name":"ModelAdvance", "ph":"E", "ts":"1056803475", "pid":"1", "tid":"cice"},
{"name":"ModelAdvance", "ph":"B", "ts":"1057003227", "pid":"1", "tid":"cice"},
{"name":"ModelAdvance", "ph":"E", "ts":"1057463887", "pid":"1", "tid":"cice"},
{"name":"ModelAdvance", "ph":"B", "ts":"1057641036", "pid":"1", "tid":"cice"},
{"name":"ModelAdvance", "ph":"E", "ts":"1058098993", "pid":"1", "tid":"cice"},
{"name":"ModelAdvance", "ph":"B", "ts":"1058266275", "pid":"1", "tid":"cice"},
{"name":"ModelAdvance", "ph":"E", "ts":"1058734099", "pid":"1", "tid":"cice"},
{"name":"ModelAdvance", "ph":"B", "ts":"1058902890", "pid":"1", "tid":"cice"},
{"name":"ModelAdvance", "ph":"E", "ts":"1059361540", "pid":"1", "tid":"cice"},
{"name":"ModelAdvance", "ph":"B", "ts":"1059539116", "pid":"1", "tid":"cice"},
{"name":"ModelAdvance", "ph":"E", "ts":"1060001563", "pid":"1", "tid":"cice"},
{"name":"ModelAdvance", "ph":"B", "ts":"1060173603", "pid":"1", "tid":"cice"},
{"name":"ModelAdvance", "ph":"E", "ts":"1060635189", "pid":"1", "tid":"cice"},
{"name":"ModelAdvance", "ph":"B", "ts":"1060803493", "pid":"1", "tid":"cice"},
{"name":"ModelAdvance", "ph":"E", "ts":"1061265575", "pid":"1", "tid":"cice"},
{"name":"ModelAdvance", "ph":"B", "ts":"1061432674", "pid":"1", "tid":"cice"},
{"name":"ModelAdvance", "ph":"E", "ts":"1061892836", "pid":"1", "tid":"cice"},
{"name":"ModelAdvance", "ph":"B", "ts":"1062069658", "pid":"1", "tid":"cice"},
{"name":"ModelAdvance", "ph":"E", "ts":"1062532173", "pid":"1", "tid":"cice"},
{"name":"ModelAdvance", "ph":"B", "ts":"1062698519", "pid":"1", "tid":"cice"},
{"name":"ModelAdvance", "ph":"E", "ts":"1063162078", "pid":"1", "tid":"cice"},
{"name":"ModelAdvance", "ph":"B", "ts":"1063322894", "pid":"1", "tid":"cice"},
{"name":"ModelAdvance", "ph":"E", "ts":"1063794822", "pid":"1", "tid":"cice"},
{"name":"ModelAdvance", "ph":"B", "ts":"1063960972", "pid":"1", "tid":"cice"},
{"name":"ModelAdvance", "ph":"E", "ts":"1064528975", "pid":"1", "tid":"cice"},
{"name":"ModelAdvance", "ph":"B", "ts":"1064628907", "pid":"1", "tid":"cice"},
{"name":"ModelAdvance", "ph":"E", "ts":"1065089701", "pid":"1", "tid":"cice"},
{"name":"ModelAdvance", "ph":"B", "ts":"1065963316", "pid":"1", "tid":"cice"},
{"name":"ModelAdvance", "ph":"E", "ts":"1066422158", "pid":"1", "tid":"cice"},
{"name":"ModelAdvance", "ph":"B", "ts":"1066606934", "pid":"1", "tid":"cice"},
{"name":"ModelAdvance", "ph":"E", "ts":"1067068907", "pid":"1", "tid":"cice"},
{"name":"ModelAdvance", "ph":"B", "ts":"1067244236", "pid":"1", "tid":"cice"},
{"name":"ModelAdvance", "ph":"E", "ts":"1067704136", "pid":"1", "tid":"cice"},
{"name":"ModelAdvance", "ph":"B", "ts":"1067879972", "pid":"1", "tid":"cice"},
{"name":"ModelAdvance", "ph":"E", "ts":"1068341817", "pid":"1", "tid":"cice"},
{"name":"ModelAdvance", "ph":"B", "ts":"1068512815", "pid":"1", "tid":"cice"},
{"name":"ModelAdvance", "ph":"E", "ts":"1068984086", "pid":"1", "tid":"cice"},
{"name":"ModelAdvance", "ph":"B", "ts":"1069149400", "pid":"1", "tid":"cice"},
{"name":"ModelAdvance", "ph":"E", "ts":"1069616063", "pid":"1", "tid":"cice"},
{"name":"ModelAdvance", "ph":"B", "ts":"1069780120", "pid":"1", "tid":"cice"},
{"name":"ModelAdvance", "ph":"E", "ts":"1070248574", "pid":"1", "tid":"cice"},
{"name":"ModelAdvance", "ph":"B", "ts":"1070415467", "pid":"1", "tid":"cice"},
{"name":"ModelAdvance", "ph":"E", "ts":"1070877579", "pid":"1", "tid":"cice"},
{"name":"ModelAdvance", "ph":"B", "ts":"1071049609", "pid":"1", "tid":"cice"},
{"name":"ModelAdvance", "ph":"E", "ts":"1071524216", "pid":"1", "tid":"cice"},
{"name":"ModelAdvance", "ph":"B", "ts":"1071690348", "pid":"1", "tid":"cice"},
{"name":"ModelAdvance", "ph":"E", "ts":"1072150725", "pid":"1", "tid":"cice"},
{"name":"ModelAdvance", "ph":"B", "ts":"1072325151", "pid":"1", "tid":"cice"},
{"name":"ModelAdvance", "ph":"E", "ts":"1072785427", "pid":"1", "tid":"cice"},
{"name":"ModelAdvance", "ph":"B", "ts":"1072991271", "pid":"1", "tid":"cice"},
{"name":"ModelAdvance", "ph":"E", "ts":"1073454896", "pid":"1", "tid":"cice"},
{"name":"ModelAdvance", "ph":"B", "ts":"1073622394", "pid":"1", "tid":"cice"},
{"name":"ModelAdvance", "ph":"E", "ts":"1074087008", "pid":"1", "tid":"cice"},
{"name":"ModelAdvance", "ph":"B", "ts":"1074262661", "pid":"1", "tid":"cice"},
{"name":"ModelAdvance", "ph":"E", "ts":"1074726093", "pid":"1", "tid":"cice"},
{"name":"ModelAdvance", "ph":"B", "ts":"1074886161", "pid":"1", "tid":"cice"},
{"name":"ModelAdvance", "ph":"E", "ts":"1075347207", "pid":"1", "tid":"cice"},
{"name":"ModelAdvance", "ph":"B", "ts":"1075526569", "pid":"1", "tid":"cice"},
{"name":"ModelAdvance", "ph":"E", "ts":"1075999093", "pid":"1", "tid":"cice"},
{"name":"ModelAdvance", "ph":"B", "ts":"1076158188", "pid":"1", "tid":"cice"},
{"name":"ModelAdvance", "ph":"E", "ts":"1076625284", "pid":"1", "tid":"cice"},
{"name":"ModelAdvance", "ph":"B", "ts":"1076798522", "pid":"1", "tid":"cice"},
{"name":"ModelAdvance", "ph":"E", "ts":"1077262408", "pid":"1", "tid":"cice"},
{"name":"ModelAdvance", "ph":"B", "ts":"1077425727", "pid":"1", "tid":"cice"},
{"name":"ModelAdvance", "ph":"E", "ts":"1077897413", "pid":"1", "tid":"cice"},
{"name":"ModelAdvance", "ph":"B", "ts":"1078051682", "pid":"1", "tid":"cice"},
{"name":"ModelAdvance", "ph":"E", "ts":"1078513781", "pid":"1", "tid":"cice"},
{"name":"ModelAdvance", "ph":"B", "ts":"1078673685", "pid":"1", "tid":"cice"},
{"name":"ModelAdvance", "ph":"E", "ts":"1079146094", "pid":"1", "tid":"cice"},
{"name":"ModelAdvance", "ph":"B", "ts":"1079308889", "pid":"1", "tid":"cice"},
{"name":"ModelAdvance", "ph":"E", "ts":"1079770074", "pid":"1", "tid":"cice"},
{"name":"ModelAdvance", "ph":"B", "ts":"1079942143", "pid":"1", "tid":"cice"},
{"name":"ModelAdvance", "ph":"E", "ts":"1080402075", "pid":"1", "tid":"cice"},
{"name":"ModelAdvance", "ph":"B", "ts":"1080589329", "pid":"1", "tid":"cice"},
{"name":"ModelAdvance", "ph":"E", "ts":"1081062545", "pid":"1", "tid":"cice"},
{"name":"ModelAdvance", "ph":"B", "ts":"1081900294", "pid":"1", "tid":"cice"},
{"name":"ModelAdvance", "ph":"E", "ts":"1082361900", "pid":"1", "tid":"cice"},
{"name":"ModelAdvance", "ph":"B", "ts":"1082536228", "pid":"1", "tid":"cice"},
{"name":"ModelAdvance", "ph":"E", "ts":"1083005780", "pid":"1", "tid":"cice"},
{"name":"ModelAdvance", "ph":"B", "ts":"1083167774", "pid":"1", "tid":"cice"},
{"name":"ModelAdvance", "ph":"E", "ts":"1083635587", "pid":"1", "tid":"cice"},
{"name":"ModelAdvance", "ph":"B", "ts":"1083857456", "pid":"1", "tid":"cice"},
{"name":"ModelAdvance", "ph":"E", "ts":"1084316567", "pid":"1", "tid":"cice"},
{"name":"ModelAdvance", "ph":"B", "ts":"1084500957", "pid":"1", "tid":"cice"},
{"name":"ModelAdvance", "ph":"E", "ts":"1084971951", "pid":"1", "tid":"cice"},
{"name":"ModelAdvance", "ph":"B", "ts":"1085138408", "pid":"1", "tid":"cice"},
{"name":"ModelAdvance", "ph":"E", "ts":"1085602337", "pid":"1", "tid":"cice"},
{"name":"ModelAdvance", "ph":"B", "ts":"1085777488", "pid":"1", "tid":"cice"},
{"name":"ModelAdvance", "ph":"E", "ts":"1086238455", "pid":"1", "tid":"cice"},
{"name":"ModelAdvance", "ph":"B", "ts":"1086411679", "pid":"1", "tid":"cice"},
{"name":"ModelAdvance", "ph":"E", "ts":"1086881267", "pid":"1", "tid":"cice"},
{"name":"ModelAdvance", "ph":"B", "ts":"1087043770", "pid":"1", "tid":"cice"},
{"name":"ModelAdvance", "ph":"E", "ts":"1087508807", "pid":"1", "tid":"cice"},
{"name":"ModelAdvance", "ph":"B", "ts":"1087675817", "pid":"1", "tid":"cice"},
{"name":"ModelAdvance", "ph":"E", "ts":"1088148504", "pid":"1", "tid":"cice"},
{"name":"ModelAdvance", "ph":"B", "ts":"1088306280", "pid":"1", "tid":"cice"},
{"name":"ModelAdvance", "ph":"E", "ts":"1088774233", "pid":"1", "tid":"cice"},
{"name":"ModelAdvance", "ph":"B", "ts":"1088980945", "pid":"1", "tid":"cice"},
{"name":"ModelAdvance", "ph":"E", "ts":"1089452889", "pid":"1", "tid":"cice"},
{"name":"ModelAdvance", "ph":"B", "ts":"1089616535", "pid":"1", "tid":"cice"},
{"name":"ModelAdvance", "ph":"E", "ts":"1090083810", "pid":"1", "tid":"cice"},
{"name":"ModelAdvance", "ph":"B", "ts":"1090244180", "pid":"1", "tid":"cice"},
{"name":"ModelAdvance", "ph":"E", "ts":"1090707274", "pid":"1", "tid":"cice"},
{"name":"ModelAdvance", "ph":"B", "ts":"1090879886", "pid":"1", "tid":"cice"},
{"name":"ModelAdvance", "ph":"E", "ts":"1091352794", "pid":"1", "tid":"cice"},
{"name":"ModelAdvance", "ph":"B", "ts":"1091515262", "pid":"1", "tid":"cice"},
{"name":"ModelAdvance", "ph":"E", "ts":"1091984341", "pid":"1", "tid":"cice"},
{"name":"ModelAdvance", "ph":"B", "ts":"1092143876", "pid":"1", "tid":"cice"},
{"name":"ModelAdvance", "ph":"E", "ts":"1092612119", "pid":"1", "tid":"cice"},
{"name":"ModelAdvance", "ph":"B", "ts":"1092772516", "pid":"1", "tid":"cice"},
{"name":"ModelAdvance", "ph":"E", "ts":"1093244636", "pid":"1", "tid":"cice"},
{"name":"ModelAdvance", "ph":"B", "ts":"1093416584", "pid":"1", "tid":"cice"},
{"name":"ModelAdvance", "ph":"E", "ts":"1093890932", "pid":"1", "tid":"cice"},
{"name":"ModelAdvance", "ph":"B", "ts":"1094044561", "pid":"1", "tid":"cice"},
{"name":"ModelAdvance", "ph":"E", "ts":"1094500839", "pid":"1", "tid":"cice"},
{"name":"ModelAdvance", "ph":"B", "ts":"1094674101", "pid":"1", "tid":"cice"},
{"name":"ModelAdvance", "ph":"E", "ts":"1095152379", "pid":"1", "tid":"cice"},
{"name":"ModelAdvance", "ph":"B", "ts":"1095307876", "pid":"1", "tid":"cice"},
{"name":"ModelAdvance", "ph":"E", "ts":"1095779377", "pid":"1", "tid":"cice"},
{"name":"ModelAdvance", "ph":"B", "ts":"1095941301", "pid":"1", "tid":"cice"},
{"name":"ModelAdvance", "ph":"E", "ts":"1096404125", "pid":"1", "tid":"cice"},
{"name":"ModelAdvance", "ph":"B", "ts":"1096600365", "pid":"1", "tid":"cice"},
{"name":"ModelAdvance", "ph":"E", "ts":"1097069506", "pid":"1", "tid":"cice"},
{"name":"ModelAdvance", "ph":"B", "ts":"1097895301", "pid":"1", "tid":"cice"},
{"name":"ModelAdvance", "ph":"E", "ts":"1098362382", "pid":"1", "tid":"cice"},
{"name":"ModelAdvance", "ph":"B", "ts":"1098534128", "pid":"1", "tid":"cice"},
{"name":"ModelAdvance", "ph":"E", "ts":"1098987800", "pid":"1", "tid":"cice"},
{"name":"ModelAdvance", "ph":"B", "ts":"1099165802", "pid":"1", "tid":"cice"},
{"name":"ModelAdvance", "ph":"E", "ts":"1099630298", "pid":"1", "tid":"cice"},
{"name":"ModelAdvance", "ph":"B", "ts":"1099812810", "pid":"1", "tid":"cice"},
{"name":"ModelAdvance", "ph":"E", "ts":"1100287343", "pid":"1", "tid":"cice"},
{"name":"ModelAdvance", "ph":"B", "ts":"1100450528", "pid":"1", "tid":"cice"},
{"name":"ModelAdvance", "ph":"E", "ts":"1100916097", "pid":"1", "tid":"cice"},
{"name":"ModelAdvance", "ph":"B", "ts":"1101089456", "pid":"1", "tid":"cice"},
{"name":"ModelAdvance", "ph":"E", "ts":"1101556275", "pid":"1", "tid":"cice"},
{"name":"ModelAdvance", "ph":"B", "ts":"1101724824", "pid":"1", "tid":"cice"},
{"name":"ModelAdvance", "ph":"E", "ts":"1102197003", "pid":"1", "tid":"cice"},
{"name":"ModelAdvance", "ph":"B", "ts":"1102350584", "pid":"1", "tid":"cice"},
{"name":"ModelAdvance", "ph":"E", "ts":"1102822508", "pid":"1", "tid":"cice"},
{"name":"ModelAdvance", "ph":"B", "ts":"1102991976", "pid":"1", "tid":"cice"},
{"name":"ModelAdvance", "ph":"E", "ts":"1103455512", "pid":"1", "tid":"cice"},
{"name":"ModelAdvance", "ph":"B", "ts":"1103636587", "pid":"1", "tid":"cice"},
{"name":"ModelAdvance", "ph":"E", "ts":"1104101537", "pid":"1", "tid":"cice"},
{"name":"ModelAdvance", "ph":"B", "ts":"1104264821", "pid":"1", "tid":"cice"},
{"name":"ModelAdvance", "ph":"E", "ts":"1104728757", "pid":"1", "tid":"cice"},
{"name":"ModelAdvance", "ph":"B", "ts":"1104928680", "pid":"1", "tid":"cice"},
{"name":"ModelAdvance", "ph":"E", "ts":"1105395077", "pid":"1", "tid":"cice"},
{"name":"ModelAdvance", "ph":"B", "ts":"1105571063", "pid":"1", "tid":"cice"},
{"name":"ModelAdvance", "ph":"E", "ts":"1106033721", "pid":"1", "tid":"cice"},
{"name":"ModelAdvance", "ph":"B", "ts":"1106209162", "pid":"1", "tid":"cice"},
{"name":"ModelAdvance", "ph":"E", "ts":"1106670441", "pid":"1", "tid":"cice"},
{"name":"ModelAdvance", "ph":"B", "ts":"1107012600", "pid":"1", "tid":"cice"},
{"name":"ModelAdvance", "ph":"E", "ts":"1107473444", "pid":"1", "tid":"cice"},
{"name":"ModelAdvance", "ph":"B", "ts":"1107649657", "pid":"1", "tid":"cice"},
{"name":"ModelAdvance", "ph":"E", "ts":"1108121537", "pid":"1", "tid":"cice"},
{"name":"ModelAdvance", "ph":"B", "ts":"1108278208", "pid":"1", "tid":"cice"},
{"name":"ModelAdvance", "ph":"E", "ts":"1108744629", "pid":"1", "tid":"cice"},
{"name":"ModelAdvance", "ph":"B", "ts":"1108921851", "pid":"1", "tid":"cice"},
{"name":"ModelAdvance", "ph":"E", "ts":"1109388033", "pid":"1", "tid":"cice"},
{"name":"ModelAdvance", "ph":"B", "ts":"1109552654", "pid":"1", "tid":"cice"},
{"name":"ModelAdvance", "ph":"E", "ts":"1110029530", "pid":"1", "tid":"cice"},
{"name":"ModelAdvance", "ph":"B", "ts":"1110185008", "pid":"1", "tid":"cice"},
{"name":"ModelAdvance", "ph":"E", "ts":"1110651682", "pid":"1", "tid":"cice"},
{"name":"ModelAdvance", "ph":"B", "ts":"1110818258", "pid":"1", "tid":"cice"},
{"name":"ModelAdvance", "ph":"E", "ts":"1111292725", "pid":"1", "tid":"cice"},
{"name":"ModelAdvance", "ph":"B", "ts":"1111457113", "pid":"1", "tid":"cice"},
{"name":"ModelAdvance", "ph":"E", "ts":"1111917870", "pid":"1", "tid":"cice"},
{"name":"ModelAdvance", "ph":"B", "ts":"1112090455", "pid":"1", "tid":"cice"},
{"name":"ModelAdvance", "ph":"E", "ts":"1112563655", "pid":"1", "tid":"cice"},
{"name":"ModelAdvance", "ph":"B", "ts":"1112788489", "pid":"1", "tid":"cice"},
{"name":"ModelAdvance", "ph":"E", "ts":"1113253198", "pid":"1", "tid":"cice"},
{"name":"ModelAdvance", "ph":"B", "ts":"1114108378", "pid":"1", "tid":"cice"},
{"name":"ModelAdvance", "ph":"E", "ts":"1114575858", "pid":"1", "tid":"cice"},
{"name":"ModelAdvance", "ph":"B", "ts":"1114754181", "pid":"1", "tid":"cice"},
{"name":"ModelAdvance", "ph":"E", "ts":"1115210033", "pid":"1", "tid":"cice"},
{"name":"ModelAdvance", "ph":"B", "ts":"1115393417", "pid":"1", "tid":"cice"},
{"name":"ModelAdvance", "ph":"E", "ts":"1115865335", "pid":"1", "tid":"cice"},
{"name":"ModelAdvance", "ph":"B", "ts":"1116026390", "pid":"1", "tid":"cice"},
{"name":"ModelAdvance", "ph":"E", "ts":"1116500115", "pid":"1", "tid":"cice"},
{"name":"ModelAdvance", "ph":"B", "ts":"1116668276", "pid":"1", "tid":"cice"},
{"name":"ModelAdvance", "ph":"E", "ts":"1117132080", "pid":"1", "tid":"cice"},
{"name":"ModelAdvance", "ph":"B", "ts":"1117310022", "pid":"1", "tid":"cice"},
{"name":"ModelAdvance", "ph":"E", "ts":"1117774641", "pid":"1", "tid":"cice"},
{"name":"ModelAdvance", "ph":"B", "ts":"1117953360", "pid":"1", "tid":"cice"},
{"name":"ModelAdvance", "ph":"E", "ts":"1118415636", "pid":"1", "tid":"cice"},
{"name":"ModelAdvance", "ph":"B", "ts":"1118596077", "pid":"1", "tid":"cice"},
{"name":"ModelAdvance", "ph":"E", "ts":"1119059158", "pid":"1", "tid":"cice"},
{"name":"ModelAdvance", "ph":"B", "ts":"1119240792", "pid":"1", "tid":"cice"},
{"name":"ModelAdvance", "ph":"E", "ts":"1119703552", "pid":"1", "tid":"cice"},
{"name":"ModelAdvance", "ph":"B", "ts":"1119881972", "pid":"1", "tid":"cice"},
{"name":"ModelAdvance", "ph":"E", "ts":"1120345640", "pid":"1", "tid":"cice"},
{"name":"ModelAdvance", "ph":"B", "ts":"1120528315", "pid":"1", "tid":"cice"},
{"name":"ModelAdvance", "ph":"E", "ts":"1120999225", "pid":"1", "tid":"cice"},
{"name":"ModelAdvance", "ph":"B", "ts":"1121198660", "pid":"1", "tid":"cice"},
{"name":"ModelAdvance", "ph":"E", "ts":"1121664627", "pid":"1", "tid":"cice"},
{"name":"ModelAdvance", "ph":"B", "ts":"1121845461", "pid":"1", "tid":"cice"},
{"name":"ModelAdvance", "ph":"E", "ts":"1122319251", "pid":"1", "tid":"cice"},
{"name":"ModelAdvance", "ph":"B", "ts":"1122486550", "pid":"1", "tid":"cice"},
{"name":"ModelAdvance", "ph":"E", "ts":"1122952594", "pid":"1", "tid":"cice"},
{"name":"ModelAdvance", "ph":"B", "ts":"1123123185", "pid":"1", "tid":"cice"},
{"name":"ModelAdvance", "ph":"E", "ts":"1123587314", "pid":"1", "tid":"cice"},
{"name":"ModelAdvance", "ph":"B", "ts":"1123763957", "pid":"1", "tid":"cice"},
{"name":"ModelAdvance", "ph":"E", "ts":"1124227647", "pid":"1", "tid":"cice"},
{"name":"ModelAdvance", "ph":"B", "ts":"1124396436", "pid":"1", "tid":"cice"},
{"name":"ModelAdvance", "ph":"E", "ts":"1124857462", "pid":"1", "tid":"cice"},
{"name":"ModelAdvance", "ph":"B", "ts":"1125027523", "pid":"1", "tid":"cice"},
{"name":"ModelAdvance", "ph":"E", "ts":"1125494130", "pid":"1", "tid":"cice"},
{"name":"ModelAdvance", "ph":"B", "ts":"1125673161", "pid":"1", "tid":"cice"},
{"name":"ModelAdvance", "ph":"E", "ts":"1126140913", "pid":"1", "tid":"cice"},
{"name":"ModelAdvance", "ph":"B", "ts":"1126314832", "pid":"1", "tid":"cice"},
{"name":"ModelAdvance", "ph":"E", "ts":"1126779926", "pid":"1", "tid":"cice"},
{"name":"ModelAdvance", "ph":"B", "ts":"1126954913", "pid":"1", "tid":"cice"},
{"name":"ModelAdvance", "ph":"E", "ts":"1127422143", "pid":"1", "tid":"cice"},
{"name":"ModelAdvance", "ph":"B", "ts":"1127589166", "pid":"1", "tid":"cice"},
{"name":"ModelAdvance", "ph":"E", "ts":"1128051976", "pid":"1", "tid":"cice"},
{"name":"ModelAdvance", "ph":"B", "ts":"1128219720", "pid":"1", "tid":"cice"},
{"name":"ModelAdvance", "ph":"E", "ts":"1128690030", "pid":"1", "tid":"cice"},
{"name":"ModelAdvance", "ph":"B", "ts":"1128899812", "pid":"1", "tid":"cice"},
{"name":"ModelAdvance", "ph":"E", "ts":"1129361868", "pid":"1", "tid":"cice"},
{"name":"ModelAdvance", "ph":"B", "ts":"1130210338", "pid":"1", "tid":"cice"},
{"name":"ModelAdvance", "ph":"E", "ts":"1130676508", "pid":"1", "tid":"cice"},
{"name":"ModelAdvance", "ph":"B", "ts":"1130845488", "pid":"1", "tid":"cice"},
{"name":"ModelAdvance", "ph":"E", "ts":"1131313285", "pid":"1", "tid":"cice"},
{"name":"ModelAdvance", "ph":"B", "ts":"1131470998", "pid":"1", "tid":"cice"},
{"name":"ModelAdvance", "ph":"E", "ts":"1131940692", "pid":"1", "tid":"cice"},
{"name":"ModelAdvance", "ph":"B", "ts":"1132100139", "pid":"1", "tid":"cice"},
{"name":"ModelAdvance", "ph":"E", "ts":"1132566236", "pid":"1", "tid":"cice"},
{"name":"ModelAdvance", "ph":"B", "ts":"1132743062", "pid":"1", "tid":"cice"},
{"name":"ModelAdvance", "ph":"E", "ts":"1133211871", "pid":"1", "tid":"cice"},
{"name":"ModelAdvance", "ph":"B", "ts":"1133376400", "pid":"1", "tid":"cice"},
{"name":"ModelAdvance", "ph":"E", "ts":"1133845267", "pid":"1", "tid":"cice"},
{"name":"ModelAdvance", "ph":"B", "ts":"1134016008", "pid":"1", "tid":"cice"},
{"name":"ModelAdvance", "ph":"E", "ts":"1134481201", "pid":"1", "tid":"cice"},
{"name":"ModelAdvance", "ph":"B", "ts":"1134646595", "pid":"1", "tid":"cice"},
{"name":"ModelAdvance", "ph":"E", "ts":"1135120668", "pid":"1", "tid":"cice"},
{"name":"ModelAdvance", "ph":"B", "ts":"1135272448", "pid":"1", "tid":"cice"},
{"name":"ModelAdvance", "ph":"E", "ts":"1135729820", "pid":"1", "tid":"cice"},
{"name":"ModelAdvance", "ph":"B", "ts":"1135904235", "pid":"1", "tid":"cice"},
{"name":"ModelAdvance", "ph":"E", "ts":"1136365255", "pid":"1", "tid":"cice"},
{"name":"ModelAdvance", "ph":"B", "ts":"1136532778", "pid":"1", "tid":"cice"},
{"name":"ModelAdvance", "ph":"E", "ts":"1136996055", "pid":"1", "tid":"cice"},
{"name":"ModelAdvance", "ph":"B", "ts":"1137469429", "pid":"1", "tid":"cice"},
{"name":"ModelAdvance", "ph":"E", "ts":"1137943192", "pid":"1", "tid":"cice"},
{"name":"ModelAdvance", "ph":"B", "ts":"1138097778", "pid":"1", "tid":"cice"},
{"name":"ModelAdvance", "ph":"E", "ts":"1138559370", "pid":"1", "tid":"cice"},
{"name":"ModelAdvance", "ph":"B", "ts":"1138722268", "pid":"1", "tid":"cice"},
{"name":"ModelAdvance", "ph":"E", "ts":"1139220162", "pid":"1", "tid":"cice"},
{"name":"ModelAdvance", "ph":"B", "ts":"1139356537", "pid":"1", "tid":"cice"},
{"name":"ModelAdvance", "ph":"E", "ts":"1139815943", "pid":"1", "tid":"cice"},
{"name":"ModelAdvance", "ph":"B", "ts":"1139980914", "pid":"1", "tid":"cice"},
{"name":"ModelAdvance", "ph":"E", "ts":"1140449460", "pid":"1", "tid":"cice"},
{"name":"ModelAdvance", "ph":"B", "ts":"1140606414", "pid":"1", "tid":"cice"},
{"name":"ModelAdvance", "ph":"E", "ts":"1141068895", "pid":"1", "tid":"cice"},
{"name":"ModelAdvance", "ph":"B", "ts":"1141227154", "pid":"1", "tid":"cice"},
{"name":"ModelAdvance", "ph":"E", "ts":"1141698222", "pid":"1", "tid":"cice"},
{"name":"ModelAdvance", "ph":"B", "ts":"1141861506", "pid":"1", "tid":"cice"},
{"name":"ModelAdvance", "ph":"E", "ts":"1142323869", "pid":"1", "tid":"cice"},
{"name":"ModelAdvance", "ph":"B", "ts":"1142491051", "pid":"1", "tid":"cice"},
{"name":"ModelAdvance", "ph":"E", "ts":"1142953908", "pid":"1", "tid":"cice"},
{"name":"ModelAdvance", "ph":"B", "ts":"1143117476", "pid":"1", "tid":"cice"},
{"name":"ModelAdvance", "ph":"E", "ts":"1143576663", "pid":"1", "tid":"cice"},
{"name":"ModelAdvance", "ph":"B", "ts":"1143747393", "pid":"1", "tid":"cice"},
{"name":"ModelAdvance", "ph":"E", "ts":"1144218940", "pid":"1", "tid":"cice"},
{"name":"ModelAdvance", "ph":"B", "ts":"1144386489", "pid":"1", "tid":"cice"},
{"name":"ModelAdvance", "ph":"E", "ts":"1144852497", "pid":"1", "tid":"cice"},
{"name":"ModelAdvance", "ph":"B", "ts":"1145044268", "pid":"1", "tid":"cice"},
{"name":"ModelAdvance", "ph":"E", "ts":"1145515397", "pid":"1", "tid":"cice"},
{"name":"ModelAdvance", "ph":"B", "ts":"1146365650", "pid":"1", "tid":"cice"},
{"name":"ModelAdvance", "ph":"E", "ts":"1146827250", "pid":"1", "tid":"cice"},
{"name":"ModelAdvance", "ph":"B", "ts":"1146999516", "pid":"1", "tid":"cice"},
{"name":"ModelAdvance", "ph":"E", "ts":"1147462857", "pid":"1", "tid":"cice"},
{"name":"ModelAdvance", "ph":"B", "ts":"1147635038", "pid":"1", "tid":"cice"},
{"name":"ModelAdvance", "ph":"E", "ts":"1148107907", "pid":"1", "tid":"cice"},
{"name":"ModelAdvance", "ph":"B", "ts":"1148307674", "pid":"1", "tid":"cice"},
{"name":"ModelAdvance", "ph":"E", "ts":"1148772550", "pid":"1", "tid":"cice"},
{"name":"ModelAdvance", "ph":"B", "ts":"1148958672", "pid":"1", "tid":"cice"},
{"name":"ModelAdvance", "ph":"E", "ts":"1149422257", "pid":"1", "tid":"cice"},
{"name":"ModelAdvance", "ph":"B", "ts":"1149596623", "pid":"1", "tid":"cice"},
{"name":"ModelAdvance", "ph":"E", "ts":"1150067310", "pid":"1", "tid":"cice"},
{"name":"ModelAdvance", "ph":"B", "ts":"1150242248", "pid":"1", "tid":"cice"},
{"name":"ModelAdvance", "ph":"E", "ts":"1150703630", "pid":"1", "tid":"cice"},
{"name":"ModelAdvance", "ph":"B", "ts":"1150886629", "pid":"1", "tid":"cice"},
{"name":"ModelAdvance", "ph":"E", "ts":"1151356401", "pid":"1", "tid":"cice"},
{"name":"ModelAdvance", "ph":"B", "ts":"1151532616", "pid":"1", "tid":"cice"},
{"name":"ModelAdvance", "ph":"E", "ts":"1151994850", "pid":"1", "tid":"cice"},
{"name":"ModelAdvance", "ph":"B", "ts":"1152183985", "pid":"1", "tid":"cice"},
{"name":"ModelAdvance", "ph":"E", "ts":"1152649974", "pid":"1", "tid":"cice"},
{"name":"ModelAdvance", "ph":"B", "ts":"1152828402", "pid":"1", "tid":"cice"},
{"name":"ModelAdvance", "ph":"E", "ts":"1153290741", "pid":"1", "tid":"cice"},
{"name":"ModelAdvance", "ph":"B", "ts":"1153525164", "pid":"1", "tid":"cice"},
{"name":"ModelAdvance", "ph":"E", "ts":"1153994890", "pid":"1", "tid":"cice"},
{"name":"ModelAdvance", "ph":"B", "ts":"1154172918", "pid":"1", "tid":"cice"},
{"name":"ModelAdvance", "ph":"E", "ts":"1154630947", "pid":"1", "tid":"cice"},
{"name":"ModelAdvance", "ph":"B", "ts":"1154821060", "pid":"1", "tid":"cice"},
{"name":"ModelAdvance", "ph":"E", "ts":"1155291559", "pid":"1", "tid":"cice"},
{"name":"ModelAdvance", "ph":"B", "ts":"1155487676", "pid":"1", "tid":"cice"},
{"name":"ModelAdvance", "ph":"E", "ts":"1155954357", "pid":"1", "tid":"cice"},
{"name":"ModelAdvance", "ph":"B", "ts":"1156137165", "pid":"1", "tid":"cice"},
{"name":"ModelAdvance", "ph":"E", "ts":"1156604374", "pid":"1", "tid":"cice"},
{"name":"ModelAdvance", "ph":"B", "ts":"1156775912", "pid":"1", "tid":"cice"},
{"name":"ModelAdvance", "ph":"E", "ts":"1157245392", "pid":"1", "tid":"cice"},
{"name":"ModelAdvance", "ph":"B", "ts":"1157417640", "pid":"1", "tid":"cice"},
{"name":"ModelAdvance", "ph":"E", "ts":"1157876474", "pid":"1", "tid":"cice"},
{"name":"ModelAdvance", "ph":"B", "ts":"1158067427", "pid":"1", "tid":"cice"},
{"name":"ModelAdvance", "ph":"E", "ts":"1158537333", "pid":"1", "tid":"cice"},
{"name":"ModelAdvance", "ph":"B", "ts":"1158717754", "pid":"1", "tid":"cice"},
{"name":"ModelAdvance", "ph":"E", "ts":"1159181440", "pid":"1", "tid":"cice"},
{"name":"ModelAdvance", "ph":"B", "ts":"1159373080", "pid":"1", "tid":"cice"},
{"name":"ModelAdvance", "ph":"E", "ts":"1159839857", "pid":"1", "tid":"cice"},
{"name":"ModelAdvance", "ph":"B", "ts":"1160016162", "pid":"1", "tid":"cice"},
{"name":"ModelAdvance", "ph":"E", "ts":"1160485371", "pid":"1", "tid":"cice"},
{"name":"ModelAdvance", "ph":"B", "ts":"1160660072", "pid":"1", "tid":"cice"},
{"name":"ModelAdvance", "ph":"E", "ts":"1161219333", "pid":"1", "tid":"cice"},
{"name":"ModelAdvance", "ph":"B", "ts":"1161332769", "pid":"1", "tid":"cice"},
{"name":"ModelAdvance", "ph":"E", "ts":"1161796667", "pid":"1", "tid":"cice"},
{"name":"ModelAdvance", "ph":"B", "ts":"1162659193", "pid":"1", "tid":"cice"},
{"name":"ModelAdvance", "ph":"E", "ts":"1163124335", "pid":"1", "tid":"cice"},
{"name":"ModelAdvance", "ph":"B", "ts":"1163293124", "pid":"1", "tid":"cice"},
{"name":"ModelAdvance", "ph":"E", "ts":"1163760219", "pid":"1", "tid":"cice"},
{"name":"ModelAdvance", "ph":"B", "ts":"1163928916", "pid":"1", "tid":"cice"},
{"name":"ModelAdvance", "ph":"E", "ts":"1164394735", "pid":"1", "tid":"cice"},
{"name":"ModelAdvance", "ph":"B", "ts":"1164585932", "pid":"1", "tid":"cice"},
{"name":"ModelAdvance", "ph":"E", "ts":"1165058724", "pid":"1", "tid":"cice"},
{"name":"ModelAdvance", "ph":"B", "ts":"1165229251", "pid":"1", "tid":"cice"},
{"name":"ModelAdvance", "ph":"E", "ts":"1165693011", "pid":"1", "tid":"cice"},
{"name":"ModelAdvance", "ph":"B", "ts":"1165879755", "pid":"1", "tid":"cice"},
{"name":"ModelAdvance", "ph":"E", "ts":"1166350074", "pid":"1", "tid":"cice"},
{"name":"ModelAdvance", "ph":"B", "ts":"1166531533", "pid":"1", "tid":"cice"},
{"name":"ModelAdvance", "ph":"E", "ts":"1166991945", "pid":"1", "tid":"cice"},
{"name":"ModelAdvance", "ph":"B", "ts":"1167165219", "pid":"1", "tid":"cice"},
{"name":"ModelAdvance", "ph":"E", "ts":"1167629745", "pid":"1", "tid":"cice"},
{"name":"ModelAdvance", "ph":"B", "ts":"1167804703", "pid":"1", "tid":"cice"},
{"name":"ModelAdvance", "ph":"E", "ts":"1168266557", "pid":"1", "tid":"cice"},
{"name":"ModelAdvance", "ph":"B", "ts":"1168455737", "pid":"1", "tid":"cice"},
{"name":"ModelAdvance", "ph":"E", "ts":"1168923835", "pid":"1", "tid":"cice"},
{"name":"ModelAdvance", "ph":"B", "ts":"1169096069", "pid":"1", "tid":"cice"},
{"name":"ModelAdvance", "ph":"E", "ts":"1169558335", "pid":"1", "tid":"cice"},
{"name":"ModelAdvance", "ph":"B", "ts":"1169766335", "pid":"1", "tid":"cice"},
{"name":"ModelAdvance", "ph":"E", "ts":"1170232290", "pid":"1", "tid":"cice"},
{"name":"ModelAdvance", "ph":"B", "ts":"1170397157", "pid":"1", "tid":"cice"},
{"name":"ModelAdvance", "ph":"E", "ts":"1170862001", "pid":"1", "tid":"cice"},
{"name":"ModelAdvance", "ph":"B", "ts":"1171038714", "pid":"1", "tid":"cice"},
{"name":"ModelAdvance", "ph":"E", "ts":"1171499806", "pid":"1", "tid":"cice"},
{"name":"ModelAdvance", "ph":"B", "ts":"1171681398", "pid":"1", "tid":"cice"},
{"name":"ModelAdvance", "ph":"E", "ts":"1172146335", "pid":"1", "tid":"cice"},
{"name":"ModelAdvance", "ph":"B", "ts":"1172322937", "pid":"1", "tid":"cice"},
{"name":"ModelAdvance", "ph":"E", "ts":"1172784796", "pid":"1", "tid":"cice"},
{"name":"ModelAdvance", "ph":"B", "ts":"1172987694", "pid":"1", "tid":"cice"},
{"name":"ModelAdvance", "ph":"E", "ts":"1173453278", "pid":"1", "tid":"cice"},
{"name":"ModelAdvance", "ph":"B", "ts":"1173620920", "pid":"1", "tid":"cice"},
{"name":"ModelAdvance", "ph":"E", "ts":"1174089900", "pid":"1", "tid":"cice"},
{"name":"ModelAdvance", "ph":"B", "ts":"1174257184", "pid":"1", "tid":"cice"},
{"name":"ModelAdvance", "ph":"E", "ts":"1174724833", "pid":"1", "tid":"cice"},
{"name":"ModelAdvance", "ph":"B", "ts":"1174898297", "pid":"1", "tid":"cice"},
{"name":"ModelAdvance", "ph":"E", "ts":"1175360435", "pid":"1", "tid":"cice"},
{"name":"ModelAdvance", "ph":"B", "ts":"1175531559", "pid":"1", "tid":"cice"},
{"name":"ModelAdvance", "ph":"E", "ts":"1176002352", "pid":"1", "tid":"cice"},
{"name":"ModelAdvance", "ph":"B", "ts":"1176163600", "pid":"1", "tid":"cice"},
{"name":"ModelAdvance", "ph":"E", "ts":"1176674217", "pid":"1", "tid":"cice"},
{"name":"ModelAdvance", "ph":"B", "ts":"1176807615", "pid":"1", "tid":"cice"},
{"name":"ModelAdvance", "ph":"E", "ts":"1177277310", "pid":"1", "tid":"cice"},
{"name":"ModelAdvance", "ph":"B", "ts":"1177462618", "pid":"1", "tid":"cice"},
{"name":"ModelAdvance", "ph":"E", "ts":"1177931797", "pid":"1", "tid":"cice"},
{"name":"ModelAdvance", "ph":"B", "ts":"1178800366", "pid":"1", "tid":"cice"},
{"name":"ModelAdvance", "ph":"E", "ts":"1179263943", "pid":"1", "tid":"cice"},
{"name":"ModelAdvance", "ph":"B", "ts":"1179430479", "pid":"1", "tid":"cice"},
{"name":"ModelAdvance", "ph":"E", "ts":"1179892546", "pid":"1", "tid":"cice"},
{"name":"ModelAdvance", "ph":"B", "ts":"1180064786", "pid":"1", "tid":"cice"},
{"name":"ModelAdvance", "ph":"E", "ts":"1180532604", "pid":"1", "tid":"cice"},
{"name":"ModelAdvance", "ph":"B", "ts":"1180709764", "pid":"1", "tid":"cice"},
{"name":"ModelAdvance", "ph":"E", "ts":"1181174104", "pid":"1", "tid":"cice"},
{"name":"ModelAdvance", "ph":"B", "ts":"1181337704", "pid":"1", "tid":"cice"},
{"name":"ModelAdvance", "ph":"E", "ts":"1181798334", "pid":"1", "tid":"cice"},
{"name":"ModelAdvance", "ph":"B", "ts":"1181989248", "pid":"1", "tid":"cice"},
{"name":"ModelAdvance", "ph":"E", "ts":"1182451700", "pid":"1", "tid":"cice"},
{"name":"ModelAdvance", "ph":"B", "ts":"1182619312", "pid":"1", "tid":"cice"},
{"name":"ModelAdvance", "ph":"E", "ts":"1183090904", "pid":"1", "tid":"cice"},
{"name":"ModelAdvance", "ph":"B", "ts":"1183248819", "pid":"1", "tid":"cice"},
{"name":"ModelAdvance", "ph":"E", "ts":"1183716614", "pid":"1", "tid":"cice"},
{"name":"ModelAdvance", "ph":"B", "ts":"1183874949", "pid":"1", "tid":"cice"},
{"name":"ModelAdvance", "ph":"E", "ts":"1184344294", "pid":"1", "tid":"cice"},
{"name":"ModelAdvance", "ph":"B", "ts":"1184513583", "pid":"1", "tid":"cice"},
{"name":"ModelAdvance", "ph":"E", "ts":"1184977491", "pid":"1", "tid":"cice"},
{"name":"ModelAdvance", "ph":"B", "ts":"1185145578", "pid":"1", "tid":"cice"},
{"name":"ModelAdvance", "ph":"E", "ts":"1185612163", "pid":"1", "tid":"cice"},
{"name":"ModelAdvance", "ph":"B", "ts":"1185815465", "pid":"1", "tid":"cice"},
{"name":"ModelAdvance", "ph":"E", "ts":"1186278848", "pid":"1", "tid":"cice"},
{"name":"ModelAdvance", "ph":"B", "ts":"1186449621", "pid":"1", "tid":"cice"},
{"name":"ModelAdvance", "ph":"E", "ts":"1186922629", "pid":"1", "tid":"cice"},
{"name":"ModelAdvance", "ph":"B", "ts":"1187092900", "pid":"1", "tid":"cice"},
{"name":"ModelAdvance", "ph":"E", "ts":"1187567696", "pid":"1", "tid":"cice"},
{"name":"ModelAdvance", "ph":"B", "ts":"1187738466", "pid":"1", "tid":"cice"},
{"name":"ModelAdvance", "ph":"E", "ts":"1188199199", "pid":"1", "tid":"cice"},
{"name":"ModelAdvance", "ph":"B", "ts":"1188374211", "pid":"1", "tid":"cice"},
{"name":"ModelAdvance", "ph":"E", "ts":"1188837071", "pid":"1", "tid":"cice"},
{"name":"ModelAdvance", "ph":"B", "ts":"1189009319", "pid":"1", "tid":"cice"},
{"name":"ModelAdvance", "ph":"E", "ts":"1189468071", "pid":"1", "tid":"cice"},
{"name":"ModelAdvance", "ph":"B", "ts":"1189665172", "pid":"1", "tid":"cice"},
{"name":"ModelAdvance", "ph":"E", "ts":"1190132406", "pid":"1", "tid":"cice"},
{"name":"ModelAdvance", "ph":"B", "ts":"1190294020", "pid":"1", "tid":"cice"},
{"name":"ModelAdvance", "ph":"E", "ts":"1190754657", "pid":"1", "tid":"cice"},
{"name":"ModelAdvance", "ph":"B", "ts":"1190938905", "pid":"1", "tid":"cice"},
{"name":"ModelAdvance", "ph":"E", "ts":"1191401869", "pid":"1", "tid":"cice"},
{"name":"ModelAdvance", "ph":"B", "ts":"1191582462", "pid":"1", "tid":"cice"},
{"name":"ModelAdvance", "ph":"E", "ts":"1192049545", "pid":"1", "tid":"cice"},
{"name":"ModelAdvance", "ph":"B", "ts":"1192209646", "pid":"1", "tid":"cice"},
{"name":"ModelAdvance", "ph":"E", "ts":"1192684635", "pid":"1", "tid":"cice"},
{"name":"ModelAdvance", "ph":"B", "ts":"1192843172", "pid":"1", "tid":"cice"},
{"name":"ModelAdvance", "ph":"E", "ts":"1193312221", "pid":"1", "tid":"cice"},
{"name":"ModelAdvance", "ph":"B", "ts":"1193505558", "pid":"1", "tid":"cice"},
{"name":"ModelAdvance", "ph":"E", "ts":"1193971647", "pid":"1", "tid":"cice"},
{"name":"ModelAdvance", "ph":"B", "ts":"1194823051", "pid":"1", "tid":"cice"},
{"name":"ModelAdvance", "ph":"E", "ts":"1195283637", "pid":"1", "tid":"cice"},
{"name":"ModelAdvance", "ph":"B", "ts":"1195452440", "pid":"1", "tid":"cice"},
{"name":"ModelAdvance", "ph":"E", "ts":"1195921011", "pid":"1", "tid":"cice"},
{"name":"ModelAdvance", "ph":"B", "ts":"1196084050", "pid":"1", "tid":"cice"},
{"name":"ModelAdvance", "ph":"E", "ts":"1196554707", "pid":"1", "tid":"cice"},
{"name":"ModelAdvance", "ph":"B", "ts":"1196715729", "pid":"1", "tid":"cice"},
{"name":"ModelAdvance", "ph":"E", "ts":"1197180692", "pid":"1", "tid":"cice"},
{"name":"ModelAdvance", "ph":"B", "ts":"1197352629", "pid":"1", "tid":"cice"},
{"name":"ModelAdvance", "ph":"E", "ts":"1197827240", "pid":"1", "tid":"cice"},
{"name":"ModelAdvance", "ph":"B", "ts":"1197978249", "pid":"1", "tid":"cice"},
{"name":"ModelAdvance", "ph":"E", "ts":"1198452131", "pid":"1", "tid":"cice"},
{"name":"ModelAdvance", "ph":"B", "ts":"1198609249", "pid":"1", "tid":"cice"},
{"name":"ModelAdvance", "ph":"E", "ts":"1199072502", "pid":"1", "tid":"cice"},
{"name":"ModelAdvance", "ph":"B", "ts":"1199235179", "pid":"1", "tid":"cice"},
{"name":"ModelAdvance", "ph":"E", "ts":"1199698293", "pid":"1", "tid":"cice"},
{"name":"ModelAdvance", "ph":"B", "ts":"1199864536", "pid":"1", "tid":"cice"},
{"name":"ModelAdvance", "ph":"E", "ts":"1200326761", "pid":"1", "tid":"cice"},
{"name":"ModelAdvance", "ph":"B", "ts":"1200497264", "pid":"1", "tid":"cice"},
{"name":"ModelAdvance", "ph":"E", "ts":"1200961055", "pid":"1", "tid":"cice"},
{"name":"ModelAdvance", "ph":"B", "ts":"1201139930", "pid":"1", "tid":"cice"},
{"name":"ModelAdvance", "ph":"E", "ts":"1201606334", "pid":"1", "tid":"cice"},
{"name":"ModelAdvance", "ph":"B", "ts":"1201792693", "pid":"1", "tid":"cice"},
{"name":"ModelAdvance", "ph":"E", "ts":"1202266359", "pid":"1", "tid":"cice"},
{"name":"ModelAdvance", "ph":"B", "ts":"1202430219", "pid":"1", "tid":"cice"},
{"name":"ModelAdvance", "ph":"E", "ts":"1202891300", "pid":"1", "tid":"cice"},
{"name":"ModelAdvance", "ph":"B", "ts":"1203074529", "pid":"1", "tid":"cice"},
{"name":"ModelAdvance", "ph":"E", "ts":"1203536877", "pid":"1", "tid":"cice"},
{"name":"ModelAdvance", "ph":"B", "ts":"1203709993", "pid":"1", "tid":"cice"},
{"name":"ModelAdvance", "ph":"E", "ts":"1204175236", "pid":"1", "tid":"cice"},
{"name":"ModelAdvance", "ph":"B", "ts":"1204358631", "pid":"1", "tid":"cice"},
{"name":"ModelAdvance", "ph":"E", "ts":"1204826426", "pid":"1", "tid":"cice"},
{"name":"ModelAdvance", "ph":"B", "ts":"1204987803", "pid":"1", "tid":"cice"},
{"name":"ModelAdvance", "ph":"E", "ts":"1205459184", "pid":"1", "tid":"cice"},
{"name":"ModelAdvance", "ph":"B", "ts":"1205614416", "pid":"1", "tid":"cice"},
{"name":"ModelAdvance", "ph":"E", "ts":"1206085188", "pid":"1", "tid":"cice"},
{"name":"ModelAdvance", "ph":"B", "ts":"1206257536", "pid":"1", "tid":"cice"},
{"name":"ModelAdvance", "ph":"E", "ts":"1206718751", "pid":"1", "tid":"cice"},
{"name":"ModelAdvance", "ph":"B", "ts":"1206892675", "pid":"1", "tid":"cice"},
{"name":"ModelAdvance", "ph":"E", "ts":"1207356917", "pid":"1", "tid":"cice"},
{"name":"ModelAdvance", "ph":"B", "ts":"1207523771", "pid":"1", "tid":"cice"},
{"name":"ModelAdvance", "ph":"E", "ts":"1207993997", "pid":"1", "tid":"cice"},
{"name":"ModelAdvance", "ph":"B", "ts":"1208158238", "pid":"1", "tid":"cice"},
{"name":"ModelAdvance", "ph":"E", "ts":"1208628099", "pid":"1", "tid":"cice"},
{"name":"ModelAdvance", "ph":"B", "ts":"1208786025", "pid":"1", "tid":"cice"},
{"name":"ModelAdvance", "ph":"E", "ts":"1209245202", "pid":"1", "tid":"cice"},
{"name":"ModelFinalize", "ph":"B", "ts":"1209247018", "pid":"1", "tid":"cice"},
{"name":"ModelFinalize", "ph":"E", "ts":"1209247040", "pid":"1", "tid":"cice"},
