[
{"name":"SetServices", "ph":"B", "ts":"1920590730728", "pid":"1", "tid":"cmeps"},
{"name":"SetServices", "ph":"E", "ts":"1920590734405", "pid":"1", "tid":"cmeps"},
{"name":"InitializeP0", "ph":"B", "ts":"1920590752974", "pid":"1", "tid":"cmeps"},
{"name":"InitializeP0", "ph":"E", "ts":"1920590754250", "pid":"1", "tid":"cmeps"},
{"name":"AdvertiseFields", "ph":"B", "ts":"1920590782938", "pid":"1", "tid":"cmeps"},
{"name":"AdvertiseFields", "ph":"E", "ts":"1920590804410", "pid":"1", "tid":"cmeps"},
{"name":"RealizeFieldsWithTransferProvided", "ph":"B", "ts":"1920606738559", "pid":"1", "tid":"cmeps"},
{"name":"RealizeFieldsWithTransferProvided", "ph":"E", "ts":"1920606741987", "pid":"1", "tid":"cmeps"},
{"name":"ModifyDecompofMesh", "ph":"B", "ts":"1920606826132", "pid":"1", "tid":"cmeps"},
{"name":"ModifyDecompofMesh", "ph":"E", "ts":"1920607069496", "pid":"1", "tid":"cmeps"},
{"name":"RealizeFieldsWithTransferAccept", "ph":"B", "ts":"1920607937993", "pid":"1", "tid":"cmeps"},
{"name":"RealizeFieldsWithTransferAccept", "ph":"E", "ts":"1920607965139", "pid":"1", "tid":"cmeps"},
{"name":"DataInitialize", "ph":"B", "ts":"1920608376505", "pid":"1", "tid":"cmeps"},
{"name":"RHatm_ocn_bilnr", "ph":"B", "ts":"1920608483236", "pid":"1", "tid":"cmeps"},
{"name":"RHatm_ocn_bilnr", "ph":"E", "ts":"1920609906112", "pid":"1", "tid":"cmeps"},
{"name":"RHatm_ocn_consf", "ph":"B", "ts":"1920609906217", "pid":"1", "tid":"cmeps"},
{"name":"RHatm_ocn_consf", "ph":"E", "ts":"1920611458286", "pid":"1", "tid":"cmeps"},
{"name":"RHatm_ice_patch", "ph":"B", "ts":"1920611458505", "pid":"1", "tid":"cmeps"},
{"name":"RHatm_ice_patch", "ph":"E", "ts":"1920616326113", "pid":"1", "tid":"cmeps"},
{"name":"RHatm_ice_bilnr", "ph":"B", "ts":"1920616326298", "pid":"1", "tid":"cmeps"},
{"name":"RHatm_ice_bilnr", "ph":"E", "ts":"1920617733284", "pid":"1", "tid":"cmeps"},
{"name":"RHatm_ice_consf", "ph":"B", "ts":"1920617737625", "pid":"1", "tid":"cmeps"},
{"name":"RHatm_ice_consf", "ph":"E", "ts":"1920619286827", "pid":"1", "tid":"cmeps"},
{"name":"RHocn_ice_fcopy", "ph":"B", "ts":"1920619286955", "pid":"1", "tid":"cmeps"},
{"name":"RHocn_ice_fcopy", "ph":"E", "ts":"1920619309121", "pid":"1", "tid":"cmeps"},
{"name":"RHice_ocn_fcopy", "ph":"B", "ts":"1920619309267", "pid":"1", "tid":"cmeps"},
{"name":"RHice_ocn_fcopy", "ph":"E", "ts":"1920619330398", "pid":"1", "tid":"cmeps"},
{"name":"DataInitialize", "ph":"E", "ts":"1920619363379", "pid":"1", "tid":"cmeps"},
{"name":"DataInitialize", "ph":"B", "ts":"1920619384088", "pid":"1", "tid":"cmeps"},
{"name":"med_phases_ocnalb_run", "ph":"B", "ts":"1920619429422", "pid":"1", "tid":"cmeps"},
{"name":"med_phases_ocnalb_run", "ph":"E", "ts":"1920619431670", "pid":"1", "tid":"cmeps"},
{"name":"med_phases_post_atm", "ph":"B", "ts":"1920619433336", "pid":"1", "tid":"cmeps"},
{"name":"med_phases_post_atm", "ph":"E", "ts":"1920619482671", "pid":"1", "tid":"cmeps"},
{"name":"med_phases_post_ice", "ph":"B", "ts":"1920619482697", "pid":"1", "tid":"cmeps"},
{"name":"med_phases_post_ice", "ph":"E", "ts":"1920619485519", "pid":"1", "tid":"cmeps"},
{"name":"med_phases_post_ocn", "ph":"B", "ts":"1920619485528", "pid":"1", "tid":"cmeps"},
{"name":"med_phases_post_ocn", "ph":"E", "ts":"1920619487248", "pid":"1", "tid":"cmeps"},
{"name":"DataInitialize", "ph":"E", "ts":"1920619487446", "pid":"1", "tid":"cmeps"},
{"name":"med_phases_prep_ocn_avg", "ph":"B", "ts":"1920619489203", "pid":"1", "tid":"cmeps"},
{"name":"med_phases_prep_ocn_avg", "ph":"E", "ts":"1920619491373", "pid":"1", "tid":"cmeps"},
{"name":"med_phases_prep_ice", "ph":"B", "ts":"1920619492068", "pid":"1", "tid":"cmeps"},
{"name":"med_phases_prep_ice", "ph":"E", "ts":"1920619494815", "pid":"1", "tid":"cmeps"},
{"name":"med_phases_post_atm", "ph":"B", "ts":"1920619566373", "pid":"1", "tid":"cmeps"},
{"name":"med_phases_history_write_comp", "ph":"B", "ts":"1920619621290", "pid":"1", "tid":"cmeps"},
{"name":"med_phases_history_write_comp", "ph":"E", "ts":"1920619621514", "pid":"1", "tid":"cmeps"},
{"name":"med_phases_post_atm", "ph":"E", "ts":"1920619621520", "pid":"1", "tid":"cmeps"},
{"name":"med_phases_post_ice", "ph":"B", "ts":"1920622057009", "pid":"1", "tid":"cmeps"},
{"name":"med_phases_history_write_comp", "ph":"B", "ts":"1920622182049", "pid":"1", "tid":"cmeps"},
{"name":"med_phases_history_write_comp", "ph":"E", "ts":"1920622182205", "pid":"1", "tid":"cmeps"},
{"name":"med_phases_post_ice", "ph":"E", "ts":"1920622182212", "pid":"1", "tid":"cmeps"},
{"name":"med_phases_ocnalb_run", "ph":"B", "ts":"1920622182434", "pid":"1", "tid":"cmeps"},
{"name":"med_phases_history_write_med", "ph":"B", "ts":"1920622184203", "pid":"1", "tid":"cmeps"},
{"name":"med_phases_history_write_med", "ph":"E", "ts":"1920622184221", "pid":"1", "tid":"cmeps"},
{"name":"med_phases_ocnalb_run", "ph":"E", "ts":"1920622184225", "pid":"1", "tid":"cmeps"},
{"name":"med_phases_history_write_med", "ph":"B", "ts":"1920622252856", "pid":"1", "tid":"cmeps"},
{"name":"med_phases_history_write_med", "ph":"E", "ts":"1920622252871", "pid":"1", "tid":"cmeps"},
{"name":"med_phases_prep_ocn_accum", "ph":"B", "ts":"1920622253076", "pid":"1", "tid":"cmeps"},
{"name":"med_phases_prep_ocn_accum", "ph":"E", "ts":"1920622257243", "pid":"1", "tid":"cmeps"},
{"name":"med_phases_prep_ice", "ph":"B", "ts":"1920622257374", "pid":"1", "tid":"cmeps"},
{"name":"med_phases_prep_ice", "ph":"E", "ts":"1920622259819", "pid":"1", "tid":"cmeps"},
{"name":"med_phases_post_atm", "ph":"B", "ts":"1920622323121", "pid":"1", "tid":"cmeps"},
{"name":"med_phases_history_write_comp", "ph":"B", "ts":"1920622381598", "pid":"1", "tid":"cmeps"},
{"name":"med_phases_history_write_comp", "ph":"E", "ts":"1920622381643", "pid":"1", "tid":"cmeps"},
{"name":"med_phases_post_atm", "ph":"E", "ts":"1920622381648", "pid":"1", "tid":"cmeps"},
{"name":"med_phases_post_ice", "ph":"B", "ts":"1920624851576", "pid":"1", "tid":"cmeps"},
{"name":"med_phases_history_write_comp", "ph":"B", "ts":"1920624942384", "pid":"1", "tid":"cmeps"},
{"name":"med_phases_history_write_comp", "ph":"E", "ts":"1920624942414", "pid":"1", "tid":"cmeps"},
{"name":"med_phases_post_ice", "ph":"E", "ts":"1920624942418", "pid":"1", "tid":"cmeps"},
{"name":"med_phases_ocnalb_run", "ph":"B", "ts":"1920624942586", "pid":"1", "tid":"cmeps"},
{"name":"med_phases_history_write_med", "ph":"B", "ts":"1920624944469", "pid":"1", "tid":"cmeps"},
{"name":"med_phases_history_write_med", "ph":"E", "ts":"1920624944475", "pid":"1", "tid":"cmeps"},
{"name":"med_phases_ocnalb_run", "ph":"E", "ts":"1920624944479", "pid":"1", "tid":"cmeps"},
{"name":"med_phases_history_write_med", "ph":"B", "ts":"1920624947656", "pid":"1", "tid":"cmeps"},
{"name":"med_phases_history_write_med", "ph":"E", "ts":"1920624947664", "pid":"1", "tid":"cmeps"},
{"name":"med_phases_prep_ocn_accum", "ph":"B", "ts":"1920624947777", "pid":"1", "tid":"cmeps"},
{"name":"med_phases_prep_ocn_accum", "ph":"E", "ts":"1920624952132", "pid":"1", "tid":"cmeps"},
{"name":"med_phases_prep_ice", "ph":"B", "ts":"1920624952250", "pid":"1", "tid":"cmeps"},
{"name":"med_phases_prep_ice", "ph":"E", "ts":"1920624954801", "pid":"1", "tid":"cmeps"},
{"name":"med_phases_post_atm", "ph":"B", "ts":"1920625018483", "pid":"1", "tid":"cmeps"},
{"name":"med_phases_history_write_comp", "ph":"B", "ts":"1920625081828", "pid":"1", "tid":"cmeps"},
{"name":"med_phases_history_write_comp", "ph":"E", "ts":"1920625081864", "pid":"1", "tid":"cmeps"},
{"name":"med_phases_post_atm", "ph":"E", "ts":"1920625081868", "pid":"1", "tid":"cmeps"},
{"name":"med_phases_post_ice", "ph":"B", "ts":"1920627577303", "pid":"1", "tid":"cmeps"},
{"name":"med_phases_history_write_comp", "ph":"B", "ts":"1920627665821", "pid":"1", "tid":"cmeps"},
{"name":"med_phases_history_write_comp", "ph":"E", "ts":"1920627665852", "pid":"1", "tid":"cmeps"},
{"name":"med_phases_post_ice", "ph":"E", "ts":"1920627665856", "pid":"1", "tid":"cmeps"},
{"name":"med_phases_ocnalb_run", "ph":"B", "ts":"1920627666024", "pid":"1", "tid":"cmeps"},
{"name":"med_phases_history_write_med", "ph":"B", "ts":"1920627667902", "pid":"1", "tid":"cmeps"},
{"name":"med_phases_history_write_med", "ph":"E", "ts":"1920627667907", "pid":"1", "tid":"cmeps"},
{"name":"med_phases_ocnalb_run", "ph":"E", "ts":"1920627667986", "pid":"1", "tid":"cmeps"},
{"name":"med_phases_history_write_med", "ph":"B", "ts":"1920627671451", "pid":"1", "tid":"cmeps"},
{"name":"med_phases_history_write_med", "ph":"E", "ts":"1920627671458", "pid":"1", "tid":"cmeps"},
{"name":"med_phases_prep_ocn_accum", "ph":"B", "ts":"1920627671566", "pid":"1", "tid":"cmeps"},
{"name":"med_phases_prep_ocn_accum", "ph":"E", "ts":"1920627676507", "pid":"1", "tid":"cmeps"},
{"name":"med_phases_prep_ice", "ph":"B", "ts":"1920627676623", "pid":"1", "tid":"cmeps"},
{"name":"med_phases_prep_ice", "ph":"E", "ts":"1920627679838", "pid":"1", "tid":"cmeps"},
{"name":"med_phases_post_atm", "ph":"B", "ts":"1920627748355", "pid":"1", "tid":"cmeps"},
{"name":"med_phases_history_write_comp", "ph":"B", "ts":"1920627797245", "pid":"1", "tid":"cmeps"},
{"name":"med_phases_history_write_comp", "ph":"E", "ts":"1920627797279", "pid":"1", "tid":"cmeps"},
{"name":"med_phases_post_atm", "ph":"E", "ts":"1920627797283", "pid":"1", "tid":"cmeps"},
{"name":"med_phases_post_ice", "ph":"B", "ts":"1920630286369", "pid":"1", "tid":"cmeps"},
{"name":"med_phases_history_write_comp", "ph":"B", "ts":"1920630370614", "pid":"1", "tid":"cmeps"},
{"name":"med_phases_history_write_comp", "ph":"E", "ts":"1920630370646", "pid":"1", "tid":"cmeps"},
{"name":"med_phases_post_ice", "ph":"E", "ts":"1920630370650", "pid":"1", "tid":"cmeps"},
{"name":"med_phases_ocnalb_run", "ph":"B", "ts":"1920630370819", "pid":"1", "tid":"cmeps"},
{"name":"med_phases_history_write_med", "ph":"B", "ts":"1920630372642", "pid":"1", "tid":"cmeps"},
{"name":"med_phases_history_write_med", "ph":"E", "ts":"1920630372648", "pid":"1", "tid":"cmeps"},
{"name":"med_phases_ocnalb_run", "ph":"E", "ts":"1920630372651", "pid":"1", "tid":"cmeps"},
{"name":"med_phases_history_write_med", "ph":"B", "ts":"1920630375693", "pid":"1", "tid":"cmeps"},
{"name":"med_phases_history_write_med", "ph":"E", "ts":"1920630375699", "pid":"1", "tid":"cmeps"},
{"name":"med_phases_prep_ocn_accum", "ph":"B", "ts":"1920630375804", "pid":"1", "tid":"cmeps"},
{"name":"med_phases_prep_ocn_accum", "ph":"E", "ts":"1920630379958", "pid":"1", "tid":"cmeps"},
{"name":"med_phases_post_ocn", "ph":"B", "ts":"1920630380919", "pid":"1", "tid":"cmeps"},
{"name":"med_phases_history_write_comp", "ph":"B", "ts":"1920630384499", "pid":"1", "tid":"cmeps"},
{"name":"med_phases_history_write_comp", "ph":"E", "ts":"1920630384601", "pid":"1", "tid":"cmeps"},
{"name":"med_phases_post_ocn", "ph":"E", "ts":"1920630384605", "pid":"1", "tid":"cmeps"},
{"name":"med_phases_restart_write", "ph":"B", "ts":"1920630384739", "pid":"1", "tid":"cmeps"},
{"name":"med_phases_restart_write", "ph":"E", "ts":"1920630386853", "pid":"1", "tid":"cmeps"},
{"name":"med_phases_prep_ocn_avg", "ph":"B", "ts":"1920630386984", "pid":"1", "tid":"cmeps"},
{"name":"med_phases_prep_ocn_avg", "ph":"E", "ts":"1920630389445", "pid":"1", "tid":"cmeps"},
{"name":"med_phases_prep_ice", "ph":"B", "ts":"1920630390472", "pid":"1", "tid":"cmeps"},
{"name":"med_phases_prep_ice", "ph":"E", "ts":"1920630392922", "pid":"1", "tid":"cmeps"},
{"name":"med_phases_post_atm", "ph":"B", "ts":"1920630460746", "pid":"1", "tid":"cmeps"},
{"name":"med_phases_history_write_comp", "ph":"B", "ts":"1920630516520", "pid":"1", "tid":"cmeps"},
{"name":"med_phases_history_write_comp", "ph":"E", "ts":"1920630516557", "pid":"1", "tid":"cmeps"},
{"name":"med_phases_post_atm", "ph":"E", "ts":"1920630516561", "pid":"1", "tid":"cmeps"},
{"name":"med_phases_post_ice", "ph":"B", "ts":"1920632897035", "pid":"1", "tid":"cmeps"},
{"name":"med_phases_history_write_comp", "ph":"B", "ts":"1920632984874", "pid":"1", "tid":"cmeps"},
{"name":"med_phases_history_write_comp", "ph":"E", "ts":"1920632987578", "pid":"1", "tid":"cmeps"},
{"name":"med_phases_post_ice", "ph":"E", "ts":"1920632987585", "pid":"1", "tid":"cmeps"},
{"name":"med_phases_ocnalb_run", "ph":"B", "ts":"1920632987764", "pid":"1", "tid":"cmeps"},
{"name":"med_phases_history_write_med", "ph":"B", "ts":"1920632989540", "pid":"1", "tid":"cmeps"},
{"name":"med_phases_history_write_med", "ph":"E", "ts":"1920632989546", "pid":"1", "tid":"cmeps"},
{"name":"med_phases_ocnalb_run", "ph":"E", "ts":"1920632989621", "pid":"1", "tid":"cmeps"},
{"name":"med_phases_history_write_med", "ph":"B", "ts":"1920632992742", "pid":"1", "tid":"cmeps"},
{"name":"med_phases_history_write_med", "ph":"E", "ts":"1920632992749", "pid":"1", "tid":"cmeps"},
{"name":"med_phases_prep_ocn_accum", "ph":"B", "ts":"1920632992858", "pid":"1", "tid":"cmeps"},
{"name":"med_phases_prep_ocn_accum", "ph":"E", "ts":"1920632997184", "pid":"1", "tid":"cmeps"},
{"name":"med_phases_prep_ice", "ph":"B", "ts":"1920632997307", "pid":"1", "tid":"cmeps"},
{"name":"med_phases_prep_ice", "ph":"E", "ts":"1920632999746", "pid":"1", "tid":"cmeps"},
{"name":"med_phases_post_atm", "ph":"B", "ts":"1920633068406", "pid":"1", "tid":"cmeps"},
{"name":"med_phases_history_write_comp", "ph":"B", "ts":"1920633116076", "pid":"1", "tid":"cmeps"},
{"name":"med_phases_history_write_comp", "ph":"E", "ts":"1920633116113", "pid":"1", "tid":"cmeps"},
{"name":"med_phases_post_atm", "ph":"E", "ts":"1920633116117", "pid":"1", "tid":"cmeps"},
{"name":"med_phases_post_ice", "ph":"B", "ts":"1920635584101", "pid":"1", "tid":"cmeps"},
{"name":"med_phases_history_write_comp", "ph":"B", "ts":"1920635656673", "pid":"1", "tid":"cmeps"},
{"name":"med_phases_history_write_comp", "ph":"E", "ts":"1920635656697", "pid":"1", "tid":"cmeps"},
{"name":"med_phases_post_ice", "ph":"E", "ts":"1920635656708", "pid":"1", "tid":"cmeps"},
{"name":"med_phases_ocnalb_run", "ph":"B", "ts":"1920635656866", "pid":"1", "tid":"cmeps"},
{"name":"med_phases_history_write_med", "ph":"B", "ts":"1920635659367", "pid":"1", "tid":"cmeps"},
{"name":"med_phases_history_write_med", "ph":"E", "ts":"1920635659375", "pid":"1", "tid":"cmeps"},
{"name":"med_phases_ocnalb_run", "ph":"E", "ts":"1920635659379", "pid":"1", "tid":"cmeps"},
{"name":"med_phases_history_write_med", "ph":"B", "ts":"1920635662541", "pid":"1", "tid":"cmeps"},
{"name":"med_phases_history_write_med", "ph":"E", "ts":"1920635662548", "pid":"1", "tid":"cmeps"},
{"name":"med_phases_prep_ocn_accum", "ph":"B", "ts":"1920635662657", "pid":"1", "tid":"cmeps"},
{"name":"med_phases_prep_ocn_accum", "ph":"E", "ts":"1920635666992", "pid":"1", "tid":"cmeps"},
{"name":"med_phases_prep_ice", "ph":"B", "ts":"1920635667111", "pid":"1", "tid":"cmeps"},
{"name":"med_phases_prep_ice", "ph":"E", "ts":"1920635669482", "pid":"1", "tid":"cmeps"},
{"name":"med_phases_post_atm", "ph":"B", "ts":"1920635733542", "pid":"1", "tid":"cmeps"},
{"name":"med_phases_history_write_comp", "ph":"B", "ts":"1920635788943", "pid":"1", "tid":"cmeps"},
{"name":"med_phases_history_write_comp", "ph":"E", "ts":"1920635788980", "pid":"1", "tid":"cmeps"},
{"name":"med_phases_post_atm", "ph":"E", "ts":"1920635788984", "pid":"1", "tid":"cmeps"},
{"name":"med_phases_post_ice", "ph":"B", "ts":"1920638270177", "pid":"1", "tid":"cmeps"},
{"name":"med_phases_history_write_comp", "ph":"B", "ts":"1920638363138", "pid":"1", "tid":"cmeps"},
{"name":"med_phases_history_write_comp", "ph":"E", "ts":"1920638363169", "pid":"1", "tid":"cmeps"},
{"name":"med_phases_post_ice", "ph":"E", "ts":"1920638363173", "pid":"1", "tid":"cmeps"},
{"name":"med_phases_ocnalb_run", "ph":"B", "ts":"1920638363338", "pid":"1", "tid":"cmeps"},
{"name":"med_phases_history_write_med", "ph":"B", "ts":"1920638365238", "pid":"1", "tid":"cmeps"},
{"name":"med_phases_history_write_med", "ph":"E", "ts":"1920638365244", "pid":"1", "tid":"cmeps"},
{"name":"med_phases_ocnalb_run", "ph":"E", "ts":"1920638365248", "pid":"1", "tid":"cmeps"},
{"name":"med_phases_history_write_med", "ph":"B", "ts":"1920638368291", "pid":"1", "tid":"cmeps"},
{"name":"med_phases_history_write_med", "ph":"E", "ts":"1920638368298", "pid":"1", "tid":"cmeps"},
{"name":"med_phases_prep_ocn_accum", "ph":"B", "ts":"1920638368406", "pid":"1", "tid":"cmeps"},
{"name":"med_phases_prep_ocn_accum", "ph":"E", "ts":"1920638372651", "pid":"1", "tid":"cmeps"},
{"name":"med_phases_prep_ice", "ph":"B", "ts":"1920638372771", "pid":"1", "tid":"cmeps"},
{"name":"med_phases_prep_ice", "ph":"E", "ts":"1920638375190", "pid":"1", "tid":"cmeps"},
{"name":"med_phases_post_atm", "ph":"B", "ts":"1920638436721", "pid":"1", "tid":"cmeps"},
{"name":"med_phases_history_write_comp", "ph":"B", "ts":"1920638492328", "pid":"1", "tid":"cmeps"},
{"name":"med_phases_history_write_comp", "ph":"E", "ts":"1920638492363", "pid":"1", "tid":"cmeps"},
{"name":"med_phases_post_atm", "ph":"E", "ts":"1920638492367", "pid":"1", "tid":"cmeps"},
{"name":"med_phases_post_ice", "ph":"B", "ts":"1920640951206", "pid":"1", "tid":"cmeps"},
{"name":"med_phases_history_write_comp", "ph":"B", "ts":"1920641038550", "pid":"1", "tid":"cmeps"},
{"name":"med_phases_history_write_comp", "ph":"E", "ts":"1920641038584", "pid":"1", "tid":"cmeps"},
{"name":"med_phases_post_ice", "ph":"E", "ts":"1920641038588", "pid":"1", "tid":"cmeps"},
{"name":"med_phases_ocnalb_run", "ph":"B", "ts":"1920641038762", "pid":"1", "tid":"cmeps"},
{"name":"med_phases_history_write_med", "ph":"B", "ts":"1920641040700", "pid":"1", "tid":"cmeps"},
{"name":"med_phases_history_write_med", "ph":"E", "ts":"1920641040706", "pid":"1", "tid":"cmeps"},
{"name":"med_phases_ocnalb_run", "ph":"E", "ts":"1920641040710", "pid":"1", "tid":"cmeps"},
{"name":"med_phases_history_write_med", "ph":"B", "ts":"1920641043875", "pid":"1", "tid":"cmeps"},
{"name":"med_phases_history_write_med", "ph":"E", "ts":"1920641043881", "pid":"1", "tid":"cmeps"},
{"name":"med_phases_prep_ocn_accum", "ph":"B", "ts":"1920641043994", "pid":"1", "tid":"cmeps"},
{"name":"med_phases_prep_ocn_accum", "ph":"E", "ts":"1920641048387", "pid":"1", "tid":"cmeps"},
{"name":"med_phases_post_ocn", "ph":"B", "ts":"1920703907624", "pid":"1", "tid":"cmeps"},
{"name":"med_phases_history_write_comp", "ph":"B", "ts":"1920703910201", "pid":"1", "tid":"cmeps"},
{"name":"med_phases_history_write_comp", "ph":"E", "ts":"1920703910234", "pid":"1", "tid":"cmeps"},
{"name":"med_phases_post_ocn", "ph":"E", "ts":"1920703910239", "pid":"1", "tid":"cmeps"},
{"name":"med_phases_restart_write", "ph":"B", "ts":"1920703910424", "pid":"1", "tid":"cmeps"},
{"name":"med_phases_restart_write", "ph":"E", "ts":"1920703910454", "pid":"1", "tid":"cmeps"},
{"name":"med_phases_prep_ocn_avg", "ph":"B", "ts":"1920703910552", "pid":"1", "tid":"cmeps"},
{"name":"med_phases_prep_ocn_avg", "ph":"E", "ts":"1920703913832", "pid":"1", "tid":"cmeps"},
{"name":"med_phases_prep_ice", "ph":"B", "ts":"1920703915239", "pid":"1", "tid":"cmeps"},
{"name":"med_phases_prep_ice", "ph":"E", "ts":"1920703918502", "pid":"1", "tid":"cmeps"},
{"name":"med_phases_post_atm", "ph":"B", "ts":"1920703996450", "pid":"1", "tid":"cmeps"},
{"name":"med_phases_history_write_comp", "ph":"B", "ts":"1920704066829", "pid":"1", "tid":"cmeps"},
{"name":"med_phases_history_write_comp", "ph":"E", "ts":"1920704066864", "pid":"1", "tid":"cmeps"},
{"name":"med_phases_post_atm", "ph":"E", "ts":"1920704066869", "pid":"1", "tid":"cmeps"},
{"name":"med_phases_post_ice", "ph":"B", "ts":"1920706501834", "pid":"1", "tid":"cmeps"},
{"name":"med_phases_history_write_comp", "ph":"B", "ts":"1920706579483", "pid":"1", "tid":"cmeps"},
{"name":"med_phases_history_write_comp", "ph":"E", "ts":"1920706579515", "pid":"1", "tid":"cmeps"},
{"name":"med_phases_post_ice", "ph":"E", "ts":"1920706579519", "pid":"1", "tid":"cmeps"},
{"name":"med_phases_ocnalb_run", "ph":"B", "ts":"1920706579685", "pid":"1", "tid":"cmeps"},
{"name":"med_phases_history_write_med", "ph":"B", "ts":"1920706581684", "pid":"1", "tid":"cmeps"},
{"name":"med_phases_history_write_med", "ph":"E", "ts":"1920706581690", "pid":"1", "tid":"cmeps"},
{"name":"med_phases_ocnalb_run", "ph":"E", "ts":"1920706581694", "pid":"1", "tid":"cmeps"},
{"name":"med_phases_history_write_med", "ph":"B", "ts":"1920706585054", "pid":"1", "tid":"cmeps"},
{"name":"med_phases_history_write_med", "ph":"E", "ts":"1920706585061", "pid":"1", "tid":"cmeps"},
{"name":"med_phases_prep_ocn_accum", "ph":"B", "ts":"1920706585169", "pid":"1", "tid":"cmeps"},
{"name":"med_phases_prep_ocn_accum", "ph":"E", "ts":"1920706589515", "pid":"1", "tid":"cmeps"},
{"name":"med_phases_prep_ice", "ph":"B", "ts":"1920706589635", "pid":"1", "tid":"cmeps"},
{"name":"med_phases_prep_ice", "ph":"E", "ts":"1920706592196", "pid":"1", "tid":"cmeps"},
{"name":"med_phases_post_atm", "ph":"B", "ts":"1920706656483", "pid":"1", "tid":"cmeps"},
{"name":"med_phases_history_write_comp", "ph":"B", "ts":"1920706715774", "pid":"1", "tid":"cmeps"},
{"name":"med_phases_history_write_comp", "ph":"E", "ts":"1920706715812", "pid":"1", "tid":"cmeps"},
{"name":"med_phases_post_atm", "ph":"E", "ts":"1920706715816", "pid":"1", "tid":"cmeps"},
{"name":"med_phases_post_ice", "ph":"B", "ts":"1920709159919", "pid":"1", "tid":"cmeps"},
{"name":"med_phases_history_write_comp", "ph":"B", "ts":"1920709229467", "pid":"1", "tid":"cmeps"},
{"name":"med_phases_history_write_comp", "ph":"E", "ts":"1920709229495", "pid":"1", "tid":"cmeps"},
{"name":"med_phases_post_ice", "ph":"E", "ts":"1920709229499", "pid":"1", "tid":"cmeps"},
{"name":"med_phases_ocnalb_run", "ph":"B", "ts":"1920709229660", "pid":"1", "tid":"cmeps"},
{"name":"med_phases_history_write_med", "ph":"B", "ts":"1920709231371", "pid":"1", "tid":"cmeps"},
{"name":"med_phases_history_write_med", "ph":"E", "ts":"1920709231377", "pid":"1", "tid":"cmeps"},
{"name":"med_phases_ocnalb_run", "ph":"E", "ts":"1920709231381", "pid":"1", "tid":"cmeps"},
{"name":"med_phases_history_write_med", "ph":"B", "ts":"1920709234341", "pid":"1", "tid":"cmeps"},
{"name":"med_phases_history_write_med", "ph":"E", "ts":"1920709234348", "pid":"1", "tid":"cmeps"},
{"name":"med_phases_prep_ocn_accum", "ph":"B", "ts":"1920709234452", "pid":"1", "tid":"cmeps"},
{"name":"med_phases_prep_ocn_accum", "ph":"E", "ts":"1920709238392", "pid":"1", "tid":"cmeps"},
{"name":"med_phases_prep_ice", "ph":"B", "ts":"1920709238508", "pid":"1", "tid":"cmeps"},
{"name":"med_phases_prep_ice", "ph":"E", "ts":"1920709240839", "pid":"1", "tid":"cmeps"},
{"name":"med_phases_post_atm", "ph":"B", "ts":"1920709302024", "pid":"1", "tid":"cmeps"},
{"name":"med_phases_history_write_comp", "ph":"B", "ts":"1920709355918", "pid":"1", "tid":"cmeps"},
{"name":"med_phases_history_write_comp", "ph":"E", "ts":"1920709355951", "pid":"1", "tid":"cmeps"},
{"name":"med_phases_post_atm", "ph":"E", "ts":"1920709355955", "pid":"1", "tid":"cmeps"},
{"name":"med_phases_post_ice", "ph":"B", "ts":"1920711822705", "pid":"1", "tid":"cmeps"},
{"name":"med_phases_history_write_comp", "ph":"B", "ts":"1920711890944", "pid":"1", "tid":"cmeps"},
{"name":"med_phases_history_write_comp", "ph":"E", "ts":"1920711890973", "pid":"1", "tid":"cmeps"},
{"name":"med_phases_post_ice", "ph":"E", "ts":"1920711890978", "pid":"1", "tid":"cmeps"},
{"name":"med_phases_ocnalb_run", "ph":"B", "ts":"1920711891124", "pid":"1", "tid":"cmeps"},
{"name":"med_phases_history_write_med", "ph":"B", "ts":"1920711893139", "pid":"1", "tid":"cmeps"},
{"name":"med_phases_history_write_med", "ph":"E", "ts":"1920711893144", "pid":"1", "tid":"cmeps"},
{"name":"med_phases_ocnalb_run", "ph":"E", "ts":"1920711893147", "pid":"1", "tid":"cmeps"},
{"name":"med_phases_history_write_med", "ph":"B", "ts":"1920711896368", "pid":"1", "tid":"cmeps"},
{"name":"med_phases_history_write_med", "ph":"E", "ts":"1920711896375", "pid":"1", "tid":"cmeps"},
{"name":"med_phases_prep_ocn_accum", "ph":"B", "ts":"1920711896478", "pid":"1", "tid":"cmeps"},
{"name":"med_phases_prep_ocn_accum", "ph":"E", "ts":"1920711901042", "pid":"1", "tid":"cmeps"},
{"name":"med_phases_prep_ice", "ph":"B", "ts":"1920711901154", "pid":"1", "tid":"cmeps"},
{"name":"med_phases_prep_ice", "ph":"E", "ts":"1920711904188", "pid":"1", "tid":"cmeps"},
{"name":"med_phases_post_atm", "ph":"B", "ts":"1920711968547", "pid":"1", "tid":"cmeps"},
{"name":"med_phases_history_write_comp", "ph":"B", "ts":"1920712025161", "pid":"1", "tid":"cmeps"},
{"name":"med_phases_history_write_comp", "ph":"E", "ts":"1920712025199", "pid":"1", "tid":"cmeps"},
{"name":"med_phases_post_atm", "ph":"E", "ts":"1920712025203", "pid":"1", "tid":"cmeps"},
{"name":"med_phases_post_ice", "ph":"B", "ts":"1920714498571", "pid":"1", "tid":"cmeps"},
{"name":"med_phases_history_write_comp", "ph":"B", "ts":"1920714566394", "pid":"1", "tid":"cmeps"},
{"name":"med_phases_history_write_comp", "ph":"E", "ts":"1920714569735", "pid":"1", "tid":"cmeps"},
{"name":"med_phases_post_ice", "ph":"E", "ts":"1920714569742", "pid":"1", "tid":"cmeps"},
{"name":"med_phases_ocnalb_run", "ph":"B", "ts":"1920714569905", "pid":"1", "tid":"cmeps"},
{"name":"med_phases_history_write_med", "ph":"B", "ts":"1920714571553", "pid":"1", "tid":"cmeps"},
{"name":"med_phases_history_write_med", "ph":"E", "ts":"1920714571560", "pid":"1", "tid":"cmeps"},
{"name":"med_phases_ocnalb_run", "ph":"E", "ts":"1920714571563", "pid":"1", "tid":"cmeps"},
{"name":"med_phases_history_write_med", "ph":"B", "ts":"1920714574475", "pid":"1", "tid":"cmeps"},
{"name":"med_phases_history_write_med", "ph":"E", "ts":"1920714574481", "pid":"1", "tid":"cmeps"},
{"name":"med_phases_prep_ocn_accum", "ph":"B", "ts":"1920714574587", "pid":"1", "tid":"cmeps"},
{"name":"med_phases_prep_ocn_accum", "ph":"E", "ts":"1920714578627", "pid":"1", "tid":"cmeps"},
{"name":"med_phases_post_ocn", "ph":"B", "ts":"1920740923052", "pid":"1", "tid":"cmeps"},
{"name":"med_phases_history_write_comp", "ph":"B", "ts":"1920740925237", "pid":"1", "tid":"cmeps"},
{"name":"med_phases_history_write_comp", "ph":"E", "ts":"1920740925260", "pid":"1", "tid":"cmeps"},
{"name":"med_phases_post_ocn", "ph":"E", "ts":"1920740925265", "pid":"1", "tid":"cmeps"},
{"name":"med_phases_restart_write", "ph":"B", "ts":"1920740925419", "pid":"1", "tid":"cmeps"},
{"name":"med_phases_restart_write", "ph":"E", "ts":"1920740925443", "pid":"1", "tid":"cmeps"},
{"name":"med_phases_prep_ocn_avg", "ph":"B", "ts":"1920740925530", "pid":"1", "tid":"cmeps"},
{"name":"med_phases_prep_ocn_avg", "ph":"E", "ts":"1920740928121", "pid":"1", "tid":"cmeps"},
{"name":"med_phases_prep_ice", "ph":"B", "ts":"1920740929373", "pid":"1", "tid":"cmeps"},
{"name":"med_phases_prep_ice", "ph":"E", "ts":"1920740931619", "pid":"1", "tid":"cmeps"},
{"name":"med_phases_post_atm", "ph":"B", "ts":"1920740999143", "pid":"1", "tid":"cmeps"},
{"name":"med_phases_history_write_comp", "ph":"B", "ts":"1920741055788", "pid":"1", "tid":"cmeps"},
{"name":"med_phases_history_write_comp", "ph":"E", "ts":"1920741055831", "pid":"1", "tid":"cmeps"},
{"name":"med_phases_post_atm", "ph":"E", "ts":"1920741055835", "pid":"1", "tid":"cmeps"},
{"name":"med_phases_post_ice", "ph":"B", "ts":"1920743449889", "pid":"1", "tid":"cmeps"},
{"name":"med_phases_history_write_comp", "ph":"B", "ts":"1920743519618", "pid":"1", "tid":"cmeps"},
{"name":"med_phases_history_write_comp", "ph":"E", "ts":"1920743519653", "pid":"1", "tid":"cmeps"},
{"name":"med_phases_post_ice", "ph":"E", "ts":"1920743519657", "pid":"1", "tid":"cmeps"},
{"name":"med_phases_ocnalb_run", "ph":"B", "ts":"1920743519838", "pid":"1", "tid":"cmeps"},
{"name":"med_phases_history_write_med", "ph":"B", "ts":"1920743521733", "pid":"1", "tid":"cmeps"},
{"name":"med_phases_history_write_med", "ph":"E", "ts":"1920743521738", "pid":"1", "tid":"cmeps"},
{"name":"med_phases_ocnalb_run", "ph":"E", "ts":"1920743521742", "pid":"1", "tid":"cmeps"},
{"name":"med_phases_history_write_med", "ph":"B", "ts":"1920743524903", "pid":"1", "tid":"cmeps"},
{"name":"med_phases_history_write_med", "ph":"E", "ts":"1920743524911", "pid":"1", "tid":"cmeps"},
{"name":"med_phases_prep_ocn_accum", "ph":"B", "ts":"1920743525046", "pid":"1", "tid":"cmeps"},
{"name":"med_phases_prep_ocn_accum", "ph":"E", "ts":"1920743529806", "pid":"1", "tid":"cmeps"},
{"name":"med_phases_prep_ice", "ph":"B", "ts":"1920743529932", "pid":"1", "tid":"cmeps"},
{"name":"med_phases_prep_ice", "ph":"E", "ts":"1920743532394", "pid":"1", "tid":"cmeps"},
{"name":"med_phases_post_atm", "ph":"B", "ts":"1920743597785", "pid":"1", "tid":"cmeps"},
{"name":"med_phases_history_write_comp", "ph":"B", "ts":"1920743655322", "pid":"1", "tid":"cmeps"},
{"name":"med_phases_history_write_comp", "ph":"E", "ts":"1920743655358", "pid":"1", "tid":"cmeps"},
{"name":"med_phases_post_atm", "ph":"E", "ts":"1920743655362", "pid":"1", "tid":"cmeps"},
{"name":"med_phases_post_ice", "ph":"B", "ts":"1920746100984", "pid":"1", "tid":"cmeps"},
{"name":"med_phases_history_write_comp", "ph":"B", "ts":"1920746169887", "pid":"1", "tid":"cmeps"},
{"name":"med_phases_history_write_comp", "ph":"E", "ts":"1920746169919", "pid":"1", "tid":"cmeps"},
{"name":"med_phases_post_ice", "ph":"E", "ts":"1920746169923", "pid":"1", "tid":"cmeps"},
{"name":"med_phases_ocnalb_run", "ph":"B", "ts":"1920746170105", "pid":"1", "tid":"cmeps"},
{"name":"med_phases_history_write_med", "ph":"B", "ts":"1920746172047", "pid":"1", "tid":"cmeps"},
{"name":"med_phases_history_write_med", "ph":"E", "ts":"1920746172052", "pid":"1", "tid":"cmeps"},
{"name":"med_phases_ocnalb_run", "ph":"E", "ts":"1920746172055", "pid":"1", "tid":"cmeps"},
{"name":"med_phases_history_write_med", "ph":"B", "ts":"1920746175178", "pid":"1", "tid":"cmeps"},
{"name":"med_phases_history_write_med", "ph":"E", "ts":"1920746175187", "pid":"1", "tid":"cmeps"},
{"name":"med_phases_prep_ocn_accum", "ph":"B", "ts":"1920746175294", "pid":"1", "tid":"cmeps"},
{"name":"med_phases_prep_ocn_accum", "ph":"E", "ts":"1920746179614", "pid":"1", "tid":"cmeps"},
{"name":"med_phases_prep_ice", "ph":"B", "ts":"1920746179738", "pid":"1", "tid":"cmeps"},
{"name":"med_phases_prep_ice", "ph":"E", "ts":"1920746182309", "pid":"1", "tid":"cmeps"},
{"name":"med_phases_post_atm", "ph":"B", "ts":"1920746246633", "pid":"1", "tid":"cmeps"},
{"name":"med_phases_history_write_comp", "ph":"B", "ts":"1920746304012", "pid":"1", "tid":"cmeps"},
{"name":"med_phases_history_write_comp", "ph":"E", "ts":"1920746304050", "pid":"1", "tid":"cmeps"},
{"name":"med_phases_post_atm", "ph":"E", "ts":"1920746304054", "pid":"1", "tid":"cmeps"},
{"name":"med_phases_post_ice", "ph":"B", "ts":"1920748769478", "pid":"1", "tid":"cmeps"},
{"name":"med_phases_history_write_comp", "ph":"B", "ts":"1920748834585", "pid":"1", "tid":"cmeps"},
{"name":"med_phases_history_write_comp", "ph":"E", "ts":"1920748834623", "pid":"1", "tid":"cmeps"},
{"name":"med_phases_post_ice", "ph":"E", "ts":"1920748834627", "pid":"1", "tid":"cmeps"},
{"name":"med_phases_ocnalb_run", "ph":"B", "ts":"1920748834796", "pid":"1", "tid":"cmeps"},
{"name":"med_phases_history_write_med", "ph":"B", "ts":"1920748836485", "pid":"1", "tid":"cmeps"},
{"name":"med_phases_history_write_med", "ph":"E", "ts":"1920748836490", "pid":"1", "tid":"cmeps"},
{"name":"med_phases_ocnalb_run", "ph":"E", "ts":"1920748836494", "pid":"1", "tid":"cmeps"},
{"name":"med_phases_history_write_med", "ph":"B", "ts":"1920748839425", "pid":"1", "tid":"cmeps"},
{"name":"med_phases_history_write_med", "ph":"E", "ts":"1920748839433", "pid":"1", "tid":"cmeps"},
{"name":"med_phases_prep_ocn_accum", "ph":"B", "ts":"1920748839541", "pid":"1", "tid":"cmeps"},
{"name":"med_phases_prep_ocn_accum", "ph":"E", "ts":"1920748843609", "pid":"1", "tid":"cmeps"},
{"name":"med_phases_prep_ice", "ph":"B", "ts":"1920748843727", "pid":"1", "tid":"cmeps"},
{"name":"med_phases_prep_ice", "ph":"E", "ts":"1920748846255", "pid":"1", "tid":"cmeps"},
{"name":"med_phases_post_atm", "ph":"B", "ts":"1920748907468", "pid":"1", "tid":"cmeps"},
{"name":"med_phases_history_write_comp", "ph":"B", "ts":"1920748959542", "pid":"1", "tid":"cmeps"},
{"name":"med_phases_history_write_comp", "ph":"E", "ts":"1920748959581", "pid":"1", "tid":"cmeps"},
{"name":"med_phases_post_atm", "ph":"E", "ts":"1920748959585", "pid":"1", "tid":"cmeps"},
{"name":"med_phases_post_ice", "ph":"B", "ts":"1920751419047", "pid":"1", "tid":"cmeps"},
{"name":"med_phases_history_write_comp", "ph":"B", "ts":"1920751483584", "pid":"1", "tid":"cmeps"},
{"name":"med_phases_history_write_comp", "ph":"E", "ts":"1920751483616", "pid":"1", "tid":"cmeps"},
{"name":"med_phases_post_ice", "ph":"E", "ts":"1920751483620", "pid":"1", "tid":"cmeps"},
{"name":"med_phases_ocnalb_run", "ph":"B", "ts":"1920751483777", "pid":"1", "tid":"cmeps"},
{"name":"med_phases_history_write_med", "ph":"B", "ts":"1920751485427", "pid":"1", "tid":"cmeps"},
{"name":"med_phases_history_write_med", "ph":"E", "ts":"1920751485432", "pid":"1", "tid":"cmeps"},
{"name":"med_phases_ocnalb_run", "ph":"E", "ts":"1920751485435", "pid":"1", "tid":"cmeps"},
{"name":"med_phases_history_write_med", "ph":"B", "ts":"1920751488446", "pid":"1", "tid":"cmeps"},
{"name":"med_phases_history_write_med", "ph":"E", "ts":"1920751488454", "pid":"1", "tid":"cmeps"},
{"name":"med_phases_prep_ocn_accum", "ph":"B", "ts":"1920751488559", "pid":"1", "tid":"cmeps"},
{"name":"med_phases_prep_ocn_accum", "ph":"E", "ts":"1920751492639", "pid":"1", "tid":"cmeps"},
{"name":"med_phases_post_ocn", "ph":"B", "ts":"1920777858024", "pid":"1", "tid":"cmeps"},
{"name":"med_phases_history_write_comp", "ph":"B", "ts":"1920777860460", "pid":"1", "tid":"cmeps"},
{"name":"med_phases_history_write_comp", "ph":"E", "ts":"1920777860482", "pid":"1", "tid":"cmeps"},
{"name":"med_phases_post_ocn", "ph":"E", "ts":"1920777860486", "pid":"1", "tid":"cmeps"},
{"name":"med_phases_restart_write", "ph":"B", "ts":"1920777860628", "pid":"1", "tid":"cmeps"},
{"name":"med_phases_restart_write", "ph":"E", "ts":"1920777860654", "pid":"1", "tid":"cmeps"},
{"name":"med_phases_prep_ocn_avg", "ph":"B", "ts":"1920777860751", "pid":"1", "tid":"cmeps"},
{"name":"med_phases_prep_ocn_avg", "ph":"E", "ts":"1920777863900", "pid":"1", "tid":"cmeps"},
{"name":"med_phases_prep_ice", "ph":"B", "ts":"1920777865098", "pid":"1", "tid":"cmeps"},
{"name":"med_phases_prep_ice", "ph":"E", "ts":"1920777868298", "pid":"1", "tid":"cmeps"},
{"name":"med_phases_post_atm", "ph":"B", "ts":"1920777944209", "pid":"1", "tid":"cmeps"},
{"name":"med_phases_history_write_comp", "ph":"B", "ts":"1920778002610", "pid":"1", "tid":"cmeps"},
{"name":"med_phases_history_write_comp", "ph":"E", "ts":"1920778002649", "pid":"1", "tid":"cmeps"},
{"name":"med_phases_post_atm", "ph":"E", "ts":"1920778002653", "pid":"1", "tid":"cmeps"},
{"name":"med_phases_post_ice", "ph":"B", "ts":"1920780427303", "pid":"1", "tid":"cmeps"},
{"name":"med_phases_history_write_comp", "ph":"B", "ts":"1920780492745", "pid":"1", "tid":"cmeps"},
{"name":"med_phases_history_write_comp", "ph":"E", "ts":"1920780492771", "pid":"1", "tid":"cmeps"},
{"name":"med_phases_post_ice", "ph":"E", "ts":"1920780492775", "pid":"1", "tid":"cmeps"},
{"name":"med_phases_ocnalb_run", "ph":"B", "ts":"1920780492929", "pid":"1", "tid":"cmeps"},
{"name":"med_phases_history_write_med", "ph":"B", "ts":"1920780495024", "pid":"1", "tid":"cmeps"},
{"name":"med_phases_history_write_med", "ph":"E", "ts":"1920780495031", "pid":"1", "tid":"cmeps"},
{"name":"med_phases_ocnalb_run", "ph":"E", "ts":"1920780495035", "pid":"1", "tid":"cmeps"},
{"name":"med_phases_history_write_med", "ph":"B", "ts":"1920780498307", "pid":"1", "tid":"cmeps"},
{"name":"med_phases_history_write_med", "ph":"E", "ts":"1920780498314", "pid":"1", "tid":"cmeps"},
{"name":"med_phases_prep_ocn_accum", "ph":"B", "ts":"1920780498423", "pid":"1", "tid":"cmeps"},
{"name":"med_phases_prep_ocn_accum", "ph":"E", "ts":"1920780502798", "pid":"1", "tid":"cmeps"},
{"name":"med_phases_prep_ice", "ph":"B", "ts":"1920780502921", "pid":"1", "tid":"cmeps"},
{"name":"med_phases_prep_ice", "ph":"E", "ts":"1920780505394", "pid":"1", "tid":"cmeps"},
{"name":"med_phases_post_atm", "ph":"B", "ts":"1920780568673", "pid":"1", "tid":"cmeps"},
{"name":"med_phases_history_write_comp", "ph":"B", "ts":"1920780631821", "pid":"1", "tid":"cmeps"},
{"name":"med_phases_history_write_comp", "ph":"E", "ts":"1920780631857", "pid":"1", "tid":"cmeps"},
{"name":"med_phases_post_atm", "ph":"E", "ts":"1920780631862", "pid":"1", "tid":"cmeps"},
{"name":"med_phases_post_ice", "ph":"B", "ts":"1920783040327", "pid":"1", "tid":"cmeps"},
{"name":"med_phases_history_write_comp", "ph":"B", "ts":"1920783101800", "pid":"1", "tid":"cmeps"},
{"name":"med_phases_history_write_comp", "ph":"E", "ts":"1920783101829", "pid":"1", "tid":"cmeps"},
{"name":"med_phases_post_ice", "ph":"E", "ts":"1920783101833", "pid":"1", "tid":"cmeps"},
{"name":"med_phases_ocnalb_run", "ph":"B", "ts":"1920783101989", "pid":"1", "tid":"cmeps"},
{"name":"med_phases_history_write_med", "ph":"B", "ts":"1920783103714", "pid":"1", "tid":"cmeps"},
{"name":"med_phases_history_write_med", "ph":"E", "ts":"1920783103720", "pid":"1", "tid":"cmeps"},
{"name":"med_phases_ocnalb_run", "ph":"E", "ts":"1920783103787", "pid":"1", "tid":"cmeps"},
{"name":"med_phases_history_write_med", "ph":"B", "ts":"1920783110062", "pid":"1", "tid":"cmeps"},
{"name":"med_phases_history_write_med", "ph":"E", "ts":"1920783110072", "pid":"1", "tid":"cmeps"},
{"name":"med_phases_prep_ocn_accum", "ph":"B", "ts":"1920783110180", "pid":"1", "tid":"cmeps"},
{"name":"med_phases_prep_ocn_accum", "ph":"E", "ts":"1920783114212", "pid":"1", "tid":"cmeps"},
{"name":"med_phases_prep_ice", "ph":"B", "ts":"1920783114325", "pid":"1", "tid":"cmeps"},
{"name":"med_phases_prep_ice", "ph":"E", "ts":"1920783116759", "pid":"1", "tid":"cmeps"},
{"name":"med_phases_post_atm", "ph":"B", "ts":"1920783175796", "pid":"1", "tid":"cmeps"},
{"name":"med_phases_history_write_comp", "ph":"B", "ts":"1920783227865", "pid":"1", "tid":"cmeps"},
{"name":"med_phases_history_write_comp", "ph":"E", "ts":"1920783227905", "pid":"1", "tid":"cmeps"},
{"name":"med_phases_post_atm", "ph":"E", "ts":"1920783227910", "pid":"1", "tid":"cmeps"},
{"name":"med_phases_post_ice", "ph":"B", "ts":"1920785661907", "pid":"1", "tid":"cmeps"},
{"name":"med_phases_history_write_comp", "ph":"B", "ts":"1920785724564", "pid":"1", "tid":"cmeps"},
{"name":"med_phases_history_write_comp", "ph":"E", "ts":"1920785724594", "pid":"1", "tid":"cmeps"},
{"name":"med_phases_post_ice", "ph":"E", "ts":"1920785724598", "pid":"1", "tid":"cmeps"},
{"name":"med_phases_ocnalb_run", "ph":"B", "ts":"1920785724765", "pid":"1", "tid":"cmeps"},
{"name":"med_phases_history_write_med", "ph":"B", "ts":"1920785726431", "pid":"1", "tid":"cmeps"},
{"name":"med_phases_history_write_med", "ph":"E", "ts":"1920785726436", "pid":"1", "tid":"cmeps"},
{"name":"med_phases_ocnalb_run", "ph":"E", "ts":"1920785726440", "pid":"1", "tid":"cmeps"},
{"name":"med_phases_history_write_med", "ph":"B", "ts":"1920785729416", "pid":"1", "tid":"cmeps"},
{"name":"med_phases_history_write_med", "ph":"E", "ts":"1920785729422", "pid":"1", "tid":"cmeps"},
{"name":"med_phases_prep_ocn_accum", "ph":"B", "ts":"1920785729531", "pid":"1", "tid":"cmeps"},
{"name":"med_phases_prep_ocn_accum", "ph":"E", "ts":"1920785733650", "pid":"1", "tid":"cmeps"},
{"name":"med_phases_prep_ice", "ph":"B", "ts":"1920785733772", "pid":"1", "tid":"cmeps"},
{"name":"med_phases_prep_ice", "ph":"E", "ts":"1920785736243", "pid":"1", "tid":"cmeps"},
{"name":"med_phases_post_atm", "ph":"B", "ts":"1920785798057", "pid":"1", "tid":"cmeps"},
{"name":"med_phases_history_write_comp", "ph":"B", "ts":"1920785851173", "pid":"1", "tid":"cmeps"},
{"name":"med_phases_history_write_comp", "ph":"E", "ts":"1920785851210", "pid":"1", "tid":"cmeps"},
{"name":"med_phases_post_atm", "ph":"E", "ts":"1920785851214", "pid":"1", "tid":"cmeps"},
{"name":"med_phases_post_ice", "ph":"B", "ts":"1920788294968", "pid":"1", "tid":"cmeps"},
{"name":"med_phases_history_write_comp", "ph":"B", "ts":"1920788358147", "pid":"1", "tid":"cmeps"},
{"name":"med_phases_history_write_comp", "ph":"E", "ts":"1920788358180", "pid":"1", "tid":"cmeps"},
{"name":"med_phases_post_ice", "ph":"E", "ts":"1920788358184", "pid":"1", "tid":"cmeps"},
{"name":"med_phases_ocnalb_run", "ph":"B", "ts":"1920788358358", "pid":"1", "tid":"cmeps"},
{"name":"med_phases_history_write_med", "ph":"B", "ts":"1920788360019", "pid":"1", "tid":"cmeps"},
{"name":"med_phases_history_write_med", "ph":"E", "ts":"1920788360024", "pid":"1", "tid":"cmeps"},
{"name":"med_phases_ocnalb_run", "ph":"E", "ts":"1920788360028", "pid":"1", "tid":"cmeps"},
{"name":"med_phases_history_write_med", "ph":"B", "ts":"1920788363038", "pid":"1", "tid":"cmeps"},
{"name":"med_phases_history_write_med", "ph":"E", "ts":"1920788363045", "pid":"1", "tid":"cmeps"},
{"name":"med_phases_prep_ocn_accum", "ph":"B", "ts":"1920788363159", "pid":"1", "tid":"cmeps"},
{"name":"med_phases_prep_ocn_accum", "ph":"E", "ts":"1920788367324", "pid":"1", "tid":"cmeps"},
{"name":"med_phases_post_ocn", "ph":"B", "ts":"1920812504897", "pid":"1", "tid":"cmeps"},
{"name":"med_phases_history_write_comp", "ph":"B", "ts":"1920812507281", "pid":"1", "tid":"cmeps"},
{"name":"med_phases_history_write_comp", "ph":"E", "ts":"1920812507347", "pid":"1", "tid":"cmeps"},
{"name":"med_phases_post_ocn", "ph":"E", "ts":"1920812507352", "pid":"1", "tid":"cmeps"},
{"name":"med_phases_restart_write", "ph":"B", "ts":"1920812507492", "pid":"1", "tid":"cmeps"},
{"name":"med_phases_restart_write", "ph":"E", "ts":"1920812507519", "pid":"1", "tid":"cmeps"},
{"name":"med_phases_prep_ocn_avg", "ph":"B", "ts":"1920812507615", "pid":"1", "tid":"cmeps"},
{"name":"med_phases_prep_ocn_avg", "ph":"E", "ts":"1920812510632", "pid":"1", "tid":"cmeps"},
{"name":"med_phases_prep_ice", "ph":"B", "ts":"1920812511796", "pid":"1", "tid":"cmeps"},
{"name":"med_phases_prep_ice", "ph":"E", "ts":"1920812515073", "pid":"1", "tid":"cmeps"},
{"name":"med_phases_post_atm", "ph":"B", "ts":"1920812582457", "pid":"1", "tid":"cmeps"},
{"name":"med_phases_history_write_comp", "ph":"B", "ts":"1920812640932", "pid":"1", "tid":"cmeps"},
{"name":"med_phases_history_write_comp", "ph":"E", "ts":"1920812640965", "pid":"1", "tid":"cmeps"},
{"name":"med_phases_post_atm", "ph":"E", "ts":"1920812640970", "pid":"1", "tid":"cmeps"},
{"name":"med_phases_post_ice", "ph":"B", "ts":"1920815046989", "pid":"1", "tid":"cmeps"},
{"name":"med_phases_history_write_comp", "ph":"B", "ts":"1920815101268", "pid":"1", "tid":"cmeps"},
{"name":"med_phases_history_write_comp", "ph":"E", "ts":"1920815101300", "pid":"1", "tid":"cmeps"},
{"name":"med_phases_post_ice", "ph":"E", "ts":"1920815101304", "pid":"1", "tid":"cmeps"},
{"name":"med_phases_ocnalb_run", "ph":"B", "ts":"1920815101457", "pid":"1", "tid":"cmeps"},
{"name":"med_phases_history_write_med", "ph":"B", "ts":"1920815103178", "pid":"1", "tid":"cmeps"},
{"name":"med_phases_history_write_med", "ph":"E", "ts":"1920815103185", "pid":"1", "tid":"cmeps"},
{"name":"med_phases_ocnalb_run", "ph":"E", "ts":"1920815103188", "pid":"1", "tid":"cmeps"},
{"name":"med_phases_history_write_med", "ph":"B", "ts":"1920815106258", "pid":"1", "tid":"cmeps"},
{"name":"med_phases_history_write_med", "ph":"E", "ts":"1920815106265", "pid":"1", "tid":"cmeps"},
{"name":"med_phases_prep_ocn_accum", "ph":"B", "ts":"1920815106375", "pid":"1", "tid":"cmeps"},
{"name":"med_phases_prep_ocn_accum", "ph":"E", "ts":"1920815110186", "pid":"1", "tid":"cmeps"},
{"name":"med_phases_prep_ice", "ph":"B", "ts":"1920815110308", "pid":"1", "tid":"cmeps"},
{"name":"med_phases_prep_ice", "ph":"E", "ts":"1920815112425", "pid":"1", "tid":"cmeps"},
{"name":"med_phases_post_atm", "ph":"B", "ts":"1920815168809", "pid":"1", "tid":"cmeps"},
{"name":"med_phases_history_write_comp", "ph":"B", "ts":"1920815224769", "pid":"1", "tid":"cmeps"},
{"name":"med_phases_history_write_comp", "ph":"E", "ts":"1920815224808", "pid":"1", "tid":"cmeps"},
{"name":"med_phases_post_atm", "ph":"E", "ts":"1920815224812", "pid":"1", "tid":"cmeps"},
{"name":"med_phases_post_ice", "ph":"B", "ts":"1920817509388", "pid":"1", "tid":"cmeps"},
{"name":"med_phases_history_write_comp", "ph":"B", "ts":"1920817572038", "pid":"1", "tid":"cmeps"},
{"name":"med_phases_history_write_comp", "ph":"E", "ts":"1920817572069", "pid":"1", "tid":"cmeps"},
{"name":"med_phases_post_ice", "ph":"E", "ts":"1920817572073", "pid":"1", "tid":"cmeps"},
{"name":"med_phases_ocnalb_run", "ph":"B", "ts":"1920817572273", "pid":"1", "tid":"cmeps"},
{"name":"med_phases_history_write_med", "ph":"B", "ts":"1920817573951", "pid":"1", "tid":"cmeps"},
{"name":"med_phases_history_write_med", "ph":"E", "ts":"1920817573957", "pid":"1", "tid":"cmeps"},
{"name":"med_phases_ocnalb_run", "ph":"E", "ts":"1920817573961", "pid":"1", "tid":"cmeps"},
{"name":"med_phases_history_write_med", "ph":"B", "ts":"1920817577045", "pid":"1", "tid":"cmeps"},
{"name":"med_phases_history_write_med", "ph":"E", "ts":"1920817577053", "pid":"1", "tid":"cmeps"},
{"name":"med_phases_prep_ocn_accum", "ph":"B", "ts":"1920817577180", "pid":"1", "tid":"cmeps"},
{"name":"med_phases_prep_ocn_accum", "ph":"E", "ts":"1920817581627", "pid":"1", "tid":"cmeps"},
{"name":"med_phases_prep_ice", "ph":"B", "ts":"1920817581871", "pid":"1", "tid":"cmeps"},
{"name":"med_phases_prep_ice", "ph":"E", "ts":"1920817584351", "pid":"1", "tid":"cmeps"},
{"name":"med_phases_post_atm", "ph":"B", "ts":"1920817647060", "pid":"1", "tid":"cmeps"},
{"name":"med_phases_history_write_comp", "ph":"B", "ts":"1920817705243", "pid":"1", "tid":"cmeps"},
{"name":"med_phases_history_write_comp", "ph":"E", "ts":"1920817705349", "pid":"1", "tid":"cmeps"},
{"name":"med_phases_post_atm", "ph":"E", "ts":"1920817705354", "pid":"1", "tid":"cmeps"},
{"name":"med_phases_post_ice", "ph":"B", "ts":"1920820017143", "pid":"1", "tid":"cmeps"},
{"name":"med_phases_history_write_comp", "ph":"B", "ts":"1920820071470", "pid":"1", "tid":"cmeps"},
{"name":"med_phases_history_write_comp", "ph":"E", "ts":"1920820071494", "pid":"1", "tid":"cmeps"},
{"name":"med_phases_post_ice", "ph":"E", "ts":"1920820071498", "pid":"1", "tid":"cmeps"},
{"name":"med_phases_ocnalb_run", "ph":"B", "ts":"1920820071639", "pid":"1", "tid":"cmeps"},
{"name":"med_phases_history_write_med", "ph":"B", "ts":"1920820073280", "pid":"1", "tid":"cmeps"},
{"name":"med_phases_history_write_med", "ph":"E", "ts":"1920820073285", "pid":"1", "tid":"cmeps"},
{"name":"med_phases_ocnalb_run", "ph":"E", "ts":"1920820073288", "pid":"1", "tid":"cmeps"},
{"name":"med_phases_history_write_med", "ph":"B", "ts":"1920820076063", "pid":"1", "tid":"cmeps"},
{"name":"med_phases_history_write_med", "ph":"E", "ts":"1920820076069", "pid":"1", "tid":"cmeps"},
{"name":"med_phases_prep_ocn_accum", "ph":"B", "ts":"1920820076166", "pid":"1", "tid":"cmeps"},
{"name":"med_phases_prep_ocn_accum", "ph":"E", "ts":"1920820080109", "pid":"1", "tid":"cmeps"},
{"name":"med_phases_prep_ice", "ph":"B", "ts":"1920820080254", "pid":"1", "tid":"cmeps"},
{"name":"med_phases_prep_ice", "ph":"E", "ts":"1920820082483", "pid":"1", "tid":"cmeps"},
{"name":"med_phases_post_atm", "ph":"B", "ts":"1920820352939", "pid":"1", "tid":"cmeps"},
{"name":"med_phases_history_write_comp", "ph":"B", "ts":"1920820401123", "pid":"1", "tid":"cmeps"},
{"name":"med_phases_history_write_comp", "ph":"E", "ts":"1920820401163", "pid":"1", "tid":"cmeps"},
{"name":"med_phases_post_atm", "ph":"E", "ts":"1920820401167", "pid":"1", "tid":"cmeps"},
{"name":"med_phases_post_ice", "ph":"B", "ts":"1920822769152", "pid":"1", "tid":"cmeps"},
{"name":"med_phases_history_write_comp", "ph":"B", "ts":"1920822771551", "pid":"1", "tid":"cmeps"},
{"name":"med_phases_history_write_comp", "ph":"E", "ts":"1920822771569", "pid":"1", "tid":"cmeps"},
{"name":"med_phases_post_ice", "ph":"E", "ts":"1920822771572", "pid":"1", "tid":"cmeps"},
{"name":"med_phases_ocnalb_run", "ph":"B", "ts":"1920822771695", "pid":"1", "tid":"cmeps"},
{"name":"med_phases_history_write_med", "ph":"B", "ts":"1920822775087", "pid":"1", "tid":"cmeps"},
{"name":"med_phases_history_write_med", "ph":"E", "ts":"1920822775093", "pid":"1", "tid":"cmeps"},
{"name":"med_phases_ocnalb_run", "ph":"E", "ts":"1920822775096", "pid":"1", "tid":"cmeps"},
{"name":"med_phases_history_write_med", "ph":"B", "ts":"1920822777970", "pid":"1", "tid":"cmeps"},
{"name":"med_phases_history_write_med", "ph":"E", "ts":"1920822777981", "pid":"1", "tid":"cmeps"},
{"name":"med_phases_prep_ocn_accum", "ph":"B", "ts":"1920822778078", "pid":"1", "tid":"cmeps"},
{"name":"med_phases_prep_ocn_accum", "ph":"E", "ts":"1920822781984", "pid":"1", "tid":"cmeps"},
{"name":"med_phases_post_ocn", "ph":"B", "ts":"1920849278190", "pid":"1", "tid":"cmeps"},
{"name":"med_phases_history_write_comp", "ph":"B", "ts":"1920849280093", "pid":"1", "tid":"cmeps"},
{"name":"med_phases_history_write_comp", "ph":"E", "ts":"1920849280117", "pid":"1", "tid":"cmeps"},
{"name":"med_phases_post_ocn", "ph":"E", "ts":"1920849280120", "pid":"1", "tid":"cmeps"},
{"name":"med_phases_restart_write", "ph":"B", "ts":"1920849280252", "pid":"1", "tid":"cmeps"},
{"name":"med_phases_restart_write", "ph":"E", "ts":"1920849280279", "pid":"1", "tid":"cmeps"},
{"name":"med_phases_prep_ocn_avg", "ph":"B", "ts":"1920849280377", "pid":"1", "tid":"cmeps"},
{"name":"med_phases_prep_ocn_avg", "ph":"E", "ts":"1920849282793", "pid":"1", "tid":"cmeps"},
{"name":"med_phases_prep_ice", "ph":"B", "ts":"1920849283567", "pid":"1", "tid":"cmeps"},
{"name":"med_phases_prep_ice", "ph":"E", "ts":"1920849285980", "pid":"1", "tid":"cmeps"},
{"name":"med_phases_post_atm", "ph":"B", "ts":"1920849348776", "pid":"1", "tid":"cmeps"},
{"name":"med_phases_history_write_comp", "ph":"B", "ts":"1920849413387", "pid":"1", "tid":"cmeps"},
{"name":"med_phases_history_write_comp", "ph":"E", "ts":"1920849413422", "pid":"1", "tid":"cmeps"},
{"name":"med_phases_post_atm", "ph":"E", "ts":"1920849413426", "pid":"1", "tid":"cmeps"},
{"name":"med_phases_post_ice", "ph":"B", "ts":"1920851757992", "pid":"1", "tid":"cmeps"},
{"name":"med_phases_history_write_comp", "ph":"B", "ts":"1920851859308", "pid":"1", "tid":"cmeps"},
{"name":"med_phases_history_write_comp", "ph":"E", "ts":"1920851859343", "pid":"1", "tid":"cmeps"},
{"name":"med_phases_post_ice", "ph":"E", "ts":"1920851859347", "pid":"1", "tid":"cmeps"},
{"name":"med_phases_ocnalb_run", "ph":"B", "ts":"1920851859527", "pid":"1", "tid":"cmeps"},
{"name":"med_phases_history_write_med", "ph":"B", "ts":"1920851861621", "pid":"1", "tid":"cmeps"},
{"name":"med_phases_history_write_med", "ph":"E", "ts":"1920851861627", "pid":"1", "tid":"cmeps"},
{"name":"med_phases_ocnalb_run", "ph":"E", "ts":"1920851861631", "pid":"1", "tid":"cmeps"},
{"name":"med_phases_history_write_med", "ph":"B", "ts":"1920851864783", "pid":"1", "tid":"cmeps"},
{"name":"med_phases_history_write_med", "ph":"E", "ts":"1920851864790", "pid":"1", "tid":"cmeps"},
{"name":"med_phases_prep_ocn_accum", "ph":"B", "ts":"1920851864904", "pid":"1", "tid":"cmeps"},
{"name":"med_phases_prep_ocn_accum", "ph":"E", "ts":"1920851869306", "pid":"1", "tid":"cmeps"},
{"name":"med_phases_prep_ice", "ph":"B", "ts":"1920851869424", "pid":"1", "tid":"cmeps"},
{"name":"med_phases_prep_ice", "ph":"E", "ts":"1920851871917", "pid":"1", "tid":"cmeps"},
{"name":"med_phases_post_atm", "ph":"B", "ts":"1920851935770", "pid":"1", "tid":"cmeps"},
{"name":"med_phases_history_write_comp", "ph":"B", "ts":"1920851991487", "pid":"1", "tid":"cmeps"},
{"name":"med_phases_history_write_comp", "ph":"E", "ts":"1920851991538", "pid":"1", "tid":"cmeps"},
{"name":"med_phases_post_atm", "ph":"E", "ts":"1920851991543", "pid":"1", "tid":"cmeps"},
{"name":"med_phases_post_ice", "ph":"B", "ts":"1920854385977", "pid":"1", "tid":"cmeps"},
{"name":"med_phases_history_write_comp", "ph":"B", "ts":"1920854491154", "pid":"1", "tid":"cmeps"},
{"name":"med_phases_history_write_comp", "ph":"E", "ts":"1920854491188", "pid":"1", "tid":"cmeps"},
{"name":"med_phases_post_ice", "ph":"E", "ts":"1920854491192", "pid":"1", "tid":"cmeps"},
{"name":"med_phases_ocnalb_run", "ph":"B", "ts":"1920854491388", "pid":"1", "tid":"cmeps"},
{"name":"med_phases_history_write_med", "ph":"B", "ts":"1920854493252", "pid":"1", "tid":"cmeps"},
{"name":"med_phases_history_write_med", "ph":"E", "ts":"1920854493259", "pid":"1", "tid":"cmeps"},
{"name":"med_phases_ocnalb_run", "ph":"E", "ts":"1920854493263", "pid":"1", "tid":"cmeps"},
{"name":"med_phases_history_write_med", "ph":"B", "ts":"1920854496421", "pid":"1", "tid":"cmeps"},
{"name":"med_phases_history_write_med", "ph":"E", "ts":"1920854496429", "pid":"1", "tid":"cmeps"},
{"name":"med_phases_prep_ocn_accum", "ph":"B", "ts":"1920854496537", "pid":"1", "tid":"cmeps"},
{"name":"med_phases_prep_ocn_accum", "ph":"E", "ts":"1920854500828", "pid":"1", "tid":"cmeps"},
{"name":"med_phases_prep_ice", "ph":"B", "ts":"1920854500950", "pid":"1", "tid":"cmeps"},
{"name":"med_phases_prep_ice", "ph":"E", "ts":"1920854503343", "pid":"1", "tid":"cmeps"},
{"name":"med_phases_post_atm", "ph":"B", "ts":"1920854567310", "pid":"1", "tid":"cmeps"},
{"name":"med_phases_history_write_comp", "ph":"B", "ts":"1920854630697", "pid":"1", "tid":"cmeps"},
{"name":"med_phases_history_write_comp", "ph":"E", "ts":"1920854630734", "pid":"1", "tid":"cmeps"},
{"name":"med_phases_post_atm", "ph":"E", "ts":"1920854630739", "pid":"1", "tid":"cmeps"},
{"name":"med_phases_post_ice", "ph":"B", "ts":"1920857072314", "pid":"1", "tid":"cmeps"},
{"name":"med_phases_history_write_comp", "ph":"B", "ts":"1920857179149", "pid":"1", "tid":"cmeps"},
{"name":"med_phases_history_write_comp", "ph":"E", "ts":"1920857179181", "pid":"1", "tid":"cmeps"},
{"name":"med_phases_post_ice", "ph":"E", "ts":"1920857179185", "pid":"1", "tid":"cmeps"},
{"name":"med_phases_ocnalb_run", "ph":"B", "ts":"1920857179359", "pid":"1", "tid":"cmeps"},
{"name":"med_phases_history_write_med", "ph":"B", "ts":"1920857181113", "pid":"1", "tid":"cmeps"},
{"name":"med_phases_history_write_med", "ph":"E", "ts":"1920857181119", "pid":"1", "tid":"cmeps"},
{"name":"med_phases_ocnalb_run", "ph":"E", "ts":"1920857181122", "pid":"1", "tid":"cmeps"},
{"name":"med_phases_history_write_med", "ph":"B", "ts":"1920857184502", "pid":"1", "tid":"cmeps"},
{"name":"med_phases_history_write_med", "ph":"E", "ts":"1920857184509", "pid":"1", "tid":"cmeps"},
{"name":"med_phases_prep_ocn_accum", "ph":"B", "ts":"1920857184622", "pid":"1", "tid":"cmeps"},
{"name":"med_phases_prep_ocn_accum", "ph":"E", "ts":"1920857189425", "pid":"1", "tid":"cmeps"},
{"name":"med_phases_prep_ice", "ph":"B", "ts":"1920857189542", "pid":"1", "tid":"cmeps"},
{"name":"med_phases_prep_ice", "ph":"E", "ts":"1920857192635", "pid":"1", "tid":"cmeps"},
{"name":"med_phases_post_atm", "ph":"B", "ts":"1920857256735", "pid":"1", "tid":"cmeps"},
{"name":"med_phases_history_write_comp", "ph":"B", "ts":"1920857306223", "pid":"1", "tid":"cmeps"},
{"name":"med_phases_history_write_comp", "ph":"E", "ts":"1920857306254", "pid":"1", "tid":"cmeps"},
{"name":"med_phases_post_atm", "ph":"E", "ts":"1920857306258", "pid":"1", "tid":"cmeps"},
{"name":"med_phases_post_ice", "ph":"B", "ts":"1920859738455", "pid":"1", "tid":"cmeps"},
{"name":"med_phases_history_write_comp", "ph":"B", "ts":"1920859847133", "pid":"1", "tid":"cmeps"},
{"name":"med_phases_history_write_comp", "ph":"E", "ts":"1920859847167", "pid":"1", "tid":"cmeps"},
{"name":"med_phases_post_ice", "ph":"E", "ts":"1920859847172", "pid":"1", "tid":"cmeps"},
{"name":"med_phases_ocnalb_run", "ph":"B", "ts":"1920859847382", "pid":"1", "tid":"cmeps"},
{"name":"med_phases_history_write_med", "ph":"B", "ts":"1920859849147", "pid":"1", "tid":"cmeps"},
{"name":"med_phases_history_write_med", "ph":"E", "ts":"1920859849153", "pid":"1", "tid":"cmeps"},
{"name":"med_phases_ocnalb_run", "ph":"E", "ts":"1920859849157", "pid":"1", "tid":"cmeps"},
{"name":"med_phases_history_write_med", "ph":"B", "ts":"1920859852329", "pid":"1", "tid":"cmeps"},
{"name":"med_phases_history_write_med", "ph":"E", "ts":"1920859852336", "pid":"1", "tid":"cmeps"},
{"name":"med_phases_prep_ocn_accum", "ph":"B", "ts":"1920859852446", "pid":"1", "tid":"cmeps"},
{"name":"med_phases_prep_ocn_accum", "ph":"E", "ts":"1920859856776", "pid":"1", "tid":"cmeps"},
{"name":"med_phases_post_ocn", "ph":"B", "ts":"1920886844179", "pid":"1", "tid":"cmeps"},
{"name":"med_phases_history_write_comp", "ph":"B", "ts":"1920886846353", "pid":"1", "tid":"cmeps"},
{"name":"med_phases_history_write_comp", "ph":"E", "ts":"1920886846371", "pid":"1", "tid":"cmeps"},
{"name":"med_phases_post_ocn", "ph":"E", "ts":"1920886846374", "pid":"1", "tid":"cmeps"},
{"name":"med_phases_restart_write", "ph":"B", "ts":"1920886846512", "pid":"1", "tid":"cmeps"},
{"name":"med_phases_restart_write", "ph":"E", "ts":"1920886846535", "pid":"1", "tid":"cmeps"},
{"name":"med_phases_prep_ocn_avg", "ph":"B", "ts":"1920886846623", "pid":"1", "tid":"cmeps"},
{"name":"med_phases_prep_ocn_avg", "ph":"E", "ts":"1920886849136", "pid":"1", "tid":"cmeps"},
{"name":"med_phases_prep_ice", "ph":"B", "ts":"1920886850112", "pid":"1", "tid":"cmeps"},
{"name":"med_phases_prep_ice", "ph":"E", "ts":"1920886852526", "pid":"1", "tid":"cmeps"},
{"name":"med_phases_post_atm", "ph":"B", "ts":"1920886920309", "pid":"1", "tid":"cmeps"},
{"name":"med_phases_history_write_comp", "ph":"B", "ts":"1920886977544", "pid":"1", "tid":"cmeps"},
{"name":"med_phases_history_write_comp", "ph":"E", "ts":"1920886977580", "pid":"1", "tid":"cmeps"},
{"name":"med_phases_post_atm", "ph":"E", "ts":"1920886977584", "pid":"1", "tid":"cmeps"},
{"name":"med_phases_post_ice", "ph":"B", "ts":"1920889318744", "pid":"1", "tid":"cmeps"},
{"name":"med_phases_history_write_comp", "ph":"B", "ts":"1920889480336", "pid":"1", "tid":"cmeps"},
{"name":"med_phases_history_write_comp", "ph":"E", "ts":"1920889480453", "pid":"1", "tid":"cmeps"},
{"name":"med_phases_post_ice", "ph":"E", "ts":"1920889480457", "pid":"1", "tid":"cmeps"},
{"name":"med_phases_ocnalb_run", "ph":"B", "ts":"1920889480721", "pid":"1", "tid":"cmeps"},
{"name":"med_phases_history_write_med", "ph":"B", "ts":"1920889482858", "pid":"1", "tid":"cmeps"},
{"name":"med_phases_history_write_med", "ph":"E", "ts":"1920889482865", "pid":"1", "tid":"cmeps"},
{"name":"med_phases_ocnalb_run", "ph":"E", "ts":"1920889482869", "pid":"1", "tid":"cmeps"},
{"name":"med_phases_history_write_med", "ph":"B", "ts":"1920889485944", "pid":"1", "tid":"cmeps"},
{"name":"med_phases_history_write_med", "ph":"E", "ts":"1920889485952", "pid":"1", "tid":"cmeps"},
{"name":"med_phases_prep_ocn_accum", "ph":"B", "ts":"1920889486062", "pid":"1", "tid":"cmeps"},
{"name":"med_phases_prep_ocn_accum", "ph":"E", "ts":"1920889490308", "pid":"1", "tid":"cmeps"},
{"name":"med_phases_prep_ice", "ph":"B", "ts":"1920889490440", "pid":"1", "tid":"cmeps"},
{"name":"med_phases_prep_ice", "ph":"E", "ts":"1920889492953", "pid":"1", "tid":"cmeps"},
{"name":"med_phases_post_atm", "ph":"B", "ts":"1920889556777", "pid":"1", "tid":"cmeps"},
{"name":"med_phases_history_write_comp", "ph":"B", "ts":"1920889615475", "pid":"1", "tid":"cmeps"},
{"name":"med_phases_history_write_comp", "ph":"E", "ts":"1920889615514", "pid":"1", "tid":"cmeps"},
{"name":"med_phases_post_atm", "ph":"E", "ts":"1920889615518", "pid":"1", "tid":"cmeps"},
{"name":"med_phases_post_ice", "ph":"B", "ts":"1920891977520", "pid":"1", "tid":"cmeps"},
{"name":"med_phases_history_write_comp", "ph":"B", "ts":"1920892082421", "pid":"1", "tid":"cmeps"},
{"name":"med_phases_history_write_comp", "ph":"E", "ts":"1920892082456", "pid":"1", "tid":"cmeps"},
{"name":"med_phases_post_ice", "ph":"E", "ts":"1920892082461", "pid":"1", "tid":"cmeps"},
{"name":"med_phases_ocnalb_run", "ph":"B", "ts":"1920892082643", "pid":"1", "tid":"cmeps"},
{"name":"med_phases_history_write_med", "ph":"B", "ts":"1920892084507", "pid":"1", "tid":"cmeps"},
{"name":"med_phases_history_write_med", "ph":"E", "ts":"1920892084513", "pid":"1", "tid":"cmeps"},
{"name":"med_phases_ocnalb_run", "ph":"E", "ts":"1920892084516", "pid":"1", "tid":"cmeps"},
{"name":"med_phases_history_write_med", "ph":"B", "ts":"1920892087719", "pid":"1", "tid":"cmeps"},
{"name":"med_phases_history_write_med", "ph":"E", "ts":"1920892087728", "pid":"1", "tid":"cmeps"},
{"name":"med_phases_prep_ocn_accum", "ph":"B", "ts":"1920892087842", "pid":"1", "tid":"cmeps"},
{"name":"med_phases_prep_ocn_accum", "ph":"E", "ts":"1920892092259", "pid":"1", "tid":"cmeps"},
{"name":"med_phases_prep_ice", "ph":"B", "ts":"1920892092385", "pid":"1", "tid":"cmeps"},
{"name":"med_phases_prep_ice", "ph":"E", "ts":"1920892094857", "pid":"1", "tid":"cmeps"},
{"name":"med_phases_post_atm", "ph":"B", "ts":"1920892159181", "pid":"1", "tid":"cmeps"},
{"name":"med_phases_history_write_comp", "ph":"B", "ts":"1920892219898", "pid":"1", "tid":"cmeps"},
{"name":"med_phases_history_write_comp", "ph":"E", "ts":"1920892219939", "pid":"1", "tid":"cmeps"},
{"name":"med_phases_post_atm", "ph":"E", "ts":"1920892219943", "pid":"1", "tid":"cmeps"},
{"name":"med_phases_post_ice", "ph":"B", "ts":"1920894636231", "pid":"1", "tid":"cmeps"},
{"name":"med_phases_history_write_comp", "ph":"B", "ts":"1920894745858", "pid":"1", "tid":"cmeps"},
{"name":"med_phases_history_write_comp", "ph":"E", "ts":"1920894745890", "pid":"1", "tid":"cmeps"},
{"name":"med_phases_post_ice", "ph":"E", "ts":"1920894745894", "pid":"1", "tid":"cmeps"},
{"name":"med_phases_ocnalb_run", "ph":"B", "ts":"1920894746078", "pid":"1", "tid":"cmeps"},
{"name":"med_phases_history_write_med", "ph":"B", "ts":"1920894747842", "pid":"1", "tid":"cmeps"},
{"name":"med_phases_history_write_med", "ph":"E", "ts":"1920894747849", "pid":"1", "tid":"cmeps"},
{"name":"med_phases_ocnalb_run", "ph":"E", "ts":"1920894747935", "pid":"1", "tid":"cmeps"},
{"name":"med_phases_history_write_med", "ph":"B", "ts":"1920894751100", "pid":"1", "tid":"cmeps"},
{"name":"med_phases_history_write_med", "ph":"E", "ts":"1920894751107", "pid":"1", "tid":"cmeps"},
{"name":"med_phases_prep_ocn_accum", "ph":"B", "ts":"1920894751214", "pid":"1", "tid":"cmeps"},
{"name":"med_phases_prep_ocn_accum", "ph":"E", "ts":"1920894755597", "pid":"1", "tid":"cmeps"},
{"name":"med_phases_prep_ice", "ph":"B", "ts":"1920894755716", "pid":"1", "tid":"cmeps"},
{"name":"med_phases_prep_ice", "ph":"E", "ts":"1920894758278", "pid":"1", "tid":"cmeps"},
{"name":"med_phases_post_atm", "ph":"B", "ts":"1920894824832", "pid":"1", "tid":"cmeps"},
{"name":"med_phases_history_write_comp", "ph":"B", "ts":"1920894878430", "pid":"1", "tid":"cmeps"},
{"name":"med_phases_history_write_comp", "ph":"E", "ts":"1920894878470", "pid":"1", "tid":"cmeps"},
{"name":"med_phases_post_atm", "ph":"E", "ts":"1920894878474", "pid":"1", "tid":"cmeps"},
{"name":"med_phases_post_ice", "ph":"B", "ts":"1920897301120", "pid":"1", "tid":"cmeps"},
{"name":"med_phases_history_write_comp", "ph":"B", "ts":"1920897396468", "pid":"1", "tid":"cmeps"},
{"name":"med_phases_history_write_comp", "ph":"E", "ts":"1920897396496", "pid":"1", "tid":"cmeps"},
{"name":"med_phases_post_ice", "ph":"E", "ts":"1920897396500", "pid":"1", "tid":"cmeps"},
{"name":"med_phases_ocnalb_run", "ph":"B", "ts":"1920897396662", "pid":"1", "tid":"cmeps"},
{"name":"med_phases_history_write_med", "ph":"B", "ts":"1920897398339", "pid":"1", "tid":"cmeps"},
{"name":"med_phases_history_write_med", "ph":"E", "ts":"1920897398346", "pid":"1", "tid":"cmeps"},
{"name":"med_phases_ocnalb_run", "ph":"E", "ts":"1920897398349", "pid":"1", "tid":"cmeps"},
{"name":"med_phases_history_write_med", "ph":"B", "ts":"1920897401438", "pid":"1", "tid":"cmeps"},
{"name":"med_phases_history_write_med", "ph":"E", "ts":"1920897401446", "pid":"1", "tid":"cmeps"},
{"name":"med_phases_prep_ocn_accum", "ph":"B", "ts":"1920897401555", "pid":"1", "tid":"cmeps"},
{"name":"med_phases_prep_ocn_accum", "ph":"E", "ts":"1920897405742", "pid":"1", "tid":"cmeps"},
{"name":"med_phases_post_ocn", "ph":"B", "ts":"1920924257018", "pid":"1", "tid":"cmeps"},
{"name":"med_phases_history_write_comp", "ph":"B", "ts":"1920924259425", "pid":"1", "tid":"cmeps"},
{"name":"med_phases_history_write_comp", "ph":"E", "ts":"1920924259448", "pid":"1", "tid":"cmeps"},
{"name":"med_phases_post_ocn", "ph":"E", "ts":"1920924259451", "pid":"1", "tid":"cmeps"},
{"name":"med_phases_restart_write", "ph":"B", "ts":"1920924259600", "pid":"1", "tid":"cmeps"},
{"name":"med_phases_restart_write", "ph":"E", "ts":"1920924259626", "pid":"1", "tid":"cmeps"},
{"name":"med_phases_prep_ocn_avg", "ph":"B", "ts":"1920924259721", "pid":"1", "tid":"cmeps"},
{"name":"med_phases_prep_ocn_avg", "ph":"E", "ts":"1920924262864", "pid":"1", "tid":"cmeps"},
{"name":"med_phases_prep_ice", "ph":"B", "ts":"1920924263970", "pid":"1", "tid":"cmeps"},
{"name":"med_phases_prep_ice", "ph":"E", "ts":"1920924267149", "pid":"1", "tid":"cmeps"},
{"name":"med_phases_post_atm", "ph":"B", "ts":"1920924342928", "pid":"1", "tid":"cmeps"},
{"name":"med_phases_history_write_comp", "ph":"B", "ts":"1920924399312", "pid":"1", "tid":"cmeps"},
{"name":"med_phases_history_write_comp", "ph":"E", "ts":"1920924399345", "pid":"1", "tid":"cmeps"},
{"name":"med_phases_post_atm", "ph":"E", "ts":"1920924399349", "pid":"1", "tid":"cmeps"},
{"name":"med_phases_post_ice", "ph":"B", "ts":"1920926759534", "pid":"1", "tid":"cmeps"},
{"name":"med_phases_history_write_comp", "ph":"B", "ts":"1920926871995", "pid":"1", "tid":"cmeps"},
{"name":"med_phases_history_write_comp", "ph":"E", "ts":"1920926872030", "pid":"1", "tid":"cmeps"},
{"name":"med_phases_post_ice", "ph":"E", "ts":"1920926872034", "pid":"1", "tid":"cmeps"},
{"name":"med_phases_ocnalb_run", "ph":"B", "ts":"1920926872216", "pid":"1", "tid":"cmeps"},
{"name":"med_phases_history_write_med", "ph":"B", "ts":"1920926874346", "pid":"1", "tid":"cmeps"},
{"name":"med_phases_history_write_med", "ph":"E", "ts":"1920926874352", "pid":"1", "tid":"cmeps"},
{"name":"med_phases_ocnalb_run", "ph":"E", "ts":"1920926874438", "pid":"1", "tid":"cmeps"},
{"name":"med_phases_history_write_med", "ph":"B", "ts":"1920926877724", "pid":"1", "tid":"cmeps"},
{"name":"med_phases_history_write_med", "ph":"E", "ts":"1920926877731", "pid":"1", "tid":"cmeps"},
{"name":"med_phases_prep_ocn_accum", "ph":"B", "ts":"1920926877840", "pid":"1", "tid":"cmeps"},
{"name":"med_phases_prep_ocn_accum", "ph":"E", "ts":"1920926882060", "pid":"1", "tid":"cmeps"},
{"name":"med_phases_prep_ice", "ph":"B", "ts":"1920926882182", "pid":"1", "tid":"cmeps"},
{"name":"med_phases_prep_ice", "ph":"E", "ts":"1920926884555", "pid":"1", "tid":"cmeps"},
{"name":"med_phases_post_atm", "ph":"B", "ts":"1920926945073", "pid":"1", "tid":"cmeps"},
{"name":"med_phases_history_write_comp", "ph":"B", "ts":"1920927008413", "pid":"1", "tid":"cmeps"},
{"name":"med_phases_history_write_comp", "ph":"E", "ts":"1920927008458", "pid":"1", "tid":"cmeps"},
{"name":"med_phases_post_atm", "ph":"E", "ts":"1920927008462", "pid":"1", "tid":"cmeps"},
{"name":"med_phases_post_ice", "ph":"B", "ts":"1920929392497", "pid":"1", "tid":"cmeps"},
{"name":"med_phases_history_write_comp", "ph":"B", "ts":"1920929502047", "pid":"1", "tid":"cmeps"},
{"name":"med_phases_history_write_comp", "ph":"E", "ts":"1920929502078", "pid":"1", "tid":"cmeps"},
{"name":"med_phases_post_ice", "ph":"E", "ts":"1920929502082", "pid":"1", "tid":"cmeps"},
{"name":"med_phases_ocnalb_run", "ph":"B", "ts":"1920929502269", "pid":"1", "tid":"cmeps"},
{"name":"med_phases_history_write_med", "ph":"B", "ts":"1920929504332", "pid":"1", "tid":"cmeps"},
{"name":"med_phases_history_write_med", "ph":"E", "ts":"1920929504338", "pid":"1", "tid":"cmeps"},
{"name":"med_phases_ocnalb_run", "ph":"E", "ts":"1920929504342", "pid":"1", "tid":"cmeps"},
{"name":"med_phases_history_write_med", "ph":"B", "ts":"1920929507518", "pid":"1", "tid":"cmeps"},
{"name":"med_phases_history_write_med", "ph":"E", "ts":"1920929507526", "pid":"1", "tid":"cmeps"},
{"name":"med_phases_prep_ocn_accum", "ph":"B", "ts":"1920929507640", "pid":"1", "tid":"cmeps"},
{"name":"med_phases_prep_ocn_accum", "ph":"E", "ts":"1920929512027", "pid":"1", "tid":"cmeps"},
{"name":"med_phases_prep_ice", "ph":"B", "ts":"1920929512153", "pid":"1", "tid":"cmeps"},
{"name":"med_phases_prep_ice", "ph":"E", "ts":"1920929514647", "pid":"1", "tid":"cmeps"},
{"name":"med_phases_post_atm", "ph":"B", "ts":"1920929578301", "pid":"1", "tid":"cmeps"},
{"name":"med_phases_history_write_comp", "ph":"B", "ts":"1920929636875", "pid":"1", "tid":"cmeps"},
{"name":"med_phases_history_write_comp", "ph":"E", "ts":"1920929636913", "pid":"1", "tid":"cmeps"},
{"name":"med_phases_post_atm", "ph":"E", "ts":"1920929636918", "pid":"1", "tid":"cmeps"},
{"name":"med_phases_post_ice", "ph":"B", "ts":"1920932009122", "pid":"1", "tid":"cmeps"},
{"name":"med_phases_history_write_comp", "ph":"B", "ts":"1920932119760", "pid":"1", "tid":"cmeps"},
{"name":"med_phases_history_write_comp", "ph":"E", "ts":"1920932119791", "pid":"1", "tid":"cmeps"},
{"name":"med_phases_post_ice", "ph":"E", "ts":"1920932119795", "pid":"1", "tid":"cmeps"},
{"name":"med_phases_ocnalb_run", "ph":"B", "ts":"1920932119983", "pid":"1", "tid":"cmeps"},
{"name":"med_phases_history_write_med", "ph":"B", "ts":"1920932121678", "pid":"1", "tid":"cmeps"},
{"name":"med_phases_history_write_med", "ph":"E", "ts":"1920932121684", "pid":"1", "tid":"cmeps"},
{"name":"med_phases_ocnalb_run", "ph":"E", "ts":"1920932121688", "pid":"1", "tid":"cmeps"},
{"name":"med_phases_history_write_med", "ph":"B", "ts":"1920932124862", "pid":"1", "tid":"cmeps"},
{"name":"med_phases_history_write_med", "ph":"E", "ts":"1920932124868", "pid":"1", "tid":"cmeps"},
{"name":"med_phases_prep_ocn_accum", "ph":"B", "ts":"1920932124974", "pid":"1", "tid":"cmeps"},
{"name":"med_phases_prep_ocn_accum", "ph":"E", "ts":"1920932129322", "pid":"1", "tid":"cmeps"},
{"name":"med_phases_prep_ice", "ph":"B", "ts":"1920932129440", "pid":"1", "tid":"cmeps"},
{"name":"med_phases_prep_ice", "ph":"E", "ts":"1920932131935", "pid":"1", "tid":"cmeps"},
{"name":"med_phases_post_atm", "ph":"B", "ts":"1920932195857", "pid":"1", "tid":"cmeps"},
{"name":"med_phases_history_write_comp", "ph":"B", "ts":"1920932249837", "pid":"1", "tid":"cmeps"},
{"name":"med_phases_history_write_comp", "ph":"E", "ts":"1920932249874", "pid":"1", "tid":"cmeps"},
{"name":"med_phases_post_atm", "ph":"E", "ts":"1920932249878", "pid":"1", "tid":"cmeps"},
{"name":"med_phases_post_ice", "ph":"B", "ts":"1920934681765", "pid":"1", "tid":"cmeps"},
{"name":"med_phases_history_write_comp", "ph":"B", "ts":"1920934788753", "pid":"1", "tid":"cmeps"},
{"name":"med_phases_history_write_comp", "ph":"E", "ts":"1920934788785", "pid":"1", "tid":"cmeps"},
{"name":"med_phases_post_ice", "ph":"E", "ts":"1920934788790", "pid":"1", "tid":"cmeps"},
{"name":"med_phases_ocnalb_run", "ph":"B", "ts":"1920934788977", "pid":"1", "tid":"cmeps"},
{"name":"med_phases_history_write_med", "ph":"B", "ts":"1920934790588", "pid":"1", "tid":"cmeps"},
{"name":"med_phases_history_write_med", "ph":"E", "ts":"1920934790595", "pid":"1", "tid":"cmeps"},
{"name":"med_phases_ocnalb_run", "ph":"E", "ts":"1920934790600", "pid":"1", "tid":"cmeps"},
{"name":"med_phases_history_write_med", "ph":"B", "ts":"1920934793651", "pid":"1", "tid":"cmeps"},
{"name":"med_phases_history_write_med", "ph":"E", "ts":"1920934793659", "pid":"1", "tid":"cmeps"},
{"name":"med_phases_prep_ocn_accum", "ph":"B", "ts":"1920934793769", "pid":"1", "tid":"cmeps"},
{"name":"med_phases_prep_ocn_accum", "ph":"E", "ts":"1920934797910", "pid":"1", "tid":"cmeps"},
{"name":"med_phases_post_ocn", "ph":"B", "ts":"1920961765127", "pid":"1", "tid":"cmeps"},
{"name":"med_phases_history_write_comp", "ph":"B", "ts":"1920961767510", "pid":"1", "tid":"cmeps"},
{"name":"med_phases_history_write_comp", "ph":"E", "ts":"1920961767531", "pid":"1", "tid":"cmeps"},
{"name":"med_phases_post_ocn", "ph":"E", "ts":"1920961767535", "pid":"1", "tid":"cmeps"},
{"name":"med_phases_restart_write", "ph":"B", "ts":"1920961767676", "pid":"1", "tid":"cmeps"},
{"name":"med_phases_restart_write", "ph":"E", "ts":"1920961767703", "pid":"1", "tid":"cmeps"},
{"name":"med_phases_prep_ocn_avg", "ph":"B", "ts":"1920961767798", "pid":"1", "tid":"cmeps"},
{"name":"med_phases_prep_ocn_avg", "ph":"E", "ts":"1920961770729", "pid":"1", "tid":"cmeps"},
{"name":"med_phases_prep_ice", "ph":"B", "ts":"1920961771938", "pid":"1", "tid":"cmeps"},
{"name":"med_phases_prep_ice", "ph":"E", "ts":"1920961775096", "pid":"1", "tid":"cmeps"},
{"name":"med_phases_post_atm", "ph":"B", "ts":"1920961842379", "pid":"1", "tid":"cmeps"},
{"name":"med_phases_history_write_comp", "ph":"B", "ts":"1920961907510", "pid":"1", "tid":"cmeps"},
{"name":"med_phases_history_write_comp", "ph":"E", "ts":"1920961907548", "pid":"1", "tid":"cmeps"},
{"name":"med_phases_post_atm", "ph":"E", "ts":"1920961907552", "pid":"1", "tid":"cmeps"},
{"name":"med_phases_post_ice", "ph":"B", "ts":"1920964285215", "pid":"1", "tid":"cmeps"},
{"name":"med_phases_history_write_comp", "ph":"B", "ts":"1920964385331", "pid":"1", "tid":"cmeps"},
{"name":"med_phases_history_write_comp", "ph":"E", "ts":"1920964385359", "pid":"1", "tid":"cmeps"},
{"name":"med_phases_post_ice", "ph":"E", "ts":"1920964385364", "pid":"1", "tid":"cmeps"},
{"name":"med_phases_ocnalb_run", "ph":"B", "ts":"1920964385520", "pid":"1", "tid":"cmeps"},
{"name":"med_phases_history_write_med", "ph":"B", "ts":"1920964387118", "pid":"1", "tid":"cmeps"},
{"name":"med_phases_history_write_med", "ph":"E", "ts":"1920964387124", "pid":"1", "tid":"cmeps"},
{"name":"med_phases_ocnalb_run", "ph":"E", "ts":"1920964387128", "pid":"1", "tid":"cmeps"},
{"name":"med_phases_history_write_med", "ph":"B", "ts":"1920964390268", "pid":"1", "tid":"cmeps"},
{"name":"med_phases_history_write_med", "ph":"E", "ts":"1920964390273", "pid":"1", "tid":"cmeps"},
{"name":"med_phases_prep_ocn_accum", "ph":"B", "ts":"1920964390381", "pid":"1", "tid":"cmeps"},
{"name":"med_phases_prep_ocn_accum", "ph":"E", "ts":"1920964394499", "pid":"1", "tid":"cmeps"},
{"name":"med_phases_prep_ice", "ph":"B", "ts":"1920964394613", "pid":"1", "tid":"cmeps"},
{"name":"med_phases_prep_ice", "ph":"E", "ts":"1920964397056", "pid":"1", "tid":"cmeps"},
{"name":"med_phases_post_atm", "ph":"B", "ts":"1920964461882", "pid":"1", "tid":"cmeps"},
{"name":"med_phases_history_write_comp", "ph":"B", "ts":"1920964522285", "pid":"1", "tid":"cmeps"},
{"name":"med_phases_history_write_comp", "ph":"E", "ts":"1920964522336", "pid":"1", "tid":"cmeps"},
{"name":"med_phases_post_atm", "ph":"E", "ts":"1920964522341", "pid":"1", "tid":"cmeps"},
{"name":"med_phases_post_ice", "ph":"B", "ts":"1920966917511", "pid":"1", "tid":"cmeps"},
{"name":"med_phases_history_write_comp", "ph":"B", "ts":"1920967028876", "pid":"1", "tid":"cmeps"},
{"name":"med_phases_history_write_comp", "ph":"E", "ts":"1920967028913", "pid":"1", "tid":"cmeps"},
{"name":"med_phases_post_ice", "ph":"E", "ts":"1920967028918", "pid":"1", "tid":"cmeps"},
{"name":"med_phases_ocnalb_run", "ph":"B", "ts":"1920967029104", "pid":"1", "tid":"cmeps"},
{"name":"med_phases_history_write_med", "ph":"B", "ts":"1920967030774", "pid":"1", "tid":"cmeps"},
{"name":"med_phases_history_write_med", "ph":"E", "ts":"1920967030779", "pid":"1", "tid":"cmeps"},
{"name":"med_phases_ocnalb_run", "ph":"E", "ts":"1920967030783", "pid":"1", "tid":"cmeps"},
{"name":"med_phases_history_write_med", "ph":"B", "ts":"1920967033925", "pid":"1", "tid":"cmeps"},
{"name":"med_phases_history_write_med", "ph":"E", "ts":"1920967033932", "pid":"1", "tid":"cmeps"},
{"name":"med_phases_prep_ocn_accum", "ph":"B", "ts":"1920967034037", "pid":"1", "tid":"cmeps"},
{"name":"med_phases_prep_ocn_accum", "ph":"E", "ts":"1920967038332", "pid":"1", "tid":"cmeps"},
{"name":"med_phases_prep_ice", "ph":"B", "ts":"1920967038451", "pid":"1", "tid":"cmeps"},
{"name":"med_phases_prep_ice", "ph":"E", "ts":"1920967040916", "pid":"1", "tid":"cmeps"},
{"name":"med_phases_post_atm", "ph":"B", "ts":"1920967112232", "pid":"1", "tid":"cmeps"},
{"name":"med_phases_history_write_comp", "ph":"B", "ts":"1920967159817", "pid":"1", "tid":"cmeps"},
{"name":"med_phases_history_write_comp", "ph":"E", "ts":"1920967159854", "pid":"1", "tid":"cmeps"},
{"name":"med_phases_post_atm", "ph":"E", "ts":"1920967159858", "pid":"1", "tid":"cmeps"},
{"name":"med_phases_post_ice", "ph":"B", "ts":"1920969587235", "pid":"1", "tid":"cmeps"},
{"name":"med_phases_history_write_comp", "ph":"B", "ts":"1920969692771", "pid":"1", "tid":"cmeps"},
{"name":"med_phases_history_write_comp", "ph":"E", "ts":"1920969692803", "pid":"1", "tid":"cmeps"},
{"name":"med_phases_post_ice", "ph":"E", "ts":"1920969692807", "pid":"1", "tid":"cmeps"},
{"name":"med_phases_ocnalb_run", "ph":"B", "ts":"1920969692989", "pid":"1", "tid":"cmeps"},
{"name":"med_phases_history_write_med", "ph":"B", "ts":"1920969694473", "pid":"1", "tid":"cmeps"},
{"name":"med_phases_history_write_med", "ph":"E", "ts":"1920969694479", "pid":"1", "tid":"cmeps"},
{"name":"med_phases_ocnalb_run", "ph":"E", "ts":"1920969694483", "pid":"1", "tid":"cmeps"},
{"name":"med_phases_history_write_med", "ph":"B", "ts":"1920969697511", "pid":"1", "tid":"cmeps"},
{"name":"med_phases_history_write_med", "ph":"E", "ts":"1920969697517", "pid":"1", "tid":"cmeps"},
{"name":"med_phases_prep_ocn_accum", "ph":"B", "ts":"1920969697631", "pid":"1", "tid":"cmeps"},
{"name":"med_phases_prep_ocn_accum", "ph":"E", "ts":"1920969701826", "pid":"1", "tid":"cmeps"},
{"name":"med_phases_prep_ice", "ph":"B", "ts":"1920969701942", "pid":"1", "tid":"cmeps"},
{"name":"med_phases_prep_ice", "ph":"E", "ts":"1920969704335", "pid":"1", "tid":"cmeps"},
{"name":"med_phases_post_atm", "ph":"B", "ts":"1920969764225", "pid":"1", "tid":"cmeps"},
{"name":"med_phases_history_write_comp", "ph":"B", "ts":"1920969816849", "pid":"1", "tid":"cmeps"},
{"name":"med_phases_history_write_comp", "ph":"E", "ts":"1920969816882", "pid":"1", "tid":"cmeps"},
{"name":"med_phases_post_atm", "ph":"E", "ts":"1920969816886", "pid":"1", "tid":"cmeps"},
{"name":"med_phases_post_ice", "ph":"B", "ts":"1920972217348", "pid":"1", "tid":"cmeps"},
{"name":"med_phases_history_write_comp", "ph":"B", "ts":"1920972333823", "pid":"1", "tid":"cmeps"},
{"name":"med_phases_history_write_comp", "ph":"E", "ts":"1920972333934", "pid":"1", "tid":"cmeps"},
{"name":"med_phases_post_ice", "ph":"E", "ts":"1920972333939", "pid":"1", "tid":"cmeps"},
{"name":"med_phases_ocnalb_run", "ph":"B", "ts":"1920972334110", "pid":"1", "tid":"cmeps"},
{"name":"med_phases_history_write_med", "ph":"B", "ts":"1920972337342", "pid":"1", "tid":"cmeps"},
{"name":"med_phases_history_write_med", "ph":"E", "ts":"1920972337351", "pid":"1", "tid":"cmeps"},
{"name":"med_phases_ocnalb_run", "ph":"E", "ts":"1920972337355", "pid":"1", "tid":"cmeps"},
{"name":"med_phases_history_write_med", "ph":"B", "ts":"1920972340442", "pid":"1", "tid":"cmeps"},
{"name":"med_phases_history_write_med", "ph":"E", "ts":"1920972340449", "pid":"1", "tid":"cmeps"},
{"name":"med_phases_prep_ocn_accum", "ph":"B", "ts":"1920972340554", "pid":"1", "tid":"cmeps"},
{"name":"med_phases_prep_ocn_accum", "ph":"E", "ts":"1920972344654", "pid":"1", "tid":"cmeps"},
{"name":"med_phases_post_ocn", "ph":"B", "ts":"1920998128581", "pid":"1", "tid":"cmeps"},
{"name":"med_phases_history_write_comp", "ph":"B", "ts":"1920998130314", "pid":"1", "tid":"cmeps"},
{"name":"med_phases_history_write_comp", "ph":"E", "ts":"1920998130335", "pid":"1", "tid":"cmeps"},
{"name":"med_phases_post_ocn", "ph":"E", "ts":"1920998130339", "pid":"1", "tid":"cmeps"},
{"name":"med_phases_restart_write", "ph":"B", "ts":"1920998130465", "pid":"1", "tid":"cmeps"},
{"name":"med_phases_restart_write", "ph":"E", "ts":"1920998130491", "pid":"1", "tid":"cmeps"},
{"name":"med_phases_prep_ocn_avg", "ph":"B", "ts":"1920998130573", "pid":"1", "tid":"cmeps"},
{"name":"med_phases_prep_ocn_avg", "ph":"E", "ts":"1920998132764", "pid":"1", "tid":"cmeps"},
{"name":"med_phases_prep_ice", "ph":"B", "ts":"1920998133483", "pid":"1", "tid":"cmeps"},
{"name":"med_phases_prep_ice", "ph":"E", "ts":"1920998135805", "pid":"1", "tid":"cmeps"},
{"name":"med_phases_post_atm", "ph":"B", "ts":"1920998191231", "pid":"1", "tid":"cmeps"},
{"name":"med_phases_history_write_comp", "ph":"B", "ts":"1920998254851", "pid":"1", "tid":"cmeps"},
{"name":"med_phases_history_write_comp", "ph":"E", "ts":"1920998254886", "pid":"1", "tid":"cmeps"},
{"name":"med_phases_post_atm", "ph":"E", "ts":"1920998254890", "pid":"1", "tid":"cmeps"},
{"name":"med_phases_post_ice", "ph":"B", "ts":"1921000346871", "pid":"1", "tid":"cmeps"},
{"name":"med_phases_history_write_comp", "ph":"B", "ts":"1921000446931", "pid":"1", "tid":"cmeps"},
{"name":"med_phases_history_write_comp", "ph":"E", "ts":"1921000446963", "pid":"1", "tid":"cmeps"},
{"name":"med_phases_post_ice", "ph":"E", "ts":"1921000446967", "pid":"1", "tid":"cmeps"},
{"name":"med_phases_ocnalb_run", "ph":"B", "ts":"1921000447155", "pid":"1", "tid":"cmeps"},
{"name":"med_phases_history_write_med", "ph":"B", "ts":"1921000448701", "pid":"1", "tid":"cmeps"},
{"name":"med_phases_history_write_med", "ph":"E", "ts":"1921000448707", "pid":"1", "tid":"cmeps"},
{"name":"med_phases_ocnalb_run", "ph":"E", "ts":"1921000448711", "pid":"1", "tid":"cmeps"},
{"name":"med_phases_history_write_med", "ph":"B", "ts":"1921000451497", "pid":"1", "tid":"cmeps"},
{"name":"med_phases_history_write_med", "ph":"E", "ts":"1921000451503", "pid":"1", "tid":"cmeps"},
{"name":"med_phases_prep_ocn_accum", "ph":"B", "ts":"1921000451599", "pid":"1", "tid":"cmeps"},
{"name":"med_phases_prep_ocn_accum", "ph":"E", "ts":"1921000455434", "pid":"1", "tid":"cmeps"},
{"name":"med_phases_prep_ice", "ph":"B", "ts":"1921000455545", "pid":"1", "tid":"cmeps"},
{"name":"med_phases_prep_ice", "ph":"E", "ts":"1921000457674", "pid":"1", "tid":"cmeps"},
{"name":"med_phases_post_atm", "ph":"B", "ts":"1921000513053", "pid":"1", "tid":"cmeps"},
{"name":"med_phases_history_write_comp", "ph":"B", "ts":"1921000578006", "pid":"1", "tid":"cmeps"},
{"name":"med_phases_history_write_comp", "ph":"E", "ts":"1921000578043", "pid":"1", "tid":"cmeps"},
{"name":"med_phases_post_atm", "ph":"E", "ts":"1921000578047", "pid":"1", "tid":"cmeps"},
{"name":"med_phases_post_ice", "ph":"B", "ts":"1921002688269", "pid":"1", "tid":"cmeps"},
{"name":"med_phases_history_write_comp", "ph":"B", "ts":"1921002791193", "pid":"1", "tid":"cmeps"},
{"name":"med_phases_history_write_comp", "ph":"E", "ts":"1921002791221", "pid":"1", "tid":"cmeps"},
{"name":"med_phases_post_ice", "ph":"E", "ts":"1921002791225", "pid":"1", "tid":"cmeps"},
{"name":"med_phases_ocnalb_run", "ph":"B", "ts":"1921002791381", "pid":"1", "tid":"cmeps"},
{"name":"med_phases_history_write_med", "ph":"B", "ts":"1921002792779", "pid":"1", "tid":"cmeps"},
{"name":"med_phases_history_write_med", "ph":"E", "ts":"1921002792785", "pid":"1", "tid":"cmeps"},
{"name":"med_phases_ocnalb_run", "ph":"E", "ts":"1921002792789", "pid":"1", "tid":"cmeps"},
{"name":"med_phases_history_write_med", "ph":"B", "ts":"1921002795834", "pid":"1", "tid":"cmeps"},
{"name":"med_phases_history_write_med", "ph":"E", "ts":"1921002795839", "pid":"1", "tid":"cmeps"},
{"name":"med_phases_prep_ocn_accum", "ph":"B", "ts":"1921002795938", "pid":"1", "tid":"cmeps"},
{"name":"med_phases_prep_ocn_accum", "ph":"E", "ts":"1921002800307", "pid":"1", "tid":"cmeps"},
{"name":"med_phases_prep_ice", "ph":"B", "ts":"1921002800415", "pid":"1", "tid":"cmeps"},
{"name":"med_phases_prep_ice", "ph":"E", "ts":"1921002803295", "pid":"1", "tid":"cmeps"},
{"name":"med_phases_post_atm", "ph":"B", "ts":"1921002864149", "pid":"1", "tid":"cmeps"},
{"name":"med_phases_history_write_comp", "ph":"B", "ts":"1921002915485", "pid":"1", "tid":"cmeps"},
{"name":"med_phases_history_write_comp", "ph":"E", "ts":"1921002915514", "pid":"1", "tid":"cmeps"},
{"name":"med_phases_post_atm", "ph":"E", "ts":"1921002915518", "pid":"1", "tid":"cmeps"},
{"name":"med_phases_post_ice", "ph":"B", "ts":"1921005185785", "pid":"1", "tid":"cmeps"},
{"name":"med_phases_history_write_comp", "ph":"B", "ts":"1921005290454", "pid":"1", "tid":"cmeps"},
{"name":"med_phases_history_write_comp", "ph":"E", "ts":"1921005290487", "pid":"1", "tid":"cmeps"},
{"name":"med_phases_post_ice", "ph":"E", "ts":"1921005290491", "pid":"1", "tid":"cmeps"},
{"name":"med_phases_ocnalb_run", "ph":"B", "ts":"1921005290668", "pid":"1", "tid":"cmeps"},
{"name":"med_phases_history_write_med", "ph":"B", "ts":"1921005292048", "pid":"1", "tid":"cmeps"},
{"name":"med_phases_history_write_med", "ph":"E", "ts":"1921005292054", "pid":"1", "tid":"cmeps"},
{"name":"med_phases_ocnalb_run", "ph":"E", "ts":"1921005292058", "pid":"1", "tid":"cmeps"},
{"name":"med_phases_history_write_med", "ph":"B", "ts":"1921005294942", "pid":"1", "tid":"cmeps"},
{"name":"med_phases_history_write_med", "ph":"E", "ts":"1921005294947", "pid":"1", "tid":"cmeps"},
{"name":"med_phases_prep_ocn_accum", "ph":"B", "ts":"1921005295048", "pid":"1", "tid":"cmeps"},
{"name":"med_phases_prep_ocn_accum", "ph":"E", "ts":"1921005298982", "pid":"1", "tid":"cmeps"},
{"name":"med_phases_prep_ice", "ph":"B", "ts":"1921005299094", "pid":"1", "tid":"cmeps"},
{"name":"med_phases_prep_ice", "ph":"E", "ts":"1921005301375", "pid":"1", "tid":"cmeps"},
{"name":"med_phases_post_atm", "ph":"B", "ts":"1921005360782", "pid":"1", "tid":"cmeps"},
{"name":"med_phases_history_write_comp", "ph":"B", "ts":"1921005413899", "pid":"1", "tid":"cmeps"},
{"name":"med_phases_history_write_comp", "ph":"E", "ts":"1921005413933", "pid":"1", "tid":"cmeps"},
{"name":"med_phases_post_atm", "ph":"E", "ts":"1921005413937", "pid":"1", "tid":"cmeps"},
{"name":"med_phases_post_ice", "ph":"B", "ts":"1921007852142", "pid":"1", "tid":"cmeps"},
{"name":"med_phases_history_write_comp", "ph":"B", "ts":"1921007967060", "pid":"1", "tid":"cmeps"},
{"name":"med_phases_history_write_comp", "ph":"E", "ts":"1921007967092", "pid":"1", "tid":"cmeps"},
{"name":"med_phases_post_ice", "ph":"E", "ts":"1921007967096", "pid":"1", "tid":"cmeps"},
{"name":"med_phases_ocnalb_run", "ph":"B", "ts":"1921007967282", "pid":"1", "tid":"cmeps"},
{"name":"med_phases_history_write_med", "ph":"B", "ts":"1921007968727", "pid":"1", "tid":"cmeps"},
{"name":"med_phases_history_write_med", "ph":"E", "ts":"1921007968733", "pid":"1", "tid":"cmeps"},
{"name":"med_phases_ocnalb_run", "ph":"E", "ts":"1921007968737", "pid":"1", "tid":"cmeps"},
{"name":"med_phases_history_write_med", "ph":"B", "ts":"1921007971991", "pid":"1", "tid":"cmeps"},
{"name":"med_phases_history_write_med", "ph":"E", "ts":"1921007971999", "pid":"1", "tid":"cmeps"},
{"name":"med_phases_prep_ocn_accum", "ph":"B", "ts":"1921007972109", "pid":"1", "tid":"cmeps"},
{"name":"med_phases_prep_ocn_accum", "ph":"E", "ts":"1921007976420", "pid":"1", "tid":"cmeps"},
{"name":"med_phases_post_ocn", "ph":"B", "ts":"1921034347119", "pid":"1", "tid":"cmeps"},
{"name":"med_phases_history_write_comp", "ph":"B", "ts":"1921034349333", "pid":"1", "tid":"cmeps"},
{"name":"med_phases_history_write_comp", "ph":"E", "ts":"1921034349352", "pid":"1", "tid":"cmeps"},
{"name":"med_phases_post_ocn", "ph":"E", "ts":"1921034349356", "pid":"1", "tid":"cmeps"},
{"name":"med_phases_restart_write", "ph":"B", "ts":"1921034349489", "pid":"1", "tid":"cmeps"},
{"name":"med_phases_restart_write", "ph":"E", "ts":"1921034349513", "pid":"1", "tid":"cmeps"},
{"name":"med_phases_prep_ocn_avg", "ph":"B", "ts":"1921034349603", "pid":"1", "tid":"cmeps"},
{"name":"med_phases_prep_ocn_avg", "ph":"E", "ts":"1921034352175", "pid":"1", "tid":"cmeps"},
{"name":"med_phases_prep_ice", "ph":"B", "ts":"1921034353174", "pid":"1", "tid":"cmeps"},
{"name":"med_phases_prep_ice", "ph":"E", "ts":"1921034355695", "pid":"1", "tid":"cmeps"},
{"name":"med_phases_post_atm", "ph":"B", "ts":"1921034427637", "pid":"1", "tid":"cmeps"},
{"name":"med_phases_history_write_comp", "ph":"B", "ts":"1921034480466", "pid":"1", "tid":"cmeps"},
{"name":"med_phases_history_write_comp", "ph":"E", "ts":"1921034480505", "pid":"1", "tid":"cmeps"},
{"name":"med_phases_post_atm", "ph":"E", "ts":"1921034480509", "pid":"1", "tid":"cmeps"},
{"name":"med_phases_post_ice", "ph":"B", "ts":"1921036862412", "pid":"1", "tid":"cmeps"},
{"name":"med_phases_history_write_comp", "ph":"B", "ts":"1921036975733", "pid":"1", "tid":"cmeps"},
{"name":"med_phases_history_write_comp", "ph":"E", "ts":"1921036975769", "pid":"1", "tid":"cmeps"},
{"name":"med_phases_post_ice", "ph":"E", "ts":"1921036975773", "pid":"1", "tid":"cmeps"},
{"name":"med_phases_ocnalb_run", "ph":"B", "ts":"1921036975972", "pid":"1", "tid":"cmeps"},
{"name":"med_phases_history_write_med", "ph":"B", "ts":"1921036978070", "pid":"1", "tid":"cmeps"},
{"name":"med_phases_history_write_med", "ph":"E", "ts":"1921036978076", "pid":"1", "tid":"cmeps"},
{"name":"med_phases_ocnalb_run", "ph":"E", "ts":"1921036978080", "pid":"1", "tid":"cmeps"},
{"name":"med_phases_history_write_med", "ph":"B", "ts":"1921036981100", "pid":"1", "tid":"cmeps"},
{"name":"med_phases_history_write_med", "ph":"E", "ts":"1921036981107", "pid":"1", "tid":"cmeps"},
{"name":"med_phases_prep_ocn_accum", "ph":"B", "ts":"1921036981212", "pid":"1", "tid":"cmeps"},
{"name":"med_phases_prep_ocn_accum", "ph":"E", "ts":"1921036985429", "pid":"1", "tid":"cmeps"},
{"name":"med_phases_prep_ice", "ph":"B", "ts":"1921036985546", "pid":"1", "tid":"cmeps"},
{"name":"med_phases_prep_ice", "ph":"E", "ts":"1921036988045", "pid":"1", "tid":"cmeps"},
{"name":"med_phases_post_atm", "ph":"B", "ts":"1921037051812", "pid":"1", "tid":"cmeps"},
{"name":"med_phases_history_write_comp", "ph":"B", "ts":"1921037118436", "pid":"1", "tid":"cmeps"},
{"name":"med_phases_history_write_comp", "ph":"E", "ts":"1921037118479", "pid":"1", "tid":"cmeps"},
{"name":"med_phases_post_atm", "ph":"E", "ts":"1921037118483", "pid":"1", "tid":"cmeps"},
{"name":"med_phases_post_ice", "ph":"B", "ts":"1921039546681", "pid":"1", "tid":"cmeps"},
{"name":"med_phases_history_write_comp", "ph":"B", "ts":"1921039644024", "pid":"1", "tid":"cmeps"},
{"name":"med_phases_history_write_comp", "ph":"E", "ts":"1921039644065", "pid":"1", "tid":"cmeps"},
{"name":"med_phases_post_ice", "ph":"E", "ts":"1921039644070", "pid":"1", "tid":"cmeps"},
{"name":"med_phases_ocnalb_run", "ph":"B", "ts":"1921039644260", "pid":"1", "tid":"cmeps"},
{"name":"med_phases_history_write_med", "ph":"B", "ts":"1921039645676", "pid":"1", "tid":"cmeps"},
{"name":"med_phases_history_write_med", "ph":"E", "ts":"1921039645682", "pid":"1", "tid":"cmeps"},
{"name":"med_phases_ocnalb_run", "ph":"E", "ts":"1921039645798", "pid":"1", "tid":"cmeps"},
{"name":"med_phases_history_write_med", "ph":"B", "ts":"1921039648982", "pid":"1", "tid":"cmeps"},
{"name":"med_phases_history_write_med", "ph":"E", "ts":"1921039648989", "pid":"1", "tid":"cmeps"},
{"name":"med_phases_prep_ocn_accum", "ph":"B", "ts":"1921039649100", "pid":"1", "tid":"cmeps"},
{"name":"med_phases_prep_ocn_accum", "ph":"E", "ts":"1921039653516", "pid":"1", "tid":"cmeps"},
{"name":"med_phases_prep_ice", "ph":"B", "ts":"1921039653635", "pid":"1", "tid":"cmeps"},
{"name":"med_phases_prep_ice", "ph":"E", "ts":"1921039656283", "pid":"1", "tid":"cmeps"},
{"name":"med_phases_post_atm", "ph":"B", "ts":"1921039720352", "pid":"1", "tid":"cmeps"},
{"name":"med_phases_history_write_comp", "ph":"B", "ts":"1921039777346", "pid":"1", "tid":"cmeps"},
{"name":"med_phases_history_write_comp", "ph":"E", "ts":"1921039777385", "pid":"1", "tid":"cmeps"},
{"name":"med_phases_post_atm", "ph":"E", "ts":"1921039777389", "pid":"1", "tid":"cmeps"},
{"name":"med_phases_post_ice", "ph":"B", "ts":"1921042206992", "pid":"1", "tid":"cmeps"},
{"name":"med_phases_history_write_comp", "ph":"B", "ts":"1921042321857", "pid":"1", "tid":"cmeps"},
{"name":"med_phases_history_write_comp", "ph":"E", "ts":"1921042321904", "pid":"1", "tid":"cmeps"},
{"name":"med_phases_post_ice", "ph":"E", "ts":"1921042321908", "pid":"1", "tid":"cmeps"},
{"name":"med_phases_ocnalb_run", "ph":"B", "ts":"1921042322092", "pid":"1", "tid":"cmeps"},
{"name":"med_phases_history_write_med", "ph":"B", "ts":"1921042323467", "pid":"1", "tid":"cmeps"},
{"name":"med_phases_history_write_med", "ph":"E", "ts":"1921042323473", "pid":"1", "tid":"cmeps"},
{"name":"med_phases_ocnalb_run", "ph":"E", "ts":"1921042323478", "pid":"1", "tid":"cmeps"},
{"name":"med_phases_history_write_med", "ph":"B", "ts":"1921042326676", "pid":"1", "tid":"cmeps"},
{"name":"med_phases_history_write_med", "ph":"E", "ts":"1921042326684", "pid":"1", "tid":"cmeps"},
{"name":"med_phases_prep_ocn_accum", "ph":"B", "ts":"1921042326794", "pid":"1", "tid":"cmeps"},
{"name":"med_phases_prep_ocn_accum", "ph":"E", "ts":"1921042331229", "pid":"1", "tid":"cmeps"},
{"name":"med_phases_prep_ice", "ph":"B", "ts":"1921042331351", "pid":"1", "tid":"cmeps"},
{"name":"med_phases_prep_ice", "ph":"E", "ts":"1921042333796", "pid":"1", "tid":"cmeps"},
{"name":"med_phases_post_atm", "ph":"B", "ts":"1921042627445", "pid":"1", "tid":"cmeps"},
{"name":"med_phases_history_write_comp", "ph":"B", "ts":"1921042681352", "pid":"1", "tid":"cmeps"},
{"name":"med_phases_history_write_comp", "ph":"E", "ts":"1921042681387", "pid":"1", "tid":"cmeps"},
{"name":"med_phases_post_atm", "ph":"E", "ts":"1921042681391", "pid":"1", "tid":"cmeps"},
{"name":"med_phases_post_ice", "ph":"B", "ts":"1921045837361", "pid":"1", "tid":"cmeps"},
{"name":"med_phases_history_write_comp", "ph":"B", "ts":"1921045839984", "pid":"1", "tid":"cmeps"},
{"name":"med_phases_history_write_comp", "ph":"E", "ts":"1921045840002", "pid":"1", "tid":"cmeps"},
{"name":"med_phases_post_ice", "ph":"E", "ts":"1921045840006", "pid":"1", "tid":"cmeps"},
{"name":"med_phases_ocnalb_run", "ph":"B", "ts":"1921045840144", "pid":"1", "tid":"cmeps"},
{"name":"med_phases_history_write_med", "ph":"B", "ts":"1921045841561", "pid":"1", "tid":"cmeps"},
{"name":"med_phases_history_write_med", "ph":"E", "ts":"1921045841566", "pid":"1", "tid":"cmeps"},
{"name":"med_phases_ocnalb_run", "ph":"E", "ts":"1921045841570", "pid":"1", "tid":"cmeps"},
{"name":"med_phases_history_write_med", "ph":"B", "ts":"1921045844743", "pid":"1", "tid":"cmeps"},
{"name":"med_phases_history_write_med", "ph":"E", "ts":"1921045844750", "pid":"1", "tid":"cmeps"},
{"name":"med_phases_prep_ocn_accum", "ph":"B", "ts":"1921045844859", "pid":"1", "tid":"cmeps"},
{"name":"med_phases_prep_ocn_accum", "ph":"E", "ts":"1921045849296", "pid":"1", "tid":"cmeps"},
{"name":"med_phases_post_ocn", "ph":"B", "ts":"1921075940219", "pid":"1", "tid":"cmeps"},
{"name":"med_phases_history_write_comp", "ph":"B", "ts":"1921075942599", "pid":"1", "tid":"cmeps"},
{"name":"med_phases_history_write_comp", "ph":"E", "ts":"1921075942666", "pid":"1", "tid":"cmeps"},
{"name":"med_phases_post_ocn", "ph":"E", "ts":"1921075942670", "pid":"1", "tid":"cmeps"},
{"name":"med_phases_restart_write", "ph":"B", "ts":"1921075942833", "pid":"1", "tid":"cmeps"},
{"name":"med_phases_restart_write", "ph":"E", "ts":"1921076747509", "pid":"1", "tid":"cmeps"},
{"name":"med_phases_prep_ocn_avg", "ph":"B", "ts":"1921076747699", "pid":"1", "tid":"cmeps"},
{"name":"med_phases_prep_ocn_avg", "ph":"E", "ts":"1921076750040", "pid":"1", "tid":"cmeps"},
{"name":"med_phases_prep_ice", "ph":"B", "ts":"1921076750919", "pid":"1", "tid":"cmeps"},
{"name":"med_phases_prep_ice", "ph":"E", "ts":"1921076753623", "pid":"1", "tid":"cmeps"},
{"name":"med_phases_post_atm", "ph":"B", "ts":"1921076822567", "pid":"1", "tid":"cmeps"},
{"name":"med_phases_history_write_comp", "ph":"B", "ts":"1921076878278", "pid":"1", "tid":"cmeps"},
{"name":"med_phases_history_write_comp", "ph":"E", "ts":"1921076878316", "pid":"1", "tid":"cmeps"},
{"name":"med_phases_post_atm", "ph":"E", "ts":"1921076878321", "pid":"1", "tid":"cmeps"},
{"name":"med_phases_post_ice", "ph":"B", "ts":"1921079193817", "pid":"1", "tid":"cmeps"},
{"name":"med_phases_history_write_comp", "ph":"B", "ts":"1921079327240", "pid":"1", "tid":"cmeps"},
{"name":"med_phases_history_write_comp", "ph":"E", "ts":"1921079327281", "pid":"1", "tid":"cmeps"},
{"name":"med_phases_post_ice", "ph":"E", "ts":"1921079327285", "pid":"1", "tid":"cmeps"},
{"name":"med_phases_ocnalb_run", "ph":"B", "ts":"1921079327514", "pid":"1", "tid":"cmeps"},
{"name":"med_phases_history_write_med", "ph":"B", "ts":"1921079329134", "pid":"1", "tid":"cmeps"},
{"name":"med_phases_history_write_med", "ph":"E", "ts":"1921079329140", "pid":"1", "tid":"cmeps"},
{"name":"med_phases_ocnalb_run", "ph":"E", "ts":"1921079329144", "pid":"1", "tid":"cmeps"},
{"name":"med_phases_history_write_med", "ph":"B", "ts":"1921079332450", "pid":"1", "tid":"cmeps"},
{"name":"med_phases_history_write_med", "ph":"E", "ts":"1921079332458", "pid":"1", "tid":"cmeps"},
{"name":"med_phases_prep_ocn_accum", "ph":"B", "ts":"1921079332569", "pid":"1", "tid":"cmeps"},
{"name":"med_phases_prep_ocn_accum", "ph":"E", "ts":"1921079336729", "pid":"1", "tid":"cmeps"},
{"name":"med_phases_prep_ice", "ph":"B", "ts":"1921079336844", "pid":"1", "tid":"cmeps"},
{"name":"med_phases_prep_ice", "ph":"E", "ts":"1921079339230", "pid":"1", "tid":"cmeps"},
{"name":"med_phases_post_atm", "ph":"B", "ts":"1921079399805", "pid":"1", "tid":"cmeps"},
{"name":"med_phases_history_write_comp", "ph":"B", "ts":"1921079457584", "pid":"1", "tid":"cmeps"},
{"name":"med_phases_history_write_comp", "ph":"E", "ts":"1921079457623", "pid":"1", "tid":"cmeps"},
{"name":"med_phases_post_atm", "ph":"E", "ts":"1921079457627", "pid":"1", "tid":"cmeps"},
{"name":"med_phases_post_ice", "ph":"B", "ts":"1921081815400", "pid":"1", "tid":"cmeps"},
{"name":"med_phases_history_write_comp", "ph":"B", "ts":"1921081960054", "pid":"1", "tid":"cmeps"},
{"name":"med_phases_history_write_comp", "ph":"E", "ts":"1921081960087", "pid":"1", "tid":"cmeps"},
{"name":"med_phases_post_ice", "ph":"E", "ts":"1921081960091", "pid":"1", "tid":"cmeps"},
{"name":"med_phases_ocnalb_run", "ph":"B", "ts":"1921081960264", "pid":"1", "tid":"cmeps"},
{"name":"med_phases_history_write_med", "ph":"B", "ts":"1921081961601", "pid":"1", "tid":"cmeps"},
{"name":"med_phases_history_write_med", "ph":"E", "ts":"1921081961608", "pid":"1", "tid":"cmeps"},
{"name":"med_phases_ocnalb_run", "ph":"E", "ts":"1921081961612", "pid":"1", "tid":"cmeps"},
{"name":"med_phases_history_write_med", "ph":"B", "ts":"1921081964840", "pid":"1", "tid":"cmeps"},
{"name":"med_phases_history_write_med", "ph":"E", "ts":"1921081964847", "pid":"1", "tid":"cmeps"},
{"name":"med_phases_prep_ocn_accum", "ph":"B", "ts":"1921081964958", "pid":"1", "tid":"cmeps"},
{"name":"med_phases_prep_ocn_accum", "ph":"E", "ts":"1921081969305", "pid":"1", "tid":"cmeps"},
{"name":"med_phases_prep_ice", "ph":"B", "ts":"1921081969428", "pid":"1", "tid":"cmeps"},
{"name":"med_phases_prep_ice", "ph":"E", "ts":"1921081971963", "pid":"1", "tid":"cmeps"},
{"name":"med_phases_post_atm", "ph":"B", "ts":"1921082036857", "pid":"1", "tid":"cmeps"},
{"name":"med_phases_history_write_comp", "ph":"B", "ts":"1921082092266", "pid":"1", "tid":"cmeps"},
{"name":"med_phases_history_write_comp", "ph":"E", "ts":"1921082092305", "pid":"1", "tid":"cmeps"},
{"name":"med_phases_post_atm", "ph":"E", "ts":"1921082092309", "pid":"1", "tid":"cmeps"},
{"name":"med_phases_post_ice", "ph":"B", "ts":"1921084505021", "pid":"1", "tid":"cmeps"},
{"name":"med_phases_history_write_comp", "ph":"B", "ts":"1921084653064", "pid":"1", "tid":"cmeps"},
{"name":"med_phases_history_write_comp", "ph":"E", "ts":"1921084653100", "pid":"1", "tid":"cmeps"},
{"name":"med_phases_post_ice", "ph":"E", "ts":"1921084653104", "pid":"1", "tid":"cmeps"},
{"name":"med_phases_ocnalb_run", "ph":"B", "ts":"1921084653272", "pid":"1", "tid":"cmeps"},
{"name":"med_phases_history_write_med", "ph":"B", "ts":"1921084654662", "pid":"1", "tid":"cmeps"},
{"name":"med_phases_history_write_med", "ph":"E", "ts":"1921084654668", "pid":"1", "tid":"cmeps"},
{"name":"med_phases_ocnalb_run", "ph":"E", "ts":"1921084654672", "pid":"1", "tid":"cmeps"},
{"name":"med_phases_history_write_med", "ph":"B", "ts":"1921084657773", "pid":"1", "tid":"cmeps"},
{"name":"med_phases_history_write_med", "ph":"E", "ts":"1921084657780", "pid":"1", "tid":"cmeps"},
{"name":"med_phases_prep_ocn_accum", "ph":"B", "ts":"1921084657889", "pid":"1", "tid":"cmeps"},
{"name":"med_phases_prep_ocn_accum", "ph":"E", "ts":"1921084662060", "pid":"1", "tid":"cmeps"},
{"name":"med_phases_prep_ice", "ph":"B", "ts":"1921084662178", "pid":"1", "tid":"cmeps"},
{"name":"med_phases_prep_ice", "ph":"E", "ts":"1921084664612", "pid":"1", "tid":"cmeps"},
{"name":"med_phases_post_atm", "ph":"B", "ts":"1921084728320", "pid":"1", "tid":"cmeps"},
{"name":"med_phases_history_write_comp", "ph":"B", "ts":"1921084787789", "pid":"1", "tid":"cmeps"},
{"name":"med_phases_history_write_comp", "ph":"E", "ts":"1921084787826", "pid":"1", "tid":"cmeps"},
{"name":"med_phases_post_atm", "ph":"E", "ts":"1921084787830", "pid":"1", "tid":"cmeps"},
{"name":"med_phases_post_ice", "ph":"B", "ts":"1921087203205", "pid":"1", "tid":"cmeps"},
{"name":"med_phases_history_write_comp", "ph":"B", "ts":"1921087342028", "pid":"1", "tid":"cmeps"},
{"name":"med_phases_history_write_comp", "ph":"E", "ts":"1921087342065", "pid":"1", "tid":"cmeps"},
{"name":"med_phases_post_ice", "ph":"E", "ts":"1921087342069", "pid":"1", "tid":"cmeps"},
{"name":"med_phases_ocnalb_run", "ph":"B", "ts":"1921087342242", "pid":"1", "tid":"cmeps"},
{"name":"med_phases_history_write_med", "ph":"B", "ts":"1921087343457", "pid":"1", "tid":"cmeps"},
{"name":"med_phases_history_write_med", "ph":"E", "ts":"1921087343462", "pid":"1", "tid":"cmeps"},
{"name":"med_phases_ocnalb_run", "ph":"E", "ts":"1921087343466", "pid":"1", "tid":"cmeps"},
{"name":"med_phases_history_write_med", "ph":"B", "ts":"1921087346441", "pid":"1", "tid":"cmeps"},
{"name":"med_phases_history_write_med", "ph":"E", "ts":"1921087346449", "pid":"1", "tid":"cmeps"},
{"name":"med_phases_prep_ocn_accum", "ph":"B", "ts":"1921087346555", "pid":"1", "tid":"cmeps"},
{"name":"med_phases_prep_ocn_accum", "ph":"E", "ts":"1921087350641", "pid":"1", "tid":"cmeps"},
{"name":"med_phases_post_ocn", "ph":"B", "ts":"1921114948583", "pid":"1", "tid":"cmeps"},
{"name":"med_phases_history_write_comp", "ph":"B", "ts":"1921114950925", "pid":"1", "tid":"cmeps"},
{"name":"med_phases_history_write_comp", "ph":"E", "ts":"1921114950952", "pid":"1", "tid":"cmeps"},
{"name":"med_phases_post_ocn", "ph":"E", "ts":"1921114950956", "pid":"1", "tid":"cmeps"},
{"name":"med_phases_restart_write", "ph":"B", "ts":"1921114951124", "pid":"1", "tid":"cmeps"},
{"name":"med_phases_restart_write", "ph":"E", "ts":"1921114951150", "pid":"1", "tid":"cmeps"},
{"name":"med_phases_prep_ocn_avg", "ph":"B", "ts":"1921114951243", "pid":"1", "tid":"cmeps"},
{"name":"med_phases_prep_ocn_avg", "ph":"E", "ts":"1921114954311", "pid":"1", "tid":"cmeps"},
{"name":"med_phases_prep_ice", "ph":"B", "ts":"1921114955711", "pid":"1", "tid":"cmeps"},
{"name":"med_phases_prep_ice", "ph":"E", "ts":"1921114958901", "pid":"1", "tid":"cmeps"},
{"name":"med_phases_post_atm", "ph":"B", "ts":"1921115033788", "pid":"1", "tid":"cmeps"},
{"name":"med_phases_history_write_comp", "ph":"B", "ts":"1921115090198", "pid":"1", "tid":"cmeps"},
{"name":"med_phases_history_write_comp", "ph":"E", "ts":"1921115090238", "pid":"1", "tid":"cmeps"},
{"name":"med_phases_post_atm", "ph":"E", "ts":"1921115090243", "pid":"1", "tid":"cmeps"},
{"name":"med_phases_post_ice", "ph":"B", "ts":"1921117491879", "pid":"1", "tid":"cmeps"},
{"name":"med_phases_history_write_comp", "ph":"B", "ts":"1921117643811", "pid":"1", "tid":"cmeps"},
{"name":"med_phases_history_write_comp", "ph":"E", "ts":"1921117643848", "pid":"1", "tid":"cmeps"},
{"name":"med_phases_post_ice", "ph":"E", "ts":"1921117643852", "pid":"1", "tid":"cmeps"},
{"name":"med_phases_ocnalb_run", "ph":"B", "ts":"1921117644034", "pid":"1", "tid":"cmeps"},
{"name":"med_phases_history_write_med", "ph":"B", "ts":"1921117646587", "pid":"1", "tid":"cmeps"},
{"name":"med_phases_history_write_med", "ph":"E", "ts":"1921117646593", "pid":"1", "tid":"cmeps"},
{"name":"med_phases_ocnalb_run", "ph":"E", "ts":"1921117646598", "pid":"1", "tid":"cmeps"},
{"name":"med_phases_history_write_med", "ph":"B", "ts":"1921117650006", "pid":"1", "tid":"cmeps"},
{"name":"med_phases_history_write_med", "ph":"E", "ts":"1921117650014", "pid":"1", "tid":"cmeps"},
{"name":"med_phases_prep_ocn_accum", "ph":"B", "ts":"1921117650132", "pid":"1", "tid":"cmeps"},
{"name":"med_phases_prep_ocn_accum", "ph":"E", "ts":"1921117654584", "pid":"1", "tid":"cmeps"},
{"name":"med_phases_prep_ice", "ph":"B", "ts":"1921117654708", "pid":"1", "tid":"cmeps"},
{"name":"med_phases_prep_ice", "ph":"E", "ts":"1921117657292", "pid":"1", "tid":"cmeps"},
{"name":"med_phases_post_atm", "ph":"B", "ts":"1921117722504", "pid":"1", "tid":"cmeps"},
{"name":"med_phases_history_write_comp", "ph":"B", "ts":"1921117781640", "pid":"1", "tid":"cmeps"},
{"name":"med_phases_history_write_comp", "ph":"E", "ts":"1921117781680", "pid":"1", "tid":"cmeps"},
{"name":"med_phases_post_atm", "ph":"E", "ts":"1921117781685", "pid":"1", "tid":"cmeps"},
{"name":"med_phases_post_ice", "ph":"B", "ts":"1921120192895", "pid":"1", "tid":"cmeps"},
{"name":"med_phases_history_write_comp", "ph":"B", "ts":"1921120343440", "pid":"1", "tid":"cmeps"},
{"name":"med_phases_history_write_comp", "ph":"E", "ts":"1921120343470", "pid":"1", "tid":"cmeps"},
{"name":"med_phases_post_ice", "ph":"E", "ts":"1921120343474", "pid":"1", "tid":"cmeps"},
{"name":"med_phases_ocnalb_run", "ph":"B", "ts":"1921120343646", "pid":"1", "tid":"cmeps"},
{"name":"med_phases_history_write_med", "ph":"B", "ts":"1921120345506", "pid":"1", "tid":"cmeps"},
{"name":"med_phases_history_write_med", "ph":"E", "ts":"1921120345512", "pid":"1", "tid":"cmeps"},
{"name":"med_phases_ocnalb_run", "ph":"E", "ts":"1921120345517", "pid":"1", "tid":"cmeps"},
{"name":"med_phases_history_write_med", "ph":"B", "ts":"1921120348749", "pid":"1", "tid":"cmeps"},
{"name":"med_phases_history_write_med", "ph":"E", "ts":"1921120348756", "pid":"1", "tid":"cmeps"},
{"name":"med_phases_prep_ocn_accum", "ph":"B", "ts":"1921120348867", "pid":"1", "tid":"cmeps"},
{"name":"med_phases_prep_ocn_accum", "ph":"E", "ts":"1921120353330", "pid":"1", "tid":"cmeps"},
{"name":"med_phases_prep_ice", "ph":"B", "ts":"1921120353455", "pid":"1", "tid":"cmeps"},
{"name":"med_phases_prep_ice", "ph":"E", "ts":"1921120356029", "pid":"1", "tid":"cmeps"},
{"name":"med_phases_post_atm", "ph":"B", "ts":"1921120420758", "pid":"1", "tid":"cmeps"},
{"name":"med_phases_history_write_comp", "ph":"B", "ts":"1921120484527", "pid":"1", "tid":"cmeps"},
{"name":"med_phases_history_write_comp", "ph":"E", "ts":"1921120484568", "pid":"1", "tid":"cmeps"},
{"name":"med_phases_post_atm", "ph":"E", "ts":"1921120484572", "pid":"1", "tid":"cmeps"},
{"name":"med_phases_post_ice", "ph":"B", "ts":"1921122929615", "pid":"1", "tid":"cmeps"},
{"name":"med_phases_history_write_comp", "ph":"B", "ts":"1921123066962", "pid":"1", "tid":"cmeps"},
{"name":"med_phases_history_write_comp", "ph":"E", "ts":"1921123069889", "pid":"1", "tid":"cmeps"},
{"name":"med_phases_post_ice", "ph":"E", "ts":"1921123069895", "pid":"1", "tid":"cmeps"},
{"name":"med_phases_ocnalb_run", "ph":"B", "ts":"1921123070069", "pid":"1", "tid":"cmeps"},
{"name":"med_phases_history_write_med", "ph":"B", "ts":"1921123071273", "pid":"1", "tid":"cmeps"},
{"name":"med_phases_history_write_med", "ph":"E", "ts":"1921123071279", "pid":"1", "tid":"cmeps"},
{"name":"med_phases_ocnalb_run", "ph":"E", "ts":"1921123071283", "pid":"1", "tid":"cmeps"},
{"name":"med_phases_history_write_med", "ph":"B", "ts":"1921123074495", "pid":"1", "tid":"cmeps"},
{"name":"med_phases_history_write_med", "ph":"E", "ts":"1921123074502", "pid":"1", "tid":"cmeps"},
{"name":"med_phases_prep_ocn_accum", "ph":"B", "ts":"1921123074612", "pid":"1", "tid":"cmeps"},
{"name":"med_phases_prep_ocn_accum", "ph":"E", "ts":"1921123079037", "pid":"1", "tid":"cmeps"},
{"name":"med_phases_prep_ice", "ph":"B", "ts":"1921123079167", "pid":"1", "tid":"cmeps"},
{"name":"med_phases_prep_ice", "ph":"E", "ts":"1921123081655", "pid":"1", "tid":"cmeps"},
{"name":"med_phases_post_atm", "ph":"B", "ts":"1921123146744", "pid":"1", "tid":"cmeps"},
{"name":"med_phases_history_write_comp", "ph":"B", "ts":"1921123205496", "pid":"1", "tid":"cmeps"},
{"name":"med_phases_history_write_comp", "ph":"E", "ts":"1921123205536", "pid":"1", "tid":"cmeps"},
{"name":"med_phases_post_atm", "ph":"E", "ts":"1921123205541", "pid":"1", "tid":"cmeps"},
{"name":"med_phases_post_ice", "ph":"B", "ts":"1921125655073", "pid":"1", "tid":"cmeps"},
{"name":"med_phases_history_write_comp", "ph":"B", "ts":"1921125791996", "pid":"1", "tid":"cmeps"},
{"name":"med_phases_history_write_comp", "ph":"E", "ts":"1921125792026", "pid":"1", "tid":"cmeps"},
{"name":"med_phases_post_ice", "ph":"E", "ts":"1921125792030", "pid":"1", "tid":"cmeps"},
{"name":"med_phases_ocnalb_run", "ph":"B", "ts":"1921125792205", "pid":"1", "tid":"cmeps"},
{"name":"med_phases_history_write_med", "ph":"B", "ts":"1921125793472", "pid":"1", "tid":"cmeps"},
{"name":"med_phases_history_write_med", "ph":"E", "ts":"1921125793478", "pid":"1", "tid":"cmeps"},
{"name":"med_phases_ocnalb_run", "ph":"E", "ts":"1921125793482", "pid":"1", "tid":"cmeps"},
{"name":"med_phases_history_write_med", "ph":"B", "ts":"1921125796684", "pid":"1", "tid":"cmeps"},
{"name":"med_phases_history_write_med", "ph":"E", "ts":"1921125796692", "pid":"1", "tid":"cmeps"},
{"name":"med_phases_prep_ocn_accum", "ph":"B", "ts":"1921125796805", "pid":"1", "tid":"cmeps"},
{"name":"med_phases_prep_ocn_accum", "ph":"E", "ts":"1921125801185", "pid":"1", "tid":"cmeps"},
{"name":"med_phases_post_ocn", "ph":"B", "ts":"1921153013964", "pid":"1", "tid":"cmeps"},
{"name":"med_phases_history_write_comp", "ph":"B", "ts":"1921153016408", "pid":"1", "tid":"cmeps"},
{"name":"med_phases_history_write_comp", "ph":"E", "ts":"1921153016428", "pid":"1", "tid":"cmeps"},
{"name":"med_phases_post_ocn", "ph":"E", "ts":"1921153016431", "pid":"1", "tid":"cmeps"},
{"name":"med_phases_restart_write", "ph":"B", "ts":"1921153016552", "pid":"1", "tid":"cmeps"},
{"name":"med_phases_restart_write", "ph":"E", "ts":"1921153016576", "pid":"1", "tid":"cmeps"},
{"name":"med_phases_prep_ocn_avg", "ph":"B", "ts":"1921153016661", "pid":"1", "tid":"cmeps"},
{"name":"med_phases_prep_ocn_avg", "ph":"E", "ts":"1921153019342", "pid":"1", "tid":"cmeps"},
{"name":"med_phases_prep_ice", "ph":"B", "ts":"1921153020504", "pid":"1", "tid":"cmeps"},
{"name":"med_phases_prep_ice", "ph":"E", "ts":"1921153023415", "pid":"1", "tid":"cmeps"},
{"name":"med_phases_post_atm", "ph":"B", "ts":"1921153087866", "pid":"1", "tid":"cmeps"},
{"name":"med_phases_history_write_comp", "ph":"B", "ts":"1921153154405", "pid":"1", "tid":"cmeps"},
{"name":"med_phases_history_write_comp", "ph":"E", "ts":"1921153154446", "pid":"1", "tid":"cmeps"},
{"name":"med_phases_post_atm", "ph":"E", "ts":"1921153154450", "pid":"1", "tid":"cmeps"},
{"name":"med_phases_post_ice", "ph":"B", "ts":"1921155548567", "pid":"1", "tid":"cmeps"},
{"name":"med_phases_history_write_comp", "ph":"B", "ts":"1921155689889", "pid":"1", "tid":"cmeps"},
{"name":"med_phases_history_write_comp", "ph":"E", "ts":"1921155689921", "pid":"1", "tid":"cmeps"},
{"name":"med_phases_post_ice", "ph":"E", "ts":"1921155689925", "pid":"1", "tid":"cmeps"},
{"name":"med_phases_ocnalb_run", "ph":"B", "ts":"1921155690096", "pid":"1", "tid":"cmeps"},
{"name":"med_phases_history_write_med", "ph":"B", "ts":"1921155694019", "pid":"1", "tid":"cmeps"},
{"name":"med_phases_history_write_med", "ph":"E", "ts":"1921155694025", "pid":"1", "tid":"cmeps"},
{"name":"med_phases_ocnalb_run", "ph":"E", "ts":"1921155694029", "pid":"1", "tid":"cmeps"},
{"name":"med_phases_history_write_med", "ph":"B", "ts":"1921155697243", "pid":"1", "tid":"cmeps"},
{"name":"med_phases_history_write_med", "ph":"E", "ts":"1921155697249", "pid":"1", "tid":"cmeps"},
{"name":"med_phases_prep_ocn_accum", "ph":"B", "ts":"1921155697362", "pid":"1", "tid":"cmeps"},
{"name":"med_phases_prep_ocn_accum", "ph":"E", "ts":"1921155701576", "pid":"1", "tid":"cmeps"},
{"name":"med_phases_prep_ice", "ph":"B", "ts":"1921155701691", "pid":"1", "tid":"cmeps"},
{"name":"med_phases_prep_ice", "ph":"E", "ts":"1921155704084", "pid":"1", "tid":"cmeps"},
{"name":"med_phases_post_atm", "ph":"B", "ts":"1921155766155", "pid":"1", "tid":"cmeps"},
{"name":"med_phases_history_write_comp", "ph":"B", "ts":"1921155833809", "pid":"1", "tid":"cmeps"},
{"name":"med_phases_history_write_comp", "ph":"E", "ts":"1921155833846", "pid":"1", "tid":"cmeps"},
{"name":"med_phases_post_atm", "ph":"E", "ts":"1921155833851", "pid":"1", "tid":"cmeps"},
{"name":"med_phases_post_ice", "ph":"B", "ts":"1921158241958", "pid":"1", "tid":"cmeps"},
{"name":"med_phases_history_write_comp", "ph":"B", "ts":"1921158372336", "pid":"1", "tid":"cmeps"},
{"name":"med_phases_history_write_comp", "ph":"E", "ts":"1921158372379", "pid":"1", "tid":"cmeps"},
{"name":"med_phases_post_ice", "ph":"E", "ts":"1921158372383", "pid":"1", "tid":"cmeps"},
{"name":"med_phases_ocnalb_run", "ph":"B", "ts":"1921158372575", "pid":"1", "tid":"cmeps"},
{"name":"med_phases_history_write_med", "ph":"B", "ts":"1921158375130", "pid":"1", "tid":"cmeps"},
{"name":"med_phases_history_write_med", "ph":"E", "ts":"1921158375137", "pid":"1", "tid":"cmeps"},
{"name":"med_phases_ocnalb_run", "ph":"E", "ts":"1921158375142", "pid":"1", "tid":"cmeps"},
{"name":"med_phases_history_write_med", "ph":"B", "ts":"1921158378372", "pid":"1", "tid":"cmeps"},
{"name":"med_phases_history_write_med", "ph":"E", "ts":"1921158378379", "pid":"1", "tid":"cmeps"},
{"name":"med_phases_prep_ocn_accum", "ph":"B", "ts":"1921158378488", "pid":"1", "tid":"cmeps"},
{"name":"med_phases_prep_ocn_accum", "ph":"E", "ts":"1921158382966", "pid":"1", "tid":"cmeps"},
{"name":"med_phases_prep_ice", "ph":"B", "ts":"1921158383099", "pid":"1", "tid":"cmeps"},
{"name":"med_phases_prep_ice", "ph":"E", "ts":"1921158385645", "pid":"1", "tid":"cmeps"},
{"name":"med_phases_post_atm", "ph":"B", "ts":"1921158460267", "pid":"1", "tid":"cmeps"},
{"name":"med_phases_history_write_comp", "ph":"B", "ts":"1921158513809", "pid":"1", "tid":"cmeps"},
{"name":"med_phases_history_write_comp", "ph":"E", "ts":"1921158513854", "pid":"1", "tid":"cmeps"},
{"name":"med_phases_post_atm", "ph":"E", "ts":"1921158513858", "pid":"1", "tid":"cmeps"},
{"name":"med_phases_post_ice", "ph":"B", "ts":"1921161006491", "pid":"1", "tid":"cmeps"},
{"name":"med_phases_history_write_comp", "ph":"B", "ts":"1921161144693", "pid":"1", "tid":"cmeps"},
{"name":"med_phases_history_write_comp", "ph":"E", "ts":"1921161144726", "pid":"1", "tid":"cmeps"},
{"name":"med_phases_post_ice", "ph":"E", "ts":"1921161144730", "pid":"1", "tid":"cmeps"},
{"name":"med_phases_ocnalb_run", "ph":"B", "ts":"1921161144905", "pid":"1", "tid":"cmeps"},
{"name":"med_phases_history_write_med", "ph":"B", "ts":"1921161146249", "pid":"1", "tid":"cmeps"},
{"name":"med_phases_history_write_med", "ph":"E", "ts":"1921161146255", "pid":"1", "tid":"cmeps"},
{"name":"med_phases_ocnalb_run", "ph":"E", "ts":"1921161146259", "pid":"1", "tid":"cmeps"},
{"name":"med_phases_history_write_med", "ph":"B", "ts":"1921161149346", "pid":"1", "tid":"cmeps"},
{"name":"med_phases_history_write_med", "ph":"E", "ts":"1921161149353", "pid":"1", "tid":"cmeps"},
{"name":"med_phases_prep_ocn_accum", "ph":"B", "ts":"1921161149456", "pid":"1", "tid":"cmeps"},
{"name":"med_phases_prep_ocn_accum", "ph":"E", "ts":"1921161153600", "pid":"1", "tid":"cmeps"},
{"name":"med_phases_prep_ice", "ph":"B", "ts":"1921161153716", "pid":"1", "tid":"cmeps"},
{"name":"med_phases_prep_ice", "ph":"E", "ts":"1921161156047", "pid":"1", "tid":"cmeps"},
{"name":"med_phases_post_atm", "ph":"B", "ts":"1921161216824", "pid":"1", "tid":"cmeps"},
{"name":"med_phases_history_write_comp", "ph":"B", "ts":"1921161272423", "pid":"1", "tid":"cmeps"},
{"name":"med_phases_history_write_comp", "ph":"E", "ts":"1921161272461", "pid":"1", "tid":"cmeps"},
{"name":"med_phases_post_atm", "ph":"E", "ts":"1921161272466", "pid":"1", "tid":"cmeps"},
{"name":"med_phases_post_ice", "ph":"B", "ts":"1921163714433", "pid":"1", "tid":"cmeps"},
{"name":"med_phases_history_write_comp", "ph":"B", "ts":"1921163858765", "pid":"1", "tid":"cmeps"},
{"name":"med_phases_history_write_comp", "ph":"E", "ts":"1921163858798", "pid":"1", "tid":"cmeps"},
{"name":"med_phases_post_ice", "ph":"E", "ts":"1921163858802", "pid":"1", "tid":"cmeps"},
{"name":"med_phases_ocnalb_run", "ph":"B", "ts":"1921163858979", "pid":"1", "tid":"cmeps"},
{"name":"med_phases_history_write_med", "ph":"B", "ts":"1921163860176", "pid":"1", "tid":"cmeps"},
{"name":"med_phases_history_write_med", "ph":"E", "ts":"1921163860182", "pid":"1", "tid":"cmeps"},
{"name":"med_phases_ocnalb_run", "ph":"E", "ts":"1921163860187", "pid":"1", "tid":"cmeps"},
{"name":"med_phases_history_write_med", "ph":"B", "ts":"1921163863324", "pid":"1", "tid":"cmeps"},
{"name":"med_phases_history_write_med", "ph":"E", "ts":"1921163863332", "pid":"1", "tid":"cmeps"},
{"name":"med_phases_prep_ocn_accum", "ph":"B", "ts":"1921163863442", "pid":"1", "tid":"cmeps"},
{"name":"med_phases_prep_ocn_accum", "ph":"E", "ts":"1921163867796", "pid":"1", "tid":"cmeps"},
{"name":"med_phases_post_ocn", "ph":"B", "ts":"1921190988483", "pid":"1", "tid":"cmeps"},
{"name":"med_phases_history_write_comp", "ph":"B", "ts":"1921190990424", "pid":"1", "tid":"cmeps"},
{"name":"med_phases_history_write_comp", "ph":"E", "ts":"1921190990446", "pid":"1", "tid":"cmeps"},
{"name":"med_phases_post_ocn", "ph":"E", "ts":"1921190990450", "pid":"1", "tid":"cmeps"},
{"name":"med_phases_restart_write", "ph":"B", "ts":"1921190990583", "pid":"1", "tid":"cmeps"},
{"name":"med_phases_restart_write", "ph":"E", "ts":"1921190990610", "pid":"1", "tid":"cmeps"},
{"name":"med_phases_prep_ocn_avg", "ph":"B", "ts":"1921190990703", "pid":"1", "tid":"cmeps"},
{"name":"med_phases_prep_ocn_avg", "ph":"E", "ts":"1921190993159", "pid":"1", "tid":"cmeps"},
{"name":"med_phases_prep_ice", "ph":"B", "ts":"1921190993904", "pid":"1", "tid":"cmeps"},
{"name":"med_phases_prep_ice", "ph":"E", "ts":"1921190996434", "pid":"1", "tid":"cmeps"},
{"name":"med_phases_post_atm", "ph":"B", "ts":"1921191058781", "pid":"1", "tid":"cmeps"},
{"name":"med_phases_history_write_comp", "ph":"B", "ts":"1921191134639", "pid":"1", "tid":"cmeps"},
{"name":"med_phases_history_write_comp", "ph":"E", "ts":"1921191134676", "pid":"1", "tid":"cmeps"},
{"name":"med_phases_post_atm", "ph":"E", "ts":"1921191134681", "pid":"1", "tid":"cmeps"},
{"name":"med_phases_post_ice", "ph":"B", "ts":"1921193491005", "pid":"1", "tid":"cmeps"},
{"name":"med_phases_history_write_comp", "ph":"B", "ts":"1921193646297", "pid":"1", "tid":"cmeps"},
{"name":"med_phases_history_write_comp", "ph":"E", "ts":"1921193646337", "pid":"1", "tid":"cmeps"},
{"name":"med_phases_post_ice", "ph":"E", "ts":"1921193646342", "pid":"1", "tid":"cmeps"},
{"name":"med_phases_ocnalb_run", "ph":"B", "ts":"1921193646544", "pid":"1", "tid":"cmeps"},
{"name":"med_phases_history_write_med", "ph":"B", "ts":"1921193648286", "pid":"1", "tid":"cmeps"},
{"name":"med_phases_history_write_med", "ph":"E", "ts":"1921193648293", "pid":"1", "tid":"cmeps"},
{"name":"med_phases_ocnalb_run", "ph":"E", "ts":"1921193648397", "pid":"1", "tid":"cmeps"},
{"name":"med_phases_history_write_med", "ph":"B", "ts":"1921193651620", "pid":"1", "tid":"cmeps"},
{"name":"med_phases_history_write_med", "ph":"E", "ts":"1921193651629", "pid":"1", "tid":"cmeps"},
{"name":"med_phases_prep_ocn_accum", "ph":"B", "ts":"1921193651740", "pid":"1", "tid":"cmeps"},
{"name":"med_phases_prep_ocn_accum", "ph":"E", "ts":"1921193656164", "pid":"1", "tid":"cmeps"},
{"name":"med_phases_prep_ice", "ph":"B", "ts":"1921193656289", "pid":"1", "tid":"cmeps"},
{"name":"med_phases_prep_ice", "ph":"E", "ts":"1921193658736", "pid":"1", "tid":"cmeps"},
{"name":"med_phases_post_atm", "ph":"B", "ts":"1921193725735", "pid":"1", "tid":"cmeps"},
{"name":"med_phases_history_write_comp", "ph":"B", "ts":"1921193795801", "pid":"1", "tid":"cmeps"},
{"name":"med_phases_history_write_comp", "ph":"E", "ts":"1921193795843", "pid":"1", "tid":"cmeps"},
{"name":"med_phases_post_atm", "ph":"E", "ts":"1921193795848", "pid":"1", "tid":"cmeps"},
{"name":"med_phases_post_ice", "ph":"B", "ts":"1921196159294", "pid":"1", "tid":"cmeps"},
{"name":"med_phases_history_write_comp", "ph":"B", "ts":"1921196311324", "pid":"1", "tid":"cmeps"},
{"name":"med_phases_history_write_comp", "ph":"E", "ts":"1921196311370", "pid":"1", "tid":"cmeps"},
{"name":"med_phases_post_ice", "ph":"E", "ts":"1921196311375", "pid":"1", "tid":"cmeps"},
{"name":"med_phases_ocnalb_run", "ph":"B", "ts":"1921196311555", "pid":"1", "tid":"cmeps"},
{"name":"med_phases_history_write_med", "ph":"B", "ts":"1921196312899", "pid":"1", "tid":"cmeps"},
{"name":"med_phases_history_write_med", "ph":"E", "ts":"1921196312906", "pid":"1", "tid":"cmeps"},
{"name":"med_phases_ocnalb_run", "ph":"E", "ts":"1921196312910", "pid":"1", "tid":"cmeps"},
{"name":"med_phases_history_write_med", "ph":"B", "ts":"1921196316385", "pid":"1", "tid":"cmeps"},
{"name":"med_phases_history_write_med", "ph":"E", "ts":"1921196316392", "pid":"1", "tid":"cmeps"},
{"name":"med_phases_prep_ocn_accum", "ph":"B", "ts":"1921196316502", "pid":"1", "tid":"cmeps"},
{"name":"med_phases_prep_ocn_accum", "ph":"E", "ts":"1921196321270", "pid":"1", "tid":"cmeps"},
{"name":"med_phases_prep_ice", "ph":"B", "ts":"1921196321398", "pid":"1", "tid":"cmeps"},
{"name":"med_phases_prep_ice", "ph":"E", "ts":"1921196324588", "pid":"1", "tid":"cmeps"},
{"name":"med_phases_post_atm", "ph":"B", "ts":"1921196390703", "pid":"1", "tid":"cmeps"},
{"name":"med_phases_history_write_comp", "ph":"B", "ts":"1921196447235", "pid":"1", "tid":"cmeps"},
{"name":"med_phases_history_write_comp", "ph":"E", "ts":"1921196447277", "pid":"1", "tid":"cmeps"},
{"name":"med_phases_post_atm", "ph":"E", "ts":"1921196447281", "pid":"1", "tid":"cmeps"},
{"name":"med_phases_post_ice", "ph":"B", "ts":"1921198881504", "pid":"1", "tid":"cmeps"},
{"name":"med_phases_history_write_comp", "ph":"B", "ts":"1921199029772", "pid":"1", "tid":"cmeps"},
{"name":"med_phases_history_write_comp", "ph":"E", "ts":"1921199029807", "pid":"1", "tid":"cmeps"},
{"name":"med_phases_post_ice", "ph":"E", "ts":"1921199029812", "pid":"1", "tid":"cmeps"},
{"name":"med_phases_ocnalb_run", "ph":"B", "ts":"1921199029979", "pid":"1", "tid":"cmeps"},
{"name":"med_phases_history_write_med", "ph":"B", "ts":"1921199033308", "pid":"1", "tid":"cmeps"},
{"name":"med_phases_history_write_med", "ph":"E", "ts":"1921199033314", "pid":"1", "tid":"cmeps"},
{"name":"med_phases_ocnalb_run", "ph":"E", "ts":"1921199033318", "pid":"1", "tid":"cmeps"},
{"name":"med_phases_history_write_med", "ph":"B", "ts":"1921199036577", "pid":"1", "tid":"cmeps"},
{"name":"med_phases_history_write_med", "ph":"E", "ts":"1921199036585", "pid":"1", "tid":"cmeps"},
{"name":"med_phases_prep_ocn_accum", "ph":"B", "ts":"1921199036700", "pid":"1", "tid":"cmeps"},
{"name":"med_phases_prep_ocn_accum", "ph":"E", "ts":"1921199041166", "pid":"1", "tid":"cmeps"},
{"name":"med_phases_prep_ice", "ph":"B", "ts":"1921199041288", "pid":"1", "tid":"cmeps"},
{"name":"med_phases_prep_ice", "ph":"E", "ts":"1921199043800", "pid":"1", "tid":"cmeps"},
{"name":"med_phases_post_atm", "ph":"B", "ts":"1921199108936", "pid":"1", "tid":"cmeps"},
{"name":"med_phases_history_write_comp", "ph":"B", "ts":"1921199169528", "pid":"1", "tid":"cmeps"},
{"name":"med_phases_history_write_comp", "ph":"E", "ts":"1921199169640", "pid":"1", "tid":"cmeps"},
{"name":"med_phases_post_atm", "ph":"E", "ts":"1921199169646", "pid":"1", "tid":"cmeps"},
{"name":"med_phases_post_ice", "ph":"B", "ts":"1921201612234", "pid":"1", "tid":"cmeps"},
{"name":"med_phases_history_write_comp", "ph":"B", "ts":"1921201751910", "pid":"1", "tid":"cmeps"},
{"name":"med_phases_history_write_comp", "ph":"E", "ts":"1921201751938", "pid":"1", "tid":"cmeps"},
{"name":"med_phases_post_ice", "ph":"E", "ts":"1921201751942", "pid":"1", "tid":"cmeps"},
{"name":"med_phases_ocnalb_run", "ph":"B", "ts":"1921201752105", "pid":"1", "tid":"cmeps"},
{"name":"med_phases_history_write_med", "ph":"B", "ts":"1921201753392", "pid":"1", "tid":"cmeps"},
{"name":"med_phases_history_write_med", "ph":"E", "ts":"1921201753398", "pid":"1", "tid":"cmeps"},
{"name":"med_phases_ocnalb_run", "ph":"E", "ts":"1921201753402", "pid":"1", "tid":"cmeps"},
{"name":"med_phases_history_write_med", "ph":"B", "ts":"1921201756468", "pid":"1", "tid":"cmeps"},
{"name":"med_phases_history_write_med", "ph":"E", "ts":"1921201756477", "pid":"1", "tid":"cmeps"},
{"name":"med_phases_prep_ocn_accum", "ph":"B", "ts":"1921201756586", "pid":"1", "tid":"cmeps"},
{"name":"med_phases_prep_ocn_accum", "ph":"E", "ts":"1921201760872", "pid":"1", "tid":"cmeps"},
{"name":"med_phases_post_ocn", "ph":"B", "ts":"1921226721447", "pid":"1", "tid":"cmeps"},
{"name":"med_phases_history_write_comp", "ph":"B", "ts":"1921226723448", "pid":"1", "tid":"cmeps"},
{"name":"med_phases_history_write_comp", "ph":"E", "ts":"1921226723465", "pid":"1", "tid":"cmeps"},
{"name":"med_phases_post_ocn", "ph":"E", "ts":"1921226723468", "pid":"1", "tid":"cmeps"},
{"name":"med_phases_restart_write", "ph":"B", "ts":"1921226723593", "pid":"1", "tid":"cmeps"},
{"name":"med_phases_restart_write", "ph":"E", "ts":"1921226723615", "pid":"1", "tid":"cmeps"},
{"name":"med_phases_prep_ocn_avg", "ph":"B", "ts":"1921226723696", "pid":"1", "tid":"cmeps"},
{"name":"med_phases_prep_ocn_avg", "ph":"E", "ts":"1921226726030", "pid":"1", "tid":"cmeps"},
{"name":"med_phases_prep_ice", "ph":"B", "ts":"1921226726896", "pid":"1", "tid":"cmeps"},
{"name":"med_phases_prep_ice", "ph":"E", "ts":"1921226729090", "pid":"1", "tid":"cmeps"},
{"name":"med_phases_post_atm", "ph":"B", "ts":"1921226793715", "pid":"1", "tid":"cmeps"},
{"name":"med_phases_history_write_comp", "ph":"B", "ts":"1921226852456", "pid":"1", "tid":"cmeps"},
{"name":"med_phases_history_write_comp", "ph":"E", "ts":"1921226852494", "pid":"1", "tid":"cmeps"},
{"name":"med_phases_post_atm", "ph":"E", "ts":"1921226852498", "pid":"1", "tid":"cmeps"},
{"name":"med_phases_post_ice", "ph":"B", "ts":"1921228916987", "pid":"1", "tid":"cmeps"},
{"name":"med_phases_history_write_comp", "ph":"B", "ts":"1921229053015", "pid":"1", "tid":"cmeps"},
{"name":"med_phases_history_write_comp", "ph":"E", "ts":"1921229053047", "pid":"1", "tid":"cmeps"},
{"name":"med_phases_post_ice", "ph":"E", "ts":"1921229053051", "pid":"1", "tid":"cmeps"},
{"name":"med_phases_ocnalb_run", "ph":"B", "ts":"1921229053211", "pid":"1", "tid":"cmeps"},
{"name":"med_phases_history_write_med", "ph":"B", "ts":"1921229055132", "pid":"1", "tid":"cmeps"},
{"name":"med_phases_history_write_med", "ph":"E", "ts":"1921229055138", "pid":"1", "tid":"cmeps"},
{"name":"med_phases_ocnalb_run", "ph":"E", "ts":"1921229055141", "pid":"1", "tid":"cmeps"},
{"name":"med_phases_history_write_med", "ph":"B", "ts":"1921229057895", "pid":"1", "tid":"cmeps"},
{"name":"med_phases_history_write_med", "ph":"E", "ts":"1921229057903", "pid":"1", "tid":"cmeps"},
{"name":"med_phases_prep_ocn_accum", "ph":"B", "ts":"1921229058004", "pid":"1", "tid":"cmeps"},
{"name":"med_phases_prep_ocn_accum", "ph":"E", "ts":"1921229061855", "pid":"1", "tid":"cmeps"},
{"name":"med_phases_prep_ice", "ph":"B", "ts":"1921229061962", "pid":"1", "tid":"cmeps"},
{"name":"med_phases_prep_ice", "ph":"E", "ts":"1921229064160", "pid":"1", "tid":"cmeps"},
{"name":"med_phases_post_atm", "ph":"B", "ts":"1921229119632", "pid":"1", "tid":"cmeps"},
{"name":"med_phases_history_write_comp", "ph":"B", "ts":"1921229181798", "pid":"1", "tid":"cmeps"},
{"name":"med_phases_history_write_comp", "ph":"E", "ts":"1921229181833", "pid":"1", "tid":"cmeps"},
{"name":"med_phases_post_atm", "ph":"E", "ts":"1921229181837", "pid":"1", "tid":"cmeps"},
{"name":"med_phases_post_ice", "ph":"B", "ts":"1921231280620", "pid":"1", "tid":"cmeps"},
{"name":"med_phases_history_write_comp", "ph":"B", "ts":"1921231412153", "pid":"1", "tid":"cmeps"},
{"name":"med_phases_history_write_comp", "ph":"E", "ts":"1921231412186", "pid":"1", "tid":"cmeps"},
{"name":"med_phases_post_ice", "ph":"E", "ts":"1921231412190", "pid":"1", "tid":"cmeps"},
{"name":"med_phases_ocnalb_run", "ph":"B", "ts":"1921231412341", "pid":"1", "tid":"cmeps"},
{"name":"med_phases_history_write_med", "ph":"B", "ts":"1921231413480", "pid":"1", "tid":"cmeps"},
{"name":"med_phases_history_write_med", "ph":"E", "ts":"1921231413485", "pid":"1", "tid":"cmeps"},
{"name":"med_phases_ocnalb_run", "ph":"E", "ts":"1921231413489", "pid":"1", "tid":"cmeps"},
{"name":"med_phases_history_write_med", "ph":"B", "ts":"1921231416217", "pid":"1", "tid":"cmeps"},
{"name":"med_phases_history_write_med", "ph":"E", "ts":"1921231416223", "pid":"1", "tid":"cmeps"},
{"name":"med_phases_prep_ocn_accum", "ph":"B", "ts":"1921231416322", "pid":"1", "tid":"cmeps"},
{"name":"med_phases_prep_ocn_accum", "ph":"E", "ts":"1921231420128", "pid":"1", "tid":"cmeps"},
{"name":"med_phases_prep_ice", "ph":"B", "ts":"1921231420235", "pid":"1", "tid":"cmeps"},
{"name":"med_phases_prep_ice", "ph":"E", "ts":"1921231422531", "pid":"1", "tid":"cmeps"},
{"name":"med_phases_post_atm", "ph":"B", "ts":"1921231477857", "pid":"1", "tid":"cmeps"},
{"name":"med_phases_history_write_comp", "ph":"B", "ts":"1921231540655", "pid":"1", "tid":"cmeps"},
{"name":"med_phases_history_write_comp", "ph":"E", "ts":"1921231540690", "pid":"1", "tid":"cmeps"},
{"name":"med_phases_post_atm", "ph":"E", "ts":"1921231540695", "pid":"1", "tid":"cmeps"},
{"name":"med_phases_post_ice", "ph":"B", "ts":"1921233638421", "pid":"1", "tid":"cmeps"},
{"name":"med_phases_history_write_comp", "ph":"B", "ts":"1921233771076", "pid":"1", "tid":"cmeps"},
{"name":"med_phases_history_write_comp", "ph":"E", "ts":"1921233771106", "pid":"1", "tid":"cmeps"},
{"name":"med_phases_post_ice", "ph":"E", "ts":"1921233771110", "pid":"1", "tid":"cmeps"},
{"name":"med_phases_ocnalb_run", "ph":"B", "ts":"1921233771270", "pid":"1", "tid":"cmeps"},
{"name":"med_phases_history_write_med", "ph":"B", "ts":"1921233772605", "pid":"1", "tid":"cmeps"},
{"name":"med_phases_history_write_med", "ph":"E", "ts":"1921233772610", "pid":"1", "tid":"cmeps"},
{"name":"med_phases_ocnalb_run", "ph":"E", "ts":"1921233772614", "pid":"1", "tid":"cmeps"},
{"name":"med_phases_history_write_med", "ph":"B", "ts":"1921233775340", "pid":"1", "tid":"cmeps"},
{"name":"med_phases_history_write_med", "ph":"E", "ts":"1921233775346", "pid":"1", "tid":"cmeps"},
{"name":"med_phases_prep_ocn_accum", "ph":"B", "ts":"1921233775442", "pid":"1", "tid":"cmeps"},
{"name":"med_phases_prep_ocn_accum", "ph":"E", "ts":"1921233779158", "pid":"1", "tid":"cmeps"},
{"name":"med_phases_prep_ice", "ph":"B", "ts":"1921233779269", "pid":"1", "tid":"cmeps"},
{"name":"med_phases_prep_ice", "ph":"E", "ts":"1921233781507", "pid":"1", "tid":"cmeps"},
{"name":"med_phases_post_atm", "ph":"B", "ts":"1921233836305", "pid":"1", "tid":"cmeps"},
{"name":"med_phases_history_write_comp", "ph":"B", "ts":"1921233891367", "pid":"1", "tid":"cmeps"},
{"name":"med_phases_history_write_comp", "ph":"E", "ts":"1921233891405", "pid":"1", "tid":"cmeps"},
{"name":"med_phases_post_atm", "ph":"E", "ts":"1921233891409", "pid":"1", "tid":"cmeps"},
{"name":"med_phases_post_ice", "ph":"B", "ts":"1921236015675", "pid":"1", "tid":"cmeps"},
{"name":"med_phases_history_write_comp", "ph":"B", "ts":"1921236142732", "pid":"1", "tid":"cmeps"},
{"name":"med_phases_history_write_comp", "ph":"E", "ts":"1921236142836", "pid":"1", "tid":"cmeps"},
{"name":"med_phases_post_ice", "ph":"E", "ts":"1921236143479", "pid":"1", "tid":"cmeps"},
{"name":"med_phases_ocnalb_run", "ph":"B", "ts":"1921236143638", "pid":"1", "tid":"cmeps"},
{"name":"med_phases_history_write_med", "ph":"B", "ts":"1921236144699", "pid":"1", "tid":"cmeps"},
{"name":"med_phases_history_write_med", "ph":"E", "ts":"1921236144704", "pid":"1", "tid":"cmeps"},
{"name":"med_phases_ocnalb_run", "ph":"E", "ts":"1921236144708", "pid":"1", "tid":"cmeps"},
{"name":"med_phases_history_write_med", "ph":"B", "ts":"1921236147433", "pid":"1", "tid":"cmeps"},
{"name":"med_phases_history_write_med", "ph":"E", "ts":"1921236147439", "pid":"1", "tid":"cmeps"},
{"name":"med_phases_prep_ocn_accum", "ph":"B", "ts":"1921236147543", "pid":"1", "tid":"cmeps"},
{"name":"med_phases_prep_ocn_accum", "ph":"E", "ts":"1921236151258", "pid":"1", "tid":"cmeps"},
{"name":"med_phases_post_ocn", "ph":"B", "ts":"1921260246482", "pid":"1", "tid":"cmeps"},
{"name":"med_phases_history_write_comp", "ph":"B", "ts":"1921260248587", "pid":"1", "tid":"cmeps"},
{"name":"med_phases_history_write_comp", "ph":"E", "ts":"1921260248609", "pid":"1", "tid":"cmeps"},
{"name":"med_phases_post_ocn", "ph":"E", "ts":"1921260248612", "pid":"1", "tid":"cmeps"},
{"name":"med_phases_restart_write", "ph":"B", "ts":"1921260248738", "pid":"1", "tid":"cmeps"},
{"name":"med_phases_restart_write", "ph":"E", "ts":"1921260248762", "pid":"1", "tid":"cmeps"},
{"name":"med_phases_prep_ocn_avg", "ph":"B", "ts":"1921260248844", "pid":"1", "tid":"cmeps"},
{"name":"med_phases_prep_ocn_avg", "ph":"E", "ts":"1921260251581", "pid":"1", "tid":"cmeps"},
{"name":"med_phases_prep_ice", "ph":"B", "ts":"1921260252673", "pid":"1", "tid":"cmeps"},
{"name":"med_phases_prep_ice", "ph":"E", "ts":"1921260255533", "pid":"1", "tid":"cmeps"},
{"name":"med_phases_post_atm", "ph":"B", "ts":"1921260323117", "pid":"1", "tid":"cmeps"},
{"name":"med_phases_history_write_comp", "ph":"B", "ts":"1921260378764", "pid":"1", "tid":"cmeps"},
{"name":"med_phases_history_write_comp", "ph":"E", "ts":"1921260378796", "pid":"1", "tid":"cmeps"},
{"name":"med_phases_post_atm", "ph":"E", "ts":"1921260378800", "pid":"1", "tid":"cmeps"},
{"name":"med_phases_post_ice", "ph":"B", "ts":"1921262457288", "pid":"1", "tid":"cmeps"},
{"name":"med_phases_history_write_comp", "ph":"B", "ts":"1921262591146", "pid":"1", "tid":"cmeps"},
{"name":"med_phases_history_write_comp", "ph":"E", "ts":"1921262591181", "pid":"1", "tid":"cmeps"},
{"name":"med_phases_post_ice", "ph":"E", "ts":"1921262591184", "pid":"1", "tid":"cmeps"},
{"name":"med_phases_ocnalb_run", "ph":"B", "ts":"1921262591337", "pid":"1", "tid":"cmeps"},
{"name":"med_phases_history_write_med", "ph":"B", "ts":"1921262592860", "pid":"1", "tid":"cmeps"},
{"name":"med_phases_history_write_med", "ph":"E", "ts":"1921262592865", "pid":"1", "tid":"cmeps"},
{"name":"med_phases_ocnalb_run", "ph":"E", "ts":"1921262592869", "pid":"1", "tid":"cmeps"},
{"name":"med_phases_history_write_med", "ph":"B", "ts":"1921262595775", "pid":"1", "tid":"cmeps"},
{"name":"med_phases_history_write_med", "ph":"E", "ts":"1921262595781", "pid":"1", "tid":"cmeps"},
{"name":"med_phases_prep_ocn_accum", "ph":"B", "ts":"1921262595880", "pid":"1", "tid":"cmeps"},
{"name":"med_phases_prep_ocn_accum", "ph":"E", "ts":"1921262599806", "pid":"1", "tid":"cmeps"},
{"name":"med_phases_prep_ice", "ph":"B", "ts":"1921262599912", "pid":"1", "tid":"cmeps"},
{"name":"med_phases_prep_ice", "ph":"E", "ts":"1921262602081", "pid":"1", "tid":"cmeps"},
{"name":"med_phases_post_atm", "ph":"B", "ts":"1921262658641", "pid":"1", "tid":"cmeps"},
{"name":"med_phases_history_write_comp", "ph":"B", "ts":"1921262721524", "pid":"1", "tid":"cmeps"},
{"name":"med_phases_history_write_comp", "ph":"E", "ts":"1921262721565", "pid":"1", "tid":"cmeps"},
{"name":"med_phases_post_atm", "ph":"E", "ts":"1921262721569", "pid":"1", "tid":"cmeps"},
{"name":"med_phases_post_ice", "ph":"B", "ts":"1921264808826", "pid":"1", "tid":"cmeps"},
{"name":"med_phases_history_write_comp", "ph":"B", "ts":"1921264942339", "pid":"1", "tid":"cmeps"},
{"name":"med_phases_history_write_comp", "ph":"E", "ts":"1921264942371", "pid":"1", "tid":"cmeps"},
{"name":"med_phases_post_ice", "ph":"E", "ts":"1921264942375", "pid":"1", "tid":"cmeps"},
{"name":"med_phases_ocnalb_run", "ph":"B", "ts":"1921264942529", "pid":"1", "tid":"cmeps"},
{"name":"med_phases_history_write_med", "ph":"B", "ts":"1921264943714", "pid":"1", "tid":"cmeps"},
{"name":"med_phases_history_write_med", "ph":"E", "ts":"1921264943720", "pid":"1", "tid":"cmeps"},
{"name":"med_phases_ocnalb_run", "ph":"E", "ts":"1921264943723", "pid":"1", "tid":"cmeps"},
{"name":"med_phases_history_write_med", "ph":"B", "ts":"1921264946458", "pid":"1", "tid":"cmeps"},
{"name":"med_phases_history_write_med", "ph":"E", "ts":"1921264946464", "pid":"1", "tid":"cmeps"},
{"name":"med_phases_prep_ocn_accum", "ph":"B", "ts":"1921264946563", "pid":"1", "tid":"cmeps"},
{"name":"med_phases_prep_ocn_accum", "ph":"E", "ts":"1921264950303", "pid":"1", "tid":"cmeps"},
{"name":"med_phases_prep_ice", "ph":"B", "ts":"1921264950408", "pid":"1", "tid":"cmeps"},
{"name":"med_phases_prep_ice", "ph":"E", "ts":"1921264952576", "pid":"1", "tid":"cmeps"},
{"name":"med_phases_post_atm", "ph":"B", "ts":"1921265007803", "pid":"1", "tid":"cmeps"},
{"name":"med_phases_history_write_comp", "ph":"B", "ts":"1921265064968", "pid":"1", "tid":"cmeps"},
{"name":"med_phases_history_write_comp", "ph":"E", "ts":"1921265065004", "pid":"1", "tid":"cmeps"},
{"name":"med_phases_post_atm", "ph":"E", "ts":"1921265065008", "pid":"1", "tid":"cmeps"},
{"name":"med_phases_post_ice", "ph":"B", "ts":"1921267162268", "pid":"1", "tid":"cmeps"},
{"name":"med_phases_history_write_comp", "ph":"B", "ts":"1921267296950", "pid":"1", "tid":"cmeps"},
{"name":"med_phases_history_write_comp", "ph":"E", "ts":"1921267296981", "pid":"1", "tid":"cmeps"},
{"name":"med_phases_post_ice", "ph":"E", "ts":"1921267296984", "pid":"1", "tid":"cmeps"},
{"name":"med_phases_ocnalb_run", "ph":"B", "ts":"1921267297136", "pid":"1", "tid":"cmeps"},
{"name":"med_phases_history_write_med", "ph":"B", "ts":"1921267298876", "pid":"1", "tid":"cmeps"},
{"name":"med_phases_history_write_med", "ph":"E", "ts":"1921267298881", "pid":"1", "tid":"cmeps"},
{"name":"med_phases_ocnalb_run", "ph":"E", "ts":"1921267298885", "pid":"1", "tid":"cmeps"},
{"name":"med_phases_history_write_med", "ph":"B", "ts":"1921267301628", "pid":"1", "tid":"cmeps"},
{"name":"med_phases_history_write_med", "ph":"E", "ts":"1921267301636", "pid":"1", "tid":"cmeps"},
{"name":"med_phases_prep_ocn_accum", "ph":"B", "ts":"1921267301729", "pid":"1", "tid":"cmeps"},
{"name":"med_phases_prep_ocn_accum", "ph":"E", "ts":"1921267305489", "pid":"1", "tid":"cmeps"},
{"name":"med_phases_prep_ice", "ph":"B", "ts":"1921267305601", "pid":"1", "tid":"cmeps"},
{"name":"med_phases_prep_ice", "ph":"E", "ts":"1921267307766", "pid":"1", "tid":"cmeps"},
{"name":"med_phases_post_atm", "ph":"B", "ts":"1921267572954", "pid":"1", "tid":"cmeps"},
{"name":"med_phases_history_write_comp", "ph":"B", "ts":"1921267626750", "pid":"1", "tid":"cmeps"},
{"name":"med_phases_history_write_comp", "ph":"E", "ts":"1921267626787", "pid":"1", "tid":"cmeps"},
{"name":"med_phases_post_atm", "ph":"E", "ts":"1921267626791", "pid":"1", "tid":"cmeps"},
{"name":"med_phases_post_ice", "ph":"B", "ts":"1921269863346", "pid":"1", "tid":"cmeps"},
{"name":"med_phases_history_write_comp", "ph":"B", "ts":"1921269865605", "pid":"1", "tid":"cmeps"},
{"name":"med_phases_history_write_comp", "ph":"E", "ts":"1921269865621", "pid":"1", "tid":"cmeps"},
{"name":"med_phases_post_ice", "ph":"E", "ts":"1921269865625", "pid":"1", "tid":"cmeps"},
{"name":"med_phases_ocnalb_run", "ph":"B", "ts":"1921269865739", "pid":"1", "tid":"cmeps"},
{"name":"med_phases_history_write_med", "ph":"B", "ts":"1921269867843", "pid":"1", "tid":"cmeps"},
{"name":"med_phases_history_write_med", "ph":"E", "ts":"1921269867848", "pid":"1", "tid":"cmeps"},
{"name":"med_phases_ocnalb_run", "ph":"E", "ts":"1921269867852", "pid":"1", "tid":"cmeps"},
{"name":"med_phases_history_write_med", "ph":"B", "ts":"1921269870673", "pid":"1", "tid":"cmeps"},
{"name":"med_phases_history_write_med", "ph":"E", "ts":"1921269870680", "pid":"1", "tid":"cmeps"},
{"name":"med_phases_prep_ocn_accum", "ph":"B", "ts":"1921269870775", "pid":"1", "tid":"cmeps"},
{"name":"med_phases_prep_ocn_accum", "ph":"E", "ts":"1921269874602", "pid":"1", "tid":"cmeps"},
{"name":"med_phases_post_ocn", "ph":"B", "ts":"1921294163864", "pid":"1", "tid":"cmeps"},
{"name":"med_phases_history_write_comp", "ph":"B", "ts":"1921294165966", "pid":"1", "tid":"cmeps"},
{"name":"med_phases_history_write_comp", "ph":"E", "ts":"1921294165986", "pid":"1", "tid":"cmeps"},
{"name":"med_phases_post_ocn", "ph":"E", "ts":"1921294165990", "pid":"1", "tid":"cmeps"},
{"name":"med_phases_restart_write", "ph":"B", "ts":"1921294166107", "pid":"1", "tid":"cmeps"},
{"name":"med_phases_restart_write", "ph":"E", "ts":"1921294166130", "pid":"1", "tid":"cmeps"},
{"name":"med_phases_prep_ocn_avg", "ph":"B", "ts":"1921294166212", "pid":"1", "tid":"cmeps"},
{"name":"med_phases_prep_ocn_avg", "ph":"E", "ts":"1921294168842", "pid":"1", "tid":"cmeps"},
{"name":"med_phases_prep_ice", "ph":"B", "ts":"1921294170030", "pid":"1", "tid":"cmeps"},
{"name":"med_phases_prep_ice", "ph":"E", "ts":"1921294172811", "pid":"1", "tid":"cmeps"},
{"name":"med_phases_post_atm", "ph":"B", "ts":"1921294230709", "pid":"1", "tid":"cmeps"},
{"name":"med_phases_history_write_comp", "ph":"B", "ts":"1921294299725", "pid":"1", "tid":"cmeps"},
{"name":"med_phases_history_write_comp", "ph":"E", "ts":"1921294299762", "pid":"1", "tid":"cmeps"},
{"name":"med_phases_post_atm", "ph":"E", "ts":"1921294299766", "pid":"1", "tid":"cmeps"},
{"name":"med_phases_post_ice", "ph":"B", "ts":"1921296355782", "pid":"1", "tid":"cmeps"},
{"name":"med_phases_history_write_comp", "ph":"B", "ts":"1921296512254", "pid":"1", "tid":"cmeps"},
{"name":"med_phases_history_write_comp", "ph":"E", "ts":"1921296512284", "pid":"1", "tid":"cmeps"},
{"name":"med_phases_post_ice", "ph":"E", "ts":"1921296512288", "pid":"1", "tid":"cmeps"},
{"name":"med_phases_ocnalb_run", "ph":"B", "ts":"1921296512443", "pid":"1", "tid":"cmeps"},
{"name":"med_phases_history_write_med", "ph":"B", "ts":"1921296513782", "pid":"1", "tid":"cmeps"},
{"name":"med_phases_history_write_med", "ph":"E", "ts":"1921296513787", "pid":"1", "tid":"cmeps"},
{"name":"med_phases_ocnalb_run", "ph":"E", "ts":"1921296513791", "pid":"1", "tid":"cmeps"},
{"name":"med_phases_history_write_med", "ph":"B", "ts":"1921296516700", "pid":"1", "tid":"cmeps"},
{"name":"med_phases_history_write_med", "ph":"E", "ts":"1921296516706", "pid":"1", "tid":"cmeps"},
{"name":"med_phases_prep_ocn_accum", "ph":"B", "ts":"1921296516806", "pid":"1", "tid":"cmeps"},
{"name":"med_phases_prep_ocn_accum", "ph":"E", "ts":"1921296520597", "pid":"1", "tid":"cmeps"},
{"name":"med_phases_prep_ice", "ph":"B", "ts":"1921296520708", "pid":"1", "tid":"cmeps"},
{"name":"med_phases_prep_ice", "ph":"E", "ts":"1921296522875", "pid":"1", "tid":"cmeps"},
{"name":"med_phases_post_atm", "ph":"B", "ts":"1921296579753", "pid":"1", "tid":"cmeps"},
{"name":"med_phases_history_write_comp", "ph":"B", "ts":"1921296640701", "pid":"1", "tid":"cmeps"},
{"name":"med_phases_history_write_comp", "ph":"E", "ts":"1921296640736", "pid":"1", "tid":"cmeps"},
{"name":"med_phases_post_atm", "ph":"E", "ts":"1921296640740", "pid":"1", "tid":"cmeps"},
{"name":"med_phases_post_ice", "ph":"B", "ts":"1921298763117", "pid":"1", "tid":"cmeps"},
{"name":"med_phases_history_write_comp", "ph":"B", "ts":"1921298877990", "pid":"1", "tid":"cmeps"},
{"name":"med_phases_history_write_comp", "ph":"E", "ts":"1921298878018", "pid":"1", "tid":"cmeps"},
{"name":"med_phases_post_ice", "ph":"E", "ts":"1921298878022", "pid":"1", "tid":"cmeps"},
{"name":"med_phases_ocnalb_run", "ph":"B", "ts":"1921298878182", "pid":"1", "tid":"cmeps"},
{"name":"med_phases_history_write_med", "ph":"B", "ts":"1921298879426", "pid":"1", "tid":"cmeps"},
{"name":"med_phases_history_write_med", "ph":"E", "ts":"1921298879432", "pid":"1", "tid":"cmeps"},
{"name":"med_phases_ocnalb_run", "ph":"E", "ts":"1921298879506", "pid":"1", "tid":"cmeps"},
{"name":"med_phases_history_write_med", "ph":"B", "ts":"1921298882258", "pid":"1", "tid":"cmeps"},
{"name":"med_phases_history_write_med", "ph":"E", "ts":"1921298882265", "pid":"1", "tid":"cmeps"},
{"name":"med_phases_prep_ocn_accum", "ph":"B", "ts":"1921298882363", "pid":"1", "tid":"cmeps"},
{"name":"med_phases_prep_ocn_accum", "ph":"E", "ts":"1921298886049", "pid":"1", "tid":"cmeps"},
{"name":"med_phases_prep_ice", "ph":"B", "ts":"1921298886159", "pid":"1", "tid":"cmeps"},
{"name":"med_phases_prep_ice", "ph":"E", "ts":"1921298888314", "pid":"1", "tid":"cmeps"},
{"name":"med_phases_post_atm", "ph":"B", "ts":"1921298943548", "pid":"1", "tid":"cmeps"},
{"name":"med_phases_history_write_comp", "ph":"B", "ts":"1921298997806", "pid":"1", "tid":"cmeps"},
{"name":"med_phases_history_write_comp", "ph":"E", "ts":"1921298997841", "pid":"1", "tid":"cmeps"},
{"name":"med_phases_post_atm", "ph":"E", "ts":"1921298997845", "pid":"1", "tid":"cmeps"},
{"name":"med_phases_post_ice", "ph":"B", "ts":"1921301135638", "pid":"1", "tid":"cmeps"},
{"name":"med_phases_history_write_comp", "ph":"B", "ts":"1921301243824", "pid":"1", "tid":"cmeps"},
{"name":"med_phases_history_write_comp", "ph":"E", "ts":"1921301243854", "pid":"1", "tid":"cmeps"},
{"name":"med_phases_post_ice", "ph":"E", "ts":"1921301243858", "pid":"1", "tid":"cmeps"},
{"name":"med_phases_ocnalb_run", "ph":"B", "ts":"1921301244014", "pid":"1", "tid":"cmeps"},
{"name":"med_phases_history_write_med", "ph":"B", "ts":"1921301245145", "pid":"1", "tid":"cmeps"},
{"name":"med_phases_history_write_med", "ph":"E", "ts":"1921301245150", "pid":"1", "tid":"cmeps"},
{"name":"med_phases_ocnalb_run", "ph":"E", "ts":"1921301245154", "pid":"1", "tid":"cmeps"},
{"name":"med_phases_history_write_med", "ph":"B", "ts":"1921301247891", "pid":"1", "tid":"cmeps"},
{"name":"med_phases_history_write_med", "ph":"E", "ts":"1921301247900", "pid":"1", "tid":"cmeps"},
{"name":"med_phases_prep_ocn_accum", "ph":"B", "ts":"1921301247996", "pid":"1", "tid":"cmeps"},
{"name":"med_phases_prep_ocn_accum", "ph":"E", "ts":"1921301251737", "pid":"1", "tid":"cmeps"},
{"name":"med_phases_prep_ice", "ph":"B", "ts":"1921301251844", "pid":"1", "tid":"cmeps"},
{"name":"med_phases_prep_ice", "ph":"E", "ts":"1921301253916", "pid":"1", "tid":"cmeps"},
{"name":"med_phases_post_atm", "ph":"B", "ts":"1921301309186", "pid":"1", "tid":"cmeps"},
{"name":"med_phases_history_write_comp", "ph":"B", "ts":"1921301367335", "pid":"1", "tid":"cmeps"},
{"name":"med_phases_history_write_comp", "ph":"E", "ts":"1921301367369", "pid":"1", "tid":"cmeps"},
{"name":"med_phases_post_atm", "ph":"E", "ts":"1921301367373", "pid":"1", "tid":"cmeps"},
{"name":"med_phases_post_ice", "ph":"B", "ts":"1921303511684", "pid":"1", "tid":"cmeps"},
{"name":"med_phases_history_write_comp", "ph":"B", "ts":"1921303620071", "pid":"1", "tid":"cmeps"},
{"name":"med_phases_history_write_comp", "ph":"E", "ts":"1921303620102", "pid":"1", "tid":"cmeps"},
{"name":"med_phases_post_ice", "ph":"E", "ts":"1921303620106", "pid":"1", "tid":"cmeps"},
{"name":"med_phases_ocnalb_run", "ph":"B", "ts":"1921303620261", "pid":"1", "tid":"cmeps"},
{"name":"med_phases_history_write_med", "ph":"B", "ts":"1921303621516", "pid":"1", "tid":"cmeps"},
{"name":"med_phases_history_write_med", "ph":"E", "ts":"1921303621522", "pid":"1", "tid":"cmeps"},
{"name":"med_phases_ocnalb_run", "ph":"E", "ts":"1921303621526", "pid":"1", "tid":"cmeps"},
{"name":"med_phases_history_write_med", "ph":"B", "ts":"1921303624299", "pid":"1", "tid":"cmeps"},
{"name":"med_phases_history_write_med", "ph":"E", "ts":"1921303624307", "pid":"1", "tid":"cmeps"},
{"name":"med_phases_prep_ocn_accum", "ph":"B", "ts":"1921303624404", "pid":"1", "tid":"cmeps"},
{"name":"med_phases_prep_ocn_accum", "ph":"E", "ts":"1921303628243", "pid":"1", "tid":"cmeps"},
{"name":"med_phases_post_ocn", "ph":"B", "ts":"1921328089302", "pid":"1", "tid":"cmeps"},
{"name":"med_phases_history_write_comp", "ph":"B", "ts":"1921328091005", "pid":"1", "tid":"cmeps"},
{"name":"med_phases_history_write_comp", "ph":"E", "ts":"1921328091051", "pid":"1", "tid":"cmeps"},
{"name":"med_phases_post_ocn", "ph":"E", "ts":"1921328091055", "pid":"1", "tid":"cmeps"},
{"name":"med_phases_restart_write", "ph":"B", "ts":"1921328091174", "pid":"1", "tid":"cmeps"},
{"name":"med_phases_restart_write", "ph":"E", "ts":"1921328091196", "pid":"1", "tid":"cmeps"},
{"name":"med_phases_prep_ocn_avg", "ph":"B", "ts":"1921328091279", "pid":"1", "tid":"cmeps"},
{"name":"med_phases_prep_ocn_avg", "ph":"E", "ts":"1921328093451", "pid":"1", "tid":"cmeps"},
{"name":"med_phases_prep_ice", "ph":"B", "ts":"1921328094136", "pid":"1", "tid":"cmeps"},
{"name":"med_phases_prep_ice", "ph":"E", "ts":"1921328096404", "pid":"1", "tid":"cmeps"},
{"name":"med_phases_post_atm", "ph":"B", "ts":"1921328161867", "pid":"1", "tid":"cmeps"},
{"name":"med_phases_history_write_comp", "ph":"B", "ts":"1921328218799", "pid":"1", "tid":"cmeps"},
{"name":"med_phases_history_write_comp", "ph":"E", "ts":"1921328218838", "pid":"1", "tid":"cmeps"},
{"name":"med_phases_post_atm", "ph":"E", "ts":"1921328218842", "pid":"1", "tid":"cmeps"},
{"name":"med_phases_post_ice", "ph":"B", "ts":"1921330299078", "pid":"1", "tid":"cmeps"},
{"name":"med_phases_history_write_comp", "ph":"B", "ts":"1921330407972", "pid":"1", "tid":"cmeps"},
{"name":"med_phases_history_write_comp", "ph":"E", "ts":"1921330408003", "pid":"1", "tid":"cmeps"},
{"name":"med_phases_post_ice", "ph":"E", "ts":"1921330408007", "pid":"1", "tid":"cmeps"},
{"name":"med_phases_ocnalb_run", "ph":"B", "ts":"1921330408158", "pid":"1", "tid":"cmeps"},
{"name":"med_phases_history_write_med", "ph":"B", "ts":"1921330409750", "pid":"1", "tid":"cmeps"},
{"name":"med_phases_history_write_med", "ph":"E", "ts":"1921330409755", "pid":"1", "tid":"cmeps"},
{"name":"med_phases_ocnalb_run", "ph":"E", "ts":"1921330409759", "pid":"1", "tid":"cmeps"},
{"name":"med_phases_history_write_med", "ph":"B", "ts":"1921330412490", "pid":"1", "tid":"cmeps"},
{"name":"med_phases_history_write_med", "ph":"E", "ts":"1921330412497", "pid":"1", "tid":"cmeps"},
{"name":"med_phases_prep_ocn_accum", "ph":"B", "ts":"1921330412596", "pid":"1", "tid":"cmeps"},
{"name":"med_phases_prep_ocn_accum", "ph":"E", "ts":"1921330416350", "pid":"1", "tid":"cmeps"},
{"name":"med_phases_prep_ice", "ph":"B", "ts":"1921330416468", "pid":"1", "tid":"cmeps"},
{"name":"med_phases_prep_ice", "ph":"E", "ts":"1921330418695", "pid":"1", "tid":"cmeps"},
{"name":"med_phases_post_atm", "ph":"B", "ts":"1921330475823", "pid":"1", "tid":"cmeps"},
{"name":"med_phases_history_write_comp", "ph":"B", "ts":"1921330532842", "pid":"1", "tid":"cmeps"},
{"name":"med_phases_history_write_comp", "ph":"E", "ts":"1921330532889", "pid":"1", "tid":"cmeps"},
{"name":"med_phases_post_atm", "ph":"E", "ts":"1921330532894", "pid":"1", "tid":"cmeps"},
{"name":"med_phases_post_ice", "ph":"B", "ts":"1921332654054", "pid":"1", "tid":"cmeps"},
{"name":"med_phases_history_write_comp", "ph":"B", "ts":"1921332763121", "pid":"1", "tid":"cmeps"},
{"name":"med_phases_history_write_comp", "ph":"E", "ts":"1921332763153", "pid":"1", "tid":"cmeps"},
{"name":"med_phases_post_ice", "ph":"E", "ts":"1921332763157", "pid":"1", "tid":"cmeps"},
{"name":"med_phases_ocnalb_run", "ph":"B", "ts":"1921332763310", "pid":"1", "tid":"cmeps"},
{"name":"med_phases_history_write_med", "ph":"B", "ts":"1921332764455", "pid":"1", "tid":"cmeps"},
{"name":"med_phases_history_write_med", "ph":"E", "ts":"1921332764462", "pid":"1", "tid":"cmeps"},
{"name":"med_phases_ocnalb_run", "ph":"E", "ts":"1921332764465", "pid":"1", "tid":"cmeps"},
{"name":"med_phases_history_write_med", "ph":"B", "ts":"1921332767199", "pid":"1", "tid":"cmeps"},
{"name":"med_phases_history_write_med", "ph":"E", "ts":"1921332767205", "pid":"1", "tid":"cmeps"},
{"name":"med_phases_prep_ocn_accum", "ph":"B", "ts":"1921332767304", "pid":"1", "tid":"cmeps"},
{"name":"med_phases_prep_ocn_accum", "ph":"E", "ts":"1921332770961", "pid":"1", "tid":"cmeps"},
{"name":"med_phases_prep_ice", "ph":"B", "ts":"1921332771065", "pid":"1", "tid":"cmeps"},
{"name":"med_phases_prep_ice", "ph":"E", "ts":"1921332773322", "pid":"1", "tid":"cmeps"},
{"name":"med_phases_post_atm", "ph":"B", "ts":"1921332828853", "pid":"1", "tid":"cmeps"},
{"name":"med_phases_history_write_comp", "ph":"B", "ts":"1921332880231", "pid":"1", "tid":"cmeps"},
{"name":"med_phases_history_write_comp", "ph":"E", "ts":"1921332880268", "pid":"1", "tid":"cmeps"},
{"name":"med_phases_post_atm", "ph":"E", "ts":"1921332880272", "pid":"1", "tid":"cmeps"},
{"name":"med_phases_post_ice", "ph":"B", "ts":"1921335010008", "pid":"1", "tid":"cmeps"},
{"name":"med_phases_history_write_comp", "ph":"B", "ts":"1921335118928", "pid":"1", "tid":"cmeps"},
{"name":"med_phases_history_write_comp", "ph":"E", "ts":"1921335118956", "pid":"1", "tid":"cmeps"},
{"name":"med_phases_post_ice", "ph":"E", "ts":"1921335118959", "pid":"1", "tid":"cmeps"},
{"name":"med_phases_ocnalb_run", "ph":"B", "ts":"1921335119103", "pid":"1", "tid":"cmeps"},
{"name":"med_phases_history_write_med", "ph":"B", "ts":"1921335120356", "pid":"1", "tid":"cmeps"},
{"name":"med_phases_history_write_med", "ph":"E", "ts":"1921335120362", "pid":"1", "tid":"cmeps"},
{"name":"med_phases_ocnalb_run", "ph":"E", "ts":"1921335120365", "pid":"1", "tid":"cmeps"},
{"name":"med_phases_history_write_med", "ph":"B", "ts":"1921335123091", "pid":"1", "tid":"cmeps"},
{"name":"med_phases_history_write_med", "ph":"E", "ts":"1921335123099", "pid":"1", "tid":"cmeps"},
{"name":"med_phases_prep_ocn_accum", "ph":"B", "ts":"1921335123193", "pid":"1", "tid":"cmeps"},
{"name":"med_phases_prep_ocn_accum", "ph":"E", "ts":"1921335126978", "pid":"1", "tid":"cmeps"},
{"name":"med_phases_prep_ice", "ph":"B", "ts":"1921335127086", "pid":"1", "tid":"cmeps"},
{"name":"med_phases_prep_ice", "ph":"E", "ts":"1921335129211", "pid":"1", "tid":"cmeps"},
{"name":"med_phases_post_atm", "ph":"B", "ts":"1921335184524", "pid":"1", "tid":"cmeps"},
{"name":"med_phases_history_write_comp", "ph":"B", "ts":"1921335235977", "pid":"1", "tid":"cmeps"},
{"name":"med_phases_history_write_comp", "ph":"E", "ts":"1921335236012", "pid":"1", "tid":"cmeps"},
{"name":"med_phases_post_atm", "ph":"E", "ts":"1921335236015", "pid":"1", "tid":"cmeps"},
{"name":"med_phases_post_ice", "ph":"B", "ts":"1921337370430", "pid":"1", "tid":"cmeps"},
{"name":"med_phases_history_write_comp", "ph":"B", "ts":"1921337480664", "pid":"1", "tid":"cmeps"},
{"name":"med_phases_history_write_comp", "ph":"E", "ts":"1921337480695", "pid":"1", "tid":"cmeps"},
{"name":"med_phases_post_ice", "ph":"E", "ts":"1921337480699", "pid":"1", "tid":"cmeps"},
{"name":"med_phases_ocnalb_run", "ph":"B", "ts":"1921337480858", "pid":"1", "tid":"cmeps"},
{"name":"med_phases_history_write_med", "ph":"B", "ts":"1921337482098", "pid":"1", "tid":"cmeps"},
{"name":"med_phases_history_write_med", "ph":"E", "ts":"1921337482102", "pid":"1", "tid":"cmeps"},
{"name":"med_phases_ocnalb_run", "ph":"E", "ts":"1921337482106", "pid":"1", "tid":"cmeps"},
{"name":"med_phases_history_write_med", "ph":"B", "ts":"1921337484833", "pid":"1", "tid":"cmeps"},
{"name":"med_phases_history_write_med", "ph":"E", "ts":"1921337484838", "pid":"1", "tid":"cmeps"},
{"name":"med_phases_prep_ocn_accum", "ph":"B", "ts":"1921337484935", "pid":"1", "tid":"cmeps"},
{"name":"med_phases_prep_ocn_accum", "ph":"E", "ts":"1921337488608", "pid":"1", "tid":"cmeps"},
{"name":"med_phases_post_ocn", "ph":"B", "ts":"1921360960854", "pid":"1", "tid":"cmeps"},
{"name":"med_phases_history_write_comp", "ph":"B", "ts":"1921360962903", "pid":"1", "tid":"cmeps"},
{"name":"med_phases_history_write_comp", "ph":"E", "ts":"1921360963854", "pid":"1", "tid":"cmeps"},
{"name":"med_phases_post_ocn", "ph":"E", "ts":"1921360963859", "pid":"1", "tid":"cmeps"},
{"name":"med_phases_restart_write", "ph":"B", "ts":"1921360963988", "pid":"1", "tid":"cmeps"},
{"name":"med_phases_restart_write", "ph":"E", "ts":"1921360964011", "pid":"1", "tid":"cmeps"},
{"name":"med_phases_prep_ocn_avg", "ph":"B", "ts":"1921360964093", "pid":"1", "tid":"cmeps"},
{"name":"med_phases_prep_ocn_avg", "ph":"E", "ts":"1921360966851", "pid":"1", "tid":"cmeps"},
{"name":"med_phases_prep_ice", "ph":"B", "ts":"1921360967905", "pid":"1", "tid":"cmeps"},
{"name":"med_phases_prep_ice", "ph":"E", "ts":"1921360970910", "pid":"1", "tid":"cmeps"},
{"name":"med_phases_post_atm", "ph":"B", "ts":"1921361038551", "pid":"1", "tid":"cmeps"},
{"name":"med_phases_history_write_comp", "ph":"B", "ts":"1921361089331", "pid":"1", "tid":"cmeps"},
{"name":"med_phases_history_write_comp", "ph":"E", "ts":"1921361089364", "pid":"1", "tid":"cmeps"},
{"name":"med_phases_post_atm", "ph":"E", "ts":"1921361089367", "pid":"1", "tid":"cmeps"},
{"name":"med_phases_post_ice", "ph":"B", "ts":"1921363196888", "pid":"1", "tid":"cmeps"},
{"name":"med_phases_history_write_comp", "ph":"B", "ts":"1921363309488", "pid":"1", "tid":"cmeps"},
{"name":"med_phases_history_write_comp", "ph":"E", "ts":"1921363309522", "pid":"1", "tid":"cmeps"},
{"name":"med_phases_post_ice", "ph":"E", "ts":"1921363309526", "pid":"1", "tid":"cmeps"},
{"name":"med_phases_ocnalb_run", "ph":"B", "ts":"1921363309684", "pid":"1", "tid":"cmeps"},
{"name":"med_phases_history_write_med", "ph":"B", "ts":"1921363311248", "pid":"1", "tid":"cmeps"},
{"name":"med_phases_history_write_med", "ph":"E", "ts":"1921363311253", "pid":"1", "tid":"cmeps"},
{"name":"med_phases_ocnalb_run", "ph":"E", "ts":"1921363311256", "pid":"1", "tid":"cmeps"},
{"name":"med_phases_history_write_med", "ph":"B", "ts":"1921363314156", "pid":"1", "tid":"cmeps"},
{"name":"med_phases_history_write_med", "ph":"E", "ts":"1921363314162", "pid":"1", "tid":"cmeps"},
{"name":"med_phases_prep_ocn_accum", "ph":"B", "ts":"1921363314257", "pid":"1", "tid":"cmeps"},
{"name":"med_phases_prep_ocn_accum", "ph":"E", "ts":"1921363318098", "pid":"1", "tid":"cmeps"},
{"name":"med_phases_prep_ice", "ph":"B", "ts":"1921363318198", "pid":"1", "tid":"cmeps"},
{"name":"med_phases_prep_ice", "ph":"E", "ts":"1921363320281", "pid":"1", "tid":"cmeps"},
{"name":"med_phases_post_atm", "ph":"B", "ts":"1921363376101", "pid":"1", "tid":"cmeps"},
{"name":"med_phases_history_write_comp", "ph":"B", "ts":"1921363440249", "pid":"1", "tid":"cmeps"},
{"name":"med_phases_history_write_comp", "ph":"E", "ts":"1921363440286", "pid":"1", "tid":"cmeps"},
{"name":"med_phases_post_atm", "ph":"E", "ts":"1921363440290", "pid":"1", "tid":"cmeps"},
{"name":"med_phases_post_ice", "ph":"B", "ts":"1921365561258", "pid":"1", "tid":"cmeps"},
{"name":"med_phases_history_write_comp", "ph":"B", "ts":"1921365672621", "pid":"1", "tid":"cmeps"},
{"name":"med_phases_history_write_comp", "ph":"E", "ts":"1921365672647", "pid":"1", "tid":"cmeps"},
{"name":"med_phases_post_ice", "ph":"E", "ts":"1921365672651", "pid":"1", "tid":"cmeps"},
{"name":"med_phases_ocnalb_run", "ph":"B", "ts":"1921365672797", "pid":"1", "tid":"cmeps"},
{"name":"med_phases_history_write_med", "ph":"B", "ts":"1921365674493", "pid":"1", "tid":"cmeps"},
{"name":"med_phases_history_write_med", "ph":"E", "ts":"1921365674500", "pid":"1", "tid":"cmeps"},
{"name":"med_phases_ocnalb_run", "ph":"E", "ts":"1921365674503", "pid":"1", "tid":"cmeps"},
{"name":"med_phases_history_write_med", "ph":"B", "ts":"1921365677231", "pid":"1", "tid":"cmeps"},
{"name":"med_phases_history_write_med", "ph":"E", "ts":"1921365677240", "pid":"1", "tid":"cmeps"},
{"name":"med_phases_prep_ocn_accum", "ph":"B", "ts":"1921365677334", "pid":"1", "tid":"cmeps"},
{"name":"med_phases_prep_ocn_accum", "ph":"E", "ts":"1921365681076", "pid":"1", "tid":"cmeps"},
{"name":"med_phases_prep_ice", "ph":"B", "ts":"1921365681182", "pid":"1", "tid":"cmeps"},
{"name":"med_phases_prep_ice", "ph":"E", "ts":"1921365683274", "pid":"1", "tid":"cmeps"},
{"name":"med_phases_post_atm", "ph":"B", "ts":"1921365738656", "pid":"1", "tid":"cmeps"},
{"name":"med_phases_history_write_comp", "ph":"B", "ts":"1921365794181", "pid":"1", "tid":"cmeps"},
{"name":"med_phases_history_write_comp", "ph":"E", "ts":"1921365794220", "pid":"1", "tid":"cmeps"},
{"name":"med_phases_post_atm", "ph":"E", "ts":"1921365794225", "pid":"1", "tid":"cmeps"},
{"name":"med_phases_post_ice", "ph":"B", "ts":"1921367926455", "pid":"1", "tid":"cmeps"},
{"name":"med_phases_history_write_comp", "ph":"B", "ts":"1921368038524", "pid":"1", "tid":"cmeps"},
{"name":"med_phases_history_write_comp", "ph":"E", "ts":"1921368038628", "pid":"1", "tid":"cmeps"},
{"name":"med_phases_post_ice", "ph":"E", "ts":"1921368038633", "pid":"1", "tid":"cmeps"},
{"name":"med_phases_ocnalb_run", "ph":"B", "ts":"1921368038780", "pid":"1", "tid":"cmeps"},
{"name":"med_phases_history_write_med", "ph":"B", "ts":"1921368040032", "pid":"1", "tid":"cmeps"},
{"name":"med_phases_history_write_med", "ph":"E", "ts":"1921368040037", "pid":"1", "tid":"cmeps"},
{"name":"med_phases_ocnalb_run", "ph":"E", "ts":"1921368040041", "pid":"1", "tid":"cmeps"},
{"name":"med_phases_history_write_med", "ph":"B", "ts":"1921368042758", "pid":"1", "tid":"cmeps"},
{"name":"med_phases_history_write_med", "ph":"E", "ts":"1921368042763", "pid":"1", "tid":"cmeps"},
{"name":"med_phases_prep_ocn_accum", "ph":"B", "ts":"1921368042858", "pid":"1", "tid":"cmeps"},
{"name":"med_phases_prep_ocn_accum", "ph":"E", "ts":"1921368046576", "pid":"1", "tid":"cmeps"},
{"name":"med_phases_prep_ice", "ph":"B", "ts":"1921368046680", "pid":"1", "tid":"cmeps"},
{"name":"med_phases_prep_ice", "ph":"E", "ts":"1921368048763", "pid":"1", "tid":"cmeps"},
{"name":"med_phases_post_atm", "ph":"B", "ts":"1921368103838", "pid":"1", "tid":"cmeps"},
{"name":"med_phases_history_write_comp", "ph":"B", "ts":"1921368154870", "pid":"1", "tid":"cmeps"},
{"name":"med_phases_history_write_comp", "ph":"E", "ts":"1921368154909", "pid":"1", "tid":"cmeps"},
{"name":"med_phases_post_atm", "ph":"E", "ts":"1921368154913", "pid":"1", "tid":"cmeps"},
{"name":"med_phases_post_ice", "ph":"B", "ts":"1921370304457", "pid":"1", "tid":"cmeps"},
{"name":"med_phases_history_write_comp", "ph":"B", "ts":"1921370416244", "pid":"1", "tid":"cmeps"},
{"name":"med_phases_history_write_comp", "ph":"E", "ts":"1921370416272", "pid":"1", "tid":"cmeps"},
{"name":"med_phases_post_ice", "ph":"E", "ts":"1921370416275", "pid":"1", "tid":"cmeps"},
{"name":"med_phases_ocnalb_run", "ph":"B", "ts":"1921370416423", "pid":"1", "tid":"cmeps"},
{"name":"med_phases_history_write_med", "ph":"B", "ts":"1921370417922", "pid":"1", "tid":"cmeps"},
{"name":"med_phases_history_write_med", "ph":"E", "ts":"1921370417927", "pid":"1", "tid":"cmeps"},
{"name":"med_phases_ocnalb_run", "ph":"E", "ts":"1921370417930", "pid":"1", "tid":"cmeps"},
{"name":"med_phases_history_write_med", "ph":"B", "ts":"1921370420656", "pid":"1", "tid":"cmeps"},
{"name":"med_phases_history_write_med", "ph":"E", "ts":"1921370420662", "pid":"1", "tid":"cmeps"},
{"name":"med_phases_prep_ocn_accum", "ph":"B", "ts":"1921370420760", "pid":"1", "tid":"cmeps"},
{"name":"med_phases_prep_ocn_accum", "ph":"E", "ts":"1921370424499", "pid":"1", "tid":"cmeps"},
{"name":"med_phases_post_ocn", "ph":"B", "ts":"1921393767481", "pid":"1", "tid":"cmeps"},
{"name":"med_phases_history_write_comp", "ph":"B", "ts":"1921393769596", "pid":"1", "tid":"cmeps"},
{"name":"med_phases_history_write_comp", "ph":"E", "ts":"1921393769614", "pid":"1", "tid":"cmeps"},
{"name":"med_phases_post_ocn", "ph":"E", "ts":"1921393769618", "pid":"1", "tid":"cmeps"},
{"name":"med_phases_restart_write", "ph":"B", "ts":"1921393769733", "pid":"1", "tid":"cmeps"},
{"name":"med_phases_restart_write", "ph":"E", "ts":"1921393769756", "pid":"1", "tid":"cmeps"},
{"name":"med_phases_prep_ocn_avg", "ph":"B", "ts":"1921393769838", "pid":"1", "tid":"cmeps"},
{"name":"med_phases_prep_ocn_avg", "ph":"E", "ts":"1921393772384", "pid":"1", "tid":"cmeps"},
{"name":"med_phases_prep_ice", "ph":"B", "ts":"1921393773542", "pid":"1", "tid":"cmeps"},
{"name":"med_phases_prep_ice", "ph":"E", "ts":"1921393776452", "pid":"1", "tid":"cmeps"},
{"name":"med_phases_post_atm", "ph":"B", "ts":"1921393834506", "pid":"1", "tid":"cmeps"},
{"name":"med_phases_history_write_comp", "ph":"B", "ts":"1921393896188", "pid":"1", "tid":"cmeps"},
{"name":"med_phases_history_write_comp", "ph":"E", "ts":"1921393896225", "pid":"1", "tid":"cmeps"},
{"name":"med_phases_post_atm", "ph":"E", "ts":"1921393896229", "pid":"1", "tid":"cmeps"},
{"name":"med_phases_post_ice", "ph":"B", "ts":"1921395987704", "pid":"1", "tid":"cmeps"},
{"name":"med_phases_history_write_comp", "ph":"B", "ts":"1921396095224", "pid":"1", "tid":"cmeps"},
{"name":"med_phases_history_write_comp", "ph":"E", "ts":"1921396095257", "pid":"1", "tid":"cmeps"},
{"name":"med_phases_post_ice", "ph":"E", "ts":"1921396095261", "pid":"1", "tid":"cmeps"},
{"name":"med_phases_ocnalb_run", "ph":"B", "ts":"1921396095419", "pid":"1", "tid":"cmeps"},
{"name":"med_phases_history_write_med", "ph":"B", "ts":"1921396096888", "pid":"1", "tid":"cmeps"},
{"name":"med_phases_history_write_med", "ph":"E", "ts":"1921396096893", "pid":"1", "tid":"cmeps"},
{"name":"med_phases_ocnalb_run", "ph":"E", "ts":"1921396096896", "pid":"1", "tid":"cmeps"},
{"name":"med_phases_history_write_med", "ph":"B", "ts":"1921396099806", "pid":"1", "tid":"cmeps"},
{"name":"med_phases_history_write_med", "ph":"E", "ts":"1921396099813", "pid":"1", "tid":"cmeps"},
{"name":"med_phases_prep_ocn_accum", "ph":"B", "ts":"1921396099918", "pid":"1", "tid":"cmeps"},
{"name":"med_phases_prep_ocn_accum", "ph":"E", "ts":"1921396103637", "pid":"1", "tid":"cmeps"},
{"name":"med_phases_prep_ice", "ph":"B", "ts":"1921396103744", "pid":"1", "tid":"cmeps"},
{"name":"med_phases_prep_ice", "ph":"E", "ts":"1921396105960", "pid":"1", "tid":"cmeps"},
{"name":"med_phases_post_atm", "ph":"B", "ts":"1921396162404", "pid":"1", "tid":"cmeps"},
{"name":"med_phases_history_write_comp", "ph":"B", "ts":"1921396223163", "pid":"1", "tid":"cmeps"},
{"name":"med_phases_history_write_comp", "ph":"E", "ts":"1921396223203", "pid":"1", "tid":"cmeps"},
{"name":"med_phases_post_atm", "ph":"E", "ts":"1921396223207", "pid":"1", "tid":"cmeps"},
{"name":"med_phases_post_ice", "ph":"B", "ts":"1921398342354", "pid":"1", "tid":"cmeps"},
{"name":"med_phases_history_write_comp", "ph":"B", "ts":"1921398454180", "pid":"1", "tid":"cmeps"},
{"name":"med_phases_history_write_comp", "ph":"E", "ts":"1921398454211", "pid":"1", "tid":"cmeps"},
{"name":"med_phases_post_ice", "ph":"E", "ts":"1921398454214", "pid":"1", "tid":"cmeps"},
{"name":"med_phases_ocnalb_run", "ph":"B", "ts":"1921398454369", "pid":"1", "tid":"cmeps"},
{"name":"med_phases_history_write_med", "ph":"B", "ts":"1921398455732", "pid":"1", "tid":"cmeps"},
{"name":"med_phases_history_write_med", "ph":"E", "ts":"1921398455738", "pid":"1", "tid":"cmeps"},
{"name":"med_phases_ocnalb_run", "ph":"E", "ts":"1921398455741", "pid":"1", "tid":"cmeps"},
{"name":"med_phases_history_write_med", "ph":"B", "ts":"1921398458466", "pid":"1", "tid":"cmeps"},
{"name":"med_phases_history_write_med", "ph":"E", "ts":"1921398458474", "pid":"1", "tid":"cmeps"},
{"name":"med_phases_prep_ocn_accum", "ph":"B", "ts":"1921398458568", "pid":"1", "tid":"cmeps"},
{"name":"med_phases_prep_ocn_accum", "ph":"E", "ts":"1921398462388", "pid":"1", "tid":"cmeps"},
{"name":"med_phases_prep_ice", "ph":"B", "ts":"1921398462495", "pid":"1", "tid":"cmeps"},
{"name":"med_phases_prep_ice", "ph":"E", "ts":"1921398464538", "pid":"1", "tid":"cmeps"},
{"name":"med_phases_post_atm", "ph":"B", "ts":"1921398520743", "pid":"1", "tid":"cmeps"},
{"name":"med_phases_history_write_comp", "ph":"B", "ts":"1921398577810", "pid":"1", "tid":"cmeps"},
{"name":"med_phases_history_write_comp", "ph":"E", "ts":"1921398577846", "pid":"1", "tid":"cmeps"},
{"name":"med_phases_post_atm", "ph":"E", "ts":"1921398577850", "pid":"1", "tid":"cmeps"},
{"name":"med_phases_post_ice", "ph":"B", "ts":"1921400730446", "pid":"1", "tid":"cmeps"},
{"name":"med_phases_history_write_comp", "ph":"B", "ts":"1921400840902", "pid":"1", "tid":"cmeps"},
{"name":"med_phases_history_write_comp", "ph":"E", "ts":"1921400840934", "pid":"1", "tid":"cmeps"},
{"name":"med_phases_post_ice", "ph":"E", "ts":"1921400840937", "pid":"1", "tid":"cmeps"},
{"name":"med_phases_ocnalb_run", "ph":"B", "ts":"1921400841099", "pid":"1", "tid":"cmeps"},
{"name":"med_phases_history_write_med", "ph":"B", "ts":"1921400844769", "pid":"1", "tid":"cmeps"},
{"name":"med_phases_history_write_med", "ph":"E", "ts":"1921400844774", "pid":"1", "tid":"cmeps"},
{"name":"med_phases_ocnalb_run", "ph":"E", "ts":"1921400844777", "pid":"1", "tid":"cmeps"},
{"name":"med_phases_history_write_med", "ph":"B", "ts":"1921400847614", "pid":"1", "tid":"cmeps"},
{"name":"med_phases_history_write_med", "ph":"E", "ts":"1921400847622", "pid":"1", "tid":"cmeps"},
{"name":"med_phases_prep_ocn_accum", "ph":"B", "ts":"1921400847719", "pid":"1", "tid":"cmeps"},
{"name":"med_phases_prep_ocn_accum", "ph":"E", "ts":"1921400851602", "pid":"1", "tid":"cmeps"},
{"name":"med_phases_prep_ice", "ph":"B", "ts":"1921400851709", "pid":"1", "tid":"cmeps"},
{"name":"med_phases_prep_ice", "ph":"E", "ts":"1921400853904", "pid":"1", "tid":"cmeps"},
{"name":"med_phases_post_atm", "ph":"B", "ts":"1921400918411", "pid":"1", "tid":"cmeps"},
{"name":"med_phases_history_write_comp", "ph":"B", "ts":"1921400966764", "pid":"1", "tid":"cmeps"},
{"name":"med_phases_history_write_comp", "ph":"E", "ts":"1921400966801", "pid":"1", "tid":"cmeps"},
{"name":"med_phases_post_atm", "ph":"E", "ts":"1921400966805", "pid":"1", "tid":"cmeps"},
{"name":"med_phases_post_ice", "ph":"B", "ts":"1921403117024", "pid":"1", "tid":"cmeps"},
{"name":"med_phases_history_write_comp", "ph":"B", "ts":"1921403229148", "pid":"1", "tid":"cmeps"},
{"name":"med_phases_history_write_comp", "ph":"E", "ts":"1921403229178", "pid":"1", "tid":"cmeps"},
{"name":"med_phases_post_ice", "ph":"E", "ts":"1921403229181", "pid":"1", "tid":"cmeps"},
{"name":"med_phases_ocnalb_run", "ph":"B", "ts":"1921403229336", "pid":"1", "tid":"cmeps"},
{"name":"med_phases_history_write_med", "ph":"B", "ts":"1921403230705", "pid":"1", "tid":"cmeps"},
{"name":"med_phases_history_write_med", "ph":"E", "ts":"1921403230710", "pid":"1", "tid":"cmeps"},
{"name":"med_phases_ocnalb_run", "ph":"E", "ts":"1921403230713", "pid":"1", "tid":"cmeps"},
{"name":"med_phases_history_write_med", "ph":"B", "ts":"1921403233437", "pid":"1", "tid":"cmeps"},
{"name":"med_phases_history_write_med", "ph":"E", "ts":"1921403233443", "pid":"1", "tid":"cmeps"},
{"name":"med_phases_prep_ocn_accum", "ph":"B", "ts":"1921403233537", "pid":"1", "tid":"cmeps"},
{"name":"med_phases_prep_ocn_accum", "ph":"E", "ts":"1921403237304", "pid":"1", "tid":"cmeps"},
{"name":"med_phases_post_ocn", "ph":"B", "ts":"1921426523031", "pid":"1", "tid":"cmeps"},
{"name":"med_phases_history_write_comp", "ph":"B", "ts":"1921426524812", "pid":"1", "tid":"cmeps"},
{"name":"med_phases_history_write_comp", "ph":"E", "ts":"1921426524834", "pid":"1", "tid":"cmeps"},
{"name":"med_phases_post_ocn", "ph":"E", "ts":"1921426524837", "pid":"1", "tid":"cmeps"},
{"name":"med_phases_restart_write", "ph":"B", "ts":"1921426524958", "pid":"1", "tid":"cmeps"},
{"name":"med_phases_restart_write", "ph":"E", "ts":"1921426524983", "pid":"1", "tid":"cmeps"},
{"name":"med_phases_prep_ocn_avg", "ph":"B", "ts":"1921426525066", "pid":"1", "tid":"cmeps"},
{"name":"med_phases_prep_ocn_avg", "ph":"E", "ts":"1921426527234", "pid":"1", "tid":"cmeps"},
{"name":"med_phases_prep_ice", "ph":"B", "ts":"1921426527868", "pid":"1", "tid":"cmeps"},
{"name":"med_phases_prep_ice", "ph":"E", "ts":"1921426530017", "pid":"1", "tid":"cmeps"},
{"name":"med_phases_post_atm", "ph":"B", "ts":"1921426585273", "pid":"1", "tid":"cmeps"},
{"name":"med_phases_history_write_comp", "ph":"B", "ts":"1921426650167", "pid":"1", "tid":"cmeps"},
{"name":"med_phases_history_write_comp", "ph":"E", "ts":"1921426650204", "pid":"1", "tid":"cmeps"},
{"name":"med_phases_post_atm", "ph":"E", "ts":"1921426650208", "pid":"1", "tid":"cmeps"},
{"name":"med_phases_post_ice", "ph":"B", "ts":"1921428756700", "pid":"1", "tid":"cmeps"},
{"name":"med_phases_history_write_comp", "ph":"B", "ts":"1921428872516", "pid":"1", "tid":"cmeps"},
{"name":"med_phases_history_write_comp", "ph":"E", "ts":"1921428872548", "pid":"1", "tid":"cmeps"},
{"name":"med_phases_post_ice", "ph":"E", "ts":"1921428872552", "pid":"1", "tid":"cmeps"},
{"name":"med_phases_ocnalb_run", "ph":"B", "ts":"1921428872714", "pid":"1", "tid":"cmeps"},
{"name":"med_phases_history_write_med", "ph":"B", "ts":"1921428874204", "pid":"1", "tid":"cmeps"},
{"name":"med_phases_history_write_med", "ph":"E", "ts":"1921428874210", "pid":"1", "tid":"cmeps"},
{"name":"med_phases_ocnalb_run", "ph":"E", "ts":"1921428874294", "pid":"1", "tid":"cmeps"},
{"name":"med_phases_history_write_med", "ph":"B", "ts":"1921428877042", "pid":"1", "tid":"cmeps"},
{"name":"med_phases_history_write_med", "ph":"E", "ts":"1921428877050", "pid":"1", "tid":"cmeps"},
{"name":"med_phases_prep_ocn_accum", "ph":"B", "ts":"1921428877155", "pid":"1", "tid":"cmeps"},
{"name":"med_phases_prep_ocn_accum", "ph":"E", "ts":"1921428880987", "pid":"1", "tid":"cmeps"},
{"name":"med_phases_prep_ice", "ph":"B", "ts":"1921428881094", "pid":"1", "tid":"cmeps"},
{"name":"med_phases_prep_ice", "ph":"E", "ts":"1921428883242", "pid":"1", "tid":"cmeps"},
{"name":"med_phases_post_atm", "ph":"B", "ts":"1921428938848", "pid":"1", "tid":"cmeps"},
{"name":"med_phases_history_write_comp", "ph":"B", "ts":"1921428996518", "pid":"1", "tid":"cmeps"},
{"name":"med_phases_history_write_comp", "ph":"E", "ts":"1921428996552", "pid":"1", "tid":"cmeps"},
{"name":"med_phases_post_atm", "ph":"E", "ts":"1921428996555", "pid":"1", "tid":"cmeps"},
{"name":"med_phases_post_ice", "ph":"B", "ts":"1921431120110", "pid":"1", "tid":"cmeps"},
{"name":"med_phases_history_write_comp", "ph":"B", "ts":"1921431232499", "pid":"1", "tid":"cmeps"},
{"name":"med_phases_history_write_comp", "ph":"E", "ts":"1921431232529", "pid":"1", "tid":"cmeps"},
{"name":"med_phases_post_ice", "ph":"E", "ts":"1921431232532", "pid":"1", "tid":"cmeps"},
{"name":"med_phases_ocnalb_run", "ph":"B", "ts":"1921431232678", "pid":"1", "tid":"cmeps"},
{"name":"med_phases_history_write_med", "ph":"B", "ts":"1921431234132", "pid":"1", "tid":"cmeps"},
{"name":"med_phases_history_write_med", "ph":"E", "ts":"1921431234137", "pid":"1", "tid":"cmeps"},
{"name":"med_phases_ocnalb_run", "ph":"E", "ts":"1921431234140", "pid":"1", "tid":"cmeps"},
{"name":"med_phases_history_write_med", "ph":"B", "ts":"1921431236858", "pid":"1", "tid":"cmeps"},
{"name":"med_phases_history_write_med", "ph":"E", "ts":"1921431236863", "pid":"1", "tid":"cmeps"},
{"name":"med_phases_prep_ocn_accum", "ph":"B", "ts":"1921431236960", "pid":"1", "tid":"cmeps"},
{"name":"med_phases_prep_ocn_accum", "ph":"E", "ts":"1921431240807", "pid":"1", "tid":"cmeps"},
{"name":"med_phases_prep_ice", "ph":"B", "ts":"1921431240915", "pid":"1", "tid":"cmeps"},
{"name":"med_phases_prep_ice", "ph":"E", "ts":"1921431243174", "pid":"1", "tid":"cmeps"},
{"name":"med_phases_post_atm", "ph":"B", "ts":"1921431299029", "pid":"1", "tid":"cmeps"},
{"name":"med_phases_history_write_comp", "ph":"B", "ts":"1921431352792", "pid":"1", "tid":"cmeps"},
{"name":"med_phases_history_write_comp", "ph":"E", "ts":"1921431352825", "pid":"1", "tid":"cmeps"},
{"name":"med_phases_post_atm", "ph":"E", "ts":"1921431352829", "pid":"1", "tid":"cmeps"},
{"name":"med_phases_post_ice", "ph":"B", "ts":"1921433481404", "pid":"1", "tid":"cmeps"},
{"name":"med_phases_history_write_comp", "ph":"B", "ts":"1921433593521", "pid":"1", "tid":"cmeps"},
{"name":"med_phases_history_write_comp", "ph":"E", "ts":"1921433593551", "pid":"1", "tid":"cmeps"},
{"name":"med_phases_post_ice", "ph":"E", "ts":"1921433593555", "pid":"1", "tid":"cmeps"},
{"name":"med_phases_ocnalb_run", "ph":"B", "ts":"1921433593708", "pid":"1", "tid":"cmeps"},
{"name":"med_phases_history_write_med", "ph":"B", "ts":"1921433595200", "pid":"1", "tid":"cmeps"},
{"name":"med_phases_history_write_med", "ph":"E", "ts":"1921433595205", "pid":"1", "tid":"cmeps"},
{"name":"med_phases_ocnalb_run", "ph":"E", "ts":"1921433595208", "pid":"1", "tid":"cmeps"},
{"name":"med_phases_history_write_med", "ph":"B", "ts":"1921433597957", "pid":"1", "tid":"cmeps"},
{"name":"med_phases_history_write_med", "ph":"E", "ts":"1921433597964", "pid":"1", "tid":"cmeps"},
{"name":"med_phases_prep_ocn_accum", "ph":"B", "ts":"1921433598065", "pid":"1", "tid":"cmeps"},
{"name":"med_phases_prep_ocn_accum", "ph":"E", "ts":"1921433601834", "pid":"1", "tid":"cmeps"},
{"name":"med_phases_prep_ice", "ph":"B", "ts":"1921433601938", "pid":"1", "tid":"cmeps"},
{"name":"med_phases_prep_ice", "ph":"E", "ts":"1921433604082", "pid":"1", "tid":"cmeps"},
{"name":"med_phases_post_atm", "ph":"B", "ts":"1921433659853", "pid":"1", "tid":"cmeps"},
{"name":"med_phases_history_write_comp", "ph":"B", "ts":"1921433717708", "pid":"1", "tid":"cmeps"},
{"name":"med_phases_history_write_comp", "ph":"E", "ts":"1921433717743", "pid":"1", "tid":"cmeps"},
{"name":"med_phases_post_atm", "ph":"E", "ts":"1921433717747", "pid":"1", "tid":"cmeps"},
{"name":"med_phases_post_ice", "ph":"B", "ts":"1921436063426", "pid":"1", "tid":"cmeps"},
{"name":"med_phases_history_write_comp", "ph":"B", "ts":"1921436175709", "pid":"1", "tid":"cmeps"},
{"name":"med_phases_history_write_comp", "ph":"E", "ts":"1921436175739", "pid":"1", "tid":"cmeps"},
{"name":"med_phases_post_ice", "ph":"E", "ts":"1921436175743", "pid":"1", "tid":"cmeps"},
{"name":"med_phases_ocnalb_run", "ph":"B", "ts":"1921436175888", "pid":"1", "tid":"cmeps"},
{"name":"med_phases_history_write_med", "ph":"B", "ts":"1921436177407", "pid":"1", "tid":"cmeps"},
{"name":"med_phases_history_write_med", "ph":"E", "ts":"1921436177411", "pid":"1", "tid":"cmeps"},
{"name":"med_phases_ocnalb_run", "ph":"E", "ts":"1921436177415", "pid":"1", "tid":"cmeps"},
{"name":"med_phases_history_write_med", "ph":"B", "ts":"1921436180400", "pid":"1", "tid":"cmeps"},
{"name":"med_phases_history_write_med", "ph":"E", "ts":"1921436180405", "pid":"1", "tid":"cmeps"},
{"name":"med_phases_prep_ocn_accum", "ph":"B", "ts":"1921436180500", "pid":"1", "tid":"cmeps"},
{"name":"med_phases_prep_ocn_accum", "ph":"E", "ts":"1921436184785", "pid":"1", "tid":"cmeps"},
{"name":"med_phases_post_ocn", "ph":"B", "ts":"1921459695899", "pid":"1", "tid":"cmeps"},
{"name":"med_phases_history_write_comp", "ph":"B", "ts":"1921459719197", "pid":"1", "tid":"cmeps"},
{"name":"med_phases_history_write_comp", "ph":"E", "ts":"1921459721677", "pid":"1", "tid":"cmeps"},
{"name":"med_phases_post_ocn", "ph":"E", "ts":"1921459721681", "pid":"1", "tid":"cmeps"},
{"name":"med_phases_restart_write", "ph":"B", "ts":"1921459723480", "pid":"1", "tid":"cmeps"},
{"name":"med_phases_restart_write", "ph":"E", "ts":"1921459725119", "pid":"1", "tid":"cmeps"},
{"name":"med_phases_prep_ocn_avg", "ph":"B", "ts":"1921459725513", "pid":"1", "tid":"cmeps"},
{"name":"med_phases_prep_ocn_avg", "ph":"E", "ts":"1921459736174", "pid":"1", "tid":"cmeps"},
{"name":"med_phases_prep_ice", "ph":"B", "ts":"1921459737355", "pid":"1", "tid":"cmeps"},
{"name":"med_phases_prep_ice", "ph":"E", "ts":"1921459744040", "pid":"1", "tid":"cmeps"},
{"name":"med_phases_post_atm", "ph":"B", "ts":"1921459834273", "pid":"1", "tid":"cmeps"},
{"name":"med_phases_history_write_comp", "ph":"B", "ts":"1921459885991", "pid":"1", "tid":"cmeps"},
{"name":"med_phases_history_write_comp", "ph":"E", "ts":"1921459886027", "pid":"1", "tid":"cmeps"},
{"name":"med_phases_post_atm", "ph":"E", "ts":"1921459886030", "pid":"1", "tid":"cmeps"},
{"name":"med_phases_post_ice", "ph":"B", "ts":"1921462121990", "pid":"1", "tid":"cmeps"},
{"name":"med_phases_history_write_comp", "ph":"B", "ts":"1921462215483", "pid":"1", "tid":"cmeps"},
{"name":"med_phases_history_write_comp", "ph":"E", "ts":"1921462215511", "pid":"1", "tid":"cmeps"},
{"name":"med_phases_post_ice", "ph":"E", "ts":"1921462215515", "pid":"1", "tid":"cmeps"},
{"name":"med_phases_ocnalb_run", "ph":"B", "ts":"1921462216591", "pid":"1", "tid":"cmeps"},
{"name":"med_phases_history_write_med", "ph":"B", "ts":"1921462221600", "pid":"1", "tid":"cmeps"},
{"name":"med_phases_history_write_med", "ph":"E", "ts":"1921462223121", "pid":"1", "tid":"cmeps"},
{"name":"med_phases_ocnalb_run", "ph":"E", "ts":"1921462223126", "pid":"1", "tid":"cmeps"},
{"name":"med_phases_history_write_med", "ph":"B", "ts":"1921462229825", "pid":"1", "tid":"cmeps"},
{"name":"med_phases_history_write_med", "ph":"E", "ts":"1921462229833", "pid":"1", "tid":"cmeps"},
{"name":"med_phases_prep_ocn_accum", "ph":"B", "ts":"1921462230076", "pid":"1", "tid":"cmeps"},
{"name":"med_phases_prep_ocn_accum", "ph":"E", "ts":"1921462238649", "pid":"1", "tid":"cmeps"},
{"name":"med_phases_prep_ice", "ph":"B", "ts":"1921462238774", "pid":"1", "tid":"cmeps"},
{"name":"med_phases_prep_ice", "ph":"E", "ts":"1921462240867", "pid":"1", "tid":"cmeps"},
{"name":"med_phases_post_atm", "ph":"B", "ts":"1921462296704", "pid":"1", "tid":"cmeps"},
{"name":"med_phases_history_write_comp", "ph":"B", "ts":"1921462349505", "pid":"1", "tid":"cmeps"},
{"name":"med_phases_history_write_comp", "ph":"E", "ts":"1921462349542", "pid":"1", "tid":"cmeps"},
{"name":"med_phases_post_atm", "ph":"E", "ts":"1921462349546", "pid":"1", "tid":"cmeps"},
{"name":"med_phases_post_ice", "ph":"B", "ts":"1921464479857", "pid":"1", "tid":"cmeps"},
{"name":"med_phases_history_write_comp", "ph":"B", "ts":"1921464593256", "pid":"1", "tid":"cmeps"},
{"name":"med_phases_history_write_comp", "ph":"E", "ts":"1921464593285", "pid":"1", "tid":"cmeps"},
{"name":"med_phases_post_ice", "ph":"E", "ts":"1921464593289", "pid":"1", "tid":"cmeps"},
{"name":"med_phases_ocnalb_run", "ph":"B", "ts":"1921464593445", "pid":"1", "tid":"cmeps"},
{"name":"med_phases_history_write_med", "ph":"B", "ts":"1921464594936", "pid":"1", "tid":"cmeps"},
{"name":"med_phases_history_write_med", "ph":"E", "ts":"1921464594941", "pid":"1", "tid":"cmeps"},
{"name":"med_phases_ocnalb_run", "ph":"E", "ts":"1921464594944", "pid":"1", "tid":"cmeps"},
{"name":"med_phases_history_write_med", "ph":"B", "ts":"1921464597671", "pid":"1", "tid":"cmeps"},
{"name":"med_phases_history_write_med", "ph":"E", "ts":"1921464597677", "pid":"1", "tid":"cmeps"},
{"name":"med_phases_prep_ocn_accum", "ph":"B", "ts":"1921464597770", "pid":"1", "tid":"cmeps"},
{"name":"med_phases_prep_ocn_accum", "ph":"E", "ts":"1921464601580", "pid":"1", "tid":"cmeps"},
{"name":"med_phases_prep_ice", "ph":"B", "ts":"1921464601684", "pid":"1", "tid":"cmeps"},
{"name":"med_phases_prep_ice", "ph":"E", "ts":"1921464603828", "pid":"1", "tid":"cmeps"},
{"name":"med_phases_post_atm", "ph":"B", "ts":"1921464659783", "pid":"1", "tid":"cmeps"},
{"name":"med_phases_history_write_comp", "ph":"B", "ts":"1921464711142", "pid":"1", "tid":"cmeps"},
{"name":"med_phases_history_write_comp", "ph":"E", "ts":"1921464711178", "pid":"1", "tid":"cmeps"},
{"name":"med_phases_post_atm", "ph":"E", "ts":"1921464711182", "pid":"1", "tid":"cmeps"},
{"name":"med_phases_post_ice", "ph":"B", "ts":"1921466846309", "pid":"1", "tid":"cmeps"},
{"name":"med_phases_history_write_comp", "ph":"B", "ts":"1921466959301", "pid":"1", "tid":"cmeps"},
{"name":"med_phases_history_write_comp", "ph":"E", "ts":"1921466959329", "pid":"1", "tid":"cmeps"},
{"name":"med_phases_post_ice", "ph":"E", "ts":"1921466959332", "pid":"1", "tid":"cmeps"},
{"name":"med_phases_ocnalb_run", "ph":"B", "ts":"1921466959481", "pid":"1", "tid":"cmeps"},
{"name":"med_phases_history_write_med", "ph":"B", "ts":"1921466961050", "pid":"1", "tid":"cmeps"},
{"name":"med_phases_history_write_med", "ph":"E", "ts":"1921466961056", "pid":"1", "tid":"cmeps"},
{"name":"med_phases_ocnalb_run", "ph":"E", "ts":"1921466961059", "pid":"1", "tid":"cmeps"},
{"name":"med_phases_history_write_med", "ph":"B", "ts":"1921466963780", "pid":"1", "tid":"cmeps"},
{"name":"med_phases_history_write_med", "ph":"E", "ts":"1921466963786", "pid":"1", "tid":"cmeps"},
{"name":"med_phases_prep_ocn_accum", "ph":"B", "ts":"1921466963880", "pid":"1", "tid":"cmeps"},
{"name":"med_phases_prep_ocn_accum", "ph":"E", "ts":"1921466967647", "pid":"1", "tid":"cmeps"},
{"name":"med_phases_prep_ice", "ph":"B", "ts":"1921466967749", "pid":"1", "tid":"cmeps"},
{"name":"med_phases_prep_ice", "ph":"E", "ts":"1921466969842", "pid":"1", "tid":"cmeps"},
{"name":"med_phases_post_atm", "ph":"B", "ts":"1921467257288", "pid":"1", "tid":"cmeps"},
{"name":"med_phases_history_write_comp", "ph":"B", "ts":"1921467313798", "pid":"1", "tid":"cmeps"},
{"name":"med_phases_history_write_comp", "ph":"E", "ts":"1921467313833", "pid":"1", "tid":"cmeps"},
{"name":"med_phases_post_atm", "ph":"E", "ts":"1921467313837", "pid":"1", "tid":"cmeps"},
{"name":"med_phases_post_ice", "ph":"B", "ts":"1921470210060", "pid":"1", "tid":"cmeps"},
{"name":"med_phases_history_write_comp", "ph":"B", "ts":"1921470212560", "pid":"1", "tid":"cmeps"},
{"name":"med_phases_history_write_comp", "ph":"E", "ts":"1921470212604", "pid":"1", "tid":"cmeps"},
{"name":"med_phases_post_ice", "ph":"E", "ts":"1921470212608", "pid":"1", "tid":"cmeps"},
{"name":"med_phases_ocnalb_run", "ph":"B", "ts":"1921470212732", "pid":"1", "tid":"cmeps"},
{"name":"med_phases_history_write_med", "ph":"B", "ts":"1921470214604", "pid":"1", "tid":"cmeps"},
{"name":"med_phases_history_write_med", "ph":"E", "ts":"1921470214609", "pid":"1", "tid":"cmeps"},
{"name":"med_phases_ocnalb_run", "ph":"E", "ts":"1921470214612", "pid":"1", "tid":"cmeps"},
{"name":"med_phases_history_write_med", "ph":"B", "ts":"1921470217358", "pid":"1", "tid":"cmeps"},
{"name":"med_phases_history_write_med", "ph":"E", "ts":"1921470217364", "pid":"1", "tid":"cmeps"},
{"name":"med_phases_prep_ocn_accum", "ph":"B", "ts":"1921470217459", "pid":"1", "tid":"cmeps"},
{"name":"med_phases_prep_ocn_accum", "ph":"E", "ts":"1921470221175", "pid":"1", "tid":"cmeps"},
{"name":"med_phases_post_ocn", "ph":"B", "ts":"1921495488639", "pid":"1", "tid":"cmeps"},
{"name":"med_phases_history_write_comp", "ph":"B", "ts":"1921495490760", "pid":"1", "tid":"cmeps"},
{"name":"med_phases_history_write_comp", "ph":"E", "ts":"1921495490779", "pid":"1", "tid":"cmeps"},
{"name":"med_phases_post_ocn", "ph":"E", "ts":"1921495490783", "pid":"1", "tid":"cmeps"},
{"name":"med_phases_restart_write", "ph":"B", "ts":"1921495490901", "pid":"1", "tid":"cmeps"},
{"name":"med_phases_restart_write", "ph":"E", "ts":"1921496177275", "pid":"1", "tid":"cmeps"},
{"name":"ModelFinalize", "ph":"B", "ts":"1921496178121", "pid":"1", "tid":"cmeps"},
{"name":"ModelFinalize", "ph":"E", "ts":"1921496178987", "pid":"1", "tid":"cmeps"},
{"name":"SetServices", "ph":"B", "ts":"1920589081919", "pid":"1", "tid":"mom"},
{"name":"SetServices", "ph":"E", "ts":"1920589082850", "pid":"1", "tid":"mom"},
{"name":"InitializeP0", "ph":"B", "ts":"1920589089633", "pid":"1", "tid":"mom"},
{"name":"InitializeP0", "ph":"E", "ts":"1920589089917", "pid":"1", "tid":"mom"},
{"name":"InitializeAdvertise", "ph":"B", "ts":"1920589105619", "pid":"1", "tid":"mom"},
{"name":"InitializeAdvertise", "ph":"E", "ts":"1920597963597", "pid":"1", "tid":"mom"},
{"name":"InitializeRealize", "ph":"B", "ts":"1920598140459", "pid":"1", "tid":"mom"},
{"name":"InitializeRealize", "ph":"E", "ts":"1920598311318", "pid":"1", "tid":"mom"},
{"name":"DataInitialize", "ph":"B", "ts":"1920606680662", "pid":"1", "tid":"mom"},
{"name":"DataInitialize", "ph":"E", "ts":"1920606684059", "pid":"1", "tid":"mom"},
{"name":"ModelSetRunClock", "ph":"B", "ts":"1920617831923", "pid":"1", "tid":"mom"},
{"name":"ModelSetRunClock", "ph":"E", "ts":"1920617834980", "pid":"1", "tid":"mom"},
{"name":"ModelAdvance", "ph":"B", "ts":"1920617835221", "pid":"1", "tid":"mom"},
{"name":"ModelAdvance", "ph":"E", "ts":"1920617835265", "pid":"1", "tid":"mom"},
{"name":"ModelSetRunClock", "ph":"B", "ts":"1920628730186", "pid":"1", "tid":"mom"},
{"name":"ModelSetRunClock", "ph":"E", "ts":"1920628730275", "pid":"1", "tid":"mom"},
{"name":"ModelAdvance", "ph":"B", "ts":"1920628730469", "pid":"1", "tid":"mom"},
{"name":"ModelAdvance", "ph":"E", "ts":"1920702242584", "pid":"1", "tid":"mom"},
{"name":"ModelSetRunClock", "ph":"B", "ts":"1920702254625", "pid":"1", "tid":"mom"},
{"name":"ModelSetRunClock", "ph":"E", "ts":"1920702254663", "pid":"1", "tid":"mom"},
{"name":"ModelAdvance", "ph":"B", "ts":"1920702254809", "pid":"1", "tid":"mom"},
{"name":"ModelAdvance", "ph":"E", "ts":"1920739258598", "pid":"1", "tid":"mom"},
{"name":"ModelSetRunClock", "ph":"B", "ts":"1920739268612", "pid":"1", "tid":"mom"},
{"name":"ModelSetRunClock", "ph":"E", "ts":"1920739268664", "pid":"1", "tid":"mom"},
{"name":"ModelAdvance", "ph":"B", "ts":"1920739268782", "pid":"1", "tid":"mom"},
{"name":"ModelAdvance", "ph":"E", "ts":"1920776193263", "pid":"1", "tid":"mom"},
{"name":"ModelSetRunClock", "ph":"B", "ts":"1920776204445", "pid":"1", "tid":"mom"},
{"name":"ModelSetRunClock", "ph":"E", "ts":"1920776204481", "pid":"1", "tid":"mom"},
{"name":"ModelAdvance", "ph":"B", "ts":"1920776204618", "pid":"1", "tid":"mom"},
{"name":"ModelAdvance", "ph":"E", "ts":"1920810840486", "pid":"1", "tid":"mom"},
{"name":"ModelSetRunClock", "ph":"B", "ts":"1920810850609", "pid":"1", "tid":"mom"},
{"name":"ModelSetRunClock", "ph":"E", "ts":"1920810850647", "pid":"1", "tid":"mom"},
{"name":"ModelAdvance", "ph":"B", "ts":"1920810850759", "pid":"1", "tid":"mom"},
{"name":"ModelAdvance", "ph":"E", "ts":"1920847613843", "pid":"1", "tid":"mom"},
{"name":"ModelSetRunClock", "ph":"B", "ts":"1920847622741", "pid":"1", "tid":"mom"},
{"name":"ModelSetRunClock", "ph":"E", "ts":"1920847622767", "pid":"1", "tid":"mom"},
{"name":"ModelAdvance", "ph":"B", "ts":"1920847622897", "pid":"1", "tid":"mom"},
{"name":"ModelAdvance", "ph":"E", "ts":"1920885179745", "pid":"1", "tid":"mom"},
{"name":"ModelSetRunClock", "ph":"B", "ts":"1920885188769", "pid":"1", "tid":"mom"},
{"name":"ModelSetRunClock", "ph":"E", "ts":"1920885188818", "pid":"1", "tid":"mom"},
{"name":"ModelAdvance", "ph":"B", "ts":"1920885188963", "pid":"1", "tid":"mom"},
{"name":"ModelAdvance", "ph":"E", "ts":"1920922592349", "pid":"1", "tid":"mom"},
{"name":"ModelSetRunClock", "ph":"B", "ts":"1920922603210", "pid":"1", "tid":"mom"},
{"name":"ModelSetRunClock", "ph":"E", "ts":"1920922603253", "pid":"1", "tid":"mom"},
{"name":"ModelAdvance", "ph":"B", "ts":"1920922603399", "pid":"1", "tid":"mom"},
{"name":"ModelAdvance", "ph":"E", "ts":"1920960100135", "pid":"1", "tid":"mom"},
{"name":"ModelSetRunClock", "ph":"B", "ts":"1920960111103", "pid":"1", "tid":"mom"},
{"name":"ModelSetRunClock", "ph":"E", "ts":"1920960111144", "pid":"1", "tid":"mom"},
{"name":"ModelAdvance", "ph":"B", "ts":"1920960111271", "pid":"1", "tid":"mom"},
{"name":"ModelAdvance", "ph":"E", "ts":"1920996464437", "pid":"1", "tid":"mom"},
{"name":"ModelSetRunClock", "ph":"B", "ts":"1920996471945", "pid":"1", "tid":"mom"},
{"name":"ModelSetRunClock", "ph":"E", "ts":"1920996471995", "pid":"1", "tid":"mom"},
{"name":"ModelAdvance", "ph":"B", "ts":"1920996472111", "pid":"1", "tid":"mom"},
{"name":"ModelAdvance", "ph":"E", "ts":"1921032682509", "pid":"1", "tid":"mom"},
{"name":"ModelSetRunClock", "ph":"B", "ts":"1921032692344", "pid":"1", "tid":"mom"},
{"name":"ModelSetRunClock", "ph":"E", "ts":"1921032692382", "pid":"1", "tid":"mom"},
{"name":"ModelAdvance", "ph":"B", "ts":"1921032692522", "pid":"1", "tid":"mom"},
{"name":"ModelAdvance", "ph":"E", "ts":"1921074275663", "pid":"1", "tid":"mom"},
{"name":"ModelSetRunClock", "ph":"B", "ts":"1921075089918", "pid":"1", "tid":"mom"},
{"name":"ModelSetRunClock", "ph":"E", "ts":"1921075089969", "pid":"1", "tid":"mom"},
{"name":"ModelAdvance", "ph":"B", "ts":"1921075090127", "pid":"1", "tid":"mom"},
{"name":"ModelAdvance", "ph":"E", "ts":"1921113283880", "pid":"1", "tid":"mom"},
{"name":"ModelSetRunClock", "ph":"B", "ts":"1921113294714", "pid":"1", "tid":"mom"},
{"name":"ModelSetRunClock", "ph":"E", "ts":"1921113294755", "pid":"1", "tid":"mom"},
{"name":"ModelAdvance", "ph":"B", "ts":"1921113294912", "pid":"1", "tid":"mom"},
{"name":"ModelAdvance", "ph":"E", "ts":"1921151349055", "pid":"1", "tid":"mom"},
{"name":"ModelSetRunClock", "ph":"B", "ts":"1921151358888", "pid":"1", "tid":"mom"},
{"name":"ModelSetRunClock", "ph":"E", "ts":"1921151358934", "pid":"1", "tid":"mom"},
{"name":"ModelAdvance", "ph":"B", "ts":"1921151359044", "pid":"1", "tid":"mom"},
{"name":"ModelAdvance", "ph":"E", "ts":"1921189323677", "pid":"1", "tid":"mom"},
{"name":"ModelSetRunClock", "ph":"B", "ts":"1921189332843", "pid":"1", "tid":"mom"},
{"name":"ModelSetRunClock", "ph":"E", "ts":"1921189332882", "pid":"1", "tid":"mom"},
{"name":"ModelAdvance", "ph":"B", "ts":"1921189333059", "pid":"1", "tid":"mom"},
{"name":"ModelAdvance", "ph":"E", "ts":"1921225056890", "pid":"1", "tid":"mom"},
{"name":"ModelSetRunClock", "ph":"B", "ts":"1921225065851", "pid":"1", "tid":"mom"},
{"name":"ModelSetRunClock", "ph":"E", "ts":"1921225065880", "pid":"1", "tid":"mom"},
{"name":"ModelAdvance", "ph":"B", "ts":"1921225065999", "pid":"1", "tid":"mom"},
{"name":"ModelAdvance", "ph":"E", "ts":"1921258581737", "pid":"1", "tid":"mom"},
{"name":"ModelSetRunClock", "ph":"B", "ts":"1921258590919", "pid":"1", "tid":"mom"},
{"name":"ModelSetRunClock", "ph":"E", "ts":"1921258590951", "pid":"1", "tid":"mom"},
{"name":"ModelAdvance", "ph":"B", "ts":"1921258591056", "pid":"1", "tid":"mom"},
{"name":"ModelAdvance", "ph":"E", "ts":"1921292499209", "pid":"1", "tid":"mom"},
{"name":"ModelSetRunClock", "ph":"B", "ts":"1921292508782", "pid":"1", "tid":"mom"},
{"name":"ModelSetRunClock", "ph":"E", "ts":"1921292508819", "pid":"1", "tid":"mom"},
{"name":"ModelAdvance", "ph":"B", "ts":"1921292508945", "pid":"1", "tid":"mom"},
{"name":"ModelAdvance", "ph":"E", "ts":"1921326424324", "pid":"1", "tid":"mom"},
{"name":"ModelSetRunClock", "ph":"B", "ts":"1921326433074", "pid":"1", "tid":"mom"},
{"name":"ModelSetRunClock", "ph":"E", "ts":"1921326433111", "pid":"1", "tid":"mom"},
{"name":"ModelAdvance", "ph":"B", "ts":"1921326433233", "pid":"1", "tid":"mom"},
{"name":"ModelAdvance", "ph":"E", "ts":"1921359296017", "pid":"1", "tid":"mom"},
{"name":"ModelSetRunClock", "ph":"B", "ts":"1921359306133", "pid":"1", "tid":"mom"},
{"name":"ModelSetRunClock", "ph":"E", "ts":"1921359306173", "pid":"1", "tid":"mom"},
{"name":"ModelAdvance", "ph":"B", "ts":"1921359306301", "pid":"1", "tid":"mom"},
{"name":"ModelAdvance", "ph":"E", "ts":"1921392102574", "pid":"1", "tid":"mom"},
{"name":"ModelSetRunClock", "ph":"B", "ts":"1921392112282", "pid":"1", "tid":"mom"},
{"name":"ModelSetRunClock", "ph":"E", "ts":"1921392112308", "pid":"1", "tid":"mom"},
{"name":"ModelAdvance", "ph":"B", "ts":"1921392112439", "pid":"1", "tid":"mom"},
{"name":"ModelAdvance", "ph":"E", "ts":"1921424858354", "pid":"1", "tid":"mom"},
{"name":"ModelSetRunClock", "ph":"B", "ts":"1921424866531", "pid":"1", "tid":"mom"},
{"name":"ModelSetRunClock", "ph":"E", "ts":"1921424866637", "pid":"1", "tid":"mom"},
{"name":"ModelAdvance", "ph":"B", "ts":"1921424866765", "pid":"1", "tid":"mom"},
{"name":"ModelAdvance", "ph":"E", "ts":"1921457964490", "pid":"1", "tid":"mom"},
{"name":"ModelSetRunClock", "ph":"B", "ts":"1921458075470", "pid":"1", "tid":"mom"},
{"name":"ModelSetRunClock", "ph":"E", "ts":"1921458075824", "pid":"1", "tid":"mom"},
{"name":"ModelAdvance", "ph":"B", "ts":"1921458081007", "pid":"1", "tid":"mom"},
{"name":"ModelAdvance", "ph":"E", "ts":"1921493823993", "pid":"1", "tid":"mom"},
{"name":"ocean_model_finalize", "ph":"B", "ts":"1921493825955", "pid":"1", "tid":"mom"},
{"name":"ocean_model_finalize", "ph":"E", "ts":"1921494253736", "pid":"1", "tid":"mom"},
{"name":"SetServices", "ph":"B", "ts":"1920586372104", "pid":"1", "tid":"cice"},
{"name":"SetServices", "ph":"E", "ts":"1920586373096", "pid":"1", "tid":"cice"},
{"name":"InitializeP0", "ph":"B", "ts":"1920586375888", "pid":"1", "tid":"cice"},
{"name":"InitializeP0", "ph":"E", "ts":"1920586375950", "pid":"1", "tid":"cice"},
{"name":"InitializeAdvertise", "ph":"B", "ts":"1920586389583", "pid":"1", "tid":"cice"},
{"name":"InitializeAdvertise", "ph":"E", "ts":"1920587039999", "pid":"1", "tid":"cice"},
{"name":"InitializeRealize", "ph":"B", "ts":"1920595460255", "pid":"1", "tid":"cice"},
{"name":"InitializeRealize", "ph":"E", "ts":"1920597475800", "pid":"1", "tid":"cice"},
{"name":"ModelAdvance", "ph":"B", "ts":"1920615122646", "pid":"1", "tid":"cice"},
{"name":"ModelAdvance", "ph":"E", "ts":"1920617676682", "pid":"1", "tid":"cice"},
{"name":"ModelAdvance", "ph":"B", "ts":"1920617939235", "pid":"1", "tid":"cice"},
{"name":"ModelAdvance", "ph":"E", "ts":"1920620469884", "pid":"1", "tid":"cice"},
{"name":"ModelAdvance", "ph":"B", "ts":"1920620635422", "pid":"1", "tid":"cice"},
{"name":"ModelAdvance", "ph":"E", "ts":"1920623196321", "pid":"1", "tid":"cice"},
{"name":"ModelAdvance", "ph":"B", "ts":"1920623360539", "pid":"1", "tid":"cice"},
{"name":"ModelAdvance", "ph":"E", "ts":"1920625906055", "pid":"1", "tid":"cice"},
{"name":"ModelAdvance", "ph":"B", "ts":"1920626016994", "pid":"1", "tid":"cice"},
{"name":"ModelAdvance", "ph":"E", "ts":"1920628516356", "pid":"1", "tid":"cice"},
{"name":"ModelAdvance", "ph":"B", "ts":"1920628684015", "pid":"1", "tid":"cice"},
{"name":"ModelAdvance", "ph":"E", "ts":"1920631199526", "pid":"1", "tid":"cice"},
{"name":"ModelAdvance", "ph":"B", "ts":"1920631349960", "pid":"1", "tid":"cice"},
{"name":"ModelAdvance", "ph":"E", "ts":"1920633889948", "pid":"1", "tid":"cice"},
{"name":"ModelAdvance", "ph":"B", "ts":"1920634052627", "pid":"1", "tid":"cice"},
{"name":"ModelAdvance", "ph":"E", "ts":"1920636570612", "pid":"1", "tid":"cice"},
{"name":"ModelAdvance", "ph":"B", "ts":"1920699544555", "pid":"1", "tid":"cice"},
{"name":"ModelAdvance", "ph":"E", "ts":"1920702119028", "pid":"1", "tid":"cice"},
{"name":"ModelAdvance", "ph":"B", "ts":"1920702271669", "pid":"1", "tid":"cice"},
{"name":"ModelAdvance", "ph":"E", "ts":"1920704779441", "pid":"1", "tid":"cice"},
{"name":"ModelAdvance", "ph":"B", "ts":"1920704917623", "pid":"1", "tid":"cice"},
{"name":"ModelAdvance", "ph":"E", "ts":"1920707441641", "pid":"1", "tid":"cice"},
{"name":"ModelAdvance", "ph":"B", "ts":"1920707581140", "pid":"1", "tid":"cice"},
{"name":"ModelAdvance", "ph":"E", "ts":"1920710117991", "pid":"1", "tid":"cice"},
{"name":"ModelAdvance", "ph":"B", "ts":"1920736556397", "pid":"1", "tid":"cice"},
{"name":"ModelAdvance", "ph":"E", "ts":"1920739067274", "pid":"1", "tid":"cice"},
{"name":"ModelAdvance", "ph":"B", "ts":"1920739211503", "pid":"1", "tid":"cice"},
{"name":"ModelAdvance", "ph":"E", "ts":"1920741720383", "pid":"1", "tid":"cice"},
{"name":"ModelAdvance", "ph":"B", "ts":"1920741861856", "pid":"1", "tid":"cice"},
{"name":"ModelAdvance", "ph":"E", "ts":"1920744388837", "pid":"1", "tid":"cice"},
{"name":"ModelAdvance", "ph":"B", "ts":"1920744522675", "pid":"1", "tid":"cice"},
{"name":"ModelAdvance", "ph":"E", "ts":"1920747038445", "pid":"1", "tid":"cice"},
{"name":"ModelAdvance", "ph":"B", "ts":"1920773493944", "pid":"1", "tid":"cice"},
{"name":"ModelAdvance", "ph":"E", "ts":"1920776043872", "pid":"1", "tid":"cice"},
{"name":"ModelAdvance", "ph":"B", "ts":"1920776184399", "pid":"1", "tid":"cice"},
{"name":"ModelAdvance", "ph":"E", "ts":"1920778659757", "pid":"1", "tid":"cice"},
{"name":"ModelAdvance", "ph":"B", "ts":"1920778791731", "pid":"1", "tid":"cice"},
{"name":"ModelAdvance", "ph":"E", "ts":"1920781281359", "pid":"1", "tid":"cice"},
{"name":"ModelAdvance", "ph":"B", "ts":"1920781413174", "pid":"1", "tid":"cice"},
{"name":"ModelAdvance", "ph":"E", "ts":"1920783914210", "pid":"1", "tid":"cice"},
{"name":"ModelAdvance", "ph":"B", "ts":"1920808139376", "pid":"1", "tid":"cice"},
{"name":"ModelAdvance", "ph":"E", "ts":"1920810664457", "pid":"1", "tid":"cice"},
{"name":"ModelAdvance", "ph":"B", "ts":"1920810785039", "pid":"1", "tid":"cice"},
{"name":"ModelAdvance", "ph":"E", "ts":"1920813128593", "pid":"1", "tid":"cice"},
{"name":"ModelAdvance", "ph":"B", "ts":"1920813261876", "pid":"1", "tid":"cice"},
{"name":"ModelAdvance", "ph":"E", "ts":"1920815636357", "pid":"1", "tid":"cice"},
{"name":"ModelAdvance", "ph":"B", "ts":"1920815706099", "pid":"1", "tid":"cice"},
{"name":"ModelAdvance", "ph":"E", "ts":"1920818387887", "pid":"1", "tid":"cice"},
{"name":"ModelAdvance", "ph":"B", "ts":"1920844909479", "pid":"1", "tid":"cice"},
{"name":"ModelAdvance", "ph":"E", "ts":"1920847377228", "pid":"1", "tid":"cice"},
{"name":"ModelAdvance", "ph":"B", "ts":"1920847551017", "pid":"1", "tid":"cice"},
{"name":"ModelAdvance", "ph":"E", "ts":"1920850005194", "pid":"1", "tid":"cice"},
{"name":"ModelAdvance", "ph":"B", "ts":"1920850182442", "pid":"1", "tid":"cice"},
{"name":"ModelAdvance", "ph":"E", "ts":"1920852689521", "pid":"1", "tid":"cice"},
{"name":"ModelAdvance", "ph":"B", "ts":"1920852869333", "pid":"1", "tid":"cice"},
{"name":"ModelAdvance", "ph":"E", "ts":"1920855357457", "pid":"1", "tid":"cice"},
{"name":"ModelAdvance", "ph":"B", "ts":"1920882476040", "pid":"1", "tid":"cice"},
{"name":"ModelAdvance", "ph":"E", "ts":"1920884937615", "pid":"1", "tid":"cice"},
{"name":"ModelAdvance", "ph":"B", "ts":"1920885171921", "pid":"1", "tid":"cice"},
{"name":"ModelAdvance", "ph":"E", "ts":"1920887596468", "pid":"1", "tid":"cice"},
{"name":"ModelAdvance", "ph":"B", "ts":"1920887774197", "pid":"1", "tid":"cice"},
{"name":"ModelAdvance", "ph":"E", "ts":"1920890255429", "pid":"1", "tid":"cice"},
{"name":"ModelAdvance", "ph":"B", "ts":"1920890439952", "pid":"1", "tid":"cice"},
{"name":"ModelAdvance", "ph":"E", "ts":"1920892918834", "pid":"1", "tid":"cice"},
{"name":"ModelAdvance", "ph":"B", "ts":"1920919892109", "pid":"1", "tid":"cice"},
{"name":"ModelAdvance", "ph":"E", "ts":"1920922377740", "pid":"1", "tid":"cice"},
{"name":"ModelAdvance", "ph":"B", "ts":"1920922560286", "pid":"1", "tid":"cice"},
{"name":"ModelAdvance", "ph":"E", "ts":"1920925011495", "pid":"1", "tid":"cice"},
{"name":"ModelAdvance", "ph":"B", "ts":"1920925193242", "pid":"1", "tid":"cice"},
{"name":"ModelAdvance", "ph":"E", "ts":"1920927628255", "pid":"1", "tid":"cice"},
{"name":"ModelAdvance", "ph":"B", "ts":"1920927810746", "pid":"1", "tid":"cice"},
{"name":"ModelAdvance", "ph":"E", "ts":"1920930300628", "pid":"1", "tid":"cice"},
{"name":"ModelAdvance", "ph":"B", "ts":"1920957400494", "pid":"1", "tid":"cice"},
{"name":"ModelAdvance", "ph":"E", "ts":"1920959902428", "pid":"1", "tid":"cice"},
{"name":"ModelAdvance", "ph":"B", "ts":"1920960074882", "pid":"1", "tid":"cice"},
{"name":"ModelAdvance", "ph":"E", "ts":"1920962536191", "pid":"1", "tid":"cice"},
{"name":"ModelAdvance", "ph":"B", "ts":"1920962727099", "pid":"1", "tid":"cice"},
{"name":"ModelAdvance", "ph":"E", "ts":"1920965206214", "pid":"1", "tid":"cice"},
{"name":"ModelAdvance", "ph":"B", "ts":"1920965379252", "pid":"1", "tid":"cice"},
{"name":"ModelAdvance", "ph":"E", "ts":"1920967836179", "pid":"1", "tid":"cice"},
{"name":"ModelAdvance", "ph":"B", "ts":"1920993760139", "pid":"1", "tid":"cice"},
{"name":"ModelAdvance", "ph":"E", "ts":"1920995964970", "pid":"1", "tid":"cice"},
{"name":"ModelAdvance", "ph":"B", "ts":"1920996128673", "pid":"1", "tid":"cice"},
{"name":"ModelAdvance", "ph":"E", "ts":"1920998306278", "pid":"1", "tid":"cice"},
{"name":"ModelAdvance", "ph":"B", "ts":"1920998476386", "pid":"1", "tid":"cice"},
{"name":"ModelAdvance", "ph":"E", "ts":"1921000804828", "pid":"1", "tid":"cice"},
{"name":"ModelAdvance", "ph":"B", "ts":"1921000975677", "pid":"1", "tid":"cice"},
{"name":"ModelAdvance", "ph":"E", "ts":"1921003470855", "pid":"1", "tid":"cice"},
{"name":"ModelAdvance", "ph":"B", "ts":"1921029979913", "pid":"1", "tid":"cice"},
{"name":"ModelAdvance", "ph":"E", "ts":"1921032479850", "pid":"1", "tid":"cice"},
{"name":"ModelAdvance", "ph":"B", "ts":"1921032666301", "pid":"1", "tid":"cice"},
{"name":"ModelAdvance", "ph":"E", "ts":"1921035165258", "pid":"1", "tid":"cice"},
{"name":"ModelAdvance", "ph":"B", "ts":"1921035335277", "pid":"1", "tid":"cice"},
{"name":"ModelAdvance", "ph":"E", "ts":"1921037825830", "pid":"1", "tid":"cice"},
{"name":"ModelAdvance", "ph":"B", "ts":"1921037957039", "pid":"1", "tid":"cice"},
{"name":"ModelAdvance", "ph":"E", "ts":"1921041456059", "pid":"1", "tid":"cice"},
{"name":"ModelAdvance", "ph":"B", "ts":"1921072377760", "pid":"1", "tid":"cice"},
{"name":"ModelAdvance", "ph":"E", "ts":"1921074811230", "pid":"1", "tid":"cice"},
{"name":"ModelAdvance", "ph":"B", "ts":"1921075014744", "pid":"1", "tid":"cice"},
{"name":"ModelAdvance", "ph":"E", "ts":"1921077433982", "pid":"1", "tid":"cice"},
{"name":"ModelAdvance", "ph":"B", "ts":"1921077651414", "pid":"1", "tid":"cice"},
{"name":"ModelAdvance", "ph":"E", "ts":"1921080123662", "pid":"1", "tid":"cice"},
{"name":"ModelAdvance", "ph":"B", "ts":"1921080343051", "pid":"1", "tid":"cice"},
{"name":"ModelAdvance", "ph":"E", "ts":"1921082821435", "pid":"1", "tid":"cice"},
{"name":"ModelAdvance", "ph":"B", "ts":"1921110582593", "pid":"1", "tid":"cice"},
{"name":"ModelAdvance", "ph":"E", "ts":"1921113108117", "pid":"1", "tid":"cice"},
{"name":"ModelAdvance", "ph":"B", "ts":"1921113337673", "pid":"1", "tid":"cice"},
{"name":"ModelAdvance", "ph":"E", "ts":"1921115811305", "pid":"1", "tid":"cice"},
{"name":"ModelAdvance", "ph":"B", "ts":"1921116035098", "pid":"1", "tid":"cice"},
{"name":"ModelAdvance", "ph":"E", "ts":"1921118548117", "pid":"1", "tid":"cice"},
{"name":"ModelAdvance", "ph":"B", "ts":"1921118761084", "pid":"1", "tid":"cice"},
{"name":"ModelAdvance", "ph":"E", "ts":"1921121273301", "pid":"1", "tid":"cice"},
{"name":"ModelAdvance", "ph":"B", "ts":"1921148646917", "pid":"1", "tid":"cice"},
{"name":"ModelAdvance", "ph":"E", "ts":"1921151166570", "pid":"1", "tid":"cice"},
{"name":"ModelAdvance", "ph":"B", "ts":"1921151380569", "pid":"1", "tid":"cice"},
{"name":"ModelAdvance", "ph":"E", "ts":"1921153858593", "pid":"1", "tid":"cice"},
{"name":"ModelAdvance", "ph":"B", "ts":"1921154074667", "pid":"1", "tid":"cice"},
{"name":"ModelAdvance", "ph":"E", "ts":"1921156625003", "pid":"1", "tid":"cice"},
{"name":"ModelAdvance", "ph":"B", "ts":"1921156831367", "pid":"1", "tid":"cice"},
{"name":"ModelAdvance", "ph":"E", "ts":"1921159332662", "pid":"1", "tid":"cice"},
{"name":"ModelAdvance", "ph":"B", "ts":"1921186619191", "pid":"1", "tid":"cice"},
{"name":"ModelAdvance", "ph":"E", "ts":"1921189109427", "pid":"1", "tid":"cice"},
{"name":"ModelAdvance", "ph":"B", "ts":"1921189340188", "pid":"1", "tid":"cice"},
{"name":"ModelAdvance", "ph":"E", "ts":"1921191776977", "pid":"1", "tid":"cice"},
{"name":"ModelAdvance", "ph":"B", "ts":"1921192002696", "pid":"1", "tid":"cice"},
{"name":"ModelAdvance", "ph":"E", "ts":"1921194498527", "pid":"1", "tid":"cice"},
{"name":"ModelAdvance", "ph":"B", "ts":"1921194723993", "pid":"1", "tid":"cice"},
{"name":"ModelAdvance", "ph":"E", "ts":"1921197230401", "pid":"1", "tid":"cice"},
{"name":"ModelAdvance", "ph":"B", "ts":"1921222351573", "pid":"1", "tid":"cice"},
{"name":"ModelAdvance", "ph":"E", "ts":"1921224535198", "pid":"1", "tid":"cice"},
{"name":"ModelAdvance", "ph":"B", "ts":"1921224734517", "pid":"1", "tid":"cice"},
{"name":"ModelAdvance", "ph":"E", "ts":"1921226898956", "pid":"1", "tid":"cice"},
{"name":"ModelAdvance", "ph":"B", "ts":"1921227092600", "pid":"1", "tid":"cice"},
{"name":"ModelAdvance", "ph":"E", "ts":"1921229256999", "pid":"1", "tid":"cice"},
{"name":"ModelAdvance", "ph":"B", "ts":"1921229451300", "pid":"1", "tid":"cice"},
{"name":"ModelAdvance", "ph":"E", "ts":"1921231634199", "pid":"1", "tid":"cice"},
{"name":"ModelAdvance", "ph":"B", "ts":"1921255879672", "pid":"1", "tid":"cice"},
{"name":"ModelAdvance", "ph":"E", "ts":"1921258074030", "pid":"1", "tid":"cice"},
{"name":"ModelAdvance", "ph":"B", "ts":"1921258273018", "pid":"1", "tid":"cice"},
{"name":"ModelAdvance", "ph":"E", "ts":"1921260427180", "pid":"1", "tid":"cice"},
{"name":"ModelAdvance", "ph":"B", "ts":"1921260622205", "pid":"1", "tid":"cice"},
{"name":"ModelAdvance", "ph":"E", "ts":"1921262780688", "pid":"1", "tid":"cice"},
{"name":"ModelAdvance", "ph":"B", "ts":"1921262931009", "pid":"1", "tid":"cice"},
{"name":"ModelAdvance", "ph":"E", "ts":"1921265481604", "pid":"1", "tid":"cice"},
{"name":"ModelAdvance", "ph":"B", "ts":"1921289797130", "pid":"1", "tid":"cice"},
{"name":"ModelAdvance", "ph":"E", "ts":"1921291972661", "pid":"1", "tid":"cice"},
{"name":"ModelAdvance", "ph":"B", "ts":"1921292194199", "pid":"1", "tid":"cice"},
{"name":"ModelAdvance", "ph":"E", "ts":"1921294381575", "pid":"1", "tid":"cice"},
{"name":"ModelAdvance", "ph":"B", "ts":"1921294558237", "pid":"1", "tid":"cice"},
{"name":"ModelAdvance", "ph":"E", "ts":"1921296754068", "pid":"1", "tid":"cice"},
{"name":"ModelAdvance", "ph":"B", "ts":"1921296923729", "pid":"1", "tid":"cice"},
{"name":"ModelAdvance", "ph":"E", "ts":"1921299129656", "pid":"1", "tid":"cice"},
{"name":"ModelAdvance", "ph":"B", "ts":"1921323718766", "pid":"1", "tid":"cice"},
{"name":"ModelAdvance", "ph":"E", "ts":"1921325917441", "pid":"1", "tid":"cice"},
{"name":"ModelAdvance", "ph":"B", "ts":"1921326089516", "pid":"1", "tid":"cice"},
{"name":"ModelAdvance", "ph":"E", "ts":"1921328271965", "pid":"1", "tid":"cice"},
{"name":"ModelAdvance", "ph":"B", "ts":"1921328443256", "pid":"1", "tid":"cice"},
{"name":"ModelAdvance", "ph":"E", "ts":"1921330628426", "pid":"1", "tid":"cice"},
{"name":"ModelAdvance", "ph":"B", "ts":"1921330798830", "pid":"1", "tid":"cice"},
{"name":"ModelAdvance", "ph":"E", "ts":"1921332988652", "pid":"1", "tid":"cice"},
{"name":"ModelAdvance", "ph":"B", "ts":"1921356594714", "pid":"1", "tid":"cice"},
{"name":"ModelAdvance", "ph":"E", "ts":"1921358813387", "pid":"1", "tid":"cice"},
{"name":"ModelAdvance", "ph":"B", "ts":"1921358990318", "pid":"1", "tid":"cice"},
{"name":"ModelAdvance", "ph":"E", "ts":"1921361179532", "pid":"1", "tid":"cice"},
{"name":"ModelAdvance", "ph":"B", "ts":"1921361353077", "pid":"1", "tid":"cice"},
{"name":"ModelAdvance", "ph":"E", "ts":"1921363544720", "pid":"1", "tid":"cice"},
{"name":"ModelAdvance", "ph":"B", "ts":"1921363718336", "pid":"1", "tid":"cice"},
{"name":"ModelAdvance", "ph":"E", "ts":"1921365922663", "pid":"1", "tid":"cice"},
{"name":"ModelAdvance", "ph":"B", "ts":"1921389400527", "pid":"1", "tid":"cice"},
{"name":"ModelAdvance", "ph":"E", "ts":"1921391604376", "pid":"1", "tid":"cice"},
{"name":"ModelAdvance", "ph":"B", "ts":"1921391776251", "pid":"1", "tid":"cice"},
{"name":"ModelAdvance", "ph":"E", "ts":"1921393960522", "pid":"1", "tid":"cice"},
{"name":"ModelAdvance", "ph":"B", "ts":"1921394135145", "pid":"1", "tid":"cice"},
{"name":"ModelAdvance", "ph":"E", "ts":"1921396348353", "pid":"1", "tid":"cice"},
{"name":"ModelAdvance", "ph":"B", "ts":"1921396532035", "pid":"1", "tid":"cice"},
{"name":"ModelAdvance", "ph":"E", "ts":"1921398735084", "pid":"1", "tid":"cice"},
{"name":"ModelAdvance", "ph":"B", "ts":"1921422153202", "pid":"1", "tid":"cice"},
{"name":"ModelAdvance", "ph":"E", "ts":"1921424373802", "pid":"1", "tid":"cice"},
{"name":"ModelAdvance", "ph":"B", "ts":"1921424553201", "pid":"1", "tid":"cice"},
{"name":"ModelAdvance", "ph":"E", "ts":"1921426738274", "pid":"1", "tid":"cice"},
{"name":"ModelAdvance", "ph":"B", "ts":"1921426913106", "pid":"1", "tid":"cice"},
{"name":"ModelAdvance", "ph":"E", "ts":"1921429099564", "pid":"1", "tid":"cice"},
{"name":"ModelAdvance", "ph":"B", "ts":"1921429273916", "pid":"1", "tid":"cice"},
{"name":"ModelAdvance", "ph":"E", "ts":"1921431680864", "pid":"1", "tid":"cice"},
{"name":"ModelAdvance", "ph":"B", "ts":"1921455372320", "pid":"1", "tid":"cice"},
{"name":"ModelAdvance", "ph":"E", "ts":"1921457738523", "pid":"1", "tid":"cice"},
{"name":"ModelAdvance", "ph":"B", "ts":"1921457911099", "pid":"1", "tid":"cice"},
{"name":"ModelAdvance", "ph":"E", "ts":"1921460097900", "pid":"1", "tid":"cice"},
{"name":"ModelAdvance", "ph":"B", "ts":"1921460274044", "pid":"1", "tid":"cice"},
{"name":"ModelAdvance", "ph":"E", "ts":"1921462464431", "pid":"1", "tid":"cice"},
{"name":"ModelAdvance", "ph":"B", "ts":"1921462598527", "pid":"1", "tid":"cice"},
{"name":"ModelAdvance", "ph":"E", "ts":"1921465808425", "pid":"1", "tid":"cice"},
{"name":"ModelFinalize", "ph":"B", "ts":"1921465816440", "pid":"1", "tid":"cice"},
{"name":"ModelFinalize", "ph":"E", "ts":"1921465816465", "pid":"1", "tid":"cice"}
]
