[
{"name":"SetServices", "ph":"B", "ts":"2749408517271", "pid":"1", "tid":"cmeps"},
{"name":"SetServices", "ph":"E", "ts":"2749408523669", "pid":"1", "tid":"cmeps"},
{"name":"InitializeP0", "ph":"B", "ts":"2749408555086", "pid":"1", "tid":"cmeps"},
{"name":"InitializeP0", "ph":"E", "ts":"2749408557025", "pid":"1", "tid":"cmeps"},
{"name":"AdvertiseFields", "ph":"B", "ts":"2749408725860", "pid":"1", "tid":"cmeps"},
{"name":"AdvertiseFields", "ph":"E", "ts":"2749408734775", "pid":"1", "tid":"cmeps"},
{"name":"RealizeFieldsWithTransferProvided", "ph":"B", "ts":"2749451798986", "pid":"1", "tid":"cmeps"},
{"name":"RealizeFieldsWithTransferProvided", "ph":"E", "ts":"2749451799766", "pid":"1", "tid":"cmeps"},
{"name":"ModifyDecompofMesh", "ph":"B", "ts":"2749454591251", "pid":"1", "tid":"cmeps"},
{"name":"ModifyDecompofMesh", "ph":"E", "ts":"2749454798740", "pid":"1", "tid":"cmeps"},
{"name":"RealizeFieldsWithTransferAccept", "ph":"B", "ts":"2749456518627", "pid":"1", "tid":"cmeps"},
{"name":"RealizeFieldsWithTransferAccept", "ph":"E", "ts":"2749456520832", "pid":"1", "tid":"cmeps"},
{"name":"DataInitialize", "ph":"B", "ts":"2749457179043", "pid":"1", "tid":"cmeps"},
{"name":"DataInitialize", "ph":"E", "ts":"2749458447504", "pid":"1", "tid":"cmeps"},
{"name":"DataInitialize", "ph":"B", "ts":"2749458481352", "pid":"1", "tid":"cmeps"},
{"name":"med_phases_ocnalb_run", "ph":"B", "ts":"2749458482275", "pid":"1", "tid":"cmeps"},
{"name":"med_phases_post_atm", "ph":"B", "ts":"2749458487116", "pid":"1", "tid":"cmeps"},
{"name":"med_phases_post_atm", "ph":"E", "ts":"2749458488515", "pid":"1", "tid":"cmeps"},
{"name":"med_phases_post_wav", "ph":"B", "ts":"2749458488523", "pid":"1", "tid":"cmeps"},
{"name":"med_phases_post_wav", "ph":"E", "ts":"2749458488528", "pid":"1", "tid":"cmeps"},
{"name":"DataInitialize", "ph":"E", "ts":"2749458488825", "pid":"1", "tid":"cmeps"},
{"name":"med_phases_prep_atm", "ph":"B", "ts":"2749458495252", "pid":"1", "tid":"cmeps"},
{"name":"med_phases_prep_atm", "ph":"E", "ts":"2749458495572", "pid":"1", "tid":"cmeps"},
{"name":"med_phases_prep_wav_accum", "ph":"B", "ts":"2749458495766", "pid":"1", "tid":"cmeps"},
{"name":"med_phases_prep_wav_accum", "ph":"E", "ts":"2749458496097", "pid":"1", "tid":"cmeps"},
{"name":"med_phases_prep_wav_avg", "ph":"B", "ts":"2749458496189", "pid":"1", "tid":"cmeps"},
{"name":"med_phases_prep_wav_avg", "ph":"E", "ts":"2749458496550", "pid":"1", "tid":"cmeps"},
{"name":"med_phases_post_atm", "ph":"B", "ts":"2749458498373", "pid":"1", "tid":"cmeps"},
{"name":"med_phases_history_write_comp", "ph":"B", "ts":"2749458505751", "pid":"1", "tid":"cmeps"},
{"name":"med_phases_history_write_comp", "ph":"E", "ts":"2749458506002", "pid":"1", "tid":"cmeps"},
{"name":"med_phases_post_atm", "ph":"E", "ts":"2749458506007", "pid":"1", "tid":"cmeps"},
{"name":"med_phases_post_wav", "ph":"B", "ts":"2749460731818", "pid":"1", "tid":"cmeps"},
{"name":"med_phases_history_write_comp", "ph":"B", "ts":"2749460731852", "pid":"1", "tid":"cmeps"},
{"name":"med_phases_history_write_comp", "ph":"E", "ts":"2749460731942", "pid":"1", "tid":"cmeps"},
{"name":"med_phases_post_wav", "ph":"E", "ts":"2749460731945", "pid":"1", "tid":"cmeps"},
{"name":"med_phases_restart_write", "ph":"B", "ts":"2749460732052", "pid":"1", "tid":"cmeps"},
{"name":"med_phases_restart_write", "ph":"E", "ts":"2749460734079", "pid":"1", "tid":"cmeps"},
{"name":"med_phases_prep_atm", "ph":"B", "ts":"2749460734205", "pid":"1", "tid":"cmeps"},
{"name":"med_phases_prep_atm", "ph":"E", "ts":"2749460734224", "pid":"1", "tid":"cmeps"},
{"name":"med_phases_prep_wav_accum", "ph":"B", "ts":"2749460734324", "pid":"1", "tid":"cmeps"},
{"name":"med_phases_prep_wav_accum", "ph":"E", "ts":"2749460734513", "pid":"1", "tid":"cmeps"},
{"name":"med_phases_prep_wav_avg", "ph":"B", "ts":"2749460734620", "pid":"1", "tid":"cmeps"},
{"name":"med_phases_prep_wav_avg", "ph":"E", "ts":"2749460734859", "pid":"1", "tid":"cmeps"},
{"name":"med_phases_post_atm", "ph":"B", "ts":"2749460736555", "pid":"1", "tid":"cmeps"},
{"name":"med_phases_history_write_comp", "ph":"B", "ts":"2749460758243", "pid":"1", "tid":"cmeps"},
{"name":"med_phases_history_write_comp", "ph":"E", "ts":"2749460758431", "pid":"1", "tid":"cmeps"},
{"name":"med_phases_post_atm", "ph":"E", "ts":"2749460758436", "pid":"1", "tid":"cmeps"},
{"name":"med_phases_post_wav", "ph":"B", "ts":"2749466399979", "pid":"1", "tid":"cmeps"},
{"name":"med_phases_history_write_comp", "ph":"B", "ts":"2749466400115", "pid":"1", "tid":"cmeps"},
{"name":"med_phases_history_write_comp", "ph":"E", "ts":"2749466400125", "pid":"1", "tid":"cmeps"},
{"name":"med_phases_post_wav", "ph":"E", "ts":"2749466400128", "pid":"1", "tid":"cmeps"},
{"name":"med_phases_restart_write", "ph":"B", "ts":"2749466400239", "pid":"1", "tid":"cmeps"},
{"name":"med_phases_restart_write", "ph":"E", "ts":"2749466400263", "pid":"1", "tid":"cmeps"},
{"name":"med_phases_prep_atm", "ph":"B", "ts":"2749466400356", "pid":"1", "tid":"cmeps"},
{"name":"med_phases_prep_atm", "ph":"E", "ts":"2749466400378", "pid":"1", "tid":"cmeps"},
{"name":"med_phases_prep_wav_accum", "ph":"B", "ts":"2749466400474", "pid":"1", "tid":"cmeps"},
{"name":"med_phases_prep_wav_accum", "ph":"E", "ts":"2749466400671", "pid":"1", "tid":"cmeps"},
{"name":"med_phases_prep_wav_avg", "ph":"B", "ts":"2749466400788", "pid":"1", "tid":"cmeps"},
{"name":"med_phases_prep_wav_avg", "ph":"E", "ts":"2749466401021", "pid":"1", "tid":"cmeps"},
{"name":"med_phases_post_atm", "ph":"B", "ts":"2749466402564", "pid":"1", "tid":"cmeps"},
{"name":"med_phases_history_write_comp", "ph":"B", "ts":"2749466705660", "pid":"1", "tid":"cmeps"},
{"name":"med_phases_history_write_comp", "ph":"E", "ts":"2749466705719", "pid":"1", "tid":"cmeps"},
{"name":"med_phases_post_atm", "ph":"E", "ts":"2749466705723", "pid":"1", "tid":"cmeps"},
{"name":"med_phases_post_wav", "ph":"B", "ts":"2749472441391", "pid":"1", "tid":"cmeps"},
{"name":"med_phases_history_write_comp", "ph":"B", "ts":"2749472441543", "pid":"1", "tid":"cmeps"},
{"name":"med_phases_history_write_comp", "ph":"E", "ts":"2749472441560", "pid":"1", "tid":"cmeps"},
{"name":"med_phases_post_wav", "ph":"E", "ts":"2749472441563", "pid":"1", "tid":"cmeps"},
{"name":"med_phases_restart_write", "ph":"B", "ts":"2749472441687", "pid":"1", "tid":"cmeps"},
{"name":"med_phases_restart_write", "ph":"E", "ts":"2749472441716", "pid":"1", "tid":"cmeps"},
{"name":"med_phases_prep_atm", "ph":"B", "ts":"2749472441813", "pid":"1", "tid":"cmeps"},
{"name":"med_phases_prep_atm", "ph":"E", "ts":"2749472441859", "pid":"1", "tid":"cmeps"},
{"name":"med_phases_prep_wav_accum", "ph":"B", "ts":"2749472441958", "pid":"1", "tid":"cmeps"},
{"name":"med_phases_prep_wav_accum", "ph":"E", "ts":"2749472442592", "pid":"1", "tid":"cmeps"},
{"name":"med_phases_prep_wav_avg", "ph":"B", "ts":"2749472442712", "pid":"1", "tid":"cmeps"},
{"name":"med_phases_prep_wav_avg", "ph":"E", "ts":"2749472442947", "pid":"1", "tid":"cmeps"},
{"name":"med_phases_post_atm", "ph":"B", "ts":"2749472447338", "pid":"1", "tid":"cmeps"},
{"name":"med_phases_history_write_comp", "ph":"B", "ts":"2749472735149", "pid":"1", "tid":"cmeps"},
{"name":"med_phases_history_write_comp", "ph":"E", "ts":"2749472735278", "pid":"1", "tid":"cmeps"},
{"name":"med_phases_post_atm", "ph":"E", "ts":"2749472735283", "pid":"1", "tid":"cmeps"},
{"name":"med_phases_post_wav", "ph":"B", "ts":"2749478569972", "pid":"1", "tid":"cmeps"},
{"name":"med_phases_history_write_comp", "ph":"B", "ts":"2749478570191", "pid":"1", "tid":"cmeps"},
{"name":"med_phases_history_write_comp", "ph":"E", "ts":"2749478570201", "pid":"1", "tid":"cmeps"},
{"name":"med_phases_post_wav", "ph":"E", "ts":"2749478570204", "pid":"1", "tid":"cmeps"},
{"name":"med_phases_restart_write", "ph":"B", "ts":"2749478570313", "pid":"1", "tid":"cmeps"},
{"name":"med_phases_restart_write", "ph":"E", "ts":"2749478570337", "pid":"1", "tid":"cmeps"},
{"name":"med_phases_prep_atm", "ph":"B", "ts":"2749478570430", "pid":"1", "tid":"cmeps"},
{"name":"med_phases_prep_atm", "ph":"E", "ts":"2749478570448", "pid":"1", "tid":"cmeps"},
{"name":"med_phases_prep_wav_accum", "ph":"B", "ts":"2749478570546", "pid":"1", "tid":"cmeps"},
{"name":"med_phases_prep_wav_accum", "ph":"E", "ts":"2749478570785", "pid":"1", "tid":"cmeps"},
{"name":"med_phases_prep_wav_avg", "ph":"B", "ts":"2749478570901", "pid":"1", "tid":"cmeps"},
{"name":"med_phases_prep_wav_avg", "ph":"E", "ts":"2749478571128", "pid":"1", "tid":"cmeps"},
{"name":"med_phases_post_atm", "ph":"B", "ts":"2749478572964", "pid":"1", "tid":"cmeps"},
{"name":"med_phases_history_write_comp", "ph":"B", "ts":"2749479041497", "pid":"1", "tid":"cmeps"},
{"name":"med_phases_history_write_comp", "ph":"E", "ts":"2749479041534", "pid":"1", "tid":"cmeps"},
{"name":"med_phases_post_atm", "ph":"E", "ts":"2749479041538", "pid":"1", "tid":"cmeps"},
{"name":"med_phases_post_wav", "ph":"B", "ts":"2749485669124", "pid":"1", "tid":"cmeps"},
{"name":"med_phases_history_write_comp", "ph":"B", "ts":"2749485669270", "pid":"1", "tid":"cmeps"},
{"name":"med_phases_history_write_comp", "ph":"E", "ts":"2749485669280", "pid":"1", "tid":"cmeps"},
{"name":"med_phases_post_wav", "ph":"E", "ts":"2749485669283", "pid":"1", "tid":"cmeps"},
{"name":"med_phases_restart_write", "ph":"B", "ts":"2749485669394", "pid":"1", "tid":"cmeps"},
{"name":"med_phases_restart_write", "ph":"E", "ts":"2749485669418", "pid":"1", "tid":"cmeps"},
{"name":"med_phases_prep_atm", "ph":"B", "ts":"2749485669511", "pid":"1", "tid":"cmeps"},
{"name":"med_phases_prep_atm", "ph":"E", "ts":"2749485669535", "pid":"1", "tid":"cmeps"},
{"name":"med_phases_prep_wav_accum", "ph":"B", "ts":"2749485669632", "pid":"1", "tid":"cmeps"},
{"name":"med_phases_prep_wav_accum", "ph":"E", "ts":"2749485669837", "pid":"1", "tid":"cmeps"},
{"name":"med_phases_prep_wav_avg", "ph":"B", "ts":"2749485669946", "pid":"1", "tid":"cmeps"},
{"name":"med_phases_prep_wav_avg", "ph":"E", "ts":"2749485670180", "pid":"1", "tid":"cmeps"},
{"name":"med_phases_post_atm", "ph":"B", "ts":"2749485671825", "pid":"1", "tid":"cmeps"},
{"name":"med_phases_history_write_comp", "ph":"B", "ts":"2749486052622", "pid":"1", "tid":"cmeps"},
{"name":"med_phases_history_write_comp", "ph":"E", "ts":"2749486052661", "pid":"1", "tid":"cmeps"},
{"name":"med_phases_post_atm", "ph":"E", "ts":"2749486052665", "pid":"1", "tid":"cmeps"},
{"name":"med_phases_post_wav", "ph":"B", "ts":"2749493284160", "pid":"1", "tid":"cmeps"},
{"name":"med_phases_history_write_comp", "ph":"B", "ts":"2749493284304", "pid":"1", "tid":"cmeps"},
{"name":"med_phases_history_write_comp", "ph":"E", "ts":"2749493284313", "pid":"1", "tid":"cmeps"},
{"name":"med_phases_post_wav", "ph":"E", "ts":"2749493284316", "pid":"1", "tid":"cmeps"},
{"name":"med_phases_restart_write", "ph":"B", "ts":"2749493284425", "pid":"1", "tid":"cmeps"},
{"name":"med_phases_restart_write", "ph":"E", "ts":"2749493284449", "pid":"1", "tid":"cmeps"},
{"name":"med_phases_prep_atm", "ph":"B", "ts":"2749493284541", "pid":"1", "tid":"cmeps"},
{"name":"med_phases_prep_atm", "ph":"E", "ts":"2749493284564", "pid":"1", "tid":"cmeps"},
{"name":"med_phases_prep_wav_accum", "ph":"B", "ts":"2749493284660", "pid":"1", "tid":"cmeps"},
{"name":"med_phases_prep_wav_accum", "ph":"E", "ts":"2749493284867", "pid":"1", "tid":"cmeps"},
{"name":"med_phases_prep_wav_avg", "ph":"B", "ts":"2749493284974", "pid":"1", "tid":"cmeps"},
{"name":"med_phases_prep_wav_avg", "ph":"E", "ts":"2749493285208", "pid":"1", "tid":"cmeps"},
{"name":"med_phases_post_atm", "ph":"B", "ts":"2749493286964", "pid":"1", "tid":"cmeps"},
{"name":"med_phases_history_write_comp", "ph":"B", "ts":"2749493602059", "pid":"1", "tid":"cmeps"},
{"name":"med_phases_history_write_comp", "ph":"E", "ts":"2749493602098", "pid":"1", "tid":"cmeps"},
{"name":"med_phases_post_atm", "ph":"E", "ts":"2749493602102", "pid":"1", "tid":"cmeps"},
{"name":"med_phases_post_wav", "ph":"B", "ts":"2749500882511", "pid":"1", "tid":"cmeps"},
{"name":"med_phases_history_write_comp", "ph":"B", "ts":"2749500882654", "pid":"1", "tid":"cmeps"},
{"name":"med_phases_history_write_comp", "ph":"E", "ts":"2749500882663", "pid":"1", "tid":"cmeps"},
{"name":"med_phases_post_wav", "ph":"E", "ts":"2749500882675", "pid":"1", "tid":"cmeps"},
{"name":"med_phases_restart_write", "ph":"B", "ts":"2749500882786", "pid":"1", "tid":"cmeps"},
{"name":"med_phases_restart_write", "ph":"E", "ts":"2749500882855", "pid":"1", "tid":"cmeps"},
{"name":"med_phases_prep_atm", "ph":"B", "ts":"2749500882956", "pid":"1", "tid":"cmeps"},
{"name":"med_phases_prep_atm", "ph":"E", "ts":"2749500882977", "pid":"1", "tid":"cmeps"},
{"name":"med_phases_prep_wav_accum", "ph":"B", "ts":"2749500883081", "pid":"1", "tid":"cmeps"},
{"name":"med_phases_prep_wav_accum", "ph":"E", "ts":"2749500883278", "pid":"1", "tid":"cmeps"},
{"name":"med_phases_prep_wav_avg", "ph":"B", "ts":"2749500883384", "pid":"1", "tid":"cmeps"},
{"name":"med_phases_prep_wav_avg", "ph":"E", "ts":"2749500883623", "pid":"1", "tid":"cmeps"},
{"name":"med_phases_post_atm", "ph":"B", "ts":"2749500885242", "pid":"1", "tid":"cmeps"},
{"name":"med_phases_history_write_comp", "ph":"B", "ts":"2749501541776", "pid":"1", "tid":"cmeps"},
{"name":"med_phases_history_write_comp", "ph":"E", "ts":"2749501541817", "pid":"1", "tid":"cmeps"},
{"name":"med_phases_post_atm", "ph":"E", "ts":"2749501541822", "pid":"1", "tid":"cmeps"},
{"name":"med_phases_post_wav", "ph":"B", "ts":"2749507491057", "pid":"1", "tid":"cmeps"},
{"name":"med_phases_history_write_comp", "ph":"B", "ts":"2749507491197", "pid":"1", "tid":"cmeps"},
{"name":"med_phases_history_write_comp", "ph":"E", "ts":"2749507491206", "pid":"1", "tid":"cmeps"},
{"name":"med_phases_post_wav", "ph":"E", "ts":"2749507491209", "pid":"1", "tid":"cmeps"},
{"name":"med_phases_restart_write", "ph":"B", "ts":"2749507491316", "pid":"1", "tid":"cmeps"},
{"name":"med_phases_restart_write", "ph":"E", "ts":"2749507491339", "pid":"1", "tid":"cmeps"},
{"name":"med_phases_prep_atm", "ph":"B", "ts":"2749507491431", "pid":"1", "tid":"cmeps"},
{"name":"med_phases_prep_atm", "ph":"E", "ts":"2749507491448", "pid":"1", "tid":"cmeps"},
{"name":"med_phases_prep_wav_accum", "ph":"B", "ts":"2749507491546", "pid":"1", "tid":"cmeps"},
{"name":"med_phases_prep_wav_accum", "ph":"E", "ts":"2749507491745", "pid":"1", "tid":"cmeps"},
{"name":"med_phases_prep_wav_avg", "ph":"B", "ts":"2749507491852", "pid":"1", "tid":"cmeps"},
{"name":"med_phases_prep_wav_avg", "ph":"E", "ts":"2749507492087", "pid":"1", "tid":"cmeps"},
{"name":"med_phases_post_atm", "ph":"B", "ts":"2749507493823", "pid":"1", "tid":"cmeps"},
{"name":"med_phases_history_write_comp", "ph":"B", "ts":"2749508251204", "pid":"1", "tid":"cmeps"},
{"name":"med_phases_history_write_comp", "ph":"E", "ts":"2749508251246", "pid":"1", "tid":"cmeps"},
{"name":"med_phases_post_atm", "ph":"E", "ts":"2749508251250", "pid":"1", "tid":"cmeps"},
{"name":"med_phases_post_wav", "ph":"B", "ts":"2749513322923", "pid":"1", "tid":"cmeps"},
{"name":"med_phases_history_write_comp", "ph":"B", "ts":"2749513323145", "pid":"1", "tid":"cmeps"},
{"name":"med_phases_history_write_comp", "ph":"E", "ts":"2749513326198", "pid":"1", "tid":"cmeps"},
{"name":"med_phases_post_wav", "ph":"E", "ts":"2749513326204", "pid":"1", "tid":"cmeps"},
{"name":"med_phases_restart_write", "ph":"B", "ts":"2749513326329", "pid":"1", "tid":"cmeps"},
{"name":"med_phases_restart_write", "ph":"E", "ts":"2749513326353", "pid":"1", "tid":"cmeps"},
{"name":"med_phases_prep_atm", "ph":"B", "ts":"2749513326444", "pid":"1", "tid":"cmeps"},
{"name":"med_phases_prep_atm", "ph":"E", "ts":"2749513326464", "pid":"1", "tid":"cmeps"},
{"name":"med_phases_prep_wav_accum", "ph":"B", "ts":"2749513326562", "pid":"1", "tid":"cmeps"},
{"name":"med_phases_prep_wav_accum", "ph":"E", "ts":"2749513326764", "pid":"1", "tid":"cmeps"},
{"name":"med_phases_prep_wav_avg", "ph":"B", "ts":"2749513326871", "pid":"1", "tid":"cmeps"},
{"name":"med_phases_prep_wav_avg", "ph":"E", "ts":"2749513327108", "pid":"1", "tid":"cmeps"},
{"name":"med_phases_post_atm", "ph":"B", "ts":"2749513328757", "pid":"1", "tid":"cmeps"},
{"name":"med_phases_history_write_comp", "ph":"B", "ts":"2749513982945", "pid":"1", "tid":"cmeps"},
{"name":"med_phases_history_write_comp", "ph":"E", "ts":"2749513983111", "pid":"1", "tid":"cmeps"},
{"name":"med_phases_post_atm", "ph":"E", "ts":"2749513983117", "pid":"1", "tid":"cmeps"},
{"name":"med_phases_post_wav", "ph":"B", "ts":"2749518571933", "pid":"1", "tid":"cmeps"},
{"name":"med_phases_history_write_comp", "ph":"B", "ts":"2749518571968", "pid":"1", "tid":"cmeps"},
{"name":"med_phases_history_write_comp", "ph":"E", "ts":"2749518571976", "pid":"1", "tid":"cmeps"},
{"name":"med_phases_post_wav", "ph":"E", "ts":"2749518571979", "pid":"1", "tid":"cmeps"},
{"name":"med_phases_restart_write", "ph":"B", "ts":"2749518572080", "pid":"1", "tid":"cmeps"},
{"name":"med_phases_restart_write", "ph":"E", "ts":"2749518572105", "pid":"1", "tid":"cmeps"},
{"name":"med_phases_prep_atm", "ph":"B", "ts":"2749518572198", "pid":"1", "tid":"cmeps"},
{"name":"med_phases_prep_atm", "ph":"E", "ts":"2749518572221", "pid":"1", "tid":"cmeps"},
{"name":"med_phases_prep_wav_accum", "ph":"B", "ts":"2749518572320", "pid":"1", "tid":"cmeps"},
{"name":"med_phases_prep_wav_accum", "ph":"E", "ts":"2749518572517", "pid":"1", "tid":"cmeps"},
{"name":"med_phases_prep_wav_avg", "ph":"B", "ts":"2749518572624", "pid":"1", "tid":"cmeps"},
{"name":"med_phases_prep_wav_avg", "ph":"E", "ts":"2749518572867", "pid":"1", "tid":"cmeps"},
{"name":"med_phases_post_atm", "ph":"B", "ts":"2749518574594", "pid":"1", "tid":"cmeps"},
{"name":"med_phases_history_write_comp", "ph":"B", "ts":"2749519111468", "pid":"1", "tid":"cmeps"},
{"name":"med_phases_history_write_comp", "ph":"E", "ts":"2749519111633", "pid":"1", "tid":"cmeps"},
{"name":"med_phases_post_atm", "ph":"E", "ts":"2749519111639", "pid":"1", "tid":"cmeps"},
{"name":"med_phases_post_wav", "ph":"B", "ts":"2749523404950", "pid":"1", "tid":"cmeps"},
{"name":"med_phases_history_write_comp", "ph":"B", "ts":"2749523404985", "pid":"1", "tid":"cmeps"},
{"name":"med_phases_history_write_comp", "ph":"E", "ts":"2749523404993", "pid":"1", "tid":"cmeps"},
{"name":"med_phases_post_wav", "ph":"E", "ts":"2749523404997", "pid":"1", "tid":"cmeps"},
{"name":"med_phases_restart_write", "ph":"B", "ts":"2749523405101", "pid":"1", "tid":"cmeps"},
{"name":"med_phases_restart_write", "ph":"E", "ts":"2749523405125", "pid":"1", "tid":"cmeps"},
{"name":"med_phases_prep_atm", "ph":"B", "ts":"2749523405216", "pid":"1", "tid":"cmeps"},
{"name":"med_phases_prep_atm", "ph":"E", "ts":"2749523405238", "pid":"1", "tid":"cmeps"},
{"name":"med_phases_prep_wav_accum", "ph":"B", "ts":"2749523405336", "pid":"1", "tid":"cmeps"},
{"name":"med_phases_prep_wav_accum", "ph":"E", "ts":"2749523405533", "pid":"1", "tid":"cmeps"},
{"name":"med_phases_prep_wav_avg", "ph":"B", "ts":"2749523405639", "pid":"1", "tid":"cmeps"},
{"name":"med_phases_prep_wav_avg", "ph":"E", "ts":"2749523405883", "pid":"1", "tid":"cmeps"},
{"name":"med_phases_post_atm", "ph":"B", "ts":"2749523407750", "pid":"1", "tid":"cmeps"},
{"name":"med_phases_history_write_comp", "ph":"B", "ts":"2749523791184", "pid":"1", "tid":"cmeps"},
{"name":"med_phases_history_write_comp", "ph":"E", "ts":"2749523791227", "pid":"1", "tid":"cmeps"},
{"name":"med_phases_post_atm", "ph":"E", "ts":"2749523791232", "pid":"1", "tid":"cmeps"},
{"name":"med_phases_post_wav", "ph":"B", "ts":"2749527799764", "pid":"1", "tid":"cmeps"},
{"name":"med_phases_history_write_comp", "ph":"B", "ts":"2749527799907", "pid":"1", "tid":"cmeps"},
{"name":"med_phases_history_write_comp", "ph":"E", "ts":"2749527799916", "pid":"1", "tid":"cmeps"},
{"name":"med_phases_post_wav", "ph":"E", "ts":"2749527799919", "pid":"1", "tid":"cmeps"},
{"name":"med_phases_restart_write", "ph":"B", "ts":"2749527800026", "pid":"1", "tid":"cmeps"},
{"name":"med_phases_restart_write", "ph":"E", "ts":"2749527800050", "pid":"1", "tid":"cmeps"},
{"name":"med_phases_prep_atm", "ph":"B", "ts":"2749527800140", "pid":"1", "tid":"cmeps"},
{"name":"med_phases_prep_atm", "ph":"E", "ts":"2749527800163", "pid":"1", "tid":"cmeps"},
{"name":"med_phases_prep_wav_accum", "ph":"B", "ts":"2749527800260", "pid":"1", "tid":"cmeps"},
{"name":"med_phases_prep_wav_accum", "ph":"E", "ts":"2749527800454", "pid":"1", "tid":"cmeps"},
{"name":"med_phases_prep_wav_avg", "ph":"B", "ts":"2749527800557", "pid":"1", "tid":"cmeps"},
{"name":"med_phases_prep_wav_avg", "ph":"E", "ts":"2749527800793", "pid":"1", "tid":"cmeps"},
{"name":"med_phases_post_atm", "ph":"B", "ts":"2749527802578", "pid":"1", "tid":"cmeps"},
{"name":"med_phases_history_write_comp", "ph":"B", "ts":"2749528294317", "pid":"1", "tid":"cmeps"},
{"name":"med_phases_history_write_comp", "ph":"E", "ts":"2749528294356", "pid":"1", "tid":"cmeps"},
{"name":"med_phases_post_atm", "ph":"E", "ts":"2749528294361", "pid":"1", "tid":"cmeps"},
{"name":"med_phases_post_wav", "ph":"B", "ts":"2749532339939", "pid":"1", "tid":"cmeps"},
{"name":"med_phases_history_write_comp", "ph":"B", "ts":"2749532340081", "pid":"1", "tid":"cmeps"},
{"name":"med_phases_history_write_comp", "ph":"E", "ts":"2749532340090", "pid":"1", "tid":"cmeps"},
{"name":"med_phases_post_wav", "ph":"E", "ts":"2749532340093", "pid":"1", "tid":"cmeps"},
{"name":"med_phases_restart_write", "ph":"B", "ts":"2749532340203", "pid":"1", "tid":"cmeps"},
{"name":"med_phases_restart_write", "ph":"E", "ts":"2749532340228", "pid":"1", "tid":"cmeps"},
{"name":"med_phases_prep_atm", "ph":"B", "ts":"2749532340320", "pid":"1", "tid":"cmeps"},
{"name":"med_phases_prep_atm", "ph":"E", "ts":"2749532340343", "pid":"1", "tid":"cmeps"},
{"name":"med_phases_prep_wav_accum", "ph":"B", "ts":"2749532340442", "pid":"1", "tid":"cmeps"},
{"name":"med_phases_prep_wav_accum", "ph":"E", "ts":"2749532340647", "pid":"1", "tid":"cmeps"},
{"name":"med_phases_prep_wav_avg", "ph":"B", "ts":"2749532340754", "pid":"1", "tid":"cmeps"},
{"name":"med_phases_prep_wav_avg", "ph":"E", "ts":"2749532340991", "pid":"1", "tid":"cmeps"},
{"name":"med_phases_post_atm", "ph":"B", "ts":"2749532342676", "pid":"1", "tid":"cmeps"},
{"name":"med_phases_history_write_comp", "ph":"B", "ts":"2749532786883", "pid":"1", "tid":"cmeps"},
{"name":"med_phases_history_write_comp", "ph":"E", "ts":"2749532786934", "pid":"1", "tid":"cmeps"},
{"name":"med_phases_post_atm", "ph":"E", "ts":"2749532786939", "pid":"1", "tid":"cmeps"},
{"name":"med_phases_post_wav", "ph":"B", "ts":"2749536206991", "pid":"1", "tid":"cmeps"},
{"name":"med_phases_history_write_comp", "ph":"B", "ts":"2749536207133", "pid":"1", "tid":"cmeps"},
{"name":"med_phases_history_write_comp", "ph":"E", "ts":"2749536207144", "pid":"1", "tid":"cmeps"},
{"name":"med_phases_post_wav", "ph":"E", "ts":"2749536207147", "pid":"1", "tid":"cmeps"},
{"name":"med_phases_restart_write", "ph":"B", "ts":"2749536207256", "pid":"1", "tid":"cmeps"},
{"name":"med_phases_restart_write", "ph":"E", "ts":"2749536207282", "pid":"1", "tid":"cmeps"},
{"name":"med_phases_prep_atm", "ph":"B", "ts":"2749536207374", "pid":"1", "tid":"cmeps"},
{"name":"med_phases_prep_atm", "ph":"E", "ts":"2749536207397", "pid":"1", "tid":"cmeps"},
{"name":"med_phases_prep_wav_accum", "ph":"B", "ts":"2749536207495", "pid":"1", "tid":"cmeps"},
{"name":"med_phases_prep_wav_accum", "ph":"E", "ts":"2749536207702", "pid":"1", "tid":"cmeps"},
{"name":"med_phases_prep_wav_avg", "ph":"B", "ts":"2749536207809", "pid":"1", "tid":"cmeps"},
{"name":"med_phases_prep_wav_avg", "ph":"E", "ts":"2749536208044", "pid":"1", "tid":"cmeps"},
{"name":"med_phases_post_atm", "ph":"B", "ts":"2749536209813", "pid":"1", "tid":"cmeps"},
{"name":"med_phases_history_write_comp", "ph":"B", "ts":"2749536548019", "pid":"1", "tid":"cmeps"},
{"name":"med_phases_history_write_comp", "ph":"E", "ts":"2749536548056", "pid":"1", "tid":"cmeps"},
{"name":"med_phases_post_atm", "ph":"E", "ts":"2749536548060", "pid":"1", "tid":"cmeps"},
{"name":"med_phases_post_wav", "ph":"B", "ts":"2749539815613", "pid":"1", "tid":"cmeps"},
{"name":"med_phases_history_write_comp", "ph":"B", "ts":"2749539815757", "pid":"1", "tid":"cmeps"},
{"name":"med_phases_history_write_comp", "ph":"E", "ts":"2749539815766", "pid":"1", "tid":"cmeps"},
{"name":"med_phases_post_wav", "ph":"E", "ts":"2749539815769", "pid":"1", "tid":"cmeps"},
{"name":"med_phases_restart_write", "ph":"B", "ts":"2749539815880", "pid":"1", "tid":"cmeps"},
{"name":"med_phases_restart_write", "ph":"E", "ts":"2749539815905", "pid":"1", "tid":"cmeps"},
{"name":"med_phases_prep_atm", "ph":"B", "ts":"2749539815997", "pid":"1", "tid":"cmeps"},
{"name":"med_phases_prep_atm", "ph":"E", "ts":"2749539816056", "pid":"1", "tid":"cmeps"},
{"name":"med_phases_prep_wav_accum", "ph":"B", "ts":"2749539816162", "pid":"1", "tid":"cmeps"},
{"name":"med_phases_prep_wav_accum", "ph":"E", "ts":"2749539816359", "pid":"1", "tid":"cmeps"},
{"name":"med_phases_prep_wav_avg", "ph":"B", "ts":"2749539816465", "pid":"1", "tid":"cmeps"},
{"name":"med_phases_prep_wav_avg", "ph":"E", "ts":"2749539816708", "pid":"1", "tid":"cmeps"},
{"name":"med_phases_post_atm", "ph":"B", "ts":"2749539818494", "pid":"1", "tid":"cmeps"},
{"name":"med_phases_history_write_comp", "ph":"B", "ts":"2749540218522", "pid":"1", "tid":"cmeps"},
{"name":"med_phases_history_write_comp", "ph":"E", "ts":"2749540218562", "pid":"1", "tid":"cmeps"},
{"name":"med_phases_post_atm", "ph":"E", "ts":"2749540218566", "pid":"1", "tid":"cmeps"},
{"name":"med_phases_post_wav", "ph":"B", "ts":"2749543312415", "pid":"1", "tid":"cmeps"},
{"name":"med_phases_history_write_comp", "ph":"B", "ts":"2749543312451", "pid":"1", "tid":"cmeps"},
{"name":"med_phases_history_write_comp", "ph":"E", "ts":"2749543312459", "pid":"1", "tid":"cmeps"},
{"name":"med_phases_post_wav", "ph":"E", "ts":"2749543312463", "pid":"1", "tid":"cmeps"},
{"name":"med_phases_restart_write", "ph":"B", "ts":"2749543312566", "pid":"1", "tid":"cmeps"},
{"name":"med_phases_restart_write", "ph":"E", "ts":"2749543312591", "pid":"1", "tid":"cmeps"},
{"name":"med_phases_prep_atm", "ph":"B", "ts":"2749543312693", "pid":"1", "tid":"cmeps"},
{"name":"med_phases_prep_atm", "ph":"E", "ts":"2749543312716", "pid":"1", "tid":"cmeps"},
{"name":"med_phases_prep_wav_accum", "ph":"B", "ts":"2749543312815", "pid":"1", "tid":"cmeps"},
{"name":"med_phases_prep_wav_accum", "ph":"E", "ts":"2749543313012", "pid":"1", "tid":"cmeps"},
{"name":"med_phases_prep_wav_avg", "ph":"B", "ts":"2749543313118", "pid":"1", "tid":"cmeps"},
{"name":"med_phases_prep_wav_avg", "ph":"E", "ts":"2749543313352", "pid":"1", "tid":"cmeps"},
{"name":"med_phases_post_atm", "ph":"B", "ts":"2749543315079", "pid":"1", "tid":"cmeps"},
{"name":"med_phases_history_write_comp", "ph":"B", "ts":"2749543716406", "pid":"1", "tid":"cmeps"},
{"name":"med_phases_history_write_comp", "ph":"E", "ts":"2749543716444", "pid":"1", "tid":"cmeps"},
{"name":"med_phases_post_atm", "ph":"E", "ts":"2749543716448", "pid":"1", "tid":"cmeps"},
{"name":"med_phases_post_wav", "ph":"B", "ts":"2749546680141", "pid":"1", "tid":"cmeps"},
{"name":"med_phases_history_write_comp", "ph":"B", "ts":"2749546680357", "pid":"1", "tid":"cmeps"},
{"name":"med_phases_history_write_comp", "ph":"E", "ts":"2749546680367", "pid":"1", "tid":"cmeps"},
{"name":"med_phases_post_wav", "ph":"E", "ts":"2749546680371", "pid":"1", "tid":"cmeps"},
{"name":"med_phases_restart_write", "ph":"B", "ts":"2749546680483", "pid":"1", "tid":"cmeps"},
{"name":"med_phases_restart_write", "ph":"E", "ts":"2749546680508", "pid":"1", "tid":"cmeps"},
{"name":"med_phases_prep_atm", "ph":"B", "ts":"2749546680607", "pid":"1", "tid":"cmeps"},
{"name":"med_phases_prep_atm", "ph":"E", "ts":"2749546680629", "pid":"1", "tid":"cmeps"},
{"name":"med_phases_prep_wav_accum", "ph":"B", "ts":"2749546680725", "pid":"1", "tid":"cmeps"},
{"name":"med_phases_prep_wav_accum", "ph":"E", "ts":"2749546680924", "pid":"1", "tid":"cmeps"},
{"name":"med_phases_prep_wav_avg", "ph":"B", "ts":"2749546681030", "pid":"1", "tid":"cmeps"},
{"name":"med_phases_prep_wav_avg", "ph":"E", "ts":"2749546681262", "pid":"1", "tid":"cmeps"},
{"name":"med_phases_post_atm", "ph":"B", "ts":"2749546682902", "pid":"1", "tid":"cmeps"},
{"name":"med_phases_history_write_comp", "ph":"B", "ts":"2749547051101", "pid":"1", "tid":"cmeps"},
{"name":"med_phases_history_write_comp", "ph":"E", "ts":"2749547051141", "pid":"1", "tid":"cmeps"},
{"name":"med_phases_post_atm", "ph":"E", "ts":"2749547051145", "pid":"1", "tid":"cmeps"},
{"name":"med_phases_post_wav", "ph":"B", "ts":"2749550062306", "pid":"1", "tid":"cmeps"},
{"name":"med_phases_history_write_comp", "ph":"B", "ts":"2749550062448", "pid":"1", "tid":"cmeps"},
{"name":"med_phases_history_write_comp", "ph":"E", "ts":"2749550062493", "pid":"1", "tid":"cmeps"},
{"name":"med_phases_post_wav", "ph":"E", "ts":"2749550062498", "pid":"1", "tid":"cmeps"},
{"name":"med_phases_restart_write", "ph":"B", "ts":"2749550062618", "pid":"1", "tid":"cmeps"},
{"name":"med_phases_restart_write", "ph":"E", "ts":"2749550062644", "pid":"1", "tid":"cmeps"},
{"name":"med_phases_prep_atm", "ph":"B", "ts":"2749550062738", "pid":"1", "tid":"cmeps"},
{"name":"med_phases_prep_atm", "ph":"E", "ts":"2749550062761", "pid":"1", "tid":"cmeps"},
{"name":"med_phases_prep_wav_accum", "ph":"B", "ts":"2749550062858", "pid":"1", "tid":"cmeps"},
{"name":"med_phases_prep_wav_accum", "ph":"E", "ts":"2749550063055", "pid":"1", "tid":"cmeps"},
{"name":"med_phases_prep_wav_avg", "ph":"B", "ts":"2749550063162", "pid":"1", "tid":"cmeps"},
{"name":"med_phases_prep_wav_avg", "ph":"E", "ts":"2749550063399", "pid":"1", "tid":"cmeps"},
{"name":"med_phases_post_atm", "ph":"B", "ts":"2749550065140", "pid":"1", "tid":"cmeps"},
{"name":"med_phases_history_write_comp", "ph":"B", "ts":"2749550471336", "pid":"1", "tid":"cmeps"},
{"name":"med_phases_history_write_comp", "ph":"E", "ts":"2749550471374", "pid":"1", "tid":"cmeps"},
{"name":"med_phases_post_atm", "ph":"E", "ts":"2749550471378", "pid":"1", "tid":"cmeps"},
{"name":"med_phases_post_wav", "ph":"B", "ts":"2749553607735", "pid":"1", "tid":"cmeps"},
{"name":"med_phases_history_write_comp", "ph":"B", "ts":"2749553607771", "pid":"1", "tid":"cmeps"},
{"name":"med_phases_history_write_comp", "ph":"E", "ts":"2749553607778", "pid":"1", "tid":"cmeps"},
{"name":"med_phases_post_wav", "ph":"E", "ts":"2749553607781", "pid":"1", "tid":"cmeps"},
{"name":"med_phases_restart_write", "ph":"B", "ts":"2749553607883", "pid":"1", "tid":"cmeps"},
{"name":"med_phases_restart_write", "ph":"E", "ts":"2749553607906", "pid":"1", "tid":"cmeps"},
{"name":"med_phases_prep_atm", "ph":"B", "ts":"2749553608000", "pid":"1", "tid":"cmeps"},
{"name":"med_phases_prep_atm", "ph":"E", "ts":"2749553608018", "pid":"1", "tid":"cmeps"},
{"name":"med_phases_prep_wav_accum", "ph":"B", "ts":"2749553608116", "pid":"1", "tid":"cmeps"},
{"name":"med_phases_prep_wav_accum", "ph":"E", "ts":"2749553608312", "pid":"1", "tid":"cmeps"},
{"name":"med_phases_prep_wav_avg", "ph":"B", "ts":"2749553608421", "pid":"1", "tid":"cmeps"},
{"name":"med_phases_prep_wav_avg", "ph":"E", "ts":"2749553608662", "pid":"1", "tid":"cmeps"},
{"name":"med_phases_post_atm", "ph":"B", "ts":"2749553610232", "pid":"1", "tid":"cmeps"},
{"name":"med_phases_history_write_comp", "ph":"B", "ts":"2749553992350", "pid":"1", "tid":"cmeps"},
{"name":"med_phases_history_write_comp", "ph":"E", "ts":"2749553992381", "pid":"1", "tid":"cmeps"},
{"name":"med_phases_post_atm", "ph":"E", "ts":"2749553992387", "pid":"1", "tid":"cmeps"},
{"name":"med_phases_post_wav", "ph":"B", "ts":"2749556690032", "pid":"1", "tid":"cmeps"},
{"name":"med_phases_history_write_comp", "ph":"B", "ts":"2749556690176", "pid":"1", "tid":"cmeps"},
{"name":"med_phases_history_write_comp", "ph":"E", "ts":"2749556690185", "pid":"1", "tid":"cmeps"},
{"name":"med_phases_post_wav", "ph":"E", "ts":"2749556690188", "pid":"1", "tid":"cmeps"},
{"name":"med_phases_restart_write", "ph":"B", "ts":"2749556690294", "pid":"1", "tid":"cmeps"},
{"name":"med_phases_restart_write", "ph":"E", "ts":"2749556690317", "pid":"1", "tid":"cmeps"},
{"name":"med_phases_prep_atm", "ph":"B", "ts":"2749556690409", "pid":"1", "tid":"cmeps"},
{"name":"med_phases_prep_atm", "ph":"E", "ts":"2749556690428", "pid":"1", "tid":"cmeps"},
{"name":"med_phases_prep_wav_accum", "ph":"B", "ts":"2749556690525", "pid":"1", "tid":"cmeps"},
{"name":"med_phases_prep_wav_accum", "ph":"E", "ts":"2749556690722", "pid":"1", "tid":"cmeps"},
{"name":"med_phases_prep_wav_avg", "ph":"B", "ts":"2749556690829", "pid":"1", "tid":"cmeps"},
{"name":"med_phases_prep_wav_avg", "ph":"E", "ts":"2749556691061", "pid":"1", "tid":"cmeps"},
{"name":"med_phases_post_atm", "ph":"B", "ts":"2749556692796", "pid":"1", "tid":"cmeps"},
{"name":"med_phases_history_write_comp", "ph":"B", "ts":"2749557100908", "pid":"1", "tid":"cmeps"},
{"name":"med_phases_history_write_comp", "ph":"E", "ts":"2749557101086", "pid":"1", "tid":"cmeps"},
{"name":"med_phases_post_atm", "ph":"E", "ts":"2749557101091", "pid":"1", "tid":"cmeps"},
{"name":"med_phases_post_wav", "ph":"B", "ts":"2749559706642", "pid":"1", "tid":"cmeps"},
{"name":"med_phases_history_write_comp", "ph":"B", "ts":"2749559706679", "pid":"1", "tid":"cmeps"},
{"name":"med_phases_history_write_comp", "ph":"E", "ts":"2749559706686", "pid":"1", "tid":"cmeps"},
{"name":"med_phases_post_wav", "ph":"E", "ts":"2749559706689", "pid":"1", "tid":"cmeps"},
{"name":"med_phases_restart_write", "ph":"B", "ts":"2749559706789", "pid":"1", "tid":"cmeps"},
{"name":"med_phases_restart_write", "ph":"E", "ts":"2749559706813", "pid":"1", "tid":"cmeps"},
{"name":"med_phases_prep_atm", "ph":"B", "ts":"2749559706906", "pid":"1", "tid":"cmeps"},
{"name":"med_phases_prep_atm", "ph":"E", "ts":"2749559706926", "pid":"1", "tid":"cmeps"},
{"name":"med_phases_prep_wav_accum", "ph":"B", "ts":"2749559707025", "pid":"1", "tid":"cmeps"},
{"name":"med_phases_prep_wav_accum", "ph":"E", "ts":"2749559707220", "pid":"1", "tid":"cmeps"},
{"name":"med_phases_prep_wav_avg", "ph":"B", "ts":"2749559707326", "pid":"1", "tid":"cmeps"},
{"name":"med_phases_prep_wav_avg", "ph":"E", "ts":"2749559707561", "pid":"1", "tid":"cmeps"},
{"name":"med_phases_post_atm", "ph":"B", "ts":"2749559709242", "pid":"1", "tid":"cmeps"},
{"name":"med_phases_history_write_comp", "ph":"B", "ts":"2749560144553", "pid":"1", "tid":"cmeps"},
{"name":"med_phases_history_write_comp", "ph":"E", "ts":"2749560144735", "pid":"1", "tid":"cmeps"},
{"name":"med_phases_post_atm", "ph":"E", "ts":"2749560144740", "pid":"1", "tid":"cmeps"},
{"name":"med_phases_post_wav", "ph":"B", "ts":"2749562644223", "pid":"1", "tid":"cmeps"},
{"name":"med_phases_history_write_comp", "ph":"B", "ts":"2749562644257", "pid":"1", "tid":"cmeps"},
{"name":"med_phases_history_write_comp", "ph":"E", "ts":"2749562644264", "pid":"1", "tid":"cmeps"},
{"name":"med_phases_post_wav", "ph":"E", "ts":"2749562644267", "pid":"1", "tid":"cmeps"},
{"name":"med_phases_restart_write", "ph":"B", "ts":"2749562644365", "pid":"1", "tid":"cmeps"},
{"name":"med_phases_restart_write", "ph":"E", "ts":"2749562644389", "pid":"1", "tid":"cmeps"},
{"name":"med_phases_prep_atm", "ph":"B", "ts":"2749562644480", "pid":"1", "tid":"cmeps"},
{"name":"med_phases_prep_atm", "ph":"E", "ts":"2749562644498", "pid":"1", "tid":"cmeps"},
{"name":"med_phases_prep_wav_accum", "ph":"B", "ts":"2749562644594", "pid":"1", "tid":"cmeps"},
{"name":"med_phases_prep_wav_accum", "ph":"E", "ts":"2749562644794", "pid":"1", "tid":"cmeps"},
{"name":"med_phases_prep_wav_avg", "ph":"B", "ts":"2749562644900", "pid":"1", "tid":"cmeps"},
{"name":"med_phases_prep_wav_avg", "ph":"E", "ts":"2749562645135", "pid":"1", "tid":"cmeps"},
{"name":"med_phases_post_atm", "ph":"B", "ts":"2749562646758", "pid":"1", "tid":"cmeps"},
{"name":"med_phases_history_write_comp", "ph":"B", "ts":"2749563062881", "pid":"1", "tid":"cmeps"},
{"name":"med_phases_history_write_comp", "ph":"E", "ts":"2749563062914", "pid":"1", "tid":"cmeps"},
{"name":"med_phases_post_atm", "ph":"E", "ts":"2749563062919", "pid":"1", "tid":"cmeps"},
{"name":"med_phases_post_wav", "ph":"B", "ts":"2749565494407", "pid":"1", "tid":"cmeps"},
{"name":"med_phases_history_write_comp", "ph":"B", "ts":"2749565494551", "pid":"1", "tid":"cmeps"},
{"name":"med_phases_history_write_comp", "ph":"E", "ts":"2749565494560", "pid":"1", "tid":"cmeps"},
{"name":"med_phases_post_wav", "ph":"E", "ts":"2749565494563", "pid":"1", "tid":"cmeps"},
{"name":"med_phases_restart_write", "ph":"B", "ts":"2749565494680", "pid":"1", "tid":"cmeps"},
{"name":"med_phases_restart_write", "ph":"E", "ts":"2749565494704", "pid":"1", "tid":"cmeps"},
{"name":"med_phases_prep_atm", "ph":"B", "ts":"2749565494796", "pid":"1", "tid":"cmeps"},
{"name":"med_phases_prep_atm", "ph":"E", "ts":"2749565494813", "pid":"1", "tid":"cmeps"},
{"name":"med_phases_prep_wav_accum", "ph":"B", "ts":"2749565494909", "pid":"1", "tid":"cmeps"},
{"name":"med_phases_prep_wav_accum", "ph":"E", "ts":"2749565495137", "pid":"1", "tid":"cmeps"},
{"name":"med_phases_prep_wav_avg", "ph":"B", "ts":"2749565495253", "pid":"1", "tid":"cmeps"},
{"name":"med_phases_prep_wav_avg", "ph":"E", "ts":"2749565495486", "pid":"1", "tid":"cmeps"},
{"name":"med_phases_post_atm", "ph":"B", "ts":"2749565497127", "pid":"1", "tid":"cmeps"},
{"name":"med_phases_history_write_comp", "ph":"B", "ts":"2749565915331", "pid":"1", "tid":"cmeps"},
{"name":"med_phases_history_write_comp", "ph":"E", "ts":"2749565915364", "pid":"1", "tid":"cmeps"},
{"name":"med_phases_post_atm", "ph":"E", "ts":"2749565915368", "pid":"1", "tid":"cmeps"},
{"name":"med_phases_post_wav", "ph":"B", "ts":"2749568473863", "pid":"1", "tid":"cmeps"},
{"name":"med_phases_history_write_comp", "ph":"B", "ts":"2749568473896", "pid":"1", "tid":"cmeps"},
{"name":"med_phases_history_write_comp", "ph":"E", "ts":"2749568473903", "pid":"1", "tid":"cmeps"},
{"name":"med_phases_post_wav", "ph":"E", "ts":"2749568473906", "pid":"1", "tid":"cmeps"},
{"name":"med_phases_restart_write", "ph":"B", "ts":"2749568474005", "pid":"1", "tid":"cmeps"},
{"name":"med_phases_restart_write", "ph":"E", "ts":"2749568474027", "pid":"1", "tid":"cmeps"},
{"name":"med_phases_prep_atm", "ph":"B", "ts":"2749568474118", "pid":"1", "tid":"cmeps"},
{"name":"med_phases_prep_atm", "ph":"E", "ts":"2749568474135", "pid":"1", "tid":"cmeps"},
{"name":"med_phases_prep_wav_accum", "ph":"B", "ts":"2749568474232", "pid":"1", "tid":"cmeps"},
{"name":"med_phases_prep_wav_accum", "ph":"E", "ts":"2749568474419", "pid":"1", "tid":"cmeps"},
{"name":"med_phases_prep_wav_avg", "ph":"B", "ts":"2749568474523", "pid":"1", "tid":"cmeps"},
{"name":"med_phases_prep_wav_avg", "ph":"E", "ts":"2749568474765", "pid":"1", "tid":"cmeps"},
{"name":"med_phases_post_atm", "ph":"B", "ts":"2749568476361", "pid":"1", "tid":"cmeps"},
{"name":"med_phases_history_write_comp", "ph":"B", "ts":"2749568966285", "pid":"1", "tid":"cmeps"},
{"name":"med_phases_history_write_comp", "ph":"E", "ts":"2749568966315", "pid":"1", "tid":"cmeps"},
{"name":"med_phases_post_atm", "ph":"E", "ts":"2749568966319", "pid":"1", "tid":"cmeps"},
{"name":"med_phases_post_wav", "ph":"B", "ts":"2749571691454", "pid":"1", "tid":"cmeps"},
{"name":"med_phases_history_write_comp", "ph":"B", "ts":"2749571691604", "pid":"1", "tid":"cmeps"},
{"name":"med_phases_history_write_comp", "ph":"E", "ts":"2749571691612", "pid":"1", "tid":"cmeps"},
{"name":"med_phases_post_wav", "ph":"E", "ts":"2749571691615", "pid":"1", "tid":"cmeps"},
{"name":"med_phases_restart_write", "ph":"B", "ts":"2749571691723", "pid":"1", "tid":"cmeps"},
{"name":"med_phases_restart_write", "ph":"E", "ts":"2749571691746", "pid":"1", "tid":"cmeps"},
{"name":"med_phases_prep_atm", "ph":"B", "ts":"2749571691839", "pid":"1", "tid":"cmeps"},
{"name":"med_phases_prep_atm", "ph":"E", "ts":"2749571691857", "pid":"1", "tid":"cmeps"},
{"name":"med_phases_prep_wav_accum", "ph":"B", "ts":"2749571691956", "pid":"1", "tid":"cmeps"},
{"name":"med_phases_prep_wav_accum", "ph":"E", "ts":"2749571692142", "pid":"1", "tid":"cmeps"},
{"name":"med_phases_prep_wav_avg", "ph":"B", "ts":"2749571692247", "pid":"1", "tid":"cmeps"},
{"name":"med_phases_prep_wav_avg", "ph":"E", "ts":"2749571692480", "pid":"1", "tid":"cmeps"},
{"name":"med_phases_post_atm", "ph":"B", "ts":"2749571694232", "pid":"1", "tid":"cmeps"},
{"name":"med_phases_history_write_comp", "ph":"B", "ts":"2749572129515", "pid":"1", "tid":"cmeps"},
{"name":"med_phases_history_write_comp", "ph":"E", "ts":"2749572129550", "pid":"1", "tid":"cmeps"},
{"name":"med_phases_post_atm", "ph":"E", "ts":"2749572129554", "pid":"1", "tid":"cmeps"},
{"name":"med_phases_post_wav", "ph":"B", "ts":"2749574435296", "pid":"1", "tid":"cmeps"},
{"name":"med_phases_history_write_comp", "ph":"B", "ts":"2749574435331", "pid":"1", "tid":"cmeps"},
{"name":"med_phases_history_write_comp", "ph":"E", "ts":"2749574435338", "pid":"1", "tid":"cmeps"},
{"name":"med_phases_post_wav", "ph":"E", "ts":"2749574435341", "pid":"1", "tid":"cmeps"},
{"name":"med_phases_restart_write", "ph":"B", "ts":"2749574435440", "pid":"1", "tid":"cmeps"},
{"name":"med_phases_restart_write", "ph":"E", "ts":"2749574435588", "pid":"1", "tid":"cmeps"},
{"name":"med_phases_prep_atm", "ph":"B", "ts":"2749574435700", "pid":"1", "tid":"cmeps"},
{"name":"med_phases_prep_atm", "ph":"E", "ts":"2749574435717", "pid":"1", "tid":"cmeps"},
{"name":"med_phases_prep_wav_accum", "ph":"B", "ts":"2749574435815", "pid":"1", "tid":"cmeps"},
{"name":"med_phases_prep_wav_accum", "ph":"E", "ts":"2749574436000", "pid":"1", "tid":"cmeps"},
{"name":"med_phases_prep_wav_avg", "ph":"B", "ts":"2749574436106", "pid":"1", "tid":"cmeps"},
{"name":"med_phases_prep_wav_avg", "ph":"E", "ts":"2749574436340", "pid":"1", "tid":"cmeps"},
{"name":"med_phases_post_atm", "ph":"B", "ts":"2749574437960", "pid":"1", "tid":"cmeps"},
{"name":"med_phases_history_write_comp", "ph":"B", "ts":"2749574892325", "pid":"1", "tid":"cmeps"},
{"name":"med_phases_history_write_comp", "ph":"E", "ts":"2749574892360", "pid":"1", "tid":"cmeps"},
{"name":"med_phases_post_atm", "ph":"E", "ts":"2749574892364", "pid":"1", "tid":"cmeps"},
{"name":"med_phases_post_wav", "ph":"B", "ts":"2749577165412", "pid":"1", "tid":"cmeps"},
{"name":"med_phases_history_write_comp", "ph":"B", "ts":"2749577165640", "pid":"1", "tid":"cmeps"},
{"name":"med_phases_history_write_comp", "ph":"E", "ts":"2749577165648", "pid":"1", "tid":"cmeps"},
{"name":"med_phases_post_wav", "ph":"E", "ts":"2749577165652", "pid":"1", "tid":"cmeps"},
{"name":"med_phases_restart_write", "ph":"B", "ts":"2749577165763", "pid":"1", "tid":"cmeps"},
{"name":"med_phases_restart_write", "ph":"E", "ts":"2749577165789", "pid":"1", "tid":"cmeps"},
{"name":"med_phases_prep_atm", "ph":"B", "ts":"2749577165883", "pid":"1", "tid":"cmeps"},
{"name":"med_phases_prep_atm", "ph":"E", "ts":"2749577165899", "pid":"1", "tid":"cmeps"},
{"name":"med_phases_prep_wav_accum", "ph":"B", "ts":"2749577165997", "pid":"1", "tid":"cmeps"},
{"name":"med_phases_prep_wav_accum", "ph":"E", "ts":"2749577166198", "pid":"1", "tid":"cmeps"},
{"name":"med_phases_prep_wav_avg", "ph":"B", "ts":"2749577166303", "pid":"1", "tid":"cmeps"},
{"name":"med_phases_prep_wav_avg", "ph":"E", "ts":"2749577166535", "pid":"1", "tid":"cmeps"},
{"name":"med_phases_post_atm", "ph":"B", "ts":"2749577168104", "pid":"1", "tid":"cmeps"},
{"name":"med_phases_history_write_comp", "ph":"B", "ts":"2749577630497", "pid":"1", "tid":"cmeps"},
{"name":"med_phases_history_write_comp", "ph":"E", "ts":"2749577630533", "pid":"1", "tid":"cmeps"},
{"name":"med_phases_post_atm", "ph":"E", "ts":"2749577630537", "pid":"1", "tid":"cmeps"},
{"name":"med_phases_post_wav", "ph":"B", "ts":"2749579869611", "pid":"1", "tid":"cmeps"},
{"name":"med_phases_history_write_comp", "ph":"B", "ts":"2749579869647", "pid":"1", "tid":"cmeps"},
{"name":"med_phases_history_write_comp", "ph":"E", "ts":"2749579869653", "pid":"1", "tid":"cmeps"},
{"name":"med_phases_post_wav", "ph":"E", "ts":"2749579869656", "pid":"1", "tid":"cmeps"},
{"name":"med_phases_restart_write", "ph":"B", "ts":"2749579869753", "pid":"1", "tid":"cmeps"},
{"name":"med_phases_restart_write", "ph":"E", "ts":"2749579869775", "pid":"1", "tid":"cmeps"},
{"name":"med_phases_prep_atm", "ph":"B", "ts":"2749579869865", "pid":"1", "tid":"cmeps"},
{"name":"med_phases_prep_atm", "ph":"E", "ts":"2749579869882", "pid":"1", "tid":"cmeps"},
{"name":"med_phases_prep_wav_accum", "ph":"B", "ts":"2749579869978", "pid":"1", "tid":"cmeps"},
{"name":"med_phases_prep_wav_accum", "ph":"E", "ts":"2749579870160", "pid":"1", "tid":"cmeps"},
{"name":"med_phases_prep_wav_avg", "ph":"B", "ts":"2749579870264", "pid":"1", "tid":"cmeps"},
{"name":"med_phases_prep_wav_avg", "ph":"E", "ts":"2749579870490", "pid":"1", "tid":"cmeps"},
{"name":"med_phases_post_atm", "ph":"B", "ts":"2749579872080", "pid":"1", "tid":"cmeps"},
{"name":"med_phases_history_write_comp", "ph":"B", "ts":"2749580361488", "pid":"1", "tid":"cmeps"},
{"name":"med_phases_history_write_comp", "ph":"E", "ts":"2749580361621", "pid":"1", "tid":"cmeps"},
{"name":"med_phases_post_atm", "ph":"E", "ts":"2749580361626", "pid":"1", "tid":"cmeps"},
{"name":"med_phases_post_wav", "ph":"B", "ts":"2749582534586", "pid":"1", "tid":"cmeps"},
{"name":"med_phases_history_write_comp", "ph":"B", "ts":"2749582534627", "pid":"1", "tid":"cmeps"},
{"name":"med_phases_history_write_comp", "ph":"E", "ts":"2749582534634", "pid":"1", "tid":"cmeps"},
{"name":"med_phases_post_wav", "ph":"E", "ts":"2749582534637", "pid":"1", "tid":"cmeps"},
{"name":"med_phases_restart_write", "ph":"B", "ts":"2749582534735", "pid":"1", "tid":"cmeps"},
{"name":"med_phases_restart_write", "ph":"E", "ts":"2749582534757", "pid":"1", "tid":"cmeps"},
{"name":"med_phases_prep_atm", "ph":"B", "ts":"2749582534846", "pid":"1", "tid":"cmeps"},
{"name":"med_phases_prep_atm", "ph":"E", "ts":"2749582534862", "pid":"1", "tid":"cmeps"},
{"name":"med_phases_prep_wav_accum", "ph":"B", "ts":"2749582534957", "pid":"1", "tid":"cmeps"},
{"name":"med_phases_prep_wav_accum", "ph":"E", "ts":"2749582535142", "pid":"1", "tid":"cmeps"},
{"name":"med_phases_prep_wav_avg", "ph":"B", "ts":"2749582535248", "pid":"1", "tid":"cmeps"},
{"name":"med_phases_prep_wav_avg", "ph":"E", "ts":"2749582535478", "pid":"1", "tid":"cmeps"},
{"name":"med_phases_post_atm", "ph":"B", "ts":"2749582537176", "pid":"1", "tid":"cmeps"},
{"name":"med_phases_history_write_comp", "ph":"B", "ts":"2749583027238", "pid":"1", "tid":"cmeps"},
{"name":"med_phases_history_write_comp", "ph":"E", "ts":"2749583027272", "pid":"1", "tid":"cmeps"},
{"name":"med_phases_post_atm", "ph":"E", "ts":"2749583027277", "pid":"1", "tid":"cmeps"},
{"name":"med_phases_post_wav", "ph":"B", "ts":"2749585287026", "pid":"1", "tid":"cmeps"},
{"name":"med_phases_history_write_comp", "ph":"B", "ts":"2749585287061", "pid":"1", "tid":"cmeps"},
{"name":"med_phases_history_write_comp", "ph":"E", "ts":"2749585287068", "pid":"1", "tid":"cmeps"},
{"name":"med_phases_post_wav", "ph":"E", "ts":"2749585287072", "pid":"1", "tid":"cmeps"},
{"name":"med_phases_restart_write", "ph":"B", "ts":"2749585287172", "pid":"1", "tid":"cmeps"},
{"name":"med_phases_restart_write", "ph":"E", "ts":"2749585287195", "pid":"1", "tid":"cmeps"},
{"name":"med_phases_prep_atm", "ph":"B", "ts":"2749585287287", "pid":"1", "tid":"cmeps"},
{"name":"med_phases_prep_atm", "ph":"E", "ts":"2749585287303", "pid":"1", "tid":"cmeps"},
{"name":"med_phases_prep_wav_accum", "ph":"B", "ts":"2749585287400", "pid":"1", "tid":"cmeps"},
{"name":"med_phases_prep_wav_accum", "ph":"E", "ts":"2749585287595", "pid":"1", "tid":"cmeps"},
{"name":"med_phases_prep_wav_avg", "ph":"B", "ts":"2749585287701", "pid":"1", "tid":"cmeps"},
{"name":"med_phases_prep_wav_avg", "ph":"E", "ts":"2749585287934", "pid":"1", "tid":"cmeps"},
{"name":"med_phases_post_atm", "ph":"B", "ts":"2749585289563", "pid":"1", "tid":"cmeps"},
{"name":"med_phases_history_write_comp", "ph":"B", "ts":"2749585859299", "pid":"1", "tid":"cmeps"},
{"name":"med_phases_history_write_comp", "ph":"E", "ts":"2749585859446", "pid":"1", "tid":"cmeps"},
{"name":"med_phases_post_atm", "ph":"E", "ts":"2749585859450", "pid":"1", "tid":"cmeps"},
{"name":"med_phases_post_wav", "ph":"B", "ts":"2749588479475", "pid":"1", "tid":"cmeps"},
{"name":"med_phases_history_write_comp", "ph":"B", "ts":"2749588479507", "pid":"1", "tid":"cmeps"},
{"name":"med_phases_history_write_comp", "ph":"E", "ts":"2749588479514", "pid":"1", "tid":"cmeps"},
{"name":"med_phases_post_wav", "ph":"E", "ts":"2749588479517", "pid":"1", "tid":"cmeps"},
{"name":"med_phases_restart_write", "ph":"B", "ts":"2749588479630", "pid":"1", "tid":"cmeps"},
{"name":"med_phases_restart_write", "ph":"E", "ts":"2749588479653", "pid":"1", "tid":"cmeps"},
{"name":"med_phases_prep_atm", "ph":"B", "ts":"2749588479746", "pid":"1", "tid":"cmeps"},
{"name":"med_phases_prep_atm", "ph":"E", "ts":"2749588479764", "pid":"1", "tid":"cmeps"},
{"name":"med_phases_prep_wav_accum", "ph":"B", "ts":"2749588479861", "pid":"1", "tid":"cmeps"},
{"name":"med_phases_prep_wav_accum", "ph":"E", "ts":"2749588480048", "pid":"1", "tid":"cmeps"},
{"name":"med_phases_prep_wav_avg", "ph":"B", "ts":"2749588480154", "pid":"1", "tid":"cmeps"},
{"name":"med_phases_prep_wav_avg", "ph":"E", "ts":"2749588480511", "pid":"1", "tid":"cmeps"},
{"name":"med_phases_post_atm", "ph":"B", "ts":"2749588482229", "pid":"1", "tid":"cmeps"},
{"name":"med_phases_history_write_comp", "ph":"B", "ts":"2749588978932", "pid":"1", "tid":"cmeps"},
{"name":"med_phases_history_write_comp", "ph":"E", "ts":"2749588978965", "pid":"1", "tid":"cmeps"},
{"name":"med_phases_post_atm", "ph":"E", "ts":"2749588978968", "pid":"1", "tid":"cmeps"},
{"name":"med_phases_post_wav", "ph":"B", "ts":"2749591152137", "pid":"1", "tid":"cmeps"},
{"name":"med_phases_history_write_comp", "ph":"B", "ts":"2749591152275", "pid":"1", "tid":"cmeps"},
{"name":"med_phases_history_write_comp", "ph":"E", "ts":"2749591152283", "pid":"1", "tid":"cmeps"},
{"name":"med_phases_post_wav", "ph":"E", "ts":"2749591152286", "pid":"1", "tid":"cmeps"},
{"name":"med_phases_restart_write", "ph":"B", "ts":"2749591152392", "pid":"1", "tid":"cmeps"},
{"name":"med_phases_restart_write", "ph":"E", "ts":"2749591152415", "pid":"1", "tid":"cmeps"},
{"name":"med_phases_prep_atm", "ph":"B", "ts":"2749591152507", "pid":"1", "tid":"cmeps"},
{"name":"med_phases_prep_atm", "ph":"E", "ts":"2749591152523", "pid":"1", "tid":"cmeps"},
{"name":"med_phases_prep_wav_accum", "ph":"B", "ts":"2749591152627", "pid":"1", "tid":"cmeps"},
{"name":"med_phases_prep_wav_accum", "ph":"E", "ts":"2749591152816", "pid":"1", "tid":"cmeps"},
{"name":"med_phases_prep_wav_avg", "ph":"B", "ts":"2749591152921", "pid":"1", "tid":"cmeps"},
{"name":"med_phases_prep_wav_avg", "ph":"E", "ts":"2749591153150", "pid":"1", "tid":"cmeps"},
{"name":"med_phases_post_atm", "ph":"B", "ts":"2749591154713", "pid":"1", "tid":"cmeps"},
{"name":"med_phases_history_write_comp", "ph":"B", "ts":"2749591665021", "pid":"1", "tid":"cmeps"},
{"name":"med_phases_history_write_comp", "ph":"E", "ts":"2749591665058", "pid":"1", "tid":"cmeps"},
{"name":"med_phases_post_atm", "ph":"E", "ts":"2749591665062", "pid":"1", "tid":"cmeps"},
{"name":"med_phases_post_wav", "ph":"B", "ts":"2749593788973", "pid":"1", "tid":"cmeps"},
{"name":"med_phases_history_write_comp", "ph":"B", "ts":"2749593789017", "pid":"1", "tid":"cmeps"},
{"name":"med_phases_history_write_comp", "ph":"E", "ts":"2749593789033", "pid":"1", "tid":"cmeps"},
{"name":"med_phases_post_wav", "ph":"E", "ts":"2749593789036", "pid":"1", "tid":"cmeps"},
{"name":"med_phases_restart_write", "ph":"B", "ts":"2749593789147", "pid":"1", "tid":"cmeps"},
{"name":"med_phases_restart_write", "ph":"E", "ts":"2749593789173", "pid":"1", "tid":"cmeps"},
{"name":"med_phases_prep_atm", "ph":"B", "ts":"2749593789271", "pid":"1", "tid":"cmeps"},
{"name":"med_phases_prep_atm", "ph":"E", "ts":"2749593789313", "pid":"1", "tid":"cmeps"},
{"name":"med_phases_prep_wav_accum", "ph":"B", "ts":"2749593789415", "pid":"1", "tid":"cmeps"},
{"name":"med_phases_prep_wav_accum", "ph":"E", "ts":"2749593790065", "pid":"1", "tid":"cmeps"},
{"name":"med_phases_prep_wav_avg", "ph":"B", "ts":"2749593790182", "pid":"1", "tid":"cmeps"},
{"name":"med_phases_prep_wav_avg", "ph":"E", "ts":"2749593790420", "pid":"1", "tid":"cmeps"},
{"name":"med_phases_post_atm", "ph":"B", "ts":"2749593794710", "pid":"1", "tid":"cmeps"},
{"name":"med_phases_history_write_comp", "ph":"B", "ts":"2749594312759", "pid":"1", "tid":"cmeps"},
{"name":"med_phases_history_write_comp", "ph":"E", "ts":"2749594312790", "pid":"1", "tid":"cmeps"},
{"name":"med_phases_post_atm", "ph":"E", "ts":"2749594312794", "pid":"1", "tid":"cmeps"},
{"name":"med_phases_post_wav", "ph":"B", "ts":"2749596501167", "pid":"1", "tid":"cmeps"},
{"name":"med_phases_history_write_comp", "ph":"B", "ts":"2749596501308", "pid":"1", "tid":"cmeps"},
{"name":"med_phases_history_write_comp", "ph":"E", "ts":"2749596501317", "pid":"1", "tid":"cmeps"},
{"name":"med_phases_post_wav", "ph":"E", "ts":"2749596501320", "pid":"1", "tid":"cmeps"},
{"name":"med_phases_restart_write", "ph":"B", "ts":"2749596501430", "pid":"1", "tid":"cmeps"},
{"name":"med_phases_restart_write", "ph":"E", "ts":"2749596501453", "pid":"1", "tid":"cmeps"},
{"name":"med_phases_prep_atm", "ph":"B", "ts":"2749596501547", "pid":"1", "tid":"cmeps"},
{"name":"med_phases_prep_atm", "ph":"E", "ts":"2749596501612", "pid":"1", "tid":"cmeps"},
{"name":"med_phases_prep_wav_accum", "ph":"B", "ts":"2749596501721", "pid":"1", "tid":"cmeps"},
{"name":"med_phases_prep_wav_accum", "ph":"E", "ts":"2749596501912", "pid":"1", "tid":"cmeps"},
{"name":"med_phases_prep_wav_avg", "ph":"B", "ts":"2749596502018", "pid":"1", "tid":"cmeps"},
{"name":"med_phases_prep_wav_avg", "ph":"E", "ts":"2749596502251", "pid":"1", "tid":"cmeps"},
{"name":"med_phases_post_atm", "ph":"B", "ts":"2749596503999", "pid":"1", "tid":"cmeps"},
{"name":"med_phases_history_write_comp", "ph":"B", "ts":"2749597028962", "pid":"1", "tid":"cmeps"},
{"name":"med_phases_history_write_comp", "ph":"E", "ts":"2749597028998", "pid":"1", "tid":"cmeps"},
{"name":"med_phases_post_atm", "ph":"E", "ts":"2749597029002", "pid":"1", "tid":"cmeps"},
{"name":"med_phases_post_wav", "ph":"B", "ts":"2749599108594", "pid":"1", "tid":"cmeps"},
{"name":"med_phases_history_write_comp", "ph":"B", "ts":"2749599108627", "pid":"1", "tid":"cmeps"},
{"name":"med_phases_history_write_comp", "ph":"E", "ts":"2749599108633", "pid":"1", "tid":"cmeps"},
{"name":"med_phases_post_wav", "ph":"E", "ts":"2749599108636", "pid":"1", "tid":"cmeps"},
{"name":"med_phases_restart_write", "ph":"B", "ts":"2749599108720", "pid":"1", "tid":"cmeps"},
{"name":"med_phases_restart_write", "ph":"E", "ts":"2749599108740", "pid":"1", "tid":"cmeps"},
{"name":"med_phases_prep_atm", "ph":"B", "ts":"2749599108818", "pid":"1", "tid":"cmeps"},
{"name":"med_phases_prep_atm", "ph":"E", "ts":"2749599108834", "pid":"1", "tid":"cmeps"},
{"name":"med_phases_prep_wav_accum", "ph":"B", "ts":"2749599108916", "pid":"1", "tid":"cmeps"},
{"name":"med_phases_prep_wav_accum", "ph":"E", "ts":"2749599109080", "pid":"1", "tid":"cmeps"},
{"name":"med_phases_prep_wav_avg", "ph":"B", "ts":"2749599109169", "pid":"1", "tid":"cmeps"},
{"name":"med_phases_prep_wav_avg", "ph":"E", "ts":"2749599109365", "pid":"1", "tid":"cmeps"},
{"name":"med_phases_post_atm", "ph":"B", "ts":"2749599722939", "pid":"1", "tid":"cmeps"},
{"name":"med_phases_history_write_comp", "ph":"B", "ts":"2749599729262", "pid":"1", "tid":"cmeps"},
{"name":"med_phases_history_write_comp", "ph":"E", "ts":"2749599729289", "pid":"1", "tid":"cmeps"},
{"name":"med_phases_post_atm", "ph":"E", "ts":"2749599729293", "pid":"1", "tid":"cmeps"},
{"name":"med_phases_post_wav", "ph":"B", "ts":"2749601857592", "pid":"1", "tid":"cmeps"},
{"name":"med_phases_history_write_comp", "ph":"B", "ts":"2749601857735", "pid":"1", "tid":"cmeps"},
{"name":"med_phases_history_write_comp", "ph":"E", "ts":"2749601857743", "pid":"1", "tid":"cmeps"},
{"name":"med_phases_post_wav", "ph":"E", "ts":"2749601857746", "pid":"1", "tid":"cmeps"},
{"name":"med_phases_restart_write", "ph":"B", "ts":"2749601857853", "pid":"1", "tid":"cmeps"},
{"name":"med_phases_restart_write", "ph":"E", "ts":"2749601857875", "pid":"1", "tid":"cmeps"},
{"name":"med_phases_prep_atm", "ph":"B", "ts":"2749601857967", "pid":"1", "tid":"cmeps"},
{"name":"med_phases_prep_atm", "ph":"E", "ts":"2749601857984", "pid":"1", "tid":"cmeps"},
{"name":"med_phases_prep_wav_accum", "ph":"B", "ts":"2749601858081", "pid":"1", "tid":"cmeps"},
{"name":"med_phases_prep_wav_accum", "ph":"E", "ts":"2749601858267", "pid":"1", "tid":"cmeps"},
{"name":"med_phases_prep_wav_avg", "ph":"B", "ts":"2749601858374", "pid":"1", "tid":"cmeps"},
{"name":"med_phases_prep_wav_avg", "ph":"E", "ts":"2749601858612", "pid":"1", "tid":"cmeps"},
{"name":"med_phases_post_atm", "ph":"B", "ts":"2749601860248", "pid":"1", "tid":"cmeps"},
{"name":"med_phases_history_write_comp", "ph":"B", "ts":"2749602476751", "pid":"1", "tid":"cmeps"},
{"name":"med_phases_history_write_comp", "ph":"E", "ts":"2749602476789", "pid":"1", "tid":"cmeps"},
{"name":"med_phases_post_atm", "ph":"E", "ts":"2749602476794", "pid":"1", "tid":"cmeps"},
{"name":"med_phases_post_wav", "ph":"B", "ts":"2749604982384", "pid":"1", "tid":"cmeps"},
{"name":"med_phases_history_write_comp", "ph":"B", "ts":"2749604982419", "pid":"1", "tid":"cmeps"},
{"name":"med_phases_history_write_comp", "ph":"E", "ts":"2749604982560", "pid":"1", "tid":"cmeps"},
{"name":"med_phases_post_wav", "ph":"E", "ts":"2749604982565", "pid":"1", "tid":"cmeps"},
{"name":"med_phases_restart_write", "ph":"B", "ts":"2749604982675", "pid":"1", "tid":"cmeps"},
{"name":"med_phases_restart_write", "ph":"E", "ts":"2749604982700", "pid":"1", "tid":"cmeps"},
{"name":"med_phases_prep_atm", "ph":"B", "ts":"2749604982794", "pid":"1", "tid":"cmeps"},
{"name":"med_phases_prep_atm", "ph":"E", "ts":"2749604982812", "pid":"1", "tid":"cmeps"},
{"name":"med_phases_prep_wav_accum", "ph":"B", "ts":"2749604982910", "pid":"1", "tid":"cmeps"},
{"name":"med_phases_prep_wav_accum", "ph":"E", "ts":"2749604983108", "pid":"1", "tid":"cmeps"},
{"name":"med_phases_prep_wav_avg", "ph":"B", "ts":"2749604983215", "pid":"1", "tid":"cmeps"},
{"name":"med_phases_prep_wav_avg", "ph":"E", "ts":"2749604983449", "pid":"1", "tid":"cmeps"},
{"name":"med_phases_post_atm", "ph":"B", "ts":"2749604985124", "pid":"1", "tid":"cmeps"},
{"name":"med_phases_history_write_comp", "ph":"B", "ts":"2749605525693", "pid":"1", "tid":"cmeps"},
{"name":"med_phases_history_write_comp", "ph":"E", "ts":"2749605525732", "pid":"1", "tid":"cmeps"},
{"name":"med_phases_post_atm", "ph":"E", "ts":"2749605525736", "pid":"1", "tid":"cmeps"},
{"name":"med_phases_post_wav", "ph":"B", "ts":"2749607560885", "pid":"1", "tid":"cmeps"},
{"name":"med_phases_history_write_comp", "ph":"B", "ts":"2749607561101", "pid":"1", "tid":"cmeps"},
{"name":"med_phases_history_write_comp", "ph":"E", "ts":"2749607561109", "pid":"1", "tid":"cmeps"},
{"name":"med_phases_post_wav", "ph":"E", "ts":"2749607561112", "pid":"1", "tid":"cmeps"},
{"name":"med_phases_restart_write", "ph":"B", "ts":"2749607561220", "pid":"1", "tid":"cmeps"},
{"name":"med_phases_restart_write", "ph":"E", "ts":"2749607561243", "pid":"1", "tid":"cmeps"},
{"name":"med_phases_prep_atm", "ph":"B", "ts":"2749607561336", "pid":"1", "tid":"cmeps"},
{"name":"med_phases_prep_atm", "ph":"E", "ts":"2749607561353", "pid":"1", "tid":"cmeps"},
{"name":"med_phases_prep_wav_accum", "ph":"B", "ts":"2749607561450", "pid":"1", "tid":"cmeps"},
{"name":"med_phases_prep_wav_accum", "ph":"E", "ts":"2749607561643", "pid":"1", "tid":"cmeps"},
{"name":"med_phases_prep_wav_avg", "ph":"B", "ts":"2749607561749", "pid":"1", "tid":"cmeps"},
{"name":"med_phases_prep_wav_avg", "ph":"E", "ts":"2749607561979", "pid":"1", "tid":"cmeps"},
{"name":"med_phases_post_atm", "ph":"B", "ts":"2749607563614", "pid":"1", "tid":"cmeps"},
{"name":"med_phases_history_write_comp", "ph":"B", "ts":"2749608006128", "pid":"1", "tid":"cmeps"},
{"name":"med_phases_history_write_comp", "ph":"E", "ts":"2749608006167", "pid":"1", "tid":"cmeps"},
{"name":"med_phases_post_atm", "ph":"E", "ts":"2749608006172", "pid":"1", "tid":"cmeps"},
{"name":"med_phases_post_wav", "ph":"B", "ts":"2749610061837", "pid":"1", "tid":"cmeps"},
{"name":"med_phases_history_write_comp", "ph":"B", "ts":"2749610061870", "pid":"1", "tid":"cmeps"},
{"name":"med_phases_history_write_comp", "ph":"E", "ts":"2749610061877", "pid":"1", "tid":"cmeps"},
{"name":"med_phases_post_wav", "ph":"E", "ts":"2749610061880", "pid":"1", "tid":"cmeps"},
{"name":"med_phases_restart_write", "ph":"B", "ts":"2749610061978", "pid":"1", "tid":"cmeps"},
{"name":"med_phases_restart_write", "ph":"E", "ts":"2749610062001", "pid":"1", "tid":"cmeps"},
{"name":"med_phases_prep_atm", "ph":"B", "ts":"2749610062092", "pid":"1", "tid":"cmeps"},
{"name":"med_phases_prep_atm", "ph":"E", "ts":"2749610062110", "pid":"1", "tid":"cmeps"},
{"name":"med_phases_prep_wav_accum", "ph":"B", "ts":"2749610062207", "pid":"1", "tid":"cmeps"},
{"name":"med_phases_prep_wav_accum", "ph":"E", "ts":"2749610062395", "pid":"1", "tid":"cmeps"},
{"name":"med_phases_prep_wav_avg", "ph":"B", "ts":"2749610062502", "pid":"1", "tid":"cmeps"},
{"name":"med_phases_prep_wav_avg", "ph":"E", "ts":"2749610062743", "pid":"1", "tid":"cmeps"},
{"name":"med_phases_post_atm", "ph":"B", "ts":"2749610064264", "pid":"1", "tid":"cmeps"},
{"name":"med_phases_history_write_comp", "ph":"B", "ts":"2749610498408", "pid":"1", "tid":"cmeps"},
{"name":"med_phases_history_write_comp", "ph":"E", "ts":"2749610498567", "pid":"1", "tid":"cmeps"},
{"name":"med_phases_post_atm", "ph":"E", "ts":"2749610498572", "pid":"1", "tid":"cmeps"},
{"name":"med_phases_post_wav", "ph":"B", "ts":"2749612475096", "pid":"1", "tid":"cmeps"},
{"name":"med_phases_history_write_comp", "ph":"B", "ts":"2749612475235", "pid":"1", "tid":"cmeps"},
{"name":"med_phases_history_write_comp", "ph":"E", "ts":"2749612475243", "pid":"1", "tid":"cmeps"},
{"name":"med_phases_post_wav", "ph":"E", "ts":"2749612475246", "pid":"1", "tid":"cmeps"},
{"name":"med_phases_restart_write", "ph":"B", "ts":"2749612475352", "pid":"1", "tid":"cmeps"},
{"name":"med_phases_restart_write", "ph":"E", "ts":"2749612475375", "pid":"1", "tid":"cmeps"},
{"name":"med_phases_prep_atm", "ph":"B", "ts":"2749612475466", "pid":"1", "tid":"cmeps"},
{"name":"med_phases_prep_atm", "ph":"E", "ts":"2749612475484", "pid":"1", "tid":"cmeps"},
{"name":"med_phases_prep_wav_accum", "ph":"B", "ts":"2749612475589", "pid":"1", "tid":"cmeps"},
{"name":"med_phases_prep_wav_accum", "ph":"E", "ts":"2749612475778", "pid":"1", "tid":"cmeps"},
{"name":"med_phases_prep_wav_avg", "ph":"B", "ts":"2749612475884", "pid":"1", "tid":"cmeps"},
{"name":"med_phases_prep_wav_avg", "ph":"E", "ts":"2749612476115", "pid":"1", "tid":"cmeps"},
{"name":"med_phases_post_atm", "ph":"B", "ts":"2749612477820", "pid":"1", "tid":"cmeps"},
{"name":"med_phases_history_write_comp", "ph":"B", "ts":"2749612915632", "pid":"1", "tid":"cmeps"},
{"name":"med_phases_history_write_comp", "ph":"E", "ts":"2749612915675", "pid":"1", "tid":"cmeps"},
{"name":"med_phases_post_atm", "ph":"E", "ts":"2749612915679", "pid":"1", "tid":"cmeps"},
{"name":"med_phases_post_wav", "ph":"B", "ts":"2749614856139", "pid":"1", "tid":"cmeps"},
{"name":"med_phases_history_write_comp", "ph":"B", "ts":"2749614856174", "pid":"1", "tid":"cmeps"},
{"name":"med_phases_history_write_comp", "ph":"E", "ts":"2749614856181", "pid":"1", "tid":"cmeps"},
{"name":"med_phases_post_wav", "ph":"E", "ts":"2749614856184", "pid":"1", "tid":"cmeps"},
{"name":"med_phases_restart_write", "ph":"B", "ts":"2749614856282", "pid":"1", "tid":"cmeps"},
{"name":"med_phases_restart_write", "ph":"E", "ts":"2749614856305", "pid":"1", "tid":"cmeps"},
{"name":"med_phases_prep_atm", "ph":"B", "ts":"2749614856397", "pid":"1", "tid":"cmeps"},
{"name":"med_phases_prep_atm", "ph":"E", "ts":"2749614856414", "pid":"1", "tid":"cmeps"},
{"name":"med_phases_prep_wav_accum", "ph":"B", "ts":"2749614856511", "pid":"1", "tid":"cmeps"},
{"name":"med_phases_prep_wav_accum", "ph":"E", "ts":"2749614856704", "pid":"1", "tid":"cmeps"},
{"name":"med_phases_prep_wav_avg", "ph":"B", "ts":"2749614856812", "pid":"1", "tid":"cmeps"},
{"name":"med_phases_prep_wav_avg", "ph":"E", "ts":"2749614857045", "pid":"1", "tid":"cmeps"},
{"name":"med_phases_post_atm", "ph":"B", "ts":"2749614858671", "pid":"1", "tid":"cmeps"},
{"name":"med_phases_history_write_comp", "ph":"B", "ts":"2749615312761", "pid":"1", "tid":"cmeps"},
{"name":"med_phases_history_write_comp", "ph":"E", "ts":"2749615312812", "pid":"1", "tid":"cmeps"},
{"name":"med_phases_post_atm", "ph":"E", "ts":"2749615312815", "pid":"1", "tid":"cmeps"},
{"name":"med_phases_post_wav", "ph":"B", "ts":"2749617376498", "pid":"1", "tid":"cmeps"},
{"name":"med_phases_history_write_comp", "ph":"B", "ts":"2749617376647", "pid":"1", "tid":"cmeps"},
{"name":"med_phases_history_write_comp", "ph":"E", "ts":"2749617376656", "pid":"1", "tid":"cmeps"},
{"name":"med_phases_post_wav", "ph":"E", "ts":"2749617376659", "pid":"1", "tid":"cmeps"},
{"name":"med_phases_restart_write", "ph":"B", "ts":"2749617376766", "pid":"1", "tid":"cmeps"},
{"name":"med_phases_restart_write", "ph":"E", "ts":"2749617376790", "pid":"1", "tid":"cmeps"},
{"name":"med_phases_prep_atm", "ph":"B", "ts":"2749617376880", "pid":"1", "tid":"cmeps"},
{"name":"med_phases_prep_atm", "ph":"E", "ts":"2749617376896", "pid":"1", "tid":"cmeps"},
{"name":"med_phases_prep_wav_accum", "ph":"B", "ts":"2749617376993", "pid":"1", "tid":"cmeps"},
{"name":"med_phases_prep_wav_accum", "ph":"E", "ts":"2749617377226", "pid":"1", "tid":"cmeps"},
{"name":"med_phases_prep_wav_avg", "ph":"B", "ts":"2749617377340", "pid":"1", "tid":"cmeps"},
{"name":"med_phases_prep_wav_avg", "ph":"E", "ts":"2749617377575", "pid":"1", "tid":"cmeps"},
{"name":"med_phases_post_atm", "ph":"B", "ts":"2749617379273", "pid":"1", "tid":"cmeps"},
{"name":"med_phases_history_write_comp", "ph":"B", "ts":"2749617830870", "pid":"1", "tid":"cmeps"},
{"name":"med_phases_history_write_comp", "ph":"E", "ts":"2749617830914", "pid":"1", "tid":"cmeps"},
{"name":"med_phases_post_atm", "ph":"E", "ts":"2749617830917", "pid":"1", "tid":"cmeps"},
{"name":"med_phases_post_wav", "ph":"B", "ts":"2749620076678", "pid":"1", "tid":"cmeps"},
{"name":"med_phases_history_write_comp", "ph":"B", "ts":"2749620076715", "pid":"1", "tid":"cmeps"},
{"name":"med_phases_history_write_comp", "ph":"E", "ts":"2749620076722", "pid":"1", "tid":"cmeps"},
{"name":"med_phases_post_wav", "ph":"E", "ts":"2749620076725", "pid":"1", "tid":"cmeps"},
{"name":"med_phases_restart_write", "ph":"B", "ts":"2749620076823", "pid":"1", "tid":"cmeps"},
{"name":"med_phases_restart_write", "ph":"E", "ts":"2749620076845", "pid":"1", "tid":"cmeps"},
{"name":"med_phases_prep_atm", "ph":"B", "ts":"2749620076936", "pid":"1", "tid":"cmeps"},
{"name":"med_phases_prep_atm", "ph":"E", "ts":"2749620076953", "pid":"1", "tid":"cmeps"},
{"name":"med_phases_prep_wav_accum", "ph":"B", "ts":"2749620077049", "pid":"1", "tid":"cmeps"},
{"name":"med_phases_prep_wav_accum", "ph":"E", "ts":"2749620077236", "pid":"1", "tid":"cmeps"},
{"name":"med_phases_prep_wav_avg", "ph":"B", "ts":"2749620077344", "pid":"1", "tid":"cmeps"},
{"name":"med_phases_prep_wav_avg", "ph":"E", "ts":"2749620077583", "pid":"1", "tid":"cmeps"},
{"name":"med_phases_post_atm", "ph":"B", "ts":"2749620079168", "pid":"1", "tid":"cmeps"},
{"name":"med_phases_history_write_comp", "ph":"B", "ts":"2749620534620", "pid":"1", "tid":"cmeps"},
{"name":"med_phases_history_write_comp", "ph":"E", "ts":"2749620534670", "pid":"1", "tid":"cmeps"},
{"name":"med_phases_post_atm", "ph":"E", "ts":"2749620534675", "pid":"1", "tid":"cmeps"},
{"name":"med_phases_post_wav", "ph":"B", "ts":"2749622431748", "pid":"1", "tid":"cmeps"},
{"name":"med_phases_history_write_comp", "ph":"B", "ts":"2749622431890", "pid":"1", "tid":"cmeps"},
{"name":"med_phases_history_write_comp", "ph":"E", "ts":"2749622431898", "pid":"1", "tid":"cmeps"},
{"name":"med_phases_post_wav", "ph":"E", "ts":"2749622431901", "pid":"1", "tid":"cmeps"},
{"name":"med_phases_restart_write", "ph":"B", "ts":"2749622432004", "pid":"1", "tid":"cmeps"},
{"name":"med_phases_restart_write", "ph":"E", "ts":"2749622432026", "pid":"1", "tid":"cmeps"},
{"name":"med_phases_prep_atm", "ph":"B", "ts":"2749622432116", "pid":"1", "tid":"cmeps"},
{"name":"med_phases_prep_atm", "ph":"E", "ts":"2749622432133", "pid":"1", "tid":"cmeps"},
{"name":"med_phases_prep_wav_accum", "ph":"B", "ts":"2749622432228", "pid":"1", "tid":"cmeps"},
{"name":"med_phases_prep_wav_accum", "ph":"E", "ts":"2749622432414", "pid":"1", "tid":"cmeps"},
{"name":"med_phases_prep_wav_avg", "ph":"B", "ts":"2749622432516", "pid":"1", "tid":"cmeps"},
{"name":"med_phases_prep_wav_avg", "ph":"E", "ts":"2749622432756", "pid":"1", "tid":"cmeps"},
{"name":"med_phases_post_atm", "ph":"B", "ts":"2749622434361", "pid":"1", "tid":"cmeps"},
{"name":"med_phases_history_write_comp", "ph":"B", "ts":"2749622885479", "pid":"1", "tid":"cmeps"},
{"name":"med_phases_history_write_comp", "ph":"E", "ts":"2749622885524", "pid":"1", "tid":"cmeps"},
{"name":"med_phases_post_atm", "ph":"E", "ts":"2749622885528", "pid":"1", "tid":"cmeps"},
{"name":"med_phases_post_wav", "ph":"B", "ts":"2749624760439", "pid":"1", "tid":"cmeps"},
{"name":"med_phases_history_write_comp", "ph":"B", "ts":"2749624760488", "pid":"1", "tid":"cmeps"},
{"name":"med_phases_history_write_comp", "ph":"E", "ts":"2749624760503", "pid":"1", "tid":"cmeps"},
{"name":"med_phases_post_wav", "ph":"E", "ts":"2749624760506", "pid":"1", "tid":"cmeps"},
{"name":"med_phases_restart_write", "ph":"B", "ts":"2749624760752", "pid":"1", "tid":"cmeps"},
{"name":"med_phases_restart_write", "ph":"E", "ts":"2749624760781", "pid":"1", "tid":"cmeps"},
{"name":"med_phases_prep_atm", "ph":"B", "ts":"2749624760877", "pid":"1", "tid":"cmeps"},
{"name":"med_phases_prep_atm", "ph":"E", "ts":"2749624760918", "pid":"1", "tid":"cmeps"},
{"name":"med_phases_prep_wav_accum", "ph":"B", "ts":"2749624761016", "pid":"1", "tid":"cmeps"},
{"name":"med_phases_prep_wav_accum", "ph":"E", "ts":"2749624761662", "pid":"1", "tid":"cmeps"},
{"name":"med_phases_prep_wav_avg", "ph":"B", "ts":"2749624761778", "pid":"1", "tid":"cmeps"},
{"name":"med_phases_prep_wav_avg", "ph":"E", "ts":"2749624762015", "pid":"1", "tid":"cmeps"},
{"name":"med_phases_post_atm", "ph":"B", "ts":"2749624766193", "pid":"1", "tid":"cmeps"},
{"name":"med_phases_history_write_comp", "ph":"B", "ts":"2749625217427", "pid":"1", "tid":"cmeps"},
{"name":"med_phases_history_write_comp", "ph":"E", "ts":"2749625217460", "pid":"1", "tid":"cmeps"},
{"name":"med_phases_post_atm", "ph":"E", "ts":"2749625217464", "pid":"1", "tid":"cmeps"},
{"name":"med_phases_post_wav", "ph":"B", "ts":"2749627083038", "pid":"1", "tid":"cmeps"},
{"name":"med_phases_history_write_comp", "ph":"B", "ts":"2749627083180", "pid":"1", "tid":"cmeps"},
{"name":"med_phases_history_write_comp", "ph":"E", "ts":"2749627083188", "pid":"1", "tid":"cmeps"},
{"name":"med_phases_post_wav", "ph":"E", "ts":"2749627083191", "pid":"1", "tid":"cmeps"},
{"name":"med_phases_restart_write", "ph":"B", "ts":"2749627083297", "pid":"1", "tid":"cmeps"},
{"name":"med_phases_restart_write", "ph":"E", "ts":"2749627083320", "pid":"1", "tid":"cmeps"},
{"name":"med_phases_prep_atm", "ph":"B", "ts":"2749627083411", "pid":"1", "tid":"cmeps"},
{"name":"med_phases_prep_atm", "ph":"E", "ts":"2749627083428", "pid":"1", "tid":"cmeps"},
{"name":"med_phases_prep_wav_accum", "ph":"B", "ts":"2749627083523", "pid":"1", "tid":"cmeps"},
{"name":"med_phases_prep_wav_accum", "ph":"E", "ts":"2749627083714", "pid":"1", "tid":"cmeps"},
{"name":"med_phases_prep_wav_avg", "ph":"B", "ts":"2749627083822", "pid":"1", "tid":"cmeps"},
{"name":"med_phases_prep_wav_avg", "ph":"E", "ts":"2749627084053", "pid":"1", "tid":"cmeps"},
{"name":"med_phases_post_atm", "ph":"B", "ts":"2749627085795", "pid":"1", "tid":"cmeps"},
{"name":"med_phases_history_write_comp", "ph":"B", "ts":"2749627551131", "pid":"1", "tid":"cmeps"},
{"name":"med_phases_history_write_comp", "ph":"E", "ts":"2749627551170", "pid":"1", "tid":"cmeps"},
{"name":"med_phases_post_atm", "ph":"E", "ts":"2749627551175", "pid":"1", "tid":"cmeps"},
{"name":"med_phases_post_wav", "ph":"B", "ts":"2749629386081", "pid":"1", "tid":"cmeps"},
{"name":"med_phases_history_write_comp", "ph":"B", "ts":"2749629386115", "pid":"1", "tid":"cmeps"},
{"name":"med_phases_history_write_comp", "ph":"E", "ts":"2749629386122", "pid":"1", "tid":"cmeps"},
{"name":"med_phases_post_wav", "ph":"E", "ts":"2749629386125", "pid":"1", "tid":"cmeps"},
{"name":"med_phases_restart_write", "ph":"B", "ts":"2749629386225", "pid":"1", "tid":"cmeps"},
{"name":"med_phases_restart_write", "ph":"E", "ts":"2749629386247", "pid":"1", "tid":"cmeps"},
{"name":"med_phases_prep_atm", "ph":"B", "ts":"2749629386339", "pid":"1", "tid":"cmeps"},
{"name":"med_phases_prep_atm", "ph":"E", "ts":"2749629386356", "pid":"1", "tid":"cmeps"},
{"name":"med_phases_prep_wav_accum", "ph":"B", "ts":"2749629386451", "pid":"1", "tid":"cmeps"},
{"name":"med_phases_prep_wav_accum", "ph":"E", "ts":"2749629386644", "pid":"1", "tid":"cmeps"},
{"name":"med_phases_prep_wav_avg", "ph":"B", "ts":"2749629386751", "pid":"1", "tid":"cmeps"},
{"name":"med_phases_prep_wav_avg", "ph":"E", "ts":"2749629386983", "pid":"1", "tid":"cmeps"},
{"name":"med_phases_post_atm", "ph":"B", "ts":"2749629388594", "pid":"1", "tid":"cmeps"},
{"name":"med_phases_history_write_comp", "ph":"B", "ts":"2749629864923", "pid":"1", "tid":"cmeps"},
{"name":"med_phases_history_write_comp", "ph":"E", "ts":"2749629864962", "pid":"1", "tid":"cmeps"},
{"name":"med_phases_post_atm", "ph":"E", "ts":"2749629864966", "pid":"1", "tid":"cmeps"},
{"name":"med_phases_post_wav", "ph":"B", "ts":"2749631796988", "pid":"1", "tid":"cmeps"},
{"name":"med_phases_history_write_comp", "ph":"B", "ts":"2749631797124", "pid":"1", "tid":"cmeps"},
{"name":"med_phases_history_write_comp", "ph":"E", "ts":"2749631797133", "pid":"1", "tid":"cmeps"},
{"name":"med_phases_post_wav", "ph":"E", "ts":"2749631797136", "pid":"1", "tid":"cmeps"},
{"name":"med_phases_restart_write", "ph":"B", "ts":"2749631797240", "pid":"1", "tid":"cmeps"},
{"name":"med_phases_restart_write", "ph":"E", "ts":"2749631797264", "pid":"1", "tid":"cmeps"},
{"name":"med_phases_prep_atm", "ph":"B", "ts":"2749631797353", "pid":"1", "tid":"cmeps"},
{"name":"med_phases_prep_atm", "ph":"E", "ts":"2749631797373", "pid":"1", "tid":"cmeps"},
{"name":"med_phases_prep_wav_accum", "ph":"B", "ts":"2749631797466", "pid":"1", "tid":"cmeps"},
{"name":"med_phases_prep_wav_accum", "ph":"E", "ts":"2749631797664", "pid":"1", "tid":"cmeps"},
{"name":"med_phases_prep_wav_avg", "ph":"B", "ts":"2749631797771", "pid":"1", "tid":"cmeps"},
{"name":"med_phases_prep_wav_avg", "ph":"E", "ts":"2749631797997", "pid":"1", "tid":"cmeps"},
{"name":"med_phases_post_atm", "ph":"B", "ts":"2749631799486", "pid":"1", "tid":"cmeps"},
{"name":"med_phases_history_write_comp", "ph":"B", "ts":"2749632256641", "pid":"1", "tid":"cmeps"},
{"name":"med_phases_history_write_comp", "ph":"E", "ts":"2749632256689", "pid":"1", "tid":"cmeps"},
{"name":"med_phases_post_atm", "ph":"E", "ts":"2749632256694", "pid":"1", "tid":"cmeps"},
{"name":"med_phases_post_wav", "ph":"B", "ts":"2749634430470", "pid":"1", "tid":"cmeps"},
{"name":"med_phases_history_write_comp", "ph":"B", "ts":"2749634430503", "pid":"1", "tid":"cmeps"},
{"name":"med_phases_history_write_comp", "ph":"E", "ts":"2749634430510", "pid":"1", "tid":"cmeps"},
{"name":"med_phases_post_wav", "ph":"E", "ts":"2749634430513", "pid":"1", "tid":"cmeps"},
{"name":"med_phases_restart_write", "ph":"B", "ts":"2749634430619", "pid":"1", "tid":"cmeps"},
{"name":"med_phases_restart_write", "ph":"E", "ts":"2749634430642", "pid":"1", "tid":"cmeps"},
{"name":"med_phases_prep_atm", "ph":"B", "ts":"2749634430734", "pid":"1", "tid":"cmeps"},
{"name":"med_phases_prep_atm", "ph":"E", "ts":"2749634430751", "pid":"1", "tid":"cmeps"},
{"name":"med_phases_prep_wav_accum", "ph":"B", "ts":"2749634430852", "pid":"1", "tid":"cmeps"},
{"name":"med_phases_prep_wav_accum", "ph":"E", "ts":"2749634431040", "pid":"1", "tid":"cmeps"},
{"name":"med_phases_prep_wav_avg", "ph":"B", "ts":"2749634431145", "pid":"1", "tid":"cmeps"},
{"name":"med_phases_prep_wav_avg", "ph":"E", "ts":"2749634431377", "pid":"1", "tid":"cmeps"},
{"name":"med_phases_post_atm", "ph":"B", "ts":"2749634432983", "pid":"1", "tid":"cmeps"},
{"name":"med_phases_history_write_comp", "ph":"B", "ts":"2749634877729", "pid":"1", "tid":"cmeps"},
{"name":"med_phases_history_write_comp", "ph":"E", "ts":"2749634877766", "pid":"1", "tid":"cmeps"},
{"name":"med_phases_post_atm", "ph":"E", "ts":"2749634877771", "pid":"1", "tid":"cmeps"},
{"name":"med_phases_post_wav", "ph":"B", "ts":"2749636727167", "pid":"1", "tid":"cmeps"},
{"name":"med_phases_history_write_comp", "ph":"B", "ts":"2749636727311", "pid":"1", "tid":"cmeps"},
{"name":"med_phases_history_write_comp", "ph":"E", "ts":"2749636727319", "pid":"1", "tid":"cmeps"},
{"name":"med_phases_post_wav", "ph":"E", "ts":"2749636727322", "pid":"1", "tid":"cmeps"},
{"name":"med_phases_restart_write", "ph":"B", "ts":"2749636727428", "pid":"1", "tid":"cmeps"},
{"name":"med_phases_restart_write", "ph":"E", "ts":"2749636727450", "pid":"1", "tid":"cmeps"},
{"name":"med_phases_prep_atm", "ph":"B", "ts":"2749636727551", "pid":"1", "tid":"cmeps"},
{"name":"med_phases_prep_atm", "ph":"E", "ts":"2749636727568", "pid":"1", "tid":"cmeps"},
{"name":"med_phases_prep_wav_accum", "ph":"B", "ts":"2749636727665", "pid":"1", "tid":"cmeps"},
{"name":"med_phases_prep_wav_accum", "ph":"E", "ts":"2749636727850", "pid":"1", "tid":"cmeps"},
{"name":"med_phases_prep_wav_avg", "ph":"B", "ts":"2749636727955", "pid":"1", "tid":"cmeps"},
{"name":"med_phases_prep_wav_avg", "ph":"E", "ts":"2749636728237", "pid":"1", "tid":"cmeps"},
{"name":"med_phases_post_atm", "ph":"B", "ts":"2749636729929", "pid":"1", "tid":"cmeps"},
{"name":"med_phases_history_write_comp", "ph":"B", "ts":"2749637161344", "pid":"1", "tid":"cmeps"},
{"name":"med_phases_history_write_comp", "ph":"E", "ts":"2749637161385", "pid":"1", "tid":"cmeps"},
{"name":"med_phases_post_atm", "ph":"E", "ts":"2749637161389", "pid":"1", "tid":"cmeps"},
{"name":"med_phases_post_wav", "ph":"B", "ts":"2749638997592", "pid":"1", "tid":"cmeps"},
{"name":"med_phases_history_write_comp", "ph":"B", "ts":"2749638997628", "pid":"1", "tid":"cmeps"},
{"name":"med_phases_history_write_comp", "ph":"E", "ts":"2749638997634", "pid":"1", "tid":"cmeps"},
{"name":"med_phases_post_wav", "ph":"E", "ts":"2749638997637", "pid":"1", "tid":"cmeps"},
{"name":"med_phases_restart_write", "ph":"B", "ts":"2749638997738", "pid":"1", "tid":"cmeps"},
{"name":"med_phases_restart_write", "ph":"E", "ts":"2749638997760", "pid":"1", "tid":"cmeps"},
{"name":"med_phases_prep_atm", "ph":"B", "ts":"2749638997852", "pid":"1", "tid":"cmeps"},
{"name":"med_phases_prep_atm", "ph":"E", "ts":"2749638997869", "pid":"1", "tid":"cmeps"},
{"name":"med_phases_prep_wav_accum", "ph":"B", "ts":"2749638997966", "pid":"1", "tid":"cmeps"},
{"name":"med_phases_prep_wav_accum", "ph":"E", "ts":"2749638998151", "pid":"1", "tid":"cmeps"},
{"name":"med_phases_prep_wav_avg", "ph":"B", "ts":"2749638998256", "pid":"1", "tid":"cmeps"},
{"name":"med_phases_prep_wav_avg", "ph":"E", "ts":"2749638998488", "pid":"1", "tid":"cmeps"},
{"name":"med_phases_post_atm", "ph":"B", "ts":"2749639000252", "pid":"1", "tid":"cmeps"},
{"name":"med_phases_history_write_comp", "ph":"B", "ts":"2749639420942", "pid":"1", "tid":"cmeps"},
{"name":"med_phases_history_write_comp", "ph":"E", "ts":"2749639420994", "pid":"1", "tid":"cmeps"},
{"name":"med_phases_post_atm", "ph":"E", "ts":"2749639420999", "pid":"1", "tid":"cmeps"},
{"name":"med_phases_post_wav", "ph":"B", "ts":"2749641323725", "pid":"1", "tid":"cmeps"},
{"name":"med_phases_history_write_comp", "ph":"B", "ts":"2749641323756", "pid":"1", "tid":"cmeps"},
{"name":"med_phases_history_write_comp", "ph":"E", "ts":"2749641323764", "pid":"1", "tid":"cmeps"},
{"name":"med_phases_post_wav", "ph":"E", "ts":"2749641323767", "pid":"1", "tid":"cmeps"},
{"name":"med_phases_restart_write", "ph":"B", "ts":"2749641323865", "pid":"1", "tid":"cmeps"},
{"name":"med_phases_restart_write", "ph":"E", "ts":"2749641323888", "pid":"1", "tid":"cmeps"},
{"name":"med_phases_prep_atm", "ph":"B", "ts":"2749641323979", "pid":"1", "tid":"cmeps"},
{"name":"med_phases_prep_atm", "ph":"E", "ts":"2749641323996", "pid":"1", "tid":"cmeps"},
{"name":"med_phases_prep_wav_accum", "ph":"B", "ts":"2749641324091", "pid":"1", "tid":"cmeps"},
{"name":"med_phases_prep_wav_accum", "ph":"E", "ts":"2749641324278", "pid":"1", "tid":"cmeps"},
{"name":"med_phases_prep_wav_avg", "ph":"B", "ts":"2749641324384", "pid":"1", "tid":"cmeps"},
{"name":"med_phases_prep_wav_avg", "ph":"E", "ts":"2749641324628", "pid":"1", "tid":"cmeps"},
{"name":"med_phases_post_atm", "ph":"B", "ts":"2749641326316", "pid":"1", "tid":"cmeps"},
{"name":"med_phases_history_write_comp", "ph":"B", "ts":"2749641749424", "pid":"1", "tid":"cmeps"},
{"name":"med_phases_history_write_comp", "ph":"E", "ts":"2749641749664", "pid":"1", "tid":"cmeps"},
{"name":"med_phases_post_atm", "ph":"E", "ts":"2749641749669", "pid":"1", "tid":"cmeps"},
{"name":"med_phases_post_wav", "ph":"B", "ts":"2749643619761", "pid":"1", "tid":"cmeps"},
{"name":"med_phases_history_write_comp", "ph":"B", "ts":"2749643619793", "pid":"1", "tid":"cmeps"},
{"name":"med_phases_history_write_comp", "ph":"E", "ts":"2749643619800", "pid":"1", "tid":"cmeps"},
{"name":"med_phases_post_wav", "ph":"E", "ts":"2749643619803", "pid":"1", "tid":"cmeps"},
{"name":"med_phases_restart_write", "ph":"B", "ts":"2749643619902", "pid":"1", "tid":"cmeps"},
{"name":"med_phases_restart_write", "ph":"E", "ts":"2749643619925", "pid":"1", "tid":"cmeps"},
{"name":"med_phases_prep_atm", "ph":"B", "ts":"2749643620015", "pid":"1", "tid":"cmeps"},
{"name":"med_phases_prep_atm", "ph":"E", "ts":"2749643620157", "pid":"1", "tid":"cmeps"},
{"name":"med_phases_prep_wav_accum", "ph":"B", "ts":"2749643620265", "pid":"1", "tid":"cmeps"},
{"name":"med_phases_prep_wav_accum", "ph":"E", "ts":"2749643620452", "pid":"1", "tid":"cmeps"},
{"name":"med_phases_prep_wav_avg", "ph":"B", "ts":"2749643620565", "pid":"1", "tid":"cmeps"},
{"name":"med_phases_prep_wav_avg", "ph":"E", "ts":"2749643620801", "pid":"1", "tid":"cmeps"},
{"name":"med_phases_post_atm", "ph":"B", "ts":"2749643622399", "pid":"1", "tid":"cmeps"},
{"name":"med_phases_history_write_comp", "ph":"B", "ts":"2749644039159", "pid":"1", "tid":"cmeps"},
{"name":"med_phases_history_write_comp", "ph":"E", "ts":"2749644039196", "pid":"1", "tid":"cmeps"},
{"name":"med_phases_post_atm", "ph":"E", "ts":"2749644039200", "pid":"1", "tid":"cmeps"},
{"name":"med_phases_post_wav", "ph":"B", "ts":"2749645970637", "pid":"1", "tid":"cmeps"},
{"name":"med_phases_history_write_comp", "ph":"B", "ts":"2749645970670", "pid":"1", "tid":"cmeps"},
{"name":"med_phases_history_write_comp", "ph":"E", "ts":"2749645970676", "pid":"1", "tid":"cmeps"},
{"name":"med_phases_post_wav", "ph":"E", "ts":"2749645970679", "pid":"1", "tid":"cmeps"},
{"name":"med_phases_restart_write", "ph":"B", "ts":"2749645970780", "pid":"1", "tid":"cmeps"},
{"name":"med_phases_restart_write", "ph":"E", "ts":"2749645970804", "pid":"1", "tid":"cmeps"},
{"name":"med_phases_prep_atm", "ph":"B", "ts":"2749645970896", "pid":"1", "tid":"cmeps"},
{"name":"med_phases_prep_atm", "ph":"E", "ts":"2749645970913", "pid":"1", "tid":"cmeps"},
{"name":"med_phases_prep_wav_accum", "ph":"B", "ts":"2749645971008", "pid":"1", "tid":"cmeps"},
{"name":"med_phases_prep_wav_accum", "ph":"E", "ts":"2749645971200", "pid":"1", "tid":"cmeps"},
{"name":"med_phases_prep_wav_avg", "ph":"B", "ts":"2749645971307", "pid":"1", "tid":"cmeps"},
{"name":"med_phases_prep_wav_avg", "ph":"E", "ts":"2749645971550", "pid":"1", "tid":"cmeps"},
{"name":"med_phases_post_atm", "ph":"B", "ts":"2749645973172", "pid":"1", "tid":"cmeps"},
{"name":"med_phases_history_write_comp", "ph":"B", "ts":"2749646400541", "pid":"1", "tid":"cmeps"},
{"name":"med_phases_history_write_comp", "ph":"E", "ts":"2749646400574", "pid":"1", "tid":"cmeps"},
{"name":"med_phases_post_atm", "ph":"E", "ts":"2749646400578", "pid":"1", "tid":"cmeps"},
{"name":"med_phases_post_wav", "ph":"B", "ts":"2749648679807", "pid":"1", "tid":"cmeps"},
{"name":"med_phases_history_write_comp", "ph":"B", "ts":"2749648679950", "pid":"1", "tid":"cmeps"},
{"name":"med_phases_history_write_comp", "ph":"E", "ts":"2749648679958", "pid":"1", "tid":"cmeps"},
{"name":"med_phases_post_wav", "ph":"E", "ts":"2749648679961", "pid":"1", "tid":"cmeps"},
{"name":"med_phases_restart_write", "ph":"B", "ts":"2749648680066", "pid":"1", "tid":"cmeps"},
{"name":"med_phases_restart_write", "ph":"E", "ts":"2749648680089", "pid":"1", "tid":"cmeps"},
{"name":"med_phases_prep_atm", "ph":"B", "ts":"2749648680180", "pid":"1", "tid":"cmeps"},
{"name":"med_phases_prep_atm", "ph":"E", "ts":"2749648680198", "pid":"1", "tid":"cmeps"},
{"name":"med_phases_prep_wav_accum", "ph":"B", "ts":"2749648680294", "pid":"1", "tid":"cmeps"},
{"name":"med_phases_prep_wav_accum", "ph":"E", "ts":"2749648680479", "pid":"1", "tid":"cmeps"},
{"name":"med_phases_prep_wav_avg", "ph":"B", "ts":"2749648680594", "pid":"1", "tid":"cmeps"},
{"name":"med_phases_prep_wav_avg", "ph":"E", "ts":"2749648680829", "pid":"1", "tid":"cmeps"},
{"name":"med_phases_post_atm", "ph":"B", "ts":"2749648682469", "pid":"1", "tid":"cmeps"},
{"name":"med_phases_history_write_comp", "ph":"B", "ts":"2749649100246", "pid":"1", "tid":"cmeps"},
{"name":"med_phases_history_write_comp", "ph":"E", "ts":"2749649100287", "pid":"1", "tid":"cmeps"},
{"name":"med_phases_post_atm", "ph":"E", "ts":"2749649100291", "pid":"1", "tid":"cmeps"},
{"name":"med_phases_post_wav", "ph":"B", "ts":"2749650937615", "pid":"1", "tid":"cmeps"},
{"name":"med_phases_history_write_comp", "ph":"B", "ts":"2749650937650", "pid":"1", "tid":"cmeps"},
{"name":"med_phases_history_write_comp", "ph":"E", "ts":"2749650937773", "pid":"1", "tid":"cmeps"},
{"name":"med_phases_post_wav", "ph":"E", "ts":"2749650937777", "pid":"1", "tid":"cmeps"},
{"name":"med_phases_restart_write", "ph":"B", "ts":"2749650937885", "pid":"1", "tid":"cmeps"},
{"name":"med_phases_restart_write", "ph":"E", "ts":"2749650937908", "pid":"1", "tid":"cmeps"},
{"name":"med_phases_prep_atm", "ph":"B", "ts":"2749650938000", "pid":"1", "tid":"cmeps"},
{"name":"med_phases_prep_atm", "ph":"E", "ts":"2749650938017", "pid":"1", "tid":"cmeps"},
{"name":"med_phases_prep_wav_accum", "ph":"B", "ts":"2749650938113", "pid":"1", "tid":"cmeps"},
{"name":"med_phases_prep_wav_accum", "ph":"E", "ts":"2749650938299", "pid":"1", "tid":"cmeps"},
{"name":"med_phases_prep_wav_avg", "ph":"B", "ts":"2749650938404", "pid":"1", "tid":"cmeps"},
{"name":"med_phases_prep_wav_avg", "ph":"E", "ts":"2749650938646", "pid":"1", "tid":"cmeps"},
{"name":"med_phases_post_atm", "ph":"B", "ts":"2749650940253", "pid":"1", "tid":"cmeps"},
{"name":"med_phases_history_write_comp", "ph":"B", "ts":"2749651377349", "pid":"1", "tid":"cmeps"},
{"name":"med_phases_history_write_comp", "ph":"E", "ts":"2749651377393", "pid":"1", "tid":"cmeps"},
{"name":"med_phases_post_atm", "ph":"E", "ts":"2749651377397", "pid":"1", "tid":"cmeps"},
{"name":"med_phases_post_wav", "ph":"B", "ts":"2749653187733", "pid":"1", "tid":"cmeps"},
{"name":"med_phases_history_write_comp", "ph":"B", "ts":"2749653187877", "pid":"1", "tid":"cmeps"},
{"name":"med_phases_history_write_comp", "ph":"E", "ts":"2749653187885", "pid":"1", "tid":"cmeps"},
{"name":"med_phases_post_wav", "ph":"E", "ts":"2749653187888", "pid":"1", "tid":"cmeps"},
{"name":"med_phases_restart_write", "ph":"B", "ts":"2749653187994", "pid":"1", "tid":"cmeps"},
{"name":"med_phases_restart_write", "ph":"E", "ts":"2749653188016", "pid":"1", "tid":"cmeps"},
{"name":"med_phases_prep_atm", "ph":"B", "ts":"2749653188107", "pid":"1", "tid":"cmeps"},
{"name":"med_phases_prep_atm", "ph":"E", "ts":"2749653188124", "pid":"1", "tid":"cmeps"},
{"name":"med_phases_prep_wav_accum", "ph":"B", "ts":"2749653188219", "pid":"1", "tid":"cmeps"},
{"name":"med_phases_prep_wav_accum", "ph":"E", "ts":"2749653188405", "pid":"1", "tid":"cmeps"},
{"name":"med_phases_prep_wav_avg", "ph":"B", "ts":"2749653188511", "pid":"1", "tid":"cmeps"},
{"name":"med_phases_prep_wav_avg", "ph":"E", "ts":"2749653188749", "pid":"1", "tid":"cmeps"},
{"name":"med_phases_post_atm", "ph":"B", "ts":"2749653190365", "pid":"1", "tid":"cmeps"},
{"name":"med_phases_history_write_comp", "ph":"B", "ts":"2749653623868", "pid":"1", "tid":"cmeps"},
{"name":"med_phases_history_write_comp", "ph":"E", "ts":"2749653623915", "pid":"1", "tid":"cmeps"},
{"name":"med_phases_post_atm", "ph":"E", "ts":"2749653623919", "pid":"1", "tid":"cmeps"},
{"name":"med_phases_post_wav", "ph":"B", "ts":"2749655424277", "pid":"1", "tid":"cmeps"},
{"name":"med_phases_history_write_comp", "ph":"B", "ts":"2749655424308", "pid":"1", "tid":"cmeps"},
{"name":"med_phases_history_write_comp", "ph":"E", "ts":"2749655424316", "pid":"1", "tid":"cmeps"},
{"name":"med_phases_post_wav", "ph":"E", "ts":"2749655424319", "pid":"1", "tid":"cmeps"},
{"name":"med_phases_restart_write", "ph":"B", "ts":"2749655424417", "pid":"1", "tid":"cmeps"},
{"name":"med_phases_restart_write", "ph":"E", "ts":"2749655424440", "pid":"1", "tid":"cmeps"},
{"name":"med_phases_prep_atm", "ph":"B", "ts":"2749655424538", "pid":"1", "tid":"cmeps"},
{"name":"med_phases_prep_atm", "ph":"E", "ts":"2749655424556", "pid":"1", "tid":"cmeps"},
{"name":"med_phases_prep_wav_accum", "ph":"B", "ts":"2749655424653", "pid":"1", "tid":"cmeps"},
{"name":"med_phases_prep_wav_accum", "ph":"E", "ts":"2749655424839", "pid":"1", "tid":"cmeps"},
{"name":"med_phases_prep_wav_avg", "ph":"B", "ts":"2749655424944", "pid":"1", "tid":"cmeps"},
{"name":"med_phases_prep_wav_avg", "ph":"E", "ts":"2749655425174", "pid":"1", "tid":"cmeps"},
{"name":"med_phases_post_atm", "ph":"B", "ts":"2749655426809", "pid":"1", "tid":"cmeps"},
{"name":"med_phases_history_write_comp", "ph":"B", "ts":"2749655871988", "pid":"1", "tid":"cmeps"},
{"name":"med_phases_history_write_comp", "ph":"E", "ts":"2749655872034", "pid":"1", "tid":"cmeps"},
{"name":"med_phases_post_atm", "ph":"E", "ts":"2749655872038", "pid":"1", "tid":"cmeps"},
{"name":"med_phases_post_wav", "ph":"B", "ts":"2749657741324", "pid":"1", "tid":"cmeps"},
{"name":"med_phases_history_write_comp", "ph":"B", "ts":"2749657741465", "pid":"1", "tid":"cmeps"},
{"name":"med_phases_history_write_comp", "ph":"E", "ts":"2749657741473", "pid":"1", "tid":"cmeps"},
{"name":"med_phases_post_wav", "ph":"E", "ts":"2749657741476", "pid":"1", "tid":"cmeps"},
{"name":"med_phases_restart_write", "ph":"B", "ts":"2749657741620", "pid":"1", "tid":"cmeps"},
{"name":"med_phases_restart_write", "ph":"E", "ts":"2749657741643", "pid":"1", "tid":"cmeps"},
{"name":"med_phases_prep_atm", "ph":"B", "ts":"2749657741737", "pid":"1", "tid":"cmeps"},
{"name":"med_phases_prep_atm", "ph":"E", "ts":"2749657741755", "pid":"1", "tid":"cmeps"},
{"name":"med_phases_prep_wav_accum", "ph":"B", "ts":"2749657741851", "pid":"1", "tid":"cmeps"},
{"name":"med_phases_prep_wav_accum", "ph":"E", "ts":"2749657742036", "pid":"1", "tid":"cmeps"},
{"name":"med_phases_prep_wav_avg", "ph":"B", "ts":"2749657742141", "pid":"1", "tid":"cmeps"},
{"name":"med_phases_prep_wav_avg", "ph":"E", "ts":"2749657742367", "pid":"1", "tid":"cmeps"},
{"name":"med_phases_post_atm", "ph":"B", "ts":"2749657743998", "pid":"1", "tid":"cmeps"},
{"name":"med_phases_history_write_comp", "ph":"B", "ts":"2749658244967", "pid":"1", "tid":"cmeps"},
{"name":"med_phases_history_write_comp", "ph":"E", "ts":"2749658245019", "pid":"1", "tid":"cmeps"},
{"name":"med_phases_post_atm", "ph":"E", "ts":"2749658245023", "pid":"1", "tid":"cmeps"},
{"name":"med_phases_post_wav", "ph":"B", "ts":"2749660136716", "pid":"1", "tid":"cmeps"},
{"name":"med_phases_history_write_comp", "ph":"B", "ts":"2749660136752", "pid":"1", "tid":"cmeps"},
{"name":"med_phases_history_write_comp", "ph":"E", "ts":"2749660136759", "pid":"1", "tid":"cmeps"},
{"name":"med_phases_post_wav", "ph":"E", "ts":"2749660136763", "pid":"1", "tid":"cmeps"},
{"name":"med_phases_restart_write", "ph":"B", "ts":"2749660136861", "pid":"1", "tid":"cmeps"},
{"name":"med_phases_restart_write", "ph":"E", "ts":"2749660136883", "pid":"1", "tid":"cmeps"},
{"name":"med_phases_prep_atm", "ph":"B", "ts":"2749660136975", "pid":"1", "tid":"cmeps"},
{"name":"med_phases_prep_atm", "ph":"E", "ts":"2749660136992", "pid":"1", "tid":"cmeps"},
{"name":"med_phases_prep_wav_accum", "ph":"B", "ts":"2749660137089", "pid":"1", "tid":"cmeps"},
{"name":"med_phases_prep_wav_accum", "ph":"E", "ts":"2749660137275", "pid":"1", "tid":"cmeps"},
{"name":"med_phases_prep_wav_avg", "ph":"B", "ts":"2749660137383", "pid":"1", "tid":"cmeps"},
{"name":"med_phases_prep_wav_avg", "ph":"E", "ts":"2749660137623", "pid":"1", "tid":"cmeps"},
{"name":"med_phases_post_atm", "ph":"B", "ts":"2749660139200", "pid":"1", "tid":"cmeps"},
{"name":"med_phases_history_write_comp", "ph":"B", "ts":"2749660687845", "pid":"1", "tid":"cmeps"},
{"name":"med_phases_history_write_comp", "ph":"E", "ts":"2749660687883", "pid":"1", "tid":"cmeps"},
{"name":"med_phases_post_atm", "ph":"E", "ts":"2749660687887", "pid":"1", "tid":"cmeps"},
{"name":"med_phases_post_wav", "ph":"B", "ts":"2749662852919", "pid":"1", "tid":"cmeps"},
{"name":"med_phases_history_write_comp", "ph":"B", "ts":"2749662853063", "pid":"1", "tid":"cmeps"},
{"name":"med_phases_history_write_comp", "ph":"E", "ts":"2749662856359", "pid":"1", "tid":"cmeps"},
{"name":"med_phases_post_wav", "ph":"E", "ts":"2749662856367", "pid":"1", "tid":"cmeps"},
{"name":"med_phases_restart_write", "ph":"B", "ts":"2749662856498", "pid":"1", "tid":"cmeps"},
{"name":"med_phases_restart_write", "ph":"E", "ts":"2749662856529", "pid":"1", "tid":"cmeps"},
{"name":"med_phases_prep_atm", "ph":"B", "ts":"2749662856622", "pid":"1", "tid":"cmeps"},
{"name":"med_phases_prep_atm", "ph":"E", "ts":"2749662856639", "pid":"1", "tid":"cmeps"},
{"name":"med_phases_prep_wav_accum", "ph":"B", "ts":"2749662856735", "pid":"1", "tid":"cmeps"},
{"name":"med_phases_prep_wav_accum", "ph":"E", "ts":"2749662856974", "pid":"1", "tid":"cmeps"},
{"name":"med_phases_prep_wav_avg", "ph":"B", "ts":"2749662857088", "pid":"1", "tid":"cmeps"},
{"name":"med_phases_prep_wav_avg", "ph":"E", "ts":"2749662857318", "pid":"1", "tid":"cmeps"},
{"name":"med_phases_post_atm", "ph":"B", "ts":"2749662858977", "pid":"1", "tid":"cmeps"},
{"name":"med_phases_history_write_comp", "ph":"B", "ts":"2749663422063", "pid":"1", "tid":"cmeps"},
{"name":"med_phases_history_write_comp", "ph":"E", "ts":"2749663422107", "pid":"1", "tid":"cmeps"},
{"name":"med_phases_post_atm", "ph":"E", "ts":"2749663422111", "pid":"1", "tid":"cmeps"},
{"name":"med_phases_post_wav", "ph":"B", "ts":"2749665240961", "pid":"1", "tid":"cmeps"},
{"name":"med_phases_history_write_comp", "ph":"B", "ts":"2749665240993", "pid":"1", "tid":"cmeps"},
{"name":"med_phases_history_write_comp", "ph":"E", "ts":"2749665240999", "pid":"1", "tid":"cmeps"},
{"name":"med_phases_post_wav", "ph":"E", "ts":"2749665241002", "pid":"1", "tid":"cmeps"},
{"name":"med_phases_restart_write", "ph":"B", "ts":"2749665241099", "pid":"1", "tid":"cmeps"},
{"name":"med_phases_restart_write", "ph":"E", "ts":"2749665241122", "pid":"1", "tid":"cmeps"},
{"name":"med_phases_prep_atm", "ph":"B", "ts":"2749665241212", "pid":"1", "tid":"cmeps"},
{"name":"med_phases_prep_atm", "ph":"E", "ts":"2749665241229", "pid":"1", "tid":"cmeps"},
{"name":"med_phases_prep_wav_accum", "ph":"B", "ts":"2749665241324", "pid":"1", "tid":"cmeps"},
{"name":"med_phases_prep_wav_accum", "ph":"E", "ts":"2749665241517", "pid":"1", "tid":"cmeps"},
{"name":"med_phases_prep_wav_avg", "ph":"B", "ts":"2749665241623", "pid":"1", "tid":"cmeps"},
{"name":"med_phases_prep_wav_avg", "ph":"E", "ts":"2749665241855", "pid":"1", "tid":"cmeps"},
{"name":"med_phases_post_atm", "ph":"B", "ts":"2749665243490", "pid":"1", "tid":"cmeps"},
{"name":"med_phases_history_write_comp", "ph":"B", "ts":"2749665826559", "pid":"1", "tid":"cmeps"},
{"name":"med_phases_history_write_comp", "ph":"E", "ts":"2749665826601", "pid":"1", "tid":"cmeps"},
{"name":"med_phases_post_atm", "ph":"E", "ts":"2749665826606", "pid":"1", "tid":"cmeps"},
{"name":"med_phases_post_wav", "ph":"B", "ts":"2749667673381", "pid":"1", "tid":"cmeps"},
{"name":"med_phases_history_write_comp", "ph":"B", "ts":"2749667673529", "pid":"1", "tid":"cmeps"},
{"name":"med_phases_history_write_comp", "ph":"E", "ts":"2749667673538", "pid":"1", "tid":"cmeps"},
{"name":"med_phases_post_wav", "ph":"E", "ts":"2749667673541", "pid":"1", "tid":"cmeps"},
{"name":"med_phases_restart_write", "ph":"B", "ts":"2749667673648", "pid":"1", "tid":"cmeps"},
{"name":"med_phases_restart_write", "ph":"E", "ts":"2749667673671", "pid":"1", "tid":"cmeps"},
{"name":"med_phases_prep_atm", "ph":"B", "ts":"2749667673764", "pid":"1", "tid":"cmeps"},
{"name":"med_phases_prep_atm", "ph":"E", "ts":"2749667673781", "pid":"1", "tid":"cmeps"},
{"name":"med_phases_prep_wav_accum", "ph":"B", "ts":"2749667673878", "pid":"1", "tid":"cmeps"},
{"name":"med_phases_prep_wav_accum", "ph":"E", "ts":"2749667674065", "pid":"1", "tid":"cmeps"},
{"name":"med_phases_prep_wav_avg", "ph":"B", "ts":"2749667674172", "pid":"1", "tid":"cmeps"},
{"name":"med_phases_prep_wav_avg", "ph":"E", "ts":"2749667674405", "pid":"1", "tid":"cmeps"},
{"name":"med_phases_post_atm", "ph":"B", "ts":"2749667676062", "pid":"1", "tid":"cmeps"},
{"name":"med_phases_history_write_comp", "ph":"B", "ts":"2749668275291", "pid":"1", "tid":"cmeps"},
{"name":"med_phases_history_write_comp", "ph":"E", "ts":"2749668275345", "pid":"1", "tid":"cmeps"},
{"name":"med_phases_post_atm", "ph":"E", "ts":"2749668275350", "pid":"1", "tid":"cmeps"},
{"name":"med_phases_post_wav", "ph":"B", "ts":"2749670078399", "pid":"1", "tid":"cmeps"},
{"name":"med_phases_history_write_comp", "ph":"B", "ts":"2749670078435", "pid":"1", "tid":"cmeps"},
{"name":"med_phases_history_write_comp", "ph":"E", "ts":"2749670078442", "pid":"1", "tid":"cmeps"},
{"name":"med_phases_post_wav", "ph":"E", "ts":"2749670078445", "pid":"1", "tid":"cmeps"},
{"name":"med_phases_restart_write", "ph":"B", "ts":"2749670078696", "pid":"1", "tid":"cmeps"},
{"name":"med_phases_restart_write", "ph":"E", "ts":"2749670078720", "pid":"1", "tid":"cmeps"},
{"name":"med_phases_prep_atm", "ph":"B", "ts":"2749670078814", "pid":"1", "tid":"cmeps"},
{"name":"med_phases_prep_atm", "ph":"E", "ts":"2749670078831", "pid":"1", "tid":"cmeps"},
{"name":"med_phases_prep_wav_accum", "ph":"B", "ts":"2749670078927", "pid":"1", "tid":"cmeps"},
{"name":"med_phases_prep_wav_accum", "ph":"E", "ts":"2749670079112", "pid":"1", "tid":"cmeps"},
{"name":"med_phases_prep_wav_avg", "ph":"B", "ts":"2749670079218", "pid":"1", "tid":"cmeps"},
{"name":"med_phases_prep_wav_avg", "ph":"E", "ts":"2749670079451", "pid":"1", "tid":"cmeps"},
{"name":"med_phases_post_atm", "ph":"B", "ts":"2749670081021", "pid":"1", "tid":"cmeps"},
{"name":"med_phases_history_write_comp", "ph":"B", "ts":"2749670699717", "pid":"1", "tid":"cmeps"},
{"name":"med_phases_history_write_comp", "ph":"E", "ts":"2749670699763", "pid":"1", "tid":"cmeps"},
{"name":"med_phases_post_atm", "ph":"E", "ts":"2749670699767", "pid":"1", "tid":"cmeps"},
{"name":"med_phases_post_wav", "ph":"B", "ts":"2749672460949", "pid":"1", "tid":"cmeps"},
{"name":"med_phases_history_write_comp", "ph":"B", "ts":"2749672461144", "pid":"1", "tid":"cmeps"},
{"name":"med_phases_history_write_comp", "ph":"E", "ts":"2749672461152", "pid":"1", "tid":"cmeps"},
{"name":"med_phases_post_wav", "ph":"E", "ts":"2749672461155", "pid":"1", "tid":"cmeps"},
{"name":"med_phases_restart_write", "ph":"B", "ts":"2749672461263", "pid":"1", "tid":"cmeps"},
{"name":"med_phases_restart_write", "ph":"E", "ts":"2749672461286", "pid":"1", "tid":"cmeps"},
{"name":"med_phases_prep_atm", "ph":"B", "ts":"2749672461378", "pid":"1", "tid":"cmeps"},
{"name":"med_phases_prep_atm", "ph":"E", "ts":"2749672461394", "pid":"1", "tid":"cmeps"},
{"name":"med_phases_prep_wav_accum", "ph":"B", "ts":"2749672461491", "pid":"1", "tid":"cmeps"},
{"name":"med_phases_prep_wav_accum", "ph":"E", "ts":"2749672461686", "pid":"1", "tid":"cmeps"},
{"name":"med_phases_prep_wav_avg", "ph":"B", "ts":"2749672461790", "pid":"1", "tid":"cmeps"},
{"name":"med_phases_prep_wav_avg", "ph":"E", "ts":"2749672462020", "pid":"1", "tid":"cmeps"},
{"name":"med_phases_post_atm", "ph":"B", "ts":"2749672463650", "pid":"1", "tid":"cmeps"},
{"name":"med_phases_history_write_comp", "ph":"B", "ts":"2749673089351", "pid":"1", "tid":"cmeps"},
{"name":"med_phases_history_write_comp", "ph":"E", "ts":"2749673089391", "pid":"1", "tid":"cmeps"},
{"name":"med_phases_post_atm", "ph":"E", "ts":"2749673089395", "pid":"1", "tid":"cmeps"},
{"name":"med_phases_post_wav", "ph":"B", "ts":"2749674999491", "pid":"1", "tid":"cmeps"},
{"name":"med_phases_history_write_comp", "ph":"B", "ts":"2749674999539", "pid":"1", "tid":"cmeps"},
{"name":"med_phases_history_write_comp", "ph":"E", "ts":"2749674999545", "pid":"1", "tid":"cmeps"},
{"name":"med_phases_post_wav", "ph":"E", "ts":"2749674999548", "pid":"1", "tid":"cmeps"},
{"name":"med_phases_restart_write", "ph":"B", "ts":"2749674999647", "pid":"1", "tid":"cmeps"},
{"name":"med_phases_restart_write", "ph":"E", "ts":"2749674999669", "pid":"1", "tid":"cmeps"},
{"name":"med_phases_prep_atm", "ph":"B", "ts":"2749674999759", "pid":"1", "tid":"cmeps"},
{"name":"med_phases_prep_atm", "ph":"E", "ts":"2749674999776", "pid":"1", "tid":"cmeps"},
{"name":"med_phases_prep_wav_accum", "ph":"B", "ts":"2749674999872", "pid":"1", "tid":"cmeps"},
{"name":"med_phases_prep_wav_accum", "ph":"E", "ts":"2749675000061", "pid":"1", "tid":"cmeps"},
{"name":"med_phases_prep_wav_avg", "ph":"B", "ts":"2749675000166", "pid":"1", "tid":"cmeps"},
{"name":"med_phases_prep_wav_avg", "ph":"E", "ts":"2749675000396", "pid":"1", "tid":"cmeps"},
{"name":"med_phases_post_atm", "ph":"B", "ts":"2749675001959", "pid":"1", "tid":"cmeps"},
{"name":"med_phases_history_write_comp", "ph":"B", "ts":"2749675648748", "pid":"1", "tid":"cmeps"},
{"name":"med_phases_history_write_comp", "ph":"E", "ts":"2749675648787", "pid":"1", "tid":"cmeps"},
{"name":"med_phases_post_atm", "ph":"E", "ts":"2749675648791", "pid":"1", "tid":"cmeps"},
{"name":"med_phases_post_wav", "ph":"B", "ts":"2749677845825", "pid":"1", "tid":"cmeps"},
{"name":"med_phases_history_write_comp", "ph":"B", "ts":"2749677845965", "pid":"1", "tid":"cmeps"},
{"name":"med_phases_history_write_comp", "ph":"E", "ts":"2749677845972", "pid":"1", "tid":"cmeps"},
{"name":"med_phases_post_wav", "ph":"E", "ts":"2749677845976", "pid":"1", "tid":"cmeps"},
{"name":"med_phases_restart_write", "ph":"B", "ts":"2749677846081", "pid":"1", "tid":"cmeps"},
{"name":"med_phases_restart_write", "ph":"E", "ts":"2749677846104", "pid":"1", "tid":"cmeps"},
{"name":"med_phases_prep_atm", "ph":"B", "ts":"2749677846196", "pid":"1", "tid":"cmeps"},
{"name":"med_phases_prep_atm", "ph":"E", "ts":"2749677846213", "pid":"1", "tid":"cmeps"},
{"name":"med_phases_prep_wav_accum", "ph":"B", "ts":"2749677846309", "pid":"1", "tid":"cmeps"},
{"name":"med_phases_prep_wav_accum", "ph":"E", "ts":"2749677846503", "pid":"1", "tid":"cmeps"},
{"name":"med_phases_prep_wav_avg", "ph":"B", "ts":"2749677846609", "pid":"1", "tid":"cmeps"},
{"name":"med_phases_prep_wav_avg", "ph":"E", "ts":"2749677846842", "pid":"1", "tid":"cmeps"},
{"name":"med_phases_post_atm", "ph":"B", "ts":"2749677848473", "pid":"1", "tid":"cmeps"},
{"name":"med_phases_history_write_comp", "ph":"B", "ts":"2749678502109", "pid":"1", "tid":"cmeps"},
{"name":"med_phases_history_write_comp", "ph":"E", "ts":"2749678502156", "pid":"1", "tid":"cmeps"},
{"name":"med_phases_post_atm", "ph":"E", "ts":"2749678502159", "pid":"1", "tid":"cmeps"},
{"name":"med_phases_post_wav", "ph":"B", "ts":"2749680264304", "pid":"1", "tid":"cmeps"},
{"name":"med_phases_history_write_comp", "ph":"B", "ts":"2749680264337", "pid":"1", "tid":"cmeps"},
{"name":"med_phases_history_write_comp", "ph":"E", "ts":"2749680264344", "pid":"1", "tid":"cmeps"},
{"name":"med_phases_post_wav", "ph":"E", "ts":"2749680264347", "pid":"1", "tid":"cmeps"},
{"name":"med_phases_restart_write", "ph":"B", "ts":"2749680264445", "pid":"1", "tid":"cmeps"},
{"name":"med_phases_restart_write", "ph":"E", "ts":"2749680264468", "pid":"1", "tid":"cmeps"},
{"name":"med_phases_prep_atm", "ph":"B", "ts":"2749680264567", "pid":"1", "tid":"cmeps"},
{"name":"med_phases_prep_atm", "ph":"E", "ts":"2749680264583", "pid":"1", "tid":"cmeps"},
{"name":"med_phases_prep_wav_accum", "ph":"B", "ts":"2749680264679", "pid":"1", "tid":"cmeps"},
{"name":"med_phases_prep_wav_accum", "ph":"E", "ts":"2749680264866", "pid":"1", "tid":"cmeps"},
{"name":"med_phases_prep_wav_avg", "ph":"B", "ts":"2749680264970", "pid":"1", "tid":"cmeps"},
{"name":"med_phases_prep_wav_avg", "ph":"E", "ts":"2749680265203", "pid":"1", "tid":"cmeps"},
{"name":"med_phases_post_atm", "ph":"B", "ts":"2749680266705", "pid":"1", "tid":"cmeps"},
{"name":"med_phases_history_write_comp", "ph":"B", "ts":"2749680927599", "pid":"1", "tid":"cmeps"},
{"name":"med_phases_history_write_comp", "ph":"E", "ts":"2749680927646", "pid":"1", "tid":"cmeps"},
{"name":"med_phases_post_atm", "ph":"E", "ts":"2749680927650", "pid":"1", "tid":"cmeps"},
{"name":"med_phases_post_wav", "ph":"B", "ts":"2749682716789", "pid":"1", "tid":"cmeps"},
{"name":"med_phases_history_write_comp", "ph":"B", "ts":"2749682716919", "pid":"1", "tid":"cmeps"},
{"name":"med_phases_history_write_comp", "ph":"E", "ts":"2749682716928", "pid":"1", "tid":"cmeps"},
{"name":"med_phases_post_wav", "ph":"E", "ts":"2749682716930", "pid":"1", "tid":"cmeps"},
{"name":"med_phases_restart_write", "ph":"B", "ts":"2749682717034", "pid":"1", "tid":"cmeps"},
{"name":"med_phases_restart_write", "ph":"E", "ts":"2749682717057", "pid":"1", "tid":"cmeps"},
{"name":"med_phases_prep_atm", "ph":"B", "ts":"2749682717147", "pid":"1", "tid":"cmeps"},
{"name":"med_phases_prep_atm", "ph":"E", "ts":"2749682717165", "pid":"1", "tid":"cmeps"},
{"name":"med_phases_prep_wav_accum", "ph":"B", "ts":"2749682717260", "pid":"1", "tid":"cmeps"},
{"name":"med_phases_prep_wav_accum", "ph":"E", "ts":"2749682717448", "pid":"1", "tid":"cmeps"},
{"name":"med_phases_prep_wav_avg", "ph":"B", "ts":"2749682717559", "pid":"1", "tid":"cmeps"},
{"name":"med_phases_prep_wav_avg", "ph":"E", "ts":"2749682717824", "pid":"1", "tid":"cmeps"},
{"name":"med_phases_post_atm", "ph":"B", "ts":"2749682719503", "pid":"1", "tid":"cmeps"},
{"name":"med_phases_history_write_comp", "ph":"B", "ts":"2749683384602", "pid":"1", "tid":"cmeps"},
{"name":"med_phases_history_write_comp", "ph":"E", "ts":"2749683384644", "pid":"1", "tid":"cmeps"},
{"name":"med_phases_post_atm", "ph":"E", "ts":"2749683384648", "pid":"1", "tid":"cmeps"},
{"name":"med_phases_post_wav", "ph":"B", "ts":"2749685198888", "pid":"1", "tid":"cmeps"},
{"name":"med_phases_history_write_comp", "ph":"B", "ts":"2749685198928", "pid":"1", "tid":"cmeps"},
{"name":"med_phases_history_write_comp", "ph":"E", "ts":"2749685198935", "pid":"1", "tid":"cmeps"},
{"name":"med_phases_post_wav", "ph":"E", "ts":"2749685198937", "pid":"1", "tid":"cmeps"},
{"name":"med_phases_restart_write", "ph":"B", "ts":"2749685199032", "pid":"1", "tid":"cmeps"},
{"name":"med_phases_restart_write", "ph":"E", "ts":"2749685199054", "pid":"1", "tid":"cmeps"},
{"name":"med_phases_prep_atm", "ph":"B", "ts":"2749685199142", "pid":"1", "tid":"cmeps"},
{"name":"med_phases_prep_atm", "ph":"E", "ts":"2749685199159", "pid":"1", "tid":"cmeps"},
{"name":"med_phases_prep_wav_accum", "ph":"B", "ts":"2749685199254", "pid":"1", "tid":"cmeps"},
{"name":"med_phases_prep_wav_accum", "ph":"E", "ts":"2749685199437", "pid":"1", "tid":"cmeps"},
{"name":"med_phases_prep_wav_avg", "ph":"B", "ts":"2749685199552", "pid":"1", "tid":"cmeps"},
{"name":"med_phases_prep_wav_avg", "ph":"E", "ts":"2749685199781", "pid":"1", "tid":"cmeps"},
{"name":"med_phases_post_atm", "ph":"B", "ts":"2749685201310", "pid":"1", "tid":"cmeps"},
{"name":"med_phases_history_write_comp", "ph":"B", "ts":"2749685842373", "pid":"1", "tid":"cmeps"},
{"name":"med_phases_history_write_comp", "ph":"E", "ts":"2749685842418", "pid":"1", "tid":"cmeps"},
{"name":"med_phases_post_atm", "ph":"E", "ts":"2749685842422", "pid":"1", "tid":"cmeps"},
{"name":"med_phases_post_wav", "ph":"B", "ts":"2749687743076", "pid":"1", "tid":"cmeps"},
{"name":"med_phases_history_write_comp", "ph":"B", "ts":"2749687743103", "pid":"1", "tid":"cmeps"},
{"name":"med_phases_history_write_comp", "ph":"E", "ts":"2749687743109", "pid":"1", "tid":"cmeps"},
{"name":"med_phases_post_wav", "ph":"E", "ts":"2749687743112", "pid":"1", "tid":"cmeps"},
{"name":"med_phases_restart_write", "ph":"B", "ts":"2749687743195", "pid":"1", "tid":"cmeps"},
{"name":"med_phases_restart_write", "ph":"E", "ts":"2749687743215", "pid":"1", "tid":"cmeps"},
{"name":"med_phases_prep_atm", "ph":"B", "ts":"2749687743290", "pid":"1", "tid":"cmeps"},
{"name":"med_phases_prep_atm", "ph":"E", "ts":"2749687743306", "pid":"1", "tid":"cmeps"},
{"name":"med_phases_prep_wav_accum", "ph":"B", "ts":"2749687743388", "pid":"1", "tid":"cmeps"},
{"name":"med_phases_prep_wav_accum", "ph":"E", "ts":"2749687743564", "pid":"1", "tid":"cmeps"},
{"name":"med_phases_prep_wav_avg", "ph":"B", "ts":"2749687743656", "pid":"1", "tid":"cmeps"},
{"name":"med_phases_prep_wav_avg", "ph":"E", "ts":"2749687743851", "pid":"1", "tid":"cmeps"},
{"name":"med_phases_post_atm", "ph":"B", "ts":"2749688453903", "pid":"1", "tid":"cmeps"},
{"name":"med_phases_history_write_comp", "ph":"B", "ts":"2749688460648", "pid":"1", "tid":"cmeps"},
{"name":"med_phases_history_write_comp", "ph":"E", "ts":"2749688460667", "pid":"1", "tid":"cmeps"},
{"name":"med_phases_post_atm", "ph":"E", "ts":"2749688460671", "pid":"1", "tid":"cmeps"},
{"name":"med_phases_post_wav", "ph":"B", "ts":"2749717655862", "pid":"1", "tid":"cmeps"},
{"name":"med_phases_history_write_comp", "ph":"B", "ts":"2749717656028", "pid":"1", "tid":"cmeps"},
{"name":"med_phases_history_write_comp", "ph":"E", "ts":"2749717658952", "pid":"1", "tid":"cmeps"},
{"name":"med_phases_post_wav", "ph":"E", "ts":"2749717658957", "pid":"1", "tid":"cmeps"},
{"name":"med_phases_restart_write", "ph":"B", "ts":"2749717659060", "pid":"1", "tid":"cmeps"},
{"name":"med_phases_restart_write", "ph":"E", "ts":"2749718602107", "pid":"1", "tid":"cmeps"},
{"name":"med_phases_prep_atm", "ph":"B", "ts":"2749718602430", "pid":"1", "tid":"cmeps"},
{"name":"med_phases_prep_atm", "ph":"E", "ts":"2749718602481", "pid":"1", "tid":"cmeps"},
{"name":"med_phases_prep_wav_accum", "ph":"B", "ts":"2749718602576", "pid":"1", "tid":"cmeps"},
{"name":"med_phases_prep_wav_accum", "ph":"E", "ts":"2749718603275", "pid":"1", "tid":"cmeps"},
{"name":"med_phases_prep_wav_avg", "ph":"B", "ts":"2749718603410", "pid":"1", "tid":"cmeps"},
{"name":"med_phases_prep_wav_avg", "ph":"E", "ts":"2749718603669", "pid":"1", "tid":"cmeps"},
{"name":"med_phases_post_atm", "ph":"B", "ts":"2749718607688", "pid":"1", "tid":"cmeps"},
{"name":"med_phases_history_write_comp", "ph":"B", "ts":"2749718610019", "pid":"1", "tid":"cmeps"},
{"name":"med_phases_history_write_comp", "ph":"E", "ts":"2749718610048", "pid":"1", "tid":"cmeps"},
{"name":"med_phases_post_atm", "ph":"E", "ts":"2749718610053", "pid":"1", "tid":"cmeps"},
{"name":"med_phases_post_wav", "ph":"B", "ts":"2749720512568", "pid":"1", "tid":"cmeps"},
{"name":"med_phases_history_write_comp", "ph":"B", "ts":"2749720512603", "pid":"1", "tid":"cmeps"},
{"name":"med_phases_history_write_comp", "ph":"E", "ts":"2749720512610", "pid":"1", "tid":"cmeps"},
{"name":"med_phases_post_wav", "ph":"E", "ts":"2749720512613", "pid":"1", "tid":"cmeps"},
{"name":"med_phases_restart_write", "ph":"B", "ts":"2749720512717", "pid":"1", "tid":"cmeps"},
{"name":"med_phases_restart_write", "ph":"E", "ts":"2749720512741", "pid":"1", "tid":"cmeps"},
{"name":"med_phases_prep_atm", "ph":"B", "ts":"2749720512833", "pid":"1", "tid":"cmeps"},
{"name":"med_phases_prep_atm", "ph":"E", "ts":"2749720512855", "pid":"1", "tid":"cmeps"},
{"name":"med_phases_prep_wav_accum", "ph":"B", "ts":"2749720512950", "pid":"1", "tid":"cmeps"},
{"name":"med_phases_prep_wav_accum", "ph":"E", "ts":"2749720513143", "pid":"1", "tid":"cmeps"},
{"name":"med_phases_prep_wav_avg", "ph":"B", "ts":"2749720513250", "pid":"1", "tid":"cmeps"},
{"name":"med_phases_prep_wav_avg", "ph":"E", "ts":"2749720513490", "pid":"1", "tid":"cmeps"},
{"name":"med_phases_post_atm", "ph":"B", "ts":"2749720515090", "pid":"1", "tid":"cmeps"},
{"name":"med_phases_history_write_comp", "ph":"B", "ts":"2749721090699", "pid":"1", "tid":"cmeps"},
{"name":"med_phases_history_write_comp", "ph":"E", "ts":"2749721090743", "pid":"1", "tid":"cmeps"},
{"name":"med_phases_post_atm", "ph":"E", "ts":"2749721090747", "pid":"1", "tid":"cmeps"},
{"name":"med_phases_post_wav", "ph":"B", "ts":"2749722948635", "pid":"1", "tid":"cmeps"},
{"name":"med_phases_history_write_comp", "ph":"B", "ts":"2749722948689", "pid":"1", "tid":"cmeps"},
{"name":"med_phases_history_write_comp", "ph":"E", "ts":"2749722948703", "pid":"1", "tid":"cmeps"},
{"name":"med_phases_post_wav", "ph":"E", "ts":"2749722948706", "pid":"1", "tid":"cmeps"},
{"name":"med_phases_restart_write", "ph":"B", "ts":"2749722948814", "pid":"1", "tid":"cmeps"},
{"name":"med_phases_restart_write", "ph":"E", "ts":"2749722948840", "pid":"1", "tid":"cmeps"},
{"name":"med_phases_prep_atm", "ph":"B", "ts":"2749722948935", "pid":"1", "tid":"cmeps"},
{"name":"med_phases_prep_atm", "ph":"E", "ts":"2749722948974", "pid":"1", "tid":"cmeps"},
{"name":"med_phases_prep_wav_accum", "ph":"B", "ts":"2749722949072", "pid":"1", "tid":"cmeps"},
{"name":"med_phases_prep_wav_accum", "ph":"E", "ts":"2749722949704", "pid":"1", "tid":"cmeps"},
{"name":"med_phases_prep_wav_avg", "ph":"B", "ts":"2749722949856", "pid":"1", "tid":"cmeps"},
{"name":"med_phases_prep_wav_avg", "ph":"E", "ts":"2749722950093", "pid":"1", "tid":"cmeps"},
{"name":"med_phases_post_atm", "ph":"B", "ts":"2749722954387", "pid":"1", "tid":"cmeps"},
{"name":"med_phases_history_write_comp", "ph":"B", "ts":"2749723524794", "pid":"1", "tid":"cmeps"},
{"name":"med_phases_history_write_comp", "ph":"E", "ts":"2749723524828", "pid":"1", "tid":"cmeps"},
{"name":"med_phases_post_atm", "ph":"E", "ts":"2749723524831", "pid":"1", "tid":"cmeps"},
{"name":"med_phases_post_wav", "ph":"B", "ts":"2749725361331", "pid":"1", "tid":"cmeps"},
{"name":"med_phases_history_write_comp", "ph":"B", "ts":"2749725361479", "pid":"1", "tid":"cmeps"},
{"name":"med_phases_history_write_comp", "ph":"E", "ts":"2749725361524", "pid":"1", "tid":"cmeps"},
{"name":"med_phases_post_wav", "ph":"E", "ts":"2749725361528", "pid":"1", "tid":"cmeps"},
{"name":"med_phases_restart_write", "ph":"B", "ts":"2749725361642", "pid":"1", "tid":"cmeps"},
{"name":"med_phases_restart_write", "ph":"E", "ts":"2749725361666", "pid":"1", "tid":"cmeps"},
{"name":"med_phases_prep_atm", "ph":"B", "ts":"2749725361758", "pid":"1", "tid":"cmeps"},
{"name":"med_phases_prep_atm", "ph":"E", "ts":"2749725361777", "pid":"1", "tid":"cmeps"},
{"name":"med_phases_prep_wav_accum", "ph":"B", "ts":"2749725361873", "pid":"1", "tid":"cmeps"},
{"name":"med_phases_prep_wav_accum", "ph":"E", "ts":"2749725362062", "pid":"1", "tid":"cmeps"},
{"name":"med_phases_prep_wav_avg", "ph":"B", "ts":"2749725362166", "pid":"1", "tid":"cmeps"},
{"name":"med_phases_prep_wav_avg", "ph":"E", "ts":"2749725362396", "pid":"1", "tid":"cmeps"},
{"name":"med_phases_post_atm", "ph":"B", "ts":"2749725364025", "pid":"1", "tid":"cmeps"},
{"name":"med_phases_history_write_comp", "ph":"B", "ts":"2749725903061", "pid":"1", "tid":"cmeps"},
{"name":"med_phases_history_write_comp", "ph":"E", "ts":"2749725903100", "pid":"1", "tid":"cmeps"},
{"name":"med_phases_post_atm", "ph":"E", "ts":"2749725903104", "pid":"1", "tid":"cmeps"},
{"name":"med_phases_post_wav", "ph":"B", "ts":"2749727722830", "pid":"1", "tid":"cmeps"},
{"name":"med_phases_history_write_comp", "ph":"B", "ts":"2749727722865", "pid":"1", "tid":"cmeps"},
{"name":"med_phases_history_write_comp", "ph":"E", "ts":"2749727722872", "pid":"1", "tid":"cmeps"},
{"name":"med_phases_post_wav", "ph":"E", "ts":"2749727722875", "pid":"1", "tid":"cmeps"},
{"name":"med_phases_restart_write", "ph":"B", "ts":"2749727722976", "pid":"1", "tid":"cmeps"},
{"name":"med_phases_restart_write", "ph":"E", "ts":"2749727722999", "pid":"1", "tid":"cmeps"},
{"name":"med_phases_prep_atm", "ph":"B", "ts":"2749727723089", "pid":"1", "tid":"cmeps"},
{"name":"med_phases_prep_atm", "ph":"E", "ts":"2749727723110", "pid":"1", "tid":"cmeps"},
{"name":"med_phases_prep_wav_accum", "ph":"B", "ts":"2749727723205", "pid":"1", "tid":"cmeps"},
{"name":"med_phases_prep_wav_accum", "ph":"E", "ts":"2749727723398", "pid":"1", "tid":"cmeps"},
{"name":"med_phases_prep_wav_avg", "ph":"B", "ts":"2749727723511", "pid":"1", "tid":"cmeps"},
{"name":"med_phases_prep_wav_avg", "ph":"E", "ts":"2749727723742", "pid":"1", "tid":"cmeps"},
{"name":"med_phases_post_atm", "ph":"B", "ts":"2749727725330", "pid":"1", "tid":"cmeps"},
{"name":"med_phases_history_write_comp", "ph":"B", "ts":"2749728231186", "pid":"1", "tid":"cmeps"},
{"name":"med_phases_history_write_comp", "ph":"E", "ts":"2749728231236", "pid":"1", "tid":"cmeps"},
{"name":"med_phases_post_atm", "ph":"E", "ts":"2749728231240", "pid":"1", "tid":"cmeps"},
{"name":"med_phases_post_wav", "ph":"B", "ts":"2749730019169", "pid":"1", "tid":"cmeps"},
{"name":"med_phases_history_write_comp", "ph":"B", "ts":"2749730019313", "pid":"1", "tid":"cmeps"},
{"name":"med_phases_history_write_comp", "ph":"E", "ts":"2749730019322", "pid":"1", "tid":"cmeps"},
{"name":"med_phases_post_wav", "ph":"E", "ts":"2749730019325", "pid":"1", "tid":"cmeps"},
{"name":"med_phases_restart_write", "ph":"B", "ts":"2749730019443", "pid":"1", "tid":"cmeps"},
{"name":"med_phases_restart_write", "ph":"E", "ts":"2749730019468", "pid":"1", "tid":"cmeps"},
{"name":"med_phases_prep_atm", "ph":"B", "ts":"2749730019559", "pid":"1", "tid":"cmeps"},
{"name":"med_phases_prep_atm", "ph":"E", "ts":"2749730019581", "pid":"1", "tid":"cmeps"},
{"name":"med_phases_prep_wav_accum", "ph":"B", "ts":"2749730019679", "pid":"1", "tid":"cmeps"},
{"name":"med_phases_prep_wav_accum", "ph":"E", "ts":"2749730019871", "pid":"1", "tid":"cmeps"},
{"name":"med_phases_prep_wav_avg", "ph":"B", "ts":"2749730019976", "pid":"1", "tid":"cmeps"},
{"name":"med_phases_prep_wav_avg", "ph":"E", "ts":"2749730020208", "pid":"1", "tid":"cmeps"},
{"name":"med_phases_post_atm", "ph":"B", "ts":"2749730021957", "pid":"1", "tid":"cmeps"},
{"name":"med_phases_history_write_comp", "ph":"B", "ts":"2749730492634", "pid":"1", "tid":"cmeps"},
{"name":"med_phases_history_write_comp", "ph":"E", "ts":"2749730492685", "pid":"1", "tid":"cmeps"},
{"name":"med_phases_post_atm", "ph":"E", "ts":"2749730492689", "pid":"1", "tid":"cmeps"},
{"name":"med_phases_post_wav", "ph":"B", "ts":"2749732417968", "pid":"1", "tid":"cmeps"},
{"name":"med_phases_history_write_comp", "ph":"B", "ts":"2749732418005", "pid":"1", "tid":"cmeps"},
{"name":"med_phases_history_write_comp", "ph":"E", "ts":"2749732418012", "pid":"1", "tid":"cmeps"},
{"name":"med_phases_post_wav", "ph":"E", "ts":"2749732418015", "pid":"1", "tid":"cmeps"},
{"name":"med_phases_restart_write", "ph":"B", "ts":"2749732418116", "pid":"1", "tid":"cmeps"},
{"name":"med_phases_restart_write", "ph":"E", "ts":"2749732418141", "pid":"1", "tid":"cmeps"},
{"name":"med_phases_prep_atm", "ph":"B", "ts":"2749732418232", "pid":"1", "tid":"cmeps"},
{"name":"med_phases_prep_atm", "ph":"E", "ts":"2749732418252", "pid":"1", "tid":"cmeps"},
{"name":"med_phases_prep_wav_accum", "ph":"B", "ts":"2749732418348", "pid":"1", "tid":"cmeps"},
{"name":"med_phases_prep_wav_accum", "ph":"E", "ts":"2749732418551", "pid":"1", "tid":"cmeps"},
{"name":"med_phases_prep_wav_avg", "ph":"B", "ts":"2749732418656", "pid":"1", "tid":"cmeps"},
{"name":"med_phases_prep_wav_avg", "ph":"E", "ts":"2749732418887", "pid":"1", "tid":"cmeps"},
{"name":"med_phases_post_atm", "ph":"B", "ts":"2749732420364", "pid":"1", "tid":"cmeps"},
{"name":"med_phases_history_write_comp", "ph":"B", "ts":"2749732883866", "pid":"1", "tid":"cmeps"},
{"name":"med_phases_history_write_comp", "ph":"E", "ts":"2749732883905", "pid":"1", "tid":"cmeps"},
{"name":"med_phases_post_atm", "ph":"E", "ts":"2749732883910", "pid":"1", "tid":"cmeps"},
{"name":"med_phases_post_wav", "ph":"B", "ts":"2749735010488", "pid":"1", "tid":"cmeps"},
{"name":"med_phases_history_write_comp", "ph":"B", "ts":"2749735010632", "pid":"1", "tid":"cmeps"},
{"name":"med_phases_history_write_comp", "ph":"E", "ts":"2749735010641", "pid":"1", "tid":"cmeps"},
{"name":"med_phases_post_wav", "ph":"E", "ts":"2749735010645", "pid":"1", "tid":"cmeps"},
{"name":"med_phases_restart_write", "ph":"B", "ts":"2749735010751", "pid":"1", "tid":"cmeps"},
{"name":"med_phases_restart_write", "ph":"E", "ts":"2749735010775", "pid":"1", "tid":"cmeps"},
{"name":"med_phases_prep_atm", "ph":"B", "ts":"2749735010865", "pid":"1", "tid":"cmeps"},
{"name":"med_phases_prep_atm", "ph":"E", "ts":"2749735010888", "pid":"1", "tid":"cmeps"},
{"name":"med_phases_prep_wav_accum", "ph":"B", "ts":"2749735010982", "pid":"1", "tid":"cmeps"},
{"name":"med_phases_prep_wav_accum", "ph":"E", "ts":"2749735011174", "pid":"1", "tid":"cmeps"},
{"name":"med_phases_prep_wav_avg", "ph":"B", "ts":"2749735011277", "pid":"1", "tid":"cmeps"},
{"name":"med_phases_prep_wav_avg", "ph":"E", "ts":"2749735011512", "pid":"1", "tid":"cmeps"},
{"name":"med_phases_post_atm", "ph":"B", "ts":"2749735013182", "pid":"1", "tid":"cmeps"},
{"name":"med_phases_history_write_comp", "ph":"B", "ts":"2749735427917", "pid":"1", "tid":"cmeps"},
{"name":"med_phases_history_write_comp", "ph":"E", "ts":"2749735427960", "pid":"1", "tid":"cmeps"},
{"name":"med_phases_post_atm", "ph":"E", "ts":"2749735427963", "pid":"1", "tid":"cmeps"},
{"name":"med_phases_post_wav", "ph":"B", "ts":"2749737121456", "pid":"1", "tid":"cmeps"},
{"name":"med_phases_history_write_comp", "ph":"B", "ts":"2749737121494", "pid":"1", "tid":"cmeps"},
{"name":"med_phases_history_write_comp", "ph":"E", "ts":"2749737121502", "pid":"1", "tid":"cmeps"},
{"name":"med_phases_post_wav", "ph":"E", "ts":"2749737121505", "pid":"1", "tid":"cmeps"},
{"name":"med_phases_restart_write", "ph":"B", "ts":"2749737121606", "pid":"1", "tid":"cmeps"},
{"name":"med_phases_restart_write", "ph":"E", "ts":"2749737121630", "pid":"1", "tid":"cmeps"},
{"name":"med_phases_prep_atm", "ph":"B", "ts":"2749737121721", "pid":"1", "tid":"cmeps"},
{"name":"med_phases_prep_atm", "ph":"E", "ts":"2749737121742", "pid":"1", "tid":"cmeps"},
{"name":"med_phases_prep_wav_accum", "ph":"B", "ts":"2749737121838", "pid":"1", "tid":"cmeps"},
{"name":"med_phases_prep_wav_accum", "ph":"E", "ts":"2749737122159", "pid":"1", "tid":"cmeps"},
{"name":"med_phases_prep_wav_avg", "ph":"B", "ts":"2749737122274", "pid":"1", "tid":"cmeps"},
{"name":"med_phases_prep_wav_avg", "ph":"E", "ts":"2749737122516", "pid":"1", "tid":"cmeps"},
{"name":"med_phases_post_atm", "ph":"B", "ts":"2749737124116", "pid":"1", "tid":"cmeps"},
{"name":"med_phases_history_write_comp", "ph":"B", "ts":"2749737530227", "pid":"1", "tid":"cmeps"},
{"name":"med_phases_history_write_comp", "ph":"E", "ts":"2749737530276", "pid":"1", "tid":"cmeps"},
{"name":"med_phases_post_atm", "ph":"E", "ts":"2749737530279", "pid":"1", "tid":"cmeps"},
{"name":"med_phases_post_wav", "ph":"B", "ts":"2749739192327", "pid":"1", "tid":"cmeps"},
{"name":"med_phases_history_write_comp", "ph":"B", "ts":"2749739192478", "pid":"1", "tid":"cmeps"},
{"name":"med_phases_history_write_comp", "ph":"E", "ts":"2749739192490", "pid":"1", "tid":"cmeps"},
{"name":"med_phases_post_wav", "ph":"E", "ts":"2749739192493", "pid":"1", "tid":"cmeps"},
{"name":"med_phases_restart_write", "ph":"B", "ts":"2749739192603", "pid":"1", "tid":"cmeps"},
{"name":"med_phases_restart_write", "ph":"E", "ts":"2749739192627", "pid":"1", "tid":"cmeps"},
{"name":"med_phases_prep_atm", "ph":"B", "ts":"2749739192719", "pid":"1", "tid":"cmeps"},
{"name":"med_phases_prep_atm", "ph":"E", "ts":"2749739192738", "pid":"1", "tid":"cmeps"},
{"name":"med_phases_prep_wav_accum", "ph":"B", "ts":"2749739192837", "pid":"1", "tid":"cmeps"},
{"name":"med_phases_prep_wav_accum", "ph":"E", "ts":"2749739193030", "pid":"1", "tid":"cmeps"},
{"name":"med_phases_prep_wav_avg", "ph":"B", "ts":"2749739193140", "pid":"1", "tid":"cmeps"},
{"name":"med_phases_prep_wav_avg", "ph":"E", "ts":"2749739193375", "pid":"1", "tid":"cmeps"},
{"name":"med_phases_post_atm", "ph":"B", "ts":"2749739195028", "pid":"1", "tid":"cmeps"},
{"name":"med_phases_history_write_comp", "ph":"B", "ts":"2749739601443", "pid":"1", "tid":"cmeps"},
{"name":"med_phases_history_write_comp", "ph":"E", "ts":"2749739601484", "pid":"1", "tid":"cmeps"},
{"name":"med_phases_post_atm", "ph":"E", "ts":"2749739601488", "pid":"1", "tid":"cmeps"},
{"name":"med_phases_post_wav", "ph":"B", "ts":"2749741226224", "pid":"1", "tid":"cmeps"},
{"name":"med_phases_history_write_comp", "ph":"B", "ts":"2749741226260", "pid":"1", "tid":"cmeps"},
{"name":"med_phases_history_write_comp", "ph":"E", "ts":"2749741226267", "pid":"1", "tid":"cmeps"},
{"name":"med_phases_post_wav", "ph":"E", "ts":"2749741226270", "pid":"1", "tid":"cmeps"},
{"name":"med_phases_restart_write", "ph":"B", "ts":"2749741226370", "pid":"1", "tid":"cmeps"},
{"name":"med_phases_restart_write", "ph":"E", "ts":"2749741226393", "pid":"1", "tid":"cmeps"},
{"name":"med_phases_prep_atm", "ph":"B", "ts":"2749741226496", "pid":"1", "tid":"cmeps"},
{"name":"med_phases_prep_atm", "ph":"E", "ts":"2749741226516", "pid":"1", "tid":"cmeps"},
{"name":"med_phases_prep_wav_accum", "ph":"B", "ts":"2749741226614", "pid":"1", "tid":"cmeps"},
{"name":"med_phases_prep_wav_accum", "ph":"E", "ts":"2749741226821", "pid":"1", "tid":"cmeps"},
{"name":"med_phases_prep_wav_avg", "ph":"B", "ts":"2749741226930", "pid":"1", "tid":"cmeps"},
{"name":"med_phases_prep_wav_avg", "ph":"E", "ts":"2749741227165", "pid":"1", "tid":"cmeps"},
{"name":"med_phases_post_atm", "ph":"B", "ts":"2749741228829", "pid":"1", "tid":"cmeps"},
{"name":"med_phases_history_write_comp", "ph":"B", "ts":"2749741600891", "pid":"1", "tid":"cmeps"},
{"name":"med_phases_history_write_comp", "ph":"E", "ts":"2749741600942", "pid":"1", "tid":"cmeps"},
{"name":"med_phases_post_atm", "ph":"E", "ts":"2749741600946", "pid":"1", "tid":"cmeps"},
{"name":"med_phases_post_wav", "ph":"B", "ts":"2749743241182", "pid":"1", "tid":"cmeps"},
{"name":"med_phases_history_write_comp", "ph":"B", "ts":"2749743241214", "pid":"1", "tid":"cmeps"},
{"name":"med_phases_history_write_comp", "ph":"E", "ts":"2749743241221", "pid":"1", "tid":"cmeps"},
{"name":"med_phases_post_wav", "ph":"E", "ts":"2749743241224", "pid":"1", "tid":"cmeps"},
{"name":"med_phases_restart_write", "ph":"B", "ts":"2749743241474", "pid":"1", "tid":"cmeps"},
{"name":"med_phases_restart_write", "ph":"E", "ts":"2749743241498", "pid":"1", "tid":"cmeps"},
{"name":"med_phases_prep_atm", "ph":"B", "ts":"2749743241590", "pid":"1", "tid":"cmeps"},
{"name":"med_phases_prep_atm", "ph":"E", "ts":"2749743241609", "pid":"1", "tid":"cmeps"},
{"name":"med_phases_prep_wav_accum", "ph":"B", "ts":"2749743241706", "pid":"1", "tid":"cmeps"},
{"name":"med_phases_prep_wav_accum", "ph":"E", "ts":"2749743241895", "pid":"1", "tid":"cmeps"},
{"name":"med_phases_prep_wav_avg", "ph":"B", "ts":"2749743242002", "pid":"1", "tid":"cmeps"},
{"name":"med_phases_prep_wav_avg", "ph":"E", "ts":"2749743242234", "pid":"1", "tid":"cmeps"},
{"name":"med_phases_post_atm", "ph":"B", "ts":"2749743243891", "pid":"1", "tid":"cmeps"},
{"name":"med_phases_history_write_comp", "ph":"B", "ts":"2749743620900", "pid":"1", "tid":"cmeps"},
{"name":"med_phases_history_write_comp", "ph":"E", "ts":"2749743620941", "pid":"1", "tid":"cmeps"},
{"name":"med_phases_post_atm", "ph":"E", "ts":"2749743620945", "pid":"1", "tid":"cmeps"},
{"name":"med_phases_post_wav", "ph":"B", "ts":"2749745324103", "pid":"1", "tid":"cmeps"},
{"name":"med_phases_history_write_comp", "ph":"B", "ts":"2749745324243", "pid":"1", "tid":"cmeps"},
{"name":"med_phases_history_write_comp", "ph":"E", "ts":"2749745324251", "pid":"1", "tid":"cmeps"},
{"name":"med_phases_post_wav", "ph":"E", "ts":"2749745324254", "pid":"1", "tid":"cmeps"},
{"name":"med_phases_restart_write", "ph":"B", "ts":"2749745324359", "pid":"1", "tid":"cmeps"},
{"name":"med_phases_restart_write", "ph":"E", "ts":"2749745324381", "pid":"1", "tid":"cmeps"},
{"name":"med_phases_prep_atm", "ph":"B", "ts":"2749745324480", "pid":"1", "tid":"cmeps"},
{"name":"med_phases_prep_atm", "ph":"E", "ts":"2749745324497", "pid":"1", "tid":"cmeps"},
{"name":"med_phases_prep_wav_accum", "ph":"B", "ts":"2749745324593", "pid":"1", "tid":"cmeps"},
{"name":"med_phases_prep_wav_accum", "ph":"E", "ts":"2749745324779", "pid":"1", "tid":"cmeps"},
{"name":"med_phases_prep_wav_avg", "ph":"B", "ts":"2749745324886", "pid":"1", "tid":"cmeps"},
{"name":"med_phases_prep_wav_avg", "ph":"E", "ts":"2749745325120", "pid":"1", "tid":"cmeps"},
{"name":"med_phases_post_atm", "ph":"B", "ts":"2749745326830", "pid":"1", "tid":"cmeps"},
{"name":"med_phases_history_write_comp", "ph":"B", "ts":"2749745734637", "pid":"1", "tid":"cmeps"},
{"name":"med_phases_history_write_comp", "ph":"E", "ts":"2749745734675", "pid":"1", "tid":"cmeps"},
{"name":"med_phases_post_atm", "ph":"E", "ts":"2749745734679", "pid":"1", "tid":"cmeps"},
{"name":"med_phases_post_wav", "ph":"B", "ts":"2749747737887", "pid":"1", "tid":"cmeps"},
{"name":"med_phases_history_write_comp", "ph":"B", "ts":"2749747737919", "pid":"1", "tid":"cmeps"},
{"name":"med_phases_history_write_comp", "ph":"E", "ts":"2749747737926", "pid":"1", "tid":"cmeps"},
{"name":"med_phases_post_wav", "ph":"E", "ts":"2749747737929", "pid":"1", "tid":"cmeps"},
{"name":"med_phases_restart_write", "ph":"B", "ts":"2749747738028", "pid":"1", "tid":"cmeps"},
{"name":"med_phases_restart_write", "ph":"E", "ts":"2749747738051", "pid":"1", "tid":"cmeps"},
{"name":"med_phases_prep_atm", "ph":"B", "ts":"2749747738142", "pid":"1", "tid":"cmeps"},
{"name":"med_phases_prep_atm", "ph":"E", "ts":"2749747738158", "pid":"1", "tid":"cmeps"},
{"name":"med_phases_prep_wav_accum", "ph":"B", "ts":"2749747738255", "pid":"1", "tid":"cmeps"},
{"name":"med_phases_prep_wav_accum", "ph":"E", "ts":"2749747738447", "pid":"1", "tid":"cmeps"},
{"name":"med_phases_prep_wav_avg", "ph":"B", "ts":"2749747738554", "pid":"1", "tid":"cmeps"},
{"name":"med_phases_prep_wav_avg", "ph":"E", "ts":"2749747738788", "pid":"1", "tid":"cmeps"},
{"name":"med_phases_post_atm", "ph":"B", "ts":"2749747740466", "pid":"1", "tid":"cmeps"},
{"name":"med_phases_history_write_comp", "ph":"B", "ts":"2749748173575", "pid":"1", "tid":"cmeps"},
{"name":"med_phases_history_write_comp", "ph":"E", "ts":"2749748173615", "pid":"1", "tid":"cmeps"},
{"name":"med_phases_post_atm", "ph":"E", "ts":"2749748173837", "pid":"1", "tid":"cmeps"},
{"name":"med_phases_post_wav", "ph":"B", "ts":"2749749792071", "pid":"1", "tid":"cmeps"},
{"name":"med_phases_history_write_comp", "ph":"B", "ts":"2749749792211", "pid":"1", "tid":"cmeps"},
{"name":"med_phases_history_write_comp", "ph":"E", "ts":"2749749792219", "pid":"1", "tid":"cmeps"},
{"name":"med_phases_post_wav", "ph":"E", "ts":"2749749792222", "pid":"1", "tid":"cmeps"},
{"name":"med_phases_restart_write", "ph":"B", "ts":"2749749792328", "pid":"1", "tid":"cmeps"},
{"name":"med_phases_restart_write", "ph":"E", "ts":"2749749792351", "pid":"1", "tid":"cmeps"},
{"name":"med_phases_prep_atm", "ph":"B", "ts":"2749749792453", "pid":"1", "tid":"cmeps"},
{"name":"med_phases_prep_atm", "ph":"E", "ts":"2749749792469", "pid":"1", "tid":"cmeps"},
{"name":"med_phases_prep_wav_accum", "ph":"B", "ts":"2749749792566", "pid":"1", "tid":"cmeps"},
{"name":"med_phases_prep_wav_accum", "ph":"E", "ts":"2749749792752", "pid":"1", "tid":"cmeps"},
{"name":"med_phases_prep_wav_avg", "ph":"B", "ts":"2749749792858", "pid":"1", "tid":"cmeps"},
{"name":"med_phases_prep_wav_avg", "ph":"E", "ts":"2749749793089", "pid":"1", "tid":"cmeps"},
{"name":"med_phases_post_atm", "ph":"B", "ts":"2749749794793", "pid":"1", "tid":"cmeps"},
{"name":"med_phases_history_write_comp", "ph":"B", "ts":"2749750259412", "pid":"1", "tid":"cmeps"},
{"name":"med_phases_history_write_comp", "ph":"E", "ts":"2749750259452", "pid":"1", "tid":"cmeps"},
{"name":"med_phases_post_atm", "ph":"E", "ts":"2749750259456", "pid":"1", "tid":"cmeps"},
{"name":"med_phases_post_wav", "ph":"B", "ts":"2749752620001", "pid":"1", "tid":"cmeps"},
{"name":"med_phases_history_write_comp", "ph":"B", "ts":"2749752620038", "pid":"1", "tid":"cmeps"},
{"name":"med_phases_history_write_comp", "ph":"E", "ts":"2749752620046", "pid":"1", "tid":"cmeps"},
{"name":"med_phases_post_wav", "ph":"E", "ts":"2749752620049", "pid":"1", "tid":"cmeps"},
{"name":"med_phases_restart_write", "ph":"B", "ts":"2749752620149", "pid":"1", "tid":"cmeps"},
{"name":"med_phases_restart_write", "ph":"E", "ts":"2749752620174", "pid":"1", "tid":"cmeps"},
{"name":"med_phases_prep_atm", "ph":"B", "ts":"2749752620265", "pid":"1", "tid":"cmeps"},
{"name":"med_phases_prep_atm", "ph":"E", "ts":"2749752620287", "pid":"1", "tid":"cmeps"},
{"name":"med_phases_prep_wav_accum", "ph":"B", "ts":"2749752620383", "pid":"1", "tid":"cmeps"},
{"name":"med_phases_prep_wav_accum", "ph":"E", "ts":"2749752620587", "pid":"1", "tid":"cmeps"},
{"name":"med_phases_prep_wav_avg", "ph":"B", "ts":"2749752620693", "pid":"1", "tid":"cmeps"},
{"name":"med_phases_prep_wav_avg", "ph":"E", "ts":"2749752620928", "pid":"1", "tid":"cmeps"},
{"name":"med_phases_post_atm", "ph":"B", "ts":"2749752622528", "pid":"1", "tid":"cmeps"},
{"name":"med_phases_history_write_comp", "ph":"B", "ts":"2749753104306", "pid":"1", "tid":"cmeps"},
{"name":"med_phases_history_write_comp", "ph":"E", "ts":"2749753104343", "pid":"1", "tid":"cmeps"},
{"name":"med_phases_post_atm", "ph":"E", "ts":"2749753104348", "pid":"1", "tid":"cmeps"},
{"name":"med_phases_post_wav", "ph":"B", "ts":"2749754770382", "pid":"1", "tid":"cmeps"},
{"name":"med_phases_history_write_comp", "ph":"B", "ts":"2749754770538", "pid":"1", "tid":"cmeps"},
{"name":"med_phases_history_write_comp", "ph":"E", "ts":"2749754770547", "pid":"1", "tid":"cmeps"},
{"name":"med_phases_post_wav", "ph":"E", "ts":"2749754770550", "pid":"1", "tid":"cmeps"},
{"name":"med_phases_restart_write", "ph":"B", "ts":"2749754770660", "pid":"1", "tid":"cmeps"},
{"name":"med_phases_restart_write", "ph":"E", "ts":"2749754770685", "pid":"1", "tid":"cmeps"},
{"name":"med_phases_prep_atm", "ph":"B", "ts":"2749754770776", "pid":"1", "tid":"cmeps"},
{"name":"med_phases_prep_atm", "ph":"E", "ts":"2749754770798", "pid":"1", "tid":"cmeps"},
{"name":"med_phases_prep_wav_accum", "ph":"B", "ts":"2749754770894", "pid":"1", "tid":"cmeps"},
{"name":"med_phases_prep_wav_accum", "ph":"E", "ts":"2749754771089", "pid":"1", "tid":"cmeps"},
{"name":"med_phases_prep_wav_avg", "ph":"B", "ts":"2749754771194", "pid":"1", "tid":"cmeps"},
{"name":"med_phases_prep_wav_avg", "ph":"E", "ts":"2749754771474", "pid":"1", "tid":"cmeps"},
{"name":"med_phases_post_atm", "ph":"B", "ts":"2749754773063", "pid":"1", "tid":"cmeps"},
{"name":"med_phases_history_write_comp", "ph":"B", "ts":"2749755279365", "pid":"1", "tid":"cmeps"},
{"name":"med_phases_history_write_comp", "ph":"E", "ts":"2749755279417", "pid":"1", "tid":"cmeps"},
{"name":"med_phases_post_atm", "ph":"E", "ts":"2749755279421", "pid":"1", "tid":"cmeps"},
{"name":"med_phases_post_wav", "ph":"B", "ts":"2749757846590", "pid":"1", "tid":"cmeps"},
{"name":"med_phases_history_write_comp", "ph":"B", "ts":"2749757846630", "pid":"1", "tid":"cmeps"},
{"name":"med_phases_history_write_comp", "ph":"E", "ts":"2749757846639", "pid":"1", "tid":"cmeps"},
{"name":"med_phases_post_wav", "ph":"E", "ts":"2749757846642", "pid":"1", "tid":"cmeps"},
{"name":"med_phases_restart_write", "ph":"B", "ts":"2749757846742", "pid":"1", "tid":"cmeps"},
{"name":"med_phases_restart_write", "ph":"E", "ts":"2749757846767", "pid":"1", "tid":"cmeps"},
{"name":"med_phases_prep_atm", "ph":"B", "ts":"2749757846858", "pid":"1", "tid":"cmeps"},
{"name":"med_phases_prep_atm", "ph":"E", "ts":"2749757846880", "pid":"1", "tid":"cmeps"},
{"name":"med_phases_prep_wav_accum", "ph":"B", "ts":"2749757846977", "pid":"1", "tid":"cmeps"},
{"name":"med_phases_prep_wav_accum", "ph":"E", "ts":"2749757847172", "pid":"1", "tid":"cmeps"},
{"name":"med_phases_prep_wav_avg", "ph":"B", "ts":"2749757847278", "pid":"1", "tid":"cmeps"},
{"name":"med_phases_prep_wav_avg", "ph":"E", "ts":"2749757847518", "pid":"1", "tid":"cmeps"},
{"name":"med_phases_post_atm", "ph":"B", "ts":"2749757849185", "pid":"1", "tid":"cmeps"},
{"name":"med_phases_history_write_comp", "ph":"B", "ts":"2749758373942", "pid":"1", "tid":"cmeps"},
{"name":"med_phases_history_write_comp", "ph":"E", "ts":"2749758373988", "pid":"1", "tid":"cmeps"},
{"name":"med_phases_post_atm", "ph":"E", "ts":"2749758373992", "pid":"1", "tid":"cmeps"},
{"name":"med_phases_post_wav", "ph":"B", "ts":"2749760026767", "pid":"1", "tid":"cmeps"},
{"name":"med_phases_history_write_comp", "ph":"B", "ts":"2749760026908", "pid":"1", "tid":"cmeps"},
{"name":"med_phases_history_write_comp", "ph":"E", "ts":"2749760026917", "pid":"1", "tid":"cmeps"},
{"name":"med_phases_post_wav", "ph":"E", "ts":"2749760026920", "pid":"1", "tid":"cmeps"},
{"name":"med_phases_restart_write", "ph":"B", "ts":"2749760027028", "pid":"1", "tid":"cmeps"},
{"name":"med_phases_restart_write", "ph":"E", "ts":"2749760027052", "pid":"1", "tid":"cmeps"},
{"name":"med_phases_prep_atm", "ph":"B", "ts":"2749760027144", "pid":"1", "tid":"cmeps"},
{"name":"med_phases_prep_atm", "ph":"E", "ts":"2749760027167", "pid":"1", "tid":"cmeps"},
{"name":"med_phases_prep_wav_accum", "ph":"B", "ts":"2749760027263", "pid":"1", "tid":"cmeps"},
{"name":"med_phases_prep_wav_accum", "ph":"E", "ts":"2749760027469", "pid":"1", "tid":"cmeps"},
{"name":"med_phases_prep_wav_avg", "ph":"B", "ts":"2749760027576", "pid":"1", "tid":"cmeps"},
{"name":"med_phases_prep_wav_avg", "ph":"E", "ts":"2749760027808", "pid":"1", "tid":"cmeps"},
{"name":"med_phases_post_atm", "ph":"B", "ts":"2749760029447", "pid":"1", "tid":"cmeps"},
{"name":"med_phases_history_write_comp", "ph":"B", "ts":"2749760553400", "pid":"1", "tid":"cmeps"},
{"name":"med_phases_history_write_comp", "ph":"E", "ts":"2749760553444", "pid":"1", "tid":"cmeps"},
{"name":"med_phases_post_atm", "ph":"E", "ts":"2749760553448", "pid":"1", "tid":"cmeps"},
{"name":"med_phases_post_wav", "ph":"B", "ts":"2749762448927", "pid":"1", "tid":"cmeps"},
{"name":"med_phases_history_write_comp", "ph":"B", "ts":"2749762448965", "pid":"1", "tid":"cmeps"},
{"name":"med_phases_history_write_comp", "ph":"E", "ts":"2749762448973", "pid":"1", "tid":"cmeps"},
{"name":"med_phases_post_wav", "ph":"E", "ts":"2749762448977", "pid":"1", "tid":"cmeps"},
{"name":"med_phases_restart_write", "ph":"B", "ts":"2749762449080", "pid":"1", "tid":"cmeps"},
{"name":"med_phases_restart_write", "ph":"E", "ts":"2749762449104", "pid":"1", "tid":"cmeps"},
{"name":"med_phases_prep_atm", "ph":"B", "ts":"2749762449331", "pid":"1", "tid":"cmeps"},
{"name":"med_phases_prep_atm", "ph":"E", "ts":"2749762449355", "pid":"1", "tid":"cmeps"},
{"name":"med_phases_prep_wav_accum", "ph":"B", "ts":"2749762449461", "pid":"1", "tid":"cmeps"},
{"name":"med_phases_prep_wav_accum", "ph":"E", "ts":"2749762449658", "pid":"1", "tid":"cmeps"},
{"name":"med_phases_prep_wav_avg", "ph":"B", "ts":"2749762449762", "pid":"1", "tid":"cmeps"},
{"name":"med_phases_prep_wav_avg", "ph":"E", "ts":"2749762449994", "pid":"1", "tid":"cmeps"},
{"name":"med_phases_post_atm", "ph":"B", "ts":"2749762451682", "pid":"1", "tid":"cmeps"},
{"name":"med_phases_history_write_comp", "ph":"B", "ts":"2749762971185", "pid":"1", "tid":"cmeps"},
{"name":"med_phases_history_write_comp", "ph":"E", "ts":"2749762971231", "pid":"1", "tid":"cmeps"},
{"name":"med_phases_post_atm", "ph":"E", "ts":"2749762971234", "pid":"1", "tid":"cmeps"},
{"name":"med_phases_post_wav", "ph":"B", "ts":"2749764479888", "pid":"1", "tid":"cmeps"},
{"name":"med_phases_history_write_comp", "ph":"B", "ts":"2749764479923", "pid":"1", "tid":"cmeps"},
{"name":"med_phases_history_write_comp", "ph":"E", "ts":"2749764479932", "pid":"1", "tid":"cmeps"},
{"name":"med_phases_post_wav", "ph":"E", "ts":"2749764479935", "pid":"1", "tid":"cmeps"},
{"name":"med_phases_restart_write", "ph":"B", "ts":"2749764480036", "pid":"1", "tid":"cmeps"},
{"name":"med_phases_restart_write", "ph":"E", "ts":"2749764480061", "pid":"1", "tid":"cmeps"},
{"name":"med_phases_prep_atm", "ph":"B", "ts":"2749764480150", "pid":"1", "tid":"cmeps"},
{"name":"med_phases_prep_atm", "ph":"E", "ts":"2749764480173", "pid":"1", "tid":"cmeps"},
{"name":"med_phases_prep_wav_accum", "ph":"B", "ts":"2749764480269", "pid":"1", "tid":"cmeps"},
{"name":"med_phases_prep_wav_accum", "ph":"E", "ts":"2749764480470", "pid":"1", "tid":"cmeps"},
{"name":"med_phases_prep_wav_avg", "ph":"B", "ts":"2749764480577", "pid":"1", "tid":"cmeps"},
{"name":"med_phases_prep_wav_avg", "ph":"E", "ts":"2749764480808", "pid":"1", "tid":"cmeps"},
{"name":"med_phases_post_atm", "ph":"B", "ts":"2749764482310", "pid":"1", "tid":"cmeps"},
{"name":"med_phases_history_write_comp", "ph":"B", "ts":"2749765006143", "pid":"1", "tid":"cmeps"},
{"name":"med_phases_history_write_comp", "ph":"E", "ts":"2749765006300", "pid":"1", "tid":"cmeps"},
{"name":"med_phases_post_atm", "ph":"E", "ts":"2749765006305", "pid":"1", "tid":"cmeps"},
{"name":"med_phases_post_wav", "ph":"B", "ts":"2749766589153", "pid":"1", "tid":"cmeps"},
{"name":"med_phases_history_write_comp", "ph":"B", "ts":"2749766589188", "pid":"1", "tid":"cmeps"},
{"name":"med_phases_history_write_comp", "ph":"E", "ts":"2749766589196", "pid":"1", "tid":"cmeps"},
{"name":"med_phases_post_wav", "ph":"E", "ts":"2749766589199", "pid":"1", "tid":"cmeps"},
{"name":"med_phases_restart_write", "ph":"B", "ts":"2749766589300", "pid":"1", "tid":"cmeps"},
{"name":"med_phases_restart_write", "ph":"E", "ts":"2749766589324", "pid":"1", "tid":"cmeps"},
{"name":"med_phases_prep_atm", "ph":"B", "ts":"2749766589423", "pid":"1", "tid":"cmeps"},
{"name":"med_phases_prep_atm", "ph":"E", "ts":"2749766589446", "pid":"1", "tid":"cmeps"},
{"name":"med_phases_prep_wav_accum", "ph":"B", "ts":"2749766589543", "pid":"1", "tid":"cmeps"},
{"name":"med_phases_prep_wav_accum", "ph":"E", "ts":"2749766589739", "pid":"1", "tid":"cmeps"},
{"name":"med_phases_prep_wav_avg", "ph":"B", "ts":"2749766589844", "pid":"1", "tid":"cmeps"},
{"name":"med_phases_prep_wav_avg", "ph":"E", "ts":"2749766590075", "pid":"1", "tid":"cmeps"},
{"name":"med_phases_post_atm", "ph":"B", "ts":"2749766591817", "pid":"1", "tid":"cmeps"},
{"name":"med_phases_history_write_comp", "ph":"B", "ts":"2749767136663", "pid":"1", "tid":"cmeps"},
{"name":"med_phases_history_write_comp", "ph":"E", "ts":"2749767136700", "pid":"1", "tid":"cmeps"},
{"name":"med_phases_post_atm", "ph":"E", "ts":"2749767136704", "pid":"1", "tid":"cmeps"},
{"name":"med_phases_post_wav", "ph":"B", "ts":"2749768708914", "pid":"1", "tid":"cmeps"},
{"name":"med_phases_history_write_comp", "ph":"B", "ts":"2749768708951", "pid":"1", "tid":"cmeps"},
{"name":"med_phases_history_write_comp", "ph":"E", "ts":"2749768709077", "pid":"1", "tid":"cmeps"},
{"name":"med_phases_post_wav", "ph":"E", "ts":"2749768709083", "pid":"1", "tid":"cmeps"},
{"name":"med_phases_restart_write", "ph":"B", "ts":"2749768709195", "pid":"1", "tid":"cmeps"},
{"name":"med_phases_restart_write", "ph":"E", "ts":"2749768709220", "pid":"1", "tid":"cmeps"},
{"name":"med_phases_prep_atm", "ph":"B", "ts":"2749768709311", "pid":"1", "tid":"cmeps"},
{"name":"med_phases_prep_atm", "ph":"E", "ts":"2749768709334", "pid":"1", "tid":"cmeps"},
{"name":"med_phases_prep_wav_accum", "ph":"B", "ts":"2749768709439", "pid":"1", "tid":"cmeps"},
{"name":"med_phases_prep_wav_accum", "ph":"E", "ts":"2749768709636", "pid":"1", "tid":"cmeps"},
{"name":"med_phases_prep_wav_avg", "ph":"B", "ts":"2749768709746", "pid":"1", "tid":"cmeps"},
{"name":"med_phases_prep_wav_avg", "ph":"E", "ts":"2749768709977", "pid":"1", "tid":"cmeps"},
{"name":"med_phases_post_atm", "ph":"B", "ts":"2749768711488", "pid":"1", "tid":"cmeps"},
{"name":"med_phases_history_write_comp", "ph":"B", "ts":"2749769274530", "pid":"1", "tid":"cmeps"},
{"name":"med_phases_history_write_comp", "ph":"E", "ts":"2749769274577", "pid":"1", "tid":"cmeps"},
{"name":"med_phases_post_atm", "ph":"E", "ts":"2749769274582", "pid":"1", "tid":"cmeps"},
{"name":"med_phases_post_wav", "ph":"B", "ts":"2749770811565", "pid":"1", "tid":"cmeps"},
{"name":"med_phases_history_write_comp", "ph":"B", "ts":"2749770811713", "pid":"1", "tid":"cmeps"},
{"name":"med_phases_history_write_comp", "ph":"E", "ts":"2749770811723", "pid":"1", "tid":"cmeps"},
{"name":"med_phases_post_wav", "ph":"E", "ts":"2749770811726", "pid":"1", "tid":"cmeps"},
{"name":"med_phases_restart_write", "ph":"B", "ts":"2749770811834", "pid":"1", "tid":"cmeps"},
{"name":"med_phases_restart_write", "ph":"E", "ts":"2749770811858", "pid":"1", "tid":"cmeps"},
{"name":"med_phases_prep_atm", "ph":"B", "ts":"2749770811950", "pid":"1", "tid":"cmeps"},
{"name":"med_phases_prep_atm", "ph":"E", "ts":"2749770811971", "pid":"1", "tid":"cmeps"},
{"name":"med_phases_prep_wav_accum", "ph":"B", "ts":"2749770812067", "pid":"1", "tid":"cmeps"},
{"name":"med_phases_prep_wav_accum", "ph":"E", "ts":"2749770812262", "pid":"1", "tid":"cmeps"},
{"name":"med_phases_prep_wav_avg", "ph":"B", "ts":"2749770812366", "pid":"1", "tid":"cmeps"},
{"name":"med_phases_prep_wav_avg", "ph":"E", "ts":"2749770812608", "pid":"1", "tid":"cmeps"},
{"name":"med_phases_post_atm", "ph":"B", "ts":"2749770814308", "pid":"1", "tid":"cmeps"},
{"name":"med_phases_history_write_comp", "ph":"B", "ts":"2749771396028", "pid":"1", "tid":"cmeps"},
{"name":"med_phases_history_write_comp", "ph":"E", "ts":"2749771396067", "pid":"1", "tid":"cmeps"},
{"name":"med_phases_post_atm", "ph":"E", "ts":"2749771396071", "pid":"1", "tid":"cmeps"},
{"name":"med_phases_post_wav", "ph":"B", "ts":"2749773085183", "pid":"1", "tid":"cmeps"},
{"name":"med_phases_history_write_comp", "ph":"B", "ts":"2749773085217", "pid":"1", "tid":"cmeps"},
{"name":"med_phases_history_write_comp", "ph":"E", "ts":"2749773085225", "pid":"1", "tid":"cmeps"},
{"name":"med_phases_post_wav", "ph":"E", "ts":"2749773085228", "pid":"1", "tid":"cmeps"},
{"name":"med_phases_restart_write", "ph":"B", "ts":"2749773085327", "pid":"1", "tid":"cmeps"},
{"name":"med_phases_restart_write", "ph":"E", "ts":"2749773085352", "pid":"1", "tid":"cmeps"},
{"name":"med_phases_prep_atm", "ph":"B", "ts":"2749773085454", "pid":"1", "tid":"cmeps"},
{"name":"med_phases_prep_atm", "ph":"E", "ts":"2749773085476", "pid":"1", "tid":"cmeps"},
{"name":"med_phases_prep_wav_accum", "ph":"B", "ts":"2749773085572", "pid":"1", "tid":"cmeps"},
{"name":"med_phases_prep_wav_accum", "ph":"E", "ts":"2749773085765", "pid":"1", "tid":"cmeps"},
{"name":"med_phases_prep_wav_avg", "ph":"B", "ts":"2749773085869", "pid":"1", "tid":"cmeps"},
{"name":"med_phases_prep_wav_avg", "ph":"E", "ts":"2749773086104", "pid":"1", "tid":"cmeps"},
{"name":"med_phases_post_atm", "ph":"B", "ts":"2749773087778", "pid":"1", "tid":"cmeps"},
{"name":"med_phases_history_write_comp", "ph":"B", "ts":"2749773683159", "pid":"1", "tid":"cmeps"},
{"name":"med_phases_history_write_comp", "ph":"E", "ts":"2749773683199", "pid":"1", "tid":"cmeps"},
{"name":"med_phases_post_atm", "ph":"E", "ts":"2749773683204", "pid":"1", "tid":"cmeps"},
{"name":"med_phases_post_wav", "ph":"B", "ts":"2749775616571", "pid":"1", "tid":"cmeps"},
{"name":"med_phases_history_write_comp", "ph":"B", "ts":"2749775616710", "pid":"1", "tid":"cmeps"},
{"name":"med_phases_history_write_comp", "ph":"E", "ts":"2749775616719", "pid":"1", "tid":"cmeps"},
{"name":"med_phases_post_wav", "ph":"E", "ts":"2749775616722", "pid":"1", "tid":"cmeps"},
{"name":"med_phases_restart_write", "ph":"B", "ts":"2749775616830", "pid":"1", "tid":"cmeps"},
{"name":"med_phases_restart_write", "ph":"E", "ts":"2749775616856", "pid":"1", "tid":"cmeps"},
{"name":"med_phases_prep_atm", "ph":"B", "ts":"2749775616947", "pid":"1", "tid":"cmeps"},
{"name":"med_phases_prep_atm", "ph":"E", "ts":"2749775616969", "pid":"1", "tid":"cmeps"},
{"name":"med_phases_prep_wav_accum", "ph":"B", "ts":"2749775617066", "pid":"1", "tid":"cmeps"},
{"name":"med_phases_prep_wav_accum", "ph":"E", "ts":"2749775617262", "pid":"1", "tid":"cmeps"},
{"name":"med_phases_prep_wav_avg", "ph":"B", "ts":"2749775617369", "pid":"1", "tid":"cmeps"},
{"name":"med_phases_prep_wav_avg", "ph":"E", "ts":"2749775617611", "pid":"1", "tid":"cmeps"},
{"name":"med_phases_post_atm", "ph":"B", "ts":"2749775619272", "pid":"1", "tid":"cmeps"},
{"name":"med_phases_history_write_comp", "ph":"B", "ts":"2749776226102", "pid":"1", "tid":"cmeps"},
{"name":"med_phases_history_write_comp", "ph":"E", "ts":"2749776226154", "pid":"1", "tid":"cmeps"},
{"name":"med_phases_post_atm", "ph":"E", "ts":"2749776226159", "pid":"1", "tid":"cmeps"},
{"name":"med_phases_post_wav", "ph":"B", "ts":"2749777760612", "pid":"1", "tid":"cmeps"},
{"name":"med_phases_history_write_comp", "ph":"B", "ts":"2749777760653", "pid":"1", "tid":"cmeps"},
{"name":"med_phases_history_write_comp", "ph":"E", "ts":"2749777760664", "pid":"1", "tid":"cmeps"},
{"name":"med_phases_post_wav", "ph":"E", "ts":"2749777760667", "pid":"1", "tid":"cmeps"},
{"name":"med_phases_restart_write", "ph":"B", "ts":"2749777760772", "pid":"1", "tid":"cmeps"},
{"name":"med_phases_restart_write", "ph":"E", "ts":"2749777760799", "pid":"1", "tid":"cmeps"},
{"name":"med_phases_prep_atm", "ph":"B", "ts":"2749777760893", "pid":"1", "tid":"cmeps"},
{"name":"med_phases_prep_atm", "ph":"E", "ts":"2749777760933", "pid":"1", "tid":"cmeps"},
{"name":"med_phases_prep_wav_accum", "ph":"B", "ts":"2749777761032", "pid":"1", "tid":"cmeps"},
{"name":"med_phases_prep_wav_accum", "ph":"E", "ts":"2749777761540", "pid":"1", "tid":"cmeps"},
{"name":"med_phases_prep_wav_avg", "ph":"B", "ts":"2749777761650", "pid":"1", "tid":"cmeps"},
{"name":"med_phases_prep_wav_avg", "ph":"E", "ts":"2749777761882", "pid":"1", "tid":"cmeps"},
{"name":"med_phases_post_atm", "ph":"B", "ts":"2749777766097", "pid":"1", "tid":"cmeps"},
{"name":"med_phases_history_write_comp", "ph":"B", "ts":"2749778379267", "pid":"1", "tid":"cmeps"},
{"name":"med_phases_history_write_comp", "ph":"E", "ts":"2749778379314", "pid":"1", "tid":"cmeps"},
{"name":"med_phases_post_atm", "ph":"E", "ts":"2749778379319", "pid":"1", "tid":"cmeps"},
{"name":"med_phases_post_wav", "ph":"B", "ts":"2749779918287", "pid":"1", "tid":"cmeps"},
{"name":"med_phases_history_write_comp", "ph":"B", "ts":"2749779920106", "pid":"1", "tid":"cmeps"},
{"name":"med_phases_history_write_comp", "ph":"E", "ts":"2749779920116", "pid":"1", "tid":"cmeps"},
{"name":"med_phases_post_wav", "ph":"E", "ts":"2749779920120", "pid":"1", "tid":"cmeps"},
{"name":"med_phases_restart_write", "ph":"B", "ts":"2749779920243", "pid":"1", "tid":"cmeps"},
{"name":"med_phases_restart_write", "ph":"E", "ts":"2749779920268", "pid":"1", "tid":"cmeps"},
{"name":"med_phases_prep_atm", "ph":"B", "ts":"2749779920360", "pid":"1", "tid":"cmeps"},
{"name":"med_phases_prep_atm", "ph":"E", "ts":"2749779920392", "pid":"1", "tid":"cmeps"},
{"name":"med_phases_prep_wav_accum", "ph":"B", "ts":"2749779920536", "pid":"1", "tid":"cmeps"},
{"name":"med_phases_prep_wav_accum", "ph":"E", "ts":"2749779920733", "pid":"1", "tid":"cmeps"},
{"name":"med_phases_prep_wav_avg", "ph":"B", "ts":"2749779920840", "pid":"1", "tid":"cmeps"},
{"name":"med_phases_prep_wav_avg", "ph":"E", "ts":"2749779921073", "pid":"1", "tid":"cmeps"},
{"name":"med_phases_post_atm", "ph":"B", "ts":"2749779922709", "pid":"1", "tid":"cmeps"},
{"name":"med_phases_history_write_comp", "ph":"B", "ts":"2749780559361", "pid":"1", "tid":"cmeps"},
{"name":"med_phases_history_write_comp", "ph":"E", "ts":"2749780559402", "pid":"1", "tid":"cmeps"},
{"name":"med_phases_post_atm", "ph":"E", "ts":"2749780559406", "pid":"1", "tid":"cmeps"},
{"name":"med_phases_post_wav", "ph":"B", "ts":"2749782116214", "pid":"1", "tid":"cmeps"},
{"name":"med_phases_history_write_comp", "ph":"B", "ts":"2749782116249", "pid":"1", "tid":"cmeps"},
{"name":"med_phases_history_write_comp", "ph":"E", "ts":"2749782116256", "pid":"1", "tid":"cmeps"},
{"name":"med_phases_post_wav", "ph":"E", "ts":"2749782116259", "pid":"1", "tid":"cmeps"},
{"name":"med_phases_restart_write", "ph":"B", "ts":"2749782116360", "pid":"1", "tid":"cmeps"},
{"name":"med_phases_restart_write", "ph":"E", "ts":"2749782116392", "pid":"1", "tid":"cmeps"},
{"name":"med_phases_prep_atm", "ph":"B", "ts":"2749782116485", "pid":"1", "tid":"cmeps"},
{"name":"med_phases_prep_atm", "ph":"E", "ts":"2749782116507", "pid":"1", "tid":"cmeps"},
{"name":"med_phases_prep_wav_accum", "ph":"B", "ts":"2749782116604", "pid":"1", "tid":"cmeps"},
{"name":"med_phases_prep_wav_accum", "ph":"E", "ts":"2749782116802", "pid":"1", "tid":"cmeps"},
{"name":"med_phases_prep_wav_avg", "ph":"B", "ts":"2749782116908", "pid":"1", "tid":"cmeps"},
{"name":"med_phases_prep_wav_avg", "ph":"E", "ts":"2749782117141", "pid":"1", "tid":"cmeps"},
{"name":"med_phases_post_atm", "ph":"B", "ts":"2749782118828", "pid":"1", "tid":"cmeps"},
{"name":"med_phases_history_write_comp", "ph":"B", "ts":"2749782773824", "pid":"1", "tid":"cmeps"},
{"name":"med_phases_history_write_comp", "ph":"E", "ts":"2749782773882", "pid":"1", "tid":"cmeps"},
{"name":"med_phases_post_atm", "ph":"E", "ts":"2749782773886", "pid":"1", "tid":"cmeps"},
{"name":"med_phases_post_wav", "ph":"B", "ts":"2749784302720", "pid":"1", "tid":"cmeps"},
{"name":"med_phases_history_write_comp", "ph":"B", "ts":"2749784302756", "pid":"1", "tid":"cmeps"},
{"name":"med_phases_history_write_comp", "ph":"E", "ts":"2749784302765", "pid":"1", "tid":"cmeps"},
{"name":"med_phases_post_wav", "ph":"E", "ts":"2749784302768", "pid":"1", "tid":"cmeps"},
{"name":"med_phases_restart_write", "ph":"B", "ts":"2749784302872", "pid":"1", "tid":"cmeps"},
{"name":"med_phases_restart_write", "ph":"E", "ts":"2749784302896", "pid":"1", "tid":"cmeps"},
{"name":"med_phases_prep_atm", "ph":"B", "ts":"2749784302988", "pid":"1", "tid":"cmeps"},
{"name":"med_phases_prep_atm", "ph":"E", "ts":"2749784303009", "pid":"1", "tid":"cmeps"},
{"name":"med_phases_prep_wav_accum", "ph":"B", "ts":"2749784303106", "pid":"1", "tid":"cmeps"},
{"name":"med_phases_prep_wav_accum", "ph":"E", "ts":"2749784303300", "pid":"1", "tid":"cmeps"},
{"name":"med_phases_prep_wav_avg", "ph":"B", "ts":"2749784303413", "pid":"1", "tid":"cmeps"},
{"name":"med_phases_prep_wav_avg", "ph":"E", "ts":"2749784303645", "pid":"1", "tid":"cmeps"},
{"name":"med_phases_post_atm", "ph":"B", "ts":"2749784305261", "pid":"1", "tid":"cmeps"},
{"name":"med_phases_history_write_comp", "ph":"B", "ts":"2749784989024", "pid":"1", "tid":"cmeps"},
{"name":"med_phases_history_write_comp", "ph":"E", "ts":"2749784989065", "pid":"1", "tid":"cmeps"},
{"name":"med_phases_post_atm", "ph":"E", "ts":"2749784989069", "pid":"1", "tid":"cmeps"},
{"name":"med_phases_post_wav", "ph":"B", "ts":"2749786706979", "pid":"1", "tid":"cmeps"},
{"name":"med_phases_history_write_comp", "ph":"B", "ts":"2749786707124", "pid":"1", "tid":"cmeps"},
{"name":"med_phases_history_write_comp", "ph":"E", "ts":"2749786707132", "pid":"1", "tid":"cmeps"},
{"name":"med_phases_post_wav", "ph":"E", "ts":"2749786707135", "pid":"1", "tid":"cmeps"},
{"name":"med_phases_restart_write", "ph":"B", "ts":"2749786707282", "pid":"1", "tid":"cmeps"},
{"name":"med_phases_restart_write", "ph":"E", "ts":"2749786707306", "pid":"1", "tid":"cmeps"},
{"name":"med_phases_prep_atm", "ph":"B", "ts":"2749786707403", "pid":"1", "tid":"cmeps"},
{"name":"med_phases_prep_atm", "ph":"E", "ts":"2749786707423", "pid":"1", "tid":"cmeps"},
{"name":"med_phases_prep_wav_accum", "ph":"B", "ts":"2749786707518", "pid":"1", "tid":"cmeps"},
{"name":"med_phases_prep_wav_accum", "ph":"E", "ts":"2749786707706", "pid":"1", "tid":"cmeps"},
{"name":"med_phases_prep_wav_avg", "ph":"B", "ts":"2749786707811", "pid":"1", "tid":"cmeps"},
{"name":"med_phases_prep_wav_avg", "ph":"E", "ts":"2749786708037", "pid":"1", "tid":"cmeps"},
{"name":"med_phases_post_atm", "ph":"B", "ts":"2749786709674", "pid":"1", "tid":"cmeps"},
{"name":"med_phases_history_write_comp", "ph":"B", "ts":"2749787406121", "pid":"1", "tid":"cmeps"},
{"name":"med_phases_history_write_comp", "ph":"E", "ts":"2749787406167", "pid":"1", "tid":"cmeps"},
{"name":"med_phases_post_atm", "ph":"E", "ts":"2749787406171", "pid":"1", "tid":"cmeps"},
{"name":"med_phases_post_wav", "ph":"B", "ts":"2749789322859", "pid":"1", "tid":"cmeps"},
{"name":"med_phases_history_write_comp", "ph":"B", "ts":"2749789322901", "pid":"1", "tid":"cmeps"},
{"name":"med_phases_history_write_comp", "ph":"E", "ts":"2749789322910", "pid":"1", "tid":"cmeps"},
{"name":"med_phases_post_wav", "ph":"E", "ts":"2749789322913", "pid":"1", "tid":"cmeps"},
{"name":"med_phases_restart_write", "ph":"B", "ts":"2749789323018", "pid":"1", "tid":"cmeps"},
{"name":"med_phases_restart_write", "ph":"E", "ts":"2749789323041", "pid":"1", "tid":"cmeps"},
{"name":"med_phases_prep_atm", "ph":"B", "ts":"2749789323132", "pid":"1", "tid":"cmeps"},
{"name":"med_phases_prep_atm", "ph":"E", "ts":"2749789323153", "pid":"1", "tid":"cmeps"},
{"name":"med_phases_prep_wav_accum", "ph":"B", "ts":"2749789323248", "pid":"1", "tid":"cmeps"},
{"name":"med_phases_prep_wav_accum", "ph":"E", "ts":"2749789323448", "pid":"1", "tid":"cmeps"},
{"name":"med_phases_prep_wav_avg", "ph":"B", "ts":"2749789323554", "pid":"1", "tid":"cmeps"},
{"name":"med_phases_prep_wav_avg", "ph":"E", "ts":"2749789323780", "pid":"1", "tid":"cmeps"},
{"name":"med_phases_post_atm", "ph":"B", "ts":"2749789325446", "pid":"1", "tid":"cmeps"},
{"name":"med_phases_history_write_comp", "ph":"B", "ts":"2749790019967", "pid":"1", "tid":"cmeps"},
{"name":"med_phases_history_write_comp", "ph":"E", "ts":"2749790020006", "pid":"1", "tid":"cmeps"},
{"name":"med_phases_post_atm", "ph":"E", "ts":"2749790020010", "pid":"1", "tid":"cmeps"},
{"name":"med_phases_post_wav", "ph":"B", "ts":"2749791643619", "pid":"1", "tid":"cmeps"},
{"name":"med_phases_history_write_comp", "ph":"B", "ts":"2749791643761", "pid":"1", "tid":"cmeps"},
{"name":"med_phases_history_write_comp", "ph":"E", "ts":"2749791643771", "pid":"1", "tid":"cmeps"},
{"name":"med_phases_post_wav", "ph":"E", "ts":"2749791643774", "pid":"1", "tid":"cmeps"},
{"name":"med_phases_restart_write", "ph":"B", "ts":"2749791643882", "pid":"1", "tid":"cmeps"},
{"name":"med_phases_restart_write", "ph":"E", "ts":"2749791643907", "pid":"1", "tid":"cmeps"},
{"name":"med_phases_prep_atm", "ph":"B", "ts":"2749791643998", "pid":"1", "tid":"cmeps"},
{"name":"med_phases_prep_atm", "ph":"E", "ts":"2749791644021", "pid":"1", "tid":"cmeps"},
{"name":"med_phases_prep_wav_accum", "ph":"B", "ts":"2749791644117", "pid":"1", "tid":"cmeps"},
{"name":"med_phases_prep_wav_accum", "ph":"E", "ts":"2749791644308", "pid":"1", "tid":"cmeps"},
{"name":"med_phases_prep_wav_avg", "ph":"B", "ts":"2749791644421", "pid":"1", "tid":"cmeps"},
{"name":"med_phases_prep_wav_avg", "ph":"E", "ts":"2749791644651", "pid":"1", "tid":"cmeps"},
{"name":"med_phases_post_atm", "ph":"B", "ts":"2749791646361", "pid":"1", "tid":"cmeps"},
{"name":"med_phases_history_write_comp", "ph":"B", "ts":"2749792351154", "pid":"1", "tid":"cmeps"},
{"name":"med_phases_history_write_comp", "ph":"E", "ts":"2749792351202", "pid":"1", "tid":"cmeps"},
{"name":"med_phases_post_atm", "ph":"E", "ts":"2749792351319", "pid":"1", "tid":"cmeps"},
{"name":"med_phases_post_wav", "ph":"B", "ts":"2749793885488", "pid":"1", "tid":"cmeps"},
{"name":"med_phases_history_write_comp", "ph":"B", "ts":"2749793885524", "pid":"1", "tid":"cmeps"},
{"name":"med_phases_history_write_comp", "ph":"E", "ts":"2749793885533", "pid":"1", "tid":"cmeps"},
{"name":"med_phases_post_wav", "ph":"E", "ts":"2749793885536", "pid":"1", "tid":"cmeps"},
{"name":"med_phases_restart_write", "ph":"B", "ts":"2749793885639", "pid":"1", "tid":"cmeps"},
{"name":"med_phases_restart_write", "ph":"E", "ts":"2749793885664", "pid":"1", "tid":"cmeps"},
{"name":"med_phases_prep_atm", "ph":"B", "ts":"2749793885757", "pid":"1", "tid":"cmeps"},
{"name":"med_phases_prep_atm", "ph":"E", "ts":"2749793885778", "pid":"1", "tid":"cmeps"},
{"name":"med_phases_prep_wav_accum", "ph":"B", "ts":"2749793885876", "pid":"1", "tid":"cmeps"},
{"name":"med_phases_prep_wav_accum", "ph":"E", "ts":"2749793886071", "pid":"1", "tid":"cmeps"},
{"name":"med_phases_prep_wav_avg", "ph":"B", "ts":"2749793886176", "pid":"1", "tid":"cmeps"},
{"name":"med_phases_prep_wav_avg", "ph":"E", "ts":"2749793886420", "pid":"1", "tid":"cmeps"},
{"name":"med_phases_post_atm", "ph":"B", "ts":"2749793888045", "pid":"1", "tid":"cmeps"},
{"name":"med_phases_history_write_comp", "ph":"B", "ts":"2749794605759", "pid":"1", "tid":"cmeps"},
{"name":"med_phases_history_write_comp", "ph":"E", "ts":"2749794605800", "pid":"1", "tid":"cmeps"},
{"name":"med_phases_post_atm", "ph":"E", "ts":"2749794605805", "pid":"1", "tid":"cmeps"},
{"name":"med_phases_post_wav", "ph":"B", "ts":"2749796139892", "pid":"1", "tid":"cmeps"},
{"name":"med_phases_history_write_comp", "ph":"B", "ts":"2749796140035", "pid":"1", "tid":"cmeps"},
{"name":"med_phases_history_write_comp", "ph":"E", "ts":"2749796140044", "pid":"1", "tid":"cmeps"},
{"name":"med_phases_post_wav", "ph":"E", "ts":"2749796140047", "pid":"1", "tid":"cmeps"},
{"name":"med_phases_restart_write", "ph":"B", "ts":"2749796140157", "pid":"1", "tid":"cmeps"},
{"name":"med_phases_restart_write", "ph":"E", "ts":"2749796140181", "pid":"1", "tid":"cmeps"},
{"name":"med_phases_prep_atm", "ph":"B", "ts":"2749796140273", "pid":"1", "tid":"cmeps"},
{"name":"med_phases_prep_atm", "ph":"E", "ts":"2749796140295", "pid":"1", "tid":"cmeps"},
{"name":"med_phases_prep_wav_accum", "ph":"B", "ts":"2749796140401", "pid":"1", "tid":"cmeps"},
{"name":"med_phases_prep_wav_accum", "ph":"E", "ts":"2749796140596", "pid":"1", "tid":"cmeps"},
{"name":"med_phases_prep_wav_avg", "ph":"B", "ts":"2749796140704", "pid":"1", "tid":"cmeps"},
{"name":"med_phases_prep_wav_avg", "ph":"E", "ts":"2749796140936", "pid":"1", "tid":"cmeps"},
{"name":"med_phases_post_atm", "ph":"B", "ts":"2749796142721", "pid":"1", "tid":"cmeps"},
{"name":"med_phases_history_write_comp", "ph":"B", "ts":"2749796875464", "pid":"1", "tid":"cmeps"},
{"name":"med_phases_history_write_comp", "ph":"E", "ts":"2749796875504", "pid":"1", "tid":"cmeps"},
{"name":"med_phases_post_atm", "ph":"E", "ts":"2749796875508", "pid":"1", "tid":"cmeps"},
{"name":"med_phases_post_wav", "ph":"B", "ts":"2749798610427", "pid":"1", "tid":"cmeps"},
{"name":"med_phases_history_write_comp", "ph":"B", "ts":"2749798610464", "pid":"1", "tid":"cmeps"},
{"name":"med_phases_history_write_comp", "ph":"E", "ts":"2749798610472", "pid":"1", "tid":"cmeps"},
{"name":"med_phases_post_wav", "ph":"E", "ts":"2749798610475", "pid":"1", "tid":"cmeps"},
{"name":"med_phases_restart_write", "ph":"B", "ts":"2749798610570", "pid":"1", "tid":"cmeps"},
{"name":"med_phases_restart_write", "ph":"E", "ts":"2749798610593", "pid":"1", "tid":"cmeps"},
{"name":"med_phases_prep_atm", "ph":"B", "ts":"2749798610679", "pid":"1", "tid":"cmeps"},
{"name":"med_phases_prep_atm", "ph":"E", "ts":"2749798610699", "pid":"1", "tid":"cmeps"},
{"name":"med_phases_prep_wav_accum", "ph":"B", "ts":"2749798610789", "pid":"1", "tid":"cmeps"},
{"name":"med_phases_prep_wav_accum", "ph":"E", "ts":"2749798610971", "pid":"1", "tid":"cmeps"},
{"name":"med_phases_prep_wav_avg", "ph":"B", "ts":"2749798611069", "pid":"1", "tid":"cmeps"},
{"name":"med_phases_prep_wav_avg", "ph":"E", "ts":"2749798611424", "pid":"1", "tid":"cmeps"},
{"name":"med_phases_post_atm", "ph":"B", "ts":"2749799457984", "pid":"1", "tid":"cmeps"},
{"name":"med_phases_history_write_comp", "ph":"B", "ts":"2749799463818", "pid":"1", "tid":"cmeps"},
{"name":"med_phases_history_write_comp", "ph":"E", "ts":"2749799463838", "pid":"1", "tid":"cmeps"},
{"name":"med_phases_post_atm", "ph":"E", "ts":"2749799463842", "pid":"1", "tid":"cmeps"},
{"name":"med_phases_post_wav", "ph":"B", "ts":"2749801051661", "pid":"1", "tid":"cmeps"},
{"name":"med_phases_history_write_comp", "ph":"B", "ts":"2749801051803", "pid":"1", "tid":"cmeps"},
{"name":"med_phases_history_write_comp", "ph":"E", "ts":"2749801051813", "pid":"1", "tid":"cmeps"},
{"name":"med_phases_post_wav", "ph":"E", "ts":"2749801051816", "pid":"1", "tid":"cmeps"},
{"name":"med_phases_restart_write", "ph":"B", "ts":"2749801051925", "pid":"1", "tid":"cmeps"},
{"name":"med_phases_restart_write", "ph":"E", "ts":"2749801051950", "pid":"1", "tid":"cmeps"},
{"name":"med_phases_prep_atm", "ph":"B", "ts":"2749801052041", "pid":"1", "tid":"cmeps"},
{"name":"med_phases_prep_atm", "ph":"E", "ts":"2749801052064", "pid":"1", "tid":"cmeps"},
{"name":"med_phases_prep_wav_accum", "ph":"B", "ts":"2749801052162", "pid":"1", "tid":"cmeps"},
{"name":"med_phases_prep_wav_accum", "ph":"E", "ts":"2749801052358", "pid":"1", "tid":"cmeps"},
{"name":"med_phases_prep_wav_avg", "ph":"B", "ts":"2749801052503", "pid":"1", "tid":"cmeps"},
{"name":"med_phases_prep_wav_avg", "ph":"E", "ts":"2749801052736", "pid":"1", "tid":"cmeps"},
{"name":"med_phases_post_atm", "ph":"B", "ts":"2749801054413", "pid":"1", "tid":"cmeps"},
{"name":"med_phases_history_write_comp", "ph":"B", "ts":"2749801831294", "pid":"1", "tid":"cmeps"},
{"name":"med_phases_history_write_comp", "ph":"E", "ts":"2749801831339", "pid":"1", "tid":"cmeps"},
{"name":"med_phases_post_atm", "ph":"E", "ts":"2749801831343", "pid":"1", "tid":"cmeps"},
{"name":"med_phases_post_wav", "ph":"B", "ts":"2749803794833", "pid":"1", "tid":"cmeps"},
{"name":"med_phases_history_write_comp", "ph":"B", "ts":"2749803794865", "pid":"1", "tid":"cmeps"},
{"name":"med_phases_history_write_comp", "ph":"E", "ts":"2749803794873", "pid":"1", "tid":"cmeps"},
{"name":"med_phases_post_wav", "ph":"E", "ts":"2749803794876", "pid":"1", "tid":"cmeps"},
{"name":"med_phases_restart_write", "ph":"B", "ts":"2749803794975", "pid":"1", "tid":"cmeps"},
{"name":"med_phases_restart_write", "ph":"E", "ts":"2749803794999", "pid":"1", "tid":"cmeps"},
{"name":"med_phases_prep_atm", "ph":"B", "ts":"2749803795091", "pid":"1", "tid":"cmeps"},
{"name":"med_phases_prep_atm", "ph":"E", "ts":"2749803795109", "pid":"1", "tid":"cmeps"},
{"name":"med_phases_prep_wav_accum", "ph":"B", "ts":"2749803795207", "pid":"1", "tid":"cmeps"},
{"name":"med_phases_prep_wav_accum", "ph":"E", "ts":"2749803795407", "pid":"1", "tid":"cmeps"},
{"name":"med_phases_prep_wav_avg", "ph":"B", "ts":"2749803795514", "pid":"1", "tid":"cmeps"},
{"name":"med_phases_prep_wav_avg", "ph":"E", "ts":"2749803795745", "pid":"1", "tid":"cmeps"},
{"name":"med_phases_post_atm", "ph":"B", "ts":"2749803797430", "pid":"1", "tid":"cmeps"},
{"name":"med_phases_history_write_comp", "ph":"B", "ts":"2749804599946", "pid":"1", "tid":"cmeps"},
{"name":"med_phases_history_write_comp", "ph":"E", "ts":"2749804599999", "pid":"1", "tid":"cmeps"},
{"name":"med_phases_post_atm", "ph":"E", "ts":"2749804600003", "pid":"1", "tid":"cmeps"},
{"name":"med_phases_post_wav", "ph":"B", "ts":"2749806202294", "pid":"1", "tid":"cmeps"},
{"name":"med_phases_history_write_comp", "ph":"B", "ts":"2749806202446", "pid":"1", "tid":"cmeps"},
{"name":"med_phases_history_write_comp", "ph":"E", "ts":"2749806202455", "pid":"1", "tid":"cmeps"},
{"name":"med_phases_post_wav", "ph":"E", "ts":"2749806202458", "pid":"1", "tid":"cmeps"},
{"name":"med_phases_restart_write", "ph":"B", "ts":"2749806202567", "pid":"1", "tid":"cmeps"},
{"name":"med_phases_restart_write", "ph":"E", "ts":"2749806202591", "pid":"1", "tid":"cmeps"},
{"name":"med_phases_prep_atm", "ph":"B", "ts":"2749806202732", "pid":"1", "tid":"cmeps"},
{"name":"med_phases_prep_atm", "ph":"E", "ts":"2749806202754", "pid":"1", "tid":"cmeps"},
{"name":"med_phases_prep_wav_accum", "ph":"B", "ts":"2749806202852", "pid":"1", "tid":"cmeps"},
{"name":"med_phases_prep_wav_accum", "ph":"E", "ts":"2749806203046", "pid":"1", "tid":"cmeps"},
{"name":"med_phases_prep_wav_avg", "ph":"B", "ts":"2749806203150", "pid":"1", "tid":"cmeps"},
{"name":"med_phases_prep_wav_avg", "ph":"E", "ts":"2749806203390", "pid":"1", "tid":"cmeps"},
{"name":"med_phases_post_atm", "ph":"B", "ts":"2749806204900", "pid":"1", "tid":"cmeps"},
{"name":"med_phases_history_write_comp", "ph":"B", "ts":"2749806992046", "pid":"1", "tid":"cmeps"},
{"name":"med_phases_history_write_comp", "ph":"E", "ts":"2749806992094", "pid":"1", "tid":"cmeps"},
{"name":"med_phases_post_atm", "ph":"E", "ts":"2749806992098", "pid":"1", "tid":"cmeps"},
{"name":"med_phases_post_wav", "ph":"B", "ts":"2749808546033", "pid":"1", "tid":"cmeps"},
{"name":"med_phases_history_write_comp", "ph":"B", "ts":"2749808546070", "pid":"1", "tid":"cmeps"},
{"name":"med_phases_history_write_comp", "ph":"E", "ts":"2749808546077", "pid":"1", "tid":"cmeps"},
{"name":"med_phases_post_wav", "ph":"E", "ts":"2749808546080", "pid":"1", "tid":"cmeps"},
{"name":"med_phases_restart_write", "ph":"B", "ts":"2749808546181", "pid":"1", "tid":"cmeps"},
{"name":"med_phases_restart_write", "ph":"E", "ts":"2749808546205", "pid":"1", "tid":"cmeps"},
{"name":"med_phases_prep_atm", "ph":"B", "ts":"2749808546297", "pid":"1", "tid":"cmeps"},
{"name":"med_phases_prep_atm", "ph":"E", "ts":"2749808546318", "pid":"1", "tid":"cmeps"},
{"name":"med_phases_prep_wav_accum", "ph":"B", "ts":"2749808546423", "pid":"1", "tid":"cmeps"},
{"name":"med_phases_prep_wav_accum", "ph":"E", "ts":"2749808546614", "pid":"1", "tid":"cmeps"},
{"name":"med_phases_prep_wav_avg", "ph":"B", "ts":"2749808546720", "pid":"1", "tid":"cmeps"},
{"name":"med_phases_prep_wav_avg", "ph":"E", "ts":"2749808546955", "pid":"1", "tid":"cmeps"},
{"name":"med_phases_post_atm", "ph":"B", "ts":"2749808548592", "pid":"1", "tid":"cmeps"},
{"name":"med_phases_history_write_comp", "ph":"B", "ts":"2749809316058", "pid":"1", "tid":"cmeps"},
{"name":"med_phases_history_write_comp", "ph":"E", "ts":"2749809316108", "pid":"1", "tid":"cmeps"},
{"name":"med_phases_post_atm", "ph":"E", "ts":"2749809316112", "pid":"1", "tid":"cmeps"},
{"name":"med_phases_post_wav", "ph":"B", "ts":"2749810893062", "pid":"1", "tid":"cmeps"},
{"name":"med_phases_history_write_comp", "ph":"B", "ts":"2749810893282", "pid":"1", "tid":"cmeps"},
{"name":"med_phases_history_write_comp", "ph":"E", "ts":"2749810893292", "pid":"1", "tid":"cmeps"},
{"name":"med_phases_post_wav", "ph":"E", "ts":"2749810893295", "pid":"1", "tid":"cmeps"},
{"name":"med_phases_restart_write", "ph":"B", "ts":"2749810893414", "pid":"1", "tid":"cmeps"},
{"name":"med_phases_restart_write", "ph":"E", "ts":"2749810893439", "pid":"1", "tid":"cmeps"},
{"name":"med_phases_prep_atm", "ph":"B", "ts":"2749810893533", "pid":"1", "tid":"cmeps"},
{"name":"med_phases_prep_atm", "ph":"E", "ts":"2749810893554", "pid":"1", "tid":"cmeps"},
{"name":"med_phases_prep_wav_accum", "ph":"B", "ts":"2749810893651", "pid":"1", "tid":"cmeps"},
{"name":"med_phases_prep_wav_accum", "ph":"E", "ts":"2749810893845", "pid":"1", "tid":"cmeps"},
{"name":"med_phases_prep_wav_avg", "ph":"B", "ts":"2749810893951", "pid":"1", "tid":"cmeps"},
{"name":"med_phases_prep_wav_avg", "ph":"E", "ts":"2749810894183", "pid":"1", "tid":"cmeps"},
{"name":"med_phases_post_atm", "ph":"B", "ts":"2749810895907", "pid":"1", "tid":"cmeps"},
{"name":"med_phases_history_write_comp", "ph":"B", "ts":"2749811633951", "pid":"1", "tid":"cmeps"},
{"name":"med_phases_history_write_comp", "ph":"E", "ts":"2749811633999", "pid":"1", "tid":"cmeps"},
{"name":"med_phases_post_atm", "ph":"E", "ts":"2749811634003", "pid":"1", "tid":"cmeps"},
{"name":"med_phases_post_wav", "ph":"B", "ts":"2749813221889", "pid":"1", "tid":"cmeps"},
{"name":"med_phases_history_write_comp", "ph":"B", "ts":"2749813222046", "pid":"1", "tid":"cmeps"},
{"name":"med_phases_history_write_comp", "ph":"E", "ts":"2749813222055", "pid":"1", "tid":"cmeps"},
{"name":"med_phases_post_wav", "ph":"E", "ts":"2749813222058", "pid":"1", "tid":"cmeps"},
{"name":"med_phases_restart_write", "ph":"B", "ts":"2749813222169", "pid":"1", "tid":"cmeps"},
{"name":"med_phases_restart_write", "ph":"E", "ts":"2749813222194", "pid":"1", "tid":"cmeps"},
{"name":"med_phases_prep_atm", "ph":"B", "ts":"2749813222287", "pid":"1", "tid":"cmeps"},
{"name":"med_phases_prep_atm", "ph":"E", "ts":"2749813222308", "pid":"1", "tid":"cmeps"},
{"name":"med_phases_prep_wav_accum", "ph":"B", "ts":"2749813222414", "pid":"1", "tid":"cmeps"},
{"name":"med_phases_prep_wav_accum", "ph":"E", "ts":"2749813222609", "pid":"1", "tid":"cmeps"},
{"name":"med_phases_prep_wav_avg", "ph":"B", "ts":"2749813222716", "pid":"1", "tid":"cmeps"},
{"name":"med_phases_prep_wav_avg", "ph":"E", "ts":"2749813222950", "pid":"1", "tid":"cmeps"},
{"name":"med_phases_post_atm", "ph":"B", "ts":"2749813224625", "pid":"1", "tid":"cmeps"},
{"name":"med_phases_history_write_comp", "ph":"B", "ts":"2749813960686", "pid":"1", "tid":"cmeps"},
{"name":"med_phases_history_write_comp", "ph":"E", "ts":"2749813960728", "pid":"1", "tid":"cmeps"},
{"name":"med_phases_post_atm", "ph":"E", "ts":"2749813960733", "pid":"1", "tid":"cmeps"},
{"name":"med_phases_post_wav", "ph":"B", "ts":"2749815656399", "pid":"1", "tid":"cmeps"},
{"name":"med_phases_history_write_comp", "ph":"B", "ts":"2749815656436", "pid":"1", "tid":"cmeps"},
{"name":"med_phases_history_write_comp", "ph":"E", "ts":"2749815656445", "pid":"1", "tid":"cmeps"},
{"name":"med_phases_post_wav", "ph":"E", "ts":"2749815656447", "pid":"1", "tid":"cmeps"},
{"name":"med_phases_restart_write", "ph":"B", "ts":"2749815656549", "pid":"1", "tid":"cmeps"},
{"name":"med_phases_restart_write", "ph":"E", "ts":"2749815656574", "pid":"1", "tid":"cmeps"},
{"name":"med_phases_prep_atm", "ph":"B", "ts":"2749815656665", "pid":"1", "tid":"cmeps"},
{"name":"med_phases_prep_atm", "ph":"E", "ts":"2749815656687", "pid":"1", "tid":"cmeps"},
{"name":"med_phases_prep_wav_accum", "ph":"B", "ts":"2749815656784", "pid":"1", "tid":"cmeps"},
{"name":"med_phases_prep_wav_accum", "ph":"E", "ts":"2749815656980", "pid":"1", "tid":"cmeps"},
{"name":"med_phases_prep_wav_avg", "ph":"B", "ts":"2749815657085", "pid":"1", "tid":"cmeps"},
{"name":"med_phases_prep_wav_avg", "ph":"E", "ts":"2749815657316", "pid":"1", "tid":"cmeps"},
{"name":"med_phases_post_atm", "ph":"B", "ts":"2749815658958", "pid":"1", "tid":"cmeps"},
{"name":"med_phases_history_write_comp", "ph":"B", "ts":"2749816365634", "pid":"1", "tid":"cmeps"},
{"name":"med_phases_history_write_comp", "ph":"E", "ts":"2749816365841", "pid":"1", "tid":"cmeps"},
{"name":"med_phases_post_atm", "ph":"E", "ts":"2749816365846", "pid":"1", "tid":"cmeps"},
{"name":"med_phases_post_wav", "ph":"B", "ts":"2749818384690", "pid":"1", "tid":"cmeps"},
{"name":"med_phases_history_write_comp", "ph":"B", "ts":"2749818384725", "pid":"1", "tid":"cmeps"},
{"name":"med_phases_history_write_comp", "ph":"E", "ts":"2749818384733", "pid":"1", "tid":"cmeps"},
{"name":"med_phases_post_wav", "ph":"E", "ts":"2749818384736", "pid":"1", "tid":"cmeps"},
{"name":"med_phases_restart_write", "ph":"B", "ts":"2749818384838", "pid":"1", "tid":"cmeps"},
{"name":"med_phases_restart_write", "ph":"E", "ts":"2749818384862", "pid":"1", "tid":"cmeps"},
{"name":"med_phases_prep_atm", "ph":"B", "ts":"2749818384956", "pid":"1", "tid":"cmeps"},
{"name":"med_phases_prep_atm", "ph":"E", "ts":"2749818384979", "pid":"1", "tid":"cmeps"},
{"name":"med_phases_prep_wav_accum", "ph":"B", "ts":"2749818385076", "pid":"1", "tid":"cmeps"},
{"name":"med_phases_prep_wav_accum", "ph":"E", "ts":"2749818385289", "pid":"1", "tid":"cmeps"},
{"name":"med_phases_prep_wav_avg", "ph":"B", "ts":"2749818385403", "pid":"1", "tid":"cmeps"},
{"name":"med_phases_prep_wav_avg", "ph":"E", "ts":"2749818385638", "pid":"1", "tid":"cmeps"},
{"name":"med_phases_post_atm", "ph":"B", "ts":"2749818387391", "pid":"1", "tid":"cmeps"},
{"name":"med_phases_history_write_comp", "ph":"B", "ts":"2749819078927", "pid":"1", "tid":"cmeps"},
{"name":"med_phases_history_write_comp", "ph":"E", "ts":"2749819078973", "pid":"1", "tid":"cmeps"},
{"name":"med_phases_post_atm", "ph":"E", "ts":"2749819078977", "pid":"1", "tid":"cmeps"},
{"name":"med_phases_post_wav", "ph":"B", "ts":"2749820702579", "pid":"1", "tid":"cmeps"},
{"name":"med_phases_history_write_comp", "ph":"B", "ts":"2749820702612", "pid":"1", "tid":"cmeps"},
{"name":"med_phases_history_write_comp", "ph":"E", "ts":"2749820702620", "pid":"1", "tid":"cmeps"},
{"name":"med_phases_post_wav", "ph":"E", "ts":"2749820702624", "pid":"1", "tid":"cmeps"},
{"name":"med_phases_restart_write", "ph":"B", "ts":"2749820702727", "pid":"1", "tid":"cmeps"},
{"name":"med_phases_restart_write", "ph":"E", "ts":"2749820702752", "pid":"1", "tid":"cmeps"},
{"name":"med_phases_prep_atm", "ph":"B", "ts":"2749820702845", "pid":"1", "tid":"cmeps"},
{"name":"med_phases_prep_atm", "ph":"E", "ts":"2749820702868", "pid":"1", "tid":"cmeps"},
{"name":"med_phases_prep_wav_accum", "ph":"B", "ts":"2749820702966", "pid":"1", "tid":"cmeps"},
{"name":"med_phases_prep_wav_accum", "ph":"E", "ts":"2749820703161", "pid":"1", "tid":"cmeps"},
{"name":"med_phases_prep_wav_avg", "ph":"B", "ts":"2749820703269", "pid":"1", "tid":"cmeps"},
{"name":"med_phases_prep_wav_avg", "ph":"E", "ts":"2749820703514", "pid":"1", "tid":"cmeps"},
{"name":"med_phases_post_atm", "ph":"B", "ts":"2749820705110", "pid":"1", "tid":"cmeps"},
{"name":"med_phases_history_write_comp", "ph":"B", "ts":"2749821375977", "pid":"1", "tid":"cmeps"},
{"name":"med_phases_history_write_comp", "ph":"E", "ts":"2749821376194", "pid":"1", "tid":"cmeps"},
{"name":"med_phases_post_atm", "ph":"E", "ts":"2749821376201", "pid":"1", "tid":"cmeps"},
{"name":"med_phases_post_wav", "ph":"B", "ts":"2749823000827", "pid":"1", "tid":"cmeps"},
{"name":"med_phases_history_write_comp", "ph":"B", "ts":"2749823000862", "pid":"1", "tid":"cmeps"},
{"name":"med_phases_history_write_comp", "ph":"E", "ts":"2749823000870", "pid":"1", "tid":"cmeps"},
{"name":"med_phases_post_wav", "ph":"E", "ts":"2749823000873", "pid":"1", "tid":"cmeps"},
{"name":"med_phases_restart_write", "ph":"B", "ts":"2749823000974", "pid":"1", "tid":"cmeps"},
{"name":"med_phases_restart_write", "ph":"E", "ts":"2749823000999", "pid":"1", "tid":"cmeps"},
{"name":"med_phases_prep_atm", "ph":"B", "ts":"2749823001092", "pid":"1", "tid":"cmeps"},
{"name":"med_phases_prep_atm", "ph":"E", "ts":"2749823001115", "pid":"1", "tid":"cmeps"},
{"name":"med_phases_prep_wav_accum", "ph":"B", "ts":"2749823001213", "pid":"1", "tid":"cmeps"},
{"name":"med_phases_prep_wav_accum", "ph":"E", "ts":"2749823001415", "pid":"1", "tid":"cmeps"},
{"name":"med_phases_prep_wav_avg", "ph":"B", "ts":"2749823001522", "pid":"1", "tid":"cmeps"},
{"name":"med_phases_prep_wav_avg", "ph":"E", "ts":"2749823001754", "pid":"1", "tid":"cmeps"},
{"name":"med_phases_post_atm", "ph":"B", "ts":"2749823003555", "pid":"1", "tid":"cmeps"},
{"name":"med_phases_history_write_comp", "ph":"B", "ts":"2749823652829", "pid":"1", "tid":"cmeps"},
{"name":"med_phases_history_write_comp", "ph":"E", "ts":"2749823652874", "pid":"1", "tid":"cmeps"},
{"name":"med_phases_post_atm", "ph":"E", "ts":"2749823652878", "pid":"1", "tid":"cmeps"},
{"name":"med_phases_post_wav", "ph":"B", "ts":"2749825383100", "pid":"1", "tid":"cmeps"},
{"name":"med_phases_history_write_comp", "ph":"B", "ts":"2749825383135", "pid":"1", "tid":"cmeps"},
{"name":"med_phases_history_write_comp", "ph":"E", "ts":"2749825383143", "pid":"1", "tid":"cmeps"},
{"name":"med_phases_post_wav", "ph":"E", "ts":"2749825383146", "pid":"1", "tid":"cmeps"},
{"name":"med_phases_restart_write", "ph":"B", "ts":"2749825383247", "pid":"1", "tid":"cmeps"},
{"name":"med_phases_restart_write", "ph":"E", "ts":"2749825383271", "pid":"1", "tid":"cmeps"},
{"name":"med_phases_prep_atm", "ph":"B", "ts":"2749825383370", "pid":"1", "tid":"cmeps"},
{"name":"med_phases_prep_atm", "ph":"E", "ts":"2749825383393", "pid":"1", "tid":"cmeps"},
{"name":"med_phases_prep_wav_accum", "ph":"B", "ts":"2749825383628", "pid":"1", "tid":"cmeps"},
{"name":"med_phases_prep_wav_accum", "ph":"E", "ts":"2749825383826", "pid":"1", "tid":"cmeps"},
{"name":"med_phases_prep_wav_avg", "ph":"B", "ts":"2749825383931", "pid":"1", "tid":"cmeps"},
{"name":"med_phases_prep_wav_avg", "ph":"E", "ts":"2749825384164", "pid":"1", "tid":"cmeps"},
{"name":"med_phases_post_atm", "ph":"B", "ts":"2749825385648", "pid":"1", "tid":"cmeps"},
{"name":"med_phases_history_write_comp", "ph":"B", "ts":"2749826030703", "pid":"1", "tid":"cmeps"},
{"name":"med_phases_history_write_comp", "ph":"E", "ts":"2749826030869", "pid":"1", "tid":"cmeps"},
{"name":"med_phases_post_atm", "ph":"E", "ts":"2749826030876", "pid":"1", "tid":"cmeps"},
{"name":"med_phases_post_wav", "ph":"B", "ts":"2749827675987", "pid":"1", "tid":"cmeps"},
{"name":"med_phases_history_write_comp", "ph":"B", "ts":"2749827676025", "pid":"1", "tid":"cmeps"},
{"name":"med_phases_history_write_comp", "ph":"E", "ts":"2749827676032", "pid":"1", "tid":"cmeps"},
{"name":"med_phases_post_wav", "ph":"E", "ts":"2749827676035", "pid":"1", "tid":"cmeps"},
{"name":"med_phases_restart_write", "ph":"B", "ts":"2749827676136", "pid":"1", "tid":"cmeps"},
{"name":"med_phases_restart_write", "ph":"E", "ts":"2749827676160", "pid":"1", "tid":"cmeps"},
{"name":"med_phases_prep_atm", "ph":"B", "ts":"2749827676251", "pid":"1", "tid":"cmeps"},
{"name":"med_phases_prep_atm", "ph":"E", "ts":"2749827676272", "pid":"1", "tid":"cmeps"},
{"name":"med_phases_prep_wav_accum", "ph":"B", "ts":"2749827676376", "pid":"1", "tid":"cmeps"},
{"name":"med_phases_prep_wav_accum", "ph":"E", "ts":"2749827676573", "pid":"1", "tid":"cmeps"},
{"name":"med_phases_prep_wav_avg", "ph":"B", "ts":"2749827676677", "pid":"1", "tid":"cmeps"},
{"name":"med_phases_prep_wav_avg", "ph":"E", "ts":"2749827676906", "pid":"1", "tid":"cmeps"},
{"name":"med_phases_post_atm", "ph":"B", "ts":"2749827678663", "pid":"1", "tid":"cmeps"},
{"name":"med_phases_history_write_comp", "ph":"B", "ts":"2749828297500", "pid":"1", "tid":"cmeps"},
{"name":"med_phases_history_write_comp", "ph":"E", "ts":"2749828297543", "pid":"1", "tid":"cmeps"},
{"name":"med_phases_post_atm", "ph":"E", "ts":"2749828297548", "pid":"1", "tid":"cmeps"},
{"name":"med_phases_post_wav", "ph":"B", "ts":"2749830037269", "pid":"1", "tid":"cmeps"},
{"name":"med_phases_history_write_comp", "ph":"B", "ts":"2749830037306", "pid":"1", "tid":"cmeps"},
{"name":"med_phases_history_write_comp", "ph":"E", "ts":"2749830037314", "pid":"1", "tid":"cmeps"},
{"name":"med_phases_post_wav", "ph":"E", "ts":"2749830037317", "pid":"1", "tid":"cmeps"},
{"name":"med_phases_restart_write", "ph":"B", "ts":"2749830037425", "pid":"1", "tid":"cmeps"},
{"name":"med_phases_restart_write", "ph":"E", "ts":"2749830037450", "pid":"1", "tid":"cmeps"},
{"name":"med_phases_prep_atm", "ph":"B", "ts":"2749830037541", "pid":"1", "tid":"cmeps"},
{"name":"med_phases_prep_atm", "ph":"E", "ts":"2749830037563", "pid":"1", "tid":"cmeps"},
{"name":"med_phases_prep_wav_accum", "ph":"B", "ts":"2749830037659", "pid":"1", "tid":"cmeps"},
{"name":"med_phases_prep_wav_accum", "ph":"E", "ts":"2749830037854", "pid":"1", "tid":"cmeps"},
{"name":"med_phases_prep_wav_avg", "ph":"B", "ts":"2749830037960", "pid":"1", "tid":"cmeps"},
{"name":"med_phases_prep_wav_avg", "ph":"E", "ts":"2749830038190", "pid":"1", "tid":"cmeps"},
{"name":"med_phases_post_atm", "ph":"B", "ts":"2749830039863", "pid":"1", "tid":"cmeps"},
{"name":"med_phases_history_write_comp", "ph":"B", "ts":"2749830647879", "pid":"1", "tid":"cmeps"},
{"name":"med_phases_history_write_comp", "ph":"E", "ts":"2749830647923", "pid":"1", "tid":"cmeps"},
{"name":"med_phases_post_atm", "ph":"E", "ts":"2749830647927", "pid":"1", "tid":"cmeps"},
{"name":"med_phases_post_wav", "ph":"B", "ts":"2749832735913", "pid":"1", "tid":"cmeps"},
{"name":"med_phases_history_write_comp", "ph":"B", "ts":"2749832736058", "pid":"1", "tid":"cmeps"},
{"name":"med_phases_history_write_comp", "ph":"E", "ts":"2749832736067", "pid":"1", "tid":"cmeps"},
{"name":"med_phases_post_wav", "ph":"E", "ts":"2749832736070", "pid":"1", "tid":"cmeps"},
{"name":"med_phases_restart_write", "ph":"B", "ts":"2749832736212", "pid":"1", "tid":"cmeps"},
{"name":"med_phases_restart_write", "ph":"E", "ts":"2749832736238", "pid":"1", "tid":"cmeps"},
{"name":"med_phases_prep_atm", "ph":"B", "ts":"2749832736329", "pid":"1", "tid":"cmeps"},
{"name":"med_phases_prep_atm", "ph":"E", "ts":"2749832736359", "pid":"1", "tid":"cmeps"},
{"name":"med_phases_prep_wav_accum", "ph":"B", "ts":"2749832736457", "pid":"1", "tid":"cmeps"},
{"name":"med_phases_prep_wav_accum", "ph":"E", "ts":"2749832736653", "pid":"1", "tid":"cmeps"},
{"name":"med_phases_prep_wav_avg", "ph":"B", "ts":"2749832736759", "pid":"1", "tid":"cmeps"},
{"name":"med_phases_prep_wav_avg", "ph":"E", "ts":"2749832736989", "pid":"1", "tid":"cmeps"},
{"name":"med_phases_post_atm", "ph":"B", "ts":"2749832738631", "pid":"1", "tid":"cmeps"},
{"name":"med_phases_history_write_comp", "ph":"B", "ts":"2749833333491", "pid":"1", "tid":"cmeps"},
{"name":"med_phases_history_write_comp", "ph":"E", "ts":"2749833333540", "pid":"1", "tid":"cmeps"},
{"name":"med_phases_post_atm", "ph":"E", "ts":"2749833333544", "pid":"1", "tid":"cmeps"},
{"name":"med_phases_post_wav", "ph":"B", "ts":"2749834952882", "pid":"1", "tid":"cmeps"},
{"name":"med_phases_history_write_comp", "ph":"B", "ts":"2749834952916", "pid":"1", "tid":"cmeps"},
{"name":"med_phases_history_write_comp", "ph":"E", "ts":"2749834952925", "pid":"1", "tid":"cmeps"},
{"name":"med_phases_post_wav", "ph":"E", "ts":"2749834952928", "pid":"1", "tid":"cmeps"},
{"name":"med_phases_restart_write", "ph":"B", "ts":"2749834953029", "pid":"1", "tid":"cmeps"},
{"name":"med_phases_restart_write", "ph":"E", "ts":"2749834953054", "pid":"1", "tid":"cmeps"},
{"name":"med_phases_prep_atm", "ph":"B", "ts":"2749834953145", "pid":"1", "tid":"cmeps"},
{"name":"med_phases_prep_atm", "ph":"E", "ts":"2749834953168", "pid":"1", "tid":"cmeps"},
{"name":"med_phases_prep_wav_accum", "ph":"B", "ts":"2749834953264", "pid":"1", "tid":"cmeps"},
{"name":"med_phases_prep_wav_accum", "ph":"E", "ts":"2749834953472", "pid":"1", "tid":"cmeps"},
{"name":"med_phases_prep_wav_avg", "ph":"B", "ts":"2749834953579", "pid":"1", "tid":"cmeps"},
{"name":"med_phases_prep_wav_avg", "ph":"E", "ts":"2749834953809", "pid":"1", "tid":"cmeps"},
{"name":"med_phases_post_atm", "ph":"B", "ts":"2749834955389", "pid":"1", "tid":"cmeps"},
{"name":"med_phases_history_write_comp", "ph":"B", "ts":"2749835537539", "pid":"1", "tid":"cmeps"},
{"name":"med_phases_history_write_comp", "ph":"E", "ts":"2749835537590", "pid":"1", "tid":"cmeps"},
{"name":"med_phases_post_atm", "ph":"E", "ts":"2749835537594", "pid":"1", "tid":"cmeps"},
{"name":"med_phases_post_wav", "ph":"B", "ts":"2749837168685", "pid":"1", "tid":"cmeps"},
{"name":"med_phases_history_write_comp", "ph":"B", "ts":"2749837168828", "pid":"1", "tid":"cmeps"},
{"name":"med_phases_history_write_comp", "ph":"E", "ts":"2749837168838", "pid":"1", "tid":"cmeps"},
{"name":"med_phases_post_wav", "ph":"E", "ts":"2749837168841", "pid":"1", "tid":"cmeps"},
{"name":"med_phases_restart_write", "ph":"B", "ts":"2749837168947", "pid":"1", "tid":"cmeps"},
{"name":"med_phases_restart_write", "ph":"E", "ts":"2749837168972", "pid":"1", "tid":"cmeps"},
{"name":"med_phases_prep_atm", "ph":"B", "ts":"2749837169064", "pid":"1", "tid":"cmeps"},
{"name":"med_phases_prep_atm", "ph":"E", "ts":"2749837169086", "pid":"1", "tid":"cmeps"},
{"name":"med_phases_prep_wav_accum", "ph":"B", "ts":"2749837169181", "pid":"1", "tid":"cmeps"},
{"name":"med_phases_prep_wav_accum", "ph":"E", "ts":"2749837169383", "pid":"1", "tid":"cmeps"},
{"name":"med_phases_prep_wav_avg", "ph":"B", "ts":"2749837169489", "pid":"1", "tid":"cmeps"},
{"name":"med_phases_prep_wav_avg", "ph":"E", "ts":"2749837169719", "pid":"1", "tid":"cmeps"},
{"name":"med_phases_post_atm", "ph":"B", "ts":"2749837171363", "pid":"1", "tid":"cmeps"},
{"name":"med_phases_history_write_comp", "ph":"B", "ts":"2749837734174", "pid":"1", "tid":"cmeps"},
{"name":"med_phases_history_write_comp", "ph":"E", "ts":"2749837734223", "pid":"1", "tid":"cmeps"},
{"name":"med_phases_post_atm", "ph":"E", "ts":"2749837734427", "pid":"1", "tid":"cmeps"},
{"name":"med_phases_post_wav", "ph":"B", "ts":"2749839380654", "pid":"1", "tid":"cmeps"},
{"name":"med_phases_history_write_comp", "ph":"B", "ts":"2749839380691", "pid":"1", "tid":"cmeps"},
{"name":"med_phases_history_write_comp", "ph":"E", "ts":"2749839380699", "pid":"1", "tid":"cmeps"},
{"name":"med_phases_post_wav", "ph":"E", "ts":"2749839380702", "pid":"1", "tid":"cmeps"},
{"name":"med_phases_restart_write", "ph":"B", "ts":"2749839380803", "pid":"1", "tid":"cmeps"},
{"name":"med_phases_restart_write", "ph":"E", "ts":"2749839380828", "pid":"1", "tid":"cmeps"},
{"name":"med_phases_prep_atm", "ph":"B", "ts":"2749839380920", "pid":"1", "tid":"cmeps"},
{"name":"med_phases_prep_atm", "ph":"E", "ts":"2749839380942", "pid":"1", "tid":"cmeps"},
{"name":"med_phases_prep_wav_accum", "ph":"B", "ts":"2749839381039", "pid":"1", "tid":"cmeps"},
{"name":"med_phases_prep_wav_accum", "ph":"E", "ts":"2749839381232", "pid":"1", "tid":"cmeps"},
{"name":"med_phases_prep_wav_avg", "ph":"B", "ts":"2749839381337", "pid":"1", "tid":"cmeps"},
{"name":"med_phases_prep_wav_avg", "ph":"E", "ts":"2749839381571", "pid":"1", "tid":"cmeps"},
{"name":"med_phases_post_atm", "ph":"B", "ts":"2749839383122", "pid":"1", "tid":"cmeps"},
{"name":"med_phases_history_write_comp", "ph":"B", "ts":"2749839935411", "pid":"1", "tid":"cmeps"},
{"name":"med_phases_history_write_comp", "ph":"E", "ts":"2749839935455", "pid":"1", "tid":"cmeps"},
{"name":"med_phases_post_atm", "ph":"E", "ts":"2749839935459", "pid":"1", "tid":"cmeps"},
{"name":"med_phases_post_wav", "ph":"B", "ts":"2749841598128", "pid":"1", "tid":"cmeps"},
{"name":"med_phases_history_write_comp", "ph":"B", "ts":"2749841598356", "pid":"1", "tid":"cmeps"},
{"name":"med_phases_history_write_comp", "ph":"E", "ts":"2749841598365", "pid":"1", "tid":"cmeps"},
{"name":"med_phases_post_wav", "ph":"E", "ts":"2749841598368", "pid":"1", "tid":"cmeps"},
{"name":"med_phases_restart_write", "ph":"B", "ts":"2749841598482", "pid":"1", "tid":"cmeps"},
{"name":"med_phases_restart_write", "ph":"E", "ts":"2749841598506", "pid":"1", "tid":"cmeps"},
{"name":"med_phases_prep_atm", "ph":"B", "ts":"2749841598595", "pid":"1", "tid":"cmeps"},
{"name":"med_phases_prep_atm", "ph":"E", "ts":"2749841598617", "pid":"1", "tid":"cmeps"},
{"name":"med_phases_prep_wav_accum", "ph":"B", "ts":"2749841598709", "pid":"1", "tid":"cmeps"},
{"name":"med_phases_prep_wav_accum", "ph":"E", "ts":"2749841598900", "pid":"1", "tid":"cmeps"},
{"name":"med_phases_prep_wav_avg", "ph":"B", "ts":"2749841599005", "pid":"1", "tid":"cmeps"},
{"name":"med_phases_prep_wav_avg", "ph":"E", "ts":"2749841599233", "pid":"1", "tid":"cmeps"},
{"name":"med_phases_post_atm", "ph":"B", "ts":"2749841600874", "pid":"1", "tid":"cmeps"},
{"name":"med_phases_history_write_comp", "ph":"B", "ts":"2749842141820", "pid":"1", "tid":"cmeps"},
{"name":"med_phases_history_write_comp", "ph":"E", "ts":"2749842141863", "pid":"1", "tid":"cmeps"},
{"name":"med_phases_post_atm", "ph":"E", "ts":"2749842141868", "pid":"1", "tid":"cmeps"},
{"name":"med_phases_post_wav", "ph":"B", "ts":"2749843969938", "pid":"1", "tid":"cmeps"},
{"name":"med_phases_history_write_comp", "ph":"B", "ts":"2749843969974", "pid":"1", "tid":"cmeps"},
{"name":"med_phases_history_write_comp", "ph":"E", "ts":"2749843969982", "pid":"1", "tid":"cmeps"},
{"name":"med_phases_post_wav", "ph":"E", "ts":"2749843969985", "pid":"1", "tid":"cmeps"},
{"name":"med_phases_restart_write", "ph":"B", "ts":"2749843970087", "pid":"1", "tid":"cmeps"},
{"name":"med_phases_restart_write", "ph":"E", "ts":"2749843970111", "pid":"1", "tid":"cmeps"},
{"name":"med_phases_prep_atm", "ph":"B", "ts":"2749843970204", "pid":"1", "tid":"cmeps"},
{"name":"med_phases_prep_atm", "ph":"E", "ts":"2749843970226", "pid":"1", "tid":"cmeps"},
{"name":"med_phases_prep_wav_accum", "ph":"B", "ts":"2749843970323", "pid":"1", "tid":"cmeps"},
{"name":"med_phases_prep_wav_accum", "ph":"E", "ts":"2749843970530", "pid":"1", "tid":"cmeps"},
{"name":"med_phases_prep_wav_avg", "ph":"B", "ts":"2749843970772", "pid":"1", "tid":"cmeps"},
{"name":"med_phases_prep_wav_avg", "ph":"E", "ts":"2749843971010", "pid":"1", "tid":"cmeps"},
{"name":"med_phases_post_atm", "ph":"B", "ts":"2749843972626", "pid":"1", "tid":"cmeps"},
{"name":"med_phases_history_write_comp", "ph":"B", "ts":"2749844499972", "pid":"1", "tid":"cmeps"},
{"name":"med_phases_history_write_comp", "ph":"E", "ts":"2749844500018", "pid":"1", "tid":"cmeps"},
{"name":"med_phases_post_atm", "ph":"E", "ts":"2749844500022", "pid":"1", "tid":"cmeps"},
{"name":"med_phases_post_wav", "ph":"B", "ts":"2749846596493", "pid":"1", "tid":"cmeps"},
{"name":"med_phases_history_write_comp", "ph":"B", "ts":"2749846596638", "pid":"1", "tid":"cmeps"},
{"name":"med_phases_history_write_comp", "ph":"E", "ts":"2749846596648", "pid":"1", "tid":"cmeps"},
{"name":"med_phases_post_wav", "ph":"E", "ts":"2749846596651", "pid":"1", "tid":"cmeps"},
{"name":"med_phases_restart_write", "ph":"B", "ts":"2749846596760", "pid":"1", "tid":"cmeps"},
{"name":"med_phases_restart_write", "ph":"E", "ts":"2749846596785", "pid":"1", "tid":"cmeps"},
{"name":"med_phases_prep_atm", "ph":"B", "ts":"2749846596879", "pid":"1", "tid":"cmeps"},
{"name":"med_phases_prep_atm", "ph":"E", "ts":"2749846596901", "pid":"1", "tid":"cmeps"},
{"name":"med_phases_prep_wav_accum", "ph":"B", "ts":"2749846596996", "pid":"1", "tid":"cmeps"},
{"name":"med_phases_prep_wav_accum", "ph":"E", "ts":"2749846597193", "pid":"1", "tid":"cmeps"},
{"name":"med_phases_prep_wav_avg", "ph":"B", "ts":"2749846597298", "pid":"1", "tid":"cmeps"},
{"name":"med_phases_prep_wav_avg", "ph":"E", "ts":"2749846597538", "pid":"1", "tid":"cmeps"},
{"name":"med_phases_post_atm", "ph":"B", "ts":"2749846599172", "pid":"1", "tid":"cmeps"},
{"name":"med_phases_history_write_comp", "ph":"B", "ts":"2749847114910", "pid":"1", "tid":"cmeps"},
{"name":"med_phases_history_write_comp", "ph":"E", "ts":"2749847114955", "pid":"1", "tid":"cmeps"},
{"name":"med_phases_post_atm", "ph":"E", "ts":"2749847114959", "pid":"1", "tid":"cmeps"},
{"name":"med_phases_post_wav", "ph":"B", "ts":"2749848770717", "pid":"1", "tid":"cmeps"},
{"name":"med_phases_history_write_comp", "ph":"B", "ts":"2749848770756", "pid":"1", "tid":"cmeps"},
{"name":"med_phases_history_write_comp", "ph":"E", "ts":"2749848770764", "pid":"1", "tid":"cmeps"},
{"name":"med_phases_post_wav", "ph":"E", "ts":"2749848770767", "pid":"1", "tid":"cmeps"},
{"name":"med_phases_restart_write", "ph":"B", "ts":"2749848770868", "pid":"1", "tid":"cmeps"},
{"name":"med_phases_restart_write", "ph":"E", "ts":"2749848770893", "pid":"1", "tid":"cmeps"},
{"name":"med_phases_prep_atm", "ph":"B", "ts":"2749848770984", "pid":"1", "tid":"cmeps"},
{"name":"med_phases_prep_atm", "ph":"E", "ts":"2749848771006", "pid":"1", "tid":"cmeps"},
{"name":"med_phases_prep_wav_accum", "ph":"B", "ts":"2749848771103", "pid":"1", "tid":"cmeps"},
{"name":"med_phases_prep_wav_accum", "ph":"E", "ts":"2749848771297", "pid":"1", "tid":"cmeps"},
{"name":"med_phases_prep_wav_avg", "ph":"B", "ts":"2749848771410", "pid":"1", "tid":"cmeps"},
{"name":"med_phases_prep_wav_avg", "ph":"E", "ts":"2749848771645", "pid":"1", "tid":"cmeps"},
{"name":"med_phases_post_atm", "ph":"B", "ts":"2749848773228", "pid":"1", "tid":"cmeps"},
{"name":"med_phases_history_write_comp", "ph":"B", "ts":"2749849268447", "pid":"1", "tid":"cmeps"},
{"name":"med_phases_history_write_comp", "ph":"E", "ts":"2749849268505", "pid":"1", "tid":"cmeps"},
{"name":"med_phases_post_atm", "ph":"E", "ts":"2749849268512", "pid":"1", "tid":"cmeps"},
{"name":"med_phases_post_wav", "ph":"B", "ts":"2749850970247", "pid":"1", "tid":"cmeps"},
{"name":"med_phases_history_write_comp", "ph":"B", "ts":"2749850970286", "pid":"1", "tid":"cmeps"},
{"name":"med_phases_history_write_comp", "ph":"E", "ts":"2749850970294", "pid":"1", "tid":"cmeps"},
{"name":"med_phases_post_wav", "ph":"E", "ts":"2749850970297", "pid":"1", "tid":"cmeps"},
{"name":"med_phases_restart_write", "ph":"B", "ts":"2749850970407", "pid":"1", "tid":"cmeps"},
{"name":"med_phases_restart_write", "ph":"E", "ts":"2749850970432", "pid":"1", "tid":"cmeps"},
{"name":"med_phases_prep_atm", "ph":"B", "ts":"2749850970663", "pid":"1", "tid":"cmeps"},
{"name":"med_phases_prep_atm", "ph":"E", "ts":"2749850970690", "pid":"1", "tid":"cmeps"},
{"name":"med_phases_prep_wav_accum", "ph":"B", "ts":"2749850970787", "pid":"1", "tid":"cmeps"},
{"name":"med_phases_prep_wav_accum", "ph":"E", "ts":"2749850970984", "pid":"1", "tid":"cmeps"},
{"name":"med_phases_prep_wav_avg", "ph":"B", "ts":"2749850971089", "pid":"1", "tid":"cmeps"},
{"name":"med_phases_prep_wav_avg", "ph":"E", "ts":"2749850971325", "pid":"1", "tid":"cmeps"},
{"name":"med_phases_post_atm", "ph":"B", "ts":"2749850973041", "pid":"1", "tid":"cmeps"},
{"name":"med_phases_history_write_comp", "ph":"B", "ts":"2749851451990", "pid":"1", "tid":"cmeps"},
{"name":"med_phases_history_write_comp", "ph":"E", "ts":"2749851452050", "pid":"1", "tid":"cmeps"},
{"name":"med_phases_post_atm", "ph":"E", "ts":"2749851452055", "pid":"1", "tid":"cmeps"},
{"name":"med_phases_post_wav", "ph":"B", "ts":"2749853151391", "pid":"1", "tid":"cmeps"},
{"name":"med_phases_history_write_comp", "ph":"B", "ts":"2749853151532", "pid":"1", "tid":"cmeps"},
{"name":"med_phases_history_write_comp", "ph":"E", "ts":"2749853151542", "pid":"1", "tid":"cmeps"},
{"name":"med_phases_post_wav", "ph":"E", "ts":"2749853151545", "pid":"1", "tid":"cmeps"},
{"name":"med_phases_restart_write", "ph":"B", "ts":"2749853151657", "pid":"1", "tid":"cmeps"},
{"name":"med_phases_restart_write", "ph":"E", "ts":"2749853151682", "pid":"1", "tid":"cmeps"},
{"name":"med_phases_prep_atm", "ph":"B", "ts":"2749853151775", "pid":"1", "tid":"cmeps"},
{"name":"med_phases_prep_atm", "ph":"E", "ts":"2749853151798", "pid":"1", "tid":"cmeps"},
{"name":"med_phases_prep_wav_accum", "ph":"B", "ts":"2749853151894", "pid":"1", "tid":"cmeps"},
{"name":"med_phases_prep_wav_accum", "ph":"E", "ts":"2749853152091", "pid":"1", "tid":"cmeps"},
{"name":"med_phases_prep_wav_avg", "ph":"B", "ts":"2749853152197", "pid":"1", "tid":"cmeps"},
{"name":"med_phases_prep_wav_avg", "ph":"E", "ts":"2749853152440", "pid":"1", "tid":"cmeps"},
{"name":"med_phases_post_atm", "ph":"B", "ts":"2749853154126", "pid":"1", "tid":"cmeps"},
{"name":"med_phases_history_write_comp", "ph":"B", "ts":"2749853615913", "pid":"1", "tid":"cmeps"},
{"name":"med_phases_history_write_comp", "ph":"E", "ts":"2749853615961", "pid":"1", "tid":"cmeps"},
{"name":"med_phases_post_atm", "ph":"E", "ts":"2749853615965", "pid":"1", "tid":"cmeps"},
{"name":"med_phases_post_wav", "ph":"B", "ts":"2749855387173", "pid":"1", "tid":"cmeps"},
{"name":"med_phases_history_write_comp", "ph":"B", "ts":"2749855387206", "pid":"1", "tid":"cmeps"},
{"name":"med_phases_history_write_comp", "ph":"E", "ts":"2749855387215", "pid":"1", "tid":"cmeps"},
{"name":"med_phases_post_wav", "ph":"E", "ts":"2749855387218", "pid":"1", "tid":"cmeps"},
{"name":"med_phases_restart_write", "ph":"B", "ts":"2749855387318", "pid":"1", "tid":"cmeps"},
{"name":"med_phases_restart_write", "ph":"E", "ts":"2749855387349", "pid":"1", "tid":"cmeps"},
{"name":"med_phases_prep_atm", "ph":"B", "ts":"2749855387440", "pid":"1", "tid":"cmeps"},
{"name":"med_phases_prep_atm", "ph":"E", "ts":"2749855387463", "pid":"1", "tid":"cmeps"},
{"name":"med_phases_prep_wav_accum", "ph":"B", "ts":"2749855387560", "pid":"1", "tid":"cmeps"},
{"name":"med_phases_prep_wav_accum", "ph":"E", "ts":"2749855387755", "pid":"1", "tid":"cmeps"},
{"name":"med_phases_prep_wav_avg", "ph":"B", "ts":"2749855387860", "pid":"1", "tid":"cmeps"},
{"name":"med_phases_prep_wav_avg", "ph":"E", "ts":"2749855388092", "pid":"1", "tid":"cmeps"},
{"name":"med_phases_post_atm", "ph":"B", "ts":"2749855389715", "pid":"1", "tid":"cmeps"},
{"name":"med_phases_history_write_comp", "ph":"B", "ts":"2749855841615", "pid":"1", "tid":"cmeps"},
{"name":"med_phases_history_write_comp", "ph":"E", "ts":"2749855841659", "pid":"1", "tid":"cmeps"},
{"name":"med_phases_post_atm", "ph":"E", "ts":"2749855841664", "pid":"1", "tid":"cmeps"},
{"name":"med_phases_post_wav", "ph":"B", "ts":"2749857680142", "pid":"1", "tid":"cmeps"},
{"name":"med_phases_history_write_comp", "ph":"B", "ts":"2749857680323", "pid":"1", "tid":"cmeps"},
{"name":"med_phases_history_write_comp", "ph":"E", "ts":"2749857683310", "pid":"1", "tid":"cmeps"},
{"name":"med_phases_post_wav", "ph":"E", "ts":"2749857683315", "pid":"1", "tid":"cmeps"},
{"name":"med_phases_restart_write", "ph":"B", "ts":"2749857683446", "pid":"1", "tid":"cmeps"},
{"name":"med_phases_restart_write", "ph":"E", "ts":"2749857683474", "pid":"1", "tid":"cmeps"},
{"name":"med_phases_prep_atm", "ph":"B", "ts":"2749857683570", "pid":"1", "tid":"cmeps"},
{"name":"med_phases_prep_atm", "ph":"E", "ts":"2749857683615", "pid":"1", "tid":"cmeps"},
{"name":"med_phases_prep_wav_accum", "ph":"B", "ts":"2749857683713", "pid":"1", "tid":"cmeps"},
{"name":"med_phases_prep_wav_accum", "ph":"E", "ts":"2749857684343", "pid":"1", "tid":"cmeps"},
{"name":"med_phases_prep_wav_avg", "ph":"B", "ts":"2749857684454", "pid":"1", "tid":"cmeps"},
{"name":"med_phases_prep_wav_avg", "ph":"E", "ts":"2749857684690", "pid":"1", "tid":"cmeps"},
{"name":"med_phases_post_atm", "ph":"B", "ts":"2749857689091", "pid":"1", "tid":"cmeps"},
{"name":"med_phases_history_write_comp", "ph":"B", "ts":"2749858125076", "pid":"1", "tid":"cmeps"},
{"name":"med_phases_history_write_comp", "ph":"E", "ts":"2749858125115", "pid":"1", "tid":"cmeps"},
{"name":"med_phases_post_atm", "ph":"E", "ts":"2749858125119", "pid":"1", "tid":"cmeps"},
{"name":"med_phases_post_wav", "ph":"B", "ts":"2749860245547", "pid":"1", "tid":"cmeps"},
{"name":"med_phases_history_write_comp", "ph":"B", "ts":"2749860245582", "pid":"1", "tid":"cmeps"},
{"name":"med_phases_history_write_comp", "ph":"E", "ts":"2749860245590", "pid":"1", "tid":"cmeps"},
{"name":"med_phases_post_wav", "ph":"E", "ts":"2749860245593", "pid":"1", "tid":"cmeps"},
{"name":"med_phases_restart_write", "ph":"B", "ts":"2749860245695", "pid":"1", "tid":"cmeps"},
{"name":"med_phases_restart_write", "ph":"E", "ts":"2749860245719", "pid":"1", "tid":"cmeps"},
{"name":"med_phases_prep_atm", "ph":"B", "ts":"2749860245810", "pid":"1", "tid":"cmeps"},
{"name":"med_phases_prep_atm", "ph":"E", "ts":"2749860245833", "pid":"1", "tid":"cmeps"},
{"name":"med_phases_prep_wav_accum", "ph":"B", "ts":"2749860245929", "pid":"1", "tid":"cmeps"},
{"name":"med_phases_prep_wav_accum", "ph":"E", "ts":"2749860246125", "pid":"1", "tid":"cmeps"},
{"name":"med_phases_prep_wav_avg", "ph":"B", "ts":"2749860246229", "pid":"1", "tid":"cmeps"},
{"name":"med_phases_prep_wav_avg", "ph":"E", "ts":"2749860246466", "pid":"1", "tid":"cmeps"},
{"name":"med_phases_post_atm", "ph":"B", "ts":"2749860248170", "pid":"1", "tid":"cmeps"},
{"name":"med_phases_history_write_comp", "ph":"B", "ts":"2749860682327", "pid":"1", "tid":"cmeps"},
{"name":"med_phases_history_write_comp", "ph":"E", "ts":"2749860682372", "pid":"1", "tid":"cmeps"},
{"name":"med_phases_post_atm", "ph":"E", "ts":"2749860682376", "pid":"1", "tid":"cmeps"},
{"name":"med_phases_post_wav", "ph":"B", "ts":"2749862367966", "pid":"1", "tid":"cmeps"},
{"name":"med_phases_history_write_comp", "ph":"B", "ts":"2749862368102", "pid":"1", "tid":"cmeps"},
{"name":"med_phases_history_write_comp", "ph":"E", "ts":"2749862368112", "pid":"1", "tid":"cmeps"},
{"name":"med_phases_post_wav", "ph":"E", "ts":"2749862368115", "pid":"1", "tid":"cmeps"},
{"name":"med_phases_restart_write", "ph":"B", "ts":"2749862368223", "pid":"1", "tid":"cmeps"},
{"name":"med_phases_restart_write", "ph":"E", "ts":"2749862368247", "pid":"1", "tid":"cmeps"},
{"name":"med_phases_prep_atm", "ph":"B", "ts":"2749862368346", "pid":"1", "tid":"cmeps"},
{"name":"med_phases_prep_atm", "ph":"E", "ts":"2749862368369", "pid":"1", "tid":"cmeps"},
{"name":"med_phases_prep_wav_accum", "ph":"B", "ts":"2749862368465", "pid":"1", "tid":"cmeps"},
{"name":"med_phases_prep_wav_accum", "ph":"E", "ts":"2749862368660", "pid":"1", "tid":"cmeps"},
{"name":"med_phases_prep_wav_avg", "ph":"B", "ts":"2749862368765", "pid":"1", "tid":"cmeps"},
{"name":"med_phases_prep_wav_avg", "ph":"E", "ts":"2749862368998", "pid":"1", "tid":"cmeps"},
{"name":"med_phases_post_atm", "ph":"B", "ts":"2749862370750", "pid":"1", "tid":"cmeps"},
{"name":"med_phases_history_write_comp", "ph":"B", "ts":"2749862802185", "pid":"1", "tid":"cmeps"},
{"name":"med_phases_history_write_comp", "ph":"E", "ts":"2749862802229", "pid":"1", "tid":"cmeps"},
{"name":"med_phases_post_atm", "ph":"E", "ts":"2749862802233", "pid":"1", "tid":"cmeps"},
{"name":"med_phases_post_wav", "ph":"B", "ts":"2749864490802", "pid":"1", "tid":"cmeps"},
{"name":"med_phases_history_write_comp", "ph":"B", "ts":"2749864490836", "pid":"1", "tid":"cmeps"},
{"name":"med_phases_history_write_comp", "ph":"E", "ts":"2749864490844", "pid":"1", "tid":"cmeps"},
{"name":"med_phases_post_wav", "ph":"E", "ts":"2749864490847", "pid":"1", "tid":"cmeps"},
{"name":"med_phases_restart_write", "ph":"B", "ts":"2749864490947", "pid":"1", "tid":"cmeps"},
{"name":"med_phases_restart_write", "ph":"E", "ts":"2749864490972", "pid":"1", "tid":"cmeps"},
{"name":"med_phases_prep_atm", "ph":"B", "ts":"2749864491063", "pid":"1", "tid":"cmeps"},
{"name":"med_phases_prep_atm", "ph":"E", "ts":"2749864491084", "pid":"1", "tid":"cmeps"},
{"name":"med_phases_prep_wav_accum", "ph":"B", "ts":"2749864491180", "pid":"1", "tid":"cmeps"},
{"name":"med_phases_prep_wav_accum", "ph":"E", "ts":"2749864491381", "pid":"1", "tid":"cmeps"},
{"name":"med_phases_prep_wav_avg", "ph":"B", "ts":"2749864491488", "pid":"1", "tid":"cmeps"},
{"name":"med_phases_prep_wav_avg", "ph":"E", "ts":"2749864491724", "pid":"1", "tid":"cmeps"},
{"name":"med_phases_post_atm", "ph":"B", "ts":"2749864493345", "pid":"1", "tid":"cmeps"},
{"name":"med_phases_history_write_comp", "ph":"B", "ts":"2749864914215", "pid":"1", "tid":"cmeps"},
{"name":"med_phases_history_write_comp", "ph":"E", "ts":"2749864914254", "pid":"1", "tid":"cmeps"},
{"name":"med_phases_post_atm", "ph":"E", "ts":"2749864914258", "pid":"1", "tid":"cmeps"},
{"name":"med_phases_post_wav", "ph":"B", "ts":"2749866633747", "pid":"1", "tid":"cmeps"},
{"name":"med_phases_history_write_comp", "ph":"B", "ts":"2749866633781", "pid":"1", "tid":"cmeps"},
{"name":"med_phases_history_write_comp", "ph":"E", "ts":"2749866633789", "pid":"1", "tid":"cmeps"},
{"name":"med_phases_post_wav", "ph":"E", "ts":"2749866633793", "pid":"1", "tid":"cmeps"},
{"name":"med_phases_restart_write", "ph":"B", "ts":"2749866633894", "pid":"1", "tid":"cmeps"},
{"name":"med_phases_restart_write", "ph":"E", "ts":"2749866633919", "pid":"1", "tid":"cmeps"},
{"name":"med_phases_prep_atm", "ph":"B", "ts":"2749866634010", "pid":"1", "tid":"cmeps"},
{"name":"med_phases_prep_atm", "ph":"E", "ts":"2749866634031", "pid":"1", "tid":"cmeps"},
{"name":"med_phases_prep_wav_accum", "ph":"B", "ts":"2749866634125", "pid":"1", "tid":"cmeps"},
{"name":"med_phases_prep_wav_accum", "ph":"E", "ts":"2749866634322", "pid":"1", "tid":"cmeps"},
{"name":"med_phases_prep_wav_avg", "ph":"B", "ts":"2749866634444", "pid":"1", "tid":"cmeps"},
{"name":"med_phases_prep_wav_avg", "ph":"E", "ts":"2749866634678", "pid":"1", "tid":"cmeps"},
{"name":"med_phases_post_atm", "ph":"B", "ts":"2749866636290", "pid":"1", "tid":"cmeps"},
{"name":"med_phases_history_write_comp", "ph":"B", "ts":"2749867044609", "pid":"1", "tid":"cmeps"},
{"name":"med_phases_history_write_comp", "ph":"E", "ts":"2749867044802", "pid":"1", "tid":"cmeps"},
{"name":"med_phases_post_atm", "ph":"E", "ts":"2749867044808", "pid":"1", "tid":"cmeps"},
{"name":"med_phases_post_wav", "ph":"B", "ts":"2749868727681", "pid":"1", "tid":"cmeps"},
{"name":"med_phases_history_write_comp", "ph":"B", "ts":"2749868727718", "pid":"1", "tid":"cmeps"},
{"name":"med_phases_history_write_comp", "ph":"E", "ts":"2749868727726", "pid":"1", "tid":"cmeps"},
{"name":"med_phases_post_wav", "ph":"E", "ts":"2749868727729", "pid":"1", "tid":"cmeps"},
{"name":"med_phases_restart_write", "ph":"B", "ts":"2749868727830", "pid":"1", "tid":"cmeps"},
{"name":"med_phases_restart_write", "ph":"E", "ts":"2749868727854", "pid":"1", "tid":"cmeps"},
{"name":"med_phases_prep_atm", "ph":"B", "ts":"2749868727945", "pid":"1", "tid":"cmeps"},
{"name":"med_phases_prep_atm", "ph":"E", "ts":"2749868727966", "pid":"1", "tid":"cmeps"},
{"name":"med_phases_prep_wav_accum", "ph":"B", "ts":"2749868728199", "pid":"1", "tid":"cmeps"},
{"name":"med_phases_prep_wav_accum", "ph":"E", "ts":"2749868728403", "pid":"1", "tid":"cmeps"},
{"name":"med_phases_prep_wav_avg", "ph":"B", "ts":"2749868728508", "pid":"1", "tid":"cmeps"},
{"name":"med_phases_prep_wav_avg", "ph":"E", "ts":"2749868728736", "pid":"1", "tid":"cmeps"},
{"name":"med_phases_post_atm", "ph":"B", "ts":"2749868730346", "pid":"1", "tid":"cmeps"},
{"name":"med_phases_history_write_comp", "ph":"B", "ts":"2749869164913", "pid":"1", "tid":"cmeps"},
{"name":"med_phases_history_write_comp", "ph":"E", "ts":"2749869164945", "pid":"1", "tid":"cmeps"},
{"name":"med_phases_post_atm", "ph":"E", "ts":"2749869164949", "pid":"1", "tid":"cmeps"},
{"name":"med_phases_post_wav", "ph":"B", "ts":"2749870963316", "pid":"1", "tid":"cmeps"},
{"name":"med_phases_history_write_comp", "ph":"B", "ts":"2749870963358", "pid":"1", "tid":"cmeps"},
{"name":"med_phases_history_write_comp", "ph":"E", "ts":"2749870963366", "pid":"1", "tid":"cmeps"},
{"name":"med_phases_post_wav", "ph":"E", "ts":"2749870963369", "pid":"1", "tid":"cmeps"},
{"name":"med_phases_restart_write", "ph":"B", "ts":"2749870963470", "pid":"1", "tid":"cmeps"},
{"name":"med_phases_restart_write", "ph":"E", "ts":"2749870963493", "pid":"1", "tid":"cmeps"},
{"name":"med_phases_prep_atm", "ph":"B", "ts":"2749870963584", "pid":"1", "tid":"cmeps"},
{"name":"med_phases_prep_atm", "ph":"E", "ts":"2749870963606", "pid":"1", "tid":"cmeps"},
{"name":"med_phases_prep_wav_accum", "ph":"B", "ts":"2749870963701", "pid":"1", "tid":"cmeps"},
{"name":"med_phases_prep_wav_accum", "ph":"E", "ts":"2749870963892", "pid":"1", "tid":"cmeps"},
{"name":"med_phases_prep_wav_avg", "ph":"B", "ts":"2749870963998", "pid":"1", "tid":"cmeps"},
{"name":"med_phases_prep_wav_avg", "ph":"E", "ts":"2749870964231", "pid":"1", "tid":"cmeps"},
{"name":"med_phases_post_atm", "ph":"B", "ts":"2749870965865", "pid":"1", "tid":"cmeps"},
{"name":"med_phases_history_write_comp", "ph":"B", "ts":"2749871412822", "pid":"1", "tid":"cmeps"},
{"name":"med_phases_history_write_comp", "ph":"E", "ts":"2749871412855", "pid":"1", "tid":"cmeps"},
{"name":"med_phases_post_atm", "ph":"E", "ts":"2749871412859", "pid":"1", "tid":"cmeps"},
{"name":"med_phases_post_wav", "ph":"B", "ts":"2749873480957", "pid":"1", "tid":"cmeps"},
{"name":"med_phases_history_write_comp", "ph":"B", "ts":"2749873481179", "pid":"1", "tid":"cmeps"},
{"name":"med_phases_history_write_comp", "ph":"E", "ts":"2749873481187", "pid":"1", "tid":"cmeps"},
{"name":"med_phases_post_wav", "ph":"E", "ts":"2749873481190", "pid":"1", "tid":"cmeps"},
{"name":"med_phases_restart_write", "ph":"B", "ts":"2749873481302", "pid":"1", "tid":"cmeps"},
{"name":"med_phases_restart_write", "ph":"E", "ts":"2749873481334", "pid":"1", "tid":"cmeps"},
{"name":"med_phases_prep_atm", "ph":"B", "ts":"2749873481428", "pid":"1", "tid":"cmeps"},
{"name":"med_phases_prep_atm", "ph":"E", "ts":"2749873481448", "pid":"1", "tid":"cmeps"},
{"name":"med_phases_prep_wav_accum", "ph":"B", "ts":"2749873481545", "pid":"1", "tid":"cmeps"},
{"name":"med_phases_prep_wav_accum", "ph":"E", "ts":"2749873481734", "pid":"1", "tid":"cmeps"},
{"name":"med_phases_prep_wav_avg", "ph":"B", "ts":"2749873481838", "pid":"1", "tid":"cmeps"},
{"name":"med_phases_prep_wav_avg", "ph":"E", "ts":"2749873482070", "pid":"1", "tid":"cmeps"},
{"name":"med_phases_post_atm", "ph":"B", "ts":"2749873483783", "pid":"1", "tid":"cmeps"},
{"name":"med_phases_history_write_comp", "ph":"B", "ts":"2749873965257", "pid":"1", "tid":"cmeps"},
{"name":"med_phases_history_write_comp", "ph":"E", "ts":"2749873965296", "pid":"1", "tid":"cmeps"},
{"name":"med_phases_post_atm", "ph":"E", "ts":"2749873965300", "pid":"1", "tid":"cmeps"},
{"name":"med_phases_post_wav", "ph":"B", "ts":"2749875678275", "pid":"1", "tid":"cmeps"},
{"name":"med_phases_history_write_comp", "ph":"B", "ts":"2749875678312", "pid":"1", "tid":"cmeps"},
{"name":"med_phases_history_write_comp", "ph":"E", "ts":"2749875678326", "pid":"1", "tid":"cmeps"},
{"name":"med_phases_post_wav", "ph":"E", "ts":"2749875678455", "pid":"1", "tid":"cmeps"},
{"name":"med_phases_restart_write", "ph":"B", "ts":"2749875678567", "pid":"1", "tid":"cmeps"},
{"name":"med_phases_restart_write", "ph":"E", "ts":"2749875678591", "pid":"1", "tid":"cmeps"},
{"name":"med_phases_prep_atm", "ph":"B", "ts":"2749875678683", "pid":"1", "tid":"cmeps"},
{"name":"med_phases_prep_atm", "ph":"E", "ts":"2749875678702", "pid":"1", "tid":"cmeps"},
{"name":"med_phases_prep_wav_accum", "ph":"B", "ts":"2749875678798", "pid":"1", "tid":"cmeps"},
{"name":"med_phases_prep_wav_accum", "ph":"E", "ts":"2749875678990", "pid":"1", "tid":"cmeps"},
{"name":"med_phases_prep_wav_avg", "ph":"B", "ts":"2749875679094", "pid":"1", "tid":"cmeps"},
{"name":"med_phases_prep_wav_avg", "ph":"E", "ts":"2749875679331", "pid":"1", "tid":"cmeps"},
{"name":"med_phases_post_atm", "ph":"B", "ts":"2749875680943", "pid":"1", "tid":"cmeps"},
{"name":"med_phases_history_write_comp", "ph":"B", "ts":"2749876185549", "pid":"1", "tid":"cmeps"},
{"name":"med_phases_history_write_comp", "ph":"E", "ts":"2749876185588", "pid":"1", "tid":"cmeps"},
{"name":"med_phases_post_atm", "ph":"E", "ts":"2749876185593", "pid":"1", "tid":"cmeps"},
{"name":"med_phases_post_wav", "ph":"B", "ts":"2749877934025", "pid":"1", "tid":"cmeps"},
{"name":"med_phases_history_write_comp", "ph":"B", "ts":"2749877934174", "pid":"1", "tid":"cmeps"},
{"name":"med_phases_history_write_comp", "ph":"E", "ts":"2749877934182", "pid":"1", "tid":"cmeps"},
{"name":"med_phases_post_wav", "ph":"E", "ts":"2749877934185", "pid":"1", "tid":"cmeps"},
{"name":"med_phases_restart_write", "ph":"B", "ts":"2749877934291", "pid":"1", "tid":"cmeps"},
{"name":"med_phases_restart_write", "ph":"E", "ts":"2749877934314", "pid":"1", "tid":"cmeps"},
{"name":"med_phases_prep_atm", "ph":"B", "ts":"2749877934415", "pid":"1", "tid":"cmeps"},
{"name":"med_phases_prep_atm", "ph":"E", "ts":"2749877934436", "pid":"1", "tid":"cmeps"},
{"name":"med_phases_prep_wav_accum", "ph":"B", "ts":"2749877934533", "pid":"1", "tid":"cmeps"},
{"name":"med_phases_prep_wav_accum", "ph":"E", "ts":"2749877934722", "pid":"1", "tid":"cmeps"},
{"name":"med_phases_prep_wav_avg", "ph":"B", "ts":"2749877934828", "pid":"1", "tid":"cmeps"},
{"name":"med_phases_prep_wav_avg", "ph":"E", "ts":"2749877935058", "pid":"1", "tid":"cmeps"},
{"name":"med_phases_post_atm", "ph":"B", "ts":"2749877936848", "pid":"1", "tid":"cmeps"},
{"name":"med_phases_history_write_comp", "ph":"B", "ts":"2749878453124", "pid":"1", "tid":"cmeps"},
{"name":"med_phases_history_write_comp", "ph":"E", "ts":"2749878453168", "pid":"1", "tid":"cmeps"},
{"name":"med_phases_post_atm", "ph":"E", "ts":"2749878453173", "pid":"1", "tid":"cmeps"},
{"name":"med_phases_post_wav", "ph":"B", "ts":"2749880207491", "pid":"1", "tid":"cmeps"},
{"name":"med_phases_history_write_comp", "ph":"B", "ts":"2749880207528", "pid":"1", "tid":"cmeps"},
{"name":"med_phases_history_write_comp", "ph":"E", "ts":"2749880207536", "pid":"1", "tid":"cmeps"},
{"name":"med_phases_post_wav", "ph":"E", "ts":"2749880207539", "pid":"1", "tid":"cmeps"},
{"name":"med_phases_restart_write", "ph":"B", "ts":"2749880207639", "pid":"1", "tid":"cmeps"},
{"name":"med_phases_restart_write", "ph":"E", "ts":"2749880207663", "pid":"1", "tid":"cmeps"},
{"name":"med_phases_prep_atm", "ph":"B", "ts":"2749880207754", "pid":"1", "tid":"cmeps"},
{"name":"med_phases_prep_atm", "ph":"E", "ts":"2749880207773", "pid":"1", "tid":"cmeps"},
{"name":"med_phases_prep_wav_accum", "ph":"B", "ts":"2749880207870", "pid":"1", "tid":"cmeps"},
{"name":"med_phases_prep_wav_accum", "ph":"E", "ts":"2749880208060", "pid":"1", "tid":"cmeps"},
{"name":"med_phases_prep_wav_avg", "ph":"B", "ts":"2749880208165", "pid":"1", "tid":"cmeps"},
{"name":"med_phases_prep_wav_avg", "ph":"E", "ts":"2749880208402", "pid":"1", "tid":"cmeps"},
{"name":"med_phases_post_atm", "ph":"B", "ts":"2749880210135", "pid":"1", "tid":"cmeps"},
{"name":"med_phases_history_write_comp", "ph":"B", "ts":"2749880759015", "pid":"1", "tid":"cmeps"},
{"name":"med_phases_history_write_comp", "ph":"E", "ts":"2749880759053", "pid":"1", "tid":"cmeps"},
{"name":"med_phases_post_atm", "ph":"E", "ts":"2749880759187", "pid":"1", "tid":"cmeps"},
{"name":"med_phases_post_wav", "ph":"B", "ts":"2749882494772", "pid":"1", "tid":"cmeps"},
{"name":"med_phases_history_write_comp", "ph":"B", "ts":"2749882494905", "pid":"1", "tid":"cmeps"},
{"name":"med_phases_history_write_comp", "ph":"E", "ts":"2749882494913", "pid":"1", "tid":"cmeps"},
{"name":"med_phases_post_wav", "ph":"E", "ts":"2749882494916", "pid":"1", "tid":"cmeps"},
{"name":"med_phases_restart_write", "ph":"B", "ts":"2749882495007", "pid":"1", "tid":"cmeps"},
{"name":"med_phases_restart_write", "ph":"E", "ts":"2749882495027", "pid":"1", "tid":"cmeps"},
{"name":"med_phases_prep_atm", "ph":"B", "ts":"2749882495104", "pid":"1", "tid":"cmeps"},
{"name":"med_phases_prep_atm", "ph":"E", "ts":"2749882495120", "pid":"1", "tid":"cmeps"},
{"name":"med_phases_prep_wav_accum", "ph":"B", "ts":"2749882495201", "pid":"1", "tid":"cmeps"},
{"name":"med_phases_prep_wav_accum", "ph":"E", "ts":"2749882495372", "pid":"1", "tid":"cmeps"},
{"name":"med_phases_prep_wav_avg", "ph":"B", "ts":"2749882495462", "pid":"1", "tid":"cmeps"},
{"name":"med_phases_prep_wav_avg", "ph":"E", "ts":"2749882495657", "pid":"1", "tid":"cmeps"},
{"name":"med_phases_post_atm", "ph":"B", "ts":"2749883135755", "pid":"1", "tid":"cmeps"},
{"name":"med_phases_history_write_comp", "ph":"B", "ts":"2749883136799", "pid":"1", "tid":"cmeps"},
{"name":"med_phases_history_write_comp", "ph":"E", "ts":"2749883136820", "pid":"1", "tid":"cmeps"},
{"name":"med_phases_post_atm", "ph":"E", "ts":"2749883136824", "pid":"1", "tid":"cmeps"},
{"name":"med_phases_post_wav", "ph":"B", "ts":"2749914262669", "pid":"1", "tid":"cmeps"},
{"name":"med_phases_history_write_comp", "ph":"B", "ts":"2749914262855", "pid":"1", "tid":"cmeps"},
{"name":"med_phases_history_write_comp", "ph":"E", "ts":"2749914262863", "pid":"1", "tid":"cmeps"},
{"name":"med_phases_post_wav", "ph":"E", "ts":"2749914262866", "pid":"1", "tid":"cmeps"},
{"name":"med_phases_restart_write", "ph":"B", "ts":"2749914262958", "pid":"1", "tid":"cmeps"},
{"name":"med_phases_restart_write", "ph":"E", "ts":"2749915095110", "pid":"1", "tid":"cmeps"},
{"name":"SetServices", "ph":"B", "ts":"2749417545921", "pid":"1", "tid":"wave"},
{"name":"SetServices", "ph":"E", "ts":"2749417547257", "pid":"1", "tid":"wave"},
{"name":"InitializeP0", "ph":"B", "ts":"2749417553598", "pid":"1", "tid":"wave"},
{"name":"InitializeP0", "ph":"E", "ts":"2749417553651", "pid":"1", "tid":"wave"},
{"name":"InitializeAdvertise", "ph":"B", "ts":"2749417688249", "pid":"1", "tid":"wave"},
{"name":"InitializeAdvertise", "ph":"E", "ts":"2749453914109", "pid":"1", "tid":"wave"},
{"name":"InitializeRealize", "ph":"B", "ts":"2749455931065", "pid":"1", "tid":"wave"},
{"name":"InitializeRealize", "ph":"E", "ts":"2749463428655", "pid":"1", "tid":"wave"},
{"name":"DataInitialize", "ph":"B", "ts":"2749466172307", "pid":"1", "tid":"wave"},
{"name":"DataInitialize", "ph":"E", "ts":"2749466181694", "pid":"1", "tid":"wave"},
{"name":"ModelSetRunClock", "ph":"B", "ts":"2749467488273", "pid":"1", "tid":"wave"},
{"name":"ModelSetRunClock", "ph":"E", "ts":"2749467492195", "pid":"1", "tid":"wave"},
{"name":"ModelAdvance", "ph":"B", "ts":"2749467492365", "pid":"1", "tid":"wave"},
{"name":"ModelAdvance", "ph":"E", "ts":"2749469708762", "pid":"1", "tid":"wave"},
{"name":"ModelSetRunClock", "ph":"B", "ts":"2749469724346", "pid":"1", "tid":"wave"},
{"name":"ModelSetRunClock", "ph":"E", "ts":"2749469724368", "pid":"1", "tid":"wave"},
{"name":"ModelAdvance", "ph":"B", "ts":"2749469724486", "pid":"1", "tid":"wave"},
{"name":"ModelAdvance", "ph":"E", "ts":"2749474437975", "pid":"1", "tid":"wave"},
{"name":"ModelSetRunClock", "ph":"B", "ts":"2749475390521", "pid":"1", "tid":"wave"},
{"name":"ModelSetRunClock", "ph":"E", "ts":"2749475390570", "pid":"1", "tid":"wave"},
{"name":"ModelAdvance", "ph":"B", "ts":"2749475390606", "pid":"1", "tid":"wave"},
{"name":"ModelAdvance", "ph":"E", "ts":"2749481283855", "pid":"1", "tid":"wave"},
{"name":"ModelSetRunClock", "ph":"B", "ts":"2749481432900", "pid":"1", "tid":"wave"},
{"name":"ModelSetRunClock", "ph":"E", "ts":"2749481432945", "pid":"1", "tid":"wave"},
{"name":"ModelAdvance", "ph":"B", "ts":"2749481432984", "pid":"1", "tid":"wave"},
{"name":"ModelAdvance", "ph":"E", "ts":"2749487213022", "pid":"1", "tid":"wave"},
{"name":"ModelSetRunClock", "ph":"B", "ts":"2749487560731", "pid":"1", "tid":"wave"},
{"name":"ModelSetRunClock", "ph":"E", "ts":"2749487560790", "pid":"1", "tid":"wave"},
{"name":"ModelAdvance", "ph":"B", "ts":"2749487560861", "pid":"1", "tid":"wave"},
{"name":"ModelAdvance", "ph":"E", "ts":"2749493791231", "pid":"1", "tid":"wave"},
{"name":"ModelSetRunClock", "ph":"B", "ts":"2749494659796", "pid":"1", "tid":"wave"},
{"name":"ModelSetRunClock", "ph":"E", "ts":"2749494660061", "pid":"1", "tid":"wave"},
{"name":"ModelAdvance", "ph":"B", "ts":"2749494660184", "pid":"1", "tid":"wave"},
{"name":"ModelAdvance", "ph":"E", "ts":"2749500180457", "pid":"1", "tid":"wave"},
{"name":"ModelSetRunClock", "ph":"B", "ts":"2749502274871", "pid":"1", "tid":"wave"},
{"name":"ModelSetRunClock", "ph":"E", "ts":"2749502274926", "pid":"1", "tid":"wave"},
{"name":"ModelAdvance", "ph":"B", "ts":"2749502275024", "pid":"1", "tid":"wave"},
{"name":"ModelAdvance", "ph":"E", "ts":"2749507406410", "pid":"1", "tid":"wave"},
{"name":"ModelSetRunClock", "ph":"B", "ts":"2749509873306", "pid":"1", "tid":"wave"},
{"name":"ModelSetRunClock", "ph":"E", "ts":"2749509873572", "pid":"1", "tid":"wave"},
{"name":"ModelAdvance", "ph":"B", "ts":"2749509873720", "pid":"1", "tid":"wave"},
{"name":"ModelAdvance", "ph":"E", "ts":"2749514674857", "pid":"1", "tid":"wave"},
{"name":"ModelSetRunClock", "ph":"B", "ts":"2749516481784", "pid":"1", "tid":"wave"},
{"name":"ModelSetRunClock", "ph":"E", "ts":"2749516482087", "pid":"1", "tid":"wave"},
{"name":"ModelAdvance", "ph":"B", "ts":"2749516482252", "pid":"1", "tid":"wave"},
{"name":"ModelAdvance", "ph":"E", "ts":"2749520934211", "pid":"1", "tid":"wave"},
{"name":"ModelSetRunClock", "ph":"B", "ts":"2749522316798", "pid":"1", "tid":"wave"},
{"name":"ModelSetRunClock", "ph":"E", "ts":"2749522316852", "pid":"1", "tid":"wave"},
{"name":"ModelAdvance", "ph":"B", "ts":"2749522316930", "pid":"1", "tid":"wave"},
{"name":"ModelAdvance", "ph":"E", "ts":"2749526450886", "pid":"1", "tid":"wave"},
{"name":"ModelSetRunClock", "ph":"B", "ts":"2749527562573", "pid":"1", "tid":"wave"},
{"name":"ModelSetRunClock", "ph":"E", "ts":"2749527562622", "pid":"1", "tid":"wave"},
{"name":"ModelAdvance", "ph":"B", "ts":"2749527562679", "pid":"1", "tid":"wave"},
{"name":"ModelAdvance", "ph":"E", "ts":"2749531305815", "pid":"1", "tid":"wave"},
{"name":"ModelSetRunClock", "ph":"B", "ts":"2749532395637", "pid":"1", "tid":"wave"},
{"name":"ModelSetRunClock", "ph":"E", "ts":"2749532395694", "pid":"1", "tid":"wave"},
{"name":"ModelAdvance", "ph":"B", "ts":"2749532395778", "pid":"1", "tid":"wave"},
{"name":"ModelAdvance", "ph":"E", "ts":"2749535805082", "pid":"1", "tid":"wave"},
{"name":"ModelSetRunClock", "ph":"B", "ts":"2749536790585", "pid":"1", "tid":"wave"},
{"name":"ModelSetRunClock", "ph":"E", "ts":"2749536790638", "pid":"1", "tid":"wave"},
{"name":"ModelAdvance", "ph":"B", "ts":"2749536790708", "pid":"1", "tid":"wave"},
{"name":"ModelAdvance", "ph":"E", "ts":"2749540402085", "pid":"1", "tid":"wave"},
{"name":"ModelSetRunClock", "ph":"B", "ts":"2749541330751", "pid":"1", "tid":"wave"},
{"name":"ModelSetRunClock", "ph":"E", "ts":"2749541331042", "pid":"1", "tid":"wave"},
{"name":"ModelAdvance", "ph":"B", "ts":"2749541331152", "pid":"1", "tid":"wave"},
{"name":"ModelAdvance", "ph":"E", "ts":"2749544216054", "pid":"1", "tid":"wave"},
{"name":"ModelSetRunClock", "ph":"B", "ts":"2749545197811", "pid":"1", "tid":"wave"},
{"name":"ModelSetRunClock", "ph":"E", "ts":"2749545197863", "pid":"1", "tid":"wave"},
{"name":"ModelAdvance", "ph":"B", "ts":"2749545197938", "pid":"1", "tid":"wave"},
{"name":"ModelAdvance", "ph":"E", "ts":"2749547835760", "pid":"1", "tid":"wave"},
{"name":"ModelSetRunClock", "ph":"B", "ts":"2749548806500", "pid":"1", "tid":"wave"},
{"name":"ModelSetRunClock", "ph":"E", "ts":"2749548806549", "pid":"1", "tid":"wave"},
{"name":"ModelAdvance", "ph":"B", "ts":"2749548806607", "pid":"1", "tid":"wave"},
{"name":"ModelAdvance", "ph":"E", "ts":"2749551368845", "pid":"1", "tid":"wave"},
{"name":"ModelSetRunClock", "ph":"B", "ts":"2749552303163", "pid":"1", "tid":"wave"},
{"name":"ModelSetRunClock", "ph":"E", "ts":"2749552303212", "pid":"1", "tid":"wave"},
{"name":"ModelAdvance", "ph":"B", "ts":"2749552303286", "pid":"1", "tid":"wave"},
{"name":"ModelAdvance", "ph":"E", "ts":"2749554718222", "pid":"1", "tid":"wave"},
{"name":"ModelSetRunClock", "ph":"B", "ts":"2749555671061", "pid":"1", "tid":"wave"},
{"name":"ModelSetRunClock", "ph":"E", "ts":"2749555671107", "pid":"1", "tid":"wave"},
{"name":"ModelAdvance", "ph":"B", "ts":"2749555671163", "pid":"1", "tid":"wave"},
{"name":"ModelAdvance", "ph":"E", "ts":"2749558149092", "pid":"1", "tid":"wave"},
{"name":"ModelSetRunClock", "ph":"B", "ts":"2749559053228", "pid":"1", "tid":"wave"},
{"name":"ModelSetRunClock", "ph":"E", "ts":"2749559053278", "pid":"1", "tid":"wave"},
{"name":"ModelAdvance", "ph":"B", "ts":"2749559053338", "pid":"1", "tid":"wave"},
{"name":"ModelAdvance", "ph":"E", "ts":"2749561727216", "pid":"1", "tid":"wave"},
{"name":"ModelSetRunClock", "ph":"B", "ts":"2749562598484", "pid":"1", "tid":"wave"},
{"name":"ModelSetRunClock", "ph":"E", "ts":"2749562598532", "pid":"1", "tid":"wave"},
{"name":"ModelAdvance", "ph":"B", "ts":"2749562598573", "pid":"1", "tid":"wave"},
{"name":"ModelAdvance", "ph":"E", "ts":"2749564787107", "pid":"1", "tid":"wave"},
{"name":"ModelSetRunClock", "ph":"B", "ts":"2749565680886", "pid":"1", "tid":"wave"},
{"name":"ModelSetRunClock", "ph":"E", "ts":"2749565680944", "pid":"1", "tid":"wave"},
{"name":"ModelAdvance", "ph":"B", "ts":"2749565681011", "pid":"1", "tid":"wave"},
{"name":"ModelAdvance", "ph":"E", "ts":"2749567862283", "pid":"1", "tid":"wave"},
{"name":"ModelSetRunClock", "ph":"B", "ts":"2749568697409", "pid":"1", "tid":"wave"},
{"name":"ModelSetRunClock", "ph":"E", "ts":"2749568697461", "pid":"1", "tid":"wave"},
{"name":"ModelAdvance", "ph":"B", "ts":"2749568697524", "pid":"1", "tid":"wave"},
{"name":"ModelAdvance", "ph":"E", "ts":"2749570834413", "pid":"1", "tid":"wave"},
{"name":"ModelSetRunClock", "ph":"B", "ts":"2749571634995", "pid":"1", "tid":"wave"},
{"name":"ModelSetRunClock", "ph":"E", "ts":"2749571635282", "pid":"1", "tid":"wave"},
{"name":"ModelAdvance", "ph":"B", "ts":"2749571635405", "pid":"1", "tid":"wave"},
{"name":"ModelAdvance", "ph":"E", "ts":"2749573681438", "pid":"1", "tid":"wave"},
{"name":"ModelSetRunClock", "ph":"B", "ts":"2749574485360", "pid":"1", "tid":"wave"},
{"name":"ModelSetRunClock", "ph":"E", "ts":"2749574485416", "pid":"1", "tid":"wave"},
{"name":"ModelAdvance", "ph":"B", "ts":"2749574485494", "pid":"1", "tid":"wave"},
{"name":"ModelAdvance", "ph":"E", "ts":"2749576680822", "pid":"1", "tid":"wave"},
{"name":"ModelSetRunClock", "ph":"B", "ts":"2749577464635", "pid":"1", "tid":"wave"},
{"name":"ModelSetRunClock", "ph":"E", "ts":"2749577464686", "pid":"1", "tid":"wave"},
{"name":"ModelAdvance", "ph":"B", "ts":"2749577464750", "pid":"1", "tid":"wave"},
{"name":"ModelAdvance", "ph":"E", "ts":"2749579951889", "pid":"1", "tid":"wave"},
{"name":"ModelSetRunClock", "ph":"B", "ts":"2749580682356", "pid":"1", "tid":"wave"},
{"name":"ModelSetRunClock", "ph":"E", "ts":"2749580682407", "pid":"1", "tid":"wave"},
{"name":"ModelAdvance", "ph":"B", "ts":"2749580682477", "pid":"1", "tid":"wave"},
{"name":"ModelAdvance", "ph":"E", "ts":"2749582646075", "pid":"1", "tid":"wave"},
{"name":"ModelSetRunClock", "ph":"B", "ts":"2749583426234", "pid":"1", "tid":"wave"},
{"name":"ModelSetRunClock", "ph":"E", "ts":"2749583426283", "pid":"1", "tid":"wave"},
{"name":"ModelAdvance", "ph":"B", "ts":"2749583426347", "pid":"1", "tid":"wave"},
{"name":"ModelAdvance", "ph":"E", "ts":"2749585371804", "pid":"1", "tid":"wave"},
{"name":"ModelSetRunClock", "ph":"B", "ts":"2749586156433", "pid":"1", "tid":"wave"},
{"name":"ModelSetRunClock", "ph":"E", "ts":"2749586156487", "pid":"1", "tid":"wave"},
{"name":"ModelAdvance", "ph":"B", "ts":"2749586156559", "pid":"1", "tid":"wave"},
{"name":"ModelAdvance", "ph":"E", "ts":"2749588095334", "pid":"1", "tid":"wave"},
{"name":"ModelSetRunClock", "ph":"B", "ts":"2749588860428", "pid":"1", "tid":"wave"},
{"name":"ModelSetRunClock", "ph":"E", "ts":"2749588860482", "pid":"1", "tid":"wave"},
{"name":"ModelAdvance", "ph":"B", "ts":"2749588860635", "pid":"1", "tid":"wave"},
{"name":"ModelAdvance", "ph":"E", "ts":"2749590759061", "pid":"1", "tid":"wave"},
{"name":"ModelSetRunClock", "ph":"B", "ts":"2749591525394", "pid":"1", "tid":"wave"},
{"name":"ModelSetRunClock", "ph":"E", "ts":"2749591525443", "pid":"1", "tid":"wave"},
{"name":"ModelAdvance", "ph":"B", "ts":"2749591525503", "pid":"1", "tid":"wave"},
{"name":"ModelAdvance", "ph":"E", "ts":"2749593547763", "pid":"1", "tid":"wave"},
{"name":"ModelSetRunClock", "ph":"B", "ts":"2749594277861", "pid":"1", "tid":"wave"},
{"name":"ModelSetRunClock", "ph":"E", "ts":"2749594277913", "pid":"1", "tid":"wave"},
{"name":"ModelAdvance", "ph":"B", "ts":"2749594277980", "pid":"1", "tid":"wave"},
{"name":"ModelAdvance", "ph":"E", "ts":"2749596706468", "pid":"1", "tid":"wave"},
{"name":"ModelSetRunClock", "ph":"B", "ts":"2749597470464", "pid":"1", "tid":"wave"},
{"name":"ModelSetRunClock", "ph":"E", "ts":"2749597470772", "pid":"1", "tid":"wave"},
{"name":"ModelAdvance", "ph":"B", "ts":"2749597470890", "pid":"1", "tid":"wave"},
{"name":"ModelAdvance", "ph":"E", "ts":"2749599315760", "pid":"1", "tid":"wave"},
{"name":"ModelSetRunClock", "ph":"B", "ts":"2749600143083", "pid":"1", "tid":"wave"},
{"name":"ModelSetRunClock", "ph":"E", "ts":"2749600143133", "pid":"1", "tid":"wave"},
{"name":"ModelAdvance", "ph":"B", "ts":"2749600143193", "pid":"1", "tid":"wave"},
{"name":"ModelAdvance", "ph":"E", "ts":"2749601889997", "pid":"1", "tid":"wave"},
{"name":"ModelSetRunClock", "ph":"B", "ts":"2749602780763", "pid":"1", "tid":"wave"},
{"name":"ModelSetRunClock", "ph":"E", "ts":"2749602781119", "pid":"1", "tid":"wave"},
{"name":"ModelAdvance", "ph":"B", "ts":"2749602781276", "pid":"1", "tid":"wave"},
{"name":"ModelAdvance", "ph":"E", "ts":"2749604601929", "pid":"1", "tid":"wave"},
{"name":"ModelSetRunClock", "ph":"B", "ts":"2749605492207", "pid":"1", "tid":"wave"},
{"name":"ModelSetRunClock", "ph":"E", "ts":"2749605492496", "pid":"1", "tid":"wave"},
{"name":"ModelAdvance", "ph":"B", "ts":"2749605492597", "pid":"1", "tid":"wave"},
{"name":"ModelAdvance", "ph":"E", "ts":"2749607197349", "pid":"1", "tid":"wave"},
{"name":"ModelSetRunClock", "ph":"B", "ts":"2749608099295", "pid":"1", "tid":"wave"},
{"name":"ModelSetRunClock", "ph":"E", "ts":"2749608099341", "pid":"1", "tid":"wave"},
{"name":"ModelAdvance", "ph":"B", "ts":"2749608099408", "pid":"1", "tid":"wave"},
{"name":"ModelAdvance", "ph":"E", "ts":"2749609959097", "pid":"1", "tid":"wave"},
{"name":"ModelSetRunClock", "ph":"B", "ts":"2749610848580", "pid":"1", "tid":"wave"},
{"name":"ModelSetRunClock", "ph":"E", "ts":"2749610848634", "pid":"1", "tid":"wave"},
{"name":"ModelAdvance", "ph":"B", "ts":"2749610848699", "pid":"1", "tid":"wave"},
{"name":"ModelAdvance", "ph":"E", "ts":"2749613099560", "pid":"1", "tid":"wave"},
{"name":"ModelSetRunClock", "ph":"B", "ts":"2749613973452", "pid":"1", "tid":"wave"},
{"name":"ModelSetRunClock", "ph":"E", "ts":"2749613973502", "pid":"1", "tid":"wave"},
{"name":"ModelAdvance", "ph":"B", "ts":"2749613973562", "pid":"1", "tid":"wave"},
{"name":"ModelAdvance", "ph":"E", "ts":"2749615692439", "pid":"1", "tid":"wave"},
{"name":"ModelSetRunClock", "ph":"B", "ts":"2749616551960", "pid":"1", "tid":"wave"},
{"name":"ModelSetRunClock", "ph":"E", "ts":"2749616552013", "pid":"1", "tid":"wave"},
{"name":"ModelAdvance", "ph":"B", "ts":"2749616552085", "pid":"1", "tid":"wave"},
{"name":"ModelAdvance", "ph":"E", "ts":"2749618209541", "pid":"1", "tid":"wave"},
{"name":"ModelSetRunClock", "ph":"B", "ts":"2749619052740", "pid":"1", "tid":"wave"},
{"name":"ModelSetRunClock", "ph":"E", "ts":"2749619060312", "pid":"1", "tid":"wave"},
{"name":"ModelAdvance", "ph":"B", "ts":"2749619060373", "pid":"1", "tid":"wave"},
{"name":"ModelAdvance", "ph":"E", "ts":"2749620665517", "pid":"1", "tid":"wave"},
{"name":"ModelSetRunClock", "ph":"B", "ts":"2749621466121", "pid":"1", "tid":"wave"},
{"name":"ModelSetRunClock", "ph":"E", "ts":"2749621466169", "pid":"1", "tid":"wave"},
{"name":"ModelAdvance", "ph":"B", "ts":"2749621466228", "pid":"1", "tid":"wave"},
{"name":"ModelAdvance", "ph":"E", "ts":"2749623091921", "pid":"1", "tid":"wave"},
{"name":"ModelSetRunClock", "ph":"B", "ts":"2749623847044", "pid":"1", "tid":"wave"},
{"name":"ModelSetRunClock", "ph":"E", "ts":"2749623847103", "pid":"1", "tid":"wave"},
{"name":"ModelAdvance", "ph":"B", "ts":"2749623847169", "pid":"1", "tid":"wave"},
{"name":"ModelAdvance", "ph":"E", "ts":"2749625640391", "pid":"1", "tid":"wave"},
{"name":"ModelSetRunClock", "ph":"B", "ts":"2749626367604", "pid":"1", "tid":"wave"},
{"name":"ModelSetRunClock", "ph":"E", "ts":"2749626367654", "pid":"1", "tid":"wave"},
{"name":"ModelAdvance", "ph":"B", "ts":"2749626367757", "pid":"1", "tid":"wave"},
{"name":"ModelAdvance", "ph":"E", "ts":"2749628372707", "pid":"1", "tid":"wave"},
{"name":"ModelSetRunClock", "ph":"B", "ts":"2749629067610", "pid":"1", "tid":"wave"},
{"name":"ModelSetRunClock", "ph":"E", "ts":"2749629067659", "pid":"1", "tid":"wave"},
{"name":"ModelAdvance", "ph":"B", "ts":"2749629067722", "pid":"1", "tid":"wave"},
{"name":"ModelAdvance", "ph":"E", "ts":"2749630747741", "pid":"1", "tid":"wave"},
{"name":"ModelSetRunClock", "ph":"B", "ts":"2749631422772", "pid":"1", "tid":"wave"},
{"name":"ModelSetRunClock", "ph":"E", "ts":"2749631422821", "pid":"1", "tid":"wave"},
{"name":"ModelAdvance", "ph":"B", "ts":"2749631422882", "pid":"1", "tid":"wave"},
{"name":"ModelAdvance", "ph":"E", "ts":"2749633102756", "pid":"1", "tid":"wave"},
{"name":"ModelSetRunClock", "ph":"B", "ts":"2749633752473", "pid":"1", "tid":"wave"},
{"name":"ModelSetRunClock", "ph":"E", "ts":"2749633752529", "pid":"1", "tid":"wave"},
{"name":"ModelAdvance", "ph":"B", "ts":"2749633752615", "pid":"1", "tid":"wave"},
{"name":"ModelAdvance", "ph":"E", "ts":"2749635452734", "pid":"1", "tid":"wave"},
{"name":"ModelSetRunClock", "ph":"B", "ts":"2749636074111", "pid":"1", "tid":"wave"},
{"name":"ModelSetRunClock", "ph":"E", "ts":"2749636074459", "pid":"1", "tid":"wave"},
{"name":"ModelAdvance", "ph":"B", "ts":"2749636074586", "pid":"1", "tid":"wave"},
{"name":"ModelAdvance", "ph":"E", "ts":"2749637788343", "pid":"1", "tid":"wave"},
{"name":"ModelSetRunClock", "ph":"B", "ts":"2749638377060", "pid":"1", "tid":"wave"},
{"name":"ModelSetRunClock", "ph":"E", "ts":"2749638377538", "pid":"1", "tid":"wave"},
{"name":"ModelAdvance", "ph":"B", "ts":"2749638377682", "pid":"1", "tid":"wave"},
{"name":"ModelAdvance", "ph":"E", "ts":"2749640180715", "pid":"1", "tid":"wave"},
{"name":"ModelSetRunClock", "ph":"B", "ts":"2749640788057", "pid":"1", "tid":"wave"},
{"name":"ModelSetRunClock", "ph":"E", "ts":"2749640788104", "pid":"1", "tid":"wave"},
{"name":"ModelAdvance", "ph":"B", "ts":"2749640788164", "pid":"1", "tid":"wave"},
{"name":"ModelAdvance", "ph":"E", "ts":"2749642790841", "pid":"1", "tid":"wave"},
{"name":"ModelSetRunClock", "ph":"B", "ts":"2749643421457", "pid":"1", "tid":"wave"},
{"name":"ModelSetRunClock", "ph":"E", "ts":"2749643421754", "pid":"1", "tid":"wave"},
{"name":"ModelAdvance", "ph":"B", "ts":"2749643421896", "pid":"1", "tid":"wave"},
{"name":"ModelAdvance", "ph":"E", "ts":"2749645095241", "pid":"1", "tid":"wave"},
{"name":"ModelSetRunClock", "ph":"B", "ts":"2749645718343", "pid":"1", "tid":"wave"},
{"name":"ModelSetRunClock", "ph":"E", "ts":"2749645718390", "pid":"1", "tid":"wave"},
{"name":"ModelAdvance", "ph":"B", "ts":"2749645718446", "pid":"1", "tid":"wave"},
{"name":"ModelAdvance", "ph":"E", "ts":"2749647359769", "pid":"1", "tid":"wave"},
{"name":"ModelSetRunClock", "ph":"B", "ts":"2749647988594", "pid":"1", "tid":"wave"},
{"name":"ModelSetRunClock", "ph":"E", "ts":"2749647988645", "pid":"1", "tid":"wave"},
{"name":"ModelAdvance", "ph":"B", "ts":"2749647988708", "pid":"1", "tid":"wave"},
{"name":"ModelAdvance", "ph":"E", "ts":"2749649692426", "pid":"1", "tid":"wave"},
{"name":"ModelSetRunClock", "ph":"B", "ts":"2749650314758", "pid":"1", "tid":"wave"},
{"name":"ModelSetRunClock", "ph":"E", "ts":"2749650314807", "pid":"1", "tid":"wave"},
{"name":"ModelAdvance", "ph":"B", "ts":"2749650314946", "pid":"1", "tid":"wave"},
{"name":"ModelAdvance", "ph":"E", "ts":"2749651986333", "pid":"1", "tid":"wave"},
{"name":"ModelSetRunClock", "ph":"B", "ts":"2749652610906", "pid":"1", "tid":"wave"},
{"name":"ModelSetRunClock", "ph":"E", "ts":"2749652610955", "pid":"1", "tid":"wave"},
{"name":"ModelAdvance", "ph":"B", "ts":"2749652611022", "pid":"1", "tid":"wave"},
{"name":"ModelAdvance", "ph":"E", "ts":"2749654331623", "pid":"1", "tid":"wave"},
{"name":"ModelSetRunClock", "ph":"B", "ts":"2749654961661", "pid":"1", "tid":"wave"},
{"name":"ModelSetRunClock", "ph":"E", "ts":"2749654968398", "pid":"1", "tid":"wave"},
{"name":"ModelAdvance", "ph":"B", "ts":"2749654968457", "pid":"1", "tid":"wave"},
{"name":"ModelAdvance", "ph":"E", "ts":"2749657004018", "pid":"1", "tid":"wave"},
{"name":"ModelSetRunClock", "ph":"B", "ts":"2749657670946", "pid":"1", "tid":"wave"},
{"name":"ModelSetRunClock", "ph":"E", "ts":"2749657670993", "pid":"1", "tid":"wave"},
{"name":"ModelAdvance", "ph":"B", "ts":"2749657671041", "pid":"1", "tid":"wave"},
{"name":"ModelAdvance", "ph":"E", "ts":"2749659225196", "pid":"1", "tid":"wave"},
{"name":"ModelSetRunClock", "ph":"B", "ts":"2749659928772", "pid":"1", "tid":"wave"},
{"name":"ModelSetRunClock", "ph":"E", "ts":"2749659928820", "pid":"1", "tid":"wave"},
{"name":"ModelAdvance", "ph":"B", "ts":"2749659928879", "pid":"1", "tid":"wave"},
{"name":"ModelAdvance", "ph":"E", "ts":"2749661428854", "pid":"1", "tid":"wave"},
{"name":"ModelSetRunClock", "ph":"B", "ts":"2749662178887", "pid":"1", "tid":"wave"},
{"name":"ModelSetRunClock", "ph":"E", "ts":"2749662178934", "pid":"1", "tid":"wave"},
{"name":"ModelAdvance", "ph":"B", "ts":"2749662178996", "pid":"1", "tid":"wave"},
{"name":"ModelAdvance", "ph":"E", "ts":"2749663600811", "pid":"1", "tid":"wave"},
{"name":"ModelSetRunClock", "ph":"B", "ts":"2749664415325", "pid":"1", "tid":"wave"},
{"name":"ModelSetRunClock", "ph":"E", "ts":"2749664415376", "pid":"1", "tid":"wave"},
{"name":"ModelAdvance", "ph":"B", "ts":"2749664415826", "pid":"1", "tid":"wave"},
{"name":"ModelAdvance", "ph":"E", "ts":"2749665881953", "pid":"1", "tid":"wave"},
{"name":"ModelSetRunClock", "ph":"B", "ts":"2749666732518", "pid":"1", "tid":"wave"},
{"name":"ModelSetRunClock", "ph":"E", "ts":"2749666732568", "pid":"1", "tid":"wave"},
{"name":"ModelAdvance", "ph":"B", "ts":"2749666732635", "pid":"1", "tid":"wave"},
{"name":"ModelAdvance", "ph":"E", "ts":"2749668263246", "pid":"1", "tid":"wave"},
{"name":"ModelSetRunClock", "ph":"B", "ts":"2749669127782", "pid":"1", "tid":"wave"},
{"name":"ModelSetRunClock", "ph":"E", "ts":"2749669128278", "pid":"1", "tid":"wave"},
{"name":"ModelAdvance", "ph":"B", "ts":"2749669128459", "pid":"1", "tid":"wave"},
{"name":"ModelAdvance", "ph":"E", "ts":"2749671005958", "pid":"1", "tid":"wave"},
{"name":"ModelSetRunClock", "ph":"B", "ts":"2749671847507", "pid":"1", "tid":"wave"},
{"name":"ModelSetRunClock", "ph":"E", "ts":"2749671847563", "pid":"1", "tid":"wave"},
{"name":"ModelAdvance", "ph":"B", "ts":"2749671847640", "pid":"1", "tid":"wave"},
{"name":"ModelAdvance", "ph":"E", "ts":"2749673417800", "pid":"1", "tid":"wave"},
{"name":"ModelSetRunClock", "ph":"B", "ts":"2749674232032", "pid":"1", "tid":"wave"},
{"name":"ModelSetRunClock", "ph":"E", "ts":"2749674232340", "pid":"1", "tid":"wave"},
{"name":"ModelAdvance", "ph":"B", "ts":"2749674232459", "pid":"1", "tid":"wave"},
{"name":"ModelAdvance", "ph":"E", "ts":"2749675846521", "pid":"1", "tid":"wave"},
{"name":"ModelSetRunClock", "ph":"B", "ts":"2749676664602", "pid":"1", "tid":"wave"},
{"name":"ModelSetRunClock", "ph":"E", "ts":"2749676664649", "pid":"1", "tid":"wave"},
{"name":"ModelAdvance", "ph":"B", "ts":"2749676664706", "pid":"1", "tid":"wave"},
{"name":"ModelAdvance", "ph":"E", "ts":"2749678261983", "pid":"1", "tid":"wave"},
{"name":"ModelSetRunClock", "ph":"B", "ts":"2749679069643", "pid":"1", "tid":"wave"},
{"name":"ModelSetRunClock", "ph":"E", "ts":"2749679069988", "pid":"1", "tid":"wave"},
{"name":"ModelAdvance", "ph":"B", "ts":"2749679070133", "pid":"1", "tid":"wave"},
{"name":"ModelAdvance", "ph":"E", "ts":"2749680631710", "pid":"1", "tid":"wave"},
{"name":"ModelSetRunClock", "ph":"B", "ts":"2749681452218", "pid":"1", "tid":"wave"},
{"name":"ModelSetRunClock", "ph":"E", "ts":"2749681452275", "pid":"1", "tid":"wave"},
{"name":"ModelAdvance", "ph":"B", "ts":"2749681452356", "pid":"1", "tid":"wave"},
{"name":"ModelAdvance", "ph":"E", "ts":"2749683134631", "pid":"1", "tid":"wave"},
{"name":"ModelSetRunClock", "ph":"B", "ts":"2749683990623", "pid":"1", "tid":"wave"},
{"name":"ModelSetRunClock", "ph":"E", "ts":"2749683990950", "pid":"1", "tid":"wave"},
{"name":"ModelAdvance", "ph":"B", "ts":"2749683991073", "pid":"1", "tid":"wave"},
{"name":"ModelAdvance", "ph":"E", "ts":"2749685954653", "pid":"1", "tid":"wave"},
{"name":"ModelSetRunClock", "ph":"B", "ts":"2749686837078", "pid":"1", "tid":"wave"},
{"name":"ModelSetRunClock", "ph":"E", "ts":"2749686837131", "pid":"1", "tid":"wave"},
{"name":"ModelAdvance", "ph":"B", "ts":"2749686837195", "pid":"1", "tid":"wave"},
{"name":"ModelAdvance", "ph":"E", "ts":"2749688357723", "pid":"1", "tid":"wave"},
{"name":"ModelSetRunClock", "ph":"B", "ts":"2749689255415", "pid":"1", "tid":"wave"},
{"name":"ModelSetRunClock", "ph":"E", "ts":"2749689255698", "pid":"1", "tid":"wave"},
{"name":"ModelAdvance", "ph":"B", "ts":"2749689255821", "pid":"1", "tid":"wave"},
{"name":"ModelAdvance", "ph":"E", "ts":"2749690803425", "pid":"1", "tid":"wave"},
{"name":"ModelSetRunClock", "ph":"B", "ts":"2749691708062", "pid":"1", "tid":"wave"},
{"name":"ModelSetRunClock", "ph":"E", "ts":"2749691708114", "pid":"1", "tid":"wave"},
{"name":"ModelAdvance", "ph":"B", "ts":"2749691708183", "pid":"1", "tid":"wave"},
{"name":"ModelAdvance", "ph":"E", "ts":"2749693240748", "pid":"1", "tid":"wave"},
{"name":"ModelSetRunClock", "ph":"B", "ts":"2749694190024", "pid":"1", "tid":"wave"},
{"name":"ModelSetRunClock", "ph":"E", "ts":"2749694190311", "pid":"1", "tid":"wave"},
{"name":"ModelAdvance", "ph":"B", "ts":"2749694190470", "pid":"1", "tid":"wave"},
{"name":"ModelAdvance", "ph":"E", "ts":"2749695755537", "pid":"1", "tid":"wave"},
{"name":"ModelSetRunClock", "ph":"B", "ts":"2749696734044", "pid":"1", "tid":"wave"},
{"name":"ModelSetRunClock", "ph":"E", "ts":"2749696734086", "pid":"1", "tid":"wave"},
{"name":"ModelAdvance", "ph":"B", "ts":"2749696734138", "pid":"1", "tid":"wave"},
{"name":"ModelAdvance", "ph":"E", "ts":"2749726456979", "pid":"1", "tid":"wave"},
{"name":"ModelSetRunClock", "ph":"B", "ts":"2749727594635", "pid":"1", "tid":"wave"},
{"name":"ModelSetRunClock", "ph":"E", "ts":"2749727594700", "pid":"1", "tid":"wave"},
{"name":"ModelAdvance", "ph":"B", "ts":"2749727594810", "pid":"1", "tid":"wave"},
{"name":"ModelAdvance", "ph":"E", "ts":"2749728478955", "pid":"1", "tid":"wave"},
{"name":"ModelSetRunClock", "ph":"B", "ts":"2749729503851", "pid":"1", "tid":"wave"},
{"name":"ModelSetRunClock", "ph":"E", "ts":"2749729503899", "pid":"1", "tid":"wave"},
{"name":"ModelAdvance", "ph":"B", "ts":"2749729503958", "pid":"1", "tid":"wave"},
{"name":"ModelAdvance", "ph":"E", "ts":"2749730959539", "pid":"1", "tid":"wave"},
{"name":"ModelSetRunClock", "ph":"B", "ts":"2749731940878", "pid":"1", "tid":"wave"},
{"name":"ModelSetRunClock", "ph":"E", "ts":"2749731941290", "pid":"1", "tid":"wave"},
{"name":"ModelAdvance", "ph":"B", "ts":"2749731941450", "pid":"1", "tid":"wave"},
{"name":"ModelAdvance", "ph":"E", "ts":"2749733416887", "pid":"1", "tid":"wave"},
{"name":"ModelSetRunClock", "ph":"B", "ts":"2749734352786", "pid":"1", "tid":"wave"},
{"name":"ModelSetRunClock", "ph":"E", "ts":"2749734352834", "pid":"1", "tid":"wave"},
{"name":"ModelAdvance", "ph":"B", "ts":"2749734352892", "pid":"1", "tid":"wave"},
{"name":"ModelAdvance", "ph":"E", "ts":"2749735813069", "pid":"1", "tid":"wave"},
{"name":"ModelSetRunClock", "ph":"B", "ts":"2749736714134", "pid":"1", "tid":"wave"},
{"name":"ModelSetRunClock", "ph":"E", "ts":"2749736714376", "pid":"1", "tid":"wave"},
{"name":"ModelAdvance", "ph":"B", "ts":"2749736714521", "pid":"1", "tid":"wave"},
{"name":"ModelAdvance", "ph":"E", "ts":"2749738127270", "pid":"1", "tid":"wave"},
{"name":"ModelSetRunClock", "ph":"B", "ts":"2749739010594", "pid":"1", "tid":"wave"},
{"name":"ModelSetRunClock", "ph":"E", "ts":"2749739010644", "pid":"1", "tid":"wave"},
{"name":"ModelAdvance", "ph":"B", "ts":"2749739010710", "pid":"1", "tid":"wave"},
{"name":"ModelAdvance", "ph":"E", "ts":"2749740562672", "pid":"1", "tid":"wave"},
{"name":"ModelSetRunClock", "ph":"B", "ts":"2749741409282", "pid":"1", "tid":"wave"},
{"name":"ModelSetRunClock", "ph":"E", "ts":"2749741409336", "pid":"1", "tid":"wave"},
{"name":"ModelAdvance", "ph":"B", "ts":"2749741409388", "pid":"1", "tid":"wave"},
{"name":"ModelAdvance", "ph":"E", "ts":"2749743150563", "pid":"1", "tid":"wave"},
{"name":"ModelSetRunClock", "ph":"B", "ts":"2749744001916", "pid":"1", "tid":"wave"},
{"name":"ModelSetRunClock", "ph":"E", "ts":"2749744001967", "pid":"1", "tid":"wave"},
{"name":"ModelAdvance", "ph":"B", "ts":"2749744002033", "pid":"1", "tid":"wave"},
{"name":"ModelAdvance", "ph":"E", "ts":"2749745291595", "pid":"1", "tid":"wave"},
{"name":"ModelSetRunClock", "ph":"B", "ts":"2749746112939", "pid":"1", "tid":"wave"},
{"name":"ModelSetRunClock", "ph":"E", "ts":"2749746112987", "pid":"1", "tid":"wave"},
{"name":"ModelAdvance", "ph":"B", "ts":"2749746113037", "pid":"1", "tid":"wave"},
{"name":"ModelAdvance", "ph":"E", "ts":"2749747415091", "pid":"1", "tid":"wave"},
{"name":"ModelSetRunClock", "ph":"B", "ts":"2749748183800", "pid":"1", "tid":"wave"},
{"name":"ModelSetRunClock", "ph":"E", "ts":"2749748183851", "pid":"1", "tid":"wave"},
{"name":"ModelAdvance", "ph":"B", "ts":"2749748183904", "pid":"1", "tid":"wave"},
{"name":"ModelAdvance", "ph":"E", "ts":"2749749483421", "pid":"1", "tid":"wave"},
{"name":"ModelSetRunClock", "ph":"B", "ts":"2749750217596", "pid":"1", "tid":"wave"},
{"name":"ModelSetRunClock", "ph":"E", "ts":"2749750217644", "pid":"1", "tid":"wave"},
{"name":"ModelAdvance", "ph":"B", "ts":"2749750217703", "pid":"1", "tid":"wave"},
{"name":"ModelAdvance", "ph":"E", "ts":"2749751524697", "pid":"1", "tid":"wave"},
{"name":"ModelSetRunClock", "ph":"B", "ts":"2749752232658", "pid":"1", "tid":"wave"},
{"name":"ModelSetRunClock", "ph":"E", "ts":"2749752232944", "pid":"1", "tid":"wave"},
{"name":"ModelAdvance", "ph":"B", "ts":"2749752233090", "pid":"1", "tid":"wave"},
{"name":"ModelAdvance", "ph":"E", "ts":"2749753619734", "pid":"1", "tid":"wave"},
{"name":"ModelSetRunClock", "ph":"B", "ts":"2749754315557", "pid":"1", "tid":"wave"},
{"name":"ModelSetRunClock", "ph":"E", "ts":"2749754315608", "pid":"1", "tid":"wave"},
{"name":"ModelAdvance", "ph":"B", "ts":"2749754315667", "pid":"1", "tid":"wave"},
{"name":"ModelAdvance", "ph":"E", "ts":"2749756052761", "pid":"1", "tid":"wave"},
{"name":"ModelSetRunClock", "ph":"B", "ts":"2749756729232", "pid":"1", "tid":"wave"},
{"name":"ModelSetRunClock", "ph":"E", "ts":"2749756729282", "pid":"1", "tid":"wave"},
{"name":"ModelAdvance", "ph":"B", "ts":"2749756729342", "pid":"1", "tid":"wave"},
{"name":"ModelAdvance", "ph":"E", "ts":"2749758118869", "pid":"1", "tid":"wave"},
{"name":"ModelSetRunClock", "ph":"B", "ts":"2749758783543", "pid":"1", "tid":"wave"},
{"name":"ModelSetRunClock", "ph":"E", "ts":"2749758783594", "pid":"1", "tid":"wave"},
{"name":"ModelAdvance", "ph":"B", "ts":"2749758783657", "pid":"1", "tid":"wave"},
{"name":"ModelAdvance", "ph":"E", "ts":"2749760953911", "pid":"1", "tid":"wave"},
{"name":"ModelSetRunClock", "ph":"B", "ts":"2749761611407", "pid":"1", "tid":"wave"},
{"name":"ModelSetRunClock", "ph":"E", "ts":"2749761611456", "pid":"1", "tid":"wave"},
{"name":"ModelAdvance", "ph":"B", "ts":"2749761611505", "pid":"1", "tid":"wave"},
{"name":"ModelAdvance", "ph":"E", "ts":"2749763115940", "pid":"1", "tid":"wave"},
{"name":"ModelSetRunClock", "ph":"B", "ts":"2749763761958", "pid":"1", "tid":"wave"},
{"name":"ModelSetRunClock", "ph":"E", "ts":"2749763762009", "pid":"1", "tid":"wave"},
{"name":"ModelAdvance", "ph":"B", "ts":"2749763762068", "pid":"1", "tid":"wave"},
{"name":"ModelAdvance", "ph":"E", "ts":"2749766197594", "pid":"1", "tid":"wave"},
{"name":"ModelSetRunClock", "ph":"B", "ts":"2749766837990", "pid":"1", "tid":"wave"},
{"name":"ModelSetRunClock", "ph":"E", "ts":"2749766838039", "pid":"1", "tid":"wave"},
{"name":"ModelAdvance", "ph":"B", "ts":"2749766838088", "pid":"1", "tid":"wave"},
{"name":"ModelAdvance", "ph":"E", "ts":"2749768372166", "pid":"1", "tid":"wave"},
{"name":"ModelSetRunClock", "ph":"B", "ts":"2749769018292", "pid":"1", "tid":"wave"},
{"name":"ModelSetRunClock", "ph":"E", "ts":"2749769018342", "pid":"1", "tid":"wave"},
{"name":"ModelAdvance", "ph":"B", "ts":"2749769018382", "pid":"1", "tid":"wave"},
{"name":"ModelAdvance", "ph":"E", "ts":"2749770802505", "pid":"1", "tid":"wave"},
{"name":"ModelSetRunClock", "ph":"B", "ts":"2749771440504", "pid":"1", "tid":"wave"},
{"name":"ModelSetRunClock", "ph":"E", "ts":"2749771440554", "pid":"1", "tid":"wave"},
{"name":"ModelAdvance", "ph":"B", "ts":"2749771440603", "pid":"1", "tid":"wave"},
{"name":"ModelAdvance", "ph":"E", "ts":"2749772833391", "pid":"1", "tid":"wave"},
{"name":"ModelSetRunClock", "ph":"B", "ts":"2749773471322", "pid":"1", "tid":"wave"},
{"name":"ModelSetRunClock", "ph":"E", "ts":"2749773471375", "pid":"1", "tid":"wave"},
{"name":"ModelAdvance", "ph":"B", "ts":"2749773471436", "pid":"1", "tid":"wave"},
{"name":"ModelAdvance", "ph":"E", "ts":"2749774942317", "pid":"1", "tid":"wave"},
{"name":"ModelSetRunClock", "ph":"B", "ts":"2749775580593", "pid":"1", "tid":"wave"},
{"name":"ModelSetRunClock", "ph":"E", "ts":"2749775580644", "pid":"1", "tid":"wave"},
{"name":"ModelAdvance", "ph":"B", "ts":"2749775580692", "pid":"1", "tid":"wave"},
{"name":"ModelAdvance", "ph":"E", "ts":"2749777058034", "pid":"1", "tid":"wave"},
{"name":"ModelSetRunClock", "ph":"B", "ts":"2749777700499", "pid":"1", "tid":"wave"},
{"name":"ModelSetRunClock", "ph":"E", "ts":"2749777700707", "pid":"1", "tid":"wave"},
{"name":"ModelAdvance", "ph":"B", "ts":"2749777700799", "pid":"1", "tid":"wave"},
{"name":"ModelAdvance", "ph":"E", "ts":"2749779159018", "pid":"1", "tid":"wave"},
{"name":"ModelSetRunClock", "ph":"B", "ts":"2749779803140", "pid":"1", "tid":"wave"},
{"name":"ModelSetRunClock", "ph":"E", "ts":"2749779803427", "pid":"1", "tid":"wave"},
{"name":"ModelAdvance", "ph":"B", "ts":"2749779803522", "pid":"1", "tid":"wave"},
{"name":"ModelAdvance", "ph":"E", "ts":"2749781421336", "pid":"1", "tid":"wave"},
{"name":"ModelSetRunClock", "ph":"B", "ts":"2749782076647", "pid":"1", "tid":"wave"},
{"name":"ModelSetRunClock", "ph":"E", "ts":"2749782076697", "pid":"1", "tid":"wave"},
{"name":"ModelAdvance", "ph":"B", "ts":"2749782076745", "pid":"1", "tid":"wave"},
{"name":"ModelAdvance", "ph":"E", "ts":"2749783958012", "pid":"1", "tid":"wave"},
{"name":"ModelSetRunClock", "ph":"B", "ts":"2749784608406", "pid":"1", "tid":"wave"},
{"name":"ModelSetRunClock", "ph":"E", "ts":"2749784608551", "pid":"1", "tid":"wave"},
{"name":"ModelAdvance", "ph":"B", "ts":"2749784608690", "pid":"1", "tid":"wave"},
{"name":"ModelAdvance", "ph":"E", "ts":"2749786098973", "pid":"1", "tid":"wave"},
{"name":"ModelSetRunClock", "ph":"B", "ts":"2749786752811", "pid":"1", "tid":"wave"},
{"name":"ModelSetRunClock", "ph":"E", "ts":"2749786752862", "pid":"1", "tid":"wave"},
{"name":"ModelAdvance", "ph":"B", "ts":"2749786752914", "pid":"1", "tid":"wave"},
{"name":"ModelAdvance", "ph":"E", "ts":"2749788262400", "pid":"1", "tid":"wave"},
{"name":"ModelSetRunClock", "ph":"B", "ts":"2749788911649", "pid":"1", "tid":"wave"},
{"name":"ModelSetRunClock", "ph":"E", "ts":"2749788911699", "pid":"1", "tid":"wave"},
{"name":"ModelAdvance", "ph":"B", "ts":"2749788911744", "pid":"1", "tid":"wave"},
{"name":"ModelAdvance", "ph":"E", "ts":"2749790459191", "pid":"1", "tid":"wave"},
{"name":"ModelSetRunClock", "ph":"B", "ts":"2749791107724", "pid":"1", "tid":"wave"},
{"name":"ModelSetRunClock", "ph":"E", "ts":"2749791107774", "pid":"1", "tid":"wave"},
{"name":"ModelAdvance", "ph":"B", "ts":"2749791107820", "pid":"1", "tid":"wave"},
{"name":"ModelAdvance", "ph":"E", "ts":"2749792665290", "pid":"1", "tid":"wave"},
{"name":"ModelSetRunClock", "ph":"B", "ts":"2749793294230", "pid":"1", "tid":"wave"},
{"name":"ModelSetRunClock", "ph":"E", "ts":"2749793294495", "pid":"1", "tid":"wave"},
{"name":"ModelAdvance", "ph":"B", "ts":"2749793294588", "pid":"1", "tid":"wave"},
{"name":"ModelAdvance", "ph":"E", "ts":"2749795051672", "pid":"1", "tid":"wave"},
{"name":"ModelSetRunClock", "ph":"B", "ts":"2749795698623", "pid":"1", "tid":"wave"},
{"name":"ModelSetRunClock", "ph":"E", "ts":"2749795698673", "pid":"1", "tid":"wave"},
{"name":"ModelAdvance", "ph":"B", "ts":"2749795698717", "pid":"1", "tid":"wave"},
{"name":"ModelAdvance", "ph":"E", "ts":"2749797654256", "pid":"1", "tid":"wave"},
{"name":"ModelSetRunClock", "ph":"B", "ts":"2749798314375", "pid":"1", "tid":"wave"},
{"name":"ModelSetRunClock", "ph":"E", "ts":"2749798314625", "pid":"1", "tid":"wave"},
{"name":"ModelAdvance", "ph":"B", "ts":"2749798314710", "pid":"1", "tid":"wave"},
{"name":"ModelAdvance", "ph":"E", "ts":"2749799985693", "pid":"1", "tid":"wave"},
{"name":"ModelSetRunClock", "ph":"B", "ts":"2749800635242", "pid":"1", "tid":"wave"},
{"name":"ModelSetRunClock", "ph":"E", "ts":"2749800635292", "pid":"1", "tid":"wave"},
{"name":"ModelAdvance", "ph":"B", "ts":"2749800635342", "pid":"1", "tid":"wave"},
{"name":"ModelAdvance", "ph":"E", "ts":"2749802227776", "pid":"1", "tid":"wave"},
{"name":"ModelSetRunClock", "ph":"B", "ts":"2749802877032", "pid":"1", "tid":"wave"},
{"name":"ModelSetRunClock", "ph":"E", "ts":"2749802877082", "pid":"1", "tid":"wave"},
{"name":"ModelAdvance", "ph":"B", "ts":"2749802877132", "pid":"1", "tid":"wave"},
{"name":"ModelAdvance", "ph":"E", "ts":"2749804479386", "pid":"1", "tid":"wave"},
{"name":"ModelSetRunClock", "ph":"B", "ts":"2749805131567", "pid":"1", "tid":"wave"},
{"name":"ModelSetRunClock", "ph":"E", "ts":"2749805131617", "pid":"1", "tid":"wave"},
{"name":"ModelAdvance", "ph":"B", "ts":"2749805131666", "pid":"1", "tid":"wave"},
{"name":"ModelAdvance", "ph":"E", "ts":"2749806952851", "pid":"1", "tid":"wave"},
{"name":"ModelSetRunClock", "ph":"B", "ts":"2749807602052", "pid":"1", "tid":"wave"},
{"name":"ModelSetRunClock", "ph":"E", "ts":"2749807602330", "pid":"1", "tid":"wave"},
{"name":"ModelAdvance", "ph":"B", "ts":"2749807602419", "pid":"1", "tid":"wave"},
{"name":"ModelAdvance", "ph":"E", "ts":"2749809382301", "pid":"1", "tid":"wave"},
{"name":"ModelSetRunClock", "ph":"B", "ts":"2749810043401", "pid":"1", "tid":"wave"},
{"name":"ModelSetRunClock", "ph":"E", "ts":"2749810043459", "pid":"1", "tid":"wave"},
{"name":"ModelAdvance", "ph":"B", "ts":"2749810043510", "pid":"1", "tid":"wave"},
{"name":"ModelAdvance", "ph":"E", "ts":"2749812126667", "pid":"1", "tid":"wave"},
{"name":"ModelSetRunClock", "ph":"B", "ts":"2749812786378", "pid":"1", "tid":"wave"},
{"name":"ModelSetRunClock", "ph":"E", "ts":"2749812786429", "pid":"1", "tid":"wave"},
{"name":"ModelAdvance", "ph":"B", "ts":"2749812786478", "pid":"1", "tid":"wave"},
{"name":"ModelAdvance", "ph":"E", "ts":"2749814538445", "pid":"1", "tid":"wave"},
{"name":"ModelSetRunClock", "ph":"B", "ts":"2749815194048", "pid":"1", "tid":"wave"},
{"name":"ModelSetRunClock", "ph":"E", "ts":"2749815194100", "pid":"1", "tid":"wave"},
{"name":"ModelAdvance", "ph":"B", "ts":"2749815194154", "pid":"1", "tid":"wave"},
{"name":"ModelAdvance", "ph":"E", "ts":"2749816870998", "pid":"1", "tid":"wave"},
{"name":"ModelSetRunClock", "ph":"B", "ts":"2749817537623", "pid":"1", "tid":"wave"},
{"name":"ModelSetRunClock", "ph":"E", "ts":"2749817537672", "pid":"1", "tid":"wave"},
{"name":"ModelAdvance", "ph":"B", "ts":"2749817537714", "pid":"1", "tid":"wave"},
{"name":"ModelAdvance", "ph":"E", "ts":"2749819209276", "pid":"1", "tid":"wave"},
{"name":"ModelSetRunClock", "ph":"B", "ts":"2749819884860", "pid":"1", "tid":"wave"},
{"name":"ModelSetRunClock", "ph":"E", "ts":"2749819884910", "pid":"1", "tid":"wave"},
{"name":"ModelAdvance", "ph":"B", "ts":"2749819884958", "pid":"1", "tid":"wave"},
{"name":"ModelAdvance", "ph":"E", "ts":"2749821532813", "pid":"1", "tid":"wave"},
{"name":"ModelSetRunClock", "ph":"B", "ts":"2749822213621", "pid":"1", "tid":"wave"},
{"name":"ModelSetRunClock", "ph":"E", "ts":"2749822213670", "pid":"1", "tid":"wave"},
{"name":"ModelAdvance", "ph":"B", "ts":"2749822213716", "pid":"1", "tid":"wave"},
{"name":"ModelAdvance", "ph":"E", "ts":"2749823951705", "pid":"1", "tid":"wave"},
{"name":"ModelSetRunClock", "ph":"B", "ts":"2749824647981", "pid":"1", "tid":"wave"},
{"name":"ModelSetRunClock", "ph":"E", "ts":"2749824654207", "pid":"1", "tid":"wave"},
{"name":"ModelAdvance", "ph":"B", "ts":"2749824654263", "pid":"1", "tid":"wave"},
{"name":"ModelAdvance", "ph":"E", "ts":"2749826675647", "pid":"1", "tid":"wave"},
{"name":"ModelSetRunClock", "ph":"B", "ts":"2749827376313", "pid":"1", "tid":"wave"},
{"name":"ModelSetRunClock", "ph":"E", "ts":"2749827376363", "pid":"1", "tid":"wave"},
{"name":"ModelAdvance", "ph":"B", "ts":"2749827376412", "pid":"1", "tid":"wave"},
{"name":"ModelAdvance", "ph":"E", "ts":"2749828983871", "pid":"1", "tid":"wave"},
{"name":"ModelSetRunClock", "ph":"B", "ts":"2749829694214", "pid":"1", "tid":"wave"},
{"name":"ModelSetRunClock", "ph":"E", "ts":"2749829694267", "pid":"1", "tid":"wave"},
{"name":"ModelAdvance", "ph":"B", "ts":"2749829694322", "pid":"1", "tid":"wave"},
{"name":"ModelAdvance", "ph":"E", "ts":"2749831274227", "pid":"1", "tid":"wave"},
{"name":"ModelSetRunClock", "ph":"B", "ts":"2749831992465", "pid":"1", "tid":"wave"},
{"name":"ModelSetRunClock", "ph":"E", "ts":"2749831992515", "pid":"1", "tid":"wave"},
{"name":"ModelAdvance", "ph":"B", "ts":"2749831992582", "pid":"1", "tid":"wave"},
{"name":"ModelAdvance", "ph":"E", "ts":"2749833657550", "pid":"1", "tid":"wave"},
{"name":"ModelSetRunClock", "ph":"B", "ts":"2749834374871", "pid":"1", "tid":"wave"},
{"name":"ModelSetRunClock", "ph":"E", "ts":"2749834375120", "pid":"1", "tid":"wave"},
{"name":"ModelAdvance", "ph":"B", "ts":"2749834375204", "pid":"1", "tid":"wave"},
{"name":"ModelAdvance", "ph":"E", "ts":"2749835940549", "pid":"1", "tid":"wave"},
{"name":"ModelSetRunClock", "ph":"B", "ts":"2749836667630", "pid":"1", "tid":"wave"},
{"name":"ModelSetRunClock", "ph":"E", "ts":"2749836667679", "pid":"1", "tid":"wave"},
{"name":"ModelAdvance", "ph":"B", "ts":"2749836667982", "pid":"1", "tid":"wave"},
{"name":"ModelAdvance", "ph":"E", "ts":"2749838291289", "pid":"1", "tid":"wave"},
{"name":"ModelSetRunClock", "ph":"B", "ts":"2749839028923", "pid":"1", "tid":"wave"},
{"name":"ModelSetRunClock", "ph":"E", "ts":"2749839028973", "pid":"1", "tid":"wave"},
{"name":"ModelAdvance", "ph":"B", "ts":"2749839029024", "pid":"1", "tid":"wave"},
{"name":"ModelAdvance", "ph":"E", "ts":"2749840991563", "pid":"1", "tid":"wave"},
{"name":"ModelSetRunClock", "ph":"B", "ts":"2749841727725", "pid":"1", "tid":"wave"},
{"name":"ModelSetRunClock", "ph":"E", "ts":"2749841727773", "pid":"1", "tid":"wave"},
{"name":"ModelAdvance", "ph":"B", "ts":"2749841727816", "pid":"1", "tid":"wave"},
{"name":"ModelAdvance", "ph":"E", "ts":"2749843206529", "pid":"1", "tid":"wave"},
{"name":"ModelSetRunClock", "ph":"B", "ts":"2749843944544", "pid":"1", "tid":"wave"},
{"name":"ModelSetRunClock", "ph":"E", "ts":"2749843944604", "pid":"1", "tid":"wave"},
{"name":"ModelAdvance", "ph":"B", "ts":"2749843944656", "pid":"1", "tid":"wave"},
{"name":"ModelAdvance", "ph":"E", "ts":"2749845429767", "pid":"1", "tid":"wave"},
{"name":"ModelSetRunClock", "ph":"B", "ts":"2749846160461", "pid":"1", "tid":"wave"},
{"name":"ModelSetRunClock", "ph":"E", "ts":"2749846160513", "pid":"1", "tid":"wave"},
{"name":"ModelAdvance", "ph":"B", "ts":"2749846160566", "pid":"1", "tid":"wave"},
{"name":"ModelAdvance", "ph":"E", "ts":"2749847635469", "pid":"1", "tid":"wave"},
{"name":"ModelSetRunClock", "ph":"B", "ts":"2749848372317", "pid":"1", "tid":"wave"},
{"name":"ModelSetRunClock", "ph":"E", "ts":"2749848372367", "pid":"1", "tid":"wave"},
{"name":"ModelAdvance", "ph":"B", "ts":"2749848372419", "pid":"1", "tid":"wave"},
{"name":"ModelAdvance", "ph":"E", "ts":"2749849825703", "pid":"1", "tid":"wave"},
{"name":"ModelSetRunClock", "ph":"B", "ts":"2749850589994", "pid":"1", "tid":"wave"},
{"name":"ModelSetRunClock", "ph":"E", "ts":"2749850590047", "pid":"1", "tid":"wave"},
{"name":"ModelAdvance", "ph":"B", "ts":"2749850590096", "pid":"1", "tid":"wave"},
{"name":"ModelAdvance", "ph":"E", "ts":"2749852195043", "pid":"1", "tid":"wave"},
{"name":"ModelSetRunClock", "ph":"B", "ts":"2749852961798", "pid":"1", "tid":"wave"},
{"name":"ModelSetRunClock", "ph":"E", "ts":"2749852961855", "pid":"1", "tid":"wave"},
{"name":"ModelAdvance", "ph":"B", "ts":"2749852961903", "pid":"1", "tid":"wave"},
{"name":"ModelAdvance", "ph":"E", "ts":"2749854825938", "pid":"1", "tid":"wave"},
{"name":"ModelSetRunClock", "ph":"B", "ts":"2749855588311", "pid":"1", "tid":"wave"},
{"name":"ModelSetRunClock", "ph":"E", "ts":"2749855588365", "pid":"1", "tid":"wave"},
{"name":"ModelAdvance", "ph":"B", "ts":"2749855588418", "pid":"1", "tid":"wave"},
{"name":"ModelAdvance", "ph":"E", "ts":"2749856992980", "pid":"1", "tid":"wave"},
{"name":"ModelSetRunClock", "ph":"B", "ts":"2749857762429", "pid":"1", "tid":"wave"},
{"name":"ModelSetRunClock", "ph":"E", "ts":"2749857762477", "pid":"1", "tid":"wave"},
{"name":"ModelAdvance", "ph":"B", "ts":"2749857762522", "pid":"1", "tid":"wave"},
{"name":"ModelAdvance", "ph":"E", "ts":"2749859184605", "pid":"1", "tid":"wave"},
{"name":"ModelSetRunClock", "ph":"B", "ts":"2749859962130", "pid":"1", "tid":"wave"},
{"name":"ModelSetRunClock", "ph":"E", "ts":"2749859962382", "pid":"1", "tid":"wave"},
{"name":"ModelAdvance", "ph":"B", "ts":"2749859962468", "pid":"1", "tid":"wave"},
{"name":"ModelAdvance", "ph":"E", "ts":"2749861362560", "pid":"1", "tid":"wave"},
{"name":"ModelSetRunClock", "ph":"B", "ts":"2749862143244", "pid":"1", "tid":"wave"},
{"name":"ModelSetRunClock", "ph":"E", "ts":"2749862143293", "pid":"1", "tid":"wave"},
{"name":"ModelAdvance", "ph":"B", "ts":"2749862143339", "pid":"1", "tid":"wave"},
{"name":"ModelAdvance", "ph":"E", "ts":"2749863597433", "pid":"1", "tid":"wave"},
{"name":"ModelSetRunClock", "ph":"B", "ts":"2749864378904", "pid":"1", "tid":"wave"},
{"name":"ModelSetRunClock", "ph":"E", "ts":"2749864378955", "pid":"1", "tid":"wave"},
{"name":"ModelAdvance", "ph":"B", "ts":"2749864379004", "pid":"1", "tid":"wave"},
{"name":"ModelAdvance", "ph":"E", "ts":"2749865883835", "pid":"1", "tid":"wave"},
{"name":"ModelSetRunClock", "ph":"B", "ts":"2749866675901", "pid":"1", "tid":"wave"},
{"name":"ModelSetRunClock", "ph":"E", "ts":"2749866675953", "pid":"1", "tid":"wave"},
{"name":"ModelAdvance", "ph":"B", "ts":"2749866676003", "pid":"1", "tid":"wave"},
{"name":"ModelAdvance", "ph":"E", "ts":"2749868454142", "pid":"1", "tid":"wave"},
{"name":"ModelSetRunClock", "ph":"B", "ts":"2749869237325", "pid":"1", "tid":"wave"},
{"name":"ModelSetRunClock", "ph":"E", "ts":"2749869237377", "pid":"1", "tid":"wave"},
{"name":"ModelAdvance", "ph":"B", "ts":"2749869237484", "pid":"1", "tid":"wave"},
{"name":"ModelAdvance", "ph":"E", "ts":"2749870573625", "pid":"1", "tid":"wave"},
{"name":"ModelSetRunClock", "ph":"B", "ts":"2749871359836", "pid":"1", "tid":"wave"},
{"name":"ModelSetRunClock", "ph":"E", "ts":"2749871359885", "pid":"1", "tid":"wave"},
{"name":"ModelAdvance", "ph":"B", "ts":"2749871359934", "pid":"1", "tid":"wave"},
{"name":"ModelAdvance", "ph":"E", "ts":"2749872693251", "pid":"1", "tid":"wave"},
{"name":"ModelSetRunClock", "ph":"B", "ts":"2749873482565", "pid":"1", "tid":"wave"},
{"name":"ModelSetRunClock", "ph":"E", "ts":"2749873482624", "pid":"1", "tid":"wave"},
{"name":"ModelAdvance", "ph":"B", "ts":"2749873482696", "pid":"1", "tid":"wave"},
{"name":"ModelAdvance", "ph":"E", "ts":"2749874839222", "pid":"1", "tid":"wave"},
{"name":"ModelSetRunClock", "ph":"B", "ts":"2749875625529", "pid":"1", "tid":"wave"},
{"name":"ModelSetRunClock", "ph":"E", "ts":"2749875625785", "pid":"1", "tid":"wave"},
{"name":"ModelAdvance", "ph":"B", "ts":"2749875625868", "pid":"1", "tid":"wave"},
{"name":"ModelAdvance", "ph":"E", "ts":"2749876931445", "pid":"1", "tid":"wave"},
{"name":"ModelSetRunClock", "ph":"B", "ts":"2749877719580", "pid":"1", "tid":"wave"},
{"name":"ModelSetRunClock", "ph":"E", "ts":"2749877719632", "pid":"1", "tid":"wave"},
{"name":"ModelAdvance", "ph":"B", "ts":"2749877719687", "pid":"1", "tid":"wave"},
{"name":"ModelAdvance", "ph":"E", "ts":"2749879163036", "pid":"1", "tid":"wave"},
{"name":"ModelSetRunClock", "ph":"B", "ts":"2749879955098", "pid":"1", "tid":"wave"},
{"name":"ModelSetRunClock", "ph":"E", "ts":"2749879955150", "pid":"1", "tid":"wave"},
{"name":"ModelAdvance", "ph":"B", "ts":"2749879955199", "pid":"1", "tid":"wave"},
{"name":"ModelAdvance", "ph":"E", "ts":"2749881678667", "pid":"1", "tid":"wave"},
{"name":"ModelSetRunClock", "ph":"B", "ts":"2749882472931", "pid":"1", "tid":"wave"},
{"name":"ModelSetRunClock", "ph":"E", "ts":"2749882472986", "pid":"1", "tid":"wave"},
{"name":"ModelAdvance", "ph":"B", "ts":"2749882473042", "pid":"1", "tid":"wave"},
{"name":"ModelAdvance", "ph":"E", "ts":"2749883868577", "pid":"1", "tid":"wave"},
{"name":"ModelSetRunClock", "ph":"B", "ts":"2749884670211", "pid":"1", "tid":"wave"},
{"name":"ModelSetRunClock", "ph":"E", "ts":"2749884670263", "pid":"1", "tid":"wave"},
{"name":"ModelAdvance", "ph":"B", "ts":"2749884670303", "pid":"1", "tid":"wave"},
{"name":"ModelAdvance", "ph":"E", "ts":"2749886121554", "pid":"1", "tid":"wave"},
{"name":"ModelSetRunClock", "ph":"B", "ts":"2749886925952", "pid":"1", "tid":"wave"},
{"name":"ModelSetRunClock", "ph":"E", "ts":"2749886926004", "pid":"1", "tid":"wave"},
{"name":"ModelAdvance", "ph":"B", "ts":"2749886926057", "pid":"1", "tid":"wave"},
{"name":"ModelAdvance", "ph":"E", "ts":"2749888390570", "pid":"1", "tid":"wave"},
{"name":"ModelSetRunClock", "ph":"B", "ts":"2749889199285", "pid":"1", "tid":"wave"},
{"name":"ModelSetRunClock", "ph":"E", "ts":"2749889199343", "pid":"1", "tid":"wave"},
{"name":"ModelAdvance", "ph":"B", "ts":"2749889199402", "pid":"1", "tid":"wave"},
{"name":"ModelAdvance", "ph":"E", "ts":"2749890675998", "pid":"1", "tid":"wave"},
{"name":"ModelSetRunClock", "ph":"B", "ts":"2749891486503", "pid":"1", "tid":"wave"},
{"name":"ModelSetRunClock", "ph":"E", "ts":"2749891486551", "pid":"1", "tid":"wave"},
{"name":"ModelAdvance", "ph":"B", "ts":"2749891486597", "pid":"1", "tid":"wave"},
{"name":"ModelAdvance", "ph":"E", "ts":"2749922932940", "pid":"1", "tid":"wave"},
{"name":"ModelFinalize", "ph":"B", "ts":"2749922933838", "pid":"1", "tid":"wave"},
{"name":"ModelFinalize", "ph":"E", "ts":"2749922936945", "pid":"1", "tid":"wave"}
]
