[
{"name":"SetServices", "ph":"B", "ts":"674438318462", "pid":"1", "tid":"cmeps"},
{"name":"SetServices", "ph":"E", "ts":"674438323762", "pid":"1", "tid":"cmeps"},
{"name":"InitializeP0", "ph":"B", "ts":"674439268831", "pid":"1", "tid":"cmeps"},
{"name":"InitializeP0", "ph":"E", "ts":"674439280275", "pid":"1", "tid":"cmeps"},
{"name":"AdvertiseFields", "ph":"B", "ts":"674442124694", "pid":"1", "tid":"cmeps"},
{"name":"AdvertiseFields", "ph":"E", "ts":"674442158329", "pid":"1", "tid":"cmeps"},
{"name":"RealizeFieldsWithTransferProvided", "ph":"B", "ts":"674763376160", "pid":"1", "tid":"cmeps"},
{"name":"RealizeFieldsWithTransferProvided", "ph":"E", "ts":"674763382370", "pid":"1", "tid":"cmeps"},
{"name":"ModifyDecompofMesh", "ph":"B", "ts":"674767753819", "pid":"1", "tid":"cmeps"},
{"name":"ModifyDecompofMesh", "ph":"E", "ts":"674770312416", "pid":"1", "tid":"cmeps"},
{"name":"RealizeFieldsWithTransferAccept", "ph":"B", "ts":"674782294449", "pid":"1", "tid":"cmeps"},
{"name":"RealizeFieldsWithTransferAccept", "ph":"E", "ts":"674782356219", "pid":"1", "tid":"cmeps"},
{"name":"DataInitialize", "ph":"B", "ts":"674811154919", "pid":"1", "tid":"cmeps"},
{"name":"RHatm_ocn_bilnr", "ph":"B", "ts":"674811366866", "pid":"1", "tid":"cmeps"},
{"name":"RHatm_ocn_bilnr", "ph":"E", "ts":"674813209761", "pid":"1", "tid":"cmeps"},
{"name":"RHatm_ocn_consf", "ph":"B", "ts":"674813209847", "pid":"1", "tid":"cmeps"},
{"name":"RHatm_ocn_consf", "ph":"E", "ts":"674815495544", "pid":"1", "tid":"cmeps"},
{"name":"RHatm_ice_patch", "ph":"B", "ts":"674815495734", "pid":"1", "tid":"cmeps"},
{"name":"RHatm_ice_patch", "ph":"E", "ts":"674818087793", "pid":"1", "tid":"cmeps"},
{"name":"RHatm_ice_bilnr", "ph":"B", "ts":"674818096608", "pid":"1", "tid":"cmeps"},
{"name":"RHatm_ice_bilnr", "ph":"E", "ts":"674820248440", "pid":"1", "tid":"cmeps"},
{"name":"RHatm_ice_consf", "ph":"B", "ts":"674820248581", "pid":"1", "tid":"cmeps"},
{"name":"RHatm_ice_consf", "ph":"E", "ts":"674822274634", "pid":"1", "tid":"cmeps"},
{"name":"RHocn_ice_fcopy", "ph":"B", "ts":"674822274766", "pid":"1", "tid":"cmeps"},
{"name":"RHocn_ice_fcopy", "ph":"E", "ts":"674823552361", "pid":"1", "tid":"cmeps"},
{"name":"RHice_ocn_fcopy", "ph":"B", "ts":"674823552518", "pid":"1", "tid":"cmeps"},
{"name":"RHice_ocn_fcopy", "ph":"E", "ts":"674825518832", "pid":"1", "tid":"cmeps"},
{"name":"DataInitialize", "ph":"E", "ts":"674825611771", "pid":"1", "tid":"cmeps"},
{"name":"DataInitialize", "ph":"B", "ts":"674825969597", "pid":"1", "tid":"cmeps"},
{"name":"med_phases_ocnalb_run", "ph":"B", "ts":"674825992491", "pid":"1", "tid":"cmeps"},
{"name":"med_phases_ocnalb_run", "ph":"E", "ts":"674826000568", "pid":"1", "tid":"cmeps"},
{"name":"med_phases_post_atm", "ph":"B", "ts":"674826012067", "pid":"1", "tid":"cmeps"},
{"name":"med_phases_post_atm", "ph":"E", "ts":"674826127945", "pid":"1", "tid":"cmeps"},
{"name":"med_phases_post_ice", "ph":"B", "ts":"674826127965", "pid":"1", "tid":"cmeps"},
{"name":"med_phases_post_ice", "ph":"E", "ts":"674826153281", "pid":"1", "tid":"cmeps"},
{"name":"med_phases_post_ocn", "ph":"B", "ts":"674826153293", "pid":"1", "tid":"cmeps"},
{"name":"med_phases_post_ocn", "ph":"E", "ts":"674826154751", "pid":"1", "tid":"cmeps"},
{"name":"DataInitialize", "ph":"E", "ts":"674826184858", "pid":"1", "tid":"cmeps"},
{"name":"med_phases_prep_ocn_avg", "ph":"B", "ts":"674826587218", "pid":"1", "tid":"cmeps"},
{"name":"med_phases_prep_ocn_avg", "ph":"E", "ts":"674826600870", "pid":"1", "tid":"cmeps"},
{"name":"med_phases_prep_ice", "ph":"B", "ts":"674826602970", "pid":"1", "tid":"cmeps"},
{"name":"med_phases_prep_ice", "ph":"E", "ts":"674826609264", "pid":"1", "tid":"cmeps"},
{"name":"med_phases_post_atm", "ph":"B", "ts":"674826731242", "pid":"1", "tid":"cmeps"},
{"name":"med_phases_history_write_comp", "ph":"B", "ts":"674826875029", "pid":"1", "tid":"cmeps"},
{"name":"med_phases_history_write_comp", "ph":"E", "ts":"674826875203", "pid":"1", "tid":"cmeps"},
{"name":"med_phases_post_atm", "ph":"E", "ts":"674826875207", "pid":"1", "tid":"cmeps"},
{"name":"med_phases_post_ice", "ph":"B", "ts":"674829910475", "pid":"1", "tid":"cmeps"},
{"name":"med_phases_history_write_comp", "ph":"B", "ts":"674829949256", "pid":"1", "tid":"cmeps"},
{"name":"med_phases_history_write_comp", "ph":"E", "ts":"674829949400", "pid":"1", "tid":"cmeps"},
{"name":"med_phases_post_ice", "ph":"E", "ts":"674829949405", "pid":"1", "tid":"cmeps"},
{"name":"med_phases_ocnalb_run", "ph":"B", "ts":"674829949598", "pid":"1", "tid":"cmeps"},
{"name":"med_phases_history_write_med", "ph":"B", "ts":"674829974154", "pid":"1", "tid":"cmeps"},
{"name":"med_phases_history_write_med", "ph":"E", "ts":"674829974205", "pid":"1", "tid":"cmeps"},
{"name":"med_phases_ocnalb_run", "ph":"E", "ts":"674829974211", "pid":"1", "tid":"cmeps"},
{"name":"med_phases_history_write_med", "ph":"B", "ts":"674830171545", "pid":"1", "tid":"cmeps"},
{"name":"med_phases_history_write_med", "ph":"E", "ts":"674830171565", "pid":"1", "tid":"cmeps"},
{"name":"med_phases_prep_ocn_accum", "ph":"B", "ts":"674830171751", "pid":"1", "tid":"cmeps"},
{"name":"med_phases_prep_ocn_accum", "ph":"E", "ts":"674830182050", "pid":"1", "tid":"cmeps"},
{"name":"med_phases_prep_ice", "ph":"B", "ts":"674830182218", "pid":"1", "tid":"cmeps"},
{"name":"med_phases_prep_ice", "ph":"E", "ts":"674830184508", "pid":"1", "tid":"cmeps"},
{"name":"med_phases_post_atm", "ph":"B", "ts":"674830286398", "pid":"1", "tid":"cmeps"},
{"name":"med_phases_history_write_comp", "ph":"B", "ts":"674830431032", "pid":"1", "tid":"cmeps"},
{"name":"med_phases_history_write_comp", "ph":"E", "ts":"674830431059", "pid":"1", "tid":"cmeps"},
{"name":"med_phases_post_atm", "ph":"E", "ts":"674830431064", "pid":"1", "tid":"cmeps"},
{"name":"med_phases_post_ice", "ph":"B", "ts":"674833631373", "pid":"1", "tid":"cmeps"},
{"name":"med_phases_history_write_comp", "ph":"B", "ts":"674833673120", "pid":"1", "tid":"cmeps"},
{"name":"med_phases_history_write_comp", "ph":"E", "ts":"674833673161", "pid":"1", "tid":"cmeps"},
{"name":"med_phases_post_ice", "ph":"E", "ts":"674833673164", "pid":"1", "tid":"cmeps"},
{"name":"med_phases_ocnalb_run", "ph":"B", "ts":"674833673377", "pid":"1", "tid":"cmeps"},
{"name":"med_phases_history_write_med", "ph":"B", "ts":"674833699646", "pid":"1", "tid":"cmeps"},
{"name":"med_phases_history_write_med", "ph":"E", "ts":"674833699657", "pid":"1", "tid":"cmeps"},
{"name":"med_phases_ocnalb_run", "ph":"E", "ts":"674833699662", "pid":"1", "tid":"cmeps"},
{"name":"med_phases_history_write_med", "ph":"B", "ts":"674833702466", "pid":"1", "tid":"cmeps"},
{"name":"med_phases_history_write_med", "ph":"E", "ts":"674833702472", "pid":"1", "tid":"cmeps"},
{"name":"med_phases_prep_ocn_accum", "ph":"B", "ts":"674833702571", "pid":"1", "tid":"cmeps"},
{"name":"med_phases_prep_ocn_accum", "ph":"E", "ts":"674833706352", "pid":"1", "tid":"cmeps"},
{"name":"med_phases_prep_ice", "ph":"B", "ts":"674833706469", "pid":"1", "tid":"cmeps"},
{"name":"med_phases_prep_ice", "ph":"E", "ts":"674833708711", "pid":"1", "tid":"cmeps"},
{"name":"med_phases_post_atm", "ph":"B", "ts":"674833824076", "pid":"1", "tid":"cmeps"},
{"name":"med_phases_history_write_comp", "ph":"B", "ts":"674833962208", "pid":"1", "tid":"cmeps"},
{"name":"med_phases_history_write_comp", "ph":"E", "ts":"674833962239", "pid":"1", "tid":"cmeps"},
{"name":"med_phases_post_atm", "ph":"E", "ts":"674833962244", "pid":"1", "tid":"cmeps"},
{"name":"med_phases_post_ice", "ph":"B", "ts":"674837093398", "pid":"1", "tid":"cmeps"},
{"name":"med_phases_history_write_comp", "ph":"B", "ts":"674837108526", "pid":"1", "tid":"cmeps"},
{"name":"med_phases_history_write_comp", "ph":"E", "ts":"674837108548", "pid":"1", "tid":"cmeps"},
{"name":"med_phases_post_ice", "ph":"E", "ts":"674837108551", "pid":"1", "tid":"cmeps"},
{"name":"med_phases_ocnalb_run", "ph":"B", "ts":"674837108731", "pid":"1", "tid":"cmeps"},
{"name":"med_phases_history_write_med", "ph":"B", "ts":"674837110399", "pid":"1", "tid":"cmeps"},
{"name":"med_phases_history_write_med", "ph":"E", "ts":"674837110404", "pid":"1", "tid":"cmeps"},
{"name":"med_phases_ocnalb_run", "ph":"E", "ts":"674837110408", "pid":"1", "tid":"cmeps"},
{"name":"med_phases_history_write_med", "ph":"B", "ts":"674837113202", "pid":"1", "tid":"cmeps"},
{"name":"med_phases_history_write_med", "ph":"E", "ts":"674837113210", "pid":"1", "tid":"cmeps"},
{"name":"med_phases_prep_ocn_accum", "ph":"B", "ts":"674837113305", "pid":"1", "tid":"cmeps"},
{"name":"med_phases_prep_ocn_accum", "ph":"E", "ts":"674837117080", "pid":"1", "tid":"cmeps"},
{"name":"med_phases_prep_ice", "ph":"B", "ts":"674837121222", "pid":"1", "tid":"cmeps"},
{"name":"med_phases_prep_ice", "ph":"E", "ts":"674837123522", "pid":"1", "tid":"cmeps"},
{"name":"med_phases_post_atm", "ph":"B", "ts":"674837230319", "pid":"1", "tid":"cmeps"},
{"name":"med_phases_history_write_comp", "ph":"B", "ts":"674837368986", "pid":"1", "tid":"cmeps"},
{"name":"med_phases_history_write_comp", "ph":"E", "ts":"674837369019", "pid":"1", "tid":"cmeps"},
{"name":"med_phases_post_atm", "ph":"E", "ts":"674837369023", "pid":"1", "tid":"cmeps"},
{"name":"med_phases_post_ice", "ph":"B", "ts":"674840462412", "pid":"1", "tid":"cmeps"},
{"name":"med_phases_history_write_comp", "ph":"B", "ts":"674840476123", "pid":"1", "tid":"cmeps"},
{"name":"med_phases_history_write_comp", "ph":"E", "ts":"674840476160", "pid":"1", "tid":"cmeps"},
{"name":"med_phases_post_ice", "ph":"E", "ts":"674840476164", "pid":"1", "tid":"cmeps"},
{"name":"med_phases_ocnalb_run", "ph":"B", "ts":"674840476360", "pid":"1", "tid":"cmeps"},
{"name":"med_phases_history_write_med", "ph":"B", "ts":"674840477965", "pid":"1", "tid":"cmeps"},
{"name":"med_phases_history_write_med", "ph":"E", "ts":"674840477971", "pid":"1", "tid":"cmeps"},
{"name":"med_phases_ocnalb_run", "ph":"E", "ts":"674840477975", "pid":"1", "tid":"cmeps"},
{"name":"med_phases_history_write_med", "ph":"B", "ts":"674840480722", "pid":"1", "tid":"cmeps"},
{"name":"med_phases_history_write_med", "ph":"E", "ts":"674840480730", "pid":"1", "tid":"cmeps"},
{"name":"med_phases_prep_ocn_accum", "ph":"B", "ts":"674840480827", "pid":"1", "tid":"cmeps"},
{"name":"med_phases_prep_ocn_accum", "ph":"E", "ts":"674840493750", "pid":"1", "tid":"cmeps"},
{"name":"med_phases_post_ocn", "ph":"B", "ts":"674840494363", "pid":"1", "tid":"cmeps"},
{"name":"med_phases_history_write_comp", "ph":"B", "ts":"674840495716", "pid":"1", "tid":"cmeps"},
{"name":"med_phases_history_write_comp", "ph":"E", "ts":"674840495811", "pid":"1", "tid":"cmeps"},
{"name":"med_phases_post_ocn", "ph":"E", "ts":"674840495815", "pid":"1", "tid":"cmeps"},
{"name":"med_phases_restart_write", "ph":"B", "ts":"674840495932", "pid":"1", "tid":"cmeps"},
{"name":"med_phases_restart_write", "ph":"E", "ts":"674840507762", "pid":"1", "tid":"cmeps"},
{"name":"med_phases_prep_ocn_avg", "ph":"B", "ts":"674840507933", "pid":"1", "tid":"cmeps"},
{"name":"med_phases_prep_ocn_avg", "ph":"E", "ts":"674840510162", "pid":"1", "tid":"cmeps"},
{"name":"med_phases_prep_ice", "ph":"B", "ts":"674840510697", "pid":"1", "tid":"cmeps"},
{"name":"med_phases_prep_ice", "ph":"E", "ts":"674840513164", "pid":"1", "tid":"cmeps"},
{"name":"med_phases_post_atm", "ph":"B", "ts":"674840599680", "pid":"1", "tid":"cmeps"},
{"name":"med_phases_history_write_comp", "ph":"B", "ts":"674840753097", "pid":"1", "tid":"cmeps"},
{"name":"med_phases_history_write_comp", "ph":"E", "ts":"674840753134", "pid":"1", "tid":"cmeps"},
{"name":"med_phases_post_atm", "ph":"E", "ts":"674840753138", "pid":"1", "tid":"cmeps"},
{"name":"med_phases_post_ice", "ph":"B", "ts":"674843793481", "pid":"1", "tid":"cmeps"},
{"name":"med_phases_history_write_comp", "ph":"B", "ts":"674843826224", "pid":"1", "tid":"cmeps"},
{"name":"med_phases_history_write_comp", "ph":"E", "ts":"674843826248", "pid":"1", "tid":"cmeps"},
{"name":"med_phases_post_ice", "ph":"E", "ts":"674843826252", "pid":"1", "tid":"cmeps"},
{"name":"med_phases_ocnalb_run", "ph":"B", "ts":"674843826453", "pid":"1", "tid":"cmeps"},
{"name":"med_phases_history_write_med", "ph":"B", "ts":"674843870748", "pid":"1", "tid":"cmeps"},
{"name":"med_phases_history_write_med", "ph":"E", "ts":"674843870765", "pid":"1", "tid":"cmeps"},
{"name":"med_phases_ocnalb_run", "ph":"E", "ts":"674843870771", "pid":"1", "tid":"cmeps"},
{"name":"med_phases_history_write_med", "ph":"B", "ts":"674843873659", "pid":"1", "tid":"cmeps"},
{"name":"med_phases_history_write_med", "ph":"E", "ts":"674843873668", "pid":"1", "tid":"cmeps"},
{"name":"med_phases_prep_ocn_accum", "ph":"B", "ts":"674843873774", "pid":"1", "tid":"cmeps"},
{"name":"med_phases_prep_ocn_accum", "ph":"E", "ts":"674843877614", "pid":"1", "tid":"cmeps"},
{"name":"med_phases_prep_ice", "ph":"B", "ts":"674843877723", "pid":"1", "tid":"cmeps"},
{"name":"med_phases_prep_ice", "ph":"E", "ts":"674843880182", "pid":"1", "tid":"cmeps"},
{"name":"med_phases_post_atm", "ph":"B", "ts":"674843993614", "pid":"1", "tid":"cmeps"},
{"name":"med_phases_history_write_comp", "ph":"B", "ts":"674844182094", "pid":"1", "tid":"cmeps"},
{"name":"med_phases_history_write_comp", "ph":"E", "ts":"674844182121", "pid":"1", "tid":"cmeps"},
{"name":"med_phases_post_atm", "ph":"E", "ts":"674844182125", "pid":"1", "tid":"cmeps"},
{"name":"med_phases_post_ice", "ph":"B", "ts":"674847375921", "pid":"1", "tid":"cmeps"},
{"name":"med_phases_history_write_comp", "ph":"B", "ts":"674847427313", "pid":"1", "tid":"cmeps"},
{"name":"med_phases_history_write_comp", "ph":"E", "ts":"674847427350", "pid":"1", "tid":"cmeps"},
{"name":"med_phases_post_ice", "ph":"E", "ts":"674847427354", "pid":"1", "tid":"cmeps"},
{"name":"med_phases_ocnalb_run", "ph":"B", "ts":"674847427585", "pid":"1", "tid":"cmeps"},
{"name":"med_phases_history_write_med", "ph":"B", "ts":"674847442243", "pid":"1", "tid":"cmeps"},
{"name":"med_phases_history_write_med", "ph":"E", "ts":"674847442253", "pid":"1", "tid":"cmeps"},
{"name":"med_phases_ocnalb_run", "ph":"E", "ts":"674847442258", "pid":"1", "tid":"cmeps"},
{"name":"med_phases_history_write_med", "ph":"B", "ts":"674847458452", "pid":"1", "tid":"cmeps"},
{"name":"med_phases_history_write_med", "ph":"E", "ts":"674847458477", "pid":"1", "tid":"cmeps"},
{"name":"med_phases_prep_ocn_accum", "ph":"B", "ts":"674847458693", "pid":"1", "tid":"cmeps"},
{"name":"med_phases_prep_ocn_accum", "ph":"E", "ts":"674847463058", "pid":"1", "tid":"cmeps"},
{"name":"med_phases_prep_ice", "ph":"B", "ts":"674847468233", "pid":"1", "tid":"cmeps"},
{"name":"med_phases_prep_ice", "ph":"E", "ts":"674847471135", "pid":"1", "tid":"cmeps"},
{"name":"med_phases_post_atm", "ph":"B", "ts":"674847578712", "pid":"1", "tid":"cmeps"},
{"name":"med_phases_history_write_comp", "ph":"B", "ts":"674847733587", "pid":"1", "tid":"cmeps"},
{"name":"med_phases_history_write_comp", "ph":"E", "ts":"674847733677", "pid":"1", "tid":"cmeps"},
{"name":"med_phases_post_atm", "ph":"E", "ts":"674847733682", "pid":"1", "tid":"cmeps"},
{"name":"med_phases_post_ice", "ph":"B", "ts":"674850884077", "pid":"1", "tid":"cmeps"},
{"name":"med_phases_history_write_comp", "ph":"B", "ts":"674850887015", "pid":"1", "tid":"cmeps"},
{"name":"med_phases_history_write_comp", "ph":"E", "ts":"674850887038", "pid":"1", "tid":"cmeps"},
{"name":"med_phases_post_ice", "ph":"E", "ts":"674850887043", "pid":"1", "tid":"cmeps"},
{"name":"med_phases_ocnalb_run", "ph":"B", "ts":"674850887239", "pid":"1", "tid":"cmeps"},
{"name":"med_phases_history_write_med", "ph":"B", "ts":"674850889176", "pid":"1", "tid":"cmeps"},
{"name":"med_phases_history_write_med", "ph":"E", "ts":"674850889182", "pid":"1", "tid":"cmeps"},
{"name":"med_phases_ocnalb_run", "ph":"E", "ts":"674850889186", "pid":"1", "tid":"cmeps"},
{"name":"med_phases_history_write_med", "ph":"B", "ts":"674850892128", "pid":"1", "tid":"cmeps"},
{"name":"med_phases_history_write_med", "ph":"E", "ts":"674850892136", "pid":"1", "tid":"cmeps"},
{"name":"med_phases_prep_ocn_accum", "ph":"B", "ts":"674850892259", "pid":"1", "tid":"cmeps"},
{"name":"med_phases_prep_ocn_accum", "ph":"E", "ts":"674850909082", "pid":"1", "tid":"cmeps"},
{"name":"med_phases_prep_ice", "ph":"B", "ts":"674850909308", "pid":"1", "tid":"cmeps"},
{"name":"med_phases_prep_ice", "ph":"E", "ts":"674850911601", "pid":"1", "tid":"cmeps"},
{"name":"med_phases_post_atm", "ph":"B", "ts":"674851018532", "pid":"1", "tid":"cmeps"},
{"name":"med_phases_history_write_comp", "ph":"B", "ts":"674851159947", "pid":"1", "tid":"cmeps"},
{"name":"med_phases_history_write_comp", "ph":"E", "ts":"674851160057", "pid":"1", "tid":"cmeps"},
{"name":"med_phases_post_atm", "ph":"E", "ts":"674851160062", "pid":"1", "tid":"cmeps"},
{"name":"med_phases_post_ice", "ph":"B", "ts":"674854354451", "pid":"1", "tid":"cmeps"},
{"name":"med_phases_history_write_comp", "ph":"B", "ts":"674854356904", "pid":"1", "tid":"cmeps"},
{"name":"med_phases_history_write_comp", "ph":"E", "ts":"674854356925", "pid":"1", "tid":"cmeps"},
{"name":"med_phases_post_ice", "ph":"E", "ts":"674854356928", "pid":"1", "tid":"cmeps"},
{"name":"med_phases_ocnalb_run", "ph":"B", "ts":"674854357080", "pid":"1", "tid":"cmeps"},
{"name":"med_phases_history_write_med", "ph":"B", "ts":"674854375745", "pid":"1", "tid":"cmeps"},
{"name":"med_phases_history_write_med", "ph":"E", "ts":"674854375764", "pid":"1", "tid":"cmeps"},
{"name":"med_phases_ocnalb_run", "ph":"E", "ts":"674854375770", "pid":"1", "tid":"cmeps"},
{"name":"med_phases_history_write_med", "ph":"B", "ts":"674854381633", "pid":"1", "tid":"cmeps"},
{"name":"med_phases_history_write_med", "ph":"E", "ts":"674854381646", "pid":"1", "tid":"cmeps"},
{"name":"med_phases_prep_ocn_accum", "ph":"B", "ts":"674854381795", "pid":"1", "tid":"cmeps"},
{"name":"med_phases_prep_ocn_accum", "ph":"E", "ts":"674854389602", "pid":"1", "tid":"cmeps"},
{"name":"med_phases_post_ocn", "ph":"B", "ts":"674973478604", "pid":"1", "tid":"cmeps"},
{"name":"med_phases_history_write_comp", "ph":"B", "ts":"674973480803", "pid":"1", "tid":"cmeps"},
{"name":"med_phases_history_write_comp", "ph":"E", "ts":"674973480832", "pid":"1", "tid":"cmeps"},
{"name":"med_phases_post_ocn", "ph":"E", "ts":"674973480836", "pid":"1", "tid":"cmeps"},
{"name":"med_phases_restart_write", "ph":"B", "ts":"674973480993", "pid":"1", "tid":"cmeps"},
{"name":"med_phases_restart_write", "ph":"E", "ts":"674973481019", "pid":"1", "tid":"cmeps"},
{"name":"med_phases_prep_ocn_avg", "ph":"B", "ts":"674973481101", "pid":"1", "tid":"cmeps"},
{"name":"med_phases_prep_ocn_avg", "ph":"E", "ts":"674973483862", "pid":"1", "tid":"cmeps"},
{"name":"med_phases_prep_ice", "ph":"B", "ts":"674973484992", "pid":"1", "tid":"cmeps"},
{"name":"med_phases_prep_ice", "ph":"E", "ts":"674973487719", "pid":"1", "tid":"cmeps"},
{"name":"med_phases_post_atm", "ph":"B", "ts":"674973635080", "pid":"1", "tid":"cmeps"},
{"name":"med_phases_history_write_comp", "ph":"B", "ts":"674973763956", "pid":"1", "tid":"cmeps"},
{"name":"med_phases_history_write_comp", "ph":"E", "ts":"674973763992", "pid":"1", "tid":"cmeps"},
{"name":"med_phases_post_atm", "ph":"E", "ts":"674973763997", "pid":"1", "tid":"cmeps"},
{"name":"med_phases_post_ice", "ph":"B", "ts":"674977016394", "pid":"1", "tid":"cmeps"},
{"name":"med_phases_history_write_comp", "ph":"B", "ts":"674977054366", "pid":"1", "tid":"cmeps"},
{"name":"med_phases_history_write_comp", "ph":"E", "ts":"674977054406", "pid":"1", "tid":"cmeps"},
{"name":"med_phases_post_ice", "ph":"E", "ts":"674977054410", "pid":"1", "tid":"cmeps"},
{"name":"med_phases_ocnalb_run", "ph":"B", "ts":"674977054634", "pid":"1", "tid":"cmeps"},
{"name":"med_phases_history_write_med", "ph":"B", "ts":"674977060277", "pid":"1", "tid":"cmeps"},
{"name":"med_phases_history_write_med", "ph":"E", "ts":"674977060287", "pid":"1", "tid":"cmeps"},
{"name":"med_phases_ocnalb_run", "ph":"E", "ts":"674977060291", "pid":"1", "tid":"cmeps"},
{"name":"med_phases_history_write_med", "ph":"B", "ts":"674977063248", "pid":"1", "tid":"cmeps"},
{"name":"med_phases_history_write_med", "ph":"E", "ts":"674977063268", "pid":"1", "tid":"cmeps"},
{"name":"med_phases_prep_ocn_accum", "ph":"B", "ts":"674977063401", "pid":"1", "tid":"cmeps"},
{"name":"med_phases_prep_ocn_accum", "ph":"E", "ts":"674977076275", "pid":"1", "tid":"cmeps"},
{"name":"med_phases_prep_ice", "ph":"B", "ts":"674977076505", "pid":"1", "tid":"cmeps"},
{"name":"med_phases_prep_ice", "ph":"E", "ts":"674977079052", "pid":"1", "tid":"cmeps"},
{"name":"med_phases_post_atm", "ph":"B", "ts":"674977186724", "pid":"1", "tid":"cmeps"},
{"name":"med_phases_history_write_comp", "ph":"B", "ts":"674977304143", "pid":"1", "tid":"cmeps"},
{"name":"med_phases_history_write_comp", "ph":"E", "ts":"674977304239", "pid":"1", "tid":"cmeps"},
{"name":"med_phases_post_atm", "ph":"E", "ts":"674977304243", "pid":"1", "tid":"cmeps"},
{"name":"med_phases_post_ice", "ph":"B", "ts":"674980421602", "pid":"1", "tid":"cmeps"},
{"name":"med_phases_history_write_comp", "ph":"B", "ts":"674980426340", "pid":"1", "tid":"cmeps"},
{"name":"med_phases_history_write_comp", "ph":"E", "ts":"674980426366", "pid":"1", "tid":"cmeps"},
{"name":"med_phases_post_ice", "ph":"E", "ts":"674980426369", "pid":"1", "tid":"cmeps"},
{"name":"med_phases_ocnalb_run", "ph":"B", "ts":"674980426539", "pid":"1", "tid":"cmeps"},
{"name":"med_phases_history_write_med", "ph":"B", "ts":"674980428182", "pid":"1", "tid":"cmeps"},
{"name":"med_phases_history_write_med", "ph":"E", "ts":"674980428189", "pid":"1", "tid":"cmeps"},
{"name":"med_phases_ocnalb_run", "ph":"E", "ts":"674980428193", "pid":"1", "tid":"cmeps"},
{"name":"med_phases_history_write_med", "ph":"B", "ts":"674980430973", "pid":"1", "tid":"cmeps"},
{"name":"med_phases_history_write_med", "ph":"E", "ts":"674980430983", "pid":"1", "tid":"cmeps"},
{"name":"med_phases_prep_ocn_accum", "ph":"B", "ts":"674980431102", "pid":"1", "tid":"cmeps"},
{"name":"med_phases_prep_ocn_accum", "ph":"E", "ts":"674980447920", "pid":"1", "tid":"cmeps"},
{"name":"med_phases_prep_ice", "ph":"B", "ts":"674980448136", "pid":"1", "tid":"cmeps"},
{"name":"med_phases_prep_ice", "ph":"E", "ts":"674980450434", "pid":"1", "tid":"cmeps"},
{"name":"med_phases_post_atm", "ph":"B", "ts":"674980556184", "pid":"1", "tid":"cmeps"},
{"name":"med_phases_history_write_comp", "ph":"B", "ts":"674980680072", "pid":"1", "tid":"cmeps"},
{"name":"med_phases_history_write_comp", "ph":"E", "ts":"674980680111", "pid":"1", "tid":"cmeps"},
{"name":"med_phases_post_atm", "ph":"E", "ts":"674980680115", "pid":"1", "tid":"cmeps"},
{"name":"med_phases_post_ice", "ph":"B", "ts":"674983851669", "pid":"1", "tid":"cmeps"},
{"name":"med_phases_history_write_comp", "ph":"B", "ts":"674983877324", "pid":"1", "tid":"cmeps"},
{"name":"med_phases_history_write_comp", "ph":"E", "ts":"674983877366", "pid":"1", "tid":"cmeps"},
{"name":"med_phases_post_ice", "ph":"E", "ts":"674983877369", "pid":"1", "tid":"cmeps"},
{"name":"med_phases_ocnalb_run", "ph":"B", "ts":"674983877594", "pid":"1", "tid":"cmeps"},
{"name":"med_phases_history_write_med", "ph":"B", "ts":"674983908849", "pid":"1", "tid":"cmeps"},
{"name":"med_phases_history_write_med", "ph":"E", "ts":"674983908873", "pid":"1", "tid":"cmeps"},
{"name":"med_phases_ocnalb_run", "ph":"E", "ts":"674983908879", "pid":"1", "tid":"cmeps"},
{"name":"med_phases_history_write_med", "ph":"B", "ts":"674983911736", "pid":"1", "tid":"cmeps"},
{"name":"med_phases_history_write_med", "ph":"E", "ts":"674983911750", "pid":"1", "tid":"cmeps"},
{"name":"med_phases_prep_ocn_accum", "ph":"B", "ts":"674983911884", "pid":"1", "tid":"cmeps"},
{"name":"med_phases_prep_ocn_accum", "ph":"E", "ts":"674983915660", "pid":"1", "tid":"cmeps"},
{"name":"med_phases_prep_ice", "ph":"B", "ts":"674983915808", "pid":"1", "tid":"cmeps"},
{"name":"med_phases_prep_ice", "ph":"E", "ts":"674983918287", "pid":"1", "tid":"cmeps"},
{"name":"med_phases_post_atm", "ph":"B", "ts":"674984047560", "pid":"1", "tid":"cmeps"},
{"name":"med_phases_history_write_comp", "ph":"B", "ts":"674984176069", "pid":"1", "tid":"cmeps"},
{"name":"med_phases_history_write_comp", "ph":"E", "ts":"674984176105", "pid":"1", "tid":"cmeps"},
{"name":"med_phases_post_atm", "ph":"E", "ts":"674984176109", "pid":"1", "tid":"cmeps"},
{"name":"med_phases_post_ice", "ph":"B", "ts":"674987413554", "pid":"1", "tid":"cmeps"},
{"name":"med_phases_history_write_comp", "ph":"B", "ts":"674987415975", "pid":"1", "tid":"cmeps"},
{"name":"med_phases_history_write_comp", "ph":"E", "ts":"674987416000", "pid":"1", "tid":"cmeps"},
{"name":"med_phases_post_ice", "ph":"E", "ts":"674987416004", "pid":"1", "tid":"cmeps"},
{"name":"med_phases_ocnalb_run", "ph":"B", "ts":"674987416169", "pid":"1", "tid":"cmeps"},
{"name":"med_phases_history_write_med", "ph":"B", "ts":"674987430951", "pid":"1", "tid":"cmeps"},
{"name":"med_phases_history_write_med", "ph":"E", "ts":"674987430963", "pid":"1", "tid":"cmeps"},
{"name":"med_phases_ocnalb_run", "ph":"E", "ts":"674987430968", "pid":"1", "tid":"cmeps"},
{"name":"med_phases_history_write_med", "ph":"B", "ts":"674987433890", "pid":"1", "tid":"cmeps"},
{"name":"med_phases_history_write_med", "ph":"E", "ts":"674987433905", "pid":"1", "tid":"cmeps"},
{"name":"med_phases_prep_ocn_accum", "ph":"B", "ts":"674987434058", "pid":"1", "tid":"cmeps"},
{"name":"med_phases_prep_ocn_accum", "ph":"E", "ts":"674987437913", "pid":"1", "tid":"cmeps"},
{"name":"med_phases_post_ocn", "ph":"B", "ts":"675040670490", "pid":"1", "tid":"cmeps"},
{"name":"med_phases_history_write_comp", "ph":"B", "ts":"675040686161", "pid":"1", "tid":"cmeps"},
{"name":"med_phases_history_write_comp", "ph":"E", "ts":"675040686205", "pid":"1", "tid":"cmeps"},
{"name":"med_phases_post_ocn", "ph":"E", "ts":"675040686208", "pid":"1", "tid":"cmeps"},
{"name":"med_phases_restart_write", "ph":"B", "ts":"675040686440", "pid":"1", "tid":"cmeps"},
{"name":"med_phases_restart_write", "ph":"E", "ts":"675040686465", "pid":"1", "tid":"cmeps"},
{"name":"med_phases_prep_ocn_avg", "ph":"B", "ts":"675040686551", "pid":"1", "tid":"cmeps"},
{"name":"med_phases_prep_ocn_avg", "ph":"E", "ts":"675040689270", "pid":"1", "tid":"cmeps"},
{"name":"med_phases_prep_ice", "ph":"B", "ts":"675040690242", "pid":"1", "tid":"cmeps"},
{"name":"med_phases_prep_ice", "ph":"E", "ts":"675040692703", "pid":"1", "tid":"cmeps"},
{"name":"med_phases_post_atm", "ph":"B", "ts":"675040830125", "pid":"1", "tid":"cmeps"},
{"name":"med_phases_history_write_comp", "ph":"B", "ts":"675040988811", "pid":"1", "tid":"cmeps"},
{"name":"med_phases_history_write_comp", "ph":"E", "ts":"675040988853", "pid":"1", "tid":"cmeps"},
{"name":"med_phases_post_atm", "ph":"E", "ts":"675040988857", "pid":"1", "tid":"cmeps"},
{"name":"med_phases_post_ice", "ph":"B", "ts":"675044269332", "pid":"1", "tid":"cmeps"},
{"name":"med_phases_history_write_comp", "ph":"B", "ts":"675044316412", "pid":"1", "tid":"cmeps"},
{"name":"med_phases_history_write_comp", "ph":"E", "ts":"675044316450", "pid":"1", "tid":"cmeps"},
{"name":"med_phases_post_ice", "ph":"E", "ts":"675044316454", "pid":"1", "tid":"cmeps"},
{"name":"med_phases_ocnalb_run", "ph":"B", "ts":"675044316677", "pid":"1", "tid":"cmeps"},
{"name":"med_phases_history_write_med", "ph":"B", "ts":"675044342983", "pid":"1", "tid":"cmeps"},
{"name":"med_phases_history_write_med", "ph":"E", "ts":"675044343002", "pid":"1", "tid":"cmeps"},
{"name":"med_phases_ocnalb_run", "ph":"E", "ts":"675044343007", "pid":"1", "tid":"cmeps"},
{"name":"med_phases_history_write_med", "ph":"B", "ts":"675044346015", "pid":"1", "tid":"cmeps"},
{"name":"med_phases_history_write_med", "ph":"E", "ts":"675044346024", "pid":"1", "tid":"cmeps"},
{"name":"med_phases_prep_ocn_accum", "ph":"B", "ts":"675044346141", "pid":"1", "tid":"cmeps"},
{"name":"med_phases_prep_ocn_accum", "ph":"E", "ts":"675044349991", "pid":"1", "tid":"cmeps"},
{"name":"med_phases_prep_ice", "ph":"B", "ts":"675044350122", "pid":"1", "tid":"cmeps"},
{"name":"med_phases_prep_ice", "ph":"E", "ts":"675044352422", "pid":"1", "tid":"cmeps"},
{"name":"med_phases_post_atm", "ph":"B", "ts":"675044457973", "pid":"1", "tid":"cmeps"},
{"name":"med_phases_history_write_comp", "ph":"B", "ts":"675044636166", "pid":"1", "tid":"cmeps"},
{"name":"med_phases_history_write_comp", "ph":"E", "ts":"675044636205", "pid":"1", "tid":"cmeps"},
{"name":"med_phases_post_atm", "ph":"E", "ts":"675044636208", "pid":"1", "tid":"cmeps"},
{"name":"med_phases_post_ice", "ph":"B", "ts":"675047764876", "pid":"1", "tid":"cmeps"},
{"name":"med_phases_history_write_comp", "ph":"B", "ts":"675047767256", "pid":"1", "tid":"cmeps"},
{"name":"med_phases_history_write_comp", "ph":"E", "ts":"675047767277", "pid":"1", "tid":"cmeps"},
{"name":"med_phases_post_ice", "ph":"E", "ts":"675047767280", "pid":"1", "tid":"cmeps"},
{"name":"med_phases_ocnalb_run", "ph":"B", "ts":"675047767523", "pid":"1", "tid":"cmeps"},
{"name":"med_phases_history_write_med", "ph":"B", "ts":"675047769095", "pid":"1", "tid":"cmeps"},
{"name":"med_phases_history_write_med", "ph":"E", "ts":"675047769101", "pid":"1", "tid":"cmeps"},
{"name":"med_phases_ocnalb_run", "ph":"E", "ts":"675047769105", "pid":"1", "tid":"cmeps"},
{"name":"med_phases_history_write_med", "ph":"B", "ts":"675047778890", "pid":"1", "tid":"cmeps"},
{"name":"med_phases_history_write_med", "ph":"E", "ts":"675047778902", "pid":"1", "tid":"cmeps"},
{"name":"med_phases_prep_ocn_accum", "ph":"B", "ts":"675047779032", "pid":"1", "tid":"cmeps"},
{"name":"med_phases_prep_ocn_accum", "ph":"E", "ts":"675047782816", "pid":"1", "tid":"cmeps"},
{"name":"med_phases_prep_ice", "ph":"B", "ts":"675047782939", "pid":"1", "tid":"cmeps"},
{"name":"med_phases_prep_ice", "ph":"E", "ts":"675047785163", "pid":"1", "tid":"cmeps"},
{"name":"med_phases_post_atm", "ph":"B", "ts":"675047906752", "pid":"1", "tid":"cmeps"},
{"name":"med_phases_history_write_comp", "ph":"B", "ts":"675048038191", "pid":"1", "tid":"cmeps"},
{"name":"med_phases_history_write_comp", "ph":"E", "ts":"675048038224", "pid":"1", "tid":"cmeps"},
{"name":"med_phases_post_atm", "ph":"E", "ts":"675048038228", "pid":"1", "tid":"cmeps"},
{"name":"med_phases_post_ice", "ph":"B", "ts":"675051152633", "pid":"1", "tid":"cmeps"},
{"name":"med_phases_history_write_comp", "ph":"B", "ts":"675051162345", "pid":"1", "tid":"cmeps"},
{"name":"med_phases_history_write_comp", "ph":"E", "ts":"675051162371", "pid":"1", "tid":"cmeps"},
{"name":"med_phases_post_ice", "ph":"E", "ts":"675051162375", "pid":"1", "tid":"cmeps"},
{"name":"med_phases_ocnalb_run", "ph":"B", "ts":"675051162548", "pid":"1", "tid":"cmeps"},
{"name":"med_phases_history_write_med", "ph":"B", "ts":"675051178121", "pid":"1", "tid":"cmeps"},
{"name":"med_phases_history_write_med", "ph":"E", "ts":"675051178135", "pid":"1", "tid":"cmeps"},
{"name":"med_phases_ocnalb_run", "ph":"E", "ts":"675051178139", "pid":"1", "tid":"cmeps"},
{"name":"med_phases_history_write_med", "ph":"B", "ts":"675051180941", "pid":"1", "tid":"cmeps"},
{"name":"med_phases_history_write_med", "ph":"E", "ts":"675051180952", "pid":"1", "tid":"cmeps"},
{"name":"med_phases_prep_ocn_accum", "ph":"B", "ts":"675051181075", "pid":"1", "tid":"cmeps"},
{"name":"med_phases_prep_ocn_accum", "ph":"E", "ts":"675051184912", "pid":"1", "tid":"cmeps"},
{"name":"med_phases_prep_ice", "ph":"B", "ts":"675051185045", "pid":"1", "tid":"cmeps"},
{"name":"med_phases_prep_ice", "ph":"E", "ts":"675051187216", "pid":"1", "tid":"cmeps"},
{"name":"med_phases_post_atm", "ph":"B", "ts":"675051293123", "pid":"1", "tid":"cmeps"},
{"name":"med_phases_history_write_comp", "ph":"B", "ts":"675051449127", "pid":"1", "tid":"cmeps"},
{"name":"med_phases_history_write_comp", "ph":"E", "ts":"675051449161", "pid":"1", "tid":"cmeps"},
{"name":"med_phases_post_atm", "ph":"E", "ts":"675051449165", "pid":"1", "tid":"cmeps"},
{"name":"med_phases_post_ice", "ph":"B", "ts":"675054612647", "pid":"1", "tid":"cmeps"},
{"name":"med_phases_history_write_comp", "ph":"B", "ts":"675054615134", "pid":"1", "tid":"cmeps"},
{"name":"med_phases_history_write_comp", "ph":"E", "ts":"675054615160", "pid":"1", "tid":"cmeps"},
{"name":"med_phases_post_ice", "ph":"E", "ts":"675054615164", "pid":"1", "tid":"cmeps"},
{"name":"med_phases_ocnalb_run", "ph":"B", "ts":"675054615344", "pid":"1", "tid":"cmeps"},
{"name":"med_phases_history_write_med", "ph":"B", "ts":"675054616967", "pid":"1", "tid":"cmeps"},
{"name":"med_phases_history_write_med", "ph":"E", "ts":"675054616975", "pid":"1", "tid":"cmeps"},
{"name":"med_phases_ocnalb_run", "ph":"E", "ts":"675054616979", "pid":"1", "tid":"cmeps"},
{"name":"med_phases_history_write_med", "ph":"B", "ts":"675054619748", "pid":"1", "tid":"cmeps"},
{"name":"med_phases_history_write_med", "ph":"E", "ts":"675054619758", "pid":"1", "tid":"cmeps"},
{"name":"med_phases_prep_ocn_accum", "ph":"B", "ts":"675054619880", "pid":"1", "tid":"cmeps"},
{"name":"med_phases_prep_ocn_accum", "ph":"E", "ts":"675054623718", "pid":"1", "tid":"cmeps"},
{"name":"med_phases_post_ocn", "ph":"B", "ts":"675107910174", "pid":"1", "tid":"cmeps"},
{"name":"med_phases_history_write_comp", "ph":"B", "ts":"675107911938", "pid":"1", "tid":"cmeps"},
{"name":"med_phases_history_write_comp", "ph":"E", "ts":"675107911965", "pid":"1", "tid":"cmeps"},
{"name":"med_phases_post_ocn", "ph":"E", "ts":"675107911969", "pid":"1", "tid":"cmeps"},
{"name":"med_phases_restart_write", "ph":"B", "ts":"675107912123", "pid":"1", "tid":"cmeps"},
{"name":"med_phases_restart_write", "ph":"E", "ts":"675107912149", "pid":"1", "tid":"cmeps"},
{"name":"med_phases_prep_ocn_avg", "ph":"B", "ts":"675107912233", "pid":"1", "tid":"cmeps"},
{"name":"med_phases_prep_ocn_avg", "ph":"E", "ts":"675107914478", "pid":"1", "tid":"cmeps"},
{"name":"med_phases_prep_ice", "ph":"B", "ts":"675107915179", "pid":"1", "tid":"cmeps"},
{"name":"med_phases_prep_ice", "ph":"E", "ts":"675107917363", "pid":"1", "tid":"cmeps"},
{"name":"med_phases_post_atm", "ph":"B", "ts":"675108024929", "pid":"1", "tid":"cmeps"},
{"name":"med_phases_history_write_comp", "ph":"B", "ts":"675108184358", "pid":"1", "tid":"cmeps"},
{"name":"med_phases_history_write_comp", "ph":"E", "ts":"675108184385", "pid":"1", "tid":"cmeps"},
{"name":"med_phases_post_atm", "ph":"E", "ts":"675108184389", "pid":"1", "tid":"cmeps"},
{"name":"med_phases_post_ice", "ph":"B", "ts":"675111414560", "pid":"1", "tid":"cmeps"},
{"name":"med_phases_history_write_comp", "ph":"B", "ts":"675111417701", "pid":"1", "tid":"cmeps"},
{"name":"med_phases_history_write_comp", "ph":"E", "ts":"675111417729", "pid":"1", "tid":"cmeps"},
{"name":"med_phases_post_ice", "ph":"E", "ts":"675111417733", "pid":"1", "tid":"cmeps"},
{"name":"med_phases_ocnalb_run", "ph":"B", "ts":"675111417920", "pid":"1", "tid":"cmeps"},
{"name":"med_phases_history_write_med", "ph":"B", "ts":"675111445099", "pid":"1", "tid":"cmeps"},
{"name":"med_phases_history_write_med", "ph":"E", "ts":"675111445122", "pid":"1", "tid":"cmeps"},
{"name":"med_phases_ocnalb_run", "ph":"E", "ts":"675111445128", "pid":"1", "tid":"cmeps"},
{"name":"med_phases_history_write_med", "ph":"B", "ts":"675111447994", "pid":"1", "tid":"cmeps"},
{"name":"med_phases_history_write_med", "ph":"E", "ts":"675111448008", "pid":"1", "tid":"cmeps"},
{"name":"med_phases_prep_ocn_accum", "ph":"B", "ts":"675111448150", "pid":"1", "tid":"cmeps"},
{"name":"med_phases_prep_ocn_accum", "ph":"E", "ts":"675111452112", "pid":"1", "tid":"cmeps"},
{"name":"med_phases_prep_ice", "ph":"B", "ts":"675111452265", "pid":"1", "tid":"cmeps"},
{"name":"med_phases_prep_ice", "ph":"E", "ts":"675111467523", "pid":"1", "tid":"cmeps"},
{"name":"med_phases_post_atm", "ph":"B", "ts":"675111574113", "pid":"1", "tid":"cmeps"},
{"name":"med_phases_history_write_comp", "ph":"B", "ts":"675111702336", "pid":"1", "tid":"cmeps"},
{"name":"med_phases_history_write_comp", "ph":"E", "ts":"675111702364", "pid":"1", "tid":"cmeps"},
{"name":"med_phases_post_atm", "ph":"E", "ts":"675111702378", "pid":"1", "tid":"cmeps"},
{"name":"med_phases_post_ice", "ph":"B", "ts":"675114981792", "pid":"1", "tid":"cmeps"},
{"name":"med_phases_history_write_comp", "ph":"B", "ts":"675114995563", "pid":"1", "tid":"cmeps"},
{"name":"med_phases_history_write_comp", "ph":"E", "ts":"675114995605", "pid":"1", "tid":"cmeps"},
{"name":"med_phases_post_ice", "ph":"E", "ts":"675114995609", "pid":"1", "tid":"cmeps"},
{"name":"med_phases_ocnalb_run", "ph":"B", "ts":"675114995839", "pid":"1", "tid":"cmeps"},
{"name":"med_phases_history_write_med", "ph":"B", "ts":"675115007363", "pid":"1", "tid":"cmeps"},
{"name":"med_phases_history_write_med", "ph":"E", "ts":"675115019409", "pid":"1", "tid":"cmeps"},
{"name":"med_phases_ocnalb_run", "ph":"E", "ts":"675115019427", "pid":"1", "tid":"cmeps"},
{"name":"med_phases_history_write_med", "ph":"B", "ts":"675115034669", "pid":"1", "tid":"cmeps"},
{"name":"med_phases_history_write_med", "ph":"E", "ts":"675115034703", "pid":"1", "tid":"cmeps"},
{"name":"med_phases_prep_ocn_accum", "ph":"B", "ts":"675115034938", "pid":"1", "tid":"cmeps"},
{"name":"med_phases_prep_ocn_accum", "ph":"E", "ts":"675115039626", "pid":"1", "tid":"cmeps"},
{"name":"med_phases_prep_ice", "ph":"B", "ts":"675115039838", "pid":"1", "tid":"cmeps"},
{"name":"med_phases_prep_ice", "ph":"E", "ts":"675115042256", "pid":"1", "tid":"cmeps"},
{"name":"med_phases_post_atm", "ph":"B", "ts":"675115151642", "pid":"1", "tid":"cmeps"},
{"name":"med_phases_history_write_comp", "ph":"B", "ts":"675115276209", "pid":"1", "tid":"cmeps"},
{"name":"med_phases_history_write_comp", "ph":"E", "ts":"675115276248", "pid":"1", "tid":"cmeps"},
{"name":"med_phases_post_atm", "ph":"E", "ts":"675115276252", "pid":"1", "tid":"cmeps"},
{"name":"med_phases_post_ice", "ph":"B", "ts":"675118437935", "pid":"1", "tid":"cmeps"},
{"name":"med_phases_history_write_comp", "ph":"B", "ts":"675118440419", "pid":"1", "tid":"cmeps"},
{"name":"med_phases_history_write_comp", "ph":"E", "ts":"675118440445", "pid":"1", "tid":"cmeps"},
{"name":"med_phases_post_ice", "ph":"E", "ts":"675118440448", "pid":"1", "tid":"cmeps"},
{"name":"med_phases_ocnalb_run", "ph":"B", "ts":"675118440616", "pid":"1", "tid":"cmeps"},
{"name":"med_phases_history_write_med", "ph":"B", "ts":"675118442191", "pid":"1", "tid":"cmeps"},
{"name":"med_phases_history_write_med", "ph":"E", "ts":"675118442199", "pid":"1", "tid":"cmeps"},
{"name":"med_phases_ocnalb_run", "ph":"E", "ts":"675118442203", "pid":"1", "tid":"cmeps"},
{"name":"med_phases_history_write_med", "ph":"B", "ts":"675118444971", "pid":"1", "tid":"cmeps"},
{"name":"med_phases_history_write_med", "ph":"E", "ts":"675118444980", "pid":"1", "tid":"cmeps"},
{"name":"med_phases_prep_ocn_accum", "ph":"B", "ts":"675118445093", "pid":"1", "tid":"cmeps"},
{"name":"med_phases_prep_ocn_accum", "ph":"E", "ts":"675118461971", "pid":"1", "tid":"cmeps"},
{"name":"med_phases_prep_ice", "ph":"B", "ts":"675118462193", "pid":"1", "tid":"cmeps"},
{"name":"med_phases_prep_ice", "ph":"E", "ts":"675118464542", "pid":"1", "tid":"cmeps"},
{"name":"med_phases_post_atm", "ph":"B", "ts":"675118570584", "pid":"1", "tid":"cmeps"},
{"name":"med_phases_history_write_comp", "ph":"B", "ts":"675118746224", "pid":"1", "tid":"cmeps"},
{"name":"med_phases_history_write_comp", "ph":"E", "ts":"675118746266", "pid":"1", "tid":"cmeps"},
{"name":"med_phases_post_atm", "ph":"E", "ts":"675118746270", "pid":"1", "tid":"cmeps"},
{"name":"med_phases_post_ice", "ph":"B", "ts":"675121830391", "pid":"1", "tid":"cmeps"},
{"name":"med_phases_history_write_comp", "ph":"B", "ts":"675121835144", "pid":"1", "tid":"cmeps"},
{"name":"med_phases_history_write_comp", "ph":"E", "ts":"675121835168", "pid":"1", "tid":"cmeps"},
{"name":"med_phases_post_ice", "ph":"E", "ts":"675121835172", "pid":"1", "tid":"cmeps"},
{"name":"med_phases_ocnalb_run", "ph":"B", "ts":"675121835364", "pid":"1", "tid":"cmeps"},
{"name":"med_phases_history_write_med", "ph":"B", "ts":"675121850106", "pid":"1", "tid":"cmeps"},
{"name":"med_phases_history_write_med", "ph":"E", "ts":"675121850116", "pid":"1", "tid":"cmeps"},
{"name":"med_phases_ocnalb_run", "ph":"E", "ts":"675121850122", "pid":"1", "tid":"cmeps"},
{"name":"med_phases_history_write_med", "ph":"B", "ts":"675121853244", "pid":"1", "tid":"cmeps"},
{"name":"med_phases_history_write_med", "ph":"E", "ts":"675121853257", "pid":"1", "tid":"cmeps"},
{"name":"med_phases_prep_ocn_accum", "ph":"B", "ts":"675121853401", "pid":"1", "tid":"cmeps"},
{"name":"med_phases_prep_ocn_accum", "ph":"E", "ts":"675121857879", "pid":"1", "tid":"cmeps"},
{"name":"med_phases_post_ocn", "ph":"B", "ts":"675175422408", "pid":"1", "tid":"cmeps"},
{"name":"med_phases_history_write_comp", "ph":"B", "ts":"675175437362", "pid":"1", "tid":"cmeps"},
{"name":"med_phases_history_write_comp", "ph":"E", "ts":"675175437405", "pid":"1", "tid":"cmeps"},
{"name":"med_phases_post_ocn", "ph":"E", "ts":"675175437409", "pid":"1", "tid":"cmeps"},
{"name":"med_phases_restart_write", "ph":"B", "ts":"675175437656", "pid":"1", "tid":"cmeps"},
{"name":"med_phases_restart_write", "ph":"E", "ts":"675175437682", "pid":"1", "tid":"cmeps"},
{"name":"med_phases_prep_ocn_avg", "ph":"B", "ts":"675175437773", "pid":"1", "tid":"cmeps"},
{"name":"med_phases_prep_ocn_avg", "ph":"E", "ts":"675175440358", "pid":"1", "tid":"cmeps"},
{"name":"med_phases_prep_ice", "ph":"B", "ts":"675175441339", "pid":"1", "tid":"cmeps"},
{"name":"med_phases_prep_ice", "ph":"E", "ts":"675175444375", "pid":"1", "tid":"cmeps"},
{"name":"med_phases_post_atm", "ph":"B", "ts":"675175584132", "pid":"1", "tid":"cmeps"},
{"name":"med_phases_history_write_comp", "ph":"B", "ts":"675175754305", "pid":"1", "tid":"cmeps"},
{"name":"med_phases_history_write_comp", "ph":"E", "ts":"675175754344", "pid":"1", "tid":"cmeps"},
{"name":"med_phases_post_atm", "ph":"E", "ts":"675175754348", "pid":"1", "tid":"cmeps"},
{"name":"med_phases_post_ice", "ph":"B", "ts":"675178814973", "pid":"1", "tid":"cmeps"},
{"name":"med_phases_history_write_comp", "ph":"B", "ts":"675178830916", "pid":"1", "tid":"cmeps"},
{"name":"med_phases_history_write_comp", "ph":"E", "ts":"675178830958", "pid":"1", "tid":"cmeps"},
{"name":"med_phases_post_ice", "ph":"E", "ts":"675178830961", "pid":"1", "tid":"cmeps"},
{"name":"med_phases_ocnalb_run", "ph":"B", "ts":"675178831190", "pid":"1", "tid":"cmeps"},
{"name":"med_phases_history_write_med", "ph":"B", "ts":"675178832720", "pid":"1", "tid":"cmeps"},
{"name":"med_phases_history_write_med", "ph":"E", "ts":"675178832728", "pid":"1", "tid":"cmeps"},
{"name":"med_phases_ocnalb_run", "ph":"E", "ts":"675178832732", "pid":"1", "tid":"cmeps"},
{"name":"med_phases_history_write_med", "ph":"B", "ts":"675178835535", "pid":"1", "tid":"cmeps"},
{"name":"med_phases_history_write_med", "ph":"E", "ts":"675178835546", "pid":"1", "tid":"cmeps"},
{"name":"med_phases_prep_ocn_accum", "ph":"B", "ts":"675178835667", "pid":"1", "tid":"cmeps"},
{"name":"med_phases_prep_ocn_accum", "ph":"E", "ts":"675178839592", "pid":"1", "tid":"cmeps"},
{"name":"med_phases_prep_ice", "ph":"B", "ts":"675178839730", "pid":"1", "tid":"cmeps"},
{"name":"med_phases_prep_ice", "ph":"E", "ts":"675178841928", "pid":"1", "tid":"cmeps"},
{"name":"med_phases_post_atm", "ph":"B", "ts":"675178963661", "pid":"1", "tid":"cmeps"},
{"name":"med_phases_history_write_comp", "ph":"B", "ts":"675179104188", "pid":"1", "tid":"cmeps"},
{"name":"med_phases_history_write_comp", "ph":"E", "ts":"675179104212", "pid":"1", "tid":"cmeps"},
{"name":"med_phases_post_atm", "ph":"E", "ts":"675179104216", "pid":"1", "tid":"cmeps"},
{"name":"med_phases_post_ice", "ph":"B", "ts":"675182275715", "pid":"1", "tid":"cmeps"},
{"name":"med_phases_history_write_comp", "ph":"B", "ts":"675182289416", "pid":"1", "tid":"cmeps"},
{"name":"med_phases_history_write_comp", "ph":"E", "ts":"675182289451", "pid":"1", "tid":"cmeps"},
{"name":"med_phases_post_ice", "ph":"E", "ts":"675182289455", "pid":"1", "tid":"cmeps"},
{"name":"med_phases_ocnalb_run", "ph":"B", "ts":"675182289660", "pid":"1", "tid":"cmeps"},
{"name":"med_phases_history_write_med", "ph":"B", "ts":"675182323119", "pid":"1", "tid":"cmeps"},
{"name":"med_phases_history_write_med", "ph":"E", "ts":"675182323144", "pid":"1", "tid":"cmeps"},
{"name":"med_phases_ocnalb_run", "ph":"E", "ts":"675182323149", "pid":"1", "tid":"cmeps"},
{"name":"med_phases_history_write_med", "ph":"B", "ts":"675182326009", "pid":"1", "tid":"cmeps"},
{"name":"med_phases_history_write_med", "ph":"E", "ts":"675182326022", "pid":"1", "tid":"cmeps"},
{"name":"med_phases_prep_ocn_accum", "ph":"B", "ts":"675182326160", "pid":"1", "tid":"cmeps"},
{"name":"med_phases_prep_ocn_accum", "ph":"E", "ts":"675182330152", "pid":"1", "tid":"cmeps"},
{"name":"med_phases_prep_ice", "ph":"B", "ts":"675182330314", "pid":"1", "tid":"cmeps"},
{"name":"med_phases_prep_ice", "ph":"E", "ts":"675182332507", "pid":"1", "tid":"cmeps"},
{"name":"med_phases_post_atm", "ph":"B", "ts":"675182437464", "pid":"1", "tid":"cmeps"},
{"name":"med_phases_history_write_comp", "ph":"B", "ts":"675182573639", "pid":"1", "tid":"cmeps"},
{"name":"med_phases_history_write_comp", "ph":"E", "ts":"675182573670", "pid":"1", "tid":"cmeps"},
{"name":"med_phases_post_atm", "ph":"E", "ts":"675182573674", "pid":"1", "tid":"cmeps"},
{"name":"med_phases_post_ice", "ph":"B", "ts":"675185796788", "pid":"1", "tid":"cmeps"},
{"name":"med_phases_history_write_comp", "ph":"B", "ts":"675185848514", "pid":"1", "tid":"cmeps"},
{"name":"med_phases_history_write_comp", "ph":"E", "ts":"675185848554", "pid":"1", "tid":"cmeps"},
{"name":"med_phases_post_ice", "ph":"E", "ts":"675185848557", "pid":"1", "tid":"cmeps"},
{"name":"med_phases_ocnalb_run", "ph":"B", "ts":"675185848778", "pid":"1", "tid":"cmeps"},
{"name":"med_phases_history_write_med", "ph":"B", "ts":"675185874933", "pid":"1", "tid":"cmeps"},
{"name":"med_phases_history_write_med", "ph":"E", "ts":"675185874952", "pid":"1", "tid":"cmeps"},
{"name":"med_phases_ocnalb_run", "ph":"E", "ts":"675185874956", "pid":"1", "tid":"cmeps"},
{"name":"med_phases_history_write_med", "ph":"B", "ts":"675185877785", "pid":"1", "tid":"cmeps"},
{"name":"med_phases_history_write_med", "ph":"E", "ts":"675185877798", "pid":"1", "tid":"cmeps"},
{"name":"med_phases_prep_ocn_accum", "ph":"B", "ts":"675185877929", "pid":"1", "tid":"cmeps"},
{"name":"med_phases_prep_ocn_accum", "ph":"E", "ts":"675185881855", "pid":"1", "tid":"cmeps"},
{"name":"med_phases_prep_ice", "ph":"B", "ts":"675185881995", "pid":"1", "tid":"cmeps"},
{"name":"med_phases_prep_ice", "ph":"E", "ts":"675185884095", "pid":"1", "tid":"cmeps"},
{"name":"med_phases_post_atm", "ph":"B", "ts":"675189659964", "pid":"1", "tid":"cmeps"},
{"name":"med_phases_history_write_comp", "ph":"B", "ts":"675189827426", "pid":"1", "tid":"cmeps"},
{"name":"med_phases_history_write_comp", "ph":"E", "ts":"675189827459", "pid":"1", "tid":"cmeps"},
{"name":"med_phases_post_atm", "ph":"E", "ts":"675189827464", "pid":"1", "tid":"cmeps"},
{"name":"med_phases_post_ice", "ph":"B", "ts":"675189828787", "pid":"1", "tid":"cmeps"},
{"name":"med_phases_history_write_comp", "ph":"B", "ts":"675189831605", "pid":"1", "tid":"cmeps"},
{"name":"med_phases_history_write_comp", "ph":"E", "ts":"675189831625", "pid":"1", "tid":"cmeps"},
{"name":"med_phases_post_ice", "ph":"E", "ts":"675189831628", "pid":"1", "tid":"cmeps"},
{"name":"med_phases_ocnalb_run", "ph":"B", "ts":"675189831777", "pid":"1", "tid":"cmeps"},
{"name":"med_phases_history_write_med", "ph":"B", "ts":"675189903946", "pid":"1", "tid":"cmeps"},
{"name":"med_phases_history_write_med", "ph":"E", "ts":"675189903971", "pid":"1", "tid":"cmeps"},
{"name":"med_phases_ocnalb_run", "ph":"E", "ts":"675189903977", "pid":"1", "tid":"cmeps"},
{"name":"med_phases_history_write_med", "ph":"B", "ts":"675189906823", "pid":"1", "tid":"cmeps"},
{"name":"med_phases_history_write_med", "ph":"E", "ts":"675189906836", "pid":"1", "tid":"cmeps"},
{"name":"med_phases_prep_ocn_accum", "ph":"B", "ts":"675189906962", "pid":"1", "tid":"cmeps"},
{"name":"med_phases_prep_ocn_accum", "ph":"E", "ts":"675189910776", "pid":"1", "tid":"cmeps"},
{"name":"med_phases_post_ocn", "ph":"B", "ts":"675243904854", "pid":"1", "tid":"cmeps"},
{"name":"med_phases_history_write_comp", "ph":"B", "ts":"675243909374", "pid":"1", "tid":"cmeps"},
{"name":"med_phases_history_write_comp", "ph":"E", "ts":"675243909414", "pid":"1", "tid":"cmeps"},
{"name":"med_phases_post_ocn", "ph":"E", "ts":"675243909418", "pid":"1", "tid":"cmeps"},
{"name":"med_phases_restart_write", "ph":"B", "ts":"675243909641", "pid":"1", "tid":"cmeps"},
{"name":"med_phases_restart_write", "ph":"E", "ts":"675243909669", "pid":"1", "tid":"cmeps"},
{"name":"med_phases_prep_ocn_avg", "ph":"B", "ts":"675243909756", "pid":"1", "tid":"cmeps"},
{"name":"med_phases_prep_ocn_avg", "ph":"E", "ts":"675243925798", "pid":"1", "tid":"cmeps"},
{"name":"med_phases_prep_ice", "ph":"B", "ts":"675243927144", "pid":"1", "tid":"cmeps"},
{"name":"med_phases_prep_ice", "ph":"E", "ts":"675243930272", "pid":"1", "tid":"cmeps"},
{"name":"med_phases_post_atm", "ph":"B", "ts":"675244059966", "pid":"1", "tid":"cmeps"},
{"name":"med_phases_history_write_comp", "ph":"B", "ts":"675244215283", "pid":"1", "tid":"cmeps"},
{"name":"med_phases_history_write_comp", "ph":"E", "ts":"675244215307", "pid":"1", "tid":"cmeps"},
{"name":"med_phases_post_atm", "ph":"E", "ts":"675244215311", "pid":"1", "tid":"cmeps"},
{"name":"med_phases_post_ice", "ph":"B", "ts":"675247320961", "pid":"1", "tid":"cmeps"},
{"name":"med_phases_history_write_comp", "ph":"B", "ts":"675247341690", "pid":"1", "tid":"cmeps"},
{"name":"med_phases_history_write_comp", "ph":"E", "ts":"675247341728", "pid":"1", "tid":"cmeps"},
{"name":"med_phases_post_ice", "ph":"E", "ts":"675247341732", "pid":"1", "tid":"cmeps"},
{"name":"med_phases_ocnalb_run", "ph":"B", "ts":"675247341954", "pid":"1", "tid":"cmeps"},
{"name":"med_phases_history_write_med", "ph":"B", "ts":"675247368132", "pid":"1", "tid":"cmeps"},
{"name":"med_phases_history_write_med", "ph":"E", "ts":"675247368154", "pid":"1", "tid":"cmeps"},
{"name":"med_phases_ocnalb_run", "ph":"E", "ts":"675247368159", "pid":"1", "tid":"cmeps"},
{"name":"med_phases_history_write_med", "ph":"B", "ts":"675247371175", "pid":"1", "tid":"cmeps"},
{"name":"med_phases_history_write_med", "ph":"E", "ts":"675247371191", "pid":"1", "tid":"cmeps"},
{"name":"med_phases_prep_ocn_accum", "ph":"B", "ts":"675247371329", "pid":"1", "tid":"cmeps"},
{"name":"med_phases_prep_ocn_accum", "ph":"E", "ts":"675247388266", "pid":"1", "tid":"cmeps"},
{"name":"med_phases_prep_ice", "ph":"B", "ts":"675247388491", "pid":"1", "tid":"cmeps"},
{"name":"med_phases_prep_ice", "ph":"E", "ts":"675247390555", "pid":"1", "tid":"cmeps"},
{"name":"med_phases_post_atm", "ph":"B", "ts":"675247491638", "pid":"1", "tid":"cmeps"},
{"name":"med_phases_history_write_comp", "ph":"B", "ts":"675247639317", "pid":"1", "tid":"cmeps"},
{"name":"med_phases_history_write_comp", "ph":"E", "ts":"675247639354", "pid":"1", "tid":"cmeps"},
{"name":"med_phases_post_atm", "ph":"E", "ts":"675247639358", "pid":"1", "tid":"cmeps"},
{"name":"med_phases_post_ice", "ph":"B", "ts":"675250807023", "pid":"1", "tid":"cmeps"},
{"name":"med_phases_history_write_comp", "ph":"B", "ts":"675250829490", "pid":"1", "tid":"cmeps"},
{"name":"med_phases_history_write_comp", "ph":"E", "ts":"675250829537", "pid":"1", "tid":"cmeps"},
{"name":"med_phases_post_ice", "ph":"E", "ts":"675250829541", "pid":"1", "tid":"cmeps"},
{"name":"med_phases_ocnalb_run", "ph":"B", "ts":"675250829760", "pid":"1", "tid":"cmeps"},
{"name":"med_phases_history_write_med", "ph":"B", "ts":"675250831226", "pid":"1", "tid":"cmeps"},
{"name":"med_phases_history_write_med", "ph":"E", "ts":"675250831234", "pid":"1", "tid":"cmeps"},
{"name":"med_phases_ocnalb_run", "ph":"E", "ts":"675250831238", "pid":"1", "tid":"cmeps"},
{"name":"med_phases_history_write_med", "ph":"B", "ts":"675250834004", "pid":"1", "tid":"cmeps"},
{"name":"med_phases_history_write_med", "ph":"E", "ts":"675250834014", "pid":"1", "tid":"cmeps"},
{"name":"med_phases_prep_ocn_accum", "ph":"B", "ts":"675250834135", "pid":"1", "tid":"cmeps"},
{"name":"med_phases_prep_ocn_accum", "ph":"E", "ts":"675250850986", "pid":"1", "tid":"cmeps"},
{"name":"med_phases_prep_ice", "ph":"B", "ts":"675250851203", "pid":"1", "tid":"cmeps"},
{"name":"med_phases_prep_ice", "ph":"E", "ts":"675250853372", "pid":"1", "tid":"cmeps"},
{"name":"med_phases_post_atm", "ph":"B", "ts":"675250957370", "pid":"1", "tid":"cmeps"},
{"name":"med_phases_history_write_comp", "ph":"B", "ts":"675251119474", "pid":"1", "tid":"cmeps"},
{"name":"med_phases_history_write_comp", "ph":"E", "ts":"675251119513", "pid":"1", "tid":"cmeps"},
{"name":"med_phases_post_atm", "ph":"E", "ts":"675251119517", "pid":"1", "tid":"cmeps"},
{"name":"med_phases_post_ice", "ph":"B", "ts":"675254298263", "pid":"1", "tid":"cmeps"},
{"name":"med_phases_history_write_comp", "ph":"B", "ts":"675254348584", "pid":"1", "tid":"cmeps"},
{"name":"med_phases_history_write_comp", "ph":"E", "ts":"675254348621", "pid":"1", "tid":"cmeps"},
{"name":"med_phases_post_ice", "ph":"E", "ts":"675254348625", "pid":"1", "tid":"cmeps"},
{"name":"med_phases_ocnalb_run", "ph":"B", "ts":"675254348849", "pid":"1", "tid":"cmeps"},
{"name":"med_phases_history_write_med", "ph":"B", "ts":"675254374981", "pid":"1", "tid":"cmeps"},
{"name":"med_phases_history_write_med", "ph":"E", "ts":"675254375002", "pid":"1", "tid":"cmeps"},
{"name":"med_phases_ocnalb_run", "ph":"E", "ts":"675254375087", "pid":"1", "tid":"cmeps"},
{"name":"med_phases_history_write_med", "ph":"B", "ts":"675254377939", "pid":"1", "tid":"cmeps"},
{"name":"med_phases_history_write_med", "ph":"E", "ts":"675254377955", "pid":"1", "tid":"cmeps"},
{"name":"med_phases_prep_ocn_accum", "ph":"B", "ts":"675254378095", "pid":"1", "tid":"cmeps"},
{"name":"med_phases_prep_ocn_accum", "ph":"E", "ts":"675254381901", "pid":"1", "tid":"cmeps"},
{"name":"med_phases_prep_ice", "ph":"B", "ts":"675254382047", "pid":"1", "tid":"cmeps"},
{"name":"med_phases_prep_ice", "ph":"E", "ts":"675254384220", "pid":"1", "tid":"cmeps"},
{"name":"med_phases_post_atm", "ph":"B", "ts":"675254502985", "pid":"1", "tid":"cmeps"},
{"name":"med_phases_history_write_comp", "ph":"B", "ts":"675254680314", "pid":"1", "tid":"cmeps"},
{"name":"med_phases_history_write_comp", "ph":"E", "ts":"675254680350", "pid":"1", "tid":"cmeps"},
{"name":"med_phases_post_atm", "ph":"E", "ts":"675254680354", "pid":"1", "tid":"cmeps"},
{"name":"med_phases_post_ice", "ph":"B", "ts":"675257767771", "pid":"1", "tid":"cmeps"},
{"name":"med_phases_history_write_comp", "ph":"B", "ts":"675257802586", "pid":"1", "tid":"cmeps"},
{"name":"med_phases_history_write_comp", "ph":"E", "ts":"675257802630", "pid":"1", "tid":"cmeps"},
{"name":"med_phases_post_ice", "ph":"E", "ts":"675257802634", "pid":"1", "tid":"cmeps"},
{"name":"med_phases_ocnalb_run", "ph":"B", "ts":"675257802903", "pid":"1", "tid":"cmeps"},
{"name":"med_phases_history_write_med", "ph":"B", "ts":"675257819128", "pid":"1", "tid":"cmeps"},
{"name":"med_phases_history_write_med", "ph":"E", "ts":"675257819138", "pid":"1", "tid":"cmeps"},
{"name":"med_phases_ocnalb_run", "ph":"E", "ts":"675257819143", "pid":"1", "tid":"cmeps"},
{"name":"med_phases_history_write_med", "ph":"B", "ts":"675257821982", "pid":"1", "tid":"cmeps"},
{"name":"med_phases_history_write_med", "ph":"E", "ts":"675257821993", "pid":"1", "tid":"cmeps"},
{"name":"med_phases_prep_ocn_accum", "ph":"B", "ts":"675257822129", "pid":"1", "tid":"cmeps"},
{"name":"med_phases_prep_ocn_accum", "ph":"E", "ts":"675257830068", "pid":"1", "tid":"cmeps"},
{"name":"med_phases_post_ocn", "ph":"B", "ts":"675317687861", "pid":"1", "tid":"cmeps"},
{"name":"med_phases_history_write_comp", "ph":"B", "ts":"675317689533", "pid":"1", "tid":"cmeps"},
{"name":"med_phases_history_write_comp", "ph":"E", "ts":"675317689555", "pid":"1", "tid":"cmeps"},
{"name":"med_phases_post_ocn", "ph":"E", "ts":"675317689558", "pid":"1", "tid":"cmeps"},
{"name":"med_phases_restart_write", "ph":"B", "ts":"675317689698", "pid":"1", "tid":"cmeps"},
{"name":"med_phases_restart_write", "ph":"E", "ts":"675317689721", "pid":"1", "tid":"cmeps"},
{"name":"med_phases_prep_ocn_avg", "ph":"B", "ts":"675317689802", "pid":"1", "tid":"cmeps"},
{"name":"med_phases_prep_ocn_avg", "ph":"E", "ts":"675317692007", "pid":"1", "tid":"cmeps"},
{"name":"med_phases_prep_ice", "ph":"B", "ts":"675317692533", "pid":"1", "tid":"cmeps"},
{"name":"med_phases_prep_ice", "ph":"E", "ts":"675317707634", "pid":"1", "tid":"cmeps"},
{"name":"med_phases_post_atm", "ph":"B", "ts":"675317817629", "pid":"1", "tid":"cmeps"},
{"name":"med_phases_history_write_comp", "ph":"B", "ts":"675317971066", "pid":"1", "tid":"cmeps"},
{"name":"med_phases_history_write_comp", "ph":"E", "ts":"675317971100", "pid":"1", "tid":"cmeps"},
{"name":"med_phases_post_atm", "ph":"E", "ts":"675317971104", "pid":"1", "tid":"cmeps"},
{"name":"med_phases_post_ice", "ph":"B", "ts":"675321153448", "pid":"1", "tid":"cmeps"},
{"name":"med_phases_history_write_comp", "ph":"B", "ts":"675321179589", "pid":"1", "tid":"cmeps"},
{"name":"med_phases_history_write_comp", "ph":"E", "ts":"675321179627", "pid":"1", "tid":"cmeps"},
{"name":"med_phases_post_ice", "ph":"E", "ts":"675321179631", "pid":"1", "tid":"cmeps"},
{"name":"med_phases_ocnalb_run", "ph":"B", "ts":"675321179830", "pid":"1", "tid":"cmeps"},
{"name":"med_phases_history_write_med", "ph":"B", "ts":"675321206027", "pid":"1", "tid":"cmeps"},
{"name":"med_phases_history_write_med", "ph":"E", "ts":"675321206048", "pid":"1", "tid":"cmeps"},
{"name":"med_phases_ocnalb_run", "ph":"E", "ts":"675321206125", "pid":"1", "tid":"cmeps"},
{"name":"med_phases_history_write_med", "ph":"B", "ts":"675321208960", "pid":"1", "tid":"cmeps"},
{"name":"med_phases_history_write_med", "ph":"E", "ts":"675321208969", "pid":"1", "tid":"cmeps"},
{"name":"med_phases_prep_ocn_accum", "ph":"B", "ts":"675321209080", "pid":"1", "tid":"cmeps"},
{"name":"med_phases_prep_ocn_accum", "ph":"E", "ts":"675321212919", "pid":"1", "tid":"cmeps"},
{"name":"med_phases_prep_ice", "ph":"B", "ts":"675321213053", "pid":"1", "tid":"cmeps"},
{"name":"med_phases_prep_ice", "ph":"E", "ts":"675321215217", "pid":"1", "tid":"cmeps"},
{"name":"med_phases_post_atm", "ph":"B", "ts":"675321320949", "pid":"1", "tid":"cmeps"},
{"name":"med_phases_history_write_comp", "ph":"B", "ts":"675321494477", "pid":"1", "tid":"cmeps"},
{"name":"med_phases_history_write_comp", "ph":"E", "ts":"675321494512", "pid":"1", "tid":"cmeps"},
{"name":"med_phases_post_atm", "ph":"E", "ts":"675321494516", "pid":"1", "tid":"cmeps"},
{"name":"med_phases_post_ice", "ph":"B", "ts":"675324725293", "pid":"1", "tid":"cmeps"},
{"name":"med_phases_history_write_comp", "ph":"B", "ts":"675324727759", "pid":"1", "tid":"cmeps"},
{"name":"med_phases_history_write_comp", "ph":"E", "ts":"675324727780", "pid":"1", "tid":"cmeps"},
{"name":"med_phases_post_ice", "ph":"E", "ts":"675324727783", "pid":"1", "tid":"cmeps"},
{"name":"med_phases_ocnalb_run", "ph":"B", "ts":"675324727948", "pid":"1", "tid":"cmeps"},
{"name":"med_phases_history_write_med", "ph":"B", "ts":"675324729442", "pid":"1", "tid":"cmeps"},
{"name":"med_phases_history_write_med", "ph":"E", "ts":"675324729449", "pid":"1", "tid":"cmeps"},
{"name":"med_phases_ocnalb_run", "ph":"E", "ts":"675324729453", "pid":"1", "tid":"cmeps"},
{"name":"med_phases_history_write_med", "ph":"B", "ts":"675324732216", "pid":"1", "tid":"cmeps"},
{"name":"med_phases_history_write_med", "ph":"E", "ts":"675324732224", "pid":"1", "tid":"cmeps"},
{"name":"med_phases_prep_ocn_accum", "ph":"B", "ts":"675324732334", "pid":"1", "tid":"cmeps"},
{"name":"med_phases_prep_ocn_accum", "ph":"E", "ts":"675324749121", "pid":"1", "tid":"cmeps"},
{"name":"med_phases_prep_ice", "ph":"B", "ts":"675324749343", "pid":"1", "tid":"cmeps"},
{"name":"med_phases_prep_ice", "ph":"E", "ts":"675324751507", "pid":"1", "tid":"cmeps"},
{"name":"med_phases_post_atm", "ph":"B", "ts":"675324849661", "pid":"1", "tid":"cmeps"},
{"name":"med_phases_history_write_comp", "ph":"B", "ts":"675324960405", "pid":"1", "tid":"cmeps"},
{"name":"med_phases_history_write_comp", "ph":"E", "ts":"675324960435", "pid":"1", "tid":"cmeps"},
{"name":"med_phases_post_atm", "ph":"E", "ts":"675324960439", "pid":"1", "tid":"cmeps"},
{"name":"med_phases_post_ice", "ph":"B", "ts":"675328133246", "pid":"1", "tid":"cmeps"},
{"name":"med_phases_history_write_comp", "ph":"B", "ts":"675328135639", "pid":"1", "tid":"cmeps"},
{"name":"med_phases_history_write_comp", "ph":"E", "ts":"675328135663", "pid":"1", "tid":"cmeps"},
{"name":"med_phases_post_ice", "ph":"E", "ts":"675328135666", "pid":"1", "tid":"cmeps"},
{"name":"med_phases_ocnalb_run", "ph":"B", "ts":"675328135834", "pid":"1", "tid":"cmeps"},
{"name":"med_phases_history_write_med", "ph":"B", "ts":"675328137377", "pid":"1", "tid":"cmeps"},
{"name":"med_phases_history_write_med", "ph":"E", "ts":"675328137383", "pid":"1", "tid":"cmeps"},
{"name":"med_phases_ocnalb_run", "ph":"E", "ts":"675328137387", "pid":"1", "tid":"cmeps"},
{"name":"med_phases_history_write_med", "ph":"B", "ts":"675328140149", "pid":"1", "tid":"cmeps"},
{"name":"med_phases_history_write_med", "ph":"E", "ts":"675328140157", "pid":"1", "tid":"cmeps"},
{"name":"med_phases_prep_ocn_accum", "ph":"B", "ts":"675328140271", "pid":"1", "tid":"cmeps"},
{"name":"med_phases_prep_ocn_accum", "ph":"E", "ts":"675328154218", "pid":"1", "tid":"cmeps"},
{"name":"med_phases_prep_ice", "ph":"B", "ts":"675328154427", "pid":"1", "tid":"cmeps"},
{"name":"med_phases_prep_ice", "ph":"E", "ts":"675328161741", "pid":"1", "tid":"cmeps"},
{"name":"med_phases_post_atm", "ph":"B", "ts":"675328257523", "pid":"1", "tid":"cmeps"},
{"name":"med_phases_history_write_comp", "ph":"B", "ts":"675328386979", "pid":"1", "tid":"cmeps"},
{"name":"med_phases_history_write_comp", "ph":"E", "ts":"675328387002", "pid":"1", "tid":"cmeps"},
{"name":"med_phases_post_atm", "ph":"E", "ts":"675328387006", "pid":"1", "tid":"cmeps"},
{"name":"med_phases_post_ice", "ph":"B", "ts":"675331532958", "pid":"1", "tid":"cmeps"},
{"name":"med_phases_history_write_comp", "ph":"B", "ts":"675331535342", "pid":"1", "tid":"cmeps"},
{"name":"med_phases_history_write_comp", "ph":"E", "ts":"675331535363", "pid":"1", "tid":"cmeps"},
{"name":"med_phases_post_ice", "ph":"E", "ts":"675331535366", "pid":"1", "tid":"cmeps"},
{"name":"med_phases_ocnalb_run", "ph":"B", "ts":"675331535529", "pid":"1", "tid":"cmeps"},
{"name":"med_phases_history_write_med", "ph":"B", "ts":"675331537677", "pid":"1", "tid":"cmeps"},
{"name":"med_phases_history_write_med", "ph":"E", "ts":"675331537685", "pid":"1", "tid":"cmeps"},
{"name":"med_phases_ocnalb_run", "ph":"E", "ts":"675331537689", "pid":"1", "tid":"cmeps"},
{"name":"med_phases_history_write_med", "ph":"B", "ts":"675331540455", "pid":"1", "tid":"cmeps"},
{"name":"med_phases_history_write_med", "ph":"E", "ts":"675331540463", "pid":"1", "tid":"cmeps"},
{"name":"med_phases_prep_ocn_accum", "ph":"B", "ts":"675331540572", "pid":"1", "tid":"cmeps"},
{"name":"med_phases_prep_ocn_accum", "ph":"E", "ts":"675331547508", "pid":"1", "tid":"cmeps"},
{"name":"med_phases_post_ocn", "ph":"B", "ts":"675385841941", "pid":"1", "tid":"cmeps"},
{"name":"med_phases_history_write_comp", "ph":"B", "ts":"675385857086", "pid":"1", "tid":"cmeps"},
{"name":"med_phases_history_write_comp", "ph":"E", "ts":"675385857111", "pid":"1", "tid":"cmeps"},
{"name":"med_phases_post_ocn", "ph":"E", "ts":"675385857115", "pid":"1", "tid":"cmeps"},
{"name":"med_phases_restart_write", "ph":"B", "ts":"675385857265", "pid":"1", "tid":"cmeps"},
{"name":"med_phases_restart_write", "ph":"E", "ts":"675385857290", "pid":"1", "tid":"cmeps"},
{"name":"med_phases_prep_ocn_avg", "ph":"B", "ts":"675385857373", "pid":"1", "tid":"cmeps"},
{"name":"med_phases_prep_ocn_avg", "ph":"E", "ts":"675385860124", "pid":"1", "tid":"cmeps"},
{"name":"med_phases_prep_ice", "ph":"B", "ts":"675385861165", "pid":"1", "tid":"cmeps"},
{"name":"med_phases_prep_ice", "ph":"E", "ts":"675385863983", "pid":"1", "tid":"cmeps"},
{"name":"med_phases_post_atm", "ph":"B", "ts":"675385993704", "pid":"1", "tid":"cmeps"},
{"name":"med_phases_history_write_comp", "ph":"B", "ts":"675386154898", "pid":"1", "tid":"cmeps"},
{"name":"med_phases_history_write_comp", "ph":"E", "ts":"675386154924", "pid":"1", "tid":"cmeps"},
{"name":"med_phases_post_atm", "ph":"E", "ts":"675386154928", "pid":"1", "tid":"cmeps"},
{"name":"med_phases_post_ice", "ph":"B", "ts":"675389284339", "pid":"1", "tid":"cmeps"},
{"name":"med_phases_history_write_comp", "ph":"B", "ts":"675389303290", "pid":"1", "tid":"cmeps"},
{"name":"med_phases_history_write_comp", "ph":"E", "ts":"675389303314", "pid":"1", "tid":"cmeps"},
{"name":"med_phases_post_ice", "ph":"E", "ts":"675389303318", "pid":"1", "tid":"cmeps"},
{"name":"med_phases_ocnalb_run", "ph":"B", "ts":"675389303463", "pid":"1", "tid":"cmeps"},
{"name":"med_phases_history_write_med", "ph":"B", "ts":"675389305099", "pid":"1", "tid":"cmeps"},
{"name":"med_phases_history_write_med", "ph":"E", "ts":"675389305106", "pid":"1", "tid":"cmeps"},
{"name":"med_phases_ocnalb_run", "ph":"E", "ts":"675389305110", "pid":"1", "tid":"cmeps"},
{"name":"med_phases_history_write_med", "ph":"B", "ts":"675389308026", "pid":"1", "tid":"cmeps"},
{"name":"med_phases_history_write_med", "ph":"E", "ts":"675389308033", "pid":"1", "tid":"cmeps"},
{"name":"med_phases_prep_ocn_accum", "ph":"B", "ts":"675389308132", "pid":"1", "tid":"cmeps"},
{"name":"med_phases_prep_ocn_accum", "ph":"E", "ts":"675389324975", "pid":"1", "tid":"cmeps"},
{"name":"med_phases_prep_ice", "ph":"B", "ts":"675389325109", "pid":"1", "tid":"cmeps"},
{"name":"med_phases_prep_ice", "ph":"E", "ts":"675389327082", "pid":"1", "tid":"cmeps"},
{"name":"med_phases_post_atm", "ph":"B", "ts":"675389432598", "pid":"1", "tid":"cmeps"},
{"name":"med_phases_history_write_comp", "ph":"B", "ts":"675389553255", "pid":"1", "tid":"cmeps"},
{"name":"med_phases_history_write_comp", "ph":"E", "ts":"675389553283", "pid":"1", "tid":"cmeps"},
{"name":"med_phases_post_atm", "ph":"E", "ts":"675389553287", "pid":"1", "tid":"cmeps"},
{"name":"med_phases_post_ice", "ph":"B", "ts":"675392778992", "pid":"1", "tid":"cmeps"},
{"name":"med_phases_history_write_comp", "ph":"B", "ts":"675392805677", "pid":"1", "tid":"cmeps"},
{"name":"med_phases_history_write_comp", "ph":"E", "ts":"675392805706", "pid":"1", "tid":"cmeps"},
{"name":"med_phases_post_ice", "ph":"E", "ts":"675392805710", "pid":"1", "tid":"cmeps"},
{"name":"med_phases_ocnalb_run", "ph":"B", "ts":"675392805860", "pid":"1", "tid":"cmeps"},
{"name":"med_phases_history_write_med", "ph":"B", "ts":"675392832081", "pid":"1", "tid":"cmeps"},
{"name":"med_phases_history_write_med", "ph":"E", "ts":"675392832096", "pid":"1", "tid":"cmeps"},
{"name":"med_phases_ocnalb_run", "ph":"E", "ts":"675392832101", "pid":"1", "tid":"cmeps"},
{"name":"med_phases_history_write_med", "ph":"B", "ts":"675392834867", "pid":"1", "tid":"cmeps"},
{"name":"med_phases_history_write_med", "ph":"E", "ts":"675392834873", "pid":"1", "tid":"cmeps"},
{"name":"med_phases_prep_ocn_accum", "ph":"B", "ts":"675392834969", "pid":"1", "tid":"cmeps"},
{"name":"med_phases_prep_ocn_accum", "ph":"E", "ts":"675392838801", "pid":"1", "tid":"cmeps"},
{"name":"med_phases_prep_ice", "ph":"B", "ts":"675392838906", "pid":"1", "tid":"cmeps"},
{"name":"med_phases_prep_ice", "ph":"E", "ts":"675392841034", "pid":"1", "tid":"cmeps"},
{"name":"med_phases_post_atm", "ph":"B", "ts":"675392946117", "pid":"1", "tid":"cmeps"},
{"name":"med_phases_history_write_comp", "ph":"B", "ts":"675393143457", "pid":"1", "tid":"cmeps"},
{"name":"med_phases_history_write_comp", "ph":"E", "ts":"675393143490", "pid":"1", "tid":"cmeps"},
{"name":"med_phases_post_atm", "ph":"E", "ts":"675393143494", "pid":"1", "tid":"cmeps"},
{"name":"med_phases_post_ice", "ph":"B", "ts":"675396300224", "pid":"1", "tid":"cmeps"},
{"name":"med_phases_history_write_comp", "ph":"B", "ts":"675396306670", "pid":"1", "tid":"cmeps"},
{"name":"med_phases_history_write_comp", "ph":"E", "ts":"675396306693", "pid":"1", "tid":"cmeps"},
{"name":"med_phases_post_ice", "ph":"E", "ts":"675396306697", "pid":"1", "tid":"cmeps"},
{"name":"med_phases_ocnalb_run", "ph":"B", "ts":"675396306848", "pid":"1", "tid":"cmeps"},
{"name":"med_phases_history_write_med", "ph":"B", "ts":"675396326065", "pid":"1", "tid":"cmeps"},
{"name":"med_phases_history_write_med", "ph":"E", "ts":"675396326075", "pid":"1", "tid":"cmeps"},
{"name":"med_phases_ocnalb_run", "ph":"E", "ts":"675396326079", "pid":"1", "tid":"cmeps"},
{"name":"med_phases_history_write_med", "ph":"B", "ts":"675396328860", "pid":"1", "tid":"cmeps"},
{"name":"med_phases_history_write_med", "ph":"E", "ts":"675396328866", "pid":"1", "tid":"cmeps"},
{"name":"med_phases_prep_ocn_accum", "ph":"B", "ts":"675396328965", "pid":"1", "tid":"cmeps"},
{"name":"med_phases_prep_ocn_accum", "ph":"E", "ts":"675396332897", "pid":"1", "tid":"cmeps"},
{"name":"med_phases_prep_ice", "ph":"B", "ts":"675396333006", "pid":"1", "tid":"cmeps"},
{"name":"med_phases_prep_ice", "ph":"E", "ts":"675396335258", "pid":"1", "tid":"cmeps"},
{"name":"med_phases_post_atm", "ph":"B", "ts":"675396453937", "pid":"1", "tid":"cmeps"},
{"name":"med_phases_history_write_comp", "ph":"B", "ts":"675396658605", "pid":"1", "tid":"cmeps"},
{"name":"med_phases_history_write_comp", "ph":"E", "ts":"675396658645", "pid":"1", "tid":"cmeps"},
{"name":"med_phases_post_atm", "ph":"E", "ts":"675396658649", "pid":"1", "tid":"cmeps"},
{"name":"med_phases_post_ice", "ph":"B", "ts":"675399728017", "pid":"1", "tid":"cmeps"},
{"name":"med_phases_history_write_comp", "ph":"B", "ts":"675399730463", "pid":"1", "tid":"cmeps"},
{"name":"med_phases_history_write_comp", "ph":"E", "ts":"675399730484", "pid":"1", "tid":"cmeps"},
{"name":"med_phases_post_ice", "ph":"E", "ts":"675399730556", "pid":"1", "tid":"cmeps"},
{"name":"med_phases_ocnalb_run", "ph":"B", "ts":"675399730707", "pid":"1", "tid":"cmeps"},
{"name":"med_phases_history_write_med", "ph":"B", "ts":"675399762104", "pid":"1", "tid":"cmeps"},
{"name":"med_phases_history_write_med", "ph":"E", "ts":"675399762111", "pid":"1", "tid":"cmeps"},
{"name":"med_phases_ocnalb_run", "ph":"E", "ts":"675399762116", "pid":"1", "tid":"cmeps"},
{"name":"med_phases_history_write_med", "ph":"B", "ts":"675399764906", "pid":"1", "tid":"cmeps"},
{"name":"med_phases_history_write_med", "ph":"E", "ts":"675399764913", "pid":"1", "tid":"cmeps"},
{"name":"med_phases_prep_ocn_accum", "ph":"B", "ts":"675399765016", "pid":"1", "tid":"cmeps"},
{"name":"med_phases_prep_ocn_accum", "ph":"E", "ts":"675399768857", "pid":"1", "tid":"cmeps"},
{"name":"med_phases_post_ocn", "ph":"B", "ts":"675454042193", "pid":"1", "tid":"cmeps"},
{"name":"med_phases_history_write_comp", "ph":"B", "ts":"675454065523", "pid":"1", "tid":"cmeps"},
{"name":"med_phases_history_write_comp", "ph":"E", "ts":"675454065555", "pid":"1", "tid":"cmeps"},
{"name":"med_phases_post_ocn", "ph":"E", "ts":"675454065559", "pid":"1", "tid":"cmeps"},
{"name":"med_phases_restart_write", "ph":"B", "ts":"675454065718", "pid":"1", "tid":"cmeps"},
{"name":"med_phases_restart_write", "ph":"E", "ts":"675454065741", "pid":"1", "tid":"cmeps"},
{"name":"med_phases_prep_ocn_avg", "ph":"B", "ts":"675454065832", "pid":"1", "tid":"cmeps"},
{"name":"med_phases_prep_ocn_avg", "ph":"E", "ts":"675454068058", "pid":"1", "tid":"cmeps"},
{"name":"med_phases_prep_ice", "ph":"B", "ts":"675454068563", "pid":"1", "tid":"cmeps"},
{"name":"med_phases_prep_ice", "ph":"E", "ts":"675454070738", "pid":"1", "tid":"cmeps"},
{"name":"med_phases_post_atm", "ph":"B", "ts":"675454176254", "pid":"1", "tid":"cmeps"},
{"name":"med_phases_history_write_comp", "ph":"B", "ts":"675454321643", "pid":"1", "tid":"cmeps"},
{"name":"med_phases_history_write_comp", "ph":"E", "ts":"675454321675", "pid":"1", "tid":"cmeps"},
{"name":"med_phases_post_atm", "ph":"E", "ts":"675454321679", "pid":"1", "tid":"cmeps"},
{"name":"med_phases_post_ice", "ph":"B", "ts":"675457545977", "pid":"1", "tid":"cmeps"},
{"name":"med_phases_history_write_comp", "ph":"B", "ts":"675457549829", "pid":"1", "tid":"cmeps"},
{"name":"med_phases_history_write_comp", "ph":"E", "ts":"675457549851", "pid":"1", "tid":"cmeps"},
{"name":"med_phases_post_ice", "ph":"E", "ts":"675457549855", "pid":"1", "tid":"cmeps"},
{"name":"med_phases_ocnalb_run", "ph":"B", "ts":"675457550009", "pid":"1", "tid":"cmeps"},
{"name":"med_phases_history_write_med", "ph":"B", "ts":"675457577311", "pid":"1", "tid":"cmeps"},
{"name":"med_phases_history_write_med", "ph":"E", "ts":"675457577322", "pid":"1", "tid":"cmeps"},
{"name":"med_phases_ocnalb_run", "ph":"E", "ts":"675457577326", "pid":"1", "tid":"cmeps"},
{"name":"med_phases_history_write_med", "ph":"B", "ts":"675457593128", "pid":"1", "tid":"cmeps"},
{"name":"med_phases_history_write_med", "ph":"E", "ts":"675457593144", "pid":"1", "tid":"cmeps"},
{"name":"med_phases_prep_ocn_accum", "ph":"B", "ts":"675457593288", "pid":"1", "tid":"cmeps"},
{"name":"med_phases_prep_ocn_accum", "ph":"E", "ts":"675457597112", "pid":"1", "tid":"cmeps"},
{"name":"med_phases_prep_ice", "ph":"B", "ts":"675457597228", "pid":"1", "tid":"cmeps"},
{"name":"med_phases_prep_ice", "ph":"E", "ts":"675457599524", "pid":"1", "tid":"cmeps"},
{"name":"med_phases_post_atm", "ph":"B", "ts":"675457709221", "pid":"1", "tid":"cmeps"},
{"name":"med_phases_history_write_comp", "ph":"B", "ts":"675457842634", "pid":"1", "tid":"cmeps"},
{"name":"med_phases_history_write_comp", "ph":"E", "ts":"675457842662", "pid":"1", "tid":"cmeps"},
{"name":"med_phases_post_atm", "ph":"E", "ts":"675457842666", "pid":"1", "tid":"cmeps"},
{"name":"med_phases_post_ice", "ph":"B", "ts":"675461009923", "pid":"1", "tid":"cmeps"},
{"name":"med_phases_history_write_comp", "ph":"B", "ts":"675461012524", "pid":"1", "tid":"cmeps"},
{"name":"med_phases_history_write_comp", "ph":"E", "ts":"675461012541", "pid":"1", "tid":"cmeps"},
{"name":"med_phases_post_ice", "ph":"E", "ts":"675461012577", "pid":"1", "tid":"cmeps"},
{"name":"med_phases_ocnalb_run", "ph":"B", "ts":"675461012716", "pid":"1", "tid":"cmeps"},
{"name":"med_phases_history_write_med", "ph":"B", "ts":"675461038432", "pid":"1", "tid":"cmeps"},
{"name":"med_phases_history_write_med", "ph":"E", "ts":"675461038448", "pid":"1", "tid":"cmeps"},
{"name":"med_phases_ocnalb_run", "ph":"E", "ts":"675461038453", "pid":"1", "tid":"cmeps"},
{"name":"med_phases_history_write_med", "ph":"B", "ts":"675461054354", "pid":"1", "tid":"cmeps"},
{"name":"med_phases_history_write_med", "ph":"E", "ts":"675461054364", "pid":"1", "tid":"cmeps"},
{"name":"med_phases_prep_ocn_accum", "ph":"B", "ts":"675461054489", "pid":"1", "tid":"cmeps"},
{"name":"med_phases_prep_ocn_accum", "ph":"E", "ts":"675461058350", "pid":"1", "tid":"cmeps"},
{"name":"med_phases_prep_ice", "ph":"B", "ts":"675461058462", "pid":"1", "tid":"cmeps"},
{"name":"med_phases_prep_ice", "ph":"E", "ts":"675461060631", "pid":"1", "tid":"cmeps"},
{"name":"med_phases_post_atm", "ph":"B", "ts":"675461170329", "pid":"1", "tid":"cmeps"},
{"name":"med_phases_history_write_comp", "ph":"B", "ts":"675461309316", "pid":"1", "tid":"cmeps"},
{"name":"med_phases_history_write_comp", "ph":"E", "ts":"675461309335", "pid":"1", "tid":"cmeps"},
{"name":"med_phases_post_atm", "ph":"E", "ts":"675461309339", "pid":"1", "tid":"cmeps"},
{"name":"med_phases_post_ice", "ph":"B", "ts":"675464511212", "pid":"1", "tid":"cmeps"},
{"name":"med_phases_history_write_comp", "ph":"B", "ts":"675464513849", "pid":"1", "tid":"cmeps"},
{"name":"med_phases_history_write_comp", "ph":"E", "ts":"675464513868", "pid":"1", "tid":"cmeps"},
{"name":"med_phases_post_ice", "ph":"E", "ts":"675464513871", "pid":"1", "tid":"cmeps"},
{"name":"med_phases_ocnalb_run", "ph":"B", "ts":"675464514012", "pid":"1", "tid":"cmeps"},
{"name":"med_phases_history_write_med", "ph":"B", "ts":"675464515745", "pid":"1", "tid":"cmeps"},
{"name":"med_phases_history_write_med", "ph":"E", "ts":"675464515751", "pid":"1", "tid":"cmeps"},
{"name":"med_phases_ocnalb_run", "ph":"E", "ts":"675464515755", "pid":"1", "tid":"cmeps"},
{"name":"med_phases_history_write_med", "ph":"B", "ts":"675464518846", "pid":"1", "tid":"cmeps"},
{"name":"med_phases_history_write_med", "ph":"E", "ts":"675464518852", "pid":"1", "tid":"cmeps"},
{"name":"med_phases_prep_ocn_accum", "ph":"B", "ts":"675464518959", "pid":"1", "tid":"cmeps"},
{"name":"med_phases_prep_ocn_accum", "ph":"E", "ts":"675464536419", "pid":"1", "tid":"cmeps"},
{"name":"med_phases_prep_ice", "ph":"B", "ts":"675464536558", "pid":"1", "tid":"cmeps"},
{"name":"med_phases_prep_ice", "ph":"E", "ts":"675464539086", "pid":"1", "tid":"cmeps"},
{"name":"med_phases_post_atm", "ph":"B", "ts":"675464665086", "pid":"1", "tid":"cmeps"},
{"name":"med_phases_history_write_comp", "ph":"B", "ts":"675464814162", "pid":"1", "tid":"cmeps"},
{"name":"med_phases_history_write_comp", "ph":"E", "ts":"675464814188", "pid":"1", "tid":"cmeps"},
{"name":"med_phases_post_atm", "ph":"E", "ts":"675464814192", "pid":"1", "tid":"cmeps"},
{"name":"med_phases_post_ice", "ph":"B", "ts":"675468008062", "pid":"1", "tid":"cmeps"},
{"name":"med_phases_history_write_comp", "ph":"B", "ts":"675468024864", "pid":"1", "tid":"cmeps"},
{"name":"med_phases_history_write_comp", "ph":"E", "ts":"675468024888", "pid":"1", "tid":"cmeps"},
{"name":"med_phases_post_ice", "ph":"E", "ts":"675468024891", "pid":"1", "tid":"cmeps"},
{"name":"med_phases_ocnalb_run", "ph":"B", "ts":"675468025058", "pid":"1", "tid":"cmeps"},
{"name":"med_phases_history_write_med", "ph":"B", "ts":"675468033421", "pid":"1", "tid":"cmeps"},
{"name":"med_phases_history_write_med", "ph":"E", "ts":"675468033429", "pid":"1", "tid":"cmeps"},
{"name":"med_phases_ocnalb_run", "ph":"E", "ts":"675468033433", "pid":"1", "tid":"cmeps"},
{"name":"med_phases_history_write_med", "ph":"B", "ts":"675468049195", "pid":"1", "tid":"cmeps"},
{"name":"med_phases_history_write_med", "ph":"E", "ts":"675468049207", "pid":"1", "tid":"cmeps"},
{"name":"med_phases_prep_ocn_accum", "ph":"B", "ts":"675468049404", "pid":"1", "tid":"cmeps"},
{"name":"med_phases_prep_ocn_accum", "ph":"E", "ts":"675468053219", "pid":"1", "tid":"cmeps"},
{"name":"med_phases_post_ocn", "ph":"B", "ts":"675522349924", "pid":"1", "tid":"cmeps"},
{"name":"med_phases_history_write_comp", "ph":"B", "ts":"675522352090", "pid":"1", "tid":"cmeps"},
{"name":"med_phases_history_write_comp", "ph":"E", "ts":"675522352111", "pid":"1", "tid":"cmeps"},
{"name":"med_phases_post_ocn", "ph":"E", "ts":"675522352114", "pid":"1", "tid":"cmeps"},
{"name":"med_phases_restart_write", "ph":"B", "ts":"675522352243", "pid":"1", "tid":"cmeps"},
{"name":"med_phases_restart_write", "ph":"E", "ts":"675522352267", "pid":"1", "tid":"cmeps"},
{"name":"med_phases_prep_ocn_avg", "ph":"B", "ts":"675522352348", "pid":"1", "tid":"cmeps"},
{"name":"med_phases_prep_ocn_avg", "ph":"E", "ts":"675522355071", "pid":"1", "tid":"cmeps"},
{"name":"med_phases_prep_ice", "ph":"B", "ts":"675522355951", "pid":"1", "tid":"cmeps"},
{"name":"med_phases_prep_ice", "ph":"E", "ts":"675522358512", "pid":"1", "tid":"cmeps"},
{"name":"med_phases_post_atm", "ph":"B", "ts":"675522492249", "pid":"1", "tid":"cmeps"},
{"name":"med_phases_history_write_comp", "ph":"B", "ts":"675522665471", "pid":"1", "tid":"cmeps"},
{"name":"med_phases_history_write_comp", "ph":"E", "ts":"675522665494", "pid":"1", "tid":"cmeps"},
{"name":"med_phases_post_atm", "ph":"E", "ts":"675522665497", "pid":"1", "tid":"cmeps"},
{"name":"med_phases_post_ice", "ph":"B", "ts":"675525765050", "pid":"1", "tid":"cmeps"},
{"name":"med_phases_history_write_comp", "ph":"B", "ts":"675525773841", "pid":"1", "tid":"cmeps"},
{"name":"med_phases_history_write_comp", "ph":"E", "ts":"675525773861", "pid":"1", "tid":"cmeps"},
{"name":"med_phases_post_ice", "ph":"E", "ts":"675525773864", "pid":"1", "tid":"cmeps"},
{"name":"med_phases_ocnalb_run", "ph":"B", "ts":"675525774004", "pid":"1", "tid":"cmeps"},
{"name":"med_phases_history_write_med", "ph":"B", "ts":"675525775610", "pid":"1", "tid":"cmeps"},
{"name":"med_phases_history_write_med", "ph":"E", "ts":"675525775616", "pid":"1", "tid":"cmeps"},
{"name":"med_phases_ocnalb_run", "ph":"E", "ts":"675525775619", "pid":"1", "tid":"cmeps"},
{"name":"med_phases_history_write_med", "ph":"B", "ts":"675525790582", "pid":"1", "tid":"cmeps"},
{"name":"med_phases_history_write_med", "ph":"E", "ts":"675525790597", "pid":"1", "tid":"cmeps"},
{"name":"med_phases_prep_ocn_accum", "ph":"B", "ts":"675525790724", "pid":"1", "tid":"cmeps"},
{"name":"med_phases_prep_ocn_accum", "ph":"E", "ts":"675525794661", "pid":"1", "tid":"cmeps"},
{"name":"med_phases_prep_ice", "ph":"B", "ts":"675525794774", "pid":"1", "tid":"cmeps"},
{"name":"med_phases_prep_ice", "ph":"E", "ts":"675525796908", "pid":"1", "tid":"cmeps"},
{"name":"med_phases_post_atm", "ph":"B", "ts":"675525905976", "pid":"1", "tid":"cmeps"},
{"name":"med_phases_history_write_comp", "ph":"B", "ts":"675526055819", "pid":"1", "tid":"cmeps"},
{"name":"med_phases_history_write_comp", "ph":"E", "ts":"675526055838", "pid":"1", "tid":"cmeps"},
{"name":"med_phases_post_atm", "ph":"E", "ts":"675526055842", "pid":"1", "tid":"cmeps"},
{"name":"med_phases_post_ice", "ph":"B", "ts":"675529232235", "pid":"1", "tid":"cmeps"},
{"name":"med_phases_history_write_comp", "ph":"B", "ts":"675529248065", "pid":"1", "tid":"cmeps"},
{"name":"med_phases_history_write_comp", "ph":"E", "ts":"675529248089", "pid":"1", "tid":"cmeps"},
{"name":"med_phases_post_ice", "ph":"E", "ts":"675529248093", "pid":"1", "tid":"cmeps"},
{"name":"med_phases_ocnalb_run", "ph":"B", "ts":"675529248257", "pid":"1", "tid":"cmeps"},
{"name":"med_phases_history_write_med", "ph":"B", "ts":"675529252664", "pid":"1", "tid":"cmeps"},
{"name":"med_phases_history_write_med", "ph":"E", "ts":"675529252673", "pid":"1", "tid":"cmeps"},
{"name":"med_phases_ocnalb_run", "ph":"E", "ts":"675529252677", "pid":"1", "tid":"cmeps"},
{"name":"med_phases_history_write_med", "ph":"B", "ts":"675529255761", "pid":"1", "tid":"cmeps"},
{"name":"med_phases_history_write_med", "ph":"E", "ts":"675529255767", "pid":"1", "tid":"cmeps"},
{"name":"med_phases_prep_ocn_accum", "ph":"B", "ts":"675529255962", "pid":"1", "tid":"cmeps"},
{"name":"med_phases_prep_ocn_accum", "ph":"E", "ts":"675529273265", "pid":"1", "tid":"cmeps"},
{"name":"med_phases_prep_ice", "ph":"B", "ts":"675529273418", "pid":"1", "tid":"cmeps"},
{"name":"med_phases_prep_ice", "ph":"E", "ts":"675529275963", "pid":"1", "tid":"cmeps"},
{"name":"med_phases_post_atm", "ph":"B", "ts":"675529383691", "pid":"1", "tid":"cmeps"},
{"name":"med_phases_history_write_comp", "ph":"B", "ts":"675529542738", "pid":"1", "tid":"cmeps"},
{"name":"med_phases_history_write_comp", "ph":"E", "ts":"675529542769", "pid":"1", "tid":"cmeps"},
{"name":"med_phases_post_atm", "ph":"E", "ts":"675529542772", "pid":"1", "tid":"cmeps"},
{"name":"med_phases_post_ice", "ph":"B", "ts":"675532736311", "pid":"1", "tid":"cmeps"},
{"name":"med_phases_history_write_comp", "ph":"B", "ts":"675532785894", "pid":"1", "tid":"cmeps"},
{"name":"med_phases_history_write_comp", "ph":"E", "ts":"675532785931", "pid":"1", "tid":"cmeps"},
{"name":"med_phases_post_ice", "ph":"E", "ts":"675532785935", "pid":"1", "tid":"cmeps"},
{"name":"med_phases_ocnalb_run", "ph":"B", "ts":"675532786155", "pid":"1", "tid":"cmeps"},
{"name":"med_phases_history_write_med", "ph":"B", "ts":"675532802100", "pid":"1", "tid":"cmeps"},
{"name":"med_phases_history_write_med", "ph":"E", "ts":"675532802111", "pid":"1", "tid":"cmeps"},
{"name":"med_phases_ocnalb_run", "ph":"E", "ts":"675532802115", "pid":"1", "tid":"cmeps"},
{"name":"med_phases_history_write_med", "ph":"B", "ts":"675532804900", "pid":"1", "tid":"cmeps"},
{"name":"med_phases_history_write_med", "ph":"E", "ts":"675532804907", "pid":"1", "tid":"cmeps"},
{"name":"med_phases_prep_ocn_accum", "ph":"B", "ts":"675532805007", "pid":"1", "tid":"cmeps"},
{"name":"med_phases_prep_ocn_accum", "ph":"E", "ts":"675532808884", "pid":"1", "tid":"cmeps"},
{"name":"med_phases_prep_ice", "ph":"B", "ts":"675532808997", "pid":"1", "tid":"cmeps"},
{"name":"med_phases_prep_ice", "ph":"E", "ts":"675532811100", "pid":"1", "tid":"cmeps"},
{"name":"med_phases_post_atm", "ph":"B", "ts":"675532924080", "pid":"1", "tid":"cmeps"},
{"name":"med_phases_history_write_comp", "ph":"B", "ts":"675533073593", "pid":"1", "tid":"cmeps"},
{"name":"med_phases_history_write_comp", "ph":"E", "ts":"675533073622", "pid":"1", "tid":"cmeps"},
{"name":"med_phases_post_atm", "ph":"E", "ts":"675533073626", "pid":"1", "tid":"cmeps"},
{"name":"med_phases_post_ice", "ph":"B", "ts":"675536307241", "pid":"1", "tid":"cmeps"},
{"name":"med_phases_history_write_comp", "ph":"B", "ts":"675536333008", "pid":"1", "tid":"cmeps"},
{"name":"med_phases_history_write_comp", "ph":"E", "ts":"675536333054", "pid":"1", "tid":"cmeps"},
{"name":"med_phases_post_ice", "ph":"E", "ts":"675536333058", "pid":"1", "tid":"cmeps"},
{"name":"med_phases_ocnalb_run", "ph":"B", "ts":"675536333332", "pid":"1", "tid":"cmeps"},
{"name":"med_phases_history_write_med", "ph":"B", "ts":"675536339538", "pid":"1", "tid":"cmeps"},
{"name":"med_phases_history_write_med", "ph":"E", "ts":"675536339549", "pid":"1", "tid":"cmeps"},
{"name":"med_phases_ocnalb_run", "ph":"E", "ts":"675536339554", "pid":"1", "tid":"cmeps"},
{"name":"med_phases_history_write_med", "ph":"B", "ts":"675536342389", "pid":"1", "tid":"cmeps"},
{"name":"med_phases_history_write_med", "ph":"E", "ts":"675536342398", "pid":"1", "tid":"cmeps"},
{"name":"med_phases_prep_ocn_accum", "ph":"B", "ts":"675536342511", "pid":"1", "tid":"cmeps"},
{"name":"med_phases_prep_ocn_accum", "ph":"E", "ts":"675536359460", "pid":"1", "tid":"cmeps"},
{"name":"med_phases_post_ocn", "ph":"B", "ts":"675590709564", "pid":"1", "tid":"cmeps"},
{"name":"med_phases_history_write_comp", "ph":"B", "ts":"675590728423", "pid":"1", "tid":"cmeps"},
{"name":"med_phases_history_write_comp", "ph":"E", "ts":"675590728459", "pid":"1", "tid":"cmeps"},
{"name":"med_phases_post_ocn", "ph":"E", "ts":"675590728464", "pid":"1", "tid":"cmeps"},
{"name":"med_phases_restart_write", "ph":"B", "ts":"675590728622", "pid":"1", "tid":"cmeps"},
{"name":"med_phases_restart_write", "ph":"E", "ts":"675590728650", "pid":"1", "tid":"cmeps"},
{"name":"med_phases_prep_ocn_avg", "ph":"B", "ts":"675590728812", "pid":"1", "tid":"cmeps"},
{"name":"med_phases_prep_ocn_avg", "ph":"E", "ts":"675590731305", "pid":"1", "tid":"cmeps"},
{"name":"med_phases_prep_ice", "ph":"B", "ts":"675590732004", "pid":"1", "tid":"cmeps"},
{"name":"med_phases_prep_ice", "ph":"E", "ts":"675590734435", "pid":"1", "tid":"cmeps"},
{"name":"med_phases_post_atm", "ph":"B", "ts":"675590857526", "pid":"1", "tid":"cmeps"},
{"name":"med_phases_history_write_comp", "ph":"B", "ts":"675591014137", "pid":"1", "tid":"cmeps"},
{"name":"med_phases_history_write_comp", "ph":"E", "ts":"675591014169", "pid":"1", "tid":"cmeps"},
{"name":"med_phases_post_atm", "ph":"E", "ts":"675591014173", "pid":"1", "tid":"cmeps"},
{"name":"med_phases_post_ice", "ph":"B", "ts":"675594189271", "pid":"1", "tid":"cmeps"},
{"name":"med_phases_history_write_comp", "ph":"B", "ts":"675594228935", "pid":"1", "tid":"cmeps"},
{"name":"med_phases_history_write_comp", "ph":"E", "ts":"675594228959", "pid":"1", "tid":"cmeps"},
{"name":"med_phases_post_ice", "ph":"E", "ts":"675594228969", "pid":"1", "tid":"cmeps"},
{"name":"med_phases_ocnalb_run", "ph":"B", "ts":"675594229140", "pid":"1", "tid":"cmeps"},
{"name":"med_phases_history_write_med", "ph":"B", "ts":"675594255143", "pid":"1", "tid":"cmeps"},
{"name":"med_phases_history_write_med", "ph":"E", "ts":"675594255158", "pid":"1", "tid":"cmeps"},
{"name":"med_phases_ocnalb_run", "ph":"E", "ts":"675594255162", "pid":"1", "tid":"cmeps"},
{"name":"med_phases_history_write_med", "ph":"B", "ts":"675594257990", "pid":"1", "tid":"cmeps"},
{"name":"med_phases_history_write_med", "ph":"E", "ts":"675594257997", "pid":"1", "tid":"cmeps"},
{"name":"med_phases_prep_ocn_accum", "ph":"B", "ts":"675594258099", "pid":"1", "tid":"cmeps"},
{"name":"med_phases_prep_ocn_accum", "ph":"E", "ts":"675594262015", "pid":"1", "tid":"cmeps"},
{"name":"med_phases_prep_ice", "ph":"B", "ts":"675594262123", "pid":"1", "tid":"cmeps"},
{"name":"med_phases_prep_ice", "ph":"E", "ts":"675594264211", "pid":"1", "tid":"cmeps"},
{"name":"med_phases_post_atm", "ph":"B", "ts":"675594369570", "pid":"1", "tid":"cmeps"},
{"name":"med_phases_history_write_comp", "ph":"B", "ts":"675594596730", "pid":"1", "tid":"cmeps"},
{"name":"med_phases_history_write_comp", "ph":"E", "ts":"675594596764", "pid":"1", "tid":"cmeps"},
{"name":"med_phases_post_atm", "ph":"E", "ts":"675594596768", "pid":"1", "tid":"cmeps"},
{"name":"med_phases_post_ice", "ph":"B", "ts":"675597670318", "pid":"1", "tid":"cmeps"},
{"name":"med_phases_history_write_comp", "ph":"B", "ts":"675597685997", "pid":"1", "tid":"cmeps"},
{"name":"med_phases_history_write_comp", "ph":"E", "ts":"675597686026", "pid":"1", "tid":"cmeps"},
{"name":"med_phases_post_ice", "ph":"E", "ts":"675597686030", "pid":"1", "tid":"cmeps"},
{"name":"med_phases_ocnalb_run", "ph":"B", "ts":"675597686209", "pid":"1", "tid":"cmeps"},
{"name":"med_phases_history_write_med", "ph":"B", "ts":"675597687628", "pid":"1", "tid":"cmeps"},
{"name":"med_phases_history_write_med", "ph":"E", "ts":"675597687634", "pid":"1", "tid":"cmeps"},
{"name":"med_phases_ocnalb_run", "ph":"E", "ts":"675597687638", "pid":"1", "tid":"cmeps"},
{"name":"med_phases_history_write_med", "ph":"B", "ts":"675597690590", "pid":"1", "tid":"cmeps"},
{"name":"med_phases_history_write_med", "ph":"E", "ts":"675597690597", "pid":"1", "tid":"cmeps"},
{"name":"med_phases_prep_ocn_accum", "ph":"B", "ts":"675597690698", "pid":"1", "tid":"cmeps"},
{"name":"med_phases_prep_ocn_accum", "ph":"E", "ts":"675597694821", "pid":"1", "tid":"cmeps"},
{"name":"med_phases_prep_ice", "ph":"B", "ts":"675597694932", "pid":"1", "tid":"cmeps"},
{"name":"med_phases_prep_ice", "ph":"E", "ts":"675597697321", "pid":"1", "tid":"cmeps"},
{"name":"med_phases_post_atm", "ph":"B", "ts":"675597806734", "pid":"1", "tid":"cmeps"},
{"name":"med_phases_history_write_comp", "ph":"B", "ts":"675597948474", "pid":"1", "tid":"cmeps"},
{"name":"med_phases_history_write_comp", "ph":"E", "ts":"675597948494", "pid":"1", "tid":"cmeps"},
{"name":"med_phases_post_atm", "ph":"E", "ts":"675597948569", "pid":"1", "tid":"cmeps"},
{"name":"med_phases_post_ice", "ph":"B", "ts":"675601132154", "pid":"1", "tid":"cmeps"},
{"name":"med_phases_history_write_comp", "ph":"B", "ts":"675601147918", "pid":"1", "tid":"cmeps"},
{"name":"med_phases_history_write_comp", "ph":"E", "ts":"675601147940", "pid":"1", "tid":"cmeps"},
{"name":"med_phases_post_ice", "ph":"E", "ts":"675601147943", "pid":"1", "tid":"cmeps"},
{"name":"med_phases_ocnalb_run", "ph":"B", "ts":"675601148104", "pid":"1", "tid":"cmeps"},
{"name":"med_phases_history_write_med", "ph":"B", "ts":"675601174113", "pid":"1", "tid":"cmeps"},
{"name":"med_phases_history_write_med", "ph":"E", "ts":"675601174126", "pid":"1", "tid":"cmeps"},
{"name":"med_phases_ocnalb_run", "ph":"E", "ts":"675601174130", "pid":"1", "tid":"cmeps"},
{"name":"med_phases_history_write_med", "ph":"B", "ts":"675601176936", "pid":"1", "tid":"cmeps"},
{"name":"med_phases_history_write_med", "ph":"E", "ts":"675601176943", "pid":"1", "tid":"cmeps"},
{"name":"med_phases_prep_ocn_accum", "ph":"B", "ts":"675601177049", "pid":"1", "tid":"cmeps"},
{"name":"med_phases_prep_ocn_accum", "ph":"E", "ts":"675601180860", "pid":"1", "tid":"cmeps"},
{"name":"med_phases_prep_ice", "ph":"B", "ts":"675601180966", "pid":"1", "tid":"cmeps"},
{"name":"med_phases_prep_ice", "ph":"E", "ts":"675601183301", "pid":"1", "tid":"cmeps"},
{"name":"med_phases_post_atm", "ph":"B", "ts":"675607653620", "pid":"1", "tid":"cmeps"},
{"name":"med_phases_history_write_comp", "ph":"B", "ts":"675607788362", "pid":"1", "tid":"cmeps"},
{"name":"med_phases_history_write_comp", "ph":"E", "ts":"675607788381", "pid":"1", "tid":"cmeps"},
{"name":"med_phases_post_atm", "ph":"E", "ts":"675607788385", "pid":"1", "tid":"cmeps"},
{"name":"med_phases_post_ice", "ph":"B", "ts":"675607790506", "pid":"1", "tid":"cmeps"},
{"name":"med_phases_history_write_comp", "ph":"B", "ts":"675607810654", "pid":"1", "tid":"cmeps"},
{"name":"med_phases_history_write_comp", "ph":"E", "ts":"675607810671", "pid":"1", "tid":"cmeps"},
{"name":"med_phases_post_ice", "ph":"E", "ts":"675607810674", "pid":"1", "tid":"cmeps"},
{"name":"med_phases_ocnalb_run", "ph":"B", "ts":"675607810813", "pid":"1", "tid":"cmeps"},
{"name":"med_phases_history_write_med", "ph":"B", "ts":"675607836527", "pid":"1", "tid":"cmeps"},
{"name":"med_phases_history_write_med", "ph":"E", "ts":"675607836542", "pid":"1", "tid":"cmeps"},
{"name":"med_phases_ocnalb_run", "ph":"E", "ts":"675607836546", "pid":"1", "tid":"cmeps"},
{"name":"med_phases_history_write_med", "ph":"B", "ts":"675607839539", "pid":"1", "tid":"cmeps"},
{"name":"med_phases_history_write_med", "ph":"E", "ts":"675607839546", "pid":"1", "tid":"cmeps"},
{"name":"med_phases_prep_ocn_accum", "ph":"B", "ts":"675607839643", "pid":"1", "tid":"cmeps"},
{"name":"med_phases_prep_ocn_accum", "ph":"E", "ts":"675607843887", "pid":"1", "tid":"cmeps"},
{"name":"med_phases_post_ocn", "ph":"B", "ts":"675672703362", "pid":"1", "tid":"cmeps"},
{"name":"med_phases_history_write_comp", "ph":"B", "ts":"675672707467", "pid":"1", "tid":"cmeps"},
{"name":"med_phases_history_write_comp", "ph":"E", "ts":"675672707490", "pid":"1", "tid":"cmeps"},
{"name":"med_phases_post_ocn", "ph":"E", "ts":"675672707493", "pid":"1", "tid":"cmeps"},
{"name":"med_phases_restart_write", "ph":"B", "ts":"675672707624", "pid":"1", "tid":"cmeps"},
{"name":"med_phases_restart_write", "ph":"E", "ts":"675693338880", "pid":"1", "tid":"cmeps"},
{"name":"med_phases_prep_ocn_avg", "ph":"B", "ts":"675693339239", "pid":"1", "tid":"cmeps"},
{"name":"med_phases_prep_ocn_avg", "ph":"E", "ts":"675693341530", "pid":"1", "tid":"cmeps"},
{"name":"med_phases_prep_ice", "ph":"B", "ts":"675693342244", "pid":"1", "tid":"cmeps"},
{"name":"med_phases_prep_ice", "ph":"E", "ts":"675693344379", "pid":"1", "tid":"cmeps"},
{"name":"med_phases_post_atm", "ph":"B", "ts":"675693476056", "pid":"1", "tid":"cmeps"},
{"name":"med_phases_history_write_comp", "ph":"B", "ts":"675693654891", "pid":"1", "tid":"cmeps"},
{"name":"med_phases_history_write_comp", "ph":"E", "ts":"675693654979", "pid":"1", "tid":"cmeps"},
{"name":"med_phases_post_atm", "ph":"E", "ts":"675693655007", "pid":"1", "tid":"cmeps"},
{"name":"med_phases_post_ice", "ph":"B", "ts":"675696762934", "pid":"1", "tid":"cmeps"},
{"name":"med_phases_history_write_comp", "ph":"B", "ts":"675696766599", "pid":"1", "tid":"cmeps"},
{"name":"med_phases_history_write_comp", "ph":"E", "ts":"675696766615", "pid":"1", "tid":"cmeps"},
{"name":"med_phases_post_ice", "ph":"E", "ts":"675696766618", "pid":"1", "tid":"cmeps"},
{"name":"med_phases_ocnalb_run", "ph":"B", "ts":"675696766740", "pid":"1", "tid":"cmeps"},
{"name":"med_phases_history_write_med", "ph":"B", "ts":"675696781316", "pid":"1", "tid":"cmeps"},
{"name":"med_phases_history_write_med", "ph":"E", "ts":"675696781327", "pid":"1", "tid":"cmeps"},
{"name":"med_phases_ocnalb_run", "ph":"E", "ts":"675696781331", "pid":"1", "tid":"cmeps"},
{"name":"med_phases_history_write_med", "ph":"B", "ts":"675696784143", "pid":"1", "tid":"cmeps"},
{"name":"med_phases_history_write_med", "ph":"E", "ts":"675696784151", "pid":"1", "tid":"cmeps"},
{"name":"med_phases_prep_ocn_accum", "ph":"B", "ts":"675696784249", "pid":"1", "tid":"cmeps"},
{"name":"med_phases_prep_ocn_accum", "ph":"E", "ts":"675696788162", "pid":"1", "tid":"cmeps"},
{"name":"med_phases_prep_ice", "ph":"B", "ts":"675696788271", "pid":"1", "tid":"cmeps"},
{"name":"med_phases_prep_ice", "ph":"E", "ts":"675696790522", "pid":"1", "tid":"cmeps"},
{"name":"med_phases_post_atm", "ph":"B", "ts":"675696894958", "pid":"1", "tid":"cmeps"},
{"name":"med_phases_history_write_comp", "ph":"B", "ts":"675697046330", "pid":"1", "tid":"cmeps"},
{"name":"med_phases_history_write_comp", "ph":"E", "ts":"675697046350", "pid":"1", "tid":"cmeps"},
{"name":"med_phases_post_atm", "ph":"E", "ts":"675697046354", "pid":"1", "tid":"cmeps"},
{"name":"med_phases_post_ice", "ph":"B", "ts":"675700212468", "pid":"1", "tid":"cmeps"},
{"name":"med_phases_history_write_comp", "ph":"B", "ts":"675700244223", "pid":"1", "tid":"cmeps"},
{"name":"med_phases_history_write_comp", "ph":"E", "ts":"675700244251", "pid":"1", "tid":"cmeps"},
{"name":"med_phases_post_ice", "ph":"E", "ts":"675700244255", "pid":"1", "tid":"cmeps"},
{"name":"med_phases_ocnalb_run", "ph":"B", "ts":"675700244443", "pid":"1", "tid":"cmeps"},
{"name":"med_phases_history_write_med", "ph":"B", "ts":"675700245642", "pid":"1", "tid":"cmeps"},
{"name":"med_phases_history_write_med", "ph":"E", "ts":"675700245648", "pid":"1", "tid":"cmeps"},
{"name":"med_phases_ocnalb_run", "ph":"E", "ts":"675700245652", "pid":"1", "tid":"cmeps"},
{"name":"med_phases_history_write_med", "ph":"B", "ts":"675700248625", "pid":"1", "tid":"cmeps"},
{"name":"med_phases_history_write_med", "ph":"E", "ts":"675700248631", "pid":"1", "tid":"cmeps"},
{"name":"med_phases_prep_ocn_accum", "ph":"B", "ts":"675700248737", "pid":"1", "tid":"cmeps"},
{"name":"med_phases_prep_ocn_accum", "ph":"E", "ts":"675700252890", "pid":"1", "tid":"cmeps"},
{"name":"med_phases_prep_ice", "ph":"B", "ts":"675700253003", "pid":"1", "tid":"cmeps"},
{"name":"med_phases_prep_ice", "ph":"E", "ts":"675700255242", "pid":"1", "tid":"cmeps"},
{"name":"med_phases_post_atm", "ph":"B", "ts":"675700378562", "pid":"1", "tid":"cmeps"},
{"name":"med_phases_history_write_comp", "ph":"B", "ts":"675700549862", "pid":"1", "tid":"cmeps"},
{"name":"med_phases_history_write_comp", "ph":"E", "ts":"675700549882", "pid":"1", "tid":"cmeps"},
{"name":"med_phases_post_atm", "ph":"E", "ts":"675700549886", "pid":"1", "tid":"cmeps"},
{"name":"med_phases_post_ice", "ph":"B", "ts":"675703655345", "pid":"1", "tid":"cmeps"},
{"name":"med_phases_history_write_comp", "ph":"B", "ts":"675703657704", "pid":"1", "tid":"cmeps"},
{"name":"med_phases_history_write_comp", "ph":"E", "ts":"675703657722", "pid":"1", "tid":"cmeps"},
{"name":"med_phases_post_ice", "ph":"E", "ts":"675703657726", "pid":"1", "tid":"cmeps"},
{"name":"med_phases_ocnalb_run", "ph":"B", "ts":"675703657875", "pid":"1", "tid":"cmeps"},
{"name":"med_phases_history_write_med", "ph":"B", "ts":"675703659122", "pid":"1", "tid":"cmeps"},
{"name":"med_phases_history_write_med", "ph":"E", "ts":"675703659227", "pid":"1", "tid":"cmeps"},
{"name":"med_phases_ocnalb_run", "ph":"E", "ts":"675703659231", "pid":"1", "tid":"cmeps"},
{"name":"med_phases_history_write_med", "ph":"B", "ts":"675703661998", "pid":"1", "tid":"cmeps"},
{"name":"med_phases_history_write_med", "ph":"E", "ts":"675703662006", "pid":"1", "tid":"cmeps"},
{"name":"med_phases_prep_ocn_accum", "ph":"B", "ts":"675703662122", "pid":"1", "tid":"cmeps"},
{"name":"med_phases_prep_ocn_accum", "ph":"E", "ts":"675703666046", "pid":"1", "tid":"cmeps"},
{"name":"med_phases_prep_ice", "ph":"B", "ts":"675703666173", "pid":"1", "tid":"cmeps"},
{"name":"med_phases_prep_ice", "ph":"E", "ts":"675703679294", "pid":"1", "tid":"cmeps"},
{"name":"med_phases_post_atm", "ph":"B", "ts":"675703787327", "pid":"1", "tid":"cmeps"},
{"name":"med_phases_history_write_comp", "ph":"B", "ts":"675703912765", "pid":"1", "tid":"cmeps"},
{"name":"med_phases_history_write_comp", "ph":"E", "ts":"675703912790", "pid":"1", "tid":"cmeps"},
{"name":"med_phases_post_atm", "ph":"E", "ts":"675703912793", "pid":"1", "tid":"cmeps"},
{"name":"med_phases_post_ice", "ph":"B", "ts":"675707044360", "pid":"1", "tid":"cmeps"},
{"name":"med_phases_history_write_comp", "ph":"B", "ts":"675707046686", "pid":"1", "tid":"cmeps"},
{"name":"med_phases_history_write_comp", "ph":"E", "ts":"675707046704", "pid":"1", "tid":"cmeps"},
{"name":"med_phases_post_ice", "ph":"E", "ts":"675707046707", "pid":"1", "tid":"cmeps"},
{"name":"med_phases_ocnalb_run", "ph":"B", "ts":"675707046842", "pid":"1", "tid":"cmeps"},
{"name":"med_phases_history_write_med", "ph":"B", "ts":"675707048379", "pid":"1", "tid":"cmeps"},
{"name":"med_phases_history_write_med", "ph":"E", "ts":"675707048384", "pid":"1", "tid":"cmeps"},
{"name":"med_phases_ocnalb_run", "ph":"E", "ts":"675707048387", "pid":"1", "tid":"cmeps"},
{"name":"med_phases_history_write_med", "ph":"B", "ts":"675707051138", "pid":"1", "tid":"cmeps"},
{"name":"med_phases_history_write_med", "ph":"E", "ts":"675707051144", "pid":"1", "tid":"cmeps"},
{"name":"med_phases_prep_ocn_accum", "ph":"B", "ts":"675707051244", "pid":"1", "tid":"cmeps"},
{"name":"med_phases_prep_ocn_accum", "ph":"E", "ts":"675707055145", "pid":"1", "tid":"cmeps"},
{"name":"med_phases_post_ocn", "ph":"B", "ts":"675769358996", "pid":"1", "tid":"cmeps"},
{"name":"med_phases_history_write_comp", "ph":"B", "ts":"675769388910", "pid":"1", "tid":"cmeps"},
{"name":"med_phases_history_write_comp", "ph":"E", "ts":"675769388942", "pid":"1", "tid":"cmeps"},
{"name":"med_phases_post_ocn", "ph":"E", "ts":"675769388946", "pid":"1", "tid":"cmeps"},
{"name":"med_phases_restart_write", "ph":"B", "ts":"675769389117", "pid":"1", "tid":"cmeps"},
{"name":"med_phases_restart_write", "ph":"E", "ts":"675769389141", "pid":"1", "tid":"cmeps"},
{"name":"med_phases_prep_ocn_avg", "ph":"B", "ts":"675769389236", "pid":"1", "tid":"cmeps"},
{"name":"med_phases_prep_ocn_avg", "ph":"E", "ts":"675769391948", "pid":"1", "tid":"cmeps"},
{"name":"med_phases_prep_ice", "ph":"B", "ts":"675769392750", "pid":"1", "tid":"cmeps"},
{"name":"med_phases_prep_ice", "ph":"E", "ts":"675769395453", "pid":"1", "tid":"cmeps"},
{"name":"med_phases_post_atm", "ph":"B", "ts":"675769525041", "pid":"1", "tid":"cmeps"},
{"name":"med_phases_history_write_comp", "ph":"B", "ts":"675769674350", "pid":"1", "tid":"cmeps"},
{"name":"med_phases_history_write_comp", "ph":"E", "ts":"675769674373", "pid":"1", "tid":"cmeps"},
{"name":"med_phases_post_atm", "ph":"E", "ts":"675769674377", "pid":"1", "tid":"cmeps"},
{"name":"med_phases_post_ice", "ph":"B", "ts":"675772704152", "pid":"1", "tid":"cmeps"},
{"name":"med_phases_history_write_comp", "ph":"B", "ts":"675772707308", "pid":"1", "tid":"cmeps"},
{"name":"med_phases_history_write_comp", "ph":"E", "ts":"675772707328", "pid":"1", "tid":"cmeps"},
{"name":"med_phases_post_ice", "ph":"E", "ts":"675772707332", "pid":"1", "tid":"cmeps"},
{"name":"med_phases_ocnalb_run", "ph":"B", "ts":"675772707471", "pid":"1", "tid":"cmeps"},
{"name":"med_phases_history_write_med", "ph":"B", "ts":"675772733523", "pid":"1", "tid":"cmeps"},
{"name":"med_phases_history_write_med", "ph":"E", "ts":"675772733601", "pid":"1", "tid":"cmeps"},
{"name":"med_phases_ocnalb_run", "ph":"E", "ts":"675772733607", "pid":"1", "tid":"cmeps"},
{"name":"med_phases_history_write_med", "ph":"B", "ts":"675772736558", "pid":"1", "tid":"cmeps"},
{"name":"med_phases_history_write_med", "ph":"E", "ts":"675772736567", "pid":"1", "tid":"cmeps"},
{"name":"med_phases_prep_ocn_accum", "ph":"B", "ts":"675772736673", "pid":"1", "tid":"cmeps"},
{"name":"med_phases_prep_ocn_accum", "ph":"E", "ts":"675772740608", "pid":"1", "tid":"cmeps"},
{"name":"med_phases_prep_ice", "ph":"B", "ts":"675772740718", "pid":"1", "tid":"cmeps"},
{"name":"med_phases_prep_ice", "ph":"E", "ts":"675772742834", "pid":"1", "tid":"cmeps"},
{"name":"med_phases_post_atm", "ph":"B", "ts":"675772855312", "pid":"1", "tid":"cmeps"},
{"name":"med_phases_history_write_comp", "ph":"B", "ts":"675772994242", "pid":"1", "tid":"cmeps"},
{"name":"med_phases_history_write_comp", "ph":"E", "ts":"675772994262", "pid":"1", "tid":"cmeps"},
{"name":"med_phases_post_atm", "ph":"E", "ts":"675772994266", "pid":"1", "tid":"cmeps"},
{"name":"med_phases_post_ice", "ph":"B", "ts":"675776107484", "pid":"1", "tid":"cmeps"},
{"name":"med_phases_history_write_comp", "ph":"B", "ts":"675776125126", "pid":"1", "tid":"cmeps"},
{"name":"med_phases_history_write_comp", "ph":"E", "ts":"675776125147", "pid":"1", "tid":"cmeps"},
{"name":"med_phases_post_ice", "ph":"E", "ts":"675776125150", "pid":"1", "tid":"cmeps"},
{"name":"med_phases_ocnalb_run", "ph":"B", "ts":"675776125309", "pid":"1", "tid":"cmeps"},
{"name":"med_phases_history_write_med", "ph":"B", "ts":"675776126595", "pid":"1", "tid":"cmeps"},
{"name":"med_phases_history_write_med", "ph":"E", "ts":"675776126601", "pid":"1", "tid":"cmeps"},
{"name":"med_phases_ocnalb_run", "ph":"E", "ts":"675776126604", "pid":"1", "tid":"cmeps"},
{"name":"med_phases_history_write_med", "ph":"B", "ts":"675776129361", "pid":"1", "tid":"cmeps"},
{"name":"med_phases_history_write_med", "ph":"E", "ts":"675776129367", "pid":"1", "tid":"cmeps"},
{"name":"med_phases_prep_ocn_accum", "ph":"B", "ts":"675776129463", "pid":"1", "tid":"cmeps"},
{"name":"med_phases_prep_ocn_accum", "ph":"E", "ts":"675776133286", "pid":"1", "tid":"cmeps"},
{"name":"med_phases_prep_ice", "ph":"B", "ts":"675776133393", "pid":"1", "tid":"cmeps"},
{"name":"med_phases_prep_ice", "ph":"E", "ts":"675776148567", "pid":"1", "tid":"cmeps"},
{"name":"med_phases_post_atm", "ph":"B", "ts":"675776262109", "pid":"1", "tid":"cmeps"},
{"name":"med_phases_history_write_comp", "ph":"B", "ts":"675776399953", "pid":"1", "tid":"cmeps"},
{"name":"med_phases_history_write_comp", "ph":"E", "ts":"675776399985", "pid":"1", "tid":"cmeps"},
{"name":"med_phases_post_atm", "ph":"E", "ts":"675776399989", "pid":"1", "tid":"cmeps"},
{"name":"med_phases_post_ice", "ph":"B", "ts":"675779521476", "pid":"1", "tid":"cmeps"},
{"name":"med_phases_history_write_comp", "ph":"B", "ts":"675779533222", "pid":"1", "tid":"cmeps"},
{"name":"med_phases_history_write_comp", "ph":"E", "ts":"675779533242", "pid":"1", "tid":"cmeps"},
{"name":"med_phases_post_ice", "ph":"E", "ts":"675779533246", "pid":"1", "tid":"cmeps"},
{"name":"med_phases_ocnalb_run", "ph":"B", "ts":"675779533399", "pid":"1", "tid":"cmeps"},
{"name":"med_phases_history_write_med", "ph":"B", "ts":"675779559219", "pid":"1", "tid":"cmeps"},
{"name":"med_phases_history_write_med", "ph":"E", "ts":"675779559234", "pid":"1", "tid":"cmeps"},
{"name":"med_phases_ocnalb_run", "ph":"E", "ts":"675779559238", "pid":"1", "tid":"cmeps"},
{"name":"med_phases_history_write_med", "ph":"B", "ts":"675779562011", "pid":"1", "tid":"cmeps"},
{"name":"med_phases_history_write_med", "ph":"E", "ts":"675779562017", "pid":"1", "tid":"cmeps"},
{"name":"med_phases_prep_ocn_accum", "ph":"B", "ts":"675779562114", "pid":"1", "tid":"cmeps"},
{"name":"med_phases_prep_ocn_accum", "ph":"E", "ts":"675779579061", "pid":"1", "tid":"cmeps"},
{"name":"med_phases_prep_ice", "ph":"B", "ts":"675779579205", "pid":"1", "tid":"cmeps"},
{"name":"med_phases_prep_ice", "ph":"E", "ts":"675779581359", "pid":"1", "tid":"cmeps"},
{"name":"med_phases_post_atm", "ph":"B", "ts":"675779677589", "pid":"1", "tid":"cmeps"},
{"name":"med_phases_history_write_comp", "ph":"B", "ts":"675779832842", "pid":"1", "tid":"cmeps"},
{"name":"med_phases_history_write_comp", "ph":"E", "ts":"675779832870", "pid":"1", "tid":"cmeps"},
{"name":"med_phases_post_atm", "ph":"E", "ts":"675779832874", "pid":"1", "tid":"cmeps"},
{"name":"med_phases_post_ice", "ph":"B", "ts":"675782943638", "pid":"1", "tid":"cmeps"},
{"name":"med_phases_history_write_comp", "ph":"B", "ts":"675782949245", "pid":"1", "tid":"cmeps"},
{"name":"med_phases_history_write_comp", "ph":"E", "ts":"675782949266", "pid":"1", "tid":"cmeps"},
{"name":"med_phases_post_ice", "ph":"E", "ts":"675782949270", "pid":"1", "tid":"cmeps"},
{"name":"med_phases_ocnalb_run", "ph":"B", "ts":"675782949418", "pid":"1", "tid":"cmeps"},
{"name":"med_phases_history_write_med", "ph":"B", "ts":"675782950701", "pid":"1", "tid":"cmeps"},
{"name":"med_phases_history_write_med", "ph":"E", "ts":"675782950706", "pid":"1", "tid":"cmeps"},
{"name":"med_phases_ocnalb_run", "ph":"E", "ts":"675782950710", "pid":"1", "tid":"cmeps"},
{"name":"med_phases_history_write_med", "ph":"B", "ts":"675782953458", "pid":"1", "tid":"cmeps"},
{"name":"med_phases_history_write_med", "ph":"E", "ts":"675782953466", "pid":"1", "tid":"cmeps"},
{"name":"med_phases_prep_ocn_accum", "ph":"B", "ts":"675782953563", "pid":"1", "tid":"cmeps"},
{"name":"med_phases_prep_ocn_accum", "ph":"E", "ts":"675782957483", "pid":"1", "tid":"cmeps"},
{"name":"med_phases_post_ocn", "ph":"B", "ts":"675836657442", "pid":"1", "tid":"cmeps"},
{"name":"med_phases_history_write_comp", "ph":"B", "ts":"675836659587", "pid":"1", "tid":"cmeps"},
{"name":"med_phases_history_write_comp", "ph":"E", "ts":"675836659611", "pid":"1", "tid":"cmeps"},
{"name":"med_phases_post_ocn", "ph":"E", "ts":"675836659615", "pid":"1", "tid":"cmeps"},
{"name":"med_phases_restart_write", "ph":"B", "ts":"675836659748", "pid":"1", "tid":"cmeps"},
{"name":"med_phases_restart_write", "ph":"E", "ts":"675836659774", "pid":"1", "tid":"cmeps"},
{"name":"med_phases_prep_ocn_avg", "ph":"B", "ts":"675836659857", "pid":"1", "tid":"cmeps"},
{"name":"med_phases_prep_ocn_avg", "ph":"E", "ts":"675836662618", "pid":"1", "tid":"cmeps"},
{"name":"med_phases_prep_ice", "ph":"B", "ts":"675836663613", "pid":"1", "tid":"cmeps"},
{"name":"med_phases_prep_ice", "ph":"E", "ts":"675836666220", "pid":"1", "tid":"cmeps"},
{"name":"med_phases_post_atm", "ph":"B", "ts":"675836812254", "pid":"1", "tid":"cmeps"},
{"name":"med_phases_history_write_comp", "ph":"B", "ts":"675836944876", "pid":"1", "tid":"cmeps"},
{"name":"med_phases_history_write_comp", "ph":"E", "ts":"675836944912", "pid":"1", "tid":"cmeps"},
{"name":"med_phases_post_atm", "ph":"E", "ts":"675836944916", "pid":"1", "tid":"cmeps"},
{"name":"med_phases_post_ice", "ph":"B", "ts":"675840174348", "pid":"1", "tid":"cmeps"},
{"name":"med_phases_history_write_comp", "ph":"B", "ts":"675840225328", "pid":"1", "tid":"cmeps"},
{"name":"med_phases_history_write_comp", "ph":"E", "ts":"675840225358", "pid":"1", "tid":"cmeps"},
{"name":"med_phases_post_ice", "ph":"E", "ts":"675840225361", "pid":"1", "tid":"cmeps"},
{"name":"med_phases_ocnalb_run", "ph":"B", "ts":"675840225543", "pid":"1", "tid":"cmeps"},
{"name":"med_phases_history_write_med", "ph":"B", "ts":"675840251390", "pid":"1", "tid":"cmeps"},
{"name":"med_phases_history_write_med", "ph":"E", "ts":"675840251403", "pid":"1", "tid":"cmeps"},
{"name":"med_phases_ocnalb_run", "ph":"E", "ts":"675840251407", "pid":"1", "tid":"cmeps"},
{"name":"med_phases_history_write_med", "ph":"B", "ts":"675840267386", "pid":"1", "tid":"cmeps"},
{"name":"med_phases_history_write_med", "ph":"E", "ts":"675840267397", "pid":"1", "tid":"cmeps"},
{"name":"med_phases_prep_ocn_accum", "ph":"B", "ts":"675840267524", "pid":"1", "tid":"cmeps"},
{"name":"med_phases_prep_ocn_accum", "ph":"E", "ts":"675840271514", "pid":"1", "tid":"cmeps"},
{"name":"med_phases_prep_ice", "ph":"B", "ts":"675840271622", "pid":"1", "tid":"cmeps"},
{"name":"med_phases_prep_ice", "ph":"E", "ts":"675840273968", "pid":"1", "tid":"cmeps"},
{"name":"med_phases_post_atm", "ph":"B", "ts":"675840364463", "pid":"1", "tid":"cmeps"},
{"name":"med_phases_history_write_comp", "ph":"B", "ts":"675840554022", "pid":"1", "tid":"cmeps"},
{"name":"med_phases_history_write_comp", "ph":"E", "ts":"675840554046", "pid":"1", "tid":"cmeps"},
{"name":"med_phases_post_atm", "ph":"E", "ts":"675840554050", "pid":"1", "tid":"cmeps"},
{"name":"med_phases_post_ice", "ph":"B", "ts":"675843615445", "pid":"1", "tid":"cmeps"},
{"name":"med_phases_history_write_comp", "ph":"B", "ts":"675843617790", "pid":"1", "tid":"cmeps"},
{"name":"med_phases_history_write_comp", "ph":"E", "ts":"675843617806", "pid":"1", "tid":"cmeps"},
{"name":"med_phases_post_ice", "ph":"E", "ts":"675843617809", "pid":"1", "tid":"cmeps"},
{"name":"med_phases_ocnalb_run", "ph":"B", "ts":"675843617930", "pid":"1", "tid":"cmeps"},
{"name":"med_phases_history_write_med", "ph":"B", "ts":"675843619118", "pid":"1", "tid":"cmeps"},
{"name":"med_phases_history_write_med", "ph":"E", "ts":"675843619123", "pid":"1", "tid":"cmeps"},
{"name":"med_phases_ocnalb_run", "ph":"E", "ts":"675843619127", "pid":"1", "tid":"cmeps"},
{"name":"med_phases_history_write_med", "ph":"B", "ts":"675843634887", "pid":"1", "tid":"cmeps"},
{"name":"med_phases_history_write_med", "ph":"E", "ts":"675843634901", "pid":"1", "tid":"cmeps"},
{"name":"med_phases_prep_ocn_accum", "ph":"B", "ts":"675843635020", "pid":"1", "tid":"cmeps"},
{"name":"med_phases_prep_ocn_accum", "ph":"E", "ts":"675843638921", "pid":"1", "tid":"cmeps"},
{"name":"med_phases_prep_ice", "ph":"B", "ts":"675843639034", "pid":"1", "tid":"cmeps"},
{"name":"med_phases_prep_ice", "ph":"E", "ts":"675843641284", "pid":"1", "tid":"cmeps"},
{"name":"med_phases_post_atm", "ph":"B", "ts":"675843746567", "pid":"1", "tid":"cmeps"},
{"name":"med_phases_history_write_comp", "ph":"B", "ts":"675843869119", "pid":"1", "tid":"cmeps"},
{"name":"med_phases_history_write_comp", "ph":"E", "ts":"675843869153", "pid":"1", "tid":"cmeps"},
{"name":"med_phases_post_atm", "ph":"E", "ts":"675843869157", "pid":"1", "tid":"cmeps"},
{"name":"med_phases_post_ice", "ph":"B", "ts":"675847006433", "pid":"1", "tid":"cmeps"},
{"name":"med_phases_history_write_comp", "ph":"B", "ts":"675847021739", "pid":"1", "tid":"cmeps"},
{"name":"med_phases_history_write_comp", "ph":"E", "ts":"675847021758", "pid":"1", "tid":"cmeps"},
{"name":"med_phases_post_ice", "ph":"E", "ts":"675847021762", "pid":"1", "tid":"cmeps"},
{"name":"med_phases_ocnalb_run", "ph":"B", "ts":"675847021899", "pid":"1", "tid":"cmeps"},
{"name":"med_phases_history_write_med", "ph":"B", "ts":"675847047242", "pid":"1", "tid":"cmeps"},
{"name":"med_phases_history_write_med", "ph":"E", "ts":"675847047261", "pid":"1", "tid":"cmeps"},
{"name":"med_phases_ocnalb_run", "ph":"E", "ts":"675847047265", "pid":"1", "tid":"cmeps"},
{"name":"med_phases_history_write_med", "ph":"B", "ts":"675847050028", "pid":"1", "tid":"cmeps"},
{"name":"med_phases_history_write_med", "ph":"E", "ts":"675847050034", "pid":"1", "tid":"cmeps"},
{"name":"med_phases_prep_ocn_accum", "ph":"B", "ts":"675847050130", "pid":"1", "tid":"cmeps"},
{"name":"med_phases_prep_ocn_accum", "ph":"E", "ts":"675847054022", "pid":"1", "tid":"cmeps"},
{"name":"med_phases_prep_ice", "ph":"B", "ts":"675847054128", "pid":"1", "tid":"cmeps"},
{"name":"med_phases_prep_ice", "ph":"E", "ts":"675847056273", "pid":"1", "tid":"cmeps"},
{"name":"med_phases_post_atm", "ph":"B", "ts":"675847164488", "pid":"1", "tid":"cmeps"},
{"name":"med_phases_history_write_comp", "ph":"B", "ts":"675847321134", "pid":"1", "tid":"cmeps"},
{"name":"med_phases_history_write_comp", "ph":"E", "ts":"675847321155", "pid":"1", "tid":"cmeps"},
{"name":"med_phases_post_atm", "ph":"E", "ts":"675847321159", "pid":"1", "tid":"cmeps"},
{"name":"med_phases_post_ice", "ph":"B", "ts":"675850444481", "pid":"1", "tid":"cmeps"},
{"name":"med_phases_history_write_comp", "ph":"B", "ts":"675850482326", "pid":"1", "tid":"cmeps"},
{"name":"med_phases_history_write_comp", "ph":"E", "ts":"675850482408", "pid":"1", "tid":"cmeps"},
{"name":"med_phases_post_ice", "ph":"E", "ts":"675850482413", "pid":"1", "tid":"cmeps"},
{"name":"med_phases_ocnalb_run", "ph":"B", "ts":"675850482584", "pid":"1", "tid":"cmeps"},
{"name":"med_phases_history_write_med", "ph":"B", "ts":"675850502261", "pid":"1", "tid":"cmeps"},
{"name":"med_phases_history_write_med", "ph":"E", "ts":"675850502268", "pid":"1", "tid":"cmeps"},
{"name":"med_phases_ocnalb_run", "ph":"E", "ts":"675850502272", "pid":"1", "tid":"cmeps"},
{"name":"med_phases_history_write_med", "ph":"B", "ts":"675850505036", "pid":"1", "tid":"cmeps"},
{"name":"med_phases_history_write_med", "ph":"E", "ts":"675850505043", "pid":"1", "tid":"cmeps"},
{"name":"med_phases_prep_ocn_accum", "ph":"B", "ts":"675850505139", "pid":"1", "tid":"cmeps"},
{"name":"med_phases_prep_ocn_accum", "ph":"E", "ts":"675850509007", "pid":"1", "tid":"cmeps"},
{"name":"med_phases_post_ocn", "ph":"B", "ts":"675903864208", "pid":"1", "tid":"cmeps"},
{"name":"med_phases_history_write_comp", "ph":"B", "ts":"675903886912", "pid":"1", "tid":"cmeps"},
{"name":"med_phases_history_write_comp", "ph":"E", "ts":"675903886943", "pid":"1", "tid":"cmeps"},
{"name":"med_phases_post_ocn", "ph":"E", "ts":"675903886947", "pid":"1", "tid":"cmeps"},
{"name":"med_phases_restart_write", "ph":"B", "ts":"675903887088", "pid":"1", "tid":"cmeps"},
{"name":"med_phases_restart_write", "ph":"E", "ts":"675903887114", "pid":"1", "tid":"cmeps"},
{"name":"med_phases_prep_ocn_avg", "ph":"B", "ts":"675903887197", "pid":"1", "tid":"cmeps"},
{"name":"med_phases_prep_ocn_avg", "ph":"E", "ts":"675903889459", "pid":"1", "tid":"cmeps"},
{"name":"med_phases_prep_ice", "ph":"B", "ts":"675903890050", "pid":"1", "tid":"cmeps"},
{"name":"med_phases_prep_ice", "ph":"E", "ts":"675903892292", "pid":"1", "tid":"cmeps"},
{"name":"med_phases_post_atm", "ph":"B", "ts":"675903998896", "pid":"1", "tid":"cmeps"},
{"name":"med_phases_history_write_comp", "ph":"B", "ts":"675904177312", "pid":"1", "tid":"cmeps"},
{"name":"med_phases_history_write_comp", "ph":"E", "ts":"675904177340", "pid":"1", "tid":"cmeps"},
{"name":"med_phases_post_atm", "ph":"E", "ts":"675904177343", "pid":"1", "tid":"cmeps"},
{"name":"med_phases_post_ice", "ph":"B", "ts":"675907312661", "pid":"1", "tid":"cmeps"},
{"name":"med_phases_history_write_comp", "ph":"B", "ts":"675907352251", "pid":"1", "tid":"cmeps"},
{"name":"med_phases_history_write_comp", "ph":"E", "ts":"675907352280", "pid":"1", "tid":"cmeps"},
{"name":"med_phases_post_ice", "ph":"E", "ts":"675907352292", "pid":"1", "tid":"cmeps"},
{"name":"med_phases_ocnalb_run", "ph":"B", "ts":"675907352477", "pid":"1", "tid":"cmeps"},
{"name":"med_phases_history_write_med", "ph":"B", "ts":"675907356596", "pid":"1", "tid":"cmeps"},
{"name":"med_phases_history_write_med", "ph":"E", "ts":"675907356603", "pid":"1", "tid":"cmeps"},
{"name":"med_phases_ocnalb_run", "ph":"E", "ts":"675907356608", "pid":"1", "tid":"cmeps"},
{"name":"med_phases_history_write_med", "ph":"B", "ts":"675907359376", "pid":"1", "tid":"cmeps"},
{"name":"med_phases_history_write_med", "ph":"E", "ts":"675907359383", "pid":"1", "tid":"cmeps"},
{"name":"med_phases_prep_ocn_accum", "ph":"B", "ts":"675907359482", "pid":"1", "tid":"cmeps"},
{"name":"med_phases_prep_ocn_accum", "ph":"E", "ts":"675907376296", "pid":"1", "tid":"cmeps"},
{"name":"med_phases_prep_ice", "ph":"B", "ts":"675907376430", "pid":"1", "tid":"cmeps"},
{"name":"med_phases_prep_ice", "ph":"E", "ts":"675907378717", "pid":"1", "tid":"cmeps"},
{"name":"med_phases_post_atm", "ph":"B", "ts":"675907491166", "pid":"1", "tid":"cmeps"},
{"name":"med_phases_history_write_comp", "ph":"B", "ts":"675907615628", "pid":"1", "tid":"cmeps"},
{"name":"med_phases_history_write_comp", "ph":"E", "ts":"675907615648", "pid":"1", "tid":"cmeps"},
{"name":"med_phases_post_atm", "ph":"E", "ts":"675907615652", "pid":"1", "tid":"cmeps"},
{"name":"med_phases_post_ice", "ph":"B", "ts":"675910756346", "pid":"1", "tid":"cmeps"},
{"name":"med_phases_history_write_comp", "ph":"B", "ts":"675910779441", "pid":"1", "tid":"cmeps"},
{"name":"med_phases_history_write_comp", "ph":"E", "ts":"675910779546", "pid":"1", "tid":"cmeps"},
{"name":"med_phases_post_ice", "ph":"E", "ts":"675910779551", "pid":"1", "tid":"cmeps"},
{"name":"med_phases_ocnalb_run", "ph":"B", "ts":"675910779775", "pid":"1", "tid":"cmeps"},
{"name":"med_phases_history_write_med", "ph":"B", "ts":"675910803489", "pid":"1", "tid":"cmeps"},
{"name":"med_phases_history_write_med", "ph":"E", "ts":"675910803506", "pid":"1", "tid":"cmeps"},
{"name":"med_phases_ocnalb_run", "ph":"E", "ts":"675910803512", "pid":"1", "tid":"cmeps"},
{"name":"med_phases_history_write_med", "ph":"B", "ts":"675910806668", "pid":"1", "tid":"cmeps"},
{"name":"med_phases_history_write_med", "ph":"E", "ts":"675910806681", "pid":"1", "tid":"cmeps"},
{"name":"med_phases_prep_ocn_accum", "ph":"B", "ts":"675910806821", "pid":"1", "tid":"cmeps"},
{"name":"med_phases_prep_ocn_accum", "ph":"E", "ts":"675910823343", "pid":"1", "tid":"cmeps"},
{"name":"med_phases_prep_ice", "ph":"B", "ts":"675910823577", "pid":"1", "tid":"cmeps"},
{"name":"med_phases_prep_ice", "ph":"E", "ts":"675910826381", "pid":"1", "tid":"cmeps"},
{"name":"med_phases_post_atm", "ph":"B", "ts":"675910954078", "pid":"1", "tid":"cmeps"},
{"name":"med_phases_history_write_comp", "ph":"B", "ts":"675911091624", "pid":"1", "tid":"cmeps"},
{"name":"med_phases_history_write_comp", "ph":"E", "ts":"675911091658", "pid":"1", "tid":"cmeps"},
{"name":"med_phases_post_atm", "ph":"E", "ts":"675911091662", "pid":"1", "tid":"cmeps"},
{"name":"med_phases_post_ice", "ph":"B", "ts":"675914233548", "pid":"1", "tid":"cmeps"},
{"name":"med_phases_history_write_comp", "ph":"B", "ts":"675914235990", "pid":"1", "tid":"cmeps"},
{"name":"med_phases_history_write_comp", "ph":"E", "ts":"675914236009", "pid":"1", "tid":"cmeps"},
{"name":"med_phases_post_ice", "ph":"E", "ts":"675914236012", "pid":"1", "tid":"cmeps"},
{"name":"med_phases_ocnalb_run", "ph":"B", "ts":"675914236150", "pid":"1", "tid":"cmeps"},
{"name":"med_phases_history_write_med", "ph":"B", "ts":"675914237360", "pid":"1", "tid":"cmeps"},
{"name":"med_phases_history_write_med", "ph":"E", "ts":"675914237366", "pid":"1", "tid":"cmeps"},
{"name":"med_phases_ocnalb_run", "ph":"E", "ts":"675914237369", "pid":"1", "tid":"cmeps"},
{"name":"med_phases_history_write_med", "ph":"B", "ts":"675914240111", "pid":"1", "tid":"cmeps"},
{"name":"med_phases_history_write_med", "ph":"E", "ts":"675914240117", "pid":"1", "tid":"cmeps"},
{"name":"med_phases_prep_ocn_accum", "ph":"B", "ts":"675914240217", "pid":"1", "tid":"cmeps"},
{"name":"med_phases_prep_ocn_accum", "ph":"E", "ts":"675914257075", "pid":"1", "tid":"cmeps"},
{"name":"med_phases_prep_ice", "ph":"B", "ts":"675914257203", "pid":"1", "tid":"cmeps"},
{"name":"med_phases_prep_ice", "ph":"E", "ts":"675914259492", "pid":"1", "tid":"cmeps"},
{"name":"med_phases_post_atm", "ph":"B", "ts":"675914361788", "pid":"1", "tid":"cmeps"},
{"name":"med_phases_history_write_comp", "ph":"B", "ts":"675914559951", "pid":"1", "tid":"cmeps"},
{"name":"med_phases_history_write_comp", "ph":"E", "ts":"675914559984", "pid":"1", "tid":"cmeps"},
{"name":"med_phases_post_atm", "ph":"E", "ts":"675914559987", "pid":"1", "tid":"cmeps"},
{"name":"med_phases_post_ice", "ph":"B", "ts":"675917649023", "pid":"1", "tid":"cmeps"},
{"name":"med_phases_history_write_comp", "ph":"B", "ts":"675917667223", "pid":"1", "tid":"cmeps"},
{"name":"med_phases_history_write_comp", "ph":"E", "ts":"675917667250", "pid":"1", "tid":"cmeps"},
{"name":"med_phases_post_ice", "ph":"E", "ts":"675917667253", "pid":"1", "tid":"cmeps"},
{"name":"med_phases_ocnalb_run", "ph":"B", "ts":"675917667443", "pid":"1", "tid":"cmeps"},
{"name":"med_phases_history_write_med", "ph":"B", "ts":"675917678539", "pid":"1", "tid":"cmeps"},
{"name":"med_phases_history_write_med", "ph":"E", "ts":"675917678545", "pid":"1", "tid":"cmeps"},
{"name":"med_phases_ocnalb_run", "ph":"E", "ts":"675917678549", "pid":"1", "tid":"cmeps"},
{"name":"med_phases_history_write_med", "ph":"B", "ts":"675917694337", "pid":"1", "tid":"cmeps"},
{"name":"med_phases_history_write_med", "ph":"E", "ts":"675917694438", "pid":"1", "tid":"cmeps"},
{"name":"med_phases_prep_ocn_accum", "ph":"B", "ts":"675917694633", "pid":"1", "tid":"cmeps"},
{"name":"med_phases_prep_ocn_accum", "ph":"E", "ts":"675917698472", "pid":"1", "tid":"cmeps"},
{"name":"med_phases_post_ocn", "ph":"B", "ts":"675971933926", "pid":"1", "tid":"cmeps"},
{"name":"med_phases_history_write_comp", "ph":"B", "ts":"675971936931", "pid":"1", "tid":"cmeps"},
{"name":"med_phases_history_write_comp", "ph":"E", "ts":"675971936953", "pid":"1", "tid":"cmeps"},
{"name":"med_phases_post_ocn", "ph":"E", "ts":"675971936956", "pid":"1", "tid":"cmeps"},
{"name":"med_phases_restart_write", "ph":"B", "ts":"675971937085", "pid":"1", "tid":"cmeps"},
{"name":"med_phases_restart_write", "ph":"E", "ts":"675971937109", "pid":"1", "tid":"cmeps"},
{"name":"med_phases_prep_ocn_avg", "ph":"B", "ts":"675971937196", "pid":"1", "tid":"cmeps"},
{"name":"med_phases_prep_ocn_avg", "ph":"E", "ts":"675971939559", "pid":"1", "tid":"cmeps"},
{"name":"med_phases_prep_ice", "ph":"B", "ts":"675971940321", "pid":"1", "tid":"cmeps"},
{"name":"med_phases_prep_ice", "ph":"E", "ts":"675971942777", "pid":"1", "tid":"cmeps"},
{"name":"med_phases_post_atm", "ph":"B", "ts":"675972068547", "pid":"1", "tid":"cmeps"},
{"name":"med_phases_history_write_comp", "ph":"B", "ts":"675972222121", "pid":"1", "tid":"cmeps"},
{"name":"med_phases_history_write_comp", "ph":"E", "ts":"675972222153", "pid":"1", "tid":"cmeps"},
{"name":"med_phases_post_atm", "ph":"E", "ts":"675972222157", "pid":"1", "tid":"cmeps"},
{"name":"med_phases_post_ice", "ph":"B", "ts":"675975327795", "pid":"1", "tid":"cmeps"},
{"name":"med_phases_history_write_comp", "ph":"B", "ts":"675975334335", "pid":"1", "tid":"cmeps"},
{"name":"med_phases_history_write_comp", "ph":"E", "ts":"675975334354", "pid":"1", "tid":"cmeps"},
{"name":"med_phases_post_ice", "ph":"E", "ts":"675975334357", "pid":"1", "tid":"cmeps"},
{"name":"med_phases_ocnalb_run", "ph":"B", "ts":"675975334496", "pid":"1", "tid":"cmeps"},
{"name":"med_phases_history_write_med", "ph":"B", "ts":"675975353354", "pid":"1", "tid":"cmeps"},
{"name":"med_phases_history_write_med", "ph":"E", "ts":"675975353370", "pid":"1", "tid":"cmeps"},
{"name":"med_phases_ocnalb_run", "ph":"E", "ts":"675975353375", "pid":"1", "tid":"cmeps"},
{"name":"med_phases_history_write_med", "ph":"B", "ts":"675975356164", "pid":"1", "tid":"cmeps"},
{"name":"med_phases_history_write_med", "ph":"E", "ts":"675975356170", "pid":"1", "tid":"cmeps"},
{"name":"med_phases_prep_ocn_accum", "ph":"B", "ts":"675975356268", "pid":"1", "tid":"cmeps"},
{"name":"med_phases_prep_ocn_accum", "ph":"E", "ts":"675975360064", "pid":"1", "tid":"cmeps"},
{"name":"med_phases_prep_ice", "ph":"B", "ts":"675975360170", "pid":"1", "tid":"cmeps"},
{"name":"med_phases_prep_ice", "ph":"E", "ts":"675975362428", "pid":"1", "tid":"cmeps"},
{"name":"med_phases_post_atm", "ph":"B", "ts":"675975473506", "pid":"1", "tid":"cmeps"},
{"name":"med_phases_history_write_comp", "ph":"B", "ts":"675975635170", "pid":"1", "tid":"cmeps"},
{"name":"med_phases_history_write_comp", "ph":"E", "ts":"675975635195", "pid":"1", "tid":"cmeps"},
{"name":"med_phases_post_atm", "ph":"E", "ts":"675975635199", "pid":"1", "tid":"cmeps"},
{"name":"med_phases_post_ice", "ph":"B", "ts":"675978813591", "pid":"1", "tid":"cmeps"},
{"name":"med_phases_history_write_comp", "ph":"B", "ts":"675978815887", "pid":"1", "tid":"cmeps"},
{"name":"med_phases_history_write_comp", "ph":"E", "ts":"675978815903", "pid":"1", "tid":"cmeps"},
{"name":"med_phases_post_ice", "ph":"E", "ts":"675978815906", "pid":"1", "tid":"cmeps"},
{"name":"med_phases_ocnalb_run", "ph":"B", "ts":"675978816028", "pid":"1", "tid":"cmeps"},
{"name":"med_phases_history_write_med", "ph":"B", "ts":"675978850373", "pid":"1", "tid":"cmeps"},
{"name":"med_phases_history_write_med", "ph":"E", "ts":"675978850384", "pid":"1", "tid":"cmeps"},
{"name":"med_phases_ocnalb_run", "ph":"E", "ts":"675978850388", "pid":"1", "tid":"cmeps"},
{"name":"med_phases_history_write_med", "ph":"B", "ts":"675978853178", "pid":"1", "tid":"cmeps"},
{"name":"med_phases_history_write_med", "ph":"E", "ts":"675978853233", "pid":"1", "tid":"cmeps"},
{"name":"med_phases_prep_ocn_accum", "ph":"B", "ts":"675978853343", "pid":"1", "tid":"cmeps"},
{"name":"med_phases_prep_ocn_accum", "ph":"E", "ts":"675978857142", "pid":"1", "tid":"cmeps"},
{"name":"med_phases_prep_ice", "ph":"B", "ts":"675978857247", "pid":"1", "tid":"cmeps"},
{"name":"med_phases_prep_ice", "ph":"E", "ts":"675978859427", "pid":"1", "tid":"cmeps"},
{"name":"med_phases_post_atm", "ph":"B", "ts":"675978972586", "pid":"1", "tid":"cmeps"},
{"name":"med_phases_history_write_comp", "ph":"B", "ts":"675979102738", "pid":"1", "tid":"cmeps"},
{"name":"med_phases_history_write_comp", "ph":"E", "ts":"675979102759", "pid":"1", "tid":"cmeps"},
{"name":"med_phases_post_atm", "ph":"E", "ts":"675979102763", "pid":"1", "tid":"cmeps"},
{"name":"med_phases_post_ice", "ph":"B", "ts":"675982277567", "pid":"1", "tid":"cmeps"},
{"name":"med_phases_history_write_comp", "ph":"B", "ts":"675982313335", "pid":"1", "tid":"cmeps"},
{"name":"med_phases_history_write_comp", "ph":"E", "ts":"675982313366", "pid":"1", "tid":"cmeps"},
{"name":"med_phases_post_ice", "ph":"E", "ts":"675982313369", "pid":"1", "tid":"cmeps"},
{"name":"med_phases_ocnalb_run", "ph":"B", "ts":"675982313543", "pid":"1", "tid":"cmeps"},
{"name":"med_phases_history_write_med", "ph":"B", "ts":"675982334382", "pid":"1", "tid":"cmeps"},
{"name":"med_phases_history_write_med", "ph":"E", "ts":"675982334392", "pid":"1", "tid":"cmeps"},
{"name":"med_phases_ocnalb_run", "ph":"E", "ts":"675982334396", "pid":"1", "tid":"cmeps"},
{"name":"med_phases_history_write_med", "ph":"B", "ts":"675982337190", "pid":"1", "tid":"cmeps"},
{"name":"med_phases_history_write_med", "ph":"E", "ts":"675982337197", "pid":"1", "tid":"cmeps"},
{"name":"med_phases_prep_ocn_accum", "ph":"B", "ts":"675982337301", "pid":"1", "tid":"cmeps"},
{"name":"med_phases_prep_ocn_accum", "ph":"E", "ts":"675982341153", "pid":"1", "tid":"cmeps"},
{"name":"med_phases_prep_ice", "ph":"B", "ts":"675982341261", "pid":"1", "tid":"cmeps"},
{"name":"med_phases_prep_ice", "ph":"E", "ts":"675982343577", "pid":"1", "tid":"cmeps"},
{"name":"med_phases_post_atm", "ph":"B", "ts":"675982467881", "pid":"1", "tid":"cmeps"},
{"name":"med_phases_history_write_comp", "ph":"B", "ts":"675982622113", "pid":"1", "tid":"cmeps"},
{"name":"med_phases_history_write_comp", "ph":"E", "ts":"675982622134", "pid":"1", "tid":"cmeps"},
{"name":"med_phases_post_atm", "ph":"E", "ts":"675982622137", "pid":"1", "tid":"cmeps"},
{"name":"med_phases_post_ice", "ph":"B", "ts":"675985825625", "pid":"1", "tid":"cmeps"},
{"name":"med_phases_history_write_comp", "ph":"B", "ts":"675985835918", "pid":"1", "tid":"cmeps"},
{"name":"med_phases_history_write_comp", "ph":"E", "ts":"675985835938", "pid":"1", "tid":"cmeps"},
{"name":"med_phases_post_ice", "ph":"E", "ts":"675985835941", "pid":"1", "tid":"cmeps"},
{"name":"med_phases_ocnalb_run", "ph":"B", "ts":"675985836082", "pid":"1", "tid":"cmeps"},
{"name":"med_phases_history_write_med", "ph":"B", "ts":"675985853642", "pid":"1", "tid":"cmeps"},
{"name":"med_phases_history_write_med", "ph":"E", "ts":"675985853651", "pid":"1", "tid":"cmeps"},
{"name":"med_phases_ocnalb_run", "ph":"E", "ts":"675985853655", "pid":"1", "tid":"cmeps"},
{"name":"med_phases_history_write_med", "ph":"B", "ts":"675985856444", "pid":"1", "tid":"cmeps"},
{"name":"med_phases_history_write_med", "ph":"E", "ts":"675985856451", "pid":"1", "tid":"cmeps"},
{"name":"med_phases_prep_ocn_accum", "ph":"B", "ts":"675985856555", "pid":"1", "tid":"cmeps"},
{"name":"med_phases_prep_ocn_accum", "ph":"E", "ts":"675985860375", "pid":"1", "tid":"cmeps"},
{"name":"med_phases_post_ocn", "ph":"B", "ts":"676040414484", "pid":"1", "tid":"cmeps"},
{"name":"med_phases_history_write_comp", "ph":"B", "ts":"676040416704", "pid":"1", "tid":"cmeps"},
{"name":"med_phases_history_write_comp", "ph":"E", "ts":"676040416724", "pid":"1", "tid":"cmeps"},
{"name":"med_phases_post_ocn", "ph":"E", "ts":"676040416727", "pid":"1", "tid":"cmeps"},
{"name":"med_phases_restart_write", "ph":"B", "ts":"676040416892", "pid":"1", "tid":"cmeps"},
{"name":"med_phases_restart_write", "ph":"E", "ts":"676040416918", "pid":"1", "tid":"cmeps"},
{"name":"med_phases_prep_ocn_avg", "ph":"B", "ts":"676040417006", "pid":"1", "tid":"cmeps"},
{"name":"med_phases_prep_ocn_avg", "ph":"E", "ts":"676040419865", "pid":"1", "tid":"cmeps"},
{"name":"med_phases_prep_ice", "ph":"B", "ts":"676040423817", "pid":"1", "tid":"cmeps"},
{"name":"med_phases_prep_ice", "ph":"E", "ts":"676040426592", "pid":"1", "tid":"cmeps"},
{"name":"med_phases_post_atm", "ph":"B", "ts":"676040559161", "pid":"1", "tid":"cmeps"},
{"name":"med_phases_history_write_comp", "ph":"B", "ts":"676040689495", "pid":"1", "tid":"cmeps"},
{"name":"med_phases_history_write_comp", "ph":"E", "ts":"676040689525", "pid":"1", "tid":"cmeps"},
{"name":"med_phases_post_atm", "ph":"E", "ts":"676040689528", "pid":"1", "tid":"cmeps"},
{"name":"med_phases_post_ice", "ph":"B", "ts":"676043871401", "pid":"1", "tid":"cmeps"},
{"name":"med_phases_history_write_comp", "ph":"B", "ts":"676043874758", "pid":"1", "tid":"cmeps"},
{"name":"med_phases_history_write_comp", "ph":"E", "ts":"676043874781", "pid":"1", "tid":"cmeps"},
{"name":"med_phases_post_ice", "ph":"E", "ts":"676043874784", "pid":"1", "tid":"cmeps"},
{"name":"med_phases_ocnalb_run", "ph":"B", "ts":"676043874921", "pid":"1", "tid":"cmeps"},
{"name":"med_phases_history_write_med", "ph":"B", "ts":"676043900771", "pid":"1", "tid":"cmeps"},
{"name":"med_phases_history_write_med", "ph":"E", "ts":"676043900784", "pid":"1", "tid":"cmeps"},
{"name":"med_phases_ocnalb_run", "ph":"E", "ts":"676043900788", "pid":"1", "tid":"cmeps"},
{"name":"med_phases_history_write_med", "ph":"B", "ts":"676043903756", "pid":"1", "tid":"cmeps"},
{"name":"med_phases_history_write_med", "ph":"E", "ts":"676043903761", "pid":"1", "tid":"cmeps"},
{"name":"med_phases_prep_ocn_accum", "ph":"B", "ts":"676043903866", "pid":"1", "tid":"cmeps"},
{"name":"med_phases_prep_ocn_accum", "ph":"E", "ts":"676043907714", "pid":"1", "tid":"cmeps"},
{"name":"med_phases_prep_ice", "ph":"B", "ts":"676043907827", "pid":"1", "tid":"cmeps"},
{"name":"med_phases_prep_ice", "ph":"E", "ts":"676043923073", "pid":"1", "tid":"cmeps"},
{"name":"med_phases_post_atm", "ph":"B", "ts":"676044028185", "pid":"1", "tid":"cmeps"},
{"name":"med_phases_history_write_comp", "ph":"B", "ts":"676044182164", "pid":"1", "tid":"cmeps"},
{"name":"med_phases_history_write_comp", "ph":"E", "ts":"676044182187", "pid":"1", "tid":"cmeps"},
{"name":"med_phases_post_atm", "ph":"E", "ts":"676044182191", "pid":"1", "tid":"cmeps"},
{"name":"med_phases_post_ice", "ph":"B", "ts":"676047432834", "pid":"1", "tid":"cmeps"},
{"name":"med_phases_history_write_comp", "ph":"B", "ts":"676047455313", "pid":"1", "tid":"cmeps"},
{"name":"med_phases_history_write_comp", "ph":"E", "ts":"676047455339", "pid":"1", "tid":"cmeps"},
{"name":"med_phases_post_ice", "ph":"E", "ts":"676047455342", "pid":"1", "tid":"cmeps"},
{"name":"med_phases_ocnalb_run", "ph":"B", "ts":"676047455521", "pid":"1", "tid":"cmeps"},
{"name":"med_phases_history_write_med", "ph":"B", "ts":"676047460691", "pid":"1", "tid":"cmeps"},
{"name":"med_phases_history_write_med", "ph":"E", "ts":"676047460697", "pid":"1", "tid":"cmeps"},
{"name":"med_phases_ocnalb_run", "ph":"E", "ts":"676047460701", "pid":"1", "tid":"cmeps"},
{"name":"med_phases_history_write_med", "ph":"B", "ts":"676047463470", "pid":"1", "tid":"cmeps"},
{"name":"med_phases_history_write_med", "ph":"E", "ts":"676047463475", "pid":"1", "tid":"cmeps"},
{"name":"med_phases_prep_ocn_accum", "ph":"B", "ts":"676047463573", "pid":"1", "tid":"cmeps"},
{"name":"med_phases_prep_ocn_accum", "ph":"E", "ts":"676047476418", "pid":"1", "tid":"cmeps"},
{"name":"med_phases_prep_ice", "ph":"B", "ts":"676047476561", "pid":"1", "tid":"cmeps"},
{"name":"med_phases_prep_ice", "ph":"E", "ts":"676047478927", "pid":"1", "tid":"cmeps"},
{"name":"med_phases_post_atm", "ph":"B", "ts":"676047587837", "pid":"1", "tid":"cmeps"},
{"name":"med_phases_history_write_comp", "ph":"B", "ts":"676047725175", "pid":"1", "tid":"cmeps"},
{"name":"med_phases_history_write_comp", "ph":"E", "ts":"676047725276", "pid":"1", "tid":"cmeps"},
{"name":"med_phases_post_atm", "ph":"E", "ts":"676047725281", "pid":"1", "tid":"cmeps"},
{"name":"med_phases_post_ice", "ph":"B", "ts":"676050962117", "pid":"1", "tid":"cmeps"},
{"name":"med_phases_history_write_comp", "ph":"B", "ts":"676050977509", "pid":"1", "tid":"cmeps"},
{"name":"med_phases_history_write_comp", "ph":"E", "ts":"676050977529", "pid":"1", "tid":"cmeps"},
{"name":"med_phases_post_ice", "ph":"E", "ts":"676050977533", "pid":"1", "tid":"cmeps"},
{"name":"med_phases_ocnalb_run", "ph":"B", "ts":"676050977669", "pid":"1", "tid":"cmeps"},
{"name":"med_phases_history_write_med", "ph":"B", "ts":"676050988616", "pid":"1", "tid":"cmeps"},
{"name":"med_phases_history_write_med", "ph":"E", "ts":"676050988621", "pid":"1", "tid":"cmeps"},
{"name":"med_phases_ocnalb_run", "ph":"E", "ts":"676050988625", "pid":"1", "tid":"cmeps"},
{"name":"med_phases_history_write_med", "ph":"B", "ts":"676051004426", "pid":"1", "tid":"cmeps"},
{"name":"med_phases_history_write_med", "ph":"E", "ts":"676051004438", "pid":"1", "tid":"cmeps"},
{"name":"med_phases_prep_ocn_accum", "ph":"B", "ts":"676051004558", "pid":"1", "tid":"cmeps"},
{"name":"med_phases_prep_ocn_accum", "ph":"E", "ts":"676051008376", "pid":"1", "tid":"cmeps"},
{"name":"med_phases_prep_ice", "ph":"B", "ts":"676051008499", "pid":"1", "tid":"cmeps"},
{"name":"med_phases_prep_ice", "ph":"E", "ts":"676051010677", "pid":"1", "tid":"cmeps"},
{"name":"med_phases_post_atm", "ph":"B", "ts":"676054953876", "pid":"1", "tid":"cmeps"},
{"name":"med_phases_history_write_comp", "ph":"B", "ts":"676055087425", "pid":"1", "tid":"cmeps"},
{"name":"med_phases_history_write_comp", "ph":"E", "ts":"676055097423", "pid":"1", "tid":"cmeps"},
{"name":"med_phases_post_atm", "ph":"E", "ts":"676055097432", "pid":"1", "tid":"cmeps"},
{"name":"med_phases_post_ice", "ph":"B", "ts":"676055200518", "pid":"1", "tid":"cmeps"},
{"name":"med_phases_history_write_comp", "ph":"B", "ts":"676055218892", "pid":"1", "tid":"cmeps"},
{"name":"med_phases_history_write_comp", "ph":"E", "ts":"676055218913", "pid":"1", "tid":"cmeps"},
{"name":"med_phases_post_ice", "ph":"E", "ts":"676055218916", "pid":"1", "tid":"cmeps"},
{"name":"med_phases_ocnalb_run", "ph":"B", "ts":"676055219877", "pid":"1", "tid":"cmeps"},
{"name":"med_phases_history_write_med", "ph":"B", "ts":"676055227325", "pid":"1", "tid":"cmeps"},
{"name":"med_phases_history_write_med", "ph":"E", "ts":"676055227844", "pid":"1", "tid":"cmeps"},
{"name":"med_phases_ocnalb_run", "ph":"E", "ts":"676055227849", "pid":"1", "tid":"cmeps"},
{"name":"med_phases_history_write_med", "ph":"B", "ts":"676055235204", "pid":"1", "tid":"cmeps"},
{"name":"med_phases_history_write_med", "ph":"E", "ts":"676055235212", "pid":"1", "tid":"cmeps"},
{"name":"med_phases_prep_ocn_accum", "ph":"B", "ts":"676055235502", "pid":"1", "tid":"cmeps"},
{"name":"med_phases_prep_ocn_accum", "ph":"E", "ts":"676055250792", "pid":"1", "tid":"cmeps"},
{"name":"med_phases_post_ocn", "ph":"B", "ts":"676109846633", "pid":"1", "tid":"cmeps"},
{"name":"med_phases_history_write_comp", "ph":"B", "ts":"676109849003", "pid":"1", "tid":"cmeps"},
{"name":"med_phases_history_write_comp", "ph":"E", "ts":"676109849052", "pid":"1", "tid":"cmeps"},
{"name":"med_phases_post_ocn", "ph":"E", "ts":"676109849055", "pid":"1", "tid":"cmeps"},
{"name":"med_phases_restart_write", "ph":"B", "ts":"676109849225", "pid":"1", "tid":"cmeps"},
{"name":"med_phases_restart_write", "ph":"E", "ts":"676109849273", "pid":"1", "tid":"cmeps"},
{"name":"med_phases_prep_ocn_avg", "ph":"B", "ts":"676109849361", "pid":"1", "tid":"cmeps"},
{"name":"med_phases_prep_ocn_avg", "ph":"E", "ts":"676109855910", "pid":"1", "tid":"cmeps"},
{"name":"med_phases_prep_ice", "ph":"B", "ts":"676109857299", "pid":"1", "tid":"cmeps"},
{"name":"med_phases_prep_ice", "ph":"E", "ts":"676109861702", "pid":"1", "tid":"cmeps"},
{"name":"med_phases_post_atm", "ph":"B", "ts":"676109998996", "pid":"1", "tid":"cmeps"},
{"name":"med_phases_history_write_comp", "ph":"B", "ts":"676110139234", "pid":"1", "tid":"cmeps"},
{"name":"med_phases_history_write_comp", "ph":"E", "ts":"676110139342", "pid":"1", "tid":"cmeps"},
{"name":"med_phases_post_atm", "ph":"E", "ts":"676110139347", "pid":"1", "tid":"cmeps"},
{"name":"med_phases_post_ice", "ph":"B", "ts":"676113180793", "pid":"1", "tid":"cmeps"},
{"name":"med_phases_history_write_comp", "ph":"B", "ts":"676113318473", "pid":"1", "tid":"cmeps"},
{"name":"med_phases_history_write_comp", "ph":"E", "ts":"676113318509", "pid":"1", "tid":"cmeps"},
{"name":"med_phases_post_ice", "ph":"E", "ts":"676113318513", "pid":"1", "tid":"cmeps"},
{"name":"med_phases_ocnalb_run", "ph":"B", "ts":"676113318747", "pid":"1", "tid":"cmeps"},
{"name":"med_phases_history_write_med", "ph":"B", "ts":"676113320138", "pid":"1", "tid":"cmeps"},
{"name":"med_phases_history_write_med", "ph":"E", "ts":"676113320149", "pid":"1", "tid":"cmeps"},
{"name":"med_phases_ocnalb_run", "ph":"E", "ts":"676113320153", "pid":"1", "tid":"cmeps"},
{"name":"med_phases_history_write_med", "ph":"B", "ts":"676113323166", "pid":"1", "tid":"cmeps"},
{"name":"med_phases_history_write_med", "ph":"E", "ts":"676113323176", "pid":"1", "tid":"cmeps"},
{"name":"med_phases_prep_ocn_accum", "ph":"B", "ts":"676113323312", "pid":"1", "tid":"cmeps"},
{"name":"med_phases_prep_ocn_accum", "ph":"E", "ts":"676113340142", "pid":"1", "tid":"cmeps"},
{"name":"med_phases_prep_ice", "ph":"B", "ts":"676113340363", "pid":"1", "tid":"cmeps"},
{"name":"med_phases_prep_ice", "ph":"E", "ts":"676113342616", "pid":"1", "tid":"cmeps"},
{"name":"med_phases_post_atm", "ph":"B", "ts":"676113438614", "pid":"1", "tid":"cmeps"},
{"name":"med_phases_history_write_comp", "ph":"B", "ts":"676113631544", "pid":"1", "tid":"cmeps"},
{"name":"med_phases_history_write_comp", "ph":"E", "ts":"676113631581", "pid":"1", "tid":"cmeps"},
{"name":"med_phases_post_atm", "ph":"E", "ts":"676113631585", "pid":"1", "tid":"cmeps"},
{"name":"med_phases_post_ice", "ph":"B", "ts":"676116823045", "pid":"1", "tid":"cmeps"},
{"name":"med_phases_history_write_comp", "ph":"B", "ts":"676116830437", "pid":"1", "tid":"cmeps"},
{"name":"med_phases_history_write_comp", "ph":"E", "ts":"676116830463", "pid":"1", "tid":"cmeps"},
{"name":"med_phases_post_ice", "ph":"E", "ts":"676116830467", "pid":"1", "tid":"cmeps"},
{"name":"med_phases_ocnalb_run", "ph":"B", "ts":"676116830598", "pid":"1", "tid":"cmeps"},
{"name":"med_phases_history_write_med", "ph":"B", "ts":"676116845544", "pid":"1", "tid":"cmeps"},
{"name":"med_phases_history_write_med", "ph":"E", "ts":"676116845552", "pid":"1", "tid":"cmeps"},
{"name":"med_phases_ocnalb_run", "ph":"E", "ts":"676116845556", "pid":"1", "tid":"cmeps"},
{"name":"med_phases_history_write_med", "ph":"B", "ts":"676116848312", "pid":"1", "tid":"cmeps"},
{"name":"med_phases_history_write_med", "ph":"E", "ts":"676116848319", "pid":"1", "tid":"cmeps"},
{"name":"med_phases_prep_ocn_accum", "ph":"B", "ts":"676116848416", "pid":"1", "tid":"cmeps"},
{"name":"med_phases_prep_ocn_accum", "ph":"E", "ts":"676116852119", "pid":"1", "tid":"cmeps"},
{"name":"med_phases_prep_ice", "ph":"B", "ts":"676116852220", "pid":"1", "tid":"cmeps"},
{"name":"med_phases_prep_ice", "ph":"E", "ts":"676116854482", "pid":"1", "tid":"cmeps"},
{"name":"med_phases_post_atm", "ph":"B", "ts":"676116951989", "pid":"1", "tid":"cmeps"},
{"name":"med_phases_history_write_comp", "ph":"B", "ts":"676117148221", "pid":"1", "tid":"cmeps"},
{"name":"med_phases_history_write_comp", "ph":"E", "ts":"676117148247", "pid":"1", "tid":"cmeps"},
{"name":"med_phases_post_atm", "ph":"E", "ts":"676117148250", "pid":"1", "tid":"cmeps"},
{"name":"med_phases_post_ice", "ph":"B", "ts":"676120299077", "pid":"1", "tid":"cmeps"},
{"name":"med_phases_history_write_comp", "ph":"B", "ts":"676120328407", "pid":"1", "tid":"cmeps"},
{"name":"med_phases_history_write_comp", "ph":"E", "ts":"676120328443", "pid":"1", "tid":"cmeps"},
{"name":"med_phases_post_ice", "ph":"E", "ts":"676120328447", "pid":"1", "tid":"cmeps"},
{"name":"med_phases_ocnalb_run", "ph":"B", "ts":"676120328672", "pid":"1", "tid":"cmeps"},
{"name":"med_phases_history_write_med", "ph":"B", "ts":"676120337738", "pid":"1", "tid":"cmeps"},
{"name":"med_phases_history_write_med", "ph":"E", "ts":"676120337750", "pid":"1", "tid":"cmeps"},
{"name":"med_phases_ocnalb_run", "ph":"E", "ts":"676120337754", "pid":"1", "tid":"cmeps"},
{"name":"med_phases_history_write_med", "ph":"B", "ts":"676120353560", "pid":"1", "tid":"cmeps"},
{"name":"med_phases_history_write_med", "ph":"E", "ts":"676120353574", "pid":"1", "tid":"cmeps"},
{"name":"med_phases_prep_ocn_accum", "ph":"B", "ts":"676120353712", "pid":"1", "tid":"cmeps"},
{"name":"med_phases_prep_ocn_accum", "ph":"E", "ts":"676120357360", "pid":"1", "tid":"cmeps"},
{"name":"med_phases_prep_ice", "ph":"B", "ts":"676120357496", "pid":"1", "tid":"cmeps"},
{"name":"med_phases_prep_ice", "ph":"E", "ts":"676120359573", "pid":"1", "tid":"cmeps"},
{"name":"med_phases_post_atm", "ph":"B", "ts":"676120465006", "pid":"1", "tid":"cmeps"},
{"name":"med_phases_history_write_comp", "ph":"B", "ts":"676120646628", "pid":"1", "tid":"cmeps"},
{"name":"med_phases_history_write_comp", "ph":"E", "ts":"676120646648", "pid":"1", "tid":"cmeps"},
{"name":"med_phases_post_atm", "ph":"E", "ts":"676120646652", "pid":"1", "tid":"cmeps"},
{"name":"med_phases_post_ice", "ph":"B", "ts":"676123787810", "pid":"1", "tid":"cmeps"},
{"name":"med_phases_history_write_comp", "ph":"B", "ts":"676123831447", "pid":"1", "tid":"cmeps"},
{"name":"med_phases_history_write_comp", "ph":"E", "ts":"676123831487", "pid":"1", "tid":"cmeps"},
{"name":"med_phases_post_ice", "ph":"E", "ts":"676123831491", "pid":"1", "tid":"cmeps"},
{"name":"med_phases_ocnalb_run", "ph":"B", "ts":"676123831675", "pid":"1", "tid":"cmeps"},
{"name":"med_phases_history_write_med", "ph":"B", "ts":"676123858571", "pid":"1", "tid":"cmeps"},
{"name":"med_phases_history_write_med", "ph":"E", "ts":"676123858584", "pid":"1", "tid":"cmeps"},
{"name":"med_phases_ocnalb_run", "ph":"E", "ts":"676123858588", "pid":"1", "tid":"cmeps"},
{"name":"med_phases_history_write_med", "ph":"B", "ts":"676123861379", "pid":"1", "tid":"cmeps"},
{"name":"med_phases_history_write_med", "ph":"E", "ts":"676123861385", "pid":"1", "tid":"cmeps"},
{"name":"med_phases_prep_ocn_accum", "ph":"B", "ts":"676123861490", "pid":"1", "tid":"cmeps"},
{"name":"med_phases_prep_ocn_accum", "ph":"E", "ts":"676123865125", "pid":"1", "tid":"cmeps"},
{"name":"med_phases_post_ocn", "ph":"B", "ts":"676186329541", "pid":"1", "tid":"cmeps"},
{"name":"med_phases_history_write_comp", "ph":"B", "ts":"676186332605", "pid":"1", "tid":"cmeps"},
{"name":"med_phases_history_write_comp", "ph":"E", "ts":"676186332652", "pid":"1", "tid":"cmeps"},
{"name":"med_phases_post_ocn", "ph":"E", "ts":"676186332657", "pid":"1", "tid":"cmeps"},
{"name":"med_phases_restart_write", "ph":"B", "ts":"676186332870", "pid":"1", "tid":"cmeps"},
{"name":"med_phases_restart_write", "ph":"E", "ts":"676186332918", "pid":"1", "tid":"cmeps"},
{"name":"med_phases_prep_ocn_avg", "ph":"B", "ts":"676186333007", "pid":"1", "tid":"cmeps"},
{"name":"med_phases_prep_ocn_avg", "ph":"E", "ts":"676186346271", "pid":"1", "tid":"cmeps"},
{"name":"med_phases_prep_ice", "ph":"B", "ts":"676186347589", "pid":"1", "tid":"cmeps"},
{"name":"med_phases_prep_ice", "ph":"E", "ts":"676186357811", "pid":"1", "tid":"cmeps"},
{"name":"med_phases_post_atm", "ph":"B", "ts":"676186498658", "pid":"1", "tid":"cmeps"},
{"name":"med_phases_history_write_comp", "ph":"B", "ts":"676186647436", "pid":"1", "tid":"cmeps"},
{"name":"med_phases_history_write_comp", "ph":"E", "ts":"676186647529", "pid":"1", "tid":"cmeps"},
{"name":"med_phases_post_atm", "ph":"E", "ts":"676186647533", "pid":"1", "tid":"cmeps"},
{"name":"med_phases_post_ice", "ph":"B", "ts":"676189723455", "pid":"1", "tid":"cmeps"},
{"name":"med_phases_history_write_comp", "ph":"B", "ts":"676189755503", "pid":"1", "tid":"cmeps"},
{"name":"med_phases_history_write_comp", "ph":"E", "ts":"676189755544", "pid":"1", "tid":"cmeps"},
{"name":"med_phases_post_ice", "ph":"E", "ts":"676189755548", "pid":"1", "tid":"cmeps"},
{"name":"med_phases_ocnalb_run", "ph":"B", "ts":"676189756633", "pid":"1", "tid":"cmeps"},
{"name":"med_phases_history_write_med", "ph":"B", "ts":"676189814702", "pid":"1", "tid":"cmeps"},
{"name":"med_phases_history_write_med", "ph":"E", "ts":"676189814730", "pid":"1", "tid":"cmeps"},
{"name":"med_phases_ocnalb_run", "ph":"E", "ts":"676189814737", "pid":"1", "tid":"cmeps"},
{"name":"med_phases_history_write_med", "ph":"B", "ts":"676189817669", "pid":"1", "tid":"cmeps"},
{"name":"med_phases_history_write_med", "ph":"E", "ts":"676189817679", "pid":"1", "tid":"cmeps"},
{"name":"med_phases_prep_ocn_accum", "ph":"B", "ts":"676189817795", "pid":"1", "tid":"cmeps"},
{"name":"med_phases_prep_ocn_accum", "ph":"E", "ts":"676189821658", "pid":"1", "tid":"cmeps"},
{"name":"med_phases_prep_ice", "ph":"B", "ts":"676189821784", "pid":"1", "tid":"cmeps"},
{"name":"med_phases_prep_ice", "ph":"E", "ts":"676189824156", "pid":"1", "tid":"cmeps"},
{"name":"med_phases_post_atm", "ph":"B", "ts":"676189936874", "pid":"1", "tid":"cmeps"},
{"name":"med_phases_history_write_comp", "ph":"B", "ts":"676190128407", "pid":"1", "tid":"cmeps"},
{"name":"med_phases_history_write_comp", "ph":"E", "ts":"676190128434", "pid":"1", "tid":"cmeps"},
{"name":"med_phases_post_atm", "ph":"E", "ts":"676190128438", "pid":"1", "tid":"cmeps"},
{"name":"med_phases_post_ice", "ph":"B", "ts":"676193269281", "pid":"1", "tid":"cmeps"},
{"name":"med_phases_history_write_comp", "ph":"B", "ts":"676193340552", "pid":"1", "tid":"cmeps"},
{"name":"med_phases_history_write_comp", "ph":"E", "ts":"676193340585", "pid":"1", "tid":"cmeps"},
{"name":"med_phases_post_ice", "ph":"E", "ts":"676193340589", "pid":"1", "tid":"cmeps"},
{"name":"med_phases_ocnalb_run", "ph":"B", "ts":"676193340783", "pid":"1", "tid":"cmeps"},
{"name":"med_phases_history_write_med", "ph":"B", "ts":"676193382669", "pid":"1", "tid":"cmeps"},
{"name":"med_phases_history_write_med", "ph":"E", "ts":"676193382688", "pid":"1", "tid":"cmeps"},
{"name":"med_phases_ocnalb_run", "ph":"E", "ts":"676193382693", "pid":"1", "tid":"cmeps"},
{"name":"med_phases_history_write_med", "ph":"B", "ts":"676193385505", "pid":"1", "tid":"cmeps"},
{"name":"med_phases_history_write_med", "ph":"E", "ts":"676193385513", "pid":"1", "tid":"cmeps"},
{"name":"med_phases_prep_ocn_accum", "ph":"B", "ts":"676193385627", "pid":"1", "tid":"cmeps"},
{"name":"med_phases_prep_ocn_accum", "ph":"E", "ts":"676193389323", "pid":"1", "tid":"cmeps"},
{"name":"med_phases_prep_ice", "ph":"B", "ts":"676193389435", "pid":"1", "tid":"cmeps"},
{"name":"med_phases_prep_ice", "ph":"E", "ts":"676193391696", "pid":"1", "tid":"cmeps"},
{"name":"med_phases_post_atm", "ph":"B", "ts":"676193502212", "pid":"1", "tid":"cmeps"},
{"name":"med_phases_history_write_comp", "ph":"B", "ts":"676193665620", "pid":"1", "tid":"cmeps"},
{"name":"med_phases_history_write_comp", "ph":"E", "ts":"676193665653", "pid":"1", "tid":"cmeps"},
{"name":"med_phases_post_atm", "ph":"E", "ts":"676193665657", "pid":"1", "tid":"cmeps"},
{"name":"med_phases_post_ice", "ph":"B", "ts":"676196864826", "pid":"1", "tid":"cmeps"},
{"name":"med_phases_history_write_comp", "ph":"B", "ts":"676196889579", "pid":"1", "tid":"cmeps"},
{"name":"med_phases_history_write_comp", "ph":"E", "ts":"676196889612", "pid":"1", "tid":"cmeps"},
{"name":"med_phases_post_ice", "ph":"E", "ts":"676196889615", "pid":"1", "tid":"cmeps"},
{"name":"med_phases_ocnalb_run", "ph":"B", "ts":"676196889823", "pid":"1", "tid":"cmeps"},
{"name":"med_phases_history_write_med", "ph":"B", "ts":"676196894856", "pid":"1", "tid":"cmeps"},
{"name":"med_phases_history_write_med", "ph":"E", "ts":"676196894864", "pid":"1", "tid":"cmeps"},
{"name":"med_phases_ocnalb_run", "ph":"E", "ts":"676196894869", "pid":"1", "tid":"cmeps"},
{"name":"med_phases_history_write_med", "ph":"B", "ts":"676196897636", "pid":"1", "tid":"cmeps"},
{"name":"med_phases_history_write_med", "ph":"E", "ts":"676196897645", "pid":"1", "tid":"cmeps"},
{"name":"med_phases_prep_ocn_accum", "ph":"B", "ts":"676196897752", "pid":"1", "tid":"cmeps"},
{"name":"med_phases_prep_ocn_accum", "ph":"E", "ts":"676196901397", "pid":"1", "tid":"cmeps"},
{"name":"med_phases_prep_ice", "ph":"B", "ts":"676196901595", "pid":"1", "tid":"cmeps"},
{"name":"med_phases_prep_ice", "ph":"E", "ts":"676196916862", "pid":"1", "tid":"cmeps"},
{"name":"med_phases_post_atm", "ph":"B", "ts":"676197022167", "pid":"1", "tid":"cmeps"},
{"name":"med_phases_history_write_comp", "ph":"B", "ts":"676197172352", "pid":"1", "tid":"cmeps"},
{"name":"med_phases_history_write_comp", "ph":"E", "ts":"676197172389", "pid":"1", "tid":"cmeps"},
{"name":"med_phases_post_atm", "ph":"E", "ts":"676197172393", "pid":"1", "tid":"cmeps"},
{"name":"med_phases_post_ice", "ph":"B", "ts":"676200372838", "pid":"1", "tid":"cmeps"},
{"name":"med_phases_history_write_comp", "ph":"B", "ts":"676200392725", "pid":"1", "tid":"cmeps"},
{"name":"med_phases_history_write_comp", "ph":"E", "ts":"676200392757", "pid":"1", "tid":"cmeps"},
{"name":"med_phases_post_ice", "ph":"E", "ts":"676200392761", "pid":"1", "tid":"cmeps"},
{"name":"med_phases_ocnalb_run", "ph":"B", "ts":"676200392975", "pid":"1", "tid":"cmeps"},
{"name":"med_phases_history_write_med", "ph":"B", "ts":"676200407079", "pid":"1", "tid":"cmeps"},
{"name":"med_phases_history_write_med", "ph":"E", "ts":"676200407085", "pid":"1", "tid":"cmeps"},
{"name":"med_phases_ocnalb_run", "ph":"E", "ts":"676200407089", "pid":"1", "tid":"cmeps"},
{"name":"med_phases_history_write_med", "ph":"B", "ts":"676200423155", "pid":"1", "tid":"cmeps"},
{"name":"med_phases_history_write_med", "ph":"E", "ts":"676200423171", "pid":"1", "tid":"cmeps"},
{"name":"med_phases_prep_ocn_accum", "ph":"B", "ts":"676200423306", "pid":"1", "tid":"cmeps"},
{"name":"med_phases_prep_ocn_accum", "ph":"E", "ts":"676200427662", "pid":"1", "tid":"cmeps"},
{"name":"SetServices", "ph":"B", "ts":"674436924354", "pid":"1", "tid":"mom"},
{"name":"SetServices", "ph":"E", "ts":"674436927400", "pid":"1", "tid":"mom"},
{"name":"InitializeP0", "ph":"B", "ts":"674436983327", "pid":"1", "tid":"mom"},
{"name":"InitializeP0", "ph":"E", "ts":"674436994321", "pid":"1", "tid":"mom"},
{"name":"InitializeAdvertise", "ph":"B", "ts":"674439761350", "pid":"1", "tid":"mom"},
{"name":"InitializeAdvertise", "ph":"E", "ts":"674717219237", "pid":"1", "tid":"mom"},
{"name":"InitializeRealize", "ph":"B", "ts":"674728997505", "pid":"1", "tid":"mom"},
{"name":"InitializeRealize", "ph":"E", "ts":"674735715630", "pid":"1", "tid":"mom"},
{"name":"DataInitialize", "ph":"B", "ts":"674808807950", "pid":"1", "tid":"mom"},
{"name":"DataInitialize", "ph":"E", "ts":"674808833911", "pid":"1", "tid":"mom"},
{"name":"ModelSetRunClock", "ph":"B", "ts":"674824318734", "pid":"1", "tid":"mom"},
{"name":"ModelSetRunClock", "ph":"E", "ts":"674824328842", "pid":"1", "tid":"mom"},
{"name":"ModelAdvance", "ph":"B", "ts":"674824329399", "pid":"1", "tid":"mom"},
{"name":"ModelAdvance", "ph":"E", "ts":"674824342494", "pid":"1", "tid":"mom"},
{"name":"ModelSetRunClock", "ph":"B", "ts":"674838224411", "pid":"1", "tid":"mom"},
{"name":"ModelSetRunClock", "ph":"E", "ts":"674838224486", "pid":"1", "tid":"mom"},
{"name":"ModelAdvance", "ph":"B", "ts":"674838224585", "pid":"1", "tid":"mom"},
{"name":"ModelAdvance", "ph":"E", "ts":"674971178683", "pid":"1", "tid":"mom"},
{"name":"ModelSetRunClock", "ph":"B", "ts":"674971204396", "pid":"1", "tid":"mom"},
{"name":"ModelSetRunClock", "ph":"E", "ts":"674971204441", "pid":"1", "tid":"mom"},
{"name":"ModelAdvance", "ph":"B", "ts":"674971204572", "pid":"1", "tid":"mom"},
{"name":"ModelAdvance", "ph":"E", "ts":"675038380523", "pid":"1", "tid":"mom"},
{"name":"ModelSetRunClock", "ph":"B", "ts":"675038403811", "pid":"1", "tid":"mom"},
{"name":"ModelSetRunClock", "ph":"E", "ts":"675038403839", "pid":"1", "tid":"mom"},
{"name":"ModelAdvance", "ph":"B", "ts":"675038403966", "pid":"1", "tid":"mom"},
{"name":"ModelAdvance", "ph":"E", "ts":"675105604555", "pid":"1", "tid":"mom"},
{"name":"ModelSetRunClock", "ph":"B", "ts":"675105627961", "pid":"1", "tid":"mom"},
{"name":"ModelSetRunClock", "ph":"E", "ts":"675105628002", "pid":"1", "tid":"mom"},
{"name":"ModelAdvance", "ph":"B", "ts":"675105628108", "pid":"1", "tid":"mom"},
{"name":"ModelAdvance", "ph":"E", "ts":"675173122698", "pid":"1", "tid":"mom"},
{"name":"ModelSetRunClock", "ph":"B", "ts":"675173154463", "pid":"1", "tid":"mom"},
{"name":"ModelSetRunClock", "ph":"E", "ts":"675173156722", "pid":"1", "tid":"mom"},
{"name":"ModelAdvance", "ph":"B", "ts":"675173156861", "pid":"1", "tid":"mom"},
{"name":"ModelAdvance", "ph":"E", "ts":"675241614259", "pid":"1", "tid":"mom"},
{"name":"ModelSetRunClock", "ph":"B", "ts":"675241639449", "pid":"1", "tid":"mom"},
{"name":"ModelSetRunClock", "ph":"E", "ts":"675241639487", "pid":"1", "tid":"mom"},
{"name":"ModelAdvance", "ph":"B", "ts":"675241639603", "pid":"1", "tid":"mom"},
{"name":"ModelAdvance", "ph":"E", "ts":"675315396890", "pid":"1", "tid":"mom"},
{"name":"ModelSetRunClock", "ph":"B", "ts":"675315405141", "pid":"1", "tid":"mom"},
{"name":"ModelSetRunClock", "ph":"E", "ts":"675315405166", "pid":"1", "tid":"mom"},
{"name":"ModelAdvance", "ph":"B", "ts":"675315405303", "pid":"1", "tid":"mom"},
{"name":"ModelAdvance", "ph":"E", "ts":"675383550722", "pid":"1", "tid":"mom"},
{"name":"ModelSetRunClock", "ph":"B", "ts":"675383576280", "pid":"1", "tid":"mom"},
{"name":"ModelSetRunClock", "ph":"E", "ts":"675383576327", "pid":"1", "tid":"mom"},
{"name":"ModelAdvance", "ph":"B", "ts":"675383576467", "pid":"1", "tid":"mom"},
{"name":"ModelAdvance", "ph":"E", "ts":"675451751567", "pid":"1", "tid":"mom"},
{"name":"ModelSetRunClock", "ph":"B", "ts":"675451780366", "pid":"1", "tid":"mom"},
{"name":"ModelSetRunClock", "ph":"E", "ts":"675451780394", "pid":"1", "tid":"mom"},
{"name":"ModelAdvance", "ph":"B", "ts":"675451780503", "pid":"1", "tid":"mom"},
{"name":"ModelAdvance", "ph":"E", "ts":"675520038986", "pid":"1", "tid":"mom"},
{"name":"ModelSetRunClock", "ph":"B", "ts":"675520067913", "pid":"1", "tid":"mom"},
{"name":"ModelSetRunClock", "ph":"E", "ts":"675520067942", "pid":"1", "tid":"mom"},
{"name":"ModelAdvance", "ph":"B", "ts":"675520068063", "pid":"1", "tid":"mom"},
{"name":"ModelAdvance", "ph":"E", "ts":"675588415963", "pid":"1", "tid":"mom"},
{"name":"ModelSetRunClock", "ph":"B", "ts":"675588443555", "pid":"1", "tid":"mom"},
{"name":"ModelSetRunClock", "ph":"E", "ts":"675588443586", "pid":"1", "tid":"mom"},
{"name":"ModelAdvance", "ph":"B", "ts":"675588443742", "pid":"1", "tid":"mom"},
{"name":"ModelAdvance", "ph":"E", "ts":"675670411875", "pid":"1", "tid":"mom"},
{"name":"ModelSetRunClock", "ph":"B", "ts":"675691059890", "pid":"1", "tid":"mom"},
{"name":"ModelSetRunClock", "ph":"E", "ts":"675691060076", "pid":"1", "tid":"mom"},
{"name":"ModelAdvance", "ph":"B", "ts":"675691060256", "pid":"1", "tid":"mom"},
{"name":"ModelAdvance", "ph":"E", "ts":"675767065915", "pid":"1", "tid":"mom"},
{"name":"ModelSetRunClock", "ph":"B", "ts":"675767103311", "pid":"1", "tid":"mom"},
{"name":"ModelSetRunClock", "ph":"E", "ts":"675767103352", "pid":"1", "tid":"mom"},
{"name":"ModelAdvance", "ph":"B", "ts":"675767103458", "pid":"1", "tid":"mom"},
{"name":"ModelAdvance", "ph":"E", "ts":"675834364776", "pid":"1", "tid":"mom"},
{"name":"ModelSetRunClock", "ph":"B", "ts":"675834374429", "pid":"1", "tid":"mom"},
{"name":"ModelSetRunClock", "ph":"E", "ts":"675834374457", "pid":"1", "tid":"mom"},
{"name":"ModelAdvance", "ph":"B", "ts":"675834374583", "pid":"1", "tid":"mom"},
{"name":"ModelAdvance", "ph":"E", "ts":"675901571558", "pid":"1", "tid":"mom"},
{"name":"ModelSetRunClock", "ph":"B", "ts":"675901600679", "pid":"1", "tid":"mom"},
{"name":"ModelSetRunClock", "ph":"E", "ts":"675901600718", "pid":"1", "tid":"mom"},
{"name":"ModelAdvance", "ph":"B", "ts":"675901600837", "pid":"1", "tid":"mom"},
{"name":"ModelAdvance", "ph":"E", "ts":"675969641403", "pid":"1", "tid":"mom"},
{"name":"ModelSetRunClock", "ph":"B", "ts":"675969650179", "pid":"1", "tid":"mom"},
{"name":"ModelSetRunClock", "ph":"E", "ts":"675969650213", "pid":"1", "tid":"mom"},
{"name":"ModelAdvance", "ph":"B", "ts":"675969650319", "pid":"1", "tid":"mom"},
{"name":"ModelAdvance", "ph":"E", "ts":"676038105043", "pid":"1", "tid":"mom"},
{"name":"ModelSetRunClock", "ph":"B", "ts":"676038146834", "pid":"1", "tid":"mom"},
{"name":"ModelSetRunClock", "ph":"E", "ts":"676038146880", "pid":"1", "tid":"mom"},
{"name":"ModelAdvance", "ph":"B", "ts":"676038147007", "pid":"1", "tid":"mom"},
{"name":"ModelAdvance", "ph":"E", "ts":"676107551441", "pid":"1", "tid":"mom"},
{"name":"ModelSetRunClock", "ph":"B", "ts":"676107567948", "pid":"1", "tid":"mom"},
{"name":"ModelSetRunClock", "ph":"E", "ts":"676107568034", "pid":"1", "tid":"mom"},
{"name":"ModelAdvance", "ph":"B", "ts":"676107568276", "pid":"1", "tid":"mom"},
{"name":"ModelAdvance", "ph":"E", "ts":"676183963369", "pid":"1", "tid":"mom"},
{"name":"ModelSetRunClock", "ph":"B", "ts":"676184057923", "pid":"1", "tid":"mom"},
{"name":"ModelSetRunClock", "ph":"E", "ts":"676184059333", "pid":"1", "tid":"mom"},
{"name":"ModelAdvance", "ph":"B", "ts":"676184061949", "pid":"1", "tid":"mom"},
{"name":"SetServices", "ph":"B", "ts":"674436829811", "pid":"1", "tid":"cice"},
{"name":"SetServices", "ph":"E", "ts":"674436832445", "pid":"1", "tid":"cice"},
{"name":"InitializeP0", "ph":"B", "ts":"674436835270", "pid":"1", "tid":"cice"},
{"name":"InitializeP0", "ph":"E", "ts":"674436835341", "pid":"1", "tid":"cice"},
{"name":"InitializeAdvertise", "ph":"B", "ts":"674439576391", "pid":"1", "tid":"cice"},
{"name":"InitializeAdvertise", "ph":"E", "ts":"674440579968", "pid":"1", "tid":"cice"},
{"name":"InitializeRealize", "ph":"B", "ts":"674729917704", "pid":"1", "tid":"cice"},
{"name":"InitializeRealize", "ph":"E", "ts":"674732437257", "pid":"1", "tid":"cice"},
{"name":"ModelAdvance", "ph":"B", "ts":"674824173481", "pid":"1", "tid":"cice"},
{"name":"ModelAdvance", "ph":"E", "ts":"674827440174", "pid":"1", "tid":"cice"},
{"name":"ModelAdvance", "ph":"B", "ts":"674827819027", "pid":"1", "tid":"cice"},
{"name":"ModelAdvance", "ph":"E", "ts":"674831165084", "pid":"1", "tid":"cice"},
{"name":"ModelAdvance", "ph":"B", "ts":"674831336080", "pid":"1", "tid":"cice"},
{"name":"ModelAdvance", "ph":"E", "ts":"674834627144", "pid":"1", "tid":"cice"},
{"name":"ModelAdvance", "ph":"B", "ts":"674834760237", "pid":"1", "tid":"cice"},
{"name":"ModelAdvance", "ph":"E", "ts":"674837991385", "pid":"1", "tid":"cice"},
{"name":"ModelAdvance", "ph":"B", "ts":"674838050633", "pid":"1", "tid":"cice"},
{"name":"ModelAdvance", "ph":"E", "ts":"674841310508", "pid":"1", "tid":"cice"},
{"name":"ModelAdvance", "ph":"B", "ts":"674841511866", "pid":"1", "tid":"cice"},
{"name":"ModelAdvance", "ph":"E", "ts":"674844909342", "pid":"1", "tid":"cice"},
{"name":"ModelAdvance", "ph":"B", "ts":"674845112015", "pid":"1", "tid":"cice"},
{"name":"ModelAdvance", "ph":"E", "ts":"674848417102", "pid":"1", "tid":"cice"},
{"name":"ModelAdvance", "ph":"B", "ts":"674848542042", "pid":"1", "tid":"cice"},
{"name":"ModelAdvance", "ph":"E", "ts":"674851879882", "pid":"1", "tid":"cice"},
{"name":"ModelAdvance", "ph":"B", "ts":"674971039940", "pid":"1", "tid":"cice"},
{"name":"ModelAdvance", "ph":"E", "ts":"674974512847", "pid":"1", "tid":"cice"},
{"name":"ModelAdvance", "ph":"B", "ts":"674974703551", "pid":"1", "tid":"cice"},
{"name":"ModelAdvance", "ph":"E", "ts":"674977952623", "pid":"1", "tid":"cice"},
{"name":"ModelAdvance", "ph":"B", "ts":"674978085719", "pid":"1", "tid":"cice"},
{"name":"ModelAdvance", "ph":"E", "ts":"674981381056", "pid":"1", "tid":"cice"},
{"name":"ModelAdvance", "ph":"B", "ts":"674981571627", "pid":"1", "tid":"cice"},
{"name":"ModelAdvance", "ph":"E", "ts":"674984927814", "pid":"1", "tid":"cice"},
{"name":"ModelAdvance", "ph":"B", "ts":"675038346616", "pid":"1", "tid":"cice"},
{"name":"ModelAdvance", "ph":"E", "ts":"675041787501", "pid":"1", "tid":"cice"},
{"name":"ModelAdvance", "ph":"B", "ts":"675041987539", "pid":"1", "tid":"cice"},
{"name":"ModelAdvance", "ph":"E", "ts":"675045284799", "pid":"1", "tid":"cice"},
{"name":"ModelAdvance", "ph":"B", "ts":"675045429629", "pid":"1", "tid":"cice"},
{"name":"ModelAdvance", "ph":"E", "ts":"675048675235", "pid":"1", "tid":"cice"},
{"name":"ModelAdvance", "ph":"B", "ts":"675048835561", "pid":"1", "tid":"cice"},
{"name":"ModelAdvance", "ph":"E", "ts":"675052139944", "pid":"1", "tid":"cice"},
{"name":"ModelAdvance", "ph":"B", "ts":"675105455237", "pid":"1", "tid":"cice"},
{"name":"ModelAdvance", "ph":"E", "ts":"675108946290", "pid":"1", "tid":"cice"},
{"name":"ModelAdvance", "ph":"B", "ts":"675109096268", "pid":"1", "tid":"cice"},
{"name":"ModelAdvance", "ph":"E", "ts":"675112508325", "pid":"1", "tid":"cice"},
{"name":"ModelAdvance", "ph":"B", "ts":"675112686373", "pid":"1", "tid":"cice"},
{"name":"ModelAdvance", "ph":"E", "ts":"675115970548", "pid":"1", "tid":"cice"},
{"name":"ModelAdvance", "ph":"B", "ts":"675116112258", "pid":"1", "tid":"cice"},
{"name":"ModelAdvance", "ph":"E", "ts":"675119345766", "pid":"1", "tid":"cice"},
{"name":"ModelAdvance", "ph":"B", "ts":"675172994354", "pid":"1", "tid":"cice"},
{"name":"ModelAdvance", "ph":"E", "ts":"675176332628", "pid":"1", "tid":"cice"},
{"name":"ModelAdvance", "ph":"B", "ts":"675176476466", "pid":"1", "tid":"cice"},
{"name":"ModelAdvance", "ph":"E", "ts":"675179781760", "pid":"1", "tid":"cice"},
{"name":"ModelAdvance", "ph":"B", "ts":"675179953498", "pid":"1", "tid":"cice"},
{"name":"ModelAdvance", "ph":"E", "ts":"675183305922", "pid":"1", "tid":"cice"},
{"name":"ModelAdvance", "ph":"B", "ts":"675183448391", "pid":"1", "tid":"cice"},
{"name":"ModelAdvance", "ph":"E", "ts":"675187233307", "pid":"1", "tid":"cice"},
{"name":"ModelAdvance", "ph":"B", "ts":"675241468157", "pid":"1", "tid":"cice"},
{"name":"ModelAdvance", "ph":"E", "ts":"675244852120", "pid":"1", "tid":"cice"},
{"name":"ModelAdvance", "ph":"B", "ts":"675245031986", "pid":"1", "tid":"cice"},
{"name":"ModelAdvance", "ph":"E", "ts":"675248339209", "pid":"1", "tid":"cice"},
{"name":"ModelAdvance", "ph":"B", "ts":"675248490946", "pid":"1", "tid":"cice"},
{"name":"ModelAdvance", "ph":"E", "ts":"675251817357", "pid":"1", "tid":"cice"},
{"name":"ModelAdvance", "ph":"B", "ts":"675252018706", "pid":"1", "tid":"cice"},
{"name":"ModelAdvance", "ph":"E", "ts":"675255299058", "pid":"1", "tid":"cice"},
{"name":"ModelAdvance", "ph":"B", "ts":"675315244611", "pid":"1", "tid":"cice"},
{"name":"ModelAdvance", "ph":"E", "ts":"675318658364", "pid":"1", "tid":"cice"},
{"name":"ModelAdvance", "ph":"B", "ts":"675318854751", "pid":"1", "tid":"cice"},
{"name":"ModelAdvance", "ph":"E", "ts":"675322244155", "pid":"1", "tid":"cice"},
{"name":"ModelAdvance", "ph":"B", "ts":"675322377922", "pid":"1", "tid":"cice"},
{"name":"ModelAdvance", "ph":"E", "ts":"675325665148", "pid":"1", "tid":"cice"},
{"name":"ModelAdvance", "ph":"B", "ts":"675325789673", "pid":"1", "tid":"cice"},
{"name":"ModelAdvance", "ph":"E", "ts":"675329064111", "pid":"1", "tid":"cice"},
{"name":"ModelAdvance", "ph":"B", "ts":"675383401472", "pid":"1", "tid":"cice"},
{"name":"ModelAdvance", "ph":"E", "ts":"675386814601", "pid":"1", "tid":"cice"},
{"name":"ModelAdvance", "ph":"B", "ts":"675386960937", "pid":"1", "tid":"cice"},
{"name":"ModelAdvance", "ph":"E", "ts":"675390281130", "pid":"1", "tid":"cice"},
{"name":"ModelAdvance", "ph":"B", "ts":"675390481567", "pid":"1", "tid":"cice"},
{"name":"ModelAdvance", "ph":"E", "ts":"675393831158", "pid":"1", "tid":"cice"},
{"name":"ModelAdvance", "ph":"B", "ts":"675393968892", "pid":"1", "tid":"cice"},
{"name":"ModelAdvance", "ph":"E", "ts":"675397254152", "pid":"1", "tid":"cice"},
{"name":"ModelAdvance", "ph":"B", "ts":"675451718538", "pid":"1", "tid":"cice"},
{"name":"ModelAdvance", "ph":"E", "ts":"675455076616", "pid":"1", "tid":"cice"},
{"name":"ModelAdvance", "ph":"B", "ts":"675455233789", "pid":"1", "tid":"cice"},
{"name":"ModelAdvance", "ph":"E", "ts":"675458541166", "pid":"1", "tid":"cice"},
{"name":"ModelAdvance", "ph":"B", "ts":"675458698509", "pid":"1", "tid":"cice"},
{"name":"ModelAdvance", "ph":"E", "ts":"675462033193", "pid":"1", "tid":"cice"},
{"name":"ModelAdvance", "ph":"B", "ts":"675462179470", "pid":"1", "tid":"cice"},
{"name":"ModelAdvance", "ph":"E", "ts":"675465520326", "pid":"1", "tid":"cice"},
{"name":"ModelAdvance", "ph":"B", "ts":"675519895322", "pid":"1", "tid":"cice"},
{"name":"ModelAdvance", "ph":"E", "ts":"675523286326", "pid":"1", "tid":"cice"},
{"name":"ModelAdvance", "ph":"B", "ts":"675523442220", "pid":"1", "tid":"cice"},
{"name":"ModelAdvance", "ph":"E", "ts":"675526744609", "pid":"1", "tid":"cice"},
{"name":"ModelAdvance", "ph":"B", "ts":"675526930659", "pid":"1", "tid":"cice"},
{"name":"ModelAdvance", "ph":"E", "ts":"675530267302", "pid":"1", "tid":"cice"},
{"name":"ModelAdvance", "ph":"B", "ts":"675530451724", "pid":"1", "tid":"cice"},
{"name":"ModelAdvance", "ph":"E", "ts":"675533838196", "pid":"1", "tid":"cice"},
{"name":"ModelAdvance", "ph":"B", "ts":"675588270682", "pid":"1", "tid":"cice"},
{"name":"ModelAdvance", "ph":"E", "ts":"675591719380", "pid":"1", "tid":"cice"},
{"name":"ModelAdvance", "ph":"B", "ts":"675591897122", "pid":"1", "tid":"cice"},
{"name":"ModelAdvance", "ph":"E", "ts":"675595179340", "pid":"1", "tid":"cice"},
{"name":"ModelAdvance", "ph":"B", "ts":"675595334270", "pid":"1", "tid":"cice"},
{"name":"ModelAdvance", "ph":"E", "ts":"675598648957", "pid":"1", "tid":"cice"},
{"name":"ModelAdvance", "ph":"B", "ts":"675598743033", "pid":"1", "tid":"cice"},
{"name":"ModelAdvance", "ph":"E", "ts":"675603056790", "pid":"1", "tid":"cice"},
{"name":"ModelAdvance", "ph":"B", "ts":"675690880592", "pid":"1", "tid":"cice"},
{"name":"ModelAdvance", "ph":"E", "ts":"675694292750", "pid":"1", "tid":"cice"},
{"name":"ModelAdvance", "ph":"B", "ts":"675694420790", "pid":"1", "tid":"cice"},
{"name":"ModelAdvance", "ph":"E", "ts":"675697742410", "pid":"1", "tid":"cice"},
{"name":"ModelAdvance", "ph":"B", "ts":"675697893460", "pid":"1", "tid":"cice"},
{"name":"ModelAdvance", "ph":"E", "ts":"675701153942", "pid":"1", "tid":"cice"},
{"name":"ModelAdvance", "ph":"B", "ts":"675701303807", "pid":"1", "tid":"cice"},
{"name":"ModelAdvance", "ph":"E", "ts":"675704559510", "pid":"1", "tid":"cice"},
{"name":"ModelAdvance", "ph":"B", "ts":"675766930391", "pid":"1", "tid":"cice"},
{"name":"ModelAdvance", "ph":"E", "ts":"675770233590", "pid":"1", "tid":"cice"},
{"name":"ModelAdvance", "ph":"B", "ts":"675770382286", "pid":"1", "tid":"cice"},
{"name":"ModelAdvance", "ph":"E", "ts":"675773635527", "pid":"1", "tid":"cice"},
{"name":"ModelAdvance", "ph":"B", "ts":"675773777188", "pid":"1", "tid":"cice"},
{"name":"ModelAdvance", "ph":"E", "ts":"675777042760", "pid":"1", "tid":"cice"},
{"name":"ModelAdvance", "ph":"B", "ts":"675777203619", "pid":"1", "tid":"cice"},
{"name":"ModelAdvance", "ph":"E", "ts":"675780473817", "pid":"1", "tid":"cice"},
{"name":"ModelAdvance", "ph":"B", "ts":"675834335646", "pid":"1", "tid":"cice"},
{"name":"ModelAdvance", "ph":"E", "ts":"675837671370", "pid":"1", "tid":"cice"},
{"name":"ModelAdvance", "ph":"B", "ts":"675837891252", "pid":"1", "tid":"cice"},
{"name":"ModelAdvance", "ph":"E", "ts":"675841129669", "pid":"1", "tid":"cice"},
{"name":"ModelAdvance", "ph":"B", "ts":"675841277715", "pid":"1", "tid":"cice"},
{"name":"ModelAdvance", "ph":"E", "ts":"675844519463", "pid":"1", "tid":"cice"},
{"name":"ModelAdvance", "ph":"B", "ts":"675844691222", "pid":"1", "tid":"cice"},
{"name":"ModelAdvance", "ph":"E", "ts":"675847960306", "pid":"1", "tid":"cice"},
{"name":"ModelAdvance", "ph":"B", "ts":"675901514967", "pid":"1", "tid":"cice"},
{"name":"ModelAdvance", "ph":"E", "ts":"675904832813", "pid":"1", "tid":"cice"},
{"name":"ModelAdvance", "ph":"B", "ts":"675904997489", "pid":"1", "tid":"cice"},
{"name":"ModelAdvance", "ph":"E", "ts":"675908272280", "pid":"1", "tid":"cice"},
{"name":"ModelAdvance", "ph":"B", "ts":"675908467608", "pid":"1", "tid":"cice"},
{"name":"ModelAdvance", "ph":"E", "ts":"675911763313", "pid":"1", "tid":"cice"},
{"name":"ModelAdvance", "ph":"B", "ts":"675911875217", "pid":"1", "tid":"cice"},
{"name":"ModelAdvance", "ph":"E", "ts":"675915178591", "pid":"1", "tid":"cice"},
{"name":"ModelAdvance", "ph":"B", "ts":"675969477284", "pid":"1", "tid":"cice"},
{"name":"ModelAdvance", "ph":"E", "ts":"675972853822", "pid":"1", "tid":"cice"},
{"name":"ModelAdvance", "ph":"B", "ts":"675972999653", "pid":"1", "tid":"cice"},
{"name":"ModelAdvance", "ph":"E", "ts":"675976340812", "pid":"1", "tid":"cice"},
{"name":"ModelAdvance", "ph":"B", "ts":"675976487893", "pid":"1", "tid":"cice"},
{"name":"ModelAdvance", "ph":"E", "ts":"675979807020", "pid":"1", "tid":"cice"},
{"name":"ModelAdvance", "ph":"B", "ts":"675979991622", "pid":"1", "tid":"cice"},
{"name":"ModelAdvance", "ph":"E", "ts":"675983343026", "pid":"1", "tid":"cice"},
{"name":"ModelAdvance", "ph":"B", "ts":"676037961646", "pid":"1", "tid":"cice"},
{"name":"ModelAdvance", "ph":"E", "ts":"676041376059", "pid":"1", "tid":"cice"},
{"name":"ModelAdvance", "ph":"B", "ts":"676041547884", "pid":"1", "tid":"cice"},
{"name":"ModelAdvance", "ph":"E", "ts":"676044962086", "pid":"1", "tid":"cice"},
{"name":"ModelAdvance", "ph":"B", "ts":"676045096569", "pid":"1", "tid":"cice"},
{"name":"ModelAdvance", "ph":"E", "ts":"676048491383", "pid":"1", "tid":"cice"},
{"name":"ModelAdvance", "ph":"B", "ts":"676048543891", "pid":"1", "tid":"cice"},
{"name":"ModelAdvance", "ph":"E", "ts":"676052726045", "pid":"1", "tid":"cice"},
{"name":"ModelAdvance", "ph":"B", "ts":"676107397046", "pid":"1", "tid":"cice"},
{"name":"ModelAdvance", "ph":"E", "ts":"676110703663", "pid":"1", "tid":"cice"},
{"name":"ModelAdvance", "ph":"B", "ts":"676110967694", "pid":"1", "tid":"cice"},
{"name":"ModelAdvance", "ph":"E", "ts":"676114350697", "pid":"1", "tid":"cice"},
{"name":"ModelAdvance", "ph":"B", "ts":"676114486417", "pid":"1", "tid":"cice"},
{"name":"ModelAdvance", "ph":"E", "ts":"676117828001", "pid":"1", "tid":"cice"},
{"name":"ModelAdvance", "ph":"B", "ts":"676117977642", "pid":"1", "tid":"cice"},
{"name":"ModelAdvance", "ph":"E", "ts":"676121316493", "pid":"1", "tid":"cice"},
{"name":"ModelAdvance", "ph":"B", "ts":"676183904953", "pid":"1", "tid":"cice"},
{"name":"ModelAdvance", "ph":"E", "ts":"676187251816", "pid":"1", "tid":"cice"},
{"name":"ModelAdvance", "ph":"B", "ts":"676187449204", "pid":"1", "tid":"cice"},
{"name":"ModelAdvance", "ph":"E", "ts":"676190798017", "pid":"1", "tid":"cice"},
{"name":"ModelAdvance", "ph":"B", "ts":"676191019534", "pid":"1", "tid":"cice"},
{"name":"ModelAdvance", "ph":"E", "ts":"676194379566", "pid":"1", "tid":"cice"},
{"name":"ModelAdvance", "ph":"B", "ts":"676194550184", "pid":"1", "tid":"cice"},
{"name":"ModelAdvance", "ph":"E", "ts":"676197895098", "pid":"1", "tid":"cice"}
]
