[
{"name":"SetServices", "ph":"B", "ts":"1031112074672", "pid":"1", "tid":"cmeps"},
{"name":"SetServices", "ph":"E", "ts":"1031112083684", "pid":"1", "tid":"cmeps"},
{"name":"SetServices", "ph":"B", "ts":"1031112090472", "pid":"1", "tid":"fv3"},
{"name":"SetServices", "ph":"E", "ts":"1031112091269", "pid":"1", "tid":"fv3"},
{"name":"InitializeP0", "ph":"B", "ts":"1031112113386", "pid":"1", "tid":"cmeps"},
{"name":"InitializeP0", "ph":"E", "ts":"1031112116548", "pid":"1", "tid":"cmeps"},
{"name":"AdvertiseFields", "ph":"B", "ts":"1031112169426", "pid":"1", "tid":"cmeps"},
{"name":"AdvertiseFields", "ph":"E", "ts":"1031112204781", "pid":"1", "tid":"cmeps"},
{"name":"InitializeAdvertise", "ph":"B", "ts":"1031112204960", "pid":"1", "tid":"fv3"},
{"name":"fcst_initialize", "ph":"B", "ts":"1031112245076", "pid":"1", "tid":"fv3"},
{"name":"fcst_initialize", "ph":"E", "ts":"1031215825330", "pid":"1", "tid":"fv3"},
{"name":"fcst_advertise", "ph":"B", "ts":"1031217836626", "pid":"1", "tid":"fv3"},
{"name":"fcst_advertise", "ph":"E", "ts":"1031217869001", "pid":"1", "tid":"fv3"},
{"name":"InitializeAdvertise", "ph":"E", "ts":"1031217869288", "pid":"1", "tid":"fv3"},
{"name":"RealizeFieldsWithTransferProvided", "ph":"B", "ts":"1031218480797", "pid":"1", "tid":"cmeps"},
{"name":"RealizeFieldsWithTransferProvided", "ph":"E", "ts":"1031218485516", "pid":"1", "tid":"cmeps"},
{"name":"InitializeRealize", "ph":"B", "ts":"1031218486221", "pid":"1", "tid":"fv3"},
{"name":"fcst_realize", "ph":"B", "ts":"1031218486241", "pid":"1", "tid":"fv3"},
{"name":"fcst_realize", "ph":"E", "ts":"1031218492921", "pid":"1", "tid":"fv3"},
{"name":"InitializeRealize", "ph":"E", "ts":"1031218492931", "pid":"1", "tid":"fv3"},
{"name":"ModifyDecompofMesh", "ph":"B", "ts":"1031224550837", "pid":"1", "tid":"cmeps"},
{"name":"ModifyDecompofMesh", "ph":"E", "ts":"1031224829227", "pid":"1", "tid":"cmeps"},
{"name":"RealizeFieldsWithTransferAccept", "ph":"B", "ts":"1031226480845", "pid":"1", "tid":"cmeps"},
{"name":"RealizeFieldsWithTransferAccept", "ph":"E", "ts":"1031226570843", "pid":"1", "tid":"cmeps"},
{"name":"DataInitialize", "ph":"B", "ts":"1031227637317", "pid":"1", "tid":"cmeps"},
{"name":"DataInitialize", "ph":"E", "ts":"1031234040926", "pid":"1", "tid":"cmeps"},
{"name":"DataInitialize", "ph":"B", "ts":"1031234064685", "pid":"1", "tid":"cmeps"},
{"name":"med_phases_ocnalb_run", "ph":"B", "ts":"1031235056882", "pid":"1", "tid":"cmeps"},
{"name":"med_phases_ocnalb_run", "ph":"E", "ts":"1031235059975", "pid":"1", "tid":"cmeps"},
{"name":"med_phases_post_atm", "ph":"B", "ts":"1031235063196", "pid":"1", "tid":"cmeps"},
{"name":"med_phases_post_atm", "ph":"E", "ts":"1031235074178", "pid":"1", "tid":"cmeps"},
{"name":"med_phases_post_ice", "ph":"B", "ts":"1031235074209", "pid":"1", "tid":"cmeps"},
{"name":"med_phases_post_ice", "ph":"E", "ts":"1031235078913", "pid":"1", "tid":"cmeps"},
{"name":"med_phases_post_ocn", "ph":"B", "ts":"1031235078956", "pid":"1", "tid":"cmeps"},
{"name":"med_phases_post_ocn", "ph":"E", "ts":"1031235081452", "pid":"1", "tid":"cmeps"},
{"name":"DataInitialize", "ph":"E", "ts":"1031235084624", "pid":"1", "tid":"cmeps"},
{"name":"med_phases_prep_ocn_avg", "ph":"B", "ts":"1031235088539", "pid":"1", "tid":"cmeps"},
{"name":"med_phases_prep_ocn_avg", "ph":"E", "ts":"1031235089710", "pid":"1", "tid":"cmeps"},
{"name":"med_phases_prep_atm", "ph":"B", "ts":"1031235092342", "pid":"1", "tid":"cmeps"},
{"name":"med_phases_prep_atm", "ph":"E", "ts":"1031235101298", "pid":"1", "tid":"cmeps"},
{"name":"med_phases_prep_ice", "ph":"B", "ts":"1031235101537", "pid":"1", "tid":"cmeps"},
{"name":"med_phases_prep_ice", "ph":"E", "ts":"1031235102509", "pid":"1", "tid":"cmeps"},
{"name":"ModelAdvance", "ph":"B", "ts":"1031235109225", "pid":"1", "tid":"fv3"},
{"name":"ModelAdvance_phase1", "ph":"B", "ts":"1031235109236", "pid":"1", "tid":"fv3"},
{"name":"fcst_run_phase_1", "ph":"B", "ts":"1031235109280", "pid":"1", "tid":"fv3"},
{"name":"fcst_run_phase_1", "ph":"E", "ts":"1031246167099", "pid":"1", "tid":"fv3"},
{"name":"ModelAdvance_phase1", "ph":"E", "ts":"1031246167216", "pid":"1", "tid":"fv3"},
{"name":"ModelAdvance_phase2", "ph":"B", "ts":"1031246167239", "pid":"1", "tid":"fv3"},
{"name":"fcst_run_phase_2", "ph":"B", "ts":"1031246167278", "pid":"1", "tid":"fv3"},
{"name":"fcst_run_phase_2", "ph":"E", "ts":"1031249662062", "pid":"1", "tid":"fv3"},
{"name":"ModelAdvance_phase2", "ph":"E", "ts":"1031249777514", "pid":"1", "tid":"fv3"},
{"name":"ModelAdvance", "ph":"E", "ts":"1031249777522", "pid":"1", "tid":"fv3"},
{"name":"med_phases_post_atm", "ph":"B", "ts":"1031249778681", "pid":"1", "tid":"cmeps"},
{"name":"med_phases_history_write_comp", "ph":"B", "ts":"1031249814384", "pid":"1", "tid":"cmeps"},
{"name":"med_phases_history_write_comp", "ph":"E", "ts":"1031249814563", "pid":"1", "tid":"cmeps"},
{"name":"med_phases_post_atm", "ph":"E", "ts":"1031249814566", "pid":"1", "tid":"cmeps"},
{"name":"med_phases_post_ice", "ph":"B", "ts":"1031249817167", "pid":"1", "tid":"cmeps"},
{"name":"med_phases_history_write_comp", "ph":"B", "ts":"1031249824987", "pid":"1", "tid":"cmeps"},
{"name":"med_phases_history_write_comp", "ph":"E", "ts":"1031249825186", "pid":"1", "tid":"cmeps"},
{"name":"med_phases_post_ice", "ph":"E", "ts":"1031249825189", "pid":"1", "tid":"cmeps"},
{"name":"med_phases_ocnalb_run", "ph":"B", "ts":"1031249825403", "pid":"1", "tid":"cmeps"},
{"name":"med_phases_history_write_med", "ph":"B", "ts":"1031249825956", "pid":"1", "tid":"cmeps"},
{"name":"med_phases_history_write_med", "ph":"E", "ts":"1031249825977", "pid":"1", "tid":"cmeps"},
{"name":"med_phases_ocnalb_run", "ph":"E", "ts":"1031249825980", "pid":"1", "tid":"cmeps"},
{"name":"med_phases_prep_ocn_accum", "ph":"B", "ts":"1031249826128", "pid":"1", "tid":"cmeps"},
{"name":"med_phases_prep_ocn_accum", "ph":"E", "ts":"1031249828274", "pid":"1", "tid":"cmeps"},
{"name":"med_phases_prep_atm", "ph":"B", "ts":"1031249828528", "pid":"1", "tid":"cmeps"},
{"name":"med_phases_prep_atm", "ph":"E", "ts":"1031249840367", "pid":"1", "tid":"cmeps"},
{"name":"med_phases_prep_ice", "ph":"B", "ts":"1031249840573", "pid":"1", "tid":"cmeps"},
{"name":"med_phases_prep_ice", "ph":"E", "ts":"1031249841249", "pid":"1", "tid":"cmeps"},
{"name":"ModelAdvance", "ph":"B", "ts":"1031249849622", "pid":"1", "tid":"fv3"},
{"name":"ModelAdvance_phase1", "ph":"B", "ts":"1031249849631", "pid":"1", "tid":"fv3"},
{"name":"fcst_run_phase_1", "ph":"B", "ts":"1031249849668", "pid":"1", "tid":"fv3"},
{"name":"fcst_run_phase_1", "ph":"E", "ts":"1031252263872", "pid":"1", "tid":"fv3"},
{"name":"ModelAdvance_phase1", "ph":"E", "ts":"1031252263940", "pid":"1", "tid":"fv3"},
{"name":"ModelAdvance_phase2", "ph":"B", "ts":"1031252263943", "pid":"1", "tid":"fv3"},
{"name":"fcst_run_phase_2", "ph":"B", "ts":"1031252263977", "pid":"1", "tid":"fv3"},
{"name":"fcst_run_phase_2", "ph":"E", "ts":"1031252943112", "pid":"1", "tid":"fv3"},
{"name":"ModelAdvance_phase2", "ph":"E", "ts":"1031252943249", "pid":"1", "tid":"fv3"},
{"name":"ModelAdvance", "ph":"E", "ts":"1031252943252", "pid":"1", "tid":"fv3"},
{"name":"med_phases_post_atm", "ph":"B", "ts":"1031252944329", "pid":"1", "tid":"cmeps"},
{"name":"med_phases_history_write_comp", "ph":"B", "ts":"1031252954658", "pid":"1", "tid":"cmeps"},
{"name":"med_phases_history_write_comp", "ph":"E", "ts":"1031252954709", "pid":"1", "tid":"cmeps"},
{"name":"med_phases_post_atm", "ph":"E", "ts":"1031252954712", "pid":"1", "tid":"cmeps"},
{"name":"med_phases_post_ice", "ph":"B", "ts":"1031252958499", "pid":"1", "tid":"cmeps"},
{"name":"med_phases_history_write_comp", "ph":"B", "ts":"1031252962655", "pid":"1", "tid":"cmeps"},
{"name":"med_phases_history_write_comp", "ph":"E", "ts":"1031252962705", "pid":"1", "tid":"cmeps"},
{"name":"med_phases_post_ice", "ph":"E", "ts":"1031252962708", "pid":"1", "tid":"cmeps"},
{"name":"med_phases_ocnalb_run", "ph":"B", "ts":"1031252962965", "pid":"1", "tid":"cmeps"},
{"name":"med_phases_history_write_med", "ph":"B", "ts":"1031252963567", "pid":"1", "tid":"cmeps"},
{"name":"med_phases_history_write_med", "ph":"E", "ts":"1031252963573", "pid":"1", "tid":"cmeps"},
{"name":"med_phases_ocnalb_run", "ph":"E", "ts":"1031252963576", "pid":"1", "tid":"cmeps"},
{"name":"med_phases_prep_ocn_accum", "ph":"B", "ts":"1031252963854", "pid":"1", "tid":"cmeps"},
{"name":"med_phases_prep_ocn_accum", "ph":"E", "ts":"1031252966453", "pid":"1", "tid":"cmeps"},
{"name":"med_phases_prep_atm", "ph":"B", "ts":"1031252966669", "pid":"1", "tid":"cmeps"},
{"name":"med_phases_prep_atm", "ph":"E", "ts":"1031252974303", "pid":"1", "tid":"cmeps"},
{"name":"med_phases_prep_ice", "ph":"B", "ts":"1031252974589", "pid":"1", "tid":"cmeps"},
{"name":"med_phases_prep_ice", "ph":"E", "ts":"1031252975697", "pid":"1", "tid":"cmeps"},
{"name":"ModelAdvance", "ph":"B", "ts":"1031252980703", "pid":"1", "tid":"fv3"},
{"name":"ModelAdvance_phase1", "ph":"B", "ts":"1031252980711", "pid":"1", "tid":"fv3"},
{"name":"fcst_run_phase_1", "ph":"B", "ts":"1031252980750", "pid":"1", "tid":"fv3"},
{"name":"fcst_run_phase_1", "ph":"E", "ts":"1031255392666", "pid":"1", "tid":"fv3"},
{"name":"ModelAdvance_phase1", "ph":"E", "ts":"1031255392815", "pid":"1", "tid":"fv3"},
{"name":"ModelAdvance_phase2", "ph":"B", "ts":"1031255392818", "pid":"1", "tid":"fv3"},
{"name":"fcst_run_phase_2", "ph":"B", "ts":"1031255392846", "pid":"1", "tid":"fv3"},
{"name":"fcst_run_phase_2", "ph":"E", "ts":"1031255944782", "pid":"1", "tid":"fv3"},
{"name":"ModelAdvance_phase2", "ph":"E", "ts":"1031255944917", "pid":"1", "tid":"fv3"},
{"name":"ModelAdvance", "ph":"E", "ts":"1031255944920", "pid":"1", "tid":"fv3"},
{"name":"med_phases_post_atm", "ph":"B", "ts":"1031255946077", "pid":"1", "tid":"cmeps"},
{"name":"med_phases_history_write_comp", "ph":"B", "ts":"1031255956795", "pid":"1", "tid":"cmeps"},
{"name":"med_phases_history_write_comp", "ph":"E", "ts":"1031255956864", "pid":"1", "tid":"cmeps"},
{"name":"med_phases_post_atm", "ph":"E", "ts":"1031255956867", "pid":"1", "tid":"cmeps"},
{"name":"med_phases_post_ice", "ph":"B", "ts":"1031255959513", "pid":"1", "tid":"cmeps"},
{"name":"med_phases_history_write_comp", "ph":"B", "ts":"1031255964685", "pid":"1", "tid":"cmeps"},
{"name":"med_phases_history_write_comp", "ph":"E", "ts":"1031255964734", "pid":"1", "tid":"cmeps"},
{"name":"med_phases_post_ice", "ph":"E", "ts":"1031255964738", "pid":"1", "tid":"cmeps"},
{"name":"med_phases_ocnalb_run", "ph":"B", "ts":"1031255965020", "pid":"1", "tid":"cmeps"},
{"name":"med_phases_history_write_med", "ph":"B", "ts":"1031255965560", "pid":"1", "tid":"cmeps"},
{"name":"med_phases_history_write_med", "ph":"E", "ts":"1031255965565", "pid":"1", "tid":"cmeps"},
{"name":"med_phases_ocnalb_run", "ph":"E", "ts":"1031255965567", "pid":"1", "tid":"cmeps"},
{"name":"med_phases_prep_ocn_accum", "ph":"B", "ts":"1031255965714", "pid":"1", "tid":"cmeps"},
{"name":"med_phases_prep_ocn_accum", "ph":"E", "ts":"1031255968244", "pid":"1", "tid":"cmeps"},
{"name":"med_phases_post_ocn", "ph":"B", "ts":"1031255969639", "pid":"1", "tid":"cmeps"},
{"name":"med_phases_history_write_comp", "ph":"B", "ts":"1031255971978", "pid":"1", "tid":"cmeps"},
{"name":"med_phases_history_write_comp", "ph":"E", "ts":"1031255972152", "pid":"1", "tid":"cmeps"},
{"name":"med_phases_post_ocn", "ph":"E", "ts":"1031255972158", "pid":"1", "tid":"cmeps"},
{"name":"med_phases_restart_write", "ph":"B", "ts":"1031255972383", "pid":"1", "tid":"cmeps"},
{"name":"med_phases_restart_write", "ph":"E", "ts":"1031255983726", "pid":"1", "tid":"cmeps"},
{"name":"med_phases_prep_ocn_avg", "ph":"B", "ts":"1031255983928", "pid":"1", "tid":"cmeps"},
{"name":"med_phases_prep_ocn_avg", "ph":"E", "ts":"1031255985320", "pid":"1", "tid":"cmeps"},
{"name":"med_phases_prep_atm", "ph":"B", "ts":"1031255987439", "pid":"1", "tid":"cmeps"},
{"name":"med_phases_prep_atm", "ph":"E", "ts":"1031255996390", "pid":"1", "tid":"cmeps"},
{"name":"med_phases_prep_ice", "ph":"B", "ts":"1031255996633", "pid":"1", "tid":"cmeps"},
{"name":"med_phases_prep_ice", "ph":"E", "ts":"1031255997706", "pid":"1", "tid":"cmeps"},
{"name":"ModelAdvance", "ph":"B", "ts":"1031256003139", "pid":"1", "tid":"fv3"},
{"name":"ModelAdvance_phase1", "ph":"B", "ts":"1031256003150", "pid":"1", "tid":"fv3"},
{"name":"fcst_run_phase_1", "ph":"B", "ts":"1031256003240", "pid":"1", "tid":"fv3"},
{"name":"fcst_run_phase_1", "ph":"E", "ts":"1031258406755", "pid":"1", "tid":"fv3"},
{"name":"ModelAdvance_phase1", "ph":"E", "ts":"1031258406806", "pid":"1", "tid":"fv3"},
{"name":"ModelAdvance_phase2", "ph":"B", "ts":"1031258406808", "pid":"1", "tid":"fv3"},
{"name":"fcst_run_phase_2", "ph":"B", "ts":"1031258406834", "pid":"1", "tid":"fv3"},
{"name":"fcst_run_phase_2", "ph":"E", "ts":"1031258895941", "pid":"1", "tid":"fv3"},
{"name":"ModelAdvance_phase2", "ph":"E", "ts":"1031258896000", "pid":"1", "tid":"fv3"},
{"name":"ModelAdvance", "ph":"E", "ts":"1031258896003", "pid":"1", "tid":"fv3"},
{"name":"med_phases_post_atm", "ph":"B", "ts":"1031258897757", "pid":"1", "tid":"cmeps"},
{"name":"med_phases_history_write_comp", "ph":"B", "ts":"1031258907887", "pid":"1", "tid":"cmeps"},
{"name":"med_phases_history_write_comp", "ph":"E", "ts":"1031258907939", "pid":"1", "tid":"cmeps"},
{"name":"med_phases_post_atm", "ph":"E", "ts":"1031258907942", "pid":"1", "tid":"cmeps"},
{"name":"med_phases_post_ice", "ph":"B", "ts":"1031258910778", "pid":"1", "tid":"cmeps"},
{"name":"med_phases_history_write_comp", "ph":"B", "ts":"1031258915164", "pid":"1", "tid":"cmeps"},
{"name":"med_phases_history_write_comp", "ph":"E", "ts":"1031258915241", "pid":"1", "tid":"cmeps"},
{"name":"med_phases_post_ice", "ph":"E", "ts":"1031258915246", "pid":"1", "tid":"cmeps"},
{"name":"med_phases_ocnalb_run", "ph":"B", "ts":"1031258915580", "pid":"1", "tid":"cmeps"},
{"name":"med_phases_history_write_med", "ph":"B", "ts":"1031258916155", "pid":"1", "tid":"cmeps"},
{"name":"med_phases_history_write_med", "ph":"E", "ts":"1031258916160", "pid":"1", "tid":"cmeps"},
{"name":"med_phases_ocnalb_run", "ph":"E", "ts":"1031258916163", "pid":"1", "tid":"cmeps"},
{"name":"med_phases_prep_ocn_accum", "ph":"B", "ts":"1031258916304", "pid":"1", "tid":"cmeps"},
{"name":"med_phases_prep_ocn_accum", "ph":"E", "ts":"1031258918521", "pid":"1", "tid":"cmeps"},
{"name":"med_phases_prep_atm", "ph":"B", "ts":"1031258918802", "pid":"1", "tid":"cmeps"},
{"name":"med_phases_prep_atm", "ph":"E", "ts":"1031258927067", "pid":"1", "tid":"cmeps"},
{"name":"med_phases_prep_ice", "ph":"B", "ts":"1031258927339", "pid":"1", "tid":"cmeps"},
{"name":"med_phases_prep_ice", "ph":"E", "ts":"1031258928474", "pid":"1", "tid":"cmeps"},
{"name":"ModelAdvance", "ph":"B", "ts":"1031258933615", "pid":"1", "tid":"fv3"},
{"name":"ModelAdvance_phase1", "ph":"B", "ts":"1031258933623", "pid":"1", "tid":"fv3"},
{"name":"fcst_run_phase_1", "ph":"B", "ts":"1031258933685", "pid":"1", "tid":"fv3"},
{"name":"fcst_run_phase_1", "ph":"E", "ts":"1031261337394", "pid":"1", "tid":"fv3"},
{"name":"ModelAdvance_phase1", "ph":"E", "ts":"1031261337541", "pid":"1", "tid":"fv3"},
{"name":"ModelAdvance_phase2", "ph":"B", "ts":"1031261337545", "pid":"1", "tid":"fv3"},
{"name":"fcst_run_phase_2", "ph":"B", "ts":"1031261337578", "pid":"1", "tid":"fv3"},
{"name":"fcst_run_phase_2", "ph":"E", "ts":"1031261752209", "pid":"1", "tid":"fv3"},
{"name":"ModelAdvance_phase2", "ph":"E", "ts":"1031261752268", "pid":"1", "tid":"fv3"},
{"name":"ModelAdvance", "ph":"E", "ts":"1031261752272", "pid":"1", "tid":"fv3"},
{"name":"med_phases_post_atm", "ph":"B", "ts":"1031261753412", "pid":"1", "tid":"cmeps"},
{"name":"med_phases_history_write_comp", "ph":"B", "ts":"1031261764156", "pid":"1", "tid":"cmeps"},
{"name":"med_phases_history_write_comp", "ph":"E", "ts":"1031261764228", "pid":"1", "tid":"cmeps"},
{"name":"med_phases_post_atm", "ph":"E", "ts":"1031261764231", "pid":"1", "tid":"cmeps"},
{"name":"med_phases_post_ice", "ph":"B", "ts":"1031261766894", "pid":"1", "tid":"cmeps"},
{"name":"med_phases_history_write_comp", "ph":"B", "ts":"1031261771541", "pid":"1", "tid":"cmeps"},
{"name":"med_phases_history_write_comp", "ph":"E", "ts":"1031261771603", "pid":"1", "tid":"cmeps"},
{"name":"med_phases_post_ice", "ph":"E", "ts":"1031261771605", "pid":"1", "tid":"cmeps"},
{"name":"med_phases_ocnalb_run", "ph":"B", "ts":"1031261771883", "pid":"1", "tid":"cmeps"},
{"name":"med_phases_history_write_med", "ph":"B", "ts":"1031261772465", "pid":"1", "tid":"cmeps"},
{"name":"med_phases_history_write_med", "ph":"E", "ts":"1031261772634", "pid":"1", "tid":"cmeps"},
{"name":"med_phases_ocnalb_run", "ph":"E", "ts":"1031261772639", "pid":"1", "tid":"cmeps"},
{"name":"med_phases_prep_ocn_accum", "ph":"B", "ts":"1031261772807", "pid":"1", "tid":"cmeps"},
{"name":"med_phases_prep_ocn_accum", "ph":"E", "ts":"1031261775295", "pid":"1", "tid":"cmeps"},
{"name":"med_phases_prep_atm", "ph":"B", "ts":"1031261775513", "pid":"1", "tid":"cmeps"},
{"name":"med_phases_prep_atm", "ph":"E", "ts":"1031261783364", "pid":"1", "tid":"cmeps"},
{"name":"med_phases_prep_ice", "ph":"B", "ts":"1031261783612", "pid":"1", "tid":"cmeps"},
{"name":"med_phases_prep_ice", "ph":"E", "ts":"1031261784654", "pid":"1", "tid":"cmeps"},
{"name":"ModelAdvance", "ph":"B", "ts":"1031261789916", "pid":"1", "tid":"fv3"},
{"name":"ModelAdvance_phase1", "ph":"B", "ts":"1031261789924", "pid":"1", "tid":"fv3"},
{"name":"fcst_run_phase_1", "ph":"B", "ts":"1031261789958", "pid":"1", "tid":"fv3"},
{"name":"fcst_run_phase_1", "ph":"E", "ts":"1031264192280", "pid":"1", "tid":"fv3"},
{"name":"ModelAdvance_phase1", "ph":"E", "ts":"1031264192339", "pid":"1", "tid":"fv3"},
{"name":"ModelAdvance_phase2", "ph":"B", "ts":"1031264192342", "pid":"1", "tid":"fv3"},
{"name":"fcst_run_phase_2", "ph":"B", "ts":"1031264192375", "pid":"1", "tid":"fv3"},
{"name":"fcst_run_phase_2", "ph":"E", "ts":"1031264606022", "pid":"1", "tid":"fv3"},
{"name":"ModelAdvance_phase2", "ph":"E", "ts":"1031264606096", "pid":"1", "tid":"fv3"},
{"name":"ModelAdvance", "ph":"E", "ts":"1031264606100", "pid":"1", "tid":"fv3"},
{"name":"med_phases_post_atm", "ph":"B", "ts":"1031264607364", "pid":"1", "tid":"cmeps"},
{"name":"med_phases_history_write_comp", "ph":"B", "ts":"1031264617322", "pid":"1", "tid":"cmeps"},
{"name":"med_phases_history_write_comp", "ph":"E", "ts":"1031264617394", "pid":"1", "tid":"cmeps"},
{"name":"med_phases_post_atm", "ph":"E", "ts":"1031264617397", "pid":"1", "tid":"cmeps"},
{"name":"med_phases_post_ice", "ph":"B", "ts":"1031264620035", "pid":"1", "tid":"cmeps"},
{"name":"med_phases_history_write_comp", "ph":"B", "ts":"1031264624914", "pid":"1", "tid":"cmeps"},
{"name":"med_phases_history_write_comp", "ph":"E", "ts":"1031264624968", "pid":"1", "tid":"cmeps"},
{"name":"med_phases_post_ice", "ph":"E", "ts":"1031264624971", "pid":"1", "tid":"cmeps"},
{"name":"med_phases_ocnalb_run", "ph":"B", "ts":"1031264625274", "pid":"1", "tid":"cmeps"},
{"name":"med_phases_history_write_med", "ph":"B", "ts":"1031264625803", "pid":"1", "tid":"cmeps"},
{"name":"med_phases_history_write_med", "ph":"E", "ts":"1031264625807", "pid":"1", "tid":"cmeps"},
{"name":"med_phases_ocnalb_run", "ph":"E", "ts":"1031264625809", "pid":"1", "tid":"cmeps"},
{"name":"med_phases_prep_ocn_accum", "ph":"B", "ts":"1031264625987", "pid":"1", "tid":"cmeps"},
{"name":"med_phases_prep_ocn_accum", "ph":"E", "ts":"1031264628383", "pid":"1", "tid":"cmeps"},
{"name":"med_phases_post_ocn", "ph":"B", "ts":"1031269699373", "pid":"1", "tid":"cmeps"},
{"name":"med_phases_history_write_comp", "ph":"B", "ts":"1031269701535", "pid":"1", "tid":"cmeps"},
{"name":"med_phases_history_write_comp", "ph":"E", "ts":"1031269701573", "pid":"1", "tid":"cmeps"},
{"name":"med_phases_post_ocn", "ph":"E", "ts":"1031269701576", "pid":"1", "tid":"cmeps"},
{"name":"med_phases_restart_write", "ph":"B", "ts":"1031269701798", "pid":"1", "tid":"cmeps"},
{"name":"med_phases_restart_write", "ph":"E", "ts":"1031269701832", "pid":"1", "tid":"cmeps"},
{"name":"med_phases_prep_ocn_avg", "ph":"B", "ts":"1031269701944", "pid":"1", "tid":"cmeps"},
{"name":"med_phases_prep_ocn_avg", "ph":"E", "ts":"1031269703780", "pid":"1", "tid":"cmeps"},
{"name":"med_phases_prep_atm", "ph":"B", "ts":"1031269706267", "pid":"1", "tid":"cmeps"},
{"name":"med_phases_prep_atm", "ph":"E", "ts":"1031269714791", "pid":"1", "tid":"cmeps"},
{"name":"med_phases_prep_ice", "ph":"B", "ts":"1031269715113", "pid":"1", "tid":"cmeps"},
{"name":"med_phases_prep_ice", "ph":"E", "ts":"1031269716245", "pid":"1", "tid":"cmeps"},
{"name":"ModelAdvance", "ph":"B", "ts":"1031269722041", "pid":"1", "tid":"fv3"},
{"name":"ModelAdvance_phase1", "ph":"B", "ts":"1031269722056", "pid":"1", "tid":"fv3"},
{"name":"fcst_run_phase_1", "ph":"B", "ts":"1031269722109", "pid":"1", "tid":"fv3"},
{"name":"fcst_run_phase_1", "ph":"E", "ts":"1031274371929", "pid":"1", "tid":"fv3"},
{"name":"ModelAdvance_phase1", "ph":"E", "ts":"1031274372034", "pid":"1", "tid":"fv3"},
{"name":"ModelAdvance_phase2", "ph":"B", "ts":"1031274372037", "pid":"1", "tid":"fv3"},
{"name":"fcst_run_phase_2", "ph":"B", "ts":"1031274372063", "pid":"1", "tid":"fv3"},
{"name":"fcst_run_phase_2", "ph":"E", "ts":"1031277673514", "pid":"1", "tid":"fv3"},
{"name":"ModelAdvance_phase2", "ph":"E", "ts":"1031277673617", "pid":"1", "tid":"fv3"},
{"name":"ModelAdvance", "ph":"E", "ts":"1031277673621", "pid":"1", "tid":"fv3"},
{"name":"med_phases_post_atm", "ph":"B", "ts":"1031277675110", "pid":"1", "tid":"cmeps"},
{"name":"med_phases_history_write_comp", "ph":"B", "ts":"1031277825977", "pid":"1", "tid":"cmeps"},
{"name":"med_phases_history_write_comp", "ph":"E", "ts":"1031277826024", "pid":"1", "tid":"cmeps"},
{"name":"med_phases_post_atm", "ph":"E", "ts":"1031277826027", "pid":"1", "tid":"cmeps"},
{"name":"med_phases_post_ice", "ph":"B", "ts":"1031277828145", "pid":"1", "tid":"cmeps"},
{"name":"med_phases_history_write_comp", "ph":"B", "ts":"1031277842792", "pid":"1", "tid":"cmeps"},
{"name":"med_phases_history_write_comp", "ph":"E", "ts":"1031277842858", "pid":"1", "tid":"cmeps"},
{"name":"med_phases_post_ice", "ph":"E", "ts":"1031277842862", "pid":"1", "tid":"cmeps"},
{"name":"med_phases_ocnalb_run", "ph":"B", "ts":"1031277843156", "pid":"1", "tid":"cmeps"},
{"name":"med_phases_history_write_med", "ph":"B", "ts":"1031277843910", "pid":"1", "tid":"cmeps"},
{"name":"med_phases_history_write_med", "ph":"E", "ts":"1031277843916", "pid":"1", "tid":"cmeps"},
{"name":"med_phases_ocnalb_run", "ph":"E", "ts":"1031277843919", "pid":"1", "tid":"cmeps"},
{"name":"med_phases_prep_ocn_accum", "ph":"B", "ts":"1031277844078", "pid":"1", "tid":"cmeps"},
{"name":"med_phases_prep_ocn_accum", "ph":"E", "ts":"1031277846252", "pid":"1", "tid":"cmeps"},
{"name":"med_phases_prep_atm", "ph":"B", "ts":"1031277846483", "pid":"1", "tid":"cmeps"},
{"name":"med_phases_prep_atm", "ph":"E", "ts":"1031277856790", "pid":"1", "tid":"cmeps"},
{"name":"med_phases_prep_ice", "ph":"B", "ts":"1031277857263", "pid":"1", "tid":"cmeps"},
{"name":"med_phases_prep_ice", "ph":"E", "ts":"1031277858352", "pid":"1", "tid":"cmeps"},
{"name":"ModelAdvance", "ph":"B", "ts":"1031277863037", "pid":"1", "tid":"fv3"},
{"name":"ModelAdvance_phase1", "ph":"B", "ts":"1031277863049", "pid":"1", "tid":"fv3"},
{"name":"fcst_run_phase_1", "ph":"B", "ts":"1031277863109", "pid":"1", "tid":"fv3"},
{"name":"fcst_run_phase_1", "ph":"E", "ts":"1031281082968", "pid":"1", "tid":"fv3"},
{"name":"ModelAdvance_phase1", "ph":"E", "ts":"1031281083139", "pid":"1", "tid":"fv3"},
{"name":"ModelAdvance_phase2", "ph":"B", "ts":"1031281083143", "pid":"1", "tid":"fv3"},
{"name":"fcst_run_phase_2", "ph":"B", "ts":"1031281083184", "pid":"1", "tid":"fv3"},
{"name":"fcst_run_phase_2", "ph":"E", "ts":"1031281468679", "pid":"1", "tid":"fv3"},
{"name":"ModelAdvance_phase2", "ph":"E", "ts":"1031281468746", "pid":"1", "tid":"fv3"},
{"name":"ModelAdvance", "ph":"E", "ts":"1031281468749", "pid":"1", "tid":"fv3"},
{"name":"med_phases_post_atm", "ph":"B", "ts":"1031281469868", "pid":"1", "tid":"cmeps"},
{"name":"med_phases_history_write_comp", "ph":"B", "ts":"1031281480805", "pid":"1", "tid":"cmeps"},
{"name":"med_phases_history_write_comp", "ph":"E", "ts":"1031281480863", "pid":"1", "tid":"cmeps"},
{"name":"med_phases_post_atm", "ph":"E", "ts":"1031281480866", "pid":"1", "tid":"cmeps"},
{"name":"med_phases_post_ice", "ph":"B", "ts":"1031281483448", "pid":"1", "tid":"cmeps"},
{"name":"med_phases_history_write_comp", "ph":"B", "ts":"1031281489309", "pid":"1", "tid":"cmeps"},
{"name":"med_phases_history_write_comp", "ph":"E", "ts":"1031281489398", "pid":"1", "tid":"cmeps"},
{"name":"med_phases_post_ice", "ph":"E", "ts":"1031281489588", "pid":"1", "tid":"cmeps"},
{"name":"med_phases_ocnalb_run", "ph":"B", "ts":"1031281489901", "pid":"1", "tid":"cmeps"},
{"name":"med_phases_history_write_med", "ph":"B", "ts":"1031281490486", "pid":"1", "tid":"cmeps"},
{"name":"med_phases_history_write_med", "ph":"E", "ts":"1031281490491", "pid":"1", "tid":"cmeps"},
{"name":"med_phases_ocnalb_run", "ph":"E", "ts":"1031281490494", "pid":"1", "tid":"cmeps"},
{"name":"med_phases_prep_ocn_accum", "ph":"B", "ts":"1031281490641", "pid":"1", "tid":"cmeps"},
{"name":"med_phases_prep_ocn_accum", "ph":"E", "ts":"1031281492730", "pid":"1", "tid":"cmeps"},
{"name":"med_phases_prep_atm", "ph":"B", "ts":"1031281492977", "pid":"1", "tid":"cmeps"},
{"name":"med_phases_prep_atm", "ph":"E", "ts":"1031281501570", "pid":"1", "tid":"cmeps"},
{"name":"med_phases_prep_ice", "ph":"B", "ts":"1031281501854", "pid":"1", "tid":"cmeps"},
{"name":"med_phases_prep_ice", "ph":"E", "ts":"1031281502885", "pid":"1", "tid":"cmeps"},
{"name":"ModelAdvance", "ph":"B", "ts":"1031281508664", "pid":"1", "tid":"fv3"},
{"name":"ModelAdvance_phase1", "ph":"B", "ts":"1031281508676", "pid":"1", "tid":"fv3"},
{"name":"fcst_run_phase_1", "ph":"B", "ts":"1031281508718", "pid":"1", "tid":"fv3"},
{"name":"fcst_run_phase_1", "ph":"E", "ts":"1031283901461", "pid":"1", "tid":"fv3"},
{"name":"ModelAdvance_phase1", "ph":"E", "ts":"1031283901520", "pid":"1", "tid":"fv3"},
{"name":"ModelAdvance_phase2", "ph":"B", "ts":"1031283901523", "pid":"1", "tid":"fv3"},
{"name":"fcst_run_phase_2", "ph":"B", "ts":"1031283901556", "pid":"1", "tid":"fv3"},
{"name":"fcst_run_phase_2", "ph":"E", "ts":"1031284295139", "pid":"1", "tid":"fv3"},
{"name":"ModelAdvance_phase2", "ph":"E", "ts":"1031284295232", "pid":"1", "tid":"fv3"},
{"name":"ModelAdvance", "ph":"E", "ts":"1031284295235", "pid":"1", "tid":"fv3"},
{"name":"med_phases_post_atm", "ph":"B", "ts":"1031284297334", "pid":"1", "tid":"cmeps"},
{"name":"med_phases_history_write_comp", "ph":"B", "ts":"1031284318252", "pid":"1", "tid":"cmeps"},
{"name":"med_phases_history_write_comp", "ph":"E", "ts":"1031284318305", "pid":"1", "tid":"cmeps"},
{"name":"med_phases_post_atm", "ph":"E", "ts":"1031284318308", "pid":"1", "tid":"cmeps"},
{"name":"med_phases_post_ice", "ph":"B", "ts":"1031284321010", "pid":"1", "tid":"cmeps"},
{"name":"med_phases_history_write_comp", "ph":"B", "ts":"1031284327498", "pid":"1", "tid":"cmeps"},
{"name":"med_phases_history_write_comp", "ph":"E", "ts":"1031284327557", "pid":"1", "tid":"cmeps"},
{"name":"med_phases_post_ice", "ph":"E", "ts":"1031284327560", "pid":"1", "tid":"cmeps"},
{"name":"med_phases_ocnalb_run", "ph":"B", "ts":"1031284327821", "pid":"1", "tid":"cmeps"},
{"name":"med_phases_history_write_med", "ph":"B", "ts":"1031284328391", "pid":"1", "tid":"cmeps"},
{"name":"med_phases_history_write_med", "ph":"E", "ts":"1031284328396", "pid":"1", "tid":"cmeps"},
{"name":"med_phases_ocnalb_run", "ph":"E", "ts":"1031284328398", "pid":"1", "tid":"cmeps"},
{"name":"med_phases_prep_ocn_accum", "ph":"B", "ts":"1031284328540", "pid":"1", "tid":"cmeps"},
{"name":"med_phases_prep_ocn_accum", "ph":"E", "ts":"1031284330847", "pid":"1", "tid":"cmeps"},
{"name":"med_phases_post_ocn", "ph":"B", "ts":"1031284332024", "pid":"1", "tid":"cmeps"},
{"name":"med_phases_history_write_comp", "ph":"B", "ts":"1031284333941", "pid":"1", "tid":"cmeps"},
{"name":"med_phases_history_write_comp", "ph":"E", "ts":"1031284333985", "pid":"1", "tid":"cmeps"},
{"name":"med_phases_post_ocn", "ph":"E", "ts":"1031284333988", "pid":"1", "tid":"cmeps"},
{"name":"med_phases_restart_write", "ph":"B", "ts":"1031284334247", "pid":"1", "tid":"cmeps"},
{"name":"med_phases_restart_write", "ph":"E", "ts":"1031284334282", "pid":"1", "tid":"cmeps"},
{"name":"med_phases_prep_ocn_avg", "ph":"B", "ts":"1031284334387", "pid":"1", "tid":"cmeps"},
{"name":"med_phases_prep_ocn_avg", "ph":"E", "ts":"1031284335976", "pid":"1", "tid":"cmeps"},
{"name":"med_phases_prep_atm", "ph":"B", "ts":"1031284337796", "pid":"1", "tid":"cmeps"},
{"name":"med_phases_prep_atm", "ph":"E", "ts":"1031284348301", "pid":"1", "tid":"cmeps"},
{"name":"med_phases_prep_ice", "ph":"B", "ts":"1031284348666", "pid":"1", "tid":"cmeps"},
{"name":"med_phases_prep_ice", "ph":"E", "ts":"1031284349766", "pid":"1", "tid":"cmeps"},
{"name":"ModelAdvance", "ph":"B", "ts":"1031284354902", "pid":"1", "tid":"fv3"},
{"name":"ModelAdvance_phase1", "ph":"B", "ts":"1031284354911", "pid":"1", "tid":"fv3"},
{"name":"fcst_run_phase_1", "ph":"B", "ts":"1031284354948", "pid":"1", "tid":"fv3"},
{"name":"fcst_run_phase_1", "ph":"E", "ts":"1031286744467", "pid":"1", "tid":"fv3"},
{"name":"ModelAdvance_phase1", "ph":"E", "ts":"1031286744638", "pid":"1", "tid":"fv3"},
{"name":"ModelAdvance_phase2", "ph":"B", "ts":"1031286744642", "pid":"1", "tid":"fv3"},
{"name":"fcst_run_phase_2", "ph":"B", "ts":"1031286744679", "pid":"1", "tid":"fv3"},
{"name":"fcst_run_phase_2", "ph":"E", "ts":"1031287130563", "pid":"1", "tid":"fv3"},
{"name":"ModelAdvance_phase2", "ph":"E", "ts":"1031287130707", "pid":"1", "tid":"fv3"},
{"name":"ModelAdvance", "ph":"E", "ts":"1031287130711", "pid":"1", "tid":"fv3"},
{"name":"med_phases_post_atm", "ph":"B", "ts":"1031287132761", "pid":"1", "tid":"cmeps"},
{"name":"med_phases_history_write_comp", "ph":"B", "ts":"1031287143893", "pid":"1", "tid":"cmeps"},
{"name":"med_phases_history_write_comp", "ph":"E", "ts":"1031287144000", "pid":"1", "tid":"cmeps"},
{"name":"med_phases_post_atm", "ph":"E", "ts":"1031287144004", "pid":"1", "tid":"cmeps"},
{"name":"med_phases_post_ice", "ph":"B", "ts":"1031287146914", "pid":"1", "tid":"cmeps"},
{"name":"med_phases_history_write_comp", "ph":"B", "ts":"1031287151404", "pid":"1", "tid":"cmeps"},
{"name":"med_phases_history_write_comp", "ph":"E", "ts":"1031287151451", "pid":"1", "tid":"cmeps"},
{"name":"med_phases_post_ice", "ph":"E", "ts":"1031287151454", "pid":"1", "tid":"cmeps"},
{"name":"med_phases_ocnalb_run", "ph":"B", "ts":"1031287151658", "pid":"1", "tid":"cmeps"},
{"name":"med_phases_history_write_med", "ph":"B", "ts":"1031287152217", "pid":"1", "tid":"cmeps"},
{"name":"med_phases_history_write_med", "ph":"E", "ts":"1031287152222", "pid":"1", "tid":"cmeps"},
{"name":"med_phases_ocnalb_run", "ph":"E", "ts":"1031287152225", "pid":"1", "tid":"cmeps"},
{"name":"med_phases_prep_ocn_accum", "ph":"B", "ts":"1031287152370", "pid":"1", "tid":"cmeps"},
{"name":"med_phases_prep_ocn_accum", "ph":"E", "ts":"1031287154917", "pid":"1", "tid":"cmeps"},
{"name":"med_phases_prep_atm", "ph":"B", "ts":"1031287155139", "pid":"1", "tid":"cmeps"},
{"name":"med_phases_prep_atm", "ph":"E", "ts":"1031287162343", "pid":"1", "tid":"cmeps"},
{"name":"med_phases_prep_ice", "ph":"B", "ts":"1031287162562", "pid":"1", "tid":"cmeps"},
{"name":"med_phases_prep_ice", "ph":"E", "ts":"1031287163619", "pid":"1", "tid":"cmeps"},
{"name":"ModelAdvance", "ph":"B", "ts":"1031287170998", "pid":"1", "tid":"fv3"},
{"name":"ModelAdvance_phase1", "ph":"B", "ts":"1031287171016", "pid":"1", "tid":"fv3"},
{"name":"fcst_run_phase_1", "ph":"B", "ts":"1031287171210", "pid":"1", "tid":"fv3"},
{"name":"fcst_run_phase_1", "ph":"E", "ts":"1031289573736", "pid":"1", "tid":"fv3"},
{"name":"ModelAdvance_phase1", "ph":"E", "ts":"1031289573795", "pid":"1", "tid":"fv3"},
{"name":"ModelAdvance_phase2", "ph":"B", "ts":"1031289573798", "pid":"1", "tid":"fv3"},
{"name":"fcst_run_phase_2", "ph":"B", "ts":"1031289573831", "pid":"1", "tid":"fv3"},
{"name":"fcst_run_phase_2", "ph":"E", "ts":"1031289953122", "pid":"1", "tid":"fv3"},
{"name":"ModelAdvance_phase2", "ph":"E", "ts":"1031289953191", "pid":"1", "tid":"fv3"},
{"name":"ModelAdvance", "ph":"E", "ts":"1031289953194", "pid":"1", "tid":"fv3"},
{"name":"med_phases_post_atm", "ph":"B", "ts":"1031289954256", "pid":"1", "tid":"cmeps"},
{"name":"med_phases_history_write_comp", "ph":"B", "ts":"1031289965387", "pid":"1", "tid":"cmeps"},
{"name":"med_phases_history_write_comp", "ph":"E", "ts":"1031289965432", "pid":"1", "tid":"cmeps"},
{"name":"med_phases_post_atm", "ph":"E", "ts":"1031289965436", "pid":"1", "tid":"cmeps"},
{"name":"med_phases_post_ice", "ph":"B", "ts":"1031289969303", "pid":"1", "tid":"cmeps"},
{"name":"med_phases_history_write_comp", "ph":"B", "ts":"1031289973371", "pid":"1", "tid":"cmeps"},
{"name":"med_phases_history_write_comp", "ph":"E", "ts":"1031289973420", "pid":"1", "tid":"cmeps"},
{"name":"med_phases_post_ice", "ph":"E", "ts":"1031289973425", "pid":"1", "tid":"cmeps"},
{"name":"med_phases_ocnalb_run", "ph":"B", "ts":"1031289973679", "pid":"1", "tid":"cmeps"},
{"name":"med_phases_history_write_med", "ph":"B", "ts":"1031289974266", "pid":"1", "tid":"cmeps"},
{"name":"med_phases_history_write_med", "ph":"E", "ts":"1031289974271", "pid":"1", "tid":"cmeps"},
{"name":"med_phases_ocnalb_run", "ph":"E", "ts":"1031289974274", "pid":"1", "tid":"cmeps"},
{"name":"med_phases_prep_ocn_accum", "ph":"B", "ts":"1031289974420", "pid":"1", "tid":"cmeps"},
{"name":"med_phases_prep_ocn_accum", "ph":"E", "ts":"1031289976952", "pid":"1", "tid":"cmeps"},
{"name":"med_phases_prep_atm", "ph":"B", "ts":"1031289977179", "pid":"1", "tid":"cmeps"},
{"name":"med_phases_prep_atm", "ph":"E", "ts":"1031289984895", "pid":"1", "tid":"cmeps"},
{"name":"med_phases_prep_ice", "ph":"B", "ts":"1031289985230", "pid":"1", "tid":"cmeps"},
{"name":"med_phases_prep_ice", "ph":"E", "ts":"1031289986467", "pid":"1", "tid":"cmeps"},
{"name":"ModelAdvance", "ph":"B", "ts":"1031289991425", "pid":"1", "tid":"fv3"},
{"name":"ModelAdvance_phase1", "ph":"B", "ts":"1031289991431", "pid":"1", "tid":"fv3"},
{"name":"fcst_run_phase_1", "ph":"B", "ts":"1031289991495", "pid":"1", "tid":"fv3"},
{"name":"fcst_run_phase_1", "ph":"E", "ts":"1031292388959", "pid":"1", "tid":"fv3"},
{"name":"ModelAdvance_phase1", "ph":"E", "ts":"1031292389228", "pid":"1", "tid":"fv3"},
{"name":"ModelAdvance_phase2", "ph":"B", "ts":"1031292389232", "pid":"1", "tid":"fv3"},
{"name":"fcst_run_phase_2", "ph":"B", "ts":"1031292389268", "pid":"1", "tid":"fv3"},
{"name":"fcst_run_phase_2", "ph":"E", "ts":"1031292771959", "pid":"1", "tid":"fv3"},
{"name":"ModelAdvance_phase2", "ph":"E", "ts":"1031292772019", "pid":"1", "tid":"fv3"},
{"name":"ModelAdvance", "ph":"E", "ts":"1031292772022", "pid":"1", "tid":"fv3"},
{"name":"med_phases_post_atm", "ph":"B", "ts":"1031292773125", "pid":"1", "tid":"cmeps"},
{"name":"med_phases_history_write_comp", "ph":"B", "ts":"1031292783988", "pid":"1", "tid":"cmeps"},
{"name":"med_phases_history_write_comp", "ph":"E", "ts":"1031292784052", "pid":"1", "tid":"cmeps"},
{"name":"med_phases_post_atm", "ph":"E", "ts":"1031292784055", "pid":"1", "tid":"cmeps"},
{"name":"med_phases_post_ice", "ph":"B", "ts":"1031292786750", "pid":"1", "tid":"cmeps"},
{"name":"med_phases_history_write_comp", "ph":"B", "ts":"1031292791148", "pid":"1", "tid":"cmeps"},
{"name":"med_phases_history_write_comp", "ph":"E", "ts":"1031292791216", "pid":"1", "tid":"cmeps"},
{"name":"med_phases_post_ice", "ph":"E", "ts":"1031292791221", "pid":"1", "tid":"cmeps"},
{"name":"med_phases_ocnalb_run", "ph":"B", "ts":"1031292791548", "pid":"1", "tid":"cmeps"},
{"name":"med_phases_history_write_med", "ph":"B", "ts":"1031292792109", "pid":"1", "tid":"cmeps"},
{"name":"med_phases_history_write_med", "ph":"E", "ts":"1031292792112", "pid":"1", "tid":"cmeps"},
{"name":"med_phases_ocnalb_run", "ph":"E", "ts":"1031292792114", "pid":"1", "tid":"cmeps"},
{"name":"med_phases_prep_ocn_accum", "ph":"B", "ts":"1031292792265", "pid":"1", "tid":"cmeps"},
{"name":"med_phases_prep_ocn_accum", "ph":"E", "ts":"1031292794402", "pid":"1", "tid":"cmeps"},
{"name":"med_phases_post_ocn", "ph":"B", "ts":"1031292796089", "pid":"1", "tid":"cmeps"},
{"name":"med_phases_history_write_comp", "ph":"B", "ts":"1031292798597", "pid":"1", "tid":"cmeps"},
{"name":"med_phases_history_write_comp", "ph":"E", "ts":"1031292798635", "pid":"1", "tid":"cmeps"},
{"name":"med_phases_post_ocn", "ph":"E", "ts":"1031292798638", "pid":"1", "tid":"cmeps"},
{"name":"med_phases_restart_write", "ph":"B", "ts":"1031292798858", "pid":"1", "tid":"cmeps"},
{"name":"med_phases_restart_write", "ph":"E", "ts":"1031292798888", "pid":"1", "tid":"cmeps"},
{"name":"med_phases_prep_ocn_avg", "ph":"B", "ts":"1031292798993", "pid":"1", "tid":"cmeps"},
{"name":"med_phases_prep_ocn_avg", "ph":"E", "ts":"1031292800769", "pid":"1", "tid":"cmeps"},
{"name":"med_phases_prep_atm", "ph":"B", "ts":"1031292803820", "pid":"1", "tid":"cmeps"},
{"name":"med_phases_prep_atm", "ph":"E", "ts":"1031292811698", "pid":"1", "tid":"cmeps"},
{"name":"med_phases_prep_ice", "ph":"B", "ts":"1031292811952", "pid":"1", "tid":"cmeps"},
{"name":"med_phases_prep_ice", "ph":"E", "ts":"1031292813043", "pid":"1", "tid":"cmeps"},
{"name":"ModelAdvance", "ph":"B", "ts":"1031292818184", "pid":"1", "tid":"fv3"},
{"name":"ModelAdvance_phase1", "ph":"B", "ts":"1031292818191", "pid":"1", "tid":"fv3"},
{"name":"fcst_run_phase_1", "ph":"B", "ts":"1031292818223", "pid":"1", "tid":"fv3"},
{"name":"fcst_run_phase_1", "ph":"E", "ts":"1031297445286", "pid":"1", "tid":"fv3"},
{"name":"ModelAdvance_phase1", "ph":"E", "ts":"1031297445392", "pid":"1", "tid":"fv3"},
{"name":"ModelAdvance_phase2", "ph":"B", "ts":"1031297445395", "pid":"1", "tid":"fv3"},
{"name":"fcst_run_phase_2", "ph":"B", "ts":"1031297445421", "pid":"1", "tid":"fv3"},
{"name":"fcst_run_phase_2", "ph":"E", "ts":"1031300767563", "pid":"1", "tid":"fv3"},
{"name":"ModelAdvance_phase2", "ph":"E", "ts":"1031300767674", "pid":"1", "tid":"fv3"},
{"name":"ModelAdvance", "ph":"E", "ts":"1031300767678", "pid":"1", "tid":"fv3"},
{"name":"med_phases_post_atm", "ph":"B", "ts":"1031300768863", "pid":"1", "tid":"cmeps"},
{"name":"med_phases_history_write_comp", "ph":"B", "ts":"1031300778932", "pid":"1", "tid":"cmeps"},
{"name":"med_phases_history_write_comp", "ph":"E", "ts":"1031300778995", "pid":"1", "tid":"cmeps"},
{"name":"med_phases_post_atm", "ph":"E", "ts":"1031300778998", "pid":"1", "tid":"cmeps"},
{"name":"med_phases_post_ice", "ph":"B", "ts":"1031300781645", "pid":"1", "tid":"cmeps"},
{"name":"med_phases_history_write_comp", "ph":"B", "ts":"1031300786514", "pid":"1", "tid":"cmeps"},
{"name":"med_phases_history_write_comp", "ph":"E", "ts":"1031300786566", "pid":"1", "tid":"cmeps"},
{"name":"med_phases_post_ice", "ph":"E", "ts":"1031300786569", "pid":"1", "tid":"cmeps"},
{"name":"med_phases_ocnalb_run", "ph":"B", "ts":"1031300786810", "pid":"1", "tid":"cmeps"},
{"name":"med_phases_history_write_med", "ph":"B", "ts":"1031300787369", "pid":"1", "tid":"cmeps"},
{"name":"med_phases_history_write_med", "ph":"E", "ts":"1031300787373", "pid":"1", "tid":"cmeps"},
{"name":"med_phases_ocnalb_run", "ph":"E", "ts":"1031300787376", "pid":"1", "tid":"cmeps"},
{"name":"med_phases_prep_ocn_accum", "ph":"B", "ts":"1031300787514", "pid":"1", "tid":"cmeps"},
{"name":"med_phases_prep_ocn_accum", "ph":"E", "ts":"1031300789677", "pid":"1", "tid":"cmeps"},
{"name":"med_phases_prep_atm", "ph":"B", "ts":"1031300789926", "pid":"1", "tid":"cmeps"},
{"name":"med_phases_prep_atm", "ph":"E", "ts":"1031300798272", "pid":"1", "tid":"cmeps"},
{"name":"med_phases_prep_ice", "ph":"B", "ts":"1031300798494", "pid":"1", "tid":"cmeps"},
{"name":"med_phases_prep_ice", "ph":"E", "ts":"1031300799562", "pid":"1", "tid":"cmeps"},
{"name":"ModelAdvance", "ph":"B", "ts":"1031300804921", "pid":"1", "tid":"fv3"},
{"name":"ModelAdvance_phase1", "ph":"B", "ts":"1031300804929", "pid":"1", "tid":"fv3"},
{"name":"fcst_run_phase_1", "ph":"B", "ts":"1031300804963", "pid":"1", "tid":"fv3"},
{"name":"fcst_run_phase_1", "ph":"E", "ts":"1031303198952", "pid":"1", "tid":"fv3"},
{"name":"ModelAdvance_phase1", "ph":"E", "ts":"1031303198998", "pid":"1", "tid":"fv3"},
{"name":"ModelAdvance_phase2", "ph":"B", "ts":"1031303199001", "pid":"1", "tid":"fv3"},
{"name":"fcst_run_phase_2", "ph":"B", "ts":"1031303199023", "pid":"1", "tid":"fv3"},
{"name":"fcst_run_phase_2", "ph":"E", "ts":"1031303572124", "pid":"1", "tid":"fv3"},
{"name":"ModelAdvance_phase2", "ph":"E", "ts":"1031303572202", "pid":"1", "tid":"fv3"},
{"name":"ModelAdvance", "ph":"E", "ts":"1031303572206", "pid":"1", "tid":"fv3"},
{"name":"med_phases_post_atm", "ph":"B", "ts":"1031303573336", "pid":"1", "tid":"cmeps"},
{"name":"med_phases_history_write_comp", "ph":"B", "ts":"1031303583738", "pid":"1", "tid":"cmeps"},
{"name":"med_phases_history_write_comp", "ph":"E", "ts":"1031303583815", "pid":"1", "tid":"cmeps"},
{"name":"med_phases_post_atm", "ph":"E", "ts":"1031303583992", "pid":"1", "tid":"cmeps"},
{"name":"med_phases_post_ice", "ph":"B", "ts":"1031303586583", "pid":"1", "tid":"cmeps"},
{"name":"med_phases_history_write_comp", "ph":"B", "ts":"1031303591405", "pid":"1", "tid":"cmeps"},
{"name":"med_phases_history_write_comp", "ph":"E", "ts":"1031303591460", "pid":"1", "tid":"cmeps"},
{"name":"med_phases_post_ice", "ph":"E", "ts":"1031303591463", "pid":"1", "tid":"cmeps"},
{"name":"med_phases_ocnalb_run", "ph":"B", "ts":"1031303591741", "pid":"1", "tid":"cmeps"},
{"name":"med_phases_history_write_med", "ph":"B", "ts":"1031303592302", "pid":"1", "tid":"cmeps"},
{"name":"med_phases_history_write_med", "ph":"E", "ts":"1031303592307", "pid":"1", "tid":"cmeps"},
{"name":"med_phases_ocnalb_run", "ph":"E", "ts":"1031303592310", "pid":"1", "tid":"cmeps"},
{"name":"med_phases_prep_ocn_accum", "ph":"B", "ts":"1031303592454", "pid":"1", "tid":"cmeps"},
{"name":"med_phases_prep_ocn_accum", "ph":"E", "ts":"1031303594742", "pid":"1", "tid":"cmeps"},
{"name":"med_phases_prep_atm", "ph":"B", "ts":"1031303594990", "pid":"1", "tid":"cmeps"},
{"name":"med_phases_prep_atm", "ph":"E", "ts":"1031303602839", "pid":"1", "tid":"cmeps"},
{"name":"med_phases_prep_ice", "ph":"B", "ts":"1031303603066", "pid":"1", "tid":"cmeps"},
{"name":"med_phases_prep_ice", "ph":"E", "ts":"1031303604175", "pid":"1", "tid":"cmeps"},
{"name":"ModelAdvance", "ph":"B", "ts":"1031303609658", "pid":"1", "tid":"fv3"},
{"name":"ModelAdvance_phase1", "ph":"B", "ts":"1031303609668", "pid":"1", "tid":"fv3"},
{"name":"fcst_run_phase_1", "ph":"B", "ts":"1031303609706", "pid":"1", "tid":"fv3"},
{"name":"fcst_run_phase_1", "ph":"E", "ts":"1031306009803", "pid":"1", "tid":"fv3"},
{"name":"ModelAdvance_phase1", "ph":"E", "ts":"1031306009937", "pid":"1", "tid":"fv3"},
{"name":"ModelAdvance_phase2", "ph":"B", "ts":"1031306009941", "pid":"1", "tid":"fv3"},
{"name":"fcst_run_phase_2", "ph":"B", "ts":"1031306009972", "pid":"1", "tid":"fv3"},
{"name":"fcst_run_phase_2", "ph":"E", "ts":"1031306364595", "pid":"1", "tid":"fv3"},
{"name":"ModelAdvance_phase2", "ph":"E", "ts":"1031306364651", "pid":"1", "tid":"fv3"},
{"name":"ModelAdvance", "ph":"E", "ts":"1031306364653", "pid":"1", "tid":"fv3"},
{"name":"med_phases_post_atm", "ph":"B", "ts":"1031306365605", "pid":"1", "tid":"cmeps"},
{"name":"med_phases_history_write_comp", "ph":"B", "ts":"1031306376185", "pid":"1", "tid":"cmeps"},
{"name":"med_phases_history_write_comp", "ph":"E", "ts":"1031306376233", "pid":"1", "tid":"cmeps"},
{"name":"med_phases_post_atm", "ph":"E", "ts":"1031306376236", "pid":"1", "tid":"cmeps"},
{"name":"med_phases_post_ice", "ph":"B", "ts":"1031306378943", "pid":"1", "tid":"cmeps"},
{"name":"med_phases_history_write_comp", "ph":"B", "ts":"1031306383540", "pid":"1", "tid":"cmeps"},
{"name":"med_phases_history_write_comp", "ph":"E", "ts":"1031306383599", "pid":"1", "tid":"cmeps"},
{"name":"med_phases_post_ice", "ph":"E", "ts":"1031306383601", "pid":"1", "tid":"cmeps"},
{"name":"med_phases_ocnalb_run", "ph":"B", "ts":"1031306383919", "pid":"1", "tid":"cmeps"},
{"name":"med_phases_history_write_med", "ph":"B", "ts":"1031306384608", "pid":"1", "tid":"cmeps"},
{"name":"med_phases_history_write_med", "ph":"E", "ts":"1031306384612", "pid":"1", "tid":"cmeps"},
{"name":"med_phases_ocnalb_run", "ph":"E", "ts":"1031306384615", "pid":"1", "tid":"cmeps"},
{"name":"med_phases_prep_ocn_accum", "ph":"B", "ts":"1031306384767", "pid":"1", "tid":"cmeps"},
{"name":"med_phases_prep_ocn_accum", "ph":"E", "ts":"1031306387057", "pid":"1", "tid":"cmeps"},
{"name":"med_phases_post_ocn", "ph":"B", "ts":"1031306388393", "pid":"1", "tid":"cmeps"},
{"name":"med_phases_history_write_comp", "ph":"B", "ts":"1031306390420", "pid":"1", "tid":"cmeps"},
{"name":"med_phases_history_write_comp", "ph":"E", "ts":"1031306390467", "pid":"1", "tid":"cmeps"},
{"name":"med_phases_post_ocn", "ph":"E", "ts":"1031306390470", "pid":"1", "tid":"cmeps"},
{"name":"med_phases_restart_write", "ph":"B", "ts":"1031306390729", "pid":"1", "tid":"cmeps"},
{"name":"med_phases_restart_write", "ph":"E", "ts":"1031306390879", "pid":"1", "tid":"cmeps"},
{"name":"med_phases_prep_ocn_avg", "ph":"B", "ts":"1031306390994", "pid":"1", "tid":"cmeps"},
{"name":"med_phases_prep_ocn_avg", "ph":"E", "ts":"1031306392757", "pid":"1", "tid":"cmeps"},
{"name":"med_phases_prep_atm", "ph":"B", "ts":"1031306395077", "pid":"1", "tid":"cmeps"},
{"name":"med_phases_prep_atm", "ph":"E", "ts":"1031306403589", "pid":"1", "tid":"cmeps"},
{"name":"med_phases_prep_ice", "ph":"B", "ts":"1031306403842", "pid":"1", "tid":"cmeps"},
{"name":"med_phases_prep_ice", "ph":"E", "ts":"1031306404860", "pid":"1", "tid":"cmeps"},
{"name":"ModelAdvance", "ph":"B", "ts":"1031306410668", "pid":"1", "tid":"fv3"},
{"name":"ModelAdvance_phase1", "ph":"B", "ts":"1031306410678", "pid":"1", "tid":"fv3"},
{"name":"fcst_run_phase_1", "ph":"B", "ts":"1031306410714", "pid":"1", "tid":"fv3"},
{"name":"fcst_run_phase_1", "ph":"E", "ts":"1031308812323", "pid":"1", "tid":"fv3"},
{"name":"ModelAdvance_phase1", "ph":"E", "ts":"1031308812389", "pid":"1", "tid":"fv3"},
{"name":"ModelAdvance_phase2", "ph":"B", "ts":"1031308812391", "pid":"1", "tid":"fv3"},
{"name":"fcst_run_phase_2", "ph":"B", "ts":"1031308812424", "pid":"1", "tid":"fv3"},
{"name":"fcst_run_phase_2", "ph":"E", "ts":"1031309176991", "pid":"1", "tid":"fv3"},
{"name":"ModelAdvance_phase2", "ph":"E", "ts":"1031309177129", "pid":"1", "tid":"fv3"},
{"name":"ModelAdvance", "ph":"E", "ts":"1031309177132", "pid":"1", "tid":"fv3"},
{"name":"med_phases_post_atm", "ph":"B", "ts":"1031309178079", "pid":"1", "tid":"cmeps"},
{"name":"med_phases_history_write_comp", "ph":"B", "ts":"1031309189073", "pid":"1", "tid":"cmeps"},
{"name":"med_phases_history_write_comp", "ph":"E", "ts":"1031309189128", "pid":"1", "tid":"cmeps"},
{"name":"med_phases_post_atm", "ph":"E", "ts":"1031309189131", "pid":"1", "tid":"cmeps"},
{"name":"med_phases_post_ice", "ph":"B", "ts":"1031309191958", "pid":"1", "tid":"cmeps"},
{"name":"med_phases_history_write_comp", "ph":"B", "ts":"1031309198235", "pid":"1", "tid":"cmeps"},
{"name":"med_phases_history_write_comp", "ph":"E", "ts":"1031309198294", "pid":"1", "tid":"cmeps"},
{"name":"med_phases_post_ice", "ph":"E", "ts":"1031309198298", "pid":"1", "tid":"cmeps"},
{"name":"med_phases_ocnalb_run", "ph":"B", "ts":"1031309198569", "pid":"1", "tid":"cmeps"},
{"name":"med_phases_history_write_med", "ph":"B", "ts":"1031309199101", "pid":"1", "tid":"cmeps"},
{"name":"med_phases_history_write_med", "ph":"E", "ts":"1031309199105", "pid":"1", "tid":"cmeps"},
{"name":"med_phases_ocnalb_run", "ph":"E", "ts":"1031309199107", "pid":"1", "tid":"cmeps"},
{"name":"med_phases_prep_ocn_accum", "ph":"B", "ts":"1031309199258", "pid":"1", "tid":"cmeps"},
{"name":"med_phases_prep_ocn_accum", "ph":"E", "ts":"1031309201616", "pid":"1", "tid":"cmeps"},
{"name":"med_phases_prep_atm", "ph":"B", "ts":"1031309201851", "pid":"1", "tid":"cmeps"},
{"name":"med_phases_prep_atm", "ph":"E", "ts":"1031309210242", "pid":"1", "tid":"cmeps"},
{"name":"med_phases_prep_ice", "ph":"B", "ts":"1031309210540", "pid":"1", "tid":"cmeps"},
{"name":"med_phases_prep_ice", "ph":"E", "ts":"1031309211577", "pid":"1", "tid":"cmeps"},
{"name":"ModelAdvance", "ph":"B", "ts":"1031309217401", "pid":"1", "tid":"fv3"},
{"name":"ModelAdvance_phase1", "ph":"B", "ts":"1031309217414", "pid":"1", "tid":"fv3"},
{"name":"fcst_run_phase_1", "ph":"B", "ts":"1031309217452", "pid":"1", "tid":"fv3"},
{"name":"fcst_run_phase_1", "ph":"E", "ts":"1031311618725", "pid":"1", "tid":"fv3"},
{"name":"ModelAdvance_phase1", "ph":"E", "ts":"1031311618830", "pid":"1", "tid":"fv3"},
{"name":"ModelAdvance_phase2", "ph":"B", "ts":"1031311618834", "pid":"1", "tid":"fv3"},
{"name":"fcst_run_phase_2", "ph":"B", "ts":"1031311618858", "pid":"1", "tid":"fv3"},
{"name":"fcst_run_phase_2", "ph":"E", "ts":"1031311972369", "pid":"1", "tid":"fv3"},
{"name":"ModelAdvance_phase2", "ph":"E", "ts":"1031311972496", "pid":"1", "tid":"fv3"},
{"name":"ModelAdvance", "ph":"E", "ts":"1031311972499", "pid":"1", "tid":"fv3"},
{"name":"med_phases_post_atm", "ph":"B", "ts":"1031311974439", "pid":"1", "tid":"cmeps"},
{"name":"med_phases_history_write_comp", "ph":"B", "ts":"1031311984547", "pid":"1", "tid":"cmeps"},
{"name":"med_phases_history_write_comp", "ph":"E", "ts":"1031311984598", "pid":"1", "tid":"cmeps"},
{"name":"med_phases_post_atm", "ph":"E", "ts":"1031311984601", "pid":"1", "tid":"cmeps"},
{"name":"med_phases_post_ice", "ph":"B", "ts":"1031311987368", "pid":"1", "tid":"cmeps"},
{"name":"med_phases_history_write_comp", "ph":"B", "ts":"1031311992723", "pid":"1", "tid":"cmeps"},
{"name":"med_phases_history_write_comp", "ph":"E", "ts":"1031311992804", "pid":"1", "tid":"cmeps"},
{"name":"med_phases_post_ice", "ph":"E", "ts":"1031311992807", "pid":"1", "tid":"cmeps"},
{"name":"med_phases_ocnalb_run", "ph":"B", "ts":"1031311993175", "pid":"1", "tid":"cmeps"},
{"name":"med_phases_history_write_med", "ph":"B", "ts":"1031311993770", "pid":"1", "tid":"cmeps"},
{"name":"med_phases_history_write_med", "ph":"E", "ts":"1031311993774", "pid":"1", "tid":"cmeps"},
{"name":"med_phases_ocnalb_run", "ph":"E", "ts":"1031311993776", "pid":"1", "tid":"cmeps"},
{"name":"med_phases_prep_ocn_accum", "ph":"B", "ts":"1031311993917", "pid":"1", "tid":"cmeps"},
{"name":"med_phases_prep_ocn_accum", "ph":"E", "ts":"1031311996051", "pid":"1", "tid":"cmeps"},
{"name":"med_phases_prep_atm", "ph":"B", "ts":"1031311996324", "pid":"1", "tid":"cmeps"},
{"name":"med_phases_prep_atm", "ph":"E", "ts":"1031312004467", "pid":"1", "tid":"cmeps"},
{"name":"med_phases_prep_ice", "ph":"B", "ts":"1031312004685", "pid":"1", "tid":"cmeps"},
{"name":"med_phases_prep_ice", "ph":"E", "ts":"1031312005777", "pid":"1", "tid":"cmeps"},
{"name":"ModelAdvance", "ph":"B", "ts":"1031312011184", "pid":"1", "tid":"fv3"},
{"name":"ModelAdvance_phase1", "ph":"B", "ts":"1031312011201", "pid":"1", "tid":"fv3"},
{"name":"fcst_run_phase_1", "ph":"B", "ts":"1031312011233", "pid":"1", "tid":"fv3"},
{"name":"fcst_run_phase_1", "ph":"E", "ts":"1031314411910", "pid":"1", "tid":"fv3"},
{"name":"ModelAdvance_phase1", "ph":"E", "ts":"1031314411961", "pid":"1", "tid":"fv3"},
{"name":"ModelAdvance_phase2", "ph":"B", "ts":"1031314411964", "pid":"1", "tid":"fv3"},
{"name":"fcst_run_phase_2", "ph":"B", "ts":"1031314411992", "pid":"1", "tid":"fv3"},
{"name":"fcst_run_phase_2", "ph":"E", "ts":"1031314759888", "pid":"1", "tid":"fv3"},
{"name":"ModelAdvance_phase2", "ph":"E", "ts":"1031314759983", "pid":"1", "tid":"fv3"},
{"name":"ModelAdvance", "ph":"E", "ts":"1031314759986", "pid":"1", "tid":"fv3"},
{"name":"med_phases_post_atm", "ph":"B", "ts":"1031314761061", "pid":"1", "tid":"cmeps"},
{"name":"med_phases_history_write_comp", "ph":"B", "ts":"1031314772248", "pid":"1", "tid":"cmeps"},
{"name":"med_phases_history_write_comp", "ph":"E", "ts":"1031314772301", "pid":"1", "tid":"cmeps"},
{"name":"med_phases_post_atm", "ph":"E", "ts":"1031314772305", "pid":"1", "tid":"cmeps"},
{"name":"med_phases_post_ice", "ph":"B", "ts":"1031314775044", "pid":"1", "tid":"cmeps"},
{"name":"med_phases_history_write_comp", "ph":"B", "ts":"1031314780970", "pid":"1", "tid":"cmeps"},
{"name":"med_phases_history_write_comp", "ph":"E", "ts":"1031314781025", "pid":"1", "tid":"cmeps"},
{"name":"med_phases_post_ice", "ph":"E", "ts":"1031314781027", "pid":"1", "tid":"cmeps"},
{"name":"med_phases_ocnalb_run", "ph":"B", "ts":"1031314781365", "pid":"1", "tid":"cmeps"},
{"name":"med_phases_history_write_med", "ph":"B", "ts":"1031314781916", "pid":"1", "tid":"cmeps"},
{"name":"med_phases_history_write_med", "ph":"E", "ts":"1031314781921", "pid":"1", "tid":"cmeps"},
{"name":"med_phases_ocnalb_run", "ph":"E", "ts":"1031314781923", "pid":"1", "tid":"cmeps"},
{"name":"med_phases_prep_ocn_accum", "ph":"B", "ts":"1031314782059", "pid":"1", "tid":"cmeps"},
{"name":"med_phases_prep_ocn_accum", "ph":"E", "ts":"1031314784417", "pid":"1", "tid":"cmeps"},
{"name":"med_phases_post_ocn", "ph":"B", "ts":"1031314785676", "pid":"1", "tid":"cmeps"},
{"name":"med_phases_history_write_comp", "ph":"B", "ts":"1031314787547", "pid":"1", "tid":"cmeps"},
{"name":"med_phases_history_write_comp", "ph":"E", "ts":"1031314787595", "pid":"1", "tid":"cmeps"},
{"name":"med_phases_post_ocn", "ph":"E", "ts":"1031314787737", "pid":"1", "tid":"cmeps"},
{"name":"med_phases_restart_write", "ph":"B", "ts":"1031314787971", "pid":"1", "tid":"cmeps"},
{"name":"med_phases_restart_write", "ph":"E", "ts":"1031314788002", "pid":"1", "tid":"cmeps"},
{"name":"med_phases_prep_ocn_avg", "ph":"B", "ts":"1031314788107", "pid":"1", "tid":"cmeps"},
{"name":"med_phases_prep_ocn_avg", "ph":"E", "ts":"1031314789891", "pid":"1", "tid":"cmeps"},
{"name":"med_phases_prep_atm", "ph":"B", "ts":"1031314792166", "pid":"1", "tid":"cmeps"},
{"name":"med_phases_prep_atm", "ph":"E", "ts":"1031314802289", "pid":"1", "tid":"cmeps"},
{"name":"med_phases_prep_ice", "ph":"B", "ts":"1031314802620", "pid":"1", "tid":"cmeps"},
{"name":"med_phases_prep_ice", "ph":"E", "ts":"1031314803749", "pid":"1", "tid":"cmeps"},
{"name":"ModelAdvance", "ph":"B", "ts":"1031314808614", "pid":"1", "tid":"fv3"},
{"name":"ModelAdvance_phase1", "ph":"B", "ts":"1031314808625", "pid":"1", "tid":"fv3"},
{"name":"fcst_run_phase_1", "ph":"B", "ts":"1031314808743", "pid":"1", "tid":"fv3"},
{"name":"fcst_run_phase_1", "ph":"E", "ts":"1031319416553", "pid":"1", "tid":"fv3"},
{"name":"ModelAdvance_phase1", "ph":"E", "ts":"1031319416656", "pid":"1", "tid":"fv3"},
{"name":"ModelAdvance_phase2", "ph":"B", "ts":"1031319416660", "pid":"1", "tid":"fv3"},
{"name":"fcst_run_phase_2", "ph":"B", "ts":"1031319416684", "pid":"1", "tid":"fv3"},
{"name":"fcst_run_phase_2", "ph":"E", "ts":"1031322698328", "pid":"1", "tid":"fv3"},
{"name":"ModelAdvance_phase2", "ph":"E", "ts":"1031322698520", "pid":"1", "tid":"fv3"},
{"name":"ModelAdvance", "ph":"E", "ts":"1031322698524", "pid":"1", "tid":"fv3"},
{"name":"med_phases_post_atm", "ph":"B", "ts":"1031322699610", "pid":"1", "tid":"cmeps"},
{"name":"med_phases_history_write_comp", "ph":"B", "ts":"1031322710363", "pid":"1", "tid":"cmeps"},
{"name":"med_phases_history_write_comp", "ph":"E", "ts":"1031322710415", "pid":"1", "tid":"cmeps"},
{"name":"med_phases_post_atm", "ph":"E", "ts":"1031322710418", "pid":"1", "tid":"cmeps"},
{"name":"med_phases_post_ice", "ph":"B", "ts":"1031322712736", "pid":"1", "tid":"cmeps"},
{"name":"med_phases_history_write_comp", "ph":"B", "ts":"1031322719821", "pid":"1", "tid":"cmeps"},
{"name":"med_phases_history_write_comp", "ph":"E", "ts":"1031322719898", "pid":"1", "tid":"cmeps"},
{"name":"med_phases_post_ice", "ph":"E", "ts":"1031322719901", "pid":"1", "tid":"cmeps"},
{"name":"med_phases_ocnalb_run", "ph":"B", "ts":"1031322720292", "pid":"1", "tid":"cmeps"},
{"name":"med_phases_history_write_med", "ph":"B", "ts":"1031322720864", "pid":"1", "tid":"cmeps"},
{"name":"med_phases_history_write_med", "ph":"E", "ts":"1031322720868", "pid":"1", "tid":"cmeps"},
{"name":"med_phases_ocnalb_run", "ph":"E", "ts":"1031322720871", "pid":"1", "tid":"cmeps"},
{"name":"med_phases_prep_ocn_accum", "ph":"B", "ts":"1031322721028", "pid":"1", "tid":"cmeps"},
{"name":"med_phases_prep_ocn_accum", "ph":"E", "ts":"1031322723025", "pid":"1", "tid":"cmeps"},
{"name":"med_phases_prep_atm", "ph":"B", "ts":"1031322723319", "pid":"1", "tid":"cmeps"},
{"name":"med_phases_prep_atm", "ph":"E", "ts":"1031322731919", "pid":"1", "tid":"cmeps"},
{"name":"med_phases_prep_ice", "ph":"B", "ts":"1031322732147", "pid":"1", "tid":"cmeps"},
{"name":"med_phases_prep_ice", "ph":"E", "ts":"1031322733145", "pid":"1", "tid":"cmeps"},
{"name":"ModelAdvance", "ph":"B", "ts":"1031322738639", "pid":"1", "tid":"fv3"},
{"name":"ModelAdvance_phase1", "ph":"B", "ts":"1031322738647", "pid":"1", "tid":"fv3"},
{"name":"fcst_run_phase_1", "ph":"B", "ts":"1031322738717", "pid":"1", "tid":"fv3"},
{"name":"fcst_run_phase_1", "ph":"E", "ts":"1031325129352", "pid":"1", "tid":"fv3"},
{"name":"ModelAdvance_phase1", "ph":"E", "ts":"1031325129396", "pid":"1", "tid":"fv3"},
{"name":"ModelAdvance_phase2", "ph":"B", "ts":"1031325129398", "pid":"1", "tid":"fv3"},
{"name":"fcst_run_phase_2", "ph":"B", "ts":"1031325129418", "pid":"1", "tid":"fv3"},
{"name":"fcst_run_phase_2", "ph":"E", "ts":"1031325480001", "pid":"1", "tid":"fv3"},
{"name":"ModelAdvance_phase2", "ph":"E", "ts":"1031325480118", "pid":"1", "tid":"fv3"},
{"name":"ModelAdvance", "ph":"E", "ts":"1031325480122", "pid":"1", "tid":"fv3"},
{"name":"med_phases_post_atm", "ph":"B", "ts":"1031325482037", "pid":"1", "tid":"cmeps"},
{"name":"med_phases_history_write_comp", "ph":"B", "ts":"1031325590971", "pid":"1", "tid":"cmeps"},
{"name":"med_phases_history_write_comp", "ph":"E", "ts":"1031325591015", "pid":"1", "tid":"cmeps"},
{"name":"med_phases_post_atm", "ph":"E", "ts":"1031325591018", "pid":"1", "tid":"cmeps"},
{"name":"med_phases_post_ice", "ph":"B", "ts":"1031325593510", "pid":"1", "tid":"cmeps"},
{"name":"med_phases_history_write_comp", "ph":"B", "ts":"1031325609450", "pid":"1", "tid":"cmeps"},
{"name":"med_phases_history_write_comp", "ph":"E", "ts":"1031325609523", "pid":"1", "tid":"cmeps"},
{"name":"med_phases_post_ice", "ph":"E", "ts":"1031325609527", "pid":"1", "tid":"cmeps"},
{"name":"med_phases_ocnalb_run", "ph":"B", "ts":"1031325609889", "pid":"1", "tid":"cmeps"},
{"name":"med_phases_history_write_med", "ph":"B", "ts":"1031325610541", "pid":"1", "tid":"cmeps"},
{"name":"med_phases_history_write_med", "ph":"E", "ts":"1031325610547", "pid":"1", "tid":"cmeps"},
{"name":"med_phases_ocnalb_run", "ph":"E", "ts":"1031325610549", "pid":"1", "tid":"cmeps"},
{"name":"med_phases_prep_ocn_accum", "ph":"B", "ts":"1031325610697", "pid":"1", "tid":"cmeps"},
{"name":"med_phases_prep_ocn_accum", "ph":"E", "ts":"1031325612837", "pid":"1", "tid":"cmeps"},
{"name":"med_phases_prep_atm", "ph":"B", "ts":"1031325613098", "pid":"1", "tid":"cmeps"},
{"name":"med_phases_prep_atm", "ph":"E", "ts":"1031325623399", "pid":"1", "tid":"cmeps"},
{"name":"med_phases_prep_ice", "ph":"B", "ts":"1031325623664", "pid":"1", "tid":"cmeps"},
{"name":"med_phases_prep_ice", "ph":"E", "ts":"1031325624662", "pid":"1", "tid":"cmeps"},
{"name":"ModelAdvance", "ph":"B", "ts":"1031325628801", "pid":"1", "tid":"fv3"},
{"name":"ModelAdvance_phase1", "ph":"B", "ts":"1031325628808", "pid":"1", "tid":"fv3"},
{"name":"fcst_run_phase_1", "ph":"B", "ts":"1031325628842", "pid":"1", "tid":"fv3"},
{"name":"fcst_run_phase_1", "ph":"E", "ts":"1031328096688", "pid":"1", "tid":"fv3"},
{"name":"ModelAdvance_phase1", "ph":"E", "ts":"1031328096802", "pid":"1", "tid":"fv3"},
{"name":"ModelAdvance_phase2", "ph":"B", "ts":"1031328096806", "pid":"1", "tid":"fv3"},
{"name":"fcst_run_phase_2", "ph":"B", "ts":"1031328096833", "pid":"1", "tid":"fv3"},
{"name":"fcst_run_phase_2", "ph":"E", "ts":"1031328440425", "pid":"1", "tid":"fv3"},
{"name":"ModelAdvance_phase2", "ph":"E", "ts":"1031328440483", "pid":"1", "tid":"fv3"},
{"name":"ModelAdvance", "ph":"E", "ts":"1031328440486", "pid":"1", "tid":"fv3"},
{"name":"med_phases_post_atm", "ph":"B", "ts":"1031328441590", "pid":"1", "tid":"cmeps"},
{"name":"med_phases_history_write_comp", "ph":"B", "ts":"1031328453424", "pid":"1", "tid":"cmeps"},
{"name":"med_phases_history_write_comp", "ph":"E", "ts":"1031328453512", "pid":"1", "tid":"cmeps"},
{"name":"med_phases_post_atm", "ph":"E", "ts":"1031328453516", "pid":"1", "tid":"cmeps"},
{"name":"med_phases_post_ice", "ph":"B", "ts":"1031328456420", "pid":"1", "tid":"cmeps"},
{"name":"med_phases_history_write_comp", "ph":"B", "ts":"1031328460366", "pid":"1", "tid":"cmeps"},
{"name":"med_phases_history_write_comp", "ph":"E", "ts":"1031328460441", "pid":"1", "tid":"cmeps"},
{"name":"med_phases_post_ice", "ph":"E", "ts":"1031328460446", "pid":"1", "tid":"cmeps"},
{"name":"med_phases_ocnalb_run", "ph":"B", "ts":"1031328460749", "pid":"1", "tid":"cmeps"},
{"name":"med_phases_history_write_med", "ph":"B", "ts":"1031328461359", "pid":"1", "tid":"cmeps"},
{"name":"med_phases_history_write_med", "ph":"E", "ts":"1031328461363", "pid":"1", "tid":"cmeps"},
{"name":"med_phases_ocnalb_run", "ph":"E", "ts":"1031328461366", "pid":"1", "tid":"cmeps"},
{"name":"med_phases_prep_ocn_accum", "ph":"B", "ts":"1031328461514", "pid":"1", "tid":"cmeps"},
{"name":"med_phases_prep_ocn_accum", "ph":"E", "ts":"1031328463552", "pid":"1", "tid":"cmeps"},
{"name":"med_phases_post_ocn", "ph":"B", "ts":"1031328465203", "pid":"1", "tid":"cmeps"},
{"name":"med_phases_history_write_comp", "ph":"B", "ts":"1031328467488", "pid":"1", "tid":"cmeps"},
{"name":"med_phases_history_write_comp", "ph":"E", "ts":"1031328467526", "pid":"1", "tid":"cmeps"},
{"name":"med_phases_post_ocn", "ph":"E", "ts":"1031328467528", "pid":"1", "tid":"cmeps"},
{"name":"med_phases_restart_write", "ph":"B", "ts":"1031328467763", "pid":"1", "tid":"cmeps"},
{"name":"med_phases_restart_write", "ph":"E", "ts":"1031328467801", "pid":"1", "tid":"cmeps"},
{"name":"med_phases_prep_ocn_avg", "ph":"B", "ts":"1031328467910", "pid":"1", "tid":"cmeps"},
{"name":"med_phases_prep_ocn_avg", "ph":"E", "ts":"1031328469546", "pid":"1", "tid":"cmeps"},
{"name":"med_phases_prep_atm", "ph":"B", "ts":"1031328471999", "pid":"1", "tid":"cmeps"},
{"name":"med_phases_prep_atm", "ph":"E", "ts":"1031328481422", "pid":"1", "tid":"cmeps"},
{"name":"med_phases_prep_ice", "ph":"B", "ts":"1031328481717", "pid":"1", "tid":"cmeps"},
{"name":"med_phases_prep_ice", "ph":"E", "ts":"1031328482875", "pid":"1", "tid":"cmeps"},
{"name":"ModelAdvance", "ph":"B", "ts":"1031328489631", "pid":"1", "tid":"fv3"},
{"name":"ModelAdvance_phase1", "ph":"B", "ts":"1031328489646", "pid":"1", "tid":"fv3"},
{"name":"fcst_run_phase_1", "ph":"B", "ts":"1031328489695", "pid":"1", "tid":"fv3"},
{"name":"fcst_run_phase_1", "ph":"E", "ts":"1031330951410", "pid":"1", "tid":"fv3"},
{"name":"ModelAdvance_phase1", "ph":"E", "ts":"1031330951455", "pid":"1", "tid":"fv3"},
{"name":"ModelAdvance_phase2", "ph":"B", "ts":"1031330951457", "pid":"1", "tid":"fv3"},
{"name":"fcst_run_phase_2", "ph":"B", "ts":"1031330951482", "pid":"1", "tid":"fv3"},
{"name":"fcst_run_phase_2", "ph":"E", "ts":"1031331309368", "pid":"1", "tid":"fv3"},
{"name":"ModelAdvance_phase2", "ph":"E", "ts":"1031331309427", "pid":"1", "tid":"fv3"},
{"name":"ModelAdvance", "ph":"E", "ts":"1031331309430", "pid":"1", "tid":"fv3"},
{"name":"med_phases_post_atm", "ph":"B", "ts":"1031331311972", "pid":"1", "tid":"cmeps"},
{"name":"med_phases_history_write_comp", "ph":"B", "ts":"1031331321713", "pid":"1", "tid":"cmeps"},
{"name":"med_phases_history_write_comp", "ph":"E", "ts":"1031331321775", "pid":"1", "tid":"cmeps"},
{"name":"med_phases_post_atm", "ph":"E", "ts":"1031331321778", "pid":"1", "tid":"cmeps"},
{"name":"med_phases_post_ice", "ph":"B", "ts":"1031331324497", "pid":"1", "tid":"cmeps"},
{"name":"med_phases_history_write_comp", "ph":"B", "ts":"1031331329888", "pid":"1", "tid":"cmeps"},
{"name":"med_phases_history_write_comp", "ph":"E", "ts":"1031331329942", "pid":"1", "tid":"cmeps"},
{"name":"med_phases_post_ice", "ph":"E", "ts":"1031331329946", "pid":"1", "tid":"cmeps"},
{"name":"med_phases_ocnalb_run", "ph":"B", "ts":"1031331330267", "pid":"1", "tid":"cmeps"},
{"name":"med_phases_history_write_med", "ph":"B", "ts":"1031331330851", "pid":"1", "tid":"cmeps"},
{"name":"med_phases_history_write_med", "ph":"E", "ts":"1031331330855", "pid":"1", "tid":"cmeps"},
{"name":"med_phases_ocnalb_run", "ph":"E", "ts":"1031331330858", "pid":"1", "tid":"cmeps"},
{"name":"med_phases_prep_ocn_accum", "ph":"B", "ts":"1031331330997", "pid":"1", "tid":"cmeps"},
{"name":"med_phases_prep_ocn_accum", "ph":"E", "ts":"1031331333208", "pid":"1", "tid":"cmeps"},
{"name":"med_phases_prep_atm", "ph":"B", "ts":"1031331333501", "pid":"1", "tid":"cmeps"},
{"name":"med_phases_prep_atm", "ph":"E", "ts":"1031331341438", "pid":"1", "tid":"cmeps"},
{"name":"med_phases_prep_ice", "ph":"B", "ts":"1031331341666", "pid":"1", "tid":"cmeps"},
{"name":"med_phases_prep_ice", "ph":"E", "ts":"1031331342731", "pid":"1", "tid":"cmeps"},
{"name":"ModelAdvance", "ph":"B", "ts":"1031331348443", "pid":"1", "tid":"fv3"},
{"name":"ModelAdvance_phase1", "ph":"B", "ts":"1031331348452", "pid":"1", "tid":"fv3"},
{"name":"fcst_run_phase_1", "ph":"B", "ts":"1031331348491", "pid":"1", "tid":"fv3"},
{"name":"fcst_run_phase_1", "ph":"E", "ts":"1031333737287", "pid":"1", "tid":"fv3"},
{"name":"ModelAdvance_phase1", "ph":"E", "ts":"1031333737411", "pid":"1", "tid":"fv3"},
{"name":"ModelAdvance_phase2", "ph":"B", "ts":"1031333737415", "pid":"1", "tid":"fv3"},
{"name":"fcst_run_phase_2", "ph":"B", "ts":"1031333737459", "pid":"1", "tid":"fv3"},
{"name":"fcst_run_phase_2", "ph":"E", "ts":"1031334105242", "pid":"1", "tid":"fv3"},
{"name":"ModelAdvance_phase2", "ph":"E", "ts":"1031334105311", "pid":"1", "tid":"fv3"},
{"name":"ModelAdvance", "ph":"E", "ts":"1031334105314", "pid":"1", "tid":"fv3"},
{"name":"med_phases_post_atm", "ph":"B", "ts":"1031334106284", "pid":"1", "tid":"cmeps"},
{"name":"med_phases_history_write_comp", "ph":"B", "ts":"1031334117697", "pid":"1", "tid":"cmeps"},
{"name":"med_phases_history_write_comp", "ph":"E", "ts":"1031334117751", "pid":"1", "tid":"cmeps"},
{"name":"med_phases_post_atm", "ph":"E", "ts":"1031334117754", "pid":"1", "tid":"cmeps"},
{"name":"med_phases_post_ice", "ph":"B", "ts":"1031334121598", "pid":"1", "tid":"cmeps"},
{"name":"med_phases_history_write_comp", "ph":"B", "ts":"1031334125500", "pid":"1", "tid":"cmeps"},
{"name":"med_phases_history_write_comp", "ph":"E", "ts":"1031334125536", "pid":"1", "tid":"cmeps"},
{"name":"med_phases_post_ice", "ph":"E", "ts":"1031334125539", "pid":"1", "tid":"cmeps"},
{"name":"med_phases_ocnalb_run", "ph":"B", "ts":"1031334125759", "pid":"1", "tid":"cmeps"},
{"name":"med_phases_history_write_med", "ph":"B", "ts":"1031334126387", "pid":"1", "tid":"cmeps"},
{"name":"med_phases_history_write_med", "ph":"E", "ts":"1031334126393", "pid":"1", "tid":"cmeps"},
{"name":"med_phases_ocnalb_run", "ph":"E", "ts":"1031334126396", "pid":"1", "tid":"cmeps"},
{"name":"med_phases_prep_ocn_accum", "ph":"B", "ts":"1031334126559", "pid":"1", "tid":"cmeps"},
{"name":"med_phases_prep_ocn_accum", "ph":"E", "ts":"1031334129097", "pid":"1", "tid":"cmeps"},
{"name":"med_phases_prep_atm", "ph":"B", "ts":"1031334129299", "pid":"1", "tid":"cmeps"},
{"name":"med_phases_prep_atm", "ph":"E", "ts":"1031334136684", "pid":"1", "tid":"cmeps"},
{"name":"med_phases_prep_ice", "ph":"B", "ts":"1031334136928", "pid":"1", "tid":"cmeps"},
{"name":"med_phases_prep_ice", "ph":"E", "ts":"1031334138046", "pid":"1", "tid":"cmeps"},
{"name":"ModelAdvance", "ph":"B", "ts":"1031334143512", "pid":"1", "tid":"fv3"},
{"name":"ModelAdvance_phase1", "ph":"B", "ts":"1031334143522", "pid":"1", "tid":"fv3"},
{"name":"fcst_run_phase_1", "ph":"B", "ts":"1031334143563", "pid":"1", "tid":"fv3"},
{"name":"fcst_run_phase_1", "ph":"E", "ts":"1031336555255", "pid":"1", "tid":"fv3"},
{"name":"ModelAdvance_phase1", "ph":"E", "ts":"1031336555385", "pid":"1", "tid":"fv3"},
{"name":"ModelAdvance_phase2", "ph":"B", "ts":"1031336555390", "pid":"1", "tid":"fv3"},
{"name":"fcst_run_phase_2", "ph":"B", "ts":"1031336555417", "pid":"1", "tid":"fv3"},
{"name":"fcst_run_phase_2", "ph":"E", "ts":"1031336913454", "pid":"1", "tid":"fv3"},
{"name":"ModelAdvance_phase2", "ph":"E", "ts":"1031336913598", "pid":"1", "tid":"fv3"},
{"name":"ModelAdvance", "ph":"E", "ts":"1031336913601", "pid":"1", "tid":"fv3"},
{"name":"med_phases_post_atm", "ph":"B", "ts":"1031336914713", "pid":"1", "tid":"cmeps"},
{"name":"med_phases_history_write_comp", "ph":"B", "ts":"1031336924847", "pid":"1", "tid":"cmeps"},
{"name":"med_phases_history_write_comp", "ph":"E", "ts":"1031336924887", "pid":"1", "tid":"cmeps"},
{"name":"med_phases_post_atm", "ph":"E", "ts":"1031336924891", "pid":"1", "tid":"cmeps"},
{"name":"med_phases_post_ice", "ph":"B", "ts":"1031336927721", "pid":"1", "tid":"cmeps"},
{"name":"med_phases_history_write_comp", "ph":"B", "ts":"1031336932077", "pid":"1", "tid":"cmeps"},
{"name":"med_phases_history_write_comp", "ph":"E", "ts":"1031336932146", "pid":"1", "tid":"cmeps"},
{"name":"med_phases_post_ice", "ph":"E", "ts":"1031336932149", "pid":"1", "tid":"cmeps"},
{"name":"med_phases_ocnalb_run", "ph":"B", "ts":"1031336932487", "pid":"1", "tid":"cmeps"},
{"name":"med_phases_history_write_med", "ph":"B", "ts":"1031336933040", "pid":"1", "tid":"cmeps"},
{"name":"med_phases_history_write_med", "ph":"E", "ts":"1031336933044", "pid":"1", "tid":"cmeps"},
{"name":"med_phases_ocnalb_run", "ph":"E", "ts":"1031336933046", "pid":"1", "tid":"cmeps"},
{"name":"med_phases_prep_ocn_accum", "ph":"B", "ts":"1031336933183", "pid":"1", "tid":"cmeps"},
{"name":"med_phases_prep_ocn_accum", "ph":"E", "ts":"1031336935462", "pid":"1", "tid":"cmeps"},
{"name":"med_phases_post_ocn", "ph":"B", "ts":"1031336936816", "pid":"1", "tid":"cmeps"},
{"name":"med_phases_history_write_comp", "ph":"B", "ts":"1031336939129", "pid":"1", "tid":"cmeps"},
{"name":"med_phases_history_write_comp", "ph":"E", "ts":"1031336939167", "pid":"1", "tid":"cmeps"},
{"name":"med_phases_post_ocn", "ph":"E", "ts":"1031336939170", "pid":"1", "tid":"cmeps"},
{"name":"med_phases_restart_write", "ph":"B", "ts":"1031336939414", "pid":"1", "tid":"cmeps"},
{"name":"med_phases_restart_write", "ph":"E", "ts":"1031336939446", "pid":"1", "tid":"cmeps"},
{"name":"med_phases_prep_ocn_avg", "ph":"B", "ts":"1031336939553", "pid":"1", "tid":"cmeps"},
{"name":"med_phases_prep_ocn_avg", "ph":"E", "ts":"1031336941313", "pid":"1", "tid":"cmeps"},
{"name":"med_phases_prep_atm", "ph":"B", "ts":"1031336944082", "pid":"1", "tid":"cmeps"},
{"name":"med_phases_prep_atm", "ph":"E", "ts":"1031336952612", "pid":"1", "tid":"cmeps"},
{"name":"med_phases_prep_ice", "ph":"B", "ts":"1031336952901", "pid":"1", "tid":"cmeps"},
{"name":"med_phases_prep_ice", "ph":"E", "ts":"1031336954045", "pid":"1", "tid":"cmeps"},
{"name":"ModelAdvance", "ph":"B", "ts":"1031336959103", "pid":"1", "tid":"fv3"},
{"name":"ModelAdvance_phase1", "ph":"B", "ts":"1031336959113", "pid":"1", "tid":"fv3"},
{"name":"fcst_run_phase_1", "ph":"B", "ts":"1031336959150", "pid":"1", "tid":"fv3"},
{"name":"fcst_run_phase_1", "ph":"E", "ts":"1031341546255", "pid":"1", "tid":"fv3"},
{"name":"ModelAdvance_phase1", "ph":"E", "ts":"1031341546312", "pid":"1", "tid":"fv3"},
{"name":"ModelAdvance_phase2", "ph":"B", "ts":"1031341546315", "pid":"1", "tid":"fv3"},
{"name":"fcst_run_phase_2", "ph":"B", "ts":"1031341546341", "pid":"1", "tid":"fv3"},
{"name":"fcst_run_phase_2", "ph":"E", "ts":"1031344770058", "pid":"1", "tid":"fv3"},
{"name":"ModelAdvance_phase2", "ph":"E", "ts":"1031344770208", "pid":"1", "tid":"fv3"},
{"name":"ModelAdvance", "ph":"E", "ts":"1031344770211", "pid":"1", "tid":"fv3"},
{"name":"med_phases_post_atm", "ph":"B", "ts":"1031344771684", "pid":"1", "tid":"cmeps"},
{"name":"med_phases_history_write_comp", "ph":"B", "ts":"1031344782172", "pid":"1", "tid":"cmeps"},
{"name":"med_phases_history_write_comp", "ph":"E", "ts":"1031344782213", "pid":"1", "tid":"cmeps"},
{"name":"med_phases_post_atm", "ph":"E", "ts":"1031344782217", "pid":"1", "tid":"cmeps"},
{"name":"med_phases_post_ice", "ph":"B", "ts":"1031344785028", "pid":"1", "tid":"cmeps"},
{"name":"med_phases_history_write_comp", "ph":"B", "ts":"1031344789651", "pid":"1", "tid":"cmeps"},
{"name":"med_phases_history_write_comp", "ph":"E", "ts":"1031344789711", "pid":"1", "tid":"cmeps"},
{"name":"med_phases_post_ice", "ph":"E", "ts":"1031344789714", "pid":"1", "tid":"cmeps"},
{"name":"med_phases_ocnalb_run", "ph":"B", "ts":"1031344790002", "pid":"1", "tid":"cmeps"},
{"name":"med_phases_history_write_med", "ph":"B", "ts":"1031344790589", "pid":"1", "tid":"cmeps"},
{"name":"med_phases_history_write_med", "ph":"E", "ts":"1031344790594", "pid":"1", "tid":"cmeps"},
{"name":"med_phases_ocnalb_run", "ph":"E", "ts":"1031344790596", "pid":"1", "tid":"cmeps"},
{"name":"med_phases_prep_ocn_accum", "ph":"B", "ts":"1031344790734", "pid":"1", "tid":"cmeps"},
{"name":"med_phases_prep_ocn_accum", "ph":"E", "ts":"1031344792979", "pid":"1", "tid":"cmeps"},
{"name":"med_phases_prep_atm", "ph":"B", "ts":"1031344793230", "pid":"1", "tid":"cmeps"},
{"name":"med_phases_prep_atm", "ph":"E", "ts":"1031344801261", "pid":"1", "tid":"cmeps"},
{"name":"med_phases_prep_ice", "ph":"B", "ts":"1031344801562", "pid":"1", "tid":"cmeps"},
{"name":"med_phases_prep_ice", "ph":"E", "ts":"1031344802779", "pid":"1", "tid":"cmeps"},
{"name":"ModelAdvance", "ph":"B", "ts":"1031344807817", "pid":"1", "tid":"fv3"},
{"name":"ModelAdvance_phase1", "ph":"B", "ts":"1031344807823", "pid":"1", "tid":"fv3"},
{"name":"fcst_run_phase_1", "ph":"B", "ts":"1031344807876", "pid":"1", "tid":"fv3"},
{"name":"fcst_run_phase_1", "ph":"E", "ts":"1031347350088", "pid":"1", "tid":"fv3"},
{"name":"ModelAdvance_phase1", "ph":"E", "ts":"1031347350199", "pid":"1", "tid":"fv3"},
{"name":"ModelAdvance_phase2", "ph":"B", "ts":"1031347350203", "pid":"1", "tid":"fv3"},
{"name":"fcst_run_phase_2", "ph":"B", "ts":"1031347350230", "pid":"1", "tid":"fv3"},
{"name":"fcst_run_phase_2", "ph":"E", "ts":"1031347702821", "pid":"1", "tid":"fv3"},
{"name":"ModelAdvance_phase2", "ph":"E", "ts":"1031347702875", "pid":"1", "tid":"fv3"},
{"name":"ModelAdvance", "ph":"E", "ts":"1031347702878", "pid":"1", "tid":"fv3"},
{"name":"med_phases_post_atm", "ph":"B", "ts":"1031347703846", "pid":"1", "tid":"cmeps"},
{"name":"med_phases_history_write_comp", "ph":"B", "ts":"1031347713919", "pid":"1", "tid":"cmeps"},
{"name":"med_phases_history_write_comp", "ph":"E", "ts":"1031347713970", "pid":"1", "tid":"cmeps"},
{"name":"med_phases_post_atm", "ph":"E", "ts":"1031347713973", "pid":"1", "tid":"cmeps"},
{"name":"med_phases_post_ice", "ph":"B", "ts":"1031347716689", "pid":"1", "tid":"cmeps"},
{"name":"med_phases_history_write_comp", "ph":"B", "ts":"1031347721335", "pid":"1", "tid":"cmeps"},
{"name":"med_phases_history_write_comp", "ph":"E", "ts":"1031347721422", "pid":"1", "tid":"cmeps"},
{"name":"med_phases_post_ice", "ph":"E", "ts":"1031347721426", "pid":"1", "tid":"cmeps"},
{"name":"med_phases_ocnalb_run", "ph":"B", "ts":"1031347721868", "pid":"1", "tid":"cmeps"},
{"name":"med_phases_history_write_med", "ph":"B", "ts":"1031347722459", "pid":"1", "tid":"cmeps"},
{"name":"med_phases_history_write_med", "ph":"E", "ts":"1031347722464", "pid":"1", "tid":"cmeps"},
{"name":"med_phases_ocnalb_run", "ph":"E", "ts":"1031347722467", "pid":"1", "tid":"cmeps"},
{"name":"med_phases_prep_ocn_accum", "ph":"B", "ts":"1031347722606", "pid":"1", "tid":"cmeps"},
{"name":"med_phases_prep_ocn_accum", "ph":"E", "ts":"1031347724796", "pid":"1", "tid":"cmeps"},
{"name":"med_phases_prep_atm", "ph":"B", "ts":"1031347725060", "pid":"1", "tid":"cmeps"},
{"name":"med_phases_prep_atm", "ph":"E", "ts":"1031347732997", "pid":"1", "tid":"cmeps"},
{"name":"med_phases_prep_ice", "ph":"B", "ts":"1031347733218", "pid":"1", "tid":"cmeps"},
{"name":"med_phases_prep_ice", "ph":"E", "ts":"1031347734345", "pid":"1", "tid":"cmeps"},
{"name":"ModelAdvance", "ph":"B", "ts":"1031347739785", "pid":"1", "tid":"fv3"},
{"name":"ModelAdvance_phase1", "ph":"B", "ts":"1031347739791", "pid":"1", "tid":"fv3"},
{"name":"fcst_run_phase_1", "ph":"B", "ts":"1031347739856", "pid":"1", "tid":"fv3"},
{"name":"fcst_run_phase_1", "ph":"E", "ts":"1031350132350", "pid":"1", "tid":"fv3"},
{"name":"ModelAdvance_phase1", "ph":"E", "ts":"1031350132396", "pid":"1", "tid":"fv3"},
{"name":"ModelAdvance_phase2", "ph":"B", "ts":"1031350132398", "pid":"1", "tid":"fv3"},
{"name":"fcst_run_phase_2", "ph":"B", "ts":"1031350132424", "pid":"1", "tid":"fv3"},
{"name":"fcst_run_phase_2", "ph":"E", "ts":"1031350488079", "pid":"1", "tid":"fv3"},
{"name":"ModelAdvance_phase2", "ph":"E", "ts":"1031350488140", "pid":"1", "tid":"fv3"},
{"name":"ModelAdvance", "ph":"E", "ts":"1031350488143", "pid":"1", "tid":"fv3"},
{"name":"med_phases_post_atm", "ph":"B", "ts":"1031350489500", "pid":"1", "tid":"cmeps"},
{"name":"med_phases_history_write_comp", "ph":"B", "ts":"1031350499439", "pid":"1", "tid":"cmeps"},
{"name":"med_phases_history_write_comp", "ph":"E", "ts":"1031350499526", "pid":"1", "tid":"cmeps"},
{"name":"med_phases_post_atm", "ph":"E", "ts":"1031350499531", "pid":"1", "tid":"cmeps"},
{"name":"med_phases_post_ice", "ph":"B", "ts":"1031350502144", "pid":"1", "tid":"cmeps"},
{"name":"med_phases_history_write_comp", "ph":"B", "ts":"1031350507074", "pid":"1", "tid":"cmeps"},
{"name":"med_phases_history_write_comp", "ph":"E", "ts":"1031350507143", "pid":"1", "tid":"cmeps"},
{"name":"med_phases_post_ice", "ph":"E", "ts":"1031350507147", "pid":"1", "tid":"cmeps"},
{"name":"med_phases_ocnalb_run", "ph":"B", "ts":"1031350507528", "pid":"1", "tid":"cmeps"},
{"name":"med_phases_history_write_med", "ph":"B", "ts":"1031350508085", "pid":"1", "tid":"cmeps"},
{"name":"med_phases_history_write_med", "ph":"E", "ts":"1031350508174", "pid":"1", "tid":"cmeps"},
{"name":"med_phases_ocnalb_run", "ph":"E", "ts":"1031350508177", "pid":"1", "tid":"cmeps"},
{"name":"med_phases_prep_ocn_accum", "ph":"B", "ts":"1031350508352", "pid":"1", "tid":"cmeps"},
{"name":"med_phases_prep_ocn_accum", "ph":"E", "ts":"1031350510628", "pid":"1", "tid":"cmeps"},
{"name":"med_phases_post_ocn", "ph":"B", "ts":"1031350511944", "pid":"1", "tid":"cmeps"},
{"name":"med_phases_history_write_comp", "ph":"B", "ts":"1031350514122", "pid":"1", "tid":"cmeps"},
{"name":"med_phases_history_write_comp", "ph":"E", "ts":"1031350514158", "pid":"1", "tid":"cmeps"},
{"name":"med_phases_post_ocn", "ph":"E", "ts":"1031350514161", "pid":"1", "tid":"cmeps"},
{"name":"med_phases_restart_write", "ph":"B", "ts":"1031350514401", "pid":"1", "tid":"cmeps"},
{"name":"med_phases_restart_write", "ph":"E", "ts":"1031350514432", "pid":"1", "tid":"cmeps"},
{"name":"med_phases_prep_ocn_avg", "ph":"B", "ts":"1031350514539", "pid":"1", "tid":"cmeps"},
{"name":"med_phases_prep_ocn_avg", "ph":"E", "ts":"1031350516264", "pid":"1", "tid":"cmeps"},
{"name":"med_phases_prep_atm", "ph":"B", "ts":"1031350518585", "pid":"1", "tid":"cmeps"},
{"name":"med_phases_prep_atm", "ph":"E", "ts":"1031350526977", "pid":"1", "tid":"cmeps"},
{"name":"med_phases_prep_ice", "ph":"B", "ts":"1031350527226", "pid":"1", "tid":"cmeps"},
{"name":"med_phases_prep_ice", "ph":"E", "ts":"1031350528227", "pid":"1", "tid":"cmeps"},
{"name":"ModelAdvance", "ph":"B", "ts":"1031350534093", "pid":"1", "tid":"fv3"},
{"name":"ModelAdvance_phase1", "ph":"B", "ts":"1031350534101", "pid":"1", "tid":"fv3"},
{"name":"fcst_run_phase_1", "ph":"B", "ts":"1031350534134", "pid":"1", "tid":"fv3"},
{"name":"fcst_run_phase_1", "ph":"E", "ts":"1031352908720", "pid":"1", "tid":"fv3"},
{"name":"ModelAdvance_phase1", "ph":"E", "ts":"1031352908906", "pid":"1", "tid":"fv3"},
{"name":"ModelAdvance_phase2", "ph":"B", "ts":"1031352908910", "pid":"1", "tid":"fv3"},
{"name":"fcst_run_phase_2", "ph":"B", "ts":"1031352908936", "pid":"1", "tid":"fv3"},
{"name":"fcst_run_phase_2", "ph":"E", "ts":"1031353278608", "pid":"1", "tid":"fv3"},
{"name":"ModelAdvance_phase2", "ph":"E", "ts":"1031353278666", "pid":"1", "tid":"fv3"},
{"name":"ModelAdvance", "ph":"E", "ts":"1031353278669", "pid":"1", "tid":"fv3"},
{"name":"med_phases_post_atm", "ph":"B", "ts":"1031353279752", "pid":"1", "tid":"cmeps"},
{"name":"med_phases_history_write_comp", "ph":"B", "ts":"1031353290641", "pid":"1", "tid":"cmeps"},
{"name":"med_phases_history_write_comp", "ph":"E", "ts":"1031353290714", "pid":"1", "tid":"cmeps"},
{"name":"med_phases_post_atm", "ph":"E", "ts":"1031353290718", "pid":"1", "tid":"cmeps"},
{"name":"med_phases_post_ice", "ph":"B", "ts":"1031353293317", "pid":"1", "tid":"cmeps"},
{"name":"med_phases_history_write_comp", "ph":"B", "ts":"1031353298102", "pid":"1", "tid":"cmeps"},
{"name":"med_phases_history_write_comp", "ph":"E", "ts":"1031353298158", "pid":"1", "tid":"cmeps"},
{"name":"med_phases_post_ice", "ph":"E", "ts":"1031353298162", "pid":"1", "tid":"cmeps"},
{"name":"med_phases_ocnalb_run", "ph":"B", "ts":"1031353298437", "pid":"1", "tid":"cmeps"},
{"name":"med_phases_history_write_med", "ph":"B", "ts":"1031353299007", "pid":"1", "tid":"cmeps"},
{"name":"med_phases_history_write_med", "ph":"E", "ts":"1031353299012", "pid":"1", "tid":"cmeps"},
{"name":"med_phases_ocnalb_run", "ph":"E", "ts":"1031353299014", "pid":"1", "tid":"cmeps"},
{"name":"med_phases_prep_ocn_accum", "ph":"B", "ts":"1031353299150", "pid":"1", "tid":"cmeps"},
{"name":"med_phases_prep_ocn_accum", "ph":"E", "ts":"1031353301359", "pid":"1", "tid":"cmeps"},
{"name":"med_phases_prep_atm", "ph":"B", "ts":"1031353301597", "pid":"1", "tid":"cmeps"},
{"name":"med_phases_prep_atm", "ph":"E", "ts":"1031353310050", "pid":"1", "tid":"cmeps"},
{"name":"med_phases_prep_ice", "ph":"B", "ts":"1031353310327", "pid":"1", "tid":"cmeps"},
{"name":"med_phases_prep_ice", "ph":"E", "ts":"1031353311498", "pid":"1", "tid":"cmeps"},
{"name":"ModelAdvance", "ph":"B", "ts":"1031353316154", "pid":"1", "tid":"fv3"},
{"name":"ModelAdvance_phase1", "ph":"B", "ts":"1031353316293", "pid":"1", "tid":"fv3"},
{"name":"fcst_run_phase_1", "ph":"B", "ts":"1031353316344", "pid":"1", "tid":"fv3"},
{"name":"fcst_run_phase_1", "ph":"E", "ts":"1031355694457", "pid":"1", "tid":"fv3"},
{"name":"ModelAdvance_phase1", "ph":"E", "ts":"1031355694514", "pid":"1", "tid":"fv3"},
{"name":"ModelAdvance_phase2", "ph":"B", "ts":"1031355694516", "pid":"1", "tid":"fv3"},
{"name":"fcst_run_phase_2", "ph":"B", "ts":"1031355694539", "pid":"1", "tid":"fv3"},
{"name":"fcst_run_phase_2", "ph":"E", "ts":"1031356046582", "pid":"1", "tid":"fv3"},
{"name":"ModelAdvance_phase2", "ph":"E", "ts":"1031356046641", "pid":"1", "tid":"fv3"},
{"name":"ModelAdvance", "ph":"E", "ts":"1031356046644", "pid":"1", "tid":"fv3"},
{"name":"med_phases_post_atm", "ph":"B", "ts":"1031356047660", "pid":"1", "tid":"cmeps"},
{"name":"med_phases_history_write_comp", "ph":"B", "ts":"1031356057880", "pid":"1", "tid":"cmeps"},
{"name":"med_phases_history_write_comp", "ph":"E", "ts":"1031356057939", "pid":"1", "tid":"cmeps"},
{"name":"med_phases_post_atm", "ph":"E", "ts":"1031356057943", "pid":"1", "tid":"cmeps"},
{"name":"med_phases_post_ice", "ph":"B", "ts":"1031356060677", "pid":"1", "tid":"cmeps"},
{"name":"med_phases_history_write_comp", "ph":"B", "ts":"1031356065153", "pid":"1", "tid":"cmeps"},
{"name":"med_phases_history_write_comp", "ph":"E", "ts":"1031356065220", "pid":"1", "tid":"cmeps"},
{"name":"med_phases_post_ice", "ph":"E", "ts":"1031356065222", "pid":"1", "tid":"cmeps"},
{"name":"med_phases_ocnalb_run", "ph":"B", "ts":"1031356065504", "pid":"1", "tid":"cmeps"},
{"name":"med_phases_history_write_med", "ph":"B", "ts":"1031356066088", "pid":"1", "tid":"cmeps"},
{"name":"med_phases_history_write_med", "ph":"E", "ts":"1031356066093", "pid":"1", "tid":"cmeps"},
{"name":"med_phases_ocnalb_run", "ph":"E", "ts":"1031356066096", "pid":"1", "tid":"cmeps"},
{"name":"med_phases_prep_ocn_accum", "ph":"B", "ts":"1031356066234", "pid":"1", "tid":"cmeps"},
{"name":"med_phases_prep_ocn_accum", "ph":"E", "ts":"1031356068517", "pid":"1", "tid":"cmeps"},
{"name":"med_phases_prep_atm", "ph":"B", "ts":"1031356068777", "pid":"1", "tid":"cmeps"},
{"name":"med_phases_prep_atm", "ph":"E", "ts":"1031356076816", "pid":"1", "tid":"cmeps"},
{"name":"med_phases_prep_ice", "ph":"B", "ts":"1031356077052", "pid":"1", "tid":"cmeps"},
{"name":"med_phases_prep_ice", "ph":"E", "ts":"1031356078090", "pid":"1", "tid":"cmeps"},
{"name":"ModelAdvance", "ph":"B", "ts":"1031356083610", "pid":"1", "tid":"fv3"},
{"name":"ModelAdvance_phase1", "ph":"B", "ts":"1031356083620", "pid":"1", "tid":"fv3"},
{"name":"fcst_run_phase_1", "ph":"B", "ts":"1031356083658", "pid":"1", "tid":"fv3"},
{"name":"fcst_run_phase_1", "ph":"E", "ts":"1031358456019", "pid":"1", "tid":"fv3"},
{"name":"ModelAdvance_phase1", "ph":"E", "ts":"1031358456130", "pid":"1", "tid":"fv3"},
{"name":"ModelAdvance_phase2", "ph":"B", "ts":"1031358456134", "pid":"1", "tid":"fv3"},
{"name":"fcst_run_phase_2", "ph":"B", "ts":"1031358456161", "pid":"1", "tid":"fv3"},
{"name":"fcst_run_phase_2", "ph":"E", "ts":"1031358807157", "pid":"1", "tid":"fv3"},
{"name":"ModelAdvance_phase2", "ph":"E", "ts":"1031358807223", "pid":"1", "tid":"fv3"},
{"name":"ModelAdvance", "ph":"E", "ts":"1031358807226", "pid":"1", "tid":"fv3"},
{"name":"med_phases_post_atm", "ph":"B", "ts":"1031358809648", "pid":"1", "tid":"cmeps"},
{"name":"med_phases_history_write_comp", "ph":"B", "ts":"1031358819585", "pid":"1", "tid":"cmeps"},
{"name":"med_phases_history_write_comp", "ph":"E", "ts":"1031358819633", "pid":"1", "tid":"cmeps"},
{"name":"med_phases_post_atm", "ph":"E", "ts":"1031358819637", "pid":"1", "tid":"cmeps"},
{"name":"med_phases_post_ice", "ph":"B", "ts":"1031358822521", "pid":"1", "tid":"cmeps"},
{"name":"med_phases_history_write_comp", "ph":"B", "ts":"1031358826836", "pid":"1", "tid":"cmeps"},
{"name":"med_phases_history_write_comp", "ph":"E", "ts":"1031358826904", "pid":"1", "tid":"cmeps"},
{"name":"med_phases_post_ice", "ph":"E", "ts":"1031358826907", "pid":"1", "tid":"cmeps"},
{"name":"med_phases_ocnalb_run", "ph":"B", "ts":"1031358827309", "pid":"1", "tid":"cmeps"},
{"name":"med_phases_history_write_med", "ph":"B", "ts":"1031358827977", "pid":"1", "tid":"cmeps"},
{"name":"med_phases_history_write_med", "ph":"E", "ts":"1031358827981", "pid":"1", "tid":"cmeps"},
{"name":"med_phases_ocnalb_run", "ph":"E", "ts":"1031358827983", "pid":"1", "tid":"cmeps"},
{"name":"med_phases_prep_ocn_accum", "ph":"B", "ts":"1031358828133", "pid":"1", "tid":"cmeps"},
{"name":"med_phases_prep_ocn_accum", "ph":"E", "ts":"1031358830539", "pid":"1", "tid":"cmeps"},
{"name":"med_phases_post_ocn", "ph":"B", "ts":"1031358831762", "pid":"1", "tid":"cmeps"},
{"name":"med_phases_history_write_comp", "ph":"B", "ts":"1031358834061", "pid":"1", "tid":"cmeps"},
{"name":"med_phases_history_write_comp", "ph":"E", "ts":"1031358834098", "pid":"1", "tid":"cmeps"},
{"name":"med_phases_post_ocn", "ph":"E", "ts":"1031358834101", "pid":"1", "tid":"cmeps"},
{"name":"med_phases_restart_write", "ph":"B", "ts":"1031358834343", "pid":"1", "tid":"cmeps"},
{"name":"med_phases_restart_write", "ph":"E", "ts":"1031358834377", "pid":"1", "tid":"cmeps"},
{"name":"med_phases_prep_ocn_avg", "ph":"B", "ts":"1031358834483", "pid":"1", "tid":"cmeps"},
{"name":"med_phases_prep_ocn_avg", "ph":"E", "ts":"1031358836256", "pid":"1", "tid":"cmeps"},
{"name":"med_phases_prep_atm", "ph":"B", "ts":"1031358838682", "pid":"1", "tid":"cmeps"},
{"name":"med_phases_prep_atm", "ph":"E", "ts":"1031358846312", "pid":"1", "tid":"cmeps"},
{"name":"med_phases_prep_ice", "ph":"B", "ts":"1031358846547", "pid":"1", "tid":"cmeps"},
{"name":"med_phases_prep_ice", "ph":"E", "ts":"1031358847259", "pid":"1", "tid":"cmeps"},
{"name":"ModelAdvance", "ph":"B", "ts":"1031358853969", "pid":"1", "tid":"fv3"},
{"name":"ModelAdvance_phase1", "ph":"B", "ts":"1031358853979", "pid":"1", "tid":"fv3"},
{"name":"fcst_run_phase_1", "ph":"B", "ts":"1031358854016", "pid":"1", "tid":"fv3"},
{"name":"fcst_run_phase_1", "ph":"E", "ts":"1031363425431", "pid":"1", "tid":"fv3"},
{"name":"ModelAdvance_phase1", "ph":"E", "ts":"1031363425549", "pid":"1", "tid":"fv3"},
{"name":"ModelAdvance_phase2", "ph":"B", "ts":"1031363425553", "pid":"1", "tid":"fv3"},
{"name":"fcst_run_phase_2", "ph":"B", "ts":"1031363425581", "pid":"1", "tid":"fv3"},
{"name":"fcst_run_phase_2", "ph":"E", "ts":"1031366638249", "pid":"1", "tid":"fv3"},
{"name":"ModelAdvance_phase2", "ph":"E", "ts":"1031366638387", "pid":"1", "tid":"fv3"},
{"name":"ModelAdvance", "ph":"E", "ts":"1031366638390", "pid":"1", "tid":"fv3"},
{"name":"med_phases_post_atm", "ph":"B", "ts":"1031366639543", "pid":"1", "tid":"cmeps"},
{"name":"med_phases_history_write_comp", "ph":"B", "ts":"1031366650867", "pid":"1", "tid":"cmeps"},
{"name":"med_phases_history_write_comp", "ph":"E", "ts":"1031366650915", "pid":"1", "tid":"cmeps"},
{"name":"med_phases_post_atm", "ph":"E", "ts":"1031366650918", "pid":"1", "tid":"cmeps"},
{"name":"med_phases_post_ice", "ph":"B", "ts":"1031366653536", "pid":"1", "tid":"cmeps"},
{"name":"med_phases_history_write_comp", "ph":"B", "ts":"1031366659861", "pid":"1", "tid":"cmeps"},
{"name":"med_phases_history_write_comp", "ph":"E", "ts":"1031366659918", "pid":"1", "tid":"cmeps"},
{"name":"med_phases_post_ice", "ph":"E", "ts":"1031366659923", "pid":"1", "tid":"cmeps"},
{"name":"med_phases_ocnalb_run", "ph":"B", "ts":"1031366660178", "pid":"1", "tid":"cmeps"},
{"name":"med_phases_history_write_med", "ph":"B", "ts":"1031366660756", "pid":"1", "tid":"cmeps"},
{"name":"med_phases_history_write_med", "ph":"E", "ts":"1031366660760", "pid":"1", "tid":"cmeps"},
{"name":"med_phases_ocnalb_run", "ph":"E", "ts":"1031366660763", "pid":"1", "tid":"cmeps"},
{"name":"med_phases_prep_ocn_accum", "ph":"B", "ts":"1031366660903", "pid":"1", "tid":"cmeps"},
{"name":"med_phases_prep_ocn_accum", "ph":"E", "ts":"1031366663308", "pid":"1", "tid":"cmeps"},
{"name":"med_phases_prep_atm", "ph":"B", "ts":"1031366663548", "pid":"1", "tid":"cmeps"},
{"name":"med_phases_prep_atm", "ph":"E", "ts":"1031366671555", "pid":"1", "tid":"cmeps"},
{"name":"med_phases_prep_ice", "ph":"B", "ts":"1031366671773", "pid":"1", "tid":"cmeps"},
{"name":"med_phases_prep_ice", "ph":"E", "ts":"1031366672914", "pid":"1", "tid":"cmeps"},
{"name":"ModelAdvance", "ph":"B", "ts":"1031366678969", "pid":"1", "tid":"fv3"},
{"name":"ModelAdvance_phase1", "ph":"B", "ts":"1031366678983", "pid":"1", "tid":"fv3"},
{"name":"fcst_run_phase_1", "ph":"B", "ts":"1031366679025", "pid":"1", "tid":"fv3"},
{"name":"fcst_run_phase_1", "ph":"E", "ts":"1031369038625", "pid":"1", "tid":"fv3"},
{"name":"ModelAdvance_phase1", "ph":"E", "ts":"1031369038728", "pid":"1", "tid":"fv3"},
{"name":"ModelAdvance_phase2", "ph":"B", "ts":"1031369038732", "pid":"1", "tid":"fv3"},
{"name":"fcst_run_phase_2", "ph":"B", "ts":"1031369038756", "pid":"1", "tid":"fv3"},
{"name":"fcst_run_phase_2", "ph":"E", "ts":"1031369413503", "pid":"1", "tid":"fv3"},
{"name":"ModelAdvance_phase2", "ph":"E", "ts":"1031369413634", "pid":"1", "tid":"fv3"},
{"name":"ModelAdvance", "ph":"E", "ts":"1031369413637", "pid":"1", "tid":"fv3"},
{"name":"med_phases_post_atm", "ph":"B", "ts":"1031369414875", "pid":"1", "tid":"cmeps"},
{"name":"med_phases_history_write_comp", "ph":"B", "ts":"1031369426220", "pid":"1", "tid":"cmeps"},
{"name":"med_phases_history_write_comp", "ph":"E", "ts":"1031369426279", "pid":"1", "tid":"cmeps"},
{"name":"med_phases_post_atm", "ph":"E", "ts":"1031369426282", "pid":"1", "tid":"cmeps"},
{"name":"med_phases_post_ice", "ph":"B", "ts":"1031369428950", "pid":"1", "tid":"cmeps"},
{"name":"med_phases_history_write_comp", "ph":"B", "ts":"1031369434298", "pid":"1", "tid":"cmeps"},
{"name":"med_phases_history_write_comp", "ph":"E", "ts":"1031369434380", "pid":"1", "tid":"cmeps"},
{"name":"med_phases_post_ice", "ph":"E", "ts":"1031369434383", "pid":"1", "tid":"cmeps"},
{"name":"med_phases_ocnalb_run", "ph":"B", "ts":"1031369434720", "pid":"1", "tid":"cmeps"},
{"name":"med_phases_history_write_med", "ph":"B", "ts":"1031369435333", "pid":"1", "tid":"cmeps"},
{"name":"med_phases_history_write_med", "ph":"E", "ts":"1031369435337", "pid":"1", "tid":"cmeps"},
{"name":"med_phases_ocnalb_run", "ph":"E", "ts":"1031369435339", "pid":"1", "tid":"cmeps"},
{"name":"med_phases_prep_ocn_accum", "ph":"B", "ts":"1031369435492", "pid":"1", "tid":"cmeps"},
{"name":"med_phases_prep_ocn_accum", "ph":"E", "ts":"1031369437721", "pid":"1", "tid":"cmeps"},
{"name":"med_phases_prep_atm", "ph":"B", "ts":"1031369437959", "pid":"1", "tid":"cmeps"},
{"name":"med_phases_prep_atm", "ph":"E", "ts":"1031369445756", "pid":"1", "tid":"cmeps"},
{"name":"med_phases_prep_ice", "ph":"B", "ts":"1031369445960", "pid":"1", "tid":"cmeps"},
{"name":"med_phases_prep_ice", "ph":"E", "ts":"1031369446988", "pid":"1", "tid":"cmeps"},
{"name":"ModelAdvance", "ph":"B", "ts":"1031369452575", "pid":"1", "tid":"fv3"},
{"name":"ModelAdvance_phase1", "ph":"B", "ts":"1031369452583", "pid":"1", "tid":"fv3"},
{"name":"fcst_run_phase_1", "ph":"B", "ts":"1031369452617", "pid":"1", "tid":"fv3"},
{"name":"fcst_run_phase_1", "ph":"E", "ts":"1031371866148", "pid":"1", "tid":"fv3"},
{"name":"ModelAdvance_phase1", "ph":"E", "ts":"1031371866190", "pid":"1", "tid":"fv3"},
{"name":"ModelAdvance_phase2", "ph":"B", "ts":"1031371866193", "pid":"1", "tid":"fv3"},
{"name":"fcst_run_phase_2", "ph":"B", "ts":"1031371866218", "pid":"1", "tid":"fv3"},
{"name":"fcst_run_phase_2", "ph":"E", "ts":"1031372234097", "pid":"1", "tid":"fv3"},
{"name":"ModelAdvance_phase2", "ph":"E", "ts":"1031372234184", "pid":"1", "tid":"fv3"},
{"name":"ModelAdvance", "ph":"E", "ts":"1031372234186", "pid":"1", "tid":"fv3"},
{"name":"med_phases_post_atm", "ph":"B", "ts":"1031372236280", "pid":"1", "tid":"cmeps"},
{"name":"med_phases_history_write_comp", "ph":"B", "ts":"1031372246708", "pid":"1", "tid":"cmeps"},
{"name":"med_phases_history_write_comp", "ph":"E", "ts":"1031372246756", "pid":"1", "tid":"cmeps"},
{"name":"med_phases_post_atm", "ph":"E", "ts":"1031372246759", "pid":"1", "tid":"cmeps"},
{"name":"med_phases_post_ice", "ph":"B", "ts":"1031372249179", "pid":"1", "tid":"cmeps"},
{"name":"med_phases_history_write_comp", "ph":"B", "ts":"1031372255683", "pid":"1", "tid":"cmeps"},
{"name":"med_phases_history_write_comp", "ph":"E", "ts":"1031372255902", "pid":"1", "tid":"cmeps"},
{"name":"med_phases_post_ice", "ph":"E", "ts":"1031372255909", "pid":"1", "tid":"cmeps"},
{"name":"med_phases_ocnalb_run", "ph":"B", "ts":"1031372256173", "pid":"1", "tid":"cmeps"},
{"name":"med_phases_history_write_med", "ph":"B", "ts":"1031372256837", "pid":"1", "tid":"cmeps"},
{"name":"med_phases_history_write_med", "ph":"E", "ts":"1031372256843", "pid":"1", "tid":"cmeps"},
{"name":"med_phases_ocnalb_run", "ph":"E", "ts":"1031372256846", "pid":"1", "tid":"cmeps"},
{"name":"med_phases_prep_ocn_accum", "ph":"B", "ts":"1031372256991", "pid":"1", "tid":"cmeps"},
{"name":"med_phases_prep_ocn_accum", "ph":"E", "ts":"1031372259162", "pid":"1", "tid":"cmeps"},
{"name":"med_phases_post_ocn", "ph":"B", "ts":"1031372260328", "pid":"1", "tid":"cmeps"},
{"name":"med_phases_history_write_comp", "ph":"B", "ts":"1031372263218", "pid":"1", "tid":"cmeps"},
{"name":"med_phases_history_write_comp", "ph":"E", "ts":"1031372263255", "pid":"1", "tid":"cmeps"},
{"name":"med_phases_post_ocn", "ph":"E", "ts":"1031372263258", "pid":"1", "tid":"cmeps"},
{"name":"med_phases_restart_write", "ph":"B", "ts":"1031372263490", "pid":"1", "tid":"cmeps"},
{"name":"med_phases_restart_write", "ph":"E", "ts":"1031372263520", "pid":"1", "tid":"cmeps"},
{"name":"med_phases_prep_ocn_avg", "ph":"B", "ts":"1031372263625", "pid":"1", "tid":"cmeps"},
{"name":"med_phases_prep_ocn_avg", "ph":"E", "ts":"1031372265348", "pid":"1", "tid":"cmeps"},
{"name":"med_phases_prep_atm", "ph":"B", "ts":"1031372267290", "pid":"1", "tid":"cmeps"},
{"name":"med_phases_prep_atm", "ph":"E", "ts":"1031372277013", "pid":"1", "tid":"cmeps"},
{"name":"med_phases_prep_ice", "ph":"B", "ts":"1031372277315", "pid":"1", "tid":"cmeps"},
{"name":"med_phases_prep_ice", "ph":"E", "ts":"1031372278431", "pid":"1", "tid":"cmeps"},
{"name":"ModelAdvance", "ph":"B", "ts":"1031372282977", "pid":"1", "tid":"fv3"},
{"name":"ModelAdvance_phase1", "ph":"B", "ts":"1031372282988", "pid":"1", "tid":"fv3"},
{"name":"fcst_run_phase_1", "ph":"B", "ts":"1031372283049", "pid":"1", "tid":"fv3"},
{"name":"fcst_run_phase_1", "ph":"E", "ts":"1031374647617", "pid":"1", "tid":"fv3"},
{"name":"ModelAdvance_phase1", "ph":"E", "ts":"1031374647727", "pid":"1", "tid":"fv3"},
{"name":"ModelAdvance_phase2", "ph":"B", "ts":"1031374647730", "pid":"1", "tid":"fv3"},
{"name":"fcst_run_phase_2", "ph":"B", "ts":"1031374647764", "pid":"1", "tid":"fv3"},
{"name":"fcst_run_phase_2", "ph":"E", "ts":"1031375013249", "pid":"1", "tid":"fv3"},
{"name":"ModelAdvance_phase2", "ph":"E", "ts":"1031375013307", "pid":"1", "tid":"fv3"},
{"name":"ModelAdvance", "ph":"E", "ts":"1031375013310", "pid":"1", "tid":"fv3"},
{"name":"med_phases_post_atm", "ph":"B", "ts":"1031375014404", "pid":"1", "tid":"cmeps"},
{"name":"med_phases_history_write_comp", "ph":"B", "ts":"1031375025956", "pid":"1", "tid":"cmeps"},
{"name":"med_phases_history_write_comp", "ph":"E", "ts":"1031375026026", "pid":"1", "tid":"cmeps"},
{"name":"med_phases_post_atm", "ph":"E", "ts":"1031375026029", "pid":"1", "tid":"cmeps"},
{"name":"med_phases_post_ice", "ph":"B", "ts":"1031375028726", "pid":"1", "tid":"cmeps"},
{"name":"med_phases_history_write_comp", "ph":"B", "ts":"1031375034564", "pid":"1", "tid":"cmeps"},
{"name":"med_phases_history_write_comp", "ph":"E", "ts":"1031375034624", "pid":"1", "tid":"cmeps"},
{"name":"med_phases_post_ice", "ph":"E", "ts":"1031375034627", "pid":"1", "tid":"cmeps"},
{"name":"med_phases_ocnalb_run", "ph":"B", "ts":"1031375034992", "pid":"1", "tid":"cmeps"},
{"name":"med_phases_history_write_med", "ph":"B", "ts":"1031375035651", "pid":"1", "tid":"cmeps"},
{"name":"med_phases_history_write_med", "ph":"E", "ts":"1031375035656", "pid":"1", "tid":"cmeps"},
{"name":"med_phases_ocnalb_run", "ph":"E", "ts":"1031375035659", "pid":"1", "tid":"cmeps"},
{"name":"med_phases_prep_ocn_accum", "ph":"B", "ts":"1031375035836", "pid":"1", "tid":"cmeps"},
{"name":"med_phases_prep_ocn_accum", "ph":"E", "ts":"1031375038214", "pid":"1", "tid":"cmeps"},
{"name":"med_phases_prep_atm", "ph":"B", "ts":"1031375038590", "pid":"1", "tid":"cmeps"},
{"name":"med_phases_prep_atm", "ph":"E", "ts":"1031375046245", "pid":"1", "tid":"cmeps"},
{"name":"med_phases_prep_ice", "ph":"B", "ts":"1031375046470", "pid":"1", "tid":"cmeps"},
{"name":"med_phases_prep_ice", "ph":"E", "ts":"1031375047505", "pid":"1", "tid":"cmeps"},
{"name":"ModelAdvance", "ph":"B", "ts":"1031375053311", "pid":"1", "tid":"fv3"},
{"name":"ModelAdvance_phase1", "ph":"B", "ts":"1031375053320", "pid":"1", "tid":"fv3"},
{"name":"fcst_run_phase_1", "ph":"B", "ts":"1031375053404", "pid":"1", "tid":"fv3"},
{"name":"fcst_run_phase_1", "ph":"E", "ts":"1031377416618", "pid":"1", "tid":"fv3"},
{"name":"ModelAdvance_phase1", "ph":"E", "ts":"1031377416659", "pid":"1", "tid":"fv3"},
{"name":"ModelAdvance_phase2", "ph":"B", "ts":"1031377416662", "pid":"1", "tid":"fv3"},
{"name":"fcst_run_phase_2", "ph":"B", "ts":"1031377416684", "pid":"1", "tid":"fv3"},
{"name":"fcst_run_phase_2", "ph":"E", "ts":"1031377777330", "pid":"1", "tid":"fv3"},
{"name":"ModelAdvance_phase2", "ph":"E", "ts":"1031377777457", "pid":"1", "tid":"fv3"},
{"name":"ModelAdvance", "ph":"E", "ts":"1031377777461", "pid":"1", "tid":"fv3"},
{"name":"med_phases_post_atm", "ph":"B", "ts":"1031377778659", "pid":"1", "tid":"cmeps"},
{"name":"med_phases_history_write_comp", "ph":"B", "ts":"1031377789246", "pid":"1", "tid":"cmeps"},
{"name":"med_phases_history_write_comp", "ph":"E", "ts":"1031377789293", "pid":"1", "tid":"cmeps"},
{"name":"med_phases_post_atm", "ph":"E", "ts":"1031377789296", "pid":"1", "tid":"cmeps"},
{"name":"med_phases_post_ice", "ph":"B", "ts":"1031377791919", "pid":"1", "tid":"cmeps"},
{"name":"med_phases_history_write_comp", "ph":"B", "ts":"1031377798023", "pid":"1", "tid":"cmeps"},
{"name":"med_phases_history_write_comp", "ph":"E", "ts":"1031377798077", "pid":"1", "tid":"cmeps"},
{"name":"med_phases_post_ice", "ph":"E", "ts":"1031377798080", "pid":"1", "tid":"cmeps"},
{"name":"med_phases_ocnalb_run", "ph":"B", "ts":"1031377798318", "pid":"1", "tid":"cmeps"},
{"name":"med_phases_history_write_med", "ph":"B", "ts":"1031377798951", "pid":"1", "tid":"cmeps"},
{"name":"med_phases_history_write_med", "ph":"E", "ts":"1031377798955", "pid":"1", "tid":"cmeps"},
{"name":"med_phases_ocnalb_run", "ph":"E", "ts":"1031377798958", "pid":"1", "tid":"cmeps"},
{"name":"med_phases_prep_ocn_accum", "ph":"B", "ts":"1031377799098", "pid":"1", "tid":"cmeps"},
{"name":"med_phases_prep_ocn_accum", "ph":"E", "ts":"1031377801369", "pid":"1", "tid":"cmeps"},
{"name":"med_phases_prep_atm", "ph":"B", "ts":"1031377801663", "pid":"1", "tid":"cmeps"},
{"name":"med_phases_prep_atm", "ph":"E", "ts":"1031377809514", "pid":"1", "tid":"cmeps"},
{"name":"med_phases_prep_ice", "ph":"B", "ts":"1031377809744", "pid":"1", "tid":"cmeps"},
{"name":"med_phases_prep_ice", "ph":"E", "ts":"1031377810809", "pid":"1", "tid":"cmeps"},
{"name":"ModelAdvance", "ph":"B", "ts":"1031377817154", "pid":"1", "tid":"fv3"},
{"name":"ModelAdvance_phase1", "ph":"B", "ts":"1031377817166", "pid":"1", "tid":"fv3"},
{"name":"fcst_run_phase_1", "ph":"B", "ts":"1031377817211", "pid":"1", "tid":"fv3"},
{"name":"fcst_run_phase_1", "ph":"E", "ts":"1031380183688", "pid":"1", "tid":"fv3"},
{"name":"ModelAdvance_phase1", "ph":"E", "ts":"1031380183729", "pid":"1", "tid":"fv3"},
{"name":"ModelAdvance_phase2", "ph":"B", "ts":"1031380183732", "pid":"1", "tid":"fv3"},
{"name":"fcst_run_phase_2", "ph":"B", "ts":"1031380183752", "pid":"1", "tid":"fv3"},
{"name":"fcst_run_phase_2", "ph":"E", "ts":"1031380582898", "pid":"1", "tid":"fv3"},
{"name":"ModelAdvance_phase2", "ph":"E", "ts":"1031380696779", "pid":"1", "tid":"fv3"},
{"name":"ModelAdvance", "ph":"E", "ts":"1031380696801", "pid":"1", "tid":"fv3"},
{"name":"med_phases_post_atm", "ph":"B", "ts":"1031380697842", "pid":"1", "tid":"cmeps"},
{"name":"med_phases_history_write_comp", "ph":"B", "ts":"1031380742999", "pid":"1", "tid":"cmeps"},
{"name":"med_phases_history_write_comp", "ph":"E", "ts":"1031380743050", "pid":"1", "tid":"cmeps"},
{"name":"med_phases_post_atm", "ph":"E", "ts":"1031380743053", "pid":"1", "tid":"cmeps"},
{"name":"med_phases_post_ice", "ph":"B", "ts":"1031380746059", "pid":"1", "tid":"cmeps"},
{"name":"med_phases_history_write_comp", "ph":"B", "ts":"1031380751960", "pid":"1", "tid":"cmeps"},
{"name":"med_phases_history_write_comp", "ph":"E", "ts":"1031380752012", "pid":"1", "tid":"cmeps"},
{"name":"med_phases_post_ice", "ph":"E", "ts":"1031380752015", "pid":"1", "tid":"cmeps"},
{"name":"med_phases_ocnalb_run", "ph":"B", "ts":"1031380752279", "pid":"1", "tid":"cmeps"},
{"name":"med_phases_history_write_med", "ph":"B", "ts":"1031380752946", "pid":"1", "tid":"cmeps"},
{"name":"med_phases_history_write_med", "ph":"E", "ts":"1031380752950", "pid":"1", "tid":"cmeps"},
{"name":"med_phases_ocnalb_run", "ph":"E", "ts":"1031380752953", "pid":"1", "tid":"cmeps"},
{"name":"med_phases_prep_ocn_accum", "ph":"B", "ts":"1031380753101", "pid":"1", "tid":"cmeps"},
{"name":"med_phases_prep_ocn_accum", "ph":"E", "ts":"1031380755590", "pid":"1", "tid":"cmeps"},
{"name":"med_phases_post_ocn", "ph":"B", "ts":"1031380757210", "pid":"1", "tid":"cmeps"},
{"name":"med_phases_history_write_comp", "ph":"B", "ts":"1031380759405", "pid":"1", "tid":"cmeps"},
{"name":"med_phases_history_write_comp", "ph":"E", "ts":"1031380759440", "pid":"1", "tid":"cmeps"},
{"name":"med_phases_post_ocn", "ph":"E", "ts":"1031380759443", "pid":"1", "tid":"cmeps"},
{"name":"med_phases_restart_write", "ph":"B", "ts":"1031380759685", "pid":"1", "tid":"cmeps"},
{"name":"med_phases_restart_write", "ph":"E", "ts":"1031380759719", "pid":"1", "tid":"cmeps"},
{"name":"med_phases_prep_ocn_avg", "ph":"B", "ts":"1031380759825", "pid":"1", "tid":"cmeps"},
{"name":"med_phases_prep_ocn_avg", "ph":"E", "ts":"1031380761589", "pid":"1", "tid":"cmeps"},
{"name":"med_phases_prep_atm", "ph":"B", "ts":"1031380763949", "pid":"1", "tid":"cmeps"},
{"name":"med_phases_prep_atm", "ph":"E", "ts":"1031380776051", "pid":"1", "tid":"cmeps"},
{"name":"med_phases_prep_ice", "ph":"B", "ts":"1031380776326", "pid":"1", "tid":"cmeps"},
{"name":"med_phases_prep_ice", "ph":"E", "ts":"1031380777075", "pid":"1", "tid":"cmeps"},
{"name":"ModelAdvance", "ph":"B", "ts":"1031380787195", "pid":"1", "tid":"fv3"},
{"name":"ModelAdvance_phase1", "ph":"B", "ts":"1031380787207", "pid":"1", "tid":"fv3"},
{"name":"fcst_run_phase_1", "ph":"B", "ts":"1031380787255", "pid":"1", "tid":"fv3"},
{"name":"fcst_run_phase_1", "ph":"E", "ts":"1031385360892", "pid":"1", "tid":"fv3"},
{"name":"ModelAdvance_phase1", "ph":"E", "ts":"1031385361092", "pid":"1", "tid":"fv3"},
{"name":"ModelAdvance_phase2", "ph":"B", "ts":"1031385361096", "pid":"1", "tid":"fv3"},
{"name":"fcst_run_phase_2", "ph":"B", "ts":"1031385361121", "pid":"1", "tid":"fv3"},
{"name":"fcst_run_phase_2", "ph":"E", "ts":"1031388655802", "pid":"1", "tid":"fv3"},
{"name":"ModelAdvance_phase2", "ph":"E", "ts":"1031388655954", "pid":"1", "tid":"fv3"},
{"name":"ModelAdvance", "ph":"E", "ts":"1031388655957", "pid":"1", "tid":"fv3"},
{"name":"med_phases_post_atm", "ph":"B", "ts":"1031388657224", "pid":"1", "tid":"cmeps"},
{"name":"med_phases_history_write_comp", "ph":"B", "ts":"1031388667631", "pid":"1", "tid":"cmeps"},
{"name":"med_phases_history_write_comp", "ph":"E", "ts":"1031388667682", "pid":"1", "tid":"cmeps"},
{"name":"med_phases_post_atm", "ph":"E", "ts":"1031388667686", "pid":"1", "tid":"cmeps"},
{"name":"med_phases_post_ice", "ph":"B", "ts":"1031388670315", "pid":"1", "tid":"cmeps"},
{"name":"med_phases_history_write_comp", "ph":"B", "ts":"1031388675493", "pid":"1", "tid":"cmeps"},
{"name":"med_phases_history_write_comp", "ph":"E", "ts":"1031388675558", "pid":"1", "tid":"cmeps"},
{"name":"med_phases_post_ice", "ph":"E", "ts":"1031388675561", "pid":"1", "tid":"cmeps"},
{"name":"med_phases_ocnalb_run", "ph":"B", "ts":"1031388675858", "pid":"1", "tid":"cmeps"},
{"name":"med_phases_history_write_med", "ph":"B", "ts":"1031388676592", "pid":"1", "tid":"cmeps"},
{"name":"med_phases_history_write_med", "ph":"E", "ts":"1031388676598", "pid":"1", "tid":"cmeps"},
{"name":"med_phases_ocnalb_run", "ph":"E", "ts":"1031388676600", "pid":"1", "tid":"cmeps"},
{"name":"med_phases_prep_ocn_accum", "ph":"B", "ts":"1031388676836", "pid":"1", "tid":"cmeps"},
{"name":"med_phases_prep_ocn_accum", "ph":"E", "ts":"1031388679030", "pid":"1", "tid":"cmeps"},
{"name":"med_phases_prep_atm", "ph":"B", "ts":"1031388679272", "pid":"1", "tid":"cmeps"},
{"name":"med_phases_prep_atm", "ph":"E", "ts":"1031388687541", "pid":"1", "tid":"cmeps"},
{"name":"med_phases_prep_ice", "ph":"B", "ts":"1031388687814", "pid":"1", "tid":"cmeps"},
{"name":"med_phases_prep_ice", "ph":"E", "ts":"1031388688984", "pid":"1", "tid":"cmeps"},
{"name":"ModelAdvance", "ph":"B", "ts":"1031388694253", "pid":"1", "tid":"fv3"},
{"name":"ModelAdvance_phase1", "ph":"B", "ts":"1031388694264", "pid":"1", "tid":"fv3"},
{"name":"fcst_run_phase_1", "ph":"B", "ts":"1031388694305", "pid":"1", "tid":"fv3"},
{"name":"fcst_run_phase_1", "ph":"E", "ts":"1031391060876", "pid":"1", "tid":"fv3"},
{"name":"ModelAdvance_phase1", "ph":"E", "ts":"1031391060916", "pid":"1", "tid":"fv3"},
{"name":"ModelAdvance_phase2", "ph":"B", "ts":"1031391060919", "pid":"1", "tid":"fv3"},
{"name":"fcst_run_phase_2", "ph":"B", "ts":"1031391060942", "pid":"1", "tid":"fv3"},
{"name":"fcst_run_phase_2", "ph":"E", "ts":"1031391420826", "pid":"1", "tid":"fv3"},
{"name":"ModelAdvance_phase2", "ph":"E", "ts":"1031391420919", "pid":"1", "tid":"fv3"},
{"name":"ModelAdvance", "ph":"E", "ts":"1031391420922", "pid":"1", "tid":"fv3"},
{"name":"med_phases_post_atm", "ph":"B", "ts":"1031391422600", "pid":"1", "tid":"cmeps"},
{"name":"med_phases_history_write_comp", "ph":"B", "ts":"1031391433932", "pid":"1", "tid":"cmeps"},
{"name":"med_phases_history_write_comp", "ph":"E", "ts":"1031391434005", "pid":"1", "tid":"cmeps"},
{"name":"med_phases_post_atm", "ph":"E", "ts":"1031391434009", "pid":"1", "tid":"cmeps"},
{"name":"med_phases_post_ice", "ph":"B", "ts":"1031391437838", "pid":"1", "tid":"cmeps"},
{"name":"med_phases_history_write_comp", "ph":"B", "ts":"1031391441804", "pid":"1", "tid":"cmeps"},
{"name":"med_phases_history_write_comp", "ph":"E", "ts":"1031391441847", "pid":"1", "tid":"cmeps"},
{"name":"med_phases_post_ice", "ph":"E", "ts":"1031391441850", "pid":"1", "tid":"cmeps"},
{"name":"med_phases_ocnalb_run", "ph":"B", "ts":"1031391442069", "pid":"1", "tid":"cmeps"},
{"name":"med_phases_history_write_med", "ph":"B", "ts":"1031391442810", "pid":"1", "tid":"cmeps"},
{"name":"med_phases_history_write_med", "ph":"E", "ts":"1031391442816", "pid":"1", "tid":"cmeps"},
{"name":"med_phases_ocnalb_run", "ph":"E", "ts":"1031391442819", "pid":"1", "tid":"cmeps"},
{"name":"med_phases_prep_ocn_accum", "ph":"B", "ts":"1031391442991", "pid":"1", "tid":"cmeps"},
{"name":"med_phases_prep_ocn_accum", "ph":"E", "ts":"1031391445516", "pid":"1", "tid":"cmeps"},
{"name":"med_phases_prep_atm", "ph":"B", "ts":"1031391445717", "pid":"1", "tid":"cmeps"},
{"name":"med_phases_prep_atm", "ph":"E", "ts":"1031391452747", "pid":"1", "tid":"cmeps"},
{"name":"med_phases_prep_ice", "ph":"B", "ts":"1031391452954", "pid":"1", "tid":"cmeps"},
{"name":"med_phases_prep_ice", "ph":"E", "ts":"1031391454035", "pid":"1", "tid":"cmeps"},
{"name":"ModelAdvance", "ph":"B", "ts":"1031391459641", "pid":"1", "tid":"fv3"},
{"name":"ModelAdvance_phase1", "ph":"B", "ts":"1031391459648", "pid":"1", "tid":"fv3"},
{"name":"fcst_run_phase_1", "ph":"B", "ts":"1031391459684", "pid":"1", "tid":"fv3"},
{"name":"fcst_run_phase_1", "ph":"E", "ts":"1031393830948", "pid":"1", "tid":"fv3"},
{"name":"ModelAdvance_phase1", "ph":"E", "ts":"1031393831043", "pid":"1", "tid":"fv3"},
{"name":"ModelAdvance_phase2", "ph":"B", "ts":"1031393831047", "pid":"1", "tid":"fv3"},
{"name":"fcst_run_phase_2", "ph":"B", "ts":"1031393831070", "pid":"1", "tid":"fv3"},
{"name":"fcst_run_phase_2", "ph":"E", "ts":"1031394187371", "pid":"1", "tid":"fv3"},
{"name":"ModelAdvance_phase2", "ph":"E", "ts":"1031394187515", "pid":"1", "tid":"fv3"},
{"name":"ModelAdvance", "ph":"E", "ts":"1031394187518", "pid":"1", "tid":"fv3"},
{"name":"med_phases_post_atm", "ph":"B", "ts":"1031394188684", "pid":"1", "tid":"cmeps"},
{"name":"med_phases_history_write_comp", "ph":"B", "ts":"1031394199501", "pid":"1", "tid":"cmeps"},
{"name":"med_phases_history_write_comp", "ph":"E", "ts":"1031394199646", "pid":"1", "tid":"cmeps"},
{"name":"med_phases_post_atm", "ph":"E", "ts":"1031394199651", "pid":"1", "tid":"cmeps"},
{"name":"med_phases_post_ice", "ph":"B", "ts":"1031394202394", "pid":"1", "tid":"cmeps"},
{"name":"med_phases_history_write_comp", "ph":"B", "ts":"1031394207014", "pid":"1", "tid":"cmeps"},
{"name":"med_phases_history_write_comp", "ph":"E", "ts":"1031394207100", "pid":"1", "tid":"cmeps"},
{"name":"med_phases_post_ice", "ph":"E", "ts":"1031394207103", "pid":"1", "tid":"cmeps"},
{"name":"med_phases_ocnalb_run", "ph":"B", "ts":"1031394207481", "pid":"1", "tid":"cmeps"},
{"name":"med_phases_history_write_med", "ph":"B", "ts":"1031394208144", "pid":"1", "tid":"cmeps"},
{"name":"med_phases_history_write_med", "ph":"E", "ts":"1031394208148", "pid":"1", "tid":"cmeps"},
{"name":"med_phases_ocnalb_run", "ph":"E", "ts":"1031394208150", "pid":"1", "tid":"cmeps"},
{"name":"med_phases_prep_ocn_accum", "ph":"B", "ts":"1031394208287", "pid":"1", "tid":"cmeps"},
{"name":"med_phases_prep_ocn_accum", "ph":"E", "ts":"1031394210716", "pid":"1", "tid":"cmeps"},
{"name":"med_phases_post_ocn", "ph":"B", "ts":"1031394212016", "pid":"1", "tid":"cmeps"},
{"name":"med_phases_history_write_comp", "ph":"B", "ts":"1031394214420", "pid":"1", "tid":"cmeps"},
{"name":"med_phases_history_write_comp", "ph":"E", "ts":"1031394214466", "pid":"1", "tid":"cmeps"},
{"name":"med_phases_post_ocn", "ph":"E", "ts":"1031394214468", "pid":"1", "tid":"cmeps"},
{"name":"med_phases_restart_write", "ph":"B", "ts":"1031394214680", "pid":"1", "tid":"cmeps"},
{"name":"med_phases_restart_write", "ph":"E", "ts":"1031394214711", "pid":"1", "tid":"cmeps"},
{"name":"med_phases_prep_ocn_avg", "ph":"B", "ts":"1031394214818", "pid":"1", "tid":"cmeps"},
{"name":"med_phases_prep_ocn_avg", "ph":"E", "ts":"1031394216603", "pid":"1", "tid":"cmeps"},
{"name":"med_phases_prep_atm", "ph":"B", "ts":"1031394219301", "pid":"1", "tid":"cmeps"},
{"name":"med_phases_prep_atm", "ph":"E", "ts":"1031394227533", "pid":"1", "tid":"cmeps"},
{"name":"med_phases_prep_ice", "ph":"B", "ts":"1031394227806", "pid":"1", "tid":"cmeps"},
{"name":"med_phases_prep_ice", "ph":"E", "ts":"1031394228904", "pid":"1", "tid":"cmeps"},
{"name":"ModelAdvance", "ph":"B", "ts":"1031394234204", "pid":"1", "tid":"fv3"},
{"name":"ModelAdvance_phase1", "ph":"B", "ts":"1031394234213", "pid":"1", "tid":"fv3"},
{"name":"fcst_run_phase_1", "ph":"B", "ts":"1031394234274", "pid":"1", "tid":"fv3"},
{"name":"fcst_run_phase_1", "ph":"E", "ts":"1031396648238", "pid":"1", "tid":"fv3"},
{"name":"ModelAdvance_phase1", "ph":"E", "ts":"1031396648280", "pid":"1", "tid":"fv3"},
{"name":"ModelAdvance_phase2", "ph":"B", "ts":"1031396648282", "pid":"1", "tid":"fv3"},
{"name":"fcst_run_phase_2", "ph":"B", "ts":"1031396648305", "pid":"1", "tid":"fv3"},
{"name":"fcst_run_phase_2", "ph":"E", "ts":"1031396981598", "pid":"1", "tid":"fv3"},
{"name":"ModelAdvance_phase2", "ph":"E", "ts":"1031396981654", "pid":"1", "tid":"fv3"},
{"name":"ModelAdvance", "ph":"E", "ts":"1031396981657", "pid":"1", "tid":"fv3"},
{"name":"med_phases_post_atm", "ph":"B", "ts":"1031396983743", "pid":"1", "tid":"cmeps"},
{"name":"med_phases_history_write_comp", "ph":"B", "ts":"1031396993928", "pid":"1", "tid":"cmeps"},
{"name":"med_phases_history_write_comp", "ph":"E", "ts":"1031396993990", "pid":"1", "tid":"cmeps"},
{"name":"med_phases_post_atm", "ph":"E", "ts":"1031396993994", "pid":"1", "tid":"cmeps"},
{"name":"med_phases_post_ice", "ph":"B", "ts":"1031396996697", "pid":"1", "tid":"cmeps"},
{"name":"med_phases_history_write_comp", "ph":"B", "ts":"1031397001378", "pid":"1", "tid":"cmeps"},
{"name":"med_phases_history_write_comp", "ph":"E", "ts":"1031397001427", "pid":"1", "tid":"cmeps"},
{"name":"med_phases_post_ice", "ph":"E", "ts":"1031397001429", "pid":"1", "tid":"cmeps"},
{"name":"med_phases_ocnalb_run", "ph":"B", "ts":"1031397001723", "pid":"1", "tid":"cmeps"},
{"name":"med_phases_history_write_med", "ph":"B", "ts":"1031397002366", "pid":"1", "tid":"cmeps"},
{"name":"med_phases_history_write_med", "ph":"E", "ts":"1031397002464", "pid":"1", "tid":"cmeps"},
{"name":"med_phases_ocnalb_run", "ph":"E", "ts":"1031397002469", "pid":"1", "tid":"cmeps"},
{"name":"med_phases_prep_ocn_accum", "ph":"B", "ts":"1031397002634", "pid":"1", "tid":"cmeps"},
{"name":"med_phases_prep_ocn_accum", "ph":"E", "ts":"1031397005000", "pid":"1", "tid":"cmeps"},
{"name":"med_phases_prep_atm", "ph":"B", "ts":"1031397005223", "pid":"1", "tid":"cmeps"},
{"name":"med_phases_prep_atm", "ph":"E", "ts":"1031397012809", "pid":"1", "tid":"cmeps"},
{"name":"med_phases_prep_ice", "ph":"B", "ts":"1031397013091", "pid":"1", "tid":"cmeps"},
{"name":"med_phases_prep_ice", "ph":"E", "ts":"1031397014315", "pid":"1", "tid":"cmeps"},
{"name":"ModelAdvance", "ph":"B", "ts":"1031397019692", "pid":"1", "tid":"fv3"},
{"name":"ModelAdvance_phase1", "ph":"B", "ts":"1031397019700", "pid":"1", "tid":"fv3"},
{"name":"fcst_run_phase_1", "ph":"B", "ts":"1031397019817", "pid":"1", "tid":"fv3"},
{"name":"fcst_run_phase_1", "ph":"E", "ts":"1031399398315", "pid":"1", "tid":"fv3"},
{"name":"ModelAdvance_phase1", "ph":"E", "ts":"1031399398414", "pid":"1", "tid":"fv3"},
{"name":"ModelAdvance_phase2", "ph":"B", "ts":"1031399398417", "pid":"1", "tid":"fv3"},
{"name":"fcst_run_phase_2", "ph":"B", "ts":"1031399398447", "pid":"1", "tid":"fv3"},
{"name":"fcst_run_phase_2", "ph":"E", "ts":"1031399730284", "pid":"1", "tid":"fv3"},
{"name":"ModelAdvance_phase2", "ph":"E", "ts":"1031399730340", "pid":"1", "tid":"fv3"},
{"name":"ModelAdvance", "ph":"E", "ts":"1031399730342", "pid":"1", "tid":"fv3"},
{"name":"med_phases_post_atm", "ph":"B", "ts":"1031399732060", "pid":"1", "tid":"cmeps"},
{"name":"med_phases_history_write_comp", "ph":"B", "ts":"1031399742552", "pid":"1", "tid":"cmeps"},
{"name":"med_phases_history_write_comp", "ph":"E", "ts":"1031399742595", "pid":"1", "tid":"cmeps"},
{"name":"med_phases_post_atm", "ph":"E", "ts":"1031399742597", "pid":"1", "tid":"cmeps"},
{"name":"med_phases_post_ice", "ph":"B", "ts":"1031399745422", "pid":"1", "tid":"cmeps"},
{"name":"med_phases_history_write_comp", "ph":"B", "ts":"1031399749617", "pid":"1", "tid":"cmeps"},
{"name":"med_phases_history_write_comp", "ph":"E", "ts":"1031399749700", "pid":"1", "tid":"cmeps"},
{"name":"med_phases_post_ice", "ph":"E", "ts":"1031399749703", "pid":"1", "tid":"cmeps"},
{"name":"med_phases_ocnalb_run", "ph":"B", "ts":"1031399750072", "pid":"1", "tid":"cmeps"},
{"name":"med_phases_history_write_med", "ph":"B", "ts":"1031399750758", "pid":"1", "tid":"cmeps"},
{"name":"med_phases_history_write_med", "ph":"E", "ts":"1031399750762", "pid":"1", "tid":"cmeps"},
{"name":"med_phases_ocnalb_run", "ph":"E", "ts":"1031399750764", "pid":"1", "tid":"cmeps"},
{"name":"med_phases_prep_ocn_accum", "ph":"B", "ts":"1031399750902", "pid":"1", "tid":"cmeps"},
{"name":"med_phases_prep_ocn_accum", "ph":"E", "ts":"1031399753104", "pid":"1", "tid":"cmeps"},
{"name":"med_phases_prep_atm", "ph":"B", "ts":"1031399753346", "pid":"1", "tid":"cmeps"},
{"name":"med_phases_prep_atm", "ph":"E", "ts":"1031399761231", "pid":"1", "tid":"cmeps"},
{"name":"med_phases_prep_ice", "ph":"B", "ts":"1031399761450", "pid":"1", "tid":"cmeps"},
{"name":"med_phases_prep_ice", "ph":"E", "ts":"1031399762535", "pid":"1", "tid":"cmeps"},
{"name":"ModelAdvance", "ph":"B", "ts":"1031399768229", "pid":"1", "tid":"fv3"},
{"name":"ModelAdvance_phase1", "ph":"B", "ts":"1031399768240", "pid":"1", "tid":"fv3"},
{"name":"fcst_run_phase_1", "ph":"B", "ts":"1031399768281", "pid":"1", "tid":"fv3"},
{"name":"fcst_run_phase_1", "ph":"E", "ts":"1031402193142", "pid":"1", "tid":"fv3"},
{"name":"ModelAdvance_phase1", "ph":"E", "ts":"1031402193181", "pid":"1", "tid":"fv3"},
{"name":"ModelAdvance_phase2", "ph":"B", "ts":"1031402193184", "pid":"1", "tid":"fv3"},
{"name":"fcst_run_phase_2", "ph":"B", "ts":"1031402193206", "pid":"1", "tid":"fv3"},
{"name":"fcst_run_phase_2", "ph":"E", "ts":"1031402519895", "pid":"1", "tid":"fv3"},
{"name":"ModelAdvance_phase2", "ph":"E", "ts":"1031402519953", "pid":"1", "tid":"fv3"},
{"name":"ModelAdvance", "ph":"E", "ts":"1031402520010", "pid":"1", "tid":"fv3"},
{"name":"med_phases_post_atm", "ph":"B", "ts":"1031402521051", "pid":"1", "tid":"cmeps"},
{"name":"med_phases_history_write_comp", "ph":"B", "ts":"1031402531694", "pid":"1", "tid":"cmeps"},
{"name":"med_phases_history_write_comp", "ph":"E", "ts":"1031402531767", "pid":"1", "tid":"cmeps"},
{"name":"med_phases_post_atm", "ph":"E", "ts":"1031402531770", "pid":"1", "tid":"cmeps"},
{"name":"med_phases_post_ice", "ph":"B", "ts":"1031402534474", "pid":"1", "tid":"cmeps"},
{"name":"med_phases_history_write_comp", "ph":"B", "ts":"1031402539352", "pid":"1", "tid":"cmeps"},
{"name":"med_phases_history_write_comp", "ph":"E", "ts":"1031402539405", "pid":"1", "tid":"cmeps"},
{"name":"med_phases_post_ice", "ph":"E", "ts":"1031402539408", "pid":"1", "tid":"cmeps"},
{"name":"med_phases_ocnalb_run", "ph":"B", "ts":"1031402539716", "pid":"1", "tid":"cmeps"},
{"name":"med_phases_history_write_med", "ph":"B", "ts":"1031402540334", "pid":"1", "tid":"cmeps"},
{"name":"med_phases_history_write_med", "ph":"E", "ts":"1031402540339", "pid":"1", "tid":"cmeps"},
{"name":"med_phases_ocnalb_run", "ph":"E", "ts":"1031402540341", "pid":"1", "tid":"cmeps"},
{"name":"med_phases_prep_ocn_accum", "ph":"B", "ts":"1031402540497", "pid":"1", "tid":"cmeps"},
{"name":"med_phases_prep_ocn_accum", "ph":"E", "ts":"1031402542780", "pid":"1", "tid":"cmeps"},
{"name":"med_phases_post_ocn", "ph":"B", "ts":"1031402544078", "pid":"1", "tid":"cmeps"},
{"name":"med_phases_history_write_comp", "ph":"B", "ts":"1031402546413", "pid":"1", "tid":"cmeps"},
{"name":"med_phases_history_write_comp", "ph":"E", "ts":"1031402546465", "pid":"1", "tid":"cmeps"},
{"name":"med_phases_post_ocn", "ph":"E", "ts":"1031402546469", "pid":"1", "tid":"cmeps"},
{"name":"med_phases_restart_write", "ph":"B", "ts":"1031402546704", "pid":"1", "tid":"cmeps"},
{"name":"med_phases_restart_write", "ph":"E", "ts":"1031402546734", "pid":"1", "tid":"cmeps"},
{"name":"med_phases_prep_ocn_avg", "ph":"B", "ts":"1031402546849", "pid":"1", "tid":"cmeps"},
{"name":"med_phases_prep_ocn_avg", "ph":"E", "ts":"1031402548634", "pid":"1", "tid":"cmeps"},
{"name":"med_phases_prep_atm", "ph":"B", "ts":"1031402551061", "pid":"1", "tid":"cmeps"},
{"name":"med_phases_prep_atm", "ph":"E", "ts":"1031402559497", "pid":"1", "tid":"cmeps"},
{"name":"med_phases_prep_ice", "ph":"B", "ts":"1031402559725", "pid":"1", "tid":"cmeps"},
{"name":"med_phases_prep_ice", "ph":"E", "ts":"1031402560773", "pid":"1", "tid":"cmeps"},
{"name":"ModelAdvance", "ph":"B", "ts":"1031402566212", "pid":"1", "tid":"fv3"},
{"name":"ModelAdvance_phase1", "ph":"B", "ts":"1031402566220", "pid":"1", "tid":"fv3"},
{"name":"fcst_run_phase_1", "ph":"B", "ts":"1031402566256", "pid":"1", "tid":"fv3"},
{"name":"fcst_run_phase_1", "ph":"E", "ts":"1031407142299", "pid":"1", "tid":"fv3"},
{"name":"ModelAdvance_phase1", "ph":"E", "ts":"1031407142404", "pid":"1", "tid":"fv3"},
{"name":"ModelAdvance_phase2", "ph":"B", "ts":"1031407142408", "pid":"1", "tid":"fv3"},
{"name":"fcst_run_phase_2", "ph":"B", "ts":"1031407142433", "pid":"1", "tid":"fv3"},
{"name":"fcst_run_phase_2", "ph":"E", "ts":"1031410513506", "pid":"1", "tid":"fv3"},
{"name":"ModelAdvance_phase2", "ph":"E", "ts":"1031410513608", "pid":"1", "tid":"fv3"},
{"name":"ModelAdvance", "ph":"E", "ts":"1031410513612", "pid":"1", "tid":"fv3"},
{"name":"med_phases_post_atm", "ph":"B", "ts":"1031410515687", "pid":"1", "tid":"cmeps"},
{"name":"med_phases_history_write_comp", "ph":"B", "ts":"1031410526067", "pid":"1", "tid":"cmeps"},
{"name":"med_phases_history_write_comp", "ph":"E", "ts":"1031410526112", "pid":"1", "tid":"cmeps"},
{"name":"med_phases_post_atm", "ph":"E", "ts":"1031410526115", "pid":"1", "tid":"cmeps"},
{"name":"med_phases_post_ice", "ph":"B", "ts":"1031410528931", "pid":"1", "tid":"cmeps"},
{"name":"med_phases_history_write_comp", "ph":"B", "ts":"1031410533317", "pid":"1", "tid":"cmeps"},
{"name":"med_phases_history_write_comp", "ph":"E", "ts":"1031410533368", "pid":"1", "tid":"cmeps"},
{"name":"med_phases_post_ice", "ph":"E", "ts":"1031410533371", "pid":"1", "tid":"cmeps"},
{"name":"med_phases_ocnalb_run", "ph":"B", "ts":"1031410533765", "pid":"1", "tid":"cmeps"},
{"name":"med_phases_history_write_med", "ph":"B", "ts":"1031410534446", "pid":"1", "tid":"cmeps"},
{"name":"med_phases_history_write_med", "ph":"E", "ts":"1031410534451", "pid":"1", "tid":"cmeps"},
{"name":"med_phases_ocnalb_run", "ph":"E", "ts":"1031410534453", "pid":"1", "tid":"cmeps"},
{"name":"med_phases_prep_ocn_accum", "ph":"B", "ts":"1031410534653", "pid":"1", "tid":"cmeps"},
{"name":"med_phases_prep_ocn_accum", "ph":"E", "ts":"1031410536970", "pid":"1", "tid":"cmeps"},
{"name":"med_phases_prep_atm", "ph":"B", "ts":"1031410537188", "pid":"1", "tid":"cmeps"},
{"name":"med_phases_prep_atm", "ph":"E", "ts":"1031410544814", "pid":"1", "tid":"cmeps"},
{"name":"med_phases_prep_ice", "ph":"B", "ts":"1031410545041", "pid":"1", "tid":"cmeps"},
{"name":"med_phases_prep_ice", "ph":"E", "ts":"1031410546139", "pid":"1", "tid":"cmeps"},
{"name":"ModelAdvance", "ph":"B", "ts":"1031410551631", "pid":"1", "tid":"fv3"},
{"name":"ModelAdvance_phase1", "ph":"B", "ts":"1031410551641", "pid":"1", "tid":"fv3"},
{"name":"fcst_run_phase_1", "ph":"B", "ts":"1031410551680", "pid":"1", "tid":"fv3"},
{"name":"fcst_run_phase_1", "ph":"E", "ts":"1031412941003", "pid":"1", "tid":"fv3"},
{"name":"ModelAdvance_phase1", "ph":"E", "ts":"1031412941044", "pid":"1", "tid":"fv3"},
{"name":"ModelAdvance_phase2", "ph":"B", "ts":"1031412941047", "pid":"1", "tid":"fv3"},
{"name":"fcst_run_phase_2", "ph":"B", "ts":"1031412941069", "pid":"1", "tid":"fv3"},
{"name":"fcst_run_phase_2", "ph":"E", "ts":"1031413257849", "pid":"1", "tid":"fv3"},
{"name":"ModelAdvance_phase2", "ph":"E", "ts":"1031413257911", "pid":"1", "tid":"fv3"},
{"name":"ModelAdvance", "ph":"E", "ts":"1031413257914", "pid":"1", "tid":"fv3"},
{"name":"med_phases_post_atm", "ph":"B", "ts":"1031413259141", "pid":"1", "tid":"cmeps"},
{"name":"med_phases_history_write_comp", "ph":"B", "ts":"1031413269337", "pid":"1", "tid":"cmeps"},
{"name":"med_phases_history_write_comp", "ph":"E", "ts":"1031413269394", "pid":"1", "tid":"cmeps"},
{"name":"med_phases_post_atm", "ph":"E", "ts":"1031413269397", "pid":"1", "tid":"cmeps"},
{"name":"med_phases_post_ice", "ph":"B", "ts":"1031413272138", "pid":"1", "tid":"cmeps"},
{"name":"med_phases_history_write_comp", "ph":"B", "ts":"1031413276556", "pid":"1", "tid":"cmeps"},
{"name":"med_phases_history_write_comp", "ph":"E", "ts":"1031413276632", "pid":"1", "tid":"cmeps"},
{"name":"med_phases_post_ice", "ph":"E", "ts":"1031413276635", "pid":"1", "tid":"cmeps"},
{"name":"med_phases_ocnalb_run", "ph":"B", "ts":"1031413276998", "pid":"1", "tid":"cmeps"},
{"name":"med_phases_history_write_med", "ph":"B", "ts":"1031413277657", "pid":"1", "tid":"cmeps"},
{"name":"med_phases_history_write_med", "ph":"E", "ts":"1031413277662", "pid":"1", "tid":"cmeps"},
{"name":"med_phases_ocnalb_run", "ph":"E", "ts":"1031413277664", "pid":"1", "tid":"cmeps"},
{"name":"med_phases_prep_ocn_accum", "ph":"B", "ts":"1031413277806", "pid":"1", "tid":"cmeps"},
{"name":"med_phases_prep_ocn_accum", "ph":"E", "ts":"1031413280078", "pid":"1", "tid":"cmeps"},
{"name":"med_phases_prep_atm", "ph":"B", "ts":"1031413280324", "pid":"1", "tid":"cmeps"},
{"name":"med_phases_prep_atm", "ph":"E", "ts":"1031413287991", "pid":"1", "tid":"cmeps"},
{"name":"med_phases_prep_ice", "ph":"B", "ts":"1031413288212", "pid":"1", "tid":"cmeps"},
{"name":"med_phases_prep_ice", "ph":"E", "ts":"1031413289231", "pid":"1", "tid":"cmeps"},
{"name":"ModelAdvance", "ph":"B", "ts":"1031413294939", "pid":"1", "tid":"fv3"},
{"name":"ModelAdvance_phase1", "ph":"B", "ts":"1031413294949", "pid":"1", "tid":"fv3"},
{"name":"fcst_run_phase_1", "ph":"B", "ts":"1031413294991", "pid":"1", "tid":"fv3"},
{"name":"fcst_run_phase_1", "ph":"E", "ts":"1031415686965", "pid":"1", "tid":"fv3"},
{"name":"ModelAdvance_phase1", "ph":"E", "ts":"1031415687132", "pid":"1", "tid":"fv3"},
{"name":"ModelAdvance_phase2", "ph":"B", "ts":"1031415687136", "pid":"1", "tid":"fv3"},
{"name":"fcst_run_phase_2", "ph":"B", "ts":"1031415687159", "pid":"1", "tid":"fv3"},
{"name":"fcst_run_phase_2", "ph":"E", "ts":"1031415998055", "pid":"1", "tid":"fv3"},
{"name":"ModelAdvance_phase2", "ph":"E", "ts":"1031415998174", "pid":"1", "tid":"fv3"},
{"name":"ModelAdvance", "ph":"E", "ts":"1031415998177", "pid":"1", "tid":"fv3"},
{"name":"med_phases_post_atm", "ph":"B", "ts":"1031416000157", "pid":"1", "tid":"cmeps"},
{"name":"med_phases_history_write_comp", "ph":"B", "ts":"1031416009949", "pid":"1", "tid":"cmeps"},
{"name":"med_phases_history_write_comp", "ph":"E", "ts":"1031416010010", "pid":"1", "tid":"cmeps"},
{"name":"med_phases_post_atm", "ph":"E", "ts":"1031416010013", "pid":"1", "tid":"cmeps"},
{"name":"med_phases_post_ice", "ph":"B", "ts":"1031416012762", "pid":"1", "tid":"cmeps"},
{"name":"med_phases_history_write_comp", "ph":"B", "ts":"1031416017234", "pid":"1", "tid":"cmeps"},
{"name":"med_phases_history_write_comp", "ph":"E", "ts":"1031416017287", "pid":"1", "tid":"cmeps"},
{"name":"med_phases_post_ice", "ph":"E", "ts":"1031416017290", "pid":"1", "tid":"cmeps"},
{"name":"med_phases_ocnalb_run", "ph":"B", "ts":"1031416017579", "pid":"1", "tid":"cmeps"},
{"name":"med_phases_history_write_med", "ph":"B", "ts":"1031416018201", "pid":"1", "tid":"cmeps"},
{"name":"med_phases_history_write_med", "ph":"E", "ts":"1031416018204", "pid":"1", "tid":"cmeps"},
{"name":"med_phases_ocnalb_run", "ph":"E", "ts":"1031416018207", "pid":"1", "tid":"cmeps"},
{"name":"med_phases_prep_ocn_accum", "ph":"B", "ts":"1031416018346", "pid":"1", "tid":"cmeps"},
{"name":"med_phases_prep_ocn_accum", "ph":"E", "ts":"1031416020689", "pid":"1", "tid":"cmeps"},
{"name":"med_phases_post_ocn", "ph":"B", "ts":"1031416022004", "pid":"1", "tid":"cmeps"},
{"name":"med_phases_history_write_comp", "ph":"B", "ts":"1031416024433", "pid":"1", "tid":"cmeps"},
{"name":"med_phases_history_write_comp", "ph":"E", "ts":"1031416024470", "pid":"1", "tid":"cmeps"},
{"name":"med_phases_post_ocn", "ph":"E", "ts":"1031416024473", "pid":"1", "tid":"cmeps"},
{"name":"med_phases_restart_write", "ph":"B", "ts":"1031416024752", "pid":"1", "tid":"cmeps"},
{"name":"med_phases_restart_write", "ph":"E", "ts":"1031416024782", "pid":"1", "tid":"cmeps"},
{"name":"med_phases_prep_ocn_avg", "ph":"B", "ts":"1031416024891", "pid":"1", "tid":"cmeps"},
{"name":"med_phases_prep_ocn_avg", "ph":"E", "ts":"1031416026672", "pid":"1", "tid":"cmeps"},
{"name":"med_phases_prep_atm", "ph":"B", "ts":"1031416029137", "pid":"1", "tid":"cmeps"},
{"name":"med_phases_prep_atm", "ph":"E", "ts":"1031416036682", "pid":"1", "tid":"cmeps"},
{"name":"med_phases_prep_ice", "ph":"B", "ts":"1031416036936", "pid":"1", "tid":"cmeps"},
{"name":"med_phases_prep_ice", "ph":"E", "ts":"1031416037754", "pid":"1", "tid":"cmeps"},
{"name":"ModelAdvance", "ph":"B", "ts":"1031416044134", "pid":"1", "tid":"fv3"},
{"name":"ModelAdvance_phase1", "ph":"B", "ts":"1031416044141", "pid":"1", "tid":"fv3"},
{"name":"fcst_run_phase_1", "ph":"B", "ts":"1031416044173", "pid":"1", "tid":"fv3"},
{"name":"fcst_run_phase_1", "ph":"E", "ts":"1031418438671", "pid":"1", "tid":"fv3"},
{"name":"ModelAdvance_phase1", "ph":"E", "ts":"1031418438710", "pid":"1", "tid":"fv3"},
{"name":"ModelAdvance_phase2", "ph":"B", "ts":"1031418438713", "pid":"1", "tid":"fv3"},
{"name":"fcst_run_phase_2", "ph":"B", "ts":"1031418438735", "pid":"1", "tid":"fv3"},
{"name":"fcst_run_phase_2", "ph":"E", "ts":"1031418746090", "pid":"1", "tid":"fv3"},
{"name":"ModelAdvance_phase2", "ph":"E", "ts":"1031418746249", "pid":"1", "tid":"fv3"},
{"name":"ModelAdvance", "ph":"E", "ts":"1031418746253", "pid":"1", "tid":"fv3"},
{"name":"med_phases_post_atm", "ph":"B", "ts":"1031418748171", "pid":"1", "tid":"cmeps"},
{"name":"med_phases_history_write_comp", "ph":"B", "ts":"1031418758122", "pid":"1", "tid":"cmeps"},
{"name":"med_phases_history_write_comp", "ph":"E", "ts":"1031418758190", "pid":"1", "tid":"cmeps"},
{"name":"med_phases_post_atm", "ph":"E", "ts":"1031418758193", "pid":"1", "tid":"cmeps"},
{"name":"med_phases_post_ice", "ph":"B", "ts":"1031418760932", "pid":"1", "tid":"cmeps"},
{"name":"med_phases_history_write_comp", "ph":"B", "ts":"1031418765525", "pid":"1", "tid":"cmeps"},
{"name":"med_phases_history_write_comp", "ph":"E", "ts":"1031418765694", "pid":"1", "tid":"cmeps"},
{"name":"med_phases_post_ice", "ph":"E", "ts":"1031418765701", "pid":"1", "tid":"cmeps"},
{"name":"med_phases_ocnalb_run", "ph":"B", "ts":"1031418765957", "pid":"1", "tid":"cmeps"},
{"name":"med_phases_history_write_med", "ph":"B", "ts":"1031418766594", "pid":"1", "tid":"cmeps"},
{"name":"med_phases_history_write_med", "ph":"E", "ts":"1031418766599", "pid":"1", "tid":"cmeps"},
{"name":"med_phases_ocnalb_run", "ph":"E", "ts":"1031418766602", "pid":"1", "tid":"cmeps"},
{"name":"med_phases_prep_ocn_accum", "ph":"B", "ts":"1031418766755", "pid":"1", "tid":"cmeps"},
{"name":"med_phases_prep_ocn_accum", "ph":"E", "ts":"1031418769271", "pid":"1", "tid":"cmeps"},
{"name":"med_phases_prep_atm", "ph":"B", "ts":"1031418769489", "pid":"1", "tid":"cmeps"},
{"name":"med_phases_prep_atm", "ph":"E", "ts":"1031418776905", "pid":"1", "tid":"cmeps"},
{"name":"med_phases_prep_ice", "ph":"B", "ts":"1031418777126", "pid":"1", "tid":"cmeps"},
{"name":"med_phases_prep_ice", "ph":"E", "ts":"1031418778172", "pid":"1", "tid":"cmeps"},
{"name":"ModelAdvance", "ph":"B", "ts":"1031418783685", "pid":"1", "tid":"fv3"},
{"name":"ModelAdvance_phase1", "ph":"B", "ts":"1031418783692", "pid":"1", "tid":"fv3"},
{"name":"fcst_run_phase_1", "ph":"B", "ts":"1031418783757", "pid":"1", "tid":"fv3"},
{"name":"fcst_run_phase_1", "ph":"E", "ts":"1031421357403", "pid":"1", "tid":"fv3"},
{"name":"ModelAdvance_phase1", "ph":"E", "ts":"1031421357442", "pid":"1", "tid":"fv3"},
{"name":"ModelAdvance_phase2", "ph":"B", "ts":"1031421357444", "pid":"1", "tid":"fv3"},
{"name":"fcst_run_phase_2", "ph":"B", "ts":"1031421357466", "pid":"1", "tid":"fv3"},
{"name":"fcst_run_phase_2", "ph":"E", "ts":"1031421666055", "pid":"1", "tid":"fv3"},
{"name":"ModelAdvance_phase2", "ph":"E", "ts":"1031421666114", "pid":"1", "tid":"fv3"},
{"name":"ModelAdvance", "ph":"E", "ts":"1031421666117", "pid":"1", "tid":"fv3"},
{"name":"med_phases_post_atm", "ph":"B", "ts":"1031421667380", "pid":"1", "tid":"cmeps"},
{"name":"med_phases_history_write_comp", "ph":"B", "ts":"1031421677874", "pid":"1", "tid":"cmeps"},
{"name":"med_phases_history_write_comp", "ph":"E", "ts":"1031421677948", "pid":"1", "tid":"cmeps"},
{"name":"med_phases_post_atm", "ph":"E", "ts":"1031421677952", "pid":"1", "tid":"cmeps"},
{"name":"med_phases_post_ice", "ph":"B", "ts":"1031421680630", "pid":"1", "tid":"cmeps"},
{"name":"med_phases_history_write_comp", "ph":"B", "ts":"1031421685292", "pid":"1", "tid":"cmeps"},
{"name":"med_phases_history_write_comp", "ph":"E", "ts":"1031421685362", "pid":"1", "tid":"cmeps"},
{"name":"med_phases_post_ice", "ph":"E", "ts":"1031421685365", "pid":"1", "tid":"cmeps"},
{"name":"med_phases_ocnalb_run", "ph":"B", "ts":"1031421685736", "pid":"1", "tid":"cmeps"},
{"name":"med_phases_history_write_med", "ph":"B", "ts":"1031421686362", "pid":"1", "tid":"cmeps"},
{"name":"med_phases_history_write_med", "ph":"E", "ts":"1031421686367", "pid":"1", "tid":"cmeps"},
{"name":"med_phases_ocnalb_run", "ph":"E", "ts":"1031421686369", "pid":"1", "tid":"cmeps"},
{"name":"med_phases_prep_ocn_accum", "ph":"B", "ts":"1031421686518", "pid":"1", "tid":"cmeps"},
{"name":"med_phases_prep_ocn_accum", "ph":"E", "ts":"1031421688756", "pid":"1", "tid":"cmeps"},
{"name":"med_phases_prep_atm", "ph":"B", "ts":"1031421688998", "pid":"1", "tid":"cmeps"},
{"name":"med_phases_prep_atm", "ph":"E", "ts":"1031421697057", "pid":"1", "tid":"cmeps"},
{"name":"med_phases_prep_ice", "ph":"B", "ts":"1031421697337", "pid":"1", "tid":"cmeps"},
{"name":"med_phases_prep_ice", "ph":"E", "ts":"1031421698535", "pid":"1", "tid":"cmeps"},
{"name":"ModelAdvance", "ph":"B", "ts":"1031421703942", "pid":"1", "tid":"fv3"},
{"name":"ModelAdvance_phase1", "ph":"B", "ts":"1031421703955", "pid":"1", "tid":"fv3"},
{"name":"fcst_run_phase_1", "ph":"B", "ts":"1031421704030", "pid":"1", "tid":"fv3"},
{"name":"fcst_run_phase_1", "ph":"E", "ts":"1031424090499", "pid":"1", "tid":"fv3"},
{"name":"ModelAdvance_phase1", "ph":"E", "ts":"1031424090628", "pid":"1", "tid":"fv3"},
{"name":"ModelAdvance_phase2", "ph":"B", "ts":"1031424090632", "pid":"1", "tid":"fv3"},
{"name":"fcst_run_phase_2", "ph":"B", "ts":"1031424090655", "pid":"1", "tid":"fv3"},
{"name":"fcst_run_phase_2", "ph":"E", "ts":"1031424411194", "pid":"1", "tid":"fv3"},
{"name":"ModelAdvance_phase2", "ph":"E", "ts":"1031424411252", "pid":"1", "tid":"fv3"},
{"name":"ModelAdvance", "ph":"E", "ts":"1031424411255", "pid":"1", "tid":"fv3"},
{"name":"med_phases_post_atm", "ph":"B", "ts":"1031424412307", "pid":"1", "tid":"cmeps"},
{"name":"med_phases_history_write_comp", "ph":"B", "ts":"1031424422881", "pid":"1", "tid":"cmeps"},
{"name":"med_phases_history_write_comp", "ph":"E", "ts":"1031424422937", "pid":"1", "tid":"cmeps"},
{"name":"med_phases_post_atm", "ph":"E", "ts":"1031424422940", "pid":"1", "tid":"cmeps"},
{"name":"med_phases_post_ice", "ph":"B", "ts":"1031424425832", "pid":"1", "tid":"cmeps"},
{"name":"med_phases_history_write_comp", "ph":"B", "ts":"1031424430099", "pid":"1", "tid":"cmeps"},
{"name":"med_phases_history_write_comp", "ph":"E", "ts":"1031424430170", "pid":"1", "tid":"cmeps"},
{"name":"med_phases_post_ice", "ph":"E", "ts":"1031424430172", "pid":"1", "tid":"cmeps"},
{"name":"med_phases_ocnalb_run", "ph":"B", "ts":"1031424430484", "pid":"1", "tid":"cmeps"},
{"name":"med_phases_history_write_med", "ph":"B", "ts":"1031424431172", "pid":"1", "tid":"cmeps"},
{"name":"med_phases_history_write_med", "ph":"E", "ts":"1031424431178", "pid":"1", "tid":"cmeps"},
{"name":"med_phases_ocnalb_run", "ph":"E", "ts":"1031424431181", "pid":"1", "tid":"cmeps"},
{"name":"med_phases_prep_ocn_accum", "ph":"B", "ts":"1031424431332", "pid":"1", "tid":"cmeps"},
{"name":"med_phases_prep_ocn_accum", "ph":"E", "ts":"1031424433915", "pid":"1", "tid":"cmeps"},
{"name":"med_phases_post_ocn", "ph":"B", "ts":"1031424435197", "pid":"1", "tid":"cmeps"},
{"name":"med_phases_history_write_comp", "ph":"B", "ts":"1031424437174", "pid":"1", "tid":"cmeps"},
{"name":"med_phases_history_write_comp", "ph":"E", "ts":"1031424437213", "pid":"1", "tid":"cmeps"},
{"name":"med_phases_post_ocn", "ph":"E", "ts":"1031424437215", "pid":"1", "tid":"cmeps"},
{"name":"med_phases_restart_write", "ph":"B", "ts":"1031424437441", "pid":"1", "tid":"cmeps"},
{"name":"med_phases_restart_write", "ph":"E", "ts":"1031424437471", "pid":"1", "tid":"cmeps"},
{"name":"med_phases_prep_ocn_avg", "ph":"B", "ts":"1031424437592", "pid":"1", "tid":"cmeps"},
{"name":"med_phases_prep_ocn_avg", "ph":"E", "ts":"1031424439329", "pid":"1", "tid":"cmeps"},
{"name":"med_phases_prep_atm", "ph":"B", "ts":"1031424441747", "pid":"1", "tid":"cmeps"},
{"name":"med_phases_prep_atm", "ph":"E", "ts":"1031424450200", "pid":"1", "tid":"cmeps"},
{"name":"med_phases_prep_ice", "ph":"B", "ts":"1031424450458", "pid":"1", "tid":"cmeps"},
{"name":"med_phases_prep_ice", "ph":"E", "ts":"1031424451522", "pid":"1", "tid":"cmeps"},
{"name":"ModelAdvance", "ph":"B", "ts":"1031424457250", "pid":"1", "tid":"fv3"},
{"name":"ModelAdvance_phase1", "ph":"B", "ts":"1031424457259", "pid":"1", "tid":"fv3"},
{"name":"fcst_run_phase_1", "ph":"B", "ts":"1031424457301", "pid":"1", "tid":"fv3"},
{"name":"fcst_run_phase_1", "ph":"E", "ts":"1031429017139", "pid":"1", "tid":"fv3"},
{"name":"ModelAdvance_phase1", "ph":"E", "ts":"1031429017265", "pid":"1", "tid":"fv3"},
{"name":"ModelAdvance_phase2", "ph":"B", "ts":"1031429017270", "pid":"1", "tid":"fv3"},
{"name":"fcst_run_phase_2", "ph":"B", "ts":"1031429017296", "pid":"1", "tid":"fv3"},
{"name":"fcst_run_phase_2", "ph":"E", "ts":"1031432391343", "pid":"1", "tid":"fv3"},
{"name":"ModelAdvance_phase2", "ph":"E", "ts":"1031432391409", "pid":"1", "tid":"fv3"},
{"name":"ModelAdvance", "ph":"E", "ts":"1031432391412", "pid":"1", "tid":"fv3"},
{"name":"med_phases_post_atm", "ph":"B", "ts":"1031432392439", "pid":"1", "tid":"cmeps"},
{"name":"med_phases_history_write_comp", "ph":"B", "ts":"1031432403105", "pid":"1", "tid":"cmeps"},
{"name":"med_phases_history_write_comp", "ph":"E", "ts":"1031432403175", "pid":"1", "tid":"cmeps"},
{"name":"med_phases_post_atm", "ph":"E", "ts":"1031432403312", "pid":"1", "tid":"cmeps"},
{"name":"med_phases_post_ice", "ph":"B", "ts":"1031432406014", "pid":"1", "tid":"cmeps"},
{"name":"med_phases_history_write_comp", "ph":"B", "ts":"1031432411991", "pid":"1", "tid":"cmeps"},
{"name":"med_phases_history_write_comp", "ph":"E", "ts":"1031432412050", "pid":"1", "tid":"cmeps"},
{"name":"med_phases_post_ice", "ph":"E", "ts":"1031432412053", "pid":"1", "tid":"cmeps"},
{"name":"med_phases_ocnalb_run", "ph":"B", "ts":"1031432412311", "pid":"1", "tid":"cmeps"},
{"name":"med_phases_history_write_med", "ph":"B", "ts":"1031432412960", "pid":"1", "tid":"cmeps"},
{"name":"med_phases_history_write_med", "ph":"E", "ts":"1031432412964", "pid":"1", "tid":"cmeps"},
{"name":"med_phases_ocnalb_run", "ph":"E", "ts":"1031432412967", "pid":"1", "tid":"cmeps"},
{"name":"med_phases_prep_ocn_accum", "ph":"B", "ts":"1031432413104", "pid":"1", "tid":"cmeps"},
{"name":"med_phases_prep_ocn_accum", "ph":"E", "ts":"1031432415430", "pid":"1", "tid":"cmeps"},
{"name":"med_phases_prep_atm", "ph":"B", "ts":"1031432415687", "pid":"1", "tid":"cmeps"},
{"name":"med_phases_prep_atm", "ph":"E", "ts":"1031432423575", "pid":"1", "tid":"cmeps"},
{"name":"med_phases_prep_ice", "ph":"B", "ts":"1031432423805", "pid":"1", "tid":"cmeps"},
{"name":"med_phases_prep_ice", "ph":"E", "ts":"1031432424720", "pid":"1", "tid":"cmeps"},
{"name":"ModelAdvance", "ph":"B", "ts":"1031432430587", "pid":"1", "tid":"fv3"},
{"name":"ModelAdvance_phase1", "ph":"B", "ts":"1031432430596", "pid":"1", "tid":"fv3"},
{"name":"fcst_run_phase_1", "ph":"B", "ts":"1031432430634", "pid":"1", "tid":"fv3"},
{"name":"fcst_run_phase_1", "ph":"E", "ts":"1031434820319", "pid":"1", "tid":"fv3"},
{"name":"ModelAdvance_phase1", "ph":"E", "ts":"1031434820416", "pid":"1", "tid":"fv3"},
{"name":"ModelAdvance_phase2", "ph":"B", "ts":"1031434820419", "pid":"1", "tid":"fv3"},
{"name":"fcst_run_phase_2", "ph":"B", "ts":"1031434820442", "pid":"1", "tid":"fv3"},
{"name":"fcst_run_phase_2", "ph":"E", "ts":"1031435134917", "pid":"1", "tid":"fv3"},
{"name":"ModelAdvance_phase2", "ph":"E", "ts":"1031435134975", "pid":"1", "tid":"fv3"},
{"name":"ModelAdvance", "ph":"E", "ts":"1031435134978", "pid":"1", "tid":"fv3"},
{"name":"med_phases_post_atm", "ph":"B", "ts":"1031435136016", "pid":"1", "tid":"cmeps"},
{"name":"med_phases_history_write_comp", "ph":"B", "ts":"1031435147338", "pid":"1", "tid":"cmeps"},
{"name":"med_phases_history_write_comp", "ph":"E", "ts":"1031435147411", "pid":"1", "tid":"cmeps"},
{"name":"med_phases_post_atm", "ph":"E", "ts":"1031435147414", "pid":"1", "tid":"cmeps"},
{"name":"med_phases_post_ice", "ph":"B", "ts":"1031435150100", "pid":"1", "tid":"cmeps"},
{"name":"med_phases_history_write_comp", "ph":"B", "ts":"1031435155987", "pid":"1", "tid":"cmeps"},
{"name":"med_phases_history_write_comp", "ph":"E", "ts":"1031435156033", "pid":"1", "tid":"cmeps"},
{"name":"med_phases_post_ice", "ph":"E", "ts":"1031435156036", "pid":"1", "tid":"cmeps"},
{"name":"med_phases_ocnalb_run", "ph":"B", "ts":"1031435156309", "pid":"1", "tid":"cmeps"},
{"name":"med_phases_history_write_med", "ph":"B", "ts":"1031435156991", "pid":"1", "tid":"cmeps"},
{"name":"med_phases_history_write_med", "ph":"E", "ts":"1031435156997", "pid":"1", "tid":"cmeps"},
{"name":"med_phases_ocnalb_run", "ph":"E", "ts":"1031435157000", "pid":"1", "tid":"cmeps"},
{"name":"med_phases_prep_ocn_accum", "ph":"B", "ts":"1031435157152", "pid":"1", "tid":"cmeps"},
{"name":"med_phases_prep_ocn_accum", "ph":"E", "ts":"1031435159522", "pid":"1", "tid":"cmeps"},
{"name":"med_phases_prep_atm", "ph":"B", "ts":"1031435159762", "pid":"1", "tid":"cmeps"},
{"name":"med_phases_prep_atm", "ph":"E", "ts":"1031435167726", "pid":"1", "tid":"cmeps"},
{"name":"med_phases_prep_ice", "ph":"B", "ts":"1031435167962", "pid":"1", "tid":"cmeps"},
{"name":"med_phases_prep_ice", "ph":"E", "ts":"1031435169064", "pid":"1", "tid":"cmeps"},
{"name":"ModelAdvance", "ph":"B", "ts":"1031435175747", "pid":"1", "tid":"fv3"},
{"name":"ModelAdvance_phase1", "ph":"B", "ts":"1031435175763", "pid":"1", "tid":"fv3"},
{"name":"fcst_run_phase_1", "ph":"B", "ts":"1031435175990", "pid":"1", "tid":"fv3"},
{"name":"fcst_run_phase_1", "ph":"E", "ts":"1031437580499", "pid":"1", "tid":"fv3"},
{"name":"ModelAdvance_phase1", "ph":"E", "ts":"1031437580541", "pid":"1", "tid":"fv3"},
{"name":"ModelAdvance_phase2", "ph":"B", "ts":"1031437580544", "pid":"1", "tid":"fv3"},
{"name":"fcst_run_phase_2", "ph":"B", "ts":"1031437580573", "pid":"1", "tid":"fv3"},
{"name":"fcst_run_phase_2", "ph":"E", "ts":"1031437878938", "pid":"1", "tid":"fv3"},
{"name":"ModelAdvance_phase2", "ph":"E", "ts":"1031437878998", "pid":"1", "tid":"fv3"},
{"name":"ModelAdvance", "ph":"E", "ts":"1031437879001", "pid":"1", "tid":"fv3"},
{"name":"med_phases_post_atm", "ph":"B", "ts":"1031437880245", "pid":"1", "tid":"cmeps"},
{"name":"med_phases_history_write_comp", "ph":"B", "ts":"1031437890577", "pid":"1", "tid":"cmeps"},
{"name":"med_phases_history_write_comp", "ph":"E", "ts":"1031437890624", "pid":"1", "tid":"cmeps"},
{"name":"med_phases_post_atm", "ph":"E", "ts":"1031437890627", "pid":"1", "tid":"cmeps"},
{"name":"med_phases_post_ice", "ph":"B", "ts":"1031437893199", "pid":"1", "tid":"cmeps"},
{"name":"med_phases_history_write_comp", "ph":"B", "ts":"1031437900150", "pid":"1", "tid":"cmeps"},
{"name":"med_phases_history_write_comp", "ph":"E", "ts":"1031437900232", "pid":"1", "tid":"cmeps"},
{"name":"med_phases_post_ice", "ph":"E", "ts":"1031437900236", "pid":"1", "tid":"cmeps"},
{"name":"med_phases_ocnalb_run", "ph":"B", "ts":"1031437900614", "pid":"1", "tid":"cmeps"},
{"name":"med_phases_history_write_med", "ph":"B", "ts":"1031437901313", "pid":"1", "tid":"cmeps"},
{"name":"med_phases_history_write_med", "ph":"E", "ts":"1031437901318", "pid":"1", "tid":"cmeps"},
{"name":"med_phases_ocnalb_run", "ph":"E", "ts":"1031437901320", "pid":"1", "tid":"cmeps"},
{"name":"med_phases_prep_ocn_accum", "ph":"B", "ts":"1031437901464", "pid":"1", "tid":"cmeps"},
{"name":"med_phases_prep_ocn_accum", "ph":"E", "ts":"1031437903524", "pid":"1", "tid":"cmeps"},
{"name":"med_phases_post_ocn", "ph":"B", "ts":"1031437904830", "pid":"1", "tid":"cmeps"},
{"name":"med_phases_history_write_comp", "ph":"B", "ts":"1031437907478", "pid":"1", "tid":"cmeps"},
{"name":"med_phases_history_write_comp", "ph":"E", "ts":"1031437907511", "pid":"1", "tid":"cmeps"},
{"name":"med_phases_post_ocn", "ph":"E", "ts":"1031437907514", "pid":"1", "tid":"cmeps"},
{"name":"med_phases_restart_write", "ph":"B", "ts":"1031437907795", "pid":"1", "tid":"cmeps"},
{"name":"med_phases_restart_write", "ph":"E", "ts":"1031437907834", "pid":"1", "tid":"cmeps"},
{"name":"med_phases_prep_ocn_avg", "ph":"B", "ts":"1031437907941", "pid":"1", "tid":"cmeps"},
{"name":"med_phases_prep_ocn_avg", "ph":"E", "ts":"1031437909667", "pid":"1", "tid":"cmeps"},
{"name":"med_phases_prep_atm", "ph":"B", "ts":"1031437912018", "pid":"1", "tid":"cmeps"},
{"name":"med_phases_prep_atm", "ph":"E", "ts":"1031437921087", "pid":"1", "tid":"cmeps"},
{"name":"med_phases_prep_ice", "ph":"B", "ts":"1031437921307", "pid":"1", "tid":"cmeps"},
{"name":"med_phases_prep_ice", "ph":"E", "ts":"1031437922394", "pid":"1", "tid":"cmeps"},
{"name":"ModelAdvance", "ph":"B", "ts":"1031437927793", "pid":"1", "tid":"fv3"},
{"name":"ModelAdvance_phase1", "ph":"B", "ts":"1031437927802", "pid":"1", "tid":"fv3"},
{"name":"fcst_run_phase_1", "ph":"B", "ts":"1031437927841", "pid":"1", "tid":"fv3"},
{"name":"fcst_run_phase_1", "ph":"E", "ts":"1031440331365", "pid":"1", "tid":"fv3"},
{"name":"ModelAdvance_phase1", "ph":"E", "ts":"1031440331469", "pid":"1", "tid":"fv3"},
{"name":"ModelAdvance_phase2", "ph":"B", "ts":"1031440331473", "pid":"1", "tid":"fv3"},
{"name":"fcst_run_phase_2", "ph":"B", "ts":"1031440331507", "pid":"1", "tid":"fv3"},
{"name":"fcst_run_phase_2", "ph":"E", "ts":"1031440634277", "pid":"1", "tid":"fv3"},
{"name":"ModelAdvance_phase2", "ph":"E", "ts":"1031440634399", "pid":"1", "tid":"fv3"},
{"name":"ModelAdvance", "ph":"E", "ts":"1031440634402", "pid":"1", "tid":"fv3"},
{"name":"med_phases_post_atm", "ph":"B", "ts":"1031440635521", "pid":"1", "tid":"cmeps"},
{"name":"med_phases_history_write_comp", "ph":"B", "ts":"1031440645691", "pid":"1", "tid":"cmeps"},
{"name":"med_phases_history_write_comp", "ph":"E", "ts":"1031440645733", "pid":"1", "tid":"cmeps"},
{"name":"med_phases_post_atm", "ph":"E", "ts":"1031440645736", "pid":"1", "tid":"cmeps"},
{"name":"med_phases_post_ice", "ph":"B", "ts":"1031440648493", "pid":"1", "tid":"cmeps"},
{"name":"med_phases_history_write_comp", "ph":"B", "ts":"1031440654720", "pid":"1", "tid":"cmeps"},
{"name":"med_phases_history_write_comp", "ph":"E", "ts":"1031440654777", "pid":"1", "tid":"cmeps"},
{"name":"med_phases_post_ice", "ph":"E", "ts":"1031440654780", "pid":"1", "tid":"cmeps"},
{"name":"med_phases_ocnalb_run", "ph":"B", "ts":"1031440655021", "pid":"1", "tid":"cmeps"},
{"name":"med_phases_history_write_med", "ph":"B", "ts":"1031440655650", "pid":"1", "tid":"cmeps"},
{"name":"med_phases_history_write_med", "ph":"E", "ts":"1031440655656", "pid":"1", "tid":"cmeps"},
{"name":"med_phases_ocnalb_run", "ph":"E", "ts":"1031440655660", "pid":"1", "tid":"cmeps"},
{"name":"med_phases_prep_ocn_accum", "ph":"B", "ts":"1031440655821", "pid":"1", "tid":"cmeps"},
{"name":"med_phases_prep_ocn_accum", "ph":"E", "ts":"1031440658154", "pid":"1", "tid":"cmeps"},
{"name":"med_phases_prep_atm", "ph":"B", "ts":"1031440658402", "pid":"1", "tid":"cmeps"},
{"name":"med_phases_prep_atm", "ph":"E", "ts":"1031440666301", "pid":"1", "tid":"cmeps"},
{"name":"med_phases_prep_ice", "ph":"B", "ts":"1031440666513", "pid":"1", "tid":"cmeps"},
{"name":"med_phases_prep_ice", "ph":"E", "ts":"1031440667621", "pid":"1", "tid":"cmeps"},
{"name":"ModelAdvance", "ph":"B", "ts":"1031440672948", "pid":"1", "tid":"fv3"},
{"name":"ModelAdvance_phase1", "ph":"B", "ts":"1031440672956", "pid":"1", "tid":"fv3"},
{"name":"fcst_run_phase_1", "ph":"B", "ts":"1031440672992", "pid":"1", "tid":"fv3"},
{"name":"fcst_run_phase_1", "ph":"E", "ts":"1031443081942", "pid":"1", "tid":"fv3"},
{"name":"ModelAdvance_phase1", "ph":"E", "ts":"1031443081982", "pid":"1", "tid":"fv3"},
{"name":"ModelAdvance_phase2", "ph":"B", "ts":"1031443081985", "pid":"1", "tid":"fv3"},
{"name":"fcst_run_phase_2", "ph":"B", "ts":"1031443082007", "pid":"1", "tid":"fv3"},
{"name":"fcst_run_phase_2", "ph":"E", "ts":"1031443387645", "pid":"1", "tid":"fv3"},
{"name":"ModelAdvance_phase2", "ph":"E", "ts":"1031443387738", "pid":"1", "tid":"fv3"},
{"name":"ModelAdvance", "ph":"E", "ts":"1031443387741", "pid":"1", "tid":"fv3"},
{"name":"med_phases_post_atm", "ph":"B", "ts":"1031443389188", "pid":"1", "tid":"cmeps"},
{"name":"med_phases_history_write_comp", "ph":"B", "ts":"1031443400661", "pid":"1", "tid":"cmeps"},
{"name":"med_phases_history_write_comp", "ph":"E", "ts":"1031443400705", "pid":"1", "tid":"cmeps"},
{"name":"med_phases_post_atm", "ph":"E", "ts":"1031443400709", "pid":"1", "tid":"cmeps"},
{"name":"med_phases_post_ice", "ph":"B", "ts":"1031443403191", "pid":"1", "tid":"cmeps"},
{"name":"med_phases_history_write_comp", "ph":"B", "ts":"1031443409449", "pid":"1", "tid":"cmeps"},
{"name":"med_phases_history_write_comp", "ph":"E", "ts":"1031443409521", "pid":"1", "tid":"cmeps"},
{"name":"med_phases_post_ice", "ph":"E", "ts":"1031443409524", "pid":"1", "tid":"cmeps"},
{"name":"med_phases_ocnalb_run", "ph":"B", "ts":"1031443409791", "pid":"1", "tid":"cmeps"},
{"name":"med_phases_history_write_med", "ph":"B", "ts":"1031443410390", "pid":"1", "tid":"cmeps"},
{"name":"med_phases_history_write_med", "ph":"E", "ts":"1031443410394", "pid":"1", "tid":"cmeps"},
{"name":"med_phases_ocnalb_run", "ph":"E", "ts":"1031443410396", "pid":"1", "tid":"cmeps"},
{"name":"med_phases_prep_ocn_accum", "ph":"B", "ts":"1031443410536", "pid":"1", "tid":"cmeps"},
{"name":"med_phases_prep_ocn_accum", "ph":"E", "ts":"1031443412739", "pid":"1", "tid":"cmeps"},
{"name":"med_phases_prep_atm", "ph":"B", "ts":"1031443413001", "pid":"1", "tid":"cmeps"},
{"name":"med_phases_prep_atm", "ph":"E", "ts":"1031443421184", "pid":"1", "tid":"cmeps"},
{"name":"med_phases_prep_ice", "ph":"B", "ts":"1031443421477", "pid":"1", "tid":"cmeps"},
{"name":"med_phases_prep_ice", "ph":"E", "ts":"1031443422638", "pid":"1", "tid":"cmeps"},
{"name":"ModelAdvance", "ph":"B", "ts":"1031443428211", "pid":"1", "tid":"fv3"},
{"name":"ModelAdvance_phase1", "ph":"B", "ts":"1031443428220", "pid":"1", "tid":"fv3"},
{"name":"fcst_run_phase_1", "ph":"B", "ts":"1031443428262", "pid":"1", "tid":"fv3"},
{"name":"fcst_run_phase_1", "ph":"E", "ts":"1031445838855", "pid":"1", "tid":"fv3"},
{"name":"ModelAdvance_phase1", "ph":"E", "ts":"1031445839035", "pid":"1", "tid":"fv3"},
{"name":"ModelAdvance_phase2", "ph":"B", "ts":"1031445839039", "pid":"1", "tid":"fv3"},
{"name":"fcst_run_phase_2", "ph":"B", "ts":"1031445839061", "pid":"1", "tid":"fv3"},
{"name":"fcst_run_phase_2", "ph":"E", "ts":"1031446204147", "pid":"1", "tid":"fv3"},
{"name":"ModelAdvance_phase2", "ph":"E", "ts":"1031446204281", "pid":"1", "tid":"fv3"},
{"name":"ModelAdvance", "ph":"E", "ts":"1031446204284", "pid":"1", "tid":"fv3"},
{"name":"med_phases_post_atm", "ph":"B", "ts":"1031446205595", "pid":"1", "tid":"cmeps"},
{"name":"med_phases_history_write_comp", "ph":"B", "ts":"1031446216083", "pid":"1", "tid":"cmeps"},
{"name":"med_phases_history_write_comp", "ph":"E", "ts":"1031446216129", "pid":"1", "tid":"cmeps"},
{"name":"med_phases_post_atm", "ph":"E", "ts":"1031446216132", "pid":"1", "tid":"cmeps"},
{"name":"med_phases_post_ice", "ph":"B", "ts":"1031446218856", "pid":"1", "tid":"cmeps"},
{"name":"med_phases_history_write_comp", "ph":"B", "ts":"1031446224285", "pid":"1", "tid":"cmeps"},
{"name":"med_phases_history_write_comp", "ph":"E", "ts":"1031446224344", "pid":"1", "tid":"cmeps"},
{"name":"med_phases_post_ice", "ph":"E", "ts":"1031446224347", "pid":"1", "tid":"cmeps"},
{"name":"med_phases_ocnalb_run", "ph":"B", "ts":"1031446224682", "pid":"1", "tid":"cmeps"},
{"name":"med_phases_history_write_med", "ph":"B", "ts":"1031446225264", "pid":"1", "tid":"cmeps"},
{"name":"med_phases_history_write_med", "ph":"E", "ts":"1031446225268", "pid":"1", "tid":"cmeps"},
{"name":"med_phases_ocnalb_run", "ph":"E", "ts":"1031446225270", "pid":"1", "tid":"cmeps"},
{"name":"med_phases_prep_ocn_accum", "ph":"B", "ts":"1031446225412", "pid":"1", "tid":"cmeps"},
{"name":"med_phases_prep_ocn_accum", "ph":"E", "ts":"1031446227884", "pid":"1", "tid":"cmeps"},
{"name":"med_phases_post_ocn", "ph":"B", "ts":"1031446229036", "pid":"1", "tid":"cmeps"},
{"name":"med_phases_history_write_comp", "ph":"B", "ts":"1031446231468", "pid":"1", "tid":"cmeps"},
{"name":"med_phases_history_write_comp", "ph":"E", "ts":"1031446231505", "pid":"1", "tid":"cmeps"},
{"name":"med_phases_post_ocn", "ph":"E", "ts":"1031446231507", "pid":"1", "tid":"cmeps"},
{"name":"med_phases_restart_write", "ph":"B", "ts":"1031446231739", "pid":"1", "tid":"cmeps"},
{"name":"med_phases_restart_write", "ph":"E", "ts":"1031446231770", "pid":"1", "tid":"cmeps"},
{"name":"med_phases_prep_ocn_avg", "ph":"B", "ts":"1031446231875", "pid":"1", "tid":"cmeps"},
{"name":"med_phases_prep_ocn_avg", "ph":"E", "ts":"1031446233602", "pid":"1", "tid":"cmeps"},
{"name":"med_phases_prep_atm", "ph":"B", "ts":"1031446235720", "pid":"1", "tid":"cmeps"},
{"name":"med_phases_prep_atm", "ph":"E", "ts":"1031446244167", "pid":"1", "tid":"cmeps"},
{"name":"med_phases_prep_ice", "ph":"B", "ts":"1031446244410", "pid":"1", "tid":"cmeps"},
{"name":"med_phases_prep_ice", "ph":"E", "ts":"1031446245277", "pid":"1", "tid":"cmeps"},
{"name":"ModelAdvance", "ph":"B", "ts":"1031446251516", "pid":"1", "tid":"fv3"},
{"name":"ModelAdvance_phase1", "ph":"B", "ts":"1031446251525", "pid":"1", "tid":"fv3"},
{"name":"fcst_run_phase_1", "ph":"B", "ts":"1031446251603", "pid":"1", "tid":"fv3"},
{"name":"fcst_run_phase_1", "ph":"E", "ts":"1031452959130", "pid":"1", "tid":"fv3"},
{"name":"ModelAdvance_phase1", "ph":"E", "ts":"1031452959254", "pid":"1", "tid":"fv3"},
{"name":"ModelAdvance_phase2", "ph":"B", "ts":"1031452959258", "pid":"1", "tid":"fv3"},
{"name":"fcst_run_phase_2", "ph":"B", "ts":"1031452959286", "pid":"1", "tid":"fv3"},
{"name":"fcst_run_phase_2", "ph":"E", "ts":"1031454174085", "pid":"1", "tid":"fv3"},
{"name":"ModelAdvance_phase2", "ph":"E", "ts":"1031454174149", "pid":"1", "tid":"fv3"},
{"name":"ModelAdvance", "ph":"E", "ts":"1031454174200", "pid":"1", "tid":"fv3"},
{"name":"med_phases_post_atm", "ph":"B", "ts":"1031454175567", "pid":"1", "tid":"cmeps"},
{"name":"med_phases_history_write_comp", "ph":"B", "ts":"1031454187419", "pid":"1", "tid":"cmeps"},
{"name":"med_phases_history_write_comp", "ph":"E", "ts":"1031454187476", "pid":"1", "tid":"cmeps"},
{"name":"med_phases_post_atm", "ph":"E", "ts":"1031454187479", "pid":"1", "tid":"cmeps"},
{"name":"med_phases_post_ice", "ph":"B", "ts":"1031454190354", "pid":"1", "tid":"cmeps"},
{"name":"med_phases_history_write_comp", "ph":"B", "ts":"1031454195467", "pid":"1", "tid":"cmeps"},
{"name":"med_phases_history_write_comp", "ph":"E", "ts":"1031454195512", "pid":"1", "tid":"cmeps"},
{"name":"med_phases_post_ice", "ph":"E", "ts":"1031454195515", "pid":"1", "tid":"cmeps"},
{"name":"med_phases_ocnalb_run", "ph":"B", "ts":"1031454195749", "pid":"1", "tid":"cmeps"},
{"name":"med_phases_history_write_med", "ph":"B", "ts":"1031454196337", "pid":"1", "tid":"cmeps"},
{"name":"med_phases_history_write_med", "ph":"E", "ts":"1031454196341", "pid":"1", "tid":"cmeps"},
{"name":"med_phases_ocnalb_run", "ph":"E", "ts":"1031454196344", "pid":"1", "tid":"cmeps"},
{"name":"med_phases_prep_ocn_accum", "ph":"B", "ts":"1031454196491", "pid":"1", "tid":"cmeps"},
{"name":"med_phases_prep_ocn_accum", "ph":"E", "ts":"1031454198987", "pid":"1", "tid":"cmeps"},
{"name":"med_phases_prep_atm", "ph":"B", "ts":"1031454199202", "pid":"1", "tid":"cmeps"},
{"name":"med_phases_prep_atm", "ph":"E", "ts":"1031454206750", "pid":"1", "tid":"cmeps"},
{"name":"med_phases_prep_ice", "ph":"B", "ts":"1031454206989", "pid":"1", "tid":"cmeps"},
{"name":"med_phases_prep_ice", "ph":"E", "ts":"1031454208098", "pid":"1", "tid":"cmeps"},
{"name":"ModelAdvance", "ph":"B", "ts":"1031454215195", "pid":"1", "tid":"fv3"},
{"name":"ModelAdvance_phase1", "ph":"B", "ts":"1031454215210", "pid":"1", "tid":"fv3"},
{"name":"fcst_run_phase_1", "ph":"B", "ts":"1031454215291", "pid":"1", "tid":"fv3"},
{"name":"fcst_run_phase_1", "ph":"E", "ts":"1031456621718", "pid":"1", "tid":"fv3"},
{"name":"ModelAdvance_phase1", "ph":"E", "ts":"1031456621813", "pid":"1", "tid":"fv3"},
{"name":"ModelAdvance_phase2", "ph":"B", "ts":"1031456621817", "pid":"1", "tid":"fv3"},
{"name":"fcst_run_phase_2", "ph":"B", "ts":"1031456621840", "pid":"1", "tid":"fv3"},
{"name":"fcst_run_phase_2", "ph":"E", "ts":"1031456925687", "pid":"1", "tid":"fv3"},
{"name":"ModelAdvance_phase2", "ph":"E", "ts":"1031456925744", "pid":"1", "tid":"fv3"},
{"name":"ModelAdvance", "ph":"E", "ts":"1031456925747", "pid":"1", "tid":"fv3"},
{"name":"med_phases_post_atm", "ph":"B", "ts":"1031456926713", "pid":"1", "tid":"cmeps"},
{"name":"med_phases_history_write_comp", "ph":"B", "ts":"1031456961174", "pid":"1", "tid":"cmeps"},
{"name":"med_phases_history_write_comp", "ph":"E", "ts":"1031456961222", "pid":"1", "tid":"cmeps"},
{"name":"med_phases_post_atm", "ph":"E", "ts":"1031456961224", "pid":"1", "tid":"cmeps"},
{"name":"med_phases_post_ice", "ph":"B", "ts":"1031456965047", "pid":"1", "tid":"cmeps"},
{"name":"med_phases_history_write_comp", "ph":"B", "ts":"1031456969707", "pid":"1", "tid":"cmeps"},
{"name":"med_phases_history_write_comp", "ph":"E", "ts":"1031456969753", "pid":"1", "tid":"cmeps"},
{"name":"med_phases_post_ice", "ph":"E", "ts":"1031456969756", "pid":"1", "tid":"cmeps"},
{"name":"med_phases_ocnalb_run", "ph":"B", "ts":"1031456969974", "pid":"1", "tid":"cmeps"},
{"name":"med_phases_history_write_med", "ph":"B", "ts":"1031456970617", "pid":"1", "tid":"cmeps"},
{"name":"med_phases_history_write_med", "ph":"E", "ts":"1031456970624", "pid":"1", "tid":"cmeps"},
{"name":"med_phases_ocnalb_run", "ph":"E", "ts":"1031456970627", "pid":"1", "tid":"cmeps"},
{"name":"med_phases_prep_ocn_accum", "ph":"B", "ts":"1031456970790", "pid":"1", "tid":"cmeps"},
{"name":"med_phases_prep_ocn_accum", "ph":"E", "ts":"1031456973316", "pid":"1", "tid":"cmeps"},
{"name":"med_phases_prep_atm", "ph":"B", "ts":"1031456973531", "pid":"1", "tid":"cmeps"},
{"name":"med_phases_prep_atm", "ph":"E", "ts":"1031456980952", "pid":"1", "tid":"cmeps"},
{"name":"med_phases_prep_ice", "ph":"B", "ts":"1031456981235", "pid":"1", "tid":"cmeps"},
{"name":"med_phases_prep_ice", "ph":"E", "ts":"1031456982508", "pid":"1", "tid":"cmeps"},
{"name":"ModelAdvance", "ph":"B", "ts":"1031456989559", "pid":"1", "tid":"fv3"},
{"name":"ModelAdvance_phase1", "ph":"B", "ts":"1031456989569", "pid":"1", "tid":"fv3"},
{"name":"fcst_run_phase_1", "ph":"B", "ts":"1031456989617", "pid":"1", "tid":"fv3"},
{"name":"fcst_run_phase_1", "ph":"E", "ts":"1031459691423", "pid":"1", "tid":"fv3"},
{"name":"ModelAdvance_phase1", "ph":"E", "ts":"1031459691513", "pid":"1", "tid":"fv3"},
{"name":"ModelAdvance_phase2", "ph":"B", "ts":"1031459691516", "pid":"1", "tid":"fv3"},
{"name":"fcst_run_phase_2", "ph":"B", "ts":"1031459691536", "pid":"1", "tid":"fv3"},
{"name":"fcst_run_phase_2", "ph":"E", "ts":"1031460182966", "pid":"1", "tid":"fv3"},
{"name":"ModelAdvance_phase2", "ph":"E", "ts":"1031460183027", "pid":"1", "tid":"fv3"},
{"name":"ModelAdvance", "ph":"E", "ts":"1031460183030", "pid":"1", "tid":"fv3"},
{"name":"med_phases_post_atm", "ph":"B", "ts":"1031460184094", "pid":"1", "tid":"cmeps"},
{"name":"med_phases_history_write_comp", "ph":"B", "ts":"1031460217038", "pid":"1", "tid":"cmeps"},
{"name":"med_phases_history_write_comp", "ph":"E", "ts":"1031460217083", "pid":"1", "tid":"cmeps"},
{"name":"med_phases_post_atm", "ph":"E", "ts":"1031460217087", "pid":"1", "tid":"cmeps"},
{"name":"med_phases_post_ice", "ph":"B", "ts":"1031460219914", "pid":"1", "tid":"cmeps"},
{"name":"med_phases_history_write_comp", "ph":"B", "ts":"1031460224490", "pid":"1", "tid":"cmeps"},
{"name":"med_phases_history_write_comp", "ph":"E", "ts":"1031460224542", "pid":"1", "tid":"cmeps"},
{"name":"med_phases_post_ice", "ph":"E", "ts":"1031460224545", "pid":"1", "tid":"cmeps"},
{"name":"med_phases_ocnalb_run", "ph":"B", "ts":"1031460224816", "pid":"1", "tid":"cmeps"},
{"name":"med_phases_history_write_med", "ph":"B", "ts":"1031460225383", "pid":"1", "tid":"cmeps"},
{"name":"med_phases_history_write_med", "ph":"E", "ts":"1031460225388", "pid":"1", "tid":"cmeps"},
{"name":"med_phases_ocnalb_run", "ph":"E", "ts":"1031460225390", "pid":"1", "tid":"cmeps"},
{"name":"med_phases_prep_ocn_accum", "ph":"B", "ts":"1031460225527", "pid":"1", "tid":"cmeps"},
{"name":"med_phases_prep_ocn_accum", "ph":"E", "ts":"1031460227878", "pid":"1", "tid":"cmeps"},
{"name":"med_phases_post_ocn", "ph":"B", "ts":"1031460229461", "pid":"1", "tid":"cmeps"},
{"name":"med_phases_history_write_comp", "ph":"B", "ts":"1031460231939", "pid":"1", "tid":"cmeps"},
{"name":"med_phases_history_write_comp", "ph":"E", "ts":"1031460231975", "pid":"1", "tid":"cmeps"},
{"name":"med_phases_post_ocn", "ph":"E", "ts":"1031460231978", "pid":"1", "tid":"cmeps"},
{"name":"med_phases_restart_write", "ph":"B", "ts":"1031460232197", "pid":"1", "tid":"cmeps"},
{"name":"med_phases_restart_write", "ph":"E", "ts":"1031460232230", "pid":"1", "tid":"cmeps"},
{"name":"med_phases_prep_ocn_avg", "ph":"B", "ts":"1031460232336", "pid":"1", "tid":"cmeps"},
{"name":"med_phases_prep_ocn_avg", "ph":"E", "ts":"1031460234115", "pid":"1", "tid":"cmeps"},
{"name":"med_phases_prep_atm", "ph":"B", "ts":"1031460236971", "pid":"1", "tid":"cmeps"},
{"name":"med_phases_prep_atm", "ph":"E", "ts":"1031460244797", "pid":"1", "tid":"cmeps"},
{"name":"med_phases_prep_ice", "ph":"B", "ts":"1031460245030", "pid":"1", "tid":"cmeps"},
{"name":"med_phases_prep_ice", "ph":"E", "ts":"1031460246204", "pid":"1", "tid":"cmeps"},
{"name":"ModelAdvance", "ph":"B", "ts":"1031460253524", "pid":"1", "tid":"fv3"},
{"name":"ModelAdvance_phase1", "ph":"B", "ts":"1031460253534", "pid":"1", "tid":"fv3"},
{"name":"fcst_run_phase_1", "ph":"B", "ts":"1031460253579", "pid":"1", "tid":"fv3"},
{"name":"fcst_run_phase_1", "ph":"E", "ts":"1031462951274", "pid":"1", "tid":"fv3"},
{"name":"ModelAdvance_phase1", "ph":"E", "ts":"1031462951314", "pid":"1", "tid":"fv3"},
{"name":"ModelAdvance_phase2", "ph":"B", "ts":"1031462951317", "pid":"1", "tid":"fv3"},
{"name":"fcst_run_phase_2", "ph":"B", "ts":"1031462951412", "pid":"1", "tid":"fv3"},
{"name":"fcst_run_phase_2", "ph":"E", "ts":"1031463432918", "pid":"1", "tid":"fv3"},
{"name":"ModelAdvance_phase2", "ph":"E", "ts":"1031463432973", "pid":"1", "tid":"fv3"},
{"name":"ModelAdvance", "ph":"E", "ts":"1031463432976", "pid":"1", "tid":"fv3"},
{"name":"med_phases_post_atm", "ph":"B", "ts":"1031463434073", "pid":"1", "tid":"cmeps"},
{"name":"med_phases_history_write_comp", "ph":"B", "ts":"1031463464953", "pid":"1", "tid":"cmeps"},
{"name":"med_phases_history_write_comp", "ph":"E", "ts":"1031463465055", "pid":"1", "tid":"cmeps"},
{"name":"med_phases_post_atm", "ph":"E", "ts":"1031463465061", "pid":"1", "tid":"cmeps"},
{"name":"med_phases_post_ice", "ph":"B", "ts":"1031463467770", "pid":"1", "tid":"cmeps"},
{"name":"med_phases_history_write_comp", "ph":"B", "ts":"1031463471855", "pid":"1", "tid":"cmeps"},
{"name":"med_phases_history_write_comp", "ph":"E", "ts":"1031463471937", "pid":"1", "tid":"cmeps"},
{"name":"med_phases_post_ice", "ph":"E", "ts":"1031463471940", "pid":"1", "tid":"cmeps"},
{"name":"med_phases_ocnalb_run", "ph":"B", "ts":"1031463472294", "pid":"1", "tid":"cmeps"},
{"name":"med_phases_history_write_med", "ph":"B", "ts":"1031463472962", "pid":"1", "tid":"cmeps"},
{"name":"med_phases_history_write_med", "ph":"E", "ts":"1031463472966", "pid":"1", "tid":"cmeps"},
{"name":"med_phases_ocnalb_run", "ph":"E", "ts":"1031463472969", "pid":"1", "tid":"cmeps"},
{"name":"med_phases_prep_ocn_accum", "ph":"B", "ts":"1031463473114", "pid":"1", "tid":"cmeps"},
{"name":"med_phases_prep_ocn_accum", "ph":"E", "ts":"1031463475179", "pid":"1", "tid":"cmeps"},
{"name":"med_phases_prep_atm", "ph":"B", "ts":"1031463475427", "pid":"1", "tid":"cmeps"},
{"name":"med_phases_prep_atm", "ph":"E", "ts":"1031463483545", "pid":"1", "tid":"cmeps"},
{"name":"med_phases_prep_ice", "ph":"B", "ts":"1031463483840", "pid":"1", "tid":"cmeps"},
{"name":"med_phases_prep_ice", "ph":"E", "ts":"1031463485132", "pid":"1", "tid":"cmeps"},
{"name":"ModelAdvance", "ph":"B", "ts":"1031463492400", "pid":"1", "tid":"fv3"},
{"name":"ModelAdvance_phase1", "ph":"B", "ts":"1031463492410", "pid":"1", "tid":"fv3"},
{"name":"fcst_run_phase_1", "ph":"B", "ts":"1031463492464", "pid":"1", "tid":"fv3"},
{"name":"fcst_run_phase_1", "ph":"E", "ts":"1031466140337", "pid":"1", "tid":"fv3"},
{"name":"ModelAdvance_phase1", "ph":"E", "ts":"1031466140438", "pid":"1", "tid":"fv3"},
{"name":"ModelAdvance_phase2", "ph":"B", "ts":"1031466140442", "pid":"1", "tid":"fv3"},
{"name":"fcst_run_phase_2", "ph":"B", "ts":"1031466140466", "pid":"1", "tid":"fv3"},
{"name":"fcst_run_phase_2", "ph":"E", "ts":"1031466449774", "pid":"1", "tid":"fv3"},
{"name":"ModelAdvance_phase2", "ph":"E", "ts":"1031466449829", "pid":"1", "tid":"fv3"},
{"name":"ModelAdvance", "ph":"E", "ts":"1031466449832", "pid":"1", "tid":"fv3"},
{"name":"med_phases_post_atm", "ph":"B", "ts":"1031466450904", "pid":"1", "tid":"cmeps"},
{"name":"med_phases_history_write_comp", "ph":"B", "ts":"1031466462034", "pid":"1", "tid":"cmeps"},
{"name":"med_phases_history_write_comp", "ph":"E", "ts":"1031466462082", "pid":"1", "tid":"cmeps"},
{"name":"med_phases_post_atm", "ph":"E", "ts":"1031466462085", "pid":"1", "tid":"cmeps"},
{"name":"med_phases_post_ice", "ph":"B", "ts":"1031466464812", "pid":"1", "tid":"cmeps"},
{"name":"med_phases_history_write_comp", "ph":"B", "ts":"1031466469301", "pid":"1", "tid":"cmeps"},
{"name":"med_phases_history_write_comp", "ph":"E", "ts":"1031466469380", "pid":"1", "tid":"cmeps"},
{"name":"med_phases_post_ice", "ph":"E", "ts":"1031466469383", "pid":"1", "tid":"cmeps"},
{"name":"med_phases_ocnalb_run", "ph":"B", "ts":"1031466469736", "pid":"1", "tid":"cmeps"},
{"name":"med_phases_history_write_med", "ph":"B", "ts":"1031466470314", "pid":"1", "tid":"cmeps"},
{"name":"med_phases_history_write_med", "ph":"E", "ts":"1031466470317", "pid":"1", "tid":"cmeps"},
{"name":"med_phases_ocnalb_run", "ph":"E", "ts":"1031466470320", "pid":"1", "tid":"cmeps"},
{"name":"med_phases_prep_ocn_accum", "ph":"B", "ts":"1031466470461", "pid":"1", "tid":"cmeps"},
{"name":"med_phases_prep_ocn_accum", "ph":"E", "ts":"1031466472965", "pid":"1", "tid":"cmeps"},
{"name":"med_phases_prep_atm", "ph":"B", "ts":"1031466473221", "pid":"1", "tid":"cmeps"},
{"name":"med_phases_prep_atm", "ph":"E", "ts":"1031466481278", "pid":"1", "tid":"cmeps"},
{"name":"med_phases_prep_ice", "ph":"B", "ts":"1031466481558", "pid":"1", "tid":"cmeps"},
{"name":"med_phases_prep_ice", "ph":"E", "ts":"1031466482722", "pid":"1", "tid":"cmeps"},
{"name":"ModelAdvance", "ph":"B", "ts":"1031466487837", "pid":"1", "tid":"fv3"},
{"name":"ModelAdvance_phase1", "ph":"B", "ts":"1031466487845", "pid":"1", "tid":"fv3"},
{"name":"fcst_run_phase_1", "ph":"B", "ts":"1031466487886", "pid":"1", "tid":"fv3"},
{"name":"fcst_run_phase_1", "ph":"E", "ts":"1031468909421", "pid":"1", "tid":"fv3"},
{"name":"ModelAdvance_phase1", "ph":"E", "ts":"1031468909464", "pid":"1", "tid":"fv3"},
{"name":"ModelAdvance_phase2", "ph":"B", "ts":"1031468909466", "pid":"1", "tid":"fv3"},
{"name":"fcst_run_phase_2", "ph":"B", "ts":"1031468909490", "pid":"1", "tid":"fv3"},
{"name":"fcst_run_phase_2", "ph":"E", "ts":"1031469211922", "pid":"1", "tid":"fv3"},
{"name":"ModelAdvance_phase2", "ph":"E", "ts":"1031469212016", "pid":"1", "tid":"fv3"},
{"name":"ModelAdvance", "ph":"E", "ts":"1031469212019", "pid":"1", "tid":"fv3"},
{"name":"med_phases_post_atm", "ph":"B", "ts":"1031469213343", "pid":"1", "tid":"cmeps"},
{"name":"med_phases_history_write_comp", "ph":"B", "ts":"1031469223635", "pid":"1", "tid":"cmeps"},
{"name":"med_phases_history_write_comp", "ph":"E", "ts":"1031469223680", "pid":"1", "tid":"cmeps"},
{"name":"med_phases_post_atm", "ph":"E", "ts":"1031469223683", "pid":"1", "tid":"cmeps"},
{"name":"med_phases_post_ice", "ph":"B", "ts":"1031469226420", "pid":"1", "tid":"cmeps"},
{"name":"med_phases_history_write_comp", "ph":"B", "ts":"1031469230794", "pid":"1", "tid":"cmeps"},
{"name":"med_phases_history_write_comp", "ph":"E", "ts":"1031469230853", "pid":"1", "tid":"cmeps"},
{"name":"med_phases_post_ice", "ph":"E", "ts":"1031469230857", "pid":"1", "tid":"cmeps"},
{"name":"med_phases_ocnalb_run", "ph":"B", "ts":"1031469231152", "pid":"1", "tid":"cmeps"},
{"name":"med_phases_history_write_med", "ph":"B", "ts":"1031469231726", "pid":"1", "tid":"cmeps"},
{"name":"med_phases_history_write_med", "ph":"E", "ts":"1031469231731", "pid":"1", "tid":"cmeps"},
{"name":"med_phases_ocnalb_run", "ph":"E", "ts":"1031469231733", "pid":"1", "tid":"cmeps"},
{"name":"med_phases_prep_ocn_accum", "ph":"B", "ts":"1031469231876", "pid":"1", "tid":"cmeps"},
{"name":"med_phases_prep_ocn_accum", "ph":"E", "ts":"1031469234103", "pid":"1", "tid":"cmeps"},
{"name":"med_phases_post_ocn", "ph":"B", "ts":"1031469235526", "pid":"1", "tid":"cmeps"},
{"name":"med_phases_history_write_comp", "ph":"B", "ts":"1031469237843", "pid":"1", "tid":"cmeps"},
{"name":"med_phases_history_write_comp", "ph":"E", "ts":"1031469237883", "pid":"1", "tid":"cmeps"},
{"name":"med_phases_post_ocn", "ph":"E", "ts":"1031469237885", "pid":"1", "tid":"cmeps"},
{"name":"med_phases_restart_write", "ph":"B", "ts":"1031469238101", "pid":"1", "tid":"cmeps"},
{"name":"med_phases_restart_write", "ph":"E", "ts":"1031469238130", "pid":"1", "tid":"cmeps"},
{"name":"med_phases_prep_ocn_avg", "ph":"B", "ts":"1031469238236", "pid":"1", "tid":"cmeps"},
{"name":"med_phases_prep_ocn_avg", "ph":"E", "ts":"1031469240042", "pid":"1", "tid":"cmeps"},
{"name":"med_phases_prep_atm", "ph":"B", "ts":"1031469242420", "pid":"1", "tid":"cmeps"},
{"name":"med_phases_prep_atm", "ph":"E", "ts":"1031469250130", "pid":"1", "tid":"cmeps"},
{"name":"med_phases_prep_ice", "ph":"B", "ts":"1031469250383", "pid":"1", "tid":"cmeps"},
{"name":"med_phases_prep_ice", "ph":"E", "ts":"1031469251016", "pid":"1", "tid":"cmeps"},
{"name":"ModelAdvance", "ph":"B", "ts":"1031469257766", "pid":"1", "tid":"fv3"},
{"name":"ModelAdvance_phase1", "ph":"B", "ts":"1031469257774", "pid":"1", "tid":"fv3"},
{"name":"fcst_run_phase_1", "ph":"B", "ts":"1031469257814", "pid":"1", "tid":"fv3"},
{"name":"fcst_run_phase_1", "ph":"E", "ts":"1031476591663", "pid":"1", "tid":"fv3"},
{"name":"ModelAdvance_phase1", "ph":"E", "ts":"1031476591840", "pid":"1", "tid":"fv3"},
{"name":"ModelAdvance_phase2", "ph":"B", "ts":"1031476591844", "pid":"1", "tid":"fv3"},
{"name":"fcst_run_phase_2", "ph":"B", "ts":"1031476591868", "pid":"1", "tid":"fv3"},
{"name":"fcst_run_phase_2", "ph":"E", "ts":"1031477147901", "pid":"1", "tid":"fv3"},
{"name":"ModelAdvance_phase2", "ph":"E", "ts":"1031477148034", "pid":"1", "tid":"fv3"},
{"name":"ModelAdvance", "ph":"E", "ts":"1031477148037", "pid":"1", "tid":"fv3"},
{"name":"med_phases_post_atm", "ph":"B", "ts":"1031477149398", "pid":"1", "tid":"cmeps"},
{"name":"med_phases_history_write_comp", "ph":"B", "ts":"1031477159485", "pid":"1", "tid":"cmeps"},
{"name":"med_phases_history_write_comp", "ph":"E", "ts":"1031477159569", "pid":"1", "tid":"cmeps"},
{"name":"med_phases_post_atm", "ph":"E", "ts":"1031477159573", "pid":"1", "tid":"cmeps"},
{"name":"med_phases_post_ice", "ph":"B", "ts":"1031477162390", "pid":"1", "tid":"cmeps"},
{"name":"med_phases_history_write_comp", "ph":"B", "ts":"1031477167190", "pid":"1", "tid":"cmeps"},
{"name":"med_phases_history_write_comp", "ph":"E", "ts":"1031477167240", "pid":"1", "tid":"cmeps"},
{"name":"med_phases_post_ice", "ph":"E", "ts":"1031477167243", "pid":"1", "tid":"cmeps"},
{"name":"med_phases_ocnalb_run", "ph":"B", "ts":"1031477167506", "pid":"1", "tid":"cmeps"},
{"name":"med_phases_history_write_med", "ph":"B", "ts":"1031477168064", "pid":"1", "tid":"cmeps"},
{"name":"med_phases_history_write_med", "ph":"E", "ts":"1031477168068", "pid":"1", "tid":"cmeps"},
{"name":"med_phases_ocnalb_run", "ph":"E", "ts":"1031477168071", "pid":"1", "tid":"cmeps"},
{"name":"med_phases_prep_ocn_accum", "ph":"B", "ts":"1031477168212", "pid":"1", "tid":"cmeps"},
{"name":"med_phases_prep_ocn_accum", "ph":"E", "ts":"1031477170591", "pid":"1", "tid":"cmeps"},
{"name":"med_phases_prep_atm", "ph":"B", "ts":"1031477170835", "pid":"1", "tid":"cmeps"},
{"name":"med_phases_prep_atm", "ph":"E", "ts":"1031477178562", "pid":"1", "tid":"cmeps"},
{"name":"med_phases_prep_ice", "ph":"B", "ts":"1031477178851", "pid":"1", "tid":"cmeps"},
{"name":"med_phases_prep_ice", "ph":"E", "ts":"1031477180042", "pid":"1", "tid":"cmeps"},
{"name":"ModelAdvance", "ph":"B", "ts":"1031477185178", "pid":"1", "tid":"fv3"},
{"name":"ModelAdvance_phase1", "ph":"B", "ts":"1031477185188", "pid":"1", "tid":"fv3"},
{"name":"fcst_run_phase_1", "ph":"B", "ts":"1031477185307", "pid":"1", "tid":"fv3"},
{"name":"fcst_run_phase_1", "ph":"E", "ts":"1031479700861", "pid":"1", "tid":"fv3"},
{"name":"ModelAdvance_phase1", "ph":"E", "ts":"1031479700899", "pid":"1", "tid":"fv3"},
{"name":"ModelAdvance_phase2", "ph":"B", "ts":"1031479700901", "pid":"1", "tid":"fv3"},
{"name":"fcst_run_phase_2", "ph":"B", "ts":"1031479700922", "pid":"1", "tid":"fv3"},
{"name":"fcst_run_phase_2", "ph":"E", "ts":"1031480010029", "pid":"1", "tid":"fv3"},
{"name":"ModelAdvance_phase2", "ph":"E", "ts":"1031480010140", "pid":"1", "tid":"fv3"},
{"name":"ModelAdvance", "ph":"E", "ts":"1031480010144", "pid":"1", "tid":"fv3"},
{"name":"med_phases_post_atm", "ph":"B", "ts":"1031480011057", "pid":"1", "tid":"cmeps"},
{"name":"med_phases_history_write_comp", "ph":"B", "ts":"1031480021197", "pid":"1", "tid":"cmeps"},
{"name":"med_phases_history_write_comp", "ph":"E", "ts":"1031480021268", "pid":"1", "tid":"cmeps"},
{"name":"med_phases_post_atm", "ph":"E", "ts":"1031480021272", "pid":"1", "tid":"cmeps"},
{"name":"med_phases_post_ice", "ph":"B", "ts":"1031480023892", "pid":"1", "tid":"cmeps"},
{"name":"med_phases_history_write_comp", "ph":"B", "ts":"1031480028485", "pid":"1", "tid":"cmeps"},
{"name":"med_phases_history_write_comp", "ph":"E", "ts":"1031480028552", "pid":"1", "tid":"cmeps"},
{"name":"med_phases_post_ice", "ph":"E", "ts":"1031480028555", "pid":"1", "tid":"cmeps"},
{"name":"med_phases_ocnalb_run", "ph":"B", "ts":"1031480028907", "pid":"1", "tid":"cmeps"},
{"name":"med_phases_history_write_med", "ph":"B", "ts":"1031480029473", "pid":"1", "tid":"cmeps"},
{"name":"med_phases_history_write_med", "ph":"E", "ts":"1031480029477", "pid":"1", "tid":"cmeps"},
{"name":"med_phases_ocnalb_run", "ph":"E", "ts":"1031480029557", "pid":"1", "tid":"cmeps"},
{"name":"med_phases_prep_ocn_accum", "ph":"B", "ts":"1031480029745", "pid":"1", "tid":"cmeps"},
{"name":"med_phases_prep_ocn_accum", "ph":"E", "ts":"1031480032082", "pid":"1", "tid":"cmeps"},
{"name":"med_phases_prep_atm", "ph":"B", "ts":"1031480032323", "pid":"1", "tid":"cmeps"},
{"name":"med_phases_prep_atm", "ph":"E", "ts":"1031480040220", "pid":"1", "tid":"cmeps"},
{"name":"med_phases_prep_ice", "ph":"B", "ts":"1031480040502", "pid":"1", "tid":"cmeps"},
{"name":"med_phases_prep_ice", "ph":"E", "ts":"1031480041770", "pid":"1", "tid":"cmeps"},
{"name":"ModelAdvance", "ph":"B", "ts":"1031480046999", "pid":"1", "tid":"fv3"},
{"name":"ModelAdvance_phase1", "ph":"B", "ts":"1031480047010", "pid":"1", "tid":"fv3"},
{"name":"fcst_run_phase_1", "ph":"B", "ts":"1031480047082", "pid":"1", "tid":"fv3"},
{"name":"fcst_run_phase_1", "ph":"E", "ts":"1031482469821", "pid":"1", "tid":"fv3"},
{"name":"ModelAdvance_phase1", "ph":"E", "ts":"1031482469855", "pid":"1", "tid":"fv3"},
{"name":"ModelAdvance_phase2", "ph":"B", "ts":"1031482469857", "pid":"1", "tid":"fv3"},
{"name":"fcst_run_phase_2", "ph":"B", "ts":"1031482469879", "pid":"1", "tid":"fv3"},
{"name":"fcst_run_phase_2", "ph":"E", "ts":"1031482774365", "pid":"1", "tid":"fv3"},
{"name":"ModelAdvance_phase2", "ph":"E", "ts":"1031482774426", "pid":"1", "tid":"fv3"},
{"name":"ModelAdvance", "ph":"E", "ts":"1031482774429", "pid":"1", "tid":"fv3"},
{"name":"med_phases_post_atm", "ph":"B", "ts":"1031482775631", "pid":"1", "tid":"cmeps"},
{"name":"med_phases_history_write_comp", "ph":"B", "ts":"1031482786580", "pid":"1", "tid":"cmeps"},
{"name":"med_phases_history_write_comp", "ph":"E", "ts":"1031482786624", "pid":"1", "tid":"cmeps"},
{"name":"med_phases_post_atm", "ph":"E", "ts":"1031482786627", "pid":"1", "tid":"cmeps"},
{"name":"med_phases_post_ice", "ph":"B", "ts":"1031482789329", "pid":"1", "tid":"cmeps"},
{"name":"med_phases_history_write_comp", "ph":"B", "ts":"1031482793821", "pid":"1", "tid":"cmeps"},
{"name":"med_phases_history_write_comp", "ph":"E", "ts":"1031482793900", "pid":"1", "tid":"cmeps"},
{"name":"med_phases_post_ice", "ph":"E", "ts":"1031482793905", "pid":"1", "tid":"cmeps"},
{"name":"med_phases_ocnalb_run", "ph":"B", "ts":"1031482794242", "pid":"1", "tid":"cmeps"},
{"name":"med_phases_history_write_med", "ph":"B", "ts":"1031482794819", "pid":"1", "tid":"cmeps"},
{"name":"med_phases_history_write_med", "ph":"E", "ts":"1031482794823", "pid":"1", "tid":"cmeps"},
{"name":"med_phases_ocnalb_run", "ph":"E", "ts":"1031482794826", "pid":"1", "tid":"cmeps"},
{"name":"med_phases_prep_ocn_accum", "ph":"B", "ts":"1031482794967", "pid":"1", "tid":"cmeps"},
{"name":"med_phases_prep_ocn_accum", "ph":"E", "ts":"1031482797193", "pid":"1", "tid":"cmeps"},
{"name":"med_phases_post_ocn", "ph":"B", "ts":"1031482798609", "pid":"1", "tid":"cmeps"},
{"name":"med_phases_history_write_comp", "ph":"B", "ts":"1031482801002", "pid":"1", "tid":"cmeps"},
{"name":"med_phases_history_write_comp", "ph":"E", "ts":"1031482801052", "pid":"1", "tid":"cmeps"},
{"name":"med_phases_post_ocn", "ph":"E", "ts":"1031482801055", "pid":"1", "tid":"cmeps"},
{"name":"med_phases_restart_write", "ph":"B", "ts":"1031482801323", "pid":"1", "tid":"cmeps"},
{"name":"med_phases_restart_write", "ph":"E", "ts":"1031482801353", "pid":"1", "tid":"cmeps"},
{"name":"med_phases_prep_ocn_avg", "ph":"B", "ts":"1031482801463", "pid":"1", "tid":"cmeps"},
{"name":"med_phases_prep_ocn_avg", "ph":"E", "ts":"1031482803304", "pid":"1", "tid":"cmeps"},
{"name":"med_phases_prep_atm", "ph":"B", "ts":"1031482805727", "pid":"1", "tid":"cmeps"},
{"name":"med_phases_prep_atm", "ph":"E", "ts":"1031482813501", "pid":"1", "tid":"cmeps"},
{"name":"med_phases_prep_ice", "ph":"B", "ts":"1031482813729", "pid":"1", "tid":"cmeps"},
{"name":"med_phases_prep_ice", "ph":"E", "ts":"1031482814381", "pid":"1", "tid":"cmeps"},
{"name":"ModelAdvance", "ph":"B", "ts":"1031482821022", "pid":"1", "tid":"fv3"},
{"name":"ModelAdvance_phase1", "ph":"B", "ts":"1031482821055", "pid":"1", "tid":"fv3"},
{"name":"fcst_run_phase_1", "ph":"B", "ts":"1031482821090", "pid":"1", "tid":"fv3"},
{"name":"fcst_run_phase_1", "ph":"E", "ts":"1031485230286", "pid":"1", "tid":"fv3"},
{"name":"ModelAdvance_phase1", "ph":"E", "ts":"1031485230386", "pid":"1", "tid":"fv3"},
{"name":"ModelAdvance_phase2", "ph":"B", "ts":"1031485230389", "pid":"1", "tid":"fv3"},
{"name":"fcst_run_phase_2", "ph":"B", "ts":"1031485230411", "pid":"1", "tid":"fv3"},
{"name":"fcst_run_phase_2", "ph":"E", "ts":"1031485555860", "pid":"1", "tid":"fv3"},
{"name":"ModelAdvance_phase2", "ph":"E", "ts":"1031485555917", "pid":"1", "tid":"fv3"},
{"name":"ModelAdvance", "ph":"E", "ts":"1031485555919", "pid":"1", "tid":"fv3"},
{"name":"med_phases_post_atm", "ph":"B", "ts":"1031485556963", "pid":"1", "tid":"cmeps"},
{"name":"med_phases_history_write_comp", "ph":"B", "ts":"1031485567225", "pid":"1", "tid":"cmeps"},
{"name":"med_phases_history_write_comp", "ph":"E", "ts":"1031485567297", "pid":"1", "tid":"cmeps"},
{"name":"med_phases_post_atm", "ph":"E", "ts":"1031485567301", "pid":"1", "tid":"cmeps"},
{"name":"med_phases_post_ice", "ph":"B", "ts":"1031485570062", "pid":"1", "tid":"cmeps"},
{"name":"med_phases_history_write_comp", "ph":"B", "ts":"1031485574890", "pid":"1", "tid":"cmeps"},
{"name":"med_phases_history_write_comp", "ph":"E", "ts":"1031485574942", "pid":"1", "tid":"cmeps"},
{"name":"med_phases_post_ice", "ph":"E", "ts":"1031485574945", "pid":"1", "tid":"cmeps"},
{"name":"med_phases_ocnalb_run", "ph":"B", "ts":"1031485575243", "pid":"1", "tid":"cmeps"},
{"name":"med_phases_history_write_med", "ph":"B", "ts":"1031485575811", "pid":"1", "tid":"cmeps"},
{"name":"med_phases_history_write_med", "ph":"E", "ts":"1031485575817", "pid":"1", "tid":"cmeps"},
{"name":"med_phases_ocnalb_run", "ph":"E", "ts":"1031485575821", "pid":"1", "tid":"cmeps"},
{"name":"med_phases_prep_ocn_accum", "ph":"B", "ts":"1031485576022", "pid":"1", "tid":"cmeps"},
{"name":"med_phases_prep_ocn_accum", "ph":"E", "ts":"1031485578402", "pid":"1", "tid":"cmeps"},
{"name":"med_phases_prep_atm", "ph":"B", "ts":"1031485578630", "pid":"1", "tid":"cmeps"},
{"name":"med_phases_prep_atm", "ph":"E", "ts":"1031485586369", "pid":"1", "tid":"cmeps"},
{"name":"med_phases_prep_ice", "ph":"B", "ts":"1031485586599", "pid":"1", "tid":"cmeps"},
{"name":"med_phases_prep_ice", "ph":"E", "ts":"1031485587740", "pid":"1", "tid":"cmeps"},
{"name":"ModelAdvance", "ph":"B", "ts":"1031485593090", "pid":"1", "tid":"fv3"},
{"name":"ModelAdvance_phase1", "ph":"B", "ts":"1031485593098", "pid":"1", "tid":"fv3"},
{"name":"fcst_run_phase_1", "ph":"B", "ts":"1031485593131", "pid":"1", "tid":"fv3"},
{"name":"fcst_run_phase_1", "ph":"E", "ts":"1031488006618", "pid":"1", "tid":"fv3"},
{"name":"ModelAdvance_phase1", "ph":"E", "ts":"1031488006655", "pid":"1", "tid":"fv3"},
{"name":"ModelAdvance_phase2", "ph":"B", "ts":"1031488006658", "pid":"1", "tid":"fv3"},
{"name":"fcst_run_phase_2", "ph":"B", "ts":"1031488006677", "pid":"1", "tid":"fv3"},
{"name":"fcst_run_phase_2", "ph":"E", "ts":"1031488315504", "pid":"1", "tid":"fv3"},
{"name":"ModelAdvance_phase2", "ph":"E", "ts":"1031488315563", "pid":"1", "tid":"fv3"},
{"name":"ModelAdvance", "ph":"E", "ts":"1031488315566", "pid":"1", "tid":"fv3"},
{"name":"med_phases_post_atm", "ph":"B", "ts":"1031488316858", "pid":"1", "tid":"cmeps"},
{"name":"med_phases_history_write_comp", "ph":"B", "ts":"1031488327220", "pid":"1", "tid":"cmeps"},
{"name":"med_phases_history_write_comp", "ph":"E", "ts":"1031488327284", "pid":"1", "tid":"cmeps"},
{"name":"med_phases_post_atm", "ph":"E", "ts":"1031488327287", "pid":"1", "tid":"cmeps"},
{"name":"med_phases_post_ice", "ph":"B", "ts":"1031488329928", "pid":"1", "tid":"cmeps"},
{"name":"med_phases_history_write_comp", "ph":"B", "ts":"1031488334612", "pid":"1", "tid":"cmeps"},
{"name":"med_phases_history_write_comp", "ph":"E", "ts":"1031488334667", "pid":"1", "tid":"cmeps"},
{"name":"med_phases_post_ice", "ph":"E", "ts":"1031488334670", "pid":"1", "tid":"cmeps"},
{"name":"med_phases_ocnalb_run", "ph":"B", "ts":"1031488334949", "pid":"1", "tid":"cmeps"},
{"name":"med_phases_history_write_med", "ph":"B", "ts":"1031488335598", "pid":"1", "tid":"cmeps"},
{"name":"med_phases_history_write_med", "ph":"E", "ts":"1031488335604", "pid":"1", "tid":"cmeps"},
{"name":"med_phases_ocnalb_run", "ph":"E", "ts":"1031488335607", "pid":"1", "tid":"cmeps"},
{"name":"med_phases_prep_ocn_accum", "ph":"B", "ts":"1031488335791", "pid":"1", "tid":"cmeps"},
{"name":"med_phases_prep_ocn_accum", "ph":"E", "ts":"1031488338091", "pid":"1", "tid":"cmeps"},
{"name":"med_phases_prep_atm", "ph":"B", "ts":"1031488338329", "pid":"1", "tid":"cmeps"},
{"name":"med_phases_prep_atm", "ph":"E", "ts":"1031488346286", "pid":"1", "tid":"cmeps"},
{"name":"med_phases_prep_ice", "ph":"B", "ts":"1031488346558", "pid":"1", "tid":"cmeps"},
{"name":"med_phases_prep_ice", "ph":"E", "ts":"1031488347765", "pid":"1", "tid":"cmeps"},
{"name":"ModelAdvance", "ph":"B", "ts":"1031488353024", "pid":"1", "tid":"fv3"},
{"name":"ModelAdvance_phase1", "ph":"B", "ts":"1031488353033", "pid":"1", "tid":"fv3"},
{"name":"fcst_run_phase_1", "ph":"B", "ts":"1031488353075", "pid":"1", "tid":"fv3"},
{"name":"fcst_run_phase_1", "ph":"E", "ts":"1031490807081", "pid":"1", "tid":"fv3"},
{"name":"ModelAdvance_phase1", "ph":"E", "ts":"1031490807182", "pid":"1", "tid":"fv3"},
{"name":"ModelAdvance_phase2", "ph":"B", "ts":"1031490807186", "pid":"1", "tid":"fv3"},
{"name":"fcst_run_phase_2", "ph":"B", "ts":"1031490807210", "pid":"1", "tid":"fv3"},
{"name":"fcst_run_phase_2", "ph":"E", "ts":"1031491140306", "pid":"1", "tid":"fv3"},
{"name":"ModelAdvance_phase2", "ph":"E", "ts":"1031491140359", "pid":"1", "tid":"fv3"},
{"name":"ModelAdvance", "ph":"E", "ts":"1031491140362", "pid":"1", "tid":"fv3"},
{"name":"med_phases_post_atm", "ph":"B", "ts":"1031491141374", "pid":"1", "tid":"cmeps"},
{"name":"med_phases_history_write_comp", "ph":"B", "ts":"1031491152080", "pid":"1", "tid":"cmeps"},
{"name":"med_phases_history_write_comp", "ph":"E", "ts":"1031491152150", "pid":"1", "tid":"cmeps"},
{"name":"med_phases_post_atm", "ph":"E", "ts":"1031491152153", "pid":"1", "tid":"cmeps"},
{"name":"med_phases_post_ice", "ph":"B", "ts":"1031491154851", "pid":"1", "tid":"cmeps"},
{"name":"med_phases_history_write_comp", "ph":"B", "ts":"1031491161009", "pid":"1", "tid":"cmeps"},
{"name":"med_phases_history_write_comp", "ph":"E", "ts":"1031491161067", "pid":"1", "tid":"cmeps"},
{"name":"med_phases_post_ice", "ph":"E", "ts":"1031491161070", "pid":"1", "tid":"cmeps"},
{"name":"med_phases_ocnalb_run", "ph":"B", "ts":"1031491161318", "pid":"1", "tid":"cmeps"},
{"name":"med_phases_history_write_med", "ph":"B", "ts":"1031491162008", "pid":"1", "tid":"cmeps"},
{"name":"med_phases_history_write_med", "ph":"E", "ts":"1031491162013", "pid":"1", "tid":"cmeps"},
{"name":"med_phases_ocnalb_run", "ph":"E", "ts":"1031491162015", "pid":"1", "tid":"cmeps"},
{"name":"med_phases_prep_ocn_accum", "ph":"B", "ts":"1031491162167", "pid":"1", "tid":"cmeps"},
{"name":"med_phases_prep_ocn_accum", "ph":"E", "ts":"1031491164524", "pid":"1", "tid":"cmeps"},
{"name":"med_phases_post_ocn", "ph":"B", "ts":"1031491165735", "pid":"1", "tid":"cmeps"},
{"name":"med_phases_history_write_comp", "ph":"B", "ts":"1031491167586", "pid":"1", "tid":"cmeps"},
{"name":"med_phases_history_write_comp", "ph":"E", "ts":"1031491167628", "pid":"1", "tid":"cmeps"},
{"name":"med_phases_post_ocn", "ph":"E", "ts":"1031491167631", "pid":"1", "tid":"cmeps"},
{"name":"med_phases_restart_write", "ph":"B", "ts":"1031491167885", "pid":"1", "tid":"cmeps"},
{"name":"med_phases_restart_write", "ph":"E", "ts":"1031491167915", "pid":"1", "tid":"cmeps"},
{"name":"med_phases_prep_ocn_avg", "ph":"B", "ts":"1031491168021", "pid":"1", "tid":"cmeps"},
{"name":"med_phases_prep_ocn_avg", "ph":"E", "ts":"1031491169681", "pid":"1", "tid":"cmeps"},
{"name":"med_phases_prep_atm", "ph":"B", "ts":"1031491172002", "pid":"1", "tid":"cmeps"},
{"name":"med_phases_prep_atm", "ph":"E", "ts":"1031491180832", "pid":"1", "tid":"cmeps"},
{"name":"med_phases_prep_ice", "ph":"B", "ts":"1031491181056", "pid":"1", "tid":"cmeps"},
{"name":"med_phases_prep_ice", "ph":"E", "ts":"1031491182279", "pid":"1", "tid":"cmeps"},
{"name":"ModelAdvance", "ph":"B", "ts":"1031491188059", "pid":"1", "tid":"fv3"},
{"name":"ModelAdvance_phase1", "ph":"B", "ts":"1031491188070", "pid":"1", "tid":"fv3"},
{"name":"fcst_run_phase_1", "ph":"B", "ts":"1031491188110", "pid":"1", "tid":"fv3"},
{"name":"fcst_run_phase_1", "ph":"E", "ts":"1031498462095", "pid":"1", "tid":"fv3"},
{"name":"ModelAdvance_phase1", "ph":"E", "ts":"1031498462190", "pid":"1", "tid":"fv3"},
{"name":"ModelAdvance_phase2", "ph":"B", "ts":"1031498462193", "pid":"1", "tid":"fv3"},
{"name":"fcst_run_phase_2", "ph":"B", "ts":"1031498462215", "pid":"1", "tid":"fv3"},
{"name":"fcst_run_phase_2", "ph":"E", "ts":"1031498947098", "pid":"1", "tid":"fv3"},
{"name":"ModelAdvance_phase2", "ph":"E", "ts":"1031498947243", "pid":"1", "tid":"fv3"},
{"name":"ModelAdvance", "ph":"E", "ts":"1031498947247", "pid":"1", "tid":"fv3"},
{"name":"med_phases_post_atm", "ph":"B", "ts":"1031498948366", "pid":"1", "tid":"cmeps"},
{"name":"med_phases_history_write_comp", "ph":"B", "ts":"1031498959508", "pid":"1", "tid":"cmeps"},
{"name":"med_phases_history_write_comp", "ph":"E", "ts":"1031498959584", "pid":"1", "tid":"cmeps"},
{"name":"med_phases_post_atm", "ph":"E", "ts":"1031498959588", "pid":"1", "tid":"cmeps"},
{"name":"med_phases_post_ice", "ph":"B", "ts":"1031498962355", "pid":"1", "tid":"cmeps"},
{"name":"med_phases_history_write_comp", "ph":"B", "ts":"1031498968133", "pid":"1", "tid":"cmeps"},
{"name":"med_phases_history_write_comp", "ph":"E", "ts":"1031498968194", "pid":"1", "tid":"cmeps"},
{"name":"med_phases_post_ice", "ph":"E", "ts":"1031498968197", "pid":"1", "tid":"cmeps"},
{"name":"med_phases_ocnalb_run", "ph":"B", "ts":"1031498968433", "pid":"1", "tid":"cmeps"},
{"name":"med_phases_history_write_med", "ph":"B", "ts":"1031498969050", "pid":"1", "tid":"cmeps"},
{"name":"med_phases_history_write_med", "ph":"E", "ts":"1031498969055", "pid":"1", "tid":"cmeps"},
{"name":"med_phases_ocnalb_run", "ph":"E", "ts":"1031498969058", "pid":"1", "tid":"cmeps"},
{"name":"med_phases_prep_ocn_accum", "ph":"B", "ts":"1031498969198", "pid":"1", "tid":"cmeps"},
{"name":"med_phases_prep_ocn_accum", "ph":"E", "ts":"1031498971483", "pid":"1", "tid":"cmeps"},
{"name":"med_phases_prep_atm", "ph":"B", "ts":"1031498971734", "pid":"1", "tid":"cmeps"},
{"name":"med_phases_prep_atm", "ph":"E", "ts":"1031498979594", "pid":"1", "tid":"cmeps"},
{"name":"med_phases_prep_ice", "ph":"B", "ts":"1031498979807", "pid":"1", "tid":"cmeps"},
{"name":"med_phases_prep_ice", "ph":"E", "ts":"1031498980764", "pid":"1", "tid":"cmeps"},
{"name":"ModelAdvance", "ph":"B", "ts":"1031498986431", "pid":"1", "tid":"fv3"},
{"name":"ModelAdvance_phase1", "ph":"B", "ts":"1031498986438", "pid":"1", "tid":"fv3"},
{"name":"fcst_run_phase_1", "ph":"B", "ts":"1031498986469", "pid":"1", "tid":"fv3"},
{"name":"fcst_run_phase_1", "ph":"E", "ts":"1031501396654", "pid":"1", "tid":"fv3"},
{"name":"ModelAdvance_phase1", "ph":"E", "ts":"1031501396774", "pid":"1", "tid":"fv3"},
{"name":"ModelAdvance_phase2", "ph":"B", "ts":"1031501396778", "pid":"1", "tid":"fv3"},
{"name":"fcst_run_phase_2", "ph":"B", "ts":"1031501396802", "pid":"1", "tid":"fv3"},
{"name":"fcst_run_phase_2", "ph":"E", "ts":"1031501712024", "pid":"1", "tid":"fv3"},
{"name":"ModelAdvance_phase2", "ph":"E", "ts":"1031501712158", "pid":"1", "tid":"fv3"},
{"name":"ModelAdvance", "ph":"E", "ts":"1031501712160", "pid":"1", "tid":"fv3"},
{"name":"med_phases_post_atm", "ph":"B", "ts":"1031501713337", "pid":"1", "tid":"cmeps"},
{"name":"med_phases_history_write_comp", "ph":"B", "ts":"1031501724349", "pid":"1", "tid":"cmeps"},
{"name":"med_phases_history_write_comp", "ph":"E", "ts":"1031501724443", "pid":"1", "tid":"cmeps"},
{"name":"med_phases_post_atm", "ph":"E", "ts":"1031501724447", "pid":"1", "tid":"cmeps"},
{"name":"med_phases_post_ice", "ph":"B", "ts":"1031501727207", "pid":"1", "tid":"cmeps"},
{"name":"med_phases_history_write_comp", "ph":"B", "ts":"1031501733059", "pid":"1", "tid":"cmeps"},
{"name":"med_phases_history_write_comp", "ph":"E", "ts":"1031501733227", "pid":"1", "tid":"cmeps"},
{"name":"med_phases_post_ice", "ph":"E", "ts":"1031501733235", "pid":"1", "tid":"cmeps"},
{"name":"med_phases_ocnalb_run", "ph":"B", "ts":"1031501733509", "pid":"1", "tid":"cmeps"},
{"name":"med_phases_history_write_med", "ph":"B", "ts":"1031501734067", "pid":"1", "tid":"cmeps"},
{"name":"med_phases_history_write_med", "ph":"E", "ts":"1031501734073", "pid":"1", "tid":"cmeps"},
{"name":"med_phases_ocnalb_run", "ph":"E", "ts":"1031501734076", "pid":"1", "tid":"cmeps"},
{"name":"med_phases_prep_ocn_accum", "ph":"B", "ts":"1031501734221", "pid":"1", "tid":"cmeps"},
{"name":"med_phases_prep_ocn_accum", "ph":"E", "ts":"1031501736564", "pid":"1", "tid":"cmeps"},
{"name":"med_phases_prep_atm", "ph":"B", "ts":"1031501736809", "pid":"1", "tid":"cmeps"},
{"name":"med_phases_prep_atm", "ph":"E", "ts":"1031501744790", "pid":"1", "tid":"cmeps"},
{"name":"med_phases_prep_ice", "ph":"B", "ts":"1031501745046", "pid":"1", "tid":"cmeps"},
{"name":"med_phases_prep_ice", "ph":"E", "ts":"1031501746134", "pid":"1", "tid":"cmeps"},
{"name":"ModelAdvance", "ph":"B", "ts":"1031501752890", "pid":"1", "tid":"fv3"},
{"name":"ModelAdvance_phase1", "ph":"B", "ts":"1031501752899", "pid":"1", "tid":"fv3"},
{"name":"fcst_run_phase_1", "ph":"B", "ts":"1031501752942", "pid":"1", "tid":"fv3"},
{"name":"fcst_run_phase_1", "ph":"E", "ts":"1031504170222", "pid":"1", "tid":"fv3"},
{"name":"ModelAdvance_phase1", "ph":"E", "ts":"1031504170268", "pid":"1", "tid":"fv3"},
{"name":"ModelAdvance_phase2", "ph":"B", "ts":"1031504170271", "pid":"1", "tid":"fv3"},
{"name":"fcst_run_phase_2", "ph":"B", "ts":"1031504170295", "pid":"1", "tid":"fv3"},
{"name":"fcst_run_phase_2", "ph":"E", "ts":"1031504482694", "pid":"1", "tid":"fv3"},
{"name":"ModelAdvance_phase2", "ph":"E", "ts":"1031504482800", "pid":"1", "tid":"fv3"},
{"name":"ModelAdvance", "ph":"E", "ts":"1031504482803", "pid":"1", "tid":"fv3"},
{"name":"med_phases_post_atm", "ph":"B", "ts":"1031504503666", "pid":"1", "tid":"cmeps"},
{"name":"med_phases_history_write_comp", "ph":"B", "ts":"1031504513611", "pid":"1", "tid":"cmeps"},
{"name":"med_phases_history_write_comp", "ph":"E", "ts":"1031504513660", "pid":"1", "tid":"cmeps"},
{"name":"med_phases_post_atm", "ph":"E", "ts":"1031504513663", "pid":"1", "tid":"cmeps"},
{"name":"med_phases_post_ice", "ph":"B", "ts":"1031504516285", "pid":"1", "tid":"cmeps"},
{"name":"med_phases_history_write_comp", "ph":"B", "ts":"1031504522094", "pid":"1", "tid":"cmeps"},
{"name":"med_phases_history_write_comp", "ph":"E", "ts":"1031504522170", "pid":"1", "tid":"cmeps"},
{"name":"med_phases_post_ice", "ph":"E", "ts":"1031504522173", "pid":"1", "tid":"cmeps"},
{"name":"med_phases_ocnalb_run", "ph":"B", "ts":"1031504522469", "pid":"1", "tid":"cmeps"},
{"name":"med_phases_history_write_med", "ph":"B", "ts":"1031504523104", "pid":"1", "tid":"cmeps"},
{"name":"med_phases_history_write_med", "ph":"E", "ts":"1031504523109", "pid":"1", "tid":"cmeps"},
{"name":"med_phases_ocnalb_run", "ph":"E", "ts":"1031504523111", "pid":"1", "tid":"cmeps"},
{"name":"med_phases_prep_ocn_accum", "ph":"B", "ts":"1031504523256", "pid":"1", "tid":"cmeps"},
{"name":"med_phases_prep_ocn_accum", "ph":"E", "ts":"1031504525443", "pid":"1", "tid":"cmeps"},
{"name":"med_phases_post_ocn", "ph":"B", "ts":"1031504526604", "pid":"1", "tid":"cmeps"},
{"name":"med_phases_history_write_comp", "ph":"B", "ts":"1031504528310", "pid":"1", "tid":"cmeps"},
{"name":"med_phases_history_write_comp", "ph":"E", "ts":"1031504528345", "pid":"1", "tid":"cmeps"},
{"name":"med_phases_post_ocn", "ph":"E", "ts":"1031504528347", "pid":"1", "tid":"cmeps"},
{"name":"med_phases_restart_write", "ph":"B", "ts":"1031504528574", "pid":"1", "tid":"cmeps"},
{"name":"med_phases_restart_write", "ph":"E", "ts":"1031504528607", "pid":"1", "tid":"cmeps"},
{"name":"med_phases_prep_ocn_avg", "ph":"B", "ts":"1031504528717", "pid":"1", "tid":"cmeps"},
{"name":"med_phases_prep_ocn_avg", "ph":"E", "ts":"1031504530408", "pid":"1", "tid":"cmeps"},
{"name":"med_phases_prep_atm", "ph":"B", "ts":"1031504532329", "pid":"1", "tid":"cmeps"},
{"name":"med_phases_prep_atm", "ph":"E", "ts":"1031504542906", "pid":"1", "tid":"cmeps"},
{"name":"med_phases_prep_ice", "ph":"B", "ts":"1031504543199", "pid":"1", "tid":"cmeps"},
{"name":"med_phases_prep_ice", "ph":"E", "ts":"1031504544374", "pid":"1", "tid":"cmeps"},
{"name":"ModelAdvance", "ph":"B", "ts":"1031504549330", "pid":"1", "tid":"fv3"},
{"name":"ModelAdvance_phase1", "ph":"B", "ts":"1031504549340", "pid":"1", "tid":"fv3"},
{"name":"fcst_run_phase_1", "ph":"B", "ts":"1031504549400", "pid":"1", "tid":"fv3"},
{"name":"fcst_run_phase_1", "ph":"E", "ts":"1031506945173", "pid":"1", "tid":"fv3"},
{"name":"ModelAdvance_phase1", "ph":"E", "ts":"1031506945357", "pid":"1", "tid":"fv3"},
{"name":"ModelAdvance_phase2", "ph":"B", "ts":"1031506945361", "pid":"1", "tid":"fv3"},
{"name":"fcst_run_phase_2", "ph":"B", "ts":"1031506945385", "pid":"1", "tid":"fv3"},
{"name":"fcst_run_phase_2", "ph":"E", "ts":"1031507271037", "pid":"1", "tid":"fv3"},
{"name":"ModelAdvance_phase2", "ph":"E", "ts":"1031507271094", "pid":"1", "tid":"fv3"},
{"name":"ModelAdvance", "ph":"E", "ts":"1031507271097", "pid":"1", "tid":"fv3"},
{"name":"med_phases_post_atm", "ph":"B", "ts":"1031507273331", "pid":"1", "tid":"cmeps"},
{"name":"med_phases_history_write_comp", "ph":"B", "ts":"1031507283868", "pid":"1", "tid":"cmeps"},
{"name":"med_phases_history_write_comp", "ph":"E", "ts":"1031507283929", "pid":"1", "tid":"cmeps"},
{"name":"med_phases_post_atm", "ph":"E", "ts":"1031507283932", "pid":"1", "tid":"cmeps"},
{"name":"med_phases_post_ice", "ph":"B", "ts":"1031507286633", "pid":"1", "tid":"cmeps"},
{"name":"med_phases_history_write_comp", "ph":"B", "ts":"1031507292415", "pid":"1", "tid":"cmeps"},
{"name":"med_phases_history_write_comp", "ph":"E", "ts":"1031507292482", "pid":"1", "tid":"cmeps"},
{"name":"med_phases_post_ice", "ph":"E", "ts":"1031507292485", "pid":"1", "tid":"cmeps"},
{"name":"med_phases_ocnalb_run", "ph":"B", "ts":"1031507292808", "pid":"1", "tid":"cmeps"},
{"name":"med_phases_history_write_med", "ph":"B", "ts":"1031507293385", "pid":"1", "tid":"cmeps"},
{"name":"med_phases_history_write_med", "ph":"E", "ts":"1031507293390", "pid":"1", "tid":"cmeps"},
{"name":"med_phases_ocnalb_run", "ph":"E", "ts":"1031507293392", "pid":"1", "tid":"cmeps"},
{"name":"med_phases_prep_ocn_accum", "ph":"B", "ts":"1031507293531", "pid":"1", "tid":"cmeps"},
{"name":"med_phases_prep_ocn_accum", "ph":"E", "ts":"1031507295981", "pid":"1", "tid":"cmeps"},
{"name":"med_phases_prep_atm", "ph":"B", "ts":"1031507296231", "pid":"1", "tid":"cmeps"},
{"name":"med_phases_prep_atm", "ph":"E", "ts":"1031507304231", "pid":"1", "tid":"cmeps"},
{"name":"med_phases_prep_ice", "ph":"B", "ts":"1031507304500", "pid":"1", "tid":"cmeps"},
{"name":"med_phases_prep_ice", "ph":"E", "ts":"1031507305704", "pid":"1", "tid":"cmeps"},
{"name":"ModelAdvance", "ph":"B", "ts":"1031507310857", "pid":"1", "tid":"fv3"},
{"name":"ModelAdvance_phase1", "ph":"B", "ts":"1031507310866", "pid":"1", "tid":"fv3"},
{"name":"fcst_run_phase_1", "ph":"B", "ts":"1031507310954", "pid":"1", "tid":"fv3"},
{"name":"fcst_run_phase_1", "ph":"E", "ts":"1031509744220", "pid":"1", "tid":"fv3"},
{"name":"ModelAdvance_phase1", "ph":"E", "ts":"1031509744272", "pid":"1", "tid":"fv3"},
{"name":"ModelAdvance_phase2", "ph":"B", "ts":"1031509744274", "pid":"1", "tid":"fv3"},
{"name":"fcst_run_phase_2", "ph":"B", "ts":"1031509744306", "pid":"1", "tid":"fv3"},
{"name":"fcst_run_phase_2", "ph":"E", "ts":"1031510068365", "pid":"1", "tid":"fv3"},
{"name":"ModelAdvance_phase2", "ph":"E", "ts":"1031510068423", "pid":"1", "tid":"fv3"},
{"name":"ModelAdvance", "ph":"E", "ts":"1031510068426", "pid":"1", "tid":"fv3"},
{"name":"med_phases_post_atm", "ph":"B", "ts":"1031510069501", "pid":"1", "tid":"cmeps"},
{"name":"med_phases_history_write_comp", "ph":"B", "ts":"1031510079998", "pid":"1", "tid":"cmeps"},
{"name":"med_phases_history_write_comp", "ph":"E", "ts":"1031510080071", "pid":"1", "tid":"cmeps"},
{"name":"med_phases_post_atm", "ph":"E", "ts":"1031510080075", "pid":"1", "tid":"cmeps"},
{"name":"med_phases_post_ice", "ph":"B", "ts":"1031510082900", "pid":"1", "tid":"cmeps"},
{"name":"med_phases_history_write_comp", "ph":"B", "ts":"1031510088196", "pid":"1", "tid":"cmeps"},
{"name":"med_phases_history_write_comp", "ph":"E", "ts":"1031510088262", "pid":"1", "tid":"cmeps"},
{"name":"med_phases_post_ice", "ph":"E", "ts":"1031510088264", "pid":"1", "tid":"cmeps"},
{"name":"med_phases_ocnalb_run", "ph":"B", "ts":"1031510088635", "pid":"1", "tid":"cmeps"},
{"name":"med_phases_history_write_med", "ph":"B", "ts":"1031510089286", "pid":"1", "tid":"cmeps"},
{"name":"med_phases_history_write_med", "ph":"E", "ts":"1031510089293", "pid":"1", "tid":"cmeps"},
{"name":"med_phases_ocnalb_run", "ph":"E", "ts":"1031510089295", "pid":"1", "tid":"cmeps"},
{"name":"med_phases_prep_ocn_accum", "ph":"B", "ts":"1031510089442", "pid":"1", "tid":"cmeps"},
{"name":"med_phases_prep_ocn_accum", "ph":"E", "ts":"1031510091700", "pid":"1", "tid":"cmeps"},
{"name":"med_phases_prep_atm", "ph":"B", "ts":"1031510091941", "pid":"1", "tid":"cmeps"},
{"name":"med_phases_prep_atm", "ph":"E", "ts":"1031510099859", "pid":"1", "tid":"cmeps"},
{"name":"med_phases_prep_ice", "ph":"B", "ts":"1031510100074", "pid":"1", "tid":"cmeps"},
{"name":"med_phases_prep_ice", "ph":"E", "ts":"1031510101224", "pid":"1", "tid":"cmeps"},
{"name":"ModelAdvance", "ph":"B", "ts":"1031510108483", "pid":"1", "tid":"fv3"},
{"name":"ModelAdvance_phase1", "ph":"B", "ts":"1031510108496", "pid":"1", "tid":"fv3"},
{"name":"fcst_run_phase_1", "ph":"B", "ts":"1031510108538", "pid":"1", "tid":"fv3"},
{"name":"fcst_run_phase_1", "ph":"E", "ts":"1031512504909", "pid":"1", "tid":"fv3"},
{"name":"ModelAdvance_phase1", "ph":"E", "ts":"1031512505009", "pid":"1", "tid":"fv3"},
{"name":"ModelAdvance_phase2", "ph":"B", "ts":"1031512505013", "pid":"1", "tid":"fv3"},
{"name":"fcst_run_phase_2", "ph":"B", "ts":"1031512505036", "pid":"1", "tid":"fv3"},
{"name":"fcst_run_phase_2", "ph":"E", "ts":"1031513079036", "pid":"1", "tid":"fv3"},
{"name":"ModelAdvance_phase2", "ph":"E", "ts":"1031513190635", "pid":"1", "tid":"fv3"},
{"name":"ModelAdvance", "ph":"E", "ts":"1031513190657", "pid":"1", "tid":"fv3"},
{"name":"med_phases_post_atm", "ph":"B", "ts":"1031513191608", "pid":"1", "tid":"cmeps"},
{"name":"med_phases_history_write_comp", "ph":"B", "ts":"1031513234371", "pid":"1", "tid":"cmeps"},
{"name":"med_phases_history_write_comp", "ph":"E", "ts":"1031513234426", "pid":"1", "tid":"cmeps"},
{"name":"med_phases_post_atm", "ph":"E", "ts":"1031513234429", "pid":"1", "tid":"cmeps"},
{"name":"med_phases_post_ice", "ph":"B", "ts":"1031513840280", "pid":"1", "tid":"cmeps"},
{"name":"med_phases_history_write_comp", "ph":"B", "ts":"1031513853018", "pid":"1", "tid":"cmeps"},
{"name":"med_phases_history_write_comp", "ph":"E", "ts":"1031513853089", "pid":"1", "tid":"cmeps"},
{"name":"med_phases_post_ice", "ph":"E", "ts":"1031513853093", "pid":"1", "tid":"cmeps"},
{"name":"med_phases_ocnalb_run", "ph":"B", "ts":"1031513853349", "pid":"1", "tid":"cmeps"},
{"name":"med_phases_history_write_med", "ph":"B", "ts":"1031513854081", "pid":"1", "tid":"cmeps"},
{"name":"med_phases_history_write_med", "ph":"E", "ts":"1031513854086", "pid":"1", "tid":"cmeps"},
{"name":"med_phases_ocnalb_run", "ph":"E", "ts":"1031513854089", "pid":"1", "tid":"cmeps"},
{"name":"med_phases_prep_ocn_accum", "ph":"B", "ts":"1031513854252", "pid":"1", "tid":"cmeps"},
{"name":"med_phases_prep_ocn_accum", "ph":"E", "ts":"1031513856514", "pid":"1", "tid":"cmeps"},
{"name":"med_phases_post_ocn", "ph":"B", "ts":"1031529042446", "pid":"1", "tid":"cmeps"},
{"name":"med_phases_history_write_comp", "ph":"B", "ts":"1031529043823", "pid":"1", "tid":"cmeps"},
{"name":"med_phases_history_write_comp", "ph":"E", "ts":"1031529043845", "pid":"1", "tid":"cmeps"},
{"name":"med_phases_post_ocn", "ph":"E", "ts":"1031529043848", "pid":"1", "tid":"cmeps"},
{"name":"med_phases_restart_write", "ph":"B", "ts":"1031529044021", "pid":"1", "tid":"cmeps"},
{"name":"med_phases_restart_write", "ph":"E", "ts":"1031530893460", "pid":"1", "tid":"cmeps"},
{"name":"med_phases_prep_ocn_avg", "ph":"B", "ts":"1031530893777", "pid":"1", "tid":"cmeps"},
{"name":"med_phases_prep_ocn_avg", "ph":"E", "ts":"1031530896022", "pid":"1", "tid":"cmeps"},
{"name":"med_phases_prep_atm", "ph":"B", "ts":"1031530898211", "pid":"1", "tid":"cmeps"},
{"name":"med_phases_prep_atm", "ph":"E", "ts":"1031530903996", "pid":"1", "tid":"cmeps"},
{"name":"med_phases_prep_ice", "ph":"B", "ts":"1031530904207", "pid":"1", "tid":"cmeps"},
{"name":"med_phases_prep_ice", "ph":"E", "ts":"1031530905167", "pid":"1", "tid":"cmeps"},
{"name":"ModelAdvance", "ph":"B", "ts":"1031530911921", "pid":"1", "tid":"fv3"},
{"name":"ModelAdvance_phase1", "ph":"B", "ts":"1031530911930", "pid":"1", "tid":"fv3"},
{"name":"fcst_run_phase_1", "ph":"B", "ts":"1031530911992", "pid":"1", "tid":"fv3"},
{"name":"fcst_run_phase_1", "ph":"E", "ts":"1031538216943", "pid":"1", "tid":"fv3"},
{"name":"ModelAdvance_phase1", "ph":"E", "ts":"1031538217121", "pid":"1", "tid":"fv3"},
{"name":"ModelAdvance_phase2", "ph":"B", "ts":"1031538217125", "pid":"1", "tid":"fv3"},
{"name":"fcst_run_phase_2", "ph":"B", "ts":"1031538217149", "pid":"1", "tid":"fv3"},
{"name":"fcst_run_phase_2", "ph":"E", "ts":"1031538728911", "pid":"1", "tid":"fv3"},
{"name":"ModelAdvance_phase2", "ph":"E", "ts":"1031538728975", "pid":"1", "tid":"fv3"},
{"name":"ModelAdvance", "ph":"E", "ts":"1031538728978", "pid":"1", "tid":"fv3"},
{"name":"med_phases_post_atm", "ph":"B", "ts":"1031538730773", "pid":"1", "tid":"cmeps"},
{"name":"med_phases_history_write_comp", "ph":"B", "ts":"1031538741183", "pid":"1", "tid":"cmeps"},
{"name":"med_phases_history_write_comp", "ph":"E", "ts":"1031538741233", "pid":"1", "tid":"cmeps"},
{"name":"med_phases_post_atm", "ph":"E", "ts":"1031538741236", "pid":"1", "tid":"cmeps"},
{"name":"med_phases_post_ice", "ph":"B", "ts":"1031538744674", "pid":"1", "tid":"cmeps"},
{"name":"med_phases_history_write_comp", "ph":"B", "ts":"1031538750554", "pid":"1", "tid":"cmeps"},
{"name":"med_phases_history_write_comp", "ph":"E", "ts":"1031538750589", "pid":"1", "tid":"cmeps"},
{"name":"med_phases_post_ice", "ph":"E", "ts":"1031538750592", "pid":"1", "tid":"cmeps"},
{"name":"med_phases_ocnalb_run", "ph":"B", "ts":"1031538750812", "pid":"1", "tid":"cmeps"},
{"name":"med_phases_history_write_med", "ph":"B", "ts":"1031538751357", "pid":"1", "tid":"cmeps"},
{"name":"med_phases_history_write_med", "ph":"E", "ts":"1031538751361", "pid":"1", "tid":"cmeps"},
{"name":"med_phases_ocnalb_run", "ph":"E", "ts":"1031538751363", "pid":"1", "tid":"cmeps"},
{"name":"med_phases_prep_ocn_accum", "ph":"B", "ts":"1031538751518", "pid":"1", "tid":"cmeps"},
{"name":"med_phases_prep_ocn_accum", "ph":"E", "ts":"1031538754037", "pid":"1", "tid":"cmeps"},
{"name":"med_phases_prep_atm", "ph":"B", "ts":"1031538754246", "pid":"1", "tid":"cmeps"},
{"name":"med_phases_prep_atm", "ph":"E", "ts":"1031538761652", "pid":"1", "tid":"cmeps"},
{"name":"med_phases_prep_ice", "ph":"B", "ts":"1031538761959", "pid":"1", "tid":"cmeps"},
{"name":"med_phases_prep_ice", "ph":"E", "ts":"1031538763119", "pid":"1", "tid":"cmeps"},
{"name":"ModelAdvance", "ph":"B", "ts":"1031538768540", "pid":"1", "tid":"fv3"},
{"name":"ModelAdvance_phase1", "ph":"B", "ts":"1031538768552", "pid":"1", "tid":"fv3"},
{"name":"fcst_run_phase_1", "ph":"B", "ts":"1031538768619", "pid":"1", "tid":"fv3"},
{"name":"fcst_run_phase_1", "ph":"E", "ts":"1031541312984", "pid":"1", "tid":"fv3"},
{"name":"ModelAdvance_phase1", "ph":"E", "ts":"1031541313025", "pid":"1", "tid":"fv3"},
{"name":"ModelAdvance_phase2", "ph":"B", "ts":"1031541313027", "pid":"1", "tid":"fv3"},
{"name":"fcst_run_phase_2", "ph":"B", "ts":"1031541313051", "pid":"1", "tid":"fv3"},
{"name":"fcst_run_phase_2", "ph":"E", "ts":"1031541628786", "pid":"1", "tid":"fv3"},
{"name":"ModelAdvance_phase2", "ph":"E", "ts":"1031541628912", "pid":"1", "tid":"fv3"},
{"name":"ModelAdvance", "ph":"E", "ts":"1031541628917", "pid":"1", "tid":"fv3"},
{"name":"med_phases_post_atm", "ph":"B", "ts":"1031541629962", "pid":"1", "tid":"cmeps"},
{"name":"med_phases_history_write_comp", "ph":"B", "ts":"1031541641010", "pid":"1", "tid":"cmeps"},
{"name":"med_phases_history_write_comp", "ph":"E", "ts":"1031541641168", "pid":"1", "tid":"cmeps"},
{"name":"med_phases_post_atm", "ph":"E", "ts":"1031541641172", "pid":"1", "tid":"cmeps"},
{"name":"med_phases_post_ice", "ph":"B", "ts":"1031541643950", "pid":"1", "tid":"cmeps"},
{"name":"med_phases_history_write_comp", "ph":"B", "ts":"1031541648148", "pid":"1", "tid":"cmeps"},
{"name":"med_phases_history_write_comp", "ph":"E", "ts":"1031541648220", "pid":"1", "tid":"cmeps"},
{"name":"med_phases_post_ice", "ph":"E", "ts":"1031541648223", "pid":"1", "tid":"cmeps"},
{"name":"med_phases_ocnalb_run", "ph":"B", "ts":"1031541648584", "pid":"1", "tid":"cmeps"},
{"name":"med_phases_history_write_med", "ph":"B", "ts":"1031541649156", "pid":"1", "tid":"cmeps"},
{"name":"med_phases_history_write_med", "ph":"E", "ts":"1031541649161", "pid":"1", "tid":"cmeps"},
{"name":"med_phases_ocnalb_run", "ph":"E", "ts":"1031541649164", "pid":"1", "tid":"cmeps"},
{"name":"med_phases_prep_ocn_accum", "ph":"B", "ts":"1031541649305", "pid":"1", "tid":"cmeps"},
{"name":"med_phases_prep_ocn_accum", "ph":"E", "ts":"1031541651631", "pid":"1", "tid":"cmeps"},
{"name":"med_phases_prep_atm", "ph":"B", "ts":"1031541651875", "pid":"1", "tid":"cmeps"},
{"name":"med_phases_prep_atm", "ph":"E", "ts":"1031541659896", "pid":"1", "tid":"cmeps"},
{"name":"med_phases_prep_ice", "ph":"B", "ts":"1031541660099", "pid":"1", "tid":"cmeps"},
{"name":"med_phases_prep_ice", "ph":"E", "ts":"1031541661094", "pid":"1", "tid":"cmeps"},
{"name":"ModelAdvance", "ph":"B", "ts":"1031541666897", "pid":"1", "tid":"fv3"},
{"name":"ModelAdvance_phase1", "ph":"B", "ts":"1031541666905", "pid":"1", "tid":"fv3"},
{"name":"fcst_run_phase_1", "ph":"B", "ts":"1031541666938", "pid":"1", "tid":"fv3"},
{"name":"fcst_run_phase_1", "ph":"E", "ts":"1031544087905", "pid":"1", "tid":"fv3"},
{"name":"ModelAdvance_phase1", "ph":"E", "ts":"1031544087945", "pid":"1", "tid":"fv3"},
{"name":"ModelAdvance_phase2", "ph":"B", "ts":"1031544087948", "pid":"1", "tid":"fv3"},
{"name":"fcst_run_phase_2", "ph":"B", "ts":"1031544087970", "pid":"1", "tid":"fv3"},
{"name":"fcst_run_phase_2", "ph":"E", "ts":"1031544392258", "pid":"1", "tid":"fv3"},
{"name":"ModelAdvance_phase2", "ph":"E", "ts":"1031544392318", "pid":"1", "tid":"fv3"},
{"name":"ModelAdvance", "ph":"E", "ts":"1031544392321", "pid":"1", "tid":"fv3"},
{"name":"med_phases_post_atm", "ph":"B", "ts":"1031544393487", "pid":"1", "tid":"cmeps"},
{"name":"med_phases_history_write_comp", "ph":"B", "ts":"1031544403529", "pid":"1", "tid":"cmeps"},
{"name":"med_phases_history_write_comp", "ph":"E", "ts":"1031544403590", "pid":"1", "tid":"cmeps"},
{"name":"med_phases_post_atm", "ph":"E", "ts":"1031544403593", "pid":"1", "tid":"cmeps"},
{"name":"med_phases_post_ice", "ph":"B", "ts":"1031544406478", "pid":"1", "tid":"cmeps"},
{"name":"med_phases_history_write_comp", "ph":"B", "ts":"1031544410852", "pid":"1", "tid":"cmeps"},
{"name":"med_phases_history_write_comp", "ph":"E", "ts":"1031544410904", "pid":"1", "tid":"cmeps"},
{"name":"med_phases_post_ice", "ph":"E", "ts":"1031544410906", "pid":"1", "tid":"cmeps"},
{"name":"med_phases_ocnalb_run", "ph":"B", "ts":"1031544411188", "pid":"1", "tid":"cmeps"},
{"name":"med_phases_history_write_med", "ph":"B", "ts":"1031544411748", "pid":"1", "tid":"cmeps"},
{"name":"med_phases_history_write_med", "ph":"E", "ts":"1031544411752", "pid":"1", "tid":"cmeps"},
{"name":"med_phases_ocnalb_run", "ph":"E", "ts":"1031544411755", "pid":"1", "tid":"cmeps"},
{"name":"med_phases_prep_ocn_accum", "ph":"B", "ts":"1031544411927", "pid":"1", "tid":"cmeps"},
{"name":"med_phases_prep_ocn_accum", "ph":"E", "ts":"1031544414253", "pid":"1", "tid":"cmeps"},
{"name":"med_phases_post_ocn", "ph":"B", "ts":"1031544415672", "pid":"1", "tid":"cmeps"},
{"name":"med_phases_history_write_comp", "ph":"B", "ts":"1031544417593", "pid":"1", "tid":"cmeps"},
{"name":"med_phases_history_write_comp", "ph":"E", "ts":"1031544417644", "pid":"1", "tid":"cmeps"},
{"name":"med_phases_post_ocn", "ph":"E", "ts":"1031544417647", "pid":"1", "tid":"cmeps"},
{"name":"med_phases_restart_write", "ph":"B", "ts":"1031544418105", "pid":"1", "tid":"cmeps"},
{"name":"med_phases_restart_write", "ph":"E", "ts":"1031544418142", "pid":"1", "tid":"cmeps"},
{"name":"med_phases_prep_ocn_avg", "ph":"B", "ts":"1031544418248", "pid":"1", "tid":"cmeps"},
{"name":"med_phases_prep_ocn_avg", "ph":"E", "ts":"1031544420001", "pid":"1", "tid":"cmeps"},
{"name":"med_phases_prep_atm", "ph":"B", "ts":"1031544422693", "pid":"1", "tid":"cmeps"},
{"name":"med_phases_prep_atm", "ph":"E", "ts":"1031544430837", "pid":"1", "tid":"cmeps"},
{"name":"med_phases_prep_ice", "ph":"B", "ts":"1031544431088", "pid":"1", "tid":"cmeps"},
{"name":"med_phases_prep_ice", "ph":"E", "ts":"1031544432042", "pid":"1", "tid":"cmeps"},
{"name":"ModelAdvance", "ph":"B", "ts":"1031544438125", "pid":"1", "tid":"fv3"},
{"name":"ModelAdvance_phase1", "ph":"B", "ts":"1031544438136", "pid":"1", "tid":"fv3"},
{"name":"fcst_run_phase_1", "ph":"B", "ts":"1031544438172", "pid":"1", "tid":"fv3"},
{"name":"fcst_run_phase_1", "ph":"E", "ts":"1031546840096", "pid":"1", "tid":"fv3"},
{"name":"ModelAdvance_phase1", "ph":"E", "ts":"1031546840192", "pid":"1", "tid":"fv3"},
{"name":"ModelAdvance_phase2", "ph":"B", "ts":"1031546840196", "pid":"1", "tid":"fv3"},
{"name":"fcst_run_phase_2", "ph":"B", "ts":"1031546840218", "pid":"1", "tid":"fv3"},
{"name":"fcst_run_phase_2", "ph":"E", "ts":"1031547147878", "pid":"1", "tid":"fv3"},
{"name":"ModelAdvance_phase2", "ph":"E", "ts":"1031547147931", "pid":"1", "tid":"fv3"},
{"name":"ModelAdvance", "ph":"E", "ts":"1031547147934", "pid":"1", "tid":"fv3"},
{"name":"med_phases_post_atm", "ph":"B", "ts":"1031547148965", "pid":"1", "tid":"cmeps"},
{"name":"med_phases_history_write_comp", "ph":"B", "ts":"1031547159100", "pid":"1", "tid":"cmeps"},
{"name":"med_phases_history_write_comp", "ph":"E", "ts":"1031547159169", "pid":"1", "tid":"cmeps"},
{"name":"med_phases_post_atm", "ph":"E", "ts":"1031547159173", "pid":"1", "tid":"cmeps"},
{"name":"med_phases_post_ice", "ph":"B", "ts":"1031547161856", "pid":"1", "tid":"cmeps"},
{"name":"med_phases_history_write_comp", "ph":"B", "ts":"1031547166521", "pid":"1", "tid":"cmeps"},
{"name":"med_phases_history_write_comp", "ph":"E", "ts":"1031547166580", "pid":"1", "tid":"cmeps"},
{"name":"med_phases_post_ice", "ph":"E", "ts":"1031547166583", "pid":"1", "tid":"cmeps"},
{"name":"med_phases_ocnalb_run", "ph":"B", "ts":"1031547166844", "pid":"1", "tid":"cmeps"},
{"name":"med_phases_history_write_med", "ph":"B", "ts":"1031547167537", "pid":"1", "tid":"cmeps"},
{"name":"med_phases_history_write_med", "ph":"E", "ts":"1031547167543", "pid":"1", "tid":"cmeps"},
{"name":"med_phases_ocnalb_run", "ph":"E", "ts":"1031547167546", "pid":"1", "tid":"cmeps"},
{"name":"med_phases_prep_ocn_accum", "ph":"B", "ts":"1031547167700", "pid":"1", "tid":"cmeps"},
{"name":"med_phases_prep_ocn_accum", "ph":"E", "ts":"1031547170161", "pid":"1", "tid":"cmeps"},
{"name":"med_phases_prep_atm", "ph":"B", "ts":"1031547170386", "pid":"1", "tid":"cmeps"},
{"name":"med_phases_prep_atm", "ph":"E", "ts":"1031547178114", "pid":"1", "tid":"cmeps"},
{"name":"med_phases_prep_ice", "ph":"B", "ts":"1031547178337", "pid":"1", "tid":"cmeps"},
{"name":"med_phases_prep_ice", "ph":"E", "ts":"1031547179435", "pid":"1", "tid":"cmeps"},
{"name":"ModelAdvance", "ph":"B", "ts":"1031547184855", "pid":"1", "tid":"fv3"},
{"name":"ModelAdvance_phase1", "ph":"B", "ts":"1031547184864", "pid":"1", "tid":"fv3"},
{"name":"fcst_run_phase_1", "ph":"B", "ts":"1031547184898", "pid":"1", "tid":"fv3"},
{"name":"fcst_run_phase_1", "ph":"E", "ts":"1031549593930", "pid":"1", "tid":"fv3"},
{"name":"ModelAdvance_phase1", "ph":"E", "ts":"1031549593970", "pid":"1", "tid":"fv3"},
{"name":"ModelAdvance_phase2", "ph":"B", "ts":"1031549593973", "pid":"1", "tid":"fv3"},
{"name":"fcst_run_phase_2", "ph":"B", "ts":"1031549593995", "pid":"1", "tid":"fv3"},
{"name":"fcst_run_phase_2", "ph":"E", "ts":"1031549904785", "pid":"1", "tid":"fv3"},
{"name":"ModelAdvance_phase2", "ph":"E", "ts":"1031549904865", "pid":"1", "tid":"fv3"},
{"name":"ModelAdvance", "ph":"E", "ts":"1031549904868", "pid":"1", "tid":"fv3"},
{"name":"med_phases_post_atm", "ph":"B", "ts":"1031549907642", "pid":"1", "tid":"cmeps"},
{"name":"med_phases_history_write_comp", "ph":"B", "ts":"1031549917690", "pid":"1", "tid":"cmeps"},
{"name":"med_phases_history_write_comp", "ph":"E", "ts":"1031549917725", "pid":"1", "tid":"cmeps"},
{"name":"med_phases_post_atm", "ph":"E", "ts":"1031549917728", "pid":"1", "tid":"cmeps"},
{"name":"med_phases_post_ice", "ph":"B", "ts":"1031549920599", "pid":"1", "tid":"cmeps"},
{"name":"med_phases_history_write_comp", "ph":"B", "ts":"1031549926068", "pid":"1", "tid":"cmeps"},
{"name":"med_phases_history_write_comp", "ph":"E", "ts":"1031549926130", "pid":"1", "tid":"cmeps"},
{"name":"med_phases_post_ice", "ph":"E", "ts":"1031549926133", "pid":"1", "tid":"cmeps"},
{"name":"med_phases_ocnalb_run", "ph":"B", "ts":"1031549926425", "pid":"1", "tid":"cmeps"},
{"name":"med_phases_history_write_med", "ph":"B", "ts":"1031549927038", "pid":"1", "tid":"cmeps"},
{"name":"med_phases_history_write_med", "ph":"E", "ts":"1031549927042", "pid":"1", "tid":"cmeps"},
{"name":"med_phases_ocnalb_run", "ph":"E", "ts":"1031549927045", "pid":"1", "tid":"cmeps"},
{"name":"med_phases_prep_ocn_accum", "ph":"B", "ts":"1031549927190", "pid":"1", "tid":"cmeps"},
{"name":"med_phases_prep_ocn_accum", "ph":"E", "ts":"1031549929462", "pid":"1", "tid":"cmeps"},
{"name":"med_phases_prep_atm", "ph":"B", "ts":"1031549929710", "pid":"1", "tid":"cmeps"},
{"name":"med_phases_prep_atm", "ph":"E", "ts":"1031549938554", "pid":"1", "tid":"cmeps"},
{"name":"med_phases_prep_ice", "ph":"B", "ts":"1031549938808", "pid":"1", "tid":"cmeps"},
{"name":"med_phases_prep_ice", "ph":"E", "ts":"1031549939987", "pid":"1", "tid":"cmeps"},
{"name":"ModelAdvance", "ph":"B", "ts":"1031549944831", "pid":"1", "tid":"fv3"},
{"name":"ModelAdvance_phase1", "ph":"B", "ts":"1031549944840", "pid":"1", "tid":"fv3"},
{"name":"fcst_run_phase_1", "ph":"B", "ts":"1031549944873", "pid":"1", "tid":"fv3"},
{"name":"fcst_run_phase_1", "ph":"E", "ts":"1031552345540", "pid":"1", "tid":"fv3"},
{"name":"ModelAdvance_phase1", "ph":"E", "ts":"1031552345639", "pid":"1", "tid":"fv3"},
{"name":"ModelAdvance_phase2", "ph":"B", "ts":"1031552345642", "pid":"1", "tid":"fv3"},
{"name":"fcst_run_phase_2", "ph":"B", "ts":"1031552345665", "pid":"1", "tid":"fv3"},
{"name":"fcst_run_phase_2", "ph":"E", "ts":"1031552651597", "pid":"1", "tid":"fv3"},
{"name":"ModelAdvance_phase2", "ph":"E", "ts":"1031552651759", "pid":"1", "tid":"fv3"},
{"name":"ModelAdvance", "ph":"E", "ts":"1031552651761", "pid":"1", "tid":"fv3"},
{"name":"med_phases_post_atm", "ph":"B", "ts":"1031552652729", "pid":"1", "tid":"cmeps"},
{"name":"med_phases_history_write_comp", "ph":"B", "ts":"1031552663329", "pid":"1", "tid":"cmeps"},
{"name":"med_phases_history_write_comp", "ph":"E", "ts":"1031552663390", "pid":"1", "tid":"cmeps"},
{"name":"med_phases_post_atm", "ph":"E", "ts":"1031552663393", "pid":"1", "tid":"cmeps"},
{"name":"med_phases_post_ice", "ph":"B", "ts":"1031552666126", "pid":"1", "tid":"cmeps"},
{"name":"med_phases_history_write_comp", "ph":"B", "ts":"1031552672174", "pid":"1", "tid":"cmeps"},
{"name":"med_phases_history_write_comp", "ph":"E", "ts":"1031552672238", "pid":"1", "tid":"cmeps"},
{"name":"med_phases_post_ice", "ph":"E", "ts":"1031552672241", "pid":"1", "tid":"cmeps"},
{"name":"med_phases_ocnalb_run", "ph":"B", "ts":"1031552672515", "pid":"1", "tid":"cmeps"},
{"name":"med_phases_history_write_med", "ph":"B", "ts":"1031552673105", "pid":"1", "tid":"cmeps"},
{"name":"med_phases_history_write_med", "ph":"E", "ts":"1031552673110", "pid":"1", "tid":"cmeps"},
{"name":"med_phases_ocnalb_run", "ph":"E", "ts":"1031552673113", "pid":"1", "tid":"cmeps"},
{"name":"med_phases_prep_ocn_accum", "ph":"B", "ts":"1031552673256", "pid":"1", "tid":"cmeps"},
{"name":"med_phases_prep_ocn_accum", "ph":"E", "ts":"1031552675473", "pid":"1", "tid":"cmeps"},
{"name":"med_phases_post_ocn", "ph":"B", "ts":"1031552676830", "pid":"1", "tid":"cmeps"},
{"name":"med_phases_history_write_comp", "ph":"B", "ts":"1031552678746", "pid":"1", "tid":"cmeps"},
{"name":"med_phases_history_write_comp", "ph":"E", "ts":"1031552678991", "pid":"1", "tid":"cmeps"},
{"name":"med_phases_post_ocn", "ph":"E", "ts":"1031552678998", "pid":"1", "tid":"cmeps"},
{"name":"med_phases_restart_write", "ph":"B", "ts":"1031552679252", "pid":"1", "tid":"cmeps"},
{"name":"med_phases_restart_write", "ph":"E", "ts":"1031552679285", "pid":"1", "tid":"cmeps"},
{"name":"med_phases_prep_ocn_avg", "ph":"B", "ts":"1031552679390", "pid":"1", "tid":"cmeps"},
{"name":"med_phases_prep_ocn_avg", "ph":"E", "ts":"1031552681246", "pid":"1", "tid":"cmeps"},
{"name":"med_phases_prep_atm", "ph":"B", "ts":"1031552683581", "pid":"1", "tid":"cmeps"},
{"name":"med_phases_prep_atm", "ph":"E", "ts":"1031552692489", "pid":"1", "tid":"cmeps"},
{"name":"med_phases_prep_ice", "ph":"B", "ts":"1031552692710", "pid":"1", "tid":"cmeps"},
{"name":"med_phases_prep_ice", "ph":"E", "ts":"1031552693778", "pid":"1", "tid":"cmeps"},
{"name":"ModelAdvance", "ph":"B", "ts":"1031552699169", "pid":"1", "tid":"fv3"},
{"name":"ModelAdvance_phase1", "ph":"B", "ts":"1031552699179", "pid":"1", "tid":"fv3"},
{"name":"fcst_run_phase_1", "ph":"B", "ts":"1031552699220", "pid":"1", "tid":"fv3"},
{"name":"fcst_run_phase_1", "ph":"E", "ts":"1031559947082", "pid":"1", "tid":"fv3"},
{"name":"ModelAdvance_phase1", "ph":"E", "ts":"1031559947178", "pid":"1", "tid":"fv3"},
{"name":"ModelAdvance_phase2", "ph":"B", "ts":"1031559947182", "pid":"1", "tid":"fv3"},
{"name":"fcst_run_phase_2", "ph":"B", "ts":"1031559947205", "pid":"1", "tid":"fv3"},
{"name":"fcst_run_phase_2", "ph":"E", "ts":"1031560463106", "pid":"1", "tid":"fv3"},
{"name":"ModelAdvance_phase2", "ph":"E", "ts":"1031560463237", "pid":"1", "tid":"fv3"},
{"name":"ModelAdvance", "ph":"E", "ts":"1031560463240", "pid":"1", "tid":"fv3"},
{"name":"med_phases_post_atm", "ph":"B", "ts":"1031560464458", "pid":"1", "tid":"cmeps"},
{"name":"med_phases_history_write_comp", "ph":"B", "ts":"1031560475171", "pid":"1", "tid":"cmeps"},
{"name":"med_phases_history_write_comp", "ph":"E", "ts":"1031560475249", "pid":"1", "tid":"cmeps"},
{"name":"med_phases_post_atm", "ph":"E", "ts":"1031560475253", "pid":"1", "tid":"cmeps"},
{"name":"med_phases_post_ice", "ph":"B", "ts":"1031560478124", "pid":"1", "tid":"cmeps"},
{"name":"med_phases_history_write_comp", "ph":"B", "ts":"1031560483876", "pid":"1", "tid":"cmeps"},
{"name":"med_phases_history_write_comp", "ph":"E", "ts":"1031560483928", "pid":"1", "tid":"cmeps"},
{"name":"med_phases_post_ice", "ph":"E", "ts":"1031560483931", "pid":"1", "tid":"cmeps"},
{"name":"med_phases_ocnalb_run", "ph":"B", "ts":"1031560484179", "pid":"1", "tid":"cmeps"},
{"name":"med_phases_history_write_med", "ph":"B", "ts":"1031560484708", "pid":"1", "tid":"cmeps"},
{"name":"med_phases_history_write_med", "ph":"E", "ts":"1031560484712", "pid":"1", "tid":"cmeps"},
{"name":"med_phases_ocnalb_run", "ph":"E", "ts":"1031560484715", "pid":"1", "tid":"cmeps"},
{"name":"med_phases_prep_ocn_accum", "ph":"B", "ts":"1031560484868", "pid":"1", "tid":"cmeps"},
{"name":"med_phases_prep_ocn_accum", "ph":"E", "ts":"1031560487299", "pid":"1", "tid":"cmeps"},
{"name":"med_phases_prep_atm", "ph":"B", "ts":"1031560487536", "pid":"1", "tid":"cmeps"},
{"name":"med_phases_prep_atm", "ph":"E", "ts":"1031560495340", "pid":"1", "tid":"cmeps"},
{"name":"med_phases_prep_ice", "ph":"B", "ts":"1031560495605", "pid":"1", "tid":"cmeps"},
{"name":"med_phases_prep_ice", "ph":"E", "ts":"1031560496907", "pid":"1", "tid":"cmeps"},
{"name":"ModelAdvance", "ph":"B", "ts":"1031560502240", "pid":"1", "tid":"fv3"},
{"name":"ModelAdvance_phase1", "ph":"B", "ts":"1031560502249", "pid":"1", "tid":"fv3"},
{"name":"fcst_run_phase_1", "ph":"B", "ts":"1031560502311", "pid":"1", "tid":"fv3"},
{"name":"fcst_run_phase_1", "ph":"E", "ts":"1031562893980", "pid":"1", "tid":"fv3"},
{"name":"ModelAdvance_phase1", "ph":"E", "ts":"1031562894078", "pid":"1", "tid":"fv3"},
{"name":"ModelAdvance_phase2", "ph":"B", "ts":"1031562894082", "pid":"1", "tid":"fv3"},
{"name":"fcst_run_phase_2", "ph":"B", "ts":"1031562894105", "pid":"1", "tid":"fv3"},
{"name":"fcst_run_phase_2", "ph":"E", "ts":"1031563187090", "pid":"1", "tid":"fv3"},
{"name":"ModelAdvance_phase2", "ph":"E", "ts":"1031563187148", "pid":"1", "tid":"fv3"},
{"name":"ModelAdvance", "ph":"E", "ts":"1031563187151", "pid":"1", "tid":"fv3"},
{"name":"med_phases_post_atm", "ph":"B", "ts":"1031563189277", "pid":"1", "tid":"cmeps"},
{"name":"med_phases_history_write_comp", "ph":"B", "ts":"1031563200088", "pid":"1", "tid":"cmeps"},
{"name":"med_phases_history_write_comp", "ph":"E", "ts":"1031563200132", "pid":"1", "tid":"cmeps"},
{"name":"med_phases_post_atm", "ph":"E", "ts":"1031563200136", "pid":"1", "tid":"cmeps"},
{"name":"med_phases_post_ice", "ph":"B", "ts":"1031563202772", "pid":"1", "tid":"cmeps"},
{"name":"med_phases_history_write_comp", "ph":"B", "ts":"1031563208448", "pid":"1", "tid":"cmeps"},
{"name":"med_phases_history_write_comp", "ph":"E", "ts":"1031563208515", "pid":"1", "tid":"cmeps"},
{"name":"med_phases_post_ice", "ph":"E", "ts":"1031563208519", "pid":"1", "tid":"cmeps"},
{"name":"med_phases_ocnalb_run", "ph":"B", "ts":"1031563208843", "pid":"1", "tid":"cmeps"},
{"name":"med_phases_history_write_med", "ph":"B", "ts":"1031563209413", "pid":"1", "tid":"cmeps"},
{"name":"med_phases_history_write_med", "ph":"E", "ts":"1031563209418", "pid":"1", "tid":"cmeps"},
{"name":"med_phases_ocnalb_run", "ph":"E", "ts":"1031563209420", "pid":"1", "tid":"cmeps"},
{"name":"med_phases_prep_ocn_accum", "ph":"B", "ts":"1031563209562", "pid":"1", "tid":"cmeps"},
{"name":"med_phases_prep_ocn_accum", "ph":"E", "ts":"1031563211739", "pid":"1", "tid":"cmeps"},
{"name":"med_phases_prep_atm", "ph":"B", "ts":"1031563211969", "pid":"1", "tid":"cmeps"},
{"name":"med_phases_prep_atm", "ph":"E", "ts":"1031563220753", "pid":"1", "tid":"cmeps"},
{"name":"med_phases_prep_ice", "ph":"B", "ts":"1031563221048", "pid":"1", "tid":"cmeps"},
{"name":"med_phases_prep_ice", "ph":"E", "ts":"1031563222159", "pid":"1", "tid":"cmeps"},
{"name":"ModelAdvance", "ph":"B", "ts":"1031563228424", "pid":"1", "tid":"fv3"},
{"name":"ModelAdvance_phase1", "ph":"B", "ts":"1031563228436", "pid":"1", "tid":"fv3"},
{"name":"fcst_run_phase_1", "ph":"B", "ts":"1031563228556", "pid":"1", "tid":"fv3"},
{"name":"fcst_run_phase_1", "ph":"E", "ts":"1031565644351", "pid":"1", "tid":"fv3"},
{"name":"ModelAdvance_phase1", "ph":"E", "ts":"1031565644391", "pid":"1", "tid":"fv3"},
{"name":"ModelAdvance_phase2", "ph":"B", "ts":"1031565644394", "pid":"1", "tid":"fv3"},
{"name":"fcst_run_phase_2", "ph":"B", "ts":"1031565644416", "pid":"1", "tid":"fv3"},
{"name":"fcst_run_phase_2", "ph":"E", "ts":"1031565950774", "pid":"1", "tid":"fv3"},
{"name":"ModelAdvance_phase2", "ph":"E", "ts":"1031565950836", "pid":"1", "tid":"fv3"},
{"name":"ModelAdvance", "ph":"E", "ts":"1031565950839", "pid":"1", "tid":"fv3"},
{"name":"med_phases_post_atm", "ph":"B", "ts":"1031565953245", "pid":"1", "tid":"cmeps"},
{"name":"med_phases_history_write_comp", "ph":"B", "ts":"1031565963234", "pid":"1", "tid":"cmeps"},
{"name":"med_phases_history_write_comp", "ph":"E", "ts":"1031565963281", "pid":"1", "tid":"cmeps"},
{"name":"med_phases_post_atm", "ph":"E", "ts":"1031565963284", "pid":"1", "tid":"cmeps"},
{"name":"med_phases_post_ice", "ph":"B", "ts":"1031565965920", "pid":"1", "tid":"cmeps"},
{"name":"med_phases_history_write_comp", "ph":"B", "ts":"1031565971826", "pid":"1", "tid":"cmeps"},
{"name":"med_phases_history_write_comp", "ph":"E", "ts":"1031565971888", "pid":"1", "tid":"cmeps"},
{"name":"med_phases_post_ice", "ph":"E", "ts":"1031565971892", "pid":"1", "tid":"cmeps"},
{"name":"med_phases_ocnalb_run", "ph":"B", "ts":"1031565972256", "pid":"1", "tid":"cmeps"},
{"name":"med_phases_history_write_med", "ph":"B", "ts":"1031565972858", "pid":"1", "tid":"cmeps"},
{"name":"med_phases_history_write_med", "ph":"E", "ts":"1031565972863", "pid":"1", "tid":"cmeps"},
{"name":"med_phases_ocnalb_run", "ph":"E", "ts":"1031565972866", "pid":"1", "tid":"cmeps"},
{"name":"med_phases_prep_ocn_accum", "ph":"B", "ts":"1031565973010", "pid":"1", "tid":"cmeps"},
{"name":"med_phases_prep_ocn_accum", "ph":"E", "ts":"1031565975154", "pid":"1", "tid":"cmeps"},
{"name":"med_phases_post_ocn", "ph":"B", "ts":"1031565976549", "pid":"1", "tid":"cmeps"},
{"name":"med_phases_history_write_comp", "ph":"B", "ts":"1031565978368", "pid":"1", "tid":"cmeps"},
{"name":"med_phases_history_write_comp", "ph":"E", "ts":"1031565978410", "pid":"1", "tid":"cmeps"},
{"name":"med_phases_post_ocn", "ph":"E", "ts":"1031565978413", "pid":"1", "tid":"cmeps"},
{"name":"med_phases_restart_write", "ph":"B", "ts":"1031565978660", "pid":"1", "tid":"cmeps"},
{"name":"med_phases_restart_write", "ph":"E", "ts":"1031565978694", "pid":"1", "tid":"cmeps"},
{"name":"med_phases_prep_ocn_avg", "ph":"B", "ts":"1031565978801", "pid":"1", "tid":"cmeps"},
{"name":"med_phases_prep_ocn_avg", "ph":"E", "ts":"1031565980452", "pid":"1", "tid":"cmeps"},
{"name":"med_phases_prep_atm", "ph":"B", "ts":"1031565982519", "pid":"1", "tid":"cmeps"},
{"name":"med_phases_prep_atm", "ph":"E", "ts":"1031565992802", "pid":"1", "tid":"cmeps"},
{"name":"med_phases_prep_ice", "ph":"B", "ts":"1031565993095", "pid":"1", "tid":"cmeps"},
{"name":"med_phases_prep_ice", "ph":"E", "ts":"1031565994232", "pid":"1", "tid":"cmeps"},
{"name":"ModelAdvance", "ph":"B", "ts":"1031565999368", "pid":"1", "tid":"fv3"},
{"name":"ModelAdvance_phase1", "ph":"B", "ts":"1031565999379", "pid":"1", "tid":"fv3"},
{"name":"fcst_run_phase_1", "ph":"B", "ts":"1031565999420", "pid":"1", "tid":"fv3"},
{"name":"fcst_run_phase_1", "ph":"E", "ts":"1031568396311", "pid":"1", "tid":"fv3"},
{"name":"ModelAdvance_phase1", "ph":"E", "ts":"1031568396485", "pid":"1", "tid":"fv3"},
{"name":"ModelAdvance_phase2", "ph":"B", "ts":"1031568396489", "pid":"1", "tid":"fv3"},
{"name":"fcst_run_phase_2", "ph":"B", "ts":"1031568396514", "pid":"1", "tid":"fv3"},
{"name":"fcst_run_phase_2", "ph":"E", "ts":"1031568673530", "pid":"1", "tid":"fv3"},
{"name":"ModelAdvance_phase2", "ph":"E", "ts":"1031568673594", "pid":"1", "tid":"fv3"},
{"name":"ModelAdvance", "ph":"E", "ts":"1031568673597", "pid":"1", "tid":"fv3"},
{"name":"med_phases_post_atm", "ph":"B", "ts":"1031568675052", "pid":"1", "tid":"cmeps"},
{"name":"med_phases_history_write_comp", "ph":"B", "ts":"1031568686139", "pid":"1", "tid":"cmeps"},
{"name":"med_phases_history_write_comp", "ph":"E", "ts":"1031568686216", "pid":"1", "tid":"cmeps"},
{"name":"med_phases_post_atm", "ph":"E", "ts":"1031568686220", "pid":"1", "tid":"cmeps"},
{"name":"med_phases_post_ice", "ph":"B", "ts":"1031568688927", "pid":"1", "tid":"cmeps"},
{"name":"med_phases_history_write_comp", "ph":"B", "ts":"1031568694942", "pid":"1", "tid":"cmeps"},
{"name":"med_phases_history_write_comp", "ph":"E", "ts":"1031568695004", "pid":"1", "tid":"cmeps"},
{"name":"med_phases_post_ice", "ph":"E", "ts":"1031568695007", "pid":"1", "tid":"cmeps"},
{"name":"med_phases_ocnalb_run", "ph":"B", "ts":"1031568695250", "pid":"1", "tid":"cmeps"},
{"name":"med_phases_history_write_med", "ph":"B", "ts":"1031568695801", "pid":"1", "tid":"cmeps"},
{"name":"med_phases_history_write_med", "ph":"E", "ts":"1031568695805", "pid":"1", "tid":"cmeps"},
{"name":"med_phases_ocnalb_run", "ph":"E", "ts":"1031568695808", "pid":"1", "tid":"cmeps"},
{"name":"med_phases_prep_ocn_accum", "ph":"B", "ts":"1031568696001", "pid":"1", "tid":"cmeps"},
{"name":"med_phases_prep_ocn_accum", "ph":"E", "ts":"1031568698219", "pid":"1", "tid":"cmeps"},
{"name":"med_phases_prep_atm", "ph":"B", "ts":"1031568698479", "pid":"1", "tid":"cmeps"},
{"name":"med_phases_prep_atm", "ph":"E", "ts":"1031568706628", "pid":"1", "tid":"cmeps"},
{"name":"med_phases_prep_ice", "ph":"B", "ts":"1031568706873", "pid":"1", "tid":"cmeps"},
{"name":"med_phases_prep_ice", "ph":"E", "ts":"1031568707991", "pid":"1", "tid":"cmeps"},
{"name":"ModelAdvance", "ph":"B", "ts":"1031568713353", "pid":"1", "tid":"fv3"},
{"name":"ModelAdvance_phase1", "ph":"B", "ts":"1031568713362", "pid":"1", "tid":"fv3"},
{"name":"fcst_run_phase_1", "ph":"B", "ts":"1031568713400", "pid":"1", "tid":"fv3"},
{"name":"fcst_run_phase_1", "ph":"E", "ts":"1031571155053", "pid":"1", "tid":"fv3"},
{"name":"ModelAdvance_phase1", "ph":"E", "ts":"1031571155092", "pid":"1", "tid":"fv3"},
{"name":"ModelAdvance_phase2", "ph":"B", "ts":"1031571155161", "pid":"1", "tid":"fv3"},
{"name":"fcst_run_phase_2", "ph":"B", "ts":"1031571155186", "pid":"1", "tid":"fv3"},
{"name":"fcst_run_phase_2", "ph":"E", "ts":"1031571453645", "pid":"1", "tid":"fv3"},
{"name":"ModelAdvance_phase2", "ph":"E", "ts":"1031571453703", "pid":"1", "tid":"fv3"},
{"name":"ModelAdvance", "ph":"E", "ts":"1031571453706", "pid":"1", "tid":"fv3"},
{"name":"med_phases_post_atm", "ph":"B", "ts":"1031571455081", "pid":"1", "tid":"cmeps"},
{"name":"med_phases_history_write_comp", "ph":"B", "ts":"1031571466206", "pid":"1", "tid":"cmeps"},
{"name":"med_phases_history_write_comp", "ph":"E", "ts":"1031571466272", "pid":"1", "tid":"cmeps"},
{"name":"med_phases_post_atm", "ph":"E", "ts":"1031571466277", "pid":"1", "tid":"cmeps"},
{"name":"med_phases_post_ice", "ph":"B", "ts":"1031571469064", "pid":"1", "tid":"cmeps"},
{"name":"med_phases_history_write_comp", "ph":"B", "ts":"1031571474853", "pid":"1", "tid":"cmeps"},
{"name":"med_phases_history_write_comp", "ph":"E", "ts":"1031571474911", "pid":"1", "tid":"cmeps"},
{"name":"med_phases_post_ice", "ph":"E", "ts":"1031571474915", "pid":"1", "tid":"cmeps"},
{"name":"med_phases_ocnalb_run", "ph":"B", "ts":"1031571475245", "pid":"1", "tid":"cmeps"},
{"name":"med_phases_history_write_med", "ph":"B", "ts":"1031571475855", "pid":"1", "tid":"cmeps"},
{"name":"med_phases_history_write_med", "ph":"E", "ts":"1031571475859", "pid":"1", "tid":"cmeps"},
{"name":"med_phases_ocnalb_run", "ph":"E", "ts":"1031571475862", "pid":"1", "tid":"cmeps"},
{"name":"med_phases_prep_ocn_accum", "ph":"B", "ts":"1031571476007", "pid":"1", "tid":"cmeps"},
{"name":"med_phases_prep_ocn_accum", "ph":"E", "ts":"1031571478171", "pid":"1", "tid":"cmeps"},
{"name":"med_phases_prep_atm", "ph":"B", "ts":"1031571478437", "pid":"1", "tid":"cmeps"},
{"name":"med_phases_prep_atm", "ph":"E", "ts":"1031571486658", "pid":"1", "tid":"cmeps"},
{"name":"med_phases_prep_ice", "ph":"B", "ts":"1031571486973", "pid":"1", "tid":"cmeps"},
{"name":"med_phases_prep_ice", "ph":"E", "ts":"1031571488093", "pid":"1", "tid":"cmeps"},
{"name":"ModelAdvance", "ph":"B", "ts":"1031571494816", "pid":"1", "tid":"fv3"},
{"name":"ModelAdvance_phase1", "ph":"B", "ts":"1031571494826", "pid":"1", "tid":"fv3"},
{"name":"fcst_run_phase_1", "ph":"B", "ts":"1031571494878", "pid":"1", "tid":"fv3"},
{"name":"fcst_run_phase_1", "ph":"E", "ts":"1031574062577", "pid":"1", "tid":"fv3"},
{"name":"ModelAdvance_phase1", "ph":"E", "ts":"1031574062677", "pid":"1", "tid":"fv3"},
{"name":"ModelAdvance_phase2", "ph":"B", "ts":"1031574062682", "pid":"1", "tid":"fv3"},
{"name":"fcst_run_phase_2", "ph":"B", "ts":"1031574062707", "pid":"1", "tid":"fv3"},
{"name":"fcst_run_phase_2", "ph":"E", "ts":"1031574361662", "pid":"1", "tid":"fv3"},
{"name":"ModelAdvance_phase2", "ph":"E", "ts":"1031574361714", "pid":"1", "tid":"fv3"},
{"name":"ModelAdvance", "ph":"E", "ts":"1031574361716", "pid":"1", "tid":"fv3"},
{"name":"med_phases_post_atm", "ph":"B", "ts":"1031574362935", "pid":"1", "tid":"cmeps"},
{"name":"med_phases_history_write_comp", "ph":"B", "ts":"1031574373738", "pid":"1", "tid":"cmeps"},
{"name":"med_phases_history_write_comp", "ph":"E", "ts":"1031574373786", "pid":"1", "tid":"cmeps"},
{"name":"med_phases_post_atm", "ph":"E", "ts":"1031574373789", "pid":"1", "tid":"cmeps"},
{"name":"med_phases_post_ice", "ph":"B", "ts":"1031574376400", "pid":"1", "tid":"cmeps"},
{"name":"med_phases_history_write_comp", "ph":"B", "ts":"1031574382440", "pid":"1", "tid":"cmeps"},
{"name":"med_phases_history_write_comp", "ph":"E", "ts":"1031574382495", "pid":"1", "tid":"cmeps"},
{"name":"med_phases_post_ice", "ph":"E", "ts":"1031574382499", "pid":"1", "tid":"cmeps"},
{"name":"med_phases_ocnalb_run", "ph":"B", "ts":"1031574382747", "pid":"1", "tid":"cmeps"},
{"name":"med_phases_history_write_med", "ph":"B", "ts":"1031574383485", "pid":"1", "tid":"cmeps"},
{"name":"med_phases_history_write_med", "ph":"E", "ts":"1031574383491", "pid":"1", "tid":"cmeps"},
{"name":"med_phases_ocnalb_run", "ph":"E", "ts":"1031574383494", "pid":"1", "tid":"cmeps"},
{"name":"med_phases_prep_ocn_accum", "ph":"B", "ts":"1031574383700", "pid":"1", "tid":"cmeps"},
{"name":"med_phases_prep_ocn_accum", "ph":"E", "ts":"1031574386167", "pid":"1", "tid":"cmeps"},
{"name":"med_phases_post_ocn", "ph":"B", "ts":"1031574387357", "pid":"1", "tid":"cmeps"},
{"name":"med_phases_history_write_comp", "ph":"B", "ts":"1031574389287", "pid":"1", "tid":"cmeps"},
{"name":"med_phases_history_write_comp", "ph":"E", "ts":"1031574389328", "pid":"1", "tid":"cmeps"},
{"name":"med_phases_post_ocn", "ph":"E", "ts":"1031574389331", "pid":"1", "tid":"cmeps"},
{"name":"med_phases_restart_write", "ph":"B", "ts":"1031574389563", "pid":"1", "tid":"cmeps"},
{"name":"med_phases_restart_write", "ph":"E", "ts":"1031574389596", "pid":"1", "tid":"cmeps"},
{"name":"med_phases_prep_ocn_avg", "ph":"B", "ts":"1031574389702", "pid":"1", "tid":"cmeps"},
{"name":"med_phases_prep_ocn_avg", "ph":"E", "ts":"1031574391466", "pid":"1", "tid":"cmeps"},
{"name":"med_phases_prep_atm", "ph":"B", "ts":"1031574393722", "pid":"1", "tid":"cmeps"},
{"name":"med_phases_prep_atm", "ph":"E", "ts":"1031574402395", "pid":"1", "tid":"cmeps"},
{"name":"med_phases_prep_ice", "ph":"B", "ts":"1031574402650", "pid":"1", "tid":"cmeps"},
{"name":"med_phases_prep_ice", "ph":"E", "ts":"1031574403619", "pid":"1", "tid":"cmeps"},
{"name":"ModelAdvance", "ph":"B", "ts":"1031574409629", "pid":"1", "tid":"fv3"},
{"name":"ModelAdvance_phase1", "ph":"B", "ts":"1031574409640", "pid":"1", "tid":"fv3"},
{"name":"fcst_run_phase_1", "ph":"B", "ts":"1031574409679", "pid":"1", "tid":"fv3"},
{"name":"fcst_run_phase_1", "ph":"E", "ts":"1031581594813", "pid":"1", "tid":"fv3"},
{"name":"ModelAdvance_phase1", "ph":"E", "ts":"1031581594916", "pid":"1", "tid":"fv3"},
{"name":"ModelAdvance_phase2", "ph":"B", "ts":"1031581594920", "pid":"1", "tid":"fv3"},
{"name":"fcst_run_phase_2", "ph":"B", "ts":"1031581594943", "pid":"1", "tid":"fv3"},
{"name":"fcst_run_phase_2", "ph":"E", "ts":"1031582166915", "pid":"1", "tid":"fv3"},
{"name":"ModelAdvance_phase2", "ph":"E", "ts":"1031582167061", "pid":"1", "tid":"fv3"},
{"name":"ModelAdvance", "ph":"E", "ts":"1031582167063", "pid":"1", "tid":"fv3"},
{"name":"med_phases_post_atm", "ph":"B", "ts":"1031582169013", "pid":"1", "tid":"cmeps"},
{"name":"med_phases_history_write_comp", "ph":"B", "ts":"1031582179510", "pid":"1", "tid":"cmeps"},
{"name":"med_phases_history_write_comp", "ph":"E", "ts":"1031582179575", "pid":"1", "tid":"cmeps"},
{"name":"med_phases_post_atm", "ph":"E", "ts":"1031582179579", "pid":"1", "tid":"cmeps"},
{"name":"med_phases_post_ice", "ph":"B", "ts":"1031582182261", "pid":"1", "tid":"cmeps"},
{"name":"med_phases_history_write_comp", "ph":"B", "ts":"1031582188111", "pid":"1", "tid":"cmeps"},
{"name":"med_phases_history_write_comp", "ph":"E", "ts":"1031582188170", "pid":"1", "tid":"cmeps"},
{"name":"med_phases_post_ice", "ph":"E", "ts":"1031582188174", "pid":"1", "tid":"cmeps"},
{"name":"med_phases_ocnalb_run", "ph":"B", "ts":"1031582188440", "pid":"1", "tid":"cmeps"},
{"name":"med_phases_history_write_med", "ph":"B", "ts":"1031582189003", "pid":"1", "tid":"cmeps"},
{"name":"med_phases_history_write_med", "ph":"E", "ts":"1031582189007", "pid":"1", "tid":"cmeps"},
{"name":"med_phases_ocnalb_run", "ph":"E", "ts":"1031582189010", "pid":"1", "tid":"cmeps"},
{"name":"med_phases_prep_ocn_accum", "ph":"B", "ts":"1031582189153", "pid":"1", "tid":"cmeps"},
{"name":"med_phases_prep_ocn_accum", "ph":"E", "ts":"1031582191254", "pid":"1", "tid":"cmeps"},
{"name":"med_phases_prep_atm", "ph":"B", "ts":"1031582191502", "pid":"1", "tid":"cmeps"},
{"name":"med_phases_prep_atm", "ph":"E", "ts":"1031582200248", "pid":"1", "tid":"cmeps"},
{"name":"med_phases_prep_ice", "ph":"B", "ts":"1031582200539", "pid":"1", "tid":"cmeps"},
{"name":"med_phases_prep_ice", "ph":"E", "ts":"1031582201702", "pid":"1", "tid":"cmeps"},
{"name":"ModelAdvance", "ph":"B", "ts":"1031582206711", "pid":"1", "tid":"fv3"},
{"name":"ModelAdvance_phase1", "ph":"B", "ts":"1031582206723", "pid":"1", "tid":"fv3"},
{"name":"fcst_run_phase_1", "ph":"B", "ts":"1031582206928", "pid":"1", "tid":"fv3"},
{"name":"fcst_run_phase_1", "ph":"E", "ts":"1031584573724", "pid":"1", "tid":"fv3"},
{"name":"ModelAdvance_phase1", "ph":"E", "ts":"1031584573834", "pid":"1", "tid":"fv3"},
{"name":"ModelAdvance_phase2", "ph":"B", "ts":"1031584573838", "pid":"1", "tid":"fv3"},
{"name":"fcst_run_phase_2", "ph":"B", "ts":"1031584573877", "pid":"1", "tid":"fv3"},
{"name":"fcst_run_phase_2", "ph":"E", "ts":"1031584882122", "pid":"1", "tid":"fv3"},
{"name":"ModelAdvance_phase2", "ph":"E", "ts":"1031584882295", "pid":"1", "tid":"fv3"},
{"name":"ModelAdvance", "ph":"E", "ts":"1031584882298", "pid":"1", "tid":"fv3"},
{"name":"med_phases_post_atm", "ph":"B", "ts":"1031584883269", "pid":"1", "tid":"cmeps"},
{"name":"med_phases_history_write_comp", "ph":"B", "ts":"1031584894543", "pid":"1", "tid":"cmeps"},
{"name":"med_phases_history_write_comp", "ph":"E", "ts":"1031584894592", "pid":"1", "tid":"cmeps"},
{"name":"med_phases_post_atm", "ph":"E", "ts":"1031584894595", "pid":"1", "tid":"cmeps"},
{"name":"med_phases_post_ice", "ph":"B", "ts":"1031584897311", "pid":"1", "tid":"cmeps"},
{"name":"med_phases_history_write_comp", "ph":"B", "ts":"1031584902964", "pid":"1", "tid":"cmeps"},
{"name":"med_phases_history_write_comp", "ph":"E", "ts":"1031584903013", "pid":"1", "tid":"cmeps"},
{"name":"med_phases_post_ice", "ph":"E", "ts":"1031584903015", "pid":"1", "tid":"cmeps"},
{"name":"med_phases_ocnalb_run", "ph":"B", "ts":"1031584903253", "pid":"1", "tid":"cmeps"},
{"name":"med_phases_history_write_med", "ph":"B", "ts":"1031584903792", "pid":"1", "tid":"cmeps"},
{"name":"med_phases_history_write_med", "ph":"E", "ts":"1031584903796", "pid":"1", "tid":"cmeps"},
{"name":"med_phases_ocnalb_run", "ph":"E", "ts":"1031584903798", "pid":"1", "tid":"cmeps"},
{"name":"med_phases_prep_ocn_accum", "ph":"B", "ts":"1031584903980", "pid":"1", "tid":"cmeps"},
{"name":"med_phases_prep_ocn_accum", "ph":"E", "ts":"1031584906348", "pid":"1", "tid":"cmeps"},
{"name":"med_phases_prep_atm", "ph":"B", "ts":"1031584906580", "pid":"1", "tid":"cmeps"},
{"name":"med_phases_prep_atm", "ph":"E", "ts":"1031584915018", "pid":"1", "tid":"cmeps"},
{"name":"med_phases_prep_ice", "ph":"B", "ts":"1031584915308", "pid":"1", "tid":"cmeps"},
{"name":"med_phases_prep_ice", "ph":"E", "ts":"1031584916422", "pid":"1", "tid":"cmeps"},
{"name":"ModelAdvance", "ph":"B", "ts":"1031584921746", "pid":"1", "tid":"fv3"},
{"name":"ModelAdvance_phase1", "ph":"B", "ts":"1031584921758", "pid":"1", "tid":"fv3"},
{"name":"fcst_run_phase_1", "ph":"B", "ts":"1031584921800", "pid":"1", "tid":"fv3"},
{"name":"fcst_run_phase_1", "ph":"E", "ts":"1031587279496", "pid":"1", "tid":"fv3"},
{"name":"ModelAdvance_phase1", "ph":"E", "ts":"1031587279541", "pid":"1", "tid":"fv3"},
{"name":"ModelAdvance_phase2", "ph":"B", "ts":"1031587279543", "pid":"1", "tid":"fv3"},
{"name":"fcst_run_phase_2", "ph":"B", "ts":"1031587279568", "pid":"1", "tid":"fv3"},
{"name":"fcst_run_phase_2", "ph":"E", "ts":"1031587601243", "pid":"1", "tid":"fv3"},
{"name":"ModelAdvance_phase2", "ph":"E", "ts":"1031587601393", "pid":"1", "tid":"fv3"},
{"name":"ModelAdvance", "ph":"E", "ts":"1031587601395", "pid":"1", "tid":"fv3"},
{"name":"med_phases_post_atm", "ph":"B", "ts":"1031587602802", "pid":"1", "tid":"cmeps"},
{"name":"med_phases_history_write_comp", "ph":"B", "ts":"1031587612824", "pid":"1", "tid":"cmeps"},
{"name":"med_phases_history_write_comp", "ph":"E", "ts":"1031587612904", "pid":"1", "tid":"cmeps"},
{"name":"med_phases_post_atm", "ph":"E", "ts":"1031587612908", "pid":"1", "tid":"cmeps"},
{"name":"med_phases_post_ice", "ph":"B", "ts":"1031587615646", "pid":"1", "tid":"cmeps"},
{"name":"med_phases_history_write_comp", "ph":"B", "ts":"1031587621216", "pid":"1", "tid":"cmeps"},
{"name":"med_phases_history_write_comp", "ph":"E", "ts":"1031587621279", "pid":"1", "tid":"cmeps"},
{"name":"med_phases_post_ice", "ph":"E", "ts":"1031587621282", "pid":"1", "tid":"cmeps"},
{"name":"med_phases_ocnalb_run", "ph":"B", "ts":"1031587621529", "pid":"1", "tid":"cmeps"},
{"name":"med_phases_history_write_med", "ph":"B", "ts":"1031587622247", "pid":"1", "tid":"cmeps"},
{"name":"med_phases_history_write_med", "ph":"E", "ts":"1031587622255", "pid":"1", "tid":"cmeps"},
{"name":"med_phases_ocnalb_run", "ph":"E", "ts":"1031587622257", "pid":"1", "tid":"cmeps"},
{"name":"med_phases_prep_ocn_accum", "ph":"B", "ts":"1031587622417", "pid":"1", "tid":"cmeps"},
{"name":"med_phases_prep_ocn_accum", "ph":"E", "ts":"1031587624734", "pid":"1", "tid":"cmeps"},
{"name":"med_phases_post_ocn", "ph":"B", "ts":"1031587625955", "pid":"1", "tid":"cmeps"},
{"name":"med_phases_history_write_comp", "ph":"B", "ts":"1031587627999", "pid":"1", "tid":"cmeps"},
{"name":"med_phases_history_write_comp", "ph":"E", "ts":"1031587628045", "pid":"1", "tid":"cmeps"},
{"name":"med_phases_post_ocn", "ph":"E", "ts":"1031587628048", "pid":"1", "tid":"cmeps"},
{"name":"med_phases_restart_write", "ph":"B", "ts":"1031587628289", "pid":"1", "tid":"cmeps"},
{"name":"med_phases_restart_write", "ph":"E", "ts":"1031587628321", "pid":"1", "tid":"cmeps"},
{"name":"med_phases_prep_ocn_avg", "ph":"B", "ts":"1031587628426", "pid":"1", "tid":"cmeps"},
{"name":"med_phases_prep_ocn_avg", "ph":"E", "ts":"1031587630156", "pid":"1", "tid":"cmeps"},
{"name":"med_phases_prep_atm", "ph":"B", "ts":"1031587632499", "pid":"1", "tid":"cmeps"},
{"name":"med_phases_prep_atm", "ph":"E", "ts":"1031587642133", "pid":"1", "tid":"cmeps"},
{"name":"med_phases_prep_ice", "ph":"B", "ts":"1031587642427", "pid":"1", "tid":"cmeps"},
{"name":"med_phases_prep_ice", "ph":"E", "ts":"1031587643637", "pid":"1", "tid":"cmeps"},
{"name":"ModelAdvance", "ph":"B", "ts":"1031587648593", "pid":"1", "tid":"fv3"},
{"name":"ModelAdvance_phase1", "ph":"B", "ts":"1031587648601", "pid":"1", "tid":"fv3"},
{"name":"fcst_run_phase_1", "ph":"B", "ts":"1031587648663", "pid":"1", "tid":"fv3"},
{"name":"fcst_run_phase_1", "ph":"E", "ts":"1031590004351", "pid":"1", "tid":"fv3"},
{"name":"ModelAdvance_phase1", "ph":"E", "ts":"1031590004392", "pid":"1", "tid":"fv3"},
{"name":"ModelAdvance_phase2", "ph":"B", "ts":"1031590004395", "pid":"1", "tid":"fv3"},
{"name":"fcst_run_phase_2", "ph":"B", "ts":"1031590004419", "pid":"1", "tid":"fv3"},
{"name":"fcst_run_phase_2", "ph":"E", "ts":"1031590337960", "pid":"1", "tid":"fv3"},
{"name":"ModelAdvance_phase2", "ph":"E", "ts":"1031590338013", "pid":"1", "tid":"fv3"},
{"name":"ModelAdvance", "ph":"E", "ts":"1031590338016", "pid":"1", "tid":"fv3"},
{"name":"med_phases_post_atm", "ph":"B", "ts":"1031590339410", "pid":"1", "tid":"cmeps"},
{"name":"med_phases_history_write_comp", "ph":"B", "ts":"1031590349708", "pid":"1", "tid":"cmeps"},
{"name":"med_phases_history_write_comp", "ph":"E", "ts":"1031590349783", "pid":"1", "tid":"cmeps"},
{"name":"med_phases_post_atm", "ph":"E", "ts":"1031590349787", "pid":"1", "tid":"cmeps"},
{"name":"med_phases_post_ice", "ph":"B", "ts":"1031590352434", "pid":"1", "tid":"cmeps"},
{"name":"med_phases_history_write_comp", "ph":"B", "ts":"1031590358073", "pid":"1", "tid":"cmeps"},
{"name":"med_phases_history_write_comp", "ph":"E", "ts":"1031590358134", "pid":"1", "tid":"cmeps"},
{"name":"med_phases_post_ice", "ph":"E", "ts":"1031590358139", "pid":"1", "tid":"cmeps"},
{"name":"med_phases_ocnalb_run", "ph":"B", "ts":"1031590358399", "pid":"1", "tid":"cmeps"},
{"name":"med_phases_history_write_med", "ph":"B", "ts":"1031590358961", "pid":"1", "tid":"cmeps"},
{"name":"med_phases_history_write_med", "ph":"E", "ts":"1031590358966", "pid":"1", "tid":"cmeps"},
{"name":"med_phases_ocnalb_run", "ph":"E", "ts":"1031590358968", "pid":"1", "tid":"cmeps"},
{"name":"med_phases_prep_ocn_accum", "ph":"B", "ts":"1031590359106", "pid":"1", "tid":"cmeps"},
{"name":"med_phases_prep_ocn_accum", "ph":"E", "ts":"1031590361385", "pid":"1", "tid":"cmeps"},
{"name":"med_phases_prep_atm", "ph":"B", "ts":"1031590361627", "pid":"1", "tid":"cmeps"},
{"name":"med_phases_prep_atm", "ph":"E", "ts":"1031590369910", "pid":"1", "tid":"cmeps"},
{"name":"med_phases_prep_ice", "ph":"B", "ts":"1031590370185", "pid":"1", "tid":"cmeps"},
{"name":"med_phases_prep_ice", "ph":"E", "ts":"1031590371339", "pid":"1", "tid":"cmeps"},
{"name":"ModelAdvance", "ph":"B", "ts":"1031590376501", "pid":"1", "tid":"fv3"},
{"name":"ModelAdvance_phase1", "ph":"B", "ts":"1031590376514", "pid":"1", "tid":"fv3"},
{"name":"fcst_run_phase_1", "ph":"B", "ts":"1031590376636", "pid":"1", "tid":"fv3"},
{"name":"fcst_run_phase_1", "ph":"E", "ts":"1031592739345", "pid":"1", "tid":"fv3"},
{"name":"ModelAdvance_phase1", "ph":"E", "ts":"1031592739448", "pid":"1", "tid":"fv3"},
{"name":"ModelAdvance_phase2", "ph":"B", "ts":"1031592739452", "pid":"1", "tid":"fv3"},
{"name":"fcst_run_phase_2", "ph":"B", "ts":"1031592739476", "pid":"1", "tid":"fv3"},
{"name":"fcst_run_phase_2", "ph":"E", "ts":"1031593057835", "pid":"1", "tid":"fv3"},
{"name":"ModelAdvance_phase2", "ph":"E", "ts":"1031593057911", "pid":"1", "tid":"fv3"},
{"name":"ModelAdvance", "ph":"E", "ts":"1031593057915", "pid":"1", "tid":"fv3"},
{"name":"med_phases_post_atm", "ph":"B", "ts":"1031593059215", "pid":"1", "tid":"cmeps"},
{"name":"med_phases_history_write_comp", "ph":"B", "ts":"1031593070535", "pid":"1", "tid":"cmeps"},
{"name":"med_phases_history_write_comp", "ph":"E", "ts":"1031593070611", "pid":"1", "tid":"cmeps"},
{"name":"med_phases_post_atm", "ph":"E", "ts":"1031593070615", "pid":"1", "tid":"cmeps"},
{"name":"med_phases_post_ice", "ph":"B", "ts":"1031593073523", "pid":"1", "tid":"cmeps"},
{"name":"med_phases_history_write_comp", "ph":"B", "ts":"1031593078636", "pid":"1", "tid":"cmeps"},
{"name":"med_phases_history_write_comp", "ph":"E", "ts":"1031593078674", "pid":"1", "tid":"cmeps"},
{"name":"med_phases_post_ice", "ph":"E", "ts":"1031593078677", "pid":"1", "tid":"cmeps"},
{"name":"med_phases_ocnalb_run", "ph":"B", "ts":"1031593078875", "pid":"1", "tid":"cmeps"},
{"name":"med_phases_history_write_med", "ph":"B", "ts":"1031593079467", "pid":"1", "tid":"cmeps"},
{"name":"med_phases_history_write_med", "ph":"E", "ts":"1031593079473", "pid":"1", "tid":"cmeps"},
{"name":"med_phases_ocnalb_run", "ph":"E", "ts":"1031593079475", "pid":"1", "tid":"cmeps"},
{"name":"med_phases_prep_ocn_accum", "ph":"B", "ts":"1031593079628", "pid":"1", "tid":"cmeps"},
{"name":"med_phases_prep_ocn_accum", "ph":"E", "ts":"1031593082277", "pid":"1", "tid":"cmeps"},
{"name":"med_phases_prep_atm", "ph":"B", "ts":"1031593082495", "pid":"1", "tid":"cmeps"},
{"name":"med_phases_prep_atm", "ph":"E", "ts":"1031593090362", "pid":"1", "tid":"cmeps"},
{"name":"med_phases_prep_ice", "ph":"B", "ts":"1031593090655", "pid":"1", "tid":"cmeps"},
{"name":"med_phases_prep_ice", "ph":"E", "ts":"1031593091865", "pid":"1", "tid":"cmeps"},
{"name":"ModelAdvance", "ph":"B", "ts":"1031593098439", "pid":"1", "tid":"fv3"},
{"name":"ModelAdvance_phase1", "ph":"B", "ts":"1031593098454", "pid":"1", "tid":"fv3"},
{"name":"fcst_run_phase_1", "ph":"B", "ts":"1031593098511", "pid":"1", "tid":"fv3"},
{"name":"fcst_run_phase_1", "ph":"E", "ts":"1031595454660", "pid":"1", "tid":"fv3"},
{"name":"ModelAdvance_phase1", "ph":"E", "ts":"1031595454701", "pid":"1", "tid":"fv3"},
{"name":"ModelAdvance_phase2", "ph":"B", "ts":"1031595454704", "pid":"1", "tid":"fv3"},
{"name":"fcst_run_phase_2", "ph":"B", "ts":"1031595454726", "pid":"1", "tid":"fv3"},
{"name":"fcst_run_phase_2", "ph":"E", "ts":"1031595779052", "pid":"1", "tid":"fv3"},
{"name":"ModelAdvance_phase2", "ph":"E", "ts":"1031595779111", "pid":"1", "tid":"fv3"},
{"name":"ModelAdvance", "ph":"E", "ts":"1031595779114", "pid":"1", "tid":"fv3"},
{"name":"med_phases_post_atm", "ph":"B", "ts":"1031595780293", "pid":"1", "tid":"cmeps"},
{"name":"med_phases_history_write_comp", "ph":"B", "ts":"1031595790479", "pid":"1", "tid":"cmeps"},
{"name":"med_phases_history_write_comp", "ph":"E", "ts":"1031595790536", "pid":"1", "tid":"cmeps"},
{"name":"med_phases_post_atm", "ph":"E", "ts":"1031595790539", "pid":"1", "tid":"cmeps"},
{"name":"med_phases_post_ice", "ph":"B", "ts":"1031595793326", "pid":"1", "tid":"cmeps"},
{"name":"med_phases_history_write_comp", "ph":"B", "ts":"1031595799190", "pid":"1", "tid":"cmeps"},
{"name":"med_phases_history_write_comp", "ph":"E", "ts":"1031595799239", "pid":"1", "tid":"cmeps"},
{"name":"med_phases_post_ice", "ph":"E", "ts":"1031595799350", "pid":"1", "tid":"cmeps"},
{"name":"med_phases_ocnalb_run", "ph":"B", "ts":"1031595799558", "pid":"1", "tid":"cmeps"},
{"name":"med_phases_history_write_med", "ph":"B", "ts":"1031595800148", "pid":"1", "tid":"cmeps"},
{"name":"med_phases_history_write_med", "ph":"E", "ts":"1031595800153", "pid":"1", "tid":"cmeps"},
{"name":"med_phases_ocnalb_run", "ph":"E", "ts":"1031595800155", "pid":"1", "tid":"cmeps"},
{"name":"med_phases_prep_ocn_accum", "ph":"B", "ts":"1031595800316", "pid":"1", "tid":"cmeps"},
{"name":"med_phases_prep_ocn_accum", "ph":"E", "ts":"1031595802791", "pid":"1", "tid":"cmeps"},
{"name":"med_phases_post_ocn", "ph":"B", "ts":"1031595804346", "pid":"1", "tid":"cmeps"},
{"name":"med_phases_history_write_comp", "ph":"B", "ts":"1031595806511", "pid":"1", "tid":"cmeps"},
{"name":"med_phases_history_write_comp", "ph":"E", "ts":"1031595806543", "pid":"1", "tid":"cmeps"},
{"name":"med_phases_post_ocn", "ph":"E", "ts":"1031595806546", "pid":"1", "tid":"cmeps"},
{"name":"med_phases_restart_write", "ph":"B", "ts":"1031595806771", "pid":"1", "tid":"cmeps"},
{"name":"med_phases_restart_write", "ph":"E", "ts":"1031595806807", "pid":"1", "tid":"cmeps"},
{"name":"med_phases_prep_ocn_avg", "ph":"B", "ts":"1031595806936", "pid":"1", "tid":"cmeps"},
{"name":"med_phases_prep_ocn_avg", "ph":"E", "ts":"1031595808699", "pid":"1", "tid":"cmeps"},
{"name":"med_phases_prep_atm", "ph":"B", "ts":"1031595811220", "pid":"1", "tid":"cmeps"},
{"name":"med_phases_prep_atm", "ph":"E", "ts":"1031595818899", "pid":"1", "tid":"cmeps"},
{"name":"med_phases_prep_ice", "ph":"B", "ts":"1031595819159", "pid":"1", "tid":"cmeps"},
{"name":"med_phases_prep_ice", "ph":"E", "ts":"1031595820281", "pid":"1", "tid":"cmeps"},
{"name":"ModelAdvance", "ph":"B", "ts":"1031595825677", "pid":"1", "tid":"fv3"},
{"name":"ModelAdvance_phase1", "ph":"B", "ts":"1031595825684", "pid":"1", "tid":"fv3"},
{"name":"fcst_run_phase_1", "ph":"B", "ts":"1031595825716", "pid":"1", "tid":"fv3"},
{"name":"fcst_run_phase_1", "ph":"E", "ts":"1031602972307", "pid":"1", "tid":"fv3"},
{"name":"ModelAdvance_phase1", "ph":"E", "ts":"1031602972472", "pid":"1", "tid":"fv3"},
{"name":"ModelAdvance_phase2", "ph":"B", "ts":"1031602972476", "pid":"1", "tid":"fv3"},
{"name":"fcst_run_phase_2", "ph":"B", "ts":"1031602972499", "pid":"1", "tid":"fv3"},
{"name":"fcst_run_phase_2", "ph":"E", "ts":"1031603662648", "pid":"1", "tid":"fv3"},
{"name":"ModelAdvance_phase2", "ph":"E", "ts":"1031603662707", "pid":"1", "tid":"fv3"},
{"name":"ModelAdvance", "ph":"E", "ts":"1031603662710", "pid":"1", "tid":"fv3"},
{"name":"med_phases_post_atm", "ph":"B", "ts":"1031603664160", "pid":"1", "tid":"cmeps"},
{"name":"med_phases_history_write_comp", "ph":"B", "ts":"1031603674602", "pid":"1", "tid":"cmeps"},
{"name":"med_phases_history_write_comp", "ph":"E", "ts":"1031603674643", "pid":"1", "tid":"cmeps"},
{"name":"med_phases_post_atm", "ph":"E", "ts":"1031603674646", "pid":"1", "tid":"cmeps"},
{"name":"med_phases_post_ice", "ph":"B", "ts":"1031603678523", "pid":"1", "tid":"cmeps"},
{"name":"med_phases_history_write_comp", "ph":"B", "ts":"1031603682735", "pid":"1", "tid":"cmeps"},
{"name":"med_phases_history_write_comp", "ph":"E", "ts":"1031603682784", "pid":"1", "tid":"cmeps"},
{"name":"med_phases_post_ice", "ph":"E", "ts":"1031603682787", "pid":"1", "tid":"cmeps"},
{"name":"med_phases_ocnalb_run", "ph":"B", "ts":"1031603683040", "pid":"1", "tid":"cmeps"},
{"name":"med_phases_history_write_med", "ph":"B", "ts":"1031603683746", "pid":"1", "tid":"cmeps"},
{"name":"med_phases_history_write_med", "ph":"E", "ts":"1031603683751", "pid":"1", "tid":"cmeps"},
{"name":"med_phases_ocnalb_run", "ph":"E", "ts":"1031603683753", "pid":"1", "tid":"cmeps"},
{"name":"med_phases_prep_ocn_accum", "ph":"B", "ts":"1031603683931", "pid":"1", "tid":"cmeps"},
{"name":"med_phases_prep_ocn_accum", "ph":"E", "ts":"1031603686466", "pid":"1", "tid":"cmeps"},
{"name":"med_phases_prep_atm", "ph":"B", "ts":"1031603686683", "pid":"1", "tid":"cmeps"},
{"name":"med_phases_prep_atm", "ph":"E", "ts":"1031603694281", "pid":"1", "tid":"cmeps"},
{"name":"med_phases_prep_ice", "ph":"B", "ts":"1031603694654", "pid":"1", "tid":"cmeps"},
{"name":"med_phases_prep_ice", "ph":"E", "ts":"1031603695883", "pid":"1", "tid":"cmeps"},
{"name":"ModelAdvance", "ph":"B", "ts":"1031603701307", "pid":"1", "tid":"fv3"},
{"name":"ModelAdvance_phase1", "ph":"B", "ts":"1031603701317", "pid":"1", "tid":"fv3"},
{"name":"fcst_run_phase_1", "ph":"B", "ts":"1031603701360", "pid":"1", "tid":"fv3"},
{"name":"fcst_run_phase_1", "ph":"E", "ts":"1031606040091", "pid":"1", "tid":"fv3"},
{"name":"ModelAdvance_phase1", "ph":"E", "ts":"1031606040131", "pid":"1", "tid":"fv3"},
{"name":"ModelAdvance_phase2", "ph":"B", "ts":"1031606040134", "pid":"1", "tid":"fv3"},
{"name":"fcst_run_phase_2", "ph":"B", "ts":"1031606040158", "pid":"1", "tid":"fv3"},
{"name":"fcst_run_phase_2", "ph":"E", "ts":"1031606373584", "pid":"1", "tid":"fv3"},
{"name":"ModelAdvance_phase2", "ph":"E", "ts":"1031606373644", "pid":"1", "tid":"fv3"},
{"name":"ModelAdvance", "ph":"E", "ts":"1031606373647", "pid":"1", "tid":"fv3"},
{"name":"med_phases_post_atm", "ph":"B", "ts":"1031606374998", "pid":"1", "tid":"cmeps"},
{"name":"med_phases_history_write_comp", "ph":"B", "ts":"1031606384842", "pid":"1", "tid":"cmeps"},
{"name":"med_phases_history_write_comp", "ph":"E", "ts":"1031606384926", "pid":"1", "tid":"cmeps"},
{"name":"med_phases_post_atm", "ph":"E", "ts":"1031606384930", "pid":"1", "tid":"cmeps"},
{"name":"med_phases_post_ice", "ph":"B", "ts":"1031606387529", "pid":"1", "tid":"cmeps"},
{"name":"med_phases_history_write_comp", "ph":"B", "ts":"1031606392492", "pid":"1", "tid":"cmeps"},
{"name":"med_phases_history_write_comp", "ph":"E", "ts":"1031606392545", "pid":"1", "tid":"cmeps"},
{"name":"med_phases_post_ice", "ph":"E", "ts":"1031606392549", "pid":"1", "tid":"cmeps"},
{"name":"med_phases_ocnalb_run", "ph":"B", "ts":"1031606392805", "pid":"1", "tid":"cmeps"},
{"name":"med_phases_history_write_med", "ph":"B", "ts":"1031606393341", "pid":"1", "tid":"cmeps"},
{"name":"med_phases_history_write_med", "ph":"E", "ts":"1031606393345", "pid":"1", "tid":"cmeps"},
{"name":"med_phases_ocnalb_run", "ph":"E", "ts":"1031606393347", "pid":"1", "tid":"cmeps"},
{"name":"med_phases_prep_ocn_accum", "ph":"B", "ts":"1031606393485", "pid":"1", "tid":"cmeps"},
{"name":"med_phases_prep_ocn_accum", "ph":"E", "ts":"1031606395851", "pid":"1", "tid":"cmeps"},
{"name":"med_phases_prep_atm", "ph":"B", "ts":"1031606396083", "pid":"1", "tid":"cmeps"},
{"name":"med_phases_prep_atm", "ph":"E", "ts":"1031606404316", "pid":"1", "tid":"cmeps"},
{"name":"med_phases_prep_ice", "ph":"B", "ts":"1031606404612", "pid":"1", "tid":"cmeps"},
{"name":"med_phases_prep_ice", "ph":"E", "ts":"1031606405789", "pid":"1", "tid":"cmeps"},
{"name":"ModelAdvance", "ph":"B", "ts":"1031606410781", "pid":"1", "tid":"fv3"},
{"name":"ModelAdvance_phase1", "ph":"B", "ts":"1031606410791", "pid":"1", "tid":"fv3"},
{"name":"fcst_run_phase_1", "ph":"B", "ts":"1031606410831", "pid":"1", "tid":"fv3"},
{"name":"fcst_run_phase_1", "ph":"E", "ts":"1031608744069", "pid":"1", "tid":"fv3"},
{"name":"ModelAdvance_phase1", "ph":"E", "ts":"1031608744170", "pid":"1", "tid":"fv3"},
{"name":"ModelAdvance_phase2", "ph":"B", "ts":"1031608744175", "pid":"1", "tid":"fv3"},
{"name":"fcst_run_phase_2", "ph":"B", "ts":"1031608744200", "pid":"1", "tid":"fv3"},
{"name":"fcst_run_phase_2", "ph":"E", "ts":"1031609098047", "pid":"1", "tid":"fv3"},
{"name":"ModelAdvance_phase2", "ph":"E", "ts":"1031609098198", "pid":"1", "tid":"fv3"},
{"name":"ModelAdvance", "ph":"E", "ts":"1031609098201", "pid":"1", "tid":"fv3"},
{"name":"med_phases_post_atm", "ph":"B", "ts":"1031609099332", "pid":"1", "tid":"cmeps"},
{"name":"med_phases_history_write_comp", "ph":"B", "ts":"1031609109664", "pid":"1", "tid":"cmeps"},
{"name":"med_phases_history_write_comp", "ph":"E", "ts":"1031609109732", "pid":"1", "tid":"cmeps"},
{"name":"med_phases_post_atm", "ph":"E", "ts":"1031609109736", "pid":"1", "tid":"cmeps"},
{"name":"med_phases_post_ice", "ph":"B", "ts":"1031609112457", "pid":"1", "tid":"cmeps"},
{"name":"med_phases_history_write_comp", "ph":"B", "ts":"1031609179728", "pid":"1", "tid":"cmeps"},
{"name":"med_phases_history_write_comp", "ph":"E", "ts":"1031609179779", "pid":"1", "tid":"cmeps"},
{"name":"med_phases_post_ice", "ph":"E", "ts":"1031609179782", "pid":"1", "tid":"cmeps"},
{"name":"med_phases_ocnalb_run", "ph":"B", "ts":"1031609180056", "pid":"1", "tid":"cmeps"},
{"name":"med_phases_history_write_med", "ph":"B", "ts":"1031609180604", "pid":"1", "tid":"cmeps"},
{"name":"med_phases_history_write_med", "ph":"E", "ts":"1031609180608", "pid":"1", "tid":"cmeps"},
{"name":"med_phases_ocnalb_run", "ph":"E", "ts":"1031609180610", "pid":"1", "tid":"cmeps"},
{"name":"med_phases_prep_ocn_accum", "ph":"B", "ts":"1031609180754", "pid":"1", "tid":"cmeps"},
{"name":"med_phases_prep_ocn_accum", "ph":"E", "ts":"1031609183058", "pid":"1", "tid":"cmeps"},
{"name":"med_phases_post_ocn", "ph":"B", "ts":"1031609184278", "pid":"1", "tid":"cmeps"},
{"name":"med_phases_history_write_comp", "ph":"B", "ts":"1031609186584", "pid":"1", "tid":"cmeps"},
{"name":"med_phases_history_write_comp", "ph":"E", "ts":"1031609186626", "pid":"1", "tid":"cmeps"},
{"name":"med_phases_post_ocn", "ph":"E", "ts":"1031609186629", "pid":"1", "tid":"cmeps"},
{"name":"med_phases_restart_write", "ph":"B", "ts":"1031609186866", "pid":"1", "tid":"cmeps"},
{"name":"med_phases_restart_write", "ph":"E", "ts":"1031609186896", "pid":"1", "tid":"cmeps"},
{"name":"med_phases_prep_ocn_avg", "ph":"B", "ts":"1031609187016", "pid":"1", "tid":"cmeps"},
{"name":"med_phases_prep_ocn_avg", "ph":"E", "ts":"1031609188758", "pid":"1", "tid":"cmeps"},
{"name":"med_phases_prep_atm", "ph":"B", "ts":"1031609191637", "pid":"1", "tid":"cmeps"},
{"name":"med_phases_prep_atm", "ph":"E", "ts":"1031609200397", "pid":"1", "tid":"cmeps"},
{"name":"med_phases_prep_ice", "ph":"B", "ts":"1031609200674", "pid":"1", "tid":"cmeps"},
{"name":"med_phases_prep_ice", "ph":"E", "ts":"1031609201781", "pid":"1", "tid":"cmeps"},
{"name":"ModelAdvance", "ph":"B", "ts":"1031609206775", "pid":"1", "tid":"fv3"},
{"name":"ModelAdvance_phase1", "ph":"B", "ts":"1031609206782", "pid":"1", "tid":"fv3"},
{"name":"fcst_run_phase_1", "ph":"B", "ts":"1031609206815", "pid":"1", "tid":"fv3"},
{"name":"fcst_run_phase_1", "ph":"E", "ts":"1031611559487", "pid":"1", "tid":"fv3"},
{"name":"ModelAdvance_phase1", "ph":"E", "ts":"1031611559530", "pid":"1", "tid":"fv3"},
{"name":"ModelAdvance_phase2", "ph":"B", "ts":"1031611559532", "pid":"1", "tid":"fv3"},
{"name":"fcst_run_phase_2", "ph":"B", "ts":"1031611559554", "pid":"1", "tid":"fv3"},
{"name":"fcst_run_phase_2", "ph":"E", "ts":"1031611882871", "pid":"1", "tid":"fv3"},
{"name":"ModelAdvance_phase2", "ph":"E", "ts":"1031611883030", "pid":"1", "tid":"fv3"},
{"name":"ModelAdvance", "ph":"E", "ts":"1031611883033", "pid":"1", "tid":"fv3"},
{"name":"med_phases_post_atm", "ph":"B", "ts":"1031611884108", "pid":"1", "tid":"cmeps"},
{"name":"med_phases_history_write_comp", "ph":"B", "ts":"1031611895640", "pid":"1", "tid":"cmeps"},
{"name":"med_phases_history_write_comp", "ph":"E", "ts":"1031611895708", "pid":"1", "tid":"cmeps"},
{"name":"med_phases_post_atm", "ph":"E", "ts":"1031611895712", "pid":"1", "tid":"cmeps"},
{"name":"med_phases_post_ice", "ph":"B", "ts":"1031611898352", "pid":"1", "tid":"cmeps"},
{"name":"med_phases_history_write_comp", "ph":"B", "ts":"1031611904649", "pid":"1", "tid":"cmeps"},
{"name":"med_phases_history_write_comp", "ph":"E", "ts":"1031611904705", "pid":"1", "tid":"cmeps"},
{"name":"med_phases_post_ice", "ph":"E", "ts":"1031611904708", "pid":"1", "tid":"cmeps"},
{"name":"med_phases_ocnalb_run", "ph":"B", "ts":"1031611904973", "pid":"1", "tid":"cmeps"},
{"name":"med_phases_history_write_med", "ph":"B", "ts":"1031611905532", "pid":"1", "tid":"cmeps"},
{"name":"med_phases_history_write_med", "ph":"E", "ts":"1031611905536", "pid":"1", "tid":"cmeps"},
{"name":"med_phases_ocnalb_run", "ph":"E", "ts":"1031611905538", "pid":"1", "tid":"cmeps"},
{"name":"med_phases_prep_ocn_accum", "ph":"B", "ts":"1031611905679", "pid":"1", "tid":"cmeps"},
{"name":"med_phases_prep_ocn_accum", "ph":"E", "ts":"1031611908218", "pid":"1", "tid":"cmeps"},
{"name":"med_phases_prep_atm", "ph":"B", "ts":"1031611908475", "pid":"1", "tid":"cmeps"},
{"name":"med_phases_prep_atm", "ph":"E", "ts":"1031611916439", "pid":"1", "tid":"cmeps"},
{"name":"med_phases_prep_ice", "ph":"B", "ts":"1031611916720", "pid":"1", "tid":"cmeps"},
{"name":"med_phases_prep_ice", "ph":"E", "ts":"1031611917952", "pid":"1", "tid":"cmeps"},
{"name":"ModelAdvance", "ph":"B", "ts":"1031611923024", "pid":"1", "tid":"fv3"},
{"name":"ModelAdvance_phase1", "ph":"B", "ts":"1031611923033", "pid":"1", "tid":"fv3"},
{"name":"fcst_run_phase_1", "ph":"B", "ts":"1031611923094", "pid":"1", "tid":"fv3"},
{"name":"fcst_run_phase_1", "ph":"E", "ts":"1031614329963", "pid":"1", "tid":"fv3"},
{"name":"ModelAdvance_phase1", "ph":"E", "ts":"1031614330088", "pid":"1", "tid":"fv3"},
{"name":"ModelAdvance_phase2", "ph":"B", "ts":"1031614330092", "pid":"1", "tid":"fv3"},
{"name":"fcst_run_phase_2", "ph":"B", "ts":"1031614330118", "pid":"1", "tid":"fv3"},
{"name":"fcst_run_phase_2", "ph":"E", "ts":"1031614658038", "pid":"1", "tid":"fv3"},
{"name":"ModelAdvance_phase2", "ph":"E", "ts":"1031614658097", "pid":"1", "tid":"fv3"},
{"name":"ModelAdvance", "ph":"E", "ts":"1031614658100", "pid":"1", "tid":"fv3"},
{"name":"med_phases_post_atm", "ph":"B", "ts":"1031614659377", "pid":"1", "tid":"cmeps"},
{"name":"med_phases_history_write_comp", "ph":"B", "ts":"1031614669316", "pid":"1", "tid":"cmeps"},
{"name":"med_phases_history_write_comp", "ph":"E", "ts":"1031614669394", "pid":"1", "tid":"cmeps"},
{"name":"med_phases_post_atm", "ph":"E", "ts":"1031614669397", "pid":"1", "tid":"cmeps"},
{"name":"med_phases_post_ice", "ph":"B", "ts":"1031614672209", "pid":"1", "tid":"cmeps"},
{"name":"med_phases_history_write_comp", "ph":"B", "ts":"1031614677359", "pid":"1", "tid":"cmeps"},
{"name":"med_phases_history_write_comp", "ph":"E", "ts":"1031614677406", "pid":"1", "tid":"cmeps"},
{"name":"med_phases_post_ice", "ph":"E", "ts":"1031614677409", "pid":"1", "tid":"cmeps"},
{"name":"med_phases_ocnalb_run", "ph":"B", "ts":"1031614677649", "pid":"1", "tid":"cmeps"},
{"name":"med_phases_history_write_med", "ph":"B", "ts":"1031614678213", "pid":"1", "tid":"cmeps"},
{"name":"med_phases_history_write_med", "ph":"E", "ts":"1031614678217", "pid":"1", "tid":"cmeps"},
{"name":"med_phases_ocnalb_run", "ph":"E", "ts":"1031614678219", "pid":"1", "tid":"cmeps"},
{"name":"med_phases_prep_ocn_accum", "ph":"B", "ts":"1031614678356", "pid":"1", "tid":"cmeps"},
{"name":"med_phases_prep_ocn_accum", "ph":"E", "ts":"1031614680704", "pid":"1", "tid":"cmeps"},
{"name":"med_phases_prep_atm", "ph":"B", "ts":"1031614680954", "pid":"1", "tid":"cmeps"},
{"name":"med_phases_prep_atm", "ph":"E", "ts":"1031614688963", "pid":"1", "tid":"cmeps"},
{"name":"med_phases_prep_ice", "ph":"B", "ts":"1031614689275", "pid":"1", "tid":"cmeps"},
{"name":"med_phases_prep_ice", "ph":"E", "ts":"1031614690441", "pid":"1", "tid":"cmeps"},
{"name":"ModelAdvance", "ph":"B", "ts":"1031614695631", "pid":"1", "tid":"fv3"},
{"name":"ModelAdvance_phase1", "ph":"B", "ts":"1031614695639", "pid":"1", "tid":"fv3"},
{"name":"fcst_run_phase_1", "ph":"B", "ts":"1031614695703", "pid":"1", "tid":"fv3"},
{"name":"fcst_run_phase_1", "ph":"E", "ts":"1031617238137", "pid":"1", "tid":"fv3"},
{"name":"ModelAdvance_phase1", "ph":"E", "ts":"1031617238175", "pid":"1", "tid":"fv3"},
{"name":"ModelAdvance_phase2", "ph":"B", "ts":"1031617238178", "pid":"1", "tid":"fv3"},
{"name":"fcst_run_phase_2", "ph":"B", "ts":"1031617238197", "pid":"1", "tid":"fv3"},
{"name":"fcst_run_phase_2", "ph":"E", "ts":"1031617564535", "pid":"1", "tid":"fv3"},
{"name":"ModelAdvance_phase2", "ph":"E", "ts":"1031617564592", "pid":"1", "tid":"fv3"},
{"name":"ModelAdvance", "ph":"E", "ts":"1031617564596", "pid":"1", "tid":"fv3"},
{"name":"med_phases_post_atm", "ph":"B", "ts":"1031617566245", "pid":"1", "tid":"cmeps"},
{"name":"med_phases_history_write_comp", "ph":"B", "ts":"1031617576370", "pid":"1", "tid":"cmeps"},
{"name":"med_phases_history_write_comp", "ph":"E", "ts":"1031617576431", "pid":"1", "tid":"cmeps"},
{"name":"med_phases_post_atm", "ph":"E", "ts":"1031617576541", "pid":"1", "tid":"cmeps"},
{"name":"med_phases_post_ice", "ph":"B", "ts":"1031617579268", "pid":"1", "tid":"cmeps"},
{"name":"med_phases_history_write_comp", "ph":"B", "ts":"1031617583663", "pid":"1", "tid":"cmeps"},
{"name":"med_phases_history_write_comp", "ph":"E", "ts":"1031617583741", "pid":"1", "tid":"cmeps"},
{"name":"med_phases_post_ice", "ph":"E", "ts":"1031617583745", "pid":"1", "tid":"cmeps"},
{"name":"med_phases_ocnalb_run", "ph":"B", "ts":"1031617584168", "pid":"1", "tid":"cmeps"},
{"name":"med_phases_history_write_med", "ph":"B", "ts":"1031617584747", "pid":"1", "tid":"cmeps"},
{"name":"med_phases_history_write_med", "ph":"E", "ts":"1031617584752", "pid":"1", "tid":"cmeps"},
{"name":"med_phases_ocnalb_run", "ph":"E", "ts":"1031617584754", "pid":"1", "tid":"cmeps"},
{"name":"med_phases_prep_ocn_accum", "ph":"B", "ts":"1031617584891", "pid":"1", "tid":"cmeps"},
{"name":"med_phases_prep_ocn_accum", "ph":"E", "ts":"1031617587202", "pid":"1", "tid":"cmeps"},
{"name":"med_phases_post_ocn", "ph":"B", "ts":"1031617588626", "pid":"1", "tid":"cmeps"},
{"name":"med_phases_history_write_comp", "ph":"B", "ts":"1031617590589", "pid":"1", "tid":"cmeps"},
{"name":"med_phases_history_write_comp", "ph":"E", "ts":"1031617590636", "pid":"1", "tid":"cmeps"},
{"name":"med_phases_post_ocn", "ph":"E", "ts":"1031617590638", "pid":"1", "tid":"cmeps"},
{"name":"med_phases_restart_write", "ph":"B", "ts":"1031617590879", "pid":"1", "tid":"cmeps"},
{"name":"med_phases_restart_write", "ph":"E", "ts":"1031617590910", "pid":"1", "tid":"cmeps"},
{"name":"med_phases_prep_ocn_avg", "ph":"B", "ts":"1031617591036", "pid":"1", "tid":"cmeps"},
{"name":"med_phases_prep_ocn_avg", "ph":"E", "ts":"1031617592732", "pid":"1", "tid":"cmeps"},
{"name":"med_phases_prep_atm", "ph":"B", "ts":"1031617595189", "pid":"1", "tid":"cmeps"},
{"name":"med_phases_prep_atm", "ph":"E", "ts":"1031617604011", "pid":"1", "tid":"cmeps"},
{"name":"med_phases_prep_ice", "ph":"B", "ts":"1031617604279", "pid":"1", "tid":"cmeps"},
{"name":"med_phases_prep_ice", "ph":"E", "ts":"1031617605429", "pid":"1", "tid":"cmeps"},
{"name":"ModelAdvance", "ph":"B", "ts":"1031617610849", "pid":"1", "tid":"fv3"},
{"name":"ModelAdvance_phase1", "ph":"B", "ts":"1031617610859", "pid":"1", "tid":"fv3"},
{"name":"fcst_run_phase_1", "ph":"B", "ts":"1031617610900", "pid":"1", "tid":"fv3"},
{"name":"fcst_run_phase_1", "ph":"E", "ts":"1031624675395", "pid":"1", "tid":"fv3"},
{"name":"ModelAdvance_phase1", "ph":"E", "ts":"1031624675492", "pid":"1", "tid":"fv3"},
{"name":"ModelAdvance_phase2", "ph":"B", "ts":"1031624675495", "pid":"1", "tid":"fv3"},
{"name":"fcst_run_phase_2", "ph":"B", "ts":"1031624675519", "pid":"1", "tid":"fv3"},
{"name":"fcst_run_phase_2", "ph":"E", "ts":"1031625419635", "pid":"1", "tid":"fv3"},
{"name":"ModelAdvance_phase2", "ph":"E", "ts":"1031625419693", "pid":"1", "tid":"fv3"},
{"name":"ModelAdvance", "ph":"E", "ts":"1031625419696", "pid":"1", "tid":"fv3"},
{"name":"med_phases_post_atm", "ph":"B", "ts":"1031625422187", "pid":"1", "tid":"cmeps"},
{"name":"med_phases_history_write_comp", "ph":"B", "ts":"1031625432144", "pid":"1", "tid":"cmeps"},
{"name":"med_phases_history_write_comp", "ph":"E", "ts":"1031625432184", "pid":"1", "tid":"cmeps"},
{"name":"med_phases_post_atm", "ph":"E", "ts":"1031625432187", "pid":"1", "tid":"cmeps"},
{"name":"med_phases_post_ice", "ph":"B", "ts":"1031625434607", "pid":"1", "tid":"cmeps"},
{"name":"med_phases_history_write_comp", "ph":"B", "ts":"1031625441300", "pid":"1", "tid":"cmeps"},
{"name":"med_phases_history_write_comp", "ph":"E", "ts":"1031625441365", "pid":"1", "tid":"cmeps"},
{"name":"med_phases_post_ice", "ph":"E", "ts":"1031625441368", "pid":"1", "tid":"cmeps"},
{"name":"med_phases_ocnalb_run", "ph":"B", "ts":"1031625441659", "pid":"1", "tid":"cmeps"},
{"name":"med_phases_history_write_med", "ph":"B", "ts":"1031625442257", "pid":"1", "tid":"cmeps"},
{"name":"med_phases_history_write_med", "ph":"E", "ts":"1031625442263", "pid":"1", "tid":"cmeps"},
{"name":"med_phases_ocnalb_run", "ph":"E", "ts":"1031625442355", "pid":"1", "tid":"cmeps"},
{"name":"med_phases_prep_ocn_accum", "ph":"B", "ts":"1031625442512", "pid":"1", "tid":"cmeps"},
{"name":"med_phases_prep_ocn_accum", "ph":"E", "ts":"1031625444770", "pid":"1", "tid":"cmeps"},
{"name":"med_phases_prep_atm", "ph":"B", "ts":"1031625445059", "pid":"1", "tid":"cmeps"},
{"name":"med_phases_prep_atm", "ph":"E", "ts":"1031625453484", "pid":"1", "tid":"cmeps"},
{"name":"med_phases_prep_ice", "ph":"B", "ts":"1031625453777", "pid":"1", "tid":"cmeps"},
{"name":"med_phases_prep_ice", "ph":"E", "ts":"1031625455036", "pid":"1", "tid":"cmeps"},
{"name":"ModelAdvance", "ph":"B", "ts":"1031625459643", "pid":"1", "tid":"fv3"},
{"name":"ModelAdvance_phase1", "ph":"B", "ts":"1031625459651", "pid":"1", "tid":"fv3"},
{"name":"fcst_run_phase_1", "ph":"B", "ts":"1031625459684", "pid":"1", "tid":"fv3"},
{"name":"fcst_run_phase_1", "ph":"E", "ts":"1031627794861", "pid":"1", "tid":"fv3"},
{"name":"ModelAdvance_phase1", "ph":"E", "ts":"1031627794897", "pid":"1", "tid":"fv3"},
{"name":"ModelAdvance_phase2", "ph":"B", "ts":"1031627794899", "pid":"1", "tid":"fv3"},
{"name":"fcst_run_phase_2", "ph":"B", "ts":"1031627794920", "pid":"1", "tid":"fv3"},
{"name":"fcst_run_phase_2", "ph":"E", "ts":"1031628125071", "pid":"1", "tid":"fv3"},
{"name":"ModelAdvance_phase2", "ph":"E", "ts":"1031628125130", "pid":"1", "tid":"fv3"},
{"name":"ModelAdvance", "ph":"E", "ts":"1031628125132", "pid":"1", "tid":"fv3"},
{"name":"med_phases_post_atm", "ph":"B", "ts":"1031628126393", "pid":"1", "tid":"cmeps"},
{"name":"med_phases_history_write_comp", "ph":"B", "ts":"1031628136616", "pid":"1", "tid":"cmeps"},
{"name":"med_phases_history_write_comp", "ph":"E", "ts":"1031628136683", "pid":"1", "tid":"cmeps"},
{"name":"med_phases_post_atm", "ph":"E", "ts":"1031628136687", "pid":"1", "tid":"cmeps"},
{"name":"med_phases_post_ice", "ph":"B", "ts":"1031628139533", "pid":"1", "tid":"cmeps"},
{"name":"med_phases_history_write_comp", "ph":"B", "ts":"1031628145353", "pid":"1", "tid":"cmeps"},
{"name":"med_phases_history_write_comp", "ph":"E", "ts":"1031628145412", "pid":"1", "tid":"cmeps"},
{"name":"med_phases_post_ice", "ph":"E", "ts":"1031628145416", "pid":"1", "tid":"cmeps"},
{"name":"med_phases_ocnalb_run", "ph":"B", "ts":"1031628145660", "pid":"1", "tid":"cmeps"},
{"name":"med_phases_history_write_med", "ph":"B", "ts":"1031628146275", "pid":"1", "tid":"cmeps"},
{"name":"med_phases_history_write_med", "ph":"E", "ts":"1031628146281", "pid":"1", "tid":"cmeps"},
{"name":"med_phases_ocnalb_run", "ph":"E", "ts":"1031628146283", "pid":"1", "tid":"cmeps"},
{"name":"med_phases_prep_ocn_accum", "ph":"B", "ts":"1031628146428", "pid":"1", "tid":"cmeps"},
{"name":"med_phases_prep_ocn_accum", "ph":"E", "ts":"1031628148747", "pid":"1", "tid":"cmeps"},
{"name":"med_phases_prep_atm", "ph":"B", "ts":"1031628149003", "pid":"1", "tid":"cmeps"},
{"name":"med_phases_prep_atm", "ph":"E", "ts":"1031628157224", "pid":"1", "tid":"cmeps"},
{"name":"med_phases_prep_ice", "ph":"B", "ts":"1031628157453", "pid":"1", "tid":"cmeps"},
{"name":"med_phases_prep_ice", "ph":"E", "ts":"1031628158545", "pid":"1", "tid":"cmeps"},
{"name":"ModelAdvance", "ph":"B", "ts":"1031628163695", "pid":"1", "tid":"fv3"},
{"name":"ModelAdvance_phase1", "ph":"B", "ts":"1031628163702", "pid":"1", "tid":"fv3"},
{"name":"fcst_run_phase_1", "ph":"B", "ts":"1031628163732", "pid":"1", "tid":"fv3"},
{"name":"fcst_run_phase_1", "ph":"E", "ts":"1031630498273", "pid":"1", "tid":"fv3"},
{"name":"ModelAdvance_phase1", "ph":"E", "ts":"1031630498379", "pid":"1", "tid":"fv3"},
{"name":"ModelAdvance_phase2", "ph":"B", "ts":"1031630498382", "pid":"1", "tid":"fv3"},
{"name":"fcst_run_phase_2", "ph":"B", "ts":"1031630498409", "pid":"1", "tid":"fv3"},
{"name":"fcst_run_phase_2", "ph":"E", "ts":"1031630818805", "pid":"1", "tid":"fv3"},
{"name":"ModelAdvance_phase2", "ph":"E", "ts":"1031630818872", "pid":"1", "tid":"fv3"},
{"name":"ModelAdvance", "ph":"E", "ts":"1031630818876", "pid":"1", "tid":"fv3"},
{"name":"med_phases_post_atm", "ph":"B", "ts":"1031630820076", "pid":"1", "tid":"cmeps"},
{"name":"med_phases_history_write_comp", "ph":"B", "ts":"1031630831684", "pid":"1", "tid":"cmeps"},
{"name":"med_phases_history_write_comp", "ph":"E", "ts":"1031630831737", "pid":"1", "tid":"cmeps"},
{"name":"med_phases_post_atm", "ph":"E", "ts":"1031630831741", "pid":"1", "tid":"cmeps"},
{"name":"med_phases_post_ice", "ph":"B", "ts":"1031630834590", "pid":"1", "tid":"cmeps"},
{"name":"med_phases_history_write_comp", "ph":"B", "ts":"1031630839621", "pid":"1", "tid":"cmeps"},
{"name":"med_phases_history_write_comp", "ph":"E", "ts":"1031630839682", "pid":"1", "tid":"cmeps"},
{"name":"med_phases_post_ice", "ph":"E", "ts":"1031630839685", "pid":"1", "tid":"cmeps"},
{"name":"med_phases_ocnalb_run", "ph":"B", "ts":"1031630840060", "pid":"1", "tid":"cmeps"},
{"name":"med_phases_history_write_med", "ph":"B", "ts":"1031630840802", "pid":"1", "tid":"cmeps"},
{"name":"med_phases_history_write_med", "ph":"E", "ts":"1031630840807", "pid":"1", "tid":"cmeps"},
{"name":"med_phases_ocnalb_run", "ph":"E", "ts":"1031630840811", "pid":"1", "tid":"cmeps"},
{"name":"med_phases_prep_ocn_accum", "ph":"B", "ts":"1031630840988", "pid":"1", "tid":"cmeps"},
{"name":"med_phases_prep_ocn_accum", "ph":"E", "ts":"1031630843439", "pid":"1", "tid":"cmeps"},
{"name":"med_phases_post_ocn", "ph":"B", "ts":"1031630844581", "pid":"1", "tid":"cmeps"},
{"name":"med_phases_history_write_comp", "ph":"B", "ts":"1031630846362", "pid":"1", "tid":"cmeps"},
{"name":"med_phases_history_write_comp", "ph":"E", "ts":"1031630846401", "pid":"1", "tid":"cmeps"},
{"name":"med_phases_post_ocn", "ph":"E", "ts":"1031630846403", "pid":"1", "tid":"cmeps"},
{"name":"med_phases_restart_write", "ph":"B", "ts":"1031630846615", "pid":"1", "tid":"cmeps"},
{"name":"med_phases_restart_write", "ph":"E", "ts":"1031630846648", "pid":"1", "tid":"cmeps"},
{"name":"med_phases_prep_ocn_avg", "ph":"B", "ts":"1031630846755", "pid":"1", "tid":"cmeps"},
{"name":"med_phases_prep_ocn_avg", "ph":"E", "ts":"1031630848463", "pid":"1", "tid":"cmeps"},
{"name":"med_phases_prep_atm", "ph":"B", "ts":"1031630850541", "pid":"1", "tid":"cmeps"},
{"name":"med_phases_prep_atm", "ph":"E", "ts":"1031630860561", "pid":"1", "tid":"cmeps"},
{"name":"med_phases_prep_ice", "ph":"B", "ts":"1031630860795", "pid":"1", "tid":"cmeps"},
{"name":"med_phases_prep_ice", "ph":"E", "ts":"1031630861976", "pid":"1", "tid":"cmeps"},
{"name":"ModelAdvance", "ph":"B", "ts":"1031630868746", "pid":"1", "tid":"fv3"},
{"name":"ModelAdvance_phase1", "ph":"B", "ts":"1031630868758", "pid":"1", "tid":"fv3"},
{"name":"fcst_run_phase_1", "ph":"B", "ts":"1031630868799", "pid":"1", "tid":"fv3"},
{"name":"fcst_run_phase_1", "ph":"E", "ts":"1031633203649", "pid":"1", "tid":"fv3"},
{"name":"ModelAdvance_phase1", "ph":"E", "ts":"1031633203694", "pid":"1", "tid":"fv3"},
{"name":"ModelAdvance_phase2", "ph":"B", "ts":"1031633203696", "pid":"1", "tid":"fv3"},
{"name":"fcst_run_phase_2", "ph":"B", "ts":"1031633203721", "pid":"1", "tid":"fv3"},
{"name":"fcst_run_phase_2", "ph":"E", "ts":"1031633538319", "pid":"1", "tid":"fv3"},
{"name":"ModelAdvance_phase2", "ph":"E", "ts":"1031633538560", "pid":"1", "tid":"fv3"},
{"name":"ModelAdvance", "ph":"E", "ts":"1031633538562", "pid":"1", "tid":"fv3"},
{"name":"med_phases_post_atm", "ph":"B", "ts":"1031633539737", "pid":"1", "tid":"cmeps"},
{"name":"med_phases_history_write_comp", "ph":"B", "ts":"1031633550398", "pid":"1", "tid":"cmeps"},
{"name":"med_phases_history_write_comp", "ph":"E", "ts":"1031633550444", "pid":"1", "tid":"cmeps"},
{"name":"med_phases_post_atm", "ph":"E", "ts":"1031633550447", "pid":"1", "tid":"cmeps"},
{"name":"med_phases_post_ice", "ph":"B", "ts":"1031633553083", "pid":"1", "tid":"cmeps"},
{"name":"med_phases_history_write_comp", "ph":"B", "ts":"1031633559995", "pid":"1", "tid":"cmeps"},
{"name":"med_phases_history_write_comp", "ph":"E", "ts":"1031633560044", "pid":"1", "tid":"cmeps"},
{"name":"med_phases_post_ice", "ph":"E", "ts":"1031633560048", "pid":"1", "tid":"cmeps"},
{"name":"med_phases_ocnalb_run", "ph":"B", "ts":"1031633560340", "pid":"1", "tid":"cmeps"},
{"name":"med_phases_history_write_med", "ph":"B", "ts":"1031633560952", "pid":"1", "tid":"cmeps"},
{"name":"med_phases_history_write_med", "ph":"E", "ts":"1031633560958", "pid":"1", "tid":"cmeps"},
{"name":"med_phases_ocnalb_run", "ph":"E", "ts":"1031633560970", "pid":"1", "tid":"cmeps"},
{"name":"med_phases_prep_ocn_accum", "ph":"B", "ts":"1031633561170", "pid":"1", "tid":"cmeps"},
{"name":"med_phases_prep_ocn_accum", "ph":"E", "ts":"1031633563453", "pid":"1", "tid":"cmeps"},
{"name":"med_phases_prep_atm", "ph":"B", "ts":"1031633563678", "pid":"1", "tid":"cmeps"},
{"name":"med_phases_prep_atm", "ph":"E", "ts":"1031633572064", "pid":"1", "tid":"cmeps"},
{"name":"med_phases_prep_ice", "ph":"B", "ts":"1031633572338", "pid":"1", "tid":"cmeps"},
{"name":"med_phases_prep_ice", "ph":"E", "ts":"1031633573449", "pid":"1", "tid":"cmeps"},
{"name":"ModelAdvance", "ph":"B", "ts":"1031633578670", "pid":"1", "tid":"fv3"},
{"name":"ModelAdvance_phase1", "ph":"B", "ts":"1031633578681", "pid":"1", "tid":"fv3"},
{"name":"fcst_run_phase_1", "ph":"B", "ts":"1031633578718", "pid":"1", "tid":"fv3"},
{"name":"fcst_run_phase_1", "ph":"E", "ts":"1031635917431", "pid":"1", "tid":"fv3"},
{"name":"ModelAdvance_phase1", "ph":"E", "ts":"1031635917472", "pid":"1", "tid":"fv3"},
{"name":"ModelAdvance_phase2", "ph":"B", "ts":"1031635917475", "pid":"1", "tid":"fv3"},
{"name":"fcst_run_phase_2", "ph":"B", "ts":"1031635917499", "pid":"1", "tid":"fv3"},
{"name":"fcst_run_phase_2", "ph":"E", "ts":"1031636237063", "pid":"1", "tid":"fv3"},
{"name":"ModelAdvance_phase2", "ph":"E", "ts":"1031636237157", "pid":"1", "tid":"fv3"},
{"name":"ModelAdvance", "ph":"E", "ts":"1031636237160", "pid":"1", "tid":"fv3"},
{"name":"med_phases_post_atm", "ph":"B", "ts":"1031636239353", "pid":"1", "tid":"cmeps"},
{"name":"med_phases_history_write_comp", "ph":"B", "ts":"1031636250631", "pid":"1", "tid":"cmeps"},
{"name":"med_phases_history_write_comp", "ph":"E", "ts":"1031636250672", "pid":"1", "tid":"cmeps"},
{"name":"med_phases_post_atm", "ph":"E", "ts":"1031636250675", "pid":"1", "tid":"cmeps"},
{"name":"med_phases_post_ice", "ph":"B", "ts":"1031636253473", "pid":"1", "tid":"cmeps"},
{"name":"med_phases_history_write_comp", "ph":"B", "ts":"1031636259692", "pid":"1", "tid":"cmeps"},
{"name":"med_phases_history_write_comp", "ph":"E", "ts":"1031636259743", "pid":"1", "tid":"cmeps"},
{"name":"med_phases_post_ice", "ph":"E", "ts":"1031636259748", "pid":"1", "tid":"cmeps"},
{"name":"med_phases_ocnalb_run", "ph":"B", "ts":"1031636260037", "pid":"1", "tid":"cmeps"},
{"name":"med_phases_history_write_med", "ph":"B", "ts":"1031636260579", "pid":"1", "tid":"cmeps"},
{"name":"med_phases_history_write_med", "ph":"E", "ts":"1031636260582", "pid":"1", "tid":"cmeps"},
{"name":"med_phases_ocnalb_run", "ph":"E", "ts":"1031636260585", "pid":"1", "tid":"cmeps"},
{"name":"med_phases_prep_ocn_accum", "ph":"B", "ts":"1031636260725", "pid":"1", "tid":"cmeps"},
{"name":"med_phases_prep_ocn_accum", "ph":"E", "ts":"1031636263114", "pid":"1", "tid":"cmeps"},
{"name":"med_phases_prep_atm", "ph":"B", "ts":"1031636263339", "pid":"1", "tid":"cmeps"},
{"name":"med_phases_prep_atm", "ph":"E", "ts":"1031636271421", "pid":"1", "tid":"cmeps"},
{"name":"med_phases_prep_ice", "ph":"B", "ts":"1031636271693", "pid":"1", "tid":"cmeps"},
{"name":"med_phases_prep_ice", "ph":"E", "ts":"1031636272826", "pid":"1", "tid":"cmeps"},
{"name":"ModelAdvance", "ph":"B", "ts":"1031636278252", "pid":"1", "tid":"fv3"},
{"name":"ModelAdvance_phase1", "ph":"B", "ts":"1031636278264", "pid":"1", "tid":"fv3"},
{"name":"fcst_run_phase_1", "ph":"B", "ts":"1031636278306", "pid":"1", "tid":"fv3"},
{"name":"fcst_run_phase_1", "ph":"E", "ts":"1031638621558", "pid":"1", "tid":"fv3"},
{"name":"ModelAdvance_phase1", "ph":"E", "ts":"1031638621601", "pid":"1", "tid":"fv3"},
{"name":"ModelAdvance_phase2", "ph":"B", "ts":"1031638621604", "pid":"1", "tid":"fv3"},
{"name":"fcst_run_phase_2", "ph":"B", "ts":"1031638621629", "pid":"1", "tid":"fv3"},
{"name":"fcst_run_phase_2", "ph":"E", "ts":"1031638946542", "pid":"1", "tid":"fv3"},
{"name":"ModelAdvance_phase2", "ph":"E", "ts":"1031638946696", "pid":"1", "tid":"fv3"},
{"name":"ModelAdvance", "ph":"E", "ts":"1031638946698", "pid":"1", "tid":"fv3"},
{"name":"med_phases_post_atm", "ph":"B", "ts":"1031638948680", "pid":"1", "tid":"cmeps"},
{"name":"med_phases_history_write_comp", "ph":"B", "ts":"1031638959487", "pid":"1", "tid":"cmeps"},
{"name":"med_phases_history_write_comp", "ph":"E", "ts":"1031638959571", "pid":"1", "tid":"cmeps"},
{"name":"med_phases_post_atm", "ph":"E", "ts":"1031638959575", "pid":"1", "tid":"cmeps"},
{"name":"med_phases_post_ice", "ph":"B", "ts":"1031638962230", "pid":"1", "tid":"cmeps"},
{"name":"med_phases_history_write_comp", "ph":"B", "ts":"1031638967834", "pid":"1", "tid":"cmeps"},
{"name":"med_phases_history_write_comp", "ph":"E", "ts":"1031638967889", "pid":"1", "tid":"cmeps"},
{"name":"med_phases_post_ice", "ph":"E", "ts":"1031638967891", "pid":"1", "tid":"cmeps"},
{"name":"med_phases_ocnalb_run", "ph":"B", "ts":"1031638968149", "pid":"1", "tid":"cmeps"},
{"name":"med_phases_history_write_med", "ph":"B", "ts":"1031638968687", "pid":"1", "tid":"cmeps"},
{"name":"med_phases_history_write_med", "ph":"E", "ts":"1031638968691", "pid":"1", "tid":"cmeps"},
{"name":"med_phases_ocnalb_run", "ph":"E", "ts":"1031638968693", "pid":"1", "tid":"cmeps"},
{"name":"med_phases_prep_ocn_accum", "ph":"B", "ts":"1031638968831", "pid":"1", "tid":"cmeps"},
{"name":"med_phases_prep_ocn_accum", "ph":"E", "ts":"1031638971251", "pid":"1", "tid":"cmeps"},
{"name":"med_phases_post_ocn", "ph":"B", "ts":"1031638972419", "pid":"1", "tid":"cmeps"},
{"name":"med_phases_history_write_comp", "ph":"B", "ts":"1031638974251", "pid":"1", "tid":"cmeps"},
{"name":"med_phases_history_write_comp", "ph":"E", "ts":"1031638974293", "pid":"1", "tid":"cmeps"},
{"name":"med_phases_post_ocn", "ph":"E", "ts":"1031638974296", "pid":"1", "tid":"cmeps"},
{"name":"med_phases_restart_write", "ph":"B", "ts":"1031638974561", "pid":"1", "tid":"cmeps"},
{"name":"med_phases_restart_write", "ph":"E", "ts":"1031638974596", "pid":"1", "tid":"cmeps"},
{"name":"med_phases_prep_ocn_avg", "ph":"B", "ts":"1031638974705", "pid":"1", "tid":"cmeps"},
{"name":"med_phases_prep_ocn_avg", "ph":"E", "ts":"1031638976371", "pid":"1", "tid":"cmeps"},
{"name":"med_phases_prep_atm", "ph":"B", "ts":"1031638978506", "pid":"1", "tid":"cmeps"},
{"name":"med_phases_prep_atm", "ph":"E", "ts":"1031638989008", "pid":"1", "tid":"cmeps"},
{"name":"med_phases_prep_ice", "ph":"B", "ts":"1031638989247", "pid":"1", "tid":"cmeps"},
{"name":"med_phases_prep_ice", "ph":"E", "ts":"1031638990314", "pid":"1", "tid":"cmeps"},
{"name":"ModelAdvance", "ph":"B", "ts":"1031638995600", "pid":"1", "tid":"fv3"},
{"name":"ModelAdvance_phase1", "ph":"B", "ts":"1031638995611", "pid":"1", "tid":"fv3"},
{"name":"fcst_run_phase_1", "ph":"B", "ts":"1031638995673", "pid":"1", "tid":"fv3"},
{"name":"fcst_run_phase_1", "ph":"E", "ts":"1031646098586", "pid":"1", "tid":"fv3"},
{"name":"ModelAdvance_phase1", "ph":"E", "ts":"1031646098690", "pid":"1", "tid":"fv3"},
{"name":"ModelAdvance_phase2", "ph":"B", "ts":"1031646098694", "pid":"1", "tid":"fv3"},
{"name":"fcst_run_phase_2", "ph":"B", "ts":"1031646098727", "pid":"1", "tid":"fv3"},
{"name":"fcst_run_phase_2", "ph":"E", "ts":"1031646922699", "pid":"1", "tid":"fv3"},
{"name":"ModelAdvance_phase2", "ph":"E", "ts":"1031646922759", "pid":"1", "tid":"fv3"},
{"name":"ModelAdvance", "ph":"E", "ts":"1031646922762", "pid":"1", "tid":"fv3"},
{"name":"med_phases_post_atm", "ph":"B", "ts":"1031646924174", "pid":"1", "tid":"cmeps"},
{"name":"med_phases_history_write_comp", "ph":"B", "ts":"1031646934561", "pid":"1", "tid":"cmeps"},
{"name":"med_phases_history_write_comp", "ph":"E", "ts":"1031646934621", "pid":"1", "tid":"cmeps"},
{"name":"med_phases_post_atm", "ph":"E", "ts":"1031646934626", "pid":"1", "tid":"cmeps"},
{"name":"med_phases_post_ice", "ph":"B", "ts":"1031646937421", "pid":"1", "tid":"cmeps"},
{"name":"med_phases_history_write_comp", "ph":"B", "ts":"1031646943261", "pid":"1", "tid":"cmeps"},
{"name":"med_phases_history_write_comp", "ph":"E", "ts":"1031646943323", "pid":"1", "tid":"cmeps"},
{"name":"med_phases_post_ice", "ph":"E", "ts":"1031646943442", "pid":"1", "tid":"cmeps"},
{"name":"med_phases_ocnalb_run", "ph":"B", "ts":"1031646943694", "pid":"1", "tid":"cmeps"},
{"name":"med_phases_history_write_med", "ph":"B", "ts":"1031646944304", "pid":"1", "tid":"cmeps"},
{"name":"med_phases_history_write_med", "ph":"E", "ts":"1031646944310", "pid":"1", "tid":"cmeps"},
{"name":"med_phases_ocnalb_run", "ph":"E", "ts":"1031646944313", "pid":"1", "tid":"cmeps"},
{"name":"med_phases_prep_ocn_accum", "ph":"B", "ts":"1031646944463", "pid":"1", "tid":"cmeps"},
{"name":"med_phases_prep_ocn_accum", "ph":"E", "ts":"1031646946794", "pid":"1", "tid":"cmeps"},
{"name":"med_phases_prep_atm", "ph":"B", "ts":"1031646947024", "pid":"1", "tid":"cmeps"},
{"name":"med_phases_prep_atm", "ph":"E", "ts":"1031646955283", "pid":"1", "tid":"cmeps"},
{"name":"med_phases_prep_ice", "ph":"B", "ts":"1031646955547", "pid":"1", "tid":"cmeps"},
{"name":"med_phases_prep_ice", "ph":"E", "ts":"1031646956688", "pid":"1", "tid":"cmeps"},
{"name":"ModelAdvance", "ph":"B", "ts":"1031646962179", "pid":"1", "tid":"fv3"},
{"name":"ModelAdvance_phase1", "ph":"B", "ts":"1031646962189", "pid":"1", "tid":"fv3"},
{"name":"fcst_run_phase_1", "ph":"B", "ts":"1031646962258", "pid":"1", "tid":"fv3"},
{"name":"fcst_run_phase_1", "ph":"E", "ts":"1031649289978", "pid":"1", "tid":"fv3"},
{"name":"ModelAdvance_phase1", "ph":"E", "ts":"1031649290099", "pid":"1", "tid":"fv3"},
{"name":"ModelAdvance_phase2", "ph":"B", "ts":"1031649290103", "pid":"1", "tid":"fv3"},
{"name":"fcst_run_phase_2", "ph":"B", "ts":"1031649290129", "pid":"1", "tid":"fv3"},
{"name":"fcst_run_phase_2", "ph":"E", "ts":"1031649614801", "pid":"1", "tid":"fv3"},
{"name":"ModelAdvance_phase2", "ph":"E", "ts":"1031649614863", "pid":"1", "tid":"fv3"},
{"name":"ModelAdvance", "ph":"E", "ts":"1031649614866", "pid":"1", "tid":"fv3"},
{"name":"med_phases_post_atm", "ph":"B", "ts":"1031649618914", "pid":"1", "tid":"cmeps"},
{"name":"med_phases_history_write_comp", "ph":"B", "ts":"1031649629687", "pid":"1", "tid":"cmeps"},
{"name":"med_phases_history_write_comp", "ph":"E", "ts":"1031649629748", "pid":"1", "tid":"cmeps"},
{"name":"med_phases_post_atm", "ph":"E", "ts":"1031649629751", "pid":"1", "tid":"cmeps"},
{"name":"med_phases_post_ice", "ph":"B", "ts":"1031649632452", "pid":"1", "tid":"cmeps"},
{"name":"med_phases_history_write_comp", "ph":"B", "ts":"1031649638464", "pid":"1", "tid":"cmeps"},
{"name":"med_phases_history_write_comp", "ph":"E", "ts":"1031649638526", "pid":"1", "tid":"cmeps"},
{"name":"med_phases_post_ice", "ph":"E", "ts":"1031649638530", "pid":"1", "tid":"cmeps"},
{"name":"med_phases_ocnalb_run", "ph":"B", "ts":"1031649638768", "pid":"1", "tid":"cmeps"},
{"name":"med_phases_history_write_med", "ph":"B", "ts":"1031649639338", "pid":"1", "tid":"cmeps"},
{"name":"med_phases_history_write_med", "ph":"E", "ts":"1031649639343", "pid":"1", "tid":"cmeps"},
{"name":"med_phases_ocnalb_run", "ph":"E", "ts":"1031649639345", "pid":"1", "tid":"cmeps"},
{"name":"med_phases_prep_ocn_accum", "ph":"B", "ts":"1031649639488", "pid":"1", "tid":"cmeps"},
{"name":"med_phases_prep_ocn_accum", "ph":"E", "ts":"1031649641744", "pid":"1", "tid":"cmeps"},
{"name":"med_phases_prep_atm", "ph":"B", "ts":"1031649642037", "pid":"1", "tid":"cmeps"},
{"name":"med_phases_prep_atm", "ph":"E", "ts":"1031649650309", "pid":"1", "tid":"cmeps"},
{"name":"med_phases_prep_ice", "ph":"B", "ts":"1031649650581", "pid":"1", "tid":"cmeps"},
{"name":"med_phases_prep_ice", "ph":"E", "ts":"1031649651755", "pid":"1", "tid":"cmeps"},
{"name":"ModelAdvance", "ph":"B", "ts":"1031649657826", "pid":"1", "tid":"fv3"},
{"name":"ModelAdvance_phase1", "ph":"B", "ts":"1031649657838", "pid":"1", "tid":"fv3"},
{"name":"fcst_run_phase_1", "ph":"B", "ts":"1031649657880", "pid":"1", "tid":"fv3"},
{"name":"fcst_run_phase_1", "ph":"E", "ts":"1031651989136", "pid":"1", "tid":"fv3"},
{"name":"ModelAdvance_phase1", "ph":"E", "ts":"1031651989206", "pid":"1", "tid":"fv3"},
{"name":"ModelAdvance_phase2", "ph":"B", "ts":"1031651989209", "pid":"1", "tid":"fv3"},
{"name":"fcst_run_phase_2", "ph":"B", "ts":"1031651989315", "pid":"1", "tid":"fv3"},
{"name":"fcst_run_phase_2", "ph":"E", "ts":"1031652314784", "pid":"1", "tid":"fv3"},
{"name":"ModelAdvance_phase2", "ph":"E", "ts":"1031652314846", "pid":"1", "tid":"fv3"},
{"name":"ModelAdvance", "ph":"E", "ts":"1031652314848", "pid":"1", "tid":"fv3"},
{"name":"med_phases_post_atm", "ph":"B", "ts":"1031652315922", "pid":"1", "tid":"cmeps"},
{"name":"med_phases_history_write_comp", "ph":"B", "ts":"1031652327782", "pid":"1", "tid":"cmeps"},
{"name":"med_phases_history_write_comp", "ph":"E", "ts":"1031652327888", "pid":"1", "tid":"cmeps"},
{"name":"med_phases_post_atm", "ph":"E", "ts":"1031652327893", "pid":"1", "tid":"cmeps"},
{"name":"med_phases_post_ice", "ph":"B", "ts":"1031652330803", "pid":"1", "tid":"cmeps"},
{"name":"med_phases_history_write_comp", "ph":"B", "ts":"1031652335467", "pid":"1", "tid":"cmeps"},
{"name":"med_phases_history_write_comp", "ph":"E", "ts":"1031652335505", "pid":"1", "tid":"cmeps"},
{"name":"med_phases_post_ice", "ph":"E", "ts":"1031652335508", "pid":"1", "tid":"cmeps"},
{"name":"med_phases_ocnalb_run", "ph":"B", "ts":"1031652335714", "pid":"1", "tid":"cmeps"},
{"name":"med_phases_history_write_med", "ph":"B", "ts":"1031652336309", "pid":"1", "tid":"cmeps"},
{"name":"med_phases_history_write_med", "ph":"E", "ts":"1031652336315", "pid":"1", "tid":"cmeps"},
{"name":"med_phases_ocnalb_run", "ph":"E", "ts":"1031652336317", "pid":"1", "tid":"cmeps"},
{"name":"med_phases_prep_ocn_accum", "ph":"B", "ts":"1031652336479", "pid":"1", "tid":"cmeps"},
{"name":"med_phases_prep_ocn_accum", "ph":"E", "ts":"1031652339085", "pid":"1", "tid":"cmeps"},
{"name":"med_phases_post_ocn", "ph":"B", "ts":"1031652340608", "pid":"1", "tid":"cmeps"},
{"name":"med_phases_history_write_comp", "ph":"B", "ts":"1031652342649", "pid":"1", "tid":"cmeps"},
{"name":"med_phases_history_write_comp", "ph":"E", "ts":"1031652342687", "pid":"1", "tid":"cmeps"},
{"name":"med_phases_post_ocn", "ph":"E", "ts":"1031652342690", "pid":"1", "tid":"cmeps"},
{"name":"med_phases_restart_write", "ph":"B", "ts":"1031652342917", "pid":"1", "tid":"cmeps"},
{"name":"med_phases_restart_write", "ph":"E", "ts":"1031652342951", "pid":"1", "tid":"cmeps"},
{"name":"med_phases_prep_ocn_avg", "ph":"B", "ts":"1031652343081", "pid":"1", "tid":"cmeps"},
{"name":"med_phases_prep_ocn_avg", "ph":"E", "ts":"1031652344832", "pid":"1", "tid":"cmeps"},
{"name":"med_phases_prep_atm", "ph":"B", "ts":"1031652347610", "pid":"1", "tid":"cmeps"},
{"name":"med_phases_prep_atm", "ph":"E", "ts":"1031652356239", "pid":"1", "tid":"cmeps"},
{"name":"med_phases_prep_ice", "ph":"B", "ts":"1031652356537", "pid":"1", "tid":"cmeps"},
{"name":"med_phases_prep_ice", "ph":"E", "ts":"1031652357752", "pid":"1", "tid":"cmeps"},
{"name":"ModelAdvance", "ph":"B", "ts":"1031652363462", "pid":"1", "tid":"fv3"},
{"name":"ModelAdvance_phase1", "ph":"B", "ts":"1031652363478", "pid":"1", "tid":"fv3"},
{"name":"fcst_run_phase_1", "ph":"B", "ts":"1031652363534", "pid":"1", "tid":"fv3"},
{"name":"fcst_run_phase_1", "ph":"E", "ts":"1031654707764", "pid":"1", "tid":"fv3"},
{"name":"ModelAdvance_phase1", "ph":"E", "ts":"1031654707874", "pid":"1", "tid":"fv3"},
{"name":"ModelAdvance_phase2", "ph":"B", "ts":"1031654707879", "pid":"1", "tid":"fv3"},
{"name":"fcst_run_phase_2", "ph":"B", "ts":"1031654707903", "pid":"1", "tid":"fv3"},
{"name":"fcst_run_phase_2", "ph":"E", "ts":"1031655031119", "pid":"1", "tid":"fv3"},
{"name":"ModelAdvance_phase2", "ph":"E", "ts":"1031655031173", "pid":"1", "tid":"fv3"},
{"name":"ModelAdvance", "ph":"E", "ts":"1031655031175", "pid":"1", "tid":"fv3"},
{"name":"med_phases_post_atm", "ph":"B", "ts":"1031655032520", "pid":"1", "tid":"cmeps"},
{"name":"med_phases_history_write_comp", "ph":"B", "ts":"1031655042757", "pid":"1", "tid":"cmeps"},
{"name":"med_phases_history_write_comp", "ph":"E", "ts":"1031655042833", "pid":"1", "tid":"cmeps"},
{"name":"med_phases_post_atm", "ph":"E", "ts":"1031655042836", "pid":"1", "tid":"cmeps"},
{"name":"med_phases_post_ice", "ph":"B", "ts":"1031655045656", "pid":"1", "tid":"cmeps"},
{"name":"med_phases_history_write_comp", "ph":"B", "ts":"1031655050664", "pid":"1", "tid":"cmeps"},
{"name":"med_phases_history_write_comp", "ph":"E", "ts":"1031655050718", "pid":"1", "tid":"cmeps"},
{"name":"med_phases_post_ice", "ph":"E", "ts":"1031655050721", "pid":"1", "tid":"cmeps"},
{"name":"med_phases_ocnalb_run", "ph":"B", "ts":"1031655050980", "pid":"1", "tid":"cmeps"},
{"name":"med_phases_history_write_med", "ph":"B", "ts":"1031655051734", "pid":"1", "tid":"cmeps"},
{"name":"med_phases_history_write_med", "ph":"E", "ts":"1031655051739", "pid":"1", "tid":"cmeps"},
{"name":"med_phases_ocnalb_run", "ph":"E", "ts":"1031655051742", "pid":"1", "tid":"cmeps"},
{"name":"med_phases_prep_ocn_accum", "ph":"B", "ts":"1031655051905", "pid":"1", "tid":"cmeps"},
{"name":"med_phases_prep_ocn_accum", "ph":"E", "ts":"1031655054478", "pid":"1", "tid":"cmeps"},
{"name":"med_phases_prep_atm", "ph":"B", "ts":"1031655054688", "pid":"1", "tid":"cmeps"},
{"name":"med_phases_prep_atm", "ph":"E", "ts":"1031655063115", "pid":"1", "tid":"cmeps"},
{"name":"med_phases_prep_ice", "ph":"B", "ts":"1031655063388", "pid":"1", "tid":"cmeps"},
{"name":"med_phases_prep_ice", "ph":"E", "ts":"1031655064465", "pid":"1", "tid":"cmeps"},
{"name":"ModelAdvance", "ph":"B", "ts":"1031655069293", "pid":"1", "tid":"fv3"},
{"name":"ModelAdvance_phase1", "ph":"B", "ts":"1031655069303", "pid":"1", "tid":"fv3"},
{"name":"fcst_run_phase_1", "ph":"B", "ts":"1031655069341", "pid":"1", "tid":"fv3"},
{"name":"fcst_run_phase_1", "ph":"E", "ts":"1031657404133", "pid":"1", "tid":"fv3"},
{"name":"ModelAdvance_phase1", "ph":"E", "ts":"1031657404175", "pid":"1", "tid":"fv3"},
{"name":"ModelAdvance_phase2", "ph":"B", "ts":"1031657404177", "pid":"1", "tid":"fv3"},
{"name":"fcst_run_phase_2", "ph":"B", "ts":"1031657404202", "pid":"1", "tid":"fv3"},
{"name":"fcst_run_phase_2", "ph":"E", "ts":"1031657734659", "pid":"1", "tid":"fv3"},
{"name":"ModelAdvance_phase2", "ph":"E", "ts":"1031657734720", "pid":"1", "tid":"fv3"},
{"name":"ModelAdvance", "ph":"E", "ts":"1031657734724", "pid":"1", "tid":"fv3"},
{"name":"med_phases_post_atm", "ph":"B", "ts":"1031657736021", "pid":"1", "tid":"cmeps"},
{"name":"med_phases_history_write_comp", "ph":"B", "ts":"1031657746319", "pid":"1", "tid":"cmeps"},
{"name":"med_phases_history_write_comp", "ph":"E", "ts":"1031657746371", "pid":"1", "tid":"cmeps"},
{"name":"med_phases_post_atm", "ph":"E", "ts":"1031657746374", "pid":"1", "tid":"cmeps"},
{"name":"med_phases_post_ice", "ph":"B", "ts":"1031657749083", "pid":"1", "tid":"cmeps"},
{"name":"med_phases_history_write_comp", "ph":"B", "ts":"1031657754838", "pid":"1", "tid":"cmeps"},
{"name":"med_phases_history_write_comp", "ph":"E", "ts":"1031657754900", "pid":"1", "tid":"cmeps"},
{"name":"med_phases_post_ice", "ph":"E", "ts":"1031657754902", "pid":"1", "tid":"cmeps"},
{"name":"med_phases_ocnalb_run", "ph":"B", "ts":"1031657755148", "pid":"1", "tid":"cmeps"},
{"name":"med_phases_history_write_med", "ph":"B", "ts":"1031657755693", "pid":"1", "tid":"cmeps"},
{"name":"med_phases_history_write_med", "ph":"E", "ts":"1031657755697", "pid":"1", "tid":"cmeps"},
{"name":"med_phases_ocnalb_run", "ph":"E", "ts":"1031657755699", "pid":"1", "tid":"cmeps"},
{"name":"med_phases_prep_ocn_accum", "ph":"B", "ts":"1031657755839", "pid":"1", "tid":"cmeps"},
{"name":"med_phases_prep_ocn_accum", "ph":"E", "ts":"1031657758234", "pid":"1", "tid":"cmeps"},
{"name":"med_phases_prep_atm", "ph":"B", "ts":"1031657758486", "pid":"1", "tid":"cmeps"},
{"name":"med_phases_prep_atm", "ph":"E", "ts":"1031657766771", "pid":"1", "tid":"cmeps"},
{"name":"med_phases_prep_ice", "ph":"B", "ts":"1031657767059", "pid":"1", "tid":"cmeps"},
{"name":"med_phases_prep_ice", "ph":"E", "ts":"1031657768271", "pid":"1", "tid":"cmeps"},
{"name":"ModelAdvance", "ph":"B", "ts":"1031657773440", "pid":"1", "tid":"fv3"},
{"name":"ModelAdvance_phase1", "ph":"B", "ts":"1031657773453", "pid":"1", "tid":"fv3"},
{"name":"fcst_run_phase_1", "ph":"B", "ts":"1031657773489", "pid":"1", "tid":"fv3"},
{"name":"fcst_run_phase_1", "ph":"E", "ts":"1031660102305", "pid":"1", "tid":"fv3"},
{"name":"ModelAdvance_phase1", "ph":"E", "ts":"1031660102407", "pid":"1", "tid":"fv3"},
{"name":"ModelAdvance_phase2", "ph":"B", "ts":"1031660102411", "pid":"1", "tid":"fv3"},
{"name":"fcst_run_phase_2", "ph":"B", "ts":"1031660102435", "pid":"1", "tid":"fv3"},
{"name":"fcst_run_phase_2", "ph":"E", "ts":"1031660459208", "pid":"1", "tid":"fv3"},
{"name":"ModelAdvance_phase2", "ph":"E", "ts":"1031660571329", "pid":"1", "tid":"fv3"},
{"name":"ModelAdvance", "ph":"E", "ts":"1031660571336", "pid":"1", "tid":"fv3"},
{"name":"med_phases_post_atm", "ph":"B", "ts":"1031660572965", "pid":"1", "tid":"cmeps"},
{"name":"med_phases_history_write_comp", "ph":"B", "ts":"1031660610900", "pid":"1", "tid":"cmeps"},
{"name":"med_phases_history_write_comp", "ph":"E", "ts":"1031660610971", "pid":"1", "tid":"cmeps"},
{"name":"med_phases_post_atm", "ph":"E", "ts":"1031660610976", "pid":"1", "tid":"cmeps"},
{"name":"med_phases_post_ice", "ph":"B", "ts":"1031660615198", "pid":"1", "tid":"cmeps"},
{"name":"med_phases_history_write_comp", "ph":"B", "ts":"1031660623611", "pid":"1", "tid":"cmeps"},
{"name":"med_phases_history_write_comp", "ph":"E", "ts":"1031660623666", "pid":"1", "tid":"cmeps"},
{"name":"med_phases_post_ice", "ph":"E", "ts":"1031660623669", "pid":"1", "tid":"cmeps"},
{"name":"med_phases_ocnalb_run", "ph":"B", "ts":"1031660623903", "pid":"1", "tid":"cmeps"},
{"name":"med_phases_history_write_med", "ph":"B", "ts":"1031660624564", "pid":"1", "tid":"cmeps"},
{"name":"med_phases_history_write_med", "ph":"E", "ts":"1031660624570", "pid":"1", "tid":"cmeps"},
{"name":"med_phases_ocnalb_run", "ph":"E", "ts":"1031660624573", "pid":"1", "tid":"cmeps"},
{"name":"med_phases_prep_ocn_accum", "ph":"B", "ts":"1031660624730", "pid":"1", "tid":"cmeps"},
{"name":"med_phases_prep_ocn_accum", "ph":"E", "ts":"1031660627385", "pid":"1", "tid":"cmeps"},
{"name":"med_phases_post_ocn", "ph":"B", "ts":"1031660628681", "pid":"1", "tid":"cmeps"},
{"name":"med_phases_history_write_comp", "ph":"B", "ts":"1031660631313", "pid":"1", "tid":"cmeps"},
{"name":"med_phases_history_write_comp", "ph":"E", "ts":"1031660631347", "pid":"1", "tid":"cmeps"},
{"name":"med_phases_post_ocn", "ph":"E", "ts":"1031660631350", "pid":"1", "tid":"cmeps"},
{"name":"med_phases_restart_write", "ph":"B", "ts":"1031660631571", "pid":"1", "tid":"cmeps"},
{"name":"med_phases_restart_write", "ph":"E", "ts":"1031660631602", "pid":"1", "tid":"cmeps"},
{"name":"med_phases_prep_ocn_avg", "ph":"B", "ts":"1031660631708", "pid":"1", "tid":"cmeps"},
{"name":"med_phases_prep_ocn_avg", "ph":"E", "ts":"1031660633520", "pid":"1", "tid":"cmeps"},
{"name":"med_phases_prep_atm", "ph":"B", "ts":"1031660636374", "pid":"1", "tid":"cmeps"},
{"name":"med_phases_prep_atm", "ph":"E", "ts":"1031660647613", "pid":"1", "tid":"cmeps"},
{"name":"med_phases_prep_ice", "ph":"B", "ts":"1031660647869", "pid":"1", "tid":"cmeps"},
{"name":"med_phases_prep_ice", "ph":"E", "ts":"1031660648568", "pid":"1", "tid":"cmeps"},
{"name":"ModelAdvance", "ph":"B", "ts":"1031660659245", "pid":"1", "tid":"fv3"},
{"name":"ModelAdvance_phase1", "ph":"B", "ts":"1031660659254", "pid":"1", "tid":"fv3"},
{"name":"fcst_run_phase_1", "ph":"B", "ts":"1031660659309", "pid":"1", "tid":"fv3"},
{"name":"fcst_run_phase_1", "ph":"E", "ts":"1031667754839", "pid":"1", "tid":"fv3"},
{"name":"ModelAdvance_phase1", "ph":"E", "ts":"1031667755013", "pid":"1", "tid":"fv3"},
{"name":"ModelAdvance_phase2", "ph":"B", "ts":"1031667755017", "pid":"1", "tid":"fv3"},
{"name":"fcst_run_phase_2", "ph":"B", "ts":"1031667755038", "pid":"1", "tid":"fv3"},
{"name":"fcst_run_phase_2", "ph":"E", "ts":"1031668723293", "pid":"1", "tid":"fv3"},
{"name":"ModelAdvance_phase2", "ph":"E", "ts":"1031668723346", "pid":"1", "tid":"fv3"},
{"name":"ModelAdvance", "ph":"E", "ts":"1031668723350", "pid":"1", "tid":"fv3"},
{"name":"med_phases_post_atm", "ph":"B", "ts":"1031668725335", "pid":"1", "tid":"cmeps"},
{"name":"med_phases_history_write_comp", "ph":"B", "ts":"1031668735158", "pid":"1", "tid":"cmeps"},
{"name":"med_phases_history_write_comp", "ph":"E", "ts":"1031668735327", "pid":"1", "tid":"cmeps"},
{"name":"med_phases_post_atm", "ph":"E", "ts":"1031668735331", "pid":"1", "tid":"cmeps"},
{"name":"med_phases_post_ice", "ph":"B", "ts":"1031668738003", "pid":"1", "tid":"cmeps"},
{"name":"med_phases_history_write_comp", "ph":"B", "ts":"1031668743595", "pid":"1", "tid":"cmeps"},
{"name":"med_phases_history_write_comp", "ph":"E", "ts":"1031668743666", "pid":"1", "tid":"cmeps"},
{"name":"med_phases_post_ice", "ph":"E", "ts":"1031668743669", "pid":"1", "tid":"cmeps"},
{"name":"med_phases_ocnalb_run", "ph":"B", "ts":"1031668743960", "pid":"1", "tid":"cmeps"},
{"name":"med_phases_history_write_med", "ph":"B", "ts":"1031668744539", "pid":"1", "tid":"cmeps"},
{"name":"med_phases_history_write_med", "ph":"E", "ts":"1031668744545", "pid":"1", "tid":"cmeps"},
{"name":"med_phases_ocnalb_run", "ph":"E", "ts":"1031668744548", "pid":"1", "tid":"cmeps"},
{"name":"med_phases_prep_ocn_accum", "ph":"B", "ts":"1031668744690", "pid":"1", "tid":"cmeps"},
{"name":"med_phases_prep_ocn_accum", "ph":"E", "ts":"1031668746941", "pid":"1", "tid":"cmeps"},
{"name":"med_phases_prep_atm", "ph":"B", "ts":"1031668747234", "pid":"1", "tid":"cmeps"},
{"name":"med_phases_prep_atm", "ph":"E", "ts":"1031668755645", "pid":"1", "tid":"cmeps"},
{"name":"med_phases_prep_ice", "ph":"B", "ts":"1031668755932", "pid":"1", "tid":"cmeps"},
{"name":"med_phases_prep_ice", "ph":"E", "ts":"1031668757085", "pid":"1", "tid":"cmeps"},
{"name":"ModelAdvance", "ph":"B", "ts":"1031668762053", "pid":"1", "tid":"fv3"},
{"name":"ModelAdvance_phase1", "ph":"B", "ts":"1031668762063", "pid":"1", "tid":"fv3"},
{"name":"fcst_run_phase_1", "ph":"B", "ts":"1031668762119", "pid":"1", "tid":"fv3"},
{"name":"fcst_run_phase_1", "ph":"E", "ts":"1031671105477", "pid":"1", "tid":"fv3"},
{"name":"ModelAdvance_phase1", "ph":"E", "ts":"1031671105583", "pid":"1", "tid":"fv3"},
{"name":"ModelAdvance_phase2", "ph":"B", "ts":"1031671105587", "pid":"1", "tid":"fv3"},
{"name":"fcst_run_phase_2", "ph":"B", "ts":"1031671105608", "pid":"1", "tid":"fv3"},
{"name":"fcst_run_phase_2", "ph":"E", "ts":"1031671426956", "pid":"1", "tid":"fv3"},
{"name":"ModelAdvance_phase2", "ph":"E", "ts":"1031671427010", "pid":"1", "tid":"fv3"},
{"name":"ModelAdvance", "ph":"E", "ts":"1031671427012", "pid":"1", "tid":"fv3"},
{"name":"med_phases_post_atm", "ph":"B", "ts":"1031671428236", "pid":"1", "tid":"cmeps"},
{"name":"med_phases_history_write_comp", "ph":"B", "ts":"1031671438488", "pid":"1", "tid":"cmeps"},
{"name":"med_phases_history_write_comp", "ph":"E", "ts":"1031671438552", "pid":"1", "tid":"cmeps"},
{"name":"med_phases_post_atm", "ph":"E", "ts":"1031671438557", "pid":"1", "tid":"cmeps"},
{"name":"med_phases_post_ice", "ph":"B", "ts":"1031671441224", "pid":"1", "tid":"cmeps"},
{"name":"med_phases_history_write_comp", "ph":"B", "ts":"1031671446974", "pid":"1", "tid":"cmeps"},
{"name":"med_phases_history_write_comp", "ph":"E", "ts":"1031671447034", "pid":"1", "tid":"cmeps"},
{"name":"med_phases_post_ice", "ph":"E", "ts":"1031671447037", "pid":"1", "tid":"cmeps"},
{"name":"med_phases_ocnalb_run", "ph":"B", "ts":"1031671447342", "pid":"1", "tid":"cmeps"},
{"name":"med_phases_history_write_med", "ph":"B", "ts":"1031671447904", "pid":"1", "tid":"cmeps"},
{"name":"med_phases_history_write_med", "ph":"E", "ts":"1031671447908", "pid":"1", "tid":"cmeps"},
{"name":"med_phases_ocnalb_run", "ph":"E", "ts":"1031671447910", "pid":"1", "tid":"cmeps"},
{"name":"med_phases_prep_ocn_accum", "ph":"B", "ts":"1031671448056", "pid":"1", "tid":"cmeps"},
{"name":"med_phases_prep_ocn_accum", "ph":"E", "ts":"1031671450497", "pid":"1", "tid":"cmeps"},
{"name":"med_phases_prep_atm", "ph":"B", "ts":"1031671450732", "pid":"1", "tid":"cmeps"},
{"name":"med_phases_prep_atm", "ph":"E", "ts":"1031671458877", "pid":"1", "tid":"cmeps"},
{"name":"med_phases_prep_ice", "ph":"B", "ts":"1031671459181", "pid":"1", "tid":"cmeps"},
{"name":"med_phases_prep_ice", "ph":"E", "ts":"1031671460407", "pid":"1", "tid":"cmeps"},
{"name":"ModelAdvance", "ph":"B", "ts":"1031671465566", "pid":"1", "tid":"fv3"},
{"name":"ModelAdvance_phase1", "ph":"B", "ts":"1031671465601", "pid":"1", "tid":"fv3"},
{"name":"fcst_run_phase_1", "ph":"B", "ts":"1031671465642", "pid":"1", "tid":"fv3"},
{"name":"fcst_run_phase_1", "ph":"E", "ts":"1031673941348", "pid":"1", "tid":"fv3"},
{"name":"ModelAdvance_phase1", "ph":"E", "ts":"1031673941386", "pid":"1", "tid":"fv3"},
{"name":"ModelAdvance_phase2", "ph":"B", "ts":"1031673941389", "pid":"1", "tid":"fv3"},
{"name":"fcst_run_phase_2", "ph":"B", "ts":"1031673941410", "pid":"1", "tid":"fv3"},
{"name":"fcst_run_phase_2", "ph":"E", "ts":"1031674263742", "pid":"1", "tid":"fv3"},
{"name":"ModelAdvance_phase2", "ph":"E", "ts":"1031674263802", "pid":"1", "tid":"fv3"},
{"name":"ModelAdvance", "ph":"E", "ts":"1031674263805", "pid":"1", "tid":"fv3"},
{"name":"med_phases_post_atm", "ph":"B", "ts":"1031674264760", "pid":"1", "tid":"cmeps"},
{"name":"med_phases_history_write_comp", "ph":"B", "ts":"1031674275422", "pid":"1", "tid":"cmeps"},
{"name":"med_phases_history_write_comp", "ph":"E", "ts":"1031674275488", "pid":"1", "tid":"cmeps"},
{"name":"med_phases_post_atm", "ph":"E", "ts":"1031674275491", "pid":"1", "tid":"cmeps"},
{"name":"med_phases_post_ice", "ph":"B", "ts":"1031674278202", "pid":"1", "tid":"cmeps"},
{"name":"med_phases_history_write_comp", "ph":"B", "ts":"1031674284325", "pid":"1", "tid":"cmeps"},
{"name":"med_phases_history_write_comp", "ph":"E", "ts":"1031674284385", "pid":"1", "tid":"cmeps"},
{"name":"med_phases_post_ice", "ph":"E", "ts":"1031674284388", "pid":"1", "tid":"cmeps"},
{"name":"med_phases_ocnalb_run", "ph":"B", "ts":"1031674284655", "pid":"1", "tid":"cmeps"},
{"name":"med_phases_history_write_med", "ph":"B", "ts":"1031674285230", "pid":"1", "tid":"cmeps"},
{"name":"med_phases_history_write_med", "ph":"E", "ts":"1031674285235", "pid":"1", "tid":"cmeps"},
{"name":"med_phases_ocnalb_run", "ph":"E", "ts":"1031674285237", "pid":"1", "tid":"cmeps"},
{"name":"med_phases_prep_ocn_accum", "ph":"B", "ts":"1031674285380", "pid":"1", "tid":"cmeps"},
{"name":"med_phases_prep_ocn_accum", "ph":"E", "ts":"1031674287607", "pid":"1", "tid":"cmeps"},
{"name":"med_phases_post_ocn", "ph":"B", "ts":"1031674289008", "pid":"1", "tid":"cmeps"},
{"name":"med_phases_history_write_comp", "ph":"B", "ts":"1031674290782", "pid":"1", "tid":"cmeps"},
{"name":"med_phases_history_write_comp", "ph":"E", "ts":"1031674290836", "pid":"1", "tid":"cmeps"},
{"name":"med_phases_post_ocn", "ph":"E", "ts":"1031674290838", "pid":"1", "tid":"cmeps"},
{"name":"med_phases_restart_write", "ph":"B", "ts":"1031674291125", "pid":"1", "tid":"cmeps"},
{"name":"med_phases_restart_write", "ph":"E", "ts":"1031674291164", "pid":"1", "tid":"cmeps"},
{"name":"med_phases_prep_ocn_avg", "ph":"B", "ts":"1031674291273", "pid":"1", "tid":"cmeps"},
{"name":"med_phases_prep_ocn_avg", "ph":"E", "ts":"1031674292926", "pid":"1", "tid":"cmeps"},
{"name":"med_phases_prep_atm", "ph":"B", "ts":"1031674295069", "pid":"1", "tid":"cmeps"},
{"name":"med_phases_prep_atm", "ph":"E", "ts":"1031674304360", "pid":"1", "tid":"cmeps"},
{"name":"med_phases_prep_ice", "ph":"B", "ts":"1031674304623", "pid":"1", "tid":"cmeps"},
{"name":"med_phases_prep_ice", "ph":"E", "ts":"1031674305725", "pid":"1", "tid":"cmeps"},
{"name":"ModelAdvance", "ph":"B", "ts":"1031674311334", "pid":"1", "tid":"fv3"},
{"name":"ModelAdvance_phase1", "ph":"B", "ts":"1031674311342", "pid":"1", "tid":"fv3"},
{"name":"fcst_run_phase_1", "ph":"B", "ts":"1031674311373", "pid":"1", "tid":"fv3"},
{"name":"fcst_run_phase_1", "ph":"E", "ts":"1031676654572", "pid":"1", "tid":"fv3"},
{"name":"ModelAdvance_phase1", "ph":"E", "ts":"1031676654679", "pid":"1", "tid":"fv3"},
{"name":"ModelAdvance_phase2", "ph":"B", "ts":"1031676654683", "pid":"1", "tid":"fv3"},
{"name":"fcst_run_phase_2", "ph":"B", "ts":"1031676654707", "pid":"1", "tid":"fv3"},
{"name":"fcst_run_phase_2", "ph":"E", "ts":"1031676972223", "pid":"1", "tid":"fv3"},
{"name":"ModelAdvance_phase2", "ph":"E", "ts":"1031676972282", "pid":"1", "tid":"fv3"},
{"name":"ModelAdvance", "ph":"E", "ts":"1031676972285", "pid":"1", "tid":"fv3"},
{"name":"med_phases_post_atm", "ph":"B", "ts":"1031676973382", "pid":"1", "tid":"cmeps"},
{"name":"med_phases_history_write_comp", "ph":"B", "ts":"1031676983958", "pid":"1", "tid":"cmeps"},
{"name":"med_phases_history_write_comp", "ph":"E", "ts":"1031676984028", "pid":"1", "tid":"cmeps"},
{"name":"med_phases_post_atm", "ph":"E", "ts":"1031676984032", "pid":"1", "tid":"cmeps"},
{"name":"med_phases_post_ice", "ph":"B", "ts":"1031676986724", "pid":"1", "tid":"cmeps"},
{"name":"med_phases_history_write_comp", "ph":"B", "ts":"1031676991475", "pid":"1", "tid":"cmeps"},
{"name":"med_phases_history_write_comp", "ph":"E", "ts":"1031676991545", "pid":"1", "tid":"cmeps"},
{"name":"med_phases_post_ice", "ph":"E", "ts":"1031676991548", "pid":"1", "tid":"cmeps"},
{"name":"med_phases_ocnalb_run", "ph":"B", "ts":"1031676991916", "pid":"1", "tid":"cmeps"},
{"name":"med_phases_history_write_med", "ph":"B", "ts":"1031676992657", "pid":"1", "tid":"cmeps"},
{"name":"med_phases_history_write_med", "ph":"E", "ts":"1031676992662", "pid":"1", "tid":"cmeps"},
{"name":"med_phases_ocnalb_run", "ph":"E", "ts":"1031676992665", "pid":"1", "tid":"cmeps"},
{"name":"med_phases_prep_ocn_accum", "ph":"B", "ts":"1031676992826", "pid":"1", "tid":"cmeps"},
{"name":"med_phases_prep_ocn_accum", "ph":"E", "ts":"1031676995216", "pid":"1", "tid":"cmeps"},
{"name":"med_phases_prep_atm", "ph":"B", "ts":"1031676995478", "pid":"1", "tid":"cmeps"},
{"name":"med_phases_prep_atm", "ph":"E", "ts":"1031677003669", "pid":"1", "tid":"cmeps"},
{"name":"med_phases_prep_ice", "ph":"B", "ts":"1031677003948", "pid":"1", "tid":"cmeps"},
{"name":"med_phases_prep_ice", "ph":"E", "ts":"1031677005171", "pid":"1", "tid":"cmeps"},
{"name":"ModelAdvance", "ph":"B", "ts":"1031677010140", "pid":"1", "tid":"fv3"},
{"name":"ModelAdvance_phase1", "ph":"B", "ts":"1031677010149", "pid":"1", "tid":"fv3"},
{"name":"fcst_run_phase_1", "ph":"B", "ts":"1031677010183", "pid":"1", "tid":"fv3"},
{"name":"fcst_run_phase_1", "ph":"E", "ts":"1031679353072", "pid":"1", "tid":"fv3"},
{"name":"ModelAdvance_phase1", "ph":"E", "ts":"1031679353116", "pid":"1", "tid":"fv3"},
{"name":"ModelAdvance_phase2", "ph":"B", "ts":"1031679353119", "pid":"1", "tid":"fv3"},
{"name":"fcst_run_phase_2", "ph":"B", "ts":"1031679353142", "pid":"1", "tid":"fv3"},
{"name":"fcst_run_phase_2", "ph":"E", "ts":"1031679679939", "pid":"1", "tid":"fv3"},
{"name":"ModelAdvance_phase2", "ph":"E", "ts":"1031679680063", "pid":"1", "tid":"fv3"},
{"name":"ModelAdvance", "ph":"E", "ts":"1031679680071", "pid":"1", "tid":"fv3"},
{"name":"med_phases_post_atm", "ph":"B", "ts":"1031679681100", "pid":"1", "tid":"cmeps"},
{"name":"med_phases_history_write_comp", "ph":"B", "ts":"1031679693195", "pid":"1", "tid":"cmeps"},
{"name":"med_phases_history_write_comp", "ph":"E", "ts":"1031679693238", "pid":"1", "tid":"cmeps"},
{"name":"med_phases_post_atm", "ph":"E", "ts":"1031679693241", "pid":"1", "tid":"cmeps"},
{"name":"med_phases_post_ice", "ph":"B", "ts":"1031679696131", "pid":"1", "tid":"cmeps"},
{"name":"med_phases_history_write_comp", "ph":"B", "ts":"1031679701095", "pid":"1", "tid":"cmeps"},
{"name":"med_phases_history_write_comp", "ph":"E", "ts":"1031679701145", "pid":"1", "tid":"cmeps"},
{"name":"med_phases_post_ice", "ph":"E", "ts":"1031679701148", "pid":"1", "tid":"cmeps"},
{"name":"med_phases_ocnalb_run", "ph":"B", "ts":"1031679701399", "pid":"1", "tid":"cmeps"},
{"name":"med_phases_history_write_med", "ph":"B", "ts":"1031679701942", "pid":"1", "tid":"cmeps"},
{"name":"med_phases_history_write_med", "ph":"E", "ts":"1031679701946", "pid":"1", "tid":"cmeps"},
{"name":"med_phases_ocnalb_run", "ph":"E", "ts":"1031679701948", "pid":"1", "tid":"cmeps"},
{"name":"med_phases_prep_ocn_accum", "ph":"B", "ts":"1031679702101", "pid":"1", "tid":"cmeps"},
{"name":"med_phases_prep_ocn_accum", "ph":"E", "ts":"1031679704522", "pid":"1", "tid":"cmeps"},
{"name":"med_phases_prep_atm", "ph":"B", "ts":"1031679704756", "pid":"1", "tid":"cmeps"},
{"name":"med_phases_prep_atm", "ph":"E", "ts":"1031679712830", "pid":"1", "tid":"cmeps"},
{"name":"med_phases_prep_ice", "ph":"B", "ts":"1031679713246", "pid":"1", "tid":"cmeps"},
{"name":"med_phases_prep_ice", "ph":"E", "ts":"1031679714386", "pid":"1", "tid":"cmeps"},
{"name":"ModelAdvance", "ph":"B", "ts":"1031679719428", "pid":"1", "tid":"fv3"},
{"name":"ModelAdvance_phase1", "ph":"B", "ts":"1031679719435", "pid":"1", "tid":"fv3"},
{"name":"fcst_run_phase_1", "ph":"B", "ts":"1031679719471", "pid":"1", "tid":"fv3"},
{"name":"fcst_run_phase_1", "ph":"E", "ts":"1031682073141", "pid":"1", "tid":"fv3"},
{"name":"ModelAdvance_phase1", "ph":"E", "ts":"1031682073184", "pid":"1", "tid":"fv3"},
{"name":"ModelAdvance_phase2", "ph":"B", "ts":"1031682073187", "pid":"1", "tid":"fv3"},
{"name":"fcst_run_phase_2", "ph":"B", "ts":"1031682073212", "pid":"1", "tid":"fv3"},
{"name":"fcst_run_phase_2", "ph":"E", "ts":"1031682397400", "pid":"1", "tid":"fv3"},
{"name":"ModelAdvance_phase2", "ph":"E", "ts":"1031682397500", "pid":"1", "tid":"fv3"},
{"name":"ModelAdvance", "ph":"E", "ts":"1031682397503", "pid":"1", "tid":"fv3"},
{"name":"med_phases_post_atm", "ph":"B", "ts":"1031682399654", "pid":"1", "tid":"cmeps"},
{"name":"med_phases_history_write_comp", "ph":"B", "ts":"1031682409879", "pid":"1", "tid":"cmeps"},
{"name":"med_phases_history_write_comp", "ph":"E", "ts":"1031682409932", "pid":"1", "tid":"cmeps"},
{"name":"med_phases_post_atm", "ph":"E", "ts":"1031682409936", "pid":"1", "tid":"cmeps"},
{"name":"med_phases_post_ice", "ph":"B", "ts":"1031682412802", "pid":"1", "tid":"cmeps"},
{"name":"med_phases_history_write_comp", "ph":"B", "ts":"1031682418959", "pid":"1", "tid":"cmeps"},
{"name":"med_phases_history_write_comp", "ph":"E", "ts":"1031682419010", "pid":"1", "tid":"cmeps"},
{"name":"med_phases_post_ice", "ph":"E", "ts":"1031682419012", "pid":"1", "tid":"cmeps"},
{"name":"med_phases_ocnalb_run", "ph":"B", "ts":"1031682419289", "pid":"1", "tid":"cmeps"},
{"name":"med_phases_history_write_med", "ph":"B", "ts":"1031682419841", "pid":"1", "tid":"cmeps"},
{"name":"med_phases_history_write_med", "ph":"E", "ts":"1031682419845", "pid":"1", "tid":"cmeps"},
{"name":"med_phases_ocnalb_run", "ph":"E", "ts":"1031682419847", "pid":"1", "tid":"cmeps"},
{"name":"med_phases_prep_ocn_accum", "ph":"B", "ts":"1031682419984", "pid":"1", "tid":"cmeps"},
{"name":"med_phases_prep_ocn_accum", "ph":"E", "ts":"1031682422416", "pid":"1", "tid":"cmeps"},
{"name":"med_phases_post_ocn", "ph":"B", "ts":"1031682423607", "pid":"1", "tid":"cmeps"},
{"name":"med_phases_history_write_comp", "ph":"B", "ts":"1031682425782", "pid":"1", "tid":"cmeps"},
{"name":"med_phases_history_write_comp", "ph":"E", "ts":"1031682425822", "pid":"1", "tid":"cmeps"},
{"name":"med_phases_post_ocn", "ph":"E", "ts":"1031682425825", "pid":"1", "tid":"cmeps"},
{"name":"med_phases_restart_write", "ph":"B", "ts":"1031682426072", "pid":"1", "tid":"cmeps"},
{"name":"med_phases_restart_write", "ph":"E", "ts":"1031682426104", "pid":"1", "tid":"cmeps"},
{"name":"med_phases_prep_ocn_avg", "ph":"B", "ts":"1031682426210", "pid":"1", "tid":"cmeps"},
{"name":"med_phases_prep_ocn_avg", "ph":"E", "ts":"1031682427874", "pid":"1", "tid":"cmeps"},
{"name":"med_phases_prep_atm", "ph":"B", "ts":"1031682430217", "pid":"1", "tid":"cmeps"},
{"name":"med_phases_prep_atm", "ph":"E", "ts":"1031682439832", "pid":"1", "tid":"cmeps"},
{"name":"med_phases_prep_ice", "ph":"B", "ts":"1031682440124", "pid":"1", "tid":"cmeps"},
{"name":"med_phases_prep_ice", "ph":"E", "ts":"1031682441279", "pid":"1", "tid":"cmeps"},
{"name":"ModelAdvance", "ph":"B", "ts":"1031682445992", "pid":"1", "tid":"fv3"},
{"name":"ModelAdvance_phase1", "ph":"B", "ts":"1031682446000", "pid":"1", "tid":"fv3"},
{"name":"fcst_run_phase_1", "ph":"B", "ts":"1031682446034", "pid":"1", "tid":"fv3"},
{"name":"fcst_run_phase_1", "ph":"E", "ts":"1031689491085", "pid":"1", "tid":"fv3"},
{"name":"ModelAdvance_phase1", "ph":"E", "ts":"1031689491178", "pid":"1", "tid":"fv3"},
{"name":"ModelAdvance_phase2", "ph":"B", "ts":"1031689491181", "pid":"1", "tid":"fv3"},
{"name":"fcst_run_phase_2", "ph":"B", "ts":"1031689491204", "pid":"1", "tid":"fv3"},
{"name":"fcst_run_phase_2", "ph":"E", "ts":"1031690347938", "pid":"1", "tid":"fv3"},
{"name":"ModelAdvance_phase2", "ph":"E", "ts":"1031690348121", "pid":"1", "tid":"fv3"},
{"name":"ModelAdvance", "ph":"E", "ts":"1031690348124", "pid":"1", "tid":"fv3"},
{"name":"med_phases_post_atm", "ph":"B", "ts":"1031690349368", "pid":"1", "tid":"cmeps"},
{"name":"med_phases_history_write_comp", "ph":"B", "ts":"1031690360431", "pid":"1", "tid":"cmeps"},
{"name":"med_phases_history_write_comp", "ph":"E", "ts":"1031690360476", "pid":"1", "tid":"cmeps"},
{"name":"med_phases_post_atm", "ph":"E", "ts":"1031690360479", "pid":"1", "tid":"cmeps"},
{"name":"med_phases_post_ice", "ph":"B", "ts":"1031690362949", "pid":"1", "tid":"cmeps"},
{"name":"med_phases_history_write_comp", "ph":"B", "ts":"1031690369689", "pid":"1", "tid":"cmeps"},
{"name":"med_phases_history_write_comp", "ph":"E", "ts":"1031690369754", "pid":"1", "tid":"cmeps"},
{"name":"med_phases_post_ice", "ph":"E", "ts":"1031690369758", "pid":"1", "tid":"cmeps"},
{"name":"med_phases_ocnalb_run", "ph":"B", "ts":"1031690370072", "pid":"1", "tid":"cmeps"},
{"name":"med_phases_history_write_med", "ph":"B", "ts":"1031690370635", "pid":"1", "tid":"cmeps"},
{"name":"med_phases_history_write_med", "ph":"E", "ts":"1031690370639", "pid":"1", "tid":"cmeps"},
{"name":"med_phases_ocnalb_run", "ph":"E", "ts":"1031690370641", "pid":"1", "tid":"cmeps"},
{"name":"med_phases_prep_ocn_accum", "ph":"B", "ts":"1031690370781", "pid":"1", "tid":"cmeps"},
{"name":"med_phases_prep_ocn_accum", "ph":"E", "ts":"1031690373001", "pid":"1", "tid":"cmeps"},
{"name":"med_phases_prep_atm", "ph":"B", "ts":"1031690373259", "pid":"1", "tid":"cmeps"},
{"name":"med_phases_prep_atm", "ph":"E", "ts":"1031690381547", "pid":"1", "tid":"cmeps"},
{"name":"med_phases_prep_ice", "ph":"B", "ts":"1031690381761", "pid":"1", "tid":"cmeps"},
{"name":"med_phases_prep_ice", "ph":"E", "ts":"1031690382849", "pid":"1", "tid":"cmeps"},
{"name":"ModelAdvance", "ph":"B", "ts":"1031690388475", "pid":"1", "tid":"fv3"},
{"name":"ModelAdvance_phase1", "ph":"B", "ts":"1031690388486", "pid":"1", "tid":"fv3"},
{"name":"fcst_run_phase_1", "ph":"B", "ts":"1031690388690", "pid":"1", "tid":"fv3"},
{"name":"fcst_run_phase_1", "ph":"E", "ts":"1031692715818", "pid":"1", "tid":"fv3"},
{"name":"ModelAdvance_phase1", "ph":"E", "ts":"1031692715863", "pid":"1", "tid":"fv3"},
{"name":"ModelAdvance_phase2", "ph":"B", "ts":"1031692715866", "pid":"1", "tid":"fv3"},
{"name":"fcst_run_phase_2", "ph":"B", "ts":"1031692715891", "pid":"1", "tid":"fv3"},
{"name":"fcst_run_phase_2", "ph":"E", "ts":"1031693058231", "pid":"1", "tid":"fv3"},
{"name":"ModelAdvance_phase2", "ph":"E", "ts":"1031693058291", "pid":"1", "tid":"fv3"},
{"name":"ModelAdvance", "ph":"E", "ts":"1031693058294", "pid":"1", "tid":"fv3"},
{"name":"med_phases_post_atm", "ph":"B", "ts":"1031693059720", "pid":"1", "tid":"cmeps"},
{"name":"med_phases_history_write_comp", "ph":"B", "ts":"1031693071137", "pid":"1", "tid":"cmeps"},
{"name":"med_phases_history_write_comp", "ph":"E", "ts":"1031693071189", "pid":"1", "tid":"cmeps"},
{"name":"med_phases_post_atm", "ph":"E", "ts":"1031693071193", "pid":"1", "tid":"cmeps"},
{"name":"med_phases_post_ice", "ph":"B", "ts":"1031693073869", "pid":"1", "tid":"cmeps"},
{"name":"med_phases_history_write_comp", "ph":"B", "ts":"1031693079834", "pid":"1", "tid":"cmeps"},
{"name":"med_phases_history_write_comp", "ph":"E", "ts":"1031693079899", "pid":"1", "tid":"cmeps"},
{"name":"med_phases_post_ice", "ph":"E", "ts":"1031693079902", "pid":"1", "tid":"cmeps"},
{"name":"med_phases_ocnalb_run", "ph":"B", "ts":"1031693080251", "pid":"1", "tid":"cmeps"},
{"name":"med_phases_history_write_med", "ph":"B", "ts":"1031693080831", "pid":"1", "tid":"cmeps"},
{"name":"med_phases_history_write_med", "ph":"E", "ts":"1031693080835", "pid":"1", "tid":"cmeps"},
{"name":"med_phases_ocnalb_run", "ph":"E", "ts":"1031693080837", "pid":"1", "tid":"cmeps"},
{"name":"med_phases_prep_ocn_accum", "ph":"B", "ts":"1031693080977", "pid":"1", "tid":"cmeps"},
{"name":"med_phases_prep_ocn_accum", "ph":"E", "ts":"1031693083144", "pid":"1", "tid":"cmeps"},
{"name":"med_phases_prep_atm", "ph":"B", "ts":"1031693083588", "pid":"1", "tid":"cmeps"},
{"name":"med_phases_prep_atm", "ph":"E", "ts":"1031693092128", "pid":"1", "tid":"cmeps"},
{"name":"med_phases_prep_ice", "ph":"B", "ts":"1031693092351", "pid":"1", "tid":"cmeps"},
{"name":"med_phases_prep_ice", "ph":"E", "ts":"1031693093331", "pid":"1", "tid":"cmeps"},
{"name":"ModelAdvance", "ph":"B", "ts":"1031693098933", "pid":"1", "tid":"fv3"},
{"name":"ModelAdvance_phase1", "ph":"B", "ts":"1031693098946", "pid":"1", "tid":"fv3"},
{"name":"fcst_run_phase_1", "ph":"B", "ts":"1031693099024", "pid":"1", "tid":"fv3"},
{"name":"fcst_run_phase_1", "ph":"E", "ts":"1031695428401", "pid":"1", "tid":"fv3"},
{"name":"ModelAdvance_phase1", "ph":"E", "ts":"1031695428504", "pid":"1", "tid":"fv3"},
{"name":"ModelAdvance_phase2", "ph":"B", "ts":"1031695428508", "pid":"1", "tid":"fv3"},
{"name":"fcst_run_phase_2", "ph":"B", "ts":"1031695428530", "pid":"1", "tid":"fv3"},
{"name":"fcst_run_phase_2", "ph":"E", "ts":"1031695766771", "pid":"1", "tid":"fv3"},
{"name":"ModelAdvance_phase2", "ph":"E", "ts":"1031695766828", "pid":"1", "tid":"fv3"},
{"name":"ModelAdvance", "ph":"E", "ts":"1031695766831", "pid":"1", "tid":"fv3"},
{"name":"med_phases_post_atm", "ph":"B", "ts":"1031695768332", "pid":"1", "tid":"cmeps"},
{"name":"med_phases_history_write_comp", "ph":"B", "ts":"1031695778370", "pid":"1", "tid":"cmeps"},
{"name":"med_phases_history_write_comp", "ph":"E", "ts":"1031695778419", "pid":"1", "tid":"cmeps"},
{"name":"med_phases_post_atm", "ph":"E", "ts":"1031695778422", "pid":"1", "tid":"cmeps"},
{"name":"med_phases_post_ice", "ph":"B", "ts":"1031695781095", "pid":"1", "tid":"cmeps"},
{"name":"med_phases_history_write_comp", "ph":"B", "ts":"1031695788216", "pid":"1", "tid":"cmeps"},
{"name":"med_phases_history_write_comp", "ph":"E", "ts":"1031695788274", "pid":"1", "tid":"cmeps"},
{"name":"med_phases_post_ice", "ph":"E", "ts":"1031695788278", "pid":"1", "tid":"cmeps"},
{"name":"med_phases_ocnalb_run", "ph":"B", "ts":"1031695788537", "pid":"1", "tid":"cmeps"},
{"name":"med_phases_history_write_med", "ph":"B", "ts":"1031695789095", "pid":"1", "tid":"cmeps"},
{"name":"med_phases_history_write_med", "ph":"E", "ts":"1031695789100", "pid":"1", "tid":"cmeps"},
{"name":"med_phases_ocnalb_run", "ph":"E", "ts":"1031695789104", "pid":"1", "tid":"cmeps"},
{"name":"med_phases_prep_ocn_accum", "ph":"B", "ts":"1031695789245", "pid":"1", "tid":"cmeps"},
{"name":"med_phases_prep_ocn_accum", "ph":"E", "ts":"1031695791602", "pid":"1", "tid":"cmeps"},
{"name":"med_phases_post_ocn", "ph":"B", "ts":"1031695792760", "pid":"1", "tid":"cmeps"},
{"name":"med_phases_history_write_comp", "ph":"B", "ts":"1031695794683", "pid":"1", "tid":"cmeps"},
{"name":"med_phases_history_write_comp", "ph":"E", "ts":"1031695794723", "pid":"1", "tid":"cmeps"},
{"name":"med_phases_post_ocn", "ph":"E", "ts":"1031695794726", "pid":"1", "tid":"cmeps"},
{"name":"med_phases_restart_write", "ph":"B", "ts":"1031695794956", "pid":"1", "tid":"cmeps"},
{"name":"med_phases_restart_write", "ph":"E", "ts":"1031695794990", "pid":"1", "tid":"cmeps"},
{"name":"med_phases_prep_ocn_avg", "ph":"B", "ts":"1031695795112", "pid":"1", "tid":"cmeps"},
{"name":"med_phases_prep_ocn_avg", "ph":"E", "ts":"1031695796764", "pid":"1", "tid":"cmeps"},
{"name":"med_phases_prep_atm", "ph":"B", "ts":"1031695798762", "pid":"1", "tid":"cmeps"},
{"name":"med_phases_prep_atm", "ph":"E", "ts":"1031695808438", "pid":"1", "tid":"cmeps"},
{"name":"med_phases_prep_ice", "ph":"B", "ts":"1031695808695", "pid":"1", "tid":"cmeps"},
{"name":"med_phases_prep_ice", "ph":"E", "ts":"1031695809799", "pid":"1", "tid":"cmeps"},
{"name":"ModelAdvance", "ph":"B", "ts":"1031695815141", "pid":"1", "tid":"fv3"},
{"name":"ModelAdvance_phase1", "ph":"B", "ts":"1031695815148", "pid":"1", "tid":"fv3"},
{"name":"fcst_run_phase_1", "ph":"B", "ts":"1031695815179", "pid":"1", "tid":"fv3"},
{"name":"fcst_run_phase_1", "ph":"E", "ts":"1031698165028", "pid":"1", "tid":"fv3"},
{"name":"ModelAdvance_phase1", "ph":"E", "ts":"1031698165083", "pid":"1", "tid":"fv3"},
{"name":"ModelAdvance_phase2", "ph":"B", "ts":"1031698165259", "pid":"1", "tid":"fv3"},
{"name":"fcst_run_phase_2", "ph":"B", "ts":"1031698165288", "pid":"1", "tid":"fv3"},
{"name":"fcst_run_phase_2", "ph":"E", "ts":"1031698504081", "pid":"1", "tid":"fv3"},
{"name":"ModelAdvance_phase2", "ph":"E", "ts":"1031698504145", "pid":"1", "tid":"fv3"},
{"name":"ModelAdvance", "ph":"E", "ts":"1031698504149", "pid":"1", "tid":"fv3"},
{"name":"med_phases_post_atm", "ph":"B", "ts":"1031698505436", "pid":"1", "tid":"cmeps"},
{"name":"med_phases_history_write_comp", "ph":"B", "ts":"1031698518104", "pid":"1", "tid":"cmeps"},
{"name":"med_phases_history_write_comp", "ph":"E", "ts":"1031698518141", "pid":"1", "tid":"cmeps"},
{"name":"med_phases_post_atm", "ph":"E", "ts":"1031698518144", "pid":"1", "tid":"cmeps"},
{"name":"med_phases_post_ice", "ph":"B", "ts":"1031698521054", "pid":"1", "tid":"cmeps"},
{"name":"med_phases_history_write_comp", "ph":"B", "ts":"1031698525902", "pid":"1", "tid":"cmeps"},
{"name":"med_phases_history_write_comp", "ph":"E", "ts":"1031698525953", "pid":"1", "tid":"cmeps"},
{"name":"med_phases_post_ice", "ph":"E", "ts":"1031698525956", "pid":"1", "tid":"cmeps"},
{"name":"med_phases_ocnalb_run", "ph":"B", "ts":"1031698526209", "pid":"1", "tid":"cmeps"},
{"name":"med_phases_history_write_med", "ph":"B", "ts":"1031698526751", "pid":"1", "tid":"cmeps"},
{"name":"med_phases_history_write_med", "ph":"E", "ts":"1031698526755", "pid":"1", "tid":"cmeps"},
{"name":"med_phases_ocnalb_run", "ph":"E", "ts":"1031698526757", "pid":"1", "tid":"cmeps"},
{"name":"med_phases_prep_ocn_accum", "ph":"B", "ts":"1031698526893", "pid":"1", "tid":"cmeps"},
{"name":"med_phases_prep_ocn_accum", "ph":"E", "ts":"1031698529201", "pid":"1", "tid":"cmeps"},
{"name":"med_phases_prep_atm", "ph":"B", "ts":"1031698529483", "pid":"1", "tid":"cmeps"},
{"name":"med_phases_prep_atm", "ph":"E", "ts":"1031698537834", "pid":"1", "tid":"cmeps"},
{"name":"med_phases_prep_ice", "ph":"B", "ts":"1031698538144", "pid":"1", "tid":"cmeps"},
{"name":"med_phases_prep_ice", "ph":"E", "ts":"1031698539339", "pid":"1", "tid":"cmeps"},
{"name":"ModelAdvance", "ph":"B", "ts":"1031698545393", "pid":"1", "tid":"fv3"},
{"name":"ModelAdvance_phase1", "ph":"B", "ts":"1031698545407", "pid":"1", "tid":"fv3"},
{"name":"fcst_run_phase_1", "ph":"B", "ts":"1031698545454", "pid":"1", "tid":"fv3"},
{"name":"fcst_run_phase_1", "ph":"E", "ts":"1031700897259", "pid":"1", "tid":"fv3"},
{"name":"ModelAdvance_phase1", "ph":"E", "ts":"1031700897360", "pid":"1", "tid":"fv3"},
{"name":"ModelAdvance_phase2", "ph":"B", "ts":"1031700897363", "pid":"1", "tid":"fv3"},
{"name":"fcst_run_phase_2", "ph":"B", "ts":"1031700897389", "pid":"1", "tid":"fv3"},
{"name":"fcst_run_phase_2", "ph":"E", "ts":"1031701547357", "pid":"1", "tid":"fv3"},
{"name":"ModelAdvance_phase2", "ph":"E", "ts":"1031701547412", "pid":"1", "tid":"fv3"},
{"name":"ModelAdvance", "ph":"E", "ts":"1031701547415", "pid":"1", "tid":"fv3"},
{"name":"med_phases_post_atm", "ph":"B", "ts":"1031701548616", "pid":"1", "tid":"cmeps"},
{"name":"med_phases_history_write_comp", "ph":"B", "ts":"1031701559828", "pid":"1", "tid":"cmeps"},
{"name":"med_phases_history_write_comp", "ph":"E", "ts":"1031701559886", "pid":"1", "tid":"cmeps"},
{"name":"med_phases_post_atm", "ph":"E", "ts":"1031701559889", "pid":"1", "tid":"cmeps"},
{"name":"med_phases_post_ice", "ph":"B", "ts":"1031701562627", "pid":"1", "tid":"cmeps"},
{"name":"med_phases_history_write_comp", "ph":"B", "ts":"1031701567669", "pid":"1", "tid":"cmeps"},
{"name":"med_phases_history_write_comp", "ph":"E", "ts":"1031701567743", "pid":"1", "tid":"cmeps"},
{"name":"med_phases_post_ice", "ph":"E", "ts":"1031701567747", "pid":"1", "tid":"cmeps"},
{"name":"med_phases_ocnalb_run", "ph":"B", "ts":"1031701568041", "pid":"1", "tid":"cmeps"},
{"name":"med_phases_history_write_med", "ph":"B", "ts":"1031701568625", "pid":"1", "tid":"cmeps"},
{"name":"med_phases_history_write_med", "ph":"E", "ts":"1031701568629", "pid":"1", "tid":"cmeps"},
{"name":"med_phases_ocnalb_run", "ph":"E", "ts":"1031701568632", "pid":"1", "tid":"cmeps"},
{"name":"med_phases_prep_ocn_accum", "ph":"B", "ts":"1031701568875", "pid":"1", "tid":"cmeps"},
{"name":"med_phases_prep_ocn_accum", "ph":"E", "ts":"1031701571187", "pid":"1", "tid":"cmeps"},
{"name":"med_phases_prep_atm", "ph":"B", "ts":"1031701571436", "pid":"1", "tid":"cmeps"},
{"name":"med_phases_prep_atm", "ph":"E", "ts":"1031701580142", "pid":"1", "tid":"cmeps"},
{"name":"med_phases_prep_ice", "ph":"B", "ts":"1031701580439", "pid":"1", "tid":"cmeps"},
{"name":"med_phases_prep_ice", "ph":"E", "ts":"1031701581581", "pid":"1", "tid":"cmeps"},
{"name":"ModelAdvance", "ph":"B", "ts":"1031701586505", "pid":"1", "tid":"fv3"},
{"name":"ModelAdvance_phase1", "ph":"B", "ts":"1031701586513", "pid":"1", "tid":"fv3"},
{"name":"fcst_run_phase_1", "ph":"B", "ts":"1031701586544", "pid":"1", "tid":"fv3"},
{"name":"fcst_run_phase_1", "ph":"E", "ts":"1031703908966", "pid":"1", "tid":"fv3"},
{"name":"ModelAdvance_phase1", "ph":"E", "ts":"1031703909024", "pid":"1", "tid":"fv3"},
{"name":"ModelAdvance_phase2", "ph":"B", "ts":"1031703909027", "pid":"1", "tid":"fv3"},
{"name":"fcst_run_phase_2", "ph":"B", "ts":"1031703909065", "pid":"1", "tid":"fv3"},
{"name":"fcst_run_phase_2", "ph":"E", "ts":"1031704251473", "pid":"1", "tid":"fv3"},
{"name":"ModelAdvance_phase2", "ph":"E", "ts":"1031704251533", "pid":"1", "tid":"fv3"},
{"name":"ModelAdvance", "ph":"E", "ts":"1031704251536", "pid":"1", "tid":"fv3"},
{"name":"med_phases_post_atm", "ph":"B", "ts":"1031704252741", "pid":"1", "tid":"cmeps"},
{"name":"med_phases_history_write_comp", "ph":"B", "ts":"1031704263713", "pid":"1", "tid":"cmeps"},
{"name":"med_phases_history_write_comp", "ph":"E", "ts":"1031704263791", "pid":"1", "tid":"cmeps"},
{"name":"med_phases_post_atm", "ph":"E", "ts":"1031704263795", "pid":"1", "tid":"cmeps"},
{"name":"med_phases_post_ice", "ph":"B", "ts":"1031704266535", "pid":"1", "tid":"cmeps"},
{"name":"med_phases_history_write_comp", "ph":"B", "ts":"1031704272383", "pid":"1", "tid":"cmeps"},
{"name":"med_phases_history_write_comp", "ph":"E", "ts":"1031704272431", "pid":"1", "tid":"cmeps"},
{"name":"med_phases_post_ice", "ph":"E", "ts":"1031704272434", "pid":"1", "tid":"cmeps"},
{"name":"med_phases_ocnalb_run", "ph":"B", "ts":"1031704272666", "pid":"1", "tid":"cmeps"},
{"name":"med_phases_history_write_med", "ph":"B", "ts":"1031704273453", "pid":"1", "tid":"cmeps"},
{"name":"med_phases_history_write_med", "ph":"E", "ts":"1031704273459", "pid":"1", "tid":"cmeps"},
{"name":"med_phases_ocnalb_run", "ph":"E", "ts":"1031704273462", "pid":"1", "tid":"cmeps"},
{"name":"med_phases_prep_ocn_accum", "ph":"B", "ts":"1031704273631", "pid":"1", "tid":"cmeps"},
{"name":"med_phases_prep_ocn_accum", "ph":"E", "ts":"1031704276135", "pid":"1", "tid":"cmeps"},
{"name":"med_phases_post_ocn", "ph":"B", "ts":"1031704277378", "pid":"1", "tid":"cmeps"},
{"name":"med_phases_history_write_comp", "ph":"B", "ts":"1031704279192", "pid":"1", "tid":"cmeps"},
{"name":"med_phases_history_write_comp", "ph":"E", "ts":"1031704279233", "pid":"1", "tid":"cmeps"},
{"name":"med_phases_post_ocn", "ph":"E", "ts":"1031704279236", "pid":"1", "tid":"cmeps"},
{"name":"med_phases_restart_write", "ph":"B", "ts":"1031704279451", "pid":"1", "tid":"cmeps"},
{"name":"med_phases_restart_write", "ph":"E", "ts":"1031704279482", "pid":"1", "tid":"cmeps"},
{"name":"med_phases_prep_ocn_avg", "ph":"B", "ts":"1031704279588", "pid":"1", "tid":"cmeps"},
{"name":"med_phases_prep_ocn_avg", "ph":"E", "ts":"1031704281344", "pid":"1", "tid":"cmeps"},
{"name":"med_phases_prep_atm", "ph":"B", "ts":"1031704283758", "pid":"1", "tid":"cmeps"},
{"name":"med_phases_prep_atm", "ph":"E", "ts":"1031704292686", "pid":"1", "tid":"cmeps"},
{"name":"med_phases_prep_ice", "ph":"B", "ts":"1031704292959", "pid":"1", "tid":"cmeps"},
{"name":"med_phases_prep_ice", "ph":"E", "ts":"1031704294098", "pid":"1", "tid":"cmeps"},
{"name":"ModelAdvance", "ph":"B", "ts":"1031704299411", "pid":"1", "tid":"fv3"},
{"name":"ModelAdvance_phase1", "ph":"B", "ts":"1031704299420", "pid":"1", "tid":"fv3"},
{"name":"fcst_run_phase_1", "ph":"B", "ts":"1031704299460", "pid":"1", "tid":"fv3"},
{"name":"fcst_run_phase_1", "ph":"E", "ts":"1031710466405", "pid":"1", "tid":"fv3"},
{"name":"ModelAdvance_phase1", "ph":"E", "ts":"1031710466494", "pid":"1", "tid":"fv3"},
{"name":"ModelAdvance_phase2", "ph":"B", "ts":"1031710466497", "pid":"1", "tid":"fv3"},
{"name":"fcst_run_phase_2", "ph":"B", "ts":"1031710466520", "pid":"1", "tid":"fv3"},
{"name":"fcst_run_phase_2", "ph":"E", "ts":"1031712241804", "pid":"1", "tid":"fv3"},
{"name":"ModelAdvance_phase2", "ph":"E", "ts":"1031712241955", "pid":"1", "tid":"fv3"},
{"name":"ModelAdvance", "ph":"E", "ts":"1031712241957", "pid":"1", "tid":"fv3"},
{"name":"med_phases_post_atm", "ph":"B", "ts":"1031712243435", "pid":"1", "tid":"cmeps"},
{"name":"med_phases_history_write_comp", "ph":"B", "ts":"1031712256088", "pid":"1", "tid":"cmeps"},
{"name":"med_phases_history_write_comp", "ph":"E", "ts":"1031712256185", "pid":"1", "tid":"cmeps"},
{"name":"med_phases_post_atm", "ph":"E", "ts":"1031712256191", "pid":"1", "tid":"cmeps"},
{"name":"med_phases_post_ice", "ph":"B", "ts":"1031712259149", "pid":"1", "tid":"cmeps"},
{"name":"med_phases_history_write_comp", "ph":"B", "ts":"1031712263517", "pid":"1", "tid":"cmeps"},
{"name":"med_phases_history_write_comp", "ph":"E", "ts":"1031712263559", "pid":"1", "tid":"cmeps"},
{"name":"med_phases_post_ice", "ph":"E", "ts":"1031712263562", "pid":"1", "tid":"cmeps"},
{"name":"med_phases_ocnalb_run", "ph":"B", "ts":"1031712263795", "pid":"1", "tid":"cmeps"},
{"name":"med_phases_history_write_med", "ph":"B", "ts":"1031712264388", "pid":"1", "tid":"cmeps"},
{"name":"med_phases_history_write_med", "ph":"E", "ts":"1031712264392", "pid":"1", "tid":"cmeps"},
{"name":"med_phases_ocnalb_run", "ph":"E", "ts":"1031712264394", "pid":"1", "tid":"cmeps"},
{"name":"med_phases_prep_ocn_accum", "ph":"B", "ts":"1031712264542", "pid":"1", "tid":"cmeps"},
{"name":"med_phases_prep_ocn_accum", "ph":"E", "ts":"1031712266955", "pid":"1", "tid":"cmeps"},
{"name":"med_phases_prep_atm", "ph":"B", "ts":"1031712267168", "pid":"1", "tid":"cmeps"},
{"name":"med_phases_prep_atm", "ph":"E", "ts":"1031712274853", "pid":"1", "tid":"cmeps"},
{"name":"med_phases_prep_ice", "ph":"B", "ts":"1031712275081", "pid":"1", "tid":"cmeps"},
{"name":"med_phases_prep_ice", "ph":"E", "ts":"1031712276073", "pid":"1", "tid":"cmeps"},
{"name":"ModelAdvance", "ph":"B", "ts":"1031712283724", "pid":"1", "tid":"fv3"},
{"name":"ModelAdvance_phase1", "ph":"B", "ts":"1031712283740", "pid":"1", "tid":"fv3"},
{"name":"fcst_run_phase_1", "ph":"B", "ts":"1031712283798", "pid":"1", "tid":"fv3"},
{"name":"fcst_run_phase_1", "ph":"E", "ts":"1031714622078", "pid":"1", "tid":"fv3"},
{"name":"ModelAdvance_phase1", "ph":"E", "ts":"1031714622132", "pid":"1", "tid":"fv3"},
{"name":"ModelAdvance_phase2", "ph":"B", "ts":"1031714622135", "pid":"1", "tid":"fv3"},
{"name":"fcst_run_phase_2", "ph":"B", "ts":"1031714622160", "pid":"1", "tid":"fv3"},
{"name":"fcst_run_phase_2", "ph":"E", "ts":"1031715050579", "pid":"1", "tid":"fv3"},
{"name":"ModelAdvance_phase2", "ph":"E", "ts":"1031715050676", "pid":"1", "tid":"fv3"},
{"name":"ModelAdvance", "ph":"E", "ts":"1031715050679", "pid":"1", "tid":"fv3"},
{"name":"med_phases_post_atm", "ph":"B", "ts":"1031715051919", "pid":"1", "tid":"cmeps"},
{"name":"med_phases_history_write_comp", "ph":"B", "ts":"1031715062634", "pid":"1", "tid":"cmeps"},
{"name":"med_phases_history_write_comp", "ph":"E", "ts":"1031715062704", "pid":"1", "tid":"cmeps"},
{"name":"med_phases_post_atm", "ph":"E", "ts":"1031715062707", "pid":"1", "tid":"cmeps"},
{"name":"med_phases_post_ice", "ph":"B", "ts":"1031715065454", "pid":"1", "tid":"cmeps"},
{"name":"med_phases_history_write_comp", "ph":"B", "ts":"1031715071287", "pid":"1", "tid":"cmeps"},
{"name":"med_phases_history_write_comp", "ph":"E", "ts":"1031715071338", "pid":"1", "tid":"cmeps"},
{"name":"med_phases_post_ice", "ph":"E", "ts":"1031715071341", "pid":"1", "tid":"cmeps"},
{"name":"med_phases_ocnalb_run", "ph":"B", "ts":"1031715071594", "pid":"1", "tid":"cmeps"},
{"name":"med_phases_history_write_med", "ph":"B", "ts":"1031715072146", "pid":"1", "tid":"cmeps"},
{"name":"med_phases_history_write_med", "ph":"E", "ts":"1031715072236", "pid":"1", "tid":"cmeps"},
{"name":"med_phases_ocnalb_run", "ph":"E", "ts":"1031715072240", "pid":"1", "tid":"cmeps"},
{"name":"med_phases_prep_ocn_accum", "ph":"B", "ts":"1031715072402", "pid":"1", "tid":"cmeps"},
{"name":"med_phases_prep_ocn_accum", "ph":"E", "ts":"1031715074928", "pid":"1", "tid":"cmeps"},
{"name":"med_phases_prep_atm", "ph":"B", "ts":"1031715075179", "pid":"1", "tid":"cmeps"},
{"name":"med_phases_prep_atm", "ph":"E", "ts":"1031715083371", "pid":"1", "tid":"cmeps"},
{"name":"med_phases_prep_ice", "ph":"B", "ts":"1031715083660", "pid":"1", "tid":"cmeps"},
{"name":"med_phases_prep_ice", "ph":"E", "ts":"1031715084777", "pid":"1", "tid":"cmeps"},
{"name":"ModelAdvance", "ph":"B", "ts":"1031715089765", "pid":"1", "tid":"fv3"},
{"name":"ModelAdvance_phase1", "ph":"B", "ts":"1031715089774", "pid":"1", "tid":"fv3"},
{"name":"fcst_run_phase_1", "ph":"B", "ts":"1031715089807", "pid":"1", "tid":"fv3"},
{"name":"fcst_run_phase_1", "ph":"E", "ts":"1031717422636", "pid":"1", "tid":"fv3"},
{"name":"ModelAdvance_phase1", "ph":"E", "ts":"1031717422740", "pid":"1", "tid":"fv3"},
{"name":"ModelAdvance_phase2", "ph":"B", "ts":"1031717422744", "pid":"1", "tid":"fv3"},
{"name":"fcst_run_phase_2", "ph":"B", "ts":"1031717422767", "pid":"1", "tid":"fv3"},
{"name":"fcst_run_phase_2", "ph":"E", "ts":"1031717771197", "pid":"1", "tid":"fv3"},
{"name":"ModelAdvance_phase2", "ph":"E", "ts":"1031717771327", "pid":"1", "tid":"fv3"},
{"name":"ModelAdvance", "ph":"E", "ts":"1031717771330", "pid":"1", "tid":"fv3"},
{"name":"med_phases_post_atm", "ph":"B", "ts":"1031717772783", "pid":"1", "tid":"cmeps"},
{"name":"med_phases_history_write_comp", "ph":"B", "ts":"1031717782937", "pid":"1", "tid":"cmeps"},
{"name":"med_phases_history_write_comp", "ph":"E", "ts":"1031717783003", "pid":"1", "tid":"cmeps"},
{"name":"med_phases_post_atm", "ph":"E", "ts":"1031717783006", "pid":"1", "tid":"cmeps"},
{"name":"med_phases_post_ice", "ph":"B", "ts":"1031717785722", "pid":"1", "tid":"cmeps"},
{"name":"med_phases_history_write_comp", "ph":"B", "ts":"1031717791935", "pid":"1", "tid":"cmeps"},
{"name":"med_phases_history_write_comp", "ph":"E", "ts":"1031717791983", "pid":"1", "tid":"cmeps"},
{"name":"med_phases_post_ice", "ph":"E", "ts":"1031717791985", "pid":"1", "tid":"cmeps"},
{"name":"med_phases_ocnalb_run", "ph":"B", "ts":"1031717792252", "pid":"1", "tid":"cmeps"},
{"name":"med_phases_history_write_med", "ph":"B", "ts":"1031717792791", "pid":"1", "tid":"cmeps"},
{"name":"med_phases_history_write_med", "ph":"E", "ts":"1031717792796", "pid":"1", "tid":"cmeps"},
{"name":"med_phases_ocnalb_run", "ph":"E", "ts":"1031717792798", "pid":"1", "tid":"cmeps"},
{"name":"med_phases_prep_ocn_accum", "ph":"B", "ts":"1031717792943", "pid":"1", "tid":"cmeps"},
{"name":"med_phases_prep_ocn_accum", "ph":"E", "ts":"1031717795356", "pid":"1", "tid":"cmeps"},
{"name":"med_phases_post_ocn", "ph":"B", "ts":"1031717796937", "pid":"1", "tid":"cmeps"},
{"name":"med_phases_history_write_comp", "ph":"B", "ts":"1031717799150", "pid":"1", "tid":"cmeps"},
{"name":"med_phases_history_write_comp", "ph":"E", "ts":"1031717799192", "pid":"1", "tid":"cmeps"},
{"name":"med_phases_post_ocn", "ph":"E", "ts":"1031717799196", "pid":"1", "tid":"cmeps"},
{"name":"med_phases_restart_write", "ph":"B", "ts":"1031717799453", "pid":"1", "tid":"cmeps"},
{"name":"med_phases_restart_write", "ph":"E", "ts":"1031717799488", "pid":"1", "tid":"cmeps"},
{"name":"med_phases_prep_ocn_avg", "ph":"B", "ts":"1031717799596", "pid":"1", "tid":"cmeps"},
{"name":"med_phases_prep_ocn_avg", "ph":"E", "ts":"1031717801344", "pid":"1", "tid":"cmeps"},
{"name":"med_phases_prep_atm", "ph":"B", "ts":"1031717803912", "pid":"1", "tid":"cmeps"},
{"name":"med_phases_prep_atm", "ph":"E", "ts":"1031717812423", "pid":"1", "tid":"cmeps"},
{"name":"med_phases_prep_ice", "ph":"B", "ts":"1031717812660", "pid":"1", "tid":"cmeps"},
{"name":"med_phases_prep_ice", "ph":"E", "ts":"1031717813787", "pid":"1", "tid":"cmeps"},
{"name":"ModelAdvance", "ph":"B", "ts":"1031717818718", "pid":"1", "tid":"fv3"},
{"name":"ModelAdvance_phase1", "ph":"B", "ts":"1031717818728", "pid":"1", "tid":"fv3"},
{"name":"fcst_run_phase_1", "ph":"B", "ts":"1031717818935", "pid":"1", "tid":"fv3"},
{"name":"fcst_run_phase_1", "ph":"E", "ts":"1031720268072", "pid":"1", "tid":"fv3"},
{"name":"ModelAdvance_phase1", "ph":"E", "ts":"1031720268124", "pid":"1", "tid":"fv3"},
{"name":"ModelAdvance_phase2", "ph":"B", "ts":"1031720268127", "pid":"1", "tid":"fv3"},
{"name":"fcst_run_phase_2", "ph":"B", "ts":"1031720268152", "pid":"1", "tid":"fv3"},
{"name":"fcst_run_phase_2", "ph":"E", "ts":"1031720605356", "pid":"1", "tid":"fv3"},
{"name":"ModelAdvance_phase2", "ph":"E", "ts":"1031720605449", "pid":"1", "tid":"fv3"},
{"name":"ModelAdvance", "ph":"E", "ts":"1031720605453", "pid":"1", "tid":"fv3"},
{"name":"med_phases_post_atm", "ph":"B", "ts":"1031720607347", "pid":"1", "tid":"cmeps"},
{"name":"med_phases_history_write_comp", "ph":"B", "ts":"1031720618472", "pid":"1", "tid":"cmeps"},
{"name":"med_phases_history_write_comp", "ph":"E", "ts":"1031720618520", "pid":"1", "tid":"cmeps"},
{"name":"med_phases_post_atm", "ph":"E", "ts":"1031720618523", "pid":"1", "tid":"cmeps"},
{"name":"med_phases_post_ice", "ph":"B", "ts":"1031720622318", "pid":"1", "tid":"cmeps"},
{"name":"med_phases_history_write_comp", "ph":"B", "ts":"1031720626625", "pid":"1", "tid":"cmeps"},
{"name":"med_phases_history_write_comp", "ph":"E", "ts":"1031720626675", "pid":"1", "tid":"cmeps"},
{"name":"med_phases_post_ice", "ph":"E", "ts":"1031720626678", "pid":"1", "tid":"cmeps"},
{"name":"med_phases_ocnalb_run", "ph":"B", "ts":"1031720626926", "pid":"1", "tid":"cmeps"},
{"name":"med_phases_history_write_med", "ph":"B", "ts":"1031720627512", "pid":"1", "tid":"cmeps"},
{"name":"med_phases_history_write_med", "ph":"E", "ts":"1031720627515", "pid":"1", "tid":"cmeps"},
{"name":"med_phases_ocnalb_run", "ph":"E", "ts":"1031720627518", "pid":"1", "tid":"cmeps"},
{"name":"med_phases_prep_ocn_accum", "ph":"B", "ts":"1031720627660", "pid":"1", "tid":"cmeps"},
{"name":"med_phases_prep_ocn_accum", "ph":"E", "ts":"1031720630127", "pid":"1", "tid":"cmeps"},
{"name":"med_phases_prep_atm", "ph":"B", "ts":"1031720630354", "pid":"1", "tid":"cmeps"},
{"name":"med_phases_prep_atm", "ph":"E", "ts":"1031720638948", "pid":"1", "tid":"cmeps"},
{"name":"med_phases_prep_ice", "ph":"B", "ts":"1031720639259", "pid":"1", "tid":"cmeps"},
{"name":"med_phases_prep_ice", "ph":"E", "ts":"1031720640418", "pid":"1", "tid":"cmeps"},
{"name":"ModelAdvance", "ph":"B", "ts":"1031720645389", "pid":"1", "tid":"fv3"},
{"name":"ModelAdvance_phase1", "ph":"B", "ts":"1031720645405", "pid":"1", "tid":"fv3"},
{"name":"fcst_run_phase_1", "ph":"B", "ts":"1031720645495", "pid":"1", "tid":"fv3"},
{"name":"fcst_run_phase_1", "ph":"E", "ts":"1031722988755", "pid":"1", "tid":"fv3"},
{"name":"ModelAdvance_phase1", "ph":"E", "ts":"1031722988794", "pid":"1", "tid":"fv3"},
{"name":"ModelAdvance_phase2", "ph":"B", "ts":"1031722988796", "pid":"1", "tid":"fv3"},
{"name":"fcst_run_phase_2", "ph":"B", "ts":"1031722988818", "pid":"1", "tid":"fv3"},
{"name":"fcst_run_phase_2", "ph":"E", "ts":"1031723326757", "pid":"1", "tid":"fv3"},
{"name":"ModelAdvance_phase2", "ph":"E", "ts":"1031723326817", "pid":"1", "tid":"fv3"},
{"name":"ModelAdvance", "ph":"E", "ts":"1031723326820", "pid":"1", "tid":"fv3"},
{"name":"med_phases_post_atm", "ph":"B", "ts":"1031723328393", "pid":"1", "tid":"cmeps"},
{"name":"med_phases_history_write_comp", "ph":"B", "ts":"1031723339579", "pid":"1", "tid":"cmeps"},
{"name":"med_phases_history_write_comp", "ph":"E", "ts":"1031723339626", "pid":"1", "tid":"cmeps"},
{"name":"med_phases_post_atm", "ph":"E", "ts":"1031723339628", "pid":"1", "tid":"cmeps"},
{"name":"med_phases_post_ice", "ph":"B", "ts":"1031723342455", "pid":"1", "tid":"cmeps"},
{"name":"med_phases_history_write_comp", "ph":"B", "ts":"1031723346927", "pid":"1", "tid":"cmeps"},
{"name":"med_phases_history_write_comp", "ph":"E", "ts":"1031723346990", "pid":"1", "tid":"cmeps"},
{"name":"med_phases_post_ice", "ph":"E", "ts":"1031723347129", "pid":"1", "tid":"cmeps"},
{"name":"med_phases_ocnalb_run", "ph":"B", "ts":"1031723347425", "pid":"1", "tid":"cmeps"},
{"name":"med_phases_history_write_med", "ph":"B", "ts":"1031723347953", "pid":"1", "tid":"cmeps"},
{"name":"med_phases_history_write_med", "ph":"E", "ts":"1031723347958", "pid":"1", "tid":"cmeps"},
{"name":"med_phases_ocnalb_run", "ph":"E", "ts":"1031723347961", "pid":"1", "tid":"cmeps"},
{"name":"med_phases_prep_ocn_accum", "ph":"B", "ts":"1031723348101", "pid":"1", "tid":"cmeps"},
{"name":"med_phases_prep_ocn_accum", "ph":"E", "ts":"1031723350417", "pid":"1", "tid":"cmeps"},
{"name":"med_phases_prep_atm", "ph":"B", "ts":"1031723350665", "pid":"1", "tid":"cmeps"},
{"name":"med_phases_prep_atm", "ph":"E", "ts":"1031723359087", "pid":"1", "tid":"cmeps"},
{"name":"med_phases_prep_ice", "ph":"B", "ts":"1031723359335", "pid":"1", "tid":"cmeps"},
{"name":"med_phases_prep_ice", "ph":"E", "ts":"1031723360478", "pid":"1", "tid":"cmeps"},
{"name":"ModelAdvance", "ph":"B", "ts":"1031723365488", "pid":"1", "tid":"fv3"},
{"name":"ModelAdvance_phase1", "ph":"B", "ts":"1031723365497", "pid":"1", "tid":"fv3"},
{"name":"fcst_run_phase_1", "ph":"B", "ts":"1031723365537", "pid":"1", "tid":"fv3"},
{"name":"fcst_run_phase_1", "ph":"E", "ts":"1031725702059", "pid":"1", "tid":"fv3"},
{"name":"ModelAdvance_phase1", "ph":"E", "ts":"1031725702188", "pid":"1", "tid":"fv3"},
{"name":"ModelAdvance_phase2", "ph":"B", "ts":"1031725702193", "pid":"1", "tid":"fv3"},
{"name":"fcst_run_phase_2", "ph":"B", "ts":"1031725702223", "pid":"1", "tid":"fv3"},
{"name":"fcst_run_phase_2", "ph":"E", "ts":"1031726036894", "pid":"1", "tid":"fv3"},
{"name":"ModelAdvance_phase2", "ph":"E", "ts":"1031726036958", "pid":"1", "tid":"fv3"},
{"name":"ModelAdvance", "ph":"E", "ts":"1031726036961", "pid":"1", "tid":"fv3"},
{"name":"med_phases_post_atm", "ph":"B", "ts":"1031726038138", "pid":"1", "tid":"cmeps"},
{"name":"med_phases_history_write_comp", "ph":"B", "ts":"1031726048481", "pid":"1", "tid":"cmeps"},
{"name":"med_phases_history_write_comp", "ph":"E", "ts":"1031726048525", "pid":"1", "tid":"cmeps"},
{"name":"med_phases_post_atm", "ph":"E", "ts":"1031726048528", "pid":"1", "tid":"cmeps"},
{"name":"med_phases_post_ice", "ph":"B", "ts":"1031726051290", "pid":"1", "tid":"cmeps"},
{"name":"med_phases_history_write_comp", "ph":"B", "ts":"1031726055706", "pid":"1", "tid":"cmeps"},
{"name":"med_phases_history_write_comp", "ph":"E", "ts":"1031726055758", "pid":"1", "tid":"cmeps"},
{"name":"med_phases_post_ice", "ph":"E", "ts":"1031726055761", "pid":"1", "tid":"cmeps"},
{"name":"med_phases_ocnalb_run", "ph":"B", "ts":"1031726056052", "pid":"1", "tid":"cmeps"},
{"name":"med_phases_history_write_med", "ph":"B", "ts":"1031726056650", "pid":"1", "tid":"cmeps"},
{"name":"med_phases_history_write_med", "ph":"E", "ts":"1031726056656", "pid":"1", "tid":"cmeps"},
{"name":"med_phases_ocnalb_run", "ph":"E", "ts":"1031726056658", "pid":"1", "tid":"cmeps"},
{"name":"med_phases_prep_ocn_accum", "ph":"B", "ts":"1031726056848", "pid":"1", "tid":"cmeps"},
{"name":"med_phases_prep_ocn_accum", "ph":"E", "ts":"1031726059258", "pid":"1", "tid":"cmeps"},
{"name":"med_phases_post_ocn", "ph":"B", "ts":"1031726060489", "pid":"1", "tid":"cmeps"},
{"name":"med_phases_history_write_comp", "ph":"B", "ts":"1031726062683", "pid":"1", "tid":"cmeps"},
{"name":"med_phases_history_write_comp", "ph":"E", "ts":"1031726062721", "pid":"1", "tid":"cmeps"},
{"name":"med_phases_post_ocn", "ph":"E", "ts":"1031726062724", "pid":"1", "tid":"cmeps"},
{"name":"med_phases_restart_write", "ph":"B", "ts":"1031726062943", "pid":"1", "tid":"cmeps"},
{"name":"med_phases_restart_write", "ph":"E", "ts":"1031726062971", "pid":"1", "tid":"cmeps"},
{"name":"med_phases_prep_ocn_avg", "ph":"B", "ts":"1031726063077", "pid":"1", "tid":"cmeps"},
{"name":"med_phases_prep_ocn_avg", "ph":"E", "ts":"1031726064741", "pid":"1", "tid":"cmeps"},
{"name":"med_phases_prep_atm", "ph":"B", "ts":"1031726067429", "pid":"1", "tid":"cmeps"},
{"name":"med_phases_prep_atm", "ph":"E", "ts":"1031726075892", "pid":"1", "tid":"cmeps"},
{"name":"med_phases_prep_ice", "ph":"B", "ts":"1031726076238", "pid":"1", "tid":"cmeps"},
{"name":"med_phases_prep_ice", "ph":"E", "ts":"1031726077372", "pid":"1", "tid":"cmeps"},
{"name":"ModelAdvance", "ph":"B", "ts":"1031726082695", "pid":"1", "tid":"fv3"},
{"name":"ModelAdvance_phase1", "ph":"B", "ts":"1031726082705", "pid":"1", "tid":"fv3"},
{"name":"fcst_run_phase_1", "ph":"B", "ts":"1031726082746", "pid":"1", "tid":"fv3"},
{"name":"fcst_run_phase_1", "ph":"E", "ts":"1031730835682", "pid":"1", "tid":"fv3"},
{"name":"ModelAdvance_phase1", "ph":"E", "ts":"1031730835840", "pid":"1", "tid":"fv3"},
{"name":"ModelAdvance_phase2", "ph":"B", "ts":"1031730835844", "pid":"1", "tid":"fv3"},
{"name":"fcst_run_phase_2", "ph":"B", "ts":"1031730835865", "pid":"1", "tid":"fv3"},
{"name":"fcst_run_phase_2", "ph":"E", "ts":"1031734010212", "pid":"1", "tid":"fv3"},
{"name":"ModelAdvance_phase2", "ph":"E", "ts":"1031734010268", "pid":"1", "tid":"fv3"},
{"name":"ModelAdvance", "ph":"E", "ts":"1031734010271", "pid":"1", "tid":"fv3"},
{"name":"med_phases_post_atm", "ph":"B", "ts":"1031734011390", "pid":"1", "tid":"cmeps"},
{"name":"med_phases_history_write_comp", "ph":"B", "ts":"1031734021591", "pid":"1", "tid":"cmeps"},
{"name":"med_phases_history_write_comp", "ph":"E", "ts":"1031734021632", "pid":"1", "tid":"cmeps"},
{"name":"med_phases_post_atm", "ph":"E", "ts":"1031734021635", "pid":"1", "tid":"cmeps"},
{"name":"med_phases_post_ice", "ph":"B", "ts":"1031734024337", "pid":"1", "tid":"cmeps"},
{"name":"med_phases_history_write_comp", "ph":"B", "ts":"1031734030301", "pid":"1", "tid":"cmeps"},
{"name":"med_phases_history_write_comp", "ph":"E", "ts":"1031734030360", "pid":"1", "tid":"cmeps"},
{"name":"med_phases_post_ice", "ph":"E", "ts":"1031734030363", "pid":"1", "tid":"cmeps"},
{"name":"med_phases_ocnalb_run", "ph":"B", "ts":"1031734030605", "pid":"1", "tid":"cmeps"},
{"name":"med_phases_history_write_med", "ph":"B", "ts":"1031734031307", "pid":"1", "tid":"cmeps"},
{"name":"med_phases_history_write_med", "ph":"E", "ts":"1031734031312", "pid":"1", "tid":"cmeps"},
{"name":"med_phases_ocnalb_run", "ph":"E", "ts":"1031734031314", "pid":"1", "tid":"cmeps"},
{"name":"med_phases_prep_ocn_accum", "ph":"B", "ts":"1031734031475", "pid":"1", "tid":"cmeps"},
{"name":"med_phases_prep_ocn_accum", "ph":"E", "ts":"1031734033798", "pid":"1", "tid":"cmeps"},
{"name":"med_phases_prep_atm", "ph":"B", "ts":"1031734034031", "pid":"1", "tid":"cmeps"},
{"name":"med_phases_prep_atm", "ph":"E", "ts":"1031734042151", "pid":"1", "tid":"cmeps"},
{"name":"med_phases_prep_ice", "ph":"B", "ts":"1031734042429", "pid":"1", "tid":"cmeps"},
{"name":"med_phases_prep_ice", "ph":"E", "ts":"1031734043633", "pid":"1", "tid":"cmeps"},
{"name":"ModelAdvance", "ph":"B", "ts":"1031734048980", "pid":"1", "tid":"fv3"},
{"name":"ModelAdvance_phase1", "ph":"B", "ts":"1031734048990", "pid":"1", "tid":"fv3"},
{"name":"fcst_run_phase_1", "ph":"B", "ts":"1031734049030", "pid":"1", "tid":"fv3"},
{"name":"fcst_run_phase_1", "ph":"E", "ts":"1031736387342", "pid":"1", "tid":"fv3"},
{"name":"ModelAdvance_phase1", "ph":"E", "ts":"1031736387458", "pid":"1", "tid":"fv3"},
{"name":"ModelAdvance_phase2", "ph":"B", "ts":"1031736387461", "pid":"1", "tid":"fv3"},
{"name":"fcst_run_phase_2", "ph":"B", "ts":"1031736387488", "pid":"1", "tid":"fv3"},
{"name":"fcst_run_phase_2", "ph":"E", "ts":"1031736715640", "pid":"1", "tid":"fv3"},
{"name":"ModelAdvance_phase2", "ph":"E", "ts":"1031736715704", "pid":"1", "tid":"fv3"},
{"name":"ModelAdvance", "ph":"E", "ts":"1031736715707", "pid":"1", "tid":"fv3"},
{"name":"med_phases_post_atm", "ph":"B", "ts":"1031736717054", "pid":"1", "tid":"cmeps"},
{"name":"med_phases_history_write_comp", "ph":"B", "ts":"1031736727619", "pid":"1", "tid":"cmeps"},
{"name":"med_phases_history_write_comp", "ph":"E", "ts":"1031736727675", "pid":"1", "tid":"cmeps"},
{"name":"med_phases_post_atm", "ph":"E", "ts":"1031736727679", "pid":"1", "tid":"cmeps"},
{"name":"med_phases_post_ice", "ph":"B", "ts":"1031736730534", "pid":"1", "tid":"cmeps"},
{"name":"med_phases_history_write_comp", "ph":"B", "ts":"1031736735758", "pid":"1", "tid":"cmeps"},
{"name":"med_phases_history_write_comp", "ph":"E", "ts":"1031736735816", "pid":"1", "tid":"cmeps"},
{"name":"med_phases_post_ice", "ph":"E", "ts":"1031736735818", "pid":"1", "tid":"cmeps"},
{"name":"med_phases_ocnalb_run", "ph":"B", "ts":"1031736736098", "pid":"1", "tid":"cmeps"},
{"name":"med_phases_history_write_med", "ph":"B", "ts":"1031736736674", "pid":"1", "tid":"cmeps"},
{"name":"med_phases_history_write_med", "ph":"E", "ts":"1031736736678", "pid":"1", "tid":"cmeps"},
{"name":"med_phases_ocnalb_run", "ph":"E", "ts":"1031736736681", "pid":"1", "tid":"cmeps"},
{"name":"med_phases_prep_ocn_accum", "ph":"B", "ts":"1031736736822", "pid":"1", "tid":"cmeps"},
{"name":"med_phases_prep_ocn_accum", "ph":"E", "ts":"1031736739130", "pid":"1", "tid":"cmeps"},
{"name":"med_phases_prep_atm", "ph":"B", "ts":"1031736739374", "pid":"1", "tid":"cmeps"},
{"name":"med_phases_prep_atm", "ph":"E", "ts":"1031736747599", "pid":"1", "tid":"cmeps"},
{"name":"med_phases_prep_ice", "ph":"B", "ts":"1031736747877", "pid":"1", "tid":"cmeps"},
{"name":"med_phases_prep_ice", "ph":"E", "ts":"1031736749075", "pid":"1", "tid":"cmeps"},
{"name":"ModelAdvance", "ph":"B", "ts":"1031736754131", "pid":"1", "tid":"fv3"},
{"name":"ModelAdvance_phase1", "ph":"B", "ts":"1031736754141", "pid":"1", "tid":"fv3"},
{"name":"fcst_run_phase_1", "ph":"B", "ts":"1031736754174", "pid":"1", "tid":"fv3"},
{"name":"fcst_run_phase_1", "ph":"E", "ts":"1031739091598", "pid":"1", "tid":"fv3"},
{"name":"ModelAdvance_phase1", "ph":"E", "ts":"1031739091636", "pid":"1", "tid":"fv3"},
{"name":"ModelAdvance_phase2", "ph":"B", "ts":"1031739091639", "pid":"1", "tid":"fv3"},
{"name":"fcst_run_phase_2", "ph":"B", "ts":"1031739091660", "pid":"1", "tid":"fv3"},
{"name":"fcst_run_phase_2", "ph":"E", "ts":"1031739434477", "pid":"1", "tid":"fv3"},
{"name":"ModelAdvance_phase2", "ph":"E", "ts":"1031739434649", "pid":"1", "tid":"fv3"},
{"name":"ModelAdvance", "ph":"E", "ts":"1031739434652", "pid":"1", "tid":"fv3"},
{"name":"med_phases_post_atm", "ph":"B", "ts":"1031739435854", "pid":"1", "tid":"cmeps"},
{"name":"med_phases_history_write_comp", "ph":"B", "ts":"1031739445955", "pid":"1", "tid":"cmeps"},
{"name":"med_phases_history_write_comp", "ph":"E", "ts":"1031739446005", "pid":"1", "tid":"cmeps"},
{"name":"med_phases_post_atm", "ph":"E", "ts":"1031739446007", "pid":"1", "tid":"cmeps"},
{"name":"med_phases_post_ice", "ph":"B", "ts":"1031739448795", "pid":"1", "tid":"cmeps"},
{"name":"med_phases_history_write_comp", "ph":"B", "ts":"1031739454371", "pid":"1", "tid":"cmeps"},
{"name":"med_phases_history_write_comp", "ph":"E", "ts":"1031739454429", "pid":"1", "tid":"cmeps"},
{"name":"med_phases_post_ice", "ph":"E", "ts":"1031739454433", "pid":"1", "tid":"cmeps"},
{"name":"med_phases_ocnalb_run", "ph":"B", "ts":"1031739454727", "pid":"1", "tid":"cmeps"},
{"name":"med_phases_history_write_med", "ph":"B", "ts":"1031739455299", "pid":"1", "tid":"cmeps"},
{"name":"med_phases_history_write_med", "ph":"E", "ts":"1031739455304", "pid":"1", "tid":"cmeps"},
{"name":"med_phases_ocnalb_run", "ph":"E", "ts":"1031739455306", "pid":"1", "tid":"cmeps"},
{"name":"med_phases_prep_ocn_accum", "ph":"B", "ts":"1031739455444", "pid":"1", "tid":"cmeps"},
{"name":"med_phases_prep_ocn_accum", "ph":"E", "ts":"1031739457527", "pid":"1", "tid":"cmeps"},
{"name":"med_phases_post_ocn", "ph":"B", "ts":"1031739458983", "pid":"1", "tid":"cmeps"},
{"name":"med_phases_history_write_comp", "ph":"B", "ts":"1031739460721", "pid":"1", "tid":"cmeps"},
{"name":"med_phases_history_write_comp", "ph":"E", "ts":"1031739460765", "pid":"1", "tid":"cmeps"},
{"name":"med_phases_post_ocn", "ph":"E", "ts":"1031739460768", "pid":"1", "tid":"cmeps"},
{"name":"med_phases_restart_write", "ph":"B", "ts":"1031739461013", "pid":"1", "tid":"cmeps"},
{"name":"med_phases_restart_write", "ph":"E", "ts":"1031739461054", "pid":"1", "tid":"cmeps"},
{"name":"med_phases_prep_ocn_avg", "ph":"B", "ts":"1031739461207", "pid":"1", "tid":"cmeps"},
{"name":"med_phases_prep_ocn_avg", "ph":"E", "ts":"1031739462896", "pid":"1", "tid":"cmeps"},
{"name":"med_phases_prep_atm", "ph":"B", "ts":"1031739465240", "pid":"1", "tid":"cmeps"},
{"name":"med_phases_prep_atm", "ph":"E", "ts":"1031739474603", "pid":"1", "tid":"cmeps"},
{"name":"med_phases_prep_ice", "ph":"B", "ts":"1031739474869", "pid":"1", "tid":"cmeps"},
{"name":"med_phases_prep_ice", "ph":"E", "ts":"1031739476006", "pid":"1", "tid":"cmeps"},
{"name":"ModelAdvance", "ph":"B", "ts":"1031739481286", "pid":"1", "tid":"fv3"},
{"name":"ModelAdvance_phase1", "ph":"B", "ts":"1031739481294", "pid":"1", "tid":"fv3"},
{"name":"fcst_run_phase_1", "ph":"B", "ts":"1031739481331", "pid":"1", "tid":"fv3"},
{"name":"fcst_run_phase_1", "ph":"E", "ts":"1031741817984", "pid":"1", "tid":"fv3"},
{"name":"ModelAdvance_phase1", "ph":"E", "ts":"1031741818095", "pid":"1", "tid":"fv3"},
{"name":"ModelAdvance_phase2", "ph":"B", "ts":"1031741818100", "pid":"1", "tid":"fv3"},
{"name":"fcst_run_phase_2", "ph":"B", "ts":"1031741818126", "pid":"1", "tid":"fv3"},
{"name":"fcst_run_phase_2", "ph":"E", "ts":"1031742169933", "pid":"1", "tid":"fv3"},
{"name":"ModelAdvance_phase2", "ph":"E", "ts":"1031742170066", "pid":"1", "tid":"fv3"},
{"name":"ModelAdvance", "ph":"E", "ts":"1031742170069", "pid":"1", "tid":"fv3"},
{"name":"med_phases_post_atm", "ph":"B", "ts":"1031742171373", "pid":"1", "tid":"cmeps"},
{"name":"med_phases_history_write_comp", "ph":"B", "ts":"1031742181827", "pid":"1", "tid":"cmeps"},
{"name":"med_phases_history_write_comp", "ph":"E", "ts":"1031742181907", "pid":"1", "tid":"cmeps"},
{"name":"med_phases_post_atm", "ph":"E", "ts":"1031742181911", "pid":"1", "tid":"cmeps"},
{"name":"med_phases_post_ice", "ph":"B", "ts":"1031742184771", "pid":"1", "tid":"cmeps"},
{"name":"med_phases_history_write_comp", "ph":"B", "ts":"1031742190802", "pid":"1", "tid":"cmeps"},
{"name":"med_phases_history_write_comp", "ph":"E", "ts":"1031742190870", "pid":"1", "tid":"cmeps"},
{"name":"med_phases_post_ice", "ph":"E", "ts":"1031742190873", "pid":"1", "tid":"cmeps"},
{"name":"med_phases_ocnalb_run", "ph":"B", "ts":"1031742191155", "pid":"1", "tid":"cmeps"},
{"name":"med_phases_history_write_med", "ph":"B", "ts":"1031742191723", "pid":"1", "tid":"cmeps"},
{"name":"med_phases_history_write_med", "ph":"E", "ts":"1031742191728", "pid":"1", "tid":"cmeps"},
{"name":"med_phases_ocnalb_run", "ph":"E", "ts":"1031742191731", "pid":"1", "tid":"cmeps"},
{"name":"med_phases_prep_ocn_accum", "ph":"B", "ts":"1031742191873", "pid":"1", "tid":"cmeps"},
{"name":"med_phases_prep_ocn_accum", "ph":"E", "ts":"1031742194145", "pid":"1", "tid":"cmeps"},
{"name":"med_phases_prep_atm", "ph":"B", "ts":"1031742194402", "pid":"1", "tid":"cmeps"},
{"name":"med_phases_prep_atm", "ph":"E", "ts":"1031742202527", "pid":"1", "tid":"cmeps"},
{"name":"med_phases_prep_ice", "ph":"B", "ts":"1031742202794", "pid":"1", "tid":"cmeps"},
{"name":"med_phases_prep_ice", "ph":"E", "ts":"1031742203908", "pid":"1", "tid":"cmeps"},
{"name":"ModelAdvance", "ph":"B", "ts":"1031742209286", "pid":"1", "tid":"fv3"},
{"name":"ModelAdvance_phase1", "ph":"B", "ts":"1031742209295", "pid":"1", "tid":"fv3"},
{"name":"fcst_run_phase_1", "ph":"B", "ts":"1031742209353", "pid":"1", "tid":"fv3"},
{"name":"fcst_run_phase_1", "ph":"E", "ts":"1031744536044", "pid":"1", "tid":"fv3"},
{"name":"ModelAdvance_phase1", "ph":"E", "ts":"1031744536098", "pid":"1", "tid":"fv3"},
{"name":"ModelAdvance_phase2", "ph":"B", "ts":"1031744536101", "pid":"1", "tid":"fv3"},
{"name":"fcst_run_phase_2", "ph":"B", "ts":"1031744536126", "pid":"1", "tid":"fv3"},
{"name":"fcst_run_phase_2", "ph":"E", "ts":"1031744882857", "pid":"1", "tid":"fv3"},
{"name":"ModelAdvance_phase2", "ph":"E", "ts":"1031744882915", "pid":"1", "tid":"fv3"},
{"name":"ModelAdvance", "ph":"E", "ts":"1031744882918", "pid":"1", "tid":"fv3"},
{"name":"med_phases_post_atm", "ph":"B", "ts":"1031744884204", "pid":"1", "tid":"cmeps"},
{"name":"med_phases_history_write_comp", "ph":"B", "ts":"1031744895475", "pid":"1", "tid":"cmeps"},
{"name":"med_phases_history_write_comp", "ph":"E", "ts":"1031744895527", "pid":"1", "tid":"cmeps"},
{"name":"med_phases_post_atm", "ph":"E", "ts":"1031744895638", "pid":"1", "tid":"cmeps"},
{"name":"med_phases_post_ice", "ph":"B", "ts":"1031744898314", "pid":"1", "tid":"cmeps"},
{"name":"med_phases_history_write_comp", "ph":"B", "ts":"1031744904746", "pid":"1", "tid":"cmeps"},
{"name":"med_phases_history_write_comp", "ph":"E", "ts":"1031744904800", "pid":"1", "tid":"cmeps"},
{"name":"med_phases_post_ice", "ph":"E", "ts":"1031744904803", "pid":"1", "tid":"cmeps"},
{"name":"med_phases_ocnalb_run", "ph":"B", "ts":"1031744905069", "pid":"1", "tid":"cmeps"},
{"name":"med_phases_history_write_med", "ph":"B", "ts":"1031744905620", "pid":"1", "tid":"cmeps"},
{"name":"med_phases_history_write_med", "ph":"E", "ts":"1031744905624", "pid":"1", "tid":"cmeps"},
{"name":"med_phases_ocnalb_run", "ph":"E", "ts":"1031744905626", "pid":"1", "tid":"cmeps"},
{"name":"med_phases_prep_ocn_accum", "ph":"B", "ts":"1031744905764", "pid":"1", "tid":"cmeps"},
{"name":"med_phases_prep_ocn_accum", "ph":"E", "ts":"1031744908029", "pid":"1", "tid":"cmeps"},
{"name":"med_phases_prep_atm", "ph":"B", "ts":"1031744908276", "pid":"1", "tid":"cmeps"},
{"name":"med_phases_prep_atm", "ph":"E", "ts":"1031744917112", "pid":"1", "tid":"cmeps"},
{"name":"med_phases_prep_ice", "ph":"B", "ts":"1031744917400", "pid":"1", "tid":"cmeps"},
{"name":"med_phases_prep_ice", "ph":"E", "ts":"1031744918525", "pid":"1", "tid":"cmeps"},
{"name":"ModelAdvance", "ph":"B", "ts":"1031744923272", "pid":"1", "tid":"fv3"},
{"name":"ModelAdvance_phase1", "ph":"B", "ts":"1031744923281", "pid":"1", "tid":"fv3"},
{"name":"fcst_run_phase_1", "ph":"B", "ts":"1031744923389", "pid":"1", "tid":"fv3"},
{"name":"fcst_run_phase_1", "ph":"E", "ts":"1031747271306", "pid":"1", "tid":"fv3"},
{"name":"ModelAdvance_phase1", "ph":"E", "ts":"1031747271427", "pid":"1", "tid":"fv3"},
{"name":"ModelAdvance_phase2", "ph":"B", "ts":"1031747271431", "pid":"1", "tid":"fv3"},
{"name":"fcst_run_phase_2", "ph":"B", "ts":"1031747271458", "pid":"1", "tid":"fv3"},
{"name":"fcst_run_phase_2", "ph":"E", "ts":"1031747617623", "pid":"1", "tid":"fv3"},
{"name":"ModelAdvance_phase2", "ph":"E", "ts":"1031747617677", "pid":"1", "tid":"fv3"},
{"name":"ModelAdvance", "ph":"E", "ts":"1031747617680", "pid":"1", "tid":"fv3"},
{"name":"med_phases_post_atm", "ph":"B", "ts":"1031747620149", "pid":"1", "tid":"cmeps"},
{"name":"med_phases_history_write_comp", "ph":"B", "ts":"1031747630405", "pid":"1", "tid":"cmeps"},
{"name":"med_phases_history_write_comp", "ph":"E", "ts":"1031747630462", "pid":"1", "tid":"cmeps"},
{"name":"med_phases_post_atm", "ph":"E", "ts":"1031747630466", "pid":"1", "tid":"cmeps"},
{"name":"med_phases_post_ice", "ph":"B", "ts":"1031747633124", "pid":"1", "tid":"cmeps"},
{"name":"med_phases_history_write_comp", "ph":"B", "ts":"1031747639640", "pid":"1", "tid":"cmeps"},
{"name":"med_phases_history_write_comp", "ph":"E", "ts":"1031747639693", "pid":"1", "tid":"cmeps"},
{"name":"med_phases_post_ice", "ph":"E", "ts":"1031747639696", "pid":"1", "tid":"cmeps"},
{"name":"med_phases_ocnalb_run", "ph":"B", "ts":"1031747639945", "pid":"1", "tid":"cmeps"},
{"name":"med_phases_history_write_med", "ph":"B", "ts":"1031747640487", "pid":"1", "tid":"cmeps"},
{"name":"med_phases_history_write_med", "ph":"E", "ts":"1031747640491", "pid":"1", "tid":"cmeps"},
{"name":"med_phases_ocnalb_run", "ph":"E", "ts":"1031747640493", "pid":"1", "tid":"cmeps"},
{"name":"med_phases_prep_ocn_accum", "ph":"B", "ts":"1031747640637", "pid":"1", "tid":"cmeps"},
{"name":"med_phases_prep_ocn_accum", "ph":"E", "ts":"1031747642996", "pid":"1", "tid":"cmeps"},
{"name":"med_phases_post_ocn", "ph":"B", "ts":"1031747644209", "pid":"1", "tid":"cmeps"},
{"name":"med_phases_history_write_comp", "ph":"B", "ts":"1031747646184", "pid":"1", "tid":"cmeps"},
{"name":"med_phases_history_write_comp", "ph":"E", "ts":"1031747646218", "pid":"1", "tid":"cmeps"},
{"name":"med_phases_post_ocn", "ph":"E", "ts":"1031747646221", "pid":"1", "tid":"cmeps"},
{"name":"med_phases_restart_write", "ph":"B", "ts":"1031747646433", "pid":"1", "tid":"cmeps"},
{"name":"med_phases_restart_write", "ph":"E", "ts":"1031747646603", "pid":"1", "tid":"cmeps"},
{"name":"med_phases_prep_ocn_avg", "ph":"B", "ts":"1031747646718", "pid":"1", "tid":"cmeps"},
{"name":"med_phases_prep_ocn_avg", "ph":"E", "ts":"1031747648470", "pid":"1", "tid":"cmeps"},
{"name":"med_phases_prep_atm", "ph":"B", "ts":"1031747650589", "pid":"1", "tid":"cmeps"},
{"name":"med_phases_prep_atm", "ph":"E", "ts":"1031747660222", "pid":"1", "tid":"cmeps"},
{"name":"med_phases_prep_ice", "ph":"B", "ts":"1031747660496", "pid":"1", "tid":"cmeps"},
{"name":"med_phases_prep_ice", "ph":"E", "ts":"1031747661650", "pid":"1", "tid":"cmeps"},
{"name":"ModelAdvance", "ph":"B", "ts":"1031747666896", "pid":"1", "tid":"fv3"},
{"name":"ModelAdvance_phase1", "ph":"B", "ts":"1031747666907", "pid":"1", "tid":"fv3"},
{"name":"fcst_run_phase_1", "ph":"B", "ts":"1031747666954", "pid":"1", "tid":"fv3"},
{"name":"fcst_run_phase_1", "ph":"E", "ts":"1031752404143", "pid":"1", "tid":"fv3"},
{"name":"ModelAdvance_phase1", "ph":"E", "ts":"1031752404261", "pid":"1", "tid":"fv3"},
{"name":"ModelAdvance_phase2", "ph":"B", "ts":"1031752404265", "pid":"1", "tid":"fv3"},
{"name":"fcst_run_phase_2", "ph":"B", "ts":"1031752404288", "pid":"1", "tid":"fv3"},
{"name":"fcst_run_phase_2", "ph":"E", "ts":"1031755582248", "pid":"1", "tid":"fv3"},
{"name":"ModelAdvance_phase2", "ph":"E", "ts":"1031755582312", "pid":"1", "tid":"fv3"},
{"name":"ModelAdvance", "ph":"E", "ts":"1031755582315", "pid":"1", "tid":"fv3"},
{"name":"med_phases_post_atm", "ph":"B", "ts":"1031755583629", "pid":"1", "tid":"cmeps"},
{"name":"med_phases_history_write_comp", "ph":"B", "ts":"1031755595115", "pid":"1", "tid":"cmeps"},
{"name":"med_phases_history_write_comp", "ph":"E", "ts":"1031755595158", "pid":"1", "tid":"cmeps"},
{"name":"med_phases_post_atm", "ph":"E", "ts":"1031755595161", "pid":"1", "tid":"cmeps"},
{"name":"med_phases_post_ice", "ph":"B", "ts":"1031755597940", "pid":"1", "tid":"cmeps"},
{"name":"med_phases_history_write_comp", "ph":"B", "ts":"1031755604135", "pid":"1", "tid":"cmeps"},
{"name":"med_phases_history_write_comp", "ph":"E", "ts":"1031755604202", "pid":"1", "tid":"cmeps"},
{"name":"med_phases_post_ice", "ph":"E", "ts":"1031755604205", "pid":"1", "tid":"cmeps"},
{"name":"med_phases_ocnalb_run", "ph":"B", "ts":"1031755604524", "pid":"1", "tid":"cmeps"},
{"name":"med_phases_history_write_med", "ph":"B", "ts":"1031755605066", "pid":"1", "tid":"cmeps"},
{"name":"med_phases_history_write_med", "ph":"E", "ts":"1031755605070", "pid":"1", "tid":"cmeps"},
{"name":"med_phases_ocnalb_run", "ph":"E", "ts":"1031755605072", "pid":"1", "tid":"cmeps"},
{"name":"med_phases_prep_ocn_accum", "ph":"B", "ts":"1031755605225", "pid":"1", "tid":"cmeps"},
{"name":"med_phases_prep_ocn_accum", "ph":"E", "ts":"1031755607601", "pid":"1", "tid":"cmeps"},
{"name":"med_phases_prep_atm", "ph":"B", "ts":"1031755607838", "pid":"1", "tid":"cmeps"},
{"name":"med_phases_prep_atm", "ph":"E", "ts":"1031755616316", "pid":"1", "tid":"cmeps"},
{"name":"med_phases_prep_ice", "ph":"B", "ts":"1031755616554", "pid":"1", "tid":"cmeps"},
{"name":"med_phases_prep_ice", "ph":"E", "ts":"1031755617593", "pid":"1", "tid":"cmeps"},
{"name":"ModelAdvance", "ph":"B", "ts":"1031755623377", "pid":"1", "tid":"fv3"},
{"name":"ModelAdvance_phase1", "ph":"B", "ts":"1031755623388", "pid":"1", "tid":"fv3"},
{"name":"fcst_run_phase_1", "ph":"B", "ts":"1031755623429", "pid":"1", "tid":"fv3"},
{"name":"fcst_run_phase_1", "ph":"E", "ts":"1031758108892", "pid":"1", "tid":"fv3"},
{"name":"ModelAdvance_phase1", "ph":"E", "ts":"1031758109002", "pid":"1", "tid":"fv3"},
{"name":"ModelAdvance_phase2", "ph":"B", "ts":"1031758109006", "pid":"1", "tid":"fv3"},
{"name":"fcst_run_phase_2", "ph":"B", "ts":"1031758109030", "pid":"1", "tid":"fv3"},
{"name":"fcst_run_phase_2", "ph":"E", "ts":"1031758753273", "pid":"1", "tid":"fv3"},
{"name":"ModelAdvance_phase2", "ph":"E", "ts":"1031758753331", "pid":"1", "tid":"fv3"},
{"name":"ModelAdvance", "ph":"E", "ts":"1031758753334", "pid":"1", "tid":"fv3"},
{"name":"med_phases_post_atm", "ph":"B", "ts":"1031758754464", "pid":"1", "tid":"cmeps"},
{"name":"med_phases_history_write_comp", "ph":"B", "ts":"1031758764663", "pid":"1", "tid":"cmeps"},
{"name":"med_phases_history_write_comp", "ph":"E", "ts":"1031758764706", "pid":"1", "tid":"cmeps"},
{"name":"med_phases_post_atm", "ph":"E", "ts":"1031758764709", "pid":"1", "tid":"cmeps"},
{"name":"med_phases_post_ice", "ph":"B", "ts":"1031758767373", "pid":"1", "tid":"cmeps"},
{"name":"med_phases_history_write_comp", "ph":"B", "ts":"1031758773496", "pid":"1", "tid":"cmeps"},
{"name":"med_phases_history_write_comp", "ph":"E", "ts":"1031758773545", "pid":"1", "tid":"cmeps"},
{"name":"med_phases_post_ice", "ph":"E", "ts":"1031758773548", "pid":"1", "tid":"cmeps"},
{"name":"med_phases_ocnalb_run", "ph":"B", "ts":"1031758773795", "pid":"1", "tid":"cmeps"},
{"name":"med_phases_history_write_med", "ph":"B", "ts":"1031758774349", "pid":"1", "tid":"cmeps"},
{"name":"med_phases_history_write_med", "ph":"E", "ts":"1031758774353", "pid":"1", "tid":"cmeps"},
{"name":"med_phases_ocnalb_run", "ph":"E", "ts":"1031758774356", "pid":"1", "tid":"cmeps"},
{"name":"med_phases_prep_ocn_accum", "ph":"B", "ts":"1031758774496", "pid":"1", "tid":"cmeps"},
{"name":"med_phases_prep_ocn_accum", "ph":"E", "ts":"1031758776852", "pid":"1", "tid":"cmeps"},
{"name":"med_phases_prep_atm", "ph":"B", "ts":"1031758777094", "pid":"1", "tid":"cmeps"},
{"name":"med_phases_prep_atm", "ph":"E", "ts":"1031758785321", "pid":"1", "tid":"cmeps"},
{"name":"med_phases_prep_ice", "ph":"B", "ts":"1031758785594", "pid":"1", "tid":"cmeps"},
{"name":"med_phases_prep_ice", "ph":"E", "ts":"1031758786798", "pid":"1", "tid":"cmeps"},
{"name":"ModelAdvance", "ph":"B", "ts":"1031758792062", "pid":"1", "tid":"fv3"},
{"name":"ModelAdvance_phase1", "ph":"B", "ts":"1031758792073", "pid":"1", "tid":"fv3"},
{"name":"fcst_run_phase_1", "ph":"B", "ts":"1031758792125", "pid":"1", "tid":"fv3"},
{"name":"fcst_run_phase_1", "ph":"E", "ts":"1031761120123", "pid":"1", "tid":"fv3"},
{"name":"ModelAdvance_phase1", "ph":"E", "ts":"1031761120171", "pid":"1", "tid":"fv3"},
{"name":"ModelAdvance_phase2", "ph":"B", "ts":"1031761120174", "pid":"1", "tid":"fv3"},
{"name":"fcst_run_phase_2", "ph":"B", "ts":"1031761120201", "pid":"1", "tid":"fv3"},
{"name":"fcst_run_phase_2", "ph":"E", "ts":"1031761451932", "pid":"1", "tid":"fv3"},
{"name":"ModelAdvance_phase2", "ph":"E", "ts":"1031761451992", "pid":"1", "tid":"fv3"},
{"name":"ModelAdvance", "ph":"E", "ts":"1031761451995", "pid":"1", "tid":"fv3"},
{"name":"med_phases_post_atm", "ph":"B", "ts":"1031761453041", "pid":"1", "tid":"cmeps"},
{"name":"med_phases_history_write_comp", "ph":"B", "ts":"1031761463171", "pid":"1", "tid":"cmeps"},
{"name":"med_phases_history_write_comp", "ph":"E", "ts":"1031761463229", "pid":"1", "tid":"cmeps"},
{"name":"med_phases_post_atm", "ph":"E", "ts":"1031761463233", "pid":"1", "tid":"cmeps"},
{"name":"med_phases_post_ice", "ph":"B", "ts":"1031761465721", "pid":"1", "tid":"cmeps"},
{"name":"med_phases_history_write_comp", "ph":"B", "ts":"1031761471631", "pid":"1", "tid":"cmeps"},
{"name":"med_phases_history_write_comp", "ph":"E", "ts":"1031761471695", "pid":"1", "tid":"cmeps"},
{"name":"med_phases_post_ice", "ph":"E", "ts":"1031761471698", "pid":"1", "tid":"cmeps"},
{"name":"med_phases_ocnalb_run", "ph":"B", "ts":"1031761472082", "pid":"1", "tid":"cmeps"},
{"name":"med_phases_history_write_med", "ph":"B", "ts":"1031761472774", "pid":"1", "tid":"cmeps"},
{"name":"med_phases_history_write_med", "ph":"E", "ts":"1031761472778", "pid":"1", "tid":"cmeps"},
{"name":"med_phases_ocnalb_run", "ph":"E", "ts":"1031761472780", "pid":"1", "tid":"cmeps"},
{"name":"med_phases_prep_ocn_accum", "ph":"B", "ts":"1031761472926", "pid":"1", "tid":"cmeps"},
{"name":"med_phases_prep_ocn_accum", "ph":"E", "ts":"1031761474967", "pid":"1", "tid":"cmeps"},
{"name":"med_phases_post_ocn", "ph":"B", "ts":"1031761476314", "pid":"1", "tid":"cmeps"},
{"name":"med_phases_history_write_comp", "ph":"B", "ts":"1031761478968", "pid":"1", "tid":"cmeps"},
{"name":"med_phases_history_write_comp", "ph":"E", "ts":"1031761479015", "pid":"1", "tid":"cmeps"},
{"name":"med_phases_post_ocn", "ph":"E", "ts":"1031761479268", "pid":"1", "tid":"cmeps"},
{"name":"med_phases_restart_write", "ph":"B", "ts":"1031761479489", "pid":"1", "tid":"cmeps"},
{"name":"med_phases_restart_write", "ph":"E", "ts":"1031761479519", "pid":"1", "tid":"cmeps"},
{"name":"med_phases_prep_ocn_avg", "ph":"B", "ts":"1031761479625", "pid":"1", "tid":"cmeps"},
{"name":"med_phases_prep_ocn_avg", "ph":"E", "ts":"1031761481310", "pid":"1", "tid":"cmeps"},
{"name":"med_phases_prep_atm", "ph":"B", "ts":"1031761483527", "pid":"1", "tid":"cmeps"},
{"name":"med_phases_prep_atm", "ph":"E", "ts":"1031761493193", "pid":"1", "tid":"cmeps"},
{"name":"med_phases_prep_ice", "ph":"B", "ts":"1031761493453", "pid":"1", "tid":"cmeps"},
{"name":"med_phases_prep_ice", "ph":"E", "ts":"1031761494587", "pid":"1", "tid":"cmeps"},
{"name":"ModelAdvance", "ph":"B", "ts":"1031761499938", "pid":"1", "tid":"fv3"},
{"name":"ModelAdvance_phase1", "ph":"B", "ts":"1031761499947", "pid":"1", "tid":"fv3"},
{"name":"fcst_run_phase_1", "ph":"B", "ts":"1031761499982", "pid":"1", "tid":"fv3"},
{"name":"fcst_run_phase_1", "ph":"E", "ts":"1031763807590", "pid":"1", "tid":"fv3"},
{"name":"ModelAdvance_phase1", "ph":"E", "ts":"1031763807704", "pid":"1", "tid":"fv3"},
{"name":"ModelAdvance_phase2", "ph":"B", "ts":"1031763807708", "pid":"1", "tid":"fv3"},
{"name":"fcst_run_phase_2", "ph":"B", "ts":"1031763807734", "pid":"1", "tid":"fv3"},
{"name":"fcst_run_phase_2", "ph":"E", "ts":"1031764169771", "pid":"1", "tid":"fv3"},
{"name":"ModelAdvance_phase2", "ph":"E", "ts":"1031764169922", "pid":"1", "tid":"fv3"},
{"name":"ModelAdvance", "ph":"E", "ts":"1031764169925", "pid":"1", "tid":"fv3"},
{"name":"med_phases_post_atm", "ph":"B", "ts":"1031764171030", "pid":"1", "tid":"cmeps"},
{"name":"med_phases_history_write_comp", "ph":"B", "ts":"1031764181238", "pid":"1", "tid":"cmeps"},
{"name":"med_phases_history_write_comp", "ph":"E", "ts":"1031764181311", "pid":"1", "tid":"cmeps"},
{"name":"med_phases_post_atm", "ph":"E", "ts":"1031764181315", "pid":"1", "tid":"cmeps"},
{"name":"med_phases_post_ice", "ph":"B", "ts":"1031764184013", "pid":"1", "tid":"cmeps"},
{"name":"med_phases_history_write_comp", "ph":"B", "ts":"1031764190097", "pid":"1", "tid":"cmeps"},
{"name":"med_phases_history_write_comp", "ph":"E", "ts":"1031764190155", "pid":"1", "tid":"cmeps"},
{"name":"med_phases_post_ice", "ph":"E", "ts":"1031764190158", "pid":"1", "tid":"cmeps"},
{"name":"med_phases_ocnalb_run", "ph":"B", "ts":"1031764190409", "pid":"1", "tid":"cmeps"},
{"name":"med_phases_history_write_med", "ph":"B", "ts":"1031764190935", "pid":"1", "tid":"cmeps"},
{"name":"med_phases_history_write_med", "ph":"E", "ts":"1031764190938", "pid":"1", "tid":"cmeps"},
{"name":"med_phases_ocnalb_run", "ph":"E", "ts":"1031764190941", "pid":"1", "tid":"cmeps"},
{"name":"med_phases_prep_ocn_accum", "ph":"B", "ts":"1031764191078", "pid":"1", "tid":"cmeps"},
{"name":"med_phases_prep_ocn_accum", "ph":"E", "ts":"1031764193311", "pid":"1", "tid":"cmeps"},
{"name":"med_phases_prep_atm", "ph":"B", "ts":"1031764193571", "pid":"1", "tid":"cmeps"},
{"name":"med_phases_prep_atm", "ph":"E", "ts":"1031764201911", "pid":"1", "tid":"cmeps"},
{"name":"med_phases_prep_ice", "ph":"B", "ts":"1031764202225", "pid":"1", "tid":"cmeps"},
{"name":"med_phases_prep_ice", "ph":"E", "ts":"1031764203402", "pid":"1", "tid":"cmeps"},
{"name":"ModelAdvance", "ph":"B", "ts":"1031764208694", "pid":"1", "tid":"fv3"},
{"name":"ModelAdvance_phase1", "ph":"B", "ts":"1031764208713", "pid":"1", "tid":"fv3"},
{"name":"fcst_run_phase_1", "ph":"B", "ts":"1031764208775", "pid":"1", "tid":"fv3"},
{"name":"fcst_run_phase_1", "ph":"E", "ts":"1031766655402", "pid":"1", "tid":"fv3"},
{"name":"ModelAdvance_phase1", "ph":"E", "ts":"1031766655516", "pid":"1", "tid":"fv3"},
{"name":"ModelAdvance_phase2", "ph":"B", "ts":"1031766655519", "pid":"1", "tid":"fv3"},
{"name":"fcst_run_phase_2", "ph":"B", "ts":"1031766655546", "pid":"1", "tid":"fv3"},
{"name":"fcst_run_phase_2", "ph":"E", "ts":"1031766993136", "pid":"1", "tid":"fv3"},
{"name":"ModelAdvance_phase2", "ph":"E", "ts":"1031766993349", "pid":"1", "tid":"fv3"},
{"name":"ModelAdvance", "ph":"E", "ts":"1031766993353", "pid":"1", "tid":"fv3"},
{"name":"med_phases_post_atm", "ph":"B", "ts":"1031766994546", "pid":"1", "tid":"cmeps"},
{"name":"med_phases_history_write_comp", "ph":"B", "ts":"1031767006630", "pid":"1", "tid":"cmeps"},
{"name":"med_phases_history_write_comp", "ph":"E", "ts":"1031767006673", "pid":"1", "tid":"cmeps"},
{"name":"med_phases_post_atm", "ph":"E", "ts":"1031767006677", "pid":"1", "tid":"cmeps"},
{"name":"med_phases_post_ice", "ph":"B", "ts":"1031767009543", "pid":"1", "tid":"cmeps"},
{"name":"med_phases_history_write_comp", "ph":"B", "ts":"1031767014530", "pid":"1", "tid":"cmeps"},
{"name":"med_phases_history_write_comp", "ph":"E", "ts":"1031767014591", "pid":"1", "tid":"cmeps"},
{"name":"med_phases_post_ice", "ph":"E", "ts":"1031767014594", "pid":"1", "tid":"cmeps"},
{"name":"med_phases_ocnalb_run", "ph":"B", "ts":"1031767014841", "pid":"1", "tid":"cmeps"},
{"name":"med_phases_history_write_med", "ph":"B", "ts":"1031767015426", "pid":"1", "tid":"cmeps"},
{"name":"med_phases_history_write_med", "ph":"E", "ts":"1031767015431", "pid":"1", "tid":"cmeps"},
{"name":"med_phases_ocnalb_run", "ph":"E", "ts":"1031767015434", "pid":"1", "tid":"cmeps"},
{"name":"med_phases_prep_ocn_accum", "ph":"B", "ts":"1031767015571", "pid":"1", "tid":"cmeps"},
{"name":"med_phases_prep_ocn_accum", "ph":"E", "ts":"1031767017793", "pid":"1", "tid":"cmeps"},
{"name":"med_phases_prep_atm", "ph":"B", "ts":"1031767018049", "pid":"1", "tid":"cmeps"},
{"name":"med_phases_prep_atm", "ph":"E", "ts":"1031767026458", "pid":"1", "tid":"cmeps"},
{"name":"med_phases_prep_ice", "ph":"B", "ts":"1031767026742", "pid":"1", "tid":"cmeps"},
{"name":"med_phases_prep_ice", "ph":"E", "ts":"1031767027872", "pid":"1", "tid":"cmeps"},
{"name":"ModelAdvance", "ph":"B", "ts":"1031767034370", "pid":"1", "tid":"fv3"},
{"name":"ModelAdvance_phase1", "ph":"B", "ts":"1031767034381", "pid":"1", "tid":"fv3"},
{"name":"fcst_run_phase_1", "ph":"B", "ts":"1031767034421", "pid":"1", "tid":"fv3"},
{"name":"fcst_run_phase_1", "ph":"E", "ts":"1031769354984", "pid":"1", "tid":"fv3"},
{"name":"ModelAdvance_phase1", "ph":"E", "ts":"1031769355028", "pid":"1", "tid":"fv3"},
{"name":"ModelAdvance_phase2", "ph":"B", "ts":"1031769355031", "pid":"1", "tid":"fv3"},
{"name":"fcst_run_phase_2", "ph":"B", "ts":"1031769355055", "pid":"1", "tid":"fv3"},
{"name":"fcst_run_phase_2", "ph":"E", "ts":"1031769704685", "pid":"1", "tid":"fv3"},
{"name":"ModelAdvance_phase2", "ph":"E", "ts":"1031769704773", "pid":"1", "tid":"fv3"},
{"name":"ModelAdvance", "ph":"E", "ts":"1031769704775", "pid":"1", "tid":"fv3"},
{"name":"med_phases_post_atm", "ph":"B", "ts":"1031769706618", "pid":"1", "tid":"cmeps"},
{"name":"med_phases_history_write_comp", "ph":"B", "ts":"1031769717035", "pid":"1", "tid":"cmeps"},
{"name":"med_phases_history_write_comp", "ph":"E", "ts":"1031769717098", "pid":"1", "tid":"cmeps"},
{"name":"med_phases_post_atm", "ph":"E", "ts":"1031769717101", "pid":"1", "tid":"cmeps"},
{"name":"med_phases_post_ice", "ph":"B", "ts":"1031769719937", "pid":"1", "tid":"cmeps"},
{"name":"med_phases_history_write_comp", "ph":"B", "ts":"1031769725465", "pid":"1", "tid":"cmeps"},
{"name":"med_phases_history_write_comp", "ph":"E", "ts":"1031769725536", "pid":"1", "tid":"cmeps"},
{"name":"med_phases_post_ice", "ph":"E", "ts":"1031769725539", "pid":"1", "tid":"cmeps"},
{"name":"med_phases_ocnalb_run", "ph":"B", "ts":"1031769725879", "pid":"1", "tid":"cmeps"},
{"name":"med_phases_history_write_med", "ph":"B", "ts":"1031769726464", "pid":"1", "tid":"cmeps"},
{"name":"med_phases_history_write_med", "ph":"E", "ts":"1031769726467", "pid":"1", "tid":"cmeps"},
{"name":"med_phases_ocnalb_run", "ph":"E", "ts":"1031769726470", "pid":"1", "tid":"cmeps"},
{"name":"med_phases_prep_ocn_accum", "ph":"B", "ts":"1031769726609", "pid":"1", "tid":"cmeps"},
{"name":"med_phases_prep_ocn_accum", "ph":"E", "ts":"1031769728867", "pid":"1", "tid":"cmeps"},
{"name":"med_phases_post_ocn", "ph":"B", "ts":"1031769730194", "pid":"1", "tid":"cmeps"},
{"name":"med_phases_history_write_comp", "ph":"B", "ts":"1031769733000", "pid":"1", "tid":"cmeps"},
{"name":"med_phases_history_write_comp", "ph":"E", "ts":"1031769733040", "pid":"1", "tid":"cmeps"},
{"name":"med_phases_post_ocn", "ph":"E", "ts":"1031769733042", "pid":"1", "tid":"cmeps"},
{"name":"med_phases_restart_write", "ph":"B", "ts":"1031769733271", "pid":"1", "tid":"cmeps"},
{"name":"med_phases_restart_write", "ph":"E", "ts":"1031769733301", "pid":"1", "tid":"cmeps"},
{"name":"med_phases_prep_ocn_avg", "ph":"B", "ts":"1031769733408", "pid":"1", "tid":"cmeps"},
{"name":"med_phases_prep_ocn_avg", "ph":"E", "ts":"1031769735198", "pid":"1", "tid":"cmeps"},
{"name":"med_phases_prep_atm", "ph":"B", "ts":"1031769737616", "pid":"1", "tid":"cmeps"},
{"name":"med_phases_prep_atm", "ph":"E", "ts":"1031769746732", "pid":"1", "tid":"cmeps"},
{"name":"med_phases_prep_ice", "ph":"B", "ts":"1031769747051", "pid":"1", "tid":"cmeps"},
{"name":"med_phases_prep_ice", "ph":"E", "ts":"1031769748232", "pid":"1", "tid":"cmeps"},
{"name":"ModelAdvance", "ph":"B", "ts":"1031769753073", "pid":"1", "tid":"fv3"},
{"name":"ModelAdvance_phase1", "ph":"B", "ts":"1031769753081", "pid":"1", "tid":"fv3"},
{"name":"fcst_run_phase_1", "ph":"B", "ts":"1031769753151", "pid":"1", "tid":"fv3"},
{"name":"fcst_run_phase_1", "ph":"E", "ts":"1031774455680", "pid":"1", "tid":"fv3"},
{"name":"ModelAdvance_phase1", "ph":"E", "ts":"1031774455792", "pid":"1", "tid":"fv3"},
{"name":"ModelAdvance_phase2", "ph":"B", "ts":"1031774455795", "pid":"1", "tid":"fv3"},
{"name":"fcst_run_phase_2", "ph":"B", "ts":"1031774455822", "pid":"1", "tid":"fv3"},
{"name":"fcst_run_phase_2", "ph":"E", "ts":"1031777504043", "pid":"1", "tid":"fv3"},
{"name":"ModelAdvance_phase2", "ph":"E", "ts":"1031777504146", "pid":"1", "tid":"fv3"},
{"name":"ModelAdvance", "ph":"E", "ts":"1031777504151", "pid":"1", "tid":"fv3"},
{"name":"med_phases_post_atm", "ph":"B", "ts":"1031777505830", "pid":"1", "tid":"cmeps"},
{"name":"med_phases_history_write_comp", "ph":"B", "ts":"1031777516876", "pid":"1", "tid":"cmeps"},
{"name":"med_phases_history_write_comp", "ph":"E", "ts":"1031777516931", "pid":"1", "tid":"cmeps"},
{"name":"med_phases_post_atm", "ph":"E", "ts":"1031777516935", "pid":"1", "tid":"cmeps"},
{"name":"med_phases_post_ice", "ph":"B", "ts":"1031777519890", "pid":"1", "tid":"cmeps"},
{"name":"med_phases_history_write_comp", "ph":"B", "ts":"1031777525290", "pid":"1", "tid":"cmeps"},
{"name":"med_phases_history_write_comp", "ph":"E", "ts":"1031777525330", "pid":"1", "tid":"cmeps"},
{"name":"med_phases_post_ice", "ph":"E", "ts":"1031777525333", "pid":"1", "tid":"cmeps"},
{"name":"med_phases_ocnalb_run", "ph":"B", "ts":"1031777525533", "pid":"1", "tid":"cmeps"},
{"name":"med_phases_history_write_med", "ph":"B", "ts":"1031777526092", "pid":"1", "tid":"cmeps"},
{"name":"med_phases_history_write_med", "ph":"E", "ts":"1031777526096", "pid":"1", "tid":"cmeps"},
{"name":"med_phases_ocnalb_run", "ph":"E", "ts":"1031777526099", "pid":"1", "tid":"cmeps"},
{"name":"med_phases_prep_ocn_accum", "ph":"B", "ts":"1031777526264", "pid":"1", "tid":"cmeps"},
{"name":"med_phases_prep_ocn_accum", "ph":"E", "ts":"1031777528793", "pid":"1", "tid":"cmeps"},
{"name":"med_phases_prep_atm", "ph":"B", "ts":"1031777529018", "pid":"1", "tid":"cmeps"},
{"name":"med_phases_prep_atm", "ph":"E", "ts":"1031777536251", "pid":"1", "tid":"cmeps"},
{"name":"med_phases_prep_ice", "ph":"B", "ts":"1031777536470", "pid":"1", "tid":"cmeps"},
{"name":"med_phases_prep_ice", "ph":"E", "ts":"1031777537519", "pid":"1", "tid":"cmeps"},
{"name":"ModelAdvance", "ph":"B", "ts":"1031777544403", "pid":"1", "tid":"fv3"},
{"name":"ModelAdvance_phase1", "ph":"B", "ts":"1031777544419", "pid":"1", "tid":"fv3"},
{"name":"fcst_run_phase_1", "ph":"B", "ts":"1031777544496", "pid":"1", "tid":"fv3"},
{"name":"fcst_run_phase_1", "ph":"E", "ts":"1031779848328", "pid":"1", "tid":"fv3"},
{"name":"ModelAdvance_phase1", "ph":"E", "ts":"1031779848376", "pid":"1", "tid":"fv3"},
{"name":"ModelAdvance_phase2", "ph":"B", "ts":"1031779848379", "pid":"1", "tid":"fv3"},
{"name":"fcst_run_phase_2", "ph":"B", "ts":"1031779848485", "pid":"1", "tid":"fv3"},
{"name":"fcst_run_phase_2", "ph":"E", "ts":"1031780208895", "pid":"1", "tid":"fv3"},
{"name":"ModelAdvance_phase2", "ph":"E", "ts":"1031780208953", "pid":"1", "tid":"fv3"},
{"name":"ModelAdvance", "ph":"E", "ts":"1031780208956", "pid":"1", "tid":"fv3"},
{"name":"med_phases_post_atm", "ph":"B", "ts":"1031780210459", "pid":"1", "tid":"cmeps"},
{"name":"med_phases_history_write_comp", "ph":"B", "ts":"1031780221452", "pid":"1", "tid":"cmeps"},
{"name":"med_phases_history_write_comp", "ph":"E", "ts":"1031780221519", "pid":"1", "tid":"cmeps"},
{"name":"med_phases_post_atm", "ph":"E", "ts":"1031780221522", "pid":"1", "tid":"cmeps"},
{"name":"med_phases_post_ice", "ph":"B", "ts":"1031780225279", "pid":"1", "tid":"cmeps"},
{"name":"med_phases_history_write_comp", "ph":"B", "ts":"1031780229377", "pid":"1", "tid":"cmeps"},
{"name":"med_phases_history_write_comp", "ph":"E", "ts":"1031780229438", "pid":"1", "tid":"cmeps"},
{"name":"med_phases_post_ice", "ph":"E", "ts":"1031780229442", "pid":"1", "tid":"cmeps"},
{"name":"med_phases_ocnalb_run", "ph":"B", "ts":"1031780229691", "pid":"1", "tid":"cmeps"},
{"name":"med_phases_history_write_med", "ph":"B", "ts":"1031780230284", "pid":"1", "tid":"cmeps"},
{"name":"med_phases_history_write_med", "ph":"E", "ts":"1031780230289", "pid":"1", "tid":"cmeps"},
{"name":"med_phases_ocnalb_run", "ph":"E", "ts":"1031780230291", "pid":"1", "tid":"cmeps"},
{"name":"med_phases_prep_ocn_accum", "ph":"B", "ts":"1031780230436", "pid":"1", "tid":"cmeps"},
{"name":"med_phases_prep_ocn_accum", "ph":"E", "ts":"1031780232847", "pid":"1", "tid":"cmeps"},
{"name":"med_phases_prep_atm", "ph":"B", "ts":"1031780233069", "pid":"1", "tid":"cmeps"},
{"name":"med_phases_prep_atm", "ph":"E", "ts":"1031780241322", "pid":"1", "tid":"cmeps"},
{"name":"med_phases_prep_ice", "ph":"B", "ts":"1031780241601", "pid":"1", "tid":"cmeps"},
{"name":"med_phases_prep_ice", "ph":"E", "ts":"1031780242818", "pid":"1", "tid":"cmeps"},
{"name":"ModelAdvance", "ph":"B", "ts":"1031780247985", "pid":"1", "tid":"fv3"},
{"name":"ModelAdvance_phase1", "ph":"B", "ts":"1031780247994", "pid":"1", "tid":"fv3"},
{"name":"fcst_run_phase_1", "ph":"B", "ts":"1031780248037", "pid":"1", "tid":"fv3"},
{"name":"fcst_run_phase_1", "ph":"E", "ts":"1031782566105", "pid":"1", "tid":"fv3"},
{"name":"ModelAdvance_phase1", "ph":"E", "ts":"1031782566229", "pid":"1", "tid":"fv3"},
{"name":"ModelAdvance_phase2", "ph":"B", "ts":"1031782566234", "pid":"1", "tid":"fv3"},
{"name":"fcst_run_phase_2", "ph":"B", "ts":"1031782566258", "pid":"1", "tid":"fv3"},
{"name":"fcst_run_phase_2", "ph":"E", "ts":"1031782915608", "pid":"1", "tid":"fv3"},
{"name":"ModelAdvance_phase2", "ph":"E", "ts":"1031782915667", "pid":"1", "tid":"fv3"},
{"name":"ModelAdvance", "ph":"E", "ts":"1031782915670", "pid":"1", "tid":"fv3"},
{"name":"med_phases_post_atm", "ph":"B", "ts":"1031782916533", "pid":"1", "tid":"cmeps"},
{"name":"med_phases_history_write_comp", "ph":"B", "ts":"1031782926516", "pid":"1", "tid":"cmeps"},
{"name":"med_phases_history_write_comp", "ph":"E", "ts":"1031782926571", "pid":"1", "tid":"cmeps"},
{"name":"med_phases_post_atm", "ph":"E", "ts":"1031782926574", "pid":"1", "tid":"cmeps"},
{"name":"med_phases_post_ice", "ph":"B", "ts":"1031782929287", "pid":"1", "tid":"cmeps"},
{"name":"med_phases_history_write_comp", "ph":"B", "ts":"1031782935285", "pid":"1", "tid":"cmeps"},
{"name":"med_phases_history_write_comp", "ph":"E", "ts":"1031782935334", "pid":"1", "tid":"cmeps"},
{"name":"med_phases_post_ice", "ph":"E", "ts":"1031782935337", "pid":"1", "tid":"cmeps"},
{"name":"med_phases_ocnalb_run", "ph":"B", "ts":"1031782935590", "pid":"1", "tid":"cmeps"},
{"name":"med_phases_history_write_med", "ph":"B", "ts":"1031782936118", "pid":"1", "tid":"cmeps"},
{"name":"med_phases_history_write_med", "ph":"E", "ts":"1031782936123", "pid":"1", "tid":"cmeps"},
{"name":"med_phases_ocnalb_run", "ph":"E", "ts":"1031782936125", "pid":"1", "tid":"cmeps"},
{"name":"med_phases_prep_ocn_accum", "ph":"B", "ts":"1031782936283", "pid":"1", "tid":"cmeps"},
{"name":"med_phases_prep_ocn_accum", "ph":"E", "ts":"1031782938774", "pid":"1", "tid":"cmeps"},
{"name":"med_phases_post_ocn", "ph":"B", "ts":"1031782940359", "pid":"1", "tid":"cmeps"},
{"name":"med_phases_history_write_comp", "ph":"B", "ts":"1031782942727", "pid":"1", "tid":"cmeps"},
{"name":"med_phases_history_write_comp", "ph":"E", "ts":"1031782942760", "pid":"1", "tid":"cmeps"},
{"name":"med_phases_post_ocn", "ph":"E", "ts":"1031782942763", "pid":"1", "tid":"cmeps"},
{"name":"med_phases_restart_write", "ph":"B", "ts":"1031782942975", "pid":"1", "tid":"cmeps"},
{"name":"med_phases_restart_write", "ph":"E", "ts":"1031782943012", "pid":"1", "tid":"cmeps"},
{"name":"med_phases_prep_ocn_avg", "ph":"B", "ts":"1031782943121", "pid":"1", "tid":"cmeps"},
{"name":"med_phases_prep_ocn_avg", "ph":"E", "ts":"1031782944880", "pid":"1", "tid":"cmeps"},
{"name":"med_phases_prep_atm", "ph":"B", "ts":"1031782947785", "pid":"1", "tid":"cmeps"},
{"name":"med_phases_prep_atm", "ph":"E", "ts":"1031782955626", "pid":"1", "tid":"cmeps"},
{"name":"med_phases_prep_ice", "ph":"B", "ts":"1031782955860", "pid":"1", "tid":"cmeps"},
{"name":"med_phases_prep_ice", "ph":"E", "ts":"1031782956928", "pid":"1", "tid":"cmeps"},
{"name":"ModelAdvance", "ph":"B", "ts":"1031782962200", "pid":"1", "tid":"fv3"},
{"name":"ModelAdvance_phase1", "ph":"B", "ts":"1031782962207", "pid":"1", "tid":"fv3"},
{"name":"fcst_run_phase_1", "ph":"B", "ts":"1031782962238", "pid":"1", "tid":"fv3"},
{"name":"fcst_run_phase_1", "ph":"E", "ts":"1031785295063", "pid":"1", "tid":"fv3"},
{"name":"ModelAdvance_phase1", "ph":"E", "ts":"1031785295110", "pid":"1", "tid":"fv3"},
{"name":"ModelAdvance_phase2", "ph":"B", "ts":"1031785295113", "pid":"1", "tid":"fv3"},
{"name":"fcst_run_phase_2", "ph":"B", "ts":"1031785295137", "pid":"1", "tid":"fv3"},
{"name":"fcst_run_phase_2", "ph":"E", "ts":"1031785644907", "pid":"1", "tid":"fv3"},
{"name":"ModelAdvance_phase2", "ph":"E", "ts":"1031785644970", "pid":"1", "tid":"fv3"},
{"name":"ModelAdvance", "ph":"E", "ts":"1031785644973", "pid":"1", "tid":"fv3"},
{"name":"med_phases_post_atm", "ph":"B", "ts":"1031785645934", "pid":"1", "tid":"cmeps"},
{"name":"med_phases_history_write_comp", "ph":"B", "ts":"1031785655634", "pid":"1", "tid":"cmeps"},
{"name":"med_phases_history_write_comp", "ph":"E", "ts":"1031785655670", "pid":"1", "tid":"cmeps"},
{"name":"med_phases_post_atm", "ph":"E", "ts":"1031785655674", "pid":"1", "tid":"cmeps"},
{"name":"med_phases_post_ice", "ph":"B", "ts":"1031785658567", "pid":"1", "tid":"cmeps"},
{"name":"med_phases_history_write_comp", "ph":"B", "ts":"1031785664440", "pid":"1", "tid":"cmeps"},
{"name":"med_phases_history_write_comp", "ph":"E", "ts":"1031785664495", "pid":"1", "tid":"cmeps"},
{"name":"med_phases_post_ice", "ph":"E", "ts":"1031785664499", "pid":"1", "tid":"cmeps"},
{"name":"med_phases_ocnalb_run", "ph":"B", "ts":"1031785664762", "pid":"1", "tid":"cmeps"},
{"name":"med_phases_history_write_med", "ph":"B", "ts":"1031785665491", "pid":"1", "tid":"cmeps"},
{"name":"med_phases_history_write_med", "ph":"E", "ts":"1031785665496", "pid":"1", "tid":"cmeps"},
{"name":"med_phases_ocnalb_run", "ph":"E", "ts":"1031785665499", "pid":"1", "tid":"cmeps"},
{"name":"med_phases_prep_ocn_accum", "ph":"B", "ts":"1031785665656", "pid":"1", "tid":"cmeps"},
{"name":"med_phases_prep_ocn_accum", "ph":"E", "ts":"1031785667967", "pid":"1", "tid":"cmeps"},
{"name":"med_phases_prep_atm", "ph":"B", "ts":"1031785668208", "pid":"1", "tid":"cmeps"},
{"name":"med_phases_prep_atm", "ph":"E", "ts":"1031785676318", "pid":"1", "tid":"cmeps"},
{"name":"med_phases_prep_ice", "ph":"B", "ts":"1031785676535", "pid":"1", "tid":"cmeps"},
{"name":"med_phases_prep_ice", "ph":"E", "ts":"1031785677557", "pid":"1", "tid":"cmeps"},
{"name":"ModelAdvance", "ph":"B", "ts":"1031785683114", "pid":"1", "tid":"fv3"},
{"name":"ModelAdvance_phase1", "ph":"B", "ts":"1031785683124", "pid":"1", "tid":"fv3"},
{"name":"fcst_run_phase_1", "ph":"B", "ts":"1031785683174", "pid":"1", "tid":"fv3"},
{"name":"fcst_run_phase_1", "ph":"E", "ts":"1031788098957", "pid":"1", "tid":"fv3"},
{"name":"ModelAdvance_phase1", "ph":"E", "ts":"1031788099078", "pid":"1", "tid":"fv3"},
{"name":"ModelAdvance_phase2", "ph":"B", "ts":"1031788099082", "pid":"1", "tid":"fv3"},
{"name":"fcst_run_phase_2", "ph":"B", "ts":"1031788099108", "pid":"1", "tid":"fv3"},
{"name":"fcst_run_phase_2", "ph":"E", "ts":"1031788437613", "pid":"1", "tid":"fv3"},
{"name":"ModelAdvance_phase2", "ph":"E", "ts":"1031788437670", "pid":"1", "tid":"fv3"},
{"name":"ModelAdvance", "ph":"E", "ts":"1031788437673", "pid":"1", "tid":"fv3"},
{"name":"med_phases_post_atm", "ph":"B", "ts":"1031788439167", "pid":"1", "tid":"cmeps"},
{"name":"med_phases_history_write_comp", "ph":"B", "ts":"1031788449316", "pid":"1", "tid":"cmeps"},
{"name":"med_phases_history_write_comp", "ph":"E", "ts":"1031788449373", "pid":"1", "tid":"cmeps"},
{"name":"med_phases_post_atm", "ph":"E", "ts":"1031788449377", "pid":"1", "tid":"cmeps"},
{"name":"med_phases_post_ice", "ph":"B", "ts":"1031788452024", "pid":"1", "tid":"cmeps"},
{"name":"med_phases_history_write_comp", "ph":"B", "ts":"1031788457217", "pid":"1", "tid":"cmeps"},
{"name":"med_phases_history_write_comp", "ph":"E", "ts":"1031788457268", "pid":"1", "tid":"cmeps"},
{"name":"med_phases_post_ice", "ph":"E", "ts":"1031788457270", "pid":"1", "tid":"cmeps"},
{"name":"med_phases_ocnalb_run", "ph":"B", "ts":"1031788457538", "pid":"1", "tid":"cmeps"},
{"name":"med_phases_history_write_med", "ph":"B", "ts":"1031788458087", "pid":"1", "tid":"cmeps"},
{"name":"med_phases_history_write_med", "ph":"E", "ts":"1031788458091", "pid":"1", "tid":"cmeps"},
{"name":"med_phases_ocnalb_run", "ph":"E", "ts":"1031788458093", "pid":"1", "tid":"cmeps"},
{"name":"med_phases_prep_ocn_accum", "ph":"B", "ts":"1031788458253", "pid":"1", "tid":"cmeps"},
{"name":"med_phases_prep_ocn_accum", "ph":"E", "ts":"1031788460558", "pid":"1", "tid":"cmeps"},
{"name":"med_phases_prep_atm", "ph":"B", "ts":"1031788460799", "pid":"1", "tid":"cmeps"},
{"name":"med_phases_prep_atm", "ph":"E", "ts":"1031788469618", "pid":"1", "tid":"cmeps"},
{"name":"med_phases_prep_ice", "ph":"B", "ts":"1031788469910", "pid":"1", "tid":"cmeps"},
{"name":"med_phases_prep_ice", "ph":"E", "ts":"1031788471072", "pid":"1", "tid":"cmeps"},
{"name":"ModelAdvance", "ph":"B", "ts":"1031788476111", "pid":"1", "tid":"fv3"},
{"name":"ModelAdvance_phase1", "ph":"B", "ts":"1031788476122", "pid":"1", "tid":"fv3"},
{"name":"fcst_run_phase_1", "ph":"B", "ts":"1031788476177", "pid":"1", "tid":"fv3"},
{"name":"fcst_run_phase_1", "ph":"E", "ts":"1031790807926", "pid":"1", "tid":"fv3"},
{"name":"ModelAdvance_phase1", "ph":"E", "ts":"1031790807982", "pid":"1", "tid":"fv3"},
{"name":"ModelAdvance_phase2", "ph":"B", "ts":"1031790807985", "pid":"1", "tid":"fv3"},
{"name":"fcst_run_phase_2", "ph":"B", "ts":"1031790808013", "pid":"1", "tid":"fv3"},
{"name":"fcst_run_phase_2", "ph":"E", "ts":"1031791626396", "pid":"1", "tid":"fv3"},
{"name":"ModelAdvance_phase2", "ph":"E", "ts":"1031791739366", "pid":"1", "tid":"fv3"},
{"name":"ModelAdvance", "ph":"E", "ts":"1031791739373", "pid":"1", "tid":"fv3"},
{"name":"med_phases_post_atm", "ph":"B", "ts":"1031791740345", "pid":"1", "tid":"cmeps"},
{"name":"med_phases_history_write_comp", "ph":"B", "ts":"1031791782307", "pid":"1", "tid":"cmeps"},
{"name":"med_phases_history_write_comp", "ph":"E", "ts":"1031791782382", "pid":"1", "tid":"cmeps"},
{"name":"med_phases_post_atm", "ph":"E", "ts":"1031791782385", "pid":"1", "tid":"cmeps"},
{"name":"med_phases_post_ice", "ph":"B", "ts":"1031793188549", "pid":"1", "tid":"cmeps"},
{"name":"med_phases_history_write_comp", "ph":"B", "ts":"1031793195365", "pid":"1", "tid":"cmeps"},
{"name":"med_phases_history_write_comp", "ph":"E", "ts":"1031793195445", "pid":"1", "tid":"cmeps"},
{"name":"med_phases_post_ice", "ph":"E", "ts":"1031793195451", "pid":"1", "tid":"cmeps"},
{"name":"med_phases_ocnalb_run", "ph":"B", "ts":"1031793195773", "pid":"1", "tid":"cmeps"},
{"name":"med_phases_history_write_med", "ph":"B", "ts":"1031793196368", "pid":"1", "tid":"cmeps"},
{"name":"med_phases_history_write_med", "ph":"E", "ts":"1031793196372", "pid":"1", "tid":"cmeps"},
{"name":"med_phases_ocnalb_run", "ph":"E", "ts":"1031793196463", "pid":"1", "tid":"cmeps"},
{"name":"med_phases_prep_ocn_accum", "ph":"B", "ts":"1031793196622", "pid":"1", "tid":"cmeps"},
{"name":"med_phases_prep_ocn_accum", "ph":"E", "ts":"1031793198902", "pid":"1", "tid":"cmeps"},
{"name":"med_phases_post_ocn", "ph":"B", "ts":"1031807439858", "pid":"1", "tid":"cmeps"},
{"name":"med_phases_history_write_comp", "ph":"B", "ts":"1031807453583", "pid":"1", "tid":"cmeps"},
{"name":"med_phases_history_write_comp", "ph":"E", "ts":"1031807453615", "pid":"1", "tid":"cmeps"},
{"name":"med_phases_post_ocn", "ph":"E", "ts":"1031807453619", "pid":"1", "tid":"cmeps"},
{"name":"med_phases_restart_write", "ph":"B", "ts":"1031807453829", "pid":"1", "tid":"cmeps"},
{"name":"med_phases_restart_write", "ph":"E", "ts":"1031809293330", "pid":"1", "tid":"cmeps"},
{"name":"ModelFinalize", "ph":"B", "ts":"1031809294632", "pid":"1", "tid":"fv3"},
{"name":"fcst_finalize", "ph":"B", "ts":"1031809297142", "pid":"1", "tid":"fv3"},
{"name":"fcst_finalize", "ph":"E", "ts":"1031809356912", "pid":"1", "tid":"fv3"},
{"name":"ModelFinalize", "ph":"E", "ts":"1031809358427", "pid":"1", "tid":"fv3"},
{"name":"SetServices", "ph":"B", "ts":"1031214594826", "pid":"1", "tid":"wrtComp_01"},
{"name":"SetServices", "ph":"E", "ts":"1031214595188", "pid":"1", "tid":"wrtComp_01"},
{"name":"wrt_initialize_p1", "ph":"B", "ts":"1031214595366", "pid":"1", "tid":"wrtComp_01"},
{"name":"wrt_initialize_p1", "ph":"E", "ts":"1031214782068", "pid":"1", "tid":"wrtComp_01"},
{"name":"wrt_run", "ph":"B", "ts":"1031250006600", "pid":"1", "tid":"wrtComp_01"},
{"name":"wrt_run", "ph":"E", "ts":"1031258602172", "pid":"1", "tid":"wrtComp_01"},
{"name":"wrt_run", "ph":"B", "ts":"1031380877726", "pid":"1", "tid":"wrtComp_01"},
{"name":"wrt_run", "ph":"E", "ts":"1031387938394", "pid":"1", "tid":"wrtComp_01"},
{"name":"wrt_run", "ph":"B", "ts":"1031513236319", "pid":"1", "tid":"wrtComp_01"},
{"name":"wrt_run", "ph":"E", "ts":"1031522502830", "pid":"1", "tid":"wrtComp_01"},
{"name":"wrt_run", "ph":"B", "ts":"1031660776059", "pid":"1", "tid":"wrtComp_01"},
{"name":"wrt_run", "ph":"E", "ts":"1031667159999", "pid":"1", "tid":"wrtComp_01"},
{"name":"wrt_run", "ph":"B", "ts":"1031791780625", "pid":"1", "tid":"wrtComp_01"},
{"name":"wrt_run", "ph":"E", "ts":"1031799273005", "pid":"1", "tid":"wrtComp_01"},
{"name":"wrt_finalize", "ph":"B", "ts":"1031807948628", "pid":"1", "tid":"wrtComp_01"},
{"name":"wrt_finalize", "ph":"E", "ts":"1031807952899", "pid":"1", "tid":"wrtComp_01"},
{"name":"SetServices", "ph":"B", "ts":"1031109238187", "pid":"1", "tid":"mom"},
{"name":"SetServices", "ph":"E", "ts":"1031109239266", "pid":"1", "tid":"mom"},
{"name":"InitializeP0", "ph":"B", "ts":"1031109247678", "pid":"1", "tid":"mom"},
{"name":"InitializeP0", "ph":"E", "ts":"1031109248758", "pid":"1", "tid":"mom"},
{"name":"InitializeAdvertise", "ph":"B", "ts":"1031109305071", "pid":"1", "tid":"mom"},
{"name":"InitializeAdvertise", "ph":"E", "ts":"1031128546396", "pid":"1", "tid":"mom"},
{"name":"InitializeRealize", "ph":"B", "ts":"1031215570826", "pid":"1", "tid":"mom"},
{"name":"InitializeRealize", "ph":"E", "ts":"1031217724982", "pid":"1", "tid":"mom"},
{"name":"DataInitialize", "ph":"B", "ts":"1031224642704", "pid":"1", "tid":"mom"},
{"name":"DataInitialize", "ph":"E", "ts":"1031224643576", "pid":"1", "tid":"mom"},
{"name":"ModelSetRunClock", "ph":"B", "ts":"1031232229991", "pid":"1", "tid":"mom"},
{"name":"ModelSetRunClock", "ph":"E", "ts":"1031232237699", "pid":"1", "tid":"mom"},
{"name":"ModelAdvance", "ph":"B", "ts":"1031232237851", "pid":"1", "tid":"mom"},
{"name":"ModelAdvance", "ph":"E", "ts":"1031232237884", "pid":"1", "tid":"mom"},
{"name":"ModelSetRunClock", "ph":"B", "ts":"1031253123015", "pid":"1", "tid":"mom"},
{"name":"ModelSetRunClock", "ph":"E", "ts":"1031253123176", "pid":"1", "tid":"mom"},
{"name":"ModelAdvance", "ph":"B", "ts":"1031253123299", "pid":"1", "tid":"mom"},
{"name":"ModelAdvance", "ph":"E", "ts":"1031266829218", "pid":"1", "tid":"mom"},
{"name":"ModelSetRunClock", "ph":"B", "ts":"1031266845485", "pid":"1", "tid":"mom"},
{"name":"ModelSetRunClock", "ph":"E", "ts":"1031266845548", "pid":"1", "tid":"mom"},
{"name":"ModelAdvance", "ph":"B", "ts":"1031266845654", "pid":"1", "tid":"mom"},
{"name":"ModelAdvance", "ph":"E", "ts":"1031273314327", "pid":"1", "tid":"mom"},
{"name":"ModelSetRunClock", "ph":"B", "ts":"1031281472181", "pid":"1", "tid":"mom"},
{"name":"ModelSetRunClock", "ph":"E", "ts":"1031281472263", "pid":"1", "tid":"mom"},
{"name":"ModelAdvance", "ph":"B", "ts":"1031281472369", "pid":"1", "tid":"mom"},
{"name":"ModelAdvance", "ph":"E", "ts":"1031287955890", "pid":"1", "tid":"mom"},
{"name":"ModelSetRunClock", "ph":"B", "ts":"1031289945329", "pid":"1", "tid":"mom"},
{"name":"ModelSetRunClock", "ph":"E", "ts":"1031289945381", "pid":"1", "tid":"mom"},
{"name":"ModelAdvance", "ph":"B", "ts":"1031289945486", "pid":"1", "tid":"mom"},
{"name":"ModelAdvance", "ph":"E", "ts":"1031296443071", "pid":"1", "tid":"mom"},
{"name":"ModelSetRunClock", "ph":"B", "ts":"1031303532149", "pid":"1", "tid":"mom"},
{"name":"ModelSetRunClock", "ph":"E", "ts":"1031303532237", "pid":"1", "tid":"mom"},
{"name":"ModelAdvance", "ph":"B", "ts":"1031303532338", "pid":"1", "tid":"mom"},
{"name":"ModelAdvance", "ph":"E", "ts":"1031310036452", "pid":"1", "tid":"mom"},
{"name":"ModelSetRunClock", "ph":"B", "ts":"1031311927845", "pid":"1", "tid":"mom"},
{"name":"ModelSetRunClock", "ph":"E", "ts":"1031311927880", "pid":"1", "tid":"mom"},
{"name":"ModelAdvance", "ph":"B", "ts":"1031311927979", "pid":"1", "tid":"mom"},
{"name":"ModelAdvance", "ph":"E", "ts":"1031318436165", "pid":"1", "tid":"mom"},
{"name":"ModelSetRunClock", "ph":"B", "ts":"1031325606228", "pid":"1", "tid":"mom"},
{"name":"ModelSetRunClock", "ph":"E", "ts":"1031325606314", "pid":"1", "tid":"mom"},
{"name":"ModelAdvance", "ph":"B", "ts":"1031325606424", "pid":"1", "tid":"mom"},
{"name":"ModelAdvance", "ph":"E", "ts":"1031332203631", "pid":"1", "tid":"mom"},
{"name":"ModelSetRunClock", "ph":"B", "ts":"1031334083109", "pid":"1", "tid":"mom"},
{"name":"ModelSetRunClock", "ph":"E", "ts":"1031334083244", "pid":"1", "tid":"mom"},
{"name":"ModelAdvance", "ph":"B", "ts":"1031334083371", "pid":"1", "tid":"mom"},
{"name":"ModelAdvance", "ph":"E", "ts":"1031340752780", "pid":"1", "tid":"mom"},
{"name":"ModelSetRunClock", "ph":"B", "ts":"1031347654007", "pid":"1", "tid":"mom"},
{"name":"ModelSetRunClock", "ph":"E", "ts":"1031347654186", "pid":"1", "tid":"mom"},
{"name":"ModelAdvance", "ph":"B", "ts":"1031347654296", "pid":"1", "tid":"mom"},
{"name":"ModelAdvance", "ph":"E", "ts":"1031354333753", "pid":"1", "tid":"mom"},
{"name":"ModelSetRunClock", "ph":"B", "ts":"1031355978102", "pid":"1", "tid":"mom"},
{"name":"ModelSetRunClock", "ph":"E", "ts":"1031355978155", "pid":"1", "tid":"mom"},
{"name":"ModelAdvance", "ph":"B", "ts":"1031355978297", "pid":"1", "tid":"mom"},
{"name":"ModelAdvance", "ph":"E", "ts":"1031362609608", "pid":"1", "tid":"mom"},
{"name":"ModelSetRunClock", "ph":"B", "ts":"1031369401757", "pid":"1", "tid":"mom"},
{"name":"ModelSetRunClock", "ph":"E", "ts":"1031369401823", "pid":"1", "tid":"mom"},
{"name":"ModelAdvance", "ph":"B", "ts":"1031369401927", "pid":"1", "tid":"mom"},
{"name":"ModelAdvance", "ph":"E", "ts":"1031376037374", "pid":"1", "tid":"mom"},
{"name":"ModelSetRunClock", "ph":"B", "ts":"1031377917134", "pid":"1", "tid":"mom"},
{"name":"ModelSetRunClock", "ph":"E", "ts":"1031377917183", "pid":"1", "tid":"mom"},
{"name":"ModelAdvance", "ph":"B", "ts":"1031377917286", "pid":"1", "tid":"mom"},
{"name":"ModelAdvance", "ph":"E", "ts":"1031384495177", "pid":"1", "tid":"mom"},
{"name":"ModelSetRunClock", "ph":"B", "ts":"1031391359372", "pid":"1", "tid":"mom"},
{"name":"ModelSetRunClock", "ph":"E", "ts":"1031391359483", "pid":"1", "tid":"mom"},
{"name":"ModelAdvance", "ph":"B", "ts":"1031391359592", "pid":"1", "tid":"mom"},
{"name":"ModelAdvance", "ph":"E", "ts":"1031398020611", "pid":"1", "tid":"mom"},
{"name":"ModelSetRunClock", "ph":"B", "ts":"1031399688965", "pid":"1", "tid":"mom"},
{"name":"ModelSetRunClock", "ph":"E", "ts":"1031399689022", "pid":"1", "tid":"mom"},
{"name":"ModelAdvance", "ph":"B", "ts":"1031399689135", "pid":"1", "tid":"mom"},
{"name":"ModelAdvance", "ph":"E", "ts":"1031406404436", "pid":"1", "tid":"mom"},
{"name":"ModelSetRunClock", "ph":"B", "ts":"1031413170807", "pid":"1", "tid":"mom"},
{"name":"ModelSetRunClock", "ph":"E", "ts":"1031413170998", "pid":"1", "tid":"mom"},
{"name":"ModelAdvance", "ph":"B", "ts":"1031413171116", "pid":"1", "tid":"mom"},
{"name":"ModelAdvance", "ph":"E", "ts":"1031419842745", "pid":"1", "tid":"mom"},
{"name":"ModelSetRunClock", "ph":"B", "ts":"1031421579084", "pid":"1", "tid":"mom"},
{"name":"ModelSetRunClock", "ph":"E", "ts":"1031421579147", "pid":"1", "tid":"mom"},
{"name":"ModelAdvance", "ph":"B", "ts":"1031421579249", "pid":"1", "tid":"mom"},
{"name":"ModelAdvance", "ph":"E", "ts":"1031428241696", "pid":"1", "tid":"mom"},
{"name":"ModelSetRunClock", "ph":"B", "ts":"1031435049622", "pid":"1", "tid":"mom"},
{"name":"ModelSetRunClock", "ph":"E", "ts":"1031435049751", "pid":"1", "tid":"mom"},
{"name":"ModelAdvance", "ph":"B", "ts":"1031435049927", "pid":"1", "tid":"mom"},
{"name":"ModelAdvance", "ph":"E", "ts":"1031441727125", "pid":"1", "tid":"mom"},
{"name":"ModelSetRunClock", "ph":"B", "ts":"1031443369565", "pid":"1", "tid":"mom"},
{"name":"ModelSetRunClock", "ph":"E", "ts":"1031443369610", "pid":"1", "tid":"mom"},
{"name":"ModelAdvance", "ph":"B", "ts":"1031443369708", "pid":"1", "tid":"mom"},
{"name":"ModelAdvance", "ph":"E", "ts":"1031450012904", "pid":"1", "tid":"mom"},
{"name":"ModelSetRunClock", "ph":"B", "ts":"1031457375891", "pid":"1", "tid":"mom"},
{"name":"ModelSetRunClock", "ph":"E", "ts":"1031457376011", "pid":"1", "tid":"mom"},
{"name":"ModelAdvance", "ph":"B", "ts":"1031457376131", "pid":"1", "tid":"mom"},
{"name":"ModelAdvance", "ph":"E", "ts":"1031464004210", "pid":"1", "tid":"mom"},
{"name":"ModelSetRunClock", "ph":"B", "ts":"1031466380490", "pid":"1", "tid":"mom"},
{"name":"ModelSetRunClock", "ph":"E", "ts":"1031466380605", "pid":"1", "tid":"mom"},
{"name":"ModelAdvance", "ph":"B", "ts":"1031466380720", "pid":"1", "tid":"mom"},
{"name":"ModelAdvance", "ph":"E", "ts":"1031472953299", "pid":"1", "tid":"mom"},
{"name":"ModelSetRunClock", "ph":"B", "ts":"1031479943874", "pid":"1", "tid":"mom"},
{"name":"ModelSetRunClock", "ph":"E", "ts":"1031479944021", "pid":"1", "tid":"mom"},
{"name":"ModelAdvance", "ph":"B", "ts":"1031479944143", "pid":"1", "tid":"mom"},
{"name":"ModelAdvance", "ph":"E", "ts":"1031486497417", "pid":"1", "tid":"mom"},
{"name":"ModelSetRunClock", "ph":"B", "ts":"1031488305665", "pid":"1", "tid":"mom"},
{"name":"ModelSetRunClock", "ph":"E", "ts":"1031488305770", "pid":"1", "tid":"mom"},
{"name":"ModelAdvance", "ph":"B", "ts":"1031488305880", "pid":"1", "tid":"mom"},
{"name":"ModelAdvance", "ph":"E", "ts":"1031494866053", "pid":"1", "tid":"mom"},
{"name":"ModelSetRunClock", "ph":"B", "ts":"1031501666156", "pid":"1", "tid":"mom"},
{"name":"ModelSetRunClock", "ph":"E", "ts":"1031501666244", "pid":"1", "tid":"mom"},
{"name":"ModelAdvance", "ph":"B", "ts":"1031501666349", "pid":"1", "tid":"mom"},
{"name":"ModelAdvance", "ph":"E", "ts":"1031526173456", "pid":"1", "tid":"mom"},
{"name":"ModelSetRunClock", "ph":"B", "ts":"1031528038213", "pid":"1", "tid":"mom"},
{"name":"ModelSetRunClock", "ph":"E", "ts":"1031528038266", "pid":"1", "tid":"mom"},
{"name":"ModelAdvance", "ph":"B", "ts":"1031528038393", "pid":"1", "tid":"mom"},
{"name":"ModelAdvance", "ph":"E", "ts":"1031534596061", "pid":"1", "tid":"mom"},
{"name":"ModelSetRunClock", "ph":"B", "ts":"1031541559901", "pid":"1", "tid":"mom"},
{"name":"ModelSetRunClock", "ph":"E", "ts":"1031541560095", "pid":"1", "tid":"mom"},
{"name":"ModelAdvance", "ph":"B", "ts":"1031541560211", "pid":"1", "tid":"mom"},
{"name":"ModelAdvance", "ph":"E", "ts":"1031548160671", "pid":"1", "tid":"mom"},
{"name":"ModelSetRunClock", "ph":"B", "ts":"1031549818631", "pid":"1", "tid":"mom"},
{"name":"ModelSetRunClock", "ph":"E", "ts":"1031549818670", "pid":"1", "tid":"mom"},
{"name":"ModelAdvance", "ph":"B", "ts":"1031549818772", "pid":"1", "tid":"mom"},
{"name":"ModelAdvance", "ph":"E", "ts":"1031556396775", "pid":"1", "tid":"mom"},
{"name":"ModelSetRunClock", "ph":"B", "ts":"1031563116198", "pid":"1", "tid":"mom"},
{"name":"ModelSetRunClock", "ph":"E", "ts":"1031563116249", "pid":"1", "tid":"mom"},
{"name":"ModelAdvance", "ph":"B", "ts":"1031563116357", "pid":"1", "tid":"mom"},
{"name":"ModelAdvance", "ph":"E", "ts":"1031569776103", "pid":"1", "tid":"mom"},
{"name":"ModelSetRunClock", "ph":"B", "ts":"1031571528051", "pid":"1", "tid":"mom"},
{"name":"ModelSetRunClock", "ph":"E", "ts":"1031571528098", "pid":"1", "tid":"mom"},
{"name":"ModelAdvance", "ph":"B", "ts":"1031571528195", "pid":"1", "tid":"mom"},
{"name":"ModelAdvance", "ph":"E", "ts":"1031578175467", "pid":"1", "tid":"mom"},
{"name":"ModelSetRunClock", "ph":"B", "ts":"1031584766172", "pid":"1", "tid":"mom"},
{"name":"ModelSetRunClock", "ph":"E", "ts":"1031584766261", "pid":"1", "tid":"mom"},
{"name":"ModelAdvance", "ph":"B", "ts":"1031584766364", "pid":"1", "tid":"mom"},
{"name":"ModelAdvance", "ph":"E", "ts":"1031591455749", "pid":"1", "tid":"mom"},
{"name":"ModelSetRunClock", "ph":"B", "ts":"1031592951222", "pid":"1", "tid":"mom"},
{"name":"ModelSetRunClock", "ph":"E", "ts":"1031592951273", "pid":"1", "tid":"mom"},
{"name":"ModelAdvance", "ph":"B", "ts":"1031592951374", "pid":"1", "tid":"mom"},
{"name":"ModelAdvance", "ph":"E", "ts":"1031599654888", "pid":"1", "tid":"mom"},
{"name":"ModelSetRunClock", "ph":"B", "ts":"1031606329403", "pid":"1", "tid":"mom"},
{"name":"ModelSetRunClock", "ph":"E", "ts":"1031606329570", "pid":"1", "tid":"mom"},
{"name":"ModelAdvance", "ph":"B", "ts":"1031606329688", "pid":"1", "tid":"mom"},
{"name":"ModelAdvance", "ph":"E", "ts":"1031613025912", "pid":"1", "tid":"mom"},
{"name":"ModelSetRunClock", "ph":"B", "ts":"1031614728746", "pid":"1", "tid":"mom"},
{"name":"ModelSetRunClock", "ph":"E", "ts":"1031614728837", "pid":"1", "tid":"mom"},
{"name":"ModelAdvance", "ph":"B", "ts":"1031614728942", "pid":"1", "tid":"mom"},
{"name":"ModelAdvance", "ph":"E", "ts":"1031621382528", "pid":"1", "tid":"mom"},
{"name":"ModelSetRunClock", "ph":"B", "ts":"1031627984374", "pid":"1", "tid":"mom"},
{"name":"ModelSetRunClock", "ph":"E", "ts":"1031627984479", "pid":"1", "tid":"mom"},
{"name":"ModelAdvance", "ph":"B", "ts":"1031627984620", "pid":"1", "tid":"mom"},
{"name":"ModelAdvance", "ph":"E", "ts":"1031634642817", "pid":"1", "tid":"mom"},
{"name":"ModelSetRunClock", "ph":"B", "ts":"1031636111929", "pid":"1", "tid":"mom"},
{"name":"ModelSetRunClock", "ph":"E", "ts":"1031636111980", "pid":"1", "tid":"mom"},
{"name":"ModelAdvance", "ph":"B", "ts":"1031636112245", "pid":"1", "tid":"mom"},
{"name":"ModelAdvance", "ph":"E", "ts":"1031642828667", "pid":"1", "tid":"mom"},
{"name":"ModelSetRunClock", "ph":"B", "ts":"1031649485896", "pid":"1", "tid":"mom"},
{"name":"ModelSetRunClock", "ph":"E", "ts":"1031649486032", "pid":"1", "tid":"mom"},
{"name":"ModelAdvance", "ph":"B", "ts":"1031649486146", "pid":"1", "tid":"mom"},
{"name":"ModelAdvance", "ph":"E", "ts":"1031656265565", "pid":"1", "tid":"mom"},
{"name":"ModelSetRunClock", "ph":"B", "ts":"1031657788136", "pid":"1", "tid":"mom"},
{"name":"ModelSetRunClock", "ph":"E", "ts":"1031657788174", "pid":"1", "tid":"mom"},
{"name":"ModelAdvance", "ph":"B", "ts":"1031657788273", "pid":"1", "tid":"mom"},
{"name":"ModelAdvance", "ph":"E", "ts":"1031664573047", "pid":"1", "tid":"mom"},
{"name":"ModelSetRunClock", "ph":"B", "ts":"1031671428433", "pid":"1", "tid":"mom"},
{"name":"ModelSetRunClock", "ph":"E", "ts":"1031671428588", "pid":"1", "tid":"mom"},
{"name":"ModelAdvance", "ph":"B", "ts":"1031671428697", "pid":"1", "tid":"mom"},
{"name":"ModelAdvance", "ph":"E", "ts":"1031678218751", "pid":"1", "tid":"mom"},
{"name":"ModelSetRunClock", "ph":"B", "ts":"1031679565992", "pid":"1", "tid":"mom"},
{"name":"ModelSetRunClock", "ph":"E", "ts":"1031679566040", "pid":"1", "tid":"mom"},
{"name":"ModelAdvance", "ph":"B", "ts":"1031679566142", "pid":"1", "tid":"mom"},
{"name":"ModelAdvance", "ph":"E", "ts":"1031686347497", "pid":"1", "tid":"mom"},
{"name":"ModelSetRunClock", "ph":"B", "ts":"1031692932496", "pid":"1", "tid":"mom"},
{"name":"ModelSetRunClock", "ph":"E", "ts":"1031692932604", "pid":"1", "tid":"mom"},
{"name":"ModelAdvance", "ph":"B", "ts":"1031692932742", "pid":"1", "tid":"mom"},
{"name":"ModelAdvance", "ph":"E", "ts":"1031699726385", "pid":"1", "tid":"mom"},
{"name":"ModelSetRunClock", "ph":"B", "ts":"1031701418537", "pid":"1", "tid":"mom"},
{"name":"ModelSetRunClock", "ph":"E", "ts":"1031701418709", "pid":"1", "tid":"mom"},
{"name":"ModelAdvance", "ph":"B", "ts":"1031701418808", "pid":"1", "tid":"mom"},
{"name":"ModelAdvance", "ph":"E", "ts":"1031708176375", "pid":"1", "tid":"mom"},
{"name":"ModelSetRunClock", "ph":"B", "ts":"1031714941732", "pid":"1", "tid":"mom"},
{"name":"ModelSetRunClock", "ph":"E", "ts":"1031714941810", "pid":"1", "tid":"mom"},
{"name":"ModelAdvance", "ph":"B", "ts":"1031714941924", "pid":"1", "tid":"mom"},
{"name":"ModelAdvance", "ph":"E", "ts":"1031721678934", "pid":"1", "tid":"mom"},
{"name":"ModelSetRunClock", "ph":"B", "ts":"1031723204718", "pid":"1", "tid":"mom"},
{"name":"ModelSetRunClock", "ph":"E", "ts":"1031723204780", "pid":"1", "tid":"mom"},
{"name":"ModelAdvance", "ph":"B", "ts":"1031723204889", "pid":"1", "tid":"mom"},
{"name":"ModelAdvance", "ph":"E", "ts":"1031729906324", "pid":"1", "tid":"mom"},
{"name":"ModelSetRunClock", "ph":"B", "ts":"1031736598449", "pid":"1", "tid":"mom"},
{"name":"ModelSetRunClock", "ph":"E", "ts":"1031736598635", "pid":"1", "tid":"mom"},
{"name":"ModelAdvance", "ph":"B", "ts":"1031736598757", "pid":"1", "tid":"mom"},
{"name":"ModelAdvance", "ph":"E", "ts":"1031743318797", "pid":"1", "tid":"mom"},
{"name":"ModelSetRunClock", "ph":"B", "ts":"1031744783885", "pid":"1", "tid":"mom"},
{"name":"ModelSetRunClock", "ph":"E", "ts":"1031744783930", "pid":"1", "tid":"mom"},
{"name":"ModelAdvance", "ph":"B", "ts":"1031744784047", "pid":"1", "tid":"mom"},
{"name":"ModelAdvance", "ph":"E", "ts":"1031751488312", "pid":"1", "tid":"mom"},
{"name":"ModelSetRunClock", "ph":"B", "ts":"1031758617285", "pid":"1", "tid":"mom"},
{"name":"ModelSetRunClock", "ph":"E", "ts":"1031758617398", "pid":"1", "tid":"mom"},
{"name":"ModelAdvance", "ph":"B", "ts":"1031758617571", "pid":"1", "tid":"mom"},
{"name":"ModelAdvance", "ph":"E", "ts":"1031765326788", "pid":"1", "tid":"mom"},
{"name":"ModelSetRunClock", "ph":"B", "ts":"1031766875598", "pid":"1", "tid":"mom"},
{"name":"ModelSetRunClock", "ph":"E", "ts":"1031766875639", "pid":"1", "tid":"mom"},
{"name":"ModelAdvance", "ph":"B", "ts":"1031766875751", "pid":"1", "tid":"mom"},
{"name":"ModelAdvance", "ph":"E", "ts":"1031773543813", "pid":"1", "tid":"mom"},
{"name":"ModelSetRunClock", "ph":"B", "ts":"1031780085834", "pid":"1", "tid":"mom"},
{"name":"ModelSetRunClock", "ph":"E", "ts":"1031780085965", "pid":"1", "tid":"mom"},
{"name":"ModelAdvance", "ph":"B", "ts":"1031780086069", "pid":"1", "tid":"mom"},
{"name":"ModelAdvance", "ph":"E", "ts":"1031804565245", "pid":"1", "tid":"mom"},
{"name":"ocean_model_finalize", "ph":"B", "ts":"1031804567079", "pid":"1", "tid":"mom"},
{"name":"ocean_model_finalize", "ph":"E", "ts":"1031807961006", "pid":"1", "tid":"mom"},
{"name":"SetServices", "ph":"B", "ts":"1031110024473", "pid":"1", "tid":"cice"},
{"name":"SetServices", "ph":"E", "ts":"1031110025565", "pid":"1", "tid":"cice"},
{"name":"InitializeP0", "ph":"B", "ts":"1031110029798", "pid":"1", "tid":"cice"},
{"name":"InitializeP0", "ph":"E", "ts":"1031110029894", "pid":"1", "tid":"cice"},
{"name":"InitializeAdvertise", "ph":"B", "ts":"1031110078757", "pid":"1", "tid":"cice"},
{"name":"InitializeAdvertise", "ph":"E", "ts":"1031114619238", "pid":"1", "tid":"cice"},
{"name":"InitializeRealize", "ph":"B", "ts":"1031216388663", "pid":"1", "tid":"cice"},
{"name":"InitializeRealize", "ph":"E", "ts":"1031222229089", "pid":"1", "tid":"cice"},
{"name":"ModelAdvance", "ph":"B", "ts":"1031233037398", "pid":"1", "tid":"cice"},
{"name":"ModelAdvance", "ph":"E", "ts":"1031234532919", "pid":"1", "tid":"cice"},
{"name":"ModelAdvance", "ph":"B", "ts":"1031247773165", "pid":"1", "tid":"cice"},
{"name":"ModelAdvance", "ph":"E", "ts":"1031249250527", "pid":"1", "tid":"cice"},
{"name":"ModelAdvance", "ph":"B", "ts":"1031250901802", "pid":"1", "tid":"cice"},
{"name":"ModelAdvance", "ph":"E", "ts":"1031252383199", "pid":"1", "tid":"cice"},
{"name":"ModelAdvance", "ph":"B", "ts":"1031253922780", "pid":"1", "tid":"cice"},
{"name":"ModelAdvance", "ph":"E", "ts":"1031255419048", "pid":"1", "tid":"cice"},
{"name":"ModelAdvance", "ph":"B", "ts":"1031256855168", "pid":"1", "tid":"cice"},
{"name":"ModelAdvance", "ph":"E", "ts":"1031258342000", "pid":"1", "tid":"cice"},
{"name":"ModelAdvance", "ph":"B", "ts":"1031259711021", "pid":"1", "tid":"cice"},
{"name":"ModelAdvance", "ph":"E", "ts":"1031261161691", "pid":"1", "tid":"cice"},
{"name":"ModelAdvance", "ph":"B", "ts":"1031267641586", "pid":"1", "tid":"cice"},
{"name":"ModelAdvance", "ph":"E", "ts":"1031269122493", "pid":"1", "tid":"cice"},
{"name":"ModelAdvance", "ph":"B", "ts":"1031275785324", "pid":"1", "tid":"cice"},
{"name":"ModelAdvance", "ph":"E", "ts":"1031277274338", "pid":"1", "tid":"cice"},
{"name":"ModelAdvance", "ph":"B", "ts":"1031279428628", "pid":"1", "tid":"cice"},
{"name":"ModelAdvance", "ph":"E", "ts":"1031280905252", "pid":"1", "tid":"cice"},
{"name":"ModelAdvance", "ph":"B", "ts":"1031282275784", "pid":"1", "tid":"cice"},
{"name":"ModelAdvance", "ph":"E", "ts":"1031283747322", "pid":"1", "tid":"cice"},
{"name":"ModelAdvance", "ph":"B", "ts":"1031285091461", "pid":"1", "tid":"cice"},
{"name":"ModelAdvance", "ph":"E", "ts":"1031286575806", "pid":"1", "tid":"cice"},
{"name":"ModelAdvance", "ph":"B", "ts":"1031287912598", "pid":"1", "tid":"cice"},
{"name":"ModelAdvance", "ph":"E", "ts":"1031289375660", "pid":"1", "tid":"cice"},
{"name":"ModelAdvance", "ph":"B", "ts":"1031290739088", "pid":"1", "tid":"cice"},
{"name":"ModelAdvance", "ph":"E", "ts":"1031292198214", "pid":"1", "tid":"cice"},
{"name":"ModelAdvance", "ph":"B", "ts":"1031298726017", "pid":"1", "tid":"cice"},
{"name":"ModelAdvance", "ph":"E", "ts":"1031300183092", "pid":"1", "tid":"cice"},
{"name":"ModelAdvance", "ph":"B", "ts":"1031301530861", "pid":"1", "tid":"cice"},
{"name":"ModelAdvance", "ph":"E", "ts":"1031302982725", "pid":"1", "tid":"cice"},
{"name":"ModelAdvance", "ph":"B", "ts":"1031304331443", "pid":"1", "tid":"cice"},
{"name":"ModelAdvance", "ph":"E", "ts":"1031305789685", "pid":"1", "tid":"cice"},
{"name":"ModelAdvance", "ph":"B", "ts":"1031307136866", "pid":"1", "tid":"cice"},
{"name":"ModelAdvance", "ph":"E", "ts":"1031308601404", "pid":"1", "tid":"cice"},
{"name":"ModelAdvance", "ph":"B", "ts":"1031309932643", "pid":"1", "tid":"cice"},
{"name":"ModelAdvance", "ph":"E", "ts":"1031311380494", "pid":"1", "tid":"cice"},
{"name":"ModelAdvance", "ph":"B", "ts":"1031312729126", "pid":"1", "tid":"cice"},
{"name":"ModelAdvance", "ph":"E", "ts":"1031314188822", "pid":"1", "tid":"cice"},
{"name":"ModelAdvance", "ph":"B", "ts":"1031320659256", "pid":"1", "tid":"cice"},
{"name":"ModelAdvance", "ph":"E", "ts":"1031322118542", "pid":"1", "tid":"cice"},
{"name":"ModelAdvance", "ph":"B", "ts":"1031323548004", "pid":"1", "tid":"cice"},
{"name":"ModelAdvance", "ph":"E", "ts":"1031325006918", "pid":"1", "tid":"cice"},
{"name":"ModelAdvance", "ph":"B", "ts":"1031326408783", "pid":"1", "tid":"cice"},
{"name":"ModelAdvance", "ph":"E", "ts":"1031327883113", "pid":"1", "tid":"cice"},
{"name":"ModelAdvance", "ph":"B", "ts":"1031329270148", "pid":"1", "tid":"cice"},
{"name":"ModelAdvance", "ph":"E", "ts":"1031330760586", "pid":"1", "tid":"cice"},
{"name":"ModelAdvance", "ph":"B", "ts":"1031332064399", "pid":"1", "tid":"cice"},
{"name":"ModelAdvance", "ph":"E", "ts":"1031333525085", "pid":"1", "tid":"cice"},
{"name":"ModelAdvance", "ph":"B", "ts":"1031334881420", "pid":"1", "tid":"cice"},
{"name":"ModelAdvance", "ph":"E", "ts":"1031336360097", "pid":"1", "tid":"cice"},
{"name":"ModelAdvance", "ph":"B", "ts":"1031342729033", "pid":"1", "tid":"cice"},
{"name":"ModelAdvance", "ph":"E", "ts":"1031344205424", "pid":"1", "tid":"cice"},
{"name":"ModelAdvance", "ph":"B", "ts":"1031345660968", "pid":"1", "tid":"cice"},
{"name":"ModelAdvance", "ph":"E", "ts":"1031347128782", "pid":"1", "tid":"cice"},
{"name":"ModelAdvance", "ph":"B", "ts":"1031348454993", "pid":"1", "tid":"cice"},
{"name":"ModelAdvance", "ph":"E", "ts":"1031349937255", "pid":"1", "tid":"cice"},
{"name":"ModelAdvance", "ph":"B", "ts":"1031351237442", "pid":"1", "tid":"cice"},
{"name":"ModelAdvance", "ph":"E", "ts":"1031352721625", "pid":"1", "tid":"cice"},
{"name":"ModelAdvance", "ph":"B", "ts":"1031354004341", "pid":"1", "tid":"cice"},
{"name":"ModelAdvance", "ph":"E", "ts":"1031355467104", "pid":"1", "tid":"cice"},
{"name":"ModelAdvance", "ph":"B", "ts":"1031356774588", "pid":"1", "tid":"cice"},
{"name":"ModelAdvance", "ph":"E", "ts":"1031358256144", "pid":"1", "tid":"cice"},
{"name":"ModelAdvance", "ph":"B", "ts":"1031364598628", "pid":"1", "tid":"cice"},
{"name":"ModelAdvance", "ph":"E", "ts":"1031366075696", "pid":"1", "tid":"cice"},
{"name":"ModelAdvance", "ph":"B", "ts":"1031367373331", "pid":"1", "tid":"cice"},
{"name":"ModelAdvance", "ph":"E", "ts":"1031368845022", "pid":"1", "tid":"cice"},
{"name":"ModelAdvance", "ph":"B", "ts":"1031370203646", "pid":"1", "tid":"cice"},
{"name":"ModelAdvance", "ph":"E", "ts":"1031371692002", "pid":"1", "tid":"cice"},
{"name":"ModelAdvance", "ph":"B", "ts":"1031372973411", "pid":"1", "tid":"cice"},
{"name":"ModelAdvance", "ph":"E", "ts":"1031374461707", "pid":"1", "tid":"cice"},
{"name":"ModelAdvance", "ph":"B", "ts":"1031375736758", "pid":"1", "tid":"cice"},
{"name":"ModelAdvance", "ph":"E", "ts":"1031377208698", "pid":"1", "tid":"cice"},
{"name":"ModelAdvance", "ph":"B", "ts":"1031378723139", "pid":"1", "tid":"cice"},
{"name":"ModelAdvance", "ph":"E", "ts":"1031380202471", "pid":"1", "tid":"cice"},
{"name":"ModelAdvance", "ph":"B", "ts":"1031386614463", "pid":"1", "tid":"cice"},
{"name":"ModelAdvance", "ph":"E", "ts":"1031388098283", "pid":"1", "tid":"cice"},
{"name":"ModelAdvance", "ph":"B", "ts":"1031389380326", "pid":"1", "tid":"cice"},
{"name":"ModelAdvance", "ph":"E", "ts":"1031390855417", "pid":"1", "tid":"cice"},
{"name":"ModelAdvance", "ph":"B", "ts":"1031392154816", "pid":"1", "tid":"cice"},
{"name":"ModelAdvance", "ph":"E", "ts":"1031393635060", "pid":"1", "tid":"cice"},
{"name":"ModelAdvance", "ph":"B", "ts":"1031394942543", "pid":"1", "tid":"cice"},
{"name":"ModelAdvance", "ph":"E", "ts":"1031396425739", "pid":"1", "tid":"cice"},
{"name":"ModelAdvance", "ph":"B", "ts":"1031397688965", "pid":"1", "tid":"cice"},
{"name":"ModelAdvance", "ph":"E", "ts":"1031399154086", "pid":"1", "tid":"cice"},
{"name":"ModelAdvance", "ph":"B", "ts":"1031400487349", "pid":"1", "tid":"cice"},
{"name":"ModelAdvance", "ph":"E", "ts":"1031401966824", "pid":"1", "tid":"cice"},
{"name":"ModelAdvance", "ph":"B", "ts":"1031408471708", "pid":"1", "tid":"cice"},
{"name":"ModelAdvance", "ph":"E", "ts":"1031409945143", "pid":"1", "tid":"cice"},
{"name":"ModelAdvance", "ph":"B", "ts":"1031411215563", "pid":"1", "tid":"cice"},
{"name":"ModelAdvance", "ph":"E", "ts":"1031412682142", "pid":"1", "tid":"cice"},
{"name":"ModelAdvance", "ph":"B", "ts":"1031413964998", "pid":"1", "tid":"cice"},
{"name":"ModelAdvance", "ph":"E", "ts":"1031415450298", "pid":"1", "tid":"cice"},
{"name":"ModelAdvance", "ph":"B", "ts":"1031416704549", "pid":"1", "tid":"cice"},
{"name":"ModelAdvance", "ph":"E", "ts":"1031418186611", "pid":"1", "tid":"cice"},
{"name":"ModelAdvance", "ph":"B", "ts":"1031419623671", "pid":"1", "tid":"cice"},
{"name":"ModelAdvance", "ph":"E", "ts":"1031421088504", "pid":"1", "tid":"cice"},
{"name":"ModelAdvance", "ph":"B", "ts":"1031422377330", "pid":"1", "tid":"cice"},
{"name":"ModelAdvance", "ph":"E", "ts":"1031423858958", "pid":"1", "tid":"cice"},
{"name":"ModelAdvance", "ph":"B", "ts":"1031430350616", "pid":"1", "tid":"cice"},
{"name":"ModelAdvance", "ph":"E", "ts":"1031431822780", "pid":"1", "tid":"cice"},
{"name":"ModelAdvance", "ph":"B", "ts":"1031433093960", "pid":"1", "tid":"cice"},
{"name":"ModelAdvance", "ph":"E", "ts":"1031434557155", "pid":"1", "tid":"cice"},
{"name":"ModelAdvance", "ph":"B", "ts":"1031435848193", "pid":"1", "tid":"cice"},
{"name":"ModelAdvance", "ph":"E", "ts":"1031437330262", "pid":"1", "tid":"cice"},
{"name":"ModelAdvance", "ph":"B", "ts":"1031438593912", "pid":"1", "tid":"cice"},
{"name":"ModelAdvance", "ph":"E", "ts":"1031440076156", "pid":"1", "tid":"cice"},
{"name":"ModelAdvance", "ph":"B", "ts":"1031441347897", "pid":"1", "tid":"cice"},
{"name":"ModelAdvance", "ph":"E", "ts":"1031442811505", "pid":"1", "tid":"cice"},
{"name":"ModelAdvance", "ph":"B", "ts":"1031444171017", "pid":"1", "tid":"cice"},
{"name":"ModelAdvance", "ph":"E", "ts":"1031445652727", "pid":"1", "tid":"cice"},
{"name":"ModelAdvance", "ph":"B", "ts":"1031452133684", "pid":"1", "tid":"cice"},
{"name":"ModelAdvance", "ph":"E", "ts":"1031453605079", "pid":"1", "tid":"cice"},
{"name":"ModelAdvance", "ph":"B", "ts":"1031454909612", "pid":"1", "tid":"cice"},
{"name":"ModelAdvance", "ph":"E", "ts":"1031456372790", "pid":"1", "tid":"cice"},
{"name":"ModelAdvance", "ph":"B", "ts":"1031458171794", "pid":"1", "tid":"cice"},
{"name":"ModelAdvance", "ph":"E", "ts":"1031459652341", "pid":"1", "tid":"cice"},
{"name":"ModelAdvance", "ph":"B", "ts":"1031461410951", "pid":"1", "tid":"cice"},
{"name":"ModelAdvance", "ph":"E", "ts":"1031462900120", "pid":"1", "tid":"cice"},
{"name":"ModelAdvance", "ph":"B", "ts":"1031464408179", "pid":"1", "tid":"cice"},
{"name":"ModelAdvance", "ph":"E", "ts":"1031465863858", "pid":"1", "tid":"cice"},
{"name":"ModelAdvance", "ph":"B", "ts":"1031467178387", "pid":"1", "tid":"cice"},
{"name":"ModelAdvance", "ph":"E", "ts":"1031468643730", "pid":"1", "tid":"cice"},
{"name":"ModelAdvance", "ph":"B", "ts":"1031475105010", "pid":"1", "tid":"cice"},
{"name":"ModelAdvance", "ph":"E", "ts":"1031476560901", "pid":"1", "tid":"cice"},
{"name":"ModelAdvance", "ph":"B", "ts":"1031477967223", "pid":"1", "tid":"cice"},
{"name":"ModelAdvance", "ph":"E", "ts":"1031479416670", "pid":"1", "tid":"cice"},
{"name":"ModelAdvance", "ph":"B", "ts":"1031480741246", "pid":"1", "tid":"cice"},
{"name":"ModelAdvance", "ph":"E", "ts":"1031482201180", "pid":"1", "tid":"cice"},
{"name":"ModelAdvance", "ph":"B", "ts":"1031483513982", "pid":"1", "tid":"cice"},
{"name":"ModelAdvance", "ph":"E", "ts":"1031484975417", "pid":"1", "tid":"cice"},
{"name":"ModelAdvance", "ph":"B", "ts":"1031486273335", "pid":"1", "tid":"cice"},
{"name":"ModelAdvance", "ph":"E", "ts":"1031487720670", "pid":"1", "tid":"cice"},
{"name":"ModelAdvance", "ph":"B", "ts":"1031489107957", "pid":"1", "tid":"cice"},
{"name":"ModelAdvance", "ph":"E", "ts":"1031490562425", "pid":"1", "tid":"cice"},
{"name":"ModelAdvance", "ph":"B", "ts":"1031496907240", "pid":"1", "tid":"cice"},
{"name":"ModelAdvance", "ph":"E", "ts":"1031498361960", "pid":"1", "tid":"cice"},
{"name":"ModelAdvance", "ph":"B", "ts":"1031499670945", "pid":"1", "tid":"cice"},
{"name":"ModelAdvance", "ph":"E", "ts":"1031501117546", "pid":"1", "tid":"cice"},
{"name":"ModelAdvance", "ph":"B", "ts":"1031502468930", "pid":"1", "tid":"cice"},
{"name":"ModelAdvance", "ph":"E", "ts":"1031503924157", "pid":"1", "tid":"cice"},
{"name":"ModelAdvance", "ph":"B", "ts":"1031505232033", "pid":"1", "tid":"cice"},
{"name":"ModelAdvance", "ph":"E", "ts":"1031506685665", "pid":"1", "tid":"cice"},
{"name":"ModelAdvance", "ph":"B", "ts":"1031508026281", "pid":"1", "tid":"cice"},
{"name":"ModelAdvance", "ph":"E", "ts":"1031511736693", "pid":"1", "tid":"cice"},
{"name":"ModelAdvance", "ph":"B", "ts":"1031528832733", "pid":"1", "tid":"cice"},
{"name":"ModelAdvance", "ph":"E", "ts":"1031530299835", "pid":"1", "tid":"cice"},
{"name":"ModelAdvance", "ph":"B", "ts":"1031536688872", "pid":"1", "tid":"cice"},
{"name":"ModelAdvance", "ph":"E", "ts":"1031538143320", "pid":"1", "tid":"cice"},
{"name":"ModelAdvance", "ph":"B", "ts":"1031539587343", "pid":"1", "tid":"cice"},
{"name":"ModelAdvance", "ph":"E", "ts":"1031541034264", "pid":"1", "tid":"cice"},
{"name":"ModelAdvance", "ph":"B", "ts":"1031542358027", "pid":"1", "tid":"cice"},
{"name":"ModelAdvance", "ph":"E", "ts":"1031543810855", "pid":"1", "tid":"cice"},
{"name":"ModelAdvance", "ph":"B", "ts":"1031545105423", "pid":"1", "tid":"cice"},
{"name":"ModelAdvance", "ph":"E", "ts":"1031546564758", "pid":"1", "tid":"cice"},
{"name":"ModelAdvance", "ph":"B", "ts":"1031547865107", "pid":"1", "tid":"cice"},
{"name":"ModelAdvance", "ph":"E", "ts":"1031549311692", "pid":"1", "tid":"cice"},
{"name":"ModelAdvance", "ph":"B", "ts":"1031550619807", "pid":"1", "tid":"cice"},
{"name":"ModelAdvance", "ph":"E", "ts":"1031552071488", "pid":"1", "tid":"cice"},
{"name":"ModelAdvance", "ph":"B", "ts":"1031558422146", "pid":"1", "tid":"cice"},
{"name":"ModelAdvance", "ph":"E", "ts":"1031559875975", "pid":"1", "tid":"cice"},
{"name":"ModelAdvance", "ph":"B", "ts":"1031561146599", "pid":"1", "tid":"cice"},
{"name":"ModelAdvance", "ph":"E", "ts":"1031562699157", "pid":"1", "tid":"cice"},
{"name":"ModelAdvance", "ph":"B", "ts":"1031563919055", "pid":"1", "tid":"cice"},
{"name":"ModelAdvance", "ph":"E", "ts":"1031565373552", "pid":"1", "tid":"cice"},
{"name":"ModelAdvance", "ph":"B", "ts":"1031566633565", "pid":"1", "tid":"cice"},
{"name":"ModelAdvance", "ph":"E", "ts":"1031568110760", "pid":"1", "tid":"cice"},
{"name":"ModelAdvance", "ph":"B", "ts":"1031569412915", "pid":"1", "tid":"cice"},
{"name":"ModelAdvance", "ph":"E", "ts":"1031570866146", "pid":"1", "tid":"cice"},
{"name":"ModelAdvance", "ph":"B", "ts":"1031572329400", "pid":"1", "tid":"cice"},
{"name":"ModelAdvance", "ph":"E", "ts":"1031573783730", "pid":"1", "tid":"cice"},
{"name":"ModelAdvance", "ph":"B", "ts":"1031580128479", "pid":"1", "tid":"cice"},
{"name":"ModelAdvance", "ph":"E", "ts":"1031581585782", "pid":"1", "tid":"cice"},
{"name":"ModelAdvance", "ph":"B", "ts":"1031582840807", "pid":"1", "tid":"cice"},
{"name":"ModelAdvance", "ph":"E", "ts":"1031584287374", "pid":"1", "tid":"cice"},
{"name":"ModelAdvance", "ph":"B", "ts":"1031585568718", "pid":"1", "tid":"cice"},
{"name":"ModelAdvance", "ph":"E", "ts":"1031587022361", "pid":"1", "tid":"cice"},
{"name":"ModelAdvance", "ph":"B", "ts":"1031588296317", "pid":"1", "tid":"cice"},
{"name":"ModelAdvance", "ph":"E", "ts":"1031589749259", "pid":"1", "tid":"cice"},
{"name":"ModelAdvance", "ph":"B", "ts":"1031591016464", "pid":"1", "tid":"cice"},
{"name":"ModelAdvance", "ph":"E", "ts":"1031592461750", "pid":"1", "tid":"cice"},
{"name":"ModelAdvance", "ph":"B", "ts":"1031593745915", "pid":"1", "tid":"cice"},
{"name":"ModelAdvance", "ph":"E", "ts":"1031595200595", "pid":"1", "tid":"cice"},
{"name":"ModelAdvance", "ph":"B", "ts":"1031601620735", "pid":"1", "tid":"cice"},
{"name":"ModelAdvance", "ph":"E", "ts":"1031603073912", "pid":"1", "tid":"cice"},
{"name":"ModelAdvance", "ph":"B", "ts":"1031604330871", "pid":"1", "tid":"cice"},
{"name":"ModelAdvance", "ph":"E", "ts":"1031605777320", "pid":"1", "tid":"cice"},
{"name":"ModelAdvance", "ph":"B", "ts":"1031607126886", "pid":"1", "tid":"cice"},
{"name":"ModelAdvance", "ph":"E", "ts":"1031608580095", "pid":"1", "tid":"cice"},
{"name":"ModelAdvance", "ph":"B", "ts":"1031609843217", "pid":"1", "tid":"cice"},
{"name":"ModelAdvance", "ph":"E", "ts":"1031611297061", "pid":"1", "tid":"cice"},
{"name":"ModelAdvance", "ph":"B", "ts":"1031612616031", "pid":"1", "tid":"cice"},
{"name":"ModelAdvance", "ph":"E", "ts":"1031614063464", "pid":"1", "tid":"cice"},
{"name":"ModelAdvance", "ph":"B", "ts":"1031615530548", "pid":"1", "tid":"cice"},
{"name":"ModelAdvance", "ph":"E", "ts":"1031616977014", "pid":"1", "tid":"cice"},
{"name":"ModelAdvance", "ph":"B", "ts":"1031623379765", "pid":"1", "tid":"cice"},
{"name":"ModelAdvance", "ph":"E", "ts":"1031624829220", "pid":"1", "tid":"cice"},
{"name":"ModelAdvance", "ph":"B", "ts":"1031626084266", "pid":"1", "tid":"cice"},
{"name":"ModelAdvance", "ph":"E", "ts":"1031627525024", "pid":"1", "tid":"cice"},
{"name":"ModelAdvance", "ph":"B", "ts":"1031628786879", "pid":"1", "tid":"cice"},
{"name":"ModelAdvance", "ph":"E", "ts":"1031630236394", "pid":"1", "tid":"cice"},
{"name":"ModelAdvance", "ph":"B", "ts":"1031631498522", "pid":"1", "tid":"cice"},
{"name":"ModelAdvance", "ph":"E", "ts":"1031632943410", "pid":"1", "tid":"cice"},
{"name":"ModelAdvance", "ph":"B", "ts":"1031634197646", "pid":"1", "tid":"cice"},
{"name":"ModelAdvance", "ph":"E", "ts":"1031635631871", "pid":"1", "tid":"cice"},
{"name":"ModelAdvance", "ph":"B", "ts":"1031636917212", "pid":"1", "tid":"cice"},
{"name":"ModelAdvance", "ph":"E", "ts":"1031638349998", "pid":"1", "tid":"cice"},
{"name":"ModelAdvance", "ph":"B", "ts":"1031644881472", "pid":"1", "tid":"cice"},
{"name":"ModelAdvance", "ph":"E", "ts":"1031646323348", "pid":"1", "tid":"cice"},
{"name":"ModelAdvance", "ph":"B", "ts":"1031647576645", "pid":"1", "tid":"cice"},
{"name":"ModelAdvance", "ph":"E", "ts":"1031648997635", "pid":"1", "tid":"cice"},
{"name":"ModelAdvance", "ph":"B", "ts":"1031650281932", "pid":"1", "tid":"cice"},
{"name":"ModelAdvance", "ph":"E", "ts":"1031651698624", "pid":"1", "tid":"cice"},
{"name":"ModelAdvance", "ph":"B", "ts":"1031652989506", "pid":"1", "tid":"cice"},
{"name":"ModelAdvance", "ph":"E", "ts":"1031654406166", "pid":"1", "tid":"cice"},
{"name":"ModelAdvance", "ph":"B", "ts":"1031655693544", "pid":"1", "tid":"cice"},
{"name":"ModelAdvance", "ph":"E", "ts":"1031657099196", "pid":"1", "tid":"cice"},
{"name":"ModelAdvance", "ph":"B", "ts":"1031658595216", "pid":"1", "tid":"cice"},
{"name":"ModelAdvance", "ph":"E", "ts":"1031660006668", "pid":"1", "tid":"cice"},
{"name":"ModelAdvance", "ph":"B", "ts":"1031666682069", "pid":"1", "tid":"cice"},
{"name":"ModelAdvance", "ph":"E", "ts":"1031668095774", "pid":"1", "tid":"cice"},
{"name":"ModelAdvance", "ph":"B", "ts":"1031669385380", "pid":"1", "tid":"cice"},
{"name":"ModelAdvance", "ph":"E", "ts":"1031670787787", "pid":"1", "tid":"cice"},
{"name":"ModelAdvance", "ph":"B", "ts":"1031672231292", "pid":"1", "tid":"cice"},
{"name":"ModelAdvance", "ph":"E", "ts":"1031673641804", "pid":"1", "tid":"cice"},
{"name":"ModelAdvance", "ph":"B", "ts":"1031674930562", "pid":"1", "tid":"cice"},
{"name":"ModelAdvance", "ph":"E", "ts":"1031676343466", "pid":"1", "tid":"cice"},
{"name":"ModelAdvance", "ph":"B", "ts":"1031677639431", "pid":"1", "tid":"cice"},
{"name":"ModelAdvance", "ph":"E", "ts":"1031679040538", "pid":"1", "tid":"cice"},
{"name":"ModelAdvance", "ph":"B", "ts":"1031680366249", "pid":"1", "tid":"cice"},
{"name":"ModelAdvance", "ph":"E", "ts":"1031681775726", "pid":"1", "tid":"cice"},
{"name":"ModelAdvance", "ph":"B", "ts":"1031688305655", "pid":"1", "tid":"cice"},
{"name":"ModelAdvance", "ph":"E", "ts":"1031689721049", "pid":"1", "tid":"cice"},
{"name":"ModelAdvance", "ph":"B", "ts":"1031691017976", "pid":"1", "tid":"cice"},
{"name":"ModelAdvance", "ph":"E", "ts":"1031692426231", "pid":"1", "tid":"cice"},
{"name":"ModelAdvance", "ph":"B", "ts":"1031693735376", "pid":"1", "tid":"cice"},
{"name":"ModelAdvance", "ph":"E", "ts":"1031695146920", "pid":"1", "tid":"cice"},
{"name":"ModelAdvance", "ph":"B", "ts":"1031696465752", "pid":"1", "tid":"cice"},
{"name":"ModelAdvance", "ph":"E", "ts":"1031697882350", "pid":"1", "tid":"cice"},
{"name":"ModelAdvance", "ph":"B", "ts":"1031699506738", "pid":"1", "tid":"cice"},
{"name":"ModelAdvance", "ph":"E", "ts":"1031700914708", "pid":"1", "tid":"cice"},
{"name":"ModelAdvance", "ph":"B", "ts":"1031702218907", "pid":"1", "tid":"cice"},
{"name":"ModelAdvance", "ph":"E", "ts":"1031703633285", "pid":"1", "tid":"cice"},
{"name":"ModelAdvance", "ph":"B", "ts":"1031710201197", "pid":"1", "tid":"cice"},
{"name":"ModelAdvance", "ph":"E", "ts":"1031711613526", "pid":"1", "tid":"cice"},
{"name":"ModelAdvance", "ph":"B", "ts":"1031713009826", "pid":"1", "tid":"cice"},
{"name":"ModelAdvance", "ph":"E", "ts":"1031714412690", "pid":"1", "tid":"cice"},
{"name":"ModelAdvance", "ph":"B", "ts":"1031715738863", "pid":"1", "tid":"cice"},
{"name":"ModelAdvance", "ph":"E", "ts":"1031717156151", "pid":"1", "tid":"cice"},
{"name":"ModelAdvance", "ph":"B", "ts":"1031718565383", "pid":"1", "tid":"cice"},
{"name":"ModelAdvance", "ph":"E", "ts":"1031719998395", "pid":"1", "tid":"cice"},
{"name":"ModelAdvance", "ph":"B", "ts":"1031721285536", "pid":"1", "tid":"cice"},
{"name":"ModelAdvance", "ph":"E", "ts":"1031722685363", "pid":"1", "tid":"cice"},
{"name":"ModelAdvance", "ph":"B", "ts":"1031724002260", "pid":"1", "tid":"cice"},
{"name":"ModelAdvance", "ph":"E", "ts":"1031725416718", "pid":"1", "tid":"cice"},
{"name":"ModelAdvance", "ph":"B", "ts":"1031731968381", "pid":"1", "tid":"cice"},
{"name":"ModelAdvance", "ph":"E", "ts":"1031733376712", "pid":"1", "tid":"cice"},
{"name":"ModelAdvance", "ph":"B", "ts":"1031734674527", "pid":"1", "tid":"cice"},
{"name":"ModelAdvance", "ph":"E", "ts":"1031736079808", "pid":"1", "tid":"cice"},
{"name":"ModelAdvance", "ph":"B", "ts":"1031737401309", "pid":"1", "tid":"cice"},
{"name":"ModelAdvance", "ph":"E", "ts":"1031738815605", "pid":"1", "tid":"cice"},
{"name":"ModelAdvance", "ph":"B", "ts":"1031740129366", "pid":"1", "tid":"cice"},
{"name":"ModelAdvance", "ph":"E", "ts":"1031741549876", "pid":"1", "tid":"cice"},
{"name":"ModelAdvance", "ph":"B", "ts":"1031742842735", "pid":"1", "tid":"cice"},
{"name":"ModelAdvance", "ph":"E", "ts":"1031744257640", "pid":"1", "tid":"cice"},
{"name":"ModelAdvance", "ph":"B", "ts":"1031745586325", "pid":"1", "tid":"cice"},
{"name":"ModelAdvance", "ph":"E", "ts":"1031747013634", "pid":"1", "tid":"cice"},
{"name":"ModelAdvance", "ph":"B", "ts":"1031753541749", "pid":"1", "tid":"cice"},
{"name":"ModelAdvance", "ph":"E", "ts":"1031754981639", "pid":"1", "tid":"cice"},
{"name":"ModelAdvance", "ph":"B", "ts":"1031756713183", "pid":"1", "tid":"cice"},
{"name":"ModelAdvance", "ph":"E", "ts":"1031758151646", "pid":"1", "tid":"cice"},
{"name":"ModelAdvance", "ph":"B", "ts":"1031759419886", "pid":"1", "tid":"cice"},
{"name":"ModelAdvance", "ph":"E", "ts":"1031760879394", "pid":"1", "tid":"cice"},
{"name":"ModelAdvance", "ph":"B", "ts":"1031762127511", "pid":"1", "tid":"cice"},
{"name":"ModelAdvance", "ph":"E", "ts":"1031763587195", "pid":"1", "tid":"cice"},
{"name":"ModelAdvance", "ph":"B", "ts":"1031764951597", "pid":"1", "tid":"cice"},
{"name":"ModelAdvance", "ph":"E", "ts":"1031766398964", "pid":"1", "tid":"cice"},
{"name":"ModelAdvance", "ph":"B", "ts":"1031767672954", "pid":"1", "tid":"cice"},
{"name":"ModelAdvance", "ph":"E", "ts":"1031769130243", "pid":"1", "tid":"cice"},
{"name":"ModelAdvance", "ph":"B", "ts":"1031775463114", "pid":"1", "tid":"cice"},
{"name":"ModelAdvance", "ph":"E", "ts":"1031776919378", "pid":"1", "tid":"cice"},
{"name":"ModelAdvance", "ph":"B", "ts":"1031778167309", "pid":"1", "tid":"cice"},
{"name":"ModelAdvance", "ph":"E", "ts":"1031779616286", "pid":"1", "tid":"cice"},
{"name":"ModelAdvance", "ph":"B", "ts":"1031780882078", "pid":"1", "tid":"cice"},
{"name":"ModelAdvance", "ph":"E", "ts":"1031782337428", "pid":"1", "tid":"cice"},
{"name":"ModelAdvance", "ph":"B", "ts":"1031783602900", "pid":"1", "tid":"cice"},
{"name":"ModelAdvance", "ph":"E", "ts":"1031785058258", "pid":"1", "tid":"cice"},
{"name":"ModelAdvance", "ph":"B", "ts":"1031786395083", "pid":"1", "tid":"cice"},
{"name":"ModelAdvance", "ph":"E", "ts":"1031791077906", "pid":"1", "tid":"cice"},
{"name":"ModelFinalize", "ph":"B", "ts":"1031791085756", "pid":"1", "tid":"cice"},
{"name":"ModelFinalize", "ph":"E", "ts":"1031791085785", "pid":"1", "tid":"cice"}
]
