[
{"name":"SetServices", "ph":"B", "ts":"2006770956", "pid":"1", "tid":"cmeps"},
{"name":"SetServices", "ph":"E", "ts":"2006774807", "pid":"1", "tid":"cmeps"},
{"name":"SetServices", "ph":"B", "ts":"2006779195", "pid":"1", "tid":"ufsatm"},
{"name":"SetServices", "ph":"E", "ts":"2006779708", "pid":"1", "tid":"ufsatm"},
{"name":"InitializeP0", "ph":"B", "ts":"2006803231", "pid":"1", "tid":"cmeps"},
{"name":"InitializeP0", "ph":"E", "ts":"2006807183", "pid":"1", "tid":"cmeps"},
{"name":"AdvertiseFields", "ph":"B", "ts":"2006835582", "pid":"1", "tid":"cmeps"},
{"name":"AdvertiseFields", "ph":"E", "ts":"2006866461", "pid":"1", "tid":"cmeps"},
{"name":"InitializeAdvertise", "ph":"B", "ts":"2006866611", "pid":"1", "tid":"ufsatm"},
{"name":"fcst_initialize", "ph":"B", "ts":"2006880973", "pid":"1", "tid":"fv3"},
{"name":"fcst_initialize", "ph":"E", "ts":"2044281126", "pid":"1", "tid":"fv3"},
{"name":"fcst_advertise", "ph":"B", "ts":"2045040667", "pid":"1", "tid":"fv3"},
{"name":"fcst_advertise", "ph":"E", "ts":"2045069441", "pid":"1", "tid":"fv3"},
{"name":"InitializeAdvertise", "ph":"E", "ts":"2045071170", "pid":"1", "tid":"ufsatm"},
{"name":"RealizeFieldsWithTransferProvided", "ph":"B", "ts":"2045493553", "pid":"1", "tid":"cmeps"},
{"name":"RealizeFieldsWithTransferProvided", "ph":"E", "ts":"2045511748", "pid":"1", "tid":"cmeps"},
{"name":"InitializeRealize", "ph":"B", "ts":"2045511914", "pid":"1", "tid":"ufsatm"},
{"name":"fcst_realize", "ph":"B", "ts":"2045511943", "pid":"1", "tid":"fv3"},
{"name":"fcst_realize", "ph":"E", "ts":"2045519961", "pid":"1", "tid":"fv3"},
{"name":"InitializeRealize", "ph":"E", "ts":"2045519979", "pid":"1", "tid":"ufsatm"},
{"name":"ModifyDecompofMesh", "ph":"B", "ts":"2050603662", "pid":"1", "tid":"cmeps"},
{"name":"ModifyDecompofMesh", "ph":"E", "ts":"2050886528", "pid":"1", "tid":"cmeps"},
{"name":"RealizeFieldsWithTransferAccept", "ph":"B", "ts":"2051731531", "pid":"1", "tid":"cmeps"},
{"name":"RealizeFieldsWithTransferAccept", "ph":"E", "ts":"2051884397", "pid":"1", "tid":"cmeps"},
{"name":"DataInitialize", "ph":"B", "ts":"2052766511", "pid":"1", "tid":"cmeps"},
{"name":"DataInitialize", "ph":"E", "ts":"2058371357", "pid":"1", "tid":"cmeps"},
{"name":"DataInitialize", "ph":"B", "ts":"2058384743", "pid":"1", "tid":"cmeps"},
{"name":"med_phases_ocnalb_run", "ph":"B", "ts":"2059199598", "pid":"1", "tid":"cmeps"},
{"name":"med_phases_ocnalb_run", "ph":"E", "ts":"2059203221", "pid":"1", "tid":"cmeps"},
{"name":"med_phases_post_atm", "ph":"B", "ts":"2059205557", "pid":"1", "tid":"cmeps"},
{"name":"med_phases_post_atm", "ph":"E", "ts":"2059216739", "pid":"1", "tid":"cmeps"},
{"name":"med_phases_post_ice", "ph":"B", "ts":"2059216866", "pid":"1", "tid":"cmeps"},
{"name":"med_phases_post_ice", "ph":"E", "ts":"2059222262", "pid":"1", "tid":"cmeps"},
{"name":"med_phases_post_ocn", "ph":"B", "ts":"2059222332", "pid":"1", "tid":"cmeps"},
{"name":"med_phases_post_ocn", "ph":"E", "ts":"2059225286", "pid":"1", "tid":"cmeps"},
{"name":"DataInitialize", "ph":"E", "ts":"2059225798", "pid":"1", "tid":"cmeps"},
{"name":"med_phases_prep_ocn_avg", "ph":"B", "ts":"2059228368", "pid":"1", "tid":"cmeps"},
{"name":"med_phases_prep_ocn_avg", "ph":"E", "ts":"2059230086", "pid":"1", "tid":"cmeps"},
{"name":"med_phases_prep_atm", "ph":"B", "ts":"2059232803", "pid":"1", "tid":"cmeps"},
{"name":"med_phases_prep_atm", "ph":"E", "ts":"2059243778", "pid":"1", "tid":"cmeps"},
{"name":"med_phases_prep_ice", "ph":"B", "ts":"2059244206", "pid":"1", "tid":"cmeps"},
{"name":"med_phases_prep_ice", "ph":"E", "ts":"2059245449", "pid":"1", "tid":"cmeps"},
{"name":"ModelAdvance", "ph":"B", "ts":"2059250356", "pid":"1", "tid":"ufsatm"},
{"name":"ModelAdvance_phase1", "ph":"B", "ts":"2059250372", "pid":"1", "tid":"ufsatm"},
{"name":"fcst_run_phase_1", "ph":"B", "ts":"2059250498", "pid":"1", "tid":"fv3"},
{"name":"fcst_run_phase_1", "ph":"E", "ts":"2068390161", "pid":"1", "tid":"fv3"},
{"name":"ModelAdvance_phase1", "ph":"E", "ts":"2068390231", "pid":"1", "tid":"ufsatm"},
{"name":"ModelAdvance_phase2", "ph":"B", "ts":"2068390803", "pid":"1", "tid":"ufsatm"},
{"name":"fcst_run_phase_2", "ph":"B", "ts":"2068390844", "pid":"1", "tid":"fv3"},
{"name":"fcst_run_phase_2", "ph":"E", "ts":"2071159042", "pid":"1", "tid":"fv3"},
{"name":"ModelAdvance_phase2", "ph":"E", "ts":"2071265153", "pid":"1", "tid":"ufsatm"},
{"name":"ModelAdvance", "ph":"E", "ts":"2071265206", "pid":"1", "tid":"ufsatm"},
{"name":"med_phases_post_atm", "ph":"B", "ts":"2071266543", "pid":"1", "tid":"cmeps"},
{"name":"med_phases_history_write_comp", "ph":"B", "ts":"2071277544", "pid":"1", "tid":"cmeps"},
{"name":"med_phases_history_write_comp", "ph":"E", "ts":"2071277712", "pid":"1", "tid":"cmeps"},
{"name":"med_phases_post_atm", "ph":"E", "ts":"2071277719", "pid":"1", "tid":"cmeps"},
{"name":"med_phases_post_ice", "ph":"B", "ts":"2071281693", "pid":"1", "tid":"cmeps"},
{"name":"med_phases_history_write_comp", "ph":"B", "ts":"2071301399", "pid":"1", "tid":"cmeps"},
{"name":"med_phases_history_write_comp", "ph":"E", "ts":"2071301512", "pid":"1", "tid":"cmeps"},
{"name":"med_phases_post_ice", "ph":"E", "ts":"2071301518", "pid":"1", "tid":"cmeps"},
{"name":"med_phases_ocnalb_run", "ph":"B", "ts":"2071301660", "pid":"1", "tid":"cmeps"},
{"name":"med_phases_history_write_med", "ph":"B", "ts":"2071302369", "pid":"1", "tid":"cmeps"},
{"name":"med_phases_history_write_med", "ph":"E", "ts":"2071302396", "pid":"1", "tid":"cmeps"},
{"name":"med_phases_ocnalb_run", "ph":"E", "ts":"2071302401", "pid":"1", "tid":"cmeps"},
{"name":"med_phases_prep_ocn_accum", "ph":"B", "ts":"2071302536", "pid":"1", "tid":"cmeps"},
{"name":"med_phases_prep_ocn_accum", "ph":"E", "ts":"2071305162", "pid":"1", "tid":"cmeps"},
{"name":"med_phases_prep_atm", "ph":"B", "ts":"2071305317", "pid":"1", "tid":"cmeps"},
{"name":"med_phases_prep_atm", "ph":"E", "ts":"2071311607", "pid":"1", "tid":"cmeps"},
{"name":"med_phases_prep_ice", "ph":"B", "ts":"2071311945", "pid":"1", "tid":"cmeps"},
{"name":"med_phases_prep_ice", "ph":"E", "ts":"2071313418", "pid":"1", "tid":"cmeps"},
{"name":"ModelAdvance", "ph":"B", "ts":"2071317694", "pid":"1", "tid":"ufsatm"},
{"name":"ModelAdvance_phase1", "ph":"B", "ts":"2071317714", "pid":"1", "tid":"ufsatm"},
{"name":"fcst_run_phase_1", "ph":"B", "ts":"2071317771", "pid":"1", "tid":"fv3"},
{"name":"fcst_run_phase_1", "ph":"E", "ts":"2072744212", "pid":"1", "tid":"fv3"},
{"name":"ModelAdvance_phase1", "ph":"E", "ts":"2072744279", "pid":"1", "tid":"ufsatm"},
{"name":"ModelAdvance_phase2", "ph":"B", "ts":"2072744285", "pid":"1", "tid":"ufsatm"},
{"name":"fcst_run_phase_2", "ph":"B", "ts":"2072744314", "pid":"1", "tid":"fv3"},
{"name":"fcst_run_phase_2", "ph":"E", "ts":"2073524795", "pid":"1", "tid":"fv3"},
{"name":"ModelAdvance_phase2", "ph":"E", "ts":"2073524865", "pid":"1", "tid":"ufsatm"},
{"name":"ModelAdvance", "ph":"E", "ts":"2073524871", "pid":"1", "tid":"ufsatm"},
{"name":"med_phases_post_atm", "ph":"B", "ts":"2073525795", "pid":"1", "tid":"cmeps"},
{"name":"med_phases_history_write_comp", "ph":"B", "ts":"2073535791", "pid":"1", "tid":"cmeps"},
{"name":"med_phases_history_write_comp", "ph":"E", "ts":"2073535881", "pid":"1", "tid":"cmeps"},
{"name":"med_phases_post_atm", "ph":"E", "ts":"2073535888", "pid":"1", "tid":"cmeps"},
{"name":"med_phases_post_ice", "ph":"B", "ts":"2073538378", "pid":"1", "tid":"cmeps"},
{"name":"med_phases_history_write_comp", "ph":"B", "ts":"2073556936", "pid":"1", "tid":"cmeps"},
{"name":"med_phases_history_write_comp", "ph":"E", "ts":"2073556982", "pid":"1", "tid":"cmeps"},
{"name":"med_phases_post_ice", "ph":"E", "ts":"2073556988", "pid":"1", "tid":"cmeps"},
{"name":"med_phases_ocnalb_run", "ph":"B", "ts":"2073557176", "pid":"1", "tid":"cmeps"},
{"name":"med_phases_history_write_med", "ph":"B", "ts":"2073557801", "pid":"1", "tid":"cmeps"},
{"name":"med_phases_history_write_med", "ph":"E", "ts":"2073557824", "pid":"1", "tid":"cmeps"},
{"name":"med_phases_ocnalb_run", "ph":"E", "ts":"2073557831", "pid":"1", "tid":"cmeps"},
{"name":"med_phases_prep_ocn_accum", "ph":"B", "ts":"2073558058", "pid":"1", "tid":"cmeps"},
{"name":"med_phases_prep_ocn_accum", "ph":"E", "ts":"2073560309", "pid":"1", "tid":"cmeps"},
{"name":"med_phases_prep_atm", "ph":"B", "ts":"2073560441", "pid":"1", "tid":"cmeps"},
{"name":"med_phases_prep_atm", "ph":"E", "ts":"2073566069", "pid":"1", "tid":"cmeps"},
{"name":"med_phases_prep_ice", "ph":"B", "ts":"2073566365", "pid":"1", "tid":"cmeps"},
{"name":"med_phases_prep_ice", "ph":"E", "ts":"2073567957", "pid":"1", "tid":"cmeps"},
{"name":"ModelAdvance", "ph":"B", "ts":"2073572068", "pid":"1", "tid":"ufsatm"},
{"name":"ModelAdvance_phase1", "ph":"B", "ts":"2073572086", "pid":"1", "tid":"ufsatm"},
{"name":"fcst_run_phase_1", "ph":"B", "ts":"2073572207", "pid":"1", "tid":"fv3"},
{"name":"fcst_run_phase_1", "ph":"E", "ts":"2074965744", "pid":"1", "tid":"fv3"},
{"name":"ModelAdvance_phase1", "ph":"E", "ts":"2074965812", "pid":"1", "tid":"ufsatm"},
{"name":"ModelAdvance_phase2", "ph":"B", "ts":"2074965818", "pid":"1", "tid":"ufsatm"},
{"name":"fcst_run_phase_2", "ph":"B", "ts":"2074965846", "pid":"1", "tid":"fv3"},
{"name":"fcst_run_phase_2", "ph":"E", "ts":"2075679651", "pid":"1", "tid":"fv3"},
{"name":"ModelAdvance_phase2", "ph":"E", "ts":"2075679721", "pid":"1", "tid":"ufsatm"},
{"name":"ModelAdvance", "ph":"E", "ts":"2075679727", "pid":"1", "tid":"ufsatm"},
{"name":"med_phases_post_atm", "ph":"B", "ts":"2075680803", "pid":"1", "tid":"cmeps"},
{"name":"med_phases_history_write_comp", "ph":"B", "ts":"2075690897", "pid":"1", "tid":"cmeps"},
{"name":"med_phases_history_write_comp", "ph":"E", "ts":"2075690970", "pid":"1", "tid":"cmeps"},
{"name":"med_phases_post_atm", "ph":"E", "ts":"2075690978", "pid":"1", "tid":"cmeps"},
{"name":"med_phases_post_ice", "ph":"B", "ts":"2075693596", "pid":"1", "tid":"cmeps"},
{"name":"med_phases_history_write_comp", "ph":"B", "ts":"2075711228", "pid":"1", "tid":"cmeps"},
{"name":"med_phases_history_write_comp", "ph":"E", "ts":"2075711270", "pid":"1", "tid":"cmeps"},
{"name":"med_phases_post_ice", "ph":"E", "ts":"2075711275", "pid":"1", "tid":"cmeps"},
{"name":"med_phases_ocnalb_run", "ph":"B", "ts":"2075711437", "pid":"1", "tid":"cmeps"},
{"name":"med_phases_history_write_med", "ph":"B", "ts":"2075712058", "pid":"1", "tid":"cmeps"},
{"name":"med_phases_history_write_med", "ph":"E", "ts":"2075712083", "pid":"1", "tid":"cmeps"},
{"name":"med_phases_ocnalb_run", "ph":"E", "ts":"2075712089", "pid":"1", "tid":"cmeps"},
{"name":"med_phases_prep_ocn_accum", "ph":"B", "ts":"2075712309", "pid":"1", "tid":"cmeps"},
{"name":"med_phases_prep_ocn_accum", "ph":"E", "ts":"2075714833", "pid":"1", "tid":"cmeps"},
{"name":"med_phases_post_ocn", "ph":"B", "ts":"2075715950", "pid":"1", "tid":"cmeps"},
{"name":"med_phases_history_write_comp", "ph":"B", "ts":"2075716727", "pid":"1", "tid":"cmeps"},
{"name":"med_phases_history_write_comp", "ph":"E", "ts":"2075716855", "pid":"1", "tid":"cmeps"},
{"name":"med_phases_post_ocn", "ph":"E", "ts":"2075716862", "pid":"1", "tid":"cmeps"},
{"name":"med_phases_restart_write", "ph":"B", "ts":"2075717026", "pid":"1", "tid":"cmeps"},
{"name":"med_phases_restart_write", "ph":"E", "ts":"2075722646", "pid":"1", "tid":"cmeps"},
{"name":"med_phases_prep_ocn_avg", "ph":"B", "ts":"2075722775", "pid":"1", "tid":"cmeps"},
{"name":"med_phases_prep_ocn_avg", "ph":"E", "ts":"2075723394", "pid":"1", "tid":"cmeps"},
{"name":"med_phases_prep_atm", "ph":"B", "ts":"2075723924", "pid":"1", "tid":"cmeps"},
{"name":"med_phases_prep_atm", "ph":"E", "ts":"2075739138", "pid":"1", "tid":"cmeps"},
{"name":"med_phases_prep_ice", "ph":"B", "ts":"2075739455", "pid":"1", "tid":"cmeps"},
{"name":"med_phases_prep_ice", "ph":"E", "ts":"2075741044", "pid":"1", "tid":"cmeps"},
{"name":"ModelAdvance", "ph":"B", "ts":"2075745286", "pid":"1", "tid":"ufsatm"},
{"name":"ModelAdvance_phase1", "ph":"B", "ts":"2075745309", "pid":"1", "tid":"ufsatm"},
{"name":"fcst_run_phase_1", "ph":"B", "ts":"2075745505", "pid":"1", "tid":"fv3"},
{"name":"fcst_run_phase_1", "ph":"E", "ts":"2077134741", "pid":"1", "tid":"fv3"},
{"name":"ModelAdvance_phase1", "ph":"E", "ts":"2077134815", "pid":"1", "tid":"ufsatm"},
{"name":"ModelAdvance_phase2", "ph":"B", "ts":"2077134821", "pid":"1", "tid":"ufsatm"},
{"name":"fcst_run_phase_2", "ph":"B", "ts":"2077134855", "pid":"1", "tid":"fv3"},
{"name":"fcst_run_phase_2", "ph":"E", "ts":"2077800391", "pid":"1", "tid":"fv3"},
{"name":"ModelAdvance_phase2", "ph":"E", "ts":"2077800460", "pid":"1", "tid":"ufsatm"},
{"name":"ModelAdvance", "ph":"E", "ts":"2077800467", "pid":"1", "tid":"ufsatm"},
{"name":"med_phases_post_atm", "ph":"B", "ts":"2077801545", "pid":"1", "tid":"cmeps"},
{"name":"med_phases_history_write_comp", "ph":"B", "ts":"2077812247", "pid":"1", "tid":"cmeps"},
{"name":"med_phases_history_write_comp", "ph":"E", "ts":"2077812301", "pid":"1", "tid":"cmeps"},
{"name":"med_phases_post_atm", "ph":"E", "ts":"2077812306", "pid":"1", "tid":"cmeps"},
{"name":"med_phases_post_ice", "ph":"B", "ts":"2077820395", "pid":"1", "tid":"cmeps"},
{"name":"med_phases_history_write_comp", "ph":"B", "ts":"2077828723", "pid":"1", "tid":"cmeps"},
{"name":"med_phases_history_write_comp", "ph":"E", "ts":"2077828780", "pid":"1", "tid":"cmeps"},
{"name":"med_phases_post_ice", "ph":"E", "ts":"2077828787", "pid":"1", "tid":"cmeps"},
{"name":"med_phases_ocnalb_run", "ph":"B", "ts":"2077829000", "pid":"1", "tid":"cmeps"},
{"name":"med_phases_history_write_med", "ph":"B", "ts":"2077829697", "pid":"1", "tid":"cmeps"},
{"name":"med_phases_history_write_med", "ph":"E", "ts":"2077829729", "pid":"1", "tid":"cmeps"},
{"name":"med_phases_ocnalb_run", "ph":"E", "ts":"2077829735", "pid":"1", "tid":"cmeps"},
{"name":"med_phases_prep_ocn_accum", "ph":"B", "ts":"2077829925", "pid":"1", "tid":"cmeps"},
{"name":"med_phases_prep_ocn_accum", "ph":"E", "ts":"2077832170", "pid":"1", "tid":"cmeps"},
{"name":"med_phases_prep_atm", "ph":"B", "ts":"2077832307", "pid":"1", "tid":"cmeps"},
{"name":"med_phases_prep_atm", "ph":"E", "ts":"2077837830", "pid":"1", "tid":"cmeps"},
{"name":"med_phases_prep_ice", "ph":"B", "ts":"2077838213", "pid":"1", "tid":"cmeps"},
{"name":"med_phases_prep_ice", "ph":"E", "ts":"2077839792", "pid":"1", "tid":"cmeps"},
{"name":"ModelAdvance", "ph":"B", "ts":"2077844179", "pid":"1", "tid":"ufsatm"},
{"name":"ModelAdvance_phase1", "ph":"B", "ts":"2077844200", "pid":"1", "tid":"ufsatm"},
{"name":"fcst_run_phase_1", "ph":"B", "ts":"2077844420", "pid":"1", "tid":"fv3"},
{"name":"fcst_run_phase_1", "ph":"E", "ts":"2079221991", "pid":"1", "tid":"fv3"},
{"name":"ModelAdvance_phase1", "ph":"E", "ts":"2079222064", "pid":"1", "tid":"ufsatm"},
{"name":"ModelAdvance_phase2", "ph":"B", "ts":"2079222070", "pid":"1", "tid":"ufsatm"},
{"name":"fcst_run_phase_2", "ph":"B", "ts":"2079222101", "pid":"1", "tid":"fv3"},
{"name":"fcst_run_phase_2", "ph":"E", "ts":"2079837455", "pid":"1", "tid":"fv3"},
{"name":"ModelAdvance_phase2", "ph":"E", "ts":"2079837520", "pid":"1", "tid":"ufsatm"},
{"name":"ModelAdvance", "ph":"E", "ts":"2079837526", "pid":"1", "tid":"ufsatm"},
{"name":"med_phases_post_atm", "ph":"B", "ts":"2079838370", "pid":"1", "tid":"cmeps"},
{"name":"med_phases_history_write_comp", "ph":"B", "ts":"2079848220", "pid":"1", "tid":"cmeps"},
{"name":"med_phases_history_write_comp", "ph":"E", "ts":"2079848303", "pid":"1", "tid":"cmeps"},
{"name":"med_phases_post_atm", "ph":"E", "ts":"2079848309", "pid":"1", "tid":"cmeps"},
{"name":"med_phases_post_ice", "ph":"B", "ts":"2079854420", "pid":"1", "tid":"cmeps"},
{"name":"med_phases_history_write_comp", "ph":"B", "ts":"2079864808", "pid":"1", "tid":"cmeps"},
{"name":"med_phases_history_write_comp", "ph":"E", "ts":"2079864857", "pid":"1", "tid":"cmeps"},
{"name":"med_phases_post_ice", "ph":"E", "ts":"2079864864", "pid":"1", "tid":"cmeps"},
{"name":"med_phases_ocnalb_run", "ph":"B", "ts":"2079865122", "pid":"1", "tid":"cmeps"},
{"name":"med_phases_history_write_med", "ph":"B", "ts":"2079865820", "pid":"1", "tid":"cmeps"},
{"name":"med_phases_history_write_med", "ph":"E", "ts":"2079865838", "pid":"1", "tid":"cmeps"},
{"name":"med_phases_ocnalb_run", "ph":"E", "ts":"2079865843", "pid":"1", "tid":"cmeps"},
{"name":"med_phases_prep_ocn_accum", "ph":"B", "ts":"2079865972", "pid":"1", "tid":"cmeps"},
{"name":"med_phases_prep_ocn_accum", "ph":"E", "ts":"2079868466", "pid":"1", "tid":"cmeps"},
{"name":"med_phases_prep_atm", "ph":"B", "ts":"2079868592", "pid":"1", "tid":"cmeps"},
{"name":"med_phases_prep_atm", "ph":"E", "ts":"2079874350", "pid":"1", "tid":"cmeps"},
{"name":"med_phases_prep_ice", "ph":"B", "ts":"2079874672", "pid":"1", "tid":"cmeps"},
{"name":"med_phases_prep_ice", "ph":"E", "ts":"2079876141", "pid":"1", "tid":"cmeps"},
{"name":"ModelAdvance", "ph":"B", "ts":"2079880656", "pid":"1", "tid":"ufsatm"},
{"name":"ModelAdvance_phase1", "ph":"B", "ts":"2079880674", "pid":"1", "tid":"ufsatm"},
{"name":"fcst_run_phase_1", "ph":"B", "ts":"2079880968", "pid":"1", "tid":"fv3"},
{"name":"fcst_run_phase_1", "ph":"E", "ts":"2081268698", "pid":"1", "tid":"fv3"},
{"name":"ModelAdvance_phase1", "ph":"E", "ts":"2081268785", "pid":"1", "tid":"ufsatm"},
{"name":"ModelAdvance_phase2", "ph":"B", "ts":"2081268792", "pid":"1", "tid":"ufsatm"},
{"name":"fcst_run_phase_2", "ph":"B", "ts":"2081268827", "pid":"1", "tid":"fv3"},
{"name":"fcst_run_phase_2", "ph":"E", "ts":"2081837256", "pid":"1", "tid":"fv3"},
{"name":"ModelAdvance_phase2", "ph":"E", "ts":"2081837324", "pid":"1", "tid":"ufsatm"},
{"name":"ModelAdvance", "ph":"E", "ts":"2081837331", "pid":"1", "tid":"ufsatm"},
{"name":"med_phases_post_atm", "ph":"B", "ts":"2081838284", "pid":"1", "tid":"cmeps"},
{"name":"med_phases_history_write_comp", "ph":"B", "ts":"2081848885", "pid":"1", "tid":"cmeps"},
{"name":"med_phases_history_write_comp", "ph":"E", "ts":"2081848975", "pid":"1", "tid":"cmeps"},
{"name":"med_phases_post_atm", "ph":"E", "ts":"2081848981", "pid":"1", "tid":"cmeps"},
{"name":"med_phases_post_ice", "ph":"B", "ts":"2081853858", "pid":"1", "tid":"cmeps"},
{"name":"med_phases_history_write_comp", "ph":"B", "ts":"2081865690", "pid":"1", "tid":"cmeps"},
{"name":"med_phases_history_write_comp", "ph":"E", "ts":"2081865730", "pid":"1", "tid":"cmeps"},
{"name":"med_phases_post_ice", "ph":"E", "ts":"2081865735", "pid":"1", "tid":"cmeps"},
{"name":"med_phases_ocnalb_run", "ph":"B", "ts":"2081865890", "pid":"1", "tid":"cmeps"},
{"name":"med_phases_history_write_med", "ph":"B", "ts":"2081866532", "pid":"1", "tid":"cmeps"},
{"name":"med_phases_history_write_med", "ph":"E", "ts":"2081866558", "pid":"1", "tid":"cmeps"},
{"name":"med_phases_ocnalb_run", "ph":"E", "ts":"2081866564", "pid":"1", "tid":"cmeps"},
{"name":"med_phases_prep_ocn_accum", "ph":"B", "ts":"2081866787", "pid":"1", "tid":"cmeps"},
{"name":"med_phases_prep_ocn_accum", "ph":"E", "ts":"2081869175", "pid":"1", "tid":"cmeps"},
{"name":"med_phases_post_ocn", "ph":"B", "ts":"2086785477", "pid":"1", "tid":"cmeps"},
{"name":"med_phases_history_write_comp", "ph":"B", "ts":"2086786239", "pid":"1", "tid":"cmeps"},
{"name":"med_phases_history_write_comp", "ph":"E", "ts":"2086786257", "pid":"1", "tid":"cmeps"},
{"name":"med_phases_post_ocn", "ph":"E", "ts":"2086786263", "pid":"1", "tid":"cmeps"},
{"name":"med_phases_restart_write", "ph":"B", "ts":"2086786384", "pid":"1", "tid":"cmeps"},
{"name":"med_phases_restart_write", "ph":"E", "ts":"2086786409", "pid":"1", "tid":"cmeps"},
{"name":"med_phases_prep_ocn_avg", "ph":"B", "ts":"2086786492", "pid":"1", "tid":"cmeps"},
{"name":"med_phases_prep_ocn_avg", "ph":"E", "ts":"2086787060", "pid":"1", "tid":"cmeps"},
{"name":"med_phases_prep_atm", "ph":"B", "ts":"2086787546", "pid":"1", "tid":"cmeps"},
{"name":"med_phases_prep_atm", "ph":"E", "ts":"2086800596", "pid":"1", "tid":"cmeps"},
{"name":"med_phases_prep_ice", "ph":"B", "ts":"2086801185", "pid":"1", "tid":"cmeps"},
{"name":"med_phases_prep_ice", "ph":"E", "ts":"2086802134", "pid":"1", "tid":"cmeps"},
{"name":"ModelAdvance", "ph":"B", "ts":"2086806426", "pid":"1", "tid":"ufsatm"},
{"name":"ModelAdvance_phase1", "ph":"B", "ts":"2086806449", "pid":"1", "tid":"ufsatm"},
{"name":"fcst_run_phase_1", "ph":"B", "ts":"2086806643", "pid":"1", "tid":"fv3"},
{"name":"fcst_run_phase_1", "ph":"E", "ts":"2089528705", "pid":"1", "tid":"fv3"},
{"name":"ModelAdvance_phase1", "ph":"E", "ts":"2089528799", "pid":"1", "tid":"ufsatm"},
{"name":"ModelAdvance_phase2", "ph":"B", "ts":"2089528808", "pid":"1", "tid":"ufsatm"},
{"name":"fcst_run_phase_2", "ph":"B", "ts":"2089528842", "pid":"1", "tid":"fv3"},
{"name":"fcst_run_phase_2", "ph":"E", "ts":"2092372004", "pid":"1", "tid":"fv3"},
{"name":"ModelAdvance_phase2", "ph":"E", "ts":"2092372078", "pid":"1", "tid":"ufsatm"},
{"name":"ModelAdvance", "ph":"E", "ts":"2092372084", "pid":"1", "tid":"ufsatm"},
{"name":"med_phases_post_atm", "ph":"B", "ts":"2092373385", "pid":"1", "tid":"cmeps"},
{"name":"med_phases_history_write_comp", "ph":"B", "ts":"2092384244", "pid":"1", "tid":"cmeps"},
{"name":"med_phases_history_write_comp", "ph":"E", "ts":"2092384409", "pid":"1", "tid":"cmeps"},
{"name":"med_phases_post_atm", "ph":"E", "ts":"2092384415", "pid":"1", "tid":"cmeps"},
{"name":"med_phases_post_ice", "ph":"B", "ts":"2092387851", "pid":"1", "tid":"cmeps"},
{"name":"med_phases_history_write_comp", "ph":"B", "ts":"2092405790", "pid":"1", "tid":"cmeps"},
{"name":"med_phases_history_write_comp", "ph":"E", "ts":"2092405830", "pid":"1", "tid":"cmeps"},
{"name":"med_phases_post_ice", "ph":"E", "ts":"2092405835", "pid":"1", "tid":"cmeps"},
{"name":"med_phases_ocnalb_run", "ph":"B", "ts":"2092406010", "pid":"1", "tid":"cmeps"},
{"name":"med_phases_history_write_med", "ph":"B", "ts":"2092406644", "pid":"1", "tid":"cmeps"},
{"name":"med_phases_history_write_med", "ph":"E", "ts":"2092406660", "pid":"1", "tid":"cmeps"},
{"name":"med_phases_ocnalb_run", "ph":"E", "ts":"2092406665", "pid":"1", "tid":"cmeps"},
{"name":"med_phases_prep_ocn_accum", "ph":"B", "ts":"2092406814", "pid":"1", "tid":"cmeps"},
{"name":"med_phases_prep_ocn_accum", "ph":"E", "ts":"2092409304", "pid":"1", "tid":"cmeps"},
{"name":"med_phases_prep_atm", "ph":"B", "ts":"2092409466", "pid":"1", "tid":"cmeps"},
{"name":"med_phases_prep_atm", "ph":"E", "ts":"2092415026", "pid":"1", "tid":"cmeps"},
{"name":"med_phases_prep_ice", "ph":"B", "ts":"2092415389", "pid":"1", "tid":"cmeps"},
{"name":"med_phases_prep_ice", "ph":"E", "ts":"2092416976", "pid":"1", "tid":"cmeps"},
{"name":"ModelAdvance", "ph":"B", "ts":"2092421183", "pid":"1", "tid":"ufsatm"},
{"name":"ModelAdvance_phase1", "ph":"B", "ts":"2092421196", "pid":"1", "tid":"ufsatm"},
{"name":"fcst_run_phase_1", "ph":"B", "ts":"2092421228", "pid":"1", "tid":"fv3"},
{"name":"fcst_run_phase_1", "ph":"E", "ts":"2093792884", "pid":"1", "tid":"fv3"},
{"name":"ModelAdvance_phase1", "ph":"E", "ts":"2093792962", "pid":"1", "tid":"ufsatm"},
{"name":"ModelAdvance_phase2", "ph":"B", "ts":"2093792969", "pid":"1", "tid":"ufsatm"},
{"name":"fcst_run_phase_2", "ph":"B", "ts":"2093793002", "pid":"1", "tid":"fv3"},
{"name":"fcst_run_phase_2", "ph":"E", "ts":"2094332068", "pid":"1", "tid":"fv3"},
{"name":"ModelAdvance_phase2", "ph":"E", "ts":"2094332346", "pid":"1", "tid":"ufsatm"},
{"name":"ModelAdvance", "ph":"E", "ts":"2094332364", "pid":"1", "tid":"ufsatm"},
{"name":"med_phases_post_atm", "ph":"B", "ts":"2094333635", "pid":"1", "tid":"cmeps"},
{"name":"med_phases_history_write_comp", "ph":"B", "ts":"2094344033", "pid":"1", "tid":"cmeps"},
{"name":"med_phases_history_write_comp", "ph":"E", "ts":"2094344095", "pid":"1", "tid":"cmeps"},
{"name":"med_phases_post_atm", "ph":"E", "ts":"2094344101", "pid":"1", "tid":"cmeps"},
{"name":"med_phases_post_ice", "ph":"B", "ts":"2094350277", "pid":"1", "tid":"cmeps"},
{"name":"med_phases_history_write_comp", "ph":"B", "ts":"2094364634", "pid":"1", "tid":"cmeps"},
{"name":"med_phases_history_write_comp", "ph":"E", "ts":"2094364673", "pid":"1", "tid":"cmeps"},
{"name":"med_phases_post_ice", "ph":"E", "ts":"2094364678", "pid":"1", "tid":"cmeps"},
{"name":"med_phases_ocnalb_run", "ph":"B", "ts":"2094364888", "pid":"1", "tid":"cmeps"},
{"name":"med_phases_history_write_med", "ph":"B", "ts":"2094365516", "pid":"1", "tid":"cmeps"},
{"name":"med_phases_history_write_med", "ph":"E", "ts":"2094365530", "pid":"1", "tid":"cmeps"},
{"name":"med_phases_ocnalb_run", "ph":"E", "ts":"2094365535", "pid":"1", "tid":"cmeps"},
{"name":"med_phases_prep_ocn_accum", "ph":"B", "ts":"2094365674", "pid":"1", "tid":"cmeps"},
{"name":"med_phases_prep_ocn_accum", "ph":"E", "ts":"2094368108", "pid":"1", "tid":"cmeps"},
{"name":"med_phases_prep_atm", "ph":"B", "ts":"2094368231", "pid":"1", "tid":"cmeps"},
{"name":"med_phases_prep_atm", "ph":"E", "ts":"2094374051", "pid":"1", "tid":"cmeps"},
{"name":"med_phases_prep_ice", "ph":"B", "ts":"2094374389", "pid":"1", "tid":"cmeps"},
{"name":"med_phases_prep_ice", "ph":"E", "ts":"2094375832", "pid":"1", "tid":"cmeps"},
{"name":"ModelAdvance", "ph":"B", "ts":"2094379952", "pid":"1", "tid":"ufsatm"},
{"name":"ModelAdvance_phase1", "ph":"B", "ts":"2094379966", "pid":"1", "tid":"ufsatm"},
{"name":"fcst_run_phase_1", "ph":"B", "ts":"2094379997", "pid":"1", "tid":"fv3"},
{"name":"fcst_run_phase_1", "ph":"E", "ts":"2095747144", "pid":"1", "tid":"fv3"},
{"name":"ModelAdvance_phase1", "ph":"E", "ts":"2095747211", "pid":"1", "tid":"ufsatm"},
{"name":"ModelAdvance_phase2", "ph":"B", "ts":"2095747217", "pid":"1", "tid":"ufsatm"},
{"name":"fcst_run_phase_2", "ph":"B", "ts":"2095747246", "pid":"1", "tid":"fv3"},
{"name":"fcst_run_phase_2", "ph":"E", "ts":"2096270436", "pid":"1", "tid":"fv3"},
{"name":"ModelAdvance_phase2", "ph":"E", "ts":"2096270688", "pid":"1", "tid":"ufsatm"},
{"name":"ModelAdvance", "ph":"E", "ts":"2096270704", "pid":"1", "tid":"ufsatm"},
{"name":"med_phases_post_atm", "ph":"B", "ts":"2096271859", "pid":"1", "tid":"cmeps"},
{"name":"med_phases_history_write_comp", "ph":"B", "ts":"2096282199", "pid":"1", "tid":"cmeps"},
{"name":"med_phases_history_write_comp", "ph":"E", "ts":"2096282316", "pid":"1", "tid":"cmeps"},
{"name":"med_phases_post_atm", "ph":"E", "ts":"2096282324", "pid":"1", "tid":"cmeps"},
{"name":"med_phases_post_ice", "ph":"B", "ts":"2096287059", "pid":"1", "tid":"cmeps"},
{"name":"med_phases_history_write_comp", "ph":"B", "ts":"2096302786", "pid":"1", "tid":"cmeps"},
{"name":"med_phases_history_write_comp", "ph":"E", "ts":"2096302828", "pid":"1", "tid":"cmeps"},
{"name":"med_phases_post_ice", "ph":"E", "ts":"2096302833", "pid":"1", "tid":"cmeps"},
{"name":"med_phases_ocnalb_run", "ph":"B", "ts":"2096303099", "pid":"1", "tid":"cmeps"},
{"name":"med_phases_history_write_med", "ph":"B", "ts":"2096303698", "pid":"1", "tid":"cmeps"},
{"name":"med_phases_history_write_med", "ph":"E", "ts":"2096303707", "pid":"1", "tid":"cmeps"},
{"name":"med_phases_ocnalb_run", "ph":"E", "ts":"2096303711", "pid":"1", "tid":"cmeps"},
{"name":"med_phases_prep_ocn_accum", "ph":"B", "ts":"2096303817", "pid":"1", "tid":"cmeps"},
{"name":"med_phases_prep_ocn_accum", "ph":"E", "ts":"2096306529", "pid":"1", "tid":"cmeps"},
{"name":"med_phases_post_ocn", "ph":"B", "ts":"2096307760", "pid":"1", "tid":"cmeps"},
{"name":"med_phases_history_write_comp", "ph":"B", "ts":"2096308431", "pid":"1", "tid":"cmeps"},
{"name":"med_phases_history_write_comp", "ph":"E", "ts":"2096308444", "pid":"1", "tid":"cmeps"},
{"name":"med_phases_post_ocn", "ph":"E", "ts":"2096308449", "pid":"1", "tid":"cmeps"},
{"name":"med_phases_restart_write", "ph":"B", "ts":"2096308556", "pid":"1", "tid":"cmeps"},
{"name":"med_phases_restart_write", "ph":"E", "ts":"2096308580", "pid":"1", "tid":"cmeps"},
{"name":"med_phases_prep_ocn_avg", "ph":"B", "ts":"2096308659", "pid":"1", "tid":"cmeps"},
{"name":"med_phases_prep_ocn_avg", "ph":"E", "ts":"2096309283", "pid":"1", "tid":"cmeps"},
{"name":"med_phases_prep_atm", "ph":"B", "ts":"2096309799", "pid":"1", "tid":"cmeps"},
{"name":"med_phases_prep_atm", "ph":"E", "ts":"2096322215", "pid":"1", "tid":"cmeps"},
{"name":"med_phases_prep_ice", "ph":"B", "ts":"2096322577", "pid":"1", "tid":"cmeps"},
{"name":"med_phases_prep_ice", "ph":"E", "ts":"2096323791", "pid":"1", "tid":"cmeps"},
{"name":"ModelAdvance", "ph":"B", "ts":"2096327930", "pid":"1", "tid":"ufsatm"},
{"name":"ModelAdvance_phase1", "ph":"B", "ts":"2096327945", "pid":"1", "tid":"ufsatm"},
{"name":"fcst_run_phase_1", "ph":"B", "ts":"2096327986", "pid":"1", "tid":"fv3"},
{"name":"fcst_run_phase_1", "ph":"E", "ts":"2097708135", "pid":"1", "tid":"fv3"},
{"name":"ModelAdvance_phase1", "ph":"E", "ts":"2097708226", "pid":"1", "tid":"ufsatm"},
{"name":"ModelAdvance_phase2", "ph":"B", "ts":"2097708233", "pid":"1", "tid":"ufsatm"},
{"name":"fcst_run_phase_2", "ph":"B", "ts":"2097708263", "pid":"1", "tid":"fv3"},
{"name":"fcst_run_phase_2", "ph":"E", "ts":"2098219385", "pid":"1", "tid":"fv3"},
{"name":"ModelAdvance_phase2", "ph":"E", "ts":"2098219662", "pid":"1", "tid":"ufsatm"},
{"name":"ModelAdvance", "ph":"E", "ts":"2098219700", "pid":"1", "tid":"ufsatm"},
{"name":"med_phases_post_atm", "ph":"B", "ts":"2098221128", "pid":"1", "tid":"cmeps"},
{"name":"med_phases_history_write_comp", "ph":"B", "ts":"2098231872", "pid":"1", "tid":"cmeps"},
{"name":"med_phases_history_write_comp", "ph":"E", "ts":"2098231967", "pid":"1", "tid":"cmeps"},
{"name":"med_phases_post_atm", "ph":"E", "ts":"2098231974", "pid":"1", "tid":"cmeps"},
{"name":"med_phases_post_ice", "ph":"B", "ts":"2098234898", "pid":"1", "tid":"cmeps"},
{"name":"med_phases_history_write_comp", "ph":"B", "ts":"2098248818", "pid":"1", "tid":"cmeps"},
{"name":"med_phases_history_write_comp", "ph":"E", "ts":"2098248869", "pid":"1", "tid":"cmeps"},
{"name":"med_phases_post_ice", "ph":"E", "ts":"2098248875", "pid":"1", "tid":"cmeps"},
{"name":"med_phases_ocnalb_run", "ph":"B", "ts":"2098249186", "pid":"1", "tid":"cmeps"},
{"name":"med_phases_history_write_med", "ph":"B", "ts":"2098249767", "pid":"1", "tid":"cmeps"},
{"name":"med_phases_history_write_med", "ph":"E", "ts":"2098249776", "pid":"1", "tid":"cmeps"},
{"name":"med_phases_ocnalb_run", "ph":"E", "ts":"2098249782", "pid":"1", "tid":"cmeps"},
{"name":"med_phases_prep_ocn_accum", "ph":"B", "ts":"2098249894", "pid":"1", "tid":"cmeps"},
{"name":"med_phases_prep_ocn_accum", "ph":"E", "ts":"2098252465", "pid":"1", "tid":"cmeps"},
{"name":"med_phases_prep_atm", "ph":"B", "ts":"2098252599", "pid":"1", "tid":"cmeps"},
{"name":"med_phases_prep_atm", "ph":"E", "ts":"2098258295", "pid":"1", "tid":"cmeps"},
{"name":"med_phases_prep_ice", "ph":"B", "ts":"2098258679", "pid":"1", "tid":"cmeps"},
{"name":"med_phases_prep_ice", "ph":"E", "ts":"2098260180", "pid":"1", "tid":"cmeps"},
{"name":"ModelAdvance", "ph":"B", "ts":"2098264377", "pid":"1", "tid":"ufsatm"},
{"name":"ModelAdvance_phase1", "ph":"B", "ts":"2098264391", "pid":"1", "tid":"ufsatm"},
{"name":"fcst_run_phase_1", "ph":"B", "ts":"2098264427", "pid":"1", "tid":"fv3"},
{"name":"fcst_run_phase_1", "ph":"E", "ts":"2099638084", "pid":"1", "tid":"fv3"},
{"name":"ModelAdvance_phase1", "ph":"E", "ts":"2099638153", "pid":"1", "tid":"ufsatm"},
{"name":"ModelAdvance_phase2", "ph":"B", "ts":"2099638159", "pid":"1", "tid":"ufsatm"},
{"name":"fcst_run_phase_2", "ph":"B", "ts":"2099638188", "pid":"1", "tid":"fv3"},
{"name":"fcst_run_phase_2", "ph":"E", "ts":"2100136670", "pid":"1", "tid":"fv3"},
{"name":"ModelAdvance_phase2", "ph":"E", "ts":"2100136940", "pid":"1", "tid":"ufsatm"},
{"name":"ModelAdvance", "ph":"E", "ts":"2100136955", "pid":"1", "tid":"ufsatm"},
{"name":"med_phases_post_atm", "ph":"B", "ts":"2100138047", "pid":"1", "tid":"cmeps"},
{"name":"med_phases_history_write_comp", "ph":"B", "ts":"2100148544", "pid":"1", "tid":"cmeps"},
{"name":"med_phases_history_write_comp", "ph":"E", "ts":"2100148604", "pid":"1", "tid":"cmeps"},
{"name":"med_phases_post_atm", "ph":"E", "ts":"2100148610", "pid":"1", "tid":"cmeps"},
{"name":"med_phases_post_ice", "ph":"B", "ts":"2100152286", "pid":"1", "tid":"cmeps"},
{"name":"med_phases_history_write_comp", "ph":"B", "ts":"2100165347", "pid":"1", "tid":"cmeps"},
{"name":"med_phases_history_write_comp", "ph":"E", "ts":"2100165388", "pid":"1", "tid":"cmeps"},
{"name":"med_phases_post_ice", "ph":"E", "ts":"2100165393", "pid":"1", "tid":"cmeps"},
{"name":"med_phases_ocnalb_run", "ph":"B", "ts":"2100165550", "pid":"1", "tid":"cmeps"},
{"name":"med_phases_history_write_med", "ph":"B", "ts":"2100166264", "pid":"1", "tid":"cmeps"},
{"name":"med_phases_history_write_med", "ph":"E", "ts":"2100166279", "pid":"1", "tid":"cmeps"},
{"name":"med_phases_ocnalb_run", "ph":"E", "ts":"2100166285", "pid":"1", "tid":"cmeps"},
{"name":"med_phases_prep_ocn_accum", "ph":"B", "ts":"2100166425", "pid":"1", "tid":"cmeps"},
{"name":"med_phases_prep_ocn_accum", "ph":"E", "ts":"2100168808", "pid":"1", "tid":"cmeps"},
{"name":"med_phases_prep_atm", "ph":"B", "ts":"2100168967", "pid":"1", "tid":"cmeps"},
{"name":"med_phases_prep_atm", "ph":"E", "ts":"2100174644", "pid":"1", "tid":"cmeps"},
{"name":"med_phases_prep_ice", "ph":"B", "ts":"2100174942", "pid":"1", "tid":"cmeps"},
{"name":"med_phases_prep_ice", "ph":"E", "ts":"2100176488", "pid":"1", "tid":"cmeps"},
{"name":"ModelAdvance", "ph":"B", "ts":"2100180668", "pid":"1", "tid":"ufsatm"},
{"name":"ModelAdvance_phase1", "ph":"B", "ts":"2100180680", "pid":"1", "tid":"ufsatm"},
{"name":"fcst_run_phase_1", "ph":"B", "ts":"2100180720", "pid":"1", "tid":"fv3"},
{"name":"fcst_run_phase_1", "ph":"E", "ts":"2101541900", "pid":"1", "tid":"fv3"},
{"name":"ModelAdvance_phase1", "ph":"E", "ts":"2101541969", "pid":"1", "tid":"ufsatm"},
{"name":"ModelAdvance_phase2", "ph":"B", "ts":"2101541975", "pid":"1", "tid":"ufsatm"},
{"name":"fcst_run_phase_2", "ph":"B", "ts":"2101542005", "pid":"1", "tid":"fv3"},
{"name":"fcst_run_phase_2", "ph":"E", "ts":"2102045683", "pid":"1", "tid":"fv3"},
{"name":"ModelAdvance_phase2", "ph":"E", "ts":"2102045770", "pid":"1", "tid":"ufsatm"},
{"name":"ModelAdvance", "ph":"E", "ts":"2102045777", "pid":"1", "tid":"ufsatm"},
{"name":"med_phases_post_atm", "ph":"B", "ts":"2102046822", "pid":"1", "tid":"cmeps"},
{"name":"med_phases_history_write_comp", "ph":"B", "ts":"2102057558", "pid":"1", "tid":"cmeps"},
{"name":"med_phases_history_write_comp", "ph":"E", "ts":"2102057606", "pid":"1", "tid":"cmeps"},
{"name":"med_phases_post_atm", "ph":"E", "ts":"2102057612", "pid":"1", "tid":"cmeps"},
{"name":"med_phases_post_ice", "ph":"B", "ts":"2102929775", "pid":"1", "tid":"cmeps"},
{"name":"med_phases_history_write_comp", "ph":"B", "ts":"2102937539", "pid":"1", "tid":"cmeps"},
{"name":"med_phases_history_write_comp", "ph":"E", "ts":"2102937576", "pid":"1", "tid":"cmeps"},
{"name":"med_phases_post_ice", "ph":"E", "ts":"2102937581", "pid":"1", "tid":"cmeps"},
{"name":"med_phases_ocnalb_run", "ph":"B", "ts":"2102937745", "pid":"1", "tid":"cmeps"},
{"name":"med_phases_history_write_med", "ph":"B", "ts":"2102938384", "pid":"1", "tid":"cmeps"},
{"name":"med_phases_history_write_med", "ph":"E", "ts":"2102938404", "pid":"1", "tid":"cmeps"},
{"name":"med_phases_ocnalb_run", "ph":"E", "ts":"2102938408", "pid":"1", "tid":"cmeps"},
{"name":"med_phases_prep_ocn_accum", "ph":"B", "ts":"2102938622", "pid":"1", "tid":"cmeps"},
{"name":"med_phases_prep_ocn_accum", "ph":"E", "ts":"2102941157", "pid":"1", "tid":"cmeps"},
{"name":"med_phases_post_ocn", "ph":"B", "ts":"2102942364", "pid":"1", "tid":"cmeps"},
{"name":"med_phases_history_write_comp", "ph":"B", "ts":"2102942955", "pid":"1", "tid":"cmeps"},
{"name":"med_phases_history_write_comp", "ph":"E", "ts":"2102942967", "pid":"1", "tid":"cmeps"},
{"name":"med_phases_post_ocn", "ph":"E", "ts":"2102942972", "pid":"1", "tid":"cmeps"},
{"name":"med_phases_restart_write", "ph":"B", "ts":"2102943080", "pid":"1", "tid":"cmeps"},
{"name":"med_phases_restart_write", "ph":"E", "ts":"2102943101", "pid":"1", "tid":"cmeps"},
{"name":"med_phases_prep_ocn_avg", "ph":"B", "ts":"2102943183", "pid":"1", "tid":"cmeps"},
{"name":"med_phases_prep_ocn_avg", "ph":"E", "ts":"2102943730", "pid":"1", "tid":"cmeps"},
{"name":"med_phases_prep_atm", "ph":"B", "ts":"2102944213", "pid":"1", "tid":"cmeps"},
{"name":"med_phases_prep_atm", "ph":"E", "ts":"2102956672", "pid":"1", "tid":"cmeps"},
{"name":"med_phases_prep_ice", "ph":"B", "ts":"2102957119", "pid":"1", "tid":"cmeps"},
{"name":"med_phases_prep_ice", "ph":"E", "ts":"2102958396", "pid":"1", "tid":"cmeps"},
{"name":"ModelAdvance", "ph":"B", "ts":"2102962540", "pid":"1", "tid":"ufsatm"},
{"name":"ModelAdvance_phase1", "ph":"B", "ts":"2102962551", "pid":"1", "tid":"ufsatm"},
{"name":"fcst_run_phase_1", "ph":"B", "ts":"2102962589", "pid":"1", "tid":"fv3"},
{"name":"fcst_run_phase_1", "ph":"E", "ts":"2105637658", "pid":"1", "tid":"fv3"},
{"name":"ModelAdvance_phase1", "ph":"E", "ts":"2105637732", "pid":"1", "tid":"ufsatm"},
{"name":"ModelAdvance_phase2", "ph":"B", "ts":"2105637739", "pid":"1", "tid":"ufsatm"},
{"name":"fcst_run_phase_2", "ph":"B", "ts":"2105637769", "pid":"1", "tid":"fv3"},
{"name":"fcst_run_phase_2", "ph":"E", "ts":"2108704287", "pid":"1", "tid":"fv3"},
{"name":"ModelAdvance_phase2", "ph":"E", "ts":"2108704357", "pid":"1", "tid":"ufsatm"},
{"name":"ModelAdvance", "ph":"E", "ts":"2108704363", "pid":"1", "tid":"ufsatm"},
{"name":"med_phases_post_atm", "ph":"B", "ts":"2108705361", "pid":"1", "tid":"cmeps"},
{"name":"med_phases_history_write_comp", "ph":"B", "ts":"2108716339", "pid":"1", "tid":"cmeps"},
{"name":"med_phases_history_write_comp", "ph":"E", "ts":"2108716401", "pid":"1", "tid":"cmeps"},
{"name":"med_phases_post_atm", "ph":"E", "ts":"2108716407", "pid":"1", "tid":"cmeps"},
{"name":"med_phases_post_ice", "ph":"B", "ts":"2108719714", "pid":"1", "tid":"cmeps"},
{"name":"med_phases_history_write_comp", "ph":"B", "ts":"2108733323", "pid":"1", "tid":"cmeps"},
{"name":"med_phases_history_write_comp", "ph":"E", "ts":"2108733369", "pid":"1", "tid":"cmeps"},
{"name":"med_phases_post_ice", "ph":"E", "ts":"2108733375", "pid":"1", "tid":"cmeps"},
{"name":"med_phases_ocnalb_run", "ph":"B", "ts":"2108733542", "pid":"1", "tid":"cmeps"},
{"name":"med_phases_history_write_med", "ph":"B", "ts":"2108734179", "pid":"1", "tid":"cmeps"},
{"name":"med_phases_history_write_med", "ph":"E", "ts":"2108734200", "pid":"1", "tid":"cmeps"},
{"name":"med_phases_ocnalb_run", "ph":"E", "ts":"2108734206", "pid":"1", "tid":"cmeps"},
{"name":"med_phases_prep_ocn_accum", "ph":"B", "ts":"2108734471", "pid":"1", "tid":"cmeps"},
{"name":"med_phases_prep_ocn_accum", "ph":"E", "ts":"2108736946", "pid":"1", "tid":"cmeps"},
{"name":"med_phases_prep_atm", "ph":"B", "ts":"2108737125", "pid":"1", "tid":"cmeps"},
{"name":"med_phases_prep_atm", "ph":"E", "ts":"2108742630", "pid":"1", "tid":"cmeps"},
{"name":"med_phases_prep_ice", "ph":"B", "ts":"2108742935", "pid":"1", "tid":"cmeps"},
{"name":"med_phases_prep_ice", "ph":"E", "ts":"2108744468", "pid":"1", "tid":"cmeps"},
{"name":"ModelAdvance", "ph":"B", "ts":"2108748720", "pid":"1", "tid":"ufsatm"},
{"name":"ModelAdvance_phase1", "ph":"B", "ts":"2108748733", "pid":"1", "tid":"ufsatm"},
{"name":"fcst_run_phase_1", "ph":"B", "ts":"2108748807", "pid":"1", "tid":"fv3"},
{"name":"fcst_run_phase_1", "ph":"E", "ts":"2110133445", "pid":"1", "tid":"fv3"},
{"name":"ModelAdvance_phase1", "ph":"E", "ts":"2110133541", "pid":"1", "tid":"ufsatm"},
{"name":"ModelAdvance_phase2", "ph":"B", "ts":"2110133548", "pid":"1", "tid":"ufsatm"},
{"name":"fcst_run_phase_2", "ph":"B", "ts":"2110133578", "pid":"1", "tid":"fv3"},
{"name":"fcst_run_phase_2", "ph":"E", "ts":"2110623055", "pid":"1", "tid":"fv3"},
{"name":"ModelAdvance_phase2", "ph":"E", "ts":"2110623131", "pid":"1", "tid":"ufsatm"},
{"name":"ModelAdvance", "ph":"E", "ts":"2110623138", "pid":"1", "tid":"ufsatm"},
{"name":"med_phases_post_atm", "ph":"B", "ts":"2110624474", "pid":"1", "tid":"cmeps"},
{"name":"med_phases_history_write_comp", "ph":"B", "ts":"2110635593", "pid":"1", "tid":"cmeps"},
{"name":"med_phases_history_write_comp", "ph":"E", "ts":"2110635658", "pid":"1", "tid":"cmeps"},
{"name":"med_phases_post_atm", "ph":"E", "ts":"2110635664", "pid":"1", "tid":"cmeps"},
{"name":"med_phases_post_ice", "ph":"B", "ts":"2110642634", "pid":"1", "tid":"cmeps"},
{"name":"med_phases_history_write_comp", "ph":"B", "ts":"2110656313", "pid":"1", "tid":"cmeps"},
{"name":"med_phases_history_write_comp", "ph":"E", "ts":"2110656367", "pid":"1", "tid":"cmeps"},
{"name":"med_phases_post_ice", "ph":"E", "ts":"2110656376", "pid":"1", "tid":"cmeps"},
{"name":"med_phases_ocnalb_run", "ph":"B", "ts":"2110656624", "pid":"1", "tid":"cmeps"},
{"name":"med_phases_history_write_med", "ph":"B", "ts":"2110657326", "pid":"1", "tid":"cmeps"},
{"name":"med_phases_history_write_med", "ph":"E", "ts":"2110657334", "pid":"1", "tid":"cmeps"},
{"name":"med_phases_ocnalb_run", "ph":"E", "ts":"2110657338", "pid":"1", "tid":"cmeps"},
{"name":"med_phases_prep_ocn_accum", "ph":"B", "ts":"2110657437", "pid":"1", "tid":"cmeps"},
{"name":"med_phases_prep_ocn_accum", "ph":"E", "ts":"2110658611", "pid":"1", "tid":"cmeps"},
{"name":"med_phases_prep_atm", "ph":"B", "ts":"2110658716", "pid":"1", "tid":"cmeps"},
{"name":"med_phases_prep_atm", "ph":"E", "ts":"2110667371", "pid":"1", "tid":"cmeps"},
{"name":"med_phases_prep_ice", "ph":"B", "ts":"2110667729", "pid":"1", "tid":"cmeps"},
{"name":"med_phases_prep_ice", "ph":"E", "ts":"2110669296", "pid":"1", "tid":"cmeps"},
{"name":"ModelAdvance", "ph":"B", "ts":"2110673597", "pid":"1", "tid":"ufsatm"},
{"name":"ModelAdvance_phase1", "ph":"B", "ts":"2110673608", "pid":"1", "tid":"ufsatm"},
{"name":"fcst_run_phase_1", "ph":"B", "ts":"2110673687", "pid":"1", "tid":"fv3"},
{"name":"fcst_run_phase_1", "ph":"E", "ts":"2112041685", "pid":"1", "tid":"fv3"},
{"name":"ModelAdvance_phase1", "ph":"E", "ts":"2112041753", "pid":"1", "tid":"ufsatm"},
{"name":"ModelAdvance_phase2", "ph":"B", "ts":"2112041759", "pid":"1", "tid":"ufsatm"},
{"name":"fcst_run_phase_2", "ph":"B", "ts":"2112041789", "pid":"1", "tid":"fv3"},
{"name":"fcst_run_phase_2", "ph":"E", "ts":"2112542049", "pid":"1", "tid":"fv3"},
{"name":"ModelAdvance_phase2", "ph":"E", "ts":"2112542120", "pid":"1", "tid":"ufsatm"},
{"name":"ModelAdvance", "ph":"E", "ts":"2112542126", "pid":"1", "tid":"ufsatm"},
{"name":"med_phases_post_atm", "ph":"B", "ts":"2112543084", "pid":"1", "tid":"cmeps"},
{"name":"med_phases_history_write_comp", "ph":"B", "ts":"2112553699", "pid":"1", "tid":"cmeps"},
{"name":"med_phases_history_write_comp", "ph":"E", "ts":"2112553806", "pid":"1", "tid":"cmeps"},
{"name":"med_phases_post_atm", "ph":"E", "ts":"2112553813", "pid":"1", "tid":"cmeps"},
{"name":"med_phases_post_ice", "ph":"B", "ts":"2112558160", "pid":"1", "tid":"cmeps"},
{"name":"med_phases_history_write_comp", "ph":"B", "ts":"2112574152", "pid":"1", "tid":"cmeps"},
{"name":"med_phases_history_write_comp", "ph":"E", "ts":"2112574192", "pid":"1", "tid":"cmeps"},
{"name":"med_phases_post_ice", "ph":"E", "ts":"2112574197", "pid":"1", "tid":"cmeps"},
{"name":"med_phases_ocnalb_run", "ph":"B", "ts":"2112574352", "pid":"1", "tid":"cmeps"},
{"name":"med_phases_history_write_med", "ph":"B", "ts":"2112574972", "pid":"1", "tid":"cmeps"},
{"name":"med_phases_history_write_med", "ph":"E", "ts":"2112574985", "pid":"1", "tid":"cmeps"},
{"name":"med_phases_ocnalb_run", "ph":"E", "ts":"2112574991", "pid":"1", "tid":"cmeps"},
{"name":"med_phases_prep_ocn_accum", "ph":"B", "ts":"2112575173", "pid":"1", "tid":"cmeps"},
{"name":"med_phases_prep_ocn_accum", "ph":"E", "ts":"2112577688", "pid":"1", "tid":"cmeps"},
{"name":"med_phases_post_ocn", "ph":"B", "ts":"2112579235", "pid":"1", "tid":"cmeps"},
{"name":"med_phases_history_write_comp", "ph":"B", "ts":"2112579693", "pid":"1", "tid":"cmeps"},
{"name":"med_phases_history_write_comp", "ph":"E", "ts":"2112579705", "pid":"1", "tid":"cmeps"},
{"name":"med_phases_post_ocn", "ph":"E", "ts":"2112579710", "pid":"1", "tid":"cmeps"},
{"name":"med_phases_restart_write", "ph":"B", "ts":"2112579812", "pid":"1", "tid":"cmeps"},
{"name":"med_phases_restart_write", "ph":"E", "ts":"2112579835", "pid":"1", "tid":"cmeps"},
{"name":"med_phases_prep_ocn_avg", "ph":"B", "ts":"2112579916", "pid":"1", "tid":"cmeps"},
{"name":"med_phases_prep_ocn_avg", "ph":"E", "ts":"2112580557", "pid":"1", "tid":"cmeps"},
{"name":"med_phases_prep_atm", "ph":"B", "ts":"2112581103", "pid":"1", "tid":"cmeps"},
{"name":"med_phases_prep_atm", "ph":"E", "ts":"2112593431", "pid":"1", "tid":"cmeps"},
{"name":"med_phases_prep_ice", "ph":"B", "ts":"2112593790", "pid":"1", "tid":"cmeps"},
{"name":"med_phases_prep_ice", "ph":"E", "ts":"2112595163", "pid":"1", "tid":"cmeps"},
{"name":"ModelAdvance", "ph":"B", "ts":"2112599371", "pid":"1", "tid":"ufsatm"},
{"name":"ModelAdvance_phase1", "ph":"B", "ts":"2112599385", "pid":"1", "tid":"ufsatm"},
{"name":"fcst_run_phase_1", "ph":"B", "ts":"2112599427", "pid":"1", "tid":"fv3"},
{"name":"fcst_run_phase_1", "ph":"E", "ts":"2113966428", "pid":"1", "tid":"fv3"},
{"name":"ModelAdvance_phase1", "ph":"E", "ts":"2113966498", "pid":"1", "tid":"ufsatm"},
{"name":"ModelAdvance_phase2", "ph":"B", "ts":"2113966505", "pid":"1", "tid":"ufsatm"},
{"name":"fcst_run_phase_2", "ph":"B", "ts":"2113966533", "pid":"1", "tid":"fv3"},
{"name":"fcst_run_phase_2", "ph":"E", "ts":"2114480416", "pid":"1", "tid":"fv3"},
{"name":"ModelAdvance_phase2", "ph":"E", "ts":"2114480495", "pid":"1", "tid":"ufsatm"},
{"name":"ModelAdvance", "ph":"E", "ts":"2114480501", "pid":"1", "tid":"ufsatm"},
{"name":"med_phases_post_atm", "ph":"B", "ts":"2114481635", "pid":"1", "tid":"cmeps"},
{"name":"med_phases_history_write_comp", "ph":"B", "ts":"2114491770", "pid":"1", "tid":"cmeps"},
{"name":"med_phases_history_write_comp", "ph":"E", "ts":"2114491846", "pid":"1", "tid":"cmeps"},
{"name":"med_phases_post_atm", "ph":"E", "ts":"2114491852", "pid":"1", "tid":"cmeps"},
{"name":"med_phases_post_ice", "ph":"B", "ts":"2114494502", "pid":"1", "tid":"cmeps"},
{"name":"med_phases_history_write_comp", "ph":"B", "ts":"2114508486", "pid":"1", "tid":"cmeps"},
{"name":"med_phases_history_write_comp", "ph":"E", "ts":"2114508539", "pid":"1", "tid":"cmeps"},
{"name":"med_phases_post_ice", "ph":"E", "ts":"2114508544", "pid":"1", "tid":"cmeps"},
{"name":"med_phases_ocnalb_run", "ph":"B", "ts":"2114508845", "pid":"1", "tid":"cmeps"},
{"name":"med_phases_history_write_med", "ph":"B", "ts":"2114509482", "pid":"1", "tid":"cmeps"},
{"name":"med_phases_history_write_med", "ph":"E", "ts":"2114509492", "pid":"1", "tid":"cmeps"},
{"name":"med_phases_ocnalb_run", "ph":"E", "ts":"2114509498", "pid":"1", "tid":"cmeps"},
{"name":"med_phases_prep_ocn_accum", "ph":"B", "ts":"2114509618", "pid":"1", "tid":"cmeps"},
{"name":"med_phases_prep_ocn_accum", "ph":"E", "ts":"2114512221", "pid":"1", "tid":"cmeps"},
{"name":"med_phases_prep_atm", "ph":"B", "ts":"2114512344", "pid":"1", "tid":"cmeps"},
{"name":"med_phases_prep_atm", "ph":"E", "ts":"2114518359", "pid":"1", "tid":"cmeps"},
{"name":"med_phases_prep_ice", "ph":"B", "ts":"2114518794", "pid":"1", "tid":"cmeps"},
{"name":"med_phases_prep_ice", "ph":"E", "ts":"2114520025", "pid":"1", "tid":"cmeps"},
{"name":"ModelAdvance", "ph":"B", "ts":"2114524075", "pid":"1", "tid":"ufsatm"},
{"name":"ModelAdvance_phase1", "ph":"B", "ts":"2114524090", "pid":"1", "tid":"ufsatm"},
{"name":"fcst_run_phase_1", "ph":"B", "ts":"2114524135", "pid":"1", "tid":"fv3"},
{"name":"fcst_run_phase_1", "ph":"E", "ts":"2115891785", "pid":"1", "tid":"fv3"},
{"name":"ModelAdvance_phase1", "ph":"E", "ts":"2115891856", "pid":"1", "tid":"ufsatm"},
{"name":"ModelAdvance_phase2", "ph":"B", "ts":"2115891862", "pid":"1", "tid":"ufsatm"},
{"name":"fcst_run_phase_2", "ph":"B", "ts":"2115891891", "pid":"1", "tid":"fv3"},
{"name":"fcst_run_phase_2", "ph":"E", "ts":"2116397328", "pid":"1", "tid":"fv3"},
{"name":"ModelAdvance_phase2", "ph":"E", "ts":"2116397436", "pid":"1", "tid":"ufsatm"},
{"name":"ModelAdvance", "ph":"E", "ts":"2116397443", "pid":"1", "tid":"ufsatm"},
{"name":"med_phases_post_atm", "ph":"B", "ts":"2116398664", "pid":"1", "tid":"cmeps"},
{"name":"med_phases_history_write_comp", "ph":"B", "ts":"2116409757", "pid":"1", "tid":"cmeps"},
{"name":"med_phases_history_write_comp", "ph":"E", "ts":"2116409850", "pid":"1", "tid":"cmeps"},
{"name":"med_phases_post_atm", "ph":"E", "ts":"2116409855", "pid":"1", "tid":"cmeps"},
{"name":"med_phases_post_ice", "ph":"B", "ts":"2116412249", "pid":"1", "tid":"cmeps"},
{"name":"med_phases_history_write_comp", "ph":"B", "ts":"2116426477", "pid":"1", "tid":"cmeps"},
{"name":"med_phases_history_write_comp", "ph":"E", "ts":"2116426523", "pid":"1", "tid":"cmeps"},
{"name":"med_phases_post_ice", "ph":"E", "ts":"2116426528", "pid":"1", "tid":"cmeps"},
{"name":"med_phases_ocnalb_run", "ph":"B", "ts":"2116426839", "pid":"1", "tid":"cmeps"},
{"name":"med_phases_history_write_med", "ph":"B", "ts":"2116427444", "pid":"1", "tid":"cmeps"},
{"name":"med_phases_history_write_med", "ph":"E", "ts":"2116427453", "pid":"1", "tid":"cmeps"},
{"name":"med_phases_ocnalb_run", "ph":"E", "ts":"2116427458", "pid":"1", "tid":"cmeps"},
{"name":"med_phases_prep_ocn_accum", "ph":"B", "ts":"2116427568", "pid":"1", "tid":"cmeps"},
{"name":"med_phases_prep_ocn_accum", "ph":"E", "ts":"2116430205", "pid":"1", "tid":"cmeps"},
{"name":"med_phases_prep_atm", "ph":"B", "ts":"2116430343", "pid":"1", "tid":"cmeps"},
{"name":"med_phases_prep_atm", "ph":"E", "ts":"2116436230", "pid":"1", "tid":"cmeps"},
{"name":"med_phases_prep_ice", "ph":"B", "ts":"2116436523", "pid":"1", "tid":"cmeps"},
{"name":"med_phases_prep_ice", "ph":"E", "ts":"2116438062", "pid":"1", "tid":"cmeps"},
{"name":"ModelAdvance", "ph":"B", "ts":"2116442094", "pid":"1", "tid":"ufsatm"},
{"name":"ModelAdvance_phase1", "ph":"B", "ts":"2116442113", "pid":"1", "tid":"ufsatm"},
{"name":"fcst_run_phase_1", "ph":"B", "ts":"2116442276", "pid":"1", "tid":"fv3"},
{"name":"fcst_run_phase_1", "ph":"E", "ts":"2117803422", "pid":"1", "tid":"fv3"},
{"name":"ModelAdvance_phase1", "ph":"E", "ts":"2117803494", "pid":"1", "tid":"ufsatm"},
{"name":"ModelAdvance_phase2", "ph":"B", "ts":"2117803500", "pid":"1", "tid":"ufsatm"},
{"name":"fcst_run_phase_2", "ph":"B", "ts":"2117803529", "pid":"1", "tid":"fv3"},
{"name":"fcst_run_phase_2", "ph":"E", "ts":"2118318227", "pid":"1", "tid":"fv3"},
{"name":"ModelAdvance_phase2", "ph":"E", "ts":"2118318299", "pid":"1", "tid":"ufsatm"},
{"name":"ModelAdvance", "ph":"E", "ts":"2118318305", "pid":"1", "tid":"ufsatm"},
{"name":"med_phases_post_atm", "ph":"B", "ts":"2118319401", "pid":"1", "tid":"cmeps"},
{"name":"med_phases_history_write_comp", "ph":"B", "ts":"2118329706", "pid":"1", "tid":"cmeps"},
{"name":"med_phases_history_write_comp", "ph":"E", "ts":"2118329775", "pid":"1", "tid":"cmeps"},
{"name":"med_phases_post_atm", "ph":"E", "ts":"2118329781", "pid":"1", "tid":"cmeps"},
{"name":"med_phases_post_ice", "ph":"B", "ts":"2118333864", "pid":"1", "tid":"cmeps"},
{"name":"med_phases_history_write_comp", "ph":"B", "ts":"2118350231", "pid":"1", "tid":"cmeps"},
{"name":"med_phases_history_write_comp", "ph":"E", "ts":"2118350285", "pid":"1", "tid":"cmeps"},
{"name":"med_phases_post_ice", "ph":"E", "ts":"2118350290", "pid":"1", "tid":"cmeps"},
{"name":"med_phases_ocnalb_run", "ph":"B", "ts":"2118350581", "pid":"1", "tid":"cmeps"},
{"name":"med_phases_history_write_med", "ph":"B", "ts":"2118351166", "pid":"1", "tid":"cmeps"},
{"name":"med_phases_history_write_med", "ph":"E", "ts":"2118351177", "pid":"1", "tid":"cmeps"},
{"name":"med_phases_ocnalb_run", "ph":"E", "ts":"2118351182", "pid":"1", "tid":"cmeps"},
{"name":"med_phases_prep_ocn_accum", "ph":"B", "ts":"2118351310", "pid":"1", "tid":"cmeps"},
{"name":"med_phases_prep_ocn_accum", "ph":"E", "ts":"2118354035", "pid":"1", "tid":"cmeps"},
{"name":"med_phases_post_ocn", "ph":"B", "ts":"2118355181", "pid":"1", "tid":"cmeps"},
{"name":"med_phases_history_write_comp", "ph":"B", "ts":"2118355963", "pid":"1", "tid":"cmeps"},
{"name":"med_phases_history_write_comp", "ph":"E", "ts":"2118355977", "pid":"1", "tid":"cmeps"},
{"name":"med_phases_post_ocn", "ph":"E", "ts":"2118355981", "pid":"1", "tid":"cmeps"},
{"name":"med_phases_restart_write", "ph":"B", "ts":"2118356088", "pid":"1", "tid":"cmeps"},
{"name":"med_phases_restart_write", "ph":"E", "ts":"2118356112", "pid":"1", "tid":"cmeps"},
{"name":"med_phases_prep_ocn_avg", "ph":"B", "ts":"2118356192", "pid":"1", "tid":"cmeps"},
{"name":"med_phases_prep_ocn_avg", "ph":"E", "ts":"2118356736", "pid":"1", "tid":"cmeps"},
{"name":"med_phases_prep_atm", "ph":"B", "ts":"2118357302", "pid":"1", "tid":"cmeps"},
{"name":"med_phases_prep_atm", "ph":"E", "ts":"2118369551", "pid":"1", "tid":"cmeps"},
{"name":"med_phases_prep_ice", "ph":"B", "ts":"2118369880", "pid":"1", "tid":"cmeps"},
{"name":"med_phases_prep_ice", "ph":"E", "ts":"2118371291", "pid":"1", "tid":"cmeps"},
{"name":"ModelAdvance", "ph":"B", "ts":"2118375450", "pid":"1", "tid":"ufsatm"},
{"name":"ModelAdvance_phase1", "ph":"B", "ts":"2118375462", "pid":"1", "tid":"ufsatm"},
{"name":"fcst_run_phase_1", "ph":"B", "ts":"2118375637", "pid":"1", "tid":"fv3"},
{"name":"fcst_run_phase_1", "ph":"E", "ts":"2121061229", "pid":"1", "tid":"fv3"},
{"name":"ModelAdvance_phase1", "ph":"E", "ts":"2121061302", "pid":"1", "tid":"ufsatm"},
{"name":"ModelAdvance_phase2", "ph":"B", "ts":"2121061308", "pid":"1", "tid":"ufsatm"},
{"name":"fcst_run_phase_2", "ph":"B", "ts":"2121061337", "pid":"1", "tid":"fv3"},
{"name":"fcst_run_phase_2", "ph":"E", "ts":"2124027639", "pid":"1", "tid":"fv3"},
{"name":"ModelAdvance_phase2", "ph":"E", "ts":"2124027713", "pid":"1", "tid":"ufsatm"},
{"name":"ModelAdvance", "ph":"E", "ts":"2124027719", "pid":"1", "tid":"ufsatm"},
{"name":"med_phases_post_atm", "ph":"B", "ts":"2124028773", "pid":"1", "tid":"cmeps"},
{"name":"med_phases_history_write_comp", "ph":"B", "ts":"2124039399", "pid":"1", "tid":"cmeps"},
{"name":"med_phases_history_write_comp", "ph":"E", "ts":"2124039454", "pid":"1", "tid":"cmeps"},
{"name":"med_phases_post_atm", "ph":"E", "ts":"2124039459", "pid":"1", "tid":"cmeps"},
{"name":"med_phases_post_ice", "ph":"B", "ts":"2124046405", "pid":"1", "tid":"cmeps"},
{"name":"med_phases_history_write_comp", "ph":"B", "ts":"2124060820", "pid":"1", "tid":"cmeps"},
{"name":"med_phases_history_write_comp", "ph":"E", "ts":"2124060869", "pid":"1", "tid":"cmeps"},
{"name":"med_phases_post_ice", "ph":"E", "ts":"2124060875", "pid":"1", "tid":"cmeps"},
{"name":"med_phases_ocnalb_run", "ph":"B", "ts":"2124061067", "pid":"1", "tid":"cmeps"},
{"name":"med_phases_history_write_med", "ph":"B", "ts":"2124061700", "pid":"1", "tid":"cmeps"},
{"name":"med_phases_history_write_med", "ph":"E", "ts":"2124061712", "pid":"1", "tid":"cmeps"},
{"name":"med_phases_ocnalb_run", "ph":"E", "ts":"2124061717", "pid":"1", "tid":"cmeps"},
{"name":"med_phases_prep_ocn_accum", "ph":"B", "ts":"2124061865", "pid":"1", "tid":"cmeps"},
{"name":"med_phases_prep_ocn_accum", "ph":"E", "ts":"2124064240", "pid":"1", "tid":"cmeps"},
{"name":"med_phases_prep_atm", "ph":"B", "ts":"2124064359", "pid":"1", "tid":"cmeps"},
{"name":"med_phases_prep_atm", "ph":"E", "ts":"2124070127", "pid":"1", "tid":"cmeps"},
{"name":"med_phases_prep_ice", "ph":"B", "ts":"2124070452", "pid":"1", "tid":"cmeps"},
{"name":"med_phases_prep_ice", "ph":"E", "ts":"2124071911", "pid":"1", "tid":"cmeps"},
{"name":"ModelAdvance", "ph":"B", "ts":"2124076520", "pid":"1", "tid":"ufsatm"},
{"name":"ModelAdvance_phase1", "ph":"B", "ts":"2124076536", "pid":"1", "tid":"ufsatm"},
{"name":"fcst_run_phase_1", "ph":"B", "ts":"2124076668", "pid":"1", "tid":"fv3"},
{"name":"fcst_run_phase_1", "ph":"E", "ts":"2125440957", "pid":"1", "tid":"fv3"},
{"name":"ModelAdvance_phase1", "ph":"E", "ts":"2125441029", "pid":"1", "tid":"ufsatm"},
{"name":"ModelAdvance_phase2", "ph":"B", "ts":"2125441035", "pid":"1", "tid":"ufsatm"},
{"name":"fcst_run_phase_2", "ph":"B", "ts":"2125441066", "pid":"1", "tid":"fv3"},
{"name":"fcst_run_phase_2", "ph":"E", "ts":"2125944646", "pid":"1", "tid":"fv3"},
{"name":"ModelAdvance_phase2", "ph":"E", "ts":"2125944728", "pid":"1", "tid":"ufsatm"},
{"name":"ModelAdvance", "ph":"E", "ts":"2125944734", "pid":"1", "tid":"ufsatm"},
{"name":"med_phases_post_atm", "ph":"B", "ts":"2125945804", "pid":"1", "tid":"cmeps"},
{"name":"med_phases_history_write_comp", "ph":"B", "ts":"2125955988", "pid":"1", "tid":"cmeps"},
{"name":"med_phases_history_write_comp", "ph":"E", "ts":"2125956079", "pid":"1", "tid":"cmeps"},
{"name":"med_phases_post_atm", "ph":"E", "ts":"2125956085", "pid":"1", "tid":"cmeps"},
{"name":"med_phases_post_ice", "ph":"B", "ts":"2125959213", "pid":"1", "tid":"cmeps"},
{"name":"med_phases_history_write_comp", "ph":"B", "ts":"2125976363", "pid":"1", "tid":"cmeps"},
{"name":"med_phases_history_write_comp", "ph":"E", "ts":"2125976421", "pid":"1", "tid":"cmeps"},
{"name":"med_phases_post_ice", "ph":"E", "ts":"2125976428", "pid":"1", "tid":"cmeps"},
{"name":"med_phases_ocnalb_run", "ph":"B", "ts":"2125976744", "pid":"1", "tid":"cmeps"},
{"name":"med_phases_history_write_med", "ph":"B", "ts":"2125977384", "pid":"1", "tid":"cmeps"},
{"name":"med_phases_history_write_med", "ph":"E", "ts":"2125977405", "pid":"1", "tid":"cmeps"},
{"name":"med_phases_ocnalb_run", "ph":"E", "ts":"2125977411", "pid":"1", "tid":"cmeps"},
{"name":"med_phases_prep_ocn_accum", "ph":"B", "ts":"2125977598", "pid":"1", "tid":"cmeps"},
{"name":"med_phases_prep_ocn_accum", "ph":"E", "ts":"2125980186", "pid":"1", "tid":"cmeps"},
{"name":"med_phases_prep_atm", "ph":"B", "ts":"2125980318", "pid":"1", "tid":"cmeps"},
{"name":"med_phases_prep_atm", "ph":"E", "ts":"2125985915", "pid":"1", "tid":"cmeps"},
{"name":"med_phases_prep_ice", "ph":"B", "ts":"2125986218", "pid":"1", "tid":"cmeps"},
{"name":"med_phases_prep_ice", "ph":"E", "ts":"2125987793", "pid":"1", "tid":"cmeps"},
{"name":"ModelAdvance", "ph":"B", "ts":"2125992240", "pid":"1", "tid":"ufsatm"},
{"name":"ModelAdvance_phase1", "ph":"B", "ts":"2125992305", "pid":"1", "tid":"ufsatm"},
{"name":"fcst_run_phase_1", "ph":"B", "ts":"2125992501", "pid":"1", "tid":"fv3"},
{"name":"fcst_run_phase_1", "ph":"E", "ts":"2127360363", "pid":"1", "tid":"fv3"},
{"name":"ModelAdvance_phase1", "ph":"E", "ts":"2127360437", "pid":"1", "tid":"ufsatm"},
{"name":"ModelAdvance_phase2", "ph":"B", "ts":"2127360443", "pid":"1", "tid":"ufsatm"},
{"name":"fcst_run_phase_2", "ph":"B", "ts":"2127360473", "pid":"1", "tid":"fv3"},
{"name":"fcst_run_phase_2", "ph":"E", "ts":"2127857234", "pid":"1", "tid":"fv3"},
{"name":"ModelAdvance_phase2", "ph":"E", "ts":"2127857310", "pid":"1", "tid":"ufsatm"},
{"name":"ModelAdvance", "ph":"E", "ts":"2127857317", "pid":"1", "tid":"ufsatm"},
{"name":"med_phases_post_atm", "ph":"B", "ts":"2127858652", "pid":"1", "tid":"cmeps"},
{"name":"med_phases_history_write_comp", "ph":"B", "ts":"2127869218", "pid":"1", "tid":"cmeps"},
{"name":"med_phases_history_write_comp", "ph":"E", "ts":"2127869297", "pid":"1", "tid":"cmeps"},
{"name":"med_phases_post_atm", "ph":"E", "ts":"2127869304", "pid":"1", "tid":"cmeps"},
{"name":"med_phases_post_ice", "ph":"B", "ts":"2127872308", "pid":"1", "tid":"cmeps"},
{"name":"med_phases_history_write_comp", "ph":"B", "ts":"2127889412", "pid":"1", "tid":"cmeps"},
{"name":"med_phases_history_write_comp", "ph":"E", "ts":"2127889478", "pid":"1", "tid":"cmeps"},
{"name":"med_phases_post_ice", "ph":"E", "ts":"2127889484", "pid":"1", "tid":"cmeps"},
{"name":"med_phases_ocnalb_run", "ph":"B", "ts":"2127889823", "pid":"1", "tid":"cmeps"},
{"name":"med_phases_history_write_med", "ph":"B", "ts":"2127890374", "pid":"1", "tid":"cmeps"},
{"name":"med_phases_history_write_med", "ph":"E", "ts":"2127890386", "pid":"1", "tid":"cmeps"},
{"name":"med_phases_ocnalb_run", "ph":"E", "ts":"2127890391", "pid":"1", "tid":"cmeps"},
{"name":"med_phases_prep_ocn_accum", "ph":"B", "ts":"2127890514", "pid":"1", "tid":"cmeps"},
{"name":"med_phases_prep_ocn_accum", "ph":"E", "ts":"2127893254", "pid":"1", "tid":"cmeps"},
{"name":"med_phases_post_ocn", "ph":"B", "ts":"2127894354", "pid":"1", "tid":"cmeps"},
{"name":"med_phases_history_write_comp", "ph":"B", "ts":"2127895188", "pid":"1", "tid":"cmeps"},
{"name":"med_phases_history_write_comp", "ph":"E", "ts":"2127895201", "pid":"1", "tid":"cmeps"},
{"name":"med_phases_post_ocn", "ph":"E", "ts":"2127895206", "pid":"1", "tid":"cmeps"},
{"name":"med_phases_restart_write", "ph":"B", "ts":"2127895312", "pid":"1", "tid":"cmeps"},
{"name":"med_phases_restart_write", "ph":"E", "ts":"2127895336", "pid":"1", "tid":"cmeps"},
{"name":"med_phases_prep_ocn_avg", "ph":"B", "ts":"2127895416", "pid":"1", "tid":"cmeps"},
{"name":"med_phases_prep_ocn_avg", "ph":"E", "ts":"2127895966", "pid":"1", "tid":"cmeps"},
{"name":"med_phases_prep_atm", "ph":"B", "ts":"2127896425", "pid":"1", "tid":"cmeps"},
{"name":"med_phases_prep_atm", "ph":"E", "ts":"2127908872", "pid":"1", "tid":"cmeps"},
{"name":"med_phases_prep_ice", "ph":"B", "ts":"2127909320", "pid":"1", "tid":"cmeps"},
{"name":"med_phases_prep_ice", "ph":"E", "ts":"2127910672", "pid":"1", "tid":"cmeps"},
{"name":"ModelAdvance", "ph":"B", "ts":"2127915310", "pid":"1", "tid":"ufsatm"},
{"name":"ModelAdvance_phase1", "ph":"B", "ts":"2127915328", "pid":"1", "tid":"ufsatm"},
{"name":"fcst_run_phase_1", "ph":"B", "ts":"2127915492", "pid":"1", "tid":"fv3"},
{"name":"fcst_run_phase_1", "ph":"E", "ts":"2129313459", "pid":"1", "tid":"fv3"},
{"name":"ModelAdvance_phase1", "ph":"E", "ts":"2129314962", "pid":"1", "tid":"ufsatm"},
{"name":"ModelAdvance_phase2", "ph":"B", "ts":"2129314974", "pid":"1", "tid":"ufsatm"},
{"name":"fcst_run_phase_2", "ph":"B", "ts":"2129315003", "pid":"1", "tid":"fv3"},
{"name":"fcst_run_phase_2", "ph":"E", "ts":"2129788432", "pid":"1", "tid":"fv3"},
{"name":"ModelAdvance_phase2", "ph":"E", "ts":"2129788509", "pid":"1", "tid":"ufsatm"},
{"name":"ModelAdvance", "ph":"E", "ts":"2129788516", "pid":"1", "tid":"ufsatm"},
{"name":"med_phases_post_atm", "ph":"B", "ts":"2129789609", "pid":"1", "tid":"cmeps"},
{"name":"med_phases_history_write_comp", "ph":"B", "ts":"2129799896", "pid":"1", "tid":"cmeps"},
{"name":"med_phases_history_write_comp", "ph":"E", "ts":"2129800005", "pid":"1", "tid":"cmeps"},
{"name":"med_phases_post_atm", "ph":"E", "ts":"2129800010", "pid":"1", "tid":"cmeps"},
{"name":"med_phases_post_ice", "ph":"B", "ts":"2129804733", "pid":"1", "tid":"cmeps"},
{"name":"med_phases_history_write_comp", "ph":"B", "ts":"2129816598", "pid":"1", "tid":"cmeps"},
{"name":"med_phases_history_write_comp", "ph":"E", "ts":"2129816633", "pid":"1", "tid":"cmeps"},
{"name":"med_phases_post_ice", "ph":"E", "ts":"2129816638", "pid":"1", "tid":"cmeps"},
{"name":"med_phases_ocnalb_run", "ph":"B", "ts":"2129816859", "pid":"1", "tid":"cmeps"},
{"name":"med_phases_history_write_med", "ph":"B", "ts":"2129817522", "pid":"1", "tid":"cmeps"},
{"name":"med_phases_history_write_med", "ph":"E", "ts":"2129817534", "pid":"1", "tid":"cmeps"},
{"name":"med_phases_ocnalb_run", "ph":"E", "ts":"2129817538", "pid":"1", "tid":"cmeps"},
{"name":"med_phases_prep_ocn_accum", "ph":"B", "ts":"2129817699", "pid":"1", "tid":"cmeps"},
{"name":"med_phases_prep_ocn_accum", "ph":"E", "ts":"2129820116", "pid":"1", "tid":"cmeps"},
{"name":"med_phases_prep_atm", "ph":"B", "ts":"2129820238", "pid":"1", "tid":"cmeps"},
{"name":"med_phases_prep_atm", "ph":"E", "ts":"2129825941", "pid":"1", "tid":"cmeps"},
{"name":"med_phases_prep_ice", "ph":"B", "ts":"2129826247", "pid":"1", "tid":"cmeps"},
{"name":"med_phases_prep_ice", "ph":"E", "ts":"2129827770", "pid":"1", "tid":"cmeps"},
{"name":"ModelAdvance", "ph":"B", "ts":"2129844050", "pid":"1", "tid":"ufsatm"},
{"name":"ModelAdvance_phase1", "ph":"B", "ts":"2129844064", "pid":"1", "tid":"ufsatm"},
{"name":"fcst_run_phase_1", "ph":"B", "ts":"2129844116", "pid":"1", "tid":"fv3"},
{"name":"fcst_run_phase_1", "ph":"E", "ts":"2131214957", "pid":"1", "tid":"fv3"},
{"name":"ModelAdvance_phase1", "ph":"E", "ts":"2131215026", "pid":"1", "tid":"ufsatm"},
{"name":"ModelAdvance_phase2", "ph":"B", "ts":"2131215032", "pid":"1", "tid":"ufsatm"},
{"name":"fcst_run_phase_2", "ph":"B", "ts":"2131215060", "pid":"1", "tid":"fv3"},
{"name":"fcst_run_phase_2", "ph":"E", "ts":"2131702531", "pid":"1", "tid":"fv3"},
{"name":"ModelAdvance_phase2", "ph":"E", "ts":"2131702818", "pid":"1", "tid":"ufsatm"},
{"name":"ModelAdvance", "ph":"E", "ts":"2131702837", "pid":"1", "tid":"ufsatm"},
{"name":"med_phases_post_atm", "ph":"B", "ts":"2131704072", "pid":"1", "tid":"cmeps"},
{"name":"med_phases_history_write_comp", "ph":"B", "ts":"2131715177", "pid":"1", "tid":"cmeps"},
{"name":"med_phases_history_write_comp", "ph":"E", "ts":"2131715243", "pid":"1", "tid":"cmeps"},
{"name":"med_phases_post_atm", "ph":"E", "ts":"2131715249", "pid":"1", "tid":"cmeps"},
{"name":"med_phases_post_ice", "ph":"B", "ts":"2131718306", "pid":"1", "tid":"cmeps"},
{"name":"med_phases_history_write_comp", "ph":"B", "ts":"2131731874", "pid":"1", "tid":"cmeps"},
{"name":"med_phases_history_write_comp", "ph":"E", "ts":"2131731922", "pid":"1", "tid":"cmeps"},
{"name":"med_phases_post_ice", "ph":"E", "ts":"2131731927", "pid":"1", "tid":"cmeps"},
{"name":"med_phases_ocnalb_run", "ph":"B", "ts":"2131732220", "pid":"1", "tid":"cmeps"},
{"name":"med_phases_history_write_med", "ph":"B", "ts":"2131733852", "pid":"1", "tid":"cmeps"},
{"name":"med_phases_history_write_med", "ph":"E", "ts":"2131733871", "pid":"1", "tid":"cmeps"},
{"name":"med_phases_ocnalb_run", "ph":"E", "ts":"2131733876", "pid":"1", "tid":"cmeps"},
{"name":"med_phases_prep_ocn_accum", "ph":"B", "ts":"2131734052", "pid":"1", "tid":"cmeps"},
{"name":"med_phases_prep_ocn_accum", "ph":"E", "ts":"2131735894", "pid":"1", "tid":"cmeps"},
{"name":"med_phases_prep_atm", "ph":"B", "ts":"2131736009", "pid":"1", "tid":"cmeps"},
{"name":"med_phases_prep_atm", "ph":"E", "ts":"2131741244", "pid":"1", "tid":"cmeps"},
{"name":"med_phases_prep_ice", "ph":"B", "ts":"2131741593", "pid":"1", "tid":"cmeps"},
{"name":"med_phases_prep_ice", "ph":"E", "ts":"2131743239", "pid":"1", "tid":"cmeps"},
{"name":"ModelAdvance", "ph":"B", "ts":"2131747386", "pid":"1", "tid":"ufsatm"},
{"name":"ModelAdvance_phase1", "ph":"B", "ts":"2131747397", "pid":"1", "tid":"ufsatm"},
{"name":"fcst_run_phase_1", "ph":"B", "ts":"2131747435", "pid":"1", "tid":"fv3"},
{"name":"fcst_run_phase_1", "ph":"E", "ts":"2133107896", "pid":"1", "tid":"fv3"},
{"name":"ModelAdvance_phase1", "ph":"E", "ts":"2133107963", "pid":"1", "tid":"ufsatm"},
{"name":"ModelAdvance_phase2", "ph":"B", "ts":"2133107968", "pid":"1", "tid":"ufsatm"},
{"name":"fcst_run_phase_2", "ph":"B", "ts":"2133107997", "pid":"1", "tid":"fv3"},
{"name":"fcst_run_phase_2", "ph":"E", "ts":"2133600150", "pid":"1", "tid":"fv3"},
{"name":"ModelAdvance_phase2", "ph":"E", "ts":"2133600464", "pid":"1", "tid":"ufsatm"},
{"name":"ModelAdvance", "ph":"E", "ts":"2133600475", "pid":"1", "tid":"ufsatm"},
{"name":"med_phases_post_atm", "ph":"B", "ts":"2133602098", "pid":"1", "tid":"cmeps"},
{"name":"med_phases_history_write_comp", "ph":"B", "ts":"2133612273", "pid":"1", "tid":"cmeps"},
{"name":"med_phases_history_write_comp", "ph":"E", "ts":"2133612413", "pid":"1", "tid":"cmeps"},
{"name":"med_phases_post_atm", "ph":"E", "ts":"2133612419", "pid":"1", "tid":"cmeps"},
{"name":"med_phases_post_ice", "ph":"B", "ts":"2134455349", "pid":"1", "tid":"cmeps"},
{"name":"med_phases_history_write_comp", "ph":"B", "ts":"2134462282", "pid":"1", "tid":"cmeps"},
{"name":"med_phases_history_write_comp", "ph":"E", "ts":"2134462318", "pid":"1", "tid":"cmeps"},
{"name":"med_phases_post_ice", "ph":"E", "ts":"2134462323", "pid":"1", "tid":"cmeps"},
{"name":"med_phases_ocnalb_run", "ph":"B", "ts":"2134462481", "pid":"1", "tid":"cmeps"},
{"name":"med_phases_history_write_med", "ph":"B", "ts":"2134463085", "pid":"1", "tid":"cmeps"},
{"name":"med_phases_history_write_med", "ph":"E", "ts":"2134463109", "pid":"1", "tid":"cmeps"},
{"name":"med_phases_ocnalb_run", "ph":"E", "ts":"2134463114", "pid":"1", "tid":"cmeps"},
{"name":"med_phases_prep_ocn_accum", "ph":"B", "ts":"2134463362", "pid":"1", "tid":"cmeps"},
{"name":"med_phases_prep_ocn_accum", "ph":"E", "ts":"2134466060", "pid":"1", "tid":"cmeps"},
{"name":"med_phases_post_ocn", "ph":"B", "ts":"2134467260", "pid":"1", "tid":"cmeps"},
{"name":"med_phases_history_write_comp", "ph":"B", "ts":"2134467733", "pid":"1", "tid":"cmeps"},
{"name":"med_phases_history_write_comp", "ph":"E", "ts":"2134467746", "pid":"1", "tid":"cmeps"},
{"name":"med_phases_post_ocn", "ph":"E", "ts":"2134467751", "pid":"1", "tid":"cmeps"},
{"name":"med_phases_restart_write", "ph":"B", "ts":"2134467854", "pid":"1", "tid":"cmeps"},
{"name":"med_phases_restart_write", "ph":"E", "ts":"2134467878", "pid":"1", "tid":"cmeps"},
{"name":"med_phases_prep_ocn_avg", "ph":"B", "ts":"2134467959", "pid":"1", "tid":"cmeps"},
{"name":"med_phases_prep_ocn_avg", "ph":"E", "ts":"2134468516", "pid":"1", "tid":"cmeps"},
{"name":"med_phases_prep_atm", "ph":"B", "ts":"2134469071", "pid":"1", "tid":"cmeps"},
{"name":"med_phases_prep_atm", "ph":"E", "ts":"2134481137", "pid":"1", "tid":"cmeps"},
{"name":"med_phases_prep_ice", "ph":"B", "ts":"2134481588", "pid":"1", "tid":"cmeps"},
{"name":"med_phases_prep_ice", "ph":"E", "ts":"2134483003", "pid":"1", "tid":"cmeps"},
{"name":"ModelAdvance", "ph":"B", "ts":"2134487140", "pid":"1", "tid":"ufsatm"},
{"name":"ModelAdvance_phase1", "ph":"B", "ts":"2134487153", "pid":"1", "tid":"ufsatm"},
{"name":"fcst_run_phase_1", "ph":"B", "ts":"2134487190", "pid":"1", "tid":"fv3"},
{"name":"fcst_run_phase_1", "ph":"E", "ts":"2137196192", "pid":"1", "tid":"fv3"},
{"name":"ModelAdvance_phase1", "ph":"E", "ts":"2137196270", "pid":"1", "tid":"ufsatm"},
{"name":"ModelAdvance_phase2", "ph":"B", "ts":"2137196277", "pid":"1", "tid":"ufsatm"},
{"name":"fcst_run_phase_2", "ph":"B", "ts":"2137196307", "pid":"1", "tid":"fv3"},
{"name":"fcst_run_phase_2", "ph":"E", "ts":"2140058725", "pid":"1", "tid":"fv3"},
{"name":"ModelAdvance_phase2", "ph":"E", "ts":"2140059014", "pid":"1", "tid":"ufsatm"},
{"name":"ModelAdvance", "ph":"E", "ts":"2140059024", "pid":"1", "tid":"ufsatm"},
{"name":"med_phases_post_atm", "ph":"B", "ts":"2140060068", "pid":"1", "tid":"cmeps"},
{"name":"med_phases_history_write_comp", "ph":"B", "ts":"2140070332", "pid":"1", "tid":"cmeps"},
{"name":"med_phases_history_write_comp", "ph":"E", "ts":"2140070431", "pid":"1", "tid":"cmeps"},
{"name":"med_phases_post_atm", "ph":"E", "ts":"2140070437", "pid":"1", "tid":"cmeps"},
{"name":"med_phases_post_ice", "ph":"B", "ts":"2140074503", "pid":"1", "tid":"cmeps"},
{"name":"med_phases_history_write_comp", "ph":"B", "ts":"2140086972", "pid":"1", "tid":"cmeps"},
{"name":"med_phases_history_write_comp", "ph":"E", "ts":"2140087015", "pid":"1", "tid":"cmeps"},
{"name":"med_phases_post_ice", "ph":"E", "ts":"2140087020", "pid":"1", "tid":"cmeps"},
{"name":"med_phases_ocnalb_run", "ph":"B", "ts":"2140087350", "pid":"1", "tid":"cmeps"},
{"name":"med_phases_history_write_med", "ph":"B", "ts":"2140088177", "pid":"1", "tid":"cmeps"},
{"name":"med_phases_history_write_med", "ph":"E", "ts":"2140088194", "pid":"1", "tid":"cmeps"},
{"name":"med_phases_ocnalb_run", "ph":"E", "ts":"2140088200", "pid":"1", "tid":"cmeps"},
{"name":"med_phases_prep_ocn_accum", "ph":"B", "ts":"2140088327", "pid":"1", "tid":"cmeps"},
{"name":"med_phases_prep_ocn_accum", "ph":"E", "ts":"2140090790", "pid":"1", "tid":"cmeps"},
{"name":"med_phases_prep_atm", "ph":"B", "ts":"2140090916", "pid":"1", "tid":"cmeps"},
{"name":"med_phases_prep_atm", "ph":"E", "ts":"2140096656", "pid":"1", "tid":"cmeps"},
{"name":"med_phases_prep_ice", "ph":"B", "ts":"2140097060", "pid":"1", "tid":"cmeps"},
{"name":"med_phases_prep_ice", "ph":"E", "ts":"2140098489", "pid":"1", "tid":"cmeps"},
{"name":"ModelAdvance", "ph":"B", "ts":"2140102495", "pid":"1", "tid":"ufsatm"},
{"name":"ModelAdvance_phase1", "ph":"B", "ts":"2140102508", "pid":"1", "tid":"ufsatm"},
{"name":"fcst_run_phase_1", "ph":"B", "ts":"2140102543", "pid":"1", "tid":"fv3"},
{"name":"fcst_run_phase_1", "ph":"E", "ts":"2141491833", "pid":"1", "tid":"fv3"},
{"name":"ModelAdvance_phase1", "ph":"E", "ts":"2141491907", "pid":"1", "tid":"ufsatm"},
{"name":"ModelAdvance_phase2", "ph":"B", "ts":"2141491913", "pid":"1", "tid":"ufsatm"},
{"name":"fcst_run_phase_2", "ph":"B", "ts":"2141491942", "pid":"1", "tid":"fv3"},
{"name":"fcst_run_phase_2", "ph":"E", "ts":"2141963197", "pid":"1", "tid":"fv3"},
{"name":"ModelAdvance_phase2", "ph":"E", "ts":"2141963459", "pid":"1", "tid":"ufsatm"},
{"name":"ModelAdvance", "ph":"E", "ts":"2141963474", "pid":"1", "tid":"ufsatm"},
{"name":"med_phases_post_atm", "ph":"B", "ts":"2141964589", "pid":"1", "tid":"cmeps"},
{"name":"med_phases_history_write_comp", "ph":"B", "ts":"2141974708", "pid":"1", "tid":"cmeps"},
{"name":"med_phases_history_write_comp", "ph":"E", "ts":"2141974792", "pid":"1", "tid":"cmeps"},
{"name":"med_phases_post_atm", "ph":"E", "ts":"2141974798", "pid":"1", "tid":"cmeps"},
{"name":"med_phases_post_ice", "ph":"B", "ts":"2141977382", "pid":"1", "tid":"cmeps"},
{"name":"med_phases_history_write_comp", "ph":"B", "ts":"2141991764", "pid":"1", "tid":"cmeps"},
{"name":"med_phases_history_write_comp", "ph":"E", "ts":"2141991805", "pid":"1", "tid":"cmeps"},
{"name":"med_phases_post_ice", "ph":"E", "ts":"2141991810", "pid":"1", "tid":"cmeps"},
{"name":"med_phases_ocnalb_run", "ph":"B", "ts":"2141991965", "pid":"1", "tid":"cmeps"},
{"name":"med_phases_history_write_med", "ph":"B", "ts":"2141992577", "pid":"1", "tid":"cmeps"},
{"name":"med_phases_history_write_med", "ph":"E", "ts":"2141992605", "pid":"1", "tid":"cmeps"},
{"name":"med_phases_ocnalb_run", "ph":"E", "ts":"2141992611", "pid":"1", "tid":"cmeps"},
{"name":"med_phases_prep_ocn_accum", "ph":"B", "ts":"2141992891", "pid":"1", "tid":"cmeps"},
{"name":"med_phases_prep_ocn_accum", "ph":"E", "ts":"2141995369", "pid":"1", "tid":"cmeps"},
{"name":"med_phases_prep_atm", "ph":"B", "ts":"2141995508", "pid":"1", "tid":"cmeps"},
{"name":"med_phases_prep_atm", "ph":"E", "ts":"2142000923", "pid":"1", "tid":"cmeps"},
{"name":"med_phases_prep_ice", "ph":"B", "ts":"2142001340", "pid":"1", "tid":"cmeps"},
{"name":"med_phases_prep_ice", "ph":"E", "ts":"2142002914", "pid":"1", "tid":"cmeps"},
{"name":"ModelAdvance", "ph":"B", "ts":"2142007051", "pid":"1", "tid":"ufsatm"},
{"name":"ModelAdvance_phase1", "ph":"B", "ts":"2142007064", "pid":"1", "tid":"ufsatm"},
{"name":"fcst_run_phase_1", "ph":"B", "ts":"2142007128", "pid":"1", "tid":"fv3"},
{"name":"fcst_run_phase_1", "ph":"E", "ts":"2143387783", "pid":"1", "tid":"fv3"},
{"name":"ModelAdvance_phase1", "ph":"E", "ts":"2143387852", "pid":"1", "tid":"ufsatm"},
{"name":"ModelAdvance_phase2", "ph":"B", "ts":"2143387858", "pid":"1", "tid":"ufsatm"},
{"name":"fcst_run_phase_2", "ph":"B", "ts":"2143387886", "pid":"1", "tid":"fv3"},
{"name":"fcst_run_phase_2", "ph":"E", "ts":"2143867634", "pid":"1", "tid":"fv3"},
{"name":"ModelAdvance_phase2", "ph":"E", "ts":"2143867711", "pid":"1", "tid":"ufsatm"},
{"name":"ModelAdvance", "ph":"E", "ts":"2143867718", "pid":"1", "tid":"ufsatm"},
{"name":"med_phases_post_atm", "ph":"B", "ts":"2143869129", "pid":"1", "tid":"cmeps"},
{"name":"med_phases_history_write_comp", "ph":"B", "ts":"2143880314", "pid":"1", "tid":"cmeps"},
{"name":"med_phases_history_write_comp", "ph":"E", "ts":"2143880385", "pid":"1", "tid":"cmeps"},
{"name":"med_phases_post_atm", "ph":"E", "ts":"2143880392", "pid":"1", "tid":"cmeps"},
{"name":"med_phases_post_ice", "ph":"B", "ts":"2143883670", "pid":"1", "tid":"cmeps"},
{"name":"med_phases_history_write_comp", "ph":"B", "ts":"2143900692", "pid":"1", "tid":"cmeps"},
{"name":"med_phases_history_write_comp", "ph":"E", "ts":"2143900751", "pid":"1", "tid":"cmeps"},
{"name":"med_phases_post_ice", "ph":"E", "ts":"2143900756", "pid":"1", "tid":"cmeps"},
{"name":"med_phases_ocnalb_run", "ph":"B", "ts":"2143901068", "pid":"1", "tid":"cmeps"},
{"name":"med_phases_history_write_med", "ph":"B", "ts":"2143901710", "pid":"1", "tid":"cmeps"},
{"name":"med_phases_history_write_med", "ph":"E", "ts":"2143901723", "pid":"1", "tid":"cmeps"},
{"name":"med_phases_ocnalb_run", "ph":"E", "ts":"2143901729", "pid":"1", "tid":"cmeps"},
{"name":"med_phases_prep_ocn_accum", "ph":"B", "ts":"2143901850", "pid":"1", "tid":"cmeps"},
{"name":"med_phases_prep_ocn_accum", "ph":"E", "ts":"2143904471", "pid":"1", "tid":"cmeps"},
{"name":"med_phases_post_ocn", "ph":"B", "ts":"2143906118", "pid":"1", "tid":"cmeps"},
{"name":"med_phases_history_write_comp", "ph":"B", "ts":"2143906586", "pid":"1", "tid":"cmeps"},
{"name":"med_phases_history_write_comp", "ph":"E", "ts":"2143906598", "pid":"1", "tid":"cmeps"},
{"name":"med_phases_post_ocn", "ph":"E", "ts":"2143906603", "pid":"1", "tid":"cmeps"},
{"name":"med_phases_restart_write", "ph":"B", "ts":"2143906710", "pid":"1", "tid":"cmeps"},
{"name":"med_phases_restart_write", "ph":"E", "ts":"2143906733", "pid":"1", "tid":"cmeps"},
{"name":"med_phases_prep_ocn_avg", "ph":"B", "ts":"2143906814", "pid":"1", "tid":"cmeps"},
{"name":"med_phases_prep_ocn_avg", "ph":"E", "ts":"2143907357", "pid":"1", "tid":"cmeps"},
{"name":"med_phases_prep_atm", "ph":"B", "ts":"2143907808", "pid":"1", "tid":"cmeps"},
{"name":"med_phases_prep_atm", "ph":"E", "ts":"2143920114", "pid":"1", "tid":"cmeps"},
{"name":"med_phases_prep_ice", "ph":"B", "ts":"2143920468", "pid":"1", "tid":"cmeps"},
{"name":"med_phases_prep_ice", "ph":"E", "ts":"2143921851", "pid":"1", "tid":"cmeps"},
{"name":"ModelAdvance", "ph":"B", "ts":"2143925936", "pid":"1", "tid":"ufsatm"},
{"name":"ModelAdvance_phase1", "ph":"B", "ts":"2143925947", "pid":"1", "tid":"ufsatm"},
{"name":"fcst_run_phase_1", "ph":"B", "ts":"2143925976", "pid":"1", "tid":"fv3"},
{"name":"fcst_run_phase_1", "ph":"E", "ts":"2145308457", "pid":"1", "tid":"fv3"},
{"name":"ModelAdvance_phase1", "ph":"E", "ts":"2145308530", "pid":"1", "tid":"ufsatm"},
{"name":"ModelAdvance_phase2", "ph":"B", "ts":"2145308537", "pid":"1", "tid":"ufsatm"},
{"name":"fcst_run_phase_2", "ph":"B", "ts":"2145308565", "pid":"1", "tid":"fv3"},
{"name":"fcst_run_phase_2", "ph":"E", "ts":"2145784054", "pid":"1", "tid":"fv3"},
{"name":"ModelAdvance_phase2", "ph":"E", "ts":"2145784134", "pid":"1", "tid":"ufsatm"},
{"name":"ModelAdvance", "ph":"E", "ts":"2145784140", "pid":"1", "tid":"ufsatm"},
{"name":"med_phases_post_atm", "ph":"B", "ts":"2145785176", "pid":"1", "tid":"cmeps"},
{"name":"med_phases_history_write_comp", "ph":"B", "ts":"2145795774", "pid":"1", "tid":"cmeps"},
{"name":"med_phases_history_write_comp", "ph":"E", "ts":"2145795836", "pid":"1", "tid":"cmeps"},
{"name":"med_phases_post_atm", "ph":"E", "ts":"2145795841", "pid":"1", "tid":"cmeps"},
{"name":"med_phases_post_ice", "ph":"B", "ts":"2145801592", "pid":"1", "tid":"cmeps"},
{"name":"med_phases_history_write_comp", "ph":"B", "ts":"2145812284", "pid":"1", "tid":"cmeps"},
{"name":"med_phases_history_write_comp", "ph":"E", "ts":"2145812333", "pid":"1", "tid":"cmeps"},
{"name":"med_phases_post_ice", "ph":"E", "ts":"2145812339", "pid":"1", "tid":"cmeps"},
{"name":"med_phases_ocnalb_run", "ph":"B", "ts":"2145812581", "pid":"1", "tid":"cmeps"},
{"name":"med_phases_history_write_med", "ph":"B", "ts":"2145813254", "pid":"1", "tid":"cmeps"},
{"name":"med_phases_history_write_med", "ph":"E", "ts":"2145813265", "pid":"1", "tid":"cmeps"},
{"name":"med_phases_ocnalb_run", "ph":"E", "ts":"2145813271", "pid":"1", "tid":"cmeps"},
{"name":"med_phases_prep_ocn_accum", "ph":"B", "ts":"2145813460", "pid":"1", "tid":"cmeps"},
{"name":"med_phases_prep_ocn_accum", "ph":"E", "ts":"2145816059", "pid":"1", "tid":"cmeps"},
{"name":"med_phases_prep_atm", "ph":"B", "ts":"2145816190", "pid":"1", "tid":"cmeps"},
{"name":"med_phases_prep_atm", "ph":"E", "ts":"2145821732", "pid":"1", "tid":"cmeps"},
{"name":"med_phases_prep_ice", "ph":"B", "ts":"2145822119", "pid":"1", "tid":"cmeps"},
{"name":"med_phases_prep_ice", "ph":"E", "ts":"2145823711", "pid":"1", "tid":"cmeps"},
{"name":"ModelAdvance", "ph":"B", "ts":"2145827926", "pid":"1", "tid":"ufsatm"},
{"name":"ModelAdvance_phase1", "ph":"B", "ts":"2145827940", "pid":"1", "tid":"ufsatm"},
{"name":"fcst_run_phase_1", "ph":"B", "ts":"2145828006", "pid":"1", "tid":"fv3"},
{"name":"fcst_run_phase_1", "ph":"E", "ts":"2147203195", "pid":"1", "tid":"fv3"},
{"name":"ModelAdvance_phase1", "ph":"E", "ts":"2147203269", "pid":"1", "tid":"ufsatm"},
{"name":"ModelAdvance_phase2", "ph":"B", "ts":"2147203275", "pid":"1", "tid":"ufsatm"},
{"name":"fcst_run_phase_2", "ph":"B", "ts":"2147203304", "pid":"1", "tid":"fv3"},
{"name":"fcst_run_phase_2", "ph":"E", "ts":"2147672612", "pid":"1", "tid":"fv3"},
{"name":"ModelAdvance_phase2", "ph":"E", "ts":"2147672715", "pid":"1", "tid":"ufsatm"},
{"name":"ModelAdvance", "ph":"E", "ts":"2147672721", "pid":"1", "tid":"ufsatm"},
{"name":"med_phases_post_atm", "ph":"B", "ts":"2147673846", "pid":"1", "tid":"cmeps"},
{"name":"med_phases_history_write_comp", "ph":"B", "ts":"2147684214", "pid":"1", "tid":"cmeps"},
{"name":"med_phases_history_write_comp", "ph":"E", "ts":"2147684311", "pid":"1", "tid":"cmeps"},
{"name":"med_phases_post_atm", "ph":"E", "ts":"2147684317", "pid":"1", "tid":"cmeps"},
{"name":"med_phases_post_ice", "ph":"B", "ts":"2147687592", "pid":"1", "tid":"cmeps"},
{"name":"med_phases_history_write_comp", "ph":"B", "ts":"2147701029", "pid":"1", "tid":"cmeps"},
{"name":"med_phases_history_write_comp", "ph":"E", "ts":"2147701084", "pid":"1", "tid":"cmeps"},
{"name":"med_phases_post_ice", "ph":"E", "ts":"2147701093", "pid":"1", "tid":"cmeps"},
{"name":"med_phases_ocnalb_run", "ph":"B", "ts":"2147701436", "pid":"1", "tid":"cmeps"},
{"name":"med_phases_history_write_med", "ph":"B", "ts":"2147702391", "pid":"1", "tid":"cmeps"},
{"name":"med_phases_history_write_med", "ph":"E", "ts":"2147702402", "pid":"1", "tid":"cmeps"},
{"name":"med_phases_ocnalb_run", "ph":"E", "ts":"2147702407", "pid":"1", "tid":"cmeps"},
{"name":"med_phases_prep_ocn_accum", "ph":"B", "ts":"2147702525", "pid":"1", "tid":"cmeps"},
{"name":"med_phases_prep_ocn_accum", "ph":"E", "ts":"2147705101", "pid":"1", "tid":"cmeps"},
{"name":"med_phases_prep_atm", "ph":"B", "ts":"2147705258", "pid":"1", "tid":"cmeps"},
{"name":"med_phases_prep_atm", "ph":"E", "ts":"2147711192", "pid":"1", "tid":"cmeps"},
{"name":"med_phases_prep_ice", "ph":"B", "ts":"2147711525", "pid":"1", "tid":"cmeps"},
{"name":"med_phases_prep_ice", "ph":"E", "ts":"2147712827", "pid":"1", "tid":"cmeps"},
{"name":"ModelAdvance", "ph":"B", "ts":"2147717024", "pid":"1", "tid":"ufsatm"},
{"name":"ModelAdvance_phase1", "ph":"B", "ts":"2147717036", "pid":"1", "tid":"ufsatm"},
{"name":"fcst_run_phase_1", "ph":"B", "ts":"2147717076", "pid":"1", "tid":"fv3"},
{"name":"fcst_run_phase_1", "ph":"E", "ts":"2149087323", "pid":"1", "tid":"fv3"},
{"name":"ModelAdvance_phase1", "ph":"E", "ts":"2149087396", "pid":"1", "tid":"ufsatm"},
{"name":"ModelAdvance_phase2", "ph":"B", "ts":"2149087402", "pid":"1", "tid":"ufsatm"},
{"name":"fcst_run_phase_2", "ph":"B", "ts":"2149087431", "pid":"1", "tid":"fv3"},
{"name":"fcst_run_phase_2", "ph":"E", "ts":"2149560171", "pid":"1", "tid":"fv3"},
{"name":"ModelAdvance_phase2", "ph":"E", "ts":"2149560239", "pid":"1", "tid":"ufsatm"},
{"name":"ModelAdvance", "ph":"E", "ts":"2149560245", "pid":"1", "tid":"ufsatm"},
{"name":"med_phases_post_atm", "ph":"B", "ts":"2149561360", "pid":"1", "tid":"cmeps"},
{"name":"med_phases_history_write_comp", "ph":"B", "ts":"2149572069", "pid":"1", "tid":"cmeps"},
{"name":"med_phases_history_write_comp", "ph":"E", "ts":"2149572143", "pid":"1", "tid":"cmeps"},
{"name":"med_phases_post_atm", "ph":"E", "ts":"2149572149", "pid":"1", "tid":"cmeps"},
{"name":"med_phases_post_ice", "ph":"B", "ts":"2149577196", "pid":"1", "tid":"cmeps"},
{"name":"med_phases_history_write_comp", "ph":"B", "ts":"2149593438", "pid":"1", "tid":"cmeps"},
{"name":"med_phases_history_write_comp", "ph":"E", "ts":"2149593475", "pid":"1", "tid":"cmeps"},
{"name":"med_phases_post_ice", "ph":"E", "ts":"2149593481", "pid":"1", "tid":"cmeps"},
{"name":"med_phases_ocnalb_run", "ph":"B", "ts":"2149593634", "pid":"1", "tid":"cmeps"},
{"name":"med_phases_history_write_med", "ph":"B", "ts":"2149594283", "pid":"1", "tid":"cmeps"},
{"name":"med_phases_history_write_med", "ph":"E", "ts":"2149594322", "pid":"1", "tid":"cmeps"},
{"name":"med_phases_ocnalb_run", "ph":"E", "ts":"2149594327", "pid":"1", "tid":"cmeps"},
{"name":"med_phases_prep_ocn_accum", "ph":"B", "ts":"2149594574", "pid":"1", "tid":"cmeps"},
{"name":"med_phases_prep_ocn_accum", "ph":"E", "ts":"2149597232", "pid":"1", "tid":"cmeps"},
{"name":"med_phases_post_ocn", "ph":"B", "ts":"2149598395", "pid":"1", "tid":"cmeps"},
{"name":"med_phases_history_write_comp", "ph":"B", "ts":"2149598897", "pid":"1", "tid":"cmeps"},
{"name":"med_phases_history_write_comp", "ph":"E", "ts":"2149598910", "pid":"1", "tid":"cmeps"},
{"name":"med_phases_post_ocn", "ph":"E", "ts":"2149598914", "pid":"1", "tid":"cmeps"},
{"name":"med_phases_restart_write", "ph":"B", "ts":"2149599020", "pid":"1", "tid":"cmeps"},
{"name":"med_phases_restart_write", "ph":"E", "ts":"2149599044", "pid":"1", "tid":"cmeps"},
{"name":"med_phases_prep_ocn_avg", "ph":"B", "ts":"2149599125", "pid":"1", "tid":"cmeps"},
{"name":"med_phases_prep_ocn_avg", "ph":"E", "ts":"2149599738", "pid":"1", "tid":"cmeps"},
{"name":"med_phases_prep_atm", "ph":"B", "ts":"2149600204", "pid":"1", "tid":"cmeps"},
{"name":"med_phases_prep_atm", "ph":"E", "ts":"2149612482", "pid":"1", "tid":"cmeps"},
{"name":"med_phases_prep_ice", "ph":"B", "ts":"2149612877", "pid":"1", "tid":"cmeps"},
{"name":"med_phases_prep_ice", "ph":"E", "ts":"2149614438", "pid":"1", "tid":"cmeps"},
{"name":"ModelAdvance", "ph":"B", "ts":"2149618547", "pid":"1", "tid":"ufsatm"},
{"name":"ModelAdvance_phase1", "ph":"B", "ts":"2149618559", "pid":"1", "tid":"ufsatm"},
{"name":"fcst_run_phase_1", "ph":"B", "ts":"2149618604", "pid":"1", "tid":"fv3"},
{"name":"fcst_run_phase_1", "ph":"E", "ts":"2152336167", "pid":"1", "tid":"fv3"},
{"name":"ModelAdvance_phase1", "ph":"E", "ts":"2152336242", "pid":"1", "tid":"ufsatm"},
{"name":"ModelAdvance_phase2", "ph":"B", "ts":"2152336249", "pid":"1", "tid":"ufsatm"},
{"name":"fcst_run_phase_2", "ph":"B", "ts":"2152336282", "pid":"1", "tid":"fv3"},
{"name":"fcst_run_phase_2", "ph":"E", "ts":"2155132183", "pid":"1", "tid":"fv3"},
{"name":"ModelAdvance_phase2", "ph":"E", "ts":"2155132276", "pid":"1", "tid":"ufsatm"},
{"name":"ModelAdvance", "ph":"E", "ts":"2155132282", "pid":"1", "tid":"ufsatm"},
{"name":"med_phases_post_atm", "ph":"B", "ts":"2155133501", "pid":"1", "tid":"cmeps"},
{"name":"med_phases_history_write_comp", "ph":"B", "ts":"2155144891", "pid":"1", "tid":"cmeps"},
{"name":"med_phases_history_write_comp", "ph":"E", "ts":"2155144955", "pid":"1", "tid":"cmeps"},
{"name":"med_phases_post_atm", "ph":"E", "ts":"2155144961", "pid":"1", "tid":"cmeps"},
{"name":"med_phases_post_ice", "ph":"B", "ts":"2155154364", "pid":"1", "tid":"cmeps"},
{"name":"med_phases_history_write_comp", "ph":"B", "ts":"2155165969", "pid":"1", "tid":"cmeps"},
{"name":"med_phases_history_write_comp", "ph":"E", "ts":"2155166021", "pid":"1", "tid":"cmeps"},
{"name":"med_phases_post_ice", "ph":"E", "ts":"2155166026", "pid":"1", "tid":"cmeps"},
{"name":"med_phases_ocnalb_run", "ph":"B", "ts":"2155166311", "pid":"1", "tid":"cmeps"},
{"name":"med_phases_history_write_med", "ph":"B", "ts":"2155166954", "pid":"1", "tid":"cmeps"},
{"name":"med_phases_history_write_med", "ph":"E", "ts":"2155166962", "pid":"1", "tid":"cmeps"},
{"name":"med_phases_ocnalb_run", "ph":"E", "ts":"2155166967", "pid":"1", "tid":"cmeps"},
{"name":"med_phases_prep_ocn_accum", "ph":"B", "ts":"2155167078", "pid":"1", "tid":"cmeps"},
{"name":"med_phases_prep_ocn_accum", "ph":"E", "ts":"2155169780", "pid":"1", "tid":"cmeps"},
{"name":"med_phases_prep_atm", "ph":"B", "ts":"2155169925", "pid":"1", "tid":"cmeps"},
{"name":"med_phases_prep_atm", "ph":"E", "ts":"2155175797", "pid":"1", "tid":"cmeps"},
{"name":"med_phases_prep_ice", "ph":"B", "ts":"2155176208", "pid":"1", "tid":"cmeps"},
{"name":"med_phases_prep_ice", "ph":"E", "ts":"2155177560", "pid":"1", "tid":"cmeps"},
{"name":"ModelAdvance", "ph":"B", "ts":"2155181663", "pid":"1", "tid":"ufsatm"},
{"name":"ModelAdvance_phase1", "ph":"B", "ts":"2155181675", "pid":"1", "tid":"ufsatm"},
{"name":"fcst_run_phase_1", "ph":"B", "ts":"2155181707", "pid":"1", "tid":"fv3"},
{"name":"fcst_run_phase_1", "ph":"E", "ts":"2156556211", "pid":"1", "tid":"fv3"},
{"name":"ModelAdvance_phase1", "ph":"E", "ts":"2156556285", "pid":"1", "tid":"ufsatm"},
{"name":"ModelAdvance_phase2", "ph":"B", "ts":"2156556291", "pid":"1", "tid":"ufsatm"},
{"name":"fcst_run_phase_2", "ph":"B", "ts":"2156556320", "pid":"1", "tid":"fv3"},
{"name":"fcst_run_phase_2", "ph":"E", "ts":"2157009570", "pid":"1", "tid":"fv3"},
{"name":"ModelAdvance_phase2", "ph":"E", "ts":"2157009638", "pid":"1", "tid":"ufsatm"},
{"name":"ModelAdvance", "ph":"E", "ts":"2157009644", "pid":"1", "tid":"ufsatm"},
{"name":"med_phases_post_atm", "ph":"B", "ts":"2157010972", "pid":"1", "tid":"cmeps"},
{"name":"med_phases_history_write_comp", "ph":"B", "ts":"2157021730", "pid":"1", "tid":"cmeps"},
{"name":"med_phases_history_write_comp", "ph":"E", "ts":"2157021885", "pid":"1", "tid":"cmeps"},
{"name":"med_phases_post_atm", "ph":"E", "ts":"2157021895", "pid":"1", "tid":"cmeps"},
{"name":"med_phases_post_ice", "ph":"B", "ts":"2157027548", "pid":"1", "tid":"cmeps"},
{"name":"med_phases_history_write_comp", "ph":"B", "ts":"2157042075", "pid":"1", "tid":"cmeps"},
{"name":"med_phases_history_write_comp", "ph":"E", "ts":"2157042127", "pid":"1", "tid":"cmeps"},
{"name":"med_phases_post_ice", "ph":"E", "ts":"2157042133", "pid":"1", "tid":"cmeps"},
{"name":"med_phases_ocnalb_run", "ph":"B", "ts":"2157042388", "pid":"1", "tid":"cmeps"},
{"name":"med_phases_history_write_med", "ph":"B", "ts":"2157043002", "pid":"1", "tid":"cmeps"},
{"name":"med_phases_history_write_med", "ph":"E", "ts":"2157043009", "pid":"1", "tid":"cmeps"},
{"name":"med_phases_ocnalb_run", "ph":"E", "ts":"2157043014", "pid":"1", "tid":"cmeps"},
{"name":"med_phases_prep_ocn_accum", "ph":"B", "ts":"2157043163", "pid":"1", "tid":"cmeps"},
{"name":"med_phases_prep_ocn_accum", "ph":"E", "ts":"2157045813", "pid":"1", "tid":"cmeps"},
{"name":"med_phases_prep_atm", "ph":"B", "ts":"2157045950", "pid":"1", "tid":"cmeps"},
{"name":"med_phases_prep_atm", "ph":"E", "ts":"2157051693", "pid":"1", "tid":"cmeps"},
{"name":"med_phases_prep_ice", "ph":"B", "ts":"2157051972", "pid":"1", "tid":"cmeps"},
{"name":"med_phases_prep_ice", "ph":"E", "ts":"2157053466", "pid":"1", "tid":"cmeps"},
{"name":"ModelAdvance", "ph":"B", "ts":"2157057505", "pid":"1", "tid":"ufsatm"},
{"name":"ModelAdvance_phase1", "ph":"B", "ts":"2157057521", "pid":"1", "tid":"ufsatm"},
{"name":"fcst_run_phase_1", "ph":"B", "ts":"2157057652", "pid":"1", "tid":"fv3"},
{"name":"fcst_run_phase_1", "ph":"E", "ts":"2158432432", "pid":"1", "tid":"fv3"},
{"name":"ModelAdvance_phase1", "ph":"E", "ts":"2158432501", "pid":"1", "tid":"ufsatm"},
{"name":"ModelAdvance_phase2", "ph":"B", "ts":"2158432507", "pid":"1", "tid":"ufsatm"},
{"name":"fcst_run_phase_2", "ph":"B", "ts":"2158432535", "pid":"1", "tid":"fv3"},
{"name":"fcst_run_phase_2", "ph":"E", "ts":"2158882782", "pid":"1", "tid":"fv3"},
{"name":"ModelAdvance_phase2", "ph":"E", "ts":"2158882858", "pid":"1", "tid":"ufsatm"},
{"name":"ModelAdvance", "ph":"E", "ts":"2158882864", "pid":"1", "tid":"ufsatm"},
{"name":"med_phases_post_atm", "ph":"B", "ts":"2158884017", "pid":"1", "tid":"cmeps"},
{"name":"med_phases_history_write_comp", "ph":"B", "ts":"2158895232", "pid":"1", "tid":"cmeps"},
{"name":"med_phases_history_write_comp", "ph":"E", "ts":"2158895307", "pid":"1", "tid":"cmeps"},
{"name":"med_phases_post_atm", "ph":"E", "ts":"2158895313", "pid":"1", "tid":"cmeps"},
{"name":"med_phases_post_ice", "ph":"B", "ts":"2158899672", "pid":"1", "tid":"cmeps"},
{"name":"med_phases_history_write_comp", "ph":"B", "ts":"2158916004", "pid":"1", "tid":"cmeps"},
{"name":"med_phases_history_write_comp", "ph":"E", "ts":"2158916044", "pid":"1", "tid":"cmeps"},
{"name":"med_phases_post_ice", "ph":"E", "ts":"2158916049", "pid":"1", "tid":"cmeps"},
{"name":"med_phases_ocnalb_run", "ph":"B", "ts":"2158916201", "pid":"1", "tid":"cmeps"},
{"name":"med_phases_history_write_med", "ph":"B", "ts":"2158916912", "pid":"1", "tid":"cmeps"},
{"name":"med_phases_history_write_med", "ph":"E", "ts":"2158916928", "pid":"1", "tid":"cmeps"},
{"name":"med_phases_ocnalb_run", "ph":"E", "ts":"2158916935", "pid":"1", "tid":"cmeps"},
{"name":"med_phases_prep_ocn_accum", "ph":"B", "ts":"2158917116", "pid":"1", "tid":"cmeps"},
{"name":"med_phases_prep_ocn_accum", "ph":"E", "ts":"2158919531", "pid":"1", "tid":"cmeps"},
{"name":"med_phases_post_ocn", "ph":"B", "ts":"2158920705", "pid":"1", "tid":"cmeps"},
{"name":"med_phases_history_write_comp", "ph":"B", "ts":"2158921394", "pid":"1", "tid":"cmeps"},
{"name":"med_phases_history_write_comp", "ph":"E", "ts":"2158921407", "pid":"1", "tid":"cmeps"},
{"name":"med_phases_post_ocn", "ph":"E", "ts":"2158921412", "pid":"1", "tid":"cmeps"},
{"name":"med_phases_restart_write", "ph":"B", "ts":"2158921521", "pid":"1", "tid":"cmeps"},
{"name":"med_phases_restart_write", "ph":"E", "ts":"2158921545", "pid":"1", "tid":"cmeps"},
{"name":"med_phases_prep_ocn_avg", "ph":"B", "ts":"2158921626", "pid":"1", "tid":"cmeps"},
{"name":"med_phases_prep_ocn_avg", "ph":"E", "ts":"2158922167", "pid":"1", "tid":"cmeps"},
{"name":"med_phases_prep_atm", "ph":"B", "ts":"2158922611", "pid":"1", "tid":"cmeps"},
{"name":"med_phases_prep_atm", "ph":"E", "ts":"2158935387", "pid":"1", "tid":"cmeps"},
{"name":"med_phases_prep_ice", "ph":"B", "ts":"2158935716", "pid":"1", "tid":"cmeps"},
{"name":"med_phases_prep_ice", "ph":"E", "ts":"2158937077", "pid":"1", "tid":"cmeps"},
{"name":"ModelAdvance", "ph":"B", "ts":"2158941026", "pid":"1", "tid":"ufsatm"},
{"name":"ModelAdvance_phase1", "ph":"B", "ts":"2158941046", "pid":"1", "tid":"ufsatm"},
{"name":"fcst_run_phase_1", "ph":"B", "ts":"2158941171", "pid":"1", "tid":"fv3"},
{"name":"fcst_run_phase_1", "ph":"E", "ts":"2160334108", "pid":"1", "tid":"fv3"},
{"name":"ModelAdvance_phase1", "ph":"E", "ts":"2160334175", "pid":"1", "tid":"ufsatm"},
{"name":"ModelAdvance_phase2", "ph":"B", "ts":"2160334181", "pid":"1", "tid":"ufsatm"},
{"name":"fcst_run_phase_2", "ph":"B", "ts":"2160334210", "pid":"1", "tid":"fv3"},
{"name":"fcst_run_phase_2", "ph":"E", "ts":"2160776261", "pid":"1", "tid":"fv3"},
{"name":"ModelAdvance_phase2", "ph":"E", "ts":"2160776330", "pid":"1", "tid":"ufsatm"},
{"name":"ModelAdvance", "ph":"E", "ts":"2160776335", "pid":"1", "tid":"ufsatm"},
{"name":"med_phases_post_atm", "ph":"B", "ts":"2160777407", "pid":"1", "tid":"cmeps"},
{"name":"med_phases_history_write_comp", "ph":"B", "ts":"2160787621", "pid":"1", "tid":"cmeps"},
{"name":"med_phases_history_write_comp", "ph":"E", "ts":"2160787800", "pid":"1", "tid":"cmeps"},
{"name":"med_phases_post_atm", "ph":"E", "ts":"2160787809", "pid":"1", "tid":"cmeps"},
{"name":"med_phases_post_ice", "ph":"B", "ts":"2160790811", "pid":"1", "tid":"cmeps"},
{"name":"med_phases_history_write_comp", "ph":"B", "ts":"2160804395", "pid":"1", "tid":"cmeps"},
{"name":"med_phases_history_write_comp", "ph":"E", "ts":"2160804435", "pid":"1", "tid":"cmeps"},
{"name":"med_phases_post_ice", "ph":"E", "ts":"2160804440", "pid":"1", "tid":"cmeps"},
{"name":"med_phases_ocnalb_run", "ph":"B", "ts":"2160804695", "pid":"1", "tid":"cmeps"},
{"name":"med_phases_history_write_med", "ph":"B", "ts":"2160805579", "pid":"1", "tid":"cmeps"},
{"name":"med_phases_history_write_med", "ph":"E", "ts":"2160805594", "pid":"1", "tid":"cmeps"},
{"name":"med_phases_ocnalb_run", "ph":"E", "ts":"2160805598", "pid":"1", "tid":"cmeps"},
{"name":"med_phases_prep_ocn_accum", "ph":"B", "ts":"2160805743", "pid":"1", "tid":"cmeps"},
{"name":"med_phases_prep_ocn_accum", "ph":"E", "ts":"2160808131", "pid":"1", "tid":"cmeps"},
{"name":"med_phases_prep_atm", "ph":"B", "ts":"2160808251", "pid":"1", "tid":"cmeps"},
{"name":"med_phases_prep_atm", "ph":"E", "ts":"2160814052", "pid":"1", "tid":"cmeps"},
{"name":"med_phases_prep_ice", "ph":"B", "ts":"2160814376", "pid":"1", "tid":"cmeps"},
{"name":"med_phases_prep_ice", "ph":"E", "ts":"2160815745", "pid":"1", "tid":"cmeps"},
{"name":"ModelAdvance", "ph":"B", "ts":"2160820327", "pid":"1", "tid":"ufsatm"},
{"name":"ModelAdvance_phase1", "ph":"B", "ts":"2160820349", "pid":"1", "tid":"ufsatm"},
{"name":"fcst_run_phase_1", "ph":"B", "ts":"2160820525", "pid":"1", "tid":"fv3"},
{"name":"fcst_run_phase_1", "ph":"E", "ts":"2162197178", "pid":"1", "tid":"fv3"},
{"name":"ModelAdvance_phase1", "ph":"E", "ts":"2162197254", "pid":"1", "tid":"ufsatm"},
{"name":"ModelAdvance_phase2", "ph":"B", "ts":"2162197260", "pid":"1", "tid":"ufsatm"},
{"name":"fcst_run_phase_2", "ph":"B", "ts":"2162197290", "pid":"1", "tid":"fv3"},
{"name":"fcst_run_phase_2", "ph":"E", "ts":"2162630863", "pid":"1", "tid":"fv3"},
{"name":"ModelAdvance_phase2", "ph":"E", "ts":"2162630945", "pid":"1", "tid":"ufsatm"},
{"name":"ModelAdvance", "ph":"E", "ts":"2162630951", "pid":"1", "tid":"ufsatm"},
{"name":"med_phases_post_atm", "ph":"B", "ts":"2162632004", "pid":"1", "tid":"cmeps"},
{"name":"med_phases_history_write_comp", "ph":"B", "ts":"2162642659", "pid":"1", "tid":"cmeps"},
{"name":"med_phases_history_write_comp", "ph":"E", "ts":"2162642721", "pid":"1", "tid":"cmeps"},
{"name":"med_phases_post_atm", "ph":"E", "ts":"2162642726", "pid":"1", "tid":"cmeps"},
{"name":"med_phases_post_ice", "ph":"B", "ts":"2162647782", "pid":"1", "tid":"cmeps"},
{"name":"med_phases_history_write_comp", "ph":"B", "ts":"2162659602", "pid":"1", "tid":"cmeps"},
{"name":"med_phases_history_write_comp", "ph":"E", "ts":"2162659641", "pid":"1", "tid":"cmeps"},
{"name":"med_phases_post_ice", "ph":"E", "ts":"2162659647", "pid":"1", "tid":"cmeps"},
{"name":"med_phases_ocnalb_run", "ph":"B", "ts":"2162659829", "pid":"1", "tid":"cmeps"},
{"name":"med_phases_history_write_med", "ph":"B", "ts":"2162660499", "pid":"1", "tid":"cmeps"},
{"name":"med_phases_history_write_med", "ph":"E", "ts":"2162660508", "pid":"1", "tid":"cmeps"},
{"name":"med_phases_ocnalb_run", "ph":"E", "ts":"2162660513", "pid":"1", "tid":"cmeps"},
{"name":"med_phases_prep_ocn_accum", "ph":"B", "ts":"2162660648", "pid":"1", "tid":"cmeps"},
{"name":"med_phases_prep_ocn_accum", "ph":"E", "ts":"2162663124", "pid":"1", "tid":"cmeps"},
{"name":"med_phases_prep_atm", "ph":"B", "ts":"2162663253", "pid":"1", "tid":"cmeps"},
{"name":"med_phases_prep_atm", "ph":"E", "ts":"2162668914", "pid":"1", "tid":"cmeps"},
{"name":"med_phases_prep_ice", "ph":"B", "ts":"2162669259", "pid":"1", "tid":"cmeps"},
{"name":"med_phases_prep_ice", "ph":"E", "ts":"2162670814", "pid":"1", "tid":"cmeps"},
{"name":"ModelAdvance", "ph":"B", "ts":"2162675294", "pid":"1", "tid":"ufsatm"},
{"name":"ModelAdvance_phase1", "ph":"B", "ts":"2162675315", "pid":"1", "tid":"ufsatm"},
{"name":"fcst_run_phase_1", "ph":"B", "ts":"2162675517", "pid":"1", "tid":"fv3"},
{"name":"fcst_run_phase_1", "ph":"E", "ts":"2164063810", "pid":"1", "tid":"fv3"},
{"name":"ModelAdvance_phase1", "ph":"E", "ts":"2164063881", "pid":"1", "tid":"ufsatm"},
{"name":"ModelAdvance_phase2", "ph":"B", "ts":"2164063887", "pid":"1", "tid":"ufsatm"},
{"name":"fcst_run_phase_2", "ph":"B", "ts":"2164063916", "pid":"1", "tid":"fv3"},
{"name":"fcst_run_phase_2", "ph":"E", "ts":"2164514346", "pid":"1", "tid":"fv3"},
{"name":"ModelAdvance_phase2", "ph":"E", "ts":"2164615495", "pid":"1", "tid":"ufsatm"},
{"name":"ModelAdvance", "ph":"E", "ts":"2164615563", "pid":"1", "tid":"ufsatm"},
{"name":"med_phases_post_atm", "ph":"B", "ts":"2164616419", "pid":"1", "tid":"cmeps"},
{"name":"med_phases_history_write_comp", "ph":"B", "ts":"2164626567", "pid":"1", "tid":"cmeps"},
{"name":"med_phases_history_write_comp", "ph":"E", "ts":"2164626620", "pid":"1", "tid":"cmeps"},
{"name":"med_phases_post_atm", "ph":"E", "ts":"2164626626", "pid":"1", "tid":"cmeps"},
{"name":"med_phases_post_ice", "ph":"B", "ts":"2165426248", "pid":"1", "tid":"cmeps"},
{"name":"med_phases_history_write_comp", "ph":"B", "ts":"2165432273", "pid":"1", "tid":"cmeps"},
{"name":"med_phases_history_write_comp", "ph":"E", "ts":"2165432312", "pid":"1", "tid":"cmeps"},
{"name":"med_phases_post_ice", "ph":"E", "ts":"2165432317", "pid":"1", "tid":"cmeps"},
{"name":"med_phases_ocnalb_run", "ph":"B", "ts":"2165432474", "pid":"1", "tid":"cmeps"},
{"name":"med_phases_history_write_med", "ph":"B", "ts":"2165433526", "pid":"1", "tid":"cmeps"},
{"name":"med_phases_history_write_med", "ph":"E", "ts":"2165433556", "pid":"1", "tid":"cmeps"},
{"name":"med_phases_ocnalb_run", "ph":"E", "ts":"2165433562", "pid":"1", "tid":"cmeps"},
{"name":"med_phases_prep_ocn_accum", "ph":"B", "ts":"2165433731", "pid":"1", "tid":"cmeps"},
{"name":"med_phases_prep_ocn_accum", "ph":"E", "ts":"2165436193", "pid":"1", "tid":"cmeps"},
{"name":"med_phases_post_ocn", "ph":"B", "ts":"2165437270", "pid":"1", "tid":"cmeps"},
{"name":"med_phases_history_write_comp", "ph":"B", "ts":"2165437737", "pid":"1", "tid":"cmeps"},
{"name":"med_phases_history_write_comp", "ph":"E", "ts":"2165437749", "pid":"1", "tid":"cmeps"},
{"name":"med_phases_post_ocn", "ph":"E", "ts":"2165437753", "pid":"1", "tid":"cmeps"},
{"name":"med_phases_restart_write", "ph":"B", "ts":"2165437855", "pid":"1", "tid":"cmeps"},
{"name":"med_phases_restart_write", "ph":"E", "ts":"2165437879", "pid":"1", "tid":"cmeps"},
{"name":"med_phases_prep_ocn_avg", "ph":"B", "ts":"2165437960", "pid":"1", "tid":"cmeps"},
{"name":"med_phases_prep_ocn_avg", "ph":"E", "ts":"2165438507", "pid":"1", "tid":"cmeps"},
{"name":"med_phases_prep_atm", "ph":"B", "ts":"2165438966", "pid":"1", "tid":"cmeps"},
{"name":"med_phases_prep_atm", "ph":"E", "ts":"2165451911", "pid":"1", "tid":"cmeps"},
{"name":"med_phases_prep_ice", "ph":"B", "ts":"2165452246", "pid":"1", "tid":"cmeps"},
{"name":"med_phases_prep_ice", "ph":"E", "ts":"2165453492", "pid":"1", "tid":"cmeps"},
{"name":"ModelAdvance", "ph":"B", "ts":"2165457502", "pid":"1", "tid":"ufsatm"},
{"name":"ModelAdvance_phase1", "ph":"B", "ts":"2165457518", "pid":"1", "tid":"ufsatm"},
{"name":"fcst_run_phase_1", "ph":"B", "ts":"2165457660", "pid":"1", "tid":"fv3"},
{"name":"fcst_run_phase_1", "ph":"E", "ts":"2168254447", "pid":"1", "tid":"fv3"},
{"name":"ModelAdvance_phase1", "ph":"E", "ts":"2168254543", "pid":"1", "tid":"ufsatm"},
{"name":"ModelAdvance_phase2", "ph":"B", "ts":"2168254550", "pid":"1", "tid":"ufsatm"},
{"name":"fcst_run_phase_2", "ph":"B", "ts":"2168254580", "pid":"1", "tid":"fv3"},
{"name":"fcst_run_phase_2", "ph":"E", "ts":"2170956003", "pid":"1", "tid":"fv3"},
{"name":"ModelAdvance_phase2", "ph":"E", "ts":"2170956068", "pid":"1", "tid":"ufsatm"},
{"name":"ModelAdvance", "ph":"E", "ts":"2170956074", "pid":"1", "tid":"ufsatm"},
{"name":"med_phases_post_atm", "ph":"B", "ts":"2170957060", "pid":"1", "tid":"cmeps"},
{"name":"med_phases_history_write_comp", "ph":"B", "ts":"2170967446", "pid":"1", "tid":"cmeps"},
{"name":"med_phases_history_write_comp", "ph":"E", "ts":"2170967517", "pid":"1", "tid":"cmeps"},
{"name":"med_phases_post_atm", "ph":"E", "ts":"2170967523", "pid":"1", "tid":"cmeps"},
{"name":"med_phases_post_ice", "ph":"B", "ts":"2170972622", "pid":"1", "tid":"cmeps"},
{"name":"med_phases_history_write_comp", "ph":"B", "ts":"2170984263", "pid":"1", "tid":"cmeps"},
{"name":"med_phases_history_write_comp", "ph":"E", "ts":"2170984302", "pid":"1", "tid":"cmeps"},
{"name":"med_phases_post_ice", "ph":"E", "ts":"2170984307", "pid":"1", "tid":"cmeps"},
{"name":"med_phases_ocnalb_run", "ph":"B", "ts":"2170984464", "pid":"1", "tid":"cmeps"},
{"name":"med_phases_history_write_med", "ph":"B", "ts":"2170985248", "pid":"1", "tid":"cmeps"},
{"name":"med_phases_history_write_med", "ph":"E", "ts":"2170985284", "pid":"1", "tid":"cmeps"},
{"name":"med_phases_ocnalb_run", "ph":"E", "ts":"2170985291", "pid":"1", "tid":"cmeps"},
{"name":"med_phases_prep_ocn_accum", "ph":"B", "ts":"2170985561", "pid":"1", "tid":"cmeps"},
{"name":"med_phases_prep_ocn_accum", "ph":"E", "ts":"2170987828", "pid":"1", "tid":"cmeps"},
{"name":"med_phases_prep_atm", "ph":"B", "ts":"2170987959", "pid":"1", "tid":"cmeps"},
{"name":"med_phases_prep_atm", "ph":"E", "ts":"2170993485", "pid":"1", "tid":"cmeps"},
{"name":"med_phases_prep_ice", "ph":"B", "ts":"2170993828", "pid":"1", "tid":"cmeps"},
{"name":"med_phases_prep_ice", "ph":"E", "ts":"2170995354", "pid":"1", "tid":"cmeps"},
{"name":"ModelAdvance", "ph":"B", "ts":"2171003514", "pid":"1", "tid":"ufsatm"},
{"name":"ModelAdvance_phase1", "ph":"B", "ts":"2171003539", "pid":"1", "tid":"ufsatm"},
{"name":"fcst_run_phase_1", "ph":"B", "ts":"2171003682", "pid":"1", "tid":"fv3"},
{"name":"fcst_run_phase_1", "ph":"E", "ts":"2172402819", "pid":"1", "tid":"fv3"},
{"name":"ModelAdvance_phase1", "ph":"E", "ts":"2172402887", "pid":"1", "tid":"ufsatm"},
{"name":"ModelAdvance_phase2", "ph":"B", "ts":"2172402893", "pid":"1", "tid":"ufsatm"},
{"name":"fcst_run_phase_2", "ph":"B", "ts":"2172402921", "pid":"1", "tid":"fv3"},
{"name":"fcst_run_phase_2", "ph":"E", "ts":"2172806324", "pid":"1", "tid":"fv3"},
{"name":"ModelAdvance_phase2", "ph":"E", "ts":"2172806396", "pid":"1", "tid":"ufsatm"},
{"name":"ModelAdvance", "ph":"E", "ts":"2172806402", "pid":"1", "tid":"ufsatm"},
{"name":"med_phases_post_atm", "ph":"B", "ts":"2172807519", "pid":"1", "tid":"cmeps"},
{"name":"med_phases_history_write_comp", "ph":"B", "ts":"2172818143", "pid":"1", "tid":"cmeps"},
{"name":"med_phases_history_write_comp", "ph":"E", "ts":"2172818203", "pid":"1", "tid":"cmeps"},
{"name":"med_phases_post_atm", "ph":"E", "ts":"2172818208", "pid":"1", "tid":"cmeps"},
{"name":"med_phases_post_ice", "ph":"B", "ts":"2172825529", "pid":"1", "tid":"cmeps"},
{"name":"med_phases_history_write_comp", "ph":"B", "ts":"2172834901", "pid":"1", "tid":"cmeps"},
{"name":"med_phases_history_write_comp", "ph":"E", "ts":"2172834938", "pid":"1", "tid":"cmeps"},
{"name":"med_phases_post_ice", "ph":"E", "ts":"2172834943", "pid":"1", "tid":"cmeps"},
{"name":"med_phases_ocnalb_run", "ph":"B", "ts":"2172835131", "pid":"1", "tid":"cmeps"},
{"name":"med_phases_history_write_med", "ph":"B", "ts":"2172835857", "pid":"1", "tid":"cmeps"},
{"name":"med_phases_history_write_med", "ph":"E", "ts":"2172835869", "pid":"1", "tid":"cmeps"},
{"name":"med_phases_ocnalb_run", "ph":"E", "ts":"2172835875", "pid":"1", "tid":"cmeps"},
{"name":"med_phases_prep_ocn_accum", "ph":"B", "ts":"2172836016", "pid":"1", "tid":"cmeps"},
{"name":"med_phases_prep_ocn_accum", "ph":"E", "ts":"2172838403", "pid":"1", "tid":"cmeps"},
{"name":"med_phases_prep_atm", "ph":"B", "ts":"2172838538", "pid":"1", "tid":"cmeps"},
{"name":"med_phases_prep_atm", "ph":"E", "ts":"2172844129", "pid":"1", "tid":"cmeps"},
{"name":"med_phases_prep_ice", "ph":"B", "ts":"2172844448", "pid":"1", "tid":"cmeps"},
{"name":"med_phases_prep_ice", "ph":"E", "ts":"2172846013", "pid":"1", "tid":"cmeps"},
{"name":"ModelAdvance", "ph":"B", "ts":"2172850514", "pid":"1", "tid":"ufsatm"},
{"name":"ModelAdvance_phase1", "ph":"B", "ts":"2172850538", "pid":"1", "tid":"ufsatm"},
{"name":"fcst_run_phase_1", "ph":"B", "ts":"2172850709", "pid":"1", "tid":"fv3"},
{"name":"fcst_run_phase_1", "ph":"E", "ts":"2174240465", "pid":"1", "tid":"fv3"},
{"name":"ModelAdvance_phase1", "ph":"E", "ts":"2174240530", "pid":"1", "tid":"ufsatm"},
{"name":"ModelAdvance_phase2", "ph":"B", "ts":"2174240537", "pid":"1", "tid":"ufsatm"},
{"name":"fcst_run_phase_2", "ph":"B", "ts":"2174240564", "pid":"1", "tid":"fv3"},
{"name":"fcst_run_phase_2", "ph":"E", "ts":"2174647793", "pid":"1", "tid":"fv3"},
{"name":"ModelAdvance_phase2", "ph":"E", "ts":"2174647864", "pid":"1", "tid":"ufsatm"},
{"name":"ModelAdvance", "ph":"E", "ts":"2174647870", "pid":"1", "tid":"ufsatm"},
{"name":"med_phases_post_atm", "ph":"B", "ts":"2174649048", "pid":"1", "tid":"cmeps"},
{"name":"med_phases_history_write_comp", "ph":"B", "ts":"2174659311", "pid":"1", "tid":"cmeps"},
{"name":"med_phases_history_write_comp", "ph":"E", "ts":"2174659385", "pid":"1", "tid":"cmeps"},
{"name":"med_phases_post_atm", "ph":"E", "ts":"2174659390", "pid":"1", "tid":"cmeps"},
{"name":"med_phases_post_ice", "ph":"B", "ts":"2174663283", "pid":"1", "tid":"cmeps"},
{"name":"med_phases_history_write_comp", "ph":"B", "ts":"2174680686", "pid":"1", "tid":"cmeps"},
{"name":"med_phases_history_write_comp", "ph":"E", "ts":"2174680727", "pid":"1", "tid":"cmeps"},
{"name":"med_phases_post_ice", "ph":"E", "ts":"2174680732", "pid":"1", "tid":"cmeps"},
{"name":"med_phases_ocnalb_run", "ph":"B", "ts":"2174680980", "pid":"1", "tid":"cmeps"},
{"name":"med_phases_history_write_med", "ph":"B", "ts":"2174681624", "pid":"1", "tid":"cmeps"},
{"name":"med_phases_history_write_med", "ph":"E", "ts":"2174681635", "pid":"1", "tid":"cmeps"},
{"name":"med_phases_ocnalb_run", "ph":"E", "ts":"2174681640", "pid":"1", "tid":"cmeps"},
{"name":"med_phases_prep_ocn_accum", "ph":"B", "ts":"2174681797", "pid":"1", "tid":"cmeps"},
{"name":"med_phases_prep_ocn_accum", "ph":"E", "ts":"2174684371", "pid":"1", "tid":"cmeps"},
{"name":"med_phases_post_ocn", "ph":"B", "ts":"2174685593", "pid":"1", "tid":"cmeps"},
{"name":"med_phases_history_write_comp", "ph":"B", "ts":"2174686269", "pid":"1", "tid":"cmeps"},
{"name":"med_phases_history_write_comp", "ph":"E", "ts":"2174686282", "pid":"1", "tid":"cmeps"},
{"name":"med_phases_post_ocn", "ph":"E", "ts":"2174686286", "pid":"1", "tid":"cmeps"},
{"name":"med_phases_restart_write", "ph":"B", "ts":"2174686392", "pid":"1", "tid":"cmeps"},
{"name":"med_phases_restart_write", "ph":"E", "ts":"2174686416", "pid":"1", "tid":"cmeps"},
{"name":"med_phases_prep_ocn_avg", "ph":"B", "ts":"2174686496", "pid":"1", "tid":"cmeps"},
{"name":"med_phases_prep_ocn_avg", "ph":"E", "ts":"2174687037", "pid":"1", "tid":"cmeps"},
{"name":"med_phases_prep_atm", "ph":"B", "ts":"2174687479", "pid":"1", "tid":"cmeps"},
{"name":"med_phases_prep_atm", "ph":"E", "ts":"2174699691", "pid":"1", "tid":"cmeps"},
{"name":"med_phases_prep_ice", "ph":"B", "ts":"2174700061", "pid":"1", "tid":"cmeps"},
{"name":"med_phases_prep_ice", "ph":"E", "ts":"2174701532", "pid":"1", "tid":"cmeps"},
{"name":"ModelAdvance", "ph":"B", "ts":"2174706123", "pid":"1", "tid":"ufsatm"},
{"name":"ModelAdvance_phase1", "ph":"B", "ts":"2174706138", "pid":"1", "tid":"ufsatm"},
{"name":"fcst_run_phase_1", "ph":"B", "ts":"2174706258", "pid":"1", "tid":"fv3"},
{"name":"fcst_run_phase_1", "ph":"E", "ts":"2176102419", "pid":"1", "tid":"fv3"},
{"name":"ModelAdvance_phase1", "ph":"E", "ts":"2176102486", "pid":"1", "tid":"ufsatm"},
{"name":"ModelAdvance_phase2", "ph":"B", "ts":"2176102492", "pid":"1", "tid":"ufsatm"},
{"name":"fcst_run_phase_2", "ph":"B", "ts":"2176102520", "pid":"1", "tid":"fv3"},
{"name":"fcst_run_phase_2", "ph":"E", "ts":"2176499904", "pid":"1", "tid":"fv3"},
{"name":"ModelAdvance_phase2", "ph":"E", "ts":"2176499975", "pid":"1", "tid":"ufsatm"},
{"name":"ModelAdvance", "ph":"E", "ts":"2176499981", "pid":"1", "tid":"ufsatm"},
{"name":"med_phases_post_atm", "ph":"B", "ts":"2176501292", "pid":"1", "tid":"cmeps"},
{"name":"med_phases_history_write_comp", "ph":"B", "ts":"2176512221", "pid":"1", "tid":"cmeps"},
{"name":"med_phases_history_write_comp", "ph":"E", "ts":"2176512381", "pid":"1", "tid":"cmeps"},
{"name":"med_phases_post_atm", "ph":"E", "ts":"2176512389", "pid":"1", "tid":"cmeps"},
{"name":"med_phases_post_ice", "ph":"B", "ts":"2176515728", "pid":"1", "tid":"cmeps"},
{"name":"med_phases_history_write_comp", "ph":"B", "ts":"2176528998", "pid":"1", "tid":"cmeps"},
{"name":"med_phases_history_write_comp", "ph":"E", "ts":"2176529046", "pid":"1", "tid":"cmeps"},
{"name":"med_phases_post_ice", "ph":"E", "ts":"2176529052", "pid":"1", "tid":"cmeps"},
{"name":"med_phases_ocnalb_run", "ph":"B", "ts":"2176529244", "pid":"1", "tid":"cmeps"},
{"name":"med_phases_history_write_med", "ph":"B", "ts":"2176529929", "pid":"1", "tid":"cmeps"},
{"name":"med_phases_history_write_med", "ph":"E", "ts":"2176529942", "pid":"1", "tid":"cmeps"},
{"name":"med_phases_ocnalb_run", "ph":"E", "ts":"2176529947", "pid":"1", "tid":"cmeps"},
{"name":"med_phases_prep_ocn_accum", "ph":"B", "ts":"2176530091", "pid":"1", "tid":"cmeps"},
{"name":"med_phases_prep_ocn_accum", "ph":"E", "ts":"2176532480", "pid":"1", "tid":"cmeps"},
{"name":"med_phases_prep_atm", "ph":"B", "ts":"2176532614", "pid":"1", "tid":"cmeps"},
{"name":"med_phases_prep_atm", "ph":"E", "ts":"2176538420", "pid":"1", "tid":"cmeps"},
{"name":"med_phases_prep_ice", "ph":"B", "ts":"2176538749", "pid":"1", "tid":"cmeps"},
{"name":"med_phases_prep_ice", "ph":"E", "ts":"2176540200", "pid":"1", "tid":"cmeps"},
{"name":"ModelAdvance", "ph":"B", "ts":"2176544288", "pid":"1", "tid":"ufsatm"},
{"name":"ModelAdvance_phase1", "ph":"B", "ts":"2176544301", "pid":"1", "tid":"ufsatm"},
{"name":"fcst_run_phase_1", "ph":"B", "ts":"2176544376", "pid":"1", "tid":"fv3"},
{"name":"fcst_run_phase_1", "ph":"E", "ts":"2177932315", "pid":"1", "tid":"fv3"},
{"name":"ModelAdvance_phase1", "ph":"E", "ts":"2177932393", "pid":"1", "tid":"ufsatm"},
{"name":"ModelAdvance_phase2", "ph":"B", "ts":"2177932399", "pid":"1", "tid":"ufsatm"},
{"name":"fcst_run_phase_2", "ph":"B", "ts":"2177932428", "pid":"1", "tid":"fv3"},
{"name":"fcst_run_phase_2", "ph":"E", "ts":"2178326786", "pid":"1", "tid":"fv3"},
{"name":"ModelAdvance_phase2", "ph":"E", "ts":"2178327019", "pid":"1", "tid":"ufsatm"},
{"name":"ModelAdvance", "ph":"E", "ts":"2178327031", "pid":"1", "tid":"ufsatm"},
{"name":"med_phases_post_atm", "ph":"B", "ts":"2178328081", "pid":"1", "tid":"cmeps"},
{"name":"med_phases_history_write_comp", "ph":"B", "ts":"2178338591", "pid":"1", "tid":"cmeps"},
{"name":"med_phases_history_write_comp", "ph":"E", "ts":"2178338648", "pid":"1", "tid":"cmeps"},
{"name":"med_phases_post_atm", "ph":"E", "ts":"2178338654", "pid":"1", "tid":"cmeps"},
{"name":"med_phases_post_ice", "ph":"B", "ts":"2178342925", "pid":"1", "tid":"cmeps"},
{"name":"med_phases_history_write_comp", "ph":"B", "ts":"2178355223", "pid":"1", "tid":"cmeps"},
{"name":"med_phases_history_write_comp", "ph":"E", "ts":"2178355266", "pid":"1", "tid":"cmeps"},
{"name":"med_phases_post_ice", "ph":"E", "ts":"2178355272", "pid":"1", "tid":"cmeps"},
{"name":"med_phases_ocnalb_run", "ph":"B", "ts":"2178355428", "pid":"1", "tid":"cmeps"},
{"name":"med_phases_history_write_med", "ph":"B", "ts":"2178356137", "pid":"1", "tid":"cmeps"},
{"name":"med_phases_history_write_med", "ph":"E", "ts":"2178356165", "pid":"1", "tid":"cmeps"},
{"name":"med_phases_ocnalb_run", "ph":"E", "ts":"2178356171", "pid":"1", "tid":"cmeps"},
{"name":"med_phases_prep_ocn_accum", "ph":"B", "ts":"2178356397", "pid":"1", "tid":"cmeps"},
{"name":"med_phases_prep_ocn_accum", "ph":"E", "ts":"2178358794", "pid":"1", "tid":"cmeps"},
{"name":"med_phases_prep_atm", "ph":"B", "ts":"2178358929", "pid":"1", "tid":"cmeps"},
{"name":"med_phases_prep_atm", "ph":"E", "ts":"2178364293", "pid":"1", "tid":"cmeps"},
{"name":"med_phases_prep_ice", "ph":"B", "ts":"2178364708", "pid":"1", "tid":"cmeps"},
{"name":"med_phases_prep_ice", "ph":"E", "ts":"2178366221", "pid":"1", "tid":"cmeps"},
{"name":"ModelAdvance", "ph":"B", "ts":"2178370324", "pid":"1", "tid":"ufsatm"},
{"name":"ModelAdvance_phase1", "ph":"B", "ts":"2178370336", "pid":"1", "tid":"ufsatm"},
{"name":"fcst_run_phase_1", "ph":"B", "ts":"2178370373", "pid":"1", "tid":"fv3"},
{"name":"fcst_run_phase_1", "ph":"E", "ts":"2179747633", "pid":"1", "tid":"fv3"},
{"name":"ModelAdvance_phase1", "ph":"E", "ts":"2179747706", "pid":"1", "tid":"ufsatm"},
{"name":"ModelAdvance_phase2", "ph":"B", "ts":"2179747712", "pid":"1", "tid":"ufsatm"},
{"name":"fcst_run_phase_2", "ph":"B", "ts":"2179747741", "pid":"1", "tid":"fv3"},
{"name":"fcst_run_phase_2", "ph":"E", "ts":"2180148375", "pid":"1", "tid":"fv3"},
{"name":"ModelAdvance_phase2", "ph":"E", "ts":"2180148583", "pid":"1", "tid":"ufsatm"},
{"name":"ModelAdvance", "ph":"E", "ts":"2180148598", "pid":"1", "tid":"ufsatm"},
{"name":"med_phases_post_atm", "ph":"B", "ts":"2180149962", "pid":"1", "tid":"cmeps"},
{"name":"med_phases_history_write_comp", "ph":"B", "ts":"2180160247", "pid":"1", "tid":"cmeps"},
{"name":"med_phases_history_write_comp", "ph":"E", "ts":"2180160309", "pid":"1", "tid":"cmeps"},
{"name":"med_phases_post_atm", "ph":"E", "ts":"2180160315", "pid":"1", "tid":"cmeps"},
{"name":"med_phases_post_ice", "ph":"B", "ts":"2180166272", "pid":"1", "tid":"cmeps"},
{"name":"med_phases_history_write_comp", "ph":"B", "ts":"2180178434", "pid":"1", "tid":"cmeps"},
{"name":"med_phases_history_write_comp", "ph":"E", "ts":"2180178488", "pid":"1", "tid":"cmeps"},
{"name":"med_phases_post_ice", "ph":"E", "ts":"2180178493", "pid":"1", "tid":"cmeps"},
{"name":"med_phases_ocnalb_run", "ph":"B", "ts":"2180178705", "pid":"1", "tid":"cmeps"},
{"name":"med_phases_history_write_med", "ph":"B", "ts":"2180179398", "pid":"1", "tid":"cmeps"},
{"name":"med_phases_history_write_med", "ph":"E", "ts":"2180179406", "pid":"1", "tid":"cmeps"},
{"name":"med_phases_ocnalb_run", "ph":"E", "ts":"2180179412", "pid":"1", "tid":"cmeps"},
{"name":"med_phases_prep_ocn_accum", "ph":"B", "ts":"2180179577", "pid":"1", "tid":"cmeps"},
{"name":"med_phases_prep_ocn_accum", "ph":"E", "ts":"2180182236", "pid":"1", "tid":"cmeps"},
{"name":"med_phases_post_ocn", "ph":"B", "ts":"2180183524", "pid":"1", "tid":"cmeps"},
{"name":"med_phases_history_write_comp", "ph":"B", "ts":"2180184197", "pid":"1", "tid":"cmeps"},
{"name":"med_phases_history_write_comp", "ph":"E", "ts":"2180184210", "pid":"1", "tid":"cmeps"},
{"name":"med_phases_post_ocn", "ph":"E", "ts":"2180184214", "pid":"1", "tid":"cmeps"},
{"name":"med_phases_restart_write", "ph":"B", "ts":"2180184324", "pid":"1", "tid":"cmeps"},
{"name":"med_phases_restart_write", "ph":"E", "ts":"2180184349", "pid":"1", "tid":"cmeps"},
{"name":"med_phases_prep_ocn_avg", "ph":"B", "ts":"2180184430", "pid":"1", "tid":"cmeps"},
{"name":"med_phases_prep_ocn_avg", "ph":"E", "ts":"2180185053", "pid":"1", "tid":"cmeps"},
{"name":"med_phases_prep_atm", "ph":"B", "ts":"2180185525", "pid":"1", "tid":"cmeps"},
{"name":"med_phases_prep_atm", "ph":"E", "ts":"2180197254", "pid":"1", "tid":"cmeps"},
{"name":"med_phases_prep_ice", "ph":"B", "ts":"2180197640", "pid":"1", "tid":"cmeps"},
{"name":"med_phases_prep_ice", "ph":"E", "ts":"2180199053", "pid":"1", "tid":"cmeps"},
{"name":"ModelAdvance", "ph":"B", "ts":"2180203234", "pid":"1", "tid":"ufsatm"},
{"name":"ModelAdvance_phase1", "ph":"B", "ts":"2180203246", "pid":"1", "tid":"ufsatm"},
{"name":"fcst_run_phase_1", "ph":"B", "ts":"2180203297", "pid":"1", "tid":"fv3"},
{"name":"fcst_run_phase_1", "ph":"E", "ts":"2182945233", "pid":"1", "tid":"fv3"},
{"name":"ModelAdvance_phase1", "ph":"E", "ts":"2182945309", "pid":"1", "tid":"ufsatm"},
{"name":"ModelAdvance_phase2", "ph":"B", "ts":"2182945316", "pid":"1", "tid":"ufsatm"},
{"name":"fcst_run_phase_2", "ph":"B", "ts":"2182945348", "pid":"1", "tid":"fv3"},
{"name":"fcst_run_phase_2", "ph":"E", "ts":"2185598412", "pid":"1", "tid":"fv3"},
{"name":"ModelAdvance_phase2", "ph":"E", "ts":"2185598702", "pid":"1", "tid":"ufsatm"},
{"name":"ModelAdvance", "ph":"E", "ts":"2185598714", "pid":"1", "tid":"ufsatm"},
{"name":"med_phases_post_atm", "ph":"B", "ts":"2185599808", "pid":"1", "tid":"cmeps"},
{"name":"med_phases_history_write_comp", "ph":"B", "ts":"2185610371", "pid":"1", "tid":"cmeps"},
{"name":"med_phases_history_write_comp", "ph":"E", "ts":"2185610445", "pid":"1", "tid":"cmeps"},
{"name":"med_phases_post_atm", "ph":"E", "ts":"2185610451", "pid":"1", "tid":"cmeps"},
{"name":"med_phases_post_ice", "ph":"B", "ts":"2185616449", "pid":"1", "tid":"cmeps"},
{"name":"med_phases_history_write_comp", "ph":"B", "ts":"2185626690", "pid":"1", "tid":"cmeps"},
{"name":"med_phases_history_write_comp", "ph":"E", "ts":"2185626736", "pid":"1", "tid":"cmeps"},
{"name":"med_phases_post_ice", "ph":"E", "ts":"2185626741", "pid":"1", "tid":"cmeps"},
{"name":"med_phases_ocnalb_run", "ph":"B", "ts":"2185627050", "pid":"1", "tid":"cmeps"},
{"name":"med_phases_history_write_med", "ph":"B", "ts":"2185627691", "pid":"1", "tid":"cmeps"},
{"name":"med_phases_history_write_med", "ph":"E", "ts":"2185627702", "pid":"1", "tid":"cmeps"},
{"name":"med_phases_ocnalb_run", "ph":"E", "ts":"2185627707", "pid":"1", "tid":"cmeps"},
{"name":"med_phases_prep_ocn_accum", "ph":"B", "ts":"2185627846", "pid":"1", "tid":"cmeps"},
{"name":"med_phases_prep_ocn_accum", "ph":"E", "ts":"2185630454", "pid":"1", "tid":"cmeps"},
{"name":"med_phases_prep_atm", "ph":"B", "ts":"2185630583", "pid":"1", "tid":"cmeps"},
{"name":"med_phases_prep_atm", "ph":"E", "ts":"2185636561", "pid":"1", "tid":"cmeps"},
{"name":"med_phases_prep_ice", "ph":"B", "ts":"2185636930", "pid":"1", "tid":"cmeps"},
{"name":"med_phases_prep_ice", "ph":"E", "ts":"2185638217", "pid":"1", "tid":"cmeps"},
{"name":"ModelAdvance", "ph":"B", "ts":"2185642240", "pid":"1", "tid":"ufsatm"},
{"name":"ModelAdvance_phase1", "ph":"B", "ts":"2185642250", "pid":"1", "tid":"ufsatm"},
{"name":"fcst_run_phase_1", "ph":"B", "ts":"2185642279", "pid":"1", "tid":"fv3"},
{"name":"fcst_run_phase_1", "ph":"E", "ts":"2187029267", "pid":"1", "tid":"fv3"},
{"name":"ModelAdvance_phase1", "ph":"E", "ts":"2187029332", "pid":"1", "tid":"ufsatm"},
{"name":"ModelAdvance_phase2", "ph":"B", "ts":"2187029338", "pid":"1", "tid":"ufsatm"},
{"name":"fcst_run_phase_2", "ph":"B", "ts":"2187029365", "pid":"1", "tid":"fv3"},
{"name":"fcst_run_phase_2", "ph":"E", "ts":"2187408884", "pid":"1", "tid":"fv3"},
{"name":"ModelAdvance_phase2", "ph":"E", "ts":"2187409228", "pid":"1", "tid":"ufsatm"},
{"name":"ModelAdvance", "ph":"E", "ts":"2187409242", "pid":"1", "tid":"ufsatm"},
{"name":"med_phases_post_atm", "ph":"B", "ts":"2187410198", "pid":"1", "tid":"cmeps"},
{"name":"med_phases_history_write_comp", "ph":"B", "ts":"2187420512", "pid":"1", "tid":"cmeps"},
{"name":"med_phases_history_write_comp", "ph":"E", "ts":"2187420568", "pid":"1", "tid":"cmeps"},
{"name":"med_phases_post_atm", "ph":"E", "ts":"2187420574", "pid":"1", "tid":"cmeps"},
{"name":"med_phases_post_ice", "ph":"B", "ts":"2187424873", "pid":"1", "tid":"cmeps"},
{"name":"med_phases_history_write_comp", "ph":"B", "ts":"2187441247", "pid":"1", "tid":"cmeps"},
{"name":"med_phases_history_write_comp", "ph":"E", "ts":"2187441299", "pid":"1", "tid":"cmeps"},
{"name":"med_phases_post_ice", "ph":"E", "ts":"2187441305", "pid":"1", "tid":"cmeps"},
{"name":"med_phases_ocnalb_run", "ph":"B", "ts":"2187441524", "pid":"1", "tid":"cmeps"},
{"name":"med_phases_history_write_med", "ph":"B", "ts":"2187442311", "pid":"1", "tid":"cmeps"},
{"name":"med_phases_history_write_med", "ph":"E", "ts":"2187442324", "pid":"1", "tid":"cmeps"},
{"name":"med_phases_ocnalb_run", "ph":"E", "ts":"2187442329", "pid":"1", "tid":"cmeps"},
{"name":"med_phases_prep_ocn_accum", "ph":"B", "ts":"2187442478", "pid":"1", "tid":"cmeps"},
{"name":"med_phases_prep_ocn_accum", "ph":"E", "ts":"2187444920", "pid":"1", "tid":"cmeps"},
{"name":"med_phases_prep_atm", "ph":"B", "ts":"2187445060", "pid":"1", "tid":"cmeps"},
{"name":"med_phases_prep_atm", "ph":"E", "ts":"2187450665", "pid":"1", "tid":"cmeps"},
{"name":"med_phases_prep_ice", "ph":"B", "ts":"2187451007", "pid":"1", "tid":"cmeps"},
{"name":"med_phases_prep_ice", "ph":"E", "ts":"2187452453", "pid":"1", "tid":"cmeps"},
{"name":"ModelAdvance", "ph":"B", "ts":"2187456571", "pid":"1", "tid":"ufsatm"},
{"name":"ModelAdvance_phase1", "ph":"B", "ts":"2187456582", "pid":"1", "tid":"ufsatm"},
{"name":"fcst_run_phase_1", "ph":"B", "ts":"2187456634", "pid":"1", "tid":"fv3"},
{"name":"fcst_run_phase_1", "ph":"E", "ts":"2188847242", "pid":"1", "tid":"fv3"},
{"name":"ModelAdvance_phase1", "ph":"E", "ts":"2188847309", "pid":"1", "tid":"ufsatm"},
{"name":"ModelAdvance_phase2", "ph":"B", "ts":"2188847316", "pid":"1", "tid":"ufsatm"},
{"name":"fcst_run_phase_2", "ph":"B", "ts":"2188847343", "pid":"1", "tid":"fv3"},
{"name":"fcst_run_phase_2", "ph":"E", "ts":"2189225545", "pid":"1", "tid":"fv3"},
{"name":"ModelAdvance_phase2", "ph":"E", "ts":"2189225617", "pid":"1", "tid":"ufsatm"},
{"name":"ModelAdvance", "ph":"E", "ts":"2189225623", "pid":"1", "tid":"ufsatm"},
{"name":"med_phases_post_atm", "ph":"B", "ts":"2189226792", "pid":"1", "tid":"cmeps"},
{"name":"med_phases_history_write_comp", "ph":"B", "ts":"2189238022", "pid":"1", "tid":"cmeps"},
{"name":"med_phases_history_write_comp", "ph":"E", "ts":"2189238079", "pid":"1", "tid":"cmeps"},
{"name":"med_phases_post_atm", "ph":"E", "ts":"2189238084", "pid":"1", "tid":"cmeps"},
{"name":"med_phases_post_ice", "ph":"B", "ts":"2189243732", "pid":"1", "tid":"cmeps"},
{"name":"med_phases_history_write_comp", "ph":"B", "ts":"2189257826", "pid":"1", "tid":"cmeps"},
{"name":"med_phases_history_write_comp", "ph":"E", "ts":"2189257869", "pid":"1", "tid":"cmeps"},
{"name":"med_phases_post_ice", "ph":"E", "ts":"2189257874", "pid":"1", "tid":"cmeps"},
{"name":"med_phases_ocnalb_run", "ph":"B", "ts":"2189258181", "pid":"1", "tid":"cmeps"},
{"name":"med_phases_history_write_med", "ph":"B", "ts":"2189258814", "pid":"1", "tid":"cmeps"},
{"name":"med_phases_history_write_med", "ph":"E", "ts":"2189258823", "pid":"1", "tid":"cmeps"},
{"name":"med_phases_ocnalb_run", "ph":"E", "ts":"2189258829", "pid":"1", "tid":"cmeps"},
{"name":"med_phases_prep_ocn_accum", "ph":"B", "ts":"2189258977", "pid":"1", "tid":"cmeps"},
{"name":"med_phases_prep_ocn_accum", "ph":"E", "ts":"2189261676", "pid":"1", "tid":"cmeps"},
{"name":"med_phases_post_ocn", "ph":"B", "ts":"2189262884", "pid":"1", "tid":"cmeps"},
{"name":"med_phases_history_write_comp", "ph":"B", "ts":"2189263544", "pid":"1", "tid":"cmeps"},
{"name":"med_phases_history_write_comp", "ph":"E", "ts":"2189263557", "pid":"1", "tid":"cmeps"},
{"name":"med_phases_post_ocn", "ph":"E", "ts":"2189263561", "pid":"1", "tid":"cmeps"},
{"name":"med_phases_restart_write", "ph":"B", "ts":"2189263667", "pid":"1", "tid":"cmeps"},
{"name":"med_phases_restart_write", "ph":"E", "ts":"2189263691", "pid":"1", "tid":"cmeps"},
{"name":"med_phases_prep_ocn_avg", "ph":"B", "ts":"2189263771", "pid":"1", "tid":"cmeps"},
{"name":"med_phases_prep_ocn_avg", "ph":"E", "ts":"2189264317", "pid":"1", "tid":"cmeps"},
{"name":"med_phases_prep_atm", "ph":"B", "ts":"2189264776", "pid":"1", "tid":"cmeps"},
{"name":"med_phases_prep_atm", "ph":"E", "ts":"2189277409", "pid":"1", "tid":"cmeps"},
{"name":"med_phases_prep_ice", "ph":"B", "ts":"2189277763", "pid":"1", "tid":"cmeps"},
{"name":"med_phases_prep_ice", "ph":"E", "ts":"2189279097", "pid":"1", "tid":"cmeps"},
{"name":"ModelAdvance", "ph":"B", "ts":"2189283220", "pid":"1", "tid":"ufsatm"},
{"name":"ModelAdvance_phase1", "ph":"B", "ts":"2189283233", "pid":"1", "tid":"ufsatm"},
{"name":"fcst_run_phase_1", "ph":"B", "ts":"2189283271", "pid":"1", "tid":"fv3"},
{"name":"fcst_run_phase_1", "ph":"E", "ts":"2190685185", "pid":"1", "tid":"fv3"},
{"name":"ModelAdvance_phase1", "ph":"E", "ts":"2190685254", "pid":"1", "tid":"ufsatm"},
{"name":"ModelAdvance_phase2", "ph":"B", "ts":"2190685260", "pid":"1", "tid":"ufsatm"},
{"name":"fcst_run_phase_2", "ph":"B", "ts":"2190685289", "pid":"1", "tid":"fv3"},
{"name":"fcst_run_phase_2", "ph":"E", "ts":"2191066764", "pid":"1", "tid":"fv3"},
{"name":"ModelAdvance_phase2", "ph":"E", "ts":"2191066845", "pid":"1", "tid":"ufsatm"},
{"name":"ModelAdvance", "ph":"E", "ts":"2191066851", "pid":"1", "tid":"ufsatm"},
{"name":"med_phases_post_atm", "ph":"B", "ts":"2191067919", "pid":"1", "tid":"cmeps"},
{"name":"med_phases_history_write_comp", "ph":"B", "ts":"2191078525", "pid":"1", "tid":"cmeps"},
{"name":"med_phases_history_write_comp", "ph":"E", "ts":"2191078609", "pid":"1", "tid":"cmeps"},
{"name":"med_phases_post_atm", "ph":"E", "ts":"2191078615", "pid":"1", "tid":"cmeps"},
{"name":"med_phases_post_ice", "ph":"B", "ts":"2191082131", "pid":"1", "tid":"cmeps"},
{"name":"med_phases_history_write_comp", "ph":"B", "ts":"2191095173", "pid":"1", "tid":"cmeps"},
{"name":"med_phases_history_write_comp", "ph":"E", "ts":"2191095209", "pid":"1", "tid":"cmeps"},
{"name":"med_phases_post_ice", "ph":"E", "ts":"2191095214", "pid":"1", "tid":"cmeps"},
{"name":"med_phases_ocnalb_run", "ph":"B", "ts":"2191095385", "pid":"1", "tid":"cmeps"},
{"name":"med_phases_history_write_med", "ph":"B", "ts":"2191096069", "pid":"1", "tid":"cmeps"},
{"name":"med_phases_history_write_med", "ph":"E", "ts":"2191096082", "pid":"1", "tid":"cmeps"},
{"name":"med_phases_ocnalb_run", "ph":"E", "ts":"2191096086", "pid":"1", "tid":"cmeps"},
{"name":"med_phases_prep_ocn_accum", "ph":"B", "ts":"2191096226", "pid":"1", "tid":"cmeps"},
{"name":"med_phases_prep_ocn_accum", "ph":"E", "ts":"2191098703", "pid":"1", "tid":"cmeps"},
{"name":"med_phases_prep_atm", "ph":"B", "ts":"2191098836", "pid":"1", "tid":"cmeps"},
{"name":"med_phases_prep_atm", "ph":"E", "ts":"2191104496", "pid":"1", "tid":"cmeps"},
{"name":"med_phases_prep_ice", "ph":"B", "ts":"2191104802", "pid":"1", "tid":"cmeps"},
{"name":"med_phases_prep_ice", "ph":"E", "ts":"2191106359", "pid":"1", "tid":"cmeps"},
{"name":"ModelAdvance", "ph":"B", "ts":"2191110534", "pid":"1", "tid":"ufsatm"},
{"name":"ModelAdvance_phase1", "ph":"B", "ts":"2191110547", "pid":"1", "tid":"ufsatm"},
{"name":"fcst_run_phase_1", "ph":"B", "ts":"2191110587", "pid":"1", "tid":"fv3"},
{"name":"fcst_run_phase_1", "ph":"E", "ts":"2192501155", "pid":"1", "tid":"fv3"},
{"name":"ModelAdvance_phase1", "ph":"E", "ts":"2192501222", "pid":"1", "tid":"ufsatm"},
{"name":"ModelAdvance_phase2", "ph":"B", "ts":"2192501229", "pid":"1", "tid":"ufsatm"},
{"name":"fcst_run_phase_2", "ph":"B", "ts":"2192501257", "pid":"1", "tid":"fv3"},
{"name":"fcst_run_phase_2", "ph":"E", "ts":"2192880233", "pid":"1", "tid":"fv3"},
{"name":"ModelAdvance_phase2", "ph":"E", "ts":"2192880319", "pid":"1", "tid":"ufsatm"},
{"name":"ModelAdvance", "ph":"E", "ts":"2192880325", "pid":"1", "tid":"ufsatm"},
{"name":"med_phases_post_atm", "ph":"B", "ts":"2192881538", "pid":"1", "tid":"cmeps"},
{"name":"med_phases_history_write_comp", "ph":"B", "ts":"2192891719", "pid":"1", "tid":"cmeps"},
{"name":"med_phases_history_write_comp", "ph":"E", "ts":"2192891868", "pid":"1", "tid":"cmeps"},
{"name":"med_phases_post_atm", "ph":"E", "ts":"2192891874", "pid":"1", "tid":"cmeps"},
{"name":"med_phases_post_ice", "ph":"B", "ts":"2192896307", "pid":"1", "tid":"cmeps"},
{"name":"med_phases_history_write_comp", "ph":"B", "ts":"2192908332", "pid":"1", "tid":"cmeps"},
{"name":"med_phases_history_write_comp", "ph":"E", "ts":"2192908387", "pid":"1", "tid":"cmeps"},
{"name":"med_phases_post_ice", "ph":"E", "ts":"2192908395", "pid":"1", "tid":"cmeps"},
{"name":"med_phases_ocnalb_run", "ph":"B", "ts":"2192908716", "pid":"1", "tid":"cmeps"},
{"name":"med_phases_history_write_med", "ph":"B", "ts":"2192909943", "pid":"1", "tid":"cmeps"},
{"name":"med_phases_history_write_med", "ph":"E", "ts":"2192909957", "pid":"1", "tid":"cmeps"},
{"name":"med_phases_ocnalb_run", "ph":"E", "ts":"2192909963", "pid":"1", "tid":"cmeps"},
{"name":"med_phases_prep_ocn_accum", "ph":"B", "ts":"2192910105", "pid":"1", "tid":"cmeps"},
{"name":"med_phases_prep_ocn_accum", "ph":"E", "ts":"2192912332", "pid":"1", "tid":"cmeps"},
{"name":"med_phases_prep_atm", "ph":"B", "ts":"2192912456", "pid":"1", "tid":"cmeps"},
{"name":"med_phases_prep_atm", "ph":"E", "ts":"2192918243", "pid":"1", "tid":"cmeps"},
{"name":"med_phases_prep_ice", "ph":"B", "ts":"2192918665", "pid":"1", "tid":"cmeps"},
{"name":"med_phases_prep_ice", "ph":"E", "ts":"2192919947", "pid":"1", "tid":"cmeps"},
{"name":"ModelAdvance", "ph":"B", "ts":"2192924126", "pid":"1", "tid":"ufsatm"},
{"name":"ModelAdvance_phase1", "ph":"B", "ts":"2192924137", "pid":"1", "tid":"ufsatm"},
{"name":"fcst_run_phase_1", "ph":"B", "ts":"2192924177", "pid":"1", "tid":"fv3"},
{"name":"fcst_run_phase_1", "ph":"E", "ts":"2194320516", "pid":"1", "tid":"fv3"},
{"name":"ModelAdvance_phase1", "ph":"E", "ts":"2194320589", "pid":"1", "tid":"ufsatm"},
{"name":"ModelAdvance_phase2", "ph":"B", "ts":"2194320595", "pid":"1", "tid":"ufsatm"},
{"name":"fcst_run_phase_2", "ph":"B", "ts":"2194320624", "pid":"1", "tid":"fv3"},
{"name":"fcst_run_phase_2", "ph":"E", "ts":"2194694749", "pid":"1", "tid":"fv3"},
{"name":"ModelAdvance_phase2", "ph":"E", "ts":"2194694818", "pid":"1", "tid":"ufsatm"},
{"name":"ModelAdvance", "ph":"E", "ts":"2194694824", "pid":"1", "tid":"ufsatm"},
{"name":"med_phases_post_atm", "ph":"B", "ts":"2194696152", "pid":"1", "tid":"cmeps"},
{"name":"med_phases_history_write_comp", "ph":"B", "ts":"2194706989", "pid":"1", "tid":"cmeps"},
{"name":"med_phases_history_write_comp", "ph":"E", "ts":"2194707092", "pid":"1", "tid":"cmeps"},
{"name":"med_phases_post_atm", "ph":"E", "ts":"2194707098", "pid":"1", "tid":"cmeps"},
{"name":"med_phases_post_ice", "ph":"B", "ts":"2195585758", "pid":"1", "tid":"cmeps"},
{"name":"med_phases_history_write_comp", "ph":"B", "ts":"2195589569", "pid":"1", "tid":"cmeps"},
{"name":"med_phases_history_write_comp", "ph":"E", "ts":"2195589602", "pid":"1", "tid":"cmeps"},
{"name":"med_phases_post_ice", "ph":"E", "ts":"2195589607", "pid":"1", "tid":"cmeps"},
{"name":"med_phases_ocnalb_run", "ph":"B", "ts":"2195589764", "pid":"1", "tid":"cmeps"},
{"name":"med_phases_history_write_med", "ph":"B", "ts":"2195590641", "pid":"1", "tid":"cmeps"},
{"name":"med_phases_history_write_med", "ph":"E", "ts":"2195590655", "pid":"1", "tid":"cmeps"},
{"name":"med_phases_ocnalb_run", "ph":"E", "ts":"2195590659", "pid":"1", "tid":"cmeps"},
{"name":"med_phases_prep_ocn_accum", "ph":"B", "ts":"2195590797", "pid":"1", "tid":"cmeps"},
{"name":"med_phases_prep_ocn_accum", "ph":"E", "ts":"2195593289", "pid":"1", "tid":"cmeps"},
{"name":"med_phases_post_ocn", "ph":"B", "ts":"2195594491", "pid":"1", "tid":"cmeps"},
{"name":"med_phases_history_write_comp", "ph":"B", "ts":"2195594978", "pid":"1", "tid":"cmeps"},
{"name":"med_phases_history_write_comp", "ph":"E", "ts":"2195594991", "pid":"1", "tid":"cmeps"},
{"name":"med_phases_post_ocn", "ph":"E", "ts":"2195594996", "pid":"1", "tid":"cmeps"},
{"name":"med_phases_restart_write", "ph":"B", "ts":"2195595101", "pid":"1", "tid":"cmeps"},
{"name":"med_phases_restart_write", "ph":"E", "ts":"2195595126", "pid":"1", "tid":"cmeps"},
{"name":"med_phases_prep_ocn_avg", "ph":"B", "ts":"2195595206", "pid":"1", "tid":"cmeps"},
{"name":"med_phases_prep_ocn_avg", "ph":"E", "ts":"2195595819", "pid":"1", "tid":"cmeps"},
{"name":"med_phases_prep_atm", "ph":"B", "ts":"2195596267", "pid":"1", "tid":"cmeps"},
{"name":"med_phases_prep_atm", "ph":"E", "ts":"2195608965", "pid":"1", "tid":"cmeps"},
{"name":"med_phases_prep_ice", "ph":"B", "ts":"2195609418", "pid":"1", "tid":"cmeps"},
{"name":"med_phases_prep_ice", "ph":"E", "ts":"2195610603", "pid":"1", "tid":"cmeps"},
{"name":"ModelAdvance", "ph":"B", "ts":"2195614655", "pid":"1", "tid":"ufsatm"},
{"name":"ModelAdvance_phase1", "ph":"B", "ts":"2195614666", "pid":"1", "tid":"ufsatm"},
{"name":"fcst_run_phase_1", "ph":"B", "ts":"2195614699", "pid":"1", "tid":"fv3"},
{"name":"fcst_run_phase_1", "ph":"E", "ts":"2198395030", "pid":"1", "tid":"fv3"},
{"name":"ModelAdvance_phase1", "ph":"E", "ts":"2198395101", "pid":"1", "tid":"ufsatm"},
{"name":"ModelAdvance_phase2", "ph":"B", "ts":"2198395107", "pid":"1", "tid":"ufsatm"},
{"name":"fcst_run_phase_2", "ph":"B", "ts":"2198395137", "pid":"1", "tid":"fv3"},
{"name":"fcst_run_phase_2", "ph":"E", "ts":"2200980374", "pid":"1", "tid":"fv3"},
{"name":"ModelAdvance_phase2", "ph":"E", "ts":"2200980445", "pid":"1", "tid":"ufsatm"},
{"name":"ModelAdvance", "ph":"E", "ts":"2200980452", "pid":"1", "tid":"ufsatm"},
{"name":"med_phases_post_atm", "ph":"B", "ts":"2200981487", "pid":"1", "tid":"cmeps"},
{"name":"med_phases_history_write_comp", "ph":"B", "ts":"2200991979", "pid":"1", "tid":"cmeps"},
{"name":"med_phases_history_write_comp", "ph":"E", "ts":"2200992083", "pid":"1", "tid":"cmeps"},
{"name":"med_phases_post_atm", "ph":"E", "ts":"2200992089", "pid":"1", "tid":"cmeps"},
{"name":"med_phases_post_ice", "ph":"B", "ts":"2200997737", "pid":"1", "tid":"cmeps"},
{"name":"med_phases_history_write_comp", "ph":"B", "ts":"2201008723", "pid":"1", "tid":"cmeps"},
{"name":"med_phases_history_write_comp", "ph":"E", "ts":"2201008779", "pid":"1", "tid":"cmeps"},
{"name":"med_phases_post_ice", "ph":"E", "ts":"2201008785", "pid":"1", "tid":"cmeps"},
{"name":"med_phases_ocnalb_run", "ph":"B", "ts":"2201008989", "pid":"1", "tid":"cmeps"},
{"name":"med_phases_history_write_med", "ph":"B", "ts":"2201009702", "pid":"1", "tid":"cmeps"},
{"name":"med_phases_history_write_med", "ph":"E", "ts":"2201009729", "pid":"1", "tid":"cmeps"},
{"name":"med_phases_ocnalb_run", "ph":"E", "ts":"2201009735", "pid":"1", "tid":"cmeps"},
{"name":"med_phases_prep_ocn_accum", "ph":"B", "ts":"2201009950", "pid":"1", "tid":"cmeps"},
{"name":"med_phases_prep_ocn_accum", "ph":"E", "ts":"2201012251", "pid":"1", "tid":"cmeps"},
{"name":"med_phases_prep_atm", "ph":"B", "ts":"2201012412", "pid":"1", "tid":"cmeps"},
{"name":"med_phases_prep_atm", "ph":"E", "ts":"2201018257", "pid":"1", "tid":"cmeps"},
{"name":"med_phases_prep_ice", "ph":"B", "ts":"2201018672", "pid":"1", "tid":"cmeps"},
{"name":"med_phases_prep_ice", "ph":"E", "ts":"2201019981", "pid":"1", "tid":"cmeps"},
{"name":"ModelAdvance", "ph":"B", "ts":"2201024134", "pid":"1", "tid":"ufsatm"},
{"name":"ModelAdvance_phase1", "ph":"B", "ts":"2201024144", "pid":"1", "tid":"ufsatm"},
{"name":"fcst_run_phase_1", "ph":"B", "ts":"2201024184", "pid":"1", "tid":"fv3"},
{"name":"fcst_run_phase_1", "ph":"E", "ts":"2202433768", "pid":"1", "tid":"fv3"},
{"name":"ModelAdvance_phase1", "ph":"E", "ts":"2202433842", "pid":"1", "tid":"ufsatm"},
{"name":"ModelAdvance_phase2", "ph":"B", "ts":"2202433848", "pid":"1", "tid":"ufsatm"},
{"name":"fcst_run_phase_2", "ph":"B", "ts":"2202433877", "pid":"1", "tid":"fv3"},
{"name":"fcst_run_phase_2", "ph":"E", "ts":"2202798806", "pid":"1", "tid":"fv3"},
{"name":"ModelAdvance_phase2", "ph":"E", "ts":"2202798878", "pid":"1", "tid":"ufsatm"},
{"name":"ModelAdvance", "ph":"E", "ts":"2202798884", "pid":"1", "tid":"ufsatm"},
{"name":"med_phases_post_atm", "ph":"B", "ts":"2202799934", "pid":"1", "tid":"cmeps"},
{"name":"med_phases_history_write_comp", "ph":"B", "ts":"2202810762", "pid":"1", "tid":"cmeps"},
{"name":"med_phases_history_write_comp", "ph":"E", "ts":"2202810821", "pid":"1", "tid":"cmeps"},
{"name":"med_phases_post_atm", "ph":"E", "ts":"2202810827", "pid":"1", "tid":"cmeps"},
{"name":"med_phases_post_ice", "ph":"B", "ts":"2202817207", "pid":"1", "tid":"cmeps"},
{"name":"med_phases_history_write_comp", "ph":"B", "ts":"2202827471", "pid":"1", "tid":"cmeps"},
{"name":"med_phases_history_write_comp", "ph":"E", "ts":"2202827506", "pid":"1", "tid":"cmeps"},
{"name":"med_phases_post_ice", "ph":"E", "ts":"2202827512", "pid":"1", "tid":"cmeps"},
{"name":"med_phases_ocnalb_run", "ph":"B", "ts":"2202827664", "pid":"1", "tid":"cmeps"},
{"name":"med_phases_history_write_med", "ph":"B", "ts":"2202828355", "pid":"1", "tid":"cmeps"},
{"name":"med_phases_history_write_med", "ph":"E", "ts":"2202828386", "pid":"1", "tid":"cmeps"},
{"name":"med_phases_ocnalb_run", "ph":"E", "ts":"2202828394", "pid":"1", "tid":"cmeps"},
{"name":"med_phases_prep_ocn_accum", "ph":"B", "ts":"2202828615", "pid":"1", "tid":"cmeps"},
{"name":"med_phases_prep_ocn_accum", "ph":"E", "ts":"2202830994", "pid":"1", "tid":"cmeps"},
{"name":"med_phases_prep_atm", "ph":"B", "ts":"2202831133", "pid":"1", "tid":"cmeps"},
{"name":"med_phases_prep_atm", "ph":"E", "ts":"2202837300", "pid":"1", "tid":"cmeps"},
{"name":"med_phases_prep_ice", "ph":"B", "ts":"2202837721", "pid":"1", "tid":"cmeps"},
{"name":"med_phases_prep_ice", "ph":"E", "ts":"2202838828", "pid":"1", "tid":"cmeps"},
{"name":"ModelAdvance", "ph":"B", "ts":"2202842812", "pid":"1", "tid":"ufsatm"},
{"name":"ModelAdvance_phase1", "ph":"B", "ts":"2202842831", "pid":"1", "tid":"ufsatm"},
{"name":"fcst_run_phase_1", "ph":"B", "ts":"2202842979", "pid":"1", "tid":"fv3"},
{"name":"fcst_run_phase_1", "ph":"E", "ts":"2204246981", "pid":"1", "tid":"fv3"},
{"name":"ModelAdvance_phase1", "ph":"E", "ts":"2204247044", "pid":"1", "tid":"ufsatm"},
{"name":"ModelAdvance_phase2", "ph":"B", "ts":"2204247050", "pid":"1", "tid":"ufsatm"},
{"name":"fcst_run_phase_2", "ph":"B", "ts":"2204247078", "pid":"1", "tid":"fv3"},
{"name":"fcst_run_phase_2", "ph":"E", "ts":"2204626917", "pid":"1", "tid":"fv3"},
{"name":"ModelAdvance_phase2", "ph":"E", "ts":"2204626989", "pid":"1", "tid":"ufsatm"},
{"name":"ModelAdvance", "ph":"E", "ts":"2204626994", "pid":"1", "tid":"ufsatm"},
{"name":"med_phases_post_atm", "ph":"B", "ts":"2204628161", "pid":"1", "tid":"cmeps"},
{"name":"med_phases_history_write_comp", "ph":"B", "ts":"2204639483", "pid":"1", "tid":"cmeps"},
{"name":"med_phases_history_write_comp", "ph":"E", "ts":"2204639532", "pid":"1", "tid":"cmeps"},
{"name":"med_phases_post_atm", "ph":"E", "ts":"2204639537", "pid":"1", "tid":"cmeps"},
{"name":"med_phases_post_ice", "ph":"B", "ts":"2204647468", "pid":"1", "tid":"cmeps"},
{"name":"med_phases_history_write_comp", "ph":"B", "ts":"2204660426", "pid":"1", "tid":"cmeps"},
{"name":"med_phases_history_write_comp", "ph":"E", "ts":"2204660483", "pid":"1", "tid":"cmeps"},
{"name":"med_phases_post_ice", "ph":"E", "ts":"2204660489", "pid":"1", "tid":"cmeps"},
{"name":"med_phases_ocnalb_run", "ph":"B", "ts":"2204660712", "pid":"1", "tid":"cmeps"},
{"name":"med_phases_history_write_med", "ph":"B", "ts":"2204661387", "pid":"1", "tid":"cmeps"},
{"name":"med_phases_history_write_med", "ph":"E", "ts":"2204661399", "pid":"1", "tid":"cmeps"},
{"name":"med_phases_ocnalb_run", "ph":"E", "ts":"2204661404", "pid":"1", "tid":"cmeps"},
{"name":"med_phases_prep_ocn_accum", "ph":"B", "ts":"2204661574", "pid":"1", "tid":"cmeps"},
{"name":"med_phases_prep_ocn_accum", "ph":"E", "ts":"2204664194", "pid":"1", "tid":"cmeps"},
{"name":"med_phases_post_ocn", "ph":"B", "ts":"2204665829", "pid":"1", "tid":"cmeps"},
{"name":"med_phases_history_write_comp", "ph":"B", "ts":"2204666284", "pid":"1", "tid":"cmeps"},
{"name":"med_phases_history_write_comp", "ph":"E", "ts":"2204666296", "pid":"1", "tid":"cmeps"},
{"name":"med_phases_post_ocn", "ph":"E", "ts":"2204666301", "pid":"1", "tid":"cmeps"},
{"name":"med_phases_restart_write", "ph":"B", "ts":"2204666403", "pid":"1", "tid":"cmeps"},
{"name":"med_phases_restart_write", "ph":"E", "ts":"2204666426", "pid":"1", "tid":"cmeps"},
{"name":"med_phases_prep_ocn_avg", "ph":"B", "ts":"2204666506", "pid":"1", "tid":"cmeps"},
{"name":"med_phases_prep_ocn_avg", "ph":"E", "ts":"2204667045", "pid":"1", "tid":"cmeps"},
{"name":"med_phases_prep_atm", "ph":"B", "ts":"2204667491", "pid":"1", "tid":"cmeps"},
{"name":"med_phases_prep_atm", "ph":"E", "ts":"2204679886", "pid":"1", "tid":"cmeps"},
{"name":"med_phases_prep_ice", "ph":"B", "ts":"2204680216", "pid":"1", "tid":"cmeps"},
{"name":"med_phases_prep_ice", "ph":"E", "ts":"2204681709", "pid":"1", "tid":"cmeps"},
{"name":"ModelAdvance", "ph":"B", "ts":"2204685723", "pid":"1", "tid":"ufsatm"},
{"name":"ModelAdvance_phase1", "ph":"B", "ts":"2204685745", "pid":"1", "tid":"ufsatm"},
{"name":"fcst_run_phase_1", "ph":"B", "ts":"2204685869", "pid":"1", "tid":"fv3"},
{"name":"fcst_run_phase_1", "ph":"E", "ts":"2206096391", "pid":"1", "tid":"fv3"},
{"name":"ModelAdvance_phase1", "ph":"E", "ts":"2206096456", "pid":"1", "tid":"ufsatm"},
{"name":"ModelAdvance_phase2", "ph":"B", "ts":"2206096462", "pid":"1", "tid":"ufsatm"},
{"name":"fcst_run_phase_2", "ph":"B", "ts":"2206096489", "pid":"1", "tid":"fv3"},
{"name":"fcst_run_phase_2", "ph":"E", "ts":"2206476840", "pid":"1", "tid":"fv3"},
{"name":"ModelAdvance_phase2", "ph":"E", "ts":"2206476928", "pid":"1", "tid":"ufsatm"},
{"name":"ModelAdvance", "ph":"E", "ts":"2206476935", "pid":"1", "tid":"ufsatm"},
{"name":"med_phases_post_atm", "ph":"B", "ts":"2206478013", "pid":"1", "tid":"cmeps"},
{"name":"med_phases_history_write_comp", "ph":"B", "ts":"2206488583", "pid":"1", "tid":"cmeps"},
{"name":"med_phases_history_write_comp", "ph":"E", "ts":"2206488641", "pid":"1", "tid":"cmeps"},
{"name":"med_phases_post_atm", "ph":"E", "ts":"2206488646", "pid":"1", "tid":"cmeps"},
{"name":"med_phases_post_ice", "ph":"B", "ts":"2206494364", "pid":"1", "tid":"cmeps"},
{"name":"med_phases_history_write_comp", "ph":"B", "ts":"2206505135", "pid":"1", "tid":"cmeps"},
{"name":"med_phases_history_write_comp", "ph":"E", "ts":"2206505171", "pid":"1", "tid":"cmeps"},
{"name":"med_phases_post_ice", "ph":"E", "ts":"2206505176", "pid":"1", "tid":"cmeps"},
{"name":"med_phases_ocnalb_run", "ph":"B", "ts":"2206505408", "pid":"1", "tid":"cmeps"},
{"name":"med_phases_history_write_med", "ph":"B", "ts":"2206506076", "pid":"1", "tid":"cmeps"},
{"name":"med_phases_history_write_med", "ph":"E", "ts":"2206506087", "pid":"1", "tid":"cmeps"},
{"name":"med_phases_ocnalb_run", "ph":"E", "ts":"2206506092", "pid":"1", "tid":"cmeps"},
{"name":"med_phases_prep_ocn_accum", "ph":"B", "ts":"2206506203", "pid":"1", "tid":"cmeps"},
{"name":"med_phases_prep_ocn_accum", "ph":"E", "ts":"2206508829", "pid":"1", "tid":"cmeps"},
{"name":"med_phases_prep_atm", "ph":"B", "ts":"2206508996", "pid":"1", "tid":"cmeps"},
{"name":"med_phases_prep_atm", "ph":"E", "ts":"2206514565", "pid":"1", "tid":"cmeps"},
{"name":"med_phases_prep_ice", "ph":"B", "ts":"2206514875", "pid":"1", "tid":"cmeps"},
{"name":"med_phases_prep_ice", "ph":"E", "ts":"2206516311", "pid":"1", "tid":"cmeps"},
{"name":"ModelAdvance", "ph":"B", "ts":"2206520930", "pid":"1", "tid":"ufsatm"},
{"name":"ModelAdvance_phase1", "ph":"B", "ts":"2206520953", "pid":"1", "tid":"ufsatm"},
{"name":"fcst_run_phase_1", "ph":"B", "ts":"2206521139", "pid":"1", "tid":"fv3"},
{"name":"fcst_run_phase_1", "ph":"E", "ts":"2207925649", "pid":"1", "tid":"fv3"},
{"name":"ModelAdvance_phase1", "ph":"E", "ts":"2207925719", "pid":"1", "tid":"ufsatm"},
{"name":"ModelAdvance_phase2", "ph":"B", "ts":"2207925726", "pid":"1", "tid":"ufsatm"},
{"name":"fcst_run_phase_2", "ph":"B", "ts":"2207925755", "pid":"1", "tid":"fv3"},
{"name":"fcst_run_phase_2", "ph":"E", "ts":"2208304751", "pid":"1", "tid":"fv3"},
{"name":"ModelAdvance_phase2", "ph":"E", "ts":"2208304865", "pid":"1", "tid":"ufsatm"},
{"name":"ModelAdvance", "ph":"E", "ts":"2208304873", "pid":"1", "tid":"ufsatm"},
{"name":"med_phases_post_atm", "ph":"B", "ts":"2208306147", "pid":"1", "tid":"cmeps"},
{"name":"med_phases_history_write_comp", "ph":"B", "ts":"2208317160", "pid":"1", "tid":"cmeps"},
{"name":"med_phases_history_write_comp", "ph":"E", "ts":"2208317226", "pid":"1", "tid":"cmeps"},
{"name":"med_phases_post_atm", "ph":"E", "ts":"2208317232", "pid":"1", "tid":"cmeps"},
{"name":"med_phases_post_ice", "ph":"B", "ts":"2208320044", "pid":"1", "tid":"cmeps"},
{"name":"med_phases_history_write_comp", "ph":"B", "ts":"2208333951", "pid":"1", "tid":"cmeps"},
{"name":"med_phases_history_write_comp", "ph":"E", "ts":"2208334006", "pid":"1", "tid":"cmeps"},
{"name":"med_phases_post_ice", "ph":"E", "ts":"2208334011", "pid":"1", "tid":"cmeps"},
{"name":"med_phases_ocnalb_run", "ph":"B", "ts":"2208334279", "pid":"1", "tid":"cmeps"},
{"name":"med_phases_history_write_med", "ph":"B", "ts":"2208334902", "pid":"1", "tid":"cmeps"},
{"name":"med_phases_history_write_med", "ph":"E", "ts":"2208334911", "pid":"1", "tid":"cmeps"},
{"name":"med_phases_ocnalb_run", "ph":"E", "ts":"2208334915", "pid":"1", "tid":"cmeps"},
{"name":"med_phases_prep_ocn_accum", "ph":"B", "ts":"2208335048", "pid":"1", "tid":"cmeps"},
{"name":"med_phases_prep_ocn_accum", "ph":"E", "ts":"2208337784", "pid":"1", "tid":"cmeps"},
{"name":"med_phases_prep_atm", "ph":"B", "ts":"2208337919", "pid":"1", "tid":"cmeps"},
{"name":"med_phases_prep_atm", "ph":"E", "ts":"2208343414", "pid":"1", "tid":"cmeps"},
{"name":"med_phases_prep_ice", "ph":"B", "ts":"2208343792", "pid":"1", "tid":"cmeps"},
{"name":"med_phases_prep_ice", "ph":"E", "ts":"2208345337", "pid":"1", "tid":"cmeps"},
{"name":"ModelAdvance", "ph":"B", "ts":"2208349978", "pid":"1", "tid":"ufsatm"},
{"name":"ModelAdvance_phase1", "ph":"B", "ts":"2208349995", "pid":"1", "tid":"ufsatm"},
{"name":"fcst_run_phase_1", "ph":"B", "ts":"2208350140", "pid":"1", "tid":"fv3"},
{"name":"fcst_run_phase_1", "ph":"E", "ts":"2209747211", "pid":"1", "tid":"fv3"},
{"name":"ModelAdvance_phase1", "ph":"E", "ts":"2209747276", "pid":"1", "tid":"ufsatm"},
{"name":"ModelAdvance_phase2", "ph":"B", "ts":"2209747283", "pid":"1", "tid":"ufsatm"},
{"name":"fcst_run_phase_2", "ph":"B", "ts":"2209747309", "pid":"1", "tid":"fv3"},
{"name":"fcst_run_phase_2", "ph":"E", "ts":"2210129968", "pid":"1", "tid":"fv3"},
{"name":"ModelAdvance_phase2", "ph":"E", "ts":"2210130030", "pid":"1", "tid":"ufsatm"},
{"name":"ModelAdvance", "ph":"E", "ts":"2210130036", "pid":"1", "tid":"ufsatm"},
{"name":"med_phases_post_atm", "ph":"B", "ts":"2210130989", "pid":"1", "tid":"cmeps"},
{"name":"med_phases_history_write_comp", "ph":"B", "ts":"2210141039", "pid":"1", "tid":"cmeps"},
{"name":"med_phases_history_write_comp", "ph":"E", "ts":"2210141125", "pid":"1", "tid":"cmeps"},
{"name":"med_phases_post_atm", "ph":"E", "ts":"2210141132", "pid":"1", "tid":"cmeps"},
{"name":"med_phases_post_ice", "ph":"B", "ts":"2210143658", "pid":"1", "tid":"cmeps"},
{"name":"med_phases_history_write_comp", "ph":"B", "ts":"2210161661", "pid":"1", "tid":"cmeps"},
{"name":"med_phases_history_write_comp", "ph":"E", "ts":"2210161725", "pid":"1", "tid":"cmeps"},
{"name":"med_phases_post_ice", "ph":"E", "ts":"2210161733", "pid":"1", "tid":"cmeps"},
{"name":"med_phases_ocnalb_run", "ph":"B", "ts":"2210162047", "pid":"1", "tid":"cmeps"},
{"name":"med_phases_history_write_med", "ph":"B", "ts":"2210162736", "pid":"1", "tid":"cmeps"},
{"name":"med_phases_history_write_med", "ph":"E", "ts":"2210162745", "pid":"1", "tid":"cmeps"},
{"name":"med_phases_ocnalb_run", "ph":"E", "ts":"2210162750", "pid":"1", "tid":"cmeps"},
{"name":"med_phases_prep_ocn_accum", "ph":"B", "ts":"2210162888", "pid":"1", "tid":"cmeps"},
{"name":"med_phases_prep_ocn_accum", "ph":"E", "ts":"2210165568", "pid":"1", "tid":"cmeps"},
{"name":"med_phases_post_ocn", "ph":"B", "ts":"2210166804", "pid":"1", "tid":"cmeps"},
{"name":"med_phases_history_write_comp", "ph":"B", "ts":"2210167467", "pid":"1", "tid":"cmeps"},
{"name":"med_phases_history_write_comp", "ph":"E", "ts":"2210167479", "pid":"1", "tid":"cmeps"},
{"name":"med_phases_post_ocn", "ph":"E", "ts":"2210167483", "pid":"1", "tid":"cmeps"},
{"name":"med_phases_restart_write", "ph":"B", "ts":"2210167589", "pid":"1", "tid":"cmeps"},
{"name":"med_phases_restart_write", "ph":"E", "ts":"2210167614", "pid":"1", "tid":"cmeps"},
{"name":"med_phases_prep_ocn_avg", "ph":"B", "ts":"2210167695", "pid":"1", "tid":"cmeps"},
{"name":"med_phases_prep_ocn_avg", "ph":"E", "ts":"2210168241", "pid":"1", "tid":"cmeps"},
{"name":"med_phases_prep_atm", "ph":"B", "ts":"2210168676", "pid":"1", "tid":"cmeps"},
{"name":"med_phases_prep_atm", "ph":"E", "ts":"2210181024", "pid":"1", "tid":"cmeps"},
{"name":"med_phases_prep_ice", "ph":"B", "ts":"2210181398", "pid":"1", "tid":"cmeps"},
{"name":"med_phases_prep_ice", "ph":"E", "ts":"2210182747", "pid":"1", "tid":"cmeps"},
{"name":"ModelAdvance", "ph":"B", "ts":"2210187252", "pid":"1", "tid":"ufsatm"},
{"name":"ModelAdvance_phase1", "ph":"B", "ts":"2210187278", "pid":"1", "tid":"ufsatm"},
{"name":"fcst_run_phase_1", "ph":"B", "ts":"2210187432", "pid":"1", "tid":"fv3"},
{"name":"fcst_run_phase_1", "ph":"E", "ts":"2214397581", "pid":"1", "tid":"fv3"},
{"name":"ModelAdvance_phase1", "ph":"E", "ts":"2214397651", "pid":"1", "tid":"ufsatm"},
{"name":"ModelAdvance_phase2", "ph":"B", "ts":"2214397657", "pid":"1", "tid":"ufsatm"},
{"name":"fcst_run_phase_2", "ph":"B", "ts":"2214397687", "pid":"1", "tid":"fv3"},
{"name":"fcst_run_phase_2", "ph":"E", "ts":"2215454973", "pid":"1", "tid":"fv3"},
{"name":"ModelAdvance_phase2", "ph":"E", "ts":"2215455046", "pid":"1", "tid":"ufsatm"},
{"name":"ModelAdvance", "ph":"E", "ts":"2215455052", "pid":"1", "tid":"ufsatm"},
{"name":"med_phases_post_atm", "ph":"B", "ts":"2215456005", "pid":"1", "tid":"cmeps"},
{"name":"med_phases_history_write_comp", "ph":"B", "ts":"2215466478", "pid":"1", "tid":"cmeps"},
{"name":"med_phases_history_write_comp", "ph":"E", "ts":"2215466563", "pid":"1", "tid":"cmeps"},
{"name":"med_phases_post_atm", "ph":"E", "ts":"2215466570", "pid":"1", "tid":"cmeps"},
{"name":"med_phases_post_ice", "ph":"B", "ts":"2215468641", "pid":"1", "tid":"cmeps"},
{"name":"med_phases_history_write_comp", "ph":"B", "ts":"2215483317", "pid":"1", "tid":"cmeps"},
{"name":"med_phases_history_write_comp", "ph":"E", "ts":"2215483360", "pid":"1", "tid":"cmeps"},
{"name":"med_phases_post_ice", "ph":"E", "ts":"2215483366", "pid":"1", "tid":"cmeps"},
{"name":"med_phases_ocnalb_run", "ph":"B", "ts":"2215483529", "pid":"1", "tid":"cmeps"},
{"name":"med_phases_history_write_med", "ph":"B", "ts":"2215484196", "pid":"1", "tid":"cmeps"},
{"name":"med_phases_history_write_med", "ph":"E", "ts":"2215484209", "pid":"1", "tid":"cmeps"},
{"name":"med_phases_ocnalb_run", "ph":"E", "ts":"2215484217", "pid":"1", "tid":"cmeps"},
{"name":"med_phases_prep_ocn_accum", "ph":"B", "ts":"2215484356", "pid":"1", "tid":"cmeps"},
{"name":"med_phases_prep_ocn_accum", "ph":"E", "ts":"2215486813", "pid":"1", "tid":"cmeps"},
{"name":"med_phases_prep_atm", "ph":"B", "ts":"2215486940", "pid":"1", "tid":"cmeps"},
{"name":"med_phases_prep_atm", "ph":"E", "ts":"2215492444", "pid":"1", "tid":"cmeps"},
{"name":"med_phases_prep_ice", "ph":"B", "ts":"2215492894", "pid":"1", "tid":"cmeps"},
{"name":"med_phases_prep_ice", "ph":"E", "ts":"2215494471", "pid":"1", "tid":"cmeps"},
{"name":"ModelAdvance", "ph":"B", "ts":"2215498602", "pid":"1", "tid":"ufsatm"},
{"name":"ModelAdvance_phase1", "ph":"B", "ts":"2215498612", "pid":"1", "tid":"ufsatm"},
{"name":"fcst_run_phase_1", "ph":"B", "ts":"2215498653", "pid":"1", "tid":"fv3"},
{"name":"fcst_run_phase_1", "ph":"E", "ts":"2216902776", "pid":"1", "tid":"fv3"},
{"name":"ModelAdvance_phase1", "ph":"E", "ts":"2216902848", "pid":"1", "tid":"ufsatm"},
{"name":"ModelAdvance_phase2", "ph":"B", "ts":"2216902855", "pid":"1", "tid":"ufsatm"},
{"name":"fcst_run_phase_2", "ph":"B", "ts":"2216902885", "pid":"1", "tid":"fv3"},
{"name":"fcst_run_phase_2", "ph":"E", "ts":"2217280363", "pid":"1", "tid":"fv3"},
{"name":"ModelAdvance_phase2", "ph":"E", "ts":"2217280607", "pid":"1", "tid":"ufsatm"},
{"name":"ModelAdvance", "ph":"E", "ts":"2217280622", "pid":"1", "tid":"ufsatm"},
{"name":"med_phases_post_atm", "ph":"B", "ts":"2217281810", "pid":"1", "tid":"cmeps"},
{"name":"med_phases_history_write_comp", "ph":"B", "ts":"2217292266", "pid":"1", "tid":"cmeps"},
{"name":"med_phases_history_write_comp", "ph":"E", "ts":"2217292359", "pid":"1", "tid":"cmeps"},
{"name":"med_phases_post_atm", "ph":"E", "ts":"2217292364", "pid":"1", "tid":"cmeps"},
{"name":"med_phases_post_ice", "ph":"B", "ts":"2217299955", "pid":"1", "tid":"cmeps"},
{"name":"med_phases_history_write_comp", "ph":"B", "ts":"2217312885", "pid":"1", "tid":"cmeps"},
{"name":"med_phases_history_write_comp", "ph":"E", "ts":"2217312929", "pid":"1", "tid":"cmeps"},
{"name":"med_phases_post_ice", "ph":"E", "ts":"2217312936", "pid":"1", "tid":"cmeps"},
{"name":"med_phases_ocnalb_run", "ph":"B", "ts":"2217313137", "pid":"1", "tid":"cmeps"},
{"name":"med_phases_history_write_med", "ph":"B", "ts":"2217314365", "pid":"1", "tid":"cmeps"},
{"name":"med_phases_history_write_med", "ph":"E", "ts":"2217314386", "pid":"1", "tid":"cmeps"},
{"name":"med_phases_ocnalb_run", "ph":"E", "ts":"2217314391", "pid":"1", "tid":"cmeps"},
{"name":"med_phases_prep_ocn_accum", "ph":"B", "ts":"2217314585", "pid":"1", "tid":"cmeps"},
{"name":"med_phases_prep_ocn_accum", "ph":"E", "ts":"2217316394", "pid":"1", "tid":"cmeps"},
{"name":"med_phases_prep_atm", "ph":"B", "ts":"2217316519", "pid":"1", "tid":"cmeps"},
{"name":"med_phases_prep_atm", "ph":"E", "ts":"2217322035", "pid":"1", "tid":"cmeps"},
{"name":"med_phases_prep_ice", "ph":"B", "ts":"2217322319", "pid":"1", "tid":"cmeps"},
{"name":"med_phases_prep_ice", "ph":"E", "ts":"2217323917", "pid":"1", "tid":"cmeps"},
{"name":"ModelAdvance", "ph":"B", "ts":"2217328046", "pid":"1", "tid":"ufsatm"},
{"name":"ModelAdvance_phase1", "ph":"B", "ts":"2217328061", "pid":"1", "tid":"ufsatm"},
{"name":"fcst_run_phase_1", "ph":"B", "ts":"2217328102", "pid":"1", "tid":"fv3"},
{"name":"fcst_run_phase_1", "ph":"E", "ts":"2218735374", "pid":"1", "tid":"fv3"},
{"name":"ModelAdvance_phase1", "ph":"E", "ts":"2218735444", "pid":"1", "tid":"ufsatm"},
{"name":"ModelAdvance_phase2", "ph":"B", "ts":"2218735451", "pid":"1", "tid":"ufsatm"},
{"name":"fcst_run_phase_2", "ph":"B", "ts":"2218735480", "pid":"1", "tid":"fv3"},
{"name":"fcst_run_phase_2", "ph":"E", "ts":"2219114326", "pid":"1", "tid":"fv3"},
{"name":"ModelAdvance_phase2", "ph":"E", "ts":"2219114548", "pid":"1", "tid":"ufsatm"},
{"name":"ModelAdvance", "ph":"E", "ts":"2219114560", "pid":"1", "tid":"ufsatm"},
{"name":"med_phases_post_atm", "ph":"B", "ts":"2219115548", "pid":"1", "tid":"cmeps"},
{"name":"med_phases_history_write_comp", "ph":"B", "ts":"2219126063", "pid":"1", "tid":"cmeps"},
{"name":"med_phases_history_write_comp", "ph":"E", "ts":"2219126127", "pid":"1", "tid":"cmeps"},
{"name":"med_phases_post_atm", "ph":"E", "ts":"2219126133", "pid":"1", "tid":"cmeps"},
{"name":"med_phases_post_ice", "ph":"B", "ts":"2219130822", "pid":"1", "tid":"cmeps"},
{"name":"med_phases_history_write_comp", "ph":"B", "ts":"2219146833", "pid":"1", "tid":"cmeps"},
{"name":"med_phases_history_write_comp", "ph":"E", "ts":"2219146872", "pid":"1", "tid":"cmeps"},
{"name":"med_phases_post_ice", "ph":"E", "ts":"2219146877", "pid":"1", "tid":"cmeps"},
{"name":"med_phases_ocnalb_run", "ph":"B", "ts":"2219147037", "pid":"1", "tid":"cmeps"},
{"name":"med_phases_history_write_med", "ph":"B", "ts":"2219147657", "pid":"1", "tid":"cmeps"},
{"name":"med_phases_history_write_med", "ph":"E", "ts":"2219147672", "pid":"1", "tid":"cmeps"},
{"name":"med_phases_ocnalb_run", "ph":"E", "ts":"2219147680", "pid":"1", "tid":"cmeps"},
{"name":"med_phases_prep_ocn_accum", "ph":"B", "ts":"2219147845", "pid":"1", "tid":"cmeps"},
{"name":"med_phases_prep_ocn_accum", "ph":"E", "ts":"2219150461", "pid":"1", "tid":"cmeps"},
{"name":"med_phases_post_ocn", "ph":"B", "ts":"2219151557", "pid":"1", "tid":"cmeps"},
{"name":"med_phases_history_write_comp", "ph":"B", "ts":"2219152224", "pid":"1", "tid":"cmeps"},
{"name":"med_phases_history_write_comp", "ph":"E", "ts":"2219152237", "pid":"1", "tid":"cmeps"},
{"name":"med_phases_post_ocn", "ph":"E", "ts":"2219152241", "pid":"1", "tid":"cmeps"},
{"name":"med_phases_restart_write", "ph":"B", "ts":"2219152346", "pid":"1", "tid":"cmeps"},
{"name":"med_phases_restart_write", "ph":"E", "ts":"2219152370", "pid":"1", "tid":"cmeps"},
{"name":"med_phases_prep_ocn_avg", "ph":"B", "ts":"2219152450", "pid":"1", "tid":"cmeps"},
{"name":"med_phases_prep_ocn_avg", "ph":"E", "ts":"2219153081", "pid":"1", "tid":"cmeps"},
{"name":"med_phases_prep_atm", "ph":"B", "ts":"2219153602", "pid":"1", "tid":"cmeps"},
{"name":"med_phases_prep_atm", "ph":"E", "ts":"2219166217", "pid":"1", "tid":"cmeps"},
{"name":"med_phases_prep_ice", "ph":"B", "ts":"2219166576", "pid":"1", "tid":"cmeps"},
{"name":"med_phases_prep_ice", "ph":"E", "ts":"2219168036", "pid":"1", "tid":"cmeps"},
{"name":"ModelAdvance", "ph":"B", "ts":"2219172172", "pid":"1", "tid":"ufsatm"},
{"name":"ModelAdvance_phase1", "ph":"B", "ts":"2219172187", "pid":"1", "tid":"ufsatm"},
{"name":"fcst_run_phase_1", "ph":"B", "ts":"2219172230", "pid":"1", "tid":"fv3"},
{"name":"fcst_run_phase_1", "ph":"E", "ts":"2220586521", "pid":"1", "tid":"fv3"},
{"name":"ModelAdvance_phase1", "ph":"E", "ts":"2220586587", "pid":"1", "tid":"ufsatm"},
{"name":"ModelAdvance_phase2", "ph":"B", "ts":"2220586592", "pid":"1", "tid":"ufsatm"},
{"name":"fcst_run_phase_2", "ph":"B", "ts":"2220586620", "pid":"1", "tid":"fv3"},
{"name":"fcst_run_phase_2", "ph":"E", "ts":"2220973828", "pid":"1", "tid":"fv3"},
{"name":"ModelAdvance_phase2", "ph":"E", "ts":"2220974017", "pid":"1", "tid":"ufsatm"},
{"name":"ModelAdvance", "ph":"E", "ts":"2220974029", "pid":"1", "tid":"ufsatm"},
{"name":"med_phases_post_atm", "ph":"B", "ts":"2220975188", "pid":"1", "tid":"cmeps"},
{"name":"med_phases_history_write_comp", "ph":"B", "ts":"2220985710", "pid":"1", "tid":"cmeps"},
{"name":"med_phases_history_write_comp", "ph":"E", "ts":"2220985772", "pid":"1", "tid":"cmeps"},
{"name":"med_phases_post_atm", "ph":"E", "ts":"2220985778", "pid":"1", "tid":"cmeps"},
{"name":"med_phases_post_ice", "ph":"B", "ts":"2220989785", "pid":"1", "tid":"cmeps"},
{"name":"med_phases_history_write_comp", "ph":"B", "ts":"2221002060", "pid":"1", "tid":"cmeps"},
{"name":"med_phases_history_write_comp", "ph":"E", "ts":"2221002099", "pid":"1", "tid":"cmeps"},
{"name":"med_phases_post_ice", "ph":"E", "ts":"2221002104", "pid":"1", "tid":"cmeps"},
{"name":"med_phases_ocnalb_run", "ph":"B", "ts":"2221002441", "pid":"1", "tid":"cmeps"},
{"name":"med_phases_history_write_med", "ph":"B", "ts":"2221003080", "pid":"1", "tid":"cmeps"},
{"name":"med_phases_history_write_med", "ph":"E", "ts":"2221003093", "pid":"1", "tid":"cmeps"},
{"name":"med_phases_ocnalb_run", "ph":"E", "ts":"2221003100", "pid":"1", "tid":"cmeps"},
{"name":"med_phases_prep_ocn_accum", "ph":"B", "ts":"2221003228", "pid":"1", "tid":"cmeps"},
{"name":"med_phases_prep_ocn_accum", "ph":"E", "ts":"2221005786", "pid":"1", "tid":"cmeps"},
{"name":"med_phases_prep_atm", "ph":"B", "ts":"2221005917", "pid":"1", "tid":"cmeps"},
{"name":"med_phases_prep_atm", "ph":"E", "ts":"2221011773", "pid":"1", "tid":"cmeps"},
{"name":"med_phases_prep_ice", "ph":"B", "ts":"2221012091", "pid":"1", "tid":"cmeps"},
{"name":"med_phases_prep_ice", "ph":"E", "ts":"2221013389", "pid":"1", "tid":"cmeps"},
{"name":"ModelAdvance", "ph":"B", "ts":"2221017669", "pid":"1", "tid":"ufsatm"},
{"name":"ModelAdvance_phase1", "ph":"B", "ts":"2221017683", "pid":"1", "tid":"ufsatm"},
{"name":"fcst_run_phase_1", "ph":"B", "ts":"2221017724", "pid":"1", "tid":"fv3"},
{"name":"fcst_run_phase_1", "ph":"E", "ts":"2222428154", "pid":"1", "tid":"fv3"},
{"name":"ModelAdvance_phase1", "ph":"E", "ts":"2222428210", "pid":"1", "tid":"ufsatm"},
{"name":"ModelAdvance_phase2", "ph":"B", "ts":"2222428216", "pid":"1", "tid":"ufsatm"},
{"name":"fcst_run_phase_2", "ph":"B", "ts":"2222428236", "pid":"1", "tid":"fv3"},
{"name":"fcst_run_phase_2", "ph":"E", "ts":"2222794647", "pid":"1", "tid":"fv3"},
{"name":"ModelAdvance_phase2", "ph":"E", "ts":"2222794841", "pid":"1", "tid":"ufsatm"},
{"name":"ModelAdvance", "ph":"E", "ts":"2222794856", "pid":"1", "tid":"ufsatm"},
{"name":"med_phases_post_atm", "ph":"B", "ts":"2222796074", "pid":"1", "tid":"cmeps"},
{"name":"med_phases_history_write_comp", "ph":"B", "ts":"2222806690", "pid":"1", "tid":"cmeps"},
{"name":"med_phases_history_write_comp", "ph":"E", "ts":"2222806801", "pid":"1", "tid":"cmeps"},
{"name":"med_phases_post_atm", "ph":"E", "ts":"2222806807", "pid":"1", "tid":"cmeps"},
{"name":"med_phases_post_ice", "ph":"B", "ts":"2222811117", "pid":"1", "tid":"cmeps"},
{"name":"med_phases_history_write_comp", "ph":"B", "ts":"2222823028", "pid":"1", "tid":"cmeps"},
{"name":"med_phases_history_write_comp", "ph":"E", "ts":"2222823078", "pid":"1", "tid":"cmeps"},
{"name":"med_phases_post_ice", "ph":"E", "ts":"2222823084", "pid":"1", "tid":"cmeps"},
{"name":"med_phases_ocnalb_run", "ph":"B", "ts":"2222823384", "pid":"1", "tid":"cmeps"},
{"name":"med_phases_history_write_med", "ph":"B", "ts":"2222824010", "pid":"1", "tid":"cmeps"},
{"name":"med_phases_history_write_med", "ph":"E", "ts":"2222824018", "pid":"1", "tid":"cmeps"},
{"name":"med_phases_ocnalb_run", "ph":"E", "ts":"2222824023", "pid":"1", "tid":"cmeps"},
{"name":"med_phases_prep_ocn_accum", "ph":"B", "ts":"2222824176", "pid":"1", "tid":"cmeps"},
{"name":"med_phases_prep_ocn_accum", "ph":"E", "ts":"2222826802", "pid":"1", "tid":"cmeps"},
{"name":"med_phases_prep_atm", "ph":"B", "ts":"2222826945", "pid":"1", "tid":"cmeps"},
{"name":"med_phases_prep_atm", "ph":"E", "ts":"2222832715", "pid":"1", "tid":"cmeps"},
{"name":"med_phases_prep_ice", "ph":"B", "ts":"2222833082", "pid":"1", "tid":"cmeps"},
{"name":"med_phases_prep_ice", "ph":"E", "ts":"2222834507", "pid":"1", "tid":"cmeps"},
{"name":"ModelAdvance", "ph":"B", "ts":"2222838504", "pid":"1", "tid":"ufsatm"},
{"name":"ModelAdvance_phase1", "ph":"B", "ts":"2222838518", "pid":"1", "tid":"ufsatm"},
{"name":"fcst_run_phase_1", "ph":"B", "ts":"2222838550", "pid":"1", "tid":"fv3"},
{"name":"fcst_run_phase_1", "ph":"E", "ts":"2224241980", "pid":"1", "tid":"fv3"},
{"name":"ModelAdvance_phase1", "ph":"E", "ts":"2224242036", "pid":"1", "tid":"ufsatm"},
{"name":"ModelAdvance_phase2", "ph":"B", "ts":"2224242042", "pid":"1", "tid":"ufsatm"},
{"name":"fcst_run_phase_2", "ph":"B", "ts":"2224242063", "pid":"1", "tid":"fv3"},
{"name":"fcst_run_phase_2", "ph":"E", "ts":"2224617769", "pid":"1", "tid":"fv3"},
{"name":"ModelAdvance_phase2", "ph":"E", "ts":"2224617839", "pid":"1", "tid":"ufsatm"},
{"name":"ModelAdvance", "ph":"E", "ts":"2224617845", "pid":"1", "tid":"ufsatm"},
{"name":"med_phases_post_atm", "ph":"B", "ts":"2224618813", "pid":"1", "tid":"cmeps"},
{"name":"med_phases_history_write_comp", "ph":"B", "ts":"2224629046", "pid":"1", "tid":"cmeps"},
{"name":"med_phases_history_write_comp", "ph":"E", "ts":"2224629101", "pid":"1", "tid":"cmeps"},
{"name":"med_phases_post_atm", "ph":"E", "ts":"2224629106", "pid":"1", "tid":"cmeps"},
{"name":"med_phases_post_ice", "ph":"B", "ts":"2225490380", "pid":"1", "tid":"cmeps"},
{"name":"med_phases_history_write_comp", "ph":"B", "ts":"2225499125", "pid":"1", "tid":"cmeps"},
{"name":"med_phases_history_write_comp", "ph":"E", "ts":"2225499158", "pid":"1", "tid":"cmeps"},
{"name":"med_phases_post_ice", "ph":"E", "ts":"2225499164", "pid":"1", "tid":"cmeps"},
{"name":"med_phases_ocnalb_run", "ph":"B", "ts":"2225499326", "pid":"1", "tid":"cmeps"},
{"name":"med_phases_history_write_med", "ph":"B", "ts":"2225500021", "pid":"1", "tid":"cmeps"},
{"name":"med_phases_history_write_med", "ph":"E", "ts":"2225500058", "pid":"1", "tid":"cmeps"},
{"name":"med_phases_ocnalb_run", "ph":"E", "ts":"2225500066", "pid":"1", "tid":"cmeps"},
{"name":"med_phases_prep_ocn_accum", "ph":"B", "ts":"2225500308", "pid":"1", "tid":"cmeps"},
{"name":"med_phases_prep_ocn_accum", "ph":"E", "ts":"2225502852", "pid":"1", "tid":"cmeps"},
{"name":"med_phases_post_ocn", "ph":"B", "ts":"2225504064", "pid":"1", "tid":"cmeps"},
{"name":"med_phases_history_write_comp", "ph":"B", "ts":"2225504558", "pid":"1", "tid":"cmeps"},
{"name":"med_phases_history_write_comp", "ph":"E", "ts":"2225504573", "pid":"1", "tid":"cmeps"},
{"name":"med_phases_post_ocn", "ph":"E", "ts":"2225504578", "pid":"1", "tid":"cmeps"},
{"name":"med_phases_restart_write", "ph":"B", "ts":"2225504699", "pid":"1", "tid":"cmeps"},
{"name":"med_phases_restart_write", "ph":"E", "ts":"2225504724", "pid":"1", "tid":"cmeps"},
{"name":"med_phases_prep_ocn_avg", "ph":"B", "ts":"2225504842", "pid":"1", "tid":"cmeps"},
{"name":"med_phases_prep_ocn_avg", "ph":"E", "ts":"2225505469", "pid":"1", "tid":"cmeps"},
{"name":"med_phases_prep_atm", "ph":"B", "ts":"2225505942", "pid":"1", "tid":"cmeps"},
{"name":"med_phases_prep_atm", "ph":"E", "ts":"2225517839", "pid":"1", "tid":"cmeps"},
{"name":"med_phases_prep_ice", "ph":"B", "ts":"2225518195", "pid":"1", "tid":"cmeps"},
{"name":"med_phases_prep_ice", "ph":"E", "ts":"2225519786", "pid":"1", "tid":"cmeps"},
{"name":"ModelAdvance", "ph":"B", "ts":"2225523892", "pid":"1", "tid":"ufsatm"},
{"name":"ModelAdvance_phase1", "ph":"B", "ts":"2225523909", "pid":"1", "tid":"ufsatm"},
{"name":"fcst_run_phase_1", "ph":"B", "ts":"2225523966", "pid":"1", "tid":"fv3"},
{"name":"fcst_run_phase_1", "ph":"E", "ts":"2230182289", "pid":"1", "tid":"fv3"},
{"name":"ModelAdvance_phase1", "ph":"E", "ts":"2230182354", "pid":"1", "tid":"ufsatm"},
{"name":"ModelAdvance_phase2", "ph":"B", "ts":"2230182360", "pid":"1", "tid":"ufsatm"},
{"name":"fcst_run_phase_2", "ph":"B", "ts":"2230182388", "pid":"1", "tid":"fv3"},
{"name":"fcst_run_phase_2", "ph":"E", "ts":"2230754207", "pid":"1", "tid":"fv3"},
{"name":"ModelAdvance_phase2", "ph":"E", "ts":"2230754277", "pid":"1", "tid":"ufsatm"},
{"name":"ModelAdvance", "ph":"E", "ts":"2230754284", "pid":"1", "tid":"ufsatm"},
{"name":"med_phases_post_atm", "ph":"B", "ts":"2230755267", "pid":"1", "tid":"cmeps"},
{"name":"med_phases_history_write_comp", "ph":"B", "ts":"2230772225", "pid":"1", "tid":"cmeps"},
{"name":"med_phases_history_write_comp", "ph":"E", "ts":"2230772294", "pid":"1", "tid":"cmeps"},
{"name":"med_phases_post_atm", "ph":"E", "ts":"2230772300", "pid":"1", "tid":"cmeps"},
{"name":"med_phases_post_ice", "ph":"B", "ts":"2230774822", "pid":"1", "tid":"cmeps"},
{"name":"med_phases_history_write_comp", "ph":"B", "ts":"2230788834", "pid":"1", "tid":"cmeps"},
{"name":"med_phases_history_write_comp", "ph":"E", "ts":"2230788880", "pid":"1", "tid":"cmeps"},
{"name":"med_phases_post_ice", "ph":"E", "ts":"2230788886", "pid":"1", "tid":"cmeps"},
{"name":"med_phases_ocnalb_run", "ph":"B", "ts":"2230789171", "pid":"1", "tid":"cmeps"},
{"name":"med_phases_history_write_med", "ph":"B", "ts":"2230789999", "pid":"1", "tid":"cmeps"},
{"name":"med_phases_history_write_med", "ph":"E", "ts":"2230790011", "pid":"1", "tid":"cmeps"},
{"name":"med_phases_ocnalb_run", "ph":"E", "ts":"2230790017", "pid":"1", "tid":"cmeps"},
{"name":"med_phases_prep_ocn_accum", "ph":"B", "ts":"2230790172", "pid":"1", "tid":"cmeps"},
{"name":"med_phases_prep_ocn_accum", "ph":"E", "ts":"2230792631", "pid":"1", "tid":"cmeps"},
{"name":"med_phases_prep_atm", "ph":"B", "ts":"2230792757", "pid":"1", "tid":"cmeps"},
{"name":"med_phases_prep_atm", "ph":"E", "ts":"2230798272", "pid":"1", "tid":"cmeps"},
{"name":"med_phases_prep_ice", "ph":"B", "ts":"2230798623", "pid":"1", "tid":"cmeps"},
{"name":"med_phases_prep_ice", "ph":"E", "ts":"2230800130", "pid":"1", "tid":"cmeps"},
{"name":"ModelAdvance", "ph":"B", "ts":"2230804351", "pid":"1", "tid":"ufsatm"},
{"name":"ModelAdvance_phase1", "ph":"B", "ts":"2230804366", "pid":"1", "tid":"ufsatm"},
{"name":"fcst_run_phase_1", "ph":"B", "ts":"2230804411", "pid":"1", "tid":"fv3"},
{"name":"fcst_run_phase_1", "ph":"E", "ts":"2232270988", "pid":"1", "tid":"fv3"},
{"name":"ModelAdvance_phase1", "ph":"E", "ts":"2232271056", "pid":"1", "tid":"ufsatm"},
{"name":"ModelAdvance_phase2", "ph":"B", "ts":"2232271062", "pid":"1", "tid":"ufsatm"},
{"name":"fcst_run_phase_2", "ph":"B", "ts":"2232271090", "pid":"1", "tid":"fv3"},
{"name":"fcst_run_phase_2", "ph":"E", "ts":"2232630840", "pid":"1", "tid":"fv3"},
{"name":"ModelAdvance_phase2", "ph":"E", "ts":"2232630917", "pid":"1", "tid":"ufsatm"},
{"name":"ModelAdvance", "ph":"E", "ts":"2232630923", "pid":"1", "tid":"ufsatm"},
{"name":"med_phases_post_atm", "ph":"B", "ts":"2232631924", "pid":"1", "tid":"cmeps"},
{"name":"med_phases_history_write_comp", "ph":"B", "ts":"2232642835", "pid":"1", "tid":"cmeps"},
{"name":"med_phases_history_write_comp", "ph":"E", "ts":"2232642885", "pid":"1", "tid":"cmeps"},
{"name":"med_phases_post_atm", "ph":"E", "ts":"2232642890", "pid":"1", "tid":"cmeps"},
{"name":"med_phases_post_ice", "ph":"B", "ts":"2232653657", "pid":"1", "tid":"cmeps"},
{"name":"med_phases_history_write_comp", "ph":"B", "ts":"2232659717", "pid":"1", "tid":"cmeps"},
{"name":"med_phases_history_write_comp", "ph":"E", "ts":"2232659749", "pid":"1", "tid":"cmeps"},
{"name":"med_phases_post_ice", "ph":"E", "ts":"2232659768", "pid":"1", "tid":"cmeps"},
{"name":"med_phases_ocnalb_run", "ph":"B", "ts":"2232659934", "pid":"1", "tid":"cmeps"},
{"name":"med_phases_history_write_med", "ph":"B", "ts":"2232660932", "pid":"1", "tid":"cmeps"},
{"name":"med_phases_history_write_med", "ph":"E", "ts":"2232660951", "pid":"1", "tid":"cmeps"},
{"name":"med_phases_ocnalb_run", "ph":"E", "ts":"2232660957", "pid":"1", "tid":"cmeps"},
{"name":"med_phases_prep_ocn_accum", "ph":"B", "ts":"2232661203", "pid":"1", "tid":"cmeps"},
{"name":"med_phases_prep_ocn_accum", "ph":"E", "ts":"2232663446", "pid":"1", "tid":"cmeps"},
{"name":"med_phases_prep_atm", "ph":"B", "ts":"2232663578", "pid":"1", "tid":"cmeps"},
{"name":"med_phases_prep_atm", "ph":"E", "ts":"2232669225", "pid":"1", "tid":"cmeps"},
{"name":"med_phases_prep_ice", "ph":"B", "ts":"2232669555", "pid":"1", "tid":"cmeps"},
{"name":"med_phases_prep_ice", "ph":"E", "ts":"2232670975", "pid":"1", "tid":"cmeps"},
{"name":"ModelAdvance", "ph":"B", "ts":"2232675150", "pid":"1", "tid":"ufsatm"},
{"name":"ModelAdvance_phase1", "ph":"B", "ts":"2232675166", "pid":"1", "tid":"ufsatm"},
{"name":"fcst_run_phase_1", "ph":"B", "ts":"2232675219", "pid":"1", "tid":"fv3"},
{"name":"fcst_run_phase_1", "ph":"E", "ts":"2234092429", "pid":"1", "tid":"fv3"},
{"name":"ModelAdvance_phase1", "ph":"E", "ts":"2234092493", "pid":"1", "tid":"ufsatm"},
{"name":"ModelAdvance_phase2", "ph":"B", "ts":"2234092499", "pid":"1", "tid":"ufsatm"},
{"name":"fcst_run_phase_2", "ph":"B", "ts":"2234092523", "pid":"1", "tid":"fv3"},
{"name":"fcst_run_phase_2", "ph":"E", "ts":"2234471093", "pid":"1", "tid":"fv3"},
{"name":"ModelAdvance_phase2", "ph":"E", "ts":"2234471164", "pid":"1", "tid":"ufsatm"},
{"name":"ModelAdvance", "ph":"E", "ts":"2234471171", "pid":"1", "tid":"ufsatm"},
{"name":"med_phases_post_atm", "ph":"B", "ts":"2234472231", "pid":"1", "tid":"cmeps"},
{"name":"med_phases_history_write_comp", "ph":"B", "ts":"2234483019", "pid":"1", "tid":"cmeps"},
{"name":"med_phases_history_write_comp", "ph":"E", "ts":"2234483068", "pid":"1", "tid":"cmeps"},
{"name":"med_phases_post_atm", "ph":"E", "ts":"2234483074", "pid":"1", "tid":"cmeps"},
{"name":"med_phases_post_ice", "ph":"B", "ts":"2234495376", "pid":"1", "tid":"cmeps"},
{"name":"med_phases_history_write_comp", "ph":"B", "ts":"2234504033", "pid":"1", "tid":"cmeps"},
{"name":"med_phases_history_write_comp", "ph":"E", "ts":"2234504069", "pid":"1", "tid":"cmeps"},
{"name":"med_phases_post_ice", "ph":"E", "ts":"2234504075", "pid":"1", "tid":"cmeps"},
{"name":"med_phases_ocnalb_run", "ph":"B", "ts":"2234504226", "pid":"1", "tid":"cmeps"},
{"name":"med_phases_history_write_med", "ph":"B", "ts":"2234504880", "pid":"1", "tid":"cmeps"},
{"name":"med_phases_history_write_med", "ph":"E", "ts":"2234504896", "pid":"1", "tid":"cmeps"},
{"name":"med_phases_ocnalb_run", "ph":"E", "ts":"2234504902", "pid":"1", "tid":"cmeps"},
{"name":"med_phases_prep_ocn_accum", "ph":"B", "ts":"2234505079", "pid":"1", "tid":"cmeps"},
{"name":"med_phases_prep_ocn_accum", "ph":"E", "ts":"2234507538", "pid":"1", "tid":"cmeps"},
{"name":"med_phases_post_ocn", "ph":"B", "ts":"2234509194", "pid":"1", "tid":"cmeps"},
{"name":"med_phases_history_write_comp", "ph":"B", "ts":"2234509644", "pid":"1", "tid":"cmeps"},
{"name":"med_phases_history_write_comp", "ph":"E", "ts":"2234509657", "pid":"1", "tid":"cmeps"},
{"name":"med_phases_post_ocn", "ph":"E", "ts":"2234509661", "pid":"1", "tid":"cmeps"},
{"name":"med_phases_restart_write", "ph":"B", "ts":"2234509766", "pid":"1", "tid":"cmeps"},
{"name":"med_phases_restart_write", "ph":"E", "ts":"2234509790", "pid":"1", "tid":"cmeps"},
{"name":"med_phases_prep_ocn_avg", "ph":"B", "ts":"2234509870", "pid":"1", "tid":"cmeps"},
{"name":"med_phases_prep_ocn_avg", "ph":"E", "ts":"2234510492", "pid":"1", "tid":"cmeps"},
{"name":"med_phases_prep_atm", "ph":"B", "ts":"2234510943", "pid":"1", "tid":"cmeps"},
{"name":"med_phases_prep_atm", "ph":"E", "ts":"2234523234", "pid":"1", "tid":"cmeps"},
{"name":"med_phases_prep_ice", "ph":"B", "ts":"2234523587", "pid":"1", "tid":"cmeps"},
{"name":"med_phases_prep_ice", "ph":"E", "ts":"2234525113", "pid":"1", "tid":"cmeps"},
{"name":"ModelAdvance", "ph":"B", "ts":"2234529271", "pid":"1", "tid":"ufsatm"},
{"name":"ModelAdvance_phase1", "ph":"B", "ts":"2234529284", "pid":"1", "tid":"ufsatm"},
{"name":"fcst_run_phase_1", "ph":"B", "ts":"2234529316", "pid":"1", "tid":"fv3"},
{"name":"fcst_run_phase_1", "ph":"E", "ts":"2235945015", "pid":"1", "tid":"fv3"},
{"name":"ModelAdvance_phase1", "ph":"E", "ts":"2235945074", "pid":"1", "tid":"ufsatm"},
{"name":"ModelAdvance_phase2", "ph":"B", "ts":"2235945080", "pid":"1", "tid":"ufsatm"},
{"name":"fcst_run_phase_2", "ph":"B", "ts":"2235945102", "pid":"1", "tid":"fv3"},
{"name":"fcst_run_phase_2", "ph":"E", "ts":"2236328741", "pid":"1", "tid":"fv3"},
{"name":"ModelAdvance_phase2", "ph":"E", "ts":"2236329116", "pid":"1", "tid":"ufsatm"},
{"name":"ModelAdvance", "ph":"E", "ts":"2236329123", "pid":"1", "tid":"ufsatm"},
{"name":"med_phases_post_atm", "ph":"B", "ts":"2236330217", "pid":"1", "tid":"cmeps"},
{"name":"med_phases_history_write_comp", "ph":"B", "ts":"2236340597", "pid":"1", "tid":"cmeps"},
{"name":"med_phases_history_write_comp", "ph":"E", "ts":"2236340671", "pid":"1", "tid":"cmeps"},
{"name":"med_phases_post_atm", "ph":"E", "ts":"2236340676", "pid":"1", "tid":"cmeps"},
{"name":"med_phases_post_ice", "ph":"B", "ts":"2236344406", "pid":"1", "tid":"cmeps"},
{"name":"med_phases_history_write_comp", "ph":"B", "ts":"2236357061", "pid":"1", "tid":"cmeps"},
{"name":"med_phases_history_write_comp", "ph":"E", "ts":"2236357134", "pid":"1", "tid":"cmeps"},
{"name":"med_phases_post_ice", "ph":"E", "ts":"2236357140", "pid":"1", "tid":"cmeps"},
{"name":"med_phases_ocnalb_run", "ph":"B", "ts":"2236357486", "pid":"1", "tid":"cmeps"},
{"name":"med_phases_history_write_med", "ph":"B", "ts":"2236358058", "pid":"1", "tid":"cmeps"},
{"name":"med_phases_history_write_med", "ph":"E", "ts":"2236358067", "pid":"1", "tid":"cmeps"},
{"name":"med_phases_ocnalb_run", "ph":"E", "ts":"2236358072", "pid":"1", "tid":"cmeps"},
{"name":"med_phases_prep_ocn_accum", "ph":"B", "ts":"2236358198", "pid":"1", "tid":"cmeps"},
{"name":"med_phases_prep_ocn_accum", "ph":"E", "ts":"2236360912", "pid":"1", "tid":"cmeps"},
{"name":"med_phases_prep_atm", "ph":"B", "ts":"2236361083", "pid":"1", "tid":"cmeps"},
{"name":"med_phases_prep_atm", "ph":"E", "ts":"2236366945", "pid":"1", "tid":"cmeps"},
{"name":"med_phases_prep_ice", "ph":"B", "ts":"2236367231", "pid":"1", "tid":"cmeps"},
{"name":"med_phases_prep_ice", "ph":"E", "ts":"2236368743", "pid":"1", "tid":"cmeps"},
{"name":"ModelAdvance", "ph":"B", "ts":"2236373050", "pid":"1", "tid":"ufsatm"},
{"name":"ModelAdvance_phase1", "ph":"B", "ts":"2236373068", "pid":"1", "tid":"ufsatm"},
{"name":"fcst_run_phase_1", "ph":"B", "ts":"2236373106", "pid":"1", "tid":"fv3"},
{"name":"fcst_run_phase_1", "ph":"E", "ts":"2237778498", "pid":"1", "tid":"fv3"},
{"name":"ModelAdvance_phase1", "ph":"E", "ts":"2237778566", "pid":"1", "tid":"ufsatm"},
{"name":"ModelAdvance_phase2", "ph":"B", "ts":"2237778572", "pid":"1", "tid":"ufsatm"},
{"name":"fcst_run_phase_2", "ph":"B", "ts":"2237778600", "pid":"1", "tid":"fv3"},
{"name":"fcst_run_phase_2", "ph":"E", "ts":"2238167202", "pid":"1", "tid":"fv3"},
{"name":"ModelAdvance_phase2", "ph":"E", "ts":"2238167272", "pid":"1", "tid":"ufsatm"},
{"name":"ModelAdvance", "ph":"E", "ts":"2238167278", "pid":"1", "tid":"ufsatm"},
{"name":"med_phases_post_atm", "ph":"B", "ts":"2238168536", "pid":"1", "tid":"cmeps"},
{"name":"med_phases_history_write_comp", "ph":"B", "ts":"2238180289", "pid":"1", "tid":"cmeps"},
{"name":"med_phases_history_write_comp", "ph":"E", "ts":"2238180341", "pid":"1", "tid":"cmeps"},
{"name":"med_phases_post_atm", "ph":"E", "ts":"2238180346", "pid":"1", "tid":"cmeps"},
{"name":"med_phases_post_ice", "ph":"B", "ts":"2238190925", "pid":"1", "tid":"cmeps"},
{"name":"med_phases_history_write_comp", "ph":"B", "ts":"2238196942", "pid":"1", "tid":"cmeps"},
{"name":"med_phases_history_write_comp", "ph":"E", "ts":"2238196981", "pid":"1", "tid":"cmeps"},
{"name":"med_phases_post_ice", "ph":"E", "ts":"2238196987", "pid":"1", "tid":"cmeps"},
{"name":"med_phases_ocnalb_run", "ph":"B", "ts":"2238197198", "pid":"1", "tid":"cmeps"},
{"name":"med_phases_history_write_med", "ph":"B", "ts":"2238197819", "pid":"1", "tid":"cmeps"},
{"name":"med_phases_history_write_med", "ph":"E", "ts":"2238197831", "pid":"1", "tid":"cmeps"},
{"name":"med_phases_ocnalb_run", "ph":"E", "ts":"2238197836", "pid":"1", "tid":"cmeps"},
{"name":"med_phases_prep_ocn_accum", "ph":"B", "ts":"2238198025", "pid":"1", "tid":"cmeps"},
{"name":"med_phases_prep_ocn_accum", "ph":"E", "ts":"2238200423", "pid":"1", "tid":"cmeps"},
{"name":"med_phases_prep_atm", "ph":"B", "ts":"2238200563", "pid":"1", "tid":"cmeps"},
{"name":"med_phases_prep_atm", "ph":"E", "ts":"2238206425", "pid":"1", "tid":"cmeps"},
{"name":"med_phases_prep_ice", "ph":"B", "ts":"2238206727", "pid":"1", "tid":"cmeps"},
{"name":"med_phases_prep_ice", "ph":"E", "ts":"2238208119", "pid":"1", "tid":"cmeps"},
{"name":"ModelAdvance", "ph":"B", "ts":"2238212223", "pid":"1", "tid":"ufsatm"},
{"name":"ModelAdvance_phase1", "ph":"B", "ts":"2238212238", "pid":"1", "tid":"ufsatm"},
{"name":"fcst_run_phase_1", "ph":"B", "ts":"2238212349", "pid":"1", "tid":"fv3"},
{"name":"fcst_run_phase_1", "ph":"E", "ts":"2239623475", "pid":"1", "tid":"fv3"},
{"name":"ModelAdvance_phase1", "ph":"E", "ts":"2239623548", "pid":"1", "tid":"ufsatm"},
{"name":"ModelAdvance_phase2", "ph":"B", "ts":"2239623554", "pid":"1", "tid":"ufsatm"},
{"name":"fcst_run_phase_2", "ph":"B", "ts":"2239623585", "pid":"1", "tid":"fv3"},
{"name":"fcst_run_phase_2", "ph":"E", "ts":"2240001916", "pid":"1", "tid":"fv3"},
{"name":"ModelAdvance_phase2", "ph":"E", "ts":"2240001990", "pid":"1", "tid":"ufsatm"},
{"name":"ModelAdvance", "ph":"E", "ts":"2240001996", "pid":"1", "tid":"ufsatm"},
{"name":"med_phases_post_atm", "ph":"B", "ts":"2240006195", "pid":"1", "tid":"cmeps"},
{"name":"med_phases_history_write_comp", "ph":"B", "ts":"2240015833", "pid":"1", "tid":"cmeps"},
{"name":"med_phases_history_write_comp", "ph":"E", "ts":"2240015934", "pid":"1", "tid":"cmeps"},
{"name":"med_phases_post_atm", "ph":"E", "ts":"2240015940", "pid":"1", "tid":"cmeps"},
{"name":"med_phases_post_ice", "ph":"B", "ts":"2240022915", "pid":"1", "tid":"cmeps"},
{"name":"med_phases_history_write_comp", "ph":"B", "ts":"2240036333", "pid":"1", "tid":"cmeps"},
{"name":"med_phases_history_write_comp", "ph":"E", "ts":"2240036396", "pid":"1", "tid":"cmeps"},
{"name":"med_phases_post_ice", "ph":"E", "ts":"2240036402", "pid":"1", "tid":"cmeps"},
{"name":"med_phases_ocnalb_run", "ph":"B", "ts":"2240036634", "pid":"1", "tid":"cmeps"},
{"name":"med_phases_history_write_med", "ph":"B", "ts":"2240037292", "pid":"1", "tid":"cmeps"},
{"name":"med_phases_history_write_med", "ph":"E", "ts":"2240037303", "pid":"1", "tid":"cmeps"},
{"name":"med_phases_ocnalb_run", "ph":"E", "ts":"2240037307", "pid":"1", "tid":"cmeps"},
{"name":"med_phases_prep_ocn_accum", "ph":"B", "ts":"2240037423", "pid":"1", "tid":"cmeps"},
{"name":"med_phases_prep_ocn_accum", "ph":"E", "ts":"2240040075", "pid":"1", "tid":"cmeps"},
{"name":"med_phases_post_ocn", "ph":"B", "ts":"2240041314", "pid":"1", "tid":"cmeps"},
{"name":"med_phases_history_write_comp", "ph":"B", "ts":"2240042108", "pid":"1", "tid":"cmeps"},
{"name":"med_phases_history_write_comp", "ph":"E", "ts":"2240042121", "pid":"1", "tid":"cmeps"},
{"name":"med_phases_post_ocn", "ph":"E", "ts":"2240042126", "pid":"1", "tid":"cmeps"},
{"name":"med_phases_restart_write", "ph":"B", "ts":"2240042235", "pid":"1", "tid":"cmeps"},
{"name":"med_phases_restart_write", "ph":"E", "ts":"2240042259", "pid":"1", "tid":"cmeps"},
{"name":"med_phases_prep_ocn_avg", "ph":"B", "ts":"2240042341", "pid":"1", "tid":"cmeps"},
{"name":"med_phases_prep_ocn_avg", "ph":"E", "ts":"2240042889", "pid":"1", "tid":"cmeps"},
{"name":"med_phases_prep_atm", "ph":"B", "ts":"2240043343", "pid":"1", "tid":"cmeps"},
{"name":"med_phases_prep_atm", "ph":"E", "ts":"2240056024", "pid":"1", "tid":"cmeps"},
{"name":"med_phases_prep_ice", "ph":"B", "ts":"2240056347", "pid":"1", "tid":"cmeps"},
{"name":"med_phases_prep_ice", "ph":"E", "ts":"2240057721", "pid":"1", "tid":"cmeps"},
{"name":"ModelAdvance", "ph":"B", "ts":"2240061763", "pid":"1", "tid":"ufsatm"},
{"name":"ModelAdvance_phase1", "ph":"B", "ts":"2240061784", "pid":"1", "tid":"ufsatm"},
{"name":"fcst_run_phase_1", "ph":"B", "ts":"2240061936", "pid":"1", "tid":"fv3"},
{"name":"fcst_run_phase_1", "ph":"E", "ts":"2244722204", "pid":"1", "tid":"fv3"},
{"name":"ModelAdvance_phase1", "ph":"E", "ts":"2244722267", "pid":"1", "tid":"ufsatm"},
{"name":"ModelAdvance_phase2", "ph":"B", "ts":"2244722273", "pid":"1", "tid":"ufsatm"},
{"name":"fcst_run_phase_2", "ph":"B", "ts":"2244722301", "pid":"1", "tid":"fv3"},
{"name":"fcst_run_phase_2", "ph":"E", "ts":"2245194350", "pid":"1", "tid":"fv3"},
{"name":"ModelAdvance_phase2", "ph":"E", "ts":"2245194420", "pid":"1", "tid":"ufsatm"},
{"name":"ModelAdvance", "ph":"E", "ts":"2245194427", "pid":"1", "tid":"ufsatm"},
{"name":"med_phases_post_atm", "ph":"B", "ts":"2245195363", "pid":"1", "tid":"cmeps"},
{"name":"med_phases_history_write_comp", "ph":"B", "ts":"2245205606", "pid":"1", "tid":"cmeps"},
{"name":"med_phases_history_write_comp", "ph":"E", "ts":"2245205665", "pid":"1", "tid":"cmeps"},
{"name":"med_phases_post_atm", "ph":"E", "ts":"2245205671", "pid":"1", "tid":"cmeps"},
{"name":"med_phases_post_ice", "ph":"B", "ts":"2245208378", "pid":"1", "tid":"cmeps"},
{"name":"med_phases_history_write_comp", "ph":"B", "ts":"2245222333", "pid":"1", "tid":"cmeps"},
{"name":"med_phases_history_write_comp", "ph":"E", "ts":"2245222379", "pid":"1", "tid":"cmeps"},
{"name":"med_phases_post_ice", "ph":"E", "ts":"2245222384", "pid":"1", "tid":"cmeps"},
{"name":"med_phases_ocnalb_run", "ph":"B", "ts":"2245222712", "pid":"1", "tid":"cmeps"},
{"name":"med_phases_history_write_med", "ph":"B", "ts":"2245223299", "pid":"1", "tid":"cmeps"},
{"name":"med_phases_history_write_med", "ph":"E", "ts":"2245223306", "pid":"1", "tid":"cmeps"},
{"name":"med_phases_ocnalb_run", "ph":"E", "ts":"2245223311", "pid":"1", "tid":"cmeps"},
{"name":"med_phases_prep_ocn_accum", "ph":"B", "ts":"2245223471", "pid":"1", "tid":"cmeps"},
{"name":"med_phases_prep_ocn_accum", "ph":"E", "ts":"2245226122", "pid":"1", "tid":"cmeps"},
{"name":"med_phases_prep_atm", "ph":"B", "ts":"2245226261", "pid":"1", "tid":"cmeps"},
{"name":"med_phases_prep_atm", "ph":"E", "ts":"2245231824", "pid":"1", "tid":"cmeps"},
{"name":"med_phases_prep_ice", "ph":"B", "ts":"2245232116", "pid":"1", "tid":"cmeps"},
{"name":"med_phases_prep_ice", "ph":"E", "ts":"2245233710", "pid":"1", "tid":"cmeps"},
{"name":"ModelAdvance", "ph":"B", "ts":"2245237995", "pid":"1", "tid":"ufsatm"},
{"name":"ModelAdvance_phase1", "ph":"B", "ts":"2245238015", "pid":"1", "tid":"ufsatm"},
{"name":"fcst_run_phase_1", "ph":"B", "ts":"2245238335", "pid":"1", "tid":"fv3"},
{"name":"fcst_run_phase_1", "ph":"E", "ts":"2246643575", "pid":"1", "tid":"fv3"},
{"name":"ModelAdvance_phase1", "ph":"E", "ts":"2246643644", "pid":"1", "tid":"ufsatm"},
{"name":"ModelAdvance_phase2", "ph":"B", "ts":"2246643650", "pid":"1", "tid":"ufsatm"},
{"name":"fcst_run_phase_2", "ph":"B", "ts":"2246643678", "pid":"1", "tid":"fv3"},
{"name":"fcst_run_phase_2", "ph":"E", "ts":"2247027615", "pid":"1", "tid":"fv3"},
{"name":"ModelAdvance_phase2", "ph":"E", "ts":"2247027701", "pid":"1", "tid":"ufsatm"},
{"name":"ModelAdvance", "ph":"E", "ts":"2247027707", "pid":"1", "tid":"ufsatm"},
{"name":"med_phases_post_atm", "ph":"B", "ts":"2247028961", "pid":"1", "tid":"cmeps"},
{"name":"med_phases_history_write_comp", "ph":"B", "ts":"2247040204", "pid":"1", "tid":"cmeps"},
{"name":"med_phases_history_write_comp", "ph":"E", "ts":"2247040301", "pid":"1", "tid":"cmeps"},
{"name":"med_phases_post_atm", "ph":"E", "ts":"2247040307", "pid":"1", "tid":"cmeps"},
{"name":"med_phases_post_ice", "ph":"B", "ts":"2247044203", "pid":"1", "tid":"cmeps"},
{"name":"med_phases_history_write_comp", "ph":"B", "ts":"2247061101", "pid":"1", "tid":"cmeps"},
{"name":"med_phases_history_write_comp", "ph":"E", "ts":"2247061170", "pid":"1", "tid":"cmeps"},
{"name":"med_phases_post_ice", "ph":"E", "ts":"2247061177", "pid":"1", "tid":"cmeps"},
{"name":"med_phases_ocnalb_run", "ph":"B", "ts":"2247061440", "pid":"1", "tid":"cmeps"},
{"name":"med_phases_history_write_med", "ph":"B", "ts":"2247062191", "pid":"1", "tid":"cmeps"},
{"name":"med_phases_history_write_med", "ph":"E", "ts":"2247062200", "pid":"1", "tid":"cmeps"},
{"name":"med_phases_ocnalb_run", "ph":"E", "ts":"2247062205", "pid":"1", "tid":"cmeps"},
{"name":"med_phases_prep_ocn_accum", "ph":"B", "ts":"2247062335", "pid":"1", "tid":"cmeps"},
{"name":"med_phases_prep_ocn_accum", "ph":"E", "ts":"2247064973", "pid":"1", "tid":"cmeps"},
{"name":"med_phases_prep_atm", "ph":"B", "ts":"2247065134", "pid":"1", "tid":"cmeps"},
{"name":"med_phases_prep_atm", "ph":"E", "ts":"2247070581", "pid":"1", "tid":"cmeps"},
{"name":"med_phases_prep_ice", "ph":"B", "ts":"2247070974", "pid":"1", "tid":"cmeps"},
{"name":"med_phases_prep_ice", "ph":"E", "ts":"2247072537", "pid":"1", "tid":"cmeps"},
{"name":"ModelAdvance", "ph":"B", "ts":"2247077185", "pid":"1", "tid":"ufsatm"},
{"name":"ModelAdvance_phase1", "ph":"B", "ts":"2247077211", "pid":"1", "tid":"ufsatm"},
{"name":"fcst_run_phase_1", "ph":"B", "ts":"2247077343", "pid":"1", "tid":"fv3"},
{"name":"fcst_run_phase_1", "ph":"E", "ts":"2248477035", "pid":"1", "tid":"fv3"},
{"name":"ModelAdvance_phase1", "ph":"E", "ts":"2248477091", "pid":"1", "tid":"ufsatm"},
{"name":"ModelAdvance_phase2", "ph":"B", "ts":"2248477097", "pid":"1", "tid":"ufsatm"},
{"name":"fcst_run_phase_2", "ph":"B", "ts":"2248477119", "pid":"1", "tid":"fv3"},
{"name":"fcst_run_phase_2", "ph":"E", "ts":"2248864429", "pid":"1", "tid":"fv3"},
{"name":"ModelAdvance_phase2", "ph":"E", "ts":"2248864507", "pid":"1", "tid":"ufsatm"},
{"name":"ModelAdvance", "ph":"E", "ts":"2248864513", "pid":"1", "tid":"ufsatm"},
{"name":"med_phases_post_atm", "ph":"B", "ts":"2248865874", "pid":"1", "tid":"cmeps"},
{"name":"med_phases_history_write_comp", "ph":"B", "ts":"2248877068", "pid":"1", "tid":"cmeps"},
{"name":"med_phases_history_write_comp", "ph":"E", "ts":"2248877122", "pid":"1", "tid":"cmeps"},
{"name":"med_phases_post_atm", "ph":"E", "ts":"2248877127", "pid":"1", "tid":"cmeps"},
{"name":"med_phases_post_ice", "ph":"B", "ts":"2248882996", "pid":"1", "tid":"cmeps"},
{"name":"med_phases_history_write_comp", "ph":"B", "ts":"2248897218", "pid":"1", "tid":"cmeps"},
{"name":"med_phases_history_write_comp", "ph":"E", "ts":"2248897261", "pid":"1", "tid":"cmeps"},
{"name":"med_phases_post_ice", "ph":"E", "ts":"2248897266", "pid":"1", "tid":"cmeps"},
{"name":"med_phases_ocnalb_run", "ph":"B", "ts":"2248897414", "pid":"1", "tid":"cmeps"},
{"name":"med_phases_history_write_med", "ph":"B", "ts":"2248897996", "pid":"1", "tid":"cmeps"},
{"name":"med_phases_history_write_med", "ph":"E", "ts":"2248898008", "pid":"1", "tid":"cmeps"},
{"name":"med_phases_ocnalb_run", "ph":"E", "ts":"2248898013", "pid":"1", "tid":"cmeps"},
{"name":"med_phases_prep_ocn_accum", "ph":"B", "ts":"2248898170", "pid":"1", "tid":"cmeps"},
{"name":"med_phases_prep_ocn_accum", "ph":"E", "ts":"2248900707", "pid":"1", "tid":"cmeps"},
{"name":"med_phases_post_ocn", "ph":"B", "ts":"2248901944", "pid":"1", "tid":"cmeps"},
{"name":"med_phases_history_write_comp", "ph":"B", "ts":"2248902600", "pid":"1", "tid":"cmeps"},
{"name":"med_phases_history_write_comp", "ph":"E", "ts":"2248902612", "pid":"1", "tid":"cmeps"},
{"name":"med_phases_post_ocn", "ph":"E", "ts":"2248902617", "pid":"1", "tid":"cmeps"},
{"name":"med_phases_restart_write", "ph":"B", "ts":"2248902725", "pid":"1", "tid":"cmeps"},
{"name":"med_phases_restart_write", "ph":"E", "ts":"2248902749", "pid":"1", "tid":"cmeps"},
{"name":"med_phases_prep_ocn_avg", "ph":"B", "ts":"2248902831", "pid":"1", "tid":"cmeps"},
{"name":"med_phases_prep_ocn_avg", "ph":"E", "ts":"2248903381", "pid":"1", "tid":"cmeps"},
{"name":"med_phases_prep_atm", "ph":"B", "ts":"2248903848", "pid":"1", "tid":"cmeps"},
{"name":"med_phases_prep_atm", "ph":"E", "ts":"2248915825", "pid":"1", "tid":"cmeps"},
{"name":"med_phases_prep_ice", "ph":"B", "ts":"2248916151", "pid":"1", "tid":"cmeps"},
{"name":"med_phases_prep_ice", "ph":"E", "ts":"2248917771", "pid":"1", "tid":"cmeps"},
{"name":"ModelAdvance", "ph":"B", "ts":"2248922237", "pid":"1", "tid":"ufsatm"},
{"name":"ModelAdvance_phase1", "ph":"B", "ts":"2248922255", "pid":"1", "tid":"ufsatm"},
{"name":"fcst_run_phase_1", "ph":"B", "ts":"2248922434", "pid":"1", "tid":"fv3"},
{"name":"fcst_run_phase_1", "ph":"E", "ts":"2250337997", "pid":"1", "tid":"fv3"},
{"name":"ModelAdvance_phase1", "ph":"E", "ts":"2250338063", "pid":"1", "tid":"ufsatm"},
{"name":"ModelAdvance_phase2", "ph":"B", "ts":"2250338069", "pid":"1", "tid":"ufsatm"},
{"name":"fcst_run_phase_2", "ph":"B", "ts":"2250338097", "pid":"1", "tid":"fv3"},
{"name":"fcst_run_phase_2", "ph":"E", "ts":"2250723583", "pid":"1", "tid":"fv3"},
{"name":"ModelAdvance_phase2", "ph":"E", "ts":"2250723659", "pid":"1", "tid":"ufsatm"},
{"name":"ModelAdvance", "ph":"E", "ts":"2250723666", "pid":"1", "tid":"ufsatm"},
{"name":"med_phases_post_atm", "ph":"B", "ts":"2250724838", "pid":"1", "tid":"cmeps"},
{"name":"med_phases_history_write_comp", "ph":"B", "ts":"2250734999", "pid":"1", "tid":"cmeps"},
{"name":"med_phases_history_write_comp", "ph":"E", "ts":"2250735075", "pid":"1", "tid":"cmeps"},
{"name":"med_phases_post_atm", "ph":"E", "ts":"2250735081", "pid":"1", "tid":"cmeps"},
{"name":"med_phases_post_ice", "ph":"B", "ts":"2250737527", "pid":"1", "tid":"cmeps"},
{"name":"med_phases_history_write_comp", "ph":"B", "ts":"2250751708", "pid":"1", "tid":"cmeps"},
{"name":"med_phases_history_write_comp", "ph":"E", "ts":"2250751771", "pid":"1", "tid":"cmeps"},
{"name":"med_phases_post_ice", "ph":"E", "ts":"2250751778", "pid":"1", "tid":"cmeps"},
{"name":"med_phases_ocnalb_run", "ph":"B", "ts":"2250752091", "pid":"1", "tid":"cmeps"},
{"name":"med_phases_history_write_med", "ph":"B", "ts":"2250752657", "pid":"1", "tid":"cmeps"},
{"name":"med_phases_history_write_med", "ph":"E", "ts":"2250752666", "pid":"1", "tid":"cmeps"},
{"name":"med_phases_ocnalb_run", "ph":"E", "ts":"2250752671", "pid":"1", "tid":"cmeps"},
{"name":"med_phases_prep_ocn_accum", "ph":"B", "ts":"2250752806", "pid":"1", "tid":"cmeps"},
{"name":"med_phases_prep_ocn_accum", "ph":"E", "ts":"2250755498", "pid":"1", "tid":"cmeps"},
{"name":"med_phases_prep_atm", "ph":"B", "ts":"2250755645", "pid":"1", "tid":"cmeps"},
{"name":"med_phases_prep_atm", "ph":"E", "ts":"2250761312", "pid":"1", "tid":"cmeps"},
{"name":"med_phases_prep_ice", "ph":"B", "ts":"2250761645", "pid":"1", "tid":"cmeps"},
{"name":"med_phases_prep_ice", "ph":"E", "ts":"2250763135", "pid":"1", "tid":"cmeps"},
{"name":"ModelAdvance", "ph":"B", "ts":"2250767239", "pid":"1", "tid":"ufsatm"},
{"name":"ModelAdvance_phase1", "ph":"B", "ts":"2250767257", "pid":"1", "tid":"ufsatm"},
{"name":"fcst_run_phase_1", "ph":"B", "ts":"2250767294", "pid":"1", "tid":"fv3"},
{"name":"fcst_run_phase_1", "ph":"E", "ts":"2252174357", "pid":"1", "tid":"fv3"},
{"name":"ModelAdvance_phase1", "ph":"E", "ts":"2252174429", "pid":"1", "tid":"ufsatm"},
{"name":"ModelAdvance_phase2", "ph":"B", "ts":"2252174435", "pid":"1", "tid":"ufsatm"},
{"name":"fcst_run_phase_2", "ph":"B", "ts":"2252174465", "pid":"1", "tid":"fv3"},
{"name":"fcst_run_phase_2", "ph":"E", "ts":"2252552805", "pid":"1", "tid":"fv3"},
{"name":"ModelAdvance_phase2", "ph":"E", "ts":"2252553109", "pid":"1", "tid":"ufsatm"},
{"name":"ModelAdvance", "ph":"E", "ts":"2252553132", "pid":"1", "tid":"ufsatm"},
{"name":"med_phases_post_atm", "ph":"B", "ts":"2252554397", "pid":"1", "tid":"cmeps"},
{"name":"med_phases_history_write_comp", "ph":"B", "ts":"2252565509", "pid":"1", "tid":"cmeps"},
{"name":"med_phases_history_write_comp", "ph":"E", "ts":"2252565634", "pid":"1", "tid":"cmeps"},
{"name":"med_phases_post_atm", "ph":"E", "ts":"2252565640", "pid":"1", "tid":"cmeps"},
{"name":"med_phases_post_ice", "ph":"B", "ts":"2252571485", "pid":"1", "tid":"cmeps"},
{"name":"med_phases_history_write_comp", "ph":"B", "ts":"2252582334", "pid":"1", "tid":"cmeps"},
{"name":"med_phases_history_write_comp", "ph":"E", "ts":"2252582379", "pid":"1", "tid":"cmeps"},
{"name":"med_phases_post_ice", "ph":"E", "ts":"2252582383", "pid":"1", "tid":"cmeps"},
{"name":"med_phases_ocnalb_run", "ph":"B", "ts":"2252582697", "pid":"1", "tid":"cmeps"},
{"name":"med_phases_history_write_med", "ph":"B", "ts":"2252583320", "pid":"1", "tid":"cmeps"},
{"name":"med_phases_history_write_med", "ph":"E", "ts":"2252583329", "pid":"1", "tid":"cmeps"},
{"name":"med_phases_ocnalb_run", "ph":"E", "ts":"2252583334", "pid":"1", "tid":"cmeps"},
{"name":"med_phases_prep_ocn_accum", "ph":"B", "ts":"2252583448", "pid":"1", "tid":"cmeps"},
{"name":"med_phases_prep_ocn_accum", "ph":"E", "ts":"2252586079", "pid":"1", "tid":"cmeps"},
{"name":"med_phases_prep_atm", "ph":"B", "ts":"2252586212", "pid":"1", "tid":"cmeps"},
{"name":"med_phases_prep_atm", "ph":"E", "ts":"2252591862", "pid":"1", "tid":"cmeps"},
{"name":"med_phases_prep_ice", "ph":"B", "ts":"2252592267", "pid":"1", "tid":"cmeps"},
{"name":"med_phases_prep_ice", "ph":"E", "ts":"2252593685", "pid":"1", "tid":"cmeps"},
{"name":"ModelAdvance", "ph":"B", "ts":"2252597742", "pid":"1", "tid":"ufsatm"},
{"name":"ModelAdvance_phase1", "ph":"B", "ts":"2252597764", "pid":"1", "tid":"ufsatm"},
{"name":"fcst_run_phase_1", "ph":"B", "ts":"2252597795", "pid":"1", "tid":"fv3"},
{"name":"fcst_run_phase_1", "ph":"E", "ts":"2254001275", "pid":"1", "tid":"fv3"},
{"name":"ModelAdvance_phase1", "ph":"E", "ts":"2254001349", "pid":"1", "tid":"ufsatm"},
{"name":"ModelAdvance_phase2", "ph":"B", "ts":"2254001356", "pid":"1", "tid":"ufsatm"},
{"name":"fcst_run_phase_2", "ph":"B", "ts":"2254001387", "pid":"1", "tid":"fv3"},
{"name":"fcst_run_phase_2", "ph":"E", "ts":"2254406122", "pid":"1", "tid":"fv3"},
{"name":"ModelAdvance_phase2", "ph":"E", "ts":"2254502775", "pid":"1", "tid":"ufsatm"},
{"name":"ModelAdvance", "ph":"E", "ts":"2254502788", "pid":"1", "tid":"ufsatm"},
{"name":"med_phases_post_atm", "ph":"B", "ts":"2254503906", "pid":"1", "tid":"cmeps"},
{"name":"med_phases_history_write_comp", "ph":"B", "ts":"2254513865", "pid":"1", "tid":"cmeps"},
{"name":"med_phases_history_write_comp", "ph":"E", "ts":"2254514018", "pid":"1", "tid":"cmeps"},
{"name":"med_phases_post_atm", "ph":"E", "ts":"2254514026", "pid":"1", "tid":"cmeps"},
{"name":"med_phases_post_ice", "ph":"B", "ts":"2255256177", "pid":"1", "tid":"cmeps"},
{"name":"med_phases_history_write_comp", "ph":"B", "ts":"2255261260", "pid":"1", "tid":"cmeps"},
{"name":"med_phases_history_write_comp", "ph":"E", "ts":"2255261301", "pid":"1", "tid":"cmeps"},
{"name":"med_phases_post_ice", "ph":"E", "ts":"2255261307", "pid":"1", "tid":"cmeps"},
{"name":"med_phases_ocnalb_run", "ph":"B", "ts":"2255261465", "pid":"1", "tid":"cmeps"},
{"name":"med_phases_history_write_med", "ph":"B", "ts":"2255262482", "pid":"1", "tid":"cmeps"},
{"name":"med_phases_history_write_med", "ph":"E", "ts":"2255262496", "pid":"1", "tid":"cmeps"},
{"name":"med_phases_ocnalb_run", "ph":"E", "ts":"2255262502", "pid":"1", "tid":"cmeps"},
{"name":"med_phases_prep_ocn_accum", "ph":"B", "ts":"2255262632", "pid":"1", "tid":"cmeps"},
{"name":"med_phases_prep_ocn_accum", "ph":"E", "ts":"2255265003", "pid":"1", "tid":"cmeps"},
{"name":"med_phases_post_ocn", "ph":"B", "ts":"2255266116", "pid":"1", "tid":"cmeps"},
{"name":"med_phases_history_write_comp", "ph":"B", "ts":"2255266591", "pid":"1", "tid":"cmeps"},
{"name":"med_phases_history_write_comp", "ph":"E", "ts":"2255266604", "pid":"1", "tid":"cmeps"},
{"name":"med_phases_post_ocn", "ph":"E", "ts":"2255266609", "pid":"1", "tid":"cmeps"},
{"name":"med_phases_restart_write", "ph":"B", "ts":"2255266714", "pid":"1", "tid":"cmeps"},
{"name":"med_phases_restart_write", "ph":"E", "ts":"2255266737", "pid":"1", "tid":"cmeps"},
{"name":"med_phases_prep_ocn_avg", "ph":"B", "ts":"2255266818", "pid":"1", "tid":"cmeps"},
{"name":"med_phases_prep_ocn_avg", "ph":"E", "ts":"2255267364", "pid":"1", "tid":"cmeps"},
{"name":"med_phases_prep_atm", "ph":"B", "ts":"2255267814", "pid":"1", "tid":"cmeps"},
{"name":"med_phases_prep_atm", "ph":"E", "ts":"2255280839", "pid":"1", "tid":"cmeps"},
{"name":"med_phases_prep_ice", "ph":"B", "ts":"2255281287", "pid":"1", "tid":"cmeps"},
{"name":"med_phases_prep_ice", "ph":"E", "ts":"2255282533", "pid":"1", "tid":"cmeps"},
{"name":"ModelAdvance", "ph":"B", "ts":"2255286920", "pid":"1", "tid":"ufsatm"},
{"name":"ModelAdvance_phase1", "ph":"B", "ts":"2255286960", "pid":"1", "tid":"ufsatm"},
{"name":"fcst_run_phase_1", "ph":"B", "ts":"2255287152", "pid":"1", "tid":"fv3"},
{"name":"fcst_run_phase_1", "ph":"E", "ts":"2259988814", "pid":"1", "tid":"fv3"},
{"name":"ModelAdvance_phase1", "ph":"E", "ts":"2259988890", "pid":"1", "tid":"ufsatm"},
{"name":"ModelAdvance_phase2", "ph":"B", "ts":"2259988897", "pid":"1", "tid":"ufsatm"},
{"name":"fcst_run_phase_2", "ph":"B", "ts":"2259988929", "pid":"1", "tid":"fv3"},
{"name":"fcst_run_phase_2", "ph":"E", "ts":"2260466594", "pid":"1", "tid":"fv3"},
{"name":"ModelAdvance_phase2", "ph":"E", "ts":"2260466660", "pid":"1", "tid":"ufsatm"},
{"name":"ModelAdvance", "ph":"E", "ts":"2260466666", "pid":"1", "tid":"ufsatm"},
{"name":"med_phases_post_atm", "ph":"B", "ts":"2260467733", "pid":"1", "tid":"cmeps"},
{"name":"med_phases_history_write_comp", "ph":"B", "ts":"2260478746", "pid":"1", "tid":"cmeps"},
{"name":"med_phases_history_write_comp", "ph":"E", "ts":"2260478808", "pid":"1", "tid":"cmeps"},
{"name":"med_phases_post_atm", "ph":"E", "ts":"2260478814", "pid":"1", "tid":"cmeps"},
{"name":"med_phases_post_ice", "ph":"B", "ts":"2260485999", "pid":"1", "tid":"cmeps"},
{"name":"med_phases_history_write_comp", "ph":"B", "ts":"2260495486", "pid":"1", "tid":"cmeps"},
{"name":"med_phases_history_write_comp", "ph":"E", "ts":"2260495527", "pid":"1", "tid":"cmeps"},
{"name":"med_phases_post_ice", "ph":"E", "ts":"2260495533", "pid":"1", "tid":"cmeps"},
{"name":"med_phases_ocnalb_run", "ph":"B", "ts":"2260495692", "pid":"1", "tid":"cmeps"},
{"name":"med_phases_history_write_med", "ph":"B", "ts":"2260496314", "pid":"1", "tid":"cmeps"},
{"name":"med_phases_history_write_med", "ph":"E", "ts":"2260496340", "pid":"1", "tid":"cmeps"},
{"name":"med_phases_ocnalb_run", "ph":"E", "ts":"2260496346", "pid":"1", "tid":"cmeps"},
{"name":"med_phases_prep_ocn_accum", "ph":"B", "ts":"2260496616", "pid":"1", "tid":"cmeps"},
{"name":"med_phases_prep_ocn_accum", "ph":"E", "ts":"2260498960", "pid":"1", "tid":"cmeps"},
{"name":"med_phases_prep_atm", "ph":"B", "ts":"2260499098", "pid":"1", "tid":"cmeps"},
{"name":"med_phases_prep_atm", "ph":"E", "ts":"2260504869", "pid":"1", "tid":"cmeps"},
{"name":"med_phases_prep_ice", "ph":"B", "ts":"2260505255", "pid":"1", "tid":"cmeps"},
{"name":"med_phases_prep_ice", "ph":"E", "ts":"2260506635", "pid":"1", "tid":"cmeps"},
{"name":"ModelAdvance", "ph":"B", "ts":"2260510735", "pid":"1", "tid":"ufsatm"},
{"name":"ModelAdvance_phase1", "ph":"B", "ts":"2260510751", "pid":"1", "tid":"ufsatm"},
{"name":"fcst_run_phase_1", "ph":"B", "ts":"2260510783", "pid":"1", "tid":"fv3"},
{"name":"fcst_run_phase_1", "ph":"E", "ts":"2261949495", "pid":"1", "tid":"fv3"},
{"name":"ModelAdvance_phase1", "ph":"E", "ts":"2261949559", "pid":"1", "tid":"ufsatm"},
{"name":"ModelAdvance_phase2", "ph":"B", "ts":"2261949565", "pid":"1", "tid":"ufsatm"},
{"name":"fcst_run_phase_2", "ph":"B", "ts":"2261949594", "pid":"1", "tid":"fv3"},
{"name":"fcst_run_phase_2", "ph":"E", "ts":"2262295735", "pid":"1", "tid":"fv3"},
{"name":"ModelAdvance_phase2", "ph":"E", "ts":"2262295863", "pid":"1", "tid":"ufsatm"},
{"name":"ModelAdvance", "ph":"E", "ts":"2262295870", "pid":"1", "tid":"ufsatm"},
{"name":"med_phases_post_atm", "ph":"B", "ts":"2262296792", "pid":"1", "tid":"cmeps"},
{"name":"med_phases_history_write_comp", "ph":"B", "ts":"2262307189", "pid":"1", "tid":"cmeps"},
{"name":"med_phases_history_write_comp", "ph":"E", "ts":"2262307253", "pid":"1", "tid":"cmeps"},
{"name":"med_phases_post_atm", "ph":"E", "ts":"2262307259", "pid":"1", "tid":"cmeps"},
{"name":"med_phases_post_ice", "ph":"B", "ts":"2262310299", "pid":"1", "tid":"cmeps"},
{"name":"med_phases_history_write_comp", "ph":"B", "ts":"2262324071", "pid":"1", "tid":"cmeps"},
{"name":"med_phases_history_write_comp", "ph":"E", "ts":"2262324108", "pid":"1", "tid":"cmeps"},
{"name":"med_phases_post_ice", "ph":"E", "ts":"2262324113", "pid":"1", "tid":"cmeps"},
{"name":"med_phases_ocnalb_run", "ph":"B", "ts":"2262324296", "pid":"1", "tid":"cmeps"},
{"name":"med_phases_history_write_med", "ph":"B", "ts":"2262324954", "pid":"1", "tid":"cmeps"},
{"name":"med_phases_history_write_med", "ph":"E", "ts":"2262324983", "pid":"1", "tid":"cmeps"},
{"name":"med_phases_ocnalb_run", "ph":"E", "ts":"2262324989", "pid":"1", "tid":"cmeps"},
{"name":"med_phases_prep_ocn_accum", "ph":"B", "ts":"2262325250", "pid":"1", "tid":"cmeps"},
{"name":"med_phases_prep_ocn_accum", "ph":"E", "ts":"2262327611", "pid":"1", "tid":"cmeps"},
{"name":"med_phases_prep_atm", "ph":"B", "ts":"2262327745", "pid":"1", "tid":"cmeps"},
{"name":"med_phases_prep_atm", "ph":"E", "ts":"2262333308", "pid":"1", "tid":"cmeps"},
{"name":"med_phases_prep_ice", "ph":"B", "ts":"2262333682", "pid":"1", "tid":"cmeps"},
{"name":"med_phases_prep_ice", "ph":"E", "ts":"2262335233", "pid":"1", "tid":"cmeps"},
{"name":"ModelAdvance", "ph":"B", "ts":"2262339347", "pid":"1", "tid":"ufsatm"},
{"name":"ModelAdvance_phase1", "ph":"B", "ts":"2262339360", "pid":"1", "tid":"ufsatm"},
{"name":"fcst_run_phase_1", "ph":"B", "ts":"2262339413", "pid":"1", "tid":"fv3"},
{"name":"fcst_run_phase_1", "ph":"E", "ts":"2263744302", "pid":"1", "tid":"fv3"},
{"name":"ModelAdvance_phase1", "ph":"E", "ts":"2263744368", "pid":"1", "tid":"ufsatm"},
{"name":"ModelAdvance_phase2", "ph":"B", "ts":"2263744374", "pid":"1", "tid":"ufsatm"},
{"name":"fcst_run_phase_2", "ph":"B", "ts":"2263744403", "pid":"1", "tid":"fv3"},
{"name":"fcst_run_phase_2", "ph":"E", "ts":"2264107968", "pid":"1", "tid":"fv3"},
{"name":"ModelAdvance_phase2", "ph":"E", "ts":"2264108203", "pid":"1", "tid":"ufsatm"},
{"name":"ModelAdvance", "ph":"E", "ts":"2264108216", "pid":"1", "tid":"ufsatm"},
{"name":"med_phases_post_atm", "ph":"B", "ts":"2264109334", "pid":"1", "tid":"cmeps"},
{"name":"med_phases_history_write_comp", "ph":"B", "ts":"2264119814", "pid":"1", "tid":"cmeps"},
{"name":"med_phases_history_write_comp", "ph":"E", "ts":"2264119876", "pid":"1", "tid":"cmeps"},
{"name":"med_phases_post_atm", "ph":"E", "ts":"2264119882", "pid":"1", "tid":"cmeps"},
{"name":"med_phases_post_ice", "ph":"B", "ts":"2264128969", "pid":"1", "tid":"cmeps"},
{"name":"med_phases_history_write_comp", "ph":"B", "ts":"2264140722", "pid":"1", "tid":"cmeps"},
{"name":"med_phases_history_write_comp", "ph":"E", "ts":"2264140780", "pid":"1", "tid":"cmeps"},
{"name":"med_phases_post_ice", "ph":"E", "ts":"2264140786", "pid":"1", "tid":"cmeps"},
{"name":"med_phases_ocnalb_run", "ph":"B", "ts":"2264141072", "pid":"1", "tid":"cmeps"},
{"name":"med_phases_history_write_med", "ph":"B", "ts":"2264141667", "pid":"1", "tid":"cmeps"},
{"name":"med_phases_history_write_med", "ph":"E", "ts":"2264141678", "pid":"1", "tid":"cmeps"},
{"name":"med_phases_ocnalb_run", "ph":"E", "ts":"2264141683", "pid":"1", "tid":"cmeps"},
{"name":"med_phases_prep_ocn_accum", "ph":"B", "ts":"2264141820", "pid":"1", "tid":"cmeps"},
{"name":"med_phases_prep_ocn_accum", "ph":"E", "ts":"2264144420", "pid":"1", "tid":"cmeps"},
{"name":"med_phases_post_ocn", "ph":"B", "ts":"2264145614", "pid":"1", "tid":"cmeps"},
{"name":"med_phases_history_write_comp", "ph":"B", "ts":"2264146295", "pid":"1", "tid":"cmeps"},
{"name":"med_phases_history_write_comp", "ph":"E", "ts":"2264146308", "pid":"1", "tid":"cmeps"},
{"name":"med_phases_post_ocn", "ph":"E", "ts":"2264146313", "pid":"1", "tid":"cmeps"},
{"name":"med_phases_restart_write", "ph":"B", "ts":"2264146422", "pid":"1", "tid":"cmeps"},
{"name":"med_phases_restart_write", "ph":"E", "ts":"2264146447", "pid":"1", "tid":"cmeps"},
{"name":"med_phases_prep_ocn_avg", "ph":"B", "ts":"2264146528", "pid":"1", "tid":"cmeps"},
{"name":"med_phases_prep_ocn_avg", "ph":"E", "ts":"2264147079", "pid":"1", "tid":"cmeps"},
{"name":"med_phases_prep_atm", "ph":"B", "ts":"2264147508", "pid":"1", "tid":"cmeps"},
{"name":"med_phases_prep_atm", "ph":"E", "ts":"2264160589", "pid":"1", "tid":"cmeps"},
{"name":"med_phases_prep_ice", "ph":"B", "ts":"2264160996", "pid":"1", "tid":"cmeps"},
{"name":"med_phases_prep_ice", "ph":"E", "ts":"2264162088", "pid":"1", "tid":"cmeps"},
{"name":"ModelAdvance", "ph":"B", "ts":"2264166140", "pid":"1", "tid":"ufsatm"},
{"name":"ModelAdvance_phase1", "ph":"B", "ts":"2264166153", "pid":"1", "tid":"ufsatm"},
{"name":"fcst_run_phase_1", "ph":"B", "ts":"2264166184", "pid":"1", "tid":"fv3"},
{"name":"fcst_run_phase_1", "ph":"E", "ts":"2265571971", "pid":"1", "tid":"fv3"},
{"name":"ModelAdvance_phase1", "ph":"E", "ts":"2265572034", "pid":"1", "tid":"ufsatm"},
{"name":"ModelAdvance_phase2", "ph":"B", "ts":"2265572040", "pid":"1", "tid":"ufsatm"},
{"name":"fcst_run_phase_2", "ph":"B", "ts":"2265572064", "pid":"1", "tid":"fv3"},
{"name":"fcst_run_phase_2", "ph":"E", "ts":"2265938887", "pid":"1", "tid":"fv3"},
{"name":"ModelAdvance_phase2", "ph":"E", "ts":"2265939123", "pid":"1", "tid":"ufsatm"},
{"name":"ModelAdvance", "ph":"E", "ts":"2265939136", "pid":"1", "tid":"ufsatm"},
{"name":"med_phases_post_atm", "ph":"B", "ts":"2265940310", "pid":"1", "tid":"cmeps"},
{"name":"med_phases_history_write_comp", "ph":"B", "ts":"2265950793", "pid":"1", "tid":"cmeps"},
{"name":"med_phases_history_write_comp", "ph":"E", "ts":"2265950854", "pid":"1", "tid":"cmeps"},
{"name":"med_phases_post_atm", "ph":"E", "ts":"2265950860", "pid":"1", "tid":"cmeps"},
{"name":"med_phases_post_ice", "ph":"B", "ts":"2265956392", "pid":"1", "tid":"cmeps"},
{"name":"med_phases_history_write_comp", "ph":"B", "ts":"2265967319", "pid":"1", "tid":"cmeps"},
{"name":"med_phases_history_write_comp", "ph":"E", "ts":"2265967357", "pid":"1", "tid":"cmeps"},
{"name":"med_phases_post_ice", "ph":"E", "ts":"2265967363", "pid":"1", "tid":"cmeps"},
{"name":"med_phases_ocnalb_run", "ph":"B", "ts":"2265967660", "pid":"1", "tid":"cmeps"},
{"name":"med_phases_history_write_med", "ph":"B", "ts":"2265968243", "pid":"1", "tid":"cmeps"},
{"name":"med_phases_history_write_med", "ph":"E", "ts":"2265968252", "pid":"1", "tid":"cmeps"},
{"name":"med_phases_ocnalb_run", "ph":"E", "ts":"2265968256", "pid":"1", "tid":"cmeps"},
{"name":"med_phases_prep_ocn_accum", "ph":"B", "ts":"2265968366", "pid":"1", "tid":"cmeps"},
{"name":"med_phases_prep_ocn_accum", "ph":"E", "ts":"2265970931", "pid":"1", "tid":"cmeps"},
{"name":"med_phases_prep_atm", "ph":"B", "ts":"2265971076", "pid":"1", "tid":"cmeps"},
{"name":"med_phases_prep_atm", "ph":"E", "ts":"2265976833", "pid":"1", "tid":"cmeps"},
{"name":"med_phases_prep_ice", "ph":"B", "ts":"2265977216", "pid":"1", "tid":"cmeps"},
{"name":"med_phases_prep_ice", "ph":"E", "ts":"2265978700", "pid":"1", "tid":"cmeps"},
{"name":"ModelAdvance", "ph":"B", "ts":"2265982935", "pid":"1", "tid":"ufsatm"},
{"name":"ModelAdvance_phase1", "ph":"B", "ts":"2265982948", "pid":"1", "tid":"ufsatm"},
{"name":"fcst_run_phase_1", "ph":"B", "ts":"2265982984", "pid":"1", "tid":"fv3"},
{"name":"fcst_run_phase_1", "ph":"E", "ts":"2267379620", "pid":"1", "tid":"fv3"},
{"name":"ModelAdvance_phase1", "ph":"E", "ts":"2267379688", "pid":"1", "tid":"ufsatm"},
{"name":"ModelAdvance_phase2", "ph":"B", "ts":"2267379695", "pid":"1", "tid":"ufsatm"},
{"name":"fcst_run_phase_2", "ph":"B", "ts":"2267379723", "pid":"1", "tid":"fv3"},
{"name":"fcst_run_phase_2", "ph":"E", "ts":"2267736364", "pid":"1", "tid":"fv3"},
{"name":"ModelAdvance_phase2", "ph":"E", "ts":"2267736578", "pid":"1", "tid":"ufsatm"},
{"name":"ModelAdvance", "ph":"E", "ts":"2267736582", "pid":"1", "tid":"ufsatm"},
{"name":"med_phases_post_atm", "ph":"B", "ts":"2267737842", "pid":"1", "tid":"cmeps"},
{"name":"med_phases_history_write_comp", "ph":"B", "ts":"2267748894", "pid":"1", "tid":"cmeps"},
{"name":"med_phases_history_write_comp", "ph":"E", "ts":"2267749003", "pid":"1", "tid":"cmeps"},
{"name":"med_phases_post_atm", "ph":"E", "ts":"2267749012", "pid":"1", "tid":"cmeps"},
{"name":"med_phases_post_ice", "ph":"B", "ts":"2267755788", "pid":"1", "tid":"cmeps"},
{"name":"med_phases_history_write_comp", "ph":"B", "ts":"2267765666", "pid":"1", "tid":"cmeps"},
{"name":"med_phases_history_write_comp", "ph":"E", "ts":"2267765710", "pid":"1", "tid":"cmeps"},
{"name":"med_phases_post_ice", "ph":"E", "ts":"2267765715", "pid":"1", "tid":"cmeps"},
{"name":"med_phases_ocnalb_run", "ph":"B", "ts":"2267765883", "pid":"1", "tid":"cmeps"},
{"name":"med_phases_history_write_med", "ph":"B", "ts":"2267766523", "pid":"1", "tid":"cmeps"},
{"name":"med_phases_history_write_med", "ph":"E", "ts":"2267766551", "pid":"1", "tid":"cmeps"},
{"name":"med_phases_ocnalb_run", "ph":"E", "ts":"2267766558", "pid":"1", "tid":"cmeps"},
{"name":"med_phases_prep_ocn_accum", "ph":"B", "ts":"2267766770", "pid":"1", "tid":"cmeps"},
{"name":"med_phases_prep_ocn_accum", "ph":"E", "ts":"2267769100", "pid":"1", "tid":"cmeps"},
{"name":"med_phases_prep_atm", "ph":"B", "ts":"2267769264", "pid":"1", "tid":"cmeps"},
{"name":"med_phases_prep_atm", "ph":"E", "ts":"2267774874", "pid":"1", "tid":"cmeps"},
{"name":"med_phases_prep_ice", "ph":"B", "ts":"2267775152", "pid":"1", "tid":"cmeps"},
{"name":"med_phases_prep_ice", "ph":"E", "ts":"2267776683", "pid":"1", "tid":"cmeps"},
{"name":"ModelAdvance", "ph":"B", "ts":"2267780823", "pid":"1", "tid":"ufsatm"},
{"name":"ModelAdvance_phase1", "ph":"B", "ts":"2267780841", "pid":"1", "tid":"ufsatm"},
{"name":"fcst_run_phase_1", "ph":"B", "ts":"2267780895", "pid":"1", "tid":"fv3"},
{"name":"fcst_run_phase_1", "ph":"E", "ts":"2269169706", "pid":"1", "tid":"fv3"},
{"name":"ModelAdvance_phase1", "ph":"E", "ts":"2269169789", "pid":"1", "tid":"ufsatm"},
{"name":"ModelAdvance_phase2", "ph":"B", "ts":"2269169796", "pid":"1", "tid":"ufsatm"},
{"name":"fcst_run_phase_2", "ph":"B", "ts":"2269169820", "pid":"1", "tid":"fv3"},
{"name":"fcst_run_phase_2", "ph":"E", "ts":"2269533447", "pid":"1", "tid":"fv3"},
{"name":"ModelAdvance_phase2", "ph":"E", "ts":"2269533517", "pid":"1", "tid":"ufsatm"},
{"name":"ModelAdvance", "ph":"E", "ts":"2269533523", "pid":"1", "tid":"ufsatm"},
{"name":"med_phases_post_atm", "ph":"B", "ts":"2269534550", "pid":"1", "tid":"cmeps"},
{"name":"med_phases_history_write_comp", "ph":"B", "ts":"2269544754", "pid":"1", "tid":"cmeps"},
{"name":"med_phases_history_write_comp", "ph":"E", "ts":"2269544902", "pid":"1", "tid":"cmeps"},
{"name":"med_phases_post_atm", "ph":"E", "ts":"2269544909", "pid":"1", "tid":"cmeps"},
{"name":"med_phases_post_ice", "ph":"B", "ts":"2269549718", "pid":"1", "tid":"cmeps"},
{"name":"med_phases_history_write_comp", "ph":"B", "ts":"2269565540", "pid":"1", "tid":"cmeps"},
{"name":"med_phases_history_write_comp", "ph":"E", "ts":"2269565582", "pid":"1", "tid":"cmeps"},
{"name":"med_phases_post_ice", "ph":"E", "ts":"2269565587", "pid":"1", "tid":"cmeps"},
{"name":"med_phases_ocnalb_run", "ph":"B", "ts":"2269565868", "pid":"1", "tid":"cmeps"},
{"name":"med_phases_history_write_med", "ph":"B", "ts":"2269566469", "pid":"1", "tid":"cmeps"},
{"name":"med_phases_history_write_med", "ph":"E", "ts":"2269566479", "pid":"1", "tid":"cmeps"},
{"name":"med_phases_ocnalb_run", "ph":"E", "ts":"2269566484", "pid":"1", "tid":"cmeps"},
{"name":"med_phases_prep_ocn_accum", "ph":"B", "ts":"2269566618", "pid":"1", "tid":"cmeps"},
{"name":"med_phases_prep_ocn_accum", "ph":"E", "ts":"2269569376", "pid":"1", "tid":"cmeps"},
{"name":"med_phases_post_ocn", "ph":"B", "ts":"2269570569", "pid":"1", "tid":"cmeps"},
{"name":"med_phases_history_write_comp", "ph":"B", "ts":"2269571230", "pid":"1", "tid":"cmeps"},
{"name":"med_phases_history_write_comp", "ph":"E", "ts":"2269571243", "pid":"1", "tid":"cmeps"},
{"name":"med_phases_post_ocn", "ph":"E", "ts":"2269571248", "pid":"1", "tid":"cmeps"},
{"name":"med_phases_restart_write", "ph":"B", "ts":"2269571358", "pid":"1", "tid":"cmeps"},
{"name":"med_phases_restart_write", "ph":"E", "ts":"2269571384", "pid":"1", "tid":"cmeps"},
{"name":"med_phases_prep_ocn_avg", "ph":"B", "ts":"2269571464", "pid":"1", "tid":"cmeps"},
{"name":"med_phases_prep_ocn_avg", "ph":"E", "ts":"2269572008", "pid":"1", "tid":"cmeps"},
{"name":"med_phases_prep_atm", "ph":"B", "ts":"2269572504", "pid":"1", "tid":"cmeps"},
{"name":"med_phases_prep_atm", "ph":"E", "ts":"2269584815", "pid":"1", "tid":"cmeps"},
{"name":"med_phases_prep_ice", "ph":"B", "ts":"2269585286", "pid":"1", "tid":"cmeps"},
{"name":"med_phases_prep_ice", "ph":"E", "ts":"2269586450", "pid":"1", "tid":"cmeps"},
{"name":"ModelAdvance", "ph":"B", "ts":"2269590534", "pid":"1", "tid":"ufsatm"},
{"name":"ModelAdvance_phase1", "ph":"B", "ts":"2269590552", "pid":"1", "tid":"ufsatm"},
{"name":"fcst_run_phase_1", "ph":"B", "ts":"2269590594", "pid":"1", "tid":"fv3"},
{"name":"fcst_run_phase_1", "ph":"E", "ts":"2274229679", "pid":"1", "tid":"fv3"},
{"name":"ModelAdvance_phase1", "ph":"E", "ts":"2274229742", "pid":"1", "tid":"ufsatm"},
{"name":"ModelAdvance_phase2", "ph":"B", "ts":"2274229748", "pid":"1", "tid":"ufsatm"},
{"name":"fcst_run_phase_2", "ph":"B", "ts":"2274229775", "pid":"1", "tid":"fv3"},
{"name":"fcst_run_phase_2", "ph":"E", "ts":"2274732553", "pid":"1", "tid":"fv3"},
{"name":"ModelAdvance_phase2", "ph":"E", "ts":"2274732631", "pid":"1", "tid":"ufsatm"},
{"name":"ModelAdvance", "ph":"E", "ts":"2274732637", "pid":"1", "tid":"ufsatm"},
{"name":"med_phases_post_atm", "ph":"B", "ts":"2274733749", "pid":"1", "tid":"cmeps"},
{"name":"med_phases_history_write_comp", "ph":"B", "ts":"2274744382", "pid":"1", "tid":"cmeps"},
{"name":"med_phases_history_write_comp", "ph":"E", "ts":"2274744452", "pid":"1", "tid":"cmeps"},
{"name":"med_phases_post_atm", "ph":"E", "ts":"2274744457", "pid":"1", "tid":"cmeps"},
{"name":"med_phases_post_ice", "ph":"B", "ts":"2274750026", "pid":"1", "tid":"cmeps"},
{"name":"med_phases_history_write_comp", "ph":"B", "ts":"2274760782", "pid":"1", "tid":"cmeps"},
{"name":"med_phases_history_write_comp", "ph":"E", "ts":"2274760834", "pid":"1", "tid":"cmeps"},
{"name":"med_phases_post_ice", "ph":"E", "ts":"2274760839", "pid":"1", "tid":"cmeps"},
{"name":"med_phases_ocnalb_run", "ph":"B", "ts":"2274761118", "pid":"1", "tid":"cmeps"},
{"name":"med_phases_history_write_med", "ph":"B", "ts":"2274761721", "pid":"1", "tid":"cmeps"},
{"name":"med_phases_history_write_med", "ph":"E", "ts":"2274761730", "pid":"1", "tid":"cmeps"},
{"name":"med_phases_ocnalb_run", "ph":"E", "ts":"2274761735", "pid":"1", "tid":"cmeps"},
{"name":"med_phases_prep_ocn_accum", "ph":"B", "ts":"2274761854", "pid":"1", "tid":"cmeps"},
{"name":"med_phases_prep_ocn_accum", "ph":"E", "ts":"2274764393", "pid":"1", "tid":"cmeps"},
{"name":"med_phases_prep_atm", "ph":"B", "ts":"2274764556", "pid":"1", "tid":"cmeps"},
{"name":"med_phases_prep_atm", "ph":"E", "ts":"2274770390", "pid":"1", "tid":"cmeps"},
{"name":"med_phases_prep_ice", "ph":"B", "ts":"2274770704", "pid":"1", "tid":"cmeps"},
{"name":"med_phases_prep_ice", "ph":"E", "ts":"2274772213", "pid":"1", "tid":"cmeps"},
{"name":"ModelAdvance", "ph":"B", "ts":"2274776409", "pid":"1", "tid":"ufsatm"},
{"name":"ModelAdvance_phase1", "ph":"B", "ts":"2274776423", "pid":"1", "tid":"ufsatm"},
{"name":"fcst_run_phase_1", "ph":"B", "ts":"2274776473", "pid":"1", "tid":"fv3"},
{"name":"fcst_run_phase_1", "ph":"E", "ts":"2276161155", "pid":"1", "tid":"fv3"},
{"name":"ModelAdvance_phase1", "ph":"E", "ts":"2276161215", "pid":"1", "tid":"ufsatm"},
{"name":"ModelAdvance_phase2", "ph":"B", "ts":"2276161221", "pid":"1", "tid":"ufsatm"},
{"name":"fcst_run_phase_2", "ph":"B", "ts":"2276161242", "pid":"1", "tid":"fv3"},
{"name":"fcst_run_phase_2", "ph":"E", "ts":"2276518234", "pid":"1", "tid":"fv3"},
{"name":"ModelAdvance_phase2", "ph":"E", "ts":"2276518307", "pid":"1", "tid":"ufsatm"},
{"name":"ModelAdvance", "ph":"E", "ts":"2276518314", "pid":"1", "tid":"ufsatm"},
{"name":"med_phases_post_atm", "ph":"B", "ts":"2276519494", "pid":"1", "tid":"cmeps"},
{"name":"med_phases_history_write_comp", "ph":"B", "ts":"2276529804", "pid":"1", "tid":"cmeps"},
{"name":"med_phases_history_write_comp", "ph":"E", "ts":"2276529935", "pid":"1", "tid":"cmeps"},
{"name":"med_phases_post_atm", "ph":"E", "ts":"2276529942", "pid":"1", "tid":"cmeps"},
{"name":"med_phases_post_ice", "ph":"B", "ts":"2276532878", "pid":"1", "tid":"cmeps"},
{"name":"med_phases_history_write_comp", "ph":"B", "ts":"2276550184", "pid":"1", "tid":"cmeps"},
{"name":"med_phases_history_write_comp", "ph":"E", "ts":"2276550236", "pid":"1", "tid":"cmeps"},
{"name":"med_phases_post_ice", "ph":"E", "ts":"2276550248", "pid":"1", "tid":"cmeps"},
{"name":"med_phases_ocnalb_run", "ph":"B", "ts":"2276550495", "pid":"1", "tid":"cmeps"},
{"name":"med_phases_history_write_med", "ph":"B", "ts":"2276551607", "pid":"1", "tid":"cmeps"},
{"name":"med_phases_history_write_med", "ph":"E", "ts":"2276551621", "pid":"1", "tid":"cmeps"},
{"name":"med_phases_ocnalb_run", "ph":"E", "ts":"2276551626", "pid":"1", "tid":"cmeps"},
{"name":"med_phases_prep_ocn_accum", "ph":"B", "ts":"2276551754", "pid":"1", "tid":"cmeps"},
{"name":"med_phases_prep_ocn_accum", "ph":"E", "ts":"2276554144", "pid":"1", "tid":"cmeps"},
{"name":"med_phases_prep_atm", "ph":"B", "ts":"2276554272", "pid":"1", "tid":"cmeps"},
{"name":"med_phases_prep_atm", "ph":"E", "ts":"2276559779", "pid":"1", "tid":"cmeps"},
{"name":"med_phases_prep_ice", "ph":"B", "ts":"2276560073", "pid":"1", "tid":"cmeps"},
{"name":"med_phases_prep_ice", "ph":"E", "ts":"2276561689", "pid":"1", "tid":"cmeps"},
{"name":"ModelAdvance", "ph":"B", "ts":"2276565844", "pid":"1", "tid":"ufsatm"},
{"name":"ModelAdvance_phase1", "ph":"B", "ts":"2276565860", "pid":"1", "tid":"ufsatm"},
{"name":"fcst_run_phase_1", "ph":"B", "ts":"2276565927", "pid":"1", "tid":"fv3"},
{"name":"fcst_run_phase_1", "ph":"E", "ts":"2277956263", "pid":"1", "tid":"fv3"},
{"name":"ModelAdvance_phase1", "ph":"E", "ts":"2277956319", "pid":"1", "tid":"ufsatm"},
{"name":"ModelAdvance_phase2", "ph":"B", "ts":"2277956325", "pid":"1", "tid":"ufsatm"},
{"name":"fcst_run_phase_2", "ph":"B", "ts":"2277956347", "pid":"1", "tid":"fv3"},
{"name":"fcst_run_phase_2", "ph":"E", "ts":"2278304406", "pid":"1", "tid":"fv3"},
{"name":"ModelAdvance_phase2", "ph":"E", "ts":"2278304486", "pid":"1", "tid":"ufsatm"},
{"name":"ModelAdvance", "ph":"E", "ts":"2278304492", "pid":"1", "tid":"ufsatm"},
{"name":"med_phases_post_atm", "ph":"B", "ts":"2278305869", "pid":"1", "tid":"cmeps"},
{"name":"med_phases_history_write_comp", "ph":"B", "ts":"2278316407", "pid":"1", "tid":"cmeps"},
{"name":"med_phases_history_write_comp", "ph":"E", "ts":"2278316471", "pid":"1", "tid":"cmeps"},
{"name":"med_phases_post_atm", "ph":"E", "ts":"2278316477", "pid":"1", "tid":"cmeps"},
{"name":"med_phases_post_ice", "ph":"B", "ts":"2278321707", "pid":"1", "tid":"cmeps"},
{"name":"med_phases_history_write_comp", "ph":"B", "ts":"2278336615", "pid":"1", "tid":"cmeps"},
{"name":"med_phases_history_write_comp", "ph":"E", "ts":"2278336668", "pid":"1", "tid":"cmeps"},
{"name":"med_phases_post_ice", "ph":"E", "ts":"2278336674", "pid":"1", "tid":"cmeps"},
{"name":"med_phases_ocnalb_run", "ph":"B", "ts":"2278337014", "pid":"1", "tid":"cmeps"},
{"name":"med_phases_history_write_med", "ph":"B", "ts":"2278337656", "pid":"1", "tid":"cmeps"},
{"name":"med_phases_history_write_med", "ph":"E", "ts":"2278337665", "pid":"1", "tid":"cmeps"},
{"name":"med_phases_ocnalb_run", "ph":"E", "ts":"2278337671", "pid":"1", "tid":"cmeps"},
{"name":"med_phases_prep_ocn_accum", "ph":"B", "ts":"2278337806", "pid":"1", "tid":"cmeps"},
{"name":"med_phases_prep_ocn_accum", "ph":"E", "ts":"2278340401", "pid":"1", "tid":"cmeps"},
{"name":"med_phases_post_ocn", "ph":"B", "ts":"2278341596", "pid":"1", "tid":"cmeps"},
{"name":"med_phases_history_write_comp", "ph":"B", "ts":"2278342196", "pid":"1", "tid":"cmeps"},
{"name":"med_phases_history_write_comp", "ph":"E", "ts":"2278342211", "pid":"1", "tid":"cmeps"},
{"name":"med_phases_post_ocn", "ph":"E", "ts":"2278342216", "pid":"1", "tid":"cmeps"},
{"name":"med_phases_restart_write", "ph":"B", "ts":"2278342324", "pid":"1", "tid":"cmeps"},
{"name":"med_phases_restart_write", "ph":"E", "ts":"2278342348", "pid":"1", "tid":"cmeps"},
{"name":"med_phases_prep_ocn_avg", "ph":"B", "ts":"2278342429", "pid":"1", "tid":"cmeps"},
{"name":"med_phases_prep_ocn_avg", "ph":"E", "ts":"2278343069", "pid":"1", "tid":"cmeps"},
{"name":"med_phases_prep_atm", "ph":"B", "ts":"2278343517", "pid":"1", "tid":"cmeps"},
{"name":"med_phases_prep_atm", "ph":"E", "ts":"2278356100", "pid":"1", "tid":"cmeps"},
{"name":"med_phases_prep_ice", "ph":"B", "ts":"2278356455", "pid":"1", "tid":"cmeps"},
{"name":"med_phases_prep_ice", "ph":"E", "ts":"2278357792", "pid":"1", "tid":"cmeps"},
{"name":"ModelAdvance", "ph":"B", "ts":"2278361875", "pid":"1", "tid":"ufsatm"},
{"name":"ModelAdvance_phase1", "ph":"B", "ts":"2278361889", "pid":"1", "tid":"ufsatm"},
{"name":"fcst_run_phase_1", "ph":"B", "ts":"2278361923", "pid":"1", "tid":"fv3"},
{"name":"fcst_run_phase_1", "ph":"E", "ts":"2279761972", "pid":"1", "tid":"fv3"},
{"name":"ModelAdvance_phase1", "ph":"E", "ts":"2279762043", "pid":"1", "tid":"ufsatm"},
{"name":"ModelAdvance_phase2", "ph":"B", "ts":"2279762049", "pid":"1", "tid":"ufsatm"},
{"name":"fcst_run_phase_2", "ph":"B", "ts":"2279762078", "pid":"1", "tid":"fv3"},
{"name":"fcst_run_phase_2", "ph":"E", "ts":"2280118034", "pid":"1", "tid":"fv3"},
{"name":"ModelAdvance_phase2", "ph":"E", "ts":"2280118110", "pid":"1", "tid":"ufsatm"},
{"name":"ModelAdvance", "ph":"E", "ts":"2280118116", "pid":"1", "tid":"ufsatm"},
{"name":"med_phases_post_atm", "ph":"B", "ts":"2280119237", "pid":"1", "tid":"cmeps"},
{"name":"med_phases_history_write_comp", "ph":"B", "ts":"2280129448", "pid":"1", "tid":"cmeps"},
{"name":"med_phases_history_write_comp", "ph":"E", "ts":"2280129590", "pid":"1", "tid":"cmeps"},
{"name":"med_phases_post_atm", "ph":"E", "ts":"2280129598", "pid":"1", "tid":"cmeps"},
{"name":"med_phases_post_ice", "ph":"B", "ts":"2280136071", "pid":"1", "tid":"cmeps"},
{"name":"med_phases_history_write_comp", "ph":"B", "ts":"2280146188", "pid":"1", "tid":"cmeps"},
{"name":"med_phases_history_write_comp", "ph":"E", "ts":"2280146233", "pid":"1", "tid":"cmeps"},
{"name":"med_phases_post_ice", "ph":"E", "ts":"2280146238", "pid":"1", "tid":"cmeps"},
{"name":"med_phases_ocnalb_run", "ph":"B", "ts":"2280146504", "pid":"1", "tid":"cmeps"},
{"name":"med_phases_history_write_med", "ph":"B", "ts":"2280147134", "pid":"1", "tid":"cmeps"},
{"name":"med_phases_history_write_med", "ph":"E", "ts":"2280147142", "pid":"1", "tid":"cmeps"},
{"name":"med_phases_ocnalb_run", "ph":"E", "ts":"2280147147", "pid":"1", "tid":"cmeps"},
{"name":"med_phases_prep_ocn_accum", "ph":"B", "ts":"2280147261", "pid":"1", "tid":"cmeps"},
{"name":"med_phases_prep_ocn_accum", "ph":"E", "ts":"2280149908", "pid":"1", "tid":"cmeps"},
{"name":"med_phases_prep_atm", "ph":"B", "ts":"2280150051", "pid":"1", "tid":"cmeps"},
{"name":"med_phases_prep_atm", "ph":"E", "ts":"2280155864", "pid":"1", "tid":"cmeps"},
{"name":"med_phases_prep_ice", "ph":"B", "ts":"2280156178", "pid":"1", "tid":"cmeps"},
{"name":"med_phases_prep_ice", "ph":"E", "ts":"2280157658", "pid":"1", "tid":"cmeps"},
{"name":"ModelAdvance", "ph":"B", "ts":"2280161856", "pid":"1", "tid":"ufsatm"},
{"name":"ModelAdvance_phase1", "ph":"B", "ts":"2280161871", "pid":"1", "tid":"ufsatm"},
{"name":"fcst_run_phase_1", "ph":"B", "ts":"2280161913", "pid":"1", "tid":"fv3"},
{"name":"fcst_run_phase_1", "ph":"E", "ts":"2281551995", "pid":"1", "tid":"fv3"},
{"name":"ModelAdvance_phase1", "ph":"E", "ts":"2281552055", "pid":"1", "tid":"ufsatm"},
{"name":"ModelAdvance_phase2", "ph":"B", "ts":"2281552061", "pid":"1", "tid":"ufsatm"},
{"name":"fcst_run_phase_2", "ph":"B", "ts":"2281552082", "pid":"1", "tid":"fv3"},
{"name":"fcst_run_phase_2", "ph":"E", "ts":"2281909608", "pid":"1", "tid":"fv3"},
{"name":"ModelAdvance_phase2", "ph":"E", "ts":"2281909681", "pid":"1", "tid":"ufsatm"},
{"name":"ModelAdvance", "ph":"E", "ts":"2281909686", "pid":"1", "tid":"ufsatm"},
{"name":"med_phases_post_atm", "ph":"B", "ts":"2281910609", "pid":"1", "tid":"cmeps"},
{"name":"med_phases_history_write_comp", "ph":"B", "ts":"2281920990", "pid":"1", "tid":"cmeps"},
{"name":"med_phases_history_write_comp", "ph":"E", "ts":"2281921071", "pid":"1", "tid":"cmeps"},
{"name":"med_phases_post_atm", "ph":"E", "ts":"2281921077", "pid":"1", "tid":"cmeps"},
{"name":"med_phases_post_ice", "ph":"B", "ts":"2281923797", "pid":"1", "tid":"cmeps"},
{"name":"med_phases_history_write_comp", "ph":"B", "ts":"2281937528", "pid":"1", "tid":"cmeps"},
{"name":"med_phases_history_write_comp", "ph":"E", "ts":"2281937592", "pid":"1", "tid":"cmeps"},
{"name":"med_phases_post_ice", "ph":"E", "ts":"2281937600", "pid":"1", "tid":"cmeps"},
{"name":"med_phases_ocnalb_run", "ph":"B", "ts":"2281937901", "pid":"1", "tid":"cmeps"},
{"name":"med_phases_history_write_med", "ph":"B", "ts":"2281938634", "pid":"1", "tid":"cmeps"},
{"name":"med_phases_history_write_med", "ph":"E", "ts":"2281938642", "pid":"1", "tid":"cmeps"},
{"name":"med_phases_ocnalb_run", "ph":"E", "ts":"2281938647", "pid":"1", "tid":"cmeps"},
{"name":"med_phases_prep_ocn_accum", "ph":"B", "ts":"2281938770", "pid":"1", "tid":"cmeps"},
{"name":"med_phases_prep_ocn_accum", "ph":"E", "ts":"2281941406", "pid":"1", "tid":"cmeps"},
{"name":"med_phases_prep_atm", "ph":"B", "ts":"2281941552", "pid":"1", "tid":"cmeps"},
{"name":"med_phases_prep_atm", "ph":"E", "ts":"2281947164", "pid":"1", "tid":"cmeps"},
{"name":"med_phases_prep_ice", "ph":"B", "ts":"2281947525", "pid":"1", "tid":"cmeps"},
{"name":"med_phases_prep_ice", "ph":"E", "ts":"2281949051", "pid":"1", "tid":"cmeps"},
{"name":"ModelAdvance", "ph":"B", "ts":"2281953053", "pid":"1", "tid":"ufsatm"},
{"name":"ModelAdvance_phase1", "ph":"B", "ts":"2281953070", "pid":"1", "tid":"ufsatm"},
{"name":"fcst_run_phase_1", "ph":"B", "ts":"2281953235", "pid":"1", "tid":"fv3"},
{"name":"fcst_run_phase_1", "ph":"E", "ts":"2283331472", "pid":"1", "tid":"fv3"},
{"name":"ModelAdvance_phase1", "ph":"E", "ts":"2283331541", "pid":"1", "tid":"ufsatm"},
{"name":"ModelAdvance_phase2", "ph":"B", "ts":"2283331548", "pid":"1", "tid":"ufsatm"},
{"name":"fcst_run_phase_2", "ph":"B", "ts":"2283331577", "pid":"1", "tid":"fv3"},
{"name":"fcst_run_phase_2", "ph":"E", "ts":"2283689725", "pid":"1", "tid":"fv3"},
{"name":"ModelAdvance_phase2", "ph":"E", "ts":"2283689800", "pid":"1", "tid":"ufsatm"},
{"name":"ModelAdvance", "ph":"E", "ts":"2283689805", "pid":"1", "tid":"ufsatm"},
{"name":"med_phases_post_atm", "ph":"B", "ts":"2283690882", "pid":"1", "tid":"cmeps"},
{"name":"med_phases_history_write_comp", "ph":"B", "ts":"2283701682", "pid":"1", "tid":"cmeps"},
{"name":"med_phases_history_write_comp", "ph":"E", "ts":"2283701731", "pid":"1", "tid":"cmeps"},
{"name":"med_phases_post_atm", "ph":"E", "ts":"2283701737", "pid":"1", "tid":"cmeps"},
{"name":"med_phases_post_ice", "ph":"B", "ts":"2284575676", "pid":"1", "tid":"cmeps"},
{"name":"med_phases_history_write_comp", "ph":"B", "ts":"2284580903", "pid":"1", "tid":"cmeps"},
{"name":"med_phases_history_write_comp", "ph":"E", "ts":"2284580943", "pid":"1", "tid":"cmeps"},
{"name":"med_phases_post_ice", "ph":"E", "ts":"2284580950", "pid":"1", "tid":"cmeps"},
{"name":"med_phases_ocnalb_run", "ph":"B", "ts":"2284581129", "pid":"1", "tid":"cmeps"},
{"name":"med_phases_history_write_med", "ph":"B", "ts":"2284581773", "pid":"1", "tid":"cmeps"},
{"name":"med_phases_history_write_med", "ph":"E", "ts":"2284581806", "pid":"1", "tid":"cmeps"},
{"name":"med_phases_ocnalb_run", "ph":"E", "ts":"2284581812", "pid":"1", "tid":"cmeps"},
{"name":"med_phases_prep_ocn_accum", "ph":"B", "ts":"2284582057", "pid":"1", "tid":"cmeps"},
{"name":"med_phases_prep_ocn_accum", "ph":"E", "ts":"2284584665", "pid":"1", "tid":"cmeps"},
{"name":"med_phases_post_ocn", "ph":"B", "ts":"2284585916", "pid":"1", "tid":"cmeps"},
{"name":"med_phases_history_write_comp", "ph":"B", "ts":"2284586437", "pid":"1", "tid":"cmeps"},
{"name":"med_phases_history_write_comp", "ph":"E", "ts":"2284586454", "pid":"1", "tid":"cmeps"},
{"name":"med_phases_post_ocn", "ph":"E", "ts":"2284586458", "pid":"1", "tid":"cmeps"},
{"name":"med_phases_restart_write", "ph":"B", "ts":"2284586577", "pid":"1", "tid":"cmeps"},
{"name":"med_phases_restart_write", "ph":"E", "ts":"2284586601", "pid":"1", "tid":"cmeps"},
{"name":"med_phases_prep_ocn_avg", "ph":"B", "ts":"2284586681", "pid":"1", "tid":"cmeps"},
{"name":"med_phases_prep_ocn_avg", "ph":"E", "ts":"2284587250", "pid":"1", "tid":"cmeps"},
{"name":"med_phases_prep_atm", "ph":"B", "ts":"2284587730", "pid":"1", "tid":"cmeps"},
{"name":"med_phases_prep_atm", "ph":"E", "ts":"2284600299", "pid":"1", "tid":"cmeps"},
{"name":"med_phases_prep_ice", "ph":"B", "ts":"2284600601", "pid":"1", "tid":"cmeps"},
{"name":"med_phases_prep_ice", "ph":"E", "ts":"2284601970", "pid":"1", "tid":"cmeps"},
{"name":"ModelAdvance", "ph":"B", "ts":"2284606065", "pid":"1", "tid":"ufsatm"},
{"name":"ModelAdvance_phase1", "ph":"B", "ts":"2284606081", "pid":"1", "tid":"ufsatm"},
{"name":"fcst_run_phase_1", "ph":"B", "ts":"2284606213", "pid":"1", "tid":"fv3"},
{"name":"fcst_run_phase_1", "ph":"E", "ts":"2289214973", "pid":"1", "tid":"fv3"},
{"name":"ModelAdvance_phase1", "ph":"E", "ts":"2289215043", "pid":"1", "tid":"ufsatm"},
{"name":"ModelAdvance_phase2", "ph":"B", "ts":"2289215050", "pid":"1", "tid":"ufsatm"},
{"name":"fcst_run_phase_2", "ph":"B", "ts":"2289215078", "pid":"1", "tid":"fv3"},
{"name":"fcst_run_phase_2", "ph":"E", "ts":"2289732161", "pid":"1", "tid":"fv3"},
{"name":"ModelAdvance_phase2", "ph":"E", "ts":"2289732246", "pid":"1", "tid":"ufsatm"},
{"name":"ModelAdvance", "ph":"E", "ts":"2289732254", "pid":"1", "tid":"ufsatm"},
{"name":"med_phases_post_atm", "ph":"B", "ts":"2289733234", "pid":"1", "tid":"cmeps"},
{"name":"med_phases_history_write_comp", "ph":"B", "ts":"2289743741", "pid":"1", "tid":"cmeps"},
{"name":"med_phases_history_write_comp", "ph":"E", "ts":"2289743796", "pid":"1", "tid":"cmeps"},
{"name":"med_phases_post_atm", "ph":"E", "ts":"2289743802", "pid":"1", "tid":"cmeps"},
{"name":"med_phases_post_ice", "ph":"B", "ts":"2289751238", "pid":"1", "tid":"cmeps"},
{"name":"med_phases_history_write_comp", "ph":"B", "ts":"2289760105", "pid":"1", "tid":"cmeps"},
{"name":"med_phases_history_write_comp", "ph":"E", "ts":"2289760145", "pid":"1", "tid":"cmeps"},
{"name":"med_phases_post_ice", "ph":"E", "ts":"2289760150", "pid":"1", "tid":"cmeps"},
{"name":"med_phases_ocnalb_run", "ph":"B", "ts":"2289760342", "pid":"1", "tid":"cmeps"},
{"name":"med_phases_history_write_med", "ph":"B", "ts":"2289761241", "pid":"1", "tid":"cmeps"},
{"name":"med_phases_history_write_med", "ph":"E", "ts":"2289761264", "pid":"1", "tid":"cmeps"},
{"name":"med_phases_ocnalb_run", "ph":"E", "ts":"2289761272", "pid":"1", "tid":"cmeps"},
{"name":"med_phases_prep_ocn_accum", "ph":"B", "ts":"2289761466", "pid":"1", "tid":"cmeps"},
{"name":"med_phases_prep_ocn_accum", "ph":"E", "ts":"2289763650", "pid":"1", "tid":"cmeps"},
{"name":"med_phases_prep_atm", "ph":"B", "ts":"2289763771", "pid":"1", "tid":"cmeps"},
{"name":"med_phases_prep_atm", "ph":"E", "ts":"2289769383", "pid":"1", "tid":"cmeps"},
{"name":"med_phases_prep_ice", "ph":"B", "ts":"2289769815", "pid":"1", "tid":"cmeps"},
{"name":"med_phases_prep_ice", "ph":"E", "ts":"2289771326", "pid":"1", "tid":"cmeps"},
{"name":"ModelAdvance", "ph":"B", "ts":"2289779172", "pid":"1", "tid":"ufsatm"},
{"name":"ModelAdvance_phase1", "ph":"B", "ts":"2289779200", "pid":"1", "tid":"ufsatm"},
{"name":"fcst_run_phase_1", "ph":"B", "ts":"2289779351", "pid":"1", "tid":"fv3"},
{"name":"fcst_run_phase_1", "ph":"E", "ts":"2291175070", "pid":"1", "tid":"fv3"},
{"name":"ModelAdvance_phase1", "ph":"E", "ts":"2291175138", "pid":"1", "tid":"ufsatm"},
{"name":"ModelAdvance_phase2", "ph":"B", "ts":"2291175145", "pid":"1", "tid":"ufsatm"},
{"name":"fcst_run_phase_2", "ph":"B", "ts":"2291175174", "pid":"1", "tid":"fv3"},
{"name":"fcst_run_phase_2", "ph":"E", "ts":"2291509130", "pid":"1", "tid":"fv3"},
{"name":"ModelAdvance_phase2", "ph":"E", "ts":"2291509194", "pid":"1", "tid":"ufsatm"},
{"name":"ModelAdvance", "ph":"E", "ts":"2291509201", "pid":"1", "tid":"ufsatm"},
{"name":"med_phases_post_atm", "ph":"B", "ts":"2291510087", "pid":"1", "tid":"cmeps"},
{"name":"med_phases_history_write_comp", "ph":"B", "ts":"2291521735", "pid":"1", "tid":"cmeps"},
{"name":"med_phases_history_write_comp", "ph":"E", "ts":"2291521786", "pid":"1", "tid":"cmeps"},
{"name":"med_phases_post_atm", "ph":"E", "ts":"2291521792", "pid":"1", "tid":"cmeps"},
{"name":"med_phases_post_ice", "ph":"B", "ts":"2291533525", "pid":"1", "tid":"cmeps"},
{"name":"med_phases_history_write_comp", "ph":"B", "ts":"2291537969", "pid":"1", "tid":"cmeps"},
{"name":"med_phases_history_write_comp", "ph":"E", "ts":"2291538005", "pid":"1", "tid":"cmeps"},
{"name":"med_phases_post_ice", "ph":"E", "ts":"2291538011", "pid":"1", "tid":"cmeps"},
{"name":"med_phases_ocnalb_run", "ph":"B", "ts":"2291538173", "pid":"1", "tid":"cmeps"},
{"name":"med_phases_history_write_med", "ph":"B", "ts":"2291538763", "pid":"1", "tid":"cmeps"},
{"name":"med_phases_history_write_med", "ph":"E", "ts":"2291538774", "pid":"1", "tid":"cmeps"},
{"name":"med_phases_ocnalb_run", "ph":"E", "ts":"2291538779", "pid":"1", "tid":"cmeps"},
{"name":"med_phases_prep_ocn_accum", "ph":"B", "ts":"2291538902", "pid":"1", "tid":"cmeps"},
{"name":"med_phases_prep_ocn_accum", "ph":"E", "ts":"2291541478", "pid":"1", "tid":"cmeps"},
{"name":"med_phases_prep_atm", "ph":"B", "ts":"2291541644", "pid":"1", "tid":"cmeps"},
{"name":"med_phases_prep_atm", "ph":"E", "ts":"2291547332", "pid":"1", "tid":"cmeps"},
{"name":"med_phases_prep_ice", "ph":"B", "ts":"2291547657", "pid":"1", "tid":"cmeps"},
{"name":"med_phases_prep_ice", "ph":"E", "ts":"2291549135", "pid":"1", "tid":"cmeps"},
{"name":"ModelAdvance", "ph":"B", "ts":"2291553473", "pid":"1", "tid":"ufsatm"},
{"name":"ModelAdvance_phase1", "ph":"B", "ts":"2291553501", "pid":"1", "tid":"ufsatm"},
{"name":"fcst_run_phase_1", "ph":"B", "ts":"2291553767", "pid":"1", "tid":"fv3"},
{"name":"fcst_run_phase_1", "ph":"E", "ts":"2292938604", "pid":"1", "tid":"fv3"},
{"name":"ModelAdvance_phase1", "ph":"E", "ts":"2292938672", "pid":"1", "tid":"ufsatm"},
{"name":"ModelAdvance_phase2", "ph":"B", "ts":"2292938678", "pid":"1", "tid":"ufsatm"},
{"name":"fcst_run_phase_2", "ph":"B", "ts":"2292938706", "pid":"1", "tid":"fv3"},
{"name":"fcst_run_phase_2", "ph":"E", "ts":"2293286900", "pid":"1", "tid":"fv3"},
{"name":"ModelAdvance_phase2", "ph":"E", "ts":"2293286971", "pid":"1", "tid":"ufsatm"},
{"name":"ModelAdvance", "ph":"E", "ts":"2293286976", "pid":"1", "tid":"ufsatm"},
{"name":"med_phases_post_atm", "ph":"B", "ts":"2293288104", "pid":"1", "tid":"cmeps"},
{"name":"med_phases_history_write_comp", "ph":"B", "ts":"2293298576", "pid":"1", "tid":"cmeps"},
{"name":"med_phases_history_write_comp", "ph":"E", "ts":"2293298670", "pid":"1", "tid":"cmeps"},
{"name":"med_phases_post_atm", "ph":"E", "ts":"2293298676", "pid":"1", "tid":"cmeps"},
{"name":"med_phases_post_ice", "ph":"B", "ts":"2293305267", "pid":"1", "tid":"cmeps"},
{"name":"med_phases_history_write_comp", "ph":"B", "ts":"2293319745", "pid":"1", "tid":"cmeps"},
{"name":"med_phases_history_write_comp", "ph":"E", "ts":"2293319793", "pid":"1", "tid":"cmeps"},
{"name":"med_phases_post_ice", "ph":"E", "ts":"2293319798", "pid":"1", "tid":"cmeps"},
{"name":"med_phases_ocnalb_run", "ph":"B", "ts":"2293320073", "pid":"1", "tid":"cmeps"},
{"name":"med_phases_history_write_med", "ph":"B", "ts":"2293320638", "pid":"1", "tid":"cmeps"},
{"name":"med_phases_history_write_med", "ph":"E", "ts":"2293320646", "pid":"1", "tid":"cmeps"},
{"name":"med_phases_ocnalb_run", "ph":"E", "ts":"2293320650", "pid":"1", "tid":"cmeps"},
{"name":"med_phases_prep_ocn_accum", "ph":"B", "ts":"2293320837", "pid":"1", "tid":"cmeps"},
{"name":"med_phases_prep_ocn_accum", "ph":"E", "ts":"2293323518", "pid":"1", "tid":"cmeps"},
{"name":"med_phases_post_ocn", "ph":"B", "ts":"2293324654", "pid":"1", "tid":"cmeps"},
{"name":"med_phases_history_write_comp", "ph":"B", "ts":"2293325569", "pid":"1", "tid":"cmeps"},
{"name":"med_phases_history_write_comp", "ph":"E", "ts":"2293325582", "pid":"1", "tid":"cmeps"},
{"name":"med_phases_post_ocn", "ph":"E", "ts":"2293325587", "pid":"1", "tid":"cmeps"},
{"name":"med_phases_restart_write", "ph":"B", "ts":"2293325699", "pid":"1", "tid":"cmeps"},
{"name":"med_phases_restart_write", "ph":"E", "ts":"2293325724", "pid":"1", "tid":"cmeps"},
{"name":"med_phases_prep_ocn_avg", "ph":"B", "ts":"2293325807", "pid":"1", "tid":"cmeps"},
{"name":"med_phases_prep_ocn_avg", "ph":"E", "ts":"2293326349", "pid":"1", "tid":"cmeps"},
{"name":"med_phases_prep_atm", "ph":"B", "ts":"2293326801", "pid":"1", "tid":"cmeps"},
{"name":"med_phases_prep_atm", "ph":"E", "ts":"2293339049", "pid":"1", "tid":"cmeps"},
{"name":"med_phases_prep_ice", "ph":"B", "ts":"2293339401", "pid":"1", "tid":"cmeps"},
{"name":"med_phases_prep_ice", "ph":"E", "ts":"2293340792", "pid":"1", "tid":"cmeps"},
{"name":"ModelAdvance", "ph":"B", "ts":"2293345274", "pid":"1", "tid":"ufsatm"},
{"name":"ModelAdvance_phase1", "ph":"B", "ts":"2293345329", "pid":"1", "tid":"ufsatm"},
{"name":"fcst_run_phase_1", "ph":"B", "ts":"2293345516", "pid":"1", "tid":"fv3"},
{"name":"fcst_run_phase_1", "ph":"E", "ts":"2294732113", "pid":"1", "tid":"fv3"},
{"name":"ModelAdvance_phase1", "ph":"E", "ts":"2294732181", "pid":"1", "tid":"ufsatm"},
{"name":"ModelAdvance_phase2", "ph":"B", "ts":"2294732187", "pid":"1", "tid":"ufsatm"},
{"name":"fcst_run_phase_2", "ph":"B", "ts":"2294732217", "pid":"1", "tid":"fv3"},
{"name":"fcst_run_phase_2", "ph":"E", "ts":"2295091425", "pid":"1", "tid":"fv3"},
{"name":"ModelAdvance_phase2", "ph":"E", "ts":"2295091501", "pid":"1", "tid":"ufsatm"},
{"name":"ModelAdvance", "ph":"E", "ts":"2295091506", "pid":"1", "tid":"ufsatm"},
{"name":"med_phases_post_atm", "ph":"B", "ts":"2295092615", "pid":"1", "tid":"cmeps"},
{"name":"med_phases_history_write_comp", "ph":"B", "ts":"2295103159", "pid":"1", "tid":"cmeps"},
{"name":"med_phases_history_write_comp", "ph":"E", "ts":"2295103238", "pid":"1", "tid":"cmeps"},
{"name":"med_phases_post_atm", "ph":"E", "ts":"2295103244", "pid":"1", "tid":"cmeps"},
{"name":"med_phases_post_ice", "ph":"B", "ts":"2295106424", "pid":"1", "tid":"cmeps"},
{"name":"med_phases_history_write_comp", "ph":"B", "ts":"2295119862", "pid":"1", "tid":"cmeps"},
{"name":"med_phases_history_write_comp", "ph":"E", "ts":"2295119912", "pid":"1", "tid":"cmeps"},
{"name":"med_phases_post_ice", "ph":"E", "ts":"2295119919", "pid":"1", "tid":"cmeps"},
{"name":"med_phases_ocnalb_run", "ph":"B", "ts":"2295120259", "pid":"1", "tid":"cmeps"},
{"name":"med_phases_history_write_med", "ph":"B", "ts":"2295120843", "pid":"1", "tid":"cmeps"},
{"name":"med_phases_history_write_med", "ph":"E", "ts":"2295120855", "pid":"1", "tid":"cmeps"},
{"name":"med_phases_ocnalb_run", "ph":"E", "ts":"2295120862", "pid":"1", "tid":"cmeps"},
{"name":"med_phases_prep_ocn_accum", "ph":"B", "ts":"2295121021", "pid":"1", "tid":"cmeps"},
{"name":"med_phases_prep_ocn_accum", "ph":"E", "ts":"2295123623", "pid":"1", "tid":"cmeps"},
{"name":"med_phases_prep_atm", "ph":"B", "ts":"2295123759", "pid":"1", "tid":"cmeps"},
{"name":"med_phases_prep_atm", "ph":"E", "ts":"2295129536", "pid":"1", "tid":"cmeps"},
{"name":"med_phases_prep_ice", "ph":"B", "ts":"2295129817", "pid":"1", "tid":"cmeps"},
{"name":"med_phases_prep_ice", "ph":"E", "ts":"2295131338", "pid":"1", "tid":"cmeps"},
{"name":"ModelAdvance", "ph":"B", "ts":"2295135442", "pid":"1", "tid":"ufsatm"},
{"name":"ModelAdvance_phase1", "ph":"B", "ts":"2295135453", "pid":"1", "tid":"ufsatm"},
{"name":"fcst_run_phase_1", "ph":"B", "ts":"2295135483", "pid":"1", "tid":"fv3"},
{"name":"fcst_run_phase_1", "ph":"E", "ts":"2296505698", "pid":"1", "tid":"fv3"},
{"name":"ModelAdvance_phase1", "ph":"E", "ts":"2296505773", "pid":"1", "tid":"ufsatm"},
{"name":"ModelAdvance_phase2", "ph":"B", "ts":"2296505779", "pid":"1", "tid":"ufsatm"},
{"name":"fcst_run_phase_2", "ph":"B", "ts":"2296505809", "pid":"1", "tid":"fv3"},
{"name":"fcst_run_phase_2", "ph":"E", "ts":"2296874220", "pid":"1", "tid":"fv3"},
{"name":"ModelAdvance_phase2", "ph":"E", "ts":"2296874589", "pid":"1", "tid":"ufsatm"},
{"name":"ModelAdvance", "ph":"E", "ts":"2296874605", "pid":"1", "tid":"ufsatm"},
{"name":"med_phases_post_atm", "ph":"B", "ts":"2296875893", "pid":"1", "tid":"cmeps"},
{"name":"med_phases_history_write_comp", "ph":"B", "ts":"2296886906", "pid":"1", "tid":"cmeps"},
{"name":"med_phases_history_write_comp", "ph":"E", "ts":"2296886961", "pid":"1", "tid":"cmeps"},
{"name":"med_phases_post_atm", "ph":"E", "ts":"2296886967", "pid":"1", "tid":"cmeps"},
{"name":"med_phases_post_ice", "ph":"B", "ts":"2296892575", "pid":"1", "tid":"cmeps"},
{"name":"med_phases_history_write_comp", "ph":"B", "ts":"2296903037", "pid":"1", "tid":"cmeps"},
{"name":"med_phases_history_write_comp", "ph":"E", "ts":"2296903082", "pid":"1", "tid":"cmeps"},
{"name":"med_phases_post_ice", "ph":"E", "ts":"2296903087", "pid":"1", "tid":"cmeps"},
{"name":"med_phases_ocnalb_run", "ph":"B", "ts":"2296903380", "pid":"1", "tid":"cmeps"},
{"name":"med_phases_history_write_med", "ph":"B", "ts":"2296903978", "pid":"1", "tid":"cmeps"},
{"name":"med_phases_history_write_med", "ph":"E", "ts":"2296903991", "pid":"1", "tid":"cmeps"},
{"name":"med_phases_ocnalb_run", "ph":"E", "ts":"2296903996", "pid":"1", "tid":"cmeps"},
{"name":"med_phases_prep_ocn_accum", "ph":"B", "ts":"2296904147", "pid":"1", "tid":"cmeps"},
{"name":"med_phases_prep_ocn_accum", "ph":"E", "ts":"2296906735", "pid":"1", "tid":"cmeps"},
{"name":"med_phases_prep_atm", "ph":"B", "ts":"2296906862", "pid":"1", "tid":"cmeps"},
{"name":"med_phases_prep_atm", "ph":"E", "ts":"2296912650", "pid":"1", "tid":"cmeps"},
{"name":"med_phases_prep_ice", "ph":"B", "ts":"2296913009", "pid":"1", "tid":"cmeps"},
{"name":"med_phases_prep_ice", "ph":"E", "ts":"2296914511", "pid":"1", "tid":"cmeps"},
{"name":"ModelAdvance", "ph":"B", "ts":"2296918604", "pid":"1", "tid":"ufsatm"},
{"name":"ModelAdvance_phase1", "ph":"B", "ts":"2296918614", "pid":"1", "tid":"ufsatm"},
{"name":"fcst_run_phase_1", "ph":"B", "ts":"2296918656", "pid":"1", "tid":"fv3"},
{"name":"fcst_run_phase_1", "ph":"E", "ts":"2298291646", "pid":"1", "tid":"fv3"},
{"name":"ModelAdvance_phase1", "ph":"E", "ts":"2298291718", "pid":"1", "tid":"ufsatm"},
{"name":"ModelAdvance_phase2", "ph":"B", "ts":"2298291724", "pid":"1", "tid":"ufsatm"},
{"name":"fcst_run_phase_2", "ph":"B", "ts":"2298291752", "pid":"1", "tid":"fv3"},
{"name":"fcst_run_phase_2", "ph":"E", "ts":"2298653915", "pid":"1", "tid":"fv3"},
{"name":"ModelAdvance_phase2", "ph":"E", "ts":"2298654209", "pid":"1", "tid":"ufsatm"},
{"name":"ModelAdvance", "ph":"E", "ts":"2298654220", "pid":"1", "tid":"ufsatm"},
{"name":"med_phases_post_atm", "ph":"B", "ts":"2298655159", "pid":"1", "tid":"cmeps"},
{"name":"med_phases_history_write_comp", "ph":"B", "ts":"2298665886", "pid":"1", "tid":"cmeps"},
{"name":"med_phases_history_write_comp", "ph":"E", "ts":"2298665947", "pid":"1", "tid":"cmeps"},
{"name":"med_phases_post_atm", "ph":"E", "ts":"2298665953", "pid":"1", "tid":"cmeps"},
{"name":"med_phases_post_ice", "ph":"B", "ts":"2298670047", "pid":"1", "tid":"cmeps"},
{"name":"med_phases_history_write_comp", "ph":"B", "ts":"2298682317", "pid":"1", "tid":"cmeps"},
{"name":"med_phases_history_write_comp", "ph":"E", "ts":"2298682371", "pid":"1", "tid":"cmeps"},
{"name":"med_phases_post_ice", "ph":"E", "ts":"2298682376", "pid":"1", "tid":"cmeps"},
{"name":"med_phases_ocnalb_run", "ph":"B", "ts":"2298682690", "pid":"1", "tid":"cmeps"},
{"name":"med_phases_history_write_med", "ph":"B", "ts":"2298683293", "pid":"1", "tid":"cmeps"},
{"name":"med_phases_history_write_med", "ph":"E", "ts":"2298683305", "pid":"1", "tid":"cmeps"},
{"name":"med_phases_ocnalb_run", "ph":"E", "ts":"2298683309", "pid":"1", "tid":"cmeps"},
{"name":"med_phases_prep_ocn_accum", "ph":"B", "ts":"2298683430", "pid":"1", "tid":"cmeps"},
{"name":"med_phases_prep_ocn_accum", "ph":"E", "ts":"2298686114", "pid":"1", "tid":"cmeps"},
{"name":"med_phases_post_ocn", "ph":"B", "ts":"2298687391", "pid":"1", "tid":"cmeps"},
{"name":"med_phases_history_write_comp", "ph":"B", "ts":"2298688232", "pid":"1", "tid":"cmeps"},
{"name":"med_phases_history_write_comp", "ph":"E", "ts":"2298688246", "pid":"1", "tid":"cmeps"},
{"name":"med_phases_post_ocn", "ph":"E", "ts":"2298688250", "pid":"1", "tid":"cmeps"},
{"name":"med_phases_restart_write", "ph":"B", "ts":"2298688361", "pid":"1", "tid":"cmeps"},
{"name":"med_phases_restart_write", "ph":"E", "ts":"2298688384", "pid":"1", "tid":"cmeps"},
{"name":"med_phases_prep_ocn_avg", "ph":"B", "ts":"2298688465", "pid":"1", "tid":"cmeps"},
{"name":"med_phases_prep_ocn_avg", "ph":"E", "ts":"2298689130", "pid":"1", "tid":"cmeps"},
{"name":"med_phases_prep_atm", "ph":"B", "ts":"2298689927", "pid":"1", "tid":"cmeps"},
{"name":"med_phases_prep_atm", "ph":"E", "ts":"2298700668", "pid":"1", "tid":"cmeps"},
{"name":"med_phases_prep_ice", "ph":"B", "ts":"2298701094", "pid":"1", "tid":"cmeps"},
{"name":"med_phases_prep_ice", "ph":"E", "ts":"2298702414", "pid":"1", "tid":"cmeps"},
{"name":"ModelAdvance", "ph":"B", "ts":"2298706520", "pid":"1", "tid":"ufsatm"},
{"name":"ModelAdvance_phase1", "ph":"B", "ts":"2298706532", "pid":"1", "tid":"ufsatm"},
{"name":"fcst_run_phase_1", "ph":"B", "ts":"2298706573", "pid":"1", "tid":"fv3"},
{"name":"fcst_run_phase_1", "ph":"E", "ts":"2303294098", "pid":"1", "tid":"fv3"},
{"name":"ModelAdvance_phase1", "ph":"E", "ts":"2303294167", "pid":"1", "tid":"ufsatm"},
{"name":"ModelAdvance_phase2", "ph":"B", "ts":"2303294174", "pid":"1", "tid":"ufsatm"},
{"name":"fcst_run_phase_2", "ph":"B", "ts":"2303294201", "pid":"1", "tid":"fv3"},
{"name":"fcst_run_phase_2", "ph":"E", "ts":"2303863969", "pid":"1", "tid":"fv3"},
{"name":"ModelAdvance_phase2", "ph":"E", "ts":"2303864212", "pid":"1", "tid":"ufsatm"},
{"name":"ModelAdvance", "ph":"E", "ts":"2303864228", "pid":"1", "tid":"ufsatm"},
{"name":"med_phases_post_atm", "ph":"B", "ts":"2303865450", "pid":"1", "tid":"cmeps"},
{"name":"med_phases_history_write_comp", "ph":"B", "ts":"2303875853", "pid":"1", "tid":"cmeps"},
{"name":"med_phases_history_write_comp", "ph":"E", "ts":"2303875932", "pid":"1", "tid":"cmeps"},
{"name":"med_phases_post_atm", "ph":"E", "ts":"2303875938", "pid":"1", "tid":"cmeps"},
{"name":"med_phases_post_ice", "ph":"B", "ts":"2303880322", "pid":"1", "tid":"cmeps"},
{"name":"med_phases_history_write_comp", "ph":"B", "ts":"2303892468", "pid":"1", "tid":"cmeps"},
{"name":"med_phases_history_write_comp", "ph":"E", "ts":"2303892507", "pid":"1", "tid":"cmeps"},
{"name":"med_phases_post_ice", "ph":"E", "ts":"2303892512", "pid":"1", "tid":"cmeps"},
{"name":"med_phases_ocnalb_run", "ph":"B", "ts":"2303892681", "pid":"1", "tid":"cmeps"},
{"name":"med_phases_history_write_med", "ph":"B", "ts":"2303893321", "pid":"1", "tid":"cmeps"},
{"name":"med_phases_history_write_med", "ph":"E", "ts":"2303893337", "pid":"1", "tid":"cmeps"},
{"name":"med_phases_ocnalb_run", "ph":"E", "ts":"2303893342", "pid":"1", "tid":"cmeps"},
{"name":"med_phases_prep_ocn_accum", "ph":"B", "ts":"2303893517", "pid":"1", "tid":"cmeps"},
{"name":"med_phases_prep_ocn_accum", "ph":"E", "ts":"2303895936", "pid":"1", "tid":"cmeps"},
{"name":"med_phases_prep_atm", "ph":"B", "ts":"2303896056", "pid":"1", "tid":"cmeps"},
{"name":"med_phases_prep_atm", "ph":"E", "ts":"2303901942", "pid":"1", "tid":"cmeps"},
{"name":"med_phases_prep_ice", "ph":"B", "ts":"2303902260", "pid":"1", "tid":"cmeps"},
{"name":"med_phases_prep_ice", "ph":"E", "ts":"2303903675", "pid":"1", "tid":"cmeps"},
{"name":"ModelAdvance", "ph":"B", "ts":"2303907784", "pid":"1", "tid":"ufsatm"},
{"name":"ModelAdvance_phase1", "ph":"B", "ts":"2303907795", "pid":"1", "tid":"ufsatm"},
{"name":"fcst_run_phase_1", "ph":"B", "ts":"2303907832", "pid":"1", "tid":"fv3"},
{"name":"fcst_run_phase_1", "ph":"E", "ts":"2305270348", "pid":"1", "tid":"fv3"},
{"name":"ModelAdvance_phase1", "ph":"E", "ts":"2305270421", "pid":"1", "tid":"ufsatm"},
{"name":"ModelAdvance_phase2", "ph":"B", "ts":"2305270427", "pid":"1", "tid":"ufsatm"},
{"name":"fcst_run_phase_2", "ph":"B", "ts":"2305270456", "pid":"1", "tid":"fv3"},
{"name":"fcst_run_phase_2", "ph":"E", "ts":"2305649909", "pid":"1", "tid":"fv3"},
{"name":"ModelAdvance_phase2", "ph":"E", "ts":"2305650053", "pid":"1", "tid":"ufsatm"},
{"name":"ModelAdvance", "ph":"E", "ts":"2305650059", "pid":"1", "tid":"ufsatm"},
{"name":"med_phases_post_atm", "ph":"B", "ts":"2305651101", "pid":"1", "tid":"cmeps"},
{"name":"med_phases_history_write_comp", "ph":"B", "ts":"2305661285", "pid":"1", "tid":"cmeps"},
{"name":"med_phases_history_write_comp", "ph":"E", "ts":"2305661347", "pid":"1", "tid":"cmeps"},
{"name":"med_phases_post_atm", "ph":"E", "ts":"2305661352", "pid":"1", "tid":"cmeps"},
{"name":"med_phases_post_ice", "ph":"B", "ts":"2305666008", "pid":"1", "tid":"cmeps"},
{"name":"med_phases_history_write_comp", "ph":"B", "ts":"2305682149", "pid":"1", "tid":"cmeps"},
{"name":"med_phases_history_write_comp", "ph":"E", "ts":"2305682189", "pid":"1", "tid":"cmeps"},
{"name":"med_phases_post_ice", "ph":"E", "ts":"2305682195", "pid":"1", "tid":"cmeps"},
{"name":"med_phases_ocnalb_run", "ph":"B", "ts":"2305682348", "pid":"1", "tid":"cmeps"},
{"name":"med_phases_history_write_med", "ph":"B", "ts":"2305682981", "pid":"1", "tid":"cmeps"},
{"name":"med_phases_history_write_med", "ph":"E", "ts":"2305682997", "pid":"1", "tid":"cmeps"},
{"name":"med_phases_ocnalb_run", "ph":"E", "ts":"2305683004", "pid":"1", "tid":"cmeps"},
{"name":"med_phases_prep_ocn_accum", "ph":"B", "ts":"2305683159", "pid":"1", "tid":"cmeps"},
{"name":"med_phases_prep_ocn_accum", "ph":"E", "ts":"2305685586", "pid":"1", "tid":"cmeps"},
{"name":"med_phases_prep_atm", "ph":"B", "ts":"2305685712", "pid":"1", "tid":"cmeps"},
{"name":"med_phases_prep_atm", "ph":"E", "ts":"2305691251", "pid":"1", "tid":"cmeps"},
{"name":"med_phases_prep_ice", "ph":"B", "ts":"2305691558", "pid":"1", "tid":"cmeps"},
{"name":"med_phases_prep_ice", "ph":"E", "ts":"2305693103", "pid":"1", "tid":"cmeps"},
{"name":"ModelAdvance", "ph":"B", "ts":"2305697357", "pid":"1", "tid":"ufsatm"},
{"name":"ModelAdvance_phase1", "ph":"B", "ts":"2305697370", "pid":"1", "tid":"ufsatm"},
{"name":"fcst_run_phase_1", "ph":"B", "ts":"2305697438", "pid":"1", "tid":"fv3"},
{"name":"fcst_run_phase_1", "ph":"E", "ts":"2307065951", "pid":"1", "tid":"fv3"},
{"name":"ModelAdvance_phase1", "ph":"E", "ts":"2307066019", "pid":"1", "tid":"ufsatm"},
{"name":"ModelAdvance_phase2", "ph":"B", "ts":"2307066024", "pid":"1", "tid":"ufsatm"},
{"name":"fcst_run_phase_2", "ph":"B", "ts":"2307066052", "pid":"1", "tid":"fv3"},
{"name":"fcst_run_phase_2", "ph":"E", "ts":"2307440216", "pid":"1", "tid":"fv3"},
{"name":"ModelAdvance_phase2", "ph":"E", "ts":"2307440290", "pid":"1", "tid":"ufsatm"},
{"name":"ModelAdvance", "ph":"E", "ts":"2307440297", "pid":"1", "tid":"ufsatm"},
{"name":"med_phases_post_atm", "ph":"B", "ts":"2307441315", "pid":"1", "tid":"cmeps"},
{"name":"med_phases_history_write_comp", "ph":"B", "ts":"2307451474", "pid":"1", "tid":"cmeps"},
{"name":"med_phases_history_write_comp", "ph":"E", "ts":"2307451551", "pid":"1", "tid":"cmeps"},
{"name":"med_phases_post_atm", "ph":"E", "ts":"2307451558", "pid":"1", "tid":"cmeps"},
{"name":"med_phases_post_ice", "ph":"B", "ts":"2307454474", "pid":"1", "tid":"cmeps"},
{"name":"med_phases_history_write_comp", "ph":"B", "ts":"2307472592", "pid":"1", "tid":"cmeps"},
{"name":"med_phases_history_write_comp", "ph":"E", "ts":"2307472631", "pid":"1", "tid":"cmeps"},
{"name":"med_phases_post_ice", "ph":"E", "ts":"2307472637", "pid":"1", "tid":"cmeps"},
{"name":"med_phases_ocnalb_run", "ph":"B", "ts":"2307472848", "pid":"1", "tid":"cmeps"},
{"name":"med_phases_history_write_med", "ph":"B", "ts":"2307473477", "pid":"1", "tid":"cmeps"},
{"name":"med_phases_history_write_med", "ph":"E", "ts":"2307473488", "pid":"1", "tid":"cmeps"},
{"name":"med_phases_ocnalb_run", "ph":"E", "ts":"2307473494", "pid":"1", "tid":"cmeps"},
{"name":"med_phases_prep_ocn_accum", "ph":"B", "ts":"2307473664", "pid":"1", "tid":"cmeps"},
{"name":"med_phases_prep_ocn_accum", "ph":"E", "ts":"2307476180", "pid":"1", "tid":"cmeps"},
{"name":"med_phases_post_ocn", "ph":"B", "ts":"2307477385", "pid":"1", "tid":"cmeps"},
{"name":"med_phases_history_write_comp", "ph":"B", "ts":"2307478105", "pid":"1", "tid":"cmeps"},
{"name":"med_phases_history_write_comp", "ph":"E", "ts":"2307478118", "pid":"1", "tid":"cmeps"},
{"name":"med_phases_post_ocn", "ph":"E", "ts":"2307478123", "pid":"1", "tid":"cmeps"},
{"name":"med_phases_restart_write", "ph":"B", "ts":"2307478232", "pid":"1", "tid":"cmeps"},
{"name":"med_phases_restart_write", "ph":"E", "ts":"2307478257", "pid":"1", "tid":"cmeps"},
{"name":"med_phases_prep_ocn_avg", "ph":"B", "ts":"2307478338", "pid":"1", "tid":"cmeps"},
{"name":"med_phases_prep_ocn_avg", "ph":"E", "ts":"2307478882", "pid":"1", "tid":"cmeps"},
{"name":"med_phases_prep_atm", "ph":"B", "ts":"2307479331", "pid":"1", "tid":"cmeps"},
{"name":"med_phases_prep_atm", "ph":"E", "ts":"2307491850", "pid":"1", "tid":"cmeps"},
{"name":"med_phases_prep_ice", "ph":"B", "ts":"2307492208", "pid":"1", "tid":"cmeps"},
{"name":"med_phases_prep_ice", "ph":"E", "ts":"2307493672", "pid":"1", "tid":"cmeps"},
{"name":"ModelAdvance", "ph":"B", "ts":"2307497828", "pid":"1", "tid":"ufsatm"},
{"name":"ModelAdvance_phase1", "ph":"B", "ts":"2307497842", "pid":"1", "tid":"ufsatm"},
{"name":"fcst_run_phase_1", "ph":"B", "ts":"2307497891", "pid":"1", "tid":"fv3"},
{"name":"fcst_run_phase_1", "ph":"E", "ts":"2308874848", "pid":"1", "tid":"fv3"},
{"name":"ModelAdvance_phase1", "ph":"E", "ts":"2308874922", "pid":"1", "tid":"ufsatm"},
{"name":"ModelAdvance_phase2", "ph":"B", "ts":"2308874928", "pid":"1", "tid":"ufsatm"},
{"name":"fcst_run_phase_2", "ph":"B", "ts":"2308874957", "pid":"1", "tid":"fv3"},
{"name":"fcst_run_phase_2", "ph":"E", "ts":"2309261515", "pid":"1", "tid":"fv3"},
{"name":"ModelAdvance_phase2", "ph":"E", "ts":"2309261589", "pid":"1", "tid":"ufsatm"},
{"name":"ModelAdvance", "ph":"E", "ts":"2309261595", "pid":"1", "tid":"ufsatm"},
{"name":"med_phases_post_atm", "ph":"B", "ts":"2309262564", "pid":"1", "tid":"cmeps"},
{"name":"med_phases_history_write_comp", "ph":"B", "ts":"2309272894", "pid":"1", "tid":"cmeps"},
{"name":"med_phases_history_write_comp", "ph":"E", "ts":"2309273112", "pid":"1", "tid":"cmeps"},
{"name":"med_phases_post_atm", "ph":"E", "ts":"2309273123", "pid":"1", "tid":"cmeps"},
{"name":"med_phases_post_ice", "ph":"B", "ts":"2309277572", "pid":"1", "tid":"cmeps"},
{"name":"med_phases_history_write_comp", "ph":"B", "ts":"2309289739", "pid":"1", "tid":"cmeps"},
{"name":"med_phases_history_write_comp", "ph":"E", "ts":"2309289789", "pid":"1", "tid":"cmeps"},
{"name":"med_phases_post_ice", "ph":"E", "ts":"2309289794", "pid":"1", "tid":"cmeps"},
{"name":"med_phases_ocnalb_run", "ph":"B", "ts":"2309290076", "pid":"1", "tid":"cmeps"},
{"name":"med_phases_history_write_med", "ph":"B", "ts":"2309290670", "pid":"1", "tid":"cmeps"},
{"name":"med_phases_history_write_med", "ph":"E", "ts":"2309290680", "pid":"1", "tid":"cmeps"},
{"name":"med_phases_ocnalb_run", "ph":"E", "ts":"2309290685", "pid":"1", "tid":"cmeps"},
{"name":"med_phases_prep_ocn_accum", "ph":"B", "ts":"2309290797", "pid":"1", "tid":"cmeps"},
{"name":"med_phases_prep_ocn_accum", "ph":"E", "ts":"2309293439", "pid":"1", "tid":"cmeps"},
{"name":"med_phases_prep_atm", "ph":"B", "ts":"2309293584", "pid":"1", "tid":"cmeps"},
{"name":"med_phases_prep_atm", "ph":"E", "ts":"2309299485", "pid":"1", "tid":"cmeps"},
{"name":"med_phases_prep_ice", "ph":"B", "ts":"2309299915", "pid":"1", "tid":"cmeps"},
{"name":"med_phases_prep_ice", "ph":"E", "ts":"2309301149", "pid":"1", "tid":"cmeps"},
{"name":"ModelAdvance", "ph":"B", "ts":"2309305211", "pid":"1", "tid":"ufsatm"},
{"name":"ModelAdvance_phase1", "ph":"B", "ts":"2309305226", "pid":"1", "tid":"ufsatm"},
{"name":"fcst_run_phase_1", "ph":"B", "ts":"2309305264", "pid":"1", "tid":"fv3"},
{"name":"fcst_run_phase_1", "ph":"E", "ts":"2310668437", "pid":"1", "tid":"fv3"},
{"name":"ModelAdvance_phase1", "ph":"E", "ts":"2310668505", "pid":"1", "tid":"ufsatm"},
{"name":"ModelAdvance_phase2", "ph":"B", "ts":"2310668510", "pid":"1", "tid":"ufsatm"},
{"name":"fcst_run_phase_2", "ph":"B", "ts":"2310668540", "pid":"1", "tid":"fv3"},
{"name":"fcst_run_phase_2", "ph":"E", "ts":"2311060571", "pid":"1", "tid":"fv3"},
{"name":"ModelAdvance_phase2", "ph":"E", "ts":"2311060653", "pid":"1", "tid":"ufsatm"},
{"name":"ModelAdvance", "ph":"E", "ts":"2311060659", "pid":"1", "tid":"ufsatm"},
{"name":"med_phases_post_atm", "ph":"B", "ts":"2311061735", "pid":"1", "tid":"cmeps"},
{"name":"med_phases_history_write_comp", "ph":"B", "ts":"2311071950", "pid":"1", "tid":"cmeps"},
{"name":"med_phases_history_write_comp", "ph":"E", "ts":"2311072101", "pid":"1", "tid":"cmeps"},
{"name":"med_phases_post_atm", "ph":"E", "ts":"2311072107", "pid":"1", "tid":"cmeps"},
{"name":"med_phases_post_ice", "ph":"B", "ts":"2311076704", "pid":"1", "tid":"cmeps"},
{"name":"med_phases_history_write_comp", "ph":"B", "ts":"2311089069", "pid":"1", "tid":"cmeps"},
{"name":"med_phases_history_write_comp", "ph":"E", "ts":"2311089095", "pid":"1", "tid":"cmeps"},
{"name":"med_phases_post_ice", "ph":"E", "ts":"2311089104", "pid":"1", "tid":"cmeps"},
{"name":"med_phases_ocnalb_run", "ph":"B", "ts":"2311089301", "pid":"1", "tid":"cmeps"},
{"name":"med_phases_history_write_med", "ph":"B", "ts":"2311090097", "pid":"1", "tid":"cmeps"},
{"name":"med_phases_history_write_med", "ph":"E", "ts":"2311090108", "pid":"1", "tid":"cmeps"},
{"name":"med_phases_ocnalb_run", "ph":"E", "ts":"2311090112", "pid":"1", "tid":"cmeps"},
{"name":"med_phases_prep_ocn_accum", "ph":"B", "ts":"2311090236", "pid":"1", "tid":"cmeps"},
{"name":"med_phases_prep_ocn_accum", "ph":"E", "ts":"2311092547", "pid":"1", "tid":"cmeps"},
{"name":"med_phases_prep_atm", "ph":"B", "ts":"2311092678", "pid":"1", "tid":"cmeps"},
{"name":"med_phases_prep_atm", "ph":"E", "ts":"2311098613", "pid":"1", "tid":"cmeps"},
{"name":"med_phases_prep_ice", "ph":"B", "ts":"2311098908", "pid":"1", "tid":"cmeps"},
{"name":"med_phases_prep_ice", "ph":"E", "ts":"2311100481", "pid":"1", "tid":"cmeps"},
{"name":"ModelAdvance", "ph":"B", "ts":"2311104630", "pid":"1", "tid":"ufsatm"},
{"name":"ModelAdvance_phase1", "ph":"B", "ts":"2311104644", "pid":"1", "tid":"ufsatm"},
{"name":"fcst_run_phase_1", "ph":"B", "ts":"2311104692", "pid":"1", "tid":"fv3"},
{"name":"fcst_run_phase_1", "ph":"E", "ts":"2312467296", "pid":"1", "tid":"fv3"},
{"name":"ModelAdvance_phase1", "ph":"E", "ts":"2312467370", "pid":"1", "tid":"ufsatm"},
{"name":"ModelAdvance_phase2", "ph":"B", "ts":"2312467376", "pid":"1", "tid":"ufsatm"},
{"name":"fcst_run_phase_2", "ph":"B", "ts":"2312467405", "pid":"1", "tid":"fv3"},
{"name":"fcst_run_phase_2", "ph":"E", "ts":"2312850855", "pid":"1", "tid":"fv3"},
{"name":"ModelAdvance_phase2", "ph":"E", "ts":"2312850929", "pid":"1", "tid":"ufsatm"},
{"name":"ModelAdvance", "ph":"E", "ts":"2312850935", "pid":"1", "tid":"ufsatm"},
{"name":"med_phases_post_atm", "ph":"B", "ts":"2312852040", "pid":"1", "tid":"cmeps"},
{"name":"med_phases_history_write_comp", "ph":"B", "ts":"2312862596", "pid":"1", "tid":"cmeps"},
{"name":"med_phases_history_write_comp", "ph":"E", "ts":"2312862728", "pid":"1", "tid":"cmeps"},
{"name":"med_phases_post_atm", "ph":"E", "ts":"2312862736", "pid":"1", "tid":"cmeps"},
{"name":"med_phases_post_ice", "ph":"B", "ts":"2313785761", "pid":"1", "tid":"cmeps"},
{"name":"med_phases_history_write_comp", "ph":"B", "ts":"2313789640", "pid":"1", "tid":"cmeps"},
{"name":"med_phases_history_write_comp", "ph":"E", "ts":"2313789671", "pid":"1", "tid":"cmeps"},
{"name":"med_phases_post_ice", "ph":"E", "ts":"2313789676", "pid":"1", "tid":"cmeps"},
{"name":"med_phases_ocnalb_run", "ph":"B", "ts":"2313789841", "pid":"1", "tid":"cmeps"},
{"name":"med_phases_history_write_med", "ph":"B", "ts":"2313790433", "pid":"1", "tid":"cmeps"},
{"name":"med_phases_history_write_med", "ph":"E", "ts":"2313790459", "pid":"1", "tid":"cmeps"},
{"name":"med_phases_ocnalb_run", "ph":"E", "ts":"2313790464", "pid":"1", "tid":"cmeps"},
{"name":"med_phases_prep_ocn_accum", "ph":"B", "ts":"2313790682", "pid":"1", "tid":"cmeps"},
{"name":"med_phases_prep_ocn_accum", "ph":"E", "ts":"2313793243", "pid":"1", "tid":"cmeps"},
{"name":"med_phases_post_ocn", "ph":"B", "ts":"2313794431", "pid":"1", "tid":"cmeps"},
{"name":"med_phases_history_write_comp", "ph":"B", "ts":"2313795094", "pid":"1", "tid":"cmeps"},
{"name":"med_phases_history_write_comp", "ph":"E", "ts":"2313795107", "pid":"1", "tid":"cmeps"},
{"name":"med_phases_post_ocn", "ph":"E", "ts":"2313795112", "pid":"1", "tid":"cmeps"},
{"name":"med_phases_restart_write", "ph":"B", "ts":"2313795220", "pid":"1", "tid":"cmeps"},
{"name":"med_phases_restart_write", "ph":"E", "ts":"2313795242", "pid":"1", "tid":"cmeps"},
{"name":"med_phases_prep_ocn_avg", "ph":"B", "ts":"2313795323", "pid":"1", "tid":"cmeps"},
{"name":"med_phases_prep_ocn_avg", "ph":"E", "ts":"2313795948", "pid":"1", "tid":"cmeps"},
{"name":"med_phases_prep_atm", "ph":"B", "ts":"2313796524", "pid":"1", "tid":"cmeps"},
{"name":"med_phases_prep_atm", "ph":"E", "ts":"2313808700", "pid":"1", "tid":"cmeps"},
{"name":"med_phases_prep_ice", "ph":"B", "ts":"2313809141", "pid":"1", "tid":"cmeps"},
{"name":"med_phases_prep_ice", "ph":"E", "ts":"2313810504", "pid":"1", "tid":"cmeps"},
{"name":"ModelAdvance", "ph":"B", "ts":"2313814716", "pid":"1", "tid":"ufsatm"},
{"name":"ModelAdvance_phase1", "ph":"B", "ts":"2313814730", "pid":"1", "tid":"ufsatm"},
{"name":"fcst_run_phase_1", "ph":"B", "ts":"2313814785", "pid":"1", "tid":"fv3"},
{"name":"fcst_run_phase_1", "ph":"E", "ts":"2318383646", "pid":"1", "tid":"fv3"},
{"name":"ModelAdvance_phase1", "ph":"E", "ts":"2318383710", "pid":"1", "tid":"ufsatm"},
{"name":"ModelAdvance_phase2", "ph":"B", "ts":"2318383716", "pid":"1", "tid":"ufsatm"},
{"name":"fcst_run_phase_2", "ph":"B", "ts":"2318383743", "pid":"1", "tid":"fv3"},
{"name":"fcst_run_phase_2", "ph":"E", "ts":"2318984202", "pid":"1", "tid":"fv3"},
{"name":"ModelAdvance_phase2", "ph":"E", "ts":"2318984271", "pid":"1", "tid":"ufsatm"},
{"name":"ModelAdvance", "ph":"E", "ts":"2318984277", "pid":"1", "tid":"ufsatm"},
{"name":"med_phases_post_atm", "ph":"B", "ts":"2318985354", "pid":"1", "tid":"cmeps"},
{"name":"med_phases_history_write_comp", "ph":"B", "ts":"2318995971", "pid":"1", "tid":"cmeps"},
{"name":"med_phases_history_write_comp", "ph":"E", "ts":"2318996028", "pid":"1", "tid":"cmeps"},
{"name":"med_phases_post_atm", "ph":"E", "ts":"2318996034", "pid":"1", "tid":"cmeps"},
{"name":"med_phases_post_ice", "ph":"B", "ts":"2319004828", "pid":"1", "tid":"cmeps"},
{"name":"med_phases_history_write_comp", "ph":"B", "ts":"2319012293", "pid":"1", "tid":"cmeps"},
{"name":"med_phases_history_write_comp", "ph":"E", "ts":"2319012326", "pid":"1", "tid":"cmeps"},
{"name":"med_phases_post_ice", "ph":"E", "ts":"2319012333", "pid":"1", "tid":"cmeps"},
{"name":"med_phases_ocnalb_run", "ph":"B", "ts":"2319012528", "pid":"1", "tid":"cmeps"},
{"name":"med_phases_history_write_med", "ph":"B", "ts":"2319013207", "pid":"1", "tid":"cmeps"},
{"name":"med_phases_history_write_med", "ph":"E", "ts":"2319013221", "pid":"1", "tid":"cmeps"},
{"name":"med_phases_ocnalb_run", "ph":"E", "ts":"2319013228", "pid":"1", "tid":"cmeps"},
{"name":"med_phases_prep_ocn_accum", "ph":"B", "ts":"2319013426", "pid":"1", "tid":"cmeps"},
{"name":"med_phases_prep_ocn_accum", "ph":"E", "ts":"2319015863", "pid":"1", "tid":"cmeps"},
{"name":"med_phases_prep_atm", "ph":"B", "ts":"2319015981", "pid":"1", "tid":"cmeps"},
{"name":"med_phases_prep_atm", "ph":"E", "ts":"2319021816", "pid":"1", "tid":"cmeps"},
{"name":"med_phases_prep_ice", "ph":"B", "ts":"2319022123", "pid":"1", "tid":"cmeps"},
{"name":"med_phases_prep_ice", "ph":"E", "ts":"2319023575", "pid":"1", "tid":"cmeps"},
{"name":"ModelAdvance", "ph":"B", "ts":"2319027745", "pid":"1", "tid":"ufsatm"},
{"name":"ModelAdvance_phase1", "ph":"B", "ts":"2319027760", "pid":"1", "tid":"ufsatm"},
{"name":"fcst_run_phase_1", "ph":"B", "ts":"2319027798", "pid":"1", "tid":"fv3"},
{"name":"fcst_run_phase_1", "ph":"E", "ts":"2320412459", "pid":"1", "tid":"fv3"},
{"name":"ModelAdvance_phase1", "ph":"E", "ts":"2320412529", "pid":"1", "tid":"ufsatm"},
{"name":"ModelAdvance_phase2", "ph":"B", "ts":"2320412535", "pid":"1", "tid":"ufsatm"},
{"name":"fcst_run_phase_2", "ph":"B", "ts":"2320412564", "pid":"1", "tid":"fv3"},
{"name":"fcst_run_phase_2", "ph":"E", "ts":"2320787387", "pid":"1", "tid":"fv3"},
{"name":"ModelAdvance_phase2", "ph":"E", "ts":"2320787443", "pid":"1", "tid":"ufsatm"},
{"name":"ModelAdvance", "ph":"E", "ts":"2320787450", "pid":"1", "tid":"ufsatm"},
{"name":"med_phases_post_atm", "ph":"B", "ts":"2320788379", "pid":"1", "tid":"cmeps"},
{"name":"med_phases_history_write_comp", "ph":"B", "ts":"2320801610", "pid":"1", "tid":"cmeps"},
{"name":"med_phases_history_write_comp", "ph":"E", "ts":"2320801663", "pid":"1", "tid":"cmeps"},
{"name":"med_phases_post_atm", "ph":"E", "ts":"2320801669", "pid":"1", "tid":"cmeps"},
{"name":"med_phases_post_ice", "ph":"B", "ts":"2320813295", "pid":"1", "tid":"cmeps"},
{"name":"med_phases_history_write_comp", "ph":"B", "ts":"2320818306", "pid":"1", "tid":"cmeps"},
{"name":"med_phases_history_write_comp", "ph":"E", "ts":"2320818342", "pid":"1", "tid":"cmeps"},
{"name":"med_phases_post_ice", "ph":"E", "ts":"2320818349", "pid":"1", "tid":"cmeps"},
{"name":"med_phases_ocnalb_run", "ph":"B", "ts":"2320818511", "pid":"1", "tid":"cmeps"},
{"name":"med_phases_history_write_med", "ph":"B", "ts":"2320819129", "pid":"1", "tid":"cmeps"},
{"name":"med_phases_history_write_med", "ph":"E", "ts":"2320819140", "pid":"1", "tid":"cmeps"},
{"name":"med_phases_ocnalb_run", "ph":"E", "ts":"2320819146", "pid":"1", "tid":"cmeps"},
{"name":"med_phases_prep_ocn_accum", "ph":"B", "ts":"2320819277", "pid":"1", "tid":"cmeps"},
{"name":"med_phases_prep_ocn_accum", "ph":"E", "ts":"2320821778", "pid":"1", "tid":"cmeps"},
{"name":"med_phases_prep_atm", "ph":"B", "ts":"2320821901", "pid":"1", "tid":"cmeps"},
{"name":"med_phases_prep_atm", "ph":"E", "ts":"2320827933", "pid":"1", "tid":"cmeps"},
{"name":"med_phases_prep_ice", "ph":"B", "ts":"2320828236", "pid":"1", "tid":"cmeps"},
{"name":"med_phases_prep_ice", "ph":"E", "ts":"2320829620", "pid":"1", "tid":"cmeps"},
{"name":"ModelAdvance", "ph":"B", "ts":"2320833587", "pid":"1", "tid":"ufsatm"},
{"name":"ModelAdvance_phase1", "ph":"B", "ts":"2320833611", "pid":"1", "tid":"ufsatm"},
{"name":"fcst_run_phase_1", "ph":"B", "ts":"2320833803", "pid":"1", "tid":"fv3"},
{"name":"fcst_run_phase_1", "ph":"E", "ts":"2322208131", "pid":"1", "tid":"fv3"},
{"name":"ModelAdvance_phase1", "ph":"E", "ts":"2322208205", "pid":"1", "tid":"ufsatm"},
{"name":"ModelAdvance_phase2", "ph":"B", "ts":"2322208211", "pid":"1", "tid":"ufsatm"},
{"name":"fcst_run_phase_2", "ph":"B", "ts":"2322208240", "pid":"1", "tid":"fv3"},
{"name":"fcst_run_phase_2", "ph":"E", "ts":"2322603555", "pid":"1", "tid":"fv3"},
{"name":"ModelAdvance_phase2", "ph":"E", "ts":"2322603636", "pid":"1", "tid":"ufsatm"},
{"name":"ModelAdvance", "ph":"E", "ts":"2322603642", "pid":"1", "tid":"ufsatm"},
{"name":"med_phases_post_atm", "ph":"B", "ts":"2322604749", "pid":"1", "tid":"cmeps"},
{"name":"med_phases_history_write_comp", "ph":"B", "ts":"2322615592", "pid":"1", "tid":"cmeps"},
{"name":"med_phases_history_write_comp", "ph":"E", "ts":"2322615646", "pid":"1", "tid":"cmeps"},
{"name":"med_phases_post_atm", "ph":"E", "ts":"2322615651", "pid":"1", "tid":"cmeps"},
{"name":"med_phases_post_ice", "ph":"B", "ts":"2322630288", "pid":"1", "tid":"cmeps"},
{"name":"med_phases_history_write_comp", "ph":"B", "ts":"2322636435", "pid":"1", "tid":"cmeps"},
{"name":"med_phases_history_write_comp", "ph":"E", "ts":"2322636468", "pid":"1", "tid":"cmeps"},
{"name":"med_phases_post_ice", "ph":"E", "ts":"2322636473", "pid":"1", "tid":"cmeps"},
{"name":"med_phases_ocnalb_run", "ph":"B", "ts":"2322636782", "pid":"1", "tid":"cmeps"},
{"name":"med_phases_history_write_med", "ph":"B", "ts":"2322637435", "pid":"1", "tid":"cmeps"},
{"name":"med_phases_history_write_med", "ph":"E", "ts":"2322637449", "pid":"1", "tid":"cmeps"},
{"name":"med_phases_ocnalb_run", "ph":"E", "ts":"2322637454", "pid":"1", "tid":"cmeps"},
{"name":"med_phases_prep_ocn_accum", "ph":"B", "ts":"2322637576", "pid":"1", "tid":"cmeps"},
{"name":"med_phases_prep_ocn_accum", "ph":"E", "ts":"2322640189", "pid":"1", "tid":"cmeps"},
{"name":"med_phases_post_ocn", "ph":"B", "ts":"2322641422", "pid":"1", "tid":"cmeps"},
{"name":"med_phases_history_write_comp", "ph":"B", "ts":"2322642126", "pid":"1", "tid":"cmeps"},
{"name":"med_phases_history_write_comp", "ph":"E", "ts":"2322642143", "pid":"1", "tid":"cmeps"},
{"name":"med_phases_post_ocn", "ph":"E", "ts":"2322642148", "pid":"1", "tid":"cmeps"},
{"name":"med_phases_restart_write", "ph":"B", "ts":"2322642260", "pid":"1", "tid":"cmeps"},
{"name":"med_phases_restart_write", "ph":"E", "ts":"2322642284", "pid":"1", "tid":"cmeps"},
{"name":"med_phases_prep_ocn_avg", "ph":"B", "ts":"2322642365", "pid":"1", "tid":"cmeps"},
{"name":"med_phases_prep_ocn_avg", "ph":"E", "ts":"2322642924", "pid":"1", "tid":"cmeps"},
{"name":"med_phases_prep_atm", "ph":"B", "ts":"2322643448", "pid":"1", "tid":"cmeps"},
{"name":"med_phases_prep_atm", "ph":"E", "ts":"2322655697", "pid":"1", "tid":"cmeps"},
{"name":"med_phases_prep_ice", "ph":"B", "ts":"2322656035", "pid":"1", "tid":"cmeps"},
{"name":"med_phases_prep_ice", "ph":"E", "ts":"2322657538", "pid":"1", "tid":"cmeps"},
{"name":"ModelAdvance", "ph":"B", "ts":"2322661643", "pid":"1", "tid":"ufsatm"},
{"name":"ModelAdvance_phase1", "ph":"B", "ts":"2322661657", "pid":"1", "tid":"ufsatm"},
{"name":"fcst_run_phase_1", "ph":"B", "ts":"2322661757", "pid":"1", "tid":"fv3"},
{"name":"fcst_run_phase_1", "ph":"E", "ts":"2324035946", "pid":"1", "tid":"fv3"},
{"name":"ModelAdvance_phase1", "ph":"E", "ts":"2324036020", "pid":"1", "tid":"ufsatm"},
{"name":"ModelAdvance_phase2", "ph":"B", "ts":"2324036026", "pid":"1", "tid":"ufsatm"},
{"name":"fcst_run_phase_2", "ph":"B", "ts":"2324036055", "pid":"1", "tid":"fv3"},
{"name":"fcst_run_phase_2", "ph":"E", "ts":"2324437266", "pid":"1", "tid":"fv3"},
{"name":"ModelAdvance_phase2", "ph":"E", "ts":"2324437338", "pid":"1", "tid":"ufsatm"},
{"name":"ModelAdvance", "ph":"E", "ts":"2324437343", "pid":"1", "tid":"ufsatm"},
{"name":"med_phases_post_atm", "ph":"B", "ts":"2324438312", "pid":"1", "tid":"cmeps"},
{"name":"med_phases_history_write_comp", "ph":"B", "ts":"2324448925", "pid":"1", "tid":"cmeps"},
{"name":"med_phases_history_write_comp", "ph":"E", "ts":"2324449014", "pid":"1", "tid":"cmeps"},
{"name":"med_phases_post_atm", "ph":"E", "ts":"2324449021", "pid":"1", "tid":"cmeps"},
{"name":"med_phases_post_ice", "ph":"B", "ts":"2324452266", "pid":"1", "tid":"cmeps"},
{"name":"med_phases_history_write_comp", "ph":"B", "ts":"2324465622", "pid":"1", "tid":"cmeps"},
{"name":"med_phases_history_write_comp", "ph":"E", "ts":"2324465659", "pid":"1", "tid":"cmeps"},
{"name":"med_phases_post_ice", "ph":"E", "ts":"2324465663", "pid":"1", "tid":"cmeps"},
{"name":"med_phases_ocnalb_run", "ph":"B", "ts":"2324465853", "pid":"1", "tid":"cmeps"},
{"name":"med_phases_history_write_med", "ph":"B", "ts":"2324466470", "pid":"1", "tid":"cmeps"},
{"name":"med_phases_history_write_med", "ph":"E", "ts":"2324466482", "pid":"1", "tid":"cmeps"},
{"name":"med_phases_ocnalb_run", "ph":"E", "ts":"2324466488", "pid":"1", "tid":"cmeps"},
{"name":"med_phases_prep_ocn_accum", "ph":"B", "ts":"2324466613", "pid":"1", "tid":"cmeps"},
{"name":"med_phases_prep_ocn_accum", "ph":"E", "ts":"2324469227", "pid":"1", "tid":"cmeps"},
{"name":"med_phases_prep_atm", "ph":"B", "ts":"2324469373", "pid":"1", "tid":"cmeps"},
{"name":"med_phases_prep_atm", "ph":"E", "ts":"2324474928", "pid":"1", "tid":"cmeps"},
{"name":"med_phases_prep_ice", "ph":"B", "ts":"2324475231", "pid":"1", "tid":"cmeps"},
{"name":"med_phases_prep_ice", "ph":"E", "ts":"2324476796", "pid":"1", "tid":"cmeps"},
{"name":"ModelAdvance", "ph":"B", "ts":"2324481266", "pid":"1", "tid":"ufsatm"},
{"name":"ModelAdvance_phase1", "ph":"B", "ts":"2324481287", "pid":"1", "tid":"ufsatm"},
{"name":"fcst_run_phase_1", "ph":"B", "ts":"2324481465", "pid":"1", "tid":"fv3"},
{"name":"fcst_run_phase_1", "ph":"E", "ts":"2325845828", "pid":"1", "tid":"fv3"},
{"name":"ModelAdvance_phase1", "ph":"E", "ts":"2325845898", "pid":"1", "tid":"ufsatm"},
{"name":"ModelAdvance_phase2", "ph":"B", "ts":"2325845905", "pid":"1", "tid":"ufsatm"},
{"name":"fcst_run_phase_2", "ph":"B", "ts":"2325845932", "pid":"1", "tid":"fv3"},
{"name":"fcst_run_phase_2", "ph":"E", "ts":"2326251995", "pid":"1", "tid":"fv3"},
{"name":"ModelAdvance_phase2", "ph":"E", "ts":"2326252061", "pid":"1", "tid":"ufsatm"},
{"name":"ModelAdvance", "ph":"E", "ts":"2326252068", "pid":"1", "tid":"ufsatm"},
{"name":"med_phases_post_atm", "ph":"B", "ts":"2326253047", "pid":"1", "tid":"cmeps"},
{"name":"med_phases_history_write_comp", "ph":"B", "ts":"2326263477", "pid":"1", "tid":"cmeps"},
{"name":"med_phases_history_write_comp", "ph":"E", "ts":"2326263549", "pid":"1", "tid":"cmeps"},
{"name":"med_phases_post_atm", "ph":"E", "ts":"2326263554", "pid":"1", "tid":"cmeps"},
{"name":"med_phases_post_ice", "ph":"B", "ts":"2326267345", "pid":"1", "tid":"cmeps"},
{"name":"med_phases_history_write_comp", "ph":"B", "ts":"2326280525", "pid":"1", "tid":"cmeps"},
{"name":"med_phases_history_write_comp", "ph":"E", "ts":"2326280588", "pid":"1", "tid":"cmeps"},
{"name":"med_phases_post_ice", "ph":"E", "ts":"2326280594", "pid":"1", "tid":"cmeps"},
{"name":"med_phases_ocnalb_run", "ph":"B", "ts":"2326280905", "pid":"1", "tid":"cmeps"},
{"name":"med_phases_history_write_med", "ph":"B", "ts":"2326281578", "pid":"1", "tid":"cmeps"},
{"name":"med_phases_history_write_med", "ph":"E", "ts":"2326281586", "pid":"1", "tid":"cmeps"},
{"name":"med_phases_ocnalb_run", "ph":"E", "ts":"2326281591", "pid":"1", "tid":"cmeps"},
{"name":"med_phases_prep_ocn_accum", "ph":"B", "ts":"2326281711", "pid":"1", "tid":"cmeps"},
{"name":"med_phases_prep_ocn_accum", "ph":"E", "ts":"2326284304", "pid":"1", "tid":"cmeps"},
{"name":"med_phases_prep_atm", "ph":"B", "ts":"2326284433", "pid":"1", "tid":"cmeps"},
{"name":"med_phases_prep_atm", "ph":"E", "ts":"2326290172", "pid":"1", "tid":"cmeps"},
{"name":"med_phases_prep_ice", "ph":"B", "ts":"2326290481", "pid":"1", "tid":"cmeps"},
{"name":"med_phases_prep_ice", "ph":"E", "ts":"2326291960", "pid":"1", "tid":"cmeps"},
{"name":"ModelAdvance", "ph":"B", "ts":"2326296656", "pid":"1", "tid":"ufsatm"},
{"name":"ModelAdvance_phase1", "ph":"B", "ts":"2326296670", "pid":"1", "tid":"ufsatm"},
{"name":"fcst_run_phase_1", "ph":"B", "ts":"2326296799", "pid":"1", "tid":"fv3"},
{"name":"fcst_run_phase_1", "ph":"E", "ts":"2327659014", "pid":"1", "tid":"fv3"},
{"name":"ModelAdvance_phase1", "ph":"E", "ts":"2327659086", "pid":"1", "tid":"ufsatm"},
{"name":"ModelAdvance_phase2", "ph":"B", "ts":"2327659092", "pid":"1", "tid":"ufsatm"},
{"name":"fcst_run_phase_2", "ph":"B", "ts":"2327659122", "pid":"1", "tid":"fv3"},
{"name":"fcst_run_phase_2", "ph":"E", "ts":"2328072218", "pid":"1", "tid":"fv3"},
{"name":"ModelAdvance_phase2", "ph":"E", "ts":"2328072292", "pid":"1", "tid":"ufsatm"},
{"name":"ModelAdvance", "ph":"E", "ts":"2328072298", "pid":"1", "tid":"ufsatm"},
{"name":"med_phases_post_atm", "ph":"B", "ts":"2328073555", "pid":"1", "tid":"cmeps"},
{"name":"med_phases_history_write_comp", "ph":"B", "ts":"2328083963", "pid":"1", "tid":"cmeps"},
{"name":"med_phases_history_write_comp", "ph":"E", "ts":"2328084036", "pid":"1", "tid":"cmeps"},
{"name":"med_phases_post_atm", "ph":"E", "ts":"2328084043", "pid":"1", "tid":"cmeps"},
{"name":"med_phases_post_ice", "ph":"B", "ts":"2328089305", "pid":"1", "tid":"cmeps"},
{"name":"med_phases_history_write_comp", "ph":"B", "ts":"2328104620", "pid":"1", "tid":"cmeps"},
{"name":"med_phases_history_write_comp", "ph":"E", "ts":"2328104668", "pid":"1", "tid":"cmeps"},
{"name":"med_phases_post_ice", "ph":"E", "ts":"2328104673", "pid":"1", "tid":"cmeps"},
{"name":"med_phases_ocnalb_run", "ph":"B", "ts":"2328104952", "pid":"1", "tid":"cmeps"},
{"name":"med_phases_history_write_med", "ph":"B", "ts":"2328105554", "pid":"1", "tid":"cmeps"},
{"name":"med_phases_history_write_med", "ph":"E", "ts":"2328105565", "pid":"1", "tid":"cmeps"},
{"name":"med_phases_ocnalb_run", "ph":"E", "ts":"2328105570", "pid":"1", "tid":"cmeps"},
{"name":"med_phases_prep_ocn_accum", "ph":"B", "ts":"2328105689", "pid":"1", "tid":"cmeps"},
{"name":"med_phases_prep_ocn_accum", "ph":"E", "ts":"2328108348", "pid":"1", "tid":"cmeps"},
{"name":"med_phases_post_ocn", "ph":"B", "ts":"2328109483", "pid":"1", "tid":"cmeps"},
{"name":"med_phases_history_write_comp", "ph":"B", "ts":"2328110331", "pid":"1", "tid":"cmeps"},
{"name":"med_phases_history_write_comp", "ph":"E", "ts":"2328110345", "pid":"1", "tid":"cmeps"},
{"name":"med_phases_post_ocn", "ph":"E", "ts":"2328110350", "pid":"1", "tid":"cmeps"},
{"name":"med_phases_restart_write", "ph":"B", "ts":"2328110458", "pid":"1", "tid":"cmeps"},
{"name":"med_phases_restart_write", "ph":"E", "ts":"2328110482", "pid":"1", "tid":"cmeps"},
{"name":"med_phases_prep_ocn_avg", "ph":"B", "ts":"2328110563", "pid":"1", "tid":"cmeps"},
{"name":"med_phases_prep_ocn_avg", "ph":"E", "ts":"2328111104", "pid":"1", "tid":"cmeps"},
{"name":"med_phases_prep_atm", "ph":"B", "ts":"2328111573", "pid":"1", "tid":"cmeps"},
{"name":"med_phases_prep_atm", "ph":"E", "ts":"2328123928", "pid":"1", "tid":"cmeps"},
{"name":"med_phases_prep_ice", "ph":"B", "ts":"2328124307", "pid":"1", "tid":"cmeps"},
{"name":"med_phases_prep_ice", "ph":"E", "ts":"2328125682", "pid":"1", "tid":"cmeps"},
{"name":"ModelAdvance", "ph":"B", "ts":"2328130336", "pid":"1", "tid":"ufsatm"},
{"name":"ModelAdvance_phase1", "ph":"B", "ts":"2328130356", "pid":"1", "tid":"ufsatm"},
{"name":"fcst_run_phase_1", "ph":"B", "ts":"2328130473", "pid":"1", "tid":"fv3"},
{"name":"fcst_run_phase_1", "ph":"E", "ts":"2332679074", "pid":"1", "tid":"fv3"},
{"name":"ModelAdvance_phase1", "ph":"E", "ts":"2332679145", "pid":"1", "tid":"ufsatm"},
{"name":"ModelAdvance_phase2", "ph":"B", "ts":"2332679151", "pid":"1", "tid":"ufsatm"},
{"name":"fcst_run_phase_2", "ph":"B", "ts":"2332679178", "pid":"1", "tid":"fv3"},
{"name":"fcst_run_phase_2", "ph":"E", "ts":"2333339389", "pid":"1", "tid":"fv3"},
{"name":"ModelAdvance_phase2", "ph":"E", "ts":"2333339475", "pid":"1", "tid":"ufsatm"},
{"name":"ModelAdvance", "ph":"E", "ts":"2333339481", "pid":"1", "tid":"ufsatm"},
{"name":"med_phases_post_atm", "ph":"B", "ts":"2333340553", "pid":"1", "tid":"cmeps"},
{"name":"med_phases_history_write_comp", "ph":"B", "ts":"2333350967", "pid":"1", "tid":"cmeps"},
{"name":"med_phases_history_write_comp", "ph":"E", "ts":"2333351119", "pid":"1", "tid":"cmeps"},
{"name":"med_phases_post_atm", "ph":"E", "ts":"2333351126", "pid":"1", "tid":"cmeps"},
{"name":"med_phases_post_ice", "ph":"B", "ts":"2333354964", "pid":"1", "tid":"cmeps"},
{"name":"med_phases_history_write_comp", "ph":"B", "ts":"2333367676", "pid":"1", "tid":"cmeps"},
{"name":"med_phases_history_write_comp", "ph":"E", "ts":"2333367737", "pid":"1", "tid":"cmeps"},
{"name":"med_phases_post_ice", "ph":"E", "ts":"2333367743", "pid":"1", "tid":"cmeps"},
{"name":"med_phases_ocnalb_run", "ph":"B", "ts":"2333367994", "pid":"1", "tid":"cmeps"},
{"name":"med_phases_history_write_med", "ph":"B", "ts":"2333368576", "pid":"1", "tid":"cmeps"},
{"name":"med_phases_history_write_med", "ph":"E", "ts":"2333368587", "pid":"1", "tid":"cmeps"},
{"name":"med_phases_ocnalb_run", "ph":"E", "ts":"2333368592", "pid":"1", "tid":"cmeps"},
{"name":"med_phases_prep_ocn_accum", "ph":"B", "ts":"2333368701", "pid":"1", "tid":"cmeps"},
{"name":"med_phases_prep_ocn_accum", "ph":"E", "ts":"2333371424", "pid":"1", "tid":"cmeps"},
{"name":"med_phases_prep_atm", "ph":"B", "ts":"2333371567", "pid":"1", "tid":"cmeps"},
{"name":"med_phases_prep_atm", "ph":"E", "ts":"2333377271", "pid":"1", "tid":"cmeps"},
{"name":"med_phases_prep_ice", "ph":"B", "ts":"2333377666", "pid":"1", "tid":"cmeps"},
{"name":"med_phases_prep_ice", "ph":"E", "ts":"2333379162", "pid":"1", "tid":"cmeps"},
{"name":"ModelAdvance", "ph":"B", "ts":"2333383245", "pid":"1", "tid":"ufsatm"},
{"name":"ModelAdvance_phase1", "ph":"B", "ts":"2333383257", "pid":"1", "tid":"ufsatm"},
{"name":"fcst_run_phase_1", "ph":"B", "ts":"2333383292", "pid":"1", "tid":"fv3"},
{"name":"fcst_run_phase_1", "ph":"E", "ts":"2334740587", "pid":"1", "tid":"fv3"},
{"name":"ModelAdvance_phase1", "ph":"E", "ts":"2334740653", "pid":"1", "tid":"ufsatm"},
{"name":"ModelAdvance_phase2", "ph":"B", "ts":"2334740659", "pid":"1", "tid":"ufsatm"},
{"name":"fcst_run_phase_2", "ph":"B", "ts":"2334740687", "pid":"1", "tid":"fv3"},
{"name":"fcst_run_phase_2", "ph":"E", "ts":"2335167837", "pid":"1", "tid":"fv3"},
{"name":"ModelAdvance_phase2", "ph":"E", "ts":"2335168012", "pid":"1", "tid":"ufsatm"},
{"name":"ModelAdvance", "ph":"E", "ts":"2335168018", "pid":"1", "tid":"ufsatm"},
{"name":"med_phases_post_atm", "ph":"B", "ts":"2335168989", "pid":"1", "tid":"cmeps"},
{"name":"med_phases_history_write_comp", "ph":"B", "ts":"2335179481", "pid":"1", "tid":"cmeps"},
{"name":"med_phases_history_write_comp", "ph":"E", "ts":"2335179550", "pid":"1", "tid":"cmeps"},
{"name":"med_phases_post_atm", "ph":"E", "ts":"2335179556", "pid":"1", "tid":"cmeps"},
{"name":"med_phases_post_ice", "ph":"B", "ts":"2335185773", "pid":"1", "tid":"cmeps"},
{"name":"med_phases_history_write_comp", "ph":"B", "ts":"2335200260", "pid":"1", "tid":"cmeps"},
{"name":"med_phases_history_write_comp", "ph":"E", "ts":"2335200303", "pid":"1", "tid":"cmeps"},
{"name":"med_phases_post_ice", "ph":"E", "ts":"2335200309", "pid":"1", "tid":"cmeps"},
{"name":"med_phases_ocnalb_run", "ph":"B", "ts":"2335200469", "pid":"1", "tid":"cmeps"},
{"name":"med_phases_history_write_med", "ph":"B", "ts":"2335201169", "pid":"1", "tid":"cmeps"},
{"name":"med_phases_history_write_med", "ph":"E", "ts":"2335201197", "pid":"1", "tid":"cmeps"},
{"name":"med_phases_ocnalb_run", "ph":"E", "ts":"2335201202", "pid":"1", "tid":"cmeps"},
{"name":"med_phases_prep_ocn_accum", "ph":"B", "ts":"2335201424", "pid":"1", "tid":"cmeps"},
{"name":"med_phases_prep_ocn_accum", "ph":"E", "ts":"2335203744", "pid":"1", "tid":"cmeps"},
{"name":"med_phases_prep_atm", "ph":"B", "ts":"2335203870", "pid":"1", "tid":"cmeps"},
{"name":"med_phases_prep_atm", "ph":"E", "ts":"2335209406", "pid":"1", "tid":"cmeps"},
{"name":"med_phases_prep_ice", "ph":"B", "ts":"2335209877", "pid":"1", "tid":"cmeps"},
{"name":"med_phases_prep_ice", "ph":"E", "ts":"2335211333", "pid":"1", "tid":"cmeps"},
{"name":"ModelAdvance", "ph":"B", "ts":"2335215410", "pid":"1", "tid":"ufsatm"},
{"name":"ModelAdvance_phase1", "ph":"B", "ts":"2335215423", "pid":"1", "tid":"ufsatm"},
{"name":"fcst_run_phase_1", "ph":"B", "ts":"2335215459", "pid":"1", "tid":"fv3"},
{"name":"fcst_run_phase_1", "ph":"E", "ts":"2336579078", "pid":"1", "tid":"fv3"},
{"name":"ModelAdvance_phase1", "ph":"E", "ts":"2336579154", "pid":"1", "tid":"ufsatm"},
{"name":"ModelAdvance_phase2", "ph":"B", "ts":"2336579161", "pid":"1", "tid":"ufsatm"},
{"name":"fcst_run_phase_2", "ph":"B", "ts":"2336579190", "pid":"1", "tid":"fv3"},
{"name":"fcst_run_phase_2", "ph":"E", "ts":"2337002487", "pid":"1", "tid":"fv3"},
{"name":"ModelAdvance_phase2", "ph":"E", "ts":"2337002779", "pid":"1", "tid":"ufsatm"},
{"name":"ModelAdvance", "ph":"E", "ts":"2337002800", "pid":"1", "tid":"ufsatm"},
{"name":"med_phases_post_atm", "ph":"B", "ts":"2337004342", "pid":"1", "tid":"cmeps"},
{"name":"med_phases_history_write_comp", "ph":"B", "ts":"2337015054", "pid":"1", "tid":"cmeps"},
{"name":"med_phases_history_write_comp", "ph":"E", "ts":"2337015125", "pid":"1", "tid":"cmeps"},
{"name":"med_phases_post_atm", "ph":"E", "ts":"2337015132", "pid":"1", "tid":"cmeps"},
{"name":"med_phases_post_ice", "ph":"B", "ts":"2337019622", "pid":"1", "tid":"cmeps"},
{"name":"med_phases_history_write_comp", "ph":"B", "ts":"2337035375", "pid":"1", "tid":"cmeps"},
{"name":"med_phases_history_write_comp", "ph":"E", "ts":"2337035421", "pid":"1", "tid":"cmeps"},
{"name":"med_phases_post_ice", "ph":"E", "ts":"2337035427", "pid":"1", "tid":"cmeps"},
{"name":"med_phases_ocnalb_run", "ph":"B", "ts":"2337035727", "pid":"1", "tid":"cmeps"},
{"name":"med_phases_history_write_med", "ph":"B", "ts":"2337036411", "pid":"1", "tid":"cmeps"},
{"name":"med_phases_history_write_med", "ph":"E", "ts":"2337036420", "pid":"1", "tid":"cmeps"},
{"name":"med_phases_ocnalb_run", "ph":"E", "ts":"2337036425", "pid":"1", "tid":"cmeps"},
{"name":"med_phases_prep_ocn_accum", "ph":"B", "ts":"2337036542", "pid":"1", "tid":"cmeps"},
{"name":"med_phases_prep_ocn_accum", "ph":"E", "ts":"2337039279", "pid":"1", "tid":"cmeps"},
{"name":"med_phases_post_ocn", "ph":"B", "ts":"2337040488", "pid":"1", "tid":"cmeps"},
{"name":"med_phases_history_write_comp", "ph":"B", "ts":"2337041211", "pid":"1", "tid":"cmeps"},
{"name":"med_phases_history_write_comp", "ph":"E", "ts":"2337041224", "pid":"1", "tid":"cmeps"},
{"name":"med_phases_post_ocn", "ph":"E", "ts":"2337041229", "pid":"1", "tid":"cmeps"},
{"name":"med_phases_restart_write", "ph":"B", "ts":"2337041341", "pid":"1", "tid":"cmeps"},
{"name":"med_phases_restart_write", "ph":"E", "ts":"2337041365", "pid":"1", "tid":"cmeps"},
{"name":"med_phases_prep_ocn_avg", "ph":"B", "ts":"2337041445", "pid":"1", "tid":"cmeps"},
{"name":"med_phases_prep_ocn_avg", "ph":"E", "ts":"2337042001", "pid":"1", "tid":"cmeps"},
{"name":"med_phases_prep_atm", "ph":"B", "ts":"2337042478", "pid":"1", "tid":"cmeps"},
{"name":"med_phases_prep_atm", "ph":"E", "ts":"2337054469", "pid":"1", "tid":"cmeps"},
{"name":"med_phases_prep_ice", "ph":"B", "ts":"2337054899", "pid":"1", "tid":"cmeps"},
{"name":"med_phases_prep_ice", "ph":"E", "ts":"2337056376", "pid":"1", "tid":"cmeps"},
{"name":"ModelAdvance", "ph":"B", "ts":"2337060529", "pid":"1", "tid":"ufsatm"},
{"name":"ModelAdvance_phase1", "ph":"B", "ts":"2337060543", "pid":"1", "tid":"ufsatm"},
{"name":"fcst_run_phase_1", "ph":"B", "ts":"2337060594", "pid":"1", "tid":"fv3"},
{"name":"fcst_run_phase_1", "ph":"E", "ts":"2338439081", "pid":"1", "tid":"fv3"},
{"name":"ModelAdvance_phase1", "ph":"E", "ts":"2338439152", "pid":"1", "tid":"ufsatm"},
{"name":"ModelAdvance_phase2", "ph":"B", "ts":"2338439158", "pid":"1", "tid":"ufsatm"},
{"name":"fcst_run_phase_2", "ph":"B", "ts":"2338439186", "pid":"1", "tid":"fv3"},
{"name":"fcst_run_phase_2", "ph":"E", "ts":"2338870164", "pid":"1", "tid":"fv3"},
{"name":"ModelAdvance_phase2", "ph":"E", "ts":"2338870405", "pid":"1", "tid":"ufsatm"},
{"name":"ModelAdvance", "ph":"E", "ts":"2338870421", "pid":"1", "tid":"ufsatm"},
{"name":"med_phases_post_atm", "ph":"B", "ts":"2338871437", "pid":"1", "tid":"cmeps"},
{"name":"med_phases_history_write_comp", "ph":"B", "ts":"2338881866", "pid":"1", "tid":"cmeps"},
{"name":"med_phases_history_write_comp", "ph":"E", "ts":"2338881938", "pid":"1", "tid":"cmeps"},
{"name":"med_phases_post_atm", "ph":"E", "ts":"2338881943", "pid":"1", "tid":"cmeps"},
{"name":"med_phases_post_ice", "ph":"B", "ts":"2338885357", "pid":"1", "tid":"cmeps"},
{"name":"med_phases_history_write_comp", "ph":"B", "ts":"2338898673", "pid":"1", "tid":"cmeps"},
{"name":"med_phases_history_write_comp", "ph":"E", "ts":"2338898719", "pid":"1", "tid":"cmeps"},
{"name":"med_phases_post_ice", "ph":"E", "ts":"2338898724", "pid":"1", "tid":"cmeps"},
{"name":"med_phases_ocnalb_run", "ph":"B", "ts":"2338899025", "pid":"1", "tid":"cmeps"},
{"name":"med_phases_history_write_med", "ph":"B", "ts":"2338899614", "pid":"1", "tid":"cmeps"},
{"name":"med_phases_history_write_med", "ph":"E", "ts":"2338899625", "pid":"1", "tid":"cmeps"},
{"name":"med_phases_ocnalb_run", "ph":"E", "ts":"2338899630", "pid":"1", "tid":"cmeps"},
{"name":"med_phases_prep_ocn_accum", "ph":"B", "ts":"2338899751", "pid":"1", "tid":"cmeps"},
{"name":"med_phases_prep_ocn_accum", "ph":"E", "ts":"2338902437", "pid":"1", "tid":"cmeps"},
{"name":"med_phases_prep_atm", "ph":"B", "ts":"2338902571", "pid":"1", "tid":"cmeps"},
{"name":"med_phases_prep_atm", "ph":"E", "ts":"2338908085", "pid":"1", "tid":"cmeps"},
{"name":"med_phases_prep_ice", "ph":"B", "ts":"2338908436", "pid":"1", "tid":"cmeps"},
{"name":"med_phases_prep_ice", "ph":"E", "ts":"2338910024", "pid":"1", "tid":"cmeps"},
{"name":"ModelAdvance", "ph":"B", "ts":"2338914190", "pid":"1", "tid":"ufsatm"},
{"name":"ModelAdvance_phase1", "ph":"B", "ts":"2338914207", "pid":"1", "tid":"ufsatm"},
{"name":"fcst_run_phase_1", "ph":"B", "ts":"2338914248", "pid":"1", "tid":"fv3"},
{"name":"fcst_run_phase_1", "ph":"E", "ts":"2340275170", "pid":"1", "tid":"fv3"},
{"name":"ModelAdvance_phase1", "ph":"E", "ts":"2340275246", "pid":"1", "tid":"ufsatm"},
{"name":"ModelAdvance_phase2", "ph":"B", "ts":"2340275252", "pid":"1", "tid":"ufsatm"},
{"name":"fcst_run_phase_2", "ph":"B", "ts":"2340275282", "pid":"1", "tid":"fv3"},
{"name":"fcst_run_phase_2", "ph":"E", "ts":"2340719508", "pid":"1", "tid":"fv3"},
{"name":"ModelAdvance_phase2", "ph":"E", "ts":"2340719786", "pid":"1", "tid":"ufsatm"},
{"name":"ModelAdvance", "ph":"E", "ts":"2340719797", "pid":"1", "tid":"ufsatm"},
{"name":"med_phases_post_atm", "ph":"B", "ts":"2340720702", "pid":"1", "tid":"cmeps"},
{"name":"med_phases_history_write_comp", "ph":"B", "ts":"2340731480", "pid":"1", "tid":"cmeps"},
{"name":"med_phases_history_write_comp", "ph":"E", "ts":"2340731546", "pid":"1", "tid":"cmeps"},
{"name":"med_phases_post_atm", "ph":"E", "ts":"2340731552", "pid":"1", "tid":"cmeps"},
{"name":"med_phases_post_ice", "ph":"B", "ts":"2340736202", "pid":"1", "tid":"cmeps"},
{"name":"med_phases_history_write_comp", "ph":"B", "ts":"2340748476", "pid":"1", "tid":"cmeps"},
{"name":"med_phases_history_write_comp", "ph":"E", "ts":"2340748516", "pid":"1", "tid":"cmeps"},
{"name":"med_phases_post_ice", "ph":"E", "ts":"2340748521", "pid":"1", "tid":"cmeps"},
{"name":"med_phases_ocnalb_run", "ph":"B", "ts":"2340748675", "pid":"1", "tid":"cmeps"},
{"name":"med_phases_history_write_med", "ph":"B", "ts":"2340749404", "pid":"1", "tid":"cmeps"},
{"name":"med_phases_history_write_med", "ph":"E", "ts":"2340749442", "pid":"1", "tid":"cmeps"},
{"name":"med_phases_ocnalb_run", "ph":"E", "ts":"2340749450", "pid":"1", "tid":"cmeps"},
{"name":"med_phases_prep_ocn_accum", "ph":"B", "ts":"2340749679", "pid":"1", "tid":"cmeps"},
{"name":"med_phases_prep_ocn_accum", "ph":"E", "ts":"2340751985", "pid":"1", "tid":"cmeps"},
{"name":"med_phases_prep_atm", "ph":"B", "ts":"2340752108", "pid":"1", "tid":"cmeps"},
{"name":"med_phases_prep_atm", "ph":"E", "ts":"2340757664", "pid":"1", "tid":"cmeps"},
{"name":"med_phases_prep_ice", "ph":"B", "ts":"2340757944", "pid":"1", "tid":"cmeps"},
{"name":"med_phases_prep_ice", "ph":"E", "ts":"2340759545", "pid":"1", "tid":"cmeps"},
{"name":"ModelAdvance", "ph":"B", "ts":"2340763650", "pid":"1", "tid":"ufsatm"},
{"name":"ModelAdvance_phase1", "ph":"B", "ts":"2340763668", "pid":"1", "tid":"ufsatm"},
{"name":"fcst_run_phase_1", "ph":"B", "ts":"2340763724", "pid":"1", "tid":"fv3"},
{"name":"fcst_run_phase_1", "ph":"E", "ts":"2342132053", "pid":"1", "tid":"fv3"},
{"name":"ModelAdvance_phase1", "ph":"E", "ts":"2342132124", "pid":"1", "tid":"ufsatm"},
{"name":"ModelAdvance_phase2", "ph":"B", "ts":"2342132131", "pid":"1", "tid":"ufsatm"},
{"name":"fcst_run_phase_2", "ph":"B", "ts":"2342132158", "pid":"1", "tid":"fv3"},
{"name":"fcst_run_phase_2", "ph":"E", "ts":"2342594890", "pid":"1", "tid":"fv3"},
{"name":"ModelAdvance_phase2", "ph":"E", "ts":"2342690692", "pid":"1", "tid":"ufsatm"},
{"name":"ModelAdvance", "ph":"E", "ts":"2342690713", "pid":"1", "tid":"ufsatm"},
{"name":"med_phases_post_atm", "ph":"B", "ts":"2342692600", "pid":"1", "tid":"cmeps"},
{"name":"med_phases_history_write_comp", "ph":"B", "ts":"2342703828", "pid":"1", "tid":"cmeps"},
{"name":"med_phases_history_write_comp", "ph":"E", "ts":"2342703877", "pid":"1", "tid":"cmeps"},
{"name":"med_phases_post_atm", "ph":"E", "ts":"2342703882", "pid":"1", "tid":"cmeps"},
{"name":"med_phases_post_ice", "ph":"B", "ts":"2343470384", "pid":"1", "tid":"cmeps"},
{"name":"med_phases_history_write_comp", "ph":"B", "ts":"2343474595", "pid":"1", "tid":"cmeps"},
{"name":"med_phases_history_write_comp", "ph":"E", "ts":"2343474637", "pid":"1", "tid":"cmeps"},
{"name":"med_phases_post_ice", "ph":"E", "ts":"2343474642", "pid":"1", "tid":"cmeps"},
{"name":"med_phases_ocnalb_run", "ph":"B", "ts":"2343474800", "pid":"1", "tid":"cmeps"},
{"name":"med_phases_history_write_med", "ph":"B", "ts":"2343475427", "pid":"1", "tid":"cmeps"},
{"name":"med_phases_history_write_med", "ph":"E", "ts":"2343475438", "pid":"1", "tid":"cmeps"},
{"name":"med_phases_ocnalb_run", "ph":"E", "ts":"2343475443", "pid":"1", "tid":"cmeps"},
{"name":"med_phases_prep_ocn_accum", "ph":"B", "ts":"2343475602", "pid":"1", "tid":"cmeps"},
{"name":"med_phases_prep_ocn_accum", "ph":"E", "ts":"2343478114", "pid":"1", "tid":"cmeps"},
{"name":"med_phases_post_ocn", "ph":"B", "ts":"2343479264", "pid":"1", "tid":"cmeps"},
{"name":"med_phases_history_write_comp", "ph":"B", "ts":"2343479942", "pid":"1", "tid":"cmeps"},
{"name":"med_phases_history_write_comp", "ph":"E", "ts":"2343479956", "pid":"1", "tid":"cmeps"},
{"name":"med_phases_post_ocn", "ph":"E", "ts":"2343479961", "pid":"1", "tid":"cmeps"},
{"name":"med_phases_restart_write", "ph":"B", "ts":"2343480072", "pid":"1", "tid":"cmeps"},
{"name":"med_phases_restart_write", "ph":"E", "ts":"2343480097", "pid":"1", "tid":"cmeps"},
{"name":"med_phases_prep_ocn_avg", "ph":"B", "ts":"2343480179", "pid":"1", "tid":"cmeps"},
{"name":"med_phases_prep_ocn_avg", "ph":"E", "ts":"2343480733", "pid":"1", "tid":"cmeps"},
{"name":"med_phases_prep_atm", "ph":"B", "ts":"2343481315", "pid":"1", "tid":"cmeps"},
{"name":"med_phases_prep_atm", "ph":"E", "ts":"2343493436", "pid":"1", "tid":"cmeps"},
{"name":"med_phases_prep_ice", "ph":"B", "ts":"2343493768", "pid":"1", "tid":"cmeps"},
{"name":"med_phases_prep_ice", "ph":"E", "ts":"2343495358", "pid":"1", "tid":"cmeps"},
{"name":"ModelAdvance", "ph":"B", "ts":"2343499433", "pid":"1", "tid":"ufsatm"},
{"name":"ModelAdvance_phase1", "ph":"B", "ts":"2343499446", "pid":"1", "tid":"ufsatm"},
{"name":"fcst_run_phase_1", "ph":"B", "ts":"2343499479", "pid":"1", "tid":"fv3"},
{"name":"fcst_run_phase_1", "ph":"E", "ts":"2348088418", "pid":"1", "tid":"fv3"},
{"name":"ModelAdvance_phase1", "ph":"E", "ts":"2348088507", "pid":"1", "tid":"ufsatm"},
{"name":"ModelAdvance_phase2", "ph":"B", "ts":"2348088514", "pid":"1", "tid":"ufsatm"},
{"name":"fcst_run_phase_2", "ph":"B", "ts":"2348088542", "pid":"1", "tid":"fv3"},
{"name":"fcst_run_phase_2", "ph":"E", "ts":"2348787452", "pid":"1", "tid":"fv3"},
{"name":"ModelAdvance_phase2", "ph":"E", "ts":"2348787592", "pid":"1", "tid":"ufsatm"},
{"name":"ModelAdvance", "ph":"E", "ts":"2348787597", "pid":"1", "tid":"ufsatm"},
{"name":"med_phases_post_atm", "ph":"B", "ts":"2348792357", "pid":"1", "tid":"cmeps"},
{"name":"med_phases_history_write_comp", "ph":"B", "ts":"2348803451", "pid":"1", "tid":"cmeps"},
{"name":"med_phases_history_write_comp", "ph":"E", "ts":"2348803510", "pid":"1", "tid":"cmeps"},
{"name":"med_phases_post_atm", "ph":"E", "ts":"2348803516", "pid":"1", "tid":"cmeps"},
{"name":"med_phases_post_ice", "ph":"B", "ts":"2348808732", "pid":"1", "tid":"cmeps"},
{"name":"med_phases_history_write_comp", "ph":"B", "ts":"2348820330", "pid":"1", "tid":"cmeps"},
{"name":"med_phases_history_write_comp", "ph":"E", "ts":"2348820372", "pid":"1", "tid":"cmeps"},
{"name":"med_phases_post_ice", "ph":"E", "ts":"2348820377", "pid":"1", "tid":"cmeps"},
{"name":"med_phases_ocnalb_run", "ph":"B", "ts":"2348820535", "pid":"1", "tid":"cmeps"},
{"name":"med_phases_history_write_med", "ph":"B", "ts":"2348821227", "pid":"1", "tid":"cmeps"},
{"name":"med_phases_history_write_med", "ph":"E", "ts":"2348821262", "pid":"1", "tid":"cmeps"},
{"name":"med_phases_ocnalb_run", "ph":"E", "ts":"2348821268", "pid":"1", "tid":"cmeps"},
{"name":"med_phases_prep_ocn_accum", "ph":"B", "ts":"2348821438", "pid":"1", "tid":"cmeps"},
{"name":"med_phases_prep_ocn_accum", "ph":"E", "ts":"2348823715", "pid":"1", "tid":"cmeps"},
{"name":"med_phases_prep_atm", "ph":"B", "ts":"2348823840", "pid":"1", "tid":"cmeps"},
{"name":"med_phases_prep_atm", "ph":"E", "ts":"2348829438", "pid":"1", "tid":"cmeps"},
{"name":"med_phases_prep_ice", "ph":"B", "ts":"2348829768", "pid":"1", "tid":"cmeps"},
{"name":"med_phases_prep_ice", "ph":"E", "ts":"2348831305", "pid":"1", "tid":"cmeps"},
{"name":"ModelAdvance", "ph":"B", "ts":"2348835531", "pid":"1", "tid":"ufsatm"},
{"name":"ModelAdvance_phase1", "ph":"B", "ts":"2348835545", "pid":"1", "tid":"ufsatm"},
{"name":"fcst_run_phase_1", "ph":"B", "ts":"2348835589", "pid":"1", "tid":"fv3"},
{"name":"fcst_run_phase_1", "ph":"E", "ts":"2350223460", "pid":"1", "tid":"fv3"},
{"name":"ModelAdvance_phase1", "ph":"E", "ts":"2350223532", "pid":"1", "tid":"ufsatm"},
{"name":"ModelAdvance_phase2", "ph":"B", "ts":"2350223538", "pid":"1", "tid":"ufsatm"},
{"name":"fcst_run_phase_2", "ph":"B", "ts":"2350223567", "pid":"1", "tid":"fv3"},
{"name":"fcst_run_phase_2", "ph":"E", "ts":"2350642597", "pid":"1", "tid":"fv3"},
{"name":"ModelAdvance_phase2", "ph":"E", "ts":"2350642818", "pid":"1", "tid":"ufsatm"},
{"name":"ModelAdvance", "ph":"E", "ts":"2350642831", "pid":"1", "tid":"ufsatm"},
{"name":"med_phases_post_atm", "ph":"B", "ts":"2350643948", "pid":"1", "tid":"cmeps"},
{"name":"med_phases_history_write_comp", "ph":"B", "ts":"2350654522", "pid":"1", "tid":"cmeps"},
{"name":"med_phases_history_write_comp", "ph":"E", "ts":"2350654597", "pid":"1", "tid":"cmeps"},
{"name":"med_phases_post_atm", "ph":"E", "ts":"2350654603", "pid":"1", "tid":"cmeps"},
{"name":"med_phases_post_ice", "ph":"B", "ts":"2350662016", "pid":"1", "tid":"cmeps"},
{"name":"med_phases_history_write_comp", "ph":"B", "ts":"2350671248", "pid":"1", "tid":"cmeps"},
{"name":"med_phases_history_write_comp", "ph":"E", "ts":"2350671289", "pid":"1", "tid":"cmeps"},
{"name":"med_phases_post_ice", "ph":"E", "ts":"2350671294", "pid":"1", "tid":"cmeps"},
{"name":"med_phases_ocnalb_run", "ph":"B", "ts":"2350671453", "pid":"1", "tid":"cmeps"},
{"name":"med_phases_history_write_med", "ph":"B", "ts":"2350672074", "pid":"1", "tid":"cmeps"},
{"name":"med_phases_history_write_med", "ph":"E", "ts":"2350672108", "pid":"1", "tid":"cmeps"},
{"name":"med_phases_ocnalb_run", "ph":"E", "ts":"2350672119", "pid":"1", "tid":"cmeps"},
{"name":"med_phases_prep_ocn_accum", "ph":"B", "ts":"2350672358", "pid":"1", "tid":"cmeps"},
{"name":"med_phases_prep_ocn_accum", "ph":"E", "ts":"2350674719", "pid":"1", "tid":"cmeps"},
{"name":"med_phases_prep_atm", "ph":"B", "ts":"2350674859", "pid":"1", "tid":"cmeps"},
{"name":"med_phases_prep_atm", "ph":"E", "ts":"2350680453", "pid":"1", "tid":"cmeps"},
{"name":"med_phases_prep_ice", "ph":"B", "ts":"2350680916", "pid":"1", "tid":"cmeps"},
{"name":"med_phases_prep_ice", "ph":"E", "ts":"2350682547", "pid":"1", "tid":"cmeps"},
{"name":"ModelAdvance", "ph":"B", "ts":"2350686582", "pid":"1", "tid":"ufsatm"},
{"name":"ModelAdvance_phase1", "ph":"B", "ts":"2350686598", "pid":"1", "tid":"ufsatm"},
{"name":"fcst_run_phase_1", "ph":"B", "ts":"2350686639", "pid":"1", "tid":"fv3"},
{"name":"fcst_run_phase_1", "ph":"E", "ts":"2352048984", "pid":"1", "tid":"fv3"},
{"name":"ModelAdvance_phase1", "ph":"E", "ts":"2352049059", "pid":"1", "tid":"ufsatm"},
{"name":"ModelAdvance_phase2", "ph":"B", "ts":"2352049065", "pid":"1", "tid":"ufsatm"},
{"name":"fcst_run_phase_2", "ph":"B", "ts":"2352049095", "pid":"1", "tid":"fv3"},
{"name":"fcst_run_phase_2", "ph":"E", "ts":"2352503642", "pid":"1", "tid":"fv3"},
{"name":"ModelAdvance_phase2", "ph":"E", "ts":"2352503722", "pid":"1", "tid":"ufsatm"},
{"name":"ModelAdvance", "ph":"E", "ts":"2352503728", "pid":"1", "tid":"ufsatm"},
{"name":"med_phases_post_atm", "ph":"B", "ts":"2352505201", "pid":"1", "tid":"cmeps"},
{"name":"med_phases_history_write_comp", "ph":"B", "ts":"2352515940", "pid":"1", "tid":"cmeps"},
{"name":"med_phases_history_write_comp", "ph":"E", "ts":"2352516017", "pid":"1", "tid":"cmeps"},
{"name":"med_phases_post_atm", "ph":"E", "ts":"2352516023", "pid":"1", "tid":"cmeps"},
{"name":"med_phases_post_ice", "ph":"B", "ts":"2352519028", "pid":"1", "tid":"cmeps"},
{"name":"med_phases_history_write_comp", "ph":"B", "ts":"2352536751", "pid":"1", "tid":"cmeps"},
{"name":"med_phases_history_write_comp", "ph":"E", "ts":"2352536814", "pid":"1", "tid":"cmeps"},
{"name":"med_phases_post_ice", "ph":"E", "ts":"2352536820", "pid":"1", "tid":"cmeps"},
{"name":"med_phases_ocnalb_run", "ph":"B", "ts":"2352537125", "pid":"1", "tid":"cmeps"},
{"name":"med_phases_history_write_med", "ph":"B", "ts":"2352537737", "pid":"1", "tid":"cmeps"},
{"name":"med_phases_history_write_med", "ph":"E", "ts":"2352537747", "pid":"1", "tid":"cmeps"},
{"name":"med_phases_ocnalb_run", "ph":"E", "ts":"2352537752", "pid":"1", "tid":"cmeps"},
{"name":"med_phases_prep_ocn_accum", "ph":"B", "ts":"2352537880", "pid":"1", "tid":"cmeps"},
{"name":"med_phases_prep_ocn_accum", "ph":"E", "ts":"2352540523", "pid":"1", "tid":"cmeps"},
{"name":"med_phases_post_ocn", "ph":"B", "ts":"2352541716", "pid":"1", "tid":"cmeps"},
{"name":"med_phases_history_write_comp", "ph":"B", "ts":"2352542425", "pid":"1", "tid":"cmeps"},
{"name":"med_phases_history_write_comp", "ph":"E", "ts":"2352542438", "pid":"1", "tid":"cmeps"},
{"name":"med_phases_post_ocn", "ph":"E", "ts":"2352542443", "pid":"1", "tid":"cmeps"},
{"name":"med_phases_restart_write", "ph":"B", "ts":"2352542553", "pid":"1", "tid":"cmeps"},
{"name":"med_phases_restart_write", "ph":"E", "ts":"2352542578", "pid":"1", "tid":"cmeps"},
{"name":"med_phases_prep_ocn_avg", "ph":"B", "ts":"2352542660", "pid":"1", "tid":"cmeps"},
{"name":"med_phases_prep_ocn_avg", "ph":"E", "ts":"2352543228", "pid":"1", "tid":"cmeps"},
{"name":"med_phases_prep_atm", "ph":"B", "ts":"2352543735", "pid":"1", "tid":"cmeps"},
{"name":"med_phases_prep_atm", "ph":"E", "ts":"2352555446", "pid":"1", "tid":"cmeps"},
{"name":"med_phases_prep_ice", "ph":"B", "ts":"2352555841", "pid":"1", "tid":"cmeps"},
{"name":"med_phases_prep_ice", "ph":"E", "ts":"2352557533", "pid":"1", "tid":"cmeps"},
{"name":"ModelAdvance", "ph":"B", "ts":"2352561583", "pid":"1", "tid":"ufsatm"},
{"name":"ModelAdvance_phase1", "ph":"B", "ts":"2352561597", "pid":"1", "tid":"ufsatm"},
{"name":"fcst_run_phase_1", "ph":"B", "ts":"2352561643", "pid":"1", "tid":"fv3"},
{"name":"fcst_run_phase_1", "ph":"E", "ts":"2353934020", "pid":"1", "tid":"fv3"},
{"name":"ModelAdvance_phase1", "ph":"E", "ts":"2353934099", "pid":"1", "tid":"ufsatm"},
{"name":"ModelAdvance_phase2", "ph":"B", "ts":"2353934106", "pid":"1", "tid":"ufsatm"},
{"name":"fcst_run_phase_2", "ph":"B", "ts":"2353934135", "pid":"1", "tid":"fv3"},
{"name":"fcst_run_phase_2", "ph":"E", "ts":"2354390380", "pid":"1", "tid":"fv3"},
{"name":"ModelAdvance_phase2", "ph":"E", "ts":"2354390455", "pid":"1", "tid":"ufsatm"},
{"name":"ModelAdvance", "ph":"E", "ts":"2354390462", "pid":"1", "tid":"ufsatm"},
{"name":"med_phases_post_atm", "ph":"B", "ts":"2354391441", "pid":"1", "tid":"cmeps"},
{"name":"med_phases_history_write_comp", "ph":"B", "ts":"2354401834", "pid":"1", "tid":"cmeps"},
{"name":"med_phases_history_write_comp", "ph":"E", "ts":"2354401898", "pid":"1", "tid":"cmeps"},
{"name":"med_phases_post_atm", "ph":"E", "ts":"2354401904", "pid":"1", "tid":"cmeps"},
{"name":"med_phases_post_ice", "ph":"B", "ts":"2354405916", "pid":"1", "tid":"cmeps"},
{"name":"med_phases_history_write_comp", "ph":"B", "ts":"2354418801", "pid":"1", "tid":"cmeps"},
{"name":"med_phases_history_write_comp", "ph":"E", "ts":"2354418842", "pid":"1", "tid":"cmeps"},
{"name":"med_phases_post_ice", "ph":"E", "ts":"2354418847", "pid":"1", "tid":"cmeps"},
{"name":"med_phases_ocnalb_run", "ph":"B", "ts":"2354419007", "pid":"1", "tid":"cmeps"},
{"name":"med_phases_history_write_med", "ph":"B", "ts":"2354419638", "pid":"1", "tid":"cmeps"},
{"name":"med_phases_history_write_med", "ph":"E", "ts":"2354419650", "pid":"1", "tid":"cmeps"},
{"name":"med_phases_ocnalb_run", "ph":"E", "ts":"2354419654", "pid":"1", "tid":"cmeps"},
{"name":"med_phases_prep_ocn_accum", "ph":"B", "ts":"2354419789", "pid":"1", "tid":"cmeps"},
{"name":"med_phases_prep_ocn_accum", "ph":"E", "ts":"2354422254", "pid":"1", "tid":"cmeps"},
{"name":"med_phases_prep_atm", "ph":"B", "ts":"2354422380", "pid":"1", "tid":"cmeps"},
{"name":"med_phases_prep_atm", "ph":"E", "ts":"2354428008", "pid":"1", "tid":"cmeps"},
{"name":"med_phases_prep_ice", "ph":"B", "ts":"2354428312", "pid":"1", "tid":"cmeps"},
{"name":"med_phases_prep_ice", "ph":"E", "ts":"2354429861", "pid":"1", "tid":"cmeps"},
{"name":"ModelAdvance", "ph":"B", "ts":"2354434059", "pid":"1", "tid":"ufsatm"},
{"name":"ModelAdvance_phase1", "ph":"B", "ts":"2354434073", "pid":"1", "tid":"ufsatm"},
{"name":"fcst_run_phase_1", "ph":"B", "ts":"2354434109", "pid":"1", "tid":"fv3"},
{"name":"fcst_run_phase_1", "ph":"E", "ts":"2355789728", "pid":"1", "tid":"fv3"},
{"name":"ModelAdvance_phase1", "ph":"E", "ts":"2355789799", "pid":"1", "tid":"ufsatm"},
{"name":"ModelAdvance_phase2", "ph":"B", "ts":"2355789806", "pid":"1", "tid":"ufsatm"},
{"name":"fcst_run_phase_2", "ph":"B", "ts":"2355789834", "pid":"1", "tid":"fv3"},
{"name":"fcst_run_phase_2", "ph":"E", "ts":"2356262565", "pid":"1", "tid":"fv3"},
{"name":"ModelAdvance_phase2", "ph":"E", "ts":"2356262637", "pid":"1", "tid":"ufsatm"},
{"name":"ModelAdvance", "ph":"E", "ts":"2356262643", "pid":"1", "tid":"ufsatm"},
{"name":"med_phases_post_atm", "ph":"B", "ts":"2356263694", "pid":"1", "tid":"cmeps"},
{"name":"med_phases_history_write_comp", "ph":"B", "ts":"2356274056", "pid":"1", "tid":"cmeps"},
{"name":"med_phases_history_write_comp", "ph":"E", "ts":"2356274125", "pid":"1", "tid":"cmeps"},
{"name":"med_phases_post_atm", "ph":"E", "ts":"2356274131", "pid":"1", "tid":"cmeps"},
{"name":"med_phases_post_ice", "ph":"B", "ts":"2356276809", "pid":"1", "tid":"cmeps"},
{"name":"med_phases_history_write_comp", "ph":"B", "ts":"2356290682", "pid":"1", "tid":"cmeps"},
{"name":"med_phases_history_write_comp", "ph":"E", "ts":"2356290736", "pid":"1", "tid":"cmeps"},
{"name":"med_phases_post_ice", "ph":"E", "ts":"2356290744", "pid":"1", "tid":"cmeps"},
{"name":"med_phases_ocnalb_run", "ph":"B", "ts":"2356291054", "pid":"1", "tid":"cmeps"},
{"name":"med_phases_history_write_med", "ph":"B", "ts":"2356292161", "pid":"1", "tid":"cmeps"},
{"name":"med_phases_history_write_med", "ph":"E", "ts":"2356292171", "pid":"1", "tid":"cmeps"},
{"name":"med_phases_ocnalb_run", "ph":"E", "ts":"2356292177", "pid":"1", "tid":"cmeps"},
{"name":"med_phases_prep_ocn_accum", "ph":"B", "ts":"2356292307", "pid":"1", "tid":"cmeps"},
{"name":"med_phases_prep_ocn_accum", "ph":"E", "ts":"2356294682", "pid":"1", "tid":"cmeps"},
{"name":"med_phases_prep_atm", "ph":"B", "ts":"2356294817", "pid":"1", "tid":"cmeps"},
{"name":"med_phases_prep_atm", "ph":"E", "ts":"2356300462", "pid":"1", "tid":"cmeps"},
{"name":"med_phases_prep_ice", "ph":"B", "ts":"2356300756", "pid":"1", "tid":"cmeps"},
{"name":"med_phases_prep_ice", "ph":"E", "ts":"2356302363", "pid":"1", "tid":"cmeps"},
{"name":"ModelAdvance", "ph":"B", "ts":"2356306532", "pid":"1", "tid":"ufsatm"},
{"name":"ModelAdvance_phase1", "ph":"B", "ts":"2356306543", "pid":"1", "tid":"ufsatm"},
{"name":"fcst_run_phase_1", "ph":"B", "ts":"2356306599", "pid":"1", "tid":"fv3"},
{"name":"fcst_run_phase_1", "ph":"E", "ts":"2357668366", "pid":"1", "tid":"fv3"},
{"name":"ModelAdvance_phase1", "ph":"E", "ts":"2357668440", "pid":"1", "tid":"ufsatm"},
{"name":"ModelAdvance_phase2", "ph":"B", "ts":"2357668447", "pid":"1", "tid":"ufsatm"},
{"name":"fcst_run_phase_2", "ph":"B", "ts":"2357668476", "pid":"1", "tid":"fv3"},
{"name":"fcst_run_phase_2", "ph":"E", "ts":"2358132626", "pid":"1", "tid":"fv3"},
{"name":"ModelAdvance_phase2", "ph":"E", "ts":"2358132706", "pid":"1", "tid":"ufsatm"},
{"name":"ModelAdvance", "ph":"E", "ts":"2358132713", "pid":"1", "tid":"ufsatm"},
{"name":"med_phases_post_atm", "ph":"B", "ts":"2358133971", "pid":"1", "tid":"cmeps"},
{"name":"med_phases_history_write_comp", "ph":"B", "ts":"2358144952", "pid":"1", "tid":"cmeps"},
{"name":"med_phases_history_write_comp", "ph":"E", "ts":"2358145021", "pid":"1", "tid":"cmeps"},
{"name":"med_phases_post_atm", "ph":"E", "ts":"2358145027", "pid":"1", "tid":"cmeps"},
{"name":"med_phases_post_ice", "ph":"B", "ts":"2358150768", "pid":"1", "tid":"cmeps"},
{"name":"med_phases_history_write_comp", "ph":"B", "ts":"2358165594", "pid":"1", "tid":"cmeps"},
{"name":"med_phases_history_write_comp", "ph":"E", "ts":"2358165633", "pid":"1", "tid":"cmeps"},
{"name":"med_phases_post_ice", "ph":"E", "ts":"2358165638", "pid":"1", "tid":"cmeps"},
{"name":"med_phases_ocnalb_run", "ph":"B", "ts":"2358165950", "pid":"1", "tid":"cmeps"},
{"name":"med_phases_history_write_med", "ph":"B", "ts":"2358166615", "pid":"1", "tid":"cmeps"},
{"name":"med_phases_history_write_med", "ph":"E", "ts":"2358166624", "pid":"1", "tid":"cmeps"},
{"name":"med_phases_ocnalb_run", "ph":"E", "ts":"2358166630", "pid":"1", "tid":"cmeps"},
{"name":"med_phases_prep_ocn_accum", "ph":"B", "ts":"2358166763", "pid":"1", "tid":"cmeps"},
{"name":"med_phases_prep_ocn_accum", "ph":"E", "ts":"2358169406", "pid":"1", "tid":"cmeps"},
{"name":"med_phases_post_ocn", "ph":"B", "ts":"2358170569", "pid":"1", "tid":"cmeps"},
{"name":"med_phases_history_write_comp", "ph":"B", "ts":"2358171347", "pid":"1", "tid":"cmeps"},
{"name":"med_phases_history_write_comp", "ph":"E", "ts":"2358171362", "pid":"1", "tid":"cmeps"},
{"name":"med_phases_post_ocn", "ph":"E", "ts":"2358171367", "pid":"1", "tid":"cmeps"},
{"name":"med_phases_restart_write", "ph":"B", "ts":"2358171475", "pid":"1", "tid":"cmeps"},
{"name":"med_phases_restart_write", "ph":"E", "ts":"2358171499", "pid":"1", "tid":"cmeps"},
{"name":"med_phases_prep_ocn_avg", "ph":"B", "ts":"2358171580", "pid":"1", "tid":"cmeps"},
{"name":"med_phases_prep_ocn_avg", "ph":"E", "ts":"2358172194", "pid":"1", "tid":"cmeps"},
{"name":"med_phases_prep_atm", "ph":"B", "ts":"2358172647", "pid":"1", "tid":"cmeps"},
{"name":"med_phases_prep_atm", "ph":"E", "ts":"2358184754", "pid":"1", "tid":"cmeps"},
{"name":"med_phases_prep_ice", "ph":"B", "ts":"2358185199", "pid":"1", "tid":"cmeps"},
{"name":"med_phases_prep_ice", "ph":"E", "ts":"2358186512", "pid":"1", "tid":"cmeps"},
{"name":"ModelAdvance", "ph":"B", "ts":"2358190612", "pid":"1", "tid":"ufsatm"},
{"name":"ModelAdvance_phase1", "ph":"B", "ts":"2358190625", "pid":"1", "tid":"ufsatm"},
{"name":"fcst_run_phase_1", "ph":"B", "ts":"2358190669", "pid":"1", "tid":"fv3"},
{"name":"fcst_run_phase_1", "ph":"E", "ts":"2362728859", "pid":"1", "tid":"fv3"},
{"name":"ModelAdvance_phase1", "ph":"E", "ts":"2362728928", "pid":"1", "tid":"ufsatm"},
{"name":"ModelAdvance_phase2", "ph":"B", "ts":"2362728934", "pid":"1", "tid":"ufsatm"},
{"name":"fcst_run_phase_2", "ph":"B", "ts":"2362728962", "pid":"1", "tid":"fv3"},
{"name":"fcst_run_phase_2", "ph":"E", "ts":"2363493856", "pid":"1", "tid":"fv3"},
{"name":"ModelAdvance_phase2", "ph":"E", "ts":"2363493924", "pid":"1", "tid":"ufsatm"},
{"name":"ModelAdvance", "ph":"E", "ts":"2363493930", "pid":"1", "tid":"ufsatm"},
{"name":"med_phases_post_atm", "ph":"B", "ts":"2363494921", "pid":"1", "tid":"cmeps"},
{"name":"med_phases_history_write_comp", "ph":"B", "ts":"2363505109", "pid":"1", "tid":"cmeps"},
{"name":"med_phases_history_write_comp", "ph":"E", "ts":"2363505176", "pid":"1", "tid":"cmeps"},
{"name":"med_phases_post_atm", "ph":"E", "ts":"2363505182", "pid":"1", "tid":"cmeps"},
{"name":"med_phases_post_ice", "ph":"B", "ts":"2363508915", "pid":"1", "tid":"cmeps"},
{"name":"med_phases_history_write_comp", "ph":"B", "ts":"2363521999", "pid":"1", "tid":"cmeps"},
{"name":"med_phases_history_write_comp", "ph":"E", "ts":"2363522052", "pid":"1", "tid":"cmeps"},
{"name":"med_phases_post_ice", "ph":"E", "ts":"2363522057", "pid":"1", "tid":"cmeps"},
{"name":"med_phases_ocnalb_run", "ph":"B", "ts":"2363522389", "pid":"1", "tid":"cmeps"},
{"name":"med_phases_history_write_med", "ph":"B", "ts":"2363522958", "pid":"1", "tid":"cmeps"},
{"name":"med_phases_history_write_med", "ph":"E", "ts":"2363522969", "pid":"1", "tid":"cmeps"},
{"name":"med_phases_ocnalb_run", "ph":"E", "ts":"2363522974", "pid":"1", "tid":"cmeps"},
{"name":"med_phases_prep_ocn_accum", "ph":"B", "ts":"2363523092", "pid":"1", "tid":"cmeps"},
{"name":"med_phases_prep_ocn_accum", "ph":"E", "ts":"2363525802", "pid":"1", "tid":"cmeps"},
{"name":"med_phases_prep_atm", "ph":"B", "ts":"2363525946", "pid":"1", "tid":"cmeps"},
{"name":"med_phases_prep_atm", "ph":"E", "ts":"2363531810", "pid":"1", "tid":"cmeps"},
{"name":"med_phases_prep_ice", "ph":"B", "ts":"2363532137", "pid":"1", "tid":"cmeps"},
{"name":"med_phases_prep_ice", "ph":"E", "ts":"2363533587", "pid":"1", "tid":"cmeps"},
{"name":"ModelAdvance", "ph":"B", "ts":"2363537685", "pid":"1", "tid":"ufsatm"},
{"name":"ModelAdvance_phase1", "ph":"B", "ts":"2363537697", "pid":"1", "tid":"ufsatm"},
{"name":"fcst_run_phase_1", "ph":"B", "ts":"2363537741", "pid":"1", "tid":"fv3"},
{"name":"fcst_run_phase_1", "ph":"E", "ts":"2364894257", "pid":"1", "tid":"fv3"},
{"name":"ModelAdvance_phase1", "ph":"E", "ts":"2364894329", "pid":"1", "tid":"ufsatm"},
{"name":"ModelAdvance_phase2", "ph":"B", "ts":"2364894335", "pid":"1", "tid":"ufsatm"},
{"name":"fcst_run_phase_2", "ph":"B", "ts":"2364894365", "pid":"1", "tid":"fv3"},
{"name":"fcst_run_phase_2", "ph":"E", "ts":"2365365437", "pid":"1", "tid":"fv3"},
{"name":"ModelAdvance_phase2", "ph":"E", "ts":"2365365504", "pid":"1", "tid":"ufsatm"},
{"name":"ModelAdvance", "ph":"E", "ts":"2365365510", "pid":"1", "tid":"ufsatm"},
{"name":"med_phases_post_atm", "ph":"B", "ts":"2365366538", "pid":"1", "tid":"cmeps"},
{"name":"med_phases_history_write_comp", "ph":"B", "ts":"2365376806", "pid":"1", "tid":"cmeps"},
{"name":"med_phases_history_write_comp", "ph":"E", "ts":"2365376958", "pid":"1", "tid":"cmeps"},
{"name":"med_phases_post_atm", "ph":"E", "ts":"2365376968", "pid":"1", "tid":"cmeps"},
{"name":"med_phases_post_ice", "ph":"B", "ts":"2365385845", "pid":"1", "tid":"cmeps"},
{"name":"med_phases_history_write_comp", "ph":"B", "ts":"2365397488", "pid":"1", "tid":"cmeps"},
{"name":"med_phases_history_write_comp", "ph":"E", "ts":"2365397523", "pid":"1", "tid":"cmeps"},
{"name":"med_phases_post_ice", "ph":"E", "ts":"2365397529", "pid":"1", "tid":"cmeps"},
{"name":"med_phases_ocnalb_run", "ph":"B", "ts":"2365397732", "pid":"1", "tid":"cmeps"},
{"name":"med_phases_history_write_med", "ph":"B", "ts":"2365398334", "pid":"1", "tid":"cmeps"},
{"name":"med_phases_history_write_med", "ph":"E", "ts":"2365398346", "pid":"1", "tid":"cmeps"},
{"name":"med_phases_ocnalb_run", "ph":"E", "ts":"2365398351", "pid":"1", "tid":"cmeps"},
{"name":"med_phases_prep_ocn_accum", "ph":"B", "ts":"2365398488", "pid":"1", "tid":"cmeps"},
{"name":"med_phases_prep_ocn_accum", "ph":"E", "ts":"2365401021", "pid":"1", "tid":"cmeps"},
{"name":"med_phases_prep_atm", "ph":"B", "ts":"2365401170", "pid":"1", "tid":"cmeps"},
{"name":"med_phases_prep_atm", "ph":"E", "ts":"2365406868", "pid":"1", "tid":"cmeps"},
{"name":"med_phases_prep_ice", "ph":"B", "ts":"2365407233", "pid":"1", "tid":"cmeps"},
{"name":"med_phases_prep_ice", "ph":"E", "ts":"2365408860", "pid":"1", "tid":"cmeps"},
{"name":"ModelAdvance", "ph":"B", "ts":"2365412910", "pid":"1", "tid":"ufsatm"},
{"name":"ModelAdvance_phase1", "ph":"B", "ts":"2365412929", "pid":"1", "tid":"ufsatm"},
{"name":"fcst_run_phase_1", "ph":"B", "ts":"2365413098", "pid":"1", "tid":"fv3"},
{"name":"fcst_run_phase_1", "ph":"E", "ts":"2366761289", "pid":"1", "tid":"fv3"},
{"name":"ModelAdvance_phase1", "ph":"E", "ts":"2366761363", "pid":"1", "tid":"ufsatm"},
{"name":"ModelAdvance_phase2", "ph":"B", "ts":"2366761370", "pid":"1", "tid":"ufsatm"},
{"name":"fcst_run_phase_2", "ph":"B", "ts":"2366761400", "pid":"1", "tid":"fv3"},
{"name":"fcst_run_phase_2", "ph":"E", "ts":"2367243570", "pid":"1", "tid":"fv3"},
{"name":"ModelAdvance_phase2", "ph":"E", "ts":"2367243639", "pid":"1", "tid":"ufsatm"},
{"name":"ModelAdvance", "ph":"E", "ts":"2367243646", "pid":"1", "tid":"ufsatm"},
{"name":"med_phases_post_atm", "ph":"B", "ts":"2367244699", "pid":"1", "tid":"cmeps"},
{"name":"med_phases_history_write_comp", "ph":"B", "ts":"2367255105", "pid":"1", "tid":"cmeps"},
{"name":"med_phases_history_write_comp", "ph":"E", "ts":"2367255163", "pid":"1", "tid":"cmeps"},
{"name":"med_phases_post_atm", "ph":"E", "ts":"2367255168", "pid":"1", "tid":"cmeps"},
{"name":"med_phases_post_ice", "ph":"B", "ts":"2367258462", "pid":"1", "tid":"cmeps"},
{"name":"med_phases_history_write_comp", "ph":"B", "ts":"2367276017", "pid":"1", "tid":"cmeps"},
{"name":"med_phases_history_write_comp", "ph":"E", "ts":"2367276059", "pid":"1", "tid":"cmeps"},
{"name":"med_phases_post_ice", "ph":"E", "ts":"2367276064", "pid":"1", "tid":"cmeps"},
{"name":"med_phases_ocnalb_run", "ph":"B", "ts":"2367276217", "pid":"1", "tid":"cmeps"},
{"name":"med_phases_history_write_med", "ph":"B", "ts":"2367277062", "pid":"1", "tid":"cmeps"},
{"name":"med_phases_history_write_med", "ph":"E", "ts":"2367277079", "pid":"1", "tid":"cmeps"},
{"name":"med_phases_ocnalb_run", "ph":"E", "ts":"2367277084", "pid":"1", "tid":"cmeps"},
{"name":"med_phases_prep_ocn_accum", "ph":"B", "ts":"2367277257", "pid":"1", "tid":"cmeps"},
{"name":"med_phases_prep_ocn_accum", "ph":"E", "ts":"2367279615", "pid":"1", "tid":"cmeps"},
{"name":"med_phases_post_ocn", "ph":"B", "ts":"2367281029", "pid":"1", "tid":"cmeps"},
{"name":"med_phases_history_write_comp", "ph":"B", "ts":"2367281560", "pid":"1", "tid":"cmeps"},
{"name":"med_phases_history_write_comp", "ph":"E", "ts":"2367281572", "pid":"1", "tid":"cmeps"},
{"name":"med_phases_post_ocn", "ph":"E", "ts":"2367281576", "pid":"1", "tid":"cmeps"},
{"name":"med_phases_restart_write", "ph":"B", "ts":"2367281683", "pid":"1", "tid":"cmeps"},
{"name":"med_phases_restart_write", "ph":"E", "ts":"2367281707", "pid":"1", "tid":"cmeps"},
{"name":"med_phases_prep_ocn_avg", "ph":"B", "ts":"2367281787", "pid":"1", "tid":"cmeps"},
{"name":"med_phases_prep_ocn_avg", "ph":"E", "ts":"2367282339", "pid":"1", "tid":"cmeps"},
{"name":"med_phases_prep_atm", "ph":"B", "ts":"2367282885", "pid":"1", "tid":"cmeps"},
{"name":"med_phases_prep_atm", "ph":"E", "ts":"2367295140", "pid":"1", "tid":"cmeps"},
{"name":"med_phases_prep_ice", "ph":"B", "ts":"2367295450", "pid":"1", "tid":"cmeps"},
{"name":"med_phases_prep_ice", "ph":"E", "ts":"2367296837", "pid":"1", "tid":"cmeps"},
{"name":"ModelAdvance", "ph":"B", "ts":"2367300754", "pid":"1", "tid":"ufsatm"},
{"name":"ModelAdvance_phase1", "ph":"B", "ts":"2367300815", "pid":"1", "tid":"ufsatm"},
{"name":"fcst_run_phase_1", "ph":"B", "ts":"2367301024", "pid":"1", "tid":"fv3"},
{"name":"fcst_run_phase_1", "ph":"E", "ts":"2368663159", "pid":"1", "tid":"fv3"},
{"name":"ModelAdvance_phase1", "ph":"E", "ts":"2368663236", "pid":"1", "tid":"ufsatm"},
{"name":"ModelAdvance_phase2", "ph":"B", "ts":"2368663242", "pid":"1", "tid":"ufsatm"},
{"name":"fcst_run_phase_2", "ph":"B", "ts":"2368663272", "pid":"1", "tid":"fv3"},
{"name":"fcst_run_phase_2", "ph":"E", "ts":"2369149210", "pid":"1", "tid":"fv3"},
{"name":"ModelAdvance_phase2", "ph":"E", "ts":"2369149280", "pid":"1", "tid":"ufsatm"},
{"name":"ModelAdvance", "ph":"E", "ts":"2369149286", "pid":"1", "tid":"ufsatm"},
{"name":"med_phases_post_atm", "ph":"B", "ts":"2369150741", "pid":"1", "tid":"cmeps"},
{"name":"med_phases_history_write_comp", "ph":"B", "ts":"2369161058", "pid":"1", "tid":"cmeps"},
{"name":"med_phases_history_write_comp", "ph":"E", "ts":"2369161131", "pid":"1", "tid":"cmeps"},
{"name":"med_phases_post_atm", "ph":"E", "ts":"2369161137", "pid":"1", "tid":"cmeps"},
{"name":"med_phases_post_ice", "ph":"B", "ts":"2369164278", "pid":"1", "tid":"cmeps"},
{"name":"med_phases_history_write_comp", "ph":"B", "ts":"2369177957", "pid":"1", "tid":"cmeps"},
{"name":"med_phases_history_write_comp", "ph":"E", "ts":"2369178004", "pid":"1", "tid":"cmeps"},
{"name":"med_phases_post_ice", "ph":"E", "ts":"2369178009", "pid":"1", "tid":"cmeps"},
{"name":"med_phases_ocnalb_run", "ph":"B", "ts":"2369178289", "pid":"1", "tid":"cmeps"},
{"name":"med_phases_history_write_med", "ph":"B", "ts":"2369179025", "pid":"1", "tid":"cmeps"},
{"name":"med_phases_history_write_med", "ph":"E", "ts":"2369179043", "pid":"1", "tid":"cmeps"},
{"name":"med_phases_ocnalb_run", "ph":"E", "ts":"2369179049", "pid":"1", "tid":"cmeps"},
{"name":"med_phases_prep_ocn_accum", "ph":"B", "ts":"2369179197", "pid":"1", "tid":"cmeps"},
{"name":"med_phases_prep_ocn_accum", "ph":"E", "ts":"2369181691", "pid":"1", "tid":"cmeps"},
{"name":"med_phases_prep_atm", "ph":"B", "ts":"2369181818", "pid":"1", "tid":"cmeps"},
{"name":"med_phases_prep_atm", "ph":"E", "ts":"2369187428", "pid":"1", "tid":"cmeps"},
{"name":"med_phases_prep_ice", "ph":"B", "ts":"2369187714", "pid":"1", "tid":"cmeps"},
{"name":"med_phases_prep_ice", "ph":"E", "ts":"2369189271", "pid":"1", "tid":"cmeps"},
{"name":"ModelAdvance", "ph":"B", "ts":"2369193768", "pid":"1", "tid":"ufsatm"},
{"name":"ModelAdvance_phase1", "ph":"B", "ts":"2369193785", "pid":"1", "tid":"ufsatm"},
{"name":"fcst_run_phase_1", "ph":"B", "ts":"2369193924", "pid":"1", "tid":"fv3"},
{"name":"fcst_run_phase_1", "ph":"E", "ts":"2370548719", "pid":"1", "tid":"fv3"},
{"name":"ModelAdvance_phase1", "ph":"E", "ts":"2370548808", "pid":"1", "tid":"ufsatm"},
{"name":"ModelAdvance_phase2", "ph":"B", "ts":"2370548816", "pid":"1", "tid":"ufsatm"},
{"name":"fcst_run_phase_2", "ph":"B", "ts":"2370548851", "pid":"1", "tid":"fv3"},
{"name":"fcst_run_phase_2", "ph":"E", "ts":"2371034655", "pid":"1", "tid":"fv3"},
{"name":"ModelAdvance_phase2", "ph":"E", "ts":"2371034762", "pid":"1", "tid":"ufsatm"},
{"name":"ModelAdvance", "ph":"E", "ts":"2371034768", "pid":"1", "tid":"ufsatm"},
{"name":"med_phases_post_atm", "ph":"B", "ts":"2371035942", "pid":"1", "tid":"cmeps"},
{"name":"med_phases_history_write_comp", "ph":"B", "ts":"2371047175", "pid":"1", "tid":"cmeps"},
{"name":"med_phases_history_write_comp", "ph":"E", "ts":"2371047307", "pid":"1", "tid":"cmeps"},
{"name":"med_phases_post_atm", "ph":"E", "ts":"2371047315", "pid":"1", "tid":"cmeps"},
{"name":"med_phases_post_ice", "ph":"B", "ts":"2371051315", "pid":"1", "tid":"cmeps"},
{"name":"med_phases_history_write_comp", "ph":"B", "ts":"2371063583", "pid":"1", "tid":"cmeps"},
{"name":"med_phases_history_write_comp", "ph":"E", "ts":"2371063646", "pid":"1", "tid":"cmeps"},
{"name":"med_phases_post_ice", "ph":"E", "ts":"2371063652", "pid":"1", "tid":"cmeps"},
{"name":"med_phases_ocnalb_run", "ph":"B", "ts":"2371063910", "pid":"1", "tid":"cmeps"},
{"name":"med_phases_history_write_med", "ph":"B", "ts":"2371064590", "pid":"1", "tid":"cmeps"},
{"name":"med_phases_history_write_med", "ph":"E", "ts":"2371064602", "pid":"1", "tid":"cmeps"},
{"name":"med_phases_ocnalb_run", "ph":"E", "ts":"2371064608", "pid":"1", "tid":"cmeps"},
{"name":"med_phases_prep_ocn_accum", "ph":"B", "ts":"2371064744", "pid":"1", "tid":"cmeps"},
{"name":"med_phases_prep_ocn_accum", "ph":"E", "ts":"2371067415", "pid":"1", "tid":"cmeps"},
{"name":"med_phases_prep_atm", "ph":"B", "ts":"2371067551", "pid":"1", "tid":"cmeps"},
{"name":"med_phases_prep_atm", "ph":"E", "ts":"2371073196", "pid":"1", "tid":"cmeps"},
{"name":"med_phases_prep_ice", "ph":"B", "ts":"2371073655", "pid":"1", "tid":"cmeps"},
{"name":"med_phases_prep_ice", "ph":"E", "ts":"2371074982", "pid":"1", "tid":"cmeps"},
{"name":"ModelAdvance", "ph":"B", "ts":"2371079292", "pid":"1", "tid":"ufsatm"},
{"name":"ModelAdvance_phase1", "ph":"B", "ts":"2371079310", "pid":"1", "tid":"ufsatm"},
{"name":"fcst_run_phase_1", "ph":"B", "ts":"2371079516", "pid":"1", "tid":"fv3"},
{"name":"fcst_run_phase_1", "ph":"E", "ts":"2372432075", "pid":"1", "tid":"fv3"},
{"name":"ModelAdvance_phase1", "ph":"E", "ts":"2372432142", "pid":"1", "tid":"ufsatm"},
{"name":"ModelAdvance_phase2", "ph":"B", "ts":"2372432148", "pid":"1", "tid":"ufsatm"},
{"name":"fcst_run_phase_2", "ph":"B", "ts":"2372432173", "pid":"1", "tid":"fv3"},
{"name":"fcst_run_phase_2", "ph":"E", "ts":"2372911947", "pid":"1", "tid":"fv3"},
{"name":"ModelAdvance_phase2", "ph":"E", "ts":"2372912038", "pid":"1", "tid":"ufsatm"},
{"name":"ModelAdvance", "ph":"E", "ts":"2372912043", "pid":"1", "tid":"ufsatm"},
{"name":"med_phases_post_atm", "ph":"B", "ts":"2372913219", "pid":"1", "tid":"cmeps"},
{"name":"med_phases_history_write_comp", "ph":"B", "ts":"2372923567", "pid":"1", "tid":"cmeps"},
{"name":"med_phases_history_write_comp", "ph":"E", "ts":"2372923623", "pid":"1", "tid":"cmeps"},
{"name":"med_phases_post_atm", "ph":"E", "ts":"2372923629", "pid":"1", "tid":"cmeps"},
{"name":"med_phases_post_ice", "ph":"B", "ts":"2373773729", "pid":"1", "tid":"cmeps"},
{"name":"med_phases_history_write_comp", "ph":"B", "ts":"2373777543", "pid":"1", "tid":"cmeps"},
{"name":"med_phases_history_write_comp", "ph":"E", "ts":"2373777576", "pid":"1", "tid":"cmeps"},
{"name":"med_phases_post_ice", "ph":"E", "ts":"2373777581", "pid":"1", "tid":"cmeps"},
{"name":"med_phases_ocnalb_run", "ph":"B", "ts":"2373777734", "pid":"1", "tid":"cmeps"},
{"name":"med_phases_history_write_med", "ph":"B", "ts":"2373778354", "pid":"1", "tid":"cmeps"},
{"name":"med_phases_history_write_med", "ph":"E", "ts":"2373778387", "pid":"1", "tid":"cmeps"},
{"name":"med_phases_ocnalb_run", "ph":"E", "ts":"2373778393", "pid":"1", "tid":"cmeps"},
{"name":"med_phases_prep_ocn_accum", "ph":"B", "ts":"2373778644", "pid":"1", "tid":"cmeps"},
{"name":"med_phases_prep_ocn_accum", "ph":"E", "ts":"2373781286", "pid":"1", "tid":"cmeps"},
{"name":"med_phases_post_ocn", "ph":"B", "ts":"2373782629", "pid":"1", "tid":"cmeps"},
{"name":"med_phases_history_write_comp", "ph":"B", "ts":"2373783184", "pid":"1", "tid":"cmeps"},
{"name":"med_phases_history_write_comp", "ph":"E", "ts":"2373783201", "pid":"1", "tid":"cmeps"},
{"name":"med_phases_post_ocn", "ph":"E", "ts":"2373783206", "pid":"1", "tid":"cmeps"},
{"name":"med_phases_restart_write", "ph":"B", "ts":"2373783319", "pid":"1", "tid":"cmeps"},
{"name":"med_phases_restart_write", "ph":"E", "ts":"2373783343", "pid":"1", "tid":"cmeps"},
{"name":"med_phases_prep_ocn_avg", "ph":"B", "ts":"2373783423", "pid":"1", "tid":"cmeps"},
{"name":"med_phases_prep_ocn_avg", "ph":"E", "ts":"2373783983", "pid":"1", "tid":"cmeps"},
{"name":"med_phases_prep_atm", "ph":"B", "ts":"2373784483", "pid":"1", "tid":"cmeps"},
{"name":"med_phases_prep_atm", "ph":"E", "ts":"2373796571", "pid":"1", "tid":"cmeps"},
{"name":"med_phases_prep_ice", "ph":"B", "ts":"2373796990", "pid":"1", "tid":"cmeps"},
{"name":"med_phases_prep_ice", "ph":"E", "ts":"2373798452", "pid":"1", "tid":"cmeps"},
{"name":"ModelAdvance", "ph":"B", "ts":"2373802843", "pid":"1", "tid":"ufsatm"},
{"name":"ModelAdvance_phase1", "ph":"B", "ts":"2373802859", "pid":"1", "tid":"ufsatm"},
{"name":"fcst_run_phase_1", "ph":"B", "ts":"2373803084", "pid":"1", "tid":"fv3"},
{"name":"fcst_run_phase_1", "ph":"E", "ts":"2377660298", "pid":"1", "tid":"fv3"},
{"name":"ModelAdvance_phase1", "ph":"E", "ts":"2377660371", "pid":"1", "tid":"ufsatm"},
{"name":"ModelAdvance_phase2", "ph":"B", "ts":"2377660378", "pid":"1", "tid":"ufsatm"},
{"name":"fcst_run_phase_2", "ph":"B", "ts":"2377660407", "pid":"1", "tid":"fv3"},
{"name":"fcst_run_phase_2", "ph":"E", "ts":"2379117931", "pid":"1", "tid":"fv3"},
{"name":"ModelAdvance_phase2", "ph":"E", "ts":"2379117992", "pid":"1", "tid":"ufsatm"},
{"name":"ModelAdvance", "ph":"E", "ts":"2379117998", "pid":"1", "tid":"ufsatm"},
{"name":"med_phases_post_atm", "ph":"B", "ts":"2379118932", "pid":"1", "tid":"cmeps"},
{"name":"med_phases_history_write_comp", "ph":"B", "ts":"2379129965", "pid":"1", "tid":"cmeps"},
{"name":"med_phases_history_write_comp", "ph":"E", "ts":"2379130014", "pid":"1", "tid":"cmeps"},
{"name":"med_phases_post_atm", "ph":"E", "ts":"2379130019", "pid":"1", "tid":"cmeps"},
{"name":"med_phases_post_ice", "ph":"B", "ts":"2379140622", "pid":"1", "tid":"cmeps"},
{"name":"med_phases_history_write_comp", "ph":"B", "ts":"2379146237", "pid":"1", "tid":"cmeps"},
{"name":"med_phases_history_write_comp", "ph":"E", "ts":"2379146273", "pid":"1", "tid":"cmeps"},
{"name":"med_phases_post_ice", "ph":"E", "ts":"2379146279", "pid":"1", "tid":"cmeps"},
{"name":"med_phases_ocnalb_run", "ph":"B", "ts":"2379146434", "pid":"1", "tid":"cmeps"},
{"name":"med_phases_history_write_med", "ph":"B", "ts":"2379147040", "pid":"1", "tid":"cmeps"},
{"name":"med_phases_history_write_med", "ph":"E", "ts":"2379147067", "pid":"1", "tid":"cmeps"},
{"name":"med_phases_ocnalb_run", "ph":"E", "ts":"2379147074", "pid":"1", "tid":"cmeps"},
{"name":"med_phases_prep_ocn_accum", "ph":"B", "ts":"2379147290", "pid":"1", "tid":"cmeps"},
{"name":"med_phases_prep_ocn_accum", "ph":"E", "ts":"2379149769", "pid":"1", "tid":"cmeps"},
{"name":"med_phases_prep_atm", "ph":"B", "ts":"2379149936", "pid":"1", "tid":"cmeps"},
{"name":"med_phases_prep_atm", "ph":"E", "ts":"2379155419", "pid":"1", "tid":"cmeps"},
{"name":"med_phases_prep_ice", "ph":"B", "ts":"2379155760", "pid":"1", "tid":"cmeps"},
{"name":"med_phases_prep_ice", "ph":"E", "ts":"2379157257", "pid":"1", "tid":"cmeps"},
{"name":"ModelAdvance", "ph":"B", "ts":"2379161373", "pid":"1", "tid":"ufsatm"},
{"name":"ModelAdvance_phase1", "ph":"B", "ts":"2379161391", "pid":"1", "tid":"ufsatm"},
{"name":"fcst_run_phase_1", "ph":"B", "ts":"2379161442", "pid":"1", "tid":"fv3"},
{"name":"fcst_run_phase_1", "ph":"E", "ts":"2380534437", "pid":"1", "tid":"fv3"},
{"name":"ModelAdvance_phase1", "ph":"E", "ts":"2380534505", "pid":"1", "tid":"ufsatm"},
{"name":"ModelAdvance_phase2", "ph":"B", "ts":"2380534511", "pid":"1", "tid":"ufsatm"},
{"name":"fcst_run_phase_2", "ph":"B", "ts":"2380534538", "pid":"1", "tid":"fv3"},
{"name":"fcst_run_phase_2", "ph":"E", "ts":"2380990198", "pid":"1", "tid":"fv3"},
{"name":"ModelAdvance_phase2", "ph":"E", "ts":"2380990378", "pid":"1", "tid":"ufsatm"},
{"name":"ModelAdvance", "ph":"E", "ts":"2380990385", "pid":"1", "tid":"ufsatm"},
{"name":"med_phases_post_atm", "ph":"B", "ts":"2380991428", "pid":"1", "tid":"cmeps"},
{"name":"med_phases_history_write_comp", "ph":"B", "ts":"2381005380", "pid":"1", "tid":"cmeps"},
{"name":"med_phases_history_write_comp", "ph":"E", "ts":"2381005440", "pid":"1", "tid":"cmeps"},
{"name":"med_phases_post_atm", "ph":"E", "ts":"2381005447", "pid":"1", "tid":"cmeps"},
{"name":"med_phases_post_ice", "ph":"B", "ts":"2381014166", "pid":"1", "tid":"cmeps"},
{"name":"med_phases_history_write_comp", "ph":"B", "ts":"2381021878", "pid":"1", "tid":"cmeps"},
{"name":"med_phases_history_write_comp", "ph":"E", "ts":"2381021911", "pid":"1", "tid":"cmeps"},
{"name":"med_phases_post_ice", "ph":"E", "ts":"2381021916", "pid":"1", "tid":"cmeps"},
{"name":"med_phases_ocnalb_run", "ph":"B", "ts":"2381022084", "pid":"1", "tid":"cmeps"},
{"name":"med_phases_history_write_med", "ph":"B", "ts":"2381022683", "pid":"1", "tid":"cmeps"},
{"name":"med_phases_history_write_med", "ph":"E", "ts":"2381022704", "pid":"1", "tid":"cmeps"},
{"name":"med_phases_ocnalb_run", "ph":"E", "ts":"2381022709", "pid":"1", "tid":"cmeps"},
{"name":"med_phases_prep_ocn_accum", "ph":"B", "ts":"2381022938", "pid":"1", "tid":"cmeps"},
{"name":"med_phases_prep_ocn_accum", "ph":"E", "ts":"2381025449", "pid":"1", "tid":"cmeps"},
{"name":"med_phases_prep_atm", "ph":"B", "ts":"2381025587", "pid":"1", "tid":"cmeps"},
{"name":"med_phases_prep_atm", "ph":"E", "ts":"2381031203", "pid":"1", "tid":"cmeps"},
{"name":"med_phases_prep_ice", "ph":"B", "ts":"2381031592", "pid":"1", "tid":"cmeps"},
{"name":"med_phases_prep_ice", "ph":"E", "ts":"2381033046", "pid":"1", "tid":"cmeps"},
{"name":"ModelAdvance", "ph":"B", "ts":"2381037207", "pid":"1", "tid":"ufsatm"},
{"name":"ModelAdvance_phase1", "ph":"B", "ts":"2381037231", "pid":"1", "tid":"ufsatm"},
{"name":"fcst_run_phase_1", "ph":"B", "ts":"2381037307", "pid":"1", "tid":"fv3"},
{"name":"fcst_run_phase_1", "ph":"E", "ts":"2382396034", "pid":"1", "tid":"fv3"},
{"name":"ModelAdvance_phase1", "ph":"E", "ts":"2382396109", "pid":"1", "tid":"ufsatm"},
{"name":"ModelAdvance_phase2", "ph":"B", "ts":"2382396116", "pid":"1", "tid":"ufsatm"},
{"name":"fcst_run_phase_2", "ph":"B", "ts":"2382396148", "pid":"1", "tid":"fv3"},
{"name":"fcst_run_phase_2", "ph":"E", "ts":"2382872344", "pid":"1", "tid":"fv3"},
{"name":"ModelAdvance_phase2", "ph":"E", "ts":"2382872622", "pid":"1", "tid":"ufsatm"},
{"name":"ModelAdvance", "ph":"E", "ts":"2382872637", "pid":"1", "tid":"ufsatm"},
{"name":"med_phases_post_atm", "ph":"B", "ts":"2382874037", "pid":"1", "tid":"cmeps"},
{"name":"med_phases_history_write_comp", "ph":"B", "ts":"2382885129", "pid":"1", "tid":"cmeps"},
{"name":"med_phases_history_write_comp", "ph":"E", "ts":"2382885178", "pid":"1", "tid":"cmeps"},
{"name":"med_phases_post_atm", "ph":"E", "ts":"2382885183", "pid":"1", "tid":"cmeps"},
{"name":"med_phases_post_ice", "ph":"B", "ts":"2382900015", "pid":"1", "tid":"cmeps"},
{"name":"med_phases_history_write_comp", "ph":"B", "ts":"2382905531", "pid":"1", "tid":"cmeps"},
{"name":"med_phases_history_write_comp", "ph":"E", "ts":"2382905566", "pid":"1", "tid":"cmeps"},
{"name":"med_phases_post_ice", "ph":"E", "ts":"2382905572", "pid":"1", "tid":"cmeps"},
{"name":"med_phases_ocnalb_run", "ph":"B", "ts":"2382905733", "pid":"1", "tid":"cmeps"},
{"name":"med_phases_history_write_med", "ph":"B", "ts":"2382906579", "pid":"1", "tid":"cmeps"},
{"name":"med_phases_history_write_med", "ph":"E", "ts":"2382906597", "pid":"1", "tid":"cmeps"},
{"name":"med_phases_ocnalb_run", "ph":"E", "ts":"2382906602", "pid":"1", "tid":"cmeps"},
{"name":"med_phases_prep_ocn_accum", "ph":"B", "ts":"2382906732", "pid":"1", "tid":"cmeps"},
{"name":"med_phases_prep_ocn_accum", "ph":"E", "ts":"2382909194", "pid":"1", "tid":"cmeps"},
{"name":"med_phases_post_ocn", "ph":"B", "ts":"2382910350", "pid":"1", "tid":"cmeps"},
{"name":"med_phases_history_write_comp", "ph":"B", "ts":"2382910960", "pid":"1", "tid":"cmeps"},
{"name":"med_phases_history_write_comp", "ph":"E", "ts":"2382910976", "pid":"1", "tid":"cmeps"},
{"name":"med_phases_post_ocn", "ph":"E", "ts":"2382910981", "pid":"1", "tid":"cmeps"},
{"name":"med_phases_restart_write", "ph":"B", "ts":"2382911088", "pid":"1", "tid":"cmeps"},
{"name":"med_phases_restart_write", "ph":"E", "ts":"2382911109", "pid":"1", "tid":"cmeps"},
{"name":"med_phases_prep_ocn_avg", "ph":"B", "ts":"2382911191", "pid":"1", "tid":"cmeps"},
{"name":"med_phases_prep_ocn_avg", "ph":"E", "ts":"2382911738", "pid":"1", "tid":"cmeps"},
{"name":"med_phases_prep_atm", "ph":"B", "ts":"2382912231", "pid":"1", "tid":"cmeps"},
{"name":"med_phases_prep_atm", "ph":"E", "ts":"2382924674", "pid":"1", "tid":"cmeps"},
{"name":"med_phases_prep_ice", "ph":"B", "ts":"2382925128", "pid":"1", "tid":"cmeps"},
{"name":"med_phases_prep_ice", "ph":"E", "ts":"2382926459", "pid":"1", "tid":"cmeps"},
{"name":"ModelAdvance", "ph":"B", "ts":"2382930548", "pid":"1", "tid":"ufsatm"},
{"name":"ModelAdvance_phase1", "ph":"B", "ts":"2382930565", "pid":"1", "tid":"ufsatm"},
{"name":"fcst_run_phase_1", "ph":"B", "ts":"2382930620", "pid":"1", "tid":"fv3"},
{"name":"fcst_run_phase_1", "ph":"E", "ts":"2384294753", "pid":"1", "tid":"fv3"},
{"name":"ModelAdvance_phase1", "ph":"E", "ts":"2384294811", "pid":"1", "tid":"ufsatm"},
{"name":"ModelAdvance_phase2", "ph":"B", "ts":"2384294817", "pid":"1", "tid":"ufsatm"},
{"name":"fcst_run_phase_2", "ph":"B", "ts":"2384294837", "pid":"1", "tid":"fv3"},
{"name":"fcst_run_phase_2", "ph":"E", "ts":"2384768437", "pid":"1", "tid":"fv3"},
{"name":"ModelAdvance_phase2", "ph":"E", "ts":"2384768924", "pid":"1", "tid":"ufsatm"},
{"name":"ModelAdvance", "ph":"E", "ts":"2384768940", "pid":"1", "tid":"ufsatm"},
{"name":"med_phases_post_atm", "ph":"B", "ts":"2384769944", "pid":"1", "tid":"cmeps"},
{"name":"med_phases_history_write_comp", "ph":"B", "ts":"2384780069", "pid":"1", "tid":"cmeps"},
{"name":"med_phases_history_write_comp", "ph":"E", "ts":"2384780159", "pid":"1", "tid":"cmeps"},
{"name":"med_phases_post_atm", "ph":"E", "ts":"2384780166", "pid":"1", "tid":"cmeps"},
{"name":"med_phases_post_ice", "ph":"B", "ts":"2384782895", "pid":"1", "tid":"cmeps"},
{"name":"med_phases_history_write_comp", "ph":"B", "ts":"2384796977", "pid":"1", "tid":"cmeps"},
{"name":"med_phases_history_write_comp", "ph":"E", "ts":"2384797020", "pid":"1", "tid":"cmeps"},
{"name":"med_phases_post_ice", "ph":"E", "ts":"2384797027", "pid":"1", "tid":"cmeps"},
{"name":"med_phases_ocnalb_run", "ph":"B", "ts":"2384797221", "pid":"1", "tid":"cmeps"},
{"name":"med_phases_history_write_med", "ph":"B", "ts":"2384797824", "pid":"1", "tid":"cmeps"},
{"name":"med_phases_history_write_med", "ph":"E", "ts":"2384797833", "pid":"1", "tid":"cmeps"},
{"name":"med_phases_ocnalb_run", "ph":"E", "ts":"2384797839", "pid":"1", "tid":"cmeps"},
{"name":"med_phases_prep_ocn_accum", "ph":"B", "ts":"2384797970", "pid":"1", "tid":"cmeps"},
{"name":"med_phases_prep_ocn_accum", "ph":"E", "ts":"2384800523", "pid":"1", "tid":"cmeps"},
{"name":"med_phases_prep_atm", "ph":"B", "ts":"2384800655", "pid":"1", "tid":"cmeps"},
{"name":"med_phases_prep_atm", "ph":"E", "ts":"2384806387", "pid":"1", "tid":"cmeps"},
{"name":"med_phases_prep_ice", "ph":"B", "ts":"2384806699", "pid":"1", "tid":"cmeps"},
{"name":"med_phases_prep_ice", "ph":"E", "ts":"2384808287", "pid":"1", "tid":"cmeps"},
{"name":"ModelAdvance", "ph":"B", "ts":"2384812432", "pid":"1", "tid":"ufsatm"},
{"name":"ModelAdvance_phase1", "ph":"B", "ts":"2384812444", "pid":"1", "tid":"ufsatm"},
{"name":"fcst_run_phase_1", "ph":"B", "ts":"2384812480", "pid":"1", "tid":"fv3"},
{"name":"fcst_run_phase_1", "ph":"E", "ts":"2386172010", "pid":"1", "tid":"fv3"},
{"name":"ModelAdvance_phase1", "ph":"E", "ts":"2386172084", "pid":"1", "tid":"ufsatm"},
{"name":"ModelAdvance_phase2", "ph":"B", "ts":"2386172090", "pid":"1", "tid":"ufsatm"},
{"name":"fcst_run_phase_2", "ph":"B", "ts":"2386172121", "pid":"1", "tid":"fv3"},
{"name":"fcst_run_phase_2", "ph":"E", "ts":"2386640099", "pid":"1", "tid":"fv3"},
{"name":"ModelAdvance_phase2", "ph":"E", "ts":"2386640334", "pid":"1", "tid":"ufsatm"},
{"name":"ModelAdvance", "ph":"E", "ts":"2386640348", "pid":"1", "tid":"ufsatm"},
{"name":"med_phases_post_atm", "ph":"B", "ts":"2386641438", "pid":"1", "tid":"cmeps"},
{"name":"med_phases_history_write_comp", "ph":"B", "ts":"2386651975", "pid":"1", "tid":"cmeps"},
{"name":"med_phases_history_write_comp", "ph":"E", "ts":"2386652050", "pid":"1", "tid":"cmeps"},
{"name":"med_phases_post_atm", "ph":"E", "ts":"2386652056", "pid":"1", "tid":"cmeps"},
{"name":"med_phases_post_ice", "ph":"B", "ts":"2386656268", "pid":"1", "tid":"cmeps"},
{"name":"med_phases_history_write_comp", "ph":"B", "ts":"2386668510", "pid":"1", "tid":"cmeps"},
{"name":"med_phases_history_write_comp", "ph":"E", "ts":"2386668578", "pid":"1", "tid":"cmeps"},
{"name":"med_phases_post_ice", "ph":"E", "ts":"2386668584", "pid":"1", "tid":"cmeps"},
{"name":"med_phases_ocnalb_run", "ph":"B", "ts":"2386668938", "pid":"1", "tid":"cmeps"},
{"name":"med_phases_history_write_med", "ph":"B", "ts":"2386669540", "pid":"1", "tid":"cmeps"},
{"name":"med_phases_history_write_med", "ph":"E", "ts":"2386669550", "pid":"1", "tid":"cmeps"},
{"name":"med_phases_ocnalb_run", "ph":"E", "ts":"2386669556", "pid":"1", "tid":"cmeps"},
{"name":"med_phases_prep_ocn_accum", "ph":"B", "ts":"2386669680", "pid":"1", "tid":"cmeps"},
{"name":"med_phases_prep_ocn_accum", "ph":"E", "ts":"2386672308", "pid":"1", "tid":"cmeps"},
{"name":"med_phases_prep_atm", "ph":"B", "ts":"2386672447", "pid":"1", "tid":"cmeps"},
{"name":"med_phases_prep_atm", "ph":"E", "ts":"2386678259", "pid":"1", "tid":"cmeps"},
{"name":"med_phases_prep_ice", "ph":"B", "ts":"2386678543", "pid":"1", "tid":"cmeps"},
{"name":"med_phases_prep_ice", "ph":"E", "ts":"2386679971", "pid":"1", "tid":"cmeps"},
{"name":"ModelAdvance", "ph":"B", "ts":"2386684112", "pid":"1", "tid":"ufsatm"},
{"name":"ModelAdvance_phase1", "ph":"B", "ts":"2386684124", "pid":"1", "tid":"ufsatm"},
{"name":"fcst_run_phase_1", "ph":"B", "ts":"2386684195", "pid":"1", "tid":"fv3"},
{"name":"fcst_run_phase_1", "ph":"E", "ts":"2388042305", "pid":"1", "tid":"fv3"},
{"name":"ModelAdvance_phase1", "ph":"E", "ts":"2388042380", "pid":"1", "tid":"ufsatm"},
{"name":"ModelAdvance_phase2", "ph":"B", "ts":"2388042387", "pid":"1", "tid":"ufsatm"},
{"name":"fcst_run_phase_2", "ph":"B", "ts":"2388042417", "pid":"1", "tid":"fv3"},
{"name":"fcst_run_phase_2", "ph":"E", "ts":"2388503865", "pid":"1", "tid":"fv3"},
{"name":"ModelAdvance_phase2", "ph":"E", "ts":"2388503928", "pid":"1", "tid":"ufsatm"},
{"name":"ModelAdvance", "ph":"E", "ts":"2388503934", "pid":"1", "tid":"ufsatm"},
{"name":"med_phases_post_atm", "ph":"B", "ts":"2388504897", "pid":"1", "tid":"cmeps"},
{"name":"med_phases_history_write_comp", "ph":"B", "ts":"2388515052", "pid":"1", "tid":"cmeps"},
{"name":"med_phases_history_write_comp", "ph":"E", "ts":"2388515114", "pid":"1", "tid":"cmeps"},
{"name":"med_phases_post_atm", "ph":"E", "ts":"2388515120", "pid":"1", "tid":"cmeps"},
{"name":"med_phases_post_ice", "ph":"B", "ts":"2388517988", "pid":"1", "tid":"cmeps"},
{"name":"med_phases_history_write_comp", "ph":"B", "ts":"2388535684", "pid":"1", "tid":"cmeps"},
{"name":"med_phases_history_write_comp", "ph":"E", "ts":"2388535727", "pid":"1", "tid":"cmeps"},
{"name":"med_phases_post_ice", "ph":"E", "ts":"2388535732", "pid":"1", "tid":"cmeps"},
{"name":"med_phases_ocnalb_run", "ph":"B", "ts":"2388535942", "pid":"1", "tid":"cmeps"},
{"name":"med_phases_history_write_med", "ph":"B", "ts":"2388536528", "pid":"1", "tid":"cmeps"},
{"name":"med_phases_history_write_med", "ph":"E", "ts":"2388536538", "pid":"1", "tid":"cmeps"},
{"name":"med_phases_ocnalb_run", "ph":"E", "ts":"2388536544", "pid":"1", "tid":"cmeps"},
{"name":"med_phases_prep_ocn_accum", "ph":"B", "ts":"2388536667", "pid":"1", "tid":"cmeps"},
{"name":"med_phases_prep_ocn_accum", "ph":"E", "ts":"2388539350", "pid":"1", "tid":"cmeps"},
{"name":"med_phases_post_ocn", "ph":"B", "ts":"2388540408", "pid":"1", "tid":"cmeps"},
{"name":"med_phases_history_write_comp", "ph":"B", "ts":"2388541224", "pid":"1", "tid":"cmeps"},
{"name":"med_phases_history_write_comp", "ph":"E", "ts":"2388541239", "pid":"1", "tid":"cmeps"},
{"name":"med_phases_post_ocn", "ph":"E", "ts":"2388541244", "pid":"1", "tid":"cmeps"},
{"name":"med_phases_restart_write", "ph":"B", "ts":"2388541354", "pid":"1", "tid":"cmeps"},
{"name":"med_phases_restart_write", "ph":"E", "ts":"2388541379", "pid":"1", "tid":"cmeps"},
{"name":"med_phases_prep_ocn_avg", "ph":"B", "ts":"2388541459", "pid":"1", "tid":"cmeps"},
{"name":"med_phases_prep_ocn_avg", "ph":"E", "ts":"2388542015", "pid":"1", "tid":"cmeps"},
{"name":"med_phases_prep_atm", "ph":"B", "ts":"2388542532", "pid":"1", "tid":"cmeps"},
{"name":"med_phases_prep_atm", "ph":"E", "ts":"2388554659", "pid":"1", "tid":"cmeps"},
{"name":"med_phases_prep_ice", "ph":"B", "ts":"2388554988", "pid":"1", "tid":"cmeps"},
{"name":"med_phases_prep_ice", "ph":"E", "ts":"2388556483", "pid":"1", "tid":"cmeps"},
{"name":"ModelAdvance", "ph":"B", "ts":"2388560677", "pid":"1", "tid":"ufsatm"},
{"name":"ModelAdvance_phase1", "ph":"B", "ts":"2388560691", "pid":"1", "tid":"ufsatm"},
{"name":"fcst_run_phase_1", "ph":"B", "ts":"2388560736", "pid":"1", "tid":"fv3"},
{"name":"fcst_run_phase_1", "ph":"E", "ts":"2391330727", "pid":"1", "tid":"fv3"},
{"name":"ModelAdvance_phase1", "ph":"E", "ts":"2391330799", "pid":"1", "tid":"ufsatm"},
{"name":"ModelAdvance_phase2", "ph":"B", "ts":"2391330805", "pid":"1", "tid":"ufsatm"},
{"name":"fcst_run_phase_2", "ph":"B", "ts":"2391330834", "pid":"1", "tid":"fv3"},
{"name":"fcst_run_phase_2", "ph":"E", "ts":"2393859988", "pid":"1", "tid":"fv3"},
{"name":"ModelAdvance_phase2", "ph":"E", "ts":"2393860068", "pid":"1", "tid":"ufsatm"},
{"name":"ModelAdvance", "ph":"E", "ts":"2393860075", "pid":"1", "tid":"ufsatm"},
{"name":"med_phases_post_atm", "ph":"B", "ts":"2393861185", "pid":"1", "tid":"cmeps"},
{"name":"med_phases_history_write_comp", "ph":"B", "ts":"2393871201", "pid":"1", "tid":"cmeps"},
{"name":"med_phases_history_write_comp", "ph":"E", "ts":"2393871300", "pid":"1", "tid":"cmeps"},
{"name":"med_phases_post_atm", "ph":"E", "ts":"2393871306", "pid":"1", "tid":"cmeps"},
{"name":"med_phases_post_ice", "ph":"B", "ts":"2393873770", "pid":"1", "tid":"cmeps"},
{"name":"med_phases_history_write_comp", "ph":"B", "ts":"2393888111", "pid":"1", "tid":"cmeps"},
{"name":"med_phases_history_write_comp", "ph":"E", "ts":"2393888155", "pid":"1", "tid":"cmeps"},
{"name":"med_phases_post_ice", "ph":"E", "ts":"2393888161", "pid":"1", "tid":"cmeps"},
{"name":"med_phases_ocnalb_run", "ph":"B", "ts":"2393888414", "pid":"1", "tid":"cmeps"},
{"name":"med_phases_history_write_med", "ph":"B", "ts":"2393889053", "pid":"1", "tid":"cmeps"},
{"name":"med_phases_history_write_med", "ph":"E", "ts":"2393889065", "pid":"1", "tid":"cmeps"},
{"name":"med_phases_ocnalb_run", "ph":"E", "ts":"2393889071", "pid":"1", "tid":"cmeps"},
{"name":"med_phases_prep_ocn_accum", "ph":"B", "ts":"2393889231", "pid":"1", "tid":"cmeps"},
{"name":"med_phases_prep_ocn_accum", "ph":"E", "ts":"2393891830", "pid":"1", "tid":"cmeps"},
{"name":"med_phases_prep_atm", "ph":"B", "ts":"2393891956", "pid":"1", "tid":"cmeps"},
{"name":"med_phases_prep_atm", "ph":"E", "ts":"2393897550", "pid":"1", "tid":"cmeps"},
{"name":"med_phases_prep_ice", "ph":"B", "ts":"2393897837", "pid":"1", "tid":"cmeps"},
{"name":"med_phases_prep_ice", "ph":"E", "ts":"2393899358", "pid":"1", "tid":"cmeps"},
{"name":"ModelAdvance", "ph":"B", "ts":"2393903523", "pid":"1", "tid":"ufsatm"},
{"name":"ModelAdvance_phase1", "ph":"B", "ts":"2393903534", "pid":"1", "tid":"ufsatm"},
{"name":"fcst_run_phase_1", "ph":"B", "ts":"2393903570", "pid":"1", "tid":"fv3"},
{"name":"fcst_run_phase_1", "ph":"E", "ts":"2395263370", "pid":"1", "tid":"fv3"},
{"name":"ModelAdvance_phase1", "ph":"E", "ts":"2395263442", "pid":"1", "tid":"ufsatm"},
{"name":"ModelAdvance_phase2", "ph":"B", "ts":"2395263449", "pid":"1", "tid":"ufsatm"},
{"name":"fcst_run_phase_2", "ph":"B", "ts":"2395263478", "pid":"1", "tid":"fv3"},
{"name":"fcst_run_phase_2", "ph":"E", "ts":"2395711398", "pid":"1", "tid":"fv3"},
{"name":"ModelAdvance_phase2", "ph":"E", "ts":"2395711476", "pid":"1", "tid":"ufsatm"},
{"name":"ModelAdvance", "ph":"E", "ts":"2395711482", "pid":"1", "tid":"ufsatm"},
{"name":"med_phases_post_atm", "ph":"B", "ts":"2395712649", "pid":"1", "tid":"cmeps"},
{"name":"med_phases_history_write_comp", "ph":"B", "ts":"2395722934", "pid":"1", "tid":"cmeps"},
{"name":"med_phases_history_write_comp", "ph":"E", "ts":"2395723049", "pid":"1", "tid":"cmeps"},
{"name":"med_phases_post_atm", "ph":"E", "ts":"2395723055", "pid":"1", "tid":"cmeps"},
{"name":"med_phases_post_ice", "ph":"B", "ts":"2395729139", "pid":"1", "tid":"cmeps"},
{"name":"med_phases_history_write_comp", "ph":"B", "ts":"2395743392", "pid":"1", "tid":"cmeps"},
{"name":"med_phases_history_write_comp", "ph":"E", "ts":"2395743442", "pid":"1", "tid":"cmeps"},
{"name":"med_phases_post_ice", "ph":"E", "ts":"2395743451", "pid":"1", "tid":"cmeps"},
{"name":"med_phases_ocnalb_run", "ph":"B", "ts":"2395743775", "pid":"1", "tid":"cmeps"},
{"name":"med_phases_history_write_med", "ph":"B", "ts":"2395744637", "pid":"1", "tid":"cmeps"},
{"name":"med_phases_history_write_med", "ph":"E", "ts":"2395744651", "pid":"1", "tid":"cmeps"},
{"name":"med_phases_ocnalb_run", "ph":"E", "ts":"2395744656", "pid":"1", "tid":"cmeps"},
{"name":"med_phases_prep_ocn_accum", "ph":"B", "ts":"2395744757", "pid":"1", "tid":"cmeps"},
{"name":"med_phases_prep_ocn_accum", "ph":"E", "ts":"2395747336", "pid":"1", "tid":"cmeps"},
{"name":"med_phases_prep_atm", "ph":"B", "ts":"2395747478", "pid":"1", "tid":"cmeps"},
{"name":"med_phases_prep_atm", "ph":"E", "ts":"2395753107", "pid":"1", "tid":"cmeps"},
{"name":"med_phases_prep_ice", "ph":"B", "ts":"2395753506", "pid":"1", "tid":"cmeps"},
{"name":"med_phases_prep_ice", "ph":"E", "ts":"2395754965", "pid":"1", "tid":"cmeps"},
{"name":"ModelAdvance", "ph":"B", "ts":"2395759167", "pid":"1", "tid":"ufsatm"},
{"name":"ModelAdvance_phase1", "ph":"B", "ts":"2395759185", "pid":"1", "tid":"ufsatm"},
{"name":"fcst_run_phase_1", "ph":"B", "ts":"2395759238", "pid":"1", "tid":"fv3"},
{"name":"fcst_run_phase_1", "ph":"E", "ts":"2397119856", "pid":"1", "tid":"fv3"},
{"name":"ModelAdvance_phase1", "ph":"E", "ts":"2397119929", "pid":"1", "tid":"ufsatm"},
{"name":"ModelAdvance_phase2", "ph":"B", "ts":"2397119935", "pid":"1", "tid":"ufsatm"},
{"name":"fcst_run_phase_2", "ph":"B", "ts":"2397119966", "pid":"1", "tid":"fv3"},
{"name":"fcst_run_phase_2", "ph":"E", "ts":"2397564875", "pid":"1", "tid":"fv3"},
{"name":"ModelAdvance_phase2", "ph":"E", "ts":"2397564959", "pid":"1", "tid":"ufsatm"},
{"name":"ModelAdvance", "ph":"E", "ts":"2397564966", "pid":"1", "tid":"ufsatm"},
{"name":"med_phases_post_atm", "ph":"B", "ts":"2397566019", "pid":"1", "tid":"cmeps"},
{"name":"med_phases_history_write_comp", "ph":"B", "ts":"2397576188", "pid":"1", "tid":"cmeps"},
{"name":"med_phases_history_write_comp", "ph":"E", "ts":"2397576261", "pid":"1", "tid":"cmeps"},
{"name":"med_phases_post_atm", "ph":"E", "ts":"2397576267", "pid":"1", "tid":"cmeps"},
{"name":"med_phases_post_ice", "ph":"B", "ts":"2397579209", "pid":"1", "tid":"cmeps"},
{"name":"med_phases_history_write_comp", "ph":"B", "ts":"2397596244", "pid":"1", "tid":"cmeps"},
{"name":"med_phases_history_write_comp", "ph":"E", "ts":"2397596303", "pid":"1", "tid":"cmeps"},
{"name":"med_phases_post_ice", "ph":"E", "ts":"2397596309", "pid":"1", "tid":"cmeps"},
{"name":"med_phases_ocnalb_run", "ph":"B", "ts":"2397596588", "pid":"1", "tid":"cmeps"},
{"name":"med_phases_history_write_med", "ph":"B", "ts":"2397597290", "pid":"1", "tid":"cmeps"},
{"name":"med_phases_history_write_med", "ph":"E", "ts":"2397597306", "pid":"1", "tid":"cmeps"},
{"name":"med_phases_ocnalb_run", "ph":"E", "ts":"2397597311", "pid":"1", "tid":"cmeps"},
{"name":"med_phases_prep_ocn_accum", "ph":"B", "ts":"2397597432", "pid":"1", "tid":"cmeps"},
{"name":"med_phases_prep_ocn_accum", "ph":"E", "ts":"2397600090", "pid":"1", "tid":"cmeps"},
{"name":"med_phases_post_ocn", "ph":"B", "ts":"2397601239", "pid":"1", "tid":"cmeps"},
{"name":"med_phases_history_write_comp", "ph":"B", "ts":"2397602036", "pid":"1", "tid":"cmeps"},
{"name":"med_phases_history_write_comp", "ph":"E", "ts":"2397602050", "pid":"1", "tid":"cmeps"},
{"name":"med_phases_post_ocn", "ph":"E", "ts":"2397602054", "pid":"1", "tid":"cmeps"},
{"name":"med_phases_restart_write", "ph":"B", "ts":"2397602165", "pid":"1", "tid":"cmeps"},
{"name":"med_phases_restart_write", "ph":"E", "ts":"2397602189", "pid":"1", "tid":"cmeps"},
{"name":"med_phases_prep_ocn_avg", "ph":"B", "ts":"2397602270", "pid":"1", "tid":"cmeps"},
{"name":"med_phases_prep_ocn_avg", "ph":"E", "ts":"2397602908", "pid":"1", "tid":"cmeps"},
{"name":"med_phases_prep_atm", "ph":"B", "ts":"2397603407", "pid":"1", "tid":"cmeps"},
{"name":"med_phases_prep_atm", "ph":"E", "ts":"2397615932", "pid":"1", "tid":"cmeps"},
{"name":"med_phases_prep_ice", "ph":"B", "ts":"2397616302", "pid":"1", "tid":"cmeps"},
{"name":"med_phases_prep_ice", "ph":"E", "ts":"2397617599", "pid":"1", "tid":"cmeps"},
{"name":"ModelAdvance", "ph":"B", "ts":"2397621630", "pid":"1", "tid":"ufsatm"},
{"name":"ModelAdvance_phase1", "ph":"B", "ts":"2397621646", "pid":"1", "tid":"ufsatm"},
{"name":"fcst_run_phase_1", "ph":"B", "ts":"2397621683", "pid":"1", "tid":"fv3"},
{"name":"fcst_run_phase_1", "ph":"E", "ts":"2398997017", "pid":"1", "tid":"fv3"},
{"name":"ModelAdvance_phase1", "ph":"E", "ts":"2398997092", "pid":"1", "tid":"ufsatm"},
{"name":"ModelAdvance_phase2", "ph":"B", "ts":"2398997099", "pid":"1", "tid":"ufsatm"},
{"name":"fcst_run_phase_2", "ph":"B", "ts":"2398997128", "pid":"1", "tid":"fv3"},
{"name":"fcst_run_phase_2", "ph":"E", "ts":"2399442491", "pid":"1", "tid":"fv3"},
{"name":"ModelAdvance_phase2", "ph":"E", "ts":"2399442576", "pid":"1", "tid":"ufsatm"},
{"name":"ModelAdvance", "ph":"E", "ts":"2399442583", "pid":"1", "tid":"ufsatm"},
{"name":"med_phases_post_atm", "ph":"B", "ts":"2399443720", "pid":"1", "tid":"cmeps"},
{"name":"med_phases_history_write_comp", "ph":"B", "ts":"2399454342", "pid":"1", "tid":"cmeps"},
{"name":"med_phases_history_write_comp", "ph":"E", "ts":"2399454412", "pid":"1", "tid":"cmeps"},
{"name":"med_phases_post_atm", "ph":"E", "ts":"2399454418", "pid":"1", "tid":"cmeps"},
{"name":"med_phases_post_ice", "ph":"B", "ts":"2399458718", "pid":"1", "tid":"cmeps"},
{"name":"med_phases_history_write_comp", "ph":"B", "ts":"2399470900", "pid":"1", "tid":"cmeps"},
{"name":"med_phases_history_write_comp", "ph":"E", "ts":"2399470943", "pid":"1", "tid":"cmeps"},
{"name":"med_phases_post_ice", "ph":"E", "ts":"2399470948", "pid":"1", "tid":"cmeps"},
{"name":"med_phases_ocnalb_run", "ph":"B", "ts":"2399471242", "pid":"1", "tid":"cmeps"},
{"name":"med_phases_history_write_med", "ph":"B", "ts":"2399471970", "pid":"1", "tid":"cmeps"},
{"name":"med_phases_history_write_med", "ph":"E", "ts":"2399471981", "pid":"1", "tid":"cmeps"},
{"name":"med_phases_ocnalb_run", "ph":"E", "ts":"2399471986", "pid":"1", "tid":"cmeps"},
{"name":"med_phases_prep_ocn_accum", "ph":"B", "ts":"2399472119", "pid":"1", "tid":"cmeps"},
{"name":"med_phases_prep_ocn_accum", "ph":"E", "ts":"2399474637", "pid":"1", "tid":"cmeps"},
{"name":"med_phases_prep_atm", "ph":"B", "ts":"2399474764", "pid":"1", "tid":"cmeps"},
{"name":"med_phases_prep_atm", "ph":"E", "ts":"2399480573", "pid":"1", "tid":"cmeps"},
{"name":"med_phases_prep_ice", "ph":"B", "ts":"2399480921", "pid":"1", "tid":"cmeps"},
{"name":"med_phases_prep_ice", "ph":"E", "ts":"2399482419", "pid":"1", "tid":"cmeps"},
{"name":"ModelAdvance", "ph":"B", "ts":"2399486466", "pid":"1", "tid":"ufsatm"},
{"name":"ModelAdvance_phase1", "ph":"B", "ts":"2399486487", "pid":"1", "tid":"ufsatm"},
{"name":"fcst_run_phase_1", "ph":"B", "ts":"2399486544", "pid":"1", "tid":"fv3"},
{"name":"fcst_run_phase_1", "ph":"E", "ts":"2400849531", "pid":"1", "tid":"fv3"},
{"name":"ModelAdvance_phase1", "ph":"E", "ts":"2400849613", "pid":"1", "tid":"ufsatm"},
{"name":"ModelAdvance_phase2", "ph":"B", "ts":"2400849620", "pid":"1", "tid":"ufsatm"},
{"name":"fcst_run_phase_2", "ph":"B", "ts":"2400849651", "pid":"1", "tid":"fv3"},
{"name":"fcst_run_phase_2", "ph":"E", "ts":"2401296939", "pid":"1", "tid":"fv3"},
{"name":"ModelAdvance_phase2", "ph":"E", "ts":"2401297024", "pid":"1", "tid":"ufsatm"},
{"name":"ModelAdvance", "ph":"E", "ts":"2401297030", "pid":"1", "tid":"ufsatm"},
{"name":"med_phases_post_atm", "ph":"B", "ts":"2401298101", "pid":"1", "tid":"cmeps"},
{"name":"med_phases_history_write_comp", "ph":"B", "ts":"2401308554", "pid":"1", "tid":"cmeps"},
{"name":"med_phases_history_write_comp", "ph":"E", "ts":"2401308728", "pid":"1", "tid":"cmeps"},
{"name":"med_phases_post_atm", "ph":"E", "ts":"2401308738", "pid":"1", "tid":"cmeps"},
{"name":"med_phases_post_ice", "ph":"B", "ts":"2401313468", "pid":"1", "tid":"cmeps"},
{"name":"med_phases_history_write_comp", "ph":"B", "ts":"2401325253", "pid":"1", "tid":"cmeps"},
{"name":"med_phases_history_write_comp", "ph":"E", "ts":"2401325311", "pid":"1", "tid":"cmeps"},
{"name":"med_phases_post_ice", "ph":"E", "ts":"2401325316", "pid":"1", "tid":"cmeps"},
{"name":"med_phases_ocnalb_run", "ph":"B", "ts":"2401325620", "pid":"1", "tid":"cmeps"},
{"name":"med_phases_history_write_med", "ph":"B", "ts":"2401326224", "pid":"1", "tid":"cmeps"},
{"name":"med_phases_history_write_med", "ph":"E", "ts":"2401326234", "pid":"1", "tid":"cmeps"},
{"name":"med_phases_ocnalb_run", "ph":"E", "ts":"2401326239", "pid":"1", "tid":"cmeps"},
{"name":"med_phases_prep_ocn_accum", "ph":"B", "ts":"2401326353", "pid":"1", "tid":"cmeps"},
{"name":"med_phases_prep_ocn_accum", "ph":"E", "ts":"2401329049", "pid":"1", "tid":"cmeps"},
{"name":"med_phases_prep_atm", "ph":"B", "ts":"2401329222", "pid":"1", "tid":"cmeps"},
{"name":"med_phases_prep_atm", "ph":"E", "ts":"2401334974", "pid":"1", "tid":"cmeps"},
{"name":"med_phases_prep_ice", "ph":"B", "ts":"2401335324", "pid":"1", "tid":"cmeps"},
{"name":"med_phases_prep_ice", "ph":"E", "ts":"2401336850", "pid":"1", "tid":"cmeps"},
{"name":"ModelAdvance", "ph":"B", "ts":"2401340804", "pid":"1", "tid":"ufsatm"},
{"name":"ModelAdvance_phase1", "ph":"B", "ts":"2401340854", "pid":"1", "tid":"ufsatm"},
{"name":"fcst_run_phase_1", "ph":"B", "ts":"2401341030", "pid":"1", "tid":"fv3"},
{"name":"fcst_run_phase_1", "ph":"E", "ts":"2402707564", "pid":"1", "tid":"fv3"},
{"name":"ModelAdvance_phase1", "ph":"E", "ts":"2402707632", "pid":"1", "tid":"ufsatm"},
{"name":"ModelAdvance_phase2", "ph":"B", "ts":"2402707638", "pid":"1", "tid":"ufsatm"},
{"name":"fcst_run_phase_2", "ph":"B", "ts":"2402707666", "pid":"1", "tid":"fv3"},
{"name":"fcst_run_phase_2", "ph":"E", "ts":"2403136895", "pid":"1", "tid":"fv3"},
{"name":"ModelAdvance_phase2", "ph":"E", "ts":"2403136985", "pid":"1", "tid":"ufsatm"},
{"name":"ModelAdvance", "ph":"E", "ts":"2403136992", "pid":"1", "tid":"ufsatm"},
{"name":"med_phases_post_atm", "ph":"B", "ts":"2403138065", "pid":"1", "tid":"cmeps"},
{"name":"med_phases_history_write_comp", "ph":"B", "ts":"2403148335", "pid":"1", "tid":"cmeps"},
{"name":"med_phases_history_write_comp", "ph":"E", "ts":"2403148394", "pid":"1", "tid":"cmeps"},
{"name":"med_phases_post_atm", "ph":"E", "ts":"2403148399", "pid":"1", "tid":"cmeps"},
{"name":"med_phases_post_ice", "ph":"B", "ts":"2404088658", "pid":"1", "tid":"cmeps"},
{"name":"med_phases_history_write_comp", "ph":"B", "ts":"2404094351", "pid":"1", "tid":"cmeps"},
{"name":"med_phases_history_write_comp", "ph":"E", "ts":"2404094385", "pid":"1", "tid":"cmeps"},
{"name":"med_phases_post_ice", "ph":"E", "ts":"2404094391", "pid":"1", "tid":"cmeps"},
{"name":"med_phases_ocnalb_run", "ph":"B", "ts":"2404094549", "pid":"1", "tid":"cmeps"},
{"name":"med_phases_history_write_med", "ph":"B", "ts":"2404095321", "pid":"1", "tid":"cmeps"},
{"name":"med_phases_history_write_med", "ph":"E", "ts":"2404095333", "pid":"1", "tid":"cmeps"},
{"name":"med_phases_ocnalb_run", "ph":"E", "ts":"2404095338", "pid":"1", "tid":"cmeps"},
{"name":"med_phases_prep_ocn_accum", "ph":"B", "ts":"2404095483", "pid":"1", "tid":"cmeps"},
{"name":"med_phases_prep_ocn_accum", "ph":"E", "ts":"2404097956", "pid":"1", "tid":"cmeps"},
{"name":"med_phases_post_ocn", "ph":"B", "ts":"2404099205", "pid":"1", "tid":"cmeps"},
{"name":"med_phases_history_write_comp", "ph":"B", "ts":"2404099917", "pid":"1", "tid":"cmeps"},
{"name":"med_phases_history_write_comp", "ph":"E", "ts":"2404099930", "pid":"1", "tid":"cmeps"},
{"name":"med_phases_post_ocn", "ph":"E", "ts":"2404099935", "pid":"1", "tid":"cmeps"},
{"name":"med_phases_restart_write", "ph":"B", "ts":"2404100043", "pid":"1", "tid":"cmeps"},
{"name":"med_phases_restart_write", "ph":"E", "ts":"2404100069", "pid":"1", "tid":"cmeps"},
{"name":"med_phases_prep_ocn_avg", "ph":"B", "ts":"2404100150", "pid":"1", "tid":"cmeps"},
{"name":"med_phases_prep_ocn_avg", "ph":"E", "ts":"2404100705", "pid":"1", "tid":"cmeps"},
{"name":"med_phases_prep_atm", "ph":"B", "ts":"2404101355", "pid":"1", "tid":"cmeps"},
{"name":"med_phases_prep_atm", "ph":"E", "ts":"2404113750", "pid":"1", "tid":"cmeps"},
{"name":"med_phases_prep_ice", "ph":"B", "ts":"2404114065", "pid":"1", "tid":"cmeps"},
{"name":"med_phases_prep_ice", "ph":"E", "ts":"2404115413", "pid":"1", "tid":"cmeps"},
{"name":"ModelAdvance", "ph":"B", "ts":"2404119404", "pid":"1", "tid":"ufsatm"},
{"name":"ModelAdvance_phase1", "ph":"B", "ts":"2404119444", "pid":"1", "tid":"ufsatm"},
{"name":"fcst_run_phase_1", "ph":"B", "ts":"2404119602", "pid":"1", "tid":"fv3"},
{"name":"fcst_run_phase_1", "ph":"E", "ts":"2406862209", "pid":"1", "tid":"fv3"},
{"name":"ModelAdvance_phase1", "ph":"E", "ts":"2406862284", "pid":"1", "tid":"ufsatm"},
{"name":"ModelAdvance_phase2", "ph":"B", "ts":"2406862290", "pid":"1", "tid":"ufsatm"},
{"name":"fcst_run_phase_2", "ph":"B", "ts":"2406862319", "pid":"1", "tid":"fv3"},
{"name":"fcst_run_phase_2", "ph":"E", "ts":"2409402942", "pid":"1", "tid":"fv3"},
{"name":"ModelAdvance_phase2", "ph":"E", "ts":"2409403015", "pid":"1", "tid":"ufsatm"},
{"name":"ModelAdvance", "ph":"E", "ts":"2409403021", "pid":"1", "tid":"ufsatm"},
{"name":"med_phases_post_atm", "ph":"B", "ts":"2409404208", "pid":"1", "tid":"cmeps"},
{"name":"med_phases_history_write_comp", "ph":"B", "ts":"2409415056", "pid":"1", "tid":"cmeps"},
{"name":"med_phases_history_write_comp", "ph":"E", "ts":"2409415111", "pid":"1", "tid":"cmeps"},
{"name":"med_phases_post_atm", "ph":"E", "ts":"2409415117", "pid":"1", "tid":"cmeps"},
{"name":"med_phases_post_ice", "ph":"B", "ts":"2409419598", "pid":"1", "tid":"cmeps"},
{"name":"med_phases_history_write_comp", "ph":"B", "ts":"2409431955", "pid":"1", "tid":"cmeps"},
{"name":"med_phases_history_write_comp", "ph":"E", "ts":"2409431994", "pid":"1", "tid":"cmeps"},
{"name":"med_phases_post_ice", "ph":"E", "ts":"2409431999", "pid":"1", "tid":"cmeps"},
{"name":"med_phases_ocnalb_run", "ph":"B", "ts":"2409432164", "pid":"1", "tid":"cmeps"},
{"name":"med_phases_history_write_med", "ph":"B", "ts":"2409432820", "pid":"1", "tid":"cmeps"},
{"name":"med_phases_history_write_med", "ph":"E", "ts":"2409432833", "pid":"1", "tid":"cmeps"},
{"name":"med_phases_ocnalb_run", "ph":"E", "ts":"2409432839", "pid":"1", "tid":"cmeps"},
{"name":"med_phases_prep_ocn_accum", "ph":"B", "ts":"2409433012", "pid":"1", "tid":"cmeps"},
{"name":"med_phases_prep_ocn_accum", "ph":"E", "ts":"2409435469", "pid":"1", "tid":"cmeps"},
{"name":"med_phases_prep_atm", "ph":"B", "ts":"2409435596", "pid":"1", "tid":"cmeps"},
{"name":"med_phases_prep_atm", "ph":"E", "ts":"2409441258", "pid":"1", "tid":"cmeps"},
{"name":"med_phases_prep_ice", "ph":"B", "ts":"2409441547", "pid":"1", "tid":"cmeps"},
{"name":"med_phases_prep_ice", "ph":"E", "ts":"2409443121", "pid":"1", "tid":"cmeps"},
{"name":"ModelAdvance", "ph":"B", "ts":"2409447089", "pid":"1", "tid":"ufsatm"},
{"name":"ModelAdvance_phase1", "ph":"B", "ts":"2409447101", "pid":"1", "tid":"ufsatm"},
{"name":"fcst_run_phase_1", "ph":"B", "ts":"2409447202", "pid":"1", "tid":"fv3"},
{"name":"fcst_run_phase_1", "ph":"E", "ts":"2410828977", "pid":"1", "tid":"fv3"},
{"name":"ModelAdvance_phase1", "ph":"E", "ts":"2410829037", "pid":"1", "tid":"ufsatm"},
{"name":"ModelAdvance_phase2", "ph":"B", "ts":"2410829044", "pid":"1", "tid":"ufsatm"},
{"name":"fcst_run_phase_2", "ph":"B", "ts":"2410829070", "pid":"1", "tid":"fv3"},
{"name":"fcst_run_phase_2", "ph":"E", "ts":"2411233474", "pid":"1", "tid":"fv3"},
{"name":"ModelAdvance_phase2", "ph":"E", "ts":"2411233539", "pid":"1", "tid":"ufsatm"},
{"name":"ModelAdvance", "ph":"E", "ts":"2411233545", "pid":"1", "tid":"ufsatm"},
{"name":"med_phases_post_atm", "ph":"B", "ts":"2411236656", "pid":"1", "tid":"cmeps"},
{"name":"med_phases_history_write_comp", "ph":"B", "ts":"2411246562", "pid":"1", "tid":"cmeps"},
{"name":"med_phases_history_write_comp", "ph":"E", "ts":"2411246627", "pid":"1", "tid":"cmeps"},
{"name":"med_phases_post_atm", "ph":"E", "ts":"2411246633", "pid":"1", "tid":"cmeps"},
{"name":"med_phases_post_ice", "ph":"B", "ts":"2411254309", "pid":"1", "tid":"cmeps"},
{"name":"med_phases_history_write_comp", "ph":"B", "ts":"2411263300", "pid":"1", "tid":"cmeps"},
{"name":"med_phases_history_write_comp", "ph":"E", "ts":"2411263340", "pid":"1", "tid":"cmeps"},
{"name":"med_phases_post_ice", "ph":"E", "ts":"2411263345", "pid":"1", "tid":"cmeps"},
{"name":"med_phases_ocnalb_run", "ph":"B", "ts":"2411263509", "pid":"1", "tid":"cmeps"},
{"name":"med_phases_history_write_med", "ph":"B", "ts":"2411264131", "pid":"1", "tid":"cmeps"},
{"name":"med_phases_history_write_med", "ph":"E", "ts":"2411264163", "pid":"1", "tid":"cmeps"},
{"name":"med_phases_ocnalb_run", "ph":"E", "ts":"2411264170", "pid":"1", "tid":"cmeps"},
{"name":"med_phases_prep_ocn_accum", "ph":"B", "ts":"2411264403", "pid":"1", "tid":"cmeps"},
{"name":"med_phases_prep_ocn_accum", "ph":"E", "ts":"2411266899", "pid":"1", "tid":"cmeps"},
{"name":"med_phases_prep_atm", "ph":"B", "ts":"2411267046", "pid":"1", "tid":"cmeps"},
{"name":"med_phases_prep_atm", "ph":"E", "ts":"2411272584", "pid":"1", "tid":"cmeps"},
{"name":"med_phases_prep_ice", "ph":"B", "ts":"2411272951", "pid":"1", "tid":"cmeps"},
{"name":"med_phases_prep_ice", "ph":"E", "ts":"2411274470", "pid":"1", "tid":"cmeps"},
{"name":"ModelAdvance", "ph":"B", "ts":"2411278882", "pid":"1", "tid":"ufsatm"},
{"name":"ModelAdvance_phase1", "ph":"B", "ts":"2411278925", "pid":"1", "tid":"ufsatm"},
{"name":"fcst_run_phase_1", "ph":"B", "ts":"2411279130", "pid":"1", "tid":"fv3"},
{"name":"fcst_run_phase_1", "ph":"E", "ts":"2412663592", "pid":"1", "tid":"fv3"},
{"name":"ModelAdvance_phase1", "ph":"E", "ts":"2412663664", "pid":"1", "tid":"ufsatm"},
{"name":"ModelAdvance_phase2", "ph":"B", "ts":"2412663671", "pid":"1", "tid":"ufsatm"},
{"name":"fcst_run_phase_2", "ph":"B", "ts":"2412663700", "pid":"1", "tid":"fv3"},
{"name":"fcst_run_phase_2", "ph":"E", "ts":"2413079800", "pid":"1", "tid":"fv3"},
{"name":"ModelAdvance_phase2", "ph":"E", "ts":"2413079876", "pid":"1", "tid":"ufsatm"},
{"name":"ModelAdvance", "ph":"E", "ts":"2413079882", "pid":"1", "tid":"ufsatm"},
{"name":"med_phases_post_atm", "ph":"B", "ts":"2413081231", "pid":"1", "tid":"cmeps"},
{"name":"med_phases_history_write_comp", "ph":"B", "ts":"2413092394", "pid":"1", "tid":"cmeps"},
{"name":"med_phases_history_write_comp", "ph":"E", "ts":"2413092449", "pid":"1", "tid":"cmeps"},
{"name":"med_phases_post_atm", "ph":"E", "ts":"2413092455", "pid":"1", "tid":"cmeps"},
{"name":"med_phases_post_ice", "ph":"B", "ts":"2413099047", "pid":"1", "tid":"cmeps"},
{"name":"med_phases_history_write_comp", "ph":"B", "ts":"2413113433", "pid":"1", "tid":"cmeps"},
{"name":"med_phases_history_write_comp", "ph":"E", "ts":"2413113481", "pid":"1", "tid":"cmeps"},
{"name":"med_phases_post_ice", "ph":"E", "ts":"2413113486", "pid":"1", "tid":"cmeps"},
{"name":"med_phases_ocnalb_run", "ph":"B", "ts":"2413113745", "pid":"1", "tid":"cmeps"},
{"name":"med_phases_history_write_med", "ph":"B", "ts":"2413114432", "pid":"1", "tid":"cmeps"},
{"name":"med_phases_history_write_med", "ph":"E", "ts":"2413114446", "pid":"1", "tid":"cmeps"},
{"name":"med_phases_ocnalb_run", "ph":"E", "ts":"2413114451", "pid":"1", "tid":"cmeps"},
{"name":"med_phases_prep_ocn_accum", "ph":"B", "ts":"2413114585", "pid":"1", "tid":"cmeps"},
{"name":"med_phases_prep_ocn_accum", "ph":"E", "ts":"2413117270", "pid":"1", "tid":"cmeps"},
{"name":"med_phases_post_ocn", "ph":"B", "ts":"2413118519", "pid":"1", "tid":"cmeps"},
{"name":"med_phases_history_write_comp", "ph":"B", "ts":"2413119180", "pid":"1", "tid":"cmeps"},
{"name":"med_phases_history_write_comp", "ph":"E", "ts":"2413119192", "pid":"1", "tid":"cmeps"},
{"name":"med_phases_post_ocn", "ph":"E", "ts":"2413119197", "pid":"1", "tid":"cmeps"},
{"name":"med_phases_restart_write", "ph":"B", "ts":"2413119302", "pid":"1", "tid":"cmeps"},
{"name":"med_phases_restart_write", "ph":"E", "ts":"2413119326", "pid":"1", "tid":"cmeps"},
{"name":"med_phases_prep_ocn_avg", "ph":"B", "ts":"2413119407", "pid":"1", "tid":"cmeps"},
{"name":"med_phases_prep_ocn_avg", "ph":"E", "ts":"2413119956", "pid":"1", "tid":"cmeps"},
{"name":"med_phases_prep_atm", "ph":"B", "ts":"2413120464", "pid":"1", "tid":"cmeps"},
{"name":"med_phases_prep_atm", "ph":"E", "ts":"2413132500", "pid":"1", "tid":"cmeps"},
{"name":"med_phases_prep_ice", "ph":"B", "ts":"2413132913", "pid":"1", "tid":"cmeps"},
{"name":"med_phases_prep_ice", "ph":"E", "ts":"2413134325", "pid":"1", "tid":"cmeps"},
{"name":"ModelAdvance", "ph":"B", "ts":"2413138892", "pid":"1", "tid":"ufsatm"},
{"name":"ModelAdvance_phase1", "ph":"B", "ts":"2413138910", "pid":"1", "tid":"ufsatm"},
{"name":"fcst_run_phase_1", "ph":"B", "ts":"2413139084", "pid":"1", "tid":"fv3"},
{"name":"fcst_run_phase_1", "ph":"E", "ts":"2414508724", "pid":"1", "tid":"fv3"},
{"name":"ModelAdvance_phase1", "ph":"E", "ts":"2414508813", "pid":"1", "tid":"ufsatm"},
{"name":"ModelAdvance_phase2", "ph":"B", "ts":"2414508820", "pid":"1", "tid":"ufsatm"},
{"name":"fcst_run_phase_2", "ph":"B", "ts":"2414508853", "pid":"1", "tid":"fv3"},
{"name":"fcst_run_phase_2", "ph":"E", "ts":"2414926272", "pid":"1", "tid":"fv3"},
{"name":"ModelAdvance_phase2", "ph":"E", "ts":"2414926350", "pid":"1", "tid":"ufsatm"},
{"name":"ModelAdvance", "ph":"E", "ts":"2414926356", "pid":"1", "tid":"ufsatm"},
{"name":"med_phases_post_atm", "ph":"B", "ts":"2414927348", "pid":"1", "tid":"cmeps"},
{"name":"med_phases_history_write_comp", "ph":"B", "ts":"2414937678", "pid":"1", "tid":"cmeps"},
{"name":"med_phases_history_write_comp", "ph":"E", "ts":"2414937741", "pid":"1", "tid":"cmeps"},
{"name":"med_phases_post_atm", "ph":"E", "ts":"2414937747", "pid":"1", "tid":"cmeps"},
{"name":"med_phases_post_ice", "ph":"B", "ts":"2414940322", "pid":"1", "tid":"cmeps"},
{"name":"med_phases_history_write_comp", "ph":"B", "ts":"2414954347", "pid":"1", "tid":"cmeps"},
{"name":"med_phases_history_write_comp", "ph":"E", "ts":"2414954398", "pid":"1", "tid":"cmeps"},
{"name":"med_phases_post_ice", "ph":"E", "ts":"2414954404", "pid":"1", "tid":"cmeps"},
{"name":"med_phases_ocnalb_run", "ph":"B", "ts":"2414954712", "pid":"1", "tid":"cmeps"},
{"name":"med_phases_history_write_med", "ph":"B", "ts":"2414955322", "pid":"1", "tid":"cmeps"},
{"name":"med_phases_history_write_med", "ph":"E", "ts":"2414955332", "pid":"1", "tid":"cmeps"},
{"name":"med_phases_ocnalb_run", "ph":"E", "ts":"2414955337", "pid":"1", "tid":"cmeps"},
{"name":"med_phases_prep_ocn_accum", "ph":"B", "ts":"2414955452", "pid":"1", "tid":"cmeps"},
{"name":"med_phases_prep_ocn_accum", "ph":"E", "ts":"2414958072", "pid":"1", "tid":"cmeps"},
{"name":"med_phases_prep_atm", "ph":"B", "ts":"2414958210", "pid":"1", "tid":"cmeps"},
{"name":"med_phases_prep_atm", "ph":"E", "ts":"2414963874", "pid":"1", "tid":"cmeps"},
{"name":"med_phases_prep_ice", "ph":"B", "ts":"2414964183", "pid":"1", "tid":"cmeps"},
{"name":"med_phases_prep_ice", "ph":"E", "ts":"2414965787", "pid":"1", "tid":"cmeps"},
{"name":"ModelAdvance", "ph":"B", "ts":"2414969850", "pid":"1", "tid":"ufsatm"},
{"name":"ModelAdvance_phase1", "ph":"B", "ts":"2414969864", "pid":"1", "tid":"ufsatm"},
{"name":"fcst_run_phase_1", "ph":"B", "ts":"2414969902", "pid":"1", "tid":"fv3"},
{"name":"fcst_run_phase_1", "ph":"E", "ts":"2416326808", "pid":"1", "tid":"fv3"},
{"name":"ModelAdvance_phase1", "ph":"E", "ts":"2416326881", "pid":"1", "tid":"ufsatm"},
{"name":"ModelAdvance_phase2", "ph":"B", "ts":"2416326888", "pid":"1", "tid":"ufsatm"},
{"name":"fcst_run_phase_2", "ph":"B", "ts":"2416326917", "pid":"1", "tid":"fv3"},
{"name":"fcst_run_phase_2", "ph":"E", "ts":"2416750562", "pid":"1", "tid":"fv3"},
{"name":"ModelAdvance_phase2", "ph":"E", "ts":"2416750797", "pid":"1", "tid":"ufsatm"},
{"name":"ModelAdvance", "ph":"E", "ts":"2416750811", "pid":"1", "tid":"ufsatm"},
{"name":"med_phases_post_atm", "ph":"B", "ts":"2416751988", "pid":"1", "tid":"cmeps"},
{"name":"med_phases_history_write_comp", "ph":"B", "ts":"2416762690", "pid":"1", "tid":"cmeps"},
{"name":"med_phases_history_write_comp", "ph":"E", "ts":"2416762748", "pid":"1", "tid":"cmeps"},
{"name":"med_phases_post_atm", "ph":"E", "ts":"2416762753", "pid":"1", "tid":"cmeps"},
{"name":"med_phases_post_ice", "ph":"B", "ts":"2416768689", "pid":"1", "tid":"cmeps"},
{"name":"med_phases_history_write_comp", "ph":"B", "ts":"2416779269", "pid":"1", "tid":"cmeps"},
{"name":"med_phases_history_write_comp", "ph":"E", "ts":"2416779316", "pid":"1", "tid":"cmeps"},
{"name":"med_phases_post_ice", "ph":"E", "ts":"2416779321", "pid":"1", "tid":"cmeps"},
{"name":"med_phases_ocnalb_run", "ph":"B", "ts":"2416779530", "pid":"1", "tid":"cmeps"},
{"name":"med_phases_history_write_med", "ph":"B", "ts":"2416780147", "pid":"1", "tid":"cmeps"},
{"name":"med_phases_history_write_med", "ph":"E", "ts":"2416780154", "pid":"1", "tid":"cmeps"},
{"name":"med_phases_ocnalb_run", "ph":"E", "ts":"2416780159", "pid":"1", "tid":"cmeps"},
{"name":"med_phases_prep_ocn_accum", "ph":"B", "ts":"2416780348", "pid":"1", "tid":"cmeps"},
{"name":"med_phases_prep_ocn_accum", "ph":"E", "ts":"2416783000", "pid":"1", "tid":"cmeps"},
{"name":"med_phases_prep_atm", "ph":"B", "ts":"2416783138", "pid":"1", "tid":"cmeps"},
{"name":"med_phases_prep_atm", "ph":"E", "ts":"2416788816", "pid":"1", "tid":"cmeps"},
{"name":"med_phases_prep_ice", "ph":"B", "ts":"2416789210", "pid":"1", "tid":"cmeps"},
{"name":"med_phases_prep_ice", "ph":"E", "ts":"2416790597", "pid":"1", "tid":"cmeps"},
{"name":"ModelAdvance", "ph":"B", "ts":"2416794678", "pid":"1", "tid":"ufsatm"},
{"name":"ModelAdvance_phase1", "ph":"B", "ts":"2416794691", "pid":"1", "tid":"ufsatm"},
{"name":"fcst_run_phase_1", "ph":"B", "ts":"2416794727", "pid":"1", "tid":"fv3"},
{"name":"fcst_run_phase_1", "ph":"E", "ts":"2418154880", "pid":"1", "tid":"fv3"},
{"name":"ModelAdvance_phase1", "ph":"E", "ts":"2418154957", "pid":"1", "tid":"ufsatm"},
{"name":"ModelAdvance_phase2", "ph":"B", "ts":"2418154963", "pid":"1", "tid":"ufsatm"},
{"name":"fcst_run_phase_2", "ph":"B", "ts":"2418154993", "pid":"1", "tid":"fv3"},
{"name":"fcst_run_phase_2", "ph":"E", "ts":"2418561914", "pid":"1", "tid":"fv3"},
{"name":"ModelAdvance_phase2", "ph":"E", "ts":"2418562199", "pid":"1", "tid":"ufsatm"},
{"name":"ModelAdvance", "ph":"E", "ts":"2418562223", "pid":"1", "tid":"ufsatm"},
{"name":"med_phases_post_atm", "ph":"B", "ts":"2418563343", "pid":"1", "tid":"cmeps"},
{"name":"med_phases_history_write_comp", "ph":"B", "ts":"2418573555", "pid":"1", "tid":"cmeps"},
{"name":"med_phases_history_write_comp", "ph":"E", "ts":"2418573640", "pid":"1", "tid":"cmeps"},
{"name":"med_phases_post_atm", "ph":"E", "ts":"2418573646", "pid":"1", "tid":"cmeps"},
{"name":"med_phases_post_ice", "ph":"B", "ts":"2418576609", "pid":"1", "tid":"cmeps"},
{"name":"med_phases_history_write_comp", "ph":"B", "ts":"2418594540", "pid":"1", "tid":"cmeps"},
{"name":"med_phases_history_write_comp", "ph":"E", "ts":"2418594577", "pid":"1", "tid":"cmeps"},
{"name":"med_phases_post_ice", "ph":"E", "ts":"2418594582", "pid":"1", "tid":"cmeps"},
{"name":"med_phases_ocnalb_run", "ph":"B", "ts":"2418594803", "pid":"1", "tid":"cmeps"},
{"name":"med_phases_history_write_med", "ph":"B", "ts":"2418595402", "pid":"1", "tid":"cmeps"},
{"name":"med_phases_history_write_med", "ph":"E", "ts":"2418595411", "pid":"1", "tid":"cmeps"},
{"name":"med_phases_ocnalb_run", "ph":"E", "ts":"2418595416", "pid":"1", "tid":"cmeps"},
{"name":"med_phases_prep_ocn_accum", "ph":"B", "ts":"2418595542", "pid":"1", "tid":"cmeps"},
{"name":"med_phases_prep_ocn_accum", "ph":"E", "ts":"2418598170", "pid":"1", "tid":"cmeps"},
{"name":"med_phases_post_ocn", "ph":"B", "ts":"2418599246", "pid":"1", "tid":"cmeps"},
{"name":"med_phases_history_write_comp", "ph":"B", "ts":"2418600086", "pid":"1", "tid":"cmeps"},
{"name":"med_phases_history_write_comp", "ph":"E", "ts":"2418600102", "pid":"1", "tid":"cmeps"},
{"name":"med_phases_post_ocn", "ph":"E", "ts":"2418600106", "pid":"1", "tid":"cmeps"},
{"name":"med_phases_restart_write", "ph":"B", "ts":"2418600213", "pid":"1", "tid":"cmeps"},
{"name":"med_phases_restart_write", "ph":"E", "ts":"2418600238", "pid":"1", "tid":"cmeps"},
{"name":"med_phases_prep_ocn_avg", "ph":"B", "ts":"2418600319", "pid":"1", "tid":"cmeps"},
{"name":"med_phases_prep_ocn_avg", "ph":"E", "ts":"2418600913", "pid":"1", "tid":"cmeps"},
{"name":"med_phases_prep_atm", "ph":"B", "ts":"2418601470", "pid":"1", "tid":"cmeps"},
{"name":"med_phases_prep_atm", "ph":"E", "ts":"2418613130", "pid":"1", "tid":"cmeps"},
{"name":"med_phases_prep_ice", "ph":"B", "ts":"2418613534", "pid":"1", "tid":"cmeps"},
{"name":"med_phases_prep_ice", "ph":"E", "ts":"2418615027", "pid":"1", "tid":"cmeps"},
{"name":"ModelAdvance", "ph":"B", "ts":"2418619093", "pid":"1", "tid":"ufsatm"},
{"name":"ModelAdvance_phase1", "ph":"B", "ts":"2418619106", "pid":"1", "tid":"ufsatm"},
{"name":"fcst_run_phase_1", "ph":"B", "ts":"2418619139", "pid":"1", "tid":"fv3"},
{"name":"fcst_run_phase_1", "ph":"E", "ts":"2421377720", "pid":"1", "tid":"fv3"},
{"name":"ModelAdvance_phase1", "ph":"E", "ts":"2421377793", "pid":"1", "tid":"ufsatm"},
{"name":"ModelAdvance_phase2", "ph":"B", "ts":"2421377799", "pid":"1", "tid":"ufsatm"},
{"name":"fcst_run_phase_2", "ph":"B", "ts":"2421377828", "pid":"1", "tid":"fv3"},
{"name":"fcst_run_phase_2", "ph":"E", "ts":"2423691213", "pid":"1", "tid":"fv3"},
{"name":"ModelAdvance_phase2", "ph":"E", "ts":"2423691474", "pid":"1", "tid":"ufsatm"},
{"name":"ModelAdvance", "ph":"E", "ts":"2423691486", "pid":"1", "tid":"ufsatm"},
{"name":"med_phases_post_atm", "ph":"B", "ts":"2423692670", "pid":"1", "tid":"cmeps"},
{"name":"med_phases_history_write_comp", "ph":"B", "ts":"2423703092", "pid":"1", "tid":"cmeps"},
{"name":"med_phases_history_write_comp", "ph":"E", "ts":"2423703185", "pid":"1", "tid":"cmeps"},
{"name":"med_phases_post_atm", "ph":"E", "ts":"2423703191", "pid":"1", "tid":"cmeps"},
{"name":"med_phases_post_ice", "ph":"B", "ts":"2423708147", "pid":"1", "tid":"cmeps"},
{"name":"med_phases_history_write_comp", "ph":"B", "ts":"2423719736", "pid":"1", "tid":"cmeps"},
{"name":"med_phases_history_write_comp", "ph":"E", "ts":"2423719772", "pid":"1", "tid":"cmeps"},
{"name":"med_phases_post_ice", "ph":"E", "ts":"2423719777", "pid":"1", "tid":"cmeps"},
{"name":"med_phases_ocnalb_run", "ph":"B", "ts":"2423719970", "pid":"1", "tid":"cmeps"},
{"name":"med_phases_history_write_med", "ph":"B", "ts":"2423721008", "pid":"1", "tid":"cmeps"},
{"name":"med_phases_history_write_med", "ph":"E", "ts":"2423721023", "pid":"1", "tid":"cmeps"},
{"name":"med_phases_ocnalb_run", "ph":"E", "ts":"2423721028", "pid":"1", "tid":"cmeps"},
{"name":"med_phases_prep_ocn_accum", "ph":"B", "ts":"2423721205", "pid":"1", "tid":"cmeps"},
{"name":"med_phases_prep_ocn_accum", "ph":"E", "ts":"2423723368", "pid":"1", "tid":"cmeps"},
{"name":"med_phases_prep_atm", "ph":"B", "ts":"2423723482", "pid":"1", "tid":"cmeps"},
{"name":"med_phases_prep_atm", "ph":"E", "ts":"2423729138", "pid":"1", "tid":"cmeps"},
{"name":"med_phases_prep_ice", "ph":"B", "ts":"2423729416", "pid":"1", "tid":"cmeps"},
{"name":"med_phases_prep_ice", "ph":"E", "ts":"2423730948", "pid":"1", "tid":"cmeps"},
{"name":"ModelAdvance", "ph":"B", "ts":"2423735138", "pid":"1", "tid":"ufsatm"},
{"name":"ModelAdvance_phase1", "ph":"B", "ts":"2423735161", "pid":"1", "tid":"ufsatm"},
{"name":"fcst_run_phase_1", "ph":"B", "ts":"2423735239", "pid":"1", "tid":"fv3"},
{"name":"fcst_run_phase_1", "ph":"E", "ts":"2425091164", "pid":"1", "tid":"fv3"},
{"name":"ModelAdvance_phase1", "ph":"E", "ts":"2425091237", "pid":"1", "tid":"ufsatm"},
{"name":"ModelAdvance_phase2", "ph":"B", "ts":"2425091243", "pid":"1", "tid":"ufsatm"},
{"name":"fcst_run_phase_2", "ph":"B", "ts":"2425091271", "pid":"1", "tid":"fv3"},
{"name":"fcst_run_phase_2", "ph":"E", "ts":"2425489581", "pid":"1", "tid":"fv3"},
{"name":"ModelAdvance_phase2", "ph":"E", "ts":"2425489810", "pid":"1", "tid":"ufsatm"},
{"name":"ModelAdvance", "ph":"E", "ts":"2425489829", "pid":"1", "tid":"ufsatm"},
{"name":"med_phases_post_atm", "ph":"B", "ts":"2425490803", "pid":"1", "tid":"cmeps"},
{"name":"med_phases_history_write_comp", "ph":"B", "ts":"2425501374", "pid":"1", "tid":"cmeps"},
{"name":"med_phases_history_write_comp", "ph":"E", "ts":"2425501429", "pid":"1", "tid":"cmeps"},
{"name":"med_phases_post_atm", "ph":"E", "ts":"2425501434", "pid":"1", "tid":"cmeps"},
{"name":"med_phases_post_ice", "ph":"B", "ts":"2425507422", "pid":"1", "tid":"cmeps"},
{"name":"med_phases_history_write_comp", "ph":"B", "ts":"2425521919", "pid":"1", "tid":"cmeps"},
{"name":"med_phases_history_write_comp", "ph":"E", "ts":"2425521982", "pid":"1", "tid":"cmeps"},
{"name":"med_phases_post_ice", "ph":"E", "ts":"2425521988", "pid":"1", "tid":"cmeps"},
{"name":"med_phases_ocnalb_run", "ph":"B", "ts":"2425522268", "pid":"1", "tid":"cmeps"},
{"name":"med_phases_history_write_med", "ph":"B", "ts":"2425522812", "pid":"1", "tid":"cmeps"},
{"name":"med_phases_history_write_med", "ph":"E", "ts":"2425522819", "pid":"1", "tid":"cmeps"},
{"name":"med_phases_ocnalb_run", "ph":"E", "ts":"2425522824", "pid":"1", "tid":"cmeps"},
{"name":"med_phases_prep_ocn_accum", "ph":"B", "ts":"2425522941", "pid":"1", "tid":"cmeps"},
{"name":"med_phases_prep_ocn_accum", "ph":"E", "ts":"2425525604", "pid":"1", "tid":"cmeps"},
{"name":"med_phases_prep_atm", "ph":"B", "ts":"2425525769", "pid":"1", "tid":"cmeps"},
{"name":"med_phases_prep_atm", "ph":"E", "ts":"2425532307", "pid":"1", "tid":"cmeps"},
{"name":"med_phases_prep_ice", "ph":"B", "ts":"2425532634", "pid":"1", "tid":"cmeps"},
{"name":"med_phases_prep_ice", "ph":"E", "ts":"2425533488", "pid":"1", "tid":"cmeps"},
{"name":"ModelAdvance", "ph":"B", "ts":"2425537536", "pid":"1", "tid":"ufsatm"},
{"name":"ModelAdvance_phase1", "ph":"B", "ts":"2425537566", "pid":"1", "tid":"ufsatm"},
{"name":"fcst_run_phase_1", "ph":"B", "ts":"2425537609", "pid":"1", "tid":"fv3"},
{"name":"fcst_run_phase_1", "ph":"E", "ts":"2426897847", "pid":"1", "tid":"fv3"},
{"name":"ModelAdvance_phase1", "ph":"E", "ts":"2426897915", "pid":"1", "tid":"ufsatm"},
{"name":"ModelAdvance_phase2", "ph":"B", "ts":"2426897921", "pid":"1", "tid":"ufsatm"},
{"name":"fcst_run_phase_2", "ph":"B", "ts":"2426897951", "pid":"1", "tid":"fv3"},
{"name":"fcst_run_phase_2", "ph":"E", "ts":"2427292823", "pid":"1", "tid":"fv3"},
{"name":"ModelAdvance_phase2", "ph":"E", "ts":"2427292903", "pid":"1", "tid":"ufsatm"},
{"name":"ModelAdvance", "ph":"E", "ts":"2427292909", "pid":"1", "tid":"ufsatm"},
{"name":"med_phases_post_atm", "ph":"B", "ts":"2427293968", "pid":"1", "tid":"cmeps"},
{"name":"med_phases_history_write_comp", "ph":"B", "ts":"2427304521", "pid":"1", "tid":"cmeps"},
{"name":"med_phases_history_write_comp", "ph":"E", "ts":"2427304581", "pid":"1", "tid":"cmeps"},
{"name":"med_phases_post_atm", "ph":"E", "ts":"2427304587", "pid":"1", "tid":"cmeps"},
{"name":"med_phases_post_ice", "ph":"B", "ts":"2427312196", "pid":"1", "tid":"cmeps"},
{"name":"med_phases_history_write_comp", "ph":"B", "ts":"2427324944", "pid":"1", "tid":"cmeps"},
{"name":"med_phases_history_write_comp", "ph":"E", "ts":"2427324989", "pid":"1", "tid":"cmeps"},
{"name":"med_phases_post_ice", "ph":"E", "ts":"2427324995", "pid":"1", "tid":"cmeps"},
{"name":"med_phases_ocnalb_run", "ph":"B", "ts":"2427325207", "pid":"1", "tid":"cmeps"},
{"name":"med_phases_history_write_med", "ph":"B", "ts":"2427325835", "pid":"1", "tid":"cmeps"},
{"name":"med_phases_history_write_med", "ph":"E", "ts":"2427325852", "pid":"1", "tid":"cmeps"},
{"name":"med_phases_ocnalb_run", "ph":"E", "ts":"2427325857", "pid":"1", "tid":"cmeps"},
{"name":"med_phases_prep_ocn_accum", "ph":"B", "ts":"2427325999", "pid":"1", "tid":"cmeps"},
{"name":"med_phases_prep_ocn_accum", "ph":"E", "ts":"2427328508", "pid":"1", "tid":"cmeps"},
{"name":"med_phases_post_ocn", "ph":"B", "ts":"2427329691", "pid":"1", "tid":"cmeps"},
{"name":"med_phases_history_write_comp", "ph":"B", "ts":"2427330335", "pid":"1", "tid":"cmeps"},
{"name":"med_phases_history_write_comp", "ph":"E", "ts":"2427330349", "pid":"1", "tid":"cmeps"},
{"name":"med_phases_post_ocn", "ph":"E", "ts":"2427330354", "pid":"1", "tid":"cmeps"},
{"name":"med_phases_restart_write", "ph":"B", "ts":"2427330458", "pid":"1", "tid":"cmeps"},
{"name":"med_phases_restart_write", "ph":"E", "ts":"2427330482", "pid":"1", "tid":"cmeps"},
{"name":"med_phases_prep_ocn_avg", "ph":"B", "ts":"2427330563", "pid":"1", "tid":"cmeps"},
{"name":"med_phases_prep_ocn_avg", "ph":"E", "ts":"2427331119", "pid":"1", "tid":"cmeps"},
{"name":"med_phases_prep_atm", "ph":"B", "ts":"2427331619", "pid":"1", "tid":"cmeps"},
{"name":"med_phases_prep_atm", "ph":"E", "ts":"2427344087", "pid":"1", "tid":"cmeps"},
{"name":"med_phases_prep_ice", "ph":"B", "ts":"2427344438", "pid":"1", "tid":"cmeps"},
{"name":"med_phases_prep_ice", "ph":"E", "ts":"2427345885", "pid":"1", "tid":"cmeps"},
{"name":"ModelAdvance", "ph":"B", "ts":"2427350014", "pid":"1", "tid":"ufsatm"},
{"name":"ModelAdvance_phase1", "ph":"B", "ts":"2427350028", "pid":"1", "tid":"ufsatm"},
{"name":"fcst_run_phase_1", "ph":"B", "ts":"2427350066", "pid":"1", "tid":"fv3"},
{"name":"fcst_run_phase_1", "ph":"E", "ts":"2428725611", "pid":"1", "tid":"fv3"},
{"name":"ModelAdvance_phase1", "ph":"E", "ts":"2428725685", "pid":"1", "tid":"ufsatm"},
{"name":"ModelAdvance_phase2", "ph":"B", "ts":"2428725691", "pid":"1", "tid":"ufsatm"},
{"name":"fcst_run_phase_2", "ph":"B", "ts":"2428725720", "pid":"1", "tid":"fv3"},
{"name":"fcst_run_phase_2", "ph":"E", "ts":"2429123372", "pid":"1", "tid":"fv3"},
{"name":"ModelAdvance_phase2", "ph":"E", "ts":"2429123467", "pid":"1", "tid":"ufsatm"},
{"name":"ModelAdvance", "ph":"E", "ts":"2429123473", "pid":"1", "tid":"ufsatm"},
{"name":"med_phases_post_atm", "ph":"B", "ts":"2429124545", "pid":"1", "tid":"cmeps"},
{"name":"med_phases_history_write_comp", "ph":"B", "ts":"2429135207", "pid":"1", "tid":"cmeps"},
{"name":"med_phases_history_write_comp", "ph":"E", "ts":"2429135263", "pid":"1", "tid":"cmeps"},
{"name":"med_phases_post_atm", "ph":"E", "ts":"2429135268", "pid":"1", "tid":"cmeps"},
{"name":"med_phases_post_ice", "ph":"B", "ts":"2429141121", "pid":"1", "tid":"cmeps"},
{"name":"med_phases_history_write_comp", "ph":"B", "ts":"2429151693", "pid":"1", "tid":"cmeps"},
{"name":"med_phases_history_write_comp", "ph":"E", "ts":"2429151733", "pid":"1", "tid":"cmeps"},
{"name":"med_phases_post_ice", "ph":"E", "ts":"2429151739", "pid":"1", "tid":"cmeps"},
{"name":"med_phases_ocnalb_run", "ph":"B", "ts":"2429151992", "pid":"1", "tid":"cmeps"},
{"name":"med_phases_history_write_med", "ph":"B", "ts":"2429152596", "pid":"1", "tid":"cmeps"},
{"name":"med_phases_history_write_med", "ph":"E", "ts":"2429152604", "pid":"1", "tid":"cmeps"},
{"name":"med_phases_ocnalb_run", "ph":"E", "ts":"2429152609", "pid":"1", "tid":"cmeps"},
{"name":"med_phases_prep_ocn_accum", "ph":"B", "ts":"2429152797", "pid":"1", "tid":"cmeps"},
{"name":"med_phases_prep_ocn_accum", "ph":"E", "ts":"2429155406", "pid":"1", "tid":"cmeps"},
{"name":"med_phases_prep_atm", "ph":"B", "ts":"2429155539", "pid":"1", "tid":"cmeps"},
{"name":"med_phases_prep_atm", "ph":"E", "ts":"2429161375", "pid":"1", "tid":"cmeps"},
{"name":"med_phases_prep_ice", "ph":"B", "ts":"2429161694", "pid":"1", "tid":"cmeps"},
{"name":"med_phases_prep_ice", "ph":"E", "ts":"2429163046", "pid":"1", "tid":"cmeps"},
{"name":"ModelAdvance", "ph":"B", "ts":"2429167154", "pid":"1", "tid":"ufsatm"},
{"name":"ModelAdvance_phase1", "ph":"B", "ts":"2429167165", "pid":"1", "tid":"ufsatm"},
{"name":"fcst_run_phase_1", "ph":"B", "ts":"2429167210", "pid":"1", "tid":"fv3"},
{"name":"fcst_run_phase_1", "ph":"E", "ts":"2430530433", "pid":"1", "tid":"fv3"},
{"name":"ModelAdvance_phase1", "ph":"E", "ts":"2430530505", "pid":"1", "tid":"ufsatm"},
{"name":"ModelAdvance_phase2", "ph":"B", "ts":"2430530511", "pid":"1", "tid":"ufsatm"},
{"name":"fcst_run_phase_2", "ph":"B", "ts":"2430530541", "pid":"1", "tid":"fv3"},
{"name":"fcst_run_phase_2", "ph":"E", "ts":"2430927353", "pid":"1", "tid":"fv3"},
{"name":"ModelAdvance_phase2", "ph":"E", "ts":"2430927433", "pid":"1", "tid":"ufsatm"},
{"name":"ModelAdvance", "ph":"E", "ts":"2430927439", "pid":"1", "tid":"ufsatm"},
{"name":"med_phases_post_atm", "ph":"B", "ts":"2430928500", "pid":"1", "tid":"cmeps"},
{"name":"med_phases_history_write_comp", "ph":"B", "ts":"2430938998", "pid":"1", "tid":"cmeps"},
{"name":"med_phases_history_write_comp", "ph":"E", "ts":"2430939059", "pid":"1", "tid":"cmeps"},
{"name":"med_phases_post_atm", "ph":"E", "ts":"2430939067", "pid":"1", "tid":"cmeps"},
{"name":"med_phases_post_ice", "ph":"B", "ts":"2430942961", "pid":"1", "tid":"cmeps"},
{"name":"med_phases_history_write_comp", "ph":"B", "ts":"2430955543", "pid":"1", "tid":"cmeps"},
{"name":"med_phases_history_write_comp", "ph":"E", "ts":"2430955591", "pid":"1", "tid":"cmeps"},
{"name":"med_phases_post_ice", "ph":"E", "ts":"2430955601", "pid":"1", "tid":"cmeps"},
{"name":"med_phases_ocnalb_run", "ph":"B", "ts":"2430955883", "pid":"1", "tid":"cmeps"},
{"name":"med_phases_history_write_med", "ph":"B", "ts":"2430956815", "pid":"1", "tid":"cmeps"},
{"name":"med_phases_history_write_med", "ph":"E", "ts":"2430956823", "pid":"1", "tid":"cmeps"},
{"name":"med_phases_ocnalb_run", "ph":"E", "ts":"2430956829", "pid":"1", "tid":"cmeps"},
{"name":"med_phases_prep_ocn_accum", "ph":"B", "ts":"2430956966", "pid":"1", "tid":"cmeps"},
{"name":"med_phases_prep_ocn_accum", "ph":"E", "ts":"2430959438", "pid":"1", "tid":"cmeps"},
{"name":"med_phases_prep_atm", "ph":"B", "ts":"2430959581", "pid":"1", "tid":"cmeps"},
{"name":"med_phases_prep_atm", "ph":"E", "ts":"2430965353", "pid":"1", "tid":"cmeps"},
{"name":"med_phases_prep_ice", "ph":"B", "ts":"2430965638", "pid":"1", "tid":"cmeps"},
{"name":"med_phases_prep_ice", "ph":"E", "ts":"2430967070", "pid":"1", "tid":"cmeps"},
{"name":"ModelAdvance", "ph":"B", "ts":"2430971162", "pid":"1", "tid":"ufsatm"},
{"name":"ModelAdvance_phase1", "ph":"B", "ts":"2430971173", "pid":"1", "tid":"ufsatm"},
{"name":"fcst_run_phase_1", "ph":"B", "ts":"2430971212", "pid":"1", "tid":"fv3"},
{"name":"fcst_run_phase_1", "ph":"E", "ts":"2432329125", "pid":"1", "tid":"fv3"},
{"name":"ModelAdvance_phase1", "ph":"E", "ts":"2432329184", "pid":"1", "tid":"ufsatm"},
{"name":"ModelAdvance_phase2", "ph":"B", "ts":"2432329190", "pid":"1", "tid":"ufsatm"},
{"name":"fcst_run_phase_2", "ph":"B", "ts":"2432329211", "pid":"1", "tid":"fv3"},
{"name":"fcst_run_phase_2", "ph":"E", "ts":"2432833738", "pid":"1", "tid":"fv3"},
{"name":"ModelAdvance_phase2", "ph":"E", "ts":"2432930711", "pid":"1", "tid":"ufsatm"},
{"name":"ModelAdvance", "ph":"E", "ts":"2432930766", "pid":"1", "tid":"ufsatm"},
{"name":"med_phases_post_atm", "ph":"B", "ts":"2432931662", "pid":"1", "tid":"cmeps"},
{"name":"med_phases_history_write_comp", "ph":"B", "ts":"2432942489", "pid":"1", "tid":"cmeps"},
{"name":"med_phases_history_write_comp", "ph":"E", "ts":"2432942544", "pid":"1", "tid":"cmeps"},
{"name":"med_phases_post_atm", "ph":"E", "ts":"2432942550", "pid":"1", "tid":"cmeps"},
{"name":"med_phases_post_ice", "ph":"B", "ts":"2434996885", "pid":"1", "tid":"cmeps"},
{"name":"med_phases_history_write_comp", "ph":"B", "ts":"2435014422", "pid":"1", "tid":"cmeps"},
{"name":"med_phases_history_write_comp", "ph":"E", "ts":"2435014493", "pid":"1", "tid":"cmeps"},
{"name":"med_phases_post_ice", "ph":"E", "ts":"2435014503", "pid":"1", "tid":"cmeps"},
{"name":"med_phases_ocnalb_run", "ph":"B", "ts":"2435014921", "pid":"1", "tid":"cmeps"},
{"name":"med_phases_history_write_med", "ph":"B", "ts":"2435016271", "pid":"1", "tid":"cmeps"},
{"name":"med_phases_history_write_med", "ph":"E", "ts":"2435016291", "pid":"1", "tid":"cmeps"},
{"name":"med_phases_ocnalb_run", "ph":"E", "ts":"2435016297", "pid":"1", "tid":"cmeps"},
{"name":"med_phases_prep_ocn_accum", "ph":"B", "ts":"2435016487", "pid":"1", "tid":"cmeps"},
{"name":"med_phases_prep_ocn_accum", "ph":"E", "ts":"2435017892", "pid":"1", "tid":"cmeps"},
{"name":"med_phases_post_ocn", "ph":"B", "ts":"2443907305", "pid":"1", "tid":"cmeps"},
{"name":"med_phases_history_write_comp", "ph":"B", "ts":"2443907960", "pid":"1", "tid":"cmeps"},
{"name":"med_phases_history_write_comp", "ph":"E", "ts":"2443907974", "pid":"1", "tid":"cmeps"},
{"name":"med_phases_post_ocn", "ph":"E", "ts":"2443907979", "pid":"1", "tid":"cmeps"},
{"name":"med_phases_restart_write", "ph":"B", "ts":"2443908098", "pid":"1", "tid":"cmeps"},
{"name":"med_phases_restart_write", "ph":"E", "ts":"2445478797", "pid":"1", "tid":"cmeps"},
{"name":"ModelFinalize", "ph":"B", "ts":"2445479578", "pid":"1", "tid":"ufsatm"},
{"name":"fcst_finalize", "ph":"B", "ts":"2445479596", "pid":"1", "tid":"fv3"},
{"name":"fcst_finalize", "ph":"E", "ts":"2445569286", "pid":"1", "tid":"fv3"},
{"name":"ModelFinalize", "ph":"E", "ts":"2445570770", "pid":"1", "tid":"ufsatm"},
{"name":"SetServices", "ph":"B", "ts":"2044416728", "pid":"1", "tid":"wrtComp_01"},
{"name":"SetServices", "ph":"E", "ts":"2044416876", "pid":"1", "tid":"wrtComp_01"},
{"name":"wrt_initialize_p1", "ph":"B", "ts":"2044417034", "pid":"1", "tid":"wrtComp_01"},
{"name":"wrt_initialize_p1", "ph":"E", "ts":"2044710704", "pid":"1", "tid":"wrtComp_01"},
{"name":"wrt_run", "ph":"B", "ts":"2072499447", "pid":"1", "tid":"wrtComp_01"},
{"name":"wrt_run", "ph":"E", "ts":"2073366679", "pid":"1", "tid":"wrtComp_01"},
{"name":"wrt_run", "ph":"B", "ts":"2165693745", "pid":"1", "tid":"wrtComp_01"},
{"name":"wrt_run", "ph":"E", "ts":"2166252025", "pid":"1", "tid":"wrtComp_01"},
{"name":"wrt_run", "ph":"B", "ts":"2255574143", "pid":"1", "tid":"wrtComp_01"},
{"name":"wrt_run", "ph":"E", "ts":"2256170711", "pid":"1", "tid":"wrtComp_01"},
{"name":"wrt_run", "ph":"B", "ts":"2343763608", "pid":"1", "tid":"wrtComp_01"},
{"name":"wrt_run", "ph":"E", "ts":"2344321084", "pid":"1", "tid":"wrtComp_01"},
{"name":"wrt_run", "ph":"B", "ts":"2434006464", "pid":"1", "tid":"wrtComp_01"},
{"name":"wrt_run", "ph":"E", "ts":"2436553821", "pid":"1", "tid":"wrtComp_01"},
{"name":"wrt_finalize", "ph":"B", "ts":"2436560551", "pid":"1", "tid":"wrtComp_01"},
{"name":"wrt_finalize", "ph":"E", "ts":"2436567828", "pid":"1", "tid":"wrtComp_01"},
{"name":"SetServices", "ph":"B", "ts":"2006788830", "pid":"1", "tid":"mom"},
{"name":"SetServices", "ph":"E", "ts":"2006789517", "pid":"1", "tid":"mom"},
{"name":"InitializeP0", "ph":"B", "ts":"2006802111", "pid":"1", "tid":"mom"},
{"name":"InitializeP0", "ph":"E", "ts":"2006803550", "pid":"1", "tid":"mom"},
{"name":"InitializeAdvertise", "ph":"B", "ts":"2006837185", "pid":"1", "tid":"mom"},
{"name":"InitializeAdvertise", "ph":"E", "ts":"2024167794", "pid":"1", "tid":"mom"},
{"name":"InitializeRealize", "ph":"B", "ts":"2045459374", "pid":"1", "tid":"mom"},
{"name":"InitializeRealize", "ph":"E", "ts":"2047938241", "pid":"1", "tid":"mom"},
{"name":"DataInitialize", "ph":"B", "ts":"2052584822", "pid":"1", "tid":"mom"},
{"name":"DataInitialize", "ph":"E", "ts":"2052585599", "pid":"1", "tid":"mom"},
{"name":"ModelSetRunClock", "ph":"B", "ts":"2059232946", "pid":"1", "tid":"mom"},
{"name":"ModelSetRunClock", "ph":"E", "ts":"2059238050", "pid":"1", "tid":"mom"},
{"name":"ModelAdvance", "ph":"B", "ts":"2059238152", "pid":"1", "tid":"mom"},
{"name":"ModelAdvance", "ph":"E", "ts":"2059238240", "pid":"1", "tid":"mom"},
{"name":"ModelSetRunClock", "ph":"B", "ts":"2075725077", "pid":"1", "tid":"mom"},
{"name":"ModelSetRunClock", "ph":"E", "ts":"2075725178", "pid":"1", "tid":"mom"},
{"name":"ModelAdvance", "ph":"B", "ts":"2075725297", "pid":"1", "tid":"mom"},
{"name":"ModelAdvance", "ph":"E", "ts":"2086783436", "pid":"1", "tid":"mom"},
{"name":"ModelSetRunClock", "ph":"B", "ts":"2086788018", "pid":"1", "tid":"mom"},
{"name":"ModelSetRunClock", "ph":"E", "ts":"2086788057", "pid":"1", "tid":"mom"},
{"name":"ModelAdvance", "ph":"B", "ts":"2086788158", "pid":"1", "tid":"mom"},
{"name":"ModelAdvance", "ph":"E", "ts":"2092125017", "pid":"1", "tid":"mom"},
{"name":"ModelSetRunClock", "ph":"B", "ts":"2096310279", "pid":"1", "tid":"mom"},
{"name":"ModelSetRunClock", "ph":"E", "ts":"2096310388", "pid":"1", "tid":"mom"},
{"name":"ModelAdvance", "ph":"B", "ts":"2096310512", "pid":"1", "tid":"mom"},
{"name":"ModelAdvance", "ph":"E", "ts":"2101592119", "pid":"1", "tid":"mom"},
{"name":"ModelSetRunClock", "ph":"B", "ts":"2102944597", "pid":"1", "tid":"mom"},
{"name":"ModelSetRunClock", "ph":"E", "ts":"2102944688", "pid":"1", "tid":"mom"},
{"name":"ModelAdvance", "ph":"B", "ts":"2102944793", "pid":"1", "tid":"mom"},
{"name":"ModelAdvance", "ph":"E", "ts":"2110508038", "pid":"1", "tid":"mom"},
{"name":"ModelSetRunClock", "ph":"B", "ts":"2112581522", "pid":"1", "tid":"mom"},
{"name":"ModelSetRunClock", "ph":"E", "ts":"2112581626", "pid":"1", "tid":"mom"},
{"name":"ModelAdvance", "ph":"B", "ts":"2112581755", "pid":"1", "tid":"mom"},
{"name":"ModelAdvance", "ph":"E", "ts":"2117859682", "pid":"1", "tid":"mom"},
{"name":"ModelSetRunClock", "ph":"B", "ts":"2118357738", "pid":"1", "tid":"mom"},
{"name":"ModelSetRunClock", "ph":"E", "ts":"2118357843", "pid":"1", "tid":"mom"},
{"name":"ModelAdvance", "ph":"B", "ts":"2118357959", "pid":"1", "tid":"mom"},
{"name":"ModelAdvance", "ph":"E", "ts":"2123718762", "pid":"1", "tid":"mom"},
{"name":"ModelSetRunClock", "ph":"B", "ts":"2127896917", "pid":"1", "tid":"mom"},
{"name":"ModelSetRunClock", "ph":"E", "ts":"2127897022", "pid":"1", "tid":"mom"},
{"name":"ModelAdvance", "ph":"B", "ts":"2127897133", "pid":"1", "tid":"mom"},
{"name":"ModelAdvance", "ph":"E", "ts":"2133309282", "pid":"1", "tid":"mom"},
{"name":"ModelSetRunClock", "ph":"B", "ts":"2134469533", "pid":"1", "tid":"mom"},
{"name":"ModelSetRunClock", "ph":"E", "ts":"2134469653", "pid":"1", "tid":"mom"},
{"name":"ModelAdvance", "ph":"B", "ts":"2134469773", "pid":"1", "tid":"mom"},
{"name":"ModelAdvance", "ph":"E", "ts":"2142356834", "pid":"1", "tid":"mom"},
{"name":"ModelSetRunClock", "ph":"B", "ts":"2143908260", "pid":"1", "tid":"mom"},
{"name":"ModelSetRunClock", "ph":"E", "ts":"2143908367", "pid":"1", "tid":"mom"},
{"name":"ModelAdvance", "ph":"B", "ts":"2143908485", "pid":"1", "tid":"mom"},
{"name":"ModelAdvance", "ph":"E", "ts":"2149369588", "pid":"1", "tid":"mom"},
{"name":"ModelSetRunClock", "ph":"B", "ts":"2149600641", "pid":"1", "tid":"mom"},
{"name":"ModelSetRunClock", "ph":"E", "ts":"2149600753", "pid":"1", "tid":"mom"},
{"name":"ModelAdvance", "ph":"B", "ts":"2149600878", "pid":"1", "tid":"mom"},
{"name":"ModelAdvance", "ph":"E", "ts":"2155137312", "pid":"1", "tid":"mom"},
{"name":"ModelSetRunClock", "ph":"B", "ts":"2158923067", "pid":"1", "tid":"mom"},
{"name":"ModelSetRunClock", "ph":"E", "ts":"2158923176", "pid":"1", "tid":"mom"},
{"name":"ModelAdvance", "ph":"B", "ts":"2158923291", "pid":"1", "tid":"mom"},
{"name":"ModelAdvance", "ph":"E", "ts":"2164438223", "pid":"1", "tid":"mom"},
{"name":"ModelSetRunClock", "ph":"B", "ts":"2165439441", "pid":"1", "tid":"mom"},
{"name":"ModelSetRunClock", "ph":"E", "ts":"2165439543", "pid":"1", "tid":"mom"},
{"name":"ModelAdvance", "ph":"B", "ts":"2165439660", "pid":"1", "tid":"mom"},
{"name":"ModelAdvance", "ph":"E", "ts":"2173406011", "pid":"1", "tid":"mom"},
{"name":"ModelSetRunClock", "ph":"B", "ts":"2174687941", "pid":"1", "tid":"mom"},
{"name":"ModelSetRunClock", "ph":"E", "ts":"2174688047", "pid":"1", "tid":"mom"},
{"name":"ModelAdvance", "ph":"B", "ts":"2174688164", "pid":"1", "tid":"mom"},
{"name":"ModelAdvance", "ph":"E", "ts":"2180164926", "pid":"1", "tid":"mom"},
{"name":"ModelSetRunClock", "ph":"B", "ts":"2180185987", "pid":"1", "tid":"mom"},
{"name":"ModelSetRunClock", "ph":"E", "ts":"2180186047", "pid":"1", "tid":"mom"},
{"name":"ModelAdvance", "ph":"B", "ts":"2180186153", "pid":"1", "tid":"mom"},
{"name":"ModelAdvance", "ph":"E", "ts":"2185644418", "pid":"1", "tid":"mom"},
{"name":"ModelSetRunClock", "ph":"B", "ts":"2189265245", "pid":"1", "tid":"mom"},
{"name":"ModelSetRunClock", "ph":"E", "ts":"2189265349", "pid":"1", "tid":"mom"},
{"name":"ModelAdvance", "ph":"B", "ts":"2189265461", "pid":"1", "tid":"mom"},
{"name":"ModelAdvance", "ph":"E", "ts":"2194682543", "pid":"1", "tid":"mom"},
{"name":"ModelSetRunClock", "ph":"B", "ts":"2195596703", "pid":"1", "tid":"mom"},
{"name":"ModelSetRunClock", "ph":"E", "ts":"2195596807", "pid":"1", "tid":"mom"},
{"name":"ModelAdvance", "ph":"B", "ts":"2195596916", "pid":"1", "tid":"mom"},
{"name":"ModelAdvance", "ph":"E", "ts":"2203377389", "pid":"1", "tid":"mom"},
{"name":"ModelSetRunClock", "ph":"B", "ts":"2204667976", "pid":"1", "tid":"mom"},
{"name":"ModelSetRunClock", "ph":"E", "ts":"2204668071", "pid":"1", "tid":"mom"},
{"name":"ModelAdvance", "ph":"B", "ts":"2204668189", "pid":"1", "tid":"mom"},
{"name":"ModelAdvance", "ph":"E", "ts":"2210090862", "pid":"1", "tid":"mom"},
{"name":"ModelSetRunClock", "ph":"B", "ts":"2210169228", "pid":"1", "tid":"mom"},
{"name":"ModelSetRunClock", "ph":"E", "ts":"2210169323", "pid":"1", "tid":"mom"},
{"name":"ModelAdvance", "ph":"B", "ts":"2210169441", "pid":"1", "tid":"mom"},
{"name":"ModelAdvance", "ph":"E", "ts":"2215591993", "pid":"1", "tid":"mom"},
{"name":"ModelSetRunClock", "ph":"B", "ts":"2219154056", "pid":"1", "tid":"mom"},
{"name":"ModelSetRunClock", "ph":"E", "ts":"2219154164", "pid":"1", "tid":"mom"},
{"name":"ModelAdvance", "ph":"B", "ts":"2219154283", "pid":"1", "tid":"mom"},
{"name":"ModelAdvance", "ph":"E", "ts":"2224568483", "pid":"1", "tid":"mom"},
{"name":"ModelSetRunClock", "ph":"B", "ts":"2225506396", "pid":"1", "tid":"mom"},
{"name":"ModelSetRunClock", "ph":"E", "ts":"2225506495", "pid":"1", "tid":"mom"},
{"name":"ModelAdvance", "ph":"B", "ts":"2225506608", "pid":"1", "tid":"mom"},
{"name":"ModelAdvance", "ph":"E", "ts":"2233276165", "pid":"1", "tid":"mom"},
{"name":"ModelSetRunClock", "ph":"B", "ts":"2234511390", "pid":"1", "tid":"mom"},
{"name":"ModelSetRunClock", "ph":"E", "ts":"2234511491", "pid":"1", "tid":"mom"},
{"name":"ModelAdvance", "ph":"B", "ts":"2234511602", "pid":"1", "tid":"mom"},
{"name":"ModelAdvance", "ph":"E", "ts":"2239905097", "pid":"1", "tid":"mom"},
{"name":"ModelSetRunClock", "ph":"B", "ts":"2240043777", "pid":"1", "tid":"mom"},
{"name":"ModelSetRunClock", "ph":"E", "ts":"2240043878", "pid":"1", "tid":"mom"},
{"name":"ModelAdvance", "ph":"B", "ts":"2240043994", "pid":"1", "tid":"mom"},
{"name":"ModelAdvance", "ph":"E", "ts":"2245442714", "pid":"1", "tid":"mom"},
{"name":"ModelSetRunClock", "ph":"B", "ts":"2248904305", "pid":"1", "tid":"mom"},
{"name":"ModelSetRunClock", "ph":"E", "ts":"2248904407", "pid":"1", "tid":"mom"},
{"name":"ModelAdvance", "ph":"B", "ts":"2248904525", "pid":"1", "tid":"mom"},
{"name":"ModelAdvance", "ph":"E", "ts":"2254301112", "pid":"1", "tid":"mom"},
{"name":"ModelSetRunClock", "ph":"B", "ts":"2255268256", "pid":"1", "tid":"mom"},
{"name":"ModelSetRunClock", "ph":"E", "ts":"2255268362", "pid":"1", "tid":"mom"},
{"name":"ModelAdvance", "ph":"B", "ts":"2255268477", "pid":"1", "tid":"mom"},
{"name":"ModelAdvance", "ph":"E", "ts":"2262972365", "pid":"1", "tid":"mom"},
{"name":"ModelSetRunClock", "ph":"B", "ts":"2264147957", "pid":"1", "tid":"mom"},
{"name":"ModelSetRunClock", "ph":"E", "ts":"2264148059", "pid":"1", "tid":"mom"},
{"name":"ModelAdvance", "ph":"B", "ts":"2264148173", "pid":"1", "tid":"mom"},
{"name":"ModelAdvance", "ph":"E", "ts":"2269499577", "pid":"1", "tid":"mom"},
{"name":"ModelSetRunClock", "ph":"B", "ts":"2269573002", "pid":"1", "tid":"mom"},
{"name":"ModelSetRunClock", "ph":"E", "ts":"2269573096", "pid":"1", "tid":"mom"},
{"name":"ModelAdvance", "ph":"B", "ts":"2269573213", "pid":"1", "tid":"mom"},
{"name":"ModelAdvance", "ph":"E", "ts":"2274944031", "pid":"1", "tid":"mom"},
{"name":"ModelSetRunClock", "ph":"B", "ts":"2278343972", "pid":"1", "tid":"mom"},
{"name":"ModelSetRunClock", "ph":"E", "ts":"2278344067", "pid":"1", "tid":"mom"},
{"name":"ModelAdvance", "ph":"B", "ts":"2278344183", "pid":"1", "tid":"mom"},
{"name":"ModelAdvance", "ph":"E", "ts":"2283693890", "pid":"1", "tid":"mom"},
{"name":"ModelSetRunClock", "ph":"B", "ts":"2284588195", "pid":"1", "tid":"mom"},
{"name":"ModelSetRunClock", "ph":"E", "ts":"2284588298", "pid":"1", "tid":"mom"},
{"name":"ModelAdvance", "ph":"B", "ts":"2284588410", "pid":"1", "tid":"mom"},
{"name":"ModelAdvance", "ph":"E", "ts":"2292209371", "pid":"1", "tid":"mom"},
{"name":"ModelSetRunClock", "ph":"B", "ts":"2293327246", "pid":"1", "tid":"mom"},
{"name":"ModelSetRunClock", "ph":"E", "ts":"2293327348", "pid":"1", "tid":"mom"},
{"name":"ModelAdvance", "ph":"B", "ts":"2293327468", "pid":"1", "tid":"mom"},
{"name":"ModelAdvance", "ph":"E", "ts":"2298676819", "pid":"1", "tid":"mom"},
{"name":"ModelSetRunClock", "ph":"B", "ts":"2298690300", "pid":"1", "tid":"mom"},
{"name":"ModelSetRunClock", "ph":"E", "ts":"2298690352", "pid":"1", "tid":"mom"},
{"name":"ModelAdvance", "ph":"B", "ts":"2298690447", "pid":"1", "tid":"mom"},
{"name":"ModelAdvance", "ph":"E", "ts":"2304078633", "pid":"1", "tid":"mom"},
{"name":"ModelSetRunClock", "ph":"B", "ts":"2307479823", "pid":"1", "tid":"mom"},
{"name":"ModelSetRunClock", "ph":"E", "ts":"2307479934", "pid":"1", "tid":"mom"},
{"name":"ModelAdvance", "ph":"B", "ts":"2307480048", "pid":"1", "tid":"mom"},
{"name":"ModelAdvance", "ph":"E", "ts":"2312841956", "pid":"1", "tid":"mom"},
{"name":"ModelSetRunClock", "ph":"B", "ts":"2313796999", "pid":"1", "tid":"mom"},
{"name":"ModelSetRunClock", "ph":"E", "ts":"2313797084", "pid":"1", "tid":"mom"},
{"name":"ModelAdvance", "ph":"B", "ts":"2313797191", "pid":"1", "tid":"mom"},
{"name":"ModelAdvance", "ph":"E", "ts":"2321514396", "pid":"1", "tid":"mom"},
{"name":"ModelSetRunClock", "ph":"B", "ts":"2322643903", "pid":"1", "tid":"mom"},
{"name":"ModelSetRunClock", "ph":"E", "ts":"2322644037", "pid":"1", "tid":"mom"},
{"name":"ModelAdvance", "ph":"B", "ts":"2322644154", "pid":"1", "tid":"mom"},
{"name":"ModelAdvance", "ph":"E", "ts":"2328002093", "pid":"1", "tid":"mom"},
{"name":"ModelSetRunClock", "ph":"B", "ts":"2328112019", "pid":"1", "tid":"mom"},
{"name":"ModelSetRunClock", "ph":"E", "ts":"2328112124", "pid":"1", "tid":"mom"},
{"name":"ModelAdvance", "ph":"B", "ts":"2328112243", "pid":"1", "tid":"mom"},
{"name":"ModelAdvance", "ph":"E", "ts":"2333511409", "pid":"1", "tid":"mom"},
{"name":"ModelSetRunClock", "ph":"B", "ts":"2337042990", "pid":"1", "tid":"mom"},
{"name":"ModelSetRunClock", "ph":"E", "ts":"2337043107", "pid":"1", "tid":"mom"},
{"name":"ModelAdvance", "ph":"B", "ts":"2337043229", "pid":"1", "tid":"mom"},
{"name":"ModelAdvance", "ph":"E", "ts":"2342402274", "pid":"1", "tid":"mom"},
{"name":"ModelSetRunClock", "ph":"B", "ts":"2343481759", "pid":"1", "tid":"mom"},
{"name":"ModelSetRunClock", "ph":"E", "ts":"2343481864", "pid":"1", "tid":"mom"},
{"name":"ModelAdvance", "ph":"B", "ts":"2343481982", "pid":"1", "tid":"mom"},
{"name":"ModelAdvance", "ph":"E", "ts":"2351249433", "pid":"1", "tid":"mom"},
{"name":"ModelSetRunClock", "ph":"B", "ts":"2352544190", "pid":"1", "tid":"mom"},
{"name":"ModelSetRunClock", "ph":"E", "ts":"2352544293", "pid":"1", "tid":"mom"},
{"name":"ModelAdvance", "ph":"B", "ts":"2352544410", "pid":"1", "tid":"mom"},
{"name":"ModelAdvance", "ph":"E", "ts":"2357911961", "pid":"1", "tid":"mom"},
{"name":"ModelSetRunClock", "ph":"B", "ts":"2358173143", "pid":"1", "tid":"mom"},
{"name":"ModelSetRunClock", "ph":"E", "ts":"2358173253", "pid":"1", "tid":"mom"},
{"name":"ModelAdvance", "ph":"B", "ts":"2358173373", "pid":"1", "tid":"mom"},
{"name":"ModelAdvance", "ph":"E", "ts":"2363570654", "pid":"1", "tid":"mom"},
{"name":"ModelSetRunClock", "ph":"B", "ts":"2367283379", "pid":"1", "tid":"mom"},
{"name":"ModelSetRunClock", "ph":"E", "ts":"2367283485", "pid":"1", "tid":"mom"},
{"name":"ModelAdvance", "ph":"B", "ts":"2367283601", "pid":"1", "tid":"mom"},
{"name":"ModelAdvance", "ph":"E", "ts":"2372666319", "pid":"1", "tid":"mom"},
{"name":"ModelSetRunClock", "ph":"B", "ts":"2373784936", "pid":"1", "tid":"mom"},
{"name":"ModelSetRunClock", "ph":"E", "ts":"2373785037", "pid":"1", "tid":"mom"},
{"name":"ModelAdvance", "ph":"B", "ts":"2373785151", "pid":"1", "tid":"mom"},
{"name":"ModelAdvance", "ph":"E", "ts":"2381549703", "pid":"1", "tid":"mom"},
{"name":"ModelSetRunClock", "ph":"B", "ts":"2382912610", "pid":"1", "tid":"mom"},
{"name":"ModelSetRunClock", "ph":"E", "ts":"2382912695", "pid":"1", "tid":"mom"},
{"name":"ModelAdvance", "ph":"B", "ts":"2382912801", "pid":"1", "tid":"mom"},
{"name":"ModelAdvance", "ph":"E", "ts":"2388307005", "pid":"1", "tid":"mom"},
{"name":"ModelSetRunClock", "ph":"B", "ts":"2388542971", "pid":"1", "tid":"mom"},
{"name":"ModelSetRunClock", "ph":"E", "ts":"2388543074", "pid":"1", "tid":"mom"},
{"name":"ModelAdvance", "ph":"B", "ts":"2388543200", "pid":"1", "tid":"mom"},
{"name":"ModelAdvance", "ph":"E", "ts":"2393954976", "pid":"1", "tid":"mom"},
{"name":"ModelSetRunClock", "ph":"B", "ts":"2397603903", "pid":"1", "tid":"mom"},
{"name":"ModelSetRunClock", "ph":"E", "ts":"2397604001", "pid":"1", "tid":"mom"},
{"name":"ModelAdvance", "ph":"B", "ts":"2397604116", "pid":"1", "tid":"mom"},
{"name":"ModelAdvance", "ph":"E", "ts":"2403005692", "pid":"1", "tid":"mom"},
{"name":"ModelSetRunClock", "ph":"B", "ts":"2404101860", "pid":"1", "tid":"mom"},
{"name":"ModelSetRunClock", "ph":"E", "ts":"2404101976", "pid":"1", "tid":"mom"},
{"name":"ModelAdvance", "ph":"B", "ts":"2404102097", "pid":"1", "tid":"mom"},
{"name":"ModelAdvance", "ph":"E", "ts":"2411871062", "pid":"1", "tid":"mom"},
{"name":"ModelSetRunClock", "ph":"B", "ts":"2413120925", "pid":"1", "tid":"mom"},
{"name":"ModelSetRunClock", "ph":"E", "ts":"2413121029", "pid":"1", "tid":"mom"},
{"name":"ModelAdvance", "ph":"B", "ts":"2413121142", "pid":"1", "tid":"mom"},
{"name":"ModelAdvance", "ph":"E", "ts":"2418545904", "pid":"1", "tid":"mom"},
{"name":"ModelSetRunClock", "ph":"B", "ts":"2418601850", "pid":"1", "tid":"mom"},
{"name":"ModelSetRunClock", "ph":"E", "ts":"2418601920", "pid":"1", "tid":"mom"},
{"name":"ModelAdvance", "ph":"B", "ts":"2418602030", "pid":"1", "tid":"mom"},
{"name":"ModelAdvance", "ph":"E", "ts":"2424049775", "pid":"1", "tid":"mom"},
{"name":"ModelSetRunClock", "ph":"B", "ts":"2427332109", "pid":"1", "tid":"mom"},
{"name":"ModelSetRunClock", "ph":"E", "ts":"2427332216", "pid":"1", "tid":"mom"},
{"name":"ModelAdvance", "ph":"B", "ts":"2427332330", "pid":"1", "tid":"mom"},
{"name":"ModelAdvance", "ph":"E", "ts":"2443905941", "pid":"1", "tid":"mom"},
{"name":"ocean_model_finalize", "ph":"B", "ts":"2443907143", "pid":"1", "tid":"mom"},
{"name":"ocean_model_finalize", "ph":"E", "ts":"2446944924", "pid":"1", "tid":"mom"},
{"name":"SetServices", "ph":"B", "ts":"2006803437", "pid":"1", "tid":"cice"},
{"name":"SetServices", "ph":"E", "ts":"2006804107", "pid":"1", "tid":"cice"},
{"name":"InitializeP0", "ph":"B", "ts":"2006806932", "pid":"1", "tid":"cice"},
{"name":"InitializeP0", "ph":"E", "ts":"2006807034", "pid":"1", "tid":"cice"},
{"name":"InitializeAdvertise", "ph":"B", "ts":"2006835896", "pid":"1", "tid":"cice"},
{"name":"InitializeAdvertise", "ph":"E", "ts":"2010183258", "pid":"1", "tid":"cice"},
{"name":"InitializeRealize", "ph":"B", "ts":"2045493140", "pid":"1", "tid":"cice"},
{"name":"InitializeRealize", "ph":"E", "ts":"2050437822", "pid":"1", "tid":"cice"},
{"name":"ModelAdvance", "ph":"B", "ts":"2059269957", "pid":"1", "tid":"cice"},
{"name":"ModelAdvance", "ph":"E", "ts":"2060732620", "pid":"1", "tid":"cice"},
{"name":"ModelAdvance", "ph":"B", "ts":"2071331703", "pid":"1", "tid":"cice"},
{"name":"ModelAdvance", "ph":"E", "ts":"2072733061", "pid":"1", "tid":"cice"},
{"name":"ModelAdvance", "ph":"B", "ts":"2073588883", "pid":"1", "tid":"cice"},
{"name":"ModelAdvance", "ph":"E", "ts":"2074988699", "pid":"1", "tid":"cice"},
{"name":"ModelAdvance", "ph":"B", "ts":"2075760627", "pid":"1", "tid":"cice"},
{"name":"ModelAdvance", "ph":"E", "ts":"2077139612", "pid":"1", "tid":"cice"},
{"name":"ModelAdvance", "ph":"B", "ts":"2077858787", "pid":"1", "tid":"cice"},
{"name":"ModelAdvance", "ph":"E", "ts":"2079234846", "pid":"1", "tid":"cice"},
{"name":"ModelAdvance", "ph":"B", "ts":"2079894206", "pid":"1", "tid":"cice"},
{"name":"ModelAdvance", "ph":"E", "ts":"2081260229", "pid":"1", "tid":"cice"},
{"name":"ModelAdvance", "ph":"B", "ts":"2086820566", "pid":"1", "tid":"cice"},
{"name":"ModelAdvance", "ph":"E", "ts":"2088209117", "pid":"1", "tid":"cice"},
{"name":"ModelAdvance", "ph":"B", "ts":"2092437165", "pid":"1", "tid":"cice"},
{"name":"ModelAdvance", "ph":"E", "ts":"2093838315", "pid":"1", "tid":"cice"},
{"name":"ModelAdvance", "ph":"B", "ts":"2094396447", "pid":"1", "tid":"cice"},
{"name":"ModelAdvance", "ph":"E", "ts":"2095792410", "pid":"1", "tid":"cice"},
{"name":"ModelAdvance", "ph":"B", "ts":"2096341765", "pid":"1", "tid":"cice"},
{"name":"ModelAdvance", "ph":"E", "ts":"2097720635", "pid":"1", "tid":"cice"},
{"name":"ModelAdvance", "ph":"B", "ts":"2098280196", "pid":"1", "tid":"cice"},
{"name":"ModelAdvance", "ph":"E", "ts":"2099661853", "pid":"1", "tid":"cice"},
{"name":"ModelAdvance", "ph":"B", "ts":"2100196553", "pid":"1", "tid":"cice"},
{"name":"ModelAdvance", "ph":"E", "ts":"2102913725", "pid":"1", "tid":"cice"},
{"name":"ModelAdvance", "ph":"B", "ts":"2102978788", "pid":"1", "tid":"cice"},
{"name":"ModelAdvance", "ph":"E", "ts":"2104352980", "pid":"1", "tid":"cice"},
{"name":"ModelAdvance", "ph":"B", "ts":"2108764047", "pid":"1", "tid":"cice"},
{"name":"ModelAdvance", "ph":"E", "ts":"2110133808", "pid":"1", "tid":"cice"},
{"name":"ModelAdvance", "ph":"B", "ts":"2110690115", "pid":"1", "tid":"cice"},
{"name":"ModelAdvance", "ph":"E", "ts":"2112065876", "pid":"1", "tid":"cice"},
{"name":"ModelAdvance", "ph":"B", "ts":"2112615086", "pid":"1", "tid":"cice"},
{"name":"ModelAdvance", "ph":"E", "ts":"2113985633", "pid":"1", "tid":"cice"},
{"name":"ModelAdvance", "ph":"B", "ts":"2114540759", "pid":"1", "tid":"cice"},
{"name":"ModelAdvance", "ph":"E", "ts":"2115913445", "pid":"1", "tid":"cice"},
{"name":"ModelAdvance", "ph":"B", "ts":"2116457538", "pid":"1", "tid":"cice"},
{"name":"ModelAdvance", "ph":"E", "ts":"2117821608", "pid":"1", "tid":"cice"},
{"name":"ModelAdvance", "ph":"B", "ts":"2118391634", "pid":"1", "tid":"cice"},
{"name":"ModelAdvance", "ph":"E", "ts":"2119763692", "pid":"1", "tid":"cice"},
{"name":"ModelAdvance", "ph":"B", "ts":"2124092319", "pid":"1", "tid":"cice"},
{"name":"ModelAdvance", "ph":"E", "ts":"2125474195", "pid":"1", "tid":"cice"},
{"name":"ModelAdvance", "ph":"B", "ts":"2126007045", "pid":"1", "tid":"cice"},
{"name":"ModelAdvance", "ph":"E", "ts":"2127385051", "pid":"1", "tid":"cice"},
{"name":"ModelAdvance", "ph":"B", "ts":"2127930321", "pid":"1", "tid":"cice"},
{"name":"ModelAdvance", "ph":"E", "ts":"2129308068", "pid":"1", "tid":"cice"},
{"name":"ModelAdvance", "ph":"B", "ts":"2129844651", "pid":"1", "tid":"cice"},
{"name":"ModelAdvance", "ph":"E", "ts":"2131221236", "pid":"1", "tid":"cice"},
{"name":"ModelAdvance", "ph":"B", "ts":"2131762217", "pid":"1", "tid":"cice"},
{"name":"ModelAdvance", "ph":"E", "ts":"2134438655", "pid":"1", "tid":"cice"},
{"name":"ModelAdvance", "ph":"B", "ts":"2134503040", "pid":"1", "tid":"cice"},
{"name":"ModelAdvance", "ph":"E", "ts":"2135888565", "pid":"1", "tid":"cice"},
{"name":"ModelAdvance", "ph":"B", "ts":"2140118979", "pid":"1", "tid":"cice"},
{"name":"ModelAdvance", "ph":"E", "ts":"2141495742", "pid":"1", "tid":"cice"},
{"name":"ModelAdvance", "ph":"B", "ts":"2142022070", "pid":"1", "tid":"cice"},
{"name":"ModelAdvance", "ph":"E", "ts":"2143405619", "pid":"1", "tid":"cice"},
{"name":"ModelAdvance", "ph":"B", "ts":"2143941911", "pid":"1", "tid":"cice"},
{"name":"ModelAdvance", "ph":"E", "ts":"2145321773", "pid":"1", "tid":"cice"},
{"name":"ModelAdvance", "ph":"B", "ts":"2145842858", "pid":"1", "tid":"cice"},
{"name":"ModelAdvance", "ph":"E", "ts":"2147221267", "pid":"1", "tid":"cice"},
{"name":"ModelAdvance", "ph":"B", "ts":"2147732948", "pid":"1", "tid":"cice"},
{"name":"ModelAdvance", "ph":"E", "ts":"2149101898", "pid":"1", "tid":"cice"},
{"name":"ModelAdvance", "ph":"B", "ts":"2149635151", "pid":"1", "tid":"cice"},
{"name":"ModelAdvance", "ph":"E", "ts":"2151013505", "pid":"1", "tid":"cice"},
{"name":"ModelAdvance", "ph":"B", "ts":"2155198525", "pid":"1", "tid":"cice"},
{"name":"ModelAdvance", "ph":"E", "ts":"2156592234", "pid":"1", "tid":"cice"},
{"name":"ModelAdvance", "ph":"B", "ts":"2157073736", "pid":"1", "tid":"cice"},
{"name":"ModelAdvance", "ph":"E", "ts":"2158461291", "pid":"1", "tid":"cice"},
{"name":"ModelAdvance", "ph":"B", "ts":"2158957451", "pid":"1", "tid":"cice"},
{"name":"ModelAdvance", "ph":"E", "ts":"2160336449", "pid":"1", "tid":"cice"},
{"name":"ModelAdvance", "ph":"B", "ts":"2160834429", "pid":"1", "tid":"cice"},
{"name":"ModelAdvance", "ph":"E", "ts":"2162212957", "pid":"1", "tid":"cice"},
{"name":"ModelAdvance", "ph":"B", "ts":"2162689808", "pid":"1", "tid":"cice"},
{"name":"ModelAdvance", "ph":"E", "ts":"2165409462", "pid":"1", "tid":"cice"},
{"name":"ModelAdvance", "ph":"B", "ts":"2165474680", "pid":"1", "tid":"cice"},
{"name":"ModelAdvance", "ph":"E", "ts":"2166852837", "pid":"1", "tid":"cice"},
{"name":"ModelAdvance", "ph":"B", "ts":"2171012941", "pid":"1", "tid":"cice"},
{"name":"ModelAdvance", "ph":"E", "ts":"2172392599", "pid":"1", "tid":"cice"},
{"name":"ModelAdvance", "ph":"B", "ts":"2172866169", "pid":"1", "tid":"cice"},
{"name":"ModelAdvance", "ph":"E", "ts":"2174251012", "pid":"1", "tid":"cice"},
{"name":"ModelAdvance", "ph":"B", "ts":"2174720043", "pid":"1", "tid":"cice"},
{"name":"ModelAdvance", "ph":"E", "ts":"2176099392", "pid":"1", "tid":"cice"},
{"name":"ModelAdvance", "ph":"B", "ts":"2176560520", "pid":"1", "tid":"cice"},
{"name":"ModelAdvance", "ph":"E", "ts":"2177938010", "pid":"1", "tid":"cice"},
{"name":"ModelAdvance", "ph":"B", "ts":"2178386105", "pid":"1", "tid":"cice"},
{"name":"ModelAdvance", "ph":"E", "ts":"2179753115", "pid":"1", "tid":"cice"},
{"name":"ModelAdvance", "ph":"B", "ts":"2180219034", "pid":"1", "tid":"cice"},
{"name":"ModelAdvance", "ph":"E", "ts":"2181599094", "pid":"1", "tid":"cice"},
{"name":"ModelAdvance", "ph":"B", "ts":"2185658843", "pid":"1", "tid":"cice"},
{"name":"ModelAdvance", "ph":"E", "ts":"2187049101", "pid":"1", "tid":"cice"},
{"name":"ModelAdvance", "ph":"B", "ts":"2187473069", "pid":"1", "tid":"cice"},
{"name":"ModelAdvance", "ph":"E", "ts":"2188861733", "pid":"1", "tid":"cice"},
{"name":"ModelAdvance", "ph":"B", "ts":"2189299538", "pid":"1", "tid":"cice"},
{"name":"ModelAdvance", "ph":"E", "ts":"2190681452", "pid":"1", "tid":"cice"},
{"name":"ModelAdvance", "ph":"B", "ts":"2191126225", "pid":"1", "tid":"cice"},
{"name":"ModelAdvance", "ph":"E", "ts":"2192504623", "pid":"1", "tid":"cice"},
{"name":"ModelAdvance", "ph":"B", "ts":"2192939863", "pid":"1", "tid":"cice"},
{"name":"ModelAdvance", "ph":"E", "ts":"2195575315", "pid":"1", "tid":"cice"},
{"name":"ModelAdvance", "ph":"B", "ts":"2195631581", "pid":"1", "tid":"cice"},
{"name":"ModelAdvance", "ph":"E", "ts":"2197009163", "pid":"1", "tid":"cice"},
{"name":"ModelAdvance", "ph":"B", "ts":"2201040151", "pid":"1", "tid":"cice"},
{"name":"ModelAdvance", "ph":"E", "ts":"2202411838", "pid":"1", "tid":"cice"},
{"name":"ModelAdvance", "ph":"B", "ts":"2202859157", "pid":"1", "tid":"cice"},
{"name":"ModelAdvance", "ph":"E", "ts":"2204237397", "pid":"1", "tid":"cice"},
{"name":"ModelAdvance", "ph":"B", "ts":"2204701328", "pid":"1", "tid":"cice"},
{"name":"ModelAdvance", "ph":"E", "ts":"2206083404", "pid":"1", "tid":"cice"},
{"name":"ModelAdvance", "ph":"B", "ts":"2206535998", "pid":"1", "tid":"cice"},
{"name":"ModelAdvance", "ph":"E", "ts":"2207912808", "pid":"1", "tid":"cice"},
{"name":"ModelAdvance", "ph":"B", "ts":"2208364897", "pid":"1", "tid":"cice"},
{"name":"ModelAdvance", "ph":"E", "ts":"2209733406", "pid":"1", "tid":"cice"},
{"name":"ModelAdvance", "ph":"B", "ts":"2210202840", "pid":"1", "tid":"cice"},
{"name":"ModelAdvance", "ph":"E", "ts":"2211578229", "pid":"1", "tid":"cice"},
{"name":"ModelAdvance", "ph":"B", "ts":"2215513817", "pid":"1", "tid":"cice"},
{"name":"ModelAdvance", "ph":"E", "ts":"2216893076", "pid":"1", "tid":"cice"},
{"name":"ModelAdvance", "ph":"B", "ts":"2217344766", "pid":"1", "tid":"cice"},
{"name":"ModelAdvance", "ph":"E", "ts":"2218723671", "pid":"1", "tid":"cice"},
{"name":"ModelAdvance", "ph":"B", "ts":"2219188121", "pid":"1", "tid":"cice"},
{"name":"ModelAdvance", "ph":"E", "ts":"2220563602", "pid":"1", "tid":"cice"},
{"name":"ModelAdvance", "ph":"B", "ts":"2221032129", "pid":"1", "tid":"cice"},
{"name":"ModelAdvance", "ph":"E", "ts":"2222409667", "pid":"1", "tid":"cice"},
{"name":"ModelAdvance", "ph":"B", "ts":"2222853075", "pid":"1", "tid":"cice"},
{"name":"ModelAdvance", "ph":"E", "ts":"2225475086", "pid":"1", "tid":"cice"},
{"name":"ModelAdvance", "ph":"B", "ts":"2225539364", "pid":"1", "tid":"cice"},
{"name":"ModelAdvance", "ph":"E", "ts":"2226910852", "pid":"1", "tid":"cice"},
{"name":"ModelAdvance", "ph":"B", "ts":"2230819391", "pid":"1", "tid":"cice"},
{"name":"ModelAdvance", "ph":"E", "ts":"2232186570", "pid":"1", "tid":"cice"},
{"name":"ModelAdvance", "ph":"B", "ts":"2232692590", "pid":"1", "tid":"cice"},
{"name":"ModelAdvance", "ph":"E", "ts":"2234059372", "pid":"1", "tid":"cice"},
{"name":"ModelAdvance", "ph":"B", "ts":"2234545278", "pid":"1", "tid":"cice"},
{"name":"ModelAdvance", "ph":"E", "ts":"2235915353", "pid":"1", "tid":"cice"},
{"name":"ModelAdvance", "ph":"B", "ts":"2236389064", "pid":"1", "tid":"cice"},
{"name":"ModelAdvance", "ph":"E", "ts":"2237755293", "pid":"1", "tid":"cice"},
{"name":"ModelAdvance", "ph":"B", "ts":"2238228579", "pid":"1", "tid":"cice"},
{"name":"ModelAdvance", "ph":"E", "ts":"2239585262", "pid":"1", "tid":"cice"},
{"name":"ModelAdvance", "ph":"B", "ts":"2240078733", "pid":"1", "tid":"cice"},
{"name":"ModelAdvance", "ph":"E", "ts":"2241444367", "pid":"1", "tid":"cice"},
{"name":"ModelAdvance", "ph":"B", "ts":"2245253931", "pid":"1", "tid":"cice"},
{"name":"ModelAdvance", "ph":"E", "ts":"2246629762", "pid":"1", "tid":"cice"},
{"name":"ModelAdvance", "ph":"B", "ts":"2247093345", "pid":"1", "tid":"cice"},
{"name":"ModelAdvance", "ph":"E", "ts":"2248460054", "pid":"1", "tid":"cice"},
{"name":"ModelAdvance", "ph":"B", "ts":"2248938479", "pid":"1", "tid":"cice"},
{"name":"ModelAdvance", "ph":"E", "ts":"2250310023", "pid":"1", "tid":"cice"},
{"name":"ModelAdvance", "ph":"B", "ts":"2250783549", "pid":"1", "tid":"cice"},
{"name":"ModelAdvance", "ph":"E", "ts":"2252150786", "pid":"1", "tid":"cice"},
{"name":"ModelAdvance", "ph":"B", "ts":"2252613503", "pid":"1", "tid":"cice"},
{"name":"ModelAdvance", "ph":"E", "ts":"2255238271", "pid":"1", "tid":"cice"},
{"name":"ModelAdvance", "ph":"B", "ts":"2255302653", "pid":"1", "tid":"cice"},
{"name":"ModelAdvance", "ph":"E", "ts":"2256672642", "pid":"1", "tid":"cice"},
{"name":"ModelAdvance", "ph":"B", "ts":"2260526948", "pid":"1", "tid":"cice"},
{"name":"ModelAdvance", "ph":"E", "ts":"2261891399", "pid":"1", "tid":"cice"},
{"name":"ModelAdvance", "ph":"B", "ts":"2262353103", "pid":"1", "tid":"cice"},
{"name":"ModelAdvance", "ph":"E", "ts":"2263722681", "pid":"1", "tid":"cice"},
{"name":"ModelAdvance", "ph":"B", "ts":"2264183011", "pid":"1", "tid":"cice"},
{"name":"ModelAdvance", "ph":"E", "ts":"2265555211", "pid":"1", "tid":"cice"},
{"name":"ModelAdvance", "ph":"B", "ts":"2265999514", "pid":"1", "tid":"cice"},
{"name":"ModelAdvance", "ph":"E", "ts":"2267363941", "pid":"1", "tid":"cice"},
{"name":"ModelAdvance", "ph":"B", "ts":"2267797351", "pid":"1", "tid":"cice"},
{"name":"ModelAdvance", "ph":"E", "ts":"2269152752", "pid":"1", "tid":"cice"},
{"name":"ModelAdvance", "ph":"B", "ts":"2269606238", "pid":"1", "tid":"cice"},
{"name":"ModelAdvance", "ph":"E", "ts":"2270971915", "pid":"1", "tid":"cice"},
{"name":"ModelAdvance", "ph":"B", "ts":"2274792500", "pid":"1", "tid":"cice"},
{"name":"ModelAdvance", "ph":"E", "ts":"2276165638", "pid":"1", "tid":"cice"},
{"name":"ModelAdvance", "ph":"B", "ts":"2276581703", "pid":"1", "tid":"cice"},
{"name":"ModelAdvance", "ph":"E", "ts":"2277953345", "pid":"1", "tid":"cice"},
{"name":"ModelAdvance", "ph":"B", "ts":"2278378131", "pid":"1", "tid":"cice"},
{"name":"ModelAdvance", "ph":"E", "ts":"2279747052", "pid":"1", "tid":"cice"},
{"name":"ModelAdvance", "ph":"B", "ts":"2280176709", "pid":"1", "tid":"cice"},
{"name":"ModelAdvance", "ph":"E", "ts":"2281542444", "pid":"1", "tid":"cice"},
{"name":"ModelAdvance", "ph":"B", "ts":"2281967487", "pid":"1", "tid":"cice"},
{"name":"ModelAdvance", "ph":"E", "ts":"2284558412", "pid":"1", "tid":"cice"},
{"name":"ModelAdvance", "ph":"B", "ts":"2284621417", "pid":"1", "tid":"cice"},
{"name":"ModelAdvance", "ph":"E", "ts":"2285993545", "pid":"1", "tid":"cice"},
{"name":"ModelAdvance", "ph":"B", "ts":"2289789856", "pid":"1", "tid":"cice"},
{"name":"ModelAdvance", "ph":"E", "ts":"2291154661", "pid":"1", "tid":"cice"},
{"name":"ModelAdvance", "ph":"B", "ts":"2291567705", "pid":"1", "tid":"cice"},
{"name":"ModelAdvance", "ph":"E", "ts":"2292935729", "pid":"1", "tid":"cice"},
{"name":"ModelAdvance", "ph":"B", "ts":"2293360009", "pid":"1", "tid":"cice"},
{"name":"ModelAdvance", "ph":"E", "ts":"2294725842", "pid":"1", "tid":"cice"},
{"name":"ModelAdvance", "ph":"B", "ts":"2295152049", "pid":"1", "tid":"cice"},
{"name":"ModelAdvance", "ph":"E", "ts":"2296518151", "pid":"1", "tid":"cice"},
{"name":"ModelAdvance", "ph":"B", "ts":"2296935189", "pid":"1", "tid":"cice"},
{"name":"ModelAdvance", "ph":"E", "ts":"2298295373", "pid":"1", "tid":"cice"},
{"name":"ModelAdvance", "ph":"B", "ts":"2298722165", "pid":"1", "tid":"cice"},
{"name":"ModelAdvance", "ph":"E", "ts":"2300092715", "pid":"1", "tid":"cice"},
{"name":"ModelAdvance", "ph":"B", "ts":"2303924240", "pid":"1", "tid":"cice"},
{"name":"ModelAdvance", "ph":"E", "ts":"2305296201", "pid":"1", "tid":"cice"},
{"name":"ModelAdvance", "ph":"B", "ts":"2305713695", "pid":"1", "tid":"cice"},
{"name":"ModelAdvance", "ph":"E", "ts":"2307083895", "pid":"1", "tid":"cice"},
{"name":"ModelAdvance", "ph":"B", "ts":"2307514141", "pid":"1", "tid":"cice"},
{"name":"ModelAdvance", "ph":"E", "ts":"2308881397", "pid":"1", "tid":"cice"},
{"name":"ModelAdvance", "ph":"B", "ts":"2309321535", "pid":"1", "tid":"cice"},
{"name":"ModelAdvance", "ph":"E", "ts":"2310687522", "pid":"1", "tid":"cice"},
{"name":"ModelAdvance", "ph":"B", "ts":"2311120901", "pid":"1", "tid":"cice"},
{"name":"ModelAdvance", "ph":"E", "ts":"2313765755", "pid":"1", "tid":"cice"},
{"name":"ModelAdvance", "ph":"B", "ts":"2313830218", "pid":"1", "tid":"cice"},
{"name":"ModelAdvance", "ph":"E", "ts":"2315199042", "pid":"1", "tid":"cice"},
{"name":"ModelAdvance", "ph":"B", "ts":"2319043318", "pid":"1", "tid":"cice"},
{"name":"ModelAdvance", "ph":"E", "ts":"2320404505", "pid":"1", "tid":"cice"},
{"name":"ModelAdvance", "ph":"B", "ts":"2320847648", "pid":"1", "tid":"cice"},
{"name":"ModelAdvance", "ph":"E", "ts":"2322219887", "pid":"1", "tid":"cice"},
{"name":"ModelAdvance", "ph":"B", "ts":"2322677762", "pid":"1", "tid":"cice"},
{"name":"ModelAdvance", "ph":"E", "ts":"2324040548", "pid":"1", "tid":"cice"},
{"name":"ModelAdvance", "ph":"B", "ts":"2324496808", "pid":"1", "tid":"cice"},
{"name":"ModelAdvance", "ph":"E", "ts":"2325858834", "pid":"1", "tid":"cice"},
{"name":"ModelAdvance", "ph":"B", "ts":"2326310589", "pid":"1", "tid":"cice"},
{"name":"ModelAdvance", "ph":"E", "ts":"2327660908", "pid":"1", "tid":"cice"},
{"name":"ModelAdvance", "ph":"B", "ts":"2328145460", "pid":"1", "tid":"cice"},
{"name":"ModelAdvance", "ph":"E", "ts":"2329502908", "pid":"1", "tid":"cice"},
{"name":"ModelAdvance", "ph":"B", "ts":"2333399183", "pid":"1", "tid":"cice"},
{"name":"ModelAdvance", "ph":"E", "ts":"2334757101", "pid":"1", "tid":"cice"},
{"name":"ModelAdvance", "ph":"B", "ts":"2335231827", "pid":"1", "tid":"cice"},
{"name":"ModelAdvance", "ph":"E", "ts":"2336586050", "pid":"1", "tid":"cice"},
{"name":"ModelAdvance", "ph":"B", "ts":"2337075980", "pid":"1", "tid":"cice"},
{"name":"ModelAdvance", "ph":"E", "ts":"2338422647", "pid":"1", "tid":"cice"},
{"name":"ModelAdvance", "ph":"B", "ts":"2338930500", "pid":"1", "tid":"cice"},
{"name":"ModelAdvance", "ph":"E", "ts":"2340272343", "pid":"1", "tid":"cice"},
{"name":"ModelAdvance", "ph":"B", "ts":"2340779304", "pid":"1", "tid":"cice"},
{"name":"ModelAdvance", "ph":"E", "ts":"2343451482", "pid":"1", "tid":"cice"},
{"name":"ModelAdvance", "ph":"B", "ts":"2343514796", "pid":"1", "tid":"cice"},
{"name":"ModelAdvance", "ph":"E", "ts":"2344852716", "pid":"1", "tid":"cice"},
{"name":"ModelAdvance", "ph":"B", "ts":"2348851223", "pid":"1", "tid":"cice"},
{"name":"ModelAdvance", "ph":"E", "ts":"2350182716", "pid":"1", "tid":"cice"},
{"name":"ModelAdvance", "ph":"B", "ts":"2350701199", "pid":"1", "tid":"cice"},
{"name":"ModelAdvance", "ph":"E", "ts":"2352038674", "pid":"1", "tid":"cice"},
{"name":"ModelAdvance", "ph":"B", "ts":"2352577917", "pid":"1", "tid":"cice"},
{"name":"ModelAdvance", "ph":"E", "ts":"2353911237", "pid":"1", "tid":"cice"},
{"name":"ModelAdvance", "ph":"B", "ts":"2354450221", "pid":"1", "tid":"cice"},
{"name":"ModelAdvance", "ph":"E", "ts":"2355787788", "pid":"1", "tid":"cice"},
{"name":"ModelAdvance", "ph":"B", "ts":"2356322359", "pid":"1", "tid":"cice"},
{"name":"ModelAdvance", "ph":"E", "ts":"2357647558", "pid":"1", "tid":"cice"},
{"name":"ModelAdvance", "ph":"B", "ts":"2358207135", "pid":"1", "tid":"cice"},
{"name":"ModelAdvance", "ph":"E", "ts":"2359544214", "pid":"1", "tid":"cice"},
{"name":"ModelAdvance", "ph":"B", "ts":"2363553247", "pid":"1", "tid":"cice"},
{"name":"ModelAdvance", "ph":"E", "ts":"2364896531", "pid":"1", "tid":"cice"},
{"name":"ModelAdvance", "ph":"B", "ts":"2365429195", "pid":"1", "tid":"cice"},
{"name":"ModelAdvance", "ph":"E", "ts":"2366767787", "pid":"1", "tid":"cice"},
{"name":"ModelAdvance", "ph":"B", "ts":"2367316716", "pid":"1", "tid":"cice"},
{"name":"ModelAdvance", "ph":"E", "ts":"2368651987", "pid":"1", "tid":"cice"},
{"name":"ModelAdvance", "ph":"B", "ts":"2369208936", "pid":"1", "tid":"cice"},
{"name":"ModelAdvance", "ph":"E", "ts":"2370548501", "pid":"1", "tid":"cice"},
{"name":"ModelAdvance", "ph":"B", "ts":"2371094421", "pid":"1", "tid":"cice"},
{"name":"ModelAdvance", "ph":"E", "ts":"2373762065", "pid":"1", "tid":"cice"},
{"name":"ModelAdvance", "ph":"B", "ts":"2373817026", "pid":"1", "tid":"cice"},
{"name":"ModelAdvance", "ph":"E", "ts":"2375153797", "pid":"1", "tid":"cice"},
{"name":"ModelAdvance", "ph":"B", "ts":"2379177089", "pid":"1", "tid":"cice"},
{"name":"ModelAdvance", "ph":"E", "ts":"2380502680", "pid":"1", "tid":"cice"},
{"name":"ModelAdvance", "ph":"B", "ts":"2381052748", "pid":"1", "tid":"cice"},
{"name":"ModelAdvance", "ph":"E", "ts":"2382388892", "pid":"1", "tid":"cice"},
{"name":"ModelAdvance", "ph":"B", "ts":"2382946276", "pid":"1", "tid":"cice"},
{"name":"ModelAdvance", "ph":"E", "ts":"2384283253", "pid":"1", "tid":"cice"},
{"name":"ModelAdvance", "ph":"B", "ts":"2384827258", "pid":"1", "tid":"cice"},
{"name":"ModelAdvance", "ph":"E", "ts":"2386168416", "pid":"1", "tid":"cice"},
{"name":"ModelAdvance", "ph":"B", "ts":"2386699476", "pid":"1", "tid":"cice"},
{"name":"ModelAdvance", "ph":"E", "ts":"2388026729", "pid":"1", "tid":"cice"},
{"name":"ModelAdvance", "ph":"B", "ts":"2388576205", "pid":"1", "tid":"cice"},
{"name":"ModelAdvance", "ph":"E", "ts":"2389908641", "pid":"1", "tid":"cice"},
{"name":"ModelAdvance", "ph":"B", "ts":"2393919419", "pid":"1", "tid":"cice"},
{"name":"ModelAdvance", "ph":"E", "ts":"2395262279", "pid":"1", "tid":"cice"},
{"name":"ModelAdvance", "ph":"B", "ts":"2395776353", "pid":"1", "tid":"cice"},
{"name":"ModelAdvance", "ph":"E", "ts":"2397123114", "pid":"1", "tid":"cice"},
{"name":"ModelAdvance", "ph":"B", "ts":"2397637943", "pid":"1", "tid":"cice"},
{"name":"ModelAdvance", "ph":"E", "ts":"2398981947", "pid":"1", "tid":"cice"},
{"name":"ModelAdvance", "ph":"B", "ts":"2399501873", "pid":"1", "tid":"cice"},
{"name":"ModelAdvance", "ph":"E", "ts":"2400850861", "pid":"1", "tid":"cice"},
{"name":"ModelAdvance", "ph":"B", "ts":"2401356459", "pid":"1", "tid":"cice"},
{"name":"ModelAdvance", "ph":"E", "ts":"2404072714", "pid":"1", "tid":"cice"},
{"name":"ModelAdvance", "ph":"B", "ts":"2404136173", "pid":"1", "tid":"cice"},
{"name":"ModelAdvance", "ph":"E", "ts":"2405487287", "pid":"1", "tid":"cice"},
{"name":"ModelAdvance", "ph":"B", "ts":"2409461622", "pid":"1", "tid":"cice"},
{"name":"ModelAdvance", "ph":"E", "ts":"2410812859", "pid":"1", "tid":"cice"},
{"name":"ModelAdvance", "ph":"B", "ts":"2411292837", "pid":"1", "tid":"cice"},
{"name":"ModelAdvance", "ph":"E", "ts":"2412662266", "pid":"1", "tid":"cice"},
{"name":"ModelAdvance", "ph":"B", "ts":"2413153881", "pid":"1", "tid":"cice"},
{"name":"ModelAdvance", "ph":"E", "ts":"2414519136", "pid":"1", "tid":"cice"},
{"name":"ModelAdvance", "ph":"B", "ts":"2414986015", "pid":"1", "tid":"cice"},
{"name":"ModelAdvance", "ph":"E", "ts":"2416351987", "pid":"1", "tid":"cice"},
{"name":"ModelAdvance", "ph":"B", "ts":"2416809804", "pid":"1", "tid":"cice"},
{"name":"ModelAdvance", "ph":"E", "ts":"2418169248", "pid":"1", "tid":"cice"},
{"name":"ModelAdvance", "ph":"B", "ts":"2418635049", "pid":"1", "tid":"cice"},
{"name":"ModelAdvance", "ph":"E", "ts":"2420002121", "pid":"1", "tid":"cice"},
{"name":"ModelAdvance", "ph":"B", "ts":"2423750897", "pid":"1", "tid":"cice"},
{"name":"ModelAdvance", "ph":"E", "ts":"2425121634", "pid":"1", "tid":"cice"},
{"name":"ModelAdvance", "ph":"B", "ts":"2425553744", "pid":"1", "tid":"cice"},
{"name":"ModelAdvance", "ph":"E", "ts":"2426925943", "pid":"1", "tid":"cice"},
{"name":"ModelAdvance", "ph":"B", "ts":"2427365883", "pid":"1", "tid":"cice"},
{"name":"ModelAdvance", "ph":"E", "ts":"2428733087", "pid":"1", "tid":"cice"},
{"name":"ModelAdvance", "ph":"B", "ts":"2429182485", "pid":"1", "tid":"cice"},
{"name":"ModelAdvance", "ph":"E", "ts":"2430549997", "pid":"1", "tid":"cice"},
{"name":"ModelAdvance", "ph":"B", "ts":"2430985706", "pid":"1", "tid":"cice"},
{"name":"ModelAdvance", "ph":"E", "ts":"2434984205", "pid":"1", "tid":"cice"},
{"name":"ModelFinalize", "ph":"B", "ts":"2434993127", "pid":"1", "tid":"cice"},
{"name":"ModelFinalize", "ph":"E", "ts":"2434993198", "pid":"1", "tid":"cice"}
]
