[
{"name":"SetServices", "ph":"B", "ts":"3554777543118", "pid":"1", "tid":"cmeps"},
{"name":"SetServices", "ph":"E", "ts":"3554777551852", "pid":"1", "tid":"cmeps"},
{"name":"InitializeP0", "ph":"B", "ts":"3554777590924", "pid":"1", "tid":"cmeps"},
{"name":"InitializeP0", "ph":"E", "ts":"3554777593906", "pid":"1", "tid":"cmeps"},
{"name":"AdvertiseFields", "ph":"B", "ts":"3554778460072", "pid":"1", "tid":"cmeps"},
{"name":"AdvertiseFields", "ph":"E", "ts":"3554778468854", "pid":"1", "tid":"cmeps"},
{"name":"RealizeFieldsWithTransferProvided", "ph":"B", "ts":"3554833235458", "pid":"1", "tid":"cmeps"},
{"name":"RealizeFieldsWithTransferProvided", "ph":"E", "ts":"3554833236197", "pid":"1", "tid":"cmeps"},
{"name":"ModifyDecompofMesh", "ph":"B", "ts":"3554835226129", "pid":"1", "tid":"cmeps"},
{"name":"ModifyDecompofMesh", "ph":"E", "ts":"3554835438337", "pid":"1", "tid":"cmeps"},
{"name":"RealizeFieldsWithTransferAccept", "ph":"B", "ts":"3554837257606", "pid":"1", "tid":"cmeps"},
{"name":"RealizeFieldsWithTransferAccept", "ph":"E", "ts":"3554837259313", "pid":"1", "tid":"cmeps"},
{"name":"DataInitialize", "ph":"B", "ts":"3554840799378", "pid":"1", "tid":"cmeps"},
{"name":"DataInitialize", "ph":"E", "ts":"3554842090294", "pid":"1", "tid":"cmeps"},
{"name":"DataInitialize", "ph":"B", "ts":"3554842117940", "pid":"1", "tid":"cmeps"},
{"name":"med_phases_ocnalb_run", "ph":"B", "ts":"3554842118691", "pid":"1", "tid":"cmeps"},
{"name":"med_phases_post_atm", "ph":"B", "ts":"3554842122144", "pid":"1", "tid":"cmeps"},
{"name":"med_phases_post_atm", "ph":"E", "ts":"3554842124600", "pid":"1", "tid":"cmeps"},
{"name":"med_phases_post_wav", "ph":"B", "ts":"3554842124634", "pid":"1", "tid":"cmeps"},
{"name":"med_phases_post_wav", "ph":"E", "ts":"3554842124639", "pid":"1", "tid":"cmeps"},
{"name":"DataInitialize", "ph":"E", "ts":"3554842125352", "pid":"1", "tid":"cmeps"},
{"name":"med_phases_prep_atm", "ph":"B", "ts":"3554842168557", "pid":"1", "tid":"cmeps"},
{"name":"med_phases_prep_atm", "ph":"E", "ts":"3554842168641", "pid":"1", "tid":"cmeps"},
{"name":"med_phases_prep_wav_accum", "ph":"B", "ts":"3554842168751", "pid":"1", "tid":"cmeps"},
{"name":"med_phases_prep_wav_accum", "ph":"E", "ts":"3554842169170", "pid":"1", "tid":"cmeps"},
{"name":"med_phases_prep_wav_avg", "ph":"B", "ts":"3554842169266", "pid":"1", "tid":"cmeps"},
{"name":"med_phases_prep_wav_avg", "ph":"E", "ts":"3554842169527", "pid":"1", "tid":"cmeps"},
{"name":"med_phases_post_atm", "ph":"B", "ts":"3554842171775", "pid":"1", "tid":"cmeps"},
{"name":"med_phases_history_write_comp", "ph":"B", "ts":"3554842179819", "pid":"1", "tid":"cmeps"},
{"name":"med_phases_history_write_comp", "ph":"E", "ts":"3554842179937", "pid":"1", "tid":"cmeps"},
{"name":"med_phases_post_atm", "ph":"E", "ts":"3554842179943", "pid":"1", "tid":"cmeps"},
{"name":"med_phases_post_wav", "ph":"B", "ts":"3554844499721", "pid":"1", "tid":"cmeps"},
{"name":"med_phases_history_write_comp", "ph":"B", "ts":"3554844499816", "pid":"1", "tid":"cmeps"},
{"name":"med_phases_history_write_comp", "ph":"E", "ts":"3554844499909", "pid":"1", "tid":"cmeps"},
{"name":"med_phases_post_wav", "ph":"E", "ts":"3554844499913", "pid":"1", "tid":"cmeps"},
{"name":"med_phases_restart_write", "ph":"B", "ts":"3554844500025", "pid":"1", "tid":"cmeps"},
{"name":"med_phases_restart_write", "ph":"E", "ts":"3554844501925", "pid":"1", "tid":"cmeps"},
{"name":"med_phases_prep_atm", "ph":"B", "ts":"3554844502065", "pid":"1", "tid":"cmeps"},
{"name":"med_phases_prep_atm", "ph":"E", "ts":"3554844502087", "pid":"1", "tid":"cmeps"},
{"name":"med_phases_prep_wav_accum", "ph":"B", "ts":"3554844502180", "pid":"1", "tid":"cmeps"},
{"name":"med_phases_prep_wav_accum", "ph":"E", "ts":"3554844502418", "pid":"1", "tid":"cmeps"},
{"name":"med_phases_prep_wav_avg", "ph":"B", "ts":"3554844502518", "pid":"1", "tid":"cmeps"},
{"name":"med_phases_prep_wav_avg", "ph":"E", "ts":"3554844502787", "pid":"1", "tid":"cmeps"},
{"name":"med_phases_post_atm", "ph":"B", "ts":"3554844504730", "pid":"1", "tid":"cmeps"},
{"name":"med_phases_history_write_comp", "ph":"B", "ts":"3554844515870", "pid":"1", "tid":"cmeps"},
{"name":"med_phases_history_write_comp", "ph":"E", "ts":"3554844515975", "pid":"1", "tid":"cmeps"},
{"name":"med_phases_post_atm", "ph":"E", "ts":"3554844519349", "pid":"1", "tid":"cmeps"},
{"name":"med_phases_post_wav", "ph":"B", "ts":"3554849918173", "pid":"1", "tid":"cmeps"},
{"name":"med_phases_history_write_comp", "ph":"B", "ts":"3554849918317", "pid":"1", "tid":"cmeps"},
{"name":"med_phases_history_write_comp", "ph":"E", "ts":"3554849918326", "pid":"1", "tid":"cmeps"},
{"name":"med_phases_post_wav", "ph":"E", "ts":"3554849918328", "pid":"1", "tid":"cmeps"},
{"name":"med_phases_restart_write", "ph":"B", "ts":"3554849918430", "pid":"1", "tid":"cmeps"},
{"name":"med_phases_restart_write", "ph":"E", "ts":"3554849918454", "pid":"1", "tid":"cmeps"},
{"name":"med_phases_prep_atm", "ph":"B", "ts":"3554849918539", "pid":"1", "tid":"cmeps"},
{"name":"med_phases_prep_atm", "ph":"E", "ts":"3554849918557", "pid":"1", "tid":"cmeps"},
{"name":"med_phases_prep_wav_accum", "ph":"B", "ts":"3554849918646", "pid":"1", "tid":"cmeps"},
{"name":"med_phases_prep_wav_accum", "ph":"E", "ts":"3554849918828", "pid":"1", "tid":"cmeps"},
{"name":"med_phases_prep_wav_avg", "ph":"B", "ts":"3554849918926", "pid":"1", "tid":"cmeps"},
{"name":"med_phases_prep_wav_avg", "ph":"E", "ts":"3554849919205", "pid":"1", "tid":"cmeps"},
{"name":"med_phases_post_atm", "ph":"B", "ts":"3554849920968", "pid":"1", "tid":"cmeps"},
{"name":"med_phases_history_write_comp", "ph":"B", "ts":"3554850076340", "pid":"1", "tid":"cmeps"},
{"name":"med_phases_history_write_comp", "ph":"E", "ts":"3554850076379", "pid":"1", "tid":"cmeps"},
{"name":"med_phases_post_atm", "ph":"E", "ts":"3554850076383", "pid":"1", "tid":"cmeps"},
{"name":"med_phases_post_wav", "ph":"B", "ts":"3554855680099", "pid":"1", "tid":"cmeps"},
{"name":"med_phases_history_write_comp", "ph":"B", "ts":"3554855680255", "pid":"1", "tid":"cmeps"},
{"name":"med_phases_history_write_comp", "ph":"E", "ts":"3554855680269", "pid":"1", "tid":"cmeps"},
{"name":"med_phases_post_wav", "ph":"E", "ts":"3554855680272", "pid":"1", "tid":"cmeps"},
{"name":"med_phases_restart_write", "ph":"B", "ts":"3554855680377", "pid":"1", "tid":"cmeps"},
{"name":"med_phases_restart_write", "ph":"E", "ts":"3554855680406", "pid":"1", "tid":"cmeps"},
{"name":"med_phases_prep_atm", "ph":"B", "ts":"3554855680495", "pid":"1", "tid":"cmeps"},
{"name":"med_phases_prep_atm", "ph":"E", "ts":"3554855680524", "pid":"1", "tid":"cmeps"},
{"name":"med_phases_prep_wav_accum", "ph":"B", "ts":"3554855680617", "pid":"1", "tid":"cmeps"},
{"name":"med_phases_prep_wav_accum", "ph":"E", "ts":"3554855681242", "pid":"1", "tid":"cmeps"},
{"name":"med_phases_prep_wav_avg", "ph":"B", "ts":"3554855681345", "pid":"1", "tid":"cmeps"},
{"name":"med_phases_prep_wav_avg", "ph":"E", "ts":"3554855681616", "pid":"1", "tid":"cmeps"},
{"name":"med_phases_post_atm", "ph":"B", "ts":"3554855685832", "pid":"1", "tid":"cmeps"},
{"name":"med_phases_history_write_comp", "ph":"B", "ts":"3554855836298", "pid":"1", "tid":"cmeps"},
{"name":"med_phases_history_write_comp", "ph":"E", "ts":"3554855836328", "pid":"1", "tid":"cmeps"},
{"name":"med_phases_post_atm", "ph":"E", "ts":"3554855836332", "pid":"1", "tid":"cmeps"},
{"name":"med_phases_post_wav", "ph":"B", "ts":"3554861713597", "pid":"1", "tid":"cmeps"},
{"name":"med_phases_history_write_comp", "ph":"B", "ts":"3554861713825", "pid":"1", "tid":"cmeps"},
{"name":"med_phases_history_write_comp", "ph":"E", "ts":"3554861713837", "pid":"1", "tid":"cmeps"},
{"name":"med_phases_post_wav", "ph":"E", "ts":"3554861713840", "pid":"1", "tid":"cmeps"},
{"name":"med_phases_restart_write", "ph":"B", "ts":"3554861713947", "pid":"1", "tid":"cmeps"},
{"name":"med_phases_restart_write", "ph":"E", "ts":"3554861713972", "pid":"1", "tid":"cmeps"},
{"name":"med_phases_prep_atm", "ph":"B", "ts":"3554861714066", "pid":"1", "tid":"cmeps"},
{"name":"med_phases_prep_atm", "ph":"E", "ts":"3554861714100", "pid":"1", "tid":"cmeps"},
{"name":"med_phases_prep_wav_accum", "ph":"B", "ts":"3554861714190", "pid":"1", "tid":"cmeps"},
{"name":"med_phases_prep_wav_accum", "ph":"E", "ts":"3554861714480", "pid":"1", "tid":"cmeps"},
{"name":"med_phases_prep_wav_avg", "ph":"B", "ts":"3554861714589", "pid":"1", "tid":"cmeps"},
{"name":"med_phases_prep_wav_avg", "ph":"E", "ts":"3554861714857", "pid":"1", "tid":"cmeps"},
{"name":"med_phases_post_atm", "ph":"B", "ts":"3554861716840", "pid":"1", "tid":"cmeps"},
{"name":"med_phases_history_write_comp", "ph":"B", "ts":"3554862286801", "pid":"1", "tid":"cmeps"},
{"name":"med_phases_history_write_comp", "ph":"E", "ts":"3554862286845", "pid":"1", "tid":"cmeps"},
{"name":"med_phases_post_atm", "ph":"E", "ts":"3554862286849", "pid":"1", "tid":"cmeps"},
{"name":"med_phases_post_wav", "ph":"B", "ts":"3554868512389", "pid":"1", "tid":"cmeps"},
{"name":"med_phases_history_write_comp", "ph":"B", "ts":"3554868512535", "pid":"1", "tid":"cmeps"},
{"name":"med_phases_history_write_comp", "ph":"E", "ts":"3554868512543", "pid":"1", "tid":"cmeps"},
{"name":"med_phases_post_wav", "ph":"E", "ts":"3554868512546", "pid":"1", "tid":"cmeps"},
{"name":"med_phases_restart_write", "ph":"B", "ts":"3554868512645", "pid":"1", "tid":"cmeps"},
{"name":"med_phases_restart_write", "ph":"E", "ts":"3554868512666", "pid":"1", "tid":"cmeps"},
{"name":"med_phases_prep_atm", "ph":"B", "ts":"3554868512749", "pid":"1", "tid":"cmeps"},
{"name":"med_phases_prep_atm", "ph":"E", "ts":"3554868512764", "pid":"1", "tid":"cmeps"},
{"name":"med_phases_prep_wav_accum", "ph":"B", "ts":"3554868512850", "pid":"1", "tid":"cmeps"},
{"name":"med_phases_prep_wav_accum", "ph":"E", "ts":"3554868513038", "pid":"1", "tid":"cmeps"},
{"name":"med_phases_prep_wav_avg", "ph":"B", "ts":"3554868513134", "pid":"1", "tid":"cmeps"},
{"name":"med_phases_prep_wav_avg", "ph":"E", "ts":"3554868513396", "pid":"1", "tid":"cmeps"},
{"name":"med_phases_post_atm", "ph":"B", "ts":"3554868515132", "pid":"1", "tid":"cmeps"},
{"name":"med_phases_history_write_comp", "ph":"B", "ts":"3554869274302", "pid":"1", "tid":"cmeps"},
{"name":"med_phases_history_write_comp", "ph":"E", "ts":"3554869274345", "pid":"1", "tid":"cmeps"},
{"name":"med_phases_post_atm", "ph":"E", "ts":"3554869274349", "pid":"1", "tid":"cmeps"},
{"name":"med_phases_post_wav", "ph":"B", "ts":"3554875601197", "pid":"1", "tid":"cmeps"},
{"name":"med_phases_history_write_comp", "ph":"B", "ts":"3554875601353", "pid":"1", "tid":"cmeps"},
{"name":"med_phases_history_write_comp", "ph":"E", "ts":"3554875601368", "pid":"1", "tid":"cmeps"},
{"name":"med_phases_post_wav", "ph":"E", "ts":"3554875601371", "pid":"1", "tid":"cmeps"},
{"name":"med_phases_restart_write", "ph":"B", "ts":"3554875601473", "pid":"1", "tid":"cmeps"},
{"name":"med_phases_restart_write", "ph":"E", "ts":"3554875601501", "pid":"1", "tid":"cmeps"},
{"name":"med_phases_prep_atm", "ph":"B", "ts":"3554875601589", "pid":"1", "tid":"cmeps"},
{"name":"med_phases_prep_atm", "ph":"E", "ts":"3554875601618", "pid":"1", "tid":"cmeps"},
{"name":"med_phases_prep_wav_accum", "ph":"B", "ts":"3554875601711", "pid":"1", "tid":"cmeps"},
{"name":"med_phases_prep_wav_accum", "ph":"E", "ts":"3554875602314", "pid":"1", "tid":"cmeps"},
{"name":"med_phases_prep_wav_avg", "ph":"B", "ts":"3554875602417", "pid":"1", "tid":"cmeps"},
{"name":"med_phases_prep_wav_avg", "ph":"E", "ts":"3554875602688", "pid":"1", "tid":"cmeps"},
{"name":"med_phases_post_atm", "ph":"B", "ts":"3554875606775", "pid":"1", "tid":"cmeps"},
{"name":"med_phases_history_write_comp", "ph":"B", "ts":"3554876473008", "pid":"1", "tid":"cmeps"},
{"name":"med_phases_history_write_comp", "ph":"E", "ts":"3554876473065", "pid":"1", "tid":"cmeps"},
{"name":"med_phases_post_atm", "ph":"E", "ts":"3554876473069", "pid":"1", "tid":"cmeps"},
{"name":"med_phases_post_wav", "ph":"B", "ts":"3554883006179", "pid":"1", "tid":"cmeps"},
{"name":"med_phases_history_write_comp", "ph":"B", "ts":"3554883006323", "pid":"1", "tid":"cmeps"},
{"name":"med_phases_history_write_comp", "ph":"E", "ts":"3554883006332", "pid":"1", "tid":"cmeps"},
{"name":"med_phases_post_wav", "ph":"E", "ts":"3554883006335", "pid":"1", "tid":"cmeps"},
{"name":"med_phases_restart_write", "ph":"B", "ts":"3554883006436", "pid":"1", "tid":"cmeps"},
{"name":"med_phases_restart_write", "ph":"E", "ts":"3554883006495", "pid":"1", "tid":"cmeps"},
{"name":"med_phases_prep_atm", "ph":"B", "ts":"3554883006588", "pid":"1", "tid":"cmeps"},
{"name":"med_phases_prep_atm", "ph":"E", "ts":"3554883006605", "pid":"1", "tid":"cmeps"},
{"name":"med_phases_prep_wav_accum", "ph":"B", "ts":"3554883006694", "pid":"1", "tid":"cmeps"},
{"name":"med_phases_prep_wav_accum", "ph":"E", "ts":"3554883006876", "pid":"1", "tid":"cmeps"},
{"name":"med_phases_prep_wav_avg", "ph":"B", "ts":"3554883006974", "pid":"1", "tid":"cmeps"},
{"name":"med_phases_prep_wav_avg", "ph":"E", "ts":"3554883007252", "pid":"1", "tid":"cmeps"},
{"name":"med_phases_post_atm", "ph":"B", "ts":"3554883008992", "pid":"1", "tid":"cmeps"},
{"name":"med_phases_history_write_comp", "ph":"B", "ts":"3554883762697", "pid":"1", "tid":"cmeps"},
{"name":"med_phases_history_write_comp", "ph":"E", "ts":"3554883762840", "pid":"1", "tid":"cmeps"},
{"name":"med_phases_post_atm", "ph":"E", "ts":"3554883762846", "pid":"1", "tid":"cmeps"},
{"name":"med_phases_post_wav", "ph":"B", "ts":"3554889639534", "pid":"1", "tid":"cmeps"},
{"name":"med_phases_history_write_comp", "ph":"B", "ts":"3554889639683", "pid":"1", "tid":"cmeps"},
{"name":"med_phases_history_write_comp", "ph":"E", "ts":"3554889642746", "pid":"1", "tid":"cmeps"},
{"name":"med_phases_post_wav", "ph":"E", "ts":"3554889642750", "pid":"1", "tid":"cmeps"},
{"name":"med_phases_restart_write", "ph":"B", "ts":"3554889642863", "pid":"1", "tid":"cmeps"},
{"name":"med_phases_restart_write", "ph":"E", "ts":"3554889642885", "pid":"1", "tid":"cmeps"},
{"name":"med_phases_prep_atm", "ph":"B", "ts":"3554889642971", "pid":"1", "tid":"cmeps"},
{"name":"med_phases_prep_atm", "ph":"E", "ts":"3554889643003", "pid":"1", "tid":"cmeps"},
{"name":"med_phases_prep_wav_accum", "ph":"B", "ts":"3554889643101", "pid":"1", "tid":"cmeps"},
{"name":"med_phases_prep_wav_accum", "ph":"E", "ts":"3554889643301", "pid":"1", "tid":"cmeps"},
{"name":"med_phases_prep_wav_avg", "ph":"B", "ts":"3554889643402", "pid":"1", "tid":"cmeps"},
{"name":"med_phases_prep_wav_avg", "ph":"E", "ts":"3554889643670", "pid":"1", "tid":"cmeps"},
{"name":"med_phases_post_atm", "ph":"B", "ts":"3554889645556", "pid":"1", "tid":"cmeps"},
{"name":"med_phases_history_write_comp", "ph":"B", "ts":"3554890225389", "pid":"1", "tid":"cmeps"},
{"name":"med_phases_history_write_comp", "ph":"E", "ts":"3554890225446", "pid":"1", "tid":"cmeps"},
{"name":"med_phases_post_atm", "ph":"E", "ts":"3554890225450", "pid":"1", "tid":"cmeps"},
{"name":"med_phases_post_wav", "ph":"B", "ts":"3554895333384", "pid":"1", "tid":"cmeps"},
{"name":"med_phases_history_write_comp", "ph":"B", "ts":"3554895333616", "pid":"1", "tid":"cmeps"},
{"name":"med_phases_history_write_comp", "ph":"E", "ts":"3554895333624", "pid":"1", "tid":"cmeps"},
{"name":"med_phases_post_wav", "ph":"E", "ts":"3554895333627", "pid":"1", "tid":"cmeps"},
{"name":"med_phases_restart_write", "ph":"B", "ts":"3554895333730", "pid":"1", "tid":"cmeps"},
{"name":"med_phases_restart_write", "ph":"E", "ts":"3554895333752", "pid":"1", "tid":"cmeps"},
{"name":"med_phases_prep_atm", "ph":"B", "ts":"3554895333837", "pid":"1", "tid":"cmeps"},
{"name":"med_phases_prep_atm", "ph":"E", "ts":"3554895333853", "pid":"1", "tid":"cmeps"},
{"name":"med_phases_prep_wav_accum", "ph":"B", "ts":"3554895333941", "pid":"1", "tid":"cmeps"},
{"name":"med_phases_prep_wav_accum", "ph":"E", "ts":"3554895334132", "pid":"1", "tid":"cmeps"},
{"name":"med_phases_prep_wav_avg", "ph":"B", "ts":"3554895334232", "pid":"1", "tid":"cmeps"},
{"name":"med_phases_prep_wav_avg", "ph":"E", "ts":"3554895334498", "pid":"1", "tid":"cmeps"},
{"name":"med_phases_post_atm", "ph":"B", "ts":"3554895336292", "pid":"1", "tid":"cmeps"},
{"name":"med_phases_history_write_comp", "ph":"B", "ts":"3554895759338", "pid":"1", "tid":"cmeps"},
{"name":"med_phases_history_write_comp", "ph":"E", "ts":"3554895759384", "pid":"1", "tid":"cmeps"},
{"name":"med_phases_post_atm", "ph":"E", "ts":"3554895759388", "pid":"1", "tid":"cmeps"},
{"name":"med_phases_post_wav", "ph":"B", "ts":"3554900400319", "pid":"1", "tid":"cmeps"},
{"name":"med_phases_history_write_comp", "ph":"B", "ts":"3554900400461", "pid":"1", "tid":"cmeps"},
{"name":"med_phases_history_write_comp", "ph":"E", "ts":"3554900400470", "pid":"1", "tid":"cmeps"},
{"name":"med_phases_post_wav", "ph":"E", "ts":"3554900400473", "pid":"1", "tid":"cmeps"},
{"name":"med_phases_restart_write", "ph":"B", "ts":"3554900400573", "pid":"1", "tid":"cmeps"},
{"name":"med_phases_restart_write", "ph":"E", "ts":"3554900400599", "pid":"1", "tid":"cmeps"},
{"name":"med_phases_prep_atm", "ph":"B", "ts":"3554900400683", "pid":"1", "tid":"cmeps"},
{"name":"med_phases_prep_atm", "ph":"E", "ts":"3554900400699", "pid":"1", "tid":"cmeps"},
{"name":"med_phases_prep_wav_accum", "ph":"B", "ts":"3554900400786", "pid":"1", "tid":"cmeps"},
{"name":"med_phases_prep_wav_accum", "ph":"E", "ts":"3554900401011", "pid":"1", "tid":"cmeps"},
{"name":"med_phases_prep_wav_avg", "ph":"B", "ts":"3554900401117", "pid":"1", "tid":"cmeps"},
{"name":"med_phases_prep_wav_avg", "ph":"E", "ts":"3554900401386", "pid":"1", "tid":"cmeps"},
{"name":"med_phases_post_atm", "ph":"B", "ts":"3554900403083", "pid":"1", "tid":"cmeps"},
{"name":"med_phases_history_write_comp", "ph":"B", "ts":"3554900664938", "pid":"1", "tid":"cmeps"},
{"name":"med_phases_history_write_comp", "ph":"E", "ts":"3554900664985", "pid":"1", "tid":"cmeps"},
{"name":"med_phases_post_atm", "ph":"E", "ts":"3554900664989", "pid":"1", "tid":"cmeps"},
{"name":"med_phases_post_wav", "ph":"B", "ts":"3554904984351", "pid":"1", "tid":"cmeps"},
{"name":"med_phases_history_write_comp", "ph":"B", "ts":"3554904984493", "pid":"1", "tid":"cmeps"},
{"name":"med_phases_history_write_comp", "ph":"E", "ts":"3554904984501", "pid":"1", "tid":"cmeps"},
{"name":"med_phases_post_wav", "ph":"E", "ts":"3554904984504", "pid":"1", "tid":"cmeps"},
{"name":"med_phases_restart_write", "ph":"B", "ts":"3554904984605", "pid":"1", "tid":"cmeps"},
{"name":"med_phases_restart_write", "ph":"E", "ts":"3554904984628", "pid":"1", "tid":"cmeps"},
{"name":"med_phases_prep_atm", "ph":"B", "ts":"3554904984716", "pid":"1", "tid":"cmeps"},
{"name":"med_phases_prep_atm", "ph":"E", "ts":"3554904984732", "pid":"1", "tid":"cmeps"},
{"name":"med_phases_prep_wav_accum", "ph":"B", "ts":"3554904984822", "pid":"1", "tid":"cmeps"},
{"name":"med_phases_prep_wav_accum", "ph":"E", "ts":"3554904985005", "pid":"1", "tid":"cmeps"},
{"name":"med_phases_prep_wav_avg", "ph":"B", "ts":"3554904985113", "pid":"1", "tid":"cmeps"},
{"name":"med_phases_prep_wav_avg", "ph":"E", "ts":"3554904985386", "pid":"1", "tid":"cmeps"},
{"name":"med_phases_post_atm", "ph":"B", "ts":"3554904987174", "pid":"1", "tid":"cmeps"},
{"name":"med_phases_history_write_comp", "ph":"B", "ts":"3554905257189", "pid":"1", "tid":"cmeps"},
{"name":"med_phases_history_write_comp", "ph":"E", "ts":"3554905257242", "pid":"1", "tid":"cmeps"},
{"name":"med_phases_post_atm", "ph":"E", "ts":"3554905257246", "pid":"1", "tid":"cmeps"},
{"name":"med_phases_post_wav", "ph":"B", "ts":"3554937616547", "pid":"1", "tid":"cmeps"},
{"name":"med_phases_history_write_comp", "ph":"B", "ts":"3554937616807", "pid":"1", "tid":"cmeps"},
{"name":"med_phases_history_write_comp", "ph":"E", "ts":"3554937616828", "pid":"1", "tid":"cmeps"},
{"name":"med_phases_post_wav", "ph":"E", "ts":"3554937616831", "pid":"1", "tid":"cmeps"},
{"name":"med_phases_restart_write", "ph":"B", "ts":"3554937616942", "pid":"1", "tid":"cmeps"},
{"name":"med_phases_restart_write", "ph":"E", "ts":"3554938185828", "pid":"1", "tid":"cmeps"},
{"name":"med_phases_prep_atm", "ph":"B", "ts":"3554938186173", "pid":"1", "tid":"cmeps"},
{"name":"med_phases_prep_atm", "ph":"E", "ts":"3554938186237", "pid":"1", "tid":"cmeps"},
{"name":"med_phases_prep_wav_accum", "ph":"B", "ts":"3554938186343", "pid":"1", "tid":"cmeps"},
{"name":"med_phases_prep_wav_accum", "ph":"E", "ts":"3554938187539", "pid":"1", "tid":"cmeps"},
{"name":"med_phases_prep_wav_avg", "ph":"B", "ts":"3554938187706", "pid":"1", "tid":"cmeps"},
{"name":"med_phases_prep_wav_avg", "ph":"E", "ts":"3554938187972", "pid":"1", "tid":"cmeps"},
{"name":"med_phases_post_atm", "ph":"B", "ts":"3554938193774", "pid":"1", "tid":"cmeps"},
{"name":"med_phases_history_write_comp", "ph":"B", "ts":"3554938195726", "pid":"1", "tid":"cmeps"},
{"name":"med_phases_history_write_comp", "ph":"E", "ts":"3554938195737", "pid":"1", "tid":"cmeps"},
{"name":"med_phases_post_atm", "ph":"E", "ts":"3554938195740", "pid":"1", "tid":"cmeps"},
{"name":"med_phases_post_wav", "ph":"B", "ts":"3554941966634", "pid":"1", "tid":"cmeps"},
{"name":"med_phases_history_write_comp", "ph":"B", "ts":"3554941966779", "pid":"1", "tid":"cmeps"},
{"name":"med_phases_history_write_comp", "ph":"E", "ts":"3554941966788", "pid":"1", "tid":"cmeps"},
{"name":"med_phases_post_wav", "ph":"E", "ts":"3554941966791", "pid":"1", "tid":"cmeps"},
{"name":"med_phases_restart_write", "ph":"B", "ts":"3554941966892", "pid":"1", "tid":"cmeps"},
{"name":"med_phases_restart_write", "ph":"E", "ts":"3554941966915", "pid":"1", "tid":"cmeps"},
{"name":"med_phases_prep_atm", "ph":"B", "ts":"3554941967001", "pid":"1", "tid":"cmeps"},
{"name":"med_phases_prep_atm", "ph":"E", "ts":"3554941967016", "pid":"1", "tid":"cmeps"},
{"name":"med_phases_prep_wav_accum", "ph":"B", "ts":"3554941967112", "pid":"1", "tid":"cmeps"},
{"name":"med_phases_prep_wav_accum", "ph":"E", "ts":"3554941967296", "pid":"1", "tid":"cmeps"},
{"name":"med_phases_prep_wav_avg", "ph":"B", "ts":"3554941967395", "pid":"1", "tid":"cmeps"},
{"name":"med_phases_prep_wav_avg", "ph":"E", "ts":"3554941967667", "pid":"1", "tid":"cmeps"},
{"name":"med_phases_post_atm", "ph":"B", "ts":"3554941969521", "pid":"1", "tid":"cmeps"},
{"name":"med_phases_history_write_comp", "ph":"B", "ts":"3554942155705", "pid":"1", "tid":"cmeps"},
{"name":"med_phases_history_write_comp", "ph":"E", "ts":"3554942155755", "pid":"1", "tid":"cmeps"},
{"name":"med_phases_post_atm", "ph":"E", "ts":"3554942155760", "pid":"1", "tid":"cmeps"},
{"name":"med_phases_post_wav", "ph":"B", "ts":"3554945817063", "pid":"1", "tid":"cmeps"},
{"name":"med_phases_history_write_comp", "ph":"B", "ts":"3554945817221", "pid":"1", "tid":"cmeps"},
{"name":"med_phases_history_write_comp", "ph":"E", "ts":"3554945817230", "pid":"1", "tid":"cmeps"},
{"name":"med_phases_post_wav", "ph":"E", "ts":"3554945817233", "pid":"1", "tid":"cmeps"},
{"name":"med_phases_restart_write", "ph":"B", "ts":"3554945817335", "pid":"1", "tid":"cmeps"},
{"name":"med_phases_restart_write", "ph":"E", "ts":"3554945817358", "pid":"1", "tid":"cmeps"},
{"name":"med_phases_prep_atm", "ph":"B", "ts":"3554945817443", "pid":"1", "tid":"cmeps"},
{"name":"med_phases_prep_atm", "ph":"E", "ts":"3554945817459", "pid":"1", "tid":"cmeps"},
{"name":"med_phases_prep_wav_accum", "ph":"B", "ts":"3554945817548", "pid":"1", "tid":"cmeps"},
{"name":"med_phases_prep_wav_accum", "ph":"E", "ts":"3554945817728", "pid":"1", "tid":"cmeps"},
{"name":"med_phases_prep_wav_avg", "ph":"B", "ts":"3554945817826", "pid":"1", "tid":"cmeps"},
{"name":"med_phases_prep_wav_avg", "ph":"E", "ts":"3554945818102", "pid":"1", "tid":"cmeps"},
{"name":"med_phases_post_atm", "ph":"B", "ts":"3554945819849", "pid":"1", "tid":"cmeps"},
{"name":"med_phases_history_write_comp", "ph":"B", "ts":"3554945934891", "pid":"1", "tid":"cmeps"},
{"name":"med_phases_history_write_comp", "ph":"E", "ts":"3554945934938", "pid":"1", "tid":"cmeps"},
{"name":"med_phases_post_atm", "ph":"E", "ts":"3554945934942", "pid":"1", "tid":"cmeps"},
{"name":"med_phases_post_wav", "ph":"B", "ts":"3554949364296", "pid":"1", "tid":"cmeps"},
{"name":"med_phases_history_write_comp", "ph":"B", "ts":"3554949364332", "pid":"1", "tid":"cmeps"},
{"name":"med_phases_history_write_comp", "ph":"E", "ts":"3554949364339", "pid":"1", "tid":"cmeps"},
{"name":"med_phases_post_wav", "ph":"E", "ts":"3554949364342", "pid":"1", "tid":"cmeps"},
{"name":"med_phases_restart_write", "ph":"B", "ts":"3554949364433", "pid":"1", "tid":"cmeps"},
{"name":"med_phases_restart_write", "ph":"E", "ts":"3554949364455", "pid":"1", "tid":"cmeps"},
{"name":"med_phases_prep_atm", "ph":"B", "ts":"3554949364539", "pid":"1", "tid":"cmeps"},
{"name":"med_phases_prep_atm", "ph":"E", "ts":"3554949364682", "pid":"1", "tid":"cmeps"},
{"name":"med_phases_prep_wav_accum", "ph":"B", "ts":"3554949364784", "pid":"1", "tid":"cmeps"},
{"name":"med_phases_prep_wav_accum", "ph":"E", "ts":"3554949364966", "pid":"1", "tid":"cmeps"},
{"name":"med_phases_prep_wav_avg", "ph":"B", "ts":"3554949365068", "pid":"1", "tid":"cmeps"},
{"name":"med_phases_prep_wav_avg", "ph":"E", "ts":"3554949365347", "pid":"1", "tid":"cmeps"},
{"name":"med_phases_post_atm", "ph":"B", "ts":"3554949366997", "pid":"1", "tid":"cmeps"},
{"name":"med_phases_history_write_comp", "ph":"B", "ts":"3554949520606", "pid":"1", "tid":"cmeps"},
{"name":"med_phases_history_write_comp", "ph":"E", "ts":"3554949520656", "pid":"1", "tid":"cmeps"},
{"name":"med_phases_post_atm", "ph":"E", "ts":"3554949520660", "pid":"1", "tid":"cmeps"},
{"name":"med_phases_post_wav", "ph":"B", "ts":"3554952857159", "pid":"1", "tid":"cmeps"},
{"name":"med_phases_history_write_comp", "ph":"B", "ts":"3554952857310", "pid":"1", "tid":"cmeps"},
{"name":"med_phases_history_write_comp", "ph":"E", "ts":"3554952857320", "pid":"1", "tid":"cmeps"},
{"name":"med_phases_post_wav", "ph":"E", "ts":"3554952857323", "pid":"1", "tid":"cmeps"},
{"name":"med_phases_restart_write", "ph":"B", "ts":"3554952857425", "pid":"1", "tid":"cmeps"},
{"name":"med_phases_restart_write", "ph":"E", "ts":"3554952857447", "pid":"1", "tid":"cmeps"},
{"name":"med_phases_prep_atm", "ph":"B", "ts":"3554952857532", "pid":"1", "tid":"cmeps"},
{"name":"med_phases_prep_atm", "ph":"E", "ts":"3554952857548", "pid":"1", "tid":"cmeps"},
{"name":"med_phases_prep_wav_accum", "ph":"B", "ts":"3554952857637", "pid":"1", "tid":"cmeps"},
{"name":"med_phases_prep_wav_accum", "ph":"E", "ts":"3554952857821", "pid":"1", "tid":"cmeps"},
{"name":"med_phases_prep_wav_avg", "ph":"B", "ts":"3554952857918", "pid":"1", "tid":"cmeps"},
{"name":"med_phases_prep_wav_avg", "ph":"E", "ts":"3554952858198", "pid":"1", "tid":"cmeps"},
{"name":"med_phases_post_atm", "ph":"B", "ts":"3554952859961", "pid":"1", "tid":"cmeps"},
{"name":"med_phases_history_write_comp", "ph":"B", "ts":"3554952971980", "pid":"1", "tid":"cmeps"},
{"name":"med_phases_history_write_comp", "ph":"E", "ts":"3554952972032", "pid":"1", "tid":"cmeps"},
{"name":"med_phases_post_atm", "ph":"E", "ts":"3554952972036", "pid":"1", "tid":"cmeps"},
{"name":"med_phases_post_wav", "ph":"B", "ts":"3554956186399", "pid":"1", "tid":"cmeps"},
{"name":"med_phases_history_write_comp", "ph":"B", "ts":"3554956186549", "pid":"1", "tid":"cmeps"},
{"name":"med_phases_history_write_comp", "ph":"E", "ts":"3554956186558", "pid":"1", "tid":"cmeps"},
{"name":"med_phases_post_wav", "ph":"E", "ts":"3554956186561", "pid":"1", "tid":"cmeps"},
{"name":"med_phases_restart_write", "ph":"B", "ts":"3554956186661", "pid":"1", "tid":"cmeps"},
{"name":"med_phases_restart_write", "ph":"E", "ts":"3554956186683", "pid":"1", "tid":"cmeps"},
{"name":"med_phases_prep_atm", "ph":"B", "ts":"3554956186768", "pid":"1", "tid":"cmeps"},
{"name":"med_phases_prep_atm", "ph":"E", "ts":"3554956186783", "pid":"1", "tid":"cmeps"},
{"name":"med_phases_prep_wav_accum", "ph":"B", "ts":"3554956186870", "pid":"1", "tid":"cmeps"},
{"name":"med_phases_prep_wav_accum", "ph":"E", "ts":"3554956187052", "pid":"1", "tid":"cmeps"},
{"name":"med_phases_prep_wav_avg", "ph":"B", "ts":"3554956187159", "pid":"1", "tid":"cmeps"},
{"name":"med_phases_prep_wav_avg", "ph":"E", "ts":"3554956187431", "pid":"1", "tid":"cmeps"},
{"name":"med_phases_post_atm", "ph":"B", "ts":"3554956189183", "pid":"1", "tid":"cmeps"},
{"name":"med_phases_history_write_comp", "ph":"B", "ts":"3554956323794", "pid":"1", "tid":"cmeps"},
{"name":"med_phases_history_write_comp", "ph":"E", "ts":"3554956323841", "pid":"1", "tid":"cmeps"},
{"name":"med_phases_post_atm", "ph":"E", "ts":"3554956323844", "pid":"1", "tid":"cmeps"},
{"name":"med_phases_post_wav", "ph":"B", "ts":"3554959474348", "pid":"1", "tid":"cmeps"},
{"name":"med_phases_history_write_comp", "ph":"B", "ts":"3554959474395", "pid":"1", "tid":"cmeps"},
{"name":"med_phases_history_write_comp", "ph":"E", "ts":"3554959474540", "pid":"1", "tid":"cmeps"},
{"name":"med_phases_post_wav", "ph":"E", "ts":"3554959474543", "pid":"1", "tid":"cmeps"},
{"name":"med_phases_restart_write", "ph":"B", "ts":"3554959474671", "pid":"1", "tid":"cmeps"},
{"name":"med_phases_restart_write", "ph":"E", "ts":"3554959474705", "pid":"1", "tid":"cmeps"},
{"name":"med_phases_prep_atm", "ph":"B", "ts":"3554959474814", "pid":"1", "tid":"cmeps"},
{"name":"med_phases_prep_atm", "ph":"E", "ts":"3554959474842", "pid":"1", "tid":"cmeps"},
{"name":"med_phases_prep_wav_accum", "ph":"B", "ts":"3554959474959", "pid":"1", "tid":"cmeps"},
{"name":"med_phases_prep_wav_accum", "ph":"E", "ts":"3554959475187", "pid":"1", "tid":"cmeps"},
{"name":"med_phases_prep_wav_avg", "ph":"B", "ts":"3554959475313", "pid":"1", "tid":"cmeps"},
{"name":"med_phases_prep_wav_avg", "ph":"E", "ts":"3554959475583", "pid":"1", "tid":"cmeps"},
{"name":"med_phases_post_atm", "ph":"B", "ts":"3554959478773", "pid":"1", "tid":"cmeps"},
{"name":"med_phases_history_write_comp", "ph":"B", "ts":"3554959563911", "pid":"1", "tid":"cmeps"},
{"name":"med_phases_history_write_comp", "ph":"E", "ts":"3554959563944", "pid":"1", "tid":"cmeps"},
{"name":"med_phases_post_atm", "ph":"E", "ts":"3554959563948", "pid":"1", "tid":"cmeps"},
{"name":"med_phases_post_wav", "ph":"B", "ts":"3554962558812", "pid":"1", "tid":"cmeps"},
{"name":"med_phases_history_write_comp", "ph":"B", "ts":"3554962558959", "pid":"1", "tid":"cmeps"},
{"name":"med_phases_history_write_comp", "ph":"E", "ts":"3554962558967", "pid":"1", "tid":"cmeps"},
{"name":"med_phases_post_wav", "ph":"E", "ts":"3554962558970", "pid":"1", "tid":"cmeps"},
{"name":"med_phases_restart_write", "ph":"B", "ts":"3554962559103", "pid":"1", "tid":"cmeps"},
{"name":"med_phases_restart_write", "ph":"E", "ts":"3554962559128", "pid":"1", "tid":"cmeps"},
{"name":"med_phases_prep_atm", "ph":"B", "ts":"3554962559240", "pid":"1", "tid":"cmeps"},
{"name":"med_phases_prep_atm", "ph":"E", "ts":"3554962559255", "pid":"1", "tid":"cmeps"},
{"name":"med_phases_prep_wav_accum", "ph":"B", "ts":"3554962559368", "pid":"1", "tid":"cmeps"},
{"name":"med_phases_prep_wav_accum", "ph":"E", "ts":"3554962559551", "pid":"1", "tid":"cmeps"},
{"name":"med_phases_prep_wav_avg", "ph":"B", "ts":"3554962559672", "pid":"1", "tid":"cmeps"},
{"name":"med_phases_prep_wav_avg", "ph":"E", "ts":"3554962559943", "pid":"1", "tid":"cmeps"},
{"name":"med_phases_post_atm", "ph":"B", "ts":"3554962561807", "pid":"1", "tid":"cmeps"},
{"name":"med_phases_history_write_comp", "ph":"B", "ts":"3554962684707", "pid":"1", "tid":"cmeps"},
{"name":"med_phases_history_write_comp", "ph":"E", "ts":"3554962684753", "pid":"1", "tid":"cmeps"},
{"name":"med_phases_post_atm", "ph":"E", "ts":"3554962684757", "pid":"1", "tid":"cmeps"},
{"name":"med_phases_post_wav", "ph":"B", "ts":"3554965685552", "pid":"1", "tid":"cmeps"},
{"name":"med_phases_history_write_comp", "ph":"B", "ts":"3554965685666", "pid":"1", "tid":"cmeps"},
{"name":"med_phases_history_write_comp", "ph":"E", "ts":"3554965685675", "pid":"1", "tid":"cmeps"},
{"name":"med_phases_post_wav", "ph":"E", "ts":"3554965685678", "pid":"1", "tid":"cmeps"},
{"name":"med_phases_restart_write", "ph":"B", "ts":"3554965685802", "pid":"1", "tid":"cmeps"},
{"name":"med_phases_restart_write", "ph":"E", "ts":"3554965685827", "pid":"1", "tid":"cmeps"},
{"name":"med_phases_prep_atm", "ph":"B", "ts":"3554965685937", "pid":"1", "tid":"cmeps"},
{"name":"med_phases_prep_atm", "ph":"E", "ts":"3554965685952", "pid":"1", "tid":"cmeps"},
{"name":"med_phases_prep_wav_accum", "ph":"B", "ts":"3554965686065", "pid":"1", "tid":"cmeps"},
{"name":"med_phases_prep_wav_accum", "ph":"E", "ts":"3554965686253", "pid":"1", "tid":"cmeps"},
{"name":"med_phases_prep_wav_avg", "ph":"B", "ts":"3554965686375", "pid":"1", "tid":"cmeps"},
{"name":"med_phases_prep_wav_avg", "ph":"E", "ts":"3554965686645", "pid":"1", "tid":"cmeps"},
{"name":"med_phases_post_atm", "ph":"B", "ts":"3554965688524", "pid":"1", "tid":"cmeps"},
{"name":"med_phases_history_write_comp", "ph":"B", "ts":"3554965785548", "pid":"1", "tid":"cmeps"},
{"name":"med_phases_history_write_comp", "ph":"E", "ts":"3554965785721", "pid":"1", "tid":"cmeps"},
{"name":"med_phases_post_atm", "ph":"E", "ts":"3554965785727", "pid":"1", "tid":"cmeps"},
{"name":"med_phases_post_wav", "ph":"B", "ts":"3554968767597", "pid":"1", "tid":"cmeps"},
{"name":"med_phases_history_write_comp", "ph":"B", "ts":"3554968767627", "pid":"1", "tid":"cmeps"},
{"name":"med_phases_history_write_comp", "ph":"E", "ts":"3554968767635", "pid":"1", "tid":"cmeps"},
{"name":"med_phases_post_wav", "ph":"E", "ts":"3554968767638", "pid":"1", "tid":"cmeps"},
{"name":"med_phases_restart_write", "ph":"B", "ts":"3554968767753", "pid":"1", "tid":"cmeps"},
{"name":"med_phases_restart_write", "ph":"E", "ts":"3554968767777", "pid":"1", "tid":"cmeps"},
{"name":"med_phases_prep_atm", "ph":"B", "ts":"3554968767888", "pid":"1", "tid":"cmeps"},
{"name":"med_phases_prep_atm", "ph":"E", "ts":"3554968767905", "pid":"1", "tid":"cmeps"},
{"name":"med_phases_prep_wav_accum", "ph":"B", "ts":"3554968768020", "pid":"1", "tid":"cmeps"},
{"name":"med_phases_prep_wav_accum", "ph":"E", "ts":"3554968768211", "pid":"1", "tid":"cmeps"},
{"name":"med_phases_prep_wav_avg", "ph":"B", "ts":"3554968768333", "pid":"1", "tid":"cmeps"},
{"name":"med_phases_prep_wav_avg", "ph":"E", "ts":"3554968768602", "pid":"1", "tid":"cmeps"},
{"name":"med_phases_post_atm", "ph":"B", "ts":"3554968770444", "pid":"1", "tid":"cmeps"},
{"name":"med_phases_history_write_comp", "ph":"B", "ts":"3554968850472", "pid":"1", "tid":"cmeps"},
{"name":"med_phases_history_write_comp", "ph":"E", "ts":"3554968850521", "pid":"1", "tid":"cmeps"},
{"name":"med_phases_post_atm", "ph":"E", "ts":"3554968850525", "pid":"1", "tid":"cmeps"},
{"name":"med_phases_post_wav", "ph":"B", "ts":"3554971676064", "pid":"1", "tid":"cmeps"},
{"name":"med_phases_history_write_comp", "ph":"B", "ts":"3554971676301", "pid":"1", "tid":"cmeps"},
{"name":"med_phases_history_write_comp", "ph":"E", "ts":"3554971676310", "pid":"1", "tid":"cmeps"},
{"name":"med_phases_post_wav", "ph":"E", "ts":"3554971676313", "pid":"1", "tid":"cmeps"},
{"name":"med_phases_restart_write", "ph":"B", "ts":"3554971676436", "pid":"1", "tid":"cmeps"},
{"name":"med_phases_restart_write", "ph":"E", "ts":"3554971676460", "pid":"1", "tid":"cmeps"},
{"name":"med_phases_prep_atm", "ph":"B", "ts":"3554971676565", "pid":"1", "tid":"cmeps"},
{"name":"med_phases_prep_atm", "ph":"E", "ts":"3554971676580", "pid":"1", "tid":"cmeps"},
{"name":"med_phases_prep_wav_accum", "ph":"B", "ts":"3554971676689", "pid":"1", "tid":"cmeps"},
{"name":"med_phases_prep_wav_accum", "ph":"E", "ts":"3554971676867", "pid":"1", "tid":"cmeps"},
{"name":"med_phases_prep_wav_avg", "ph":"B", "ts":"3554971676985", "pid":"1", "tid":"cmeps"},
{"name":"med_phases_prep_wav_avg", "ph":"E", "ts":"3554971677258", "pid":"1", "tid":"cmeps"},
{"name":"med_phases_post_atm", "ph":"B", "ts":"3554971679034", "pid":"1", "tid":"cmeps"},
{"name":"med_phases_history_write_comp", "ph":"B", "ts":"3554971775367", "pid":"1", "tid":"cmeps"},
{"name":"med_phases_history_write_comp", "ph":"E", "ts":"3554971775415", "pid":"1", "tid":"cmeps"},
{"name":"med_phases_post_atm", "ph":"E", "ts":"3554971775418", "pid":"1", "tid":"cmeps"},
{"name":"med_phases_post_wav", "ph":"B", "ts":"3554974426516", "pid":"1", "tid":"cmeps"},
{"name":"med_phases_history_write_comp", "ph":"B", "ts":"3554974426555", "pid":"1", "tid":"cmeps"},
{"name":"med_phases_history_write_comp", "ph":"E", "ts":"3554974426562", "pid":"1", "tid":"cmeps"},
{"name":"med_phases_post_wav", "ph":"E", "ts":"3554974426565", "pid":"1", "tid":"cmeps"},
{"name":"med_phases_restart_write", "ph":"B", "ts":"3554974426681", "pid":"1", "tid":"cmeps"},
{"name":"med_phases_restart_write", "ph":"E", "ts":"3554974426707", "pid":"1", "tid":"cmeps"},
{"name":"med_phases_prep_atm", "ph":"B", "ts":"3554974426814", "pid":"1", "tid":"cmeps"},
{"name":"med_phases_prep_atm", "ph":"E", "ts":"3554974426830", "pid":"1", "tid":"cmeps"},
{"name":"med_phases_prep_wav_accum", "ph":"B", "ts":"3554974426941", "pid":"1", "tid":"cmeps"},
{"name":"med_phases_prep_wav_accum", "ph":"E", "ts":"3554974427255", "pid":"1", "tid":"cmeps"},
{"name":"med_phases_prep_wav_avg", "ph":"B", "ts":"3554974427390", "pid":"1", "tid":"cmeps"},
{"name":"med_phases_prep_wav_avg", "ph":"E", "ts":"3554974427655", "pid":"1", "tid":"cmeps"},
{"name":"med_phases_post_atm", "ph":"B", "ts":"3554974429236", "pid":"1", "tid":"cmeps"},
{"name":"med_phases_history_write_comp", "ph":"B", "ts":"3554974552037", "pid":"1", "tid":"cmeps"},
{"name":"med_phases_history_write_comp", "ph":"E", "ts":"3554974552073", "pid":"1", "tid":"cmeps"},
{"name":"med_phases_post_atm", "ph":"E", "ts":"3554974552076", "pid":"1", "tid":"cmeps"},
{"name":"med_phases_post_wav", "ph":"B", "ts":"3555005977379", "pid":"1", "tid":"cmeps"},
{"name":"med_phases_history_write_comp", "ph":"B", "ts":"3555005977615", "pid":"1", "tid":"cmeps"},
{"name":"med_phases_history_write_comp", "ph":"E", "ts":"3555005977627", "pid":"1", "tid":"cmeps"},
{"name":"med_phases_post_wav", "ph":"E", "ts":"3555005977630", "pid":"1", "tid":"cmeps"},
{"name":"med_phases_restart_write", "ph":"B", "ts":"3555005977759", "pid":"1", "tid":"cmeps"},
{"name":"med_phases_restart_write", "ph":"E", "ts":"3555006497594", "pid":"1", "tid":"cmeps"},
{"name":"med_phases_prep_atm", "ph":"B", "ts":"3555006497870", "pid":"1", "tid":"cmeps"},
{"name":"med_phases_prep_atm", "ph":"E", "ts":"3555006497916", "pid":"1", "tid":"cmeps"},
{"name":"med_phases_prep_wav_accum", "ph":"B", "ts":"3555006498017", "pid":"1", "tid":"cmeps"},
{"name":"med_phases_prep_wav_accum", "ph":"E", "ts":"3555006498930", "pid":"1", "tid":"cmeps"},
{"name":"med_phases_prep_wav_avg", "ph":"B", "ts":"3555006499102", "pid":"1", "tid":"cmeps"},
{"name":"med_phases_prep_wav_avg", "ph":"E", "ts":"3555006499379", "pid":"1", "tid":"cmeps"},
{"name":"med_phases_post_atm", "ph":"B", "ts":"3555006503938", "pid":"1", "tid":"cmeps"},
{"name":"med_phases_history_write_comp", "ph":"B", "ts":"3555006506111", "pid":"1", "tid":"cmeps"},
{"name":"med_phases_history_write_comp", "ph":"E", "ts":"3555006506127", "pid":"1", "tid":"cmeps"},
{"name":"med_phases_post_atm", "ph":"E", "ts":"3555006506131", "pid":"1", "tid":"cmeps"},
{"name":"med_phases_post_wav", "ph":"B", "ts":"3555009158244", "pid":"1", "tid":"cmeps"},
{"name":"med_phases_history_write_comp", "ph":"B", "ts":"3555009158389", "pid":"1", "tid":"cmeps"},
{"name":"med_phases_history_write_comp", "ph":"E", "ts":"3555009158398", "pid":"1", "tid":"cmeps"},
{"name":"med_phases_post_wav", "ph":"E", "ts":"3555009158401", "pid":"1", "tid":"cmeps"},
{"name":"med_phases_restart_write", "ph":"B", "ts":"3555009158502", "pid":"1", "tid":"cmeps"},
{"name":"med_phases_restart_write", "ph":"E", "ts":"3555009158524", "pid":"1", "tid":"cmeps"},
{"name":"med_phases_prep_atm", "ph":"B", "ts":"3555009158609", "pid":"1", "tid":"cmeps"},
{"name":"med_phases_prep_atm", "ph":"E", "ts":"3555009158625", "pid":"1", "tid":"cmeps"},
{"name":"med_phases_prep_wav_accum", "ph":"B", "ts":"3555009158713", "pid":"1", "tid":"cmeps"},
{"name":"med_phases_prep_wav_accum", "ph":"E", "ts":"3555009158897", "pid":"1", "tid":"cmeps"},
{"name":"med_phases_prep_wav_avg", "ph":"B", "ts":"3555009158995", "pid":"1", "tid":"cmeps"},
{"name":"med_phases_prep_wav_avg", "ph":"E", "ts":"3555009159271", "pid":"1", "tid":"cmeps"},
{"name":"med_phases_post_atm", "ph":"B", "ts":"3555009161130", "pid":"1", "tid":"cmeps"},
{"name":"med_phases_history_write_comp", "ph":"B", "ts":"3555009215447", "pid":"1", "tid":"cmeps"},
{"name":"med_phases_history_write_comp", "ph":"E", "ts":"3555009215500", "pid":"1", "tid":"cmeps"},
{"name":"med_phases_post_atm", "ph":"E", "ts":"3555009215504", "pid":"1", "tid":"cmeps"},
{"name":"med_phases_post_wav", "ph":"B", "ts":"3555011841482", "pid":"1", "tid":"cmeps"},
{"name":"med_phases_history_write_comp", "ph":"B", "ts":"3555011841622", "pid":"1", "tid":"cmeps"},
{"name":"med_phases_history_write_comp", "ph":"E", "ts":"3555011841630", "pid":"1", "tid":"cmeps"},
{"name":"med_phases_post_wav", "ph":"E", "ts":"3555011841633", "pid":"1", "tid":"cmeps"},
{"name":"med_phases_restart_write", "ph":"B", "ts":"3555011841736", "pid":"1", "tid":"cmeps"},
{"name":"med_phases_restart_write", "ph":"E", "ts":"3555011841800", "pid":"1", "tid":"cmeps"},
{"name":"med_phases_prep_atm", "ph":"B", "ts":"3555011841894", "pid":"1", "tid":"cmeps"},
{"name":"med_phases_prep_atm", "ph":"E", "ts":"3555011841909", "pid":"1", "tid":"cmeps"},
{"name":"med_phases_prep_wav_accum", "ph":"B", "ts":"3555011842001", "pid":"1", "tid":"cmeps"},
{"name":"med_phases_prep_wav_accum", "ph":"E", "ts":"3555011842188", "pid":"1", "tid":"cmeps"},
{"name":"med_phases_prep_wav_avg", "ph":"B", "ts":"3555011842287", "pid":"1", "tid":"cmeps"},
{"name":"med_phases_prep_wav_avg", "ph":"E", "ts":"3555011842558", "pid":"1", "tid":"cmeps"},
{"name":"med_phases_post_atm", "ph":"B", "ts":"3555011844291", "pid":"1", "tid":"cmeps"},
{"name":"med_phases_history_write_comp", "ph":"B", "ts":"3555011961847", "pid":"1", "tid":"cmeps"},
{"name":"med_phases_history_write_comp", "ph":"E", "ts":"3555011961878", "pid":"1", "tid":"cmeps"},
{"name":"med_phases_post_atm", "ph":"E", "ts":"3555011961882", "pid":"1", "tid":"cmeps"},
{"name":"med_phases_post_wav", "ph":"B", "ts":"3555014505367", "pid":"1", "tid":"cmeps"},
{"name":"med_phases_history_write_comp", "ph":"B", "ts":"3555014505402", "pid":"1", "tid":"cmeps"},
{"name":"med_phases_history_write_comp", "ph":"E", "ts":"3555014505409", "pid":"1", "tid":"cmeps"},
{"name":"med_phases_post_wav", "ph":"E", "ts":"3555014505412", "pid":"1", "tid":"cmeps"},
{"name":"med_phases_restart_write", "ph":"B", "ts":"3555014505503", "pid":"1", "tid":"cmeps"},
{"name":"med_phases_restart_write", "ph":"E", "ts":"3555014505524", "pid":"1", "tid":"cmeps"},
{"name":"med_phases_prep_atm", "ph":"B", "ts":"3555014505630", "pid":"1", "tid":"cmeps"},
{"name":"med_phases_prep_atm", "ph":"E", "ts":"3555014505647", "pid":"1", "tid":"cmeps"},
{"name":"med_phases_prep_wav_accum", "ph":"B", "ts":"3555014505738", "pid":"1", "tid":"cmeps"},
{"name":"med_phases_prep_wav_accum", "ph":"E", "ts":"3555014505922", "pid":"1", "tid":"cmeps"},
{"name":"med_phases_prep_wav_avg", "ph":"B", "ts":"3555014506018", "pid":"1", "tid":"cmeps"},
{"name":"med_phases_prep_wav_avg", "ph":"E", "ts":"3555014506291", "pid":"1", "tid":"cmeps"},
{"name":"med_phases_post_atm", "ph":"B", "ts":"3555014508020", "pid":"1", "tid":"cmeps"},
{"name":"med_phases_history_write_comp", "ph":"B", "ts":"3555014644785", "pid":"1", "tid":"cmeps"},
{"name":"med_phases_history_write_comp", "ph":"E", "ts":"3555014644817", "pid":"1", "tid":"cmeps"},
{"name":"med_phases_post_atm", "ph":"E", "ts":"3555014644821", "pid":"1", "tid":"cmeps"},
{"name":"med_phases_post_wav", "ph":"B", "ts":"3555017304805", "pid":"1", "tid":"cmeps"},
{"name":"med_phases_history_write_comp", "ph":"B", "ts":"3555017304950", "pid":"1", "tid":"cmeps"},
{"name":"med_phases_history_write_comp", "ph":"E", "ts":"3555017304958", "pid":"1", "tid":"cmeps"},
{"name":"med_phases_post_wav", "ph":"E", "ts":"3555017304961", "pid":"1", "tid":"cmeps"},
{"name":"med_phases_restart_write", "ph":"B", "ts":"3555017305063", "pid":"1", "tid":"cmeps"},
{"name":"med_phases_restart_write", "ph":"E", "ts":"3555017305092", "pid":"1", "tid":"cmeps"},
{"name":"med_phases_prep_atm", "ph":"B", "ts":"3555017305178", "pid":"1", "tid":"cmeps"},
{"name":"med_phases_prep_atm", "ph":"E", "ts":"3555017305193", "pid":"1", "tid":"cmeps"},
{"name":"med_phases_prep_wav_accum", "ph":"B", "ts":"3555017305281", "pid":"1", "tid":"cmeps"},
{"name":"med_phases_prep_wav_accum", "ph":"E", "ts":"3555017305462", "pid":"1", "tid":"cmeps"},
{"name":"med_phases_prep_wav_avg", "ph":"B", "ts":"3555017305558", "pid":"1", "tid":"cmeps"},
{"name":"med_phases_prep_wav_avg", "ph":"E", "ts":"3555017305827", "pid":"1", "tid":"cmeps"},
{"name":"med_phases_post_atm", "ph":"B", "ts":"3555017307607", "pid":"1", "tid":"cmeps"},
{"name":"med_phases_history_write_comp", "ph":"B", "ts":"3555017415534", "pid":"1", "tid":"cmeps"},
{"name":"med_phases_history_write_comp", "ph":"E", "ts":"3555017415565", "pid":"1", "tid":"cmeps"},
{"name":"med_phases_post_atm", "ph":"E", "ts":"3555017415568", "pid":"1", "tid":"cmeps"},
{"name":"med_phases_post_wav", "ph":"B", "ts":"3555020054785", "pid":"1", "tid":"cmeps"},
{"name":"med_phases_history_write_comp", "ph":"B", "ts":"3555020054820", "pid":"1", "tid":"cmeps"},
{"name":"med_phases_history_write_comp", "ph":"E", "ts":"3555020054827", "pid":"1", "tid":"cmeps"},
{"name":"med_phases_post_wav", "ph":"E", "ts":"3555020054830", "pid":"1", "tid":"cmeps"},
{"name":"med_phases_restart_write", "ph":"B", "ts":"3555020054920", "pid":"1", "tid":"cmeps"},
{"name":"med_phases_restart_write", "ph":"E", "ts":"3555020054942", "pid":"1", "tid":"cmeps"},
{"name":"med_phases_prep_atm", "ph":"B", "ts":"3555020055024", "pid":"1", "tid":"cmeps"},
{"name":"med_phases_prep_atm", "ph":"E", "ts":"3555020055041", "pid":"1", "tid":"cmeps"},
{"name":"med_phases_prep_wav_accum", "ph":"B", "ts":"3555020055134", "pid":"1", "tid":"cmeps"},
{"name":"med_phases_prep_wav_accum", "ph":"E", "ts":"3555020055318", "pid":"1", "tid":"cmeps"},
{"name":"med_phases_prep_wav_avg", "ph":"B", "ts":"3555020055415", "pid":"1", "tid":"cmeps"},
{"name":"med_phases_prep_wav_avg", "ph":"E", "ts":"3555020055682", "pid":"1", "tid":"cmeps"},
{"name":"med_phases_post_atm", "ph":"B", "ts":"3555020057324", "pid":"1", "tid":"cmeps"},
{"name":"med_phases_history_write_comp", "ph":"B", "ts":"3555020167529", "pid":"1", "tid":"cmeps"},
{"name":"med_phases_history_write_comp", "ph":"E", "ts":"3555020167560", "pid":"1", "tid":"cmeps"},
{"name":"med_phases_post_atm", "ph":"E", "ts":"3555020167563", "pid":"1", "tid":"cmeps"},
{"name":"med_phases_post_wav", "ph":"B", "ts":"3555022661464", "pid":"1", "tid":"cmeps"},
{"name":"med_phases_history_write_comp", "ph":"B", "ts":"3555022661611", "pid":"1", "tid":"cmeps"},
{"name":"med_phases_history_write_comp", "ph":"E", "ts":"3555022661619", "pid":"1", "tid":"cmeps"},
{"name":"med_phases_post_wav", "ph":"E", "ts":"3555022661622", "pid":"1", "tid":"cmeps"},
{"name":"med_phases_restart_write", "ph":"B", "ts":"3555022661719", "pid":"1", "tid":"cmeps"},
{"name":"med_phases_restart_write", "ph":"E", "ts":"3555022661740", "pid":"1", "tid":"cmeps"},
{"name":"med_phases_prep_atm", "ph":"B", "ts":"3555022661820", "pid":"1", "tid":"cmeps"},
{"name":"med_phases_prep_atm", "ph":"E", "ts":"3555022661835", "pid":"1", "tid":"cmeps"},
{"name":"med_phases_prep_wav_accum", "ph":"B", "ts":"3555022661919", "pid":"1", "tid":"cmeps"},
{"name":"med_phases_prep_wav_accum", "ph":"E", "ts":"3555022662100", "pid":"1", "tid":"cmeps"},
{"name":"med_phases_prep_wav_avg", "ph":"B", "ts":"3555022662196", "pid":"1", "tid":"cmeps"},
{"name":"med_phases_prep_wav_avg", "ph":"E", "ts":"3555022662450", "pid":"1", "tid":"cmeps"},
{"name":"med_phases_post_atm", "ph":"B", "ts":"3555022664136", "pid":"1", "tid":"cmeps"},
{"name":"med_phases_history_write_comp", "ph":"B", "ts":"3555022864078", "pid":"1", "tid":"cmeps"},
{"name":"med_phases_history_write_comp", "ph":"E", "ts":"3555022864112", "pid":"1", "tid":"cmeps"},
{"name":"med_phases_post_atm", "ph":"E", "ts":"3555022864116", "pid":"1", "tid":"cmeps"},
{"name":"med_phases_post_wav", "ph":"B", "ts":"3555025337808", "pid":"1", "tid":"cmeps"},
{"name":"med_phases_history_write_comp", "ph":"B", "ts":"3555025337841", "pid":"1", "tid":"cmeps"},
{"name":"med_phases_history_write_comp", "ph":"E", "ts":"3555025337848", "pid":"1", "tid":"cmeps"},
{"name":"med_phases_post_wav", "ph":"E", "ts":"3555025337851", "pid":"1", "tid":"cmeps"},
{"name":"med_phases_restart_write", "ph":"B", "ts":"3555025337941", "pid":"1", "tid":"cmeps"},
{"name":"med_phases_restart_write", "ph":"E", "ts":"3555025337963", "pid":"1", "tid":"cmeps"},
{"name":"med_phases_prep_atm", "ph":"B", "ts":"3555025338046", "pid":"1", "tid":"cmeps"},
{"name":"med_phases_prep_atm", "ph":"E", "ts":"3555025338063", "pid":"1", "tid":"cmeps"},
{"name":"med_phases_prep_wav_accum", "ph":"B", "ts":"3555025338160", "pid":"1", "tid":"cmeps"},
{"name":"med_phases_prep_wav_accum", "ph":"E", "ts":"3555025338344", "pid":"1", "tid":"cmeps"},
{"name":"med_phases_prep_wav_avg", "ph":"B", "ts":"3555025338441", "pid":"1", "tid":"cmeps"},
{"name":"med_phases_prep_wav_avg", "ph":"E", "ts":"3555025338842", "pid":"1", "tid":"cmeps"},
{"name":"med_phases_post_atm", "ph":"B", "ts":"3555025343665", "pid":"1", "tid":"cmeps"},
{"name":"med_phases_history_write_comp", "ph":"B", "ts":"3555025544517", "pid":"1", "tid":"cmeps"},
{"name":"med_phases_history_write_comp", "ph":"E", "ts":"3555025544554", "pid":"1", "tid":"cmeps"},
{"name":"med_phases_post_atm", "ph":"E", "ts":"3555025544558", "pid":"1", "tid":"cmeps"},
{"name":"med_phases_post_wav", "ph":"B", "ts":"3555028006477", "pid":"1", "tid":"cmeps"},
{"name":"med_phases_history_write_comp", "ph":"B", "ts":"3555028006618", "pid":"1", "tid":"cmeps"},
{"name":"med_phases_history_write_comp", "ph":"E", "ts":"3555028006626", "pid":"1", "tid":"cmeps"},
{"name":"med_phases_post_wav", "ph":"E", "ts":"3555028006629", "pid":"1", "tid":"cmeps"},
{"name":"med_phases_restart_write", "ph":"B", "ts":"3555028006730", "pid":"1", "tid":"cmeps"},
{"name":"med_phases_restart_write", "ph":"E", "ts":"3555028006751", "pid":"1", "tid":"cmeps"},
{"name":"med_phases_prep_atm", "ph":"B", "ts":"3555028006836", "pid":"1", "tid":"cmeps"},
{"name":"med_phases_prep_atm", "ph":"E", "ts":"3555028006851", "pid":"1", "tid":"cmeps"},
{"name":"med_phases_prep_wav_accum", "ph":"B", "ts":"3555028006939", "pid":"1", "tid":"cmeps"},
{"name":"med_phases_prep_wav_accum", "ph":"E", "ts":"3555028007129", "pid":"1", "tid":"cmeps"},
{"name":"med_phases_prep_wav_avg", "ph":"B", "ts":"3555028007228", "pid":"1", "tid":"cmeps"},
{"name":"med_phases_prep_wav_avg", "ph":"E", "ts":"3555028007498", "pid":"1", "tid":"cmeps"},
{"name":"med_phases_post_atm", "ph":"B", "ts":"3555028009135", "pid":"1", "tid":"cmeps"},
{"name":"med_phases_history_write_comp", "ph":"B", "ts":"3555028215573", "pid":"1", "tid":"cmeps"},
{"name":"med_phases_history_write_comp", "ph":"E", "ts":"3555028215611", "pid":"1", "tid":"cmeps"},
{"name":"med_phases_post_atm", "ph":"E", "ts":"3555028215615", "pid":"1", "tid":"cmeps"},
{"name":"med_phases_post_wav", "ph":"B", "ts":"3555030704740", "pid":"1", "tid":"cmeps"},
{"name":"med_phases_history_write_comp", "ph":"B", "ts":"3555030704773", "pid":"1", "tid":"cmeps"},
{"name":"med_phases_history_write_comp", "ph":"E", "ts":"3555030704779", "pid":"1", "tid":"cmeps"},
{"name":"med_phases_post_wav", "ph":"E", "ts":"3555030704782", "pid":"1", "tid":"cmeps"},
{"name":"med_phases_restart_write", "ph":"B", "ts":"3555030704873", "pid":"1", "tid":"cmeps"},
{"name":"med_phases_restart_write", "ph":"E", "ts":"3555030704895", "pid":"1", "tid":"cmeps"},
{"name":"med_phases_prep_atm", "ph":"B", "ts":"3555030704978", "pid":"1", "tid":"cmeps"},
{"name":"med_phases_prep_atm", "ph":"E", "ts":"3555030704994", "pid":"1", "tid":"cmeps"},
{"name":"med_phases_prep_wav_accum", "ph":"B", "ts":"3555030705092", "pid":"1", "tid":"cmeps"},
{"name":"med_phases_prep_wav_accum", "ph":"E", "ts":"3555030705276", "pid":"1", "tid":"cmeps"},
{"name":"med_phases_prep_wav_avg", "ph":"B", "ts":"3555030705377", "pid":"1", "tid":"cmeps"},
{"name":"med_phases_prep_wav_avg", "ph":"E", "ts":"3555030705645", "pid":"1", "tid":"cmeps"},
{"name":"med_phases_post_atm", "ph":"B", "ts":"3555030707344", "pid":"1", "tid":"cmeps"},
{"name":"med_phases_history_write_comp", "ph":"B", "ts":"3555030916592", "pid":"1", "tid":"cmeps"},
{"name":"med_phases_history_write_comp", "ph":"E", "ts":"3555030916626", "pid":"1", "tid":"cmeps"},
{"name":"med_phases_post_atm", "ph":"E", "ts":"3555030916630", "pid":"1", "tid":"cmeps"},
{"name":"med_phases_post_wav", "ph":"B", "ts":"3555033400308", "pid":"1", "tid":"cmeps"},
{"name":"med_phases_history_write_comp", "ph":"B", "ts":"3555033400456", "pid":"1", "tid":"cmeps"},
{"name":"med_phases_history_write_comp", "ph":"E", "ts":"3555033400465", "pid":"1", "tid":"cmeps"},
{"name":"med_phases_post_wav", "ph":"E", "ts":"3555033400468", "pid":"1", "tid":"cmeps"},
{"name":"med_phases_restart_write", "ph":"B", "ts":"3555033400568", "pid":"1", "tid":"cmeps"},
{"name":"med_phases_restart_write", "ph":"E", "ts":"3555033400589", "pid":"1", "tid":"cmeps"},
{"name":"med_phases_prep_atm", "ph":"B", "ts":"3555033400673", "pid":"1", "tid":"cmeps"},
{"name":"med_phases_prep_atm", "ph":"E", "ts":"3555033400726", "pid":"1", "tid":"cmeps"},
{"name":"med_phases_prep_wav_accum", "ph":"B", "ts":"3555033400824", "pid":"1", "tid":"cmeps"},
{"name":"med_phases_prep_wav_accum", "ph":"E", "ts":"3555033401008", "pid":"1", "tid":"cmeps"},
{"name":"med_phases_prep_wav_avg", "ph":"B", "ts":"3555033401115", "pid":"1", "tid":"cmeps"},
{"name":"med_phases_prep_wav_avg", "ph":"E", "ts":"3555033401383", "pid":"1", "tid":"cmeps"},
{"name":"med_phases_post_atm", "ph":"B", "ts":"3555033403024", "pid":"1", "tid":"cmeps"},
{"name":"med_phases_history_write_comp", "ph":"B", "ts":"3555033554632", "pid":"1", "tid":"cmeps"},
{"name":"med_phases_history_write_comp", "ph":"E", "ts":"3555033554667", "pid":"1", "tid":"cmeps"},
{"name":"med_phases_post_atm", "ph":"E", "ts":"3555033554671", "pid":"1", "tid":"cmeps"},
{"name":"med_phases_post_wav", "ph":"B", "ts":"3555036123168", "pid":"1", "tid":"cmeps"},
{"name":"med_phases_history_write_comp", "ph":"B", "ts":"3555036123201", "pid":"1", "tid":"cmeps"},
{"name":"med_phases_history_write_comp", "ph":"E", "ts":"3555036123207", "pid":"1", "tid":"cmeps"},
{"name":"med_phases_post_wav", "ph":"E", "ts":"3555036123210", "pid":"1", "tid":"cmeps"},
{"name":"med_phases_restart_write", "ph":"B", "ts":"3555036123300", "pid":"1", "tid":"cmeps"},
{"name":"med_phases_restart_write", "ph":"E", "ts":"3555036123322", "pid":"1", "tid":"cmeps"},
{"name":"med_phases_prep_atm", "ph":"B", "ts":"3555036123406", "pid":"1", "tid":"cmeps"},
{"name":"med_phases_prep_atm", "ph":"E", "ts":"3555036123421", "pid":"1", "tid":"cmeps"},
{"name":"med_phases_prep_wav_accum", "ph":"B", "ts":"3555036123508", "pid":"1", "tid":"cmeps"},
{"name":"med_phases_prep_wav_accum", "ph":"E", "ts":"3555036123691", "pid":"1", "tid":"cmeps"},
{"name":"med_phases_prep_wav_avg", "ph":"B", "ts":"3555036123788", "pid":"1", "tid":"cmeps"},
{"name":"med_phases_prep_wav_avg", "ph":"E", "ts":"3555036124057", "pid":"1", "tid":"cmeps"},
{"name":"med_phases_post_atm", "ph":"B", "ts":"3555036851519", "pid":"1", "tid":"cmeps"},
{"name":"med_phases_history_write_comp", "ph":"B", "ts":"3555036853635", "pid":"1", "tid":"cmeps"},
{"name":"med_phases_history_write_comp", "ph":"E", "ts":"3555036853655", "pid":"1", "tid":"cmeps"},
{"name":"med_phases_post_atm", "ph":"E", "ts":"3555036853658", "pid":"1", "tid":"cmeps"},
{"name":"med_phases_post_wav", "ph":"B", "ts":"3555066079862", "pid":"1", "tid":"cmeps"},
{"name":"med_phases_history_write_comp", "ph":"B", "ts":"3555066080109", "pid":"1", "tid":"cmeps"},
{"name":"med_phases_history_write_comp", "ph":"E", "ts":"3555066080119", "pid":"1", "tid":"cmeps"},
{"name":"med_phases_post_wav", "ph":"E", "ts":"3555066080122", "pid":"1", "tid":"cmeps"},
{"name":"med_phases_restart_write", "ph":"B", "ts":"3555066080225", "pid":"1", "tid":"cmeps"},
{"name":"med_phases_restart_write", "ph":"E", "ts":"3555066586702", "pid":"1", "tid":"cmeps"},
{"name":"med_phases_prep_atm", "ph":"B", "ts":"3555066587024", "pid":"1", "tid":"cmeps"},
{"name":"med_phases_prep_atm", "ph":"E", "ts":"3555066587066", "pid":"1", "tid":"cmeps"},
{"name":"med_phases_prep_wav_accum", "ph":"B", "ts":"3555066587160", "pid":"1", "tid":"cmeps"},
{"name":"med_phases_prep_wav_accum", "ph":"E", "ts":"3555066587513", "pid":"1", "tid":"cmeps"},
{"name":"med_phases_prep_wav_avg", "ph":"B", "ts":"3555066587611", "pid":"1", "tid":"cmeps"},
{"name":"med_phases_prep_wav_avg", "ph":"E", "ts":"3555066587863", "pid":"1", "tid":"cmeps"},
{"name":"med_phases_post_atm", "ph":"B", "ts":"3555066589782", "pid":"1", "tid":"cmeps"},
{"name":"med_phases_history_write_comp", "ph":"B", "ts":"3555066592252", "pid":"1", "tid":"cmeps"},
{"name":"med_phases_history_write_comp", "ph":"E", "ts":"3555066592266", "pid":"1", "tid":"cmeps"},
{"name":"med_phases_post_atm", "ph":"E", "ts":"3555066592269", "pid":"1", "tid":"cmeps"},
{"name":"med_phases_post_wav", "ph":"B", "ts":"3555068805800", "pid":"1", "tid":"cmeps"},
{"name":"med_phases_history_write_comp", "ph":"B", "ts":"3555068805946", "pid":"1", "tid":"cmeps"},
{"name":"med_phases_history_write_comp", "ph":"E", "ts":"3555068805990", "pid":"1", "tid":"cmeps"},
{"name":"med_phases_post_wav", "ph":"E", "ts":"3555068805995", "pid":"1", "tid":"cmeps"},
{"name":"med_phases_restart_write", "ph":"B", "ts":"3555068806110", "pid":"1", "tid":"cmeps"},
{"name":"med_phases_restart_write", "ph":"E", "ts":"3555068806133", "pid":"1", "tid":"cmeps"},
{"name":"med_phases_prep_atm", "ph":"B", "ts":"3555068806219", "pid":"1", "tid":"cmeps"},
{"name":"med_phases_prep_atm", "ph":"E", "ts":"3555068806235", "pid":"1", "tid":"cmeps"},
{"name":"med_phases_prep_wav_accum", "ph":"B", "ts":"3555068806324", "pid":"1", "tid":"cmeps"},
{"name":"med_phases_prep_wav_accum", "ph":"E", "ts":"3555068806508", "pid":"1", "tid":"cmeps"},
{"name":"med_phases_prep_wav_avg", "ph":"B", "ts":"3555068806610", "pid":"1", "tid":"cmeps"},
{"name":"med_phases_prep_wav_avg", "ph":"E", "ts":"3555068806880", "pid":"1", "tid":"cmeps"},
{"name":"med_phases_post_atm", "ph":"B", "ts":"3555068808649", "pid":"1", "tid":"cmeps"},
{"name":"med_phases_history_write_comp", "ph":"B", "ts":"3555069060705", "pid":"1", "tid":"cmeps"},
{"name":"med_phases_history_write_comp", "ph":"E", "ts":"3555069060741", "pid":"1", "tid":"cmeps"},
{"name":"med_phases_post_atm", "ph":"E", "ts":"3555069060745", "pid":"1", "tid":"cmeps"},
{"name":"med_phases_post_wav", "ph":"B", "ts":"3555071375258", "pid":"1", "tid":"cmeps"},
{"name":"med_phases_history_write_comp", "ph":"B", "ts":"3555071375291", "pid":"1", "tid":"cmeps"},
{"name":"med_phases_history_write_comp", "ph":"E", "ts":"3555071375298", "pid":"1", "tid":"cmeps"},
{"name":"med_phases_post_wav", "ph":"E", "ts":"3555071375301", "pid":"1", "tid":"cmeps"},
{"name":"med_phases_restart_write", "ph":"B", "ts":"3555071375391", "pid":"1", "tid":"cmeps"},
{"name":"med_phases_restart_write", "ph":"E", "ts":"3555071375413", "pid":"1", "tid":"cmeps"},
{"name":"med_phases_prep_atm", "ph":"B", "ts":"3555071375496", "pid":"1", "tid":"cmeps"},
{"name":"med_phases_prep_atm", "ph":"E", "ts":"3555071375511", "pid":"1", "tid":"cmeps"},
{"name":"med_phases_prep_wav_accum", "ph":"B", "ts":"3555071375597", "pid":"1", "tid":"cmeps"},
{"name":"med_phases_prep_wav_accum", "ph":"E", "ts":"3555071375777", "pid":"1", "tid":"cmeps"},
{"name":"med_phases_prep_wav_avg", "ph":"B", "ts":"3555071375870", "pid":"1", "tid":"cmeps"},
{"name":"med_phases_prep_wav_avg", "ph":"E", "ts":"3555071376135", "pid":"1", "tid":"cmeps"},
{"name":"med_phases_post_atm", "ph":"B", "ts":"3555071377700", "pid":"1", "tid":"cmeps"},
{"name":"med_phases_history_write_comp", "ph":"B", "ts":"3555071650996", "pid":"1", "tid":"cmeps"},
{"name":"med_phases_history_write_comp", "ph":"E", "ts":"3555071651034", "pid":"1", "tid":"cmeps"},
{"name":"med_phases_post_atm", "ph":"E", "ts":"3555071651037", "pid":"1", "tid":"cmeps"},
{"name":"med_phases_post_wav", "ph":"B", "ts":"3555074003411", "pid":"1", "tid":"cmeps"},
{"name":"med_phases_history_write_comp", "ph":"B", "ts":"3555074003559", "pid":"1", "tid":"cmeps"},
{"name":"med_phases_history_write_comp", "ph":"E", "ts":"3555074003567", "pid":"1", "tid":"cmeps"},
{"name":"med_phases_post_wav", "ph":"E", "ts":"3555074003570", "pid":"1", "tid":"cmeps"},
{"name":"med_phases_restart_write", "ph":"B", "ts":"3555074003673", "pid":"1", "tid":"cmeps"},
{"name":"med_phases_restart_write", "ph":"E", "ts":"3555074003696", "pid":"1", "tid":"cmeps"},
{"name":"med_phases_prep_atm", "ph":"B", "ts":"3555074003780", "pid":"1", "tid":"cmeps"},
{"name":"med_phases_prep_atm", "ph":"E", "ts":"3555074003795", "pid":"1", "tid":"cmeps"},
{"name":"med_phases_prep_wav_accum", "ph":"B", "ts":"3555074003882", "pid":"1", "tid":"cmeps"},
{"name":"med_phases_prep_wav_accum", "ph":"E", "ts":"3555074004070", "pid":"1", "tid":"cmeps"},
{"name":"med_phases_prep_wav_avg", "ph":"B", "ts":"3555074004168", "pid":"1", "tid":"cmeps"},
{"name":"med_phases_prep_wav_avg", "ph":"E", "ts":"3555074004434", "pid":"1", "tid":"cmeps"},
{"name":"med_phases_post_atm", "ph":"B", "ts":"3555074006064", "pid":"1", "tid":"cmeps"},
{"name":"med_phases_history_write_comp", "ph":"B", "ts":"3555074244469", "pid":"1", "tid":"cmeps"},
{"name":"med_phases_history_write_comp", "ph":"E", "ts":"3555074244638", "pid":"1", "tid":"cmeps"},
{"name":"med_phases_post_atm", "ph":"E", "ts":"3555074247961", "pid":"1", "tid":"cmeps"},
{"name":"med_phases_post_wav", "ph":"B", "ts":"3555076477092", "pid":"1", "tid":"cmeps"},
{"name":"med_phases_history_write_comp", "ph":"B", "ts":"3555076477125", "pid":"1", "tid":"cmeps"},
{"name":"med_phases_history_write_comp", "ph":"E", "ts":"3555076477132", "pid":"1", "tid":"cmeps"},
{"name":"med_phases_post_wav", "ph":"E", "ts":"3555076477135", "pid":"1", "tid":"cmeps"},
{"name":"med_phases_restart_write", "ph":"B", "ts":"3555076477226", "pid":"1", "tid":"cmeps"},
{"name":"med_phases_restart_write", "ph":"E", "ts":"3555076477248", "pid":"1", "tid":"cmeps"},
{"name":"med_phases_prep_atm", "ph":"B", "ts":"3555076477333", "pid":"1", "tid":"cmeps"},
{"name":"med_phases_prep_atm", "ph":"E", "ts":"3555076477349", "pid":"1", "tid":"cmeps"},
{"name":"med_phases_prep_wav_accum", "ph":"B", "ts":"3555076477436", "pid":"1", "tid":"cmeps"},
{"name":"med_phases_prep_wav_accum", "ph":"E", "ts":"3555076477621", "pid":"1", "tid":"cmeps"},
{"name":"med_phases_prep_wav_avg", "ph":"B", "ts":"3555076477720", "pid":"1", "tid":"cmeps"},
{"name":"med_phases_prep_wav_avg", "ph":"E", "ts":"3555076477987", "pid":"1", "tid":"cmeps"},
{"name":"med_phases_post_atm", "ph":"B", "ts":"3555076479665", "pid":"1", "tid":"cmeps"},
{"name":"med_phases_history_write_comp", "ph":"B", "ts":"3555076716256", "pid":"1", "tid":"cmeps"},
{"name":"med_phases_history_write_comp", "ph":"E", "ts":"3555076716293", "pid":"1", "tid":"cmeps"},
{"name":"med_phases_post_atm", "ph":"E", "ts":"3555076716296", "pid":"1", "tid":"cmeps"},
{"name":"med_phases_post_wav", "ph":"B", "ts":"3555078878598", "pid":"1", "tid":"cmeps"},
{"name":"med_phases_history_write_comp", "ph":"B", "ts":"3555078878744", "pid":"1", "tid":"cmeps"},
{"name":"med_phases_history_write_comp", "ph":"E", "ts":"3555078878752", "pid":"1", "tid":"cmeps"},
{"name":"med_phases_post_wav", "ph":"E", "ts":"3555078878755", "pid":"1", "tid":"cmeps"},
{"name":"med_phases_restart_write", "ph":"B", "ts":"3555078878855", "pid":"1", "tid":"cmeps"},
{"name":"med_phases_restart_write", "ph":"E", "ts":"3555078878876", "pid":"1", "tid":"cmeps"},
{"name":"med_phases_prep_atm", "ph":"B", "ts":"3555078878960", "pid":"1", "tid":"cmeps"},
{"name":"med_phases_prep_atm", "ph":"E", "ts":"3555078878975", "pid":"1", "tid":"cmeps"},
{"name":"med_phases_prep_wav_accum", "ph":"B", "ts":"3555078879069", "pid":"1", "tid":"cmeps"},
{"name":"med_phases_prep_wav_accum", "ph":"E", "ts":"3555078879250", "pid":"1", "tid":"cmeps"},
{"name":"med_phases_prep_wav_avg", "ph":"B", "ts":"3555078879349", "pid":"1", "tid":"cmeps"},
{"name":"med_phases_prep_wav_avg", "ph":"E", "ts":"3555078879617", "pid":"1", "tid":"cmeps"},
{"name":"med_phases_post_atm", "ph":"B", "ts":"3555078881259", "pid":"1", "tid":"cmeps"},
{"name":"med_phases_history_write_comp", "ph":"B", "ts":"3555079165841", "pid":"1", "tid":"cmeps"},
{"name":"med_phases_history_write_comp", "ph":"E", "ts":"3555079165878", "pid":"1", "tid":"cmeps"},
{"name":"med_phases_post_atm", "ph":"E", "ts":"3555079165882", "pid":"1", "tid":"cmeps"},
{"name":"med_phases_post_wav", "ph":"B", "ts":"3555081343826", "pid":"1", "tid":"cmeps"},
{"name":"med_phases_history_write_comp", "ph":"B", "ts":"3555081343859", "pid":"1", "tid":"cmeps"},
{"name":"med_phases_history_write_comp", "ph":"E", "ts":"3555081343866", "pid":"1", "tid":"cmeps"},
{"name":"med_phases_post_wav", "ph":"E", "ts":"3555081343869", "pid":"1", "tid":"cmeps"},
{"name":"med_phases_restart_write", "ph":"B", "ts":"3555081343959", "pid":"1", "tid":"cmeps"},
{"name":"med_phases_restart_write", "ph":"E", "ts":"3555081343982", "pid":"1", "tid":"cmeps"},
{"name":"med_phases_prep_atm", "ph":"B", "ts":"3555081344072", "pid":"1", "tid":"cmeps"},
{"name":"med_phases_prep_atm", "ph":"E", "ts":"3555081344087", "pid":"1", "tid":"cmeps"},
{"name":"med_phases_prep_wav_accum", "ph":"B", "ts":"3555081344174", "pid":"1", "tid":"cmeps"},
{"name":"med_phases_prep_wav_accum", "ph":"E", "ts":"3555081344483", "pid":"1", "tid":"cmeps"},
{"name":"med_phases_prep_wav_avg", "ph":"B", "ts":"3555081344592", "pid":"1", "tid":"cmeps"},
{"name":"med_phases_prep_wav_avg", "ph":"E", "ts":"3555081344859", "pid":"1", "tid":"cmeps"},
{"name":"med_phases_post_atm", "ph":"B", "ts":"3555081346559", "pid":"1", "tid":"cmeps"},
{"name":"med_phases_history_write_comp", "ph":"B", "ts":"3555081621361", "pid":"1", "tid":"cmeps"},
{"name":"med_phases_history_write_comp", "ph":"E", "ts":"3555081621399", "pid":"1", "tid":"cmeps"},
{"name":"med_phases_post_atm", "ph":"E", "ts":"3555081621403", "pid":"1", "tid":"cmeps"},
{"name":"med_phases_post_wav", "ph":"B", "ts":"3555083761022", "pid":"1", "tid":"cmeps"},
{"name":"med_phases_history_write_comp", "ph":"B", "ts":"3555083761178", "pid":"1", "tid":"cmeps"},
{"name":"med_phases_history_write_comp", "ph":"E", "ts":"3555083761187", "pid":"1", "tid":"cmeps"},
{"name":"med_phases_post_wav", "ph":"E", "ts":"3555083761190", "pid":"1", "tid":"cmeps"},
{"name":"med_phases_restart_write", "ph":"B", "ts":"3555083761292", "pid":"1", "tid":"cmeps"},
{"name":"med_phases_restart_write", "ph":"E", "ts":"3555083761315", "pid":"1", "tid":"cmeps"},
{"name":"med_phases_prep_atm", "ph":"B", "ts":"3555083761399", "pid":"1", "tid":"cmeps"},
{"name":"med_phases_prep_atm", "ph":"E", "ts":"3555083761414", "pid":"1", "tid":"cmeps"},
{"name":"med_phases_prep_wav_accum", "ph":"B", "ts":"3555083761502", "pid":"1", "tid":"cmeps"},
{"name":"med_phases_prep_wav_accum", "ph":"E", "ts":"3555083761683", "pid":"1", "tid":"cmeps"},
{"name":"med_phases_prep_wav_avg", "ph":"B", "ts":"3555083761780", "pid":"1", "tid":"cmeps"},
{"name":"med_phases_prep_wav_avg", "ph":"E", "ts":"3555083762055", "pid":"1", "tid":"cmeps"},
{"name":"med_phases_post_atm", "ph":"B", "ts":"3555083763799", "pid":"1", "tid":"cmeps"},
{"name":"med_phases_history_write_comp", "ph":"B", "ts":"3555084012955", "pid":"1", "tid":"cmeps"},
{"name":"med_phases_history_write_comp", "ph":"E", "ts":"3555084012991", "pid":"1", "tid":"cmeps"},
{"name":"med_phases_post_atm", "ph":"E", "ts":"3555084012994", "pid":"1", "tid":"cmeps"},
{"name":"med_phases_post_wav", "ph":"B", "ts":"3555086106943", "pid":"1", "tid":"cmeps"},
{"name":"med_phases_history_write_comp", "ph":"B", "ts":"3555086106978", "pid":"1", "tid":"cmeps"},
{"name":"med_phases_history_write_comp", "ph":"E", "ts":"3555086106986", "pid":"1", "tid":"cmeps"},
{"name":"med_phases_post_wav", "ph":"E", "ts":"3555086106988", "pid":"1", "tid":"cmeps"},
{"name":"med_phases_restart_write", "ph":"B", "ts":"3555086107091", "pid":"1", "tid":"cmeps"},
{"name":"med_phases_restart_write", "ph":"E", "ts":"3555086107115", "pid":"1", "tid":"cmeps"},
{"name":"med_phases_prep_atm", "ph":"B", "ts":"3555086107200", "pid":"1", "tid":"cmeps"},
{"name":"med_phases_prep_atm", "ph":"E", "ts":"3555086107219", "pid":"1", "tid":"cmeps"},
{"name":"med_phases_prep_wav_accum", "ph":"B", "ts":"3555086107308", "pid":"1", "tid":"cmeps"},
{"name":"med_phases_prep_wav_accum", "ph":"E", "ts":"3555086107501", "pid":"1", "tid":"cmeps"},
{"name":"med_phases_prep_wav_avg", "ph":"B", "ts":"3555086107598", "pid":"1", "tid":"cmeps"},
{"name":"med_phases_prep_wav_avg", "ph":"E", "ts":"3555086107870", "pid":"1", "tid":"cmeps"},
{"name":"med_phases_post_atm", "ph":"B", "ts":"3555086109426", "pid":"1", "tid":"cmeps"},
{"name":"med_phases_history_write_comp", "ph":"B", "ts":"3555086364590", "pid":"1", "tid":"cmeps"},
{"name":"med_phases_history_write_comp", "ph":"E", "ts":"3555086364626", "pid":"1", "tid":"cmeps"},
{"name":"med_phases_post_atm", "ph":"E", "ts":"3555086364629", "pid":"1", "tid":"cmeps"},
{"name":"med_phases_post_wav", "ph":"B", "ts":"3555088396350", "pid":"1", "tid":"cmeps"},
{"name":"med_phases_history_write_comp", "ph":"B", "ts":"3555088396386", "pid":"1", "tid":"cmeps"},
{"name":"med_phases_history_write_comp", "ph":"E", "ts":"3555088396394", "pid":"1", "tid":"cmeps"},
{"name":"med_phases_post_wav", "ph":"E", "ts":"3555088396397", "pid":"1", "tid":"cmeps"},
{"name":"med_phases_restart_write", "ph":"B", "ts":"3555088396636", "pid":"1", "tid":"cmeps"},
{"name":"med_phases_restart_write", "ph":"E", "ts":"3555088396661", "pid":"1", "tid":"cmeps"},
{"name":"med_phases_prep_atm", "ph":"B", "ts":"3555088396747", "pid":"1", "tid":"cmeps"},
{"name":"med_phases_prep_atm", "ph":"E", "ts":"3555088396768", "pid":"1", "tid":"cmeps"},
{"name":"med_phases_prep_wav_accum", "ph":"B", "ts":"3555088396856", "pid":"1", "tid":"cmeps"},
{"name":"med_phases_prep_wav_accum", "ph":"E", "ts":"3555088397055", "pid":"1", "tid":"cmeps"},
{"name":"med_phases_prep_wav_avg", "ph":"B", "ts":"3555088397154", "pid":"1", "tid":"cmeps"},
{"name":"med_phases_prep_wav_avg", "ph":"E", "ts":"3555088397422", "pid":"1", "tid":"cmeps"},
{"name":"med_phases_post_atm", "ph":"B", "ts":"3555088399074", "pid":"1", "tid":"cmeps"},
{"name":"med_phases_history_write_comp", "ph":"B", "ts":"3555088661901", "pid":"1", "tid":"cmeps"},
{"name":"med_phases_history_write_comp", "ph":"E", "ts":"3555088662058", "pid":"1", "tid":"cmeps"},
{"name":"med_phases_post_atm", "ph":"E", "ts":"3555088662063", "pid":"1", "tid":"cmeps"},
{"name":"med_phases_post_wav", "ph":"B", "ts":"3555090666304", "pid":"1", "tid":"cmeps"},
{"name":"med_phases_history_write_comp", "ph":"B", "ts":"3555090666338", "pid":"1", "tid":"cmeps"},
{"name":"med_phases_history_write_comp", "ph":"E", "ts":"3555090666346", "pid":"1", "tid":"cmeps"},
{"name":"med_phases_post_wav", "ph":"E", "ts":"3555090666348", "pid":"1", "tid":"cmeps"},
{"name":"med_phases_restart_write", "ph":"B", "ts":"3555090666443", "pid":"1", "tid":"cmeps"},
{"name":"med_phases_restart_write", "ph":"E", "ts":"3555090666466", "pid":"1", "tid":"cmeps"},
{"name":"med_phases_prep_atm", "ph":"B", "ts":"3555090666551", "pid":"1", "tid":"cmeps"},
{"name":"med_phases_prep_atm", "ph":"E", "ts":"3555090666571", "pid":"1", "tid":"cmeps"},
{"name":"med_phases_prep_wav_accum", "ph":"B", "ts":"3555090666659", "pid":"1", "tid":"cmeps"},
{"name":"med_phases_prep_wav_accum", "ph":"E", "ts":"3555090666848", "pid":"1", "tid":"cmeps"},
{"name":"med_phases_prep_wav_avg", "ph":"B", "ts":"3555090666945", "pid":"1", "tid":"cmeps"},
{"name":"med_phases_prep_wav_avg", "ph":"E", "ts":"3555090667224", "pid":"1", "tid":"cmeps"},
{"name":"med_phases_post_atm", "ph":"B", "ts":"3555090669007", "pid":"1", "tid":"cmeps"},
{"name":"med_phases_history_write_comp", "ph":"B", "ts":"3555090937439", "pid":"1", "tid":"cmeps"},
{"name":"med_phases_history_write_comp", "ph":"E", "ts":"3555090937475", "pid":"1", "tid":"cmeps"},
{"name":"med_phases_post_atm", "ph":"E", "ts":"3555090937479", "pid":"1", "tid":"cmeps"},
{"name":"med_phases_post_wav", "ph":"B", "ts":"3555092898505", "pid":"1", "tid":"cmeps"},
{"name":"med_phases_history_write_comp", "ph":"B", "ts":"3555092898540", "pid":"1", "tid":"cmeps"},
{"name":"med_phases_history_write_comp", "ph":"E", "ts":"3555092898547", "pid":"1", "tid":"cmeps"},
{"name":"med_phases_post_wav", "ph":"E", "ts":"3555092898550", "pid":"1", "tid":"cmeps"},
{"name":"med_phases_restart_write", "ph":"B", "ts":"3555092898640", "pid":"1", "tid":"cmeps"},
{"name":"med_phases_restart_write", "ph":"E", "ts":"3555092898664", "pid":"1", "tid":"cmeps"},
{"name":"med_phases_prep_atm", "ph":"B", "ts":"3555092898749", "pid":"1", "tid":"cmeps"},
{"name":"med_phases_prep_atm", "ph":"E", "ts":"3555092898766", "pid":"1", "tid":"cmeps"},
{"name":"med_phases_prep_wav_accum", "ph":"B", "ts":"3555092898854", "pid":"1", "tid":"cmeps"},
{"name":"med_phases_prep_wav_accum", "ph":"E", "ts":"3555092899048", "pid":"1", "tid":"cmeps"},
{"name":"med_phases_prep_wav_avg", "ph":"B", "ts":"3555092899147", "pid":"1", "tid":"cmeps"},
{"name":"med_phases_prep_wav_avg", "ph":"E", "ts":"3555092899416", "pid":"1", "tid":"cmeps"},
{"name":"med_phases_post_atm", "ph":"B", "ts":"3555092901078", "pid":"1", "tid":"cmeps"},
{"name":"med_phases_history_write_comp", "ph":"B", "ts":"3555093201205", "pid":"1", "tid":"cmeps"},
{"name":"med_phases_history_write_comp", "ph":"E", "ts":"3555093201235", "pid":"1", "tid":"cmeps"},
{"name":"med_phases_post_atm", "ph":"E", "ts":"3555093201238", "pid":"1", "tid":"cmeps"},
{"name":"med_phases_post_wav", "ph":"B", "ts":"3555123190869", "pid":"1", "tid":"cmeps"},
{"name":"med_phases_history_write_comp", "ph":"B", "ts":"3555123193371", "pid":"1", "tid":"cmeps"},
{"name":"med_phases_history_write_comp", "ph":"E", "ts":"3555123193385", "pid":"1", "tid":"cmeps"},
{"name":"med_phases_post_wav", "ph":"E", "ts":"3555123193388", "pid":"1", "tid":"cmeps"},
{"name":"med_phases_restart_write", "ph":"B", "ts":"3555123193512", "pid":"1", "tid":"cmeps"},
{"name":"med_phases_restart_write", "ph":"E", "ts":"3555123735379", "pid":"1", "tid":"cmeps"},
{"name":"med_phases_prep_atm", "ph":"B", "ts":"3555123735642", "pid":"1", "tid":"cmeps"},
{"name":"med_phases_prep_atm", "ph":"E", "ts":"3555123735676", "pid":"1", "tid":"cmeps"},
{"name":"med_phases_prep_wav_accum", "ph":"B", "ts":"3555123735767", "pid":"1", "tid":"cmeps"},
{"name":"med_phases_prep_wav_accum", "ph":"E", "ts":"3555123736081", "pid":"1", "tid":"cmeps"},
{"name":"med_phases_prep_wav_avg", "ph":"B", "ts":"3555123736185", "pid":"1", "tid":"cmeps"},
{"name":"med_phases_prep_wav_avg", "ph":"E", "ts":"3555123736437", "pid":"1", "tid":"cmeps"},
{"name":"med_phases_post_atm", "ph":"B", "ts":"3555123738290", "pid":"1", "tid":"cmeps"},
{"name":"med_phases_history_write_comp", "ph":"B", "ts":"3555123739343", "pid":"1", "tid":"cmeps"},
{"name":"med_phases_history_write_comp", "ph":"E", "ts":"3555123739355", "pid":"1", "tid":"cmeps"},
{"name":"med_phases_post_atm", "ph":"E", "ts":"3555123739359", "pid":"1", "tid":"cmeps"},
{"name":"med_phases_post_wav", "ph":"B", "ts":"3555125569053", "pid":"1", "tid":"cmeps"},
{"name":"med_phases_history_write_comp", "ph":"B", "ts":"3555125569201", "pid":"1", "tid":"cmeps"},
{"name":"med_phases_history_write_comp", "ph":"E", "ts":"3555125569210", "pid":"1", "tid":"cmeps"},
{"name":"med_phases_post_wav", "ph":"E", "ts":"3555125569213", "pid":"1", "tid":"cmeps"},
{"name":"med_phases_restart_write", "ph":"B", "ts":"3555125569317", "pid":"1", "tid":"cmeps"},
{"name":"med_phases_restart_write", "ph":"E", "ts":"3555125569341", "pid":"1", "tid":"cmeps"},
{"name":"med_phases_prep_atm", "ph":"B", "ts":"3555125569426", "pid":"1", "tid":"cmeps"},
{"name":"med_phases_prep_atm", "ph":"E", "ts":"3555125569446", "pid":"1", "tid":"cmeps"},
{"name":"med_phases_prep_wav_accum", "ph":"B", "ts":"3555125569534", "pid":"1", "tid":"cmeps"},
{"name":"med_phases_prep_wav_accum", "ph":"E", "ts":"3555125569722", "pid":"1", "tid":"cmeps"},
{"name":"med_phases_prep_wav_avg", "ph":"B", "ts":"3555125569821", "pid":"1", "tid":"cmeps"},
{"name":"med_phases_prep_wav_avg", "ph":"E", "ts":"3555125570096", "pid":"1", "tid":"cmeps"},
{"name":"med_phases_post_atm", "ph":"B", "ts":"3555125571789", "pid":"1", "tid":"cmeps"},
{"name":"med_phases_history_write_comp", "ph":"B", "ts":"3555125944582", "pid":"1", "tid":"cmeps"},
{"name":"med_phases_history_write_comp", "ph":"E", "ts":"3555125944619", "pid":"1", "tid":"cmeps"},
{"name":"med_phases_post_atm", "ph":"E", "ts":"3555125944622", "pid":"1", "tid":"cmeps"},
{"name":"med_phases_post_wav", "ph":"B", "ts":"3555127763061", "pid":"1", "tid":"cmeps"},
{"name":"med_phases_history_write_comp", "ph":"B", "ts":"3555127763098", "pid":"1", "tid":"cmeps"},
{"name":"med_phases_history_write_comp", "ph":"E", "ts":"3555127763106", "pid":"1", "tid":"cmeps"},
{"name":"med_phases_post_wav", "ph":"E", "ts":"3555127763109", "pid":"1", "tid":"cmeps"},
{"name":"med_phases_restart_write", "ph":"B", "ts":"3555127763204", "pid":"1", "tid":"cmeps"},
{"name":"med_phases_restart_write", "ph":"E", "ts":"3555127763228", "pid":"1", "tid":"cmeps"},
{"name":"med_phases_prep_atm", "ph":"B", "ts":"3555127763312", "pid":"1", "tid":"cmeps"},
{"name":"med_phases_prep_atm", "ph":"E", "ts":"3555127763331", "pid":"1", "tid":"cmeps"},
{"name":"med_phases_prep_wav_accum", "ph":"B", "ts":"3555127763420", "pid":"1", "tid":"cmeps"},
{"name":"med_phases_prep_wav_accum", "ph":"E", "ts":"3555127763607", "pid":"1", "tid":"cmeps"},
{"name":"med_phases_prep_wav_avg", "ph":"B", "ts":"3555127763707", "pid":"1", "tid":"cmeps"},
{"name":"med_phases_prep_wav_avg", "ph":"E", "ts":"3555127764109", "pid":"1", "tid":"cmeps"},
{"name":"med_phases_post_atm", "ph":"B", "ts":"3555127765845", "pid":"1", "tid":"cmeps"},
{"name":"med_phases_history_write_comp", "ph":"B", "ts":"3555128165147", "pid":"1", "tid":"cmeps"},
{"name":"med_phases_history_write_comp", "ph":"E", "ts":"3555128165184", "pid":"1", "tid":"cmeps"},
{"name":"med_phases_post_atm", "ph":"E", "ts":"3555128165187", "pid":"1", "tid":"cmeps"},
{"name":"med_phases_post_wav", "ph":"B", "ts":"3555129937034", "pid":"1", "tid":"cmeps"},
{"name":"med_phases_history_write_comp", "ph":"B", "ts":"3555129937179", "pid":"1", "tid":"cmeps"},
{"name":"med_phases_history_write_comp", "ph":"E", "ts":"3555129937187", "pid":"1", "tid":"cmeps"},
{"name":"med_phases_post_wav", "ph":"E", "ts":"3555129937190", "pid":"1", "tid":"cmeps"},
{"name":"med_phases_restart_write", "ph":"B", "ts":"3555129937295", "pid":"1", "tid":"cmeps"},
{"name":"med_phases_restart_write", "ph":"E", "ts":"3555129937318", "pid":"1", "tid":"cmeps"},
{"name":"med_phases_prep_atm", "ph":"B", "ts":"3555129937403", "pid":"1", "tid":"cmeps"},
{"name":"med_phases_prep_atm", "ph":"E", "ts":"3555129937421", "pid":"1", "tid":"cmeps"},
{"name":"med_phases_prep_wav_accum", "ph":"B", "ts":"3555129937510", "pid":"1", "tid":"cmeps"},
{"name":"med_phases_prep_wav_accum", "ph":"E", "ts":"3555129937699", "pid":"1", "tid":"cmeps"},
{"name":"med_phases_prep_wav_avg", "ph":"B", "ts":"3555129937799", "pid":"1", "tid":"cmeps"},
{"name":"med_phases_prep_wav_avg", "ph":"E", "ts":"3555129938076", "pid":"1", "tid":"cmeps"},
{"name":"med_phases_post_atm", "ph":"B", "ts":"3555129939763", "pid":"1", "tid":"cmeps"},
{"name":"med_phases_history_write_comp", "ph":"B", "ts":"3555130373038", "pid":"1", "tid":"cmeps"},
{"name":"med_phases_history_write_comp", "ph":"E", "ts":"3555130373080", "pid":"1", "tid":"cmeps"},
{"name":"med_phases_post_atm", "ph":"E", "ts":"3555130373083", "pid":"1", "tid":"cmeps"},
{"name":"med_phases_post_wav", "ph":"B", "ts":"3555132607090", "pid":"1", "tid":"cmeps"},
{"name":"med_phases_history_write_comp", "ph":"B", "ts":"3555132607129", "pid":"1", "tid":"cmeps"},
{"name":"med_phases_history_write_comp", "ph":"E", "ts":"3555132607137", "pid":"1", "tid":"cmeps"},
{"name":"med_phases_post_wav", "ph":"E", "ts":"3555132607140", "pid":"1", "tid":"cmeps"},
{"name":"med_phases_restart_write", "ph":"B", "ts":"3555132607236", "pid":"1", "tid":"cmeps"},
{"name":"med_phases_restart_write", "ph":"E", "ts":"3555132607259", "pid":"1", "tid":"cmeps"},
{"name":"med_phases_prep_atm", "ph":"B", "ts":"3555132607343", "pid":"1", "tid":"cmeps"},
{"name":"med_phases_prep_atm", "ph":"E", "ts":"3555132607362", "pid":"1", "tid":"cmeps"},
{"name":"med_phases_prep_wav_accum", "ph":"B", "ts":"3555132607452", "pid":"1", "tid":"cmeps"},
{"name":"med_phases_prep_wav_accum", "ph":"E", "ts":"3555132607639", "pid":"1", "tid":"cmeps"},
{"name":"med_phases_prep_wav_avg", "ph":"B", "ts":"3555132607740", "pid":"1", "tid":"cmeps"},
{"name":"med_phases_prep_wav_avg", "ph":"E", "ts":"3555132608019", "pid":"1", "tid":"cmeps"},
{"name":"med_phases_post_atm", "ph":"B", "ts":"3555132609647", "pid":"1", "tid":"cmeps"},
{"name":"med_phases_history_write_comp", "ph":"B", "ts":"3555133069585", "pid":"1", "tid":"cmeps"},
{"name":"med_phases_history_write_comp", "ph":"E", "ts":"3555133069628", "pid":"1", "tid":"cmeps"},
{"name":"med_phases_post_atm", "ph":"E", "ts":"3555133069632", "pid":"1", "tid":"cmeps"},
{"name":"med_phases_post_wav", "ph":"B", "ts":"3555134746419", "pid":"1", "tid":"cmeps"},
{"name":"med_phases_history_write_comp", "ph":"B", "ts":"3555134746573", "pid":"1", "tid":"cmeps"},
{"name":"med_phases_history_write_comp", "ph":"E", "ts":"3555134746582", "pid":"1", "tid":"cmeps"},
{"name":"med_phases_post_wav", "ph":"E", "ts":"3555134746585", "pid":"1", "tid":"cmeps"},
{"name":"med_phases_restart_write", "ph":"B", "ts":"3555134746687", "pid":"1", "tid":"cmeps"},
{"name":"med_phases_restart_write", "ph":"E", "ts":"3555134746711", "pid":"1", "tid":"cmeps"},
{"name":"med_phases_prep_atm", "ph":"B", "ts":"3555134746794", "pid":"1", "tid":"cmeps"},
{"name":"med_phases_prep_atm", "ph":"E", "ts":"3555134746855", "pid":"1", "tid":"cmeps"},
{"name":"med_phases_prep_wav_accum", "ph":"B", "ts":"3555134746957", "pid":"1", "tid":"cmeps"},
{"name":"med_phases_prep_wav_accum", "ph":"E", "ts":"3555134747153", "pid":"1", "tid":"cmeps"},
{"name":"med_phases_prep_wav_avg", "ph":"B", "ts":"3555134747251", "pid":"1", "tid":"cmeps"},
{"name":"med_phases_prep_wav_avg", "ph":"E", "ts":"3555134747520", "pid":"1", "tid":"cmeps"},
{"name":"med_phases_post_atm", "ph":"B", "ts":"3555134749248", "pid":"1", "tid":"cmeps"},
{"name":"med_phases_history_write_comp", "ph":"B", "ts":"3555135214065", "pid":"1", "tid":"cmeps"},
{"name":"med_phases_history_write_comp", "ph":"E", "ts":"3555135214105", "pid":"1", "tid":"cmeps"},
{"name":"med_phases_post_atm", "ph":"E", "ts":"3555135214108", "pid":"1", "tid":"cmeps"},
{"name":"med_phases_post_wav", "ph":"B", "ts":"3555136862997", "pid":"1", "tid":"cmeps"},
{"name":"med_phases_history_write_comp", "ph":"B", "ts":"3555136863030", "pid":"1", "tid":"cmeps"},
{"name":"med_phases_history_write_comp", "ph":"E", "ts":"3555136863037", "pid":"1", "tid":"cmeps"},
{"name":"med_phases_post_wav", "ph":"E", "ts":"3555136863040", "pid":"1", "tid":"cmeps"},
{"name":"med_phases_restart_write", "ph":"B", "ts":"3555136863132", "pid":"1", "tid":"cmeps"},
{"name":"med_phases_restart_write", "ph":"E", "ts":"3555136863155", "pid":"1", "tid":"cmeps"},
{"name":"med_phases_prep_atm", "ph":"B", "ts":"3555136863240", "pid":"1", "tid":"cmeps"},
{"name":"med_phases_prep_atm", "ph":"E", "ts":"3555136863255", "pid":"1", "tid":"cmeps"},
{"name":"med_phases_prep_wav_accum", "ph":"B", "ts":"3555136863343", "pid":"1", "tid":"cmeps"},
{"name":"med_phases_prep_wav_accum", "ph":"E", "ts":"3555136863525", "pid":"1", "tid":"cmeps"},
{"name":"med_phases_prep_wav_avg", "ph":"B", "ts":"3555136863622", "pid":"1", "tid":"cmeps"},
{"name":"med_phases_prep_wav_avg", "ph":"E", "ts":"3555136863891", "pid":"1", "tid":"cmeps"},
{"name":"med_phases_post_atm", "ph":"B", "ts":"3555136865572", "pid":"1", "tid":"cmeps"},
{"name":"med_phases_history_write_comp", "ph":"B", "ts":"3555137365213", "pid":"1", "tid":"cmeps"},
{"name":"med_phases_history_write_comp", "ph":"E", "ts":"3555137365263", "pid":"1", "tid":"cmeps"},
{"name":"med_phases_post_atm", "ph":"E", "ts":"3555137365267", "pid":"1", "tid":"cmeps"},
{"name":"med_phases_post_wav", "ph":"B", "ts":"3555138979956", "pid":"1", "tid":"cmeps"},
{"name":"med_phases_history_write_comp", "ph":"B", "ts":"3555138979998", "pid":"1", "tid":"cmeps"},
{"name":"med_phases_history_write_comp", "ph":"E", "ts":"3555138980005", "pid":"1", "tid":"cmeps"},
{"name":"med_phases_post_wav", "ph":"E", "ts":"3555138980008", "pid":"1", "tid":"cmeps"},
{"name":"med_phases_restart_write", "ph":"B", "ts":"3555138980099", "pid":"1", "tid":"cmeps"},
{"name":"med_phases_restart_write", "ph":"E", "ts":"3555138980121", "pid":"1", "tid":"cmeps"},
{"name":"med_phases_prep_atm", "ph":"B", "ts":"3555138980206", "pid":"1", "tid":"cmeps"},
{"name":"med_phases_prep_atm", "ph":"E", "ts":"3555138980221", "pid":"1", "tid":"cmeps"},
{"name":"med_phases_prep_wav_accum", "ph":"B", "ts":"3555138980309", "pid":"1", "tid":"cmeps"},
{"name":"med_phases_prep_wav_accum", "ph":"E", "ts":"3555138980493", "pid":"1", "tid":"cmeps"},
{"name":"med_phases_prep_wav_avg", "ph":"B", "ts":"3555138980592", "pid":"1", "tid":"cmeps"},
{"name":"med_phases_prep_wav_avg", "ph":"E", "ts":"3555138980860", "pid":"1", "tid":"cmeps"},
{"name":"med_phases_post_atm", "ph":"B", "ts":"3555138982476", "pid":"1", "tid":"cmeps"},
{"name":"med_phases_history_write_comp", "ph":"B", "ts":"3555139497543", "pid":"1", "tid":"cmeps"},
{"name":"med_phases_history_write_comp", "ph":"E", "ts":"3555139497584", "pid":"1", "tid":"cmeps"},
{"name":"med_phases_post_atm", "ph":"E", "ts":"3555139497588", "pid":"1", "tid":"cmeps"},
{"name":"med_phases_post_wav", "ph":"B", "ts":"3555141084709", "pid":"1", "tid":"cmeps"},
{"name":"med_phases_history_write_comp", "ph":"B", "ts":"3555141084853", "pid":"1", "tid":"cmeps"},
{"name":"med_phases_history_write_comp", "ph":"E", "ts":"3555141084913", "pid":"1", "tid":"cmeps"},
{"name":"med_phases_post_wav", "ph":"E", "ts":"3555141084918", "pid":"1", "tid":"cmeps"},
{"name":"med_phases_restart_write", "ph":"B", "ts":"3555141085028", "pid":"1", "tid":"cmeps"},
{"name":"med_phases_restart_write", "ph":"E", "ts":"3555141085055", "pid":"1", "tid":"cmeps"},
{"name":"med_phases_prep_atm", "ph":"B", "ts":"3555141085139", "pid":"1", "tid":"cmeps"},
{"name":"med_phases_prep_atm", "ph":"E", "ts":"3555141085154", "pid":"1", "tid":"cmeps"},
{"name":"med_phases_prep_wav_accum", "ph":"B", "ts":"3555141085243", "pid":"1", "tid":"cmeps"},
{"name":"med_phases_prep_wav_accum", "ph":"E", "ts":"3555141085476", "pid":"1", "tid":"cmeps"},
{"name":"med_phases_prep_wav_avg", "ph":"B", "ts":"3555141085575", "pid":"1", "tid":"cmeps"},
{"name":"med_phases_prep_wav_avg", "ph":"E", "ts":"3555141085841", "pid":"1", "tid":"cmeps"},
{"name":"med_phases_post_atm", "ph":"B", "ts":"3555141087562", "pid":"1", "tid":"cmeps"},
{"name":"med_phases_history_write_comp", "ph":"B", "ts":"3555141587969", "pid":"1", "tid":"cmeps"},
{"name":"med_phases_history_write_comp", "ph":"E", "ts":"3555141588022", "pid":"1", "tid":"cmeps"},
{"name":"med_phases_post_atm", "ph":"E", "ts":"3555141588026", "pid":"1", "tid":"cmeps"},
{"name":"med_phases_post_wav", "ph":"B", "ts":"3555143582112", "pid":"1", "tid":"cmeps"},
{"name":"med_phases_history_write_comp", "ph":"B", "ts":"3555143582146", "pid":"1", "tid":"cmeps"},
{"name":"med_phases_history_write_comp", "ph":"E", "ts":"3555143582152", "pid":"1", "tid":"cmeps"},
{"name":"med_phases_post_wav", "ph":"E", "ts":"3555143582155", "pid":"1", "tid":"cmeps"},
{"name":"med_phases_restart_write", "ph":"B", "ts":"3555143582245", "pid":"1", "tid":"cmeps"},
{"name":"med_phases_restart_write", "ph":"E", "ts":"3555143582270", "pid":"1", "tid":"cmeps"},
{"name":"med_phases_prep_atm", "ph":"B", "ts":"3555143582354", "pid":"1", "tid":"cmeps"},
{"name":"med_phases_prep_atm", "ph":"E", "ts":"3555143582369", "pid":"1", "tid":"cmeps"},
{"name":"med_phases_prep_wav_accum", "ph":"B", "ts":"3555143582459", "pid":"1", "tid":"cmeps"},
{"name":"med_phases_prep_wav_accum", "ph":"E", "ts":"3555143582642", "pid":"1", "tid":"cmeps"},
{"name":"med_phases_prep_wav_avg", "ph":"B", "ts":"3555143582739", "pid":"1", "tid":"cmeps"},
{"name":"med_phases_prep_wav_avg", "ph":"E", "ts":"3555143583014", "pid":"1", "tid":"cmeps"},
{"name":"med_phases_post_atm", "ph":"B", "ts":"3555143584645", "pid":"1", "tid":"cmeps"},
{"name":"med_phases_history_write_comp", "ph":"B", "ts":"3555144073606", "pid":"1", "tid":"cmeps"},
{"name":"med_phases_history_write_comp", "ph":"E", "ts":"3555144073662", "pid":"1", "tid":"cmeps"},
{"name":"med_phases_post_atm", "ph":"E", "ts":"3555144073666", "pid":"1", "tid":"cmeps"},
{"name":"med_phases_post_wav", "ph":"B", "ts":"3555145675836", "pid":"1", "tid":"cmeps"},
{"name":"med_phases_history_write_comp", "ph":"B", "ts":"3555145675982", "pid":"1", "tid":"cmeps"},
{"name":"med_phases_history_write_comp", "ph":"E", "ts":"3555145675990", "pid":"1", "tid":"cmeps"},
{"name":"med_phases_post_wav", "ph":"E", "ts":"3555145675994", "pid":"1", "tid":"cmeps"},
{"name":"med_phases_restart_write", "ph":"B", "ts":"3555145676097", "pid":"1", "tid":"cmeps"},
{"name":"med_phases_restart_write", "ph":"E", "ts":"3555145676119", "pid":"1", "tid":"cmeps"},
{"name":"med_phases_prep_atm", "ph":"B", "ts":"3555145676205", "pid":"1", "tid":"cmeps"},
{"name":"med_phases_prep_atm", "ph":"E", "ts":"3555145676220", "pid":"1", "tid":"cmeps"},
{"name":"med_phases_prep_wav_accum", "ph":"B", "ts":"3555145676308", "pid":"1", "tid":"cmeps"},
{"name":"med_phases_prep_wav_accum", "ph":"E", "ts":"3555145676490", "pid":"1", "tid":"cmeps"},
{"name":"med_phases_prep_wav_avg", "ph":"B", "ts":"3555145676590", "pid":"1", "tid":"cmeps"},
{"name":"med_phases_prep_wav_avg", "ph":"E", "ts":"3555145676858", "pid":"1", "tid":"cmeps"},
{"name":"med_phases_post_atm", "ph":"B", "ts":"3555145678637", "pid":"1", "tid":"cmeps"},
{"name":"med_phases_history_write_comp", "ph":"B", "ts":"3555146156336", "pid":"1", "tid":"cmeps"},
{"name":"med_phases_history_write_comp", "ph":"E", "ts":"3555146156385", "pid":"1", "tid":"cmeps"},
{"name":"med_phases_post_atm", "ph":"E", "ts":"3555146156390", "pid":"1", "tid":"cmeps"},
{"name":"med_phases_post_wav", "ph":"B", "ts":"3555147876900", "pid":"1", "tid":"cmeps"},
{"name":"med_phases_history_write_comp", "ph":"B", "ts":"3555147876935", "pid":"1", "tid":"cmeps"},
{"name":"med_phases_history_write_comp", "ph":"E", "ts":"3555147876941", "pid":"1", "tid":"cmeps"},
{"name":"med_phases_post_wav", "ph":"E", "ts":"3555147876950", "pid":"1", "tid":"cmeps"},
{"name":"med_phases_restart_write", "ph":"B", "ts":"3555147877041", "pid":"1", "tid":"cmeps"},
{"name":"med_phases_restart_write", "ph":"E", "ts":"3555147877063", "pid":"1", "tid":"cmeps"},
{"name":"med_phases_prep_atm", "ph":"B", "ts":"3555147877148", "pid":"1", "tid":"cmeps"},
{"name":"med_phases_prep_atm", "ph":"E", "ts":"3555147877164", "pid":"1", "tid":"cmeps"},
{"name":"med_phases_prep_wav_accum", "ph":"B", "ts":"3555147877251", "pid":"1", "tid":"cmeps"},
{"name":"med_phases_prep_wav_accum", "ph":"E", "ts":"3555147877435", "pid":"1", "tid":"cmeps"},
{"name":"med_phases_prep_wav_avg", "ph":"B", "ts":"3555147877532", "pid":"1", "tid":"cmeps"},
{"name":"med_phases_prep_wav_avg", "ph":"E", "ts":"3555147877799", "pid":"1", "tid":"cmeps"},
{"name":"med_phases_post_atm", "ph":"B", "ts":"3555147879534", "pid":"1", "tid":"cmeps"},
{"name":"med_phases_history_write_comp", "ph":"B", "ts":"3555148355608", "pid":"1", "tid":"cmeps"},
{"name":"med_phases_history_write_comp", "ph":"E", "ts":"3555148355659", "pid":"1", "tid":"cmeps"},
{"name":"med_phases_post_atm", "ph":"E", "ts":"3555148355664", "pid":"1", "tid":"cmeps"},
{"name":"med_phases_post_wav", "ph":"B", "ts":"3555180484118", "pid":"1", "tid":"cmeps"},
{"name":"med_phases_history_write_comp", "ph":"B", "ts":"3555180484355", "pid":"1", "tid":"cmeps"},
{"name":"med_phases_history_write_comp", "ph":"E", "ts":"3555180484369", "pid":"1", "tid":"cmeps"},
{"name":"med_phases_post_wav", "ph":"E", "ts":"3555180484372", "pid":"1", "tid":"cmeps"},
{"name":"med_phases_restart_write", "ph":"B", "ts":"3555180484478", "pid":"1", "tid":"cmeps"},
{"name":"med_phases_restart_write", "ph":"E", "ts":"3555181439643", "pid":"1", "tid":"cmeps"},
{"name":"med_phases_prep_atm", "ph":"B", "ts":"3555181439968", "pid":"1", "tid":"cmeps"},
{"name":"med_phases_prep_atm", "ph":"E", "ts":"3555181440014", "pid":"1", "tid":"cmeps"},
{"name":"med_phases_prep_wav_accum", "ph":"B", "ts":"3555181440119", "pid":"1", "tid":"cmeps"},
{"name":"med_phases_prep_wav_accum", "ph":"E", "ts":"3555181440499", "pid":"1", "tid":"cmeps"},
{"name":"med_phases_prep_wav_avg", "ph":"B", "ts":"3555181440611", "pid":"1", "tid":"cmeps"},
{"name":"med_phases_prep_wav_avg", "ph":"E", "ts":"3555181440889", "pid":"1", "tid":"cmeps"},
{"name":"med_phases_post_atm", "ph":"B", "ts":"3555181445623", "pid":"1", "tid":"cmeps"},
{"name":"med_phases_history_write_comp", "ph":"B", "ts":"3555181447901", "pid":"1", "tid":"cmeps"},
{"name":"med_phases_history_write_comp", "ph":"E", "ts":"3555181447914", "pid":"1", "tid":"cmeps"},
{"name":"med_phases_post_atm", "ph":"E", "ts":"3555181447918", "pid":"1", "tid":"cmeps"},
{"name":"med_phases_post_wav", "ph":"B", "ts":"3555183055480", "pid":"1", "tid":"cmeps"},
{"name":"med_phases_history_write_comp", "ph":"B", "ts":"3555183055515", "pid":"1", "tid":"cmeps"},
{"name":"med_phases_history_write_comp", "ph":"E", "ts":"3555183055522", "pid":"1", "tid":"cmeps"},
{"name":"med_phases_post_wav", "ph":"E", "ts":"3555183055525", "pid":"1", "tid":"cmeps"},
{"name":"med_phases_restart_write", "ph":"B", "ts":"3555183055616", "pid":"1", "tid":"cmeps"},
{"name":"med_phases_restart_write", "ph":"E", "ts":"3555183055639", "pid":"1", "tid":"cmeps"},
{"name":"med_phases_prep_atm", "ph":"B", "ts":"3555183055723", "pid":"1", "tid":"cmeps"},
{"name":"med_phases_prep_atm", "ph":"E", "ts":"3555183055739", "pid":"1", "tid":"cmeps"},
{"name":"med_phases_prep_wav_accum", "ph":"B", "ts":"3555183055827", "pid":"1", "tid":"cmeps"},
{"name":"med_phases_prep_wav_accum", "ph":"E", "ts":"3555183056142", "pid":"1", "tid":"cmeps"},
{"name":"med_phases_prep_wav_avg", "ph":"B", "ts":"3555183056252", "pid":"1", "tid":"cmeps"},
{"name":"med_phases_prep_wav_avg", "ph":"E", "ts":"3555183056521", "pid":"1", "tid":"cmeps"},
{"name":"med_phases_post_atm", "ph":"B", "ts":"3555183058243", "pid":"1", "tid":"cmeps"},
{"name":"med_phases_history_write_comp", "ph":"B", "ts":"3555183538475", "pid":"1", "tid":"cmeps"},
{"name":"med_phases_history_write_comp", "ph":"E", "ts":"3555183538523", "pid":"1", "tid":"cmeps"},
{"name":"med_phases_post_atm", "ph":"E", "ts":"3555183538527", "pid":"1", "tid":"cmeps"},
{"name":"med_phases_post_wav", "ph":"B", "ts":"3555185544049", "pid":"1", "tid":"cmeps"},
{"name":"med_phases_history_write_comp", "ph":"B", "ts":"3555185544082", "pid":"1", "tid":"cmeps"},
{"name":"med_phases_history_write_comp", "ph":"E", "ts":"3555185544089", "pid":"1", "tid":"cmeps"},
{"name":"med_phases_post_wav", "ph":"E", "ts":"3555185544092", "pid":"1", "tid":"cmeps"},
{"name":"med_phases_restart_write", "ph":"B", "ts":"3555185544185", "pid":"1", "tid":"cmeps"},
{"name":"med_phases_restart_write", "ph":"E", "ts":"3555185544206", "pid":"1", "tid":"cmeps"},
{"name":"med_phases_prep_atm", "ph":"B", "ts":"3555185544290", "pid":"1", "tid":"cmeps"},
{"name":"med_phases_prep_atm", "ph":"E", "ts":"3555185544305", "pid":"1", "tid":"cmeps"},
{"name":"med_phases_prep_wav_accum", "ph":"B", "ts":"3555185544393", "pid":"1", "tid":"cmeps"},
{"name":"med_phases_prep_wav_accum", "ph":"E", "ts":"3555185544578", "pid":"1", "tid":"cmeps"},
{"name":"med_phases_prep_wav_avg", "ph":"B", "ts":"3555185544675", "pid":"1", "tid":"cmeps"},
{"name":"med_phases_prep_wav_avg", "ph":"E", "ts":"3555185544951", "pid":"1", "tid":"cmeps"},
{"name":"med_phases_post_atm", "ph":"B", "ts":"3555185546719", "pid":"1", "tid":"cmeps"},
{"name":"med_phases_history_write_comp", "ph":"B", "ts":"3555186038747", "pid":"1", "tid":"cmeps"},
{"name":"med_phases_history_write_comp", "ph":"E", "ts":"3555186038905", "pid":"1", "tid":"cmeps"},
{"name":"med_phases_post_atm", "ph":"E", "ts":"3555186038910", "pid":"1", "tid":"cmeps"},
{"name":"med_phases_post_wav", "ph":"B", "ts":"3555187616071", "pid":"1", "tid":"cmeps"},
{"name":"med_phases_history_write_comp", "ph":"B", "ts":"3555187616104", "pid":"1", "tid":"cmeps"},
{"name":"med_phases_history_write_comp", "ph":"E", "ts":"3555187616111", "pid":"1", "tid":"cmeps"},
{"name":"med_phases_post_wav", "ph":"E", "ts":"3555187616114", "pid":"1", "tid":"cmeps"},
{"name":"med_phases_restart_write", "ph":"B", "ts":"3555187616206", "pid":"1", "tid":"cmeps"},
{"name":"med_phases_restart_write", "ph":"E", "ts":"3555187616227", "pid":"1", "tid":"cmeps"},
{"name":"med_phases_prep_atm", "ph":"B", "ts":"3555187616312", "pid":"1", "tid":"cmeps"},
{"name":"med_phases_prep_atm", "ph":"E", "ts":"3555187616327", "pid":"1", "tid":"cmeps"},
{"name":"med_phases_prep_wav_accum", "ph":"B", "ts":"3555187616416", "pid":"1", "tid":"cmeps"},
{"name":"med_phases_prep_wav_accum", "ph":"E", "ts":"3555187616600", "pid":"1", "tid":"cmeps"},
{"name":"med_phases_prep_wav_avg", "ph":"B", "ts":"3555187616699", "pid":"1", "tid":"cmeps"},
{"name":"med_phases_prep_wav_avg", "ph":"E", "ts":"3555187616976", "pid":"1", "tid":"cmeps"},
{"name":"med_phases_post_atm", "ph":"B", "ts":"3555187618833", "pid":"1", "tid":"cmeps"},
{"name":"med_phases_history_write_comp", "ph":"B", "ts":"3555188107325", "pid":"1", "tid":"cmeps"},
{"name":"med_phases_history_write_comp", "ph":"E", "ts":"3555188107370", "pid":"1", "tid":"cmeps"},
{"name":"med_phases_post_atm", "ph":"E", "ts":"3555188107375", "pid":"1", "tid":"cmeps"},
{"name":"med_phases_post_wav", "ph":"B", "ts":"3555189674811", "pid":"1", "tid":"cmeps"},
{"name":"med_phases_history_write_comp", "ph":"B", "ts":"3555189674847", "pid":"1", "tid":"cmeps"},
{"name":"med_phases_history_write_comp", "ph":"E", "ts":"3555189674854", "pid":"1", "tid":"cmeps"},
{"name":"med_phases_post_wav", "ph":"E", "ts":"3555189674857", "pid":"1", "tid":"cmeps"},
{"name":"med_phases_restart_write", "ph":"B", "ts":"3555189675095", "pid":"1", "tid":"cmeps"},
{"name":"med_phases_restart_write", "ph":"E", "ts":"3555189675118", "pid":"1", "tid":"cmeps"},
{"name":"med_phases_prep_atm", "ph":"B", "ts":"3555189675203", "pid":"1", "tid":"cmeps"},
{"name":"med_phases_prep_atm", "ph":"E", "ts":"3555189675218", "pid":"1", "tid":"cmeps"},
{"name":"med_phases_prep_wav_accum", "ph":"B", "ts":"3555189675306", "pid":"1", "tid":"cmeps"},
{"name":"med_phases_prep_wav_accum", "ph":"E", "ts":"3555189675487", "pid":"1", "tid":"cmeps"},
{"name":"med_phases_prep_wav_avg", "ph":"B", "ts":"3555189675585", "pid":"1", "tid":"cmeps"},
{"name":"med_phases_prep_wav_avg", "ph":"E", "ts":"3555189675851", "pid":"1", "tid":"cmeps"},
{"name":"med_phases_post_atm", "ph":"B", "ts":"3555189677587", "pid":"1", "tid":"cmeps"},
{"name":"med_phases_history_write_comp", "ph":"B", "ts":"3555190179955", "pid":"1", "tid":"cmeps"},
{"name":"med_phases_history_write_comp", "ph":"E", "ts":"3555190180003", "pid":"1", "tid":"cmeps"},
{"name":"med_phases_post_atm", "ph":"E", "ts":"3555190180006", "pid":"1", "tid":"cmeps"},
{"name":"med_phases_post_wav", "ph":"B", "ts":"3555191757449", "pid":"1", "tid":"cmeps"},
{"name":"med_phases_history_write_comp", "ph":"B", "ts":"3555191757586", "pid":"1", "tid":"cmeps"},
{"name":"med_phases_history_write_comp", "ph":"E", "ts":"3555191757595", "pid":"1", "tid":"cmeps"},
{"name":"med_phases_post_wav", "ph":"E", "ts":"3555191757598", "pid":"1", "tid":"cmeps"},
{"name":"med_phases_restart_write", "ph":"B", "ts":"3555191757700", "pid":"1", "tid":"cmeps"},
{"name":"med_phases_restart_write", "ph":"E", "ts":"3555191757722", "pid":"1", "tid":"cmeps"},
{"name":"med_phases_prep_atm", "ph":"B", "ts":"3555191757807", "pid":"1", "tid":"cmeps"},
{"name":"med_phases_prep_atm", "ph":"E", "ts":"3555191757822", "pid":"1", "tid":"cmeps"},
{"name":"med_phases_prep_wav_accum", "ph":"B", "ts":"3555191757911", "pid":"1", "tid":"cmeps"},
{"name":"med_phases_prep_wav_accum", "ph":"E", "ts":"3555191758099", "pid":"1", "tid":"cmeps"},
{"name":"med_phases_prep_wav_avg", "ph":"B", "ts":"3555191758198", "pid":"1", "tid":"cmeps"},
{"name":"med_phases_prep_wav_avg", "ph":"E", "ts":"3555191758467", "pid":"1", "tid":"cmeps"},
{"name":"med_phases_post_atm", "ph":"B", "ts":"3555191760289", "pid":"1", "tid":"cmeps"},
{"name":"med_phases_history_write_comp", "ph":"B", "ts":"3555192275297", "pid":"1", "tid":"cmeps"},
{"name":"med_phases_history_write_comp", "ph":"E", "ts":"3555192275353", "pid":"1", "tid":"cmeps"},
{"name":"med_phases_post_atm", "ph":"E", "ts":"3555192275357", "pid":"1", "tid":"cmeps"},
{"name":"med_phases_post_wav", "ph":"B", "ts":"3555193917146", "pid":"1", "tid":"cmeps"},
{"name":"med_phases_history_write_comp", "ph":"B", "ts":"3555193917182", "pid":"1", "tid":"cmeps"},
{"name":"med_phases_history_write_comp", "ph":"E", "ts":"3555193917189", "pid":"1", "tid":"cmeps"},
{"name":"med_phases_post_wav", "ph":"E", "ts":"3555193917192", "pid":"1", "tid":"cmeps"},
{"name":"med_phases_restart_write", "ph":"B", "ts":"3555193917282", "pid":"1", "tid":"cmeps"},
{"name":"med_phases_restart_write", "ph":"E", "ts":"3555193917303", "pid":"1", "tid":"cmeps"},
{"name":"med_phases_prep_atm", "ph":"B", "ts":"3555193917389", "pid":"1", "tid":"cmeps"},
{"name":"med_phases_prep_atm", "ph":"E", "ts":"3555193917404", "pid":"1", "tid":"cmeps"},
{"name":"med_phases_prep_wav_accum", "ph":"B", "ts":"3555193917492", "pid":"1", "tid":"cmeps"},
{"name":"med_phases_prep_wav_accum", "ph":"E", "ts":"3555193917677", "pid":"1", "tid":"cmeps"},
{"name":"med_phases_prep_wav_avg", "ph":"B", "ts":"3555193917776", "pid":"1", "tid":"cmeps"},
{"name":"med_phases_prep_wav_avg", "ph":"E", "ts":"3555193918052", "pid":"1", "tid":"cmeps"},
{"name":"med_phases_post_atm", "ph":"B", "ts":"3555193919795", "pid":"1", "tid":"cmeps"},
{"name":"med_phases_history_write_comp", "ph":"B", "ts":"3555194441569", "pid":"1", "tid":"cmeps"},
{"name":"med_phases_history_write_comp", "ph":"E", "ts":"3555194441614", "pid":"1", "tid":"cmeps"},
{"name":"med_phases_post_atm", "ph":"E", "ts":"3555194441618", "pid":"1", "tid":"cmeps"},
{"name":"med_phases_post_wav", "ph":"B", "ts":"3555196032074", "pid":"1", "tid":"cmeps"},
{"name":"med_phases_history_write_comp", "ph":"B", "ts":"3555196032167", "pid":"1", "tid":"cmeps"},
{"name":"med_phases_history_write_comp", "ph":"E", "ts":"3555196032176", "pid":"1", "tid":"cmeps"},
{"name":"med_phases_post_wav", "ph":"E", "ts":"3555196032179", "pid":"1", "tid":"cmeps"},
{"name":"med_phases_restart_write", "ph":"B", "ts":"3555196032279", "pid":"1", "tid":"cmeps"},
{"name":"med_phases_restart_write", "ph":"E", "ts":"3555196032301", "pid":"1", "tid":"cmeps"},
{"name":"med_phases_prep_atm", "ph":"B", "ts":"3555196032385", "pid":"1", "tid":"cmeps"},
{"name":"med_phases_prep_atm", "ph":"E", "ts":"3555196032400", "pid":"1", "tid":"cmeps"},
{"name":"med_phases_prep_wav_accum", "ph":"B", "ts":"3555196032488", "pid":"1", "tid":"cmeps"},
{"name":"med_phases_prep_wav_accum", "ph":"E", "ts":"3555196032672", "pid":"1", "tid":"cmeps"},
{"name":"med_phases_prep_wav_avg", "ph":"B", "ts":"3555196032772", "pid":"1", "tid":"cmeps"},
{"name":"med_phases_prep_wav_avg", "ph":"E", "ts":"3555196033052", "pid":"1", "tid":"cmeps"},
{"name":"med_phases_post_atm", "ph":"B", "ts":"3555196034800", "pid":"1", "tid":"cmeps"},
{"name":"med_phases_history_write_comp", "ph":"B", "ts":"3555196563594", "pid":"1", "tid":"cmeps"},
{"name":"med_phases_history_write_comp", "ph":"E", "ts":"3555196563635", "pid":"1", "tid":"cmeps"},
{"name":"med_phases_post_atm", "ph":"E", "ts":"3555196563639", "pid":"1", "tid":"cmeps"},
{"name":"med_phases_post_wav", "ph":"B", "ts":"3555198268148", "pid":"1", "tid":"cmeps"},
{"name":"med_phases_history_write_comp", "ph":"B", "ts":"3555198268185", "pid":"1", "tid":"cmeps"},
{"name":"med_phases_history_write_comp", "ph":"E", "ts":"3555198268195", "pid":"1", "tid":"cmeps"},
{"name":"med_phases_post_wav", "ph":"E", "ts":"3555198268198", "pid":"1", "tid":"cmeps"},
{"name":"med_phases_restart_write", "ph":"B", "ts":"3555198268287", "pid":"1", "tid":"cmeps"},
{"name":"med_phases_restart_write", "ph":"E", "ts":"3555198268309", "pid":"1", "tid":"cmeps"},
{"name":"med_phases_prep_atm", "ph":"B", "ts":"3555198268392", "pid":"1", "tid":"cmeps"},
{"name":"med_phases_prep_atm", "ph":"E", "ts":"3555198268421", "pid":"1", "tid":"cmeps"},
{"name":"med_phases_prep_wav_accum", "ph":"B", "ts":"3555198268508", "pid":"1", "tid":"cmeps"},
{"name":"med_phases_prep_wav_accum", "ph":"E", "ts":"3555198268975", "pid":"1", "tid":"cmeps"},
{"name":"med_phases_prep_wav_avg", "ph":"B", "ts":"3555198269073", "pid":"1", "tid":"cmeps"},
{"name":"med_phases_prep_wav_avg", "ph":"E", "ts":"3555198269346", "pid":"1", "tid":"cmeps"},
{"name":"med_phases_post_atm", "ph":"B", "ts":"3555198272406", "pid":"1", "tid":"cmeps"},
{"name":"med_phases_history_write_comp", "ph":"B", "ts":"3555198808258", "pid":"1", "tid":"cmeps"},
{"name":"med_phases_history_write_comp", "ph":"E", "ts":"3555198808308", "pid":"1", "tid":"cmeps"},
{"name":"med_phases_post_atm", "ph":"E", "ts":"3555198808313", "pid":"1", "tid":"cmeps"},
{"name":"med_phases_post_wav", "ph":"B", "ts":"3555200476338", "pid":"1", "tid":"cmeps"},
{"name":"med_phases_history_write_comp", "ph":"B", "ts":"3555200476370", "pid":"1", "tid":"cmeps"},
{"name":"med_phases_history_write_comp", "ph":"E", "ts":"3555200476376", "pid":"1", "tid":"cmeps"},
{"name":"med_phases_post_wav", "ph":"E", "ts":"3555200476379", "pid":"1", "tid":"cmeps"},
{"name":"med_phases_restart_write", "ph":"B", "ts":"3555200476469", "pid":"1", "tid":"cmeps"},
{"name":"med_phases_restart_write", "ph":"E", "ts":"3555200476491", "pid":"1", "tid":"cmeps"},
{"name":"med_phases_prep_atm", "ph":"B", "ts":"3555200476574", "pid":"1", "tid":"cmeps"},
{"name":"med_phases_prep_atm", "ph":"E", "ts":"3555200476589", "pid":"1", "tid":"cmeps"},
{"name":"med_phases_prep_wav_accum", "ph":"B", "ts":"3555200476676", "pid":"1", "tid":"cmeps"},
{"name":"med_phases_prep_wav_accum", "ph":"E", "ts":"3555200476860", "pid":"1", "tid":"cmeps"},
{"name":"med_phases_prep_wav_avg", "ph":"B", "ts":"3555200476966", "pid":"1", "tid":"cmeps"},
{"name":"med_phases_prep_wav_avg", "ph":"E", "ts":"3555200477362", "pid":"1", "tid":"cmeps"},
{"name":"med_phases_post_atm", "ph":"B", "ts":"3555200479081", "pid":"1", "tid":"cmeps"},
{"name":"med_phases_history_write_comp", "ph":"B", "ts":"3555201022389", "pid":"1", "tid":"cmeps"},
{"name":"med_phases_history_write_comp", "ph":"E", "ts":"3555201022426", "pid":"1", "tid":"cmeps"},
{"name":"med_phases_post_atm", "ph":"E", "ts":"3555201022429", "pid":"1", "tid":"cmeps"},
{"name":"med_phases_post_wav", "ph":"B", "ts":"3555202655349", "pid":"1", "tid":"cmeps"},
{"name":"med_phases_history_write_comp", "ph":"B", "ts":"3555202655490", "pid":"1", "tid":"cmeps"},
{"name":"med_phases_history_write_comp", "ph":"E", "ts":"3555202655498", "pid":"1", "tid":"cmeps"},
{"name":"med_phases_post_wav", "ph":"E", "ts":"3555202655501", "pid":"1", "tid":"cmeps"},
{"name":"med_phases_restart_write", "ph":"B", "ts":"3555202655601", "pid":"1", "tid":"cmeps"},
{"name":"med_phases_restart_write", "ph":"E", "ts":"3555202655623", "pid":"1", "tid":"cmeps"},
{"name":"med_phases_prep_atm", "ph":"B", "ts":"3555202655707", "pid":"1", "tid":"cmeps"},
{"name":"med_phases_prep_atm", "ph":"E", "ts":"3555202655723", "pid":"1", "tid":"cmeps"},
{"name":"med_phases_prep_wav_accum", "ph":"B", "ts":"3555202655811", "pid":"1", "tid":"cmeps"},
{"name":"med_phases_prep_wav_accum", "ph":"E", "ts":"3555202655999", "pid":"1", "tid":"cmeps"},
{"name":"med_phases_prep_wav_avg", "ph":"B", "ts":"3555202656099", "pid":"1", "tid":"cmeps"},
{"name":"med_phases_prep_wav_avg", "ph":"E", "ts":"3555202656365", "pid":"1", "tid":"cmeps"},
{"name":"med_phases_post_atm", "ph":"B", "ts":"3555202658013", "pid":"1", "tid":"cmeps"},
{"name":"med_phases_history_write_comp", "ph":"B", "ts":"3555203208574", "pid":"1", "tid":"cmeps"},
{"name":"med_phases_history_write_comp", "ph":"E", "ts":"3555203208622", "pid":"1", "tid":"cmeps"},
{"name":"med_phases_post_atm", "ph":"E", "ts":"3555203208626", "pid":"1", "tid":"cmeps"},
{"name":"med_phases_post_wav", "ph":"B", "ts":"3555204845576", "pid":"1", "tid":"cmeps"},
{"name":"med_phases_history_write_comp", "ph":"B", "ts":"3555204845608", "pid":"1", "tid":"cmeps"},
{"name":"med_phases_history_write_comp", "ph":"E", "ts":"3555204845615", "pid":"1", "tid":"cmeps"},
{"name":"med_phases_post_wav", "ph":"E", "ts":"3555204845618", "pid":"1", "tid":"cmeps"},
{"name":"med_phases_restart_write", "ph":"B", "ts":"3555204845709", "pid":"1", "tid":"cmeps"},
{"name":"med_phases_restart_write", "ph":"E", "ts":"3555204845730", "pid":"1", "tid":"cmeps"},
{"name":"med_phases_prep_atm", "ph":"B", "ts":"3555204845814", "pid":"1", "tid":"cmeps"},
{"name":"med_phases_prep_atm", "ph":"E", "ts":"3555204845829", "pid":"1", "tid":"cmeps"},
{"name":"med_phases_prep_wav_accum", "ph":"B", "ts":"3555204845923", "pid":"1", "tid":"cmeps"},
{"name":"med_phases_prep_wav_accum", "ph":"E", "ts":"3555204846105", "pid":"1", "tid":"cmeps"},
{"name":"med_phases_prep_wav_avg", "ph":"B", "ts":"3555204846206", "pid":"1", "tid":"cmeps"},
{"name":"med_phases_prep_wav_avg", "ph":"E", "ts":"3555204846476", "pid":"1", "tid":"cmeps"},
{"name":"med_phases_post_atm", "ph":"B", "ts":"3555205948679", "pid":"1", "tid":"cmeps"},
{"name":"med_phases_history_write_comp", "ph":"B", "ts":"3555205949435", "pid":"1", "tid":"cmeps"},
{"name":"med_phases_history_write_comp", "ph":"E", "ts":"3555205949447", "pid":"1", "tid":"cmeps"},
{"name":"med_phases_post_atm", "ph":"E", "ts":"3555205949450", "pid":"1", "tid":"cmeps"},
{"name":"med_phases_post_wav", "ph":"B", "ts":"3555235586120", "pid":"1", "tid":"cmeps"},
{"name":"med_phases_history_write_comp", "ph":"B", "ts":"3555235586347", "pid":"1", "tid":"cmeps"},
{"name":"med_phases_history_write_comp", "ph":"E", "ts":"3555235586357", "pid":"1", "tid":"cmeps"},
{"name":"med_phases_post_wav", "ph":"E", "ts":"3555235586360", "pid":"1", "tid":"cmeps"},
{"name":"med_phases_restart_write", "ph":"B", "ts":"3555235586461", "pid":"1", "tid":"cmeps"},
{"name":"med_phases_restart_write", "ph":"E", "ts":"3555236094566", "pid":"1", "tid":"cmeps"},
{"name":"med_phases_prep_atm", "ph":"B", "ts":"3555236094868", "pid":"1", "tid":"cmeps"},
{"name":"med_phases_prep_atm", "ph":"E", "ts":"3555236094921", "pid":"1", "tid":"cmeps"},
{"name":"med_phases_prep_wav_accum", "ph":"B", "ts":"3555236095026", "pid":"1", "tid":"cmeps"},
{"name":"med_phases_prep_wav_accum", "ph":"E", "ts":"3555236095645", "pid":"1", "tid":"cmeps"},
{"name":"med_phases_prep_wav_avg", "ph":"B", "ts":"3555236095759", "pid":"1", "tid":"cmeps"},
{"name":"med_phases_prep_wav_avg", "ph":"E", "ts":"3555236096079", "pid":"1", "tid":"cmeps"},
{"name":"med_phases_post_atm", "ph":"B", "ts":"3555236100641", "pid":"1", "tid":"cmeps"},
{"name":"med_phases_history_write_comp", "ph":"B", "ts":"3555236103006", "pid":"1", "tid":"cmeps"},
{"name":"med_phases_history_write_comp", "ph":"E", "ts":"3555236103024", "pid":"1", "tid":"cmeps"},
{"name":"med_phases_post_atm", "ph":"E", "ts":"3555236103027", "pid":"1", "tid":"cmeps"},
{"name":"med_phases_post_wav", "ph":"B", "ts":"3555237710339", "pid":"1", "tid":"cmeps"},
{"name":"med_phases_history_write_comp", "ph":"B", "ts":"3555237710493", "pid":"1", "tid":"cmeps"},
{"name":"med_phases_history_write_comp", "ph":"E", "ts":"3555237710505", "pid":"1", "tid":"cmeps"},
{"name":"med_phases_post_wav", "ph":"E", "ts":"3555237710508", "pid":"1", "tid":"cmeps"},
{"name":"med_phases_restart_write", "ph":"B", "ts":"3555237710611", "pid":"1", "tid":"cmeps"},
{"name":"med_phases_restart_write", "ph":"E", "ts":"3555237710639", "pid":"1", "tid":"cmeps"},
{"name":"med_phases_prep_atm", "ph":"B", "ts":"3555237710726", "pid":"1", "tid":"cmeps"},
{"name":"med_phases_prep_atm", "ph":"E", "ts":"3555237710749", "pid":"1", "tid":"cmeps"},
{"name":"med_phases_prep_wav_accum", "ph":"B", "ts":"3555237710843", "pid":"1", "tid":"cmeps"},
{"name":"med_phases_prep_wav_accum", "ph":"E", "ts":"3555237711072", "pid":"1", "tid":"cmeps"},
{"name":"med_phases_prep_wav_avg", "ph":"B", "ts":"3555237711177", "pid":"1", "tid":"cmeps"},
{"name":"med_phases_prep_wav_avg", "ph":"E", "ts":"3555237711447", "pid":"1", "tid":"cmeps"},
{"name":"med_phases_post_atm", "ph":"B", "ts":"3555237714584", "pid":"1", "tid":"cmeps"},
{"name":"med_phases_history_write_comp", "ph":"B", "ts":"3555238322471", "pid":"1", "tid":"cmeps"},
{"name":"med_phases_history_write_comp", "ph":"E", "ts":"3555238322505", "pid":"1", "tid":"cmeps"},
{"name":"med_phases_post_atm", "ph":"E", "ts":"3555238322509", "pid":"1", "tid":"cmeps"},
{"name":"med_phases_post_wav", "ph":"B", "ts":"3555239956681", "pid":"1", "tid":"cmeps"},
{"name":"med_phases_history_write_comp", "ph":"B", "ts":"3555239956718", "pid":"1", "tid":"cmeps"},
{"name":"med_phases_history_write_comp", "ph":"E", "ts":"3555239956724", "pid":"1", "tid":"cmeps"},
{"name":"med_phases_post_wav", "ph":"E", "ts":"3555239956727", "pid":"1", "tid":"cmeps"},
{"name":"med_phases_restart_write", "ph":"B", "ts":"3555239956818", "pid":"1", "tid":"cmeps"},
{"name":"med_phases_restart_write", "ph":"E", "ts":"3555239956840", "pid":"1", "tid":"cmeps"},
{"name":"med_phases_prep_atm", "ph":"B", "ts":"3555239956931", "pid":"1", "tid":"cmeps"},
{"name":"med_phases_prep_atm", "ph":"E", "ts":"3555239956947", "pid":"1", "tid":"cmeps"},
{"name":"med_phases_prep_wav_accum", "ph":"B", "ts":"3555239957035", "pid":"1", "tid":"cmeps"},
{"name":"med_phases_prep_wav_accum", "ph":"E", "ts":"3555239957220", "pid":"1", "tid":"cmeps"},
{"name":"med_phases_prep_wav_avg", "ph":"B", "ts":"3555239957320", "pid":"1", "tid":"cmeps"},
{"name":"med_phases_prep_wav_avg", "ph":"E", "ts":"3555239957589", "pid":"1", "tid":"cmeps"},
{"name":"med_phases_post_atm", "ph":"B", "ts":"3555239959443", "pid":"1", "tid":"cmeps"},
{"name":"med_phases_history_write_comp", "ph":"B", "ts":"3555240557636", "pid":"1", "tid":"cmeps"},
{"name":"med_phases_history_write_comp", "ph":"E", "ts":"3555240557703", "pid":"1", "tid":"cmeps"},
{"name":"med_phases_post_atm", "ph":"E", "ts":"3555240557707", "pid":"1", "tid":"cmeps"},
{"name":"med_phases_post_wav", "ph":"B", "ts":"3555242219668", "pid":"1", "tid":"cmeps"},
{"name":"med_phases_history_write_comp", "ph":"B", "ts":"3555242219812", "pid":"1", "tid":"cmeps"},
{"name":"med_phases_history_write_comp", "ph":"E", "ts":"3555242219850", "pid":"1", "tid":"cmeps"},
{"name":"med_phases_post_wav", "ph":"E", "ts":"3555242219855", "pid":"1", "tid":"cmeps"},
{"name":"med_phases_restart_write", "ph":"B", "ts":"3555242219968", "pid":"1", "tid":"cmeps"},
{"name":"med_phases_restart_write", "ph":"E", "ts":"3555242219990", "pid":"1", "tid":"cmeps"},
{"name":"med_phases_prep_atm", "ph":"B", "ts":"3555242220075", "pid":"1", "tid":"cmeps"},
{"name":"med_phases_prep_atm", "ph":"E", "ts":"3555242220090", "pid":"1", "tid":"cmeps"},
{"name":"med_phases_prep_wav_accum", "ph":"B", "ts":"3555242220179", "pid":"1", "tid":"cmeps"},
{"name":"med_phases_prep_wav_accum", "ph":"E", "ts":"3555242220361", "pid":"1", "tid":"cmeps"},
{"name":"med_phases_prep_wav_avg", "ph":"B", "ts":"3555242220458", "pid":"1", "tid":"cmeps"},
{"name":"med_phases_prep_wav_avg", "ph":"E", "ts":"3555242220727", "pid":"1", "tid":"cmeps"},
{"name":"med_phases_post_atm", "ph":"B", "ts":"3555242222478", "pid":"1", "tid":"cmeps"},
{"name":"med_phases_history_write_comp", "ph":"B", "ts":"3555242805240", "pid":"1", "tid":"cmeps"},
{"name":"med_phases_history_write_comp", "ph":"E", "ts":"3555242805294", "pid":"1", "tid":"cmeps"},
{"name":"med_phases_post_atm", "ph":"E", "ts":"3555242805298", "pid":"1", "tid":"cmeps"},
{"name":"med_phases_post_wav", "ph":"B", "ts":"3555244467474", "pid":"1", "tid":"cmeps"},
{"name":"med_phases_history_write_comp", "ph":"B", "ts":"3555244467512", "pid":"1", "tid":"cmeps"},
{"name":"med_phases_history_write_comp", "ph":"E", "ts":"3555244467518", "pid":"1", "tid":"cmeps"},
{"name":"med_phases_post_wav", "ph":"E", "ts":"3555244467521", "pid":"1", "tid":"cmeps"},
{"name":"med_phases_restart_write", "ph":"B", "ts":"3555244467613", "pid":"1", "tid":"cmeps"},
{"name":"med_phases_restart_write", "ph":"E", "ts":"3555244467635", "pid":"1", "tid":"cmeps"},
{"name":"med_phases_prep_atm", "ph":"B", "ts":"3555244467719", "pid":"1", "tid":"cmeps"},
{"name":"med_phases_prep_atm", "ph":"E", "ts":"3555244467735", "pid":"1", "tid":"cmeps"},
{"name":"med_phases_prep_wav_accum", "ph":"B", "ts":"3555244467824", "pid":"1", "tid":"cmeps"},
{"name":"med_phases_prep_wav_accum", "ph":"E", "ts":"3555244468016", "pid":"1", "tid":"cmeps"},
{"name":"med_phases_prep_wav_avg", "ph":"B", "ts":"3555244468116", "pid":"1", "tid":"cmeps"},
{"name":"med_phases_prep_wav_avg", "ph":"E", "ts":"3555244468384", "pid":"1", "tid":"cmeps"},
{"name":"med_phases_post_atm", "ph":"B", "ts":"3555244470112", "pid":"1", "tid":"cmeps"},
{"name":"med_phases_history_write_comp", "ph":"B", "ts":"3555244926035", "pid":"1", "tid":"cmeps"},
{"name":"med_phases_history_write_comp", "ph":"E", "ts":"3555244926088", "pid":"1", "tid":"cmeps"},
{"name":"med_phases_post_atm", "ph":"E", "ts":"3555244926092", "pid":"1", "tid":"cmeps"},
{"name":"med_phases_post_wav", "ph":"B", "ts":"3555246520060", "pid":"1", "tid":"cmeps"},
{"name":"med_phases_history_write_comp", "ph":"B", "ts":"3555246520096", "pid":"1", "tid":"cmeps"},
{"name":"med_phases_history_write_comp", "ph":"E", "ts":"3555246520103", "pid":"1", "tid":"cmeps"},
{"name":"med_phases_post_wav", "ph":"E", "ts":"3555246520106", "pid":"1", "tid":"cmeps"},
{"name":"med_phases_restart_write", "ph":"B", "ts":"3555246520197", "pid":"1", "tid":"cmeps"},
{"name":"med_phases_restart_write", "ph":"E", "ts":"3555246520219", "pid":"1", "tid":"cmeps"},
{"name":"med_phases_prep_atm", "ph":"B", "ts":"3555246520303", "pid":"1", "tid":"cmeps"},
{"name":"med_phases_prep_atm", "ph":"E", "ts":"3555246520318", "pid":"1", "tid":"cmeps"},
{"name":"med_phases_prep_wav_accum", "ph":"B", "ts":"3555246520407", "pid":"1", "tid":"cmeps"},
{"name":"med_phases_prep_wav_accum", "ph":"E", "ts":"3555246520592", "pid":"1", "tid":"cmeps"},
{"name":"med_phases_prep_wav_avg", "ph":"B", "ts":"3555246520690", "pid":"1", "tid":"cmeps"},
{"name":"med_phases_prep_wav_avg", "ph":"E", "ts":"3555246520967", "pid":"1", "tid":"cmeps"},
{"name":"med_phases_post_atm", "ph":"B", "ts":"3555246522690", "pid":"1", "tid":"cmeps"},
{"name":"med_phases_history_write_comp", "ph":"B", "ts":"3555247046619", "pid":"1", "tid":"cmeps"},
{"name":"med_phases_history_write_comp", "ph":"E", "ts":"3555247046676", "pid":"1", "tid":"cmeps"},
{"name":"med_phases_post_atm", "ph":"E", "ts":"3555247046680", "pid":"1", "tid":"cmeps"},
{"name":"med_phases_post_wav", "ph":"B", "ts":"3555248518396", "pid":"1", "tid":"cmeps"},
{"name":"med_phases_history_write_comp", "ph":"B", "ts":"3555248518543", "pid":"1", "tid":"cmeps"},
{"name":"med_phases_history_write_comp", "ph":"E", "ts":"3555248518550", "pid":"1", "tid":"cmeps"},
{"name":"med_phases_post_wav", "ph":"E", "ts":"3555248518553", "pid":"1", "tid":"cmeps"},
{"name":"med_phases_restart_write", "ph":"B", "ts":"3555248518653", "pid":"1", "tid":"cmeps"},
{"name":"med_phases_restart_write", "ph":"E", "ts":"3555248518674", "pid":"1", "tid":"cmeps"},
{"name":"med_phases_prep_atm", "ph":"B", "ts":"3555248518759", "pid":"1", "tid":"cmeps"},
{"name":"med_phases_prep_atm", "ph":"E", "ts":"3555248518775", "pid":"1", "tid":"cmeps"},
{"name":"med_phases_prep_wav_accum", "ph":"B", "ts":"3555248518862", "pid":"1", "tid":"cmeps"},
{"name":"med_phases_prep_wav_accum", "ph":"E", "ts":"3555248519049", "pid":"1", "tid":"cmeps"},
{"name":"med_phases_prep_wav_avg", "ph":"B", "ts":"3555248519148", "pid":"1", "tid":"cmeps"},
{"name":"med_phases_prep_wav_avg", "ph":"E", "ts":"3555248519414", "pid":"1", "tid":"cmeps"},
{"name":"med_phases_post_atm", "ph":"B", "ts":"3555248521071", "pid":"1", "tid":"cmeps"},
{"name":"med_phases_history_write_comp", "ph":"B", "ts":"3555249020550", "pid":"1", "tid":"cmeps"},
{"name":"med_phases_history_write_comp", "ph":"E", "ts":"3555249020602", "pid":"1", "tid":"cmeps"},
{"name":"med_phases_post_atm", "ph":"E", "ts":"3555249020606", "pid":"1", "tid":"cmeps"},
{"name":"med_phases_post_wav", "ph":"B", "ts":"3555250504669", "pid":"1", "tid":"cmeps"},
{"name":"med_phases_history_write_comp", "ph":"B", "ts":"3555250504700", "pid":"1", "tid":"cmeps"},
{"name":"med_phases_history_write_comp", "ph":"E", "ts":"3555250504707", "pid":"1", "tid":"cmeps"},
{"name":"med_phases_post_wav", "ph":"E", "ts":"3555250504711", "pid":"1", "tid":"cmeps"},
{"name":"med_phases_restart_write", "ph":"B", "ts":"3555250504800", "pid":"1", "tid":"cmeps"},
{"name":"med_phases_restart_write", "ph":"E", "ts":"3555250504822", "pid":"1", "tid":"cmeps"},
{"name":"med_phases_prep_atm", "ph":"B", "ts":"3555250504918", "pid":"1", "tid":"cmeps"},
{"name":"med_phases_prep_atm", "ph":"E", "ts":"3555250504934", "pid":"1", "tid":"cmeps"},
{"name":"med_phases_prep_wav_accum", "ph":"B", "ts":"3555250505023", "pid":"1", "tid":"cmeps"},
{"name":"med_phases_prep_wav_accum", "ph":"E", "ts":"3555250505206", "pid":"1", "tid":"cmeps"},
{"name":"med_phases_prep_wav_avg", "ph":"B", "ts":"3555250505303", "pid":"1", "tid":"cmeps"},
{"name":"med_phases_prep_wav_avg", "ph":"E", "ts":"3555250505593", "pid":"1", "tid":"cmeps"},
{"name":"med_phases_post_atm", "ph":"B", "ts":"3555250507284", "pid":"1", "tid":"cmeps"},
{"name":"med_phases_history_write_comp", "ph":"B", "ts":"3555250984768", "pid":"1", "tid":"cmeps"},
{"name":"med_phases_history_write_comp", "ph":"E", "ts":"3555250984825", "pid":"1", "tid":"cmeps"},
{"name":"med_phases_post_atm", "ph":"E", "ts":"3555250984829", "pid":"1", "tid":"cmeps"},
{"name":"med_phases_post_wav", "ph":"B", "ts":"3555252490489", "pid":"1", "tid":"cmeps"},
{"name":"med_phases_history_write_comp", "ph":"B", "ts":"3555252490634", "pid":"1", "tid":"cmeps"},
{"name":"med_phases_history_write_comp", "ph":"E", "ts":"3555252490642", "pid":"1", "tid":"cmeps"},
{"name":"med_phases_post_wav", "ph":"E", "ts":"3555252490645", "pid":"1", "tid":"cmeps"},
{"name":"med_phases_restart_write", "ph":"B", "ts":"3555252490746", "pid":"1", "tid":"cmeps"},
{"name":"med_phases_restart_write", "ph":"E", "ts":"3555252490768", "pid":"1", "tid":"cmeps"},
{"name":"med_phases_prep_atm", "ph":"B", "ts":"3555252490852", "pid":"1", "tid":"cmeps"},
{"name":"med_phases_prep_atm", "ph":"E", "ts":"3555252490867", "pid":"1", "tid":"cmeps"},
{"name":"med_phases_prep_wav_accum", "ph":"B", "ts":"3555252490963", "pid":"1", "tid":"cmeps"},
{"name":"med_phases_prep_wav_accum", "ph":"E", "ts":"3555252491189", "pid":"1", "tid":"cmeps"},
{"name":"med_phases_prep_wav_avg", "ph":"B", "ts":"3555252491298", "pid":"1", "tid":"cmeps"},
{"name":"med_phases_prep_wav_avg", "ph":"E", "ts":"3555252491569", "pid":"1", "tid":"cmeps"},
{"name":"med_phases_post_atm", "ph":"B", "ts":"3555252493363", "pid":"1", "tid":"cmeps"},
{"name":"med_phases_history_write_comp", "ph":"B", "ts":"3555252939248", "pid":"1", "tid":"cmeps"},
{"name":"med_phases_history_write_comp", "ph":"E", "ts":"3555252939304", "pid":"1", "tid":"cmeps"},
{"name":"med_phases_post_atm", "ph":"E", "ts":"3555252939309", "pid":"1", "tid":"cmeps"},
{"name":"med_phases_post_wav", "ph":"B", "ts":"3555254511407", "pid":"1", "tid":"cmeps"},
{"name":"med_phases_history_write_comp", "ph":"B", "ts":"3555254511444", "pid":"1", "tid":"cmeps"},
{"name":"med_phases_history_write_comp", "ph":"E", "ts":"3555254511451", "pid":"1", "tid":"cmeps"},
{"name":"med_phases_post_wav", "ph":"E", "ts":"3555254511453", "pid":"1", "tid":"cmeps"},
{"name":"med_phases_restart_write", "ph":"B", "ts":"3555254511544", "pid":"1", "tid":"cmeps"},
{"name":"med_phases_restart_write", "ph":"E", "ts":"3555254511566", "pid":"1", "tid":"cmeps"},
{"name":"med_phases_prep_atm", "ph":"B", "ts":"3555254511649", "pid":"1", "tid":"cmeps"},
{"name":"med_phases_prep_atm", "ph":"E", "ts":"3555254511664", "pid":"1", "tid":"cmeps"},
{"name":"med_phases_prep_wav_accum", "ph":"B", "ts":"3555254511751", "pid":"1", "tid":"cmeps"},
{"name":"med_phases_prep_wav_accum", "ph":"E", "ts":"3555254511945", "pid":"1", "tid":"cmeps"},
{"name":"med_phases_prep_wav_avg", "ph":"B", "ts":"3555254512044", "pid":"1", "tid":"cmeps"},
{"name":"med_phases_prep_wav_avg", "ph":"E", "ts":"3555254512313", "pid":"1", "tid":"cmeps"},
{"name":"med_phases_post_atm", "ph":"B", "ts":"3555254514052", "pid":"1", "tid":"cmeps"},
{"name":"med_phases_history_write_comp", "ph":"B", "ts":"3555254941802", "pid":"1", "tid":"cmeps"},
{"name":"med_phases_history_write_comp", "ph":"E", "ts":"3555254941859", "pid":"1", "tid":"cmeps"},
{"name":"med_phases_post_atm", "ph":"E", "ts":"3555254941863", "pid":"1", "tid":"cmeps"},
{"name":"med_phases_post_wav", "ph":"B", "ts":"3555256481623", "pid":"1", "tid":"cmeps"},
{"name":"med_phases_history_write_comp", "ph":"B", "ts":"3555256481658", "pid":"1", "tid":"cmeps"},
{"name":"med_phases_history_write_comp", "ph":"E", "ts":"3555256481665", "pid":"1", "tid":"cmeps"},
{"name":"med_phases_post_wav", "ph":"E", "ts":"3555256481668", "pid":"1", "tid":"cmeps"},
{"name":"med_phases_restart_write", "ph":"B", "ts":"3555256481757", "pid":"1", "tid":"cmeps"},
{"name":"med_phases_restart_write", "ph":"E", "ts":"3555256481779", "pid":"1", "tid":"cmeps"},
{"name":"med_phases_prep_atm", "ph":"B", "ts":"3555256481864", "pid":"1", "tid":"cmeps"},
{"name":"med_phases_prep_atm", "ph":"E", "ts":"3555256481878", "pid":"1", "tid":"cmeps"},
{"name":"med_phases_prep_wav_accum", "ph":"B", "ts":"3555256481976", "pid":"1", "tid":"cmeps"},
{"name":"med_phases_prep_wav_accum", "ph":"E", "ts":"3555256482162", "pid":"1", "tid":"cmeps"},
{"name":"med_phases_prep_wav_avg", "ph":"B", "ts":"3555256482260", "pid":"1", "tid":"cmeps"},
{"name":"med_phases_prep_wav_avg", "ph":"E", "ts":"3555256482526", "pid":"1", "tid":"cmeps"},
{"name":"med_phases_post_atm", "ph":"B", "ts":"3555256484163", "pid":"1", "tid":"cmeps"},
{"name":"med_phases_history_write_comp", "ph":"B", "ts":"3555256885165", "pid":"1", "tid":"cmeps"},
{"name":"med_phases_history_write_comp", "ph":"E", "ts":"3555256885206", "pid":"1", "tid":"cmeps"},
{"name":"med_phases_post_atm", "ph":"E", "ts":"3555256885210", "pid":"1", "tid":"cmeps"},
{"name":"med_phases_post_wav", "ph":"B", "ts":"3555258440429", "pid":"1", "tid":"cmeps"},
{"name":"med_phases_history_write_comp", "ph":"B", "ts":"3555258440577", "pid":"1", "tid":"cmeps"},
{"name":"med_phases_history_write_comp", "ph":"E", "ts":"3555258440588", "pid":"1", "tid":"cmeps"},
{"name":"med_phases_post_wav", "ph":"E", "ts":"3555258440591", "pid":"1", "tid":"cmeps"},
{"name":"med_phases_restart_write", "ph":"B", "ts":"3555258440729", "pid":"1", "tid":"cmeps"},
{"name":"med_phases_restart_write", "ph":"E", "ts":"3555258440751", "pid":"1", "tid":"cmeps"},
{"name":"med_phases_prep_atm", "ph":"B", "ts":"3555258440837", "pid":"1", "tid":"cmeps"},
{"name":"med_phases_prep_atm", "ph":"E", "ts":"3555258440868", "pid":"1", "tid":"cmeps"},
{"name":"med_phases_prep_wav_accum", "ph":"B", "ts":"3555258440965", "pid":"1", "tid":"cmeps"},
{"name":"med_phases_prep_wav_accum", "ph":"E", "ts":"3555258441428", "pid":"1", "tid":"cmeps"},
{"name":"med_phases_prep_wav_avg", "ph":"B", "ts":"3555258441526", "pid":"1", "tid":"cmeps"},
{"name":"med_phases_prep_wav_avg", "ph":"E", "ts":"3555258441795", "pid":"1", "tid":"cmeps"},
{"name":"med_phases_post_atm", "ph":"B", "ts":"3555258444876", "pid":"1", "tid":"cmeps"},
{"name":"med_phases_history_write_comp", "ph":"B", "ts":"3555258837223", "pid":"1", "tid":"cmeps"},
{"name":"med_phases_history_write_comp", "ph":"E", "ts":"3555258837283", "pid":"1", "tid":"cmeps"},
{"name":"med_phases_post_atm", "ph":"E", "ts":"3555258837287", "pid":"1", "tid":"cmeps"},
{"name":"SetServices", "ph":"B", "ts":"3554771951037", "pid":"1", "tid":"wave"},
{"name":"SetServices", "ph":"E", "ts":"3554771952107", "pid":"1", "tid":"wave"},
{"name":"InitializeP0", "ph":"B", "ts":"3554771954991", "pid":"1", "tid":"wave"},
{"name":"InitializeP0", "ph":"E", "ts":"3554771955052", "pid":"1", "tid":"wave"},
{"name":"InitializeAdvertise", "ph":"B", "ts":"3554772469536", "pid":"1", "tid":"wave"},
{"name":"InitializeAdvertise", "ph":"E", "ts":"3554817870106", "pid":"1", "tid":"wave"},
{"name":"InitializeRealize", "ph":"B", "ts":"3554820921528", "pid":"1", "tid":"wave"},
{"name":"InitializeRealize", "ph":"E", "ts":"3554829165716", "pid":"1", "tid":"wave"},
{"name":"DataInitialize", "ph":"B", "ts":"3554834906770", "pid":"1", "tid":"wave"},
{"name":"DataInitialize", "ph":"E", "ts":"3554834910593", "pid":"1", "tid":"wave"},
{"name":"ModelSetRunClock", "ph":"B", "ts":"3554836277198", "pid":"1", "tid":"wave"},
{"name":"ModelSetRunClock", "ph":"E", "ts":"3554836309859", "pid":"1", "tid":"wave"},
{"name":"ModelAdvance", "ph":"B", "ts":"3554836309930", "pid":"1", "tid":"wave"},
{"name":"ModelAdvance", "ph":"E", "ts":"3554838582913", "pid":"1", "tid":"wave"},
{"name":"ModelSetRunClock", "ph":"B", "ts":"3554838607146", "pid":"1", "tid":"wave"},
{"name":"ModelSetRunClock", "ph":"E", "ts":"3554838607173", "pid":"1", "tid":"wave"},
{"name":"ModelAdvance", "ph":"B", "ts":"3554838607204", "pid":"1", "tid":"wave"},
{"name":"ModelAdvance", "ph":"E", "ts":"3554843748401", "pid":"1", "tid":"wave"},
{"name":"ModelSetRunClock", "ph":"B", "ts":"3554844023611", "pid":"1", "tid":"wave"},
{"name":"ModelSetRunClock", "ph":"E", "ts":"3554844023822", "pid":"1", "tid":"wave"},
{"name":"ModelAdvance", "ph":"B", "ts":"3554844024013", "pid":"1", "tid":"wave"},
{"name":"ModelAdvance", "ph":"E", "ts":"3554849396646", "pid":"1", "tid":"wave"},
{"name":"ModelSetRunClock", "ph":"B", "ts":"3554849786384", "pid":"1", "tid":"wave"},
{"name":"ModelSetRunClock", "ph":"E", "ts":"3554849786433", "pid":"1", "tid":"wave"},
{"name":"ModelAdvance", "ph":"B", "ts":"3554849786487", "pid":"1", "tid":"wave"},
{"name":"ModelAdvance", "ph":"E", "ts":"3554855458365", "pid":"1", "tid":"wave"},
{"name":"ModelSetRunClock", "ph":"B", "ts":"3554855819227", "pid":"1", "tid":"wave"},
{"name":"ModelSetRunClock", "ph":"E", "ts":"3554855819276", "pid":"1", "tid":"wave"},
{"name":"ModelAdvance", "ph":"B", "ts":"3554855819311", "pid":"1", "tid":"wave"},
{"name":"ModelAdvance", "ph":"E", "ts":"3554862138340", "pid":"1", "tid":"wave"},
{"name":"ModelSetRunClock", "ph":"B", "ts":"3554862617676", "pid":"1", "tid":"wave"},
{"name":"ModelSetRunClock", "ph":"E", "ts":"3554862617727", "pid":"1", "tid":"wave"},
{"name":"ModelAdvance", "ph":"B", "ts":"3554862617768", "pid":"1", "tid":"wave"},
{"name":"ModelAdvance", "ph":"E", "ts":"3554869200558", "pid":"1", "tid":"wave"},
{"name":"ModelSetRunClock", "ph":"B", "ts":"3554869707377", "pid":"1", "tid":"wave"},
{"name":"ModelSetRunClock", "ph":"E", "ts":"3554869707604", "pid":"1", "tid":"wave"},
{"name":"ModelAdvance", "ph":"B", "ts":"3554869707686", "pid":"1", "tid":"wave"},
{"name":"ModelAdvance", "ph":"E", "ts":"3554876215705", "pid":"1", "tid":"wave"},
{"name":"ModelSetRunClock", "ph":"B", "ts":"3554877111511", "pid":"1", "tid":"wave"},
{"name":"ModelSetRunClock", "ph":"E", "ts":"3554877111561", "pid":"1", "tid":"wave"},
{"name":"ModelAdvance", "ph":"B", "ts":"3554877111604", "pid":"1", "tid":"wave"},
{"name":"ModelAdvance", "ph":"E", "ts":"3554882860133", "pid":"1", "tid":"wave"},
{"name":"ModelSetRunClock", "ph":"B", "ts":"3554883747936", "pid":"1", "tid":"wave"},
{"name":"ModelSetRunClock", "ph":"E", "ts":"3554883747985", "pid":"1", "tid":"wave"},
{"name":"ModelAdvance", "ph":"B", "ts":"3554883748020", "pid":"1", "tid":"wave"},
{"name":"ModelAdvance", "ph":"E", "ts":"3554888608420", "pid":"1", "tid":"wave"},
{"name":"ModelSetRunClock", "ph":"B", "ts":"3554889438731", "pid":"1", "tid":"wave"},
{"name":"ModelSetRunClock", "ph":"E", "ts":"3554889438778", "pid":"1", "tid":"wave"},
{"name":"ModelAdvance", "ph":"B", "ts":"3554889438812", "pid":"1", "tid":"wave"},
{"name":"ModelAdvance", "ph":"E", "ts":"3554893739704", "pid":"1", "tid":"wave"},
{"name":"ModelSetRunClock", "ph":"B", "ts":"3554894505616", "pid":"1", "tid":"wave"},
{"name":"ModelSetRunClock", "ph":"E", "ts":"3554894505663", "pid":"1", "tid":"wave"},
{"name":"ModelAdvance", "ph":"B", "ts":"3554894505702", "pid":"1", "tid":"wave"},
{"name":"ModelAdvance", "ph":"E", "ts":"3554898360430", "pid":"1", "tid":"wave"},
{"name":"ModelSetRunClock", "ph":"B", "ts":"3554899089607", "pid":"1", "tid":"wave"},
{"name":"ModelSetRunClock", "ph":"E", "ts":"3554899089654", "pid":"1", "tid":"wave"},
{"name":"ModelAdvance", "ph":"B", "ts":"3554899089691", "pid":"1", "tid":"wave"},
{"name":"ModelAdvance", "ph":"E", "ts":"3554931719027", "pid":"1", "tid":"wave"},
{"name":"ModelSetRunClock", "ph":"B", "ts":"3554932293392", "pid":"1", "tid":"wave"},
{"name":"ModelSetRunClock", "ph":"E", "ts":"3554932293453", "pid":"1", "tid":"wave"},
{"name":"ModelAdvance", "ph":"B", "ts":"3554932293500", "pid":"1", "tid":"wave"},
{"name":"ModelAdvance", "ph":"E", "ts":"3554935363979", "pid":"1", "tid":"wave"},
{"name":"ModelSetRunClock", "ph":"B", "ts":"3554936071865", "pid":"1", "tid":"wave"},
{"name":"ModelSetRunClock", "ph":"E", "ts":"3554936071914", "pid":"1", "tid":"wave"},
{"name":"ModelAdvance", "ph":"B", "ts":"3554936071957", "pid":"1", "tid":"wave"},
{"name":"ModelAdvance", "ph":"E", "ts":"3554939203386", "pid":"1", "tid":"wave"},
{"name":"ModelSetRunClock", "ph":"B", "ts":"3554939922243", "pid":"1", "tid":"wave"},
{"name":"ModelSetRunClock", "ph":"E", "ts":"3554939922284", "pid":"1", "tid":"wave"},
{"name":"ModelAdvance", "ph":"B", "ts":"3554939922341", "pid":"1", "tid":"wave"},
{"name":"ModelAdvance", "ph":"E", "ts":"3554942781089", "pid":"1", "tid":"wave"},
{"name":"ModelSetRunClock", "ph":"B", "ts":"3554943469544", "pid":"1", "tid":"wave"},
{"name":"ModelSetRunClock", "ph":"E", "ts":"3554943469629", "pid":"1", "tid":"wave"},
{"name":"ModelAdvance", "ph":"B", "ts":"3554943469736", "pid":"1", "tid":"wave"},
{"name":"ModelAdvance", "ph":"E", "ts":"3554946240604", "pid":"1", "tid":"wave"},
{"name":"ModelSetRunClock", "ph":"B", "ts":"3554946962348", "pid":"1", "tid":"wave"},
{"name":"ModelSetRunClock", "ph":"E", "ts":"3554946962668", "pid":"1", "tid":"wave"},
{"name":"ModelAdvance", "ph":"B", "ts":"3554946962790", "pid":"1", "tid":"wave"},
{"name":"ModelAdvance", "ph":"E", "ts":"3554949613151", "pid":"1", "tid":"wave"},
{"name":"ModelSetRunClock", "ph":"B", "ts":"3554950291578", "pid":"1", "tid":"wave"},
{"name":"ModelSetRunClock", "ph":"E", "ts":"3554950291625", "pid":"1", "tid":"wave"},
{"name":"ModelAdvance", "ph":"B", "ts":"3554950291670", "pid":"1", "tid":"wave"},
{"name":"ModelAdvance", "ph":"E", "ts":"3554952819918", "pid":"1", "tid":"wave"},
{"name":"ModelSetRunClock", "ph":"B", "ts":"3554953580168", "pid":"1", "tid":"wave"},
{"name":"ModelSetRunClock", "ph":"E", "ts":"3554953580217", "pid":"1", "tid":"wave"},
{"name":"ModelAdvance", "ph":"B", "ts":"3554953580255", "pid":"1", "tid":"wave"},
{"name":"ModelAdvance", "ph":"E", "ts":"3554955955995", "pid":"1", "tid":"wave"},
{"name":"ModelSetRunClock", "ph":"B", "ts":"3554956664079", "pid":"1", "tid":"wave"},
{"name":"ModelSetRunClock", "ph":"E", "ts":"3554956664297", "pid":"1", "tid":"wave"},
{"name":"ModelAdvance", "ph":"B", "ts":"3554956664417", "pid":"1", "tid":"wave"},
{"name":"ModelAdvance", "ph":"E", "ts":"3554959077738", "pid":"1", "tid":"wave"},
{"name":"ModelSetRunClock", "ph":"B", "ts":"3554959790841", "pid":"1", "tid":"wave"},
{"name":"ModelSetRunClock", "ph":"E", "ts":"3554959790951", "pid":"1", "tid":"wave"},
{"name":"ModelAdvance", "ph":"B", "ts":"3554959791093", "pid":"1", "tid":"wave"},
{"name":"ModelAdvance", "ph":"E", "ts":"3554962134160", "pid":"1", "tid":"wave"},
{"name":"ModelSetRunClock", "ph":"B", "ts":"3554962872753", "pid":"1", "tid":"wave"},
{"name":"ModelSetRunClock", "ph":"E", "ts":"3554962872803", "pid":"1", "tid":"wave"},
{"name":"ModelAdvance", "ph":"B", "ts":"3554962872858", "pid":"1", "tid":"wave"},
{"name":"ModelAdvance", "ph":"E", "ts":"3554965040600", "pid":"1", "tid":"wave"},
{"name":"ModelSetRunClock", "ph":"B", "ts":"3554965781355", "pid":"1", "tid":"wave"},
{"name":"ModelSetRunClock", "ph":"E", "ts":"3554965781403", "pid":"1", "tid":"wave"},
{"name":"ModelAdvance", "ph":"B", "ts":"3554965781438", "pid":"1", "tid":"wave"},
{"name":"ModelAdvance", "ph":"E", "ts":"3554967856247", "pid":"1", "tid":"wave"},
{"name":"ModelSetRunClock", "ph":"B", "ts":"3554968531758", "pid":"1", "tid":"wave"},
{"name":"ModelSetRunClock", "ph":"E", "ts":"3554968531808", "pid":"1", "tid":"wave"},
{"name":"ModelAdvance", "ph":"B", "ts":"3554968531874", "pid":"1", "tid":"wave"},
{"name":"ModelAdvance", "ph":"E", "ts":"3555000080038", "pid":"1", "tid":"wave"},
{"name":"ModelSetRunClock", "ph":"B", "ts":"3555000604062", "pid":"1", "tid":"wave"},
{"name":"ModelSetRunClock", "ph":"E", "ts":"3555000604128", "pid":"1", "tid":"wave"},
{"name":"ModelAdvance", "ph":"B", "ts":"3555000604165", "pid":"1", "tid":"wave"},
{"name":"ModelAdvance", "ph":"E", "ts":"3555002484060", "pid":"1", "tid":"wave"},
{"name":"ModelSetRunClock", "ph":"B", "ts":"3555003263329", "pid":"1", "tid":"wave"},
{"name":"ModelSetRunClock", "ph":"E", "ts":"3555003263615", "pid":"1", "tid":"wave"},
{"name":"ModelAdvance", "ph":"B", "ts":"3555003263767", "pid":"1", "tid":"wave"},
{"name":"ModelAdvance", "ph":"E", "ts":"3555005219252", "pid":"1", "tid":"wave"},
{"name":"ModelSetRunClock", "ph":"B", "ts":"3555005946590", "pid":"1", "tid":"wave"},
{"name":"ModelSetRunClock", "ph":"E", "ts":"3555005946638", "pid":"1", "tid":"wave"},
{"name":"ModelAdvance", "ph":"B", "ts":"3555005946701", "pid":"1", "tid":"wave"},
{"name":"ModelAdvance", "ph":"E", "ts":"3555007917510", "pid":"1", "tid":"wave"},
{"name":"ModelSetRunClock", "ph":"B", "ts":"3555008610325", "pid":"1", "tid":"wave"},
{"name":"ModelSetRunClock", "ph":"E", "ts":"3555008610371", "pid":"1", "tid":"wave"},
{"name":"ModelAdvance", "ph":"B", "ts":"3555008610417", "pid":"1", "tid":"wave"},
{"name":"ModelAdvance", "ph":"E", "ts":"3555010649350", "pid":"1", "tid":"wave"},
{"name":"ModelSetRunClock", "ph":"B", "ts":"3555011409858", "pid":"1", "tid":"wave"},
{"name":"ModelSetRunClock", "ph":"E", "ts":"3555011409905", "pid":"1", "tid":"wave"},
{"name":"ModelAdvance", "ph":"B", "ts":"3555011409961", "pid":"1", "tid":"wave"},
{"name":"ModelAdvance", "ph":"E", "ts":"3555013410584", "pid":"1", "tid":"wave"},
{"name":"ModelSetRunClock", "ph":"B", "ts":"3555014159705", "pid":"1", "tid":"wave"},
{"name":"ModelSetRunClock", "ph":"E", "ts":"3555014159756", "pid":"1", "tid":"wave"},
{"name":"ModelAdvance", "ph":"B", "ts":"3555014159793", "pid":"1", "tid":"wave"},
{"name":"ModelAdvance", "ph":"E", "ts":"3555016074630", "pid":"1", "tid":"wave"},
{"name":"ModelSetRunClock", "ph":"B", "ts":"3555016766452", "pid":"1", "tid":"wave"},
{"name":"ModelSetRunClock", "ph":"E", "ts":"3555016766497", "pid":"1", "tid":"wave"},
{"name":"ModelAdvance", "ph":"B", "ts":"3555016766532", "pid":"1", "tid":"wave"},
{"name":"ModelAdvance", "ph":"E", "ts":"3555018719104", "pid":"1", "tid":"wave"},
{"name":"ModelSetRunClock", "ph":"B", "ts":"3555019445921", "pid":"1", "tid":"wave"},
{"name":"ModelSetRunClock", "ph":"E", "ts":"3555019445969", "pid":"1", "tid":"wave"},
{"name":"ModelAdvance", "ph":"B", "ts":"3555019446046", "pid":"1", "tid":"wave"},
{"name":"ModelAdvance", "ph":"E", "ts":"3555021374140", "pid":"1", "tid":"wave"},
{"name":"ModelSetRunClock", "ph":"B", "ts":"3555022111507", "pid":"1", "tid":"wave"},
{"name":"ModelSetRunClock", "ph":"E", "ts":"3555022111554", "pid":"1", "tid":"wave"},
{"name":"ModelAdvance", "ph":"B", "ts":"3555022111599", "pid":"1", "tid":"wave"},
{"name":"ModelAdvance", "ph":"E", "ts":"3555024034266", "pid":"1", "tid":"wave"},
{"name":"ModelSetRunClock", "ph":"B", "ts":"3555024809639", "pid":"1", "tid":"wave"},
{"name":"ModelSetRunClock", "ph":"E", "ts":"3555024809691", "pid":"1", "tid":"wave"},
{"name":"ModelAdvance", "ph":"B", "ts":"3555024809735", "pid":"1", "tid":"wave"},
{"name":"ModelAdvance", "ph":"E", "ts":"3555026728925", "pid":"1", "tid":"wave"},
{"name":"ModelSetRunClock", "ph":"B", "ts":"3555027505374", "pid":"1", "tid":"wave"},
{"name":"ModelSetRunClock", "ph":"E", "ts":"3555027505747", "pid":"1", "tid":"wave"},
{"name":"ModelAdvance", "ph":"B", "ts":"3555027505874", "pid":"1", "tid":"wave"},
{"name":"ModelAdvance", "ph":"E", "ts":"3555029447896", "pid":"1", "tid":"wave"},
{"name":"ModelSetRunClock", "ph":"B", "ts":"3555030228052", "pid":"1", "tid":"wave"},
{"name":"ModelSetRunClock", "ph":"E", "ts":"3555030228106", "pid":"1", "tid":"wave"},
{"name":"ModelAdvance", "ph":"B", "ts":"3555030228178", "pid":"1", "tid":"wave"},
{"name":"ModelAdvance", "ph":"E", "ts":"3555060182638", "pid":"1", "tid":"wave"},
{"name":"ModelSetRunClock", "ph":"B", "ts":"3555060692026", "pid":"1", "tid":"wave"},
{"name":"ModelSetRunClock", "ph":"E", "ts":"3555060692086", "pid":"1", "tid":"wave"},
{"name":"ModelAdvance", "ph":"B", "ts":"3555060692149", "pid":"1", "tid":"wave"},
{"name":"ModelAdvance", "ph":"E", "ts":"3555062200676", "pid":"1", "tid":"wave"},
{"name":"ModelSetRunClock", "ph":"B", "ts":"3555062910831", "pid":"1", "tid":"wave"},
{"name":"ModelSetRunClock", "ph":"E", "ts":"3555062910882", "pid":"1", "tid":"wave"},
{"name":"ModelAdvance", "ph":"B", "ts":"3555062910941", "pid":"1", "tid":"wave"},
{"name":"ModelAdvance", "ph":"E", "ts":"3555064792339", "pid":"1", "tid":"wave"},
{"name":"ModelSetRunClock", "ph":"B", "ts":"3555065480058", "pid":"1", "tid":"wave"},
{"name":"ModelSetRunClock", "ph":"E", "ts":"3555065488125", "pid":"1", "tid":"wave"},
{"name":"ModelAdvance", "ph":"B", "ts":"3555065488293", "pid":"1", "tid":"wave"},
{"name":"ModelAdvance", "ph":"E", "ts":"3555067405724", "pid":"1", "tid":"wave"},
{"name":"ModelSetRunClock", "ph":"B", "ts":"3555068108363", "pid":"1", "tid":"wave"},
{"name":"ModelSetRunClock", "ph":"E", "ts":"3555068108412", "pid":"1", "tid":"wave"},
{"name":"ModelAdvance", "ph":"B", "ts":"3555068108447", "pid":"1", "tid":"wave"},
{"name":"ModelAdvance", "ph":"E", "ts":"3555069904358", "pid":"1", "tid":"wave"},
{"name":"ModelSetRunClock", "ph":"B", "ts":"3555070581921", "pid":"1", "tid":"wave"},
{"name":"ModelSetRunClock", "ph":"E", "ts":"3555070581970", "pid":"1", "tid":"wave"},
{"name":"ModelAdvance", "ph":"B", "ts":"3555070582024", "pid":"1", "tid":"wave"},
{"name":"ModelAdvance", "ph":"E", "ts":"3555072309585", "pid":"1", "tid":"wave"},
{"name":"ModelSetRunClock", "ph":"B", "ts":"3555072983547", "pid":"1", "tid":"wave"},
{"name":"ModelSetRunClock", "ph":"E", "ts":"3555072983595", "pid":"1", "tid":"wave"},
{"name":"ModelAdvance", "ph":"B", "ts":"3555072983640", "pid":"1", "tid":"wave"},
{"name":"ModelAdvance", "ph":"E", "ts":"3555074716415", "pid":"1", "tid":"wave"},
{"name":"ModelSetRunClock", "ph":"B", "ts":"3555075448787", "pid":"1", "tid":"wave"},
{"name":"ModelSetRunClock", "ph":"E", "ts":"3555075448836", "pid":"1", "tid":"wave"},
{"name":"ModelAdvance", "ph":"B", "ts":"3555075448889", "pid":"1", "tid":"wave"},
{"name":"ModelAdvance", "ph":"E", "ts":"3555077090861", "pid":"1", "tid":"wave"},
{"name":"ModelSetRunClock", "ph":"B", "ts":"3555077865984", "pid":"1", "tid":"wave"},
{"name":"ModelSetRunClock", "ph":"E", "ts":"3555077866031", "pid":"1", "tid":"wave"},
{"name":"ModelAdvance", "ph":"B", "ts":"3555077866091", "pid":"1", "tid":"wave"},
{"name":"ModelAdvance", "ph":"E", "ts":"3555079432865", "pid":"1", "tid":"wave"},
{"name":"ModelSetRunClock", "ph":"B", "ts":"3555080211785", "pid":"1", "tid":"wave"},
{"name":"ModelSetRunClock", "ph":"E", "ts":"3555080212105", "pid":"1", "tid":"wave"},
{"name":"ModelAdvance", "ph":"B", "ts":"3555080212221", "pid":"1", "tid":"wave"},
{"name":"ModelAdvance", "ph":"E", "ts":"3555081738879", "pid":"1", "tid":"wave"},
{"name":"ModelSetRunClock", "ph":"B", "ts":"3555082501336", "pid":"1", "tid":"wave"},
{"name":"ModelSetRunClock", "ph":"E", "ts":"3555082501385", "pid":"1", "tid":"wave"},
{"name":"ModelAdvance", "ph":"B", "ts":"3555082501445", "pid":"1", "tid":"wave"},
{"name":"ModelAdvance", "ph":"E", "ts":"3555084017708", "pid":"1", "tid":"wave"},
{"name":"ModelSetRunClock", "ph":"B", "ts":"3555084771133", "pid":"1", "tid":"wave"},
{"name":"ModelSetRunClock", "ph":"E", "ts":"3555084771464", "pid":"1", "tid":"wave"},
{"name":"ModelAdvance", "ph":"B", "ts":"3555084771604", "pid":"1", "tid":"wave"},
{"name":"ModelAdvance", "ph":"E", "ts":"3555086252237", "pid":"1", "tid":"wave"},
{"name":"ModelSetRunClock", "ph":"B", "ts":"3555087003316", "pid":"1", "tid":"wave"},
{"name":"ModelSetRunClock", "ph":"E", "ts":"3555087003368", "pid":"1", "tid":"wave"},
{"name":"ModelAdvance", "ph":"B", "ts":"3555087003425", "pid":"1", "tid":"wave"},
{"name":"ModelAdvance", "ph":"E", "ts":"3555117271876", "pid":"1", "tid":"wave"},
{"name":"ModelSetRunClock", "ph":"B", "ts":"3555117840372", "pid":"1", "tid":"wave"},
{"name":"ModelSetRunClock", "ph":"E", "ts":"3555117840442", "pid":"1", "tid":"wave"},
{"name":"ModelAdvance", "ph":"B", "ts":"3555117840533", "pid":"1", "tid":"wave"},
{"name":"ModelAdvance", "ph":"E", "ts":"3555118961928", "pid":"1", "tid":"wave"},
{"name":"ModelSetRunClock", "ph":"B", "ts":"3555119673930", "pid":"1", "tid":"wave"},
{"name":"ModelSetRunClock", "ph":"E", "ts":"3555119673978", "pid":"1", "tid":"wave"},
{"name":"ModelAdvance", "ph":"B", "ts":"3555119674012", "pid":"1", "tid":"wave"},
{"name":"ModelAdvance", "ph":"E", "ts":"3555121198478", "pid":"1", "tid":"wave"},
{"name":"ModelSetRunClock", "ph":"B", "ts":"3555121867961", "pid":"1", "tid":"wave"},
{"name":"ModelSetRunClock", "ph":"E", "ts":"3555121868009", "pid":"1", "tid":"wave"},
{"name":"ModelAdvance", "ph":"B", "ts":"3555121868049", "pid":"1", "tid":"wave"},
{"name":"ModelAdvance", "ph":"E", "ts":"3555123367004", "pid":"1", "tid":"wave"},
{"name":"ModelSetRunClock", "ph":"B", "ts":"3555124041910", "pid":"1", "tid":"wave"},
{"name":"ModelSetRunClock", "ph":"E", "ts":"3555124041954", "pid":"1", "tid":"wave"},
{"name":"ModelAdvance", "ph":"B", "ts":"3555124041988", "pid":"1", "tid":"wave"},
{"name":"ModelAdvance", "ph":"E", "ts":"3555126055407", "pid":"1", "tid":"wave"},
{"name":"ModelSetRunClock", "ph":"B", "ts":"3555126711855", "pid":"1", "tid":"wave"},
{"name":"ModelSetRunClock", "ph":"E", "ts":"3555126711905", "pid":"1", "tid":"wave"},
{"name":"ModelAdvance", "ph":"B", "ts":"3555126711941", "pid":"1", "tid":"wave"},
{"name":"ModelAdvance", "ph":"E", "ts":"3555128192179", "pid":"1", "tid":"wave"},
{"name":"ModelSetRunClock", "ph":"B", "ts":"3555128851406", "pid":"1", "tid":"wave"},
{"name":"ModelSetRunClock", "ph":"E", "ts":"3555128851480", "pid":"1", "tid":"wave"},
{"name":"ModelAdvance", "ph":"B", "ts":"3555128851599", "pid":"1", "tid":"wave"},
{"name":"ModelAdvance", "ph":"E", "ts":"3555130346533", "pid":"1", "tid":"wave"},
{"name":"ModelSetRunClock", "ph":"B", "ts":"3555130967710", "pid":"1", "tid":"wave"},
{"name":"ModelSetRunClock", "ph":"E", "ts":"3555130967962", "pid":"1", "tid":"wave"},
{"name":"ModelAdvance", "ph":"B", "ts":"3555130968073", "pid":"1", "tid":"wave"},
{"name":"ModelAdvance", "ph":"E", "ts":"3555132479720", "pid":"1", "tid":"wave"},
{"name":"ModelSetRunClock", "ph":"B", "ts":"3555133084685", "pid":"1", "tid":"wave"},
{"name":"ModelSetRunClock", "ph":"E", "ts":"3555133084732", "pid":"1", "tid":"wave"},
{"name":"ModelAdvance", "ph":"B", "ts":"3555133084770", "pid":"1", "tid":"wave"},
{"name":"ModelAdvance", "ph":"E", "ts":"3555134578522", "pid":"1", "tid":"wave"},
{"name":"ModelSetRunClock", "ph":"B", "ts":"3555135189668", "pid":"1", "tid":"wave"},
{"name":"ModelSetRunClock", "ph":"E", "ts":"3555135189719", "pid":"1", "tid":"wave"},
{"name":"ModelAdvance", "ph":"B", "ts":"3555135189757", "pid":"1", "tid":"wave"},
{"name":"ModelAdvance", "ph":"E", "ts":"3555137068700", "pid":"1", "tid":"wave"},
{"name":"ModelSetRunClock", "ph":"B", "ts":"3555137686839", "pid":"1", "tid":"wave"},
{"name":"ModelSetRunClock", "ph":"E", "ts":"3555137686890", "pid":"1", "tid":"wave"},
{"name":"ModelAdvance", "ph":"B", "ts":"3555137686930", "pid":"1", "tid":"wave"},
{"name":"ModelAdvance", "ph":"E", "ts":"3555139154382", "pid":"1", "tid":"wave"},
{"name":"ModelSetRunClock", "ph":"B", "ts":"3555139780673", "pid":"1", "tid":"wave"},
{"name":"ModelSetRunClock", "ph":"E", "ts":"3555139780721", "pid":"1", "tid":"wave"},
{"name":"ModelAdvance", "ph":"B", "ts":"3555139781119", "pid":"1", "tid":"wave"},
{"name":"ModelAdvance", "ph":"E", "ts":"3555141358865", "pid":"1", "tid":"wave"},
{"name":"ModelSetRunClock", "ph":"B", "ts":"3555141981617", "pid":"1", "tid":"wave"},
{"name":"ModelSetRunClock", "ph":"E", "ts":"3555141981670", "pid":"1", "tid":"wave"},
{"name":"ModelAdvance", "ph":"B", "ts":"3555141981719", "pid":"1", "tid":"wave"},
{"name":"ModelAdvance", "ph":"E", "ts":"3555174525099", "pid":"1", "tid":"wave"},
{"name":"ModelSetRunClock", "ph":"B", "ts":"3555175545634", "pid":"1", "tid":"wave"},
{"name":"ModelSetRunClock", "ph":"E", "ts":"3555175545701", "pid":"1", "tid":"wave"},
{"name":"ModelAdvance", "ph":"B", "ts":"3555175545746", "pid":"1", "tid":"wave"},
{"name":"ModelAdvance", "ph":"E", "ts":"3555176555076", "pid":"1", "tid":"wave"},
{"name":"ModelSetRunClock", "ph":"B", "ts":"3555177160302", "pid":"1", "tid":"wave"},
{"name":"ModelSetRunClock", "ph":"E", "ts":"3555177160634", "pid":"1", "tid":"wave"},
{"name":"ModelAdvance", "ph":"B", "ts":"3555177160754", "pid":"1", "tid":"wave"},
{"name":"ModelAdvance", "ph":"E", "ts":"3555179059834", "pid":"1", "tid":"wave"},
{"name":"ModelSetRunClock", "ph":"B", "ts":"3555179648681", "pid":"1", "tid":"wave"},
{"name":"ModelSetRunClock", "ph":"E", "ts":"3555179648729", "pid":"1", "tid":"wave"},
{"name":"ModelAdvance", "ph":"B", "ts":"3555179648765", "pid":"1", "tid":"wave"},
{"name":"ModelAdvance", "ph":"E", "ts":"3555181189677", "pid":"1", "tid":"wave"},
{"name":"ModelSetRunClock", "ph":"B", "ts":"3555181720726", "pid":"1", "tid":"wave"},
{"name":"ModelSetRunClock", "ph":"E", "ts":"3555181720775", "pid":"1", "tid":"wave"},
{"name":"ModelAdvance", "ph":"B", "ts":"3555181720816", "pid":"1", "tid":"wave"},
{"name":"ModelAdvance", "ph":"E", "ts":"3555183210929", "pid":"1", "tid":"wave"},
{"name":"ModelSetRunClock", "ph":"B", "ts":"3555183779602", "pid":"1", "tid":"wave"},
{"name":"ModelSetRunClock", "ph":"E", "ts":"3555183779653", "pid":"1", "tid":"wave"},
{"name":"ModelAdvance", "ph":"B", "ts":"3555183779717", "pid":"1", "tid":"wave"},
{"name":"ModelAdvance", "ph":"E", "ts":"3555185309492", "pid":"1", "tid":"wave"},
{"name":"ModelSetRunClock", "ph":"B", "ts":"3555185862207", "pid":"1", "tid":"wave"},
{"name":"ModelSetRunClock", "ph":"E", "ts":"3555185862264", "pid":"1", "tid":"wave"},
{"name":"ModelAdvance", "ph":"B", "ts":"3555185862319", "pid":"1", "tid":"wave"},
{"name":"ModelAdvance", "ph":"E", "ts":"3555187492095", "pid":"1", "tid":"wave"},
{"name":"ModelSetRunClock", "ph":"B", "ts":"3555188021778", "pid":"1", "tid":"wave"},
{"name":"ModelSetRunClock", "ph":"E", "ts":"3555188021828", "pid":"1", "tid":"wave"},
{"name":"ModelAdvance", "ph":"B", "ts":"3555188021873", "pid":"1", "tid":"wave"},
{"name":"ModelAdvance", "ph":"E", "ts":"3555189618390", "pid":"1", "tid":"wave"},
{"name":"ModelSetRunClock", "ph":"B", "ts":"3555190136790", "pid":"1", "tid":"wave"},
{"name":"ModelSetRunClock", "ph":"E", "ts":"3555190136843", "pid":"1", "tid":"wave"},
{"name":"ModelAdvance", "ph":"B", "ts":"3555190136907", "pid":"1", "tid":"wave"},
{"name":"ModelAdvance", "ph":"E", "ts":"3555191875184", "pid":"1", "tid":"wave"},
{"name":"ModelSetRunClock", "ph":"B", "ts":"3555192373081", "pid":"1", "tid":"wave"},
{"name":"ModelSetRunClock", "ph":"E", "ts":"3555192373353", "pid":"1", "tid":"wave"},
{"name":"ModelAdvance", "ph":"B", "ts":"3555192373464", "pid":"1", "tid":"wave"},
{"name":"ModelAdvance", "ph":"E", "ts":"3555194101141", "pid":"1", "tid":"wave"},
{"name":"ModelSetRunClock", "ph":"B", "ts":"3555194581076", "pid":"1", "tid":"wave"},
{"name":"ModelSetRunClock", "ph":"E", "ts":"3555194581123", "pid":"1", "tid":"wave"},
{"name":"ModelAdvance", "ph":"B", "ts":"3555194581158", "pid":"1", "tid":"wave"},
{"name":"ModelAdvance", "ph":"E", "ts":"3555196297724", "pid":"1", "tid":"wave"},
{"name":"ModelSetRunClock", "ph":"B", "ts":"3555196760071", "pid":"1", "tid":"wave"},
{"name":"ModelSetRunClock", "ph":"E", "ts":"3555196760120", "pid":"1", "tid":"wave"},
{"name":"ModelAdvance", "ph":"B", "ts":"3555196760157", "pid":"1", "tid":"wave"},
{"name":"ModelAdvance", "ph":"E", "ts":"3555198511188", "pid":"1", "tid":"wave"},
{"name":"ModelSetRunClock", "ph":"B", "ts":"3555198950202", "pid":"1", "tid":"wave"},
{"name":"ModelSetRunClock", "ph":"E", "ts":"3555198950254", "pid":"1", "tid":"wave"},
{"name":"ModelAdvance", "ph":"B", "ts":"3555198950316", "pid":"1", "tid":"wave"},
{"name":"ModelAdvance", "ph":"E", "ts":"3555229688751", "pid":"1", "tid":"wave"},
{"name":"ModelSetRunClock", "ph":"B", "ts":"3555230200557", "pid":"1", "tid":"wave"},
{"name":"ModelSetRunClock", "ph":"E", "ts":"3555230200627", "pid":"1", "tid":"wave"},
{"name":"ModelAdvance", "ph":"B", "ts":"3555230200660", "pid":"1", "tid":"wave"},
{"name":"ModelAdvance", "ph":"E", "ts":"3555231406711", "pid":"1", "tid":"wave"},
{"name":"ModelSetRunClock", "ph":"B", "ts":"3555231815536", "pid":"1", "tid":"wave"},
{"name":"ModelSetRunClock", "ph":"E", "ts":"3555231815585", "pid":"1", "tid":"wave"},
{"name":"ModelAdvance", "ph":"B", "ts":"3555231815627", "pid":"1", "tid":"wave"},
{"name":"ModelAdvance", "ph":"E", "ts":"3555233649327", "pid":"1", "tid":"wave"},
{"name":"ModelSetRunClock", "ph":"B", "ts":"3555234061285", "pid":"1", "tid":"wave"},
{"name":"ModelSetRunClock", "ph":"E", "ts":"3555234061338", "pid":"1", "tid":"wave"},
{"name":"ModelAdvance", "ph":"B", "ts":"3555234061394", "pid":"1", "tid":"wave"},
{"name":"ModelAdvance", "ph":"E", "ts":"3555235866834", "pid":"1", "tid":"wave"},
{"name":"ModelSetRunClock", "ph":"B", "ts":"3555236324405", "pid":"1", "tid":"wave"},
{"name":"ModelSetRunClock", "ph":"E", "ts":"3555236324456", "pid":"1", "tid":"wave"},
{"name":"ModelAdvance", "ph":"B", "ts":"3555236324502", "pid":"1", "tid":"wave"},
{"name":"ModelAdvance", "ph":"E", "ts":"3555238008750", "pid":"1", "tid":"wave"},
{"name":"ModelSetRunClock", "ph":"B", "ts":"3555238572033", "pid":"1", "tid":"wave"},
{"name":"ModelSetRunClock", "ph":"E", "ts":"3555238572317", "pid":"1", "tid":"wave"},
{"name":"ModelAdvance", "ph":"B", "ts":"3555238572438", "pid":"1", "tid":"wave"},
{"name":"ModelAdvance", "ph":"E", "ts":"3555240092259", "pid":"1", "tid":"wave"},
{"name":"ModelSetRunClock", "ph":"B", "ts":"3555240624641", "pid":"1", "tid":"wave"},
{"name":"ModelSetRunClock", "ph":"E", "ts":"3555240624694", "pid":"1", "tid":"wave"},
{"name":"ModelAdvance", "ph":"B", "ts":"3555240624754", "pid":"1", "tid":"wave"},
{"name":"ModelAdvance", "ph":"E", "ts":"3555242078533", "pid":"1", "tid":"wave"},
{"name":"ModelSetRunClock", "ph":"B", "ts":"3555242623080", "pid":"1", "tid":"wave"},
{"name":"ModelSetRunClock", "ph":"E", "ts":"3555242623139", "pid":"1", "tid":"wave"},
{"name":"ModelAdvance", "ph":"B", "ts":"3555242623204", "pid":"1", "tid":"wave"},
{"name":"ModelAdvance", "ph":"E", "ts":"3555244051610", "pid":"1", "tid":"wave"},
{"name":"ModelSetRunClock", "ph":"B", "ts":"3555244609241", "pid":"1", "tid":"wave"},
{"name":"ModelSetRunClock", "ph":"E", "ts":"3555244609288", "pid":"1", "tid":"wave"},
{"name":"ModelAdvance", "ph":"B", "ts":"3555244609327", "pid":"1", "tid":"wave"},
{"name":"ModelAdvance", "ph":"E", "ts":"3555246027338", "pid":"1", "tid":"wave"},
{"name":"ModelSetRunClock", "ph":"B", "ts":"3555246595256", "pid":"1", "tid":"wave"},
{"name":"ModelSetRunClock", "ph":"E", "ts":"3555246595312", "pid":"1", "tid":"wave"},
{"name":"ModelAdvance", "ph":"B", "ts":"3555246595400", "pid":"1", "tid":"wave"},
{"name":"ModelAdvance", "ph":"E", "ts":"3555248035829", "pid":"1", "tid":"wave"},
{"name":"ModelSetRunClock", "ph":"B", "ts":"3555248615973", "pid":"1", "tid":"wave"},
{"name":"ModelSetRunClock", "ph":"E", "ts":"3555248616199", "pid":"1", "tid":"wave"},
{"name":"ModelAdvance", "ph":"B", "ts":"3555248616282", "pid":"1", "tid":"wave"},
{"name":"ModelAdvance", "ph":"E", "ts":"3555250000789", "pid":"1", "tid":"wave"},
{"name":"ModelSetRunClock", "ph":"B", "ts":"3555250586174", "pid":"1", "tid":"wave"},
{"name":"ModelSetRunClock", "ph":"E", "ts":"3555250586221", "pid":"1", "tid":"wave"},
{"name":"ModelAdvance", "ph":"B", "ts":"3555250586256", "pid":"1", "tid":"wave"},
{"name":"ModelAdvance", "ph":"E", "ts":"3555251957823", "pid":"1", "tid":"wave"},
{"name":"ModelSetRunClock", "ph":"B", "ts":"3555252545442", "pid":"1", "tid":"wave"},
{"name":"ModelSetRunClock", "ph":"E", "ts":"3555252545491", "pid":"1", "tid":"wave"},
{"name":"ModelAdvance", "ph":"B", "ts":"3555252545530", "pid":"1", "tid":"wave"}
]
