{"name":"SetServices", "ph":"B", "ts":"2544489771", "pid":"1", "tid":"cice"},
{"name":"SetServices", "ph":"E", "ts":"2544556780", "pid":"1", "tid":"cice"},
{"name":"InitializeP0", "ph":"B", "ts":"2545289521", "pid":"1", "tid":"cice"},
{"name":"InitializeP0", "ph":"E", "ts":"2545289641", "pid":"1", "tid":"cice"},
{"name":"InitializeAdvertise", "ph":"B", "ts":"2569035754", "pid":"1", "tid":"cice"},
{"name":"InitializeAdvertise", "ph":"E", "ts":"2577036864", "pid":"1", "tid":"cice"},
{"name":"InitializeRealize", "ph":"B", "ts":"2754427896", "pid":"1", "tid":"cice"},
{"name":"InitializeRealize", "ph":"E", "ts":"2766620094", "pid":"1", "tid":"cice"},
{"name":"ModelAdvance", "ph":"B", "ts":"2852629436", "pid":"1", "tid":"cice"},
{"name":"ModelAdvance", "ph":"E", "ts":"2853211638", "pid":"1", "tid":"cice"},
{"name":"ModelAdvance", "ph":"B", "ts":"2856537588", "pid":"1", "tid":"cice"},
{"name":"ModelAdvance", "ph":"E", "ts":"2857027233", "pid":"1", "tid":"cice"},
{"name":"ModelAdvance", "ph":"B", "ts":"2857174571", "pid":"1", "tid":"cice"},
{"name":"ModelAdvance", "ph":"E", "ts":"2857657366", "pid":"1", "tid":"cice"},
{"name":"ModelAdvance", "ph":"B", "ts":"2857816512", "pid":"1", "tid":"cice"},
{"name":"ModelAdvance", "ph":"E", "ts":"2858282726", "pid":"1", "tid":"cice"},
{"name":"ModelAdvance", "ph":"B", "ts":"2858462700", "pid":"1", "tid":"cice"},
{"name":"ModelAdvance", "ph":"E", "ts":"2858933980", "pid":"1", "tid":"cice"},
{"name":"ModelAdvance", "ph":"B", "ts":"2859100859", "pid":"1", "tid":"cice"},
{"name":"ModelAdvance", "ph":"E", "ts":"2859583482", "pid":"1", "tid":"cice"},
{"name":"ModelAdvance", "ph":"B", "ts":"2859742448", "pid":"1", "tid":"cice"},
{"name":"ModelAdvance", "ph":"E", "ts":"2860212922", "pid":"1", "tid":"cice"},
{"name":"ModelAdvance", "ph":"B", "ts":"2860395088", "pid":"1", "tid":"cice"},
{"name":"ModelAdvance", "ph":"E", "ts":"2860868394", "pid":"1", "tid":"cice"},
{"name":"ModelAdvance", "ph":"B", "ts":"2861048716", "pid":"1", "tid":"cice"},
{"name":"ModelAdvance", "ph":"E", "ts":"2861535727", "pid":"1", "tid":"cice"},
{"name":"ModelAdvance", "ph":"B", "ts":"2861703683", "pid":"1", "tid":"cice"},
{"name":"ModelAdvance", "ph":"E", "ts":"2862170699", "pid":"1", "tid":"cice"},
{"name":"ModelAdvance", "ph":"B", "ts":"2862339588", "pid":"1", "tid":"cice"},
{"name":"ModelAdvance", "ph":"E", "ts":"2862824425", "pid":"1", "tid":"cice"},
{"name":"ModelAdvance", "ph":"B", "ts":"2862992977", "pid":"1", "tid":"cice"},
{"name":"ModelAdvance", "ph":"E", "ts":"2863450256", "pid":"1", "tid":"cice"},
{"name":"ModelAdvance", "ph":"B", "ts":"2864938406", "pid":"1", "tid":"cice"},
{"name":"ModelAdvance", "ph":"E", "ts":"2865423855", "pid":"1", "tid":"cice"},
{"name":"ModelAdvance", "ph":"B", "ts":"2865597176", "pid":"1", "tid":"cice"},
{"name":"ModelAdvance", "ph":"E", "ts":"2866078737", "pid":"1", "tid":"cice"},
{"name":"ModelAdvance", "ph":"B", "ts":"2866324442", "pid":"1", "tid":"cice"},
{"name":"ModelAdvance", "ph":"E", "ts":"2866797762", "pid":"1", "tid":"cice"},
{"name":"ModelAdvance", "ph":"B", "ts":"2866978623", "pid":"1", "tid":"cice"},
{"name":"ModelAdvance", "ph":"E", "ts":"2867456815", "pid":"1", "tid":"cice"},
{"name":"ModelAdvance", "ph":"B", "ts":"2867623661", "pid":"1", "tid":"cice"},
{"name":"ModelAdvance", "ph":"E", "ts":"2868101048", "pid":"1", "tid":"cice"},
{"name":"ModelAdvance", "ph":"B", "ts":"2868261743", "pid":"1", "tid":"cice"},
{"name":"ModelAdvance", "ph":"E", "ts":"2868750358", "pid":"1", "tid":"cice"},
{"name":"ModelAdvance", "ph":"B", "ts":"2868916899", "pid":"1", "tid":"cice"},
{"name":"ModelAdvance", "ph":"E", "ts":"2869394205", "pid":"1", "tid":"cice"},
{"name":"ModelAdvance", "ph":"B", "ts":"2869553654", "pid":"1", "tid":"cice"},
{"name":"ModelAdvance", "ph":"E", "ts":"2870032395", "pid":"1", "tid":"cice"},
{"name":"ModelAdvance", "ph":"B", "ts":"2870200823", "pid":"1", "tid":"cice"},
{"name":"ModelAdvance", "ph":"E", "ts":"2870675607", "pid":"1", "tid":"cice"},
{"name":"ModelAdvance", "ph":"B", "ts":"2870851851", "pid":"1", "tid":"cice"},
{"name":"ModelAdvance", "ph":"E", "ts":"2871337026", "pid":"1", "tid":"cice"},
{"name":"ModelAdvance", "ph":"B", "ts":"2871507317", "pid":"1", "tid":"cice"},
{"name":"ModelAdvance", "ph":"E", "ts":"2871981630", "pid":"1", "tid":"cice"},
{"name":"ModelAdvance", "ph":"B", "ts":"2872148262", "pid":"1", "tid":"cice"},
{"name":"ModelAdvance", "ph":"E", "ts":"2872633708", "pid":"1", "tid":"cice"},
{"name":"ModelAdvance", "ph":"B", "ts":"2872819842", "pid":"1", "tid":"cice"},
{"name":"ModelAdvance", "ph":"E", "ts":"2873293338", "pid":"1", "tid":"cice"},
{"name":"ModelAdvance", "ph":"B", "ts":"2874160942", "pid":"1", "tid":"cice"},
{"name":"ModelAdvance", "ph":"E", "ts":"2874646072", "pid":"1", "tid":"cice"},
{"name":"ModelAdvance", "ph":"B", "ts":"2874808119", "pid":"1", "tid":"cice"},
{"name":"ModelAdvance", "ph":"E", "ts":"2875283209", "pid":"1", "tid":"cice"},
{"name":"ModelAdvance", "ph":"B", "ts":"2875442285", "pid":"1", "tid":"cice"},
{"name":"ModelAdvance", "ph":"E", "ts":"2875925949", "pid":"1", "tid":"cice"},
{"name":"ModelAdvance", "ph":"B", "ts":"2876095116", "pid":"1", "tid":"cice"},
{"name":"ModelAdvance", "ph":"E", "ts":"2876581460", "pid":"1", "tid":"cice"},
{"name":"ModelAdvance", "ph":"B", "ts":"2876748673", "pid":"1", "tid":"cice"},
{"name":"ModelAdvance", "ph":"E", "ts":"2877232639", "pid":"1", "tid":"cice"},
{"name":"ModelAdvance", "ph":"B", "ts":"2877392819", "pid":"1", "tid":"cice"},
{"name":"ModelAdvance", "ph":"E", "ts":"2877867268", "pid":"1", "tid":"cice"},
{"name":"ModelAdvance", "ph":"B", "ts":"2878037907", "pid":"1", "tid":"cice"},
{"name":"ModelAdvance", "ph":"E", "ts":"2878521082", "pid":"1", "tid":"cice"},
{"name":"ModelAdvance", "ph":"B", "ts":"2878683211", "pid":"1", "tid":"cice"},
{"name":"ModelAdvance", "ph":"E", "ts":"2879157476", "pid":"1", "tid":"cice"},
{"name":"ModelAdvance", "ph":"B", "ts":"2879324304", "pid":"1", "tid":"cice"},
{"name":"ModelAdvance", "ph":"E", "ts":"2879806809", "pid":"1", "tid":"cice"},
{"name":"ModelAdvance", "ph":"B", "ts":"2879971383", "pid":"1", "tid":"cice"},
{"name":"ModelAdvance", "ph":"E", "ts":"2880453908", "pid":"1", "tid":"cice"},
{"name":"ModelAdvance", "ph":"B", "ts":"2880625778", "pid":"1", "tid":"cice"},
{"name":"ModelAdvance", "ph":"E", "ts":"2881107529", "pid":"1", "tid":"cice"},
{"name":"ModelAdvance", "ph":"B", "ts":"2881297711", "pid":"1", "tid":"cice"},
{"name":"ModelAdvance", "ph":"E", "ts":"2881793741", "pid":"1", "tid":"cice"},
{"name":"ModelAdvance", "ph":"B", "ts":"2881948456", "pid":"1", "tid":"cice"},
{"name":"ModelAdvance", "ph":"E", "ts":"2882439349", "pid":"1", "tid":"cice"},
{"name":"ModelAdvance", "ph":"B", "ts":"2882599320", "pid":"1", "tid":"cice"},
{"name":"ModelAdvance", "ph":"E", "ts":"2883072806", "pid":"1", "tid":"cice"},
{"name":"ModelAdvance", "ph":"B", "ts":"2883249045", "pid":"1", "tid":"cice"},
{"name":"ModelAdvance", "ph":"E", "ts":"2883728036", "pid":"1", "tid":"cice"},
{"name":"ModelAdvance", "ph":"B", "ts":"2883902435", "pid":"1", "tid":"cice"},
{"name":"ModelAdvance", "ph":"E", "ts":"2884383029", "pid":"1", "tid":"cice"},
{"name":"ModelAdvance", "ph":"B", "ts":"2884558461", "pid":"1", "tid":"cice"},
{"name":"ModelAdvance", "ph":"E", "ts":"2885041713", "pid":"1", "tid":"cice"},
{"name":"ModelAdvance", "ph":"B", "ts":"2885205388", "pid":"1", "tid":"cice"},
{"name":"ModelAdvance", "ph":"E", "ts":"2885683613", "pid":"1", "tid":"cice"},
{"name":"ModelAdvance", "ph":"B", "ts":"2885845580", "pid":"1", "tid":"cice"},
{"name":"ModelAdvance", "ph":"E", "ts":"2886333186", "pid":"1", "tid":"cice"},
{"name":"ModelAdvance", "ph":"B", "ts":"2886502790", "pid":"1", "tid":"cice"},
{"name":"ModelAdvance", "ph":"E", "ts":"2886978687", "pid":"1", "tid":"cice"},
{"name":"ModelAdvance", "ph":"B", "ts":"2887198480", "pid":"1", "tid":"cice"},
{"name":"ModelAdvance", "ph":"E", "ts":"2887675215", "pid":"1", "tid":"cice"},
{"name":"ModelAdvance", "ph":"B", "ts":"2887842223", "pid":"1", "tid":"cice"},
{"name":"ModelAdvance", "ph":"E", "ts":"2888321657", "pid":"1", "tid":"cice"},
{"name":"ModelAdvance", "ph":"B", "ts":"2888495929", "pid":"1", "tid":"cice"},
{"name":"ModelAdvance", "ph":"E", "ts":"2888970583", "pid":"1", "tid":"cice"},
{"name":"ModelAdvance", "ph":"B", "ts":"2889169155", "pid":"1", "tid":"cice"},
{"name":"ModelAdvance", "ph":"E", "ts":"2889648487", "pid":"1", "tid":"cice"},
{"name":"ModelAdvance", "ph":"B", "ts":"2890506953", "pid":"1", "tid":"cice"},
{"name":"ModelAdvance", "ph":"E", "ts":"2890979117", "pid":"1", "tid":"cice"},
{"name":"ModelAdvance", "ph":"B", "ts":"2891144251", "pid":"1", "tid":"cice"},
{"name":"ModelAdvance", "ph":"E", "ts":"2891625630", "pid":"1", "tid":"cice"},
{"name":"ModelAdvance", "ph":"B", "ts":"2891807077", "pid":"1", "tid":"cice"},
{"name":"ModelAdvance", "ph":"E", "ts":"2892292153", "pid":"1", "tid":"cice"},
{"name":"ModelAdvance", "ph":"B", "ts":"2892458794", "pid":"1", "tid":"cice"},
{"name":"ModelAdvance", "ph":"E", "ts":"2892939663", "pid":"1", "tid":"cice"},
{"name":"ModelAdvance", "ph":"B", "ts":"2893128292", "pid":"1", "tid":"cice"},
{"name":"ModelAdvance", "ph":"E", "ts":"2893601635", "pid":"1", "tid":"cice"},
{"name":"ModelAdvance", "ph":"B", "ts":"2893773367", "pid":"1", "tid":"cice"},
{"name":"ModelAdvance", "ph":"E", "ts":"2894257300", "pid":"1", "tid":"cice"},
{"name":"ModelAdvance", "ph":"B", "ts":"2894423574", "pid":"1", "tid":"cice"},
{"name":"ModelAdvance", "ph":"E", "ts":"2894901369", "pid":"1", "tid":"cice"},
{"name":"ModelAdvance", "ph":"B", "ts":"2895068622", "pid":"1", "tid":"cice"},
{"name":"ModelAdvance", "ph":"E", "ts":"2895547076", "pid":"1", "tid":"cice"},
{"name":"ModelAdvance", "ph":"B", "ts":"2895720410", "pid":"1", "tid":"cice"},
{"name":"ModelAdvance", "ph":"E", "ts":"2896200951", "pid":"1", "tid":"cice"},
{"name":"ModelAdvance", "ph":"B", "ts":"2896361176", "pid":"1", "tid":"cice"},
{"name":"ModelAdvance", "ph":"E", "ts":"2896847484", "pid":"1", "tid":"cice"},
{"name":"ModelAdvance", "ph":"B", "ts":"2897007675", "pid":"1", "tid":"cice"},
{"name":"ModelAdvance", "ph":"E", "ts":"2897485090", "pid":"1", "tid":"cice"},
{"name":"ModelAdvance", "ph":"B", "ts":"2897685693", "pid":"1", "tid":"cice"},
{"name":"ModelAdvance", "ph":"E", "ts":"2898169394", "pid":"1", "tid":"cice"},
{"name":"ModelAdvance", "ph":"B", "ts":"2898336217", "pid":"1", "tid":"cice"},
{"name":"ModelAdvance", "ph":"E", "ts":"2898816994", "pid":"1", "tid":"cice"},
{"name":"ModelAdvance", "ph":"B", "ts":"2898989572", "pid":"1", "tid":"cice"},
{"name":"ModelAdvance", "ph":"E", "ts":"2899470097", "pid":"1", "tid":"cice"},
{"name":"ModelAdvance", "ph":"B", "ts":"2899640987", "pid":"1", "tid":"cice"},
{"name":"ModelAdvance", "ph":"E", "ts":"2900118021", "pid":"1", "tid":"cice"},
{"name":"ModelAdvance", "ph":"B", "ts":"2900296159", "pid":"1", "tid":"cice"},
{"name":"ModelAdvance", "ph":"E", "ts":"2900775764", "pid":"1", "tid":"cice"},
{"name":"ModelAdvance", "ph":"B", "ts":"2900945368", "pid":"1", "tid":"cice"},
{"name":"ModelAdvance", "ph":"E", "ts":"2901424041", "pid":"1", "tid":"cice"},
{"name":"ModelAdvance", "ph":"B", "ts":"2901605222", "pid":"1", "tid":"cice"},
{"name":"ModelAdvance", "ph":"E", "ts":"2902085406", "pid":"1", "tid":"cice"},
{"name":"ModelAdvance", "ph":"B", "ts":"2902256114", "pid":"1", "tid":"cice"},
{"name":"ModelAdvance", "ph":"E", "ts":"2902731133", "pid":"1", "tid":"cice"},
{"name":"ModelAdvance", "ph":"B", "ts":"2902915635", "pid":"1", "tid":"cice"},
{"name":"ModelAdvance", "ph":"E", "ts":"2903386868", "pid":"1", "tid":"cice"},
{"name":"ModelAdvance", "ph":"B", "ts":"2903563472", "pid":"1", "tid":"cice"},
{"name":"ModelAdvance", "ph":"E", "ts":"2904049302", "pid":"1", "tid":"cice"},
{"name":"ModelAdvance", "ph":"B", "ts":"2904210651", "pid":"1", "tid":"cice"},
{"name":"ModelAdvance", "ph":"E", "ts":"2904689521", "pid":"1", "tid":"cice"},
{"name":"ModelAdvance", "ph":"B", "ts":"2904861091", "pid":"1", "tid":"cice"},
{"name":"ModelAdvance", "ph":"E", "ts":"2905339941", "pid":"1", "tid":"cice"},
{"name":"ModelAdvance", "ph":"B", "ts":"2923160981", "pid":"1", "tid":"cice"},
{"name":"ModelAdvance", "ph":"E", "ts":"2923643291", "pid":"1", "tid":"cice"},
{"name":"ModelAdvance", "ph":"B", "ts":"2924500885", "pid":"1", "tid":"cice"},
{"name":"ModelAdvance", "ph":"E", "ts":"2924981866", "pid":"1", "tid":"cice"},
{"name":"ModelAdvance", "ph":"B", "ts":"2925152970", "pid":"1", "tid":"cice"},
{"name":"ModelAdvance", "ph":"E", "ts":"2925631001", "pid":"1", "tid":"cice"},
{"name":"ModelAdvance", "ph":"B", "ts":"2925822019", "pid":"1", "tid":"cice"},
{"name":"ModelAdvance", "ph":"E", "ts":"2926297041", "pid":"1", "tid":"cice"},
{"name":"ModelAdvance", "ph":"B", "ts":"2926465801", "pid":"1", "tid":"cice"},
{"name":"ModelAdvance", "ph":"E", "ts":"2926942689", "pid":"1", "tid":"cice"},
{"name":"ModelAdvance", "ph":"B", "ts":"2927122824", "pid":"1", "tid":"cice"},
{"name":"ModelAdvance", "ph":"E", "ts":"2927610964", "pid":"1", "tid":"cice"},
{"name":"ModelAdvance", "ph":"B", "ts":"2927780190", "pid":"1", "tid":"cice"},
{"name":"ModelAdvance", "ph":"E", "ts":"2928264347", "pid":"1", "tid":"cice"},
{"name":"ModelAdvance", "ph":"B", "ts":"2928432320", "pid":"1", "tid":"cice"},
{"name":"ModelAdvance", "ph":"E", "ts":"2928911579", "pid":"1", "tid":"cice"},
{"name":"ModelAdvance", "ph":"B", "ts":"2929096901", "pid":"1", "tid":"cice"},
{"name":"ModelAdvance", "ph":"E", "ts":"2929574742", "pid":"1", "tid":"cice"},
{"name":"ModelAdvance", "ph":"B", "ts":"2929753830", "pid":"1", "tid":"cice"},
{"name":"ModelAdvance", "ph":"E", "ts":"2930235407", "pid":"1", "tid":"cice"},
{"name":"ModelAdvance", "ph":"B", "ts":"2930404106", "pid":"1", "tid":"cice"},
{"name":"ModelAdvance", "ph":"E", "ts":"2930881593", "pid":"1", "tid":"cice"},
{"name":"ModelAdvance", "ph":"B", "ts":"2931064554", "pid":"1", "tid":"cice"},
{"name":"ModelAdvance", "ph":"E", "ts":"2931546321", "pid":"1", "tid":"cice"},
{"name":"ModelAdvance", "ph":"B", "ts":"2931748851", "pid":"1", "tid":"cice"},
{"name":"ModelAdvance", "ph":"E", "ts":"2932234796", "pid":"1", "tid":"cice"},
{"name":"ModelAdvance", "ph":"B", "ts":"2932404593", "pid":"1", "tid":"cice"},
{"name":"ModelAdvance", "ph":"E", "ts":"2932886092", "pid":"1", "tid":"cice"},
{"name":"ModelAdvance", "ph":"B", "ts":"2933060489", "pid":"1", "tid":"cice"},
{"name":"ModelAdvance", "ph":"E", "ts":"2933541516", "pid":"1", "tid":"cice"},
{"name":"ModelAdvance", "ph":"B", "ts":"2933720695", "pid":"1", "tid":"cice"},
{"name":"ModelAdvance", "ph":"E", "ts":"2934201808", "pid":"1", "tid":"cice"},
{"name":"ModelAdvance", "ph":"B", "ts":"2934378562", "pid":"1", "tid":"cice"},
{"name":"ModelAdvance", "ph":"E", "ts":"2934860864", "pid":"1", "tid":"cice"},
{"name":"ModelAdvance", "ph":"B", "ts":"2935033514", "pid":"1", "tid":"cice"},
{"name":"ModelAdvance", "ph":"E", "ts":"2935504585", "pid":"1", "tid":"cice"},
{"name":"ModelAdvance", "ph":"B", "ts":"2935682131", "pid":"1", "tid":"cice"},
{"name":"ModelAdvance", "ph":"E", "ts":"2936162074", "pid":"1", "tid":"cice"},
{"name":"ModelAdvance", "ph":"B", "ts":"2936332186", "pid":"1", "tid":"cice"},
{"name":"ModelAdvance", "ph":"E", "ts":"2936809101", "pid":"1", "tid":"cice"},
{"name":"ModelAdvance", "ph":"B", "ts":"2936980881", "pid":"1", "tid":"cice"},
{"name":"ModelAdvance", "ph":"E", "ts":"2937461777", "pid":"1", "tid":"cice"},
{"name":"ModelAdvance", "ph":"B", "ts":"2937642540", "pid":"1", "tid":"cice"},
{"name":"ModelAdvance", "ph":"E", "ts":"2938111845", "pid":"1", "tid":"cice"},
{"name":"ModelAdvance", "ph":"B", "ts":"2938295003", "pid":"1", "tid":"cice"},
{"name":"ModelAdvance", "ph":"E", "ts":"2938783249", "pid":"1", "tid":"cice"},
{"name":"ModelAdvance", "ph":"B", "ts":"2938950643", "pid":"1", "tid":"cice"},
{"name":"ModelAdvance", "ph":"E", "ts":"2939425360", "pid":"1", "tid":"cice"},
{"name":"ModelAdvance", "ph":"B", "ts":"2939631160", "pid":"1", "tid":"cice"},
{"name":"ModelAdvance", "ph":"E", "ts":"2940110214", "pid":"1", "tid":"cice"},
{"name":"ModelAdvance", "ph":"B", "ts":"2940952856", "pid":"1", "tid":"cice"},
{"name":"ModelAdvance", "ph":"E", "ts":"2941435647", "pid":"1", "tid":"cice"},
{"name":"ModelAdvance", "ph":"B", "ts":"2941595899", "pid":"1", "tid":"cice"},
{"name":"ModelAdvance", "ph":"E", "ts":"2942078935", "pid":"1", "tid":"cice"},
{"name":"ModelAdvance", "ph":"B", "ts":"2942263416", "pid":"1", "tid":"cice"},
{"name":"ModelAdvance", "ph":"E", "ts":"2942742596", "pid":"1", "tid":"cice"},
{"name":"ModelAdvance", "ph":"B", "ts":"2942926564", "pid":"1", "tid":"cice"},
{"name":"ModelAdvance", "ph":"E", "ts":"2943412419", "pid":"1", "tid":"cice"},
{"name":"ModelAdvance", "ph":"B", "ts":"2943584139", "pid":"1", "tid":"cice"},
{"name":"ModelAdvance", "ph":"E", "ts":"2944065387", "pid":"1", "tid":"cice"},
{"name":"ModelAdvance", "ph":"B", "ts":"2944241737", "pid":"1", "tid":"cice"},
{"name":"ModelAdvance", "ph":"E", "ts":"2944722751", "pid":"1", "tid":"cice"},
{"name":"ModelAdvance", "ph":"B", "ts":"2944891441", "pid":"1", "tid":"cice"},
{"name":"ModelAdvance", "ph":"E", "ts":"2945366940", "pid":"1", "tid":"cice"},
{"name":"ModelAdvance", "ph":"B", "ts":"2945540862", "pid":"1", "tid":"cice"},
{"name":"ModelAdvance", "ph":"E", "ts":"2946018700", "pid":"1", "tid":"cice"},
{"name":"ModelAdvance", "ph":"B", "ts":"2946214021", "pid":"1", "tid":"cice"},
{"name":"ModelAdvance", "ph":"E", "ts":"2946693497", "pid":"1", "tid":"cice"},
{"name":"ModelAdvance", "ph":"B", "ts":"2946867539", "pid":"1", "tid":"cice"},
{"name":"ModelAdvance", "ph":"E", "ts":"2947349093", "pid":"1", "tid":"cice"},
{"name":"ModelAdvance", "ph":"B", "ts":"2947534015", "pid":"1", "tid":"cice"},
{"name":"ModelAdvance", "ph":"E", "ts":"2948016715", "pid":"1", "tid":"cice"},
{"name":"ModelAdvance", "ph":"B", "ts":"2948221621", "pid":"1", "tid":"cice"},
{"name":"ModelAdvance", "ph":"E", "ts":"2948702877", "pid":"1", "tid":"cice"},
{"name":"ModelAdvance", "ph":"B", "ts":"2948901363", "pid":"1", "tid":"cice"},
{"name":"ModelAdvance", "ph":"E", "ts":"2949380899", "pid":"1", "tid":"cice"},
{"name":"ModelAdvance", "ph":"B", "ts":"2949552601", "pid":"1", "tid":"cice"},
{"name":"ModelAdvance", "ph":"E", "ts":"2950023055", "pid":"1", "tid":"cice"},
{"name":"ModelAdvance", "ph":"B", "ts":"2950214244", "pid":"1", "tid":"cice"},
{"name":"ModelAdvance", "ph":"E", "ts":"2950696315", "pid":"1", "tid":"cice"},
{"name":"ModelAdvance", "ph":"B", "ts":"2950873409", "pid":"1", "tid":"cice"},
{"name":"ModelAdvance", "ph":"E", "ts":"2951352580", "pid":"1", "tid":"cice"},
{"name":"ModelAdvance", "ph":"B", "ts":"2951520351", "pid":"1", "tid":"cice"},
{"name":"ModelAdvance", "ph":"E", "ts":"2952005638", "pid":"1", "tid":"cice"},
{"name":"ModelAdvance", "ph":"B", "ts":"2952197073", "pid":"1", "tid":"cice"},
{"name":"ModelAdvance", "ph":"E", "ts":"2952678246", "pid":"1", "tid":"cice"},
{"name":"ModelAdvance", "ph":"B", "ts":"2952861014", "pid":"1", "tid":"cice"},
{"name":"ModelAdvance", "ph":"E", "ts":"2953343022", "pid":"1", "tid":"cice"},
{"name":"ModelAdvance", "ph":"B", "ts":"2953537819", "pid":"1", "tid":"cice"},
{"name":"ModelAdvance", "ph":"E", "ts":"2954014284", "pid":"1", "tid":"cice"},
{"name":"ModelAdvance", "ph":"B", "ts":"2954198582", "pid":"1", "tid":"cice"},
{"name":"ModelAdvance", "ph":"E", "ts":"2954676130", "pid":"1", "tid":"cice"},
{"name":"ModelAdvance", "ph":"B", "ts":"2954928419", "pid":"1", "tid":"cice"},
{"name":"ModelAdvance", "ph":"E", "ts":"2955400463", "pid":"1", "tid":"cice"},
{"name":"ModelAdvance", "ph":"B", "ts":"2955590492", "pid":"1", "tid":"cice"},
{"name":"ModelAdvance", "ph":"E", "ts":"2956065191", "pid":"1", "tid":"cice"},
{"name":"ModelAdvance", "ph":"B", "ts":"2956274763", "pid":"1", "tid":"cice"},
{"name":"ModelAdvance", "ph":"E", "ts":"2956752353", "pid":"1", "tid":"cice"},
{"name":"ModelAdvance", "ph":"B", "ts":"2957613072", "pid":"1", "tid":"cice"},
{"name":"ModelAdvance", "ph":"E", "ts":"2958096886", "pid":"1", "tid":"cice"},
{"name":"ModelAdvance", "ph":"B", "ts":"2958265075", "pid":"1", "tid":"cice"},
{"name":"ModelAdvance", "ph":"E", "ts":"2958749348", "pid":"1", "tid":"cice"},
{"name":"ModelAdvance", "ph":"B", "ts":"2958912342", "pid":"1", "tid":"cice"},
{"name":"ModelAdvance", "ph":"E", "ts":"2959384252", "pid":"1", "tid":"cice"},
{"name":"ModelAdvance", "ph":"B", "ts":"2959562843", "pid":"1", "tid":"cice"},
{"name":"ModelAdvance", "ph":"E", "ts":"2960044986", "pid":"1", "tid":"cice"},
{"name":"ModelAdvance", "ph":"B", "ts":"2960220904", "pid":"1", "tid":"cice"},
{"name":"ModelAdvance", "ph":"E", "ts":"2960698642", "pid":"1", "tid":"cice"},
{"name":"ModelAdvance", "ph":"B", "ts":"2960875365", "pid":"1", "tid":"cice"},
{"name":"ModelAdvance", "ph":"E", "ts":"2961351343", "pid":"1", "tid":"cice"},
{"name":"ModelAdvance", "ph":"B", "ts":"2961533278", "pid":"1", "tid":"cice"},
{"name":"ModelAdvance", "ph":"E", "ts":"2962009760", "pid":"1", "tid":"cice"},
{"name":"ModelAdvance", "ph":"B", "ts":"2962192551", "pid":"1", "tid":"cice"},
{"name":"ModelAdvance", "ph":"E", "ts":"2962670807", "pid":"1", "tid":"cice"},
{"name":"ModelAdvance", "ph":"B", "ts":"2962854216", "pid":"1", "tid":"cice"},
{"name":"ModelAdvance", "ph":"E", "ts":"2963335893", "pid":"1", "tid":"cice"},
{"name":"ModelAdvance", "ph":"B", "ts":"2963514795", "pid":"1", "tid":"cice"},
{"name":"ModelAdvance", "ph":"E", "ts":"2963990669", "pid":"1", "tid":"cice"},
{"name":"ModelAdvance", "ph":"B", "ts":"2964162165", "pid":"1", "tid":"cice"},
{"name":"ModelAdvance", "ph":"E", "ts":"2964643193", "pid":"1", "tid":"cice"},
{"name":"ModelAdvance", "ph":"B", "ts":"2964839445", "pid":"1", "tid":"cice"},
{"name":"ModelAdvance", "ph":"E", "ts":"2965317680", "pid":"1", "tid":"cice"},
{"name":"ModelAdvance", "ph":"B", "ts":"2965488851", "pid":"1", "tid":"cice"},
{"name":"ModelAdvance", "ph":"E", "ts":"2965971580", "pid":"1", "tid":"cice"},
{"name":"ModelAdvance", "ph":"B", "ts":"2966152713", "pid":"1", "tid":"cice"},
{"name":"ModelAdvance", "ph":"E", "ts":"2966629568", "pid":"1", "tid":"cice"},
{"name":"ModelAdvance", "ph":"B", "ts":"2966813957", "pid":"1", "tid":"cice"},
{"name":"ModelAdvance", "ph":"E", "ts":"2967289925", "pid":"1", "tid":"cice"},
{"name":"ModelAdvance", "ph":"B", "ts":"2967470951", "pid":"1", "tid":"cice"},
{"name":"ModelAdvance", "ph":"E", "ts":"2967958098", "pid":"1", "tid":"cice"},
{"name":"ModelAdvance", "ph":"B", "ts":"2968125829", "pid":"1", "tid":"cice"},
{"name":"ModelAdvance", "ph":"E", "ts":"2968605852", "pid":"1", "tid":"cice"},
{"name":"ModelAdvance", "ph":"B", "ts":"2968782015", "pid":"1", "tid":"cice"},
{"name":"ModelAdvance", "ph":"E", "ts":"2969263037", "pid":"1", "tid":"cice"},
{"name":"ModelAdvance", "ph":"B", "ts":"2969441298", "pid":"1", "tid":"cice"},
{"name":"ModelAdvance", "ph":"E", "ts":"2969911845", "pid":"1", "tid":"cice"},
{"name":"ModelAdvance", "ph":"B", "ts":"2970102393", "pid":"1", "tid":"cice"},
{"name":"ModelAdvance", "ph":"E", "ts":"2970588296", "pid":"1", "tid":"cice"},
{"name":"ModelAdvance", "ph":"B", "ts":"2970816249", "pid":"1", "tid":"cice"},
{"name":"ModelAdvance", "ph":"E", "ts":"2971297925", "pid":"1", "tid":"cice"},
{"name":"ModelAdvance", "ph":"B", "ts":"2971470675", "pid":"1", "tid":"cice"},
{"name":"ModelAdvance", "ph":"E", "ts":"2971951235", "pid":"1", "tid":"cice"},
{"name":"ModelAdvance", "ph":"B", "ts":"2972129174", "pid":"1", "tid":"cice"},
{"name":"ModelAdvance", "ph":"E", "ts":"2972708012", "pid":"1", "tid":"cice"},
{"name":"ModelAdvance", "ph":"B", "ts":"2972814344", "pid":"1", "tid":"cice"},
{"name":"ModelAdvance", "ph":"E", "ts":"2973329880", "pid":"1", "tid":"cice"},
{"name":"ModelAdvance", "ph":"B", "ts":"2974130607", "pid":"1", "tid":"cice"},
{"name":"ModelAdvance", "ph":"E", "ts":"2974606903", "pid":"1", "tid":"cice"},
{"name":"ModelAdvance", "ph":"B", "ts":"2974771260", "pid":"1", "tid":"cice"},
{"name":"ModelAdvance", "ph":"E", "ts":"2975247916", "pid":"1", "tid":"cice"},
{"name":"ModelAdvance", "ph":"B", "ts":"2975415659", "pid":"1", "tid":"cice"},
{"name":"ModelAdvance", "ph":"E", "ts":"2975888963", "pid":"1", "tid":"cice"},
{"name":"ModelAdvance", "ph":"B", "ts":"2976067969", "pid":"1", "tid":"cice"},
{"name":"ModelAdvance", "ph":"E", "ts":"2976538531", "pid":"1", "tid":"cice"},
{"name":"ModelAdvance", "ph":"B", "ts":"2976742592", "pid":"1", "tid":"cice"},
{"name":"ModelAdvance", "ph":"E", "ts":"2977219197", "pid":"1", "tid":"cice"},
{"name":"ModelAdvance", "ph":"B", "ts":"2977391634", "pid":"1", "tid":"cice"},
{"name":"ModelAdvance", "ph":"E", "ts":"2977879692", "pid":"1", "tid":"cice"},
{"name":"ModelAdvance", "ph":"B", "ts":"2978040552", "pid":"1", "tid":"cice"},
{"name":"ModelAdvance", "ph":"E", "ts":"2978523904", "pid":"1", "tid":"cice"},
{"name":"ModelAdvance", "ph":"B", "ts":"2978697229", "pid":"1", "tid":"cice"},
{"name":"ModelAdvance", "ph":"E", "ts":"2979182180", "pid":"1", "tid":"cice"},
{"name":"ModelAdvance", "ph":"B", "ts":"2979345184", "pid":"1", "tid":"cice"},
{"name":"ModelAdvance", "ph":"E", "ts":"2979818096", "pid":"1", "tid":"cice"},
{"name":"ModelAdvance", "ph":"B", "ts":"2980010188", "pid":"1", "tid":"cice"},
{"name":"ModelAdvance", "ph":"E", "ts":"2980483946", "pid":"1", "tid":"cice"},
{"name":"ModelAdvance", "ph":"B", "ts":"2980660178", "pid":"1", "tid":"cice"},
{"name":"ModelAdvance", "ph":"E", "ts":"2981144462", "pid":"1", "tid":"cice"},
{"name":"ModelAdvance", "ph":"B", "ts":"2981329848", "pid":"1", "tid":"cice"},
{"name":"ModelAdvance", "ph":"E", "ts":"2981810974", "pid":"1", "tid":"cice"},
{"name":"ModelAdvance", "ph":"B", "ts":"2982015516", "pid":"1", "tid":"cice"},
{"name":"ModelAdvance", "ph":"E", "ts":"2982498770", "pid":"1", "tid":"cice"},
{"name":"ModelAdvance", "ph":"B", "ts":"2982680076", "pid":"1", "tid":"cice"},
{"name":"ModelAdvance", "ph":"E", "ts":"2983161868", "pid":"1", "tid":"cice"},
{"name":"ModelAdvance", "ph":"B", "ts":"2983342342", "pid":"1", "tid":"cice"},
{"name":"ModelAdvance", "ph":"E", "ts":"2983808203", "pid":"1", "tid":"cice"},
{"name":"ModelAdvance", "ph":"B", "ts":"2984090706", "pid":"1", "tid":"cice"},
{"name":"ModelAdvance", "ph":"E", "ts":"2984567050", "pid":"1", "tid":"cice"},
{"name":"ModelAdvance", "ph":"B", "ts":"2984786267", "pid":"1", "tid":"cice"},
{"name":"ModelAdvance", "ph":"E", "ts":"2985264295", "pid":"1", "tid":"cice"},
{"name":"ModelAdvance", "ph":"B", "ts":"2985436323", "pid":"1", "tid":"cice"},
{"name":"ModelAdvance", "ph":"E", "ts":"2985902245", "pid":"1", "tid":"cice"},
{"name":"ModelAdvance", "ph":"B", "ts":"2986080815", "pid":"1", "tid":"cice"},
{"name":"ModelAdvance", "ph":"E", "ts":"2986556870", "pid":"1", "tid":"cice"},
{"name":"ModelAdvance", "ph":"B", "ts":"2986731623", "pid":"1", "tid":"cice"},
{"name":"ModelAdvance", "ph":"E", "ts":"2987212631", "pid":"1", "tid":"cice"},
{"name":"ModelAdvance", "ph":"B", "ts":"2987383905", "pid":"1", "tid":"cice"},
{"name":"ModelAdvance", "ph":"E", "ts":"2987858928", "pid":"1", "tid":"cice"},
{"name":"ModelAdvance", "ph":"B", "ts":"2988092427", "pid":"1", "tid":"cice"},
{"name":"ModelAdvance", "ph":"E", "ts":"2988572791", "pid":"1", "tid":"cice"},
{"name":"ModelAdvance", "ph":"B", "ts":"2988739374", "pid":"1", "tid":"cice"},
{"name":"ModelAdvance", "ph":"E", "ts":"2989217038", "pid":"1", "tid":"cice"},
{"name":"ModelAdvance", "ph":"B", "ts":"2989399322", "pid":"1", "tid":"cice"},
{"name":"ModelAdvance", "ph":"E", "ts":"2989879314", "pid":"1", "tid":"cice"},
{"name":"ModelAdvance", "ph":"B", "ts":"2990726365", "pid":"1", "tid":"cice"},
{"name":"ModelAdvance", "ph":"E", "ts":"2991207883", "pid":"1", "tid":"cice"},
{"name":"ModelAdvance", "ph":"B", "ts":"2991362501", "pid":"1", "tid":"cice"},
{"name":"ModelAdvance", "ph":"E", "ts":"2991838656", "pid":"1", "tid":"cice"},
{"name":"ModelAdvance", "ph":"B", "ts":"2992012571", "pid":"1", "tid":"cice"},
{"name":"ModelAdvance", "ph":"E", "ts":"2992484940", "pid":"1", "tid":"cice"},
{"name":"ModelAdvance", "ph":"B", "ts":"2992662777", "pid":"1", "tid":"cice"},
{"name":"ModelAdvance", "ph":"E", "ts":"2993135452", "pid":"1", "tid":"cice"},
{"name":"ModelAdvance", "ph":"B", "ts":"2993314693", "pid":"1", "tid":"cice"},
{"name":"ModelAdvance", "ph":"E", "ts":"2993793931", "pid":"1", "tid":"cice"},
{"name":"ModelAdvance", "ph":"B", "ts":"2994031202", "pid":"1", "tid":"cice"},
{"name":"ModelAdvance", "ph":"E", "ts":"2994515592", "pid":"1", "tid":"cice"},
{"name":"ModelAdvance", "ph":"B", "ts":"2994702601", "pid":"1", "tid":"cice"},
{"name":"ModelAdvance", "ph":"E", "ts":"2995181585", "pid":"1", "tid":"cice"},
{"name":"ModelAdvance", "ph":"B", "ts":"2995398289", "pid":"1", "tid":"cice"},
{"name":"ModelAdvance", "ph":"E", "ts":"2995873924", "pid":"1", "tid":"cice"},
{"name":"ModelAdvance", "ph":"B", "ts":"2996084902", "pid":"1", "tid":"cice"},
{"name":"ModelAdvance", "ph":"E", "ts":"2996565898", "pid":"1", "tid":"cice"},
{"name":"ModelAdvance", "ph":"B", "ts":"2996774806", "pid":"1", "tid":"cice"},
{"name":"ModelAdvance", "ph":"E", "ts":"2997252878", "pid":"1", "tid":"cice"},
{"name":"ModelAdvance", "ph":"B", "ts":"2997493916", "pid":"1", "tid":"cice"},
{"name":"ModelAdvance", "ph":"E", "ts":"2997969445", "pid":"1", "tid":"cice"},
{"name":"ModelAdvance", "ph":"B", "ts":"2998242781", "pid":"1", "tid":"cice"},
{"name":"ModelAdvance", "ph":"E", "ts":"2998721462", "pid":"1", "tid":"cice"},
{"name":"ModelAdvance", "ph":"B", "ts":"2998909595", "pid":"1", "tid":"cice"},
{"name":"ModelAdvance", "ph":"E", "ts":"2999383357", "pid":"1", "tid":"cice"},
{"name":"ModelAdvance", "ph":"B", "ts":"2999619408", "pid":"1", "tid":"cice"},
{"name":"ModelAdvance", "ph":"E", "ts":"3000099205", "pid":"1", "tid":"cice"},
{"name":"ModelAdvance", "ph":"B", "ts":"3000341077", "pid":"1", "tid":"cice"},
{"name":"ModelAdvance", "ph":"E", "ts":"3000821493", "pid":"1", "tid":"cice"},
{"name":"ModelAdvance", "ph":"B", "ts":"3001069537", "pid":"1", "tid":"cice"},
{"name":"ModelAdvance", "ph":"E", "ts":"3001541857", "pid":"1", "tid":"cice"},
{"name":"ModelAdvance", "ph":"B", "ts":"3001788745", "pid":"1", "tid":"cice"},
{"name":"ModelAdvance", "ph":"E", "ts":"3002272782", "pid":"1", "tid":"cice"},
{"name":"ModelAdvance", "ph":"B", "ts":"3002483373", "pid":"1", "tid":"cice"},
{"name":"ModelAdvance", "ph":"E", "ts":"3002958660", "pid":"1", "tid":"cice"},
{"name":"ModelAdvance", "ph":"B", "ts":"3003159753", "pid":"1", "tid":"cice"},
{"name":"ModelAdvance", "ph":"E", "ts":"3003634047", "pid":"1", "tid":"cice"},
{"name":"ModelAdvance", "ph":"B", "ts":"3003838312", "pid":"1", "tid":"cice"},
{"name":"ModelAdvance", "ph":"E", "ts":"3004319621", "pid":"1", "tid":"cice"},
{"name":"ModelAdvance", "ph":"B", "ts":"3004546880", "pid":"1", "tid":"cice"},
{"name":"ModelAdvance", "ph":"E", "ts":"3005030034", "pid":"1", "tid":"cice"},
{"name":"ModelAdvance", "ph":"B", "ts":"3005221102", "pid":"1", "tid":"cice"},
{"name":"ModelAdvance", "ph":"E", "ts":"3005700363", "pid":"1", "tid":"cice"},
{"name":"ModelAdvance", "ph":"B", "ts":"3005899082", "pid":"1", "tid":"cice"},
{"name":"ModelAdvance", "ph":"E", "ts":"3006378609", "pid":"1", "tid":"cice"},
{"name":"ModelAdvance", "ph":"B", "ts":"3006649682", "pid":"1", "tid":"cice"},
{"name":"ModelAdvance", "ph":"E", "ts":"3007128521", "pid":"1", "tid":"cice"},
{"name":"ModelAdvance", "ph":"B", "ts":"3007932388", "pid":"1", "tid":"cice"},
{"name":"ModelAdvance", "ph":"E", "ts":"3008414738", "pid":"1", "tid":"cice"},
{"name":"ModelAdvance", "ph":"B", "ts":"3008620342", "pid":"1", "tid":"cice"},
{"name":"ModelAdvance", "ph":"E", "ts":"3009100600", "pid":"1", "tid":"cice"},
{"name":"ModelAdvance", "ph":"B", "ts":"3009309307", "pid":"1", "tid":"cice"},
{"name":"ModelAdvance", "ph":"E", "ts":"3009789757", "pid":"1", "tid":"cice"},
{"name":"ModelAdvance", "ph":"B", "ts":"3009973369", "pid":"1", "tid":"cice"},
{"name":"ModelAdvance", "ph":"E", "ts":"3010450395", "pid":"1", "tid":"cice"},
{"name":"ModelAdvance", "ph":"B", "ts":"3010670307", "pid":"1", "tid":"cice"},
{"name":"ModelAdvance", "ph":"E", "ts":"3011149769", "pid":"1", "tid":"cice"},
{"name":"ModelAdvance", "ph":"B", "ts":"3011414100", "pid":"1", "tid":"cice"},
{"name":"ModelAdvance", "ph":"E", "ts":"3011885147", "pid":"1", "tid":"cice"},
{"name":"ModelAdvance", "ph":"B", "ts":"3012150553", "pid":"1", "tid":"cice"},
{"name":"ModelAdvance", "ph":"E", "ts":"3012631242", "pid":"1", "tid":"cice"},
{"name":"ModelAdvance", "ph":"B", "ts":"3012824661", "pid":"1", "tid":"cice"},
{"name":"ModelAdvance", "ph":"E", "ts":"3013304534", "pid":"1", "tid":"cice"},
{"name":"ModelAdvance", "ph":"B", "ts":"3013504104", "pid":"1", "tid":"cice"},
{"name":"ModelAdvance", "ph":"E", "ts":"3013983132", "pid":"1", "tid":"cice"},
{"name":"ModelAdvance", "ph":"B", "ts":"3014234375", "pid":"1", "tid":"cice"},
{"name":"ModelAdvance", "ph":"E", "ts":"3014714863", "pid":"1", "tid":"cice"},
{"name":"ModelAdvance", "ph":"B", "ts":"3014943800", "pid":"1", "tid":"cice"},
{"name":"ModelAdvance", "ph":"E", "ts":"3015419593", "pid":"1", "tid":"cice"},
{"name":"ModelAdvance", "ph":"B", "ts":"3015687181", "pid":"1", "tid":"cice"},
{"name":"ModelAdvance", "ph":"E", "ts":"3016168096", "pid":"1", "tid":"cice"},
{"name":"ModelAdvance", "ph":"B", "ts":"3016425497", "pid":"1", "tid":"cice"},
{"name":"ModelAdvance", "ph":"E", "ts":"3016903043", "pid":"1", "tid":"cice"},
{"name":"ModelAdvance", "ph":"B", "ts":"3017156221", "pid":"1", "tid":"cice"},
{"name":"ModelAdvance", "ph":"E", "ts":"3017634192", "pid":"1", "tid":"cice"},
{"name":"ModelAdvance", "ph":"B", "ts":"3017874052", "pid":"1", "tid":"cice"},
{"name":"ModelAdvance", "ph":"E", "ts":"3018348527", "pid":"1", "tid":"cice"},
{"name":"ModelAdvance", "ph":"B", "ts":"3018588993", "pid":"1", "tid":"cice"},
{"name":"ModelAdvance", "ph":"E", "ts":"3019070277", "pid":"1", "tid":"cice"},
{"name":"ModelAdvance", "ph":"B", "ts":"3019263614", "pid":"1", "tid":"cice"},
{"name":"ModelAdvance", "ph":"E", "ts":"3019745833", "pid":"1", "tid":"cice"},
{"name":"ModelAdvance", "ph":"B", "ts":"3019930252", "pid":"1", "tid":"cice"},
{"name":"ModelAdvance", "ph":"E", "ts":"3020413867", "pid":"1", "tid":"cice"},
{"name":"ModelAdvance", "ph":"B", "ts":"3020625663", "pid":"1", "tid":"cice"},
{"name":"ModelAdvance", "ph":"E", "ts":"3021105189", "pid":"1", "tid":"cice"},
{"name":"ModelAdvance", "ph":"B", "ts":"3021357981", "pid":"1", "tid":"cice"},
{"name":"ModelAdvance", "ph":"E", "ts":"3021829759", "pid":"1", "tid":"cice"},
{"name":"ModelAdvance", "ph":"B", "ts":"3022026729", "pid":"1", "tid":"cice"},
{"name":"ModelAdvance", "ph":"E", "ts":"3022541377", "pid":"1", "tid":"cice"},
{"name":"ModelAdvance", "ph":"B", "ts":"3022742473", "pid":"1", "tid":"cice"},
{"name":"ModelAdvance", "ph":"E", "ts":"3023230118", "pid":"1", "tid":"cice"},
{"name":"ModelAdvance", "ph":"B", "ts":"3023411493", "pid":"1", "tid":"cice"},
{"name":"ModelAdvance", "ph":"E", "ts":"3023892066", "pid":"1", "tid":"cice"},
{"name":"ModelAdvance", "ph":"B", "ts":"3024173133", "pid":"1", "tid":"cice"},
{"name":"ModelAdvance", "ph":"E", "ts":"3024655786", "pid":"1", "tid":"cice"},
{"name":"ModelAdvance", "ph":"B", "ts":"3025453961", "pid":"1", "tid":"cice"},
{"name":"ModelAdvance", "ph":"E", "ts":"3025938383", "pid":"1", "tid":"cice"},
{"name":"ModelAdvance", "ph":"B", "ts":"3026174832", "pid":"1", "tid":"cice"},
{"name":"ModelAdvance", "ph":"E", "ts":"3026652586", "pid":"1", "tid":"cice"},
{"name":"ModelAdvance", "ph":"B", "ts":"3026847781", "pid":"1", "tid":"cice"},
{"name":"ModelAdvance", "ph":"E", "ts":"3027335152", "pid":"1", "tid":"cice"},
{"name":"ModelAdvance", "ph":"B", "ts":"3027526566", "pid":"1", "tid":"cice"},
{"name":"ModelAdvance", "ph":"E", "ts":"3028005541", "pid":"1", "tid":"cice"},
{"name":"ModelAdvance", "ph":"B", "ts":"3028220166", "pid":"1", "tid":"cice"},
{"name":"ModelAdvance", "ph":"E", "ts":"3028696754", "pid":"1", "tid":"cice"},
{"name":"ModelAdvance", "ph":"B", "ts":"3028897104", "pid":"1", "tid":"cice"},
{"name":"ModelAdvance", "ph":"E", "ts":"3029380712", "pid":"1", "tid":"cice"},
{"name":"ModelAdvance", "ph":"B", "ts":"3029591856", "pid":"1", "tid":"cice"},
{"name":"ModelAdvance", "ph":"E", "ts":"3030069645", "pid":"1", "tid":"cice"},
{"name":"ModelAdvance", "ph":"B", "ts":"3030319306", "pid":"1", "tid":"cice"},
{"name":"ModelAdvance", "ph":"E", "ts":"3030797183", "pid":"1", "tid":"cice"},
{"name":"ModelAdvance", "ph":"B", "ts":"3030986581", "pid":"1", "tid":"cice"},
{"name":"ModelAdvance", "ph":"E", "ts":"3031476044", "pid":"1", "tid":"cice"},
{"name":"ModelAdvance", "ph":"B", "ts":"3031701553", "pid":"1", "tid":"cice"},
{"name":"ModelAdvance", "ph":"E", "ts":"3032183134", "pid":"1", "tid":"cice"},
{"name":"ModelAdvance", "ph":"B", "ts":"3032377140", "pid":"1", "tid":"cice"},
{"name":"ModelAdvance", "ph":"E", "ts":"3032851819", "pid":"1", "tid":"cice"},
{"name":"ModelAdvance", "ph":"B", "ts":"3033084648", "pid":"1", "tid":"cice"},
{"name":"ModelAdvance", "ph":"E", "ts":"3033563579", "pid":"1", "tid":"cice"},
{"name":"ModelAdvance", "ph":"B", "ts":"3033775137", "pid":"1", "tid":"cice"},
{"name":"ModelAdvance", "ph":"E", "ts":"3034254425", "pid":"1", "tid":"cice"},
{"name":"ModelAdvance", "ph":"B", "ts":"3034429815", "pid":"1", "tid":"cice"},
{"name":"ModelAdvance", "ph":"E", "ts":"3034899638", "pid":"1", "tid":"cice"},
{"name":"ModelAdvance", "ph":"B", "ts":"3035159696", "pid":"1", "tid":"cice"},
{"name":"ModelAdvance", "ph":"E", "ts":"3035640917", "pid":"1", "tid":"cice"},
{"name":"ModelAdvance", "ph":"B", "ts":"3035827829", "pid":"1", "tid":"cice"},
{"name":"ModelAdvance", "ph":"E", "ts":"3036308204", "pid":"1", "tid":"cice"},
{"name":"ModelAdvance", "ph":"B", "ts":"3036526710", "pid":"1", "tid":"cice"},
{"name":"ModelAdvance", "ph":"E", "ts":"3036996360", "pid":"1", "tid":"cice"},
{"name":"ModelAdvance", "ph":"B", "ts":"3037220893", "pid":"1", "tid":"cice"},
{"name":"ModelAdvance", "ph":"E", "ts":"3037701976", "pid":"1", "tid":"cice"},
{"name":"ModelAdvance", "ph":"B", "ts":"3037956443", "pid":"1", "tid":"cice"},
{"name":"ModelAdvance", "ph":"E", "ts":"3038433056", "pid":"1", "tid":"cice"},
{"name":"ModelAdvance", "ph":"B", "ts":"3038688268", "pid":"1", "tid":"cice"},
{"name":"ModelAdvance", "ph":"E", "ts":"3039170519", "pid":"1", "tid":"cice"},
{"name":"ModelAdvance", "ph":"B", "ts":"3039403178", "pid":"1", "tid":"cice"},
{"name":"ModelAdvance", "ph":"E", "ts":"3039881878", "pid":"1", "tid":"cice"},
{"name":"ModelAdvance", "ph":"B", "ts":"3040102983", "pid":"1", "tid":"cice"},
{"name":"ModelAdvance", "ph":"E", "ts":"3040579919", "pid":"1", "tid":"cice"},
{"name":"ModelAdvance", "ph":"B", "ts":"3040794090", "pid":"1", "tid":"cice"},
{"name":"ModelAdvance", "ph":"E", "ts":"3041278989", "pid":"1", "tid":"cice"},
{"name":"ModelAdvance", "ph":"B", "ts":"3041500325", "pid":"1", "tid":"cice"},
{"name":"ModelAdvance", "ph":"E", "ts":"3041981490", "pid":"1", "tid":"cice"},
{"name":"ModelAdvance", "ph":"B", "ts":"3042868541", "pid":"1", "tid":"cice"},
{"name":"ModelAdvance", "ph":"E", "ts":"3043344184", "pid":"1", "tid":"cice"},
{"name":"ModelAdvance", "ph":"B", "ts":"3043588243", "pid":"1", "tid":"cice"},
{"name":"ModelAdvance", "ph":"E", "ts":"3044062760", "pid":"1", "tid":"cice"},
{"name":"ModelAdvance", "ph":"B", "ts":"3044293189", "pid":"1", "tid":"cice"},
{"name":"ModelAdvance", "ph":"E", "ts":"3044767613", "pid":"1", "tid":"cice"},
{"name":"ModelAdvance", "ph":"B", "ts":"3044979479", "pid":"1", "tid":"cice"},
{"name":"ModelAdvance", "ph":"E", "ts":"3045453012", "pid":"1", "tid":"cice"},
{"name":"ModelAdvance", "ph":"B", "ts":"3045714153", "pid":"1", "tid":"cice"},
{"name":"ModelAdvance", "ph":"E", "ts":"3046191950", "pid":"1", "tid":"cice"},
{"name":"ModelAdvance", "ph":"B", "ts":"3046448274", "pid":"1", "tid":"cice"},
{"name":"ModelAdvance", "ph":"E", "ts":"3046921454", "pid":"1", "tid":"cice"},
{"name":"ModelAdvance", "ph":"B", "ts":"3047169194", "pid":"1", "tid":"cice"},
{"name":"ModelAdvance", "ph":"E", "ts":"3047642594", "pid":"1", "tid":"cice"},
{"name":"ModelAdvance", "ph":"B", "ts":"3047872525", "pid":"1", "tid":"cice"},
{"name":"ModelAdvance", "ph":"E", "ts":"3048341725", "pid":"1", "tid":"cice"},
{"name":"ModelAdvance", "ph":"B", "ts":"3048573771", "pid":"1", "tid":"cice"},
{"name":"ModelAdvance", "ph":"E", "ts":"3049041806", "pid":"1", "tid":"cice"},
{"name":"ModelAdvance", "ph":"B", "ts":"3049315281", "pid":"1", "tid":"cice"},
{"name":"ModelAdvance", "ph":"E", "ts":"3049785660", "pid":"1", "tid":"cice"},
{"name":"ModelAdvance", "ph":"B", "ts":"3050056326", "pid":"1", "tid":"cice"},
{"name":"ModelAdvance", "ph":"E", "ts":"3050528916", "pid":"1", "tid":"cice"},
{"name":"ModelAdvance", "ph":"B", "ts":"3050815775", "pid":"1", "tid":"cice"},
{"name":"ModelAdvance", "ph":"E", "ts":"3051289995", "pid":"1", "tid":"cice"},
{"name":"ModelAdvance", "ph":"B", "ts":"3051559445", "pid":"1", "tid":"cice"},
{"name":"ModelAdvance", "ph":"E", "ts":"3052028041", "pid":"1", "tid":"cice"},
{"name":"ModelAdvance", "ph":"B", "ts":"3052306612", "pid":"1", "tid":"cice"},
{"name":"ModelAdvance", "ph":"E", "ts":"3052778139", "pid":"1", "tid":"cice"},
{"name":"ModelAdvance", "ph":"B", "ts":"3052993921", "pid":"1", "tid":"cice"},
{"name":"ModelAdvance", "ph":"E", "ts":"3053468249", "pid":"1", "tid":"cice"},
{"name":"ModelAdvance", "ph":"B", "ts":"3053725928", "pid":"1", "tid":"cice"},
{"name":"ModelAdvance", "ph":"E", "ts":"3054193269", "pid":"1", "tid":"cice"},
{"name":"ModelAdvance", "ph":"B", "ts":"3054449673", "pid":"1", "tid":"cice"},
{"name":"ModelAdvance", "ph":"E", "ts":"3054922209", "pid":"1", "tid":"cice"},
{"name":"ModelAdvance", "ph":"B", "ts":"3055188972", "pid":"1", "tid":"cice"},
{"name":"ModelAdvance", "ph":"E", "ts":"3055659400", "pid":"1", "tid":"cice"},
{"name":"ModelAdvance", "ph":"B", "ts":"3055924490", "pid":"1", "tid":"cice"},
{"name":"ModelAdvance", "ph":"E", "ts":"3056397389", "pid":"1", "tid":"cice"},
{"name":"ModelAdvance", "ph":"B", "ts":"3056676999", "pid":"1", "tid":"cice"},
{"name":"ModelAdvance", "ph":"E", "ts":"3057148229", "pid":"1", "tid":"cice"},
{"name":"ModelAdvance", "ph":"B", "ts":"3057414020", "pid":"1", "tid":"cice"},
{"name":"ModelAdvance", "ph":"E", "ts":"3057884483", "pid":"1", "tid":"cice"},
{"name":"ModelAdvance", "ph":"B", "ts":"3058158409", "pid":"1", "tid":"cice"},
{"name":"ModelAdvance", "ph":"E", "ts":"3058633241", "pid":"1", "tid":"cice"},
{"name":"ModelAdvance", "ph":"B", "ts":"3058876677", "pid":"1", "tid":"cice"},
{"name":"ModelAdvance", "ph":"E", "ts":"3059347772", "pid":"1", "tid":"cice"},
{"name":"ModelAdvance", "ph":"B", "ts":"3059586485", "pid":"1", "tid":"cice"},
{"name":"ModelAdvance", "ph":"E", "ts":"3060057220", "pid":"1", "tid":"cice"},
{"name":"ModelAdvance", "ph":"B", "ts":"3060962619", "pid":"1", "tid":"cice"},
{"name":"ModelAdvance", "ph":"E", "ts":"3061429712", "pid":"1", "tid":"cice"},
{"name":"ModelAdvance", "ph":"B", "ts":"3061681657", "pid":"1", "tid":"cice"},
{"name":"ModelAdvance", "ph":"E", "ts":"3062150351", "pid":"1", "tid":"cice"},
{"name":"ModelAdvance", "ph":"B", "ts":"3062392935", "pid":"1", "tid":"cice"},
{"name":"ModelAdvance", "ph":"E", "ts":"3062870014", "pid":"1", "tid":"cice"},
{"name":"ModelAdvance", "ph":"B", "ts":"3063116209", "pid":"1", "tid":"cice"},
{"name":"ModelAdvance", "ph":"E", "ts":"3063586963", "pid":"1", "tid":"cice"},
{"name":"ModelAdvance", "ph":"B", "ts":"3063828708", "pid":"1", "tid":"cice"},
{"name":"ModelAdvance", "ph":"E", "ts":"3064300487", "pid":"1", "tid":"cice"},
{"name":"ModelAdvance", "ph":"B", "ts":"3064488953", "pid":"1", "tid":"cice"},
{"name":"ModelAdvance", "ph":"E", "ts":"3064959284", "pid":"1", "tid":"cice"},
{"name":"ModelAdvance", "ph":"B", "ts":"3065209199", "pid":"1", "tid":"cice"},
{"name":"ModelAdvance", "ph":"E", "ts":"3065718466", "pid":"1", "tid":"cice"},
{"name":"ModelAdvance", "ph":"B", "ts":"3065877297", "pid":"1", "tid":"cice"},
{"name":"ModelAdvance", "ph":"E", "ts":"3066343332", "pid":"1", "tid":"cice"},
{"name":"ModelAdvance", "ph":"B", "ts":"3066571334", "pid":"1", "tid":"cice"},
{"name":"ModelAdvance", "ph":"E", "ts":"3067043908", "pid":"1", "tid":"cice"},
{"name":"ModelAdvance", "ph":"B", "ts":"3067234433", "pid":"1", "tid":"cice"},
{"name":"ModelAdvance", "ph":"E", "ts":"3067704942", "pid":"1", "tid":"cice"},
{"name":"ModelAdvance", "ph":"B", "ts":"3067936980", "pid":"1", "tid":"cice"},
{"name":"ModelAdvance", "ph":"E", "ts":"3068405300", "pid":"1", "tid":"cice"},
{"name":"ModelAdvance", "ph":"B", "ts":"3068686391", "pid":"1", "tid":"cice"},
{"name":"ModelAdvance", "ph":"E", "ts":"3069153794", "pid":"1", "tid":"cice"},
{"name":"ModelAdvance", "ph":"B", "ts":"3069351603", "pid":"1", "tid":"cice"},
{"name":"ModelAdvance", "ph":"E", "ts":"3069819852", "pid":"1", "tid":"cice"},
{"name":"ModelAdvance", "ph":"B", "ts":"3070020386", "pid":"1", "tid":"cice"},
{"name":"ModelAdvance", "ph":"E", "ts":"3070497499", "pid":"1", "tid":"cice"},
{"name":"ModelAdvance", "ph":"B", "ts":"3070735845", "pid":"1", "tid":"cice"},
{"name":"ModelAdvance", "ph":"E", "ts":"3071206005", "pid":"1", "tid":"cice"},
{"name":"ModelAdvance", "ph":"B", "ts":"3071450657", "pid":"1", "tid":"cice"},
{"name":"ModelAdvance", "ph":"E", "ts":"3071917061", "pid":"1", "tid":"cice"},
{"name":"ModelAdvance", "ph":"B", "ts":"3072184182", "pid":"1", "tid":"cice"},
{"name":"ModelAdvance", "ph":"E", "ts":"3072655139", "pid":"1", "tid":"cice"},
{"name":"ModelAdvance", "ph":"B", "ts":"3072880249", "pid":"1", "tid":"cice"},
{"name":"ModelAdvance", "ph":"E", "ts":"3073352658", "pid":"1", "tid":"cice"},
{"name":"ModelAdvance", "ph":"B", "ts":"3073552146", "pid":"1", "tid":"cice"},
{"name":"ModelAdvance", "ph":"E", "ts":"3074022828", "pid":"1", "tid":"cice"},
{"name":"ModelAdvance", "ph":"B", "ts":"3074264176", "pid":"1", "tid":"cice"},
{"name":"ModelAdvance", "ph":"E", "ts":"3074735595", "pid":"1", "tid":"cice"},
{"name":"ModelAdvance", "ph":"B", "ts":"3074935494", "pid":"1", "tid":"cice"},
{"name":"ModelAdvance", "ph":"E", "ts":"3075411924", "pid":"1", "tid":"cice"},
{"name":"ModelAdvance", "ph":"B", "ts":"3075610161", "pid":"1", "tid":"cice"},
{"name":"ModelAdvance", "ph":"E", "ts":"3076085753", "pid":"1", "tid":"cice"},
{"name":"ModelAdvance", "ph":"B", "ts":"3076323079", "pid":"1", "tid":"cice"},
{"name":"ModelAdvance", "ph":"E", "ts":"3076897088", "pid":"1", "tid":"cice"},
{"name":"ModelAdvance", "ph":"B", "ts":"3077043917", "pid":"1", "tid":"cice"},
{"name":"ModelAdvance", "ph":"E", "ts":"3077519765", "pid":"1", "tid":"cice"},
{"name":"ModelAdvance", "ph":"B", "ts":"3078344075", "pid":"1", "tid":"cice"},
{"name":"ModelAdvance", "ph":"E", "ts":"3078816402", "pid":"1", "tid":"cice"},
{"name":"ModelAdvance", "ph":"B", "ts":"3079006310", "pid":"1", "tid":"cice"},
{"name":"ModelAdvance", "ph":"E", "ts":"3079475750", "pid":"1", "tid":"cice"},
{"name":"ModelAdvance", "ph":"B", "ts":"3079667282", "pid":"1", "tid":"cice"},
{"name":"ModelAdvance", "ph":"E", "ts":"3080142175", "pid":"1", "tid":"cice"},
{"name":"ModelAdvance", "ph":"B", "ts":"3080311745", "pid":"1", "tid":"cice"},
{"name":"ModelAdvance", "ph":"E", "ts":"3080784673", "pid":"1", "tid":"cice"},
{"name":"ModelAdvance", "ph":"B", "ts":"3080952106", "pid":"1", "tid":"cice"},
{"name":"ModelAdvance", "ph":"E", "ts":"3081426077", "pid":"1", "tid":"cice"},
{"name":"ModelAdvance", "ph":"B", "ts":"3081650290", "pid":"1", "tid":"cice"},
{"name":"ModelAdvance", "ph":"E", "ts":"3082119370", "pid":"1", "tid":"cice"},
{"name":"ModelAdvance", "ph":"B", "ts":"3082287367", "pid":"1", "tid":"cice"},
{"name":"ModelAdvance", "ph":"E", "ts":"3082761005", "pid":"1", "tid":"cice"},
{"name":"ModelAdvance", "ph":"B", "ts":"3082929528", "pid":"1", "tid":"cice"},
{"name":"ModelAdvance", "ph":"E", "ts":"3083402224", "pid":"1", "tid":"cice"},
{"name":"ModelAdvance", "ph":"B", "ts":"3083561583", "pid":"1", "tid":"cice"},
{"name":"ModelAdvance", "ph":"E", "ts":"3084034801", "pid":"1", "tid":"cice"},
{"name":"ModelAdvance", "ph":"B", "ts":"3084193043", "pid":"1", "tid":"cice"},
{"name":"ModelAdvance", "ph":"E", "ts":"3084662170", "pid":"1", "tid":"cice"},
{"name":"ModelAdvance", "ph":"B", "ts":"3084828206", "pid":"1", "tid":"cice"},
{"name":"ModelAdvance", "ph":"E", "ts":"3085305479", "pid":"1", "tid":"cice"},
{"name":"ModelAdvance", "ph":"B", "ts":"3085491119", "pid":"1", "tid":"cice"},
{"name":"ModelAdvance", "ph":"E", "ts":"3085961773", "pid":"1", "tid":"cice"},
{"name":"ModelAdvance", "ph":"B", "ts":"3086121550", "pid":"1", "tid":"cice"},
{"name":"ModelAdvance", "ph":"E", "ts":"3086599471", "pid":"1", "tid":"cice"},
{"name":"ModelAdvance", "ph":"B", "ts":"3086751206", "pid":"1", "tid":"cice"},
{"name":"ModelAdvance", "ph":"E", "ts":"3087226064", "pid":"1", "tid":"cice"},
{"name":"ModelAdvance", "ph":"B", "ts":"3087383833", "pid":"1", "tid":"cice"},
{"name":"ModelAdvance", "ph":"E", "ts":"3087857594", "pid":"1", "tid":"cice"},
{"name":"ModelAdvance", "ph":"B", "ts":"3088014563", "pid":"1", "tid":"cice"},
{"name":"ModelAdvance", "ph":"E", "ts":"3088477478", "pid":"1", "tid":"cice"},
{"name":"ModelAdvance", "ph":"B", "ts":"3088649768", "pid":"1", "tid":"cice"},
{"name":"ModelAdvance", "ph":"E", "ts":"3089124674", "pid":"1", "tid":"cice"},
{"name":"ModelAdvance", "ph":"B", "ts":"3089281017", "pid":"1", "tid":"cice"},
{"name":"ModelAdvance", "ph":"E", "ts":"3089762423", "pid":"1", "tid":"cice"},
{"name":"ModelAdvance", "ph":"B", "ts":"3089923864", "pid":"1", "tid":"cice"},
{"name":"ModelAdvance", "ph":"E", "ts":"3090398430", "pid":"1", "tid":"cice"},
{"name":"ModelAdvance", "ph":"B", "ts":"3090549815", "pid":"1", "tid":"cice"},
{"name":"ModelAdvance", "ph":"E", "ts":"3091023514", "pid":"1", "tid":"cice"},
{"name":"ModelAdvance", "ph":"B", "ts":"3091182904", "pid":"1", "tid":"cice"},
{"name":"ModelAdvance", "ph":"E", "ts":"3091656493", "pid":"1", "tid":"cice"},
{"name":"ModelAdvance", "ph":"B", "ts":"3092351576", "pid":"1", "tid":"cice"},
{"name":"ModelAdvance", "ph":"E", "ts":"3092821528", "pid":"1", "tid":"cice"},
{"name":"ModelAdvance", "ph":"B", "ts":"3092965927", "pid":"1", "tid":"cice"},
{"name":"ModelAdvance", "ph":"E", "ts":"3093434850", "pid":"1", "tid":"cice"},
{"name":"ModelAdvance", "ph":"B", "ts":"3093632786", "pid":"1", "tid":"cice"},
{"name":"ModelAdvance", "ph":"E", "ts":"3094109470", "pid":"1", "tid":"cice"},
{"name":"ModelAdvance", "ph":"B", "ts":"3094964672", "pid":"1", "tid":"cice"},
{"name":"ModelAdvance", "ph":"E", "ts":"3095443263", "pid":"1", "tid":"cice"},
{"name":"ModelAdvance", "ph":"B", "ts":"3095589161", "pid":"1", "tid":"cice"},
{"name":"ModelAdvance", "ph":"E", "ts":"3096069535", "pid":"1", "tid":"cice"},
{"name":"ModelAdvance", "ph":"B", "ts":"3096227769", "pid":"1", "tid":"cice"},
{"name":"ModelAdvance", "ph":"E", "ts":"3096708938", "pid":"1", "tid":"cice"},
{"name":"ModelAdvance", "ph":"B", "ts":"3096855921", "pid":"1", "tid":"cice"},
{"name":"ModelAdvance", "ph":"E", "ts":"3097326984", "pid":"1", "tid":"cice"},
{"name":"ModelAdvance", "ph":"B", "ts":"3097492493", "pid":"1", "tid":"cice"},
{"name":"ModelAdvance", "ph":"E", "ts":"3097966844", "pid":"1", "tid":"cice"},
{"name":"ModelAdvance", "ph":"B", "ts":"3098114461", "pid":"1", "tid":"cice"},
{"name":"ModelAdvance", "ph":"E", "ts":"3098591684", "pid":"1", "tid":"cice"},
{"name":"ModelAdvance", "ph":"B", "ts":"3098745270", "pid":"1", "tid":"cice"},
{"name":"ModelAdvance", "ph":"E", "ts":"3099222883", "pid":"1", "tid":"cice"},
{"name":"ModelAdvance", "ph":"B", "ts":"3099372703", "pid":"1", "tid":"cice"},
{"name":"ModelAdvance", "ph":"E", "ts":"3099844085", "pid":"1", "tid":"cice"},
{"name":"ModelAdvance", "ph":"B", "ts":"3100004835", "pid":"1", "tid":"cice"},
{"name":"ModelAdvance", "ph":"E", "ts":"3100483176", "pid":"1", "tid":"cice"},
{"name":"ModelAdvance", "ph":"B", "ts":"3100637821", "pid":"1", "tid":"cice"},
{"name":"ModelAdvance", "ph":"E", "ts":"3101115792", "pid":"1", "tid":"cice"},
{"name":"ModelAdvance", "ph":"B", "ts":"3101274043", "pid":"1", "tid":"cice"},
{"name":"ModelAdvance", "ph":"E", "ts":"3101748906", "pid":"1", "tid":"cice"},
{"name":"ModelAdvance", "ph":"B", "ts":"3101930627", "pid":"1", "tid":"cice"},
{"name":"ModelAdvance", "ph":"E", "ts":"3102405602", "pid":"1", "tid":"cice"},
{"name":"ModelAdvance", "ph":"B", "ts":"3102566867", "pid":"1", "tid":"cice"},
{"name":"ModelAdvance", "ph":"E", "ts":"3103044545", "pid":"1", "tid":"cice"},
{"name":"ModelAdvance", "ph":"B", "ts":"3103202965", "pid":"1", "tid":"cice"},
{"name":"ModelAdvance", "ph":"E", "ts":"3103678315", "pid":"1", "tid":"cice"},
{"name":"ModelAdvance", "ph":"B", "ts":"3103831377", "pid":"1", "tid":"cice"},
{"name":"ModelAdvance", "ph":"E", "ts":"3104313733", "pid":"1", "tid":"cice"},
{"name":"ModelAdvance", "ph":"B", "ts":"3104464706", "pid":"1", "tid":"cice"},
{"name":"ModelAdvance", "ph":"E", "ts":"3104945039", "pid":"1", "tid":"cice"},
{"name":"ModelAdvance", "ph":"B", "ts":"3105093080", "pid":"1", "tid":"cice"},
{"name":"ModelAdvance", "ph":"E", "ts":"3105571205", "pid":"1", "tid":"cice"},
{"name":"ModelAdvance", "ph":"B", "ts":"3105719667", "pid":"1", "tid":"cice"},
{"name":"ModelAdvance", "ph":"E", "ts":"3106189015", "pid":"1", "tid":"cice"},
{"name":"ModelAdvance", "ph":"B", "ts":"3106351912", "pid":"1", "tid":"cice"},
{"name":"ModelAdvance", "ph":"E", "ts":"3106835879", "pid":"1", "tid":"cice"},
{"name":"ModelAdvance", "ph":"B", "ts":"3106983365", "pid":"1", "tid":"cice"},
{"name":"ModelAdvance", "ph":"E", "ts":"3107457593", "pid":"1", "tid":"cice"},
{"name":"ModelAdvance", "ph":"B", "ts":"3107611356", "pid":"1", "tid":"cice"},
{"name":"ModelAdvance", "ph":"E", "ts":"3108086898", "pid":"1", "tid":"cice"},
{"name":"ModelAdvance", "ph":"B", "ts":"3108233840", "pid":"1", "tid":"cice"},
{"name":"ModelAdvance", "ph":"E", "ts":"3108705370", "pid":"1", "tid":"cice"},
{"name":"ModelAdvance", "ph":"B", "ts":"3108866876", "pid":"1", "tid":"cice"},
{"name":"ModelAdvance", "ph":"E", "ts":"3109349992", "pid":"1", "tid":"cice"},
{"name":"ModelAdvance", "ph":"B", "ts":"3109528722", "pid":"1", "tid":"cice"},
{"name":"ModelAdvance", "ph":"E", "ts":"3110005502", "pid":"1", "tid":"cice"},
{"name":"ModelAdvance", "ph":"B", "ts":"3110842420", "pid":"1", "tid":"cice"},
{"name":"ModelAdvance", "ph":"E", "ts":"3111316249", "pid":"1", "tid":"cice"},
{"name":"ModelAdvance", "ph":"B", "ts":"3111462463", "pid":"1", "tid":"cice"},
{"name":"ModelAdvance", "ph":"E", "ts":"3111931384", "pid":"1", "tid":"cice"},
{"name":"ModelAdvance", "ph":"B", "ts":"3112100012", "pid":"1", "tid":"cice"},
{"name":"ModelAdvance", "ph":"E", "ts":"3112589525", "pid":"1", "tid":"cice"},
{"name":"ModelAdvance", "ph":"B", "ts":"3112730947", "pid":"1", "tid":"cice"},
{"name":"ModelAdvance", "ph":"E", "ts":"3113203693", "pid":"1", "tid":"cice"},
{"name":"ModelAdvance", "ph":"B", "ts":"3113372664", "pid":"1", "tid":"cice"},
{"name":"ModelAdvance", "ph":"E", "ts":"3113853831", "pid":"1", "tid":"cice"},
{"name":"ModelAdvance", "ph":"B", "ts":"3114007081", "pid":"1", "tid":"cice"},
{"name":"ModelAdvance", "ph":"E", "ts":"3114478778", "pid":"1", "tid":"cice"},
{"name":"ModelAdvance", "ph":"B", "ts":"3114702593", "pid":"1", "tid":"cice"},
{"name":"ModelAdvance", "ph":"E", "ts":"3115182070", "pid":"1", "tid":"cice"},
{"name":"ModelAdvance", "ph":"B", "ts":"3115329794", "pid":"1", "tid":"cice"},
{"name":"ModelAdvance", "ph":"E", "ts":"3115801743", "pid":"1", "tid":"cice"},
{"name":"ModelAdvance", "ph":"B", "ts":"3115968521", "pid":"1", "tid":"cice"},
{"name":"ModelAdvance", "ph":"E", "ts":"3116450161", "pid":"1", "tid":"cice"},
{"name":"ModelAdvance", "ph":"B", "ts":"3116607791", "pid":"1", "tid":"cice"},
{"name":"ModelAdvance", "ph":"E", "ts":"3117088268", "pid":"1", "tid":"cice"},
{"name":"ModelAdvance", "ph":"B", "ts":"3117252909", "pid":"1", "tid":"cice"},
{"name":"ModelAdvance", "ph":"E", "ts":"3117729139", "pid":"1", "tid":"cice"},
{"name":"ModelAdvance", "ph":"B", "ts":"3117925386", "pid":"1", "tid":"cice"},
{"name":"ModelAdvance", "ph":"E", "ts":"3118403601", "pid":"1", "tid":"cice"},
{"name":"ModelAdvance", "ph":"B", "ts":"3118580685", "pid":"1", "tid":"cice"},
{"name":"ModelAdvance", "ph":"E", "ts":"3119060675", "pid":"1", "tid":"cice"},
{"name":"ModelAdvance", "ph":"B", "ts":"3119231408", "pid":"1", "tid":"cice"},
{"name":"ModelAdvance", "ph":"E", "ts":"3119716378", "pid":"1", "tid":"cice"},
{"name":"ModelAdvance", "ph":"B", "ts":"3119882839", "pid":"1", "tid":"cice"},
{"name":"ModelAdvance", "ph":"E", "ts":"3120355479", "pid":"1", "tid":"cice"},
{"name":"ModelAdvance", "ph":"B", "ts":"3120524147", "pid":"1", "tid":"cice"},
{"name":"ModelAdvance", "ph":"E", "ts":"3120999888", "pid":"1", "tid":"cice"},
{"name":"ModelAdvance", "ph":"B", "ts":"3121168196", "pid":"1", "tid":"cice"},
{"name":"ModelAdvance", "ph":"E", "ts":"3121642500", "pid":"1", "tid":"cice"},
{"name":"ModelAdvance", "ph":"B", "ts":"3121801095", "pid":"1", "tid":"cice"},
{"name":"ModelAdvance", "ph":"E", "ts":"3122276576", "pid":"1", "tid":"cice"},
{"name":"ModelAdvance", "ph":"B", "ts":"3122441175", "pid":"1", "tid":"cice"},
{"name":"ModelAdvance", "ph":"E", "ts":"3122919567", "pid":"1", "tid":"cice"},
{"name":"ModelAdvance", "ph":"B", "ts":"3123404149", "pid":"1", "tid":"cice"},
{"name":"ModelAdvance", "ph":"E", "ts":"3123876186", "pid":"1", "tid":"cice"},
{"name":"ModelAdvance", "ph":"B", "ts":"3124052904", "pid":"1", "tid":"cice"},
{"name":"ModelAdvance", "ph":"E", "ts":"3124532839", "pid":"1", "tid":"cice"},
{"name":"ModelAdvance", "ph":"B", "ts":"3124704348", "pid":"1", "tid":"cice"},
{"name":"ModelAdvance", "ph":"E", "ts":"3125171236", "pid":"1", "tid":"cice"},
{"name":"ModelAdvance", "ph":"B", "ts":"3125338614", "pid":"1", "tid":"cice"},
{"name":"ModelAdvance", "ph":"E", "ts":"3125818747", "pid":"1", "tid":"cice"},
{"name":"ModelAdvance", "ph":"B", "ts":"3126058121", "pid":"1", "tid":"cice"},
{"name":"ModelAdvance", "ph":"E", "ts":"3126533997", "pid":"1", "tid":"cice"},
{"name":"ModelAdvance", "ph":"B", "ts":"3127397247", "pid":"1", "tid":"cice"},
{"name":"ModelAdvance", "ph":"E", "ts":"3127878974", "pid":"1", "tid":"cice"},
{"name":"ModelAdvance", "ph":"B", "ts":"3128039815", "pid":"1", "tid":"cice"},
{"name":"ModelAdvance", "ph":"E", "ts":"3128519330", "pid":"1", "tid":"cice"},
{"name":"ModelAdvance", "ph":"B", "ts":"3128673891", "pid":"1", "tid":"cice"},
{"name":"ModelAdvance", "ph":"E", "ts":"3129145463", "pid":"1", "tid":"cice"},
{"name":"ModelAdvance", "ph":"B", "ts":"3129311708", "pid":"1", "tid":"cice"},
{"name":"ModelAdvance", "ph":"E", "ts":"3129787274", "pid":"1", "tid":"cice"},
{"name":"ModelAdvance", "ph":"B", "ts":"3129940767", "pid":"1", "tid":"cice"},
{"name":"ModelAdvance", "ph":"E", "ts":"3130910465", "pid":"1", "tid":"cice"},
{"name":"ModelAdvance", "ph":"B", "ts":"3131037727", "pid":"1", "tid":"cice"},
{"name":"ModelAdvance", "ph":"E", "ts":"3131512589", "pid":"1", "tid":"cice"},
{"name":"ModelAdvance", "ph":"B", "ts":"3131676129", "pid":"1", "tid":"cice"},
{"name":"ModelAdvance", "ph":"E", "ts":"3132152279", "pid":"1", "tid":"cice"},
{"name":"ModelAdvance", "ph":"B", "ts":"3132314593", "pid":"1", "tid":"cice"},
{"name":"ModelAdvance", "ph":"E", "ts":"3132795456", "pid":"1", "tid":"cice"},
{"name":"ModelAdvance", "ph":"B", "ts":"3132957876", "pid":"1", "tid":"cice"},
{"name":"ModelAdvance", "ph":"E", "ts":"3133442378", "pid":"1", "tid":"cice"},
{"name":"ModelAdvance", "ph":"B", "ts":"3133622729", "pid":"1", "tid":"cice"},
{"name":"ModelAdvance", "ph":"E", "ts":"3134100420", "pid":"1", "tid":"cice"},
{"name":"ModelAdvance", "ph":"B", "ts":"3134265257", "pid":"1", "tid":"cice"},
{"name":"ModelAdvance", "ph":"E", "ts":"3134741744", "pid":"1", "tid":"cice"},
{"name":"ModelAdvance", "ph":"B", "ts":"3134916509", "pid":"1", "tid":"cice"},
{"name":"ModelAdvance", "ph":"E", "ts":"3135389291", "pid":"1", "tid":"cice"},
{"name":"ModelAdvance", "ph":"B", "ts":"3135564947", "pid":"1", "tid":"cice"},
{"name":"ModelAdvance", "ph":"E", "ts":"3136036253", "pid":"1", "tid":"cice"},
{"name":"ModelAdvance", "ph":"B", "ts":"3136199199", "pid":"1", "tid":"cice"},
{"name":"ModelAdvance", "ph":"E", "ts":"3136673082", "pid":"1", "tid":"cice"},
{"name":"ModelAdvance", "ph":"B", "ts":"3136844170", "pid":"1", "tid":"cice"},
{"name":"ModelAdvance", "ph":"E", "ts":"3137314869", "pid":"1", "tid":"cice"},
{"name":"ModelAdvance", "ph":"B", "ts":"3137529407", "pid":"1", "tid":"cice"},
{"name":"ModelAdvance", "ph":"E", "ts":"3138002902", "pid":"1", "tid":"cice"},
{"name":"ModelAdvance", "ph":"B", "ts":"3138168755", "pid":"1", "tid":"cice"},
{"name":"ModelAdvance", "ph":"E", "ts":"3138643181", "pid":"1", "tid":"cice"},
{"name":"ModelAdvance", "ph":"B", "ts":"3138817235", "pid":"1", "tid":"cice"},
{"name":"ModelAdvance", "ph":"E", "ts":"3139283635", "pid":"1", "tid":"cice"},
{"name":"ModelAdvance", "ph":"B", "ts":"3139460711", "pid":"1", "tid":"cice"},
{"name":"ModelAdvance", "ph":"E", "ts":"3139937976", "pid":"1", "tid":"cice"},
{"name":"ModelAdvance", "ph":"B", "ts":"3140106904", "pid":"1", "tid":"cice"},
{"name":"ModelAdvance", "ph":"E", "ts":"3140590442", "pid":"1", "tid":"cice"},
{"name":"ModelAdvance", "ph":"B", "ts":"3140748735", "pid":"1", "tid":"cice"},
{"name":"ModelAdvance", "ph":"E", "ts":"3141225580", "pid":"1", "tid":"cice"},
{"name":"ModelAdvance", "ph":"B", "ts":"3141389671", "pid":"1", "tid":"cice"},
{"name":"ModelAdvance", "ph":"E", "ts":"3141867023", "pid":"1", "tid":"cice"},
{"name":"ModelAdvance", "ph":"B", "ts":"3142032074", "pid":"1", "tid":"cice"},
{"name":"ModelAdvance", "ph":"E", "ts":"3142510394", "pid":"1", "tid":"cice"},
{"name":"ModelAdvance", "ph":"B", "ts":"3142712938", "pid":"1", "tid":"cice"},
{"name":"ModelAdvance", "ph":"E", "ts":"3143202212", "pid":"1", "tid":"cice"},
{"name":"ModelAdvance", "ph":"B", "ts":"3144044417", "pid":"1", "tid":"cice"},
{"name":"ModelAdvance", "ph":"E", "ts":"3144522764", "pid":"1", "tid":"cice"},
{"name":"ModelAdvance", "ph":"B", "ts":"3144674412", "pid":"1", "tid":"cice"},
{"name":"ModelAdvance", "ph":"E", "ts":"3145153171", "pid":"1", "tid":"cice"},
{"name":"ModelAdvance", "ph":"B", "ts":"3145307524", "pid":"1", "tid":"cice"},
{"name":"ModelAdvance", "ph":"E", "ts":"3145780311", "pid":"1", "tid":"cice"},
{"name":"ModelAdvance", "ph":"B", "ts":"3145944485", "pid":"1", "tid":"cice"},
{"name":"ModelAdvance", "ph":"E", "ts":"3146421862", "pid":"1", "tid":"cice"},
{"name":"ModelAdvance", "ph":"B", "ts":"3146581103", "pid":"1", "tid":"cice"},
{"name":"ModelAdvance", "ph":"E", "ts":"3147059478", "pid":"1", "tid":"cice"},
{"name":"ModelAdvance", "ph":"B", "ts":"3147230387", "pid":"1", "tid":"cice"},
{"name":"ModelAdvance", "ph":"E", "ts":"3147706231", "pid":"1", "tid":"cice"},
{"name":"ModelAdvance", "ph":"B", "ts":"3147863565", "pid":"1", "tid":"cice"},
{"name":"ModelAdvance", "ph":"E", "ts":"3148357435", "pid":"1", "tid":"cice"},
{"name":"ModelAdvance", "ph":"B", "ts":"3148490116", "pid":"1", "tid":"cice"},
{"name":"ModelAdvance", "ph":"E", "ts":"3148972163", "pid":"1", "tid":"cice"},
{"name":"ModelAdvance", "ph":"B", "ts":"3149127111", "pid":"1", "tid":"cice"},
{"name":"ModelAdvance", "ph":"E", "ts":"3149605330", "pid":"1", "tid":"cice"},
{"name":"ModelAdvance", "ph":"B", "ts":"3149763684", "pid":"1", "tid":"cice"},
{"name":"ModelAdvance", "ph":"E", "ts":"3150249239", "pid":"1", "tid":"cice"},
{"name":"ModelAdvance", "ph":"B", "ts":"3150391661", "pid":"1", "tid":"cice"},
{"name":"ModelAdvance", "ph":"E", "ts":"3150869799", "pid":"1", "tid":"cice"},
{"name":"ModelAdvance", "ph":"B", "ts":"3151058573", "pid":"1", "tid":"cice"},
{"name":"ModelAdvance", "ph":"E", "ts":"3151538884", "pid":"1", "tid":"cice"},
{"name":"ModelAdvance", "ph":"B", "ts":"3151700099", "pid":"1", "tid":"cice"},
{"name":"ModelAdvance", "ph":"E", "ts":"3152172223", "pid":"1", "tid":"cice"},
{"name":"ModelAdvance", "ph":"B", "ts":"3152335248", "pid":"1", "tid":"cice"},
{"name":"ModelAdvance", "ph":"E", "ts":"3152818446", "pid":"1", "tid":"cice"},
{"name":"ModelAdvance", "ph":"B", "ts":"3152975587", "pid":"1", "tid":"cice"},
{"name":"ModelAdvance", "ph":"E", "ts":"3153455739", "pid":"1", "tid":"cice"},
{"name":"ModelAdvance", "ph":"B", "ts":"3154030510", "pid":"1", "tid":"cice"},
{"name":"ModelAdvance", "ph":"E", "ts":"3154512921", "pid":"1", "tid":"cice"},
{"name":"ModelAdvance", "ph":"B", "ts":"3154673023", "pid":"1", "tid":"cice"},
{"name":"ModelAdvance", "ph":"E", "ts":"3155151350", "pid":"1", "tid":"cice"},
{"name":"ModelAdvance", "ph":"B", "ts":"3155311862", "pid":"1", "tid":"cice"},
{"name":"ModelAdvance", "ph":"E", "ts":"3155784542", "pid":"1", "tid":"cice"},
{"name":"ModelAdvance", "ph":"B", "ts":"3155943963", "pid":"1", "tid":"cice"},
{"name":"ModelAdvance", "ph":"E", "ts":"3156421148", "pid":"1", "tid":"cice"},
{"name":"ModelAdvance", "ph":"B", "ts":"3156582316", "pid":"1", "tid":"cice"},
{"name":"ModelAdvance", "ph":"E", "ts":"3157053402", "pid":"1", "tid":"cice"},
{"name":"ModelAdvance", "ph":"B", "ts":"3157207971", "pid":"1", "tid":"cice"},
{"name":"ModelAdvance", "ph":"E", "ts":"3157693767", "pid":"1", "tid":"cice"},
{"name":"ModelAdvance", "ph":"B", "ts":"3157844955", "pid":"1", "tid":"cice"},
{"name":"ModelAdvance", "ph":"E", "ts":"3158317089", "pid":"1", "tid":"cice"},
{"name":"ModelAdvance", "ph":"B", "ts":"3158475092", "pid":"1", "tid":"cice"},
{"name":"ModelAdvance", "ph":"E", "ts":"3158954953", "pid":"1", "tid":"cice"},
{"name":"ModelAdvance", "ph":"B", "ts":"3159131517", "pid":"1", "tid":"cice"},
{"name":"ModelAdvance", "ph":"E", "ts":"3159613747", "pid":"1", "tid":"cice"},
{"name":"ModelAdvance", "ph":"B", "ts":"3160443131", "pid":"1", "tid":"cice"},
{"name":"ModelAdvance", "ph":"E", "ts":"3160925502", "pid":"1", "tid":"cice"},
{"name":"ModelAdvance", "ph":"B", "ts":"3161081531", "pid":"1", "tid":"cice"},
{"name":"ModelAdvance", "ph":"E", "ts":"3161559632", "pid":"1", "tid":"cice"},
{"name":"ModelAdvance", "ph":"B", "ts":"3161722728", "pid":"1", "tid":"cice"},
{"name":"ModelAdvance", "ph":"E", "ts":"3162201573", "pid":"1", "tid":"cice"},
{"name":"ModelAdvance", "ph":"B", "ts":"3162352685", "pid":"1", "tid":"cice"},
{"name":"ModelAdvance", "ph":"E", "ts":"3162834018", "pid":"1", "tid":"cice"},
{"name":"ModelAdvance", "ph":"B", "ts":"3162991428", "pid":"1", "tid":"cice"},
{"name":"ModelAdvance", "ph":"E", "ts":"3163463078", "pid":"1", "tid":"cice"},
{"name":"ModelAdvance", "ph":"B", "ts":"3163628073", "pid":"1", "tid":"cice"},
{"name":"ModelAdvance", "ph":"E", "ts":"3164097809", "pid":"1", "tid":"cice"},
{"name":"ModelAdvance", "ph":"B", "ts":"3164273753", "pid":"1", "tid":"cice"},
{"name":"ModelAdvance", "ph":"E", "ts":"3164754080", "pid":"1", "tid":"cice"},
{"name":"ModelAdvance", "ph":"B", "ts":"3164914517", "pid":"1", "tid":"cice"},
{"name":"ModelAdvance", "ph":"E", "ts":"3165394681", "pid":"1", "tid":"cice"},
{"name":"ModelAdvance", "ph":"B", "ts":"3165556677", "pid":"1", "tid":"cice"},
{"name":"ModelAdvance", "ph":"E", "ts":"3166039571", "pid":"1", "tid":"cice"},
{"name":"ModelAdvance", "ph":"B", "ts":"3166194441", "pid":"1", "tid":"cice"},
{"name":"ModelAdvance", "ph":"E", "ts":"3166665188", "pid":"1", "tid":"cice"},
{"name":"ModelAdvance", "ph":"B", "ts":"3166836086", "pid":"1", "tid":"cice"},
{"name":"ModelAdvance", "ph":"E", "ts":"3167314109", "pid":"1", "tid":"cice"},
{"name":"ModelAdvance", "ph":"B", "ts":"3167512481", "pid":"1", "tid":"cice"},
{"name":"ModelAdvance", "ph":"E", "ts":"3168020725", "pid":"1", "tid":"cice"},
{"name":"ModelAdvance", "ph":"B", "ts":"3168167211", "pid":"1", "tid":"cice"},
{"name":"ModelAdvance", "ph":"E", "ts":"3168648597", "pid":"1", "tid":"cice"},
{"name":"ModelAdvance", "ph":"B", "ts":"3168808681", "pid":"1", "tid":"cice"},
{"name":"ModelAdvance", "ph":"E", "ts":"3169287087", "pid":"1", "tid":"cice"},
{"name":"ModelAdvance", "ph":"B", "ts":"3169451063", "pid":"1", "tid":"cice"},
{"name":"ModelAdvance", "ph":"E", "ts":"3169922896", "pid":"1", "tid":"cice"},
{"name":"ModelAdvance", "ph":"B", "ts":"3170087176", "pid":"1", "tid":"cice"},
{"name":"ModelAdvance", "ph":"E", "ts":"3170559732", "pid":"1", "tid":"cice"},
{"name":"ModelAdvance", "ph":"B", "ts":"3170731005", "pid":"1", "tid":"cice"},
{"name":"ModelAdvance", "ph":"E", "ts":"3171209121", "pid":"1", "tid":"cice"},
{"name":"ModelAdvance", "ph":"B", "ts":"3171367167", "pid":"1", "tid":"cice"},
{"name":"ModelAdvance", "ph":"E", "ts":"3171849786", "pid":"1", "tid":"cice"},
{"name":"ModelAdvance", "ph":"B", "ts":"3172024721", "pid":"1", "tid":"cice"},
{"name":"ModelAdvance", "ph":"E", "ts":"3172503412", "pid":"1", "tid":"cice"},
{"name":"ModelAdvance", "ph":"B", "ts":"3172670083", "pid":"1", "tid":"cice"},
{"name":"ModelAdvance", "ph":"E", "ts":"3173148301", "pid":"1", "tid":"cice"},
{"name":"ModelAdvance", "ph":"B", "ts":"3173318664", "pid":"1", "tid":"cice"},
{"name":"ModelAdvance", "ph":"E", "ts":"3173794163", "pid":"1", "tid":"cice"},
{"name":"ModelAdvance", "ph":"B", "ts":"3173953845", "pid":"1", "tid":"cice"},
{"name":"ModelAdvance", "ph":"E", "ts":"3174429604", "pid":"1", "tid":"cice"},
{"name":"ModelAdvance", "ph":"B", "ts":"3174605239", "pid":"1", "tid":"cice"},
{"name":"ModelAdvance", "ph":"E", "ts":"3175167000", "pid":"1", "tid":"cice"},
{"name":"ModelAdvance", "ph":"B", "ts":"3175276830", "pid":"1", "tid":"cice"},
{"name":"ModelAdvance", "ph":"E", "ts":"3175757089", "pid":"1", "tid":"cice"},
{"name":"ModelAdvance", "ph":"B", "ts":"3176623915", "pid":"1", "tid":"cice"},
{"name":"ModelAdvance", "ph":"E", "ts":"3177102607", "pid":"1", "tid":"cice"},
{"name":"ModelAdvance", "ph":"B", "ts":"3177262487", "pid":"1", "tid":"cice"},
{"name":"ModelAdvance", "ph":"E", "ts":"3177738319", "pid":"1", "tid":"cice"},
{"name":"ModelAdvance", "ph":"B", "ts":"3177909027", "pid":"1", "tid":"cice"},
{"name":"ModelAdvance", "ph":"E", "ts":"3178391521", "pid":"1", "tid":"cice"},
{"name":"ModelAdvance", "ph":"B", "ts":"3178544346", "pid":"1", "tid":"cice"},
{"name":"ModelAdvance", "ph":"E", "ts":"3179021379", "pid":"1", "tid":"cice"},
{"name":"ModelAdvance", "ph":"B", "ts":"3179186258", "pid":"1", "tid":"cice"},
{"name":"ModelAdvance", "ph":"E", "ts":"3179661500", "pid":"1", "tid":"cice"},
{"name":"ModelAdvance", "ph":"B", "ts":"3179821071", "pid":"1", "tid":"cice"},
{"name":"ModelAdvance", "ph":"E", "ts":"3180306859", "pid":"1", "tid":"cice"},
{"name":"ModelAdvance", "ph":"B", "ts":"3180483233", "pid":"1", "tid":"cice"},
{"name":"ModelAdvance", "ph":"E", "ts":"3180964915", "pid":"1", "tid":"cice"},
{"name":"ModelAdvance", "ph":"B", "ts":"3181130469", "pid":"1", "tid":"cice"},
{"name":"ModelAdvance", "ph":"E", "ts":"3181604432", "pid":"1", "tid":"cice"},
{"name":"ModelAdvance", "ph":"B", "ts":"3181793130", "pid":"1", "tid":"cice"},
{"name":"ModelAdvance", "ph":"E", "ts":"3182268461", "pid":"1", "tid":"cice"},
{"name":"ModelAdvance", "ph":"B", "ts":"3182443704", "pid":"1", "tid":"cice"},
{"name":"ModelAdvance", "ph":"E", "ts":"3182929523", "pid":"1", "tid":"cice"},
{"name":"ModelAdvance", "ph":"B", "ts":"3183083271", "pid":"1", "tid":"cice"},
{"name":"ModelAdvance", "ph":"E", "ts":"3183558645", "pid":"1", "tid":"cice"},
{"name":"ModelAdvance", "ph":"B", "ts":"3183747138", "pid":"1", "tid":"cice"},
{"name":"ModelAdvance", "ph":"E", "ts":"3184230432", "pid":"1", "tid":"cice"},
{"name":"ModelAdvance", "ph":"B", "ts":"3184388329", "pid":"1", "tid":"cice"},
{"name":"ModelAdvance", "ph":"E", "ts":"3184865183", "pid":"1", "tid":"cice"},
{"name":"ModelAdvance", "ph":"B", "ts":"3185100307", "pid":"1", "tid":"cice"},
{"name":"ModelAdvance", "ph":"E", "ts":"3185584904", "pid":"1", "tid":"cice"},
{"name":"ModelAdvance", "ph":"B", "ts":"3185747965", "pid":"1", "tid":"cice"},
{"name":"ModelAdvance", "ph":"E", "ts":"3186232288", "pid":"1", "tid":"cice"},
{"name":"ModelAdvance", "ph":"B", "ts":"3186408806", "pid":"1", "tid":"cice"},
{"name":"ModelAdvance", "ph":"E", "ts":"3186885651", "pid":"1", "tid":"cice"},
{"name":"ModelAdvance", "ph":"B", "ts":"3187060363", "pid":"1", "tid":"cice"},
{"name":"ModelAdvance", "ph":"E", "ts":"3187542327", "pid":"1", "tid":"cice"},
{"name":"ModelAdvance", "ph":"B", "ts":"3187711750", "pid":"1", "tid":"cice"},
{"name":"ModelAdvance", "ph":"E", "ts":"3188188366", "pid":"1", "tid":"cice"},
{"name":"ModelAdvance", "ph":"B", "ts":"3188361111", "pid":"1", "tid":"cice"},
{"name":"ModelAdvance", "ph":"E", "ts":"3188832574", "pid":"1", "tid":"cice"},
{"name":"ModelAdvance", "ph":"B", "ts":"3189011089", "pid":"1", "tid":"cice"},
{"name":"ModelAdvance", "ph":"E", "ts":"3189492810", "pid":"1", "tid":"cice"},
{"name":"ModelAdvance", "ph":"B", "ts":"3189670862", "pid":"1", "tid":"cice"},
{"name":"ModelAdvance", "ph":"E", "ts":"3190153938", "pid":"1", "tid":"cice"},
{"name":"ModelAdvance", "ph":"B", "ts":"3190379304", "pid":"1", "tid":"cice"},
{"name":"ModelAdvance", "ph":"E", "ts":"3190853281", "pid":"1", "tid":"cice"},
{"name":"ModelAdvance", "ph":"B", "ts":"3191033925", "pid":"1", "tid":"cice"},
{"name":"ModelAdvance", "ph":"E", "ts":"3191516960", "pid":"1", "tid":"cice"},
{"name":"ModelAdvance", "ph":"B", "ts":"3191707865", "pid":"1", "tid":"cice"},
{"name":"ModelAdvance", "ph":"E", "ts":"3192182886", "pid":"1", "tid":"cice"},
{"name":"ModelAdvance", "ph":"B", "ts":"3192994431", "pid":"1", "tid":"cice"},
{"name":"ModelAdvance", "ph":"E", "ts":"3193469041", "pid":"1", "tid":"cice"},
{"name":"ModelAdvance", "ph":"B", "ts":"3193684184", "pid":"1", "tid":"cice"},
{"name":"ModelAdvance", "ph":"E", "ts":"3194160265", "pid":"1", "tid":"cice"},
{"name":"ModelAdvance", "ph":"B", "ts":"3194366020", "pid":"1", "tid":"cice"},
{"name":"ModelAdvance", "ph":"E", "ts":"3194846579", "pid":"1", "tid":"cice"},
{"name":"ModelAdvance", "ph":"B", "ts":"3195054812", "pid":"1", "tid":"cice"},
{"name":"ModelAdvance", "ph":"E", "ts":"3195528220", "pid":"1", "tid":"cice"},
{"name":"ModelAdvance", "ph":"B", "ts":"3195770241", "pid":"1", "tid":"cice"},
{"name":"ModelAdvance", "ph":"E", "ts":"3196250105", "pid":"1", "tid":"cice"},
{"name":"ModelAdvance", "ph":"B", "ts":"3196492954", "pid":"1", "tid":"cice"},
{"name":"ModelAdvance", "ph":"E", "ts":"3196967231", "pid":"1", "tid":"cice"},
{"name":"ModelAdvance", "ph":"B", "ts":"3197193660", "pid":"1", "tid":"cice"},
{"name":"ModelAdvance", "ph":"E", "ts":"3197668598", "pid":"1", "tid":"cice"},
{"name":"ModelAdvance", "ph":"B", "ts":"3197873026", "pid":"1", "tid":"cice"},
{"name":"ModelAdvance", "ph":"E", "ts":"3198350809", "pid":"1", "tid":"cice"},
{"name":"ModelAdvance", "ph":"B", "ts":"3198537210", "pid":"1", "tid":"cice"},
{"name":"ModelAdvance", "ph":"E", "ts":"3199011274", "pid":"1", "tid":"cice"},
{"name":"ModelAdvance", "ph":"B", "ts":"3199204078", "pid":"1", "tid":"cice"},
{"name":"ModelAdvance", "ph":"E", "ts":"3199689600", "pid":"1", "tid":"cice"},
{"name":"ModelAdvance", "ph":"B", "ts":"3199872700", "pid":"1", "tid":"cice"},
{"name":"ModelAdvance", "ph":"E", "ts":"3200356253", "pid":"1", "tid":"cice"},
{"name":"ModelAdvance", "ph":"B", "ts":"3200582987", "pid":"1", "tid":"cice"},
{"name":"ModelAdvance", "ph":"E", "ts":"3201060771", "pid":"1", "tid":"cice"},
{"name":"ModelAdvance", "ph":"B", "ts":"3201299542", "pid":"1", "tid":"cice"},
{"name":"ModelAdvance", "ph":"E", "ts":"3201772433", "pid":"1", "tid":"cice"},
{"name":"ModelAdvance", "ph":"B", "ts":"3201982348", "pid":"1", "tid":"cice"},
{"name":"ModelAdvance", "ph":"E", "ts":"3202462202", "pid":"1", "tid":"cice"},
{"name":"ModelAdvance", "ph":"B", "ts":"3202683958", "pid":"1", "tid":"cice"},
{"name":"ModelAdvance", "ph":"E", "ts":"3203163853", "pid":"1", "tid":"cice"},
{"name":"ModelAdvance", "ph":"B", "ts":"3203368632", "pid":"1", "tid":"cice"},
{"name":"ModelAdvance", "ph":"E", "ts":"3203849037", "pid":"1", "tid":"cice"},
{"name":"ModelAdvance", "ph":"B", "ts":"3204046288", "pid":"1", "tid":"cice"},
{"name":"ModelAdvance", "ph":"E", "ts":"3204515496", "pid":"1", "tid":"cice"},
{"name":"ModelAdvance", "ph":"B", "ts":"3204770838", "pid":"1", "tid":"cice"},
{"name":"ModelAdvance", "ph":"E", "ts":"3205253322", "pid":"1", "tid":"cice"},
{"name":"ModelAdvance", "ph":"B", "ts":"3205487605", "pid":"1", "tid":"cice"},
{"name":"ModelAdvance", "ph":"E", "ts":"3205975664", "pid":"1", "tid":"cice"},
{"name":"ModelAdvance", "ph":"B", "ts":"3206229989", "pid":"1", "tid":"cice"},
{"name":"ModelAdvance", "ph":"E", "ts":"3206706733", "pid":"1", "tid":"cice"},
{"name":"ModelAdvance", "ph":"B", "ts":"3206921918", "pid":"1", "tid":"cice"},
{"name":"ModelAdvance", "ph":"E", "ts":"3207404385", "pid":"1", "tid":"cice"},
{"name":"ModelAdvance", "ph":"B", "ts":"3207604467", "pid":"1", "tid":"cice"},
{"name":"ModelAdvance", "ph":"E", "ts":"3208082229", "pid":"1", "tid":"cice"},
{"name":"ModelAdvance", "ph":"B", "ts":"3208276225", "pid":"1", "tid":"cice"},
{"name":"ModelAdvance", "ph":"E", "ts":"3208758610", "pid":"1", "tid":"cice"},
{"name":"ModelAdvance", "ph":"B", "ts":"3208975411", "pid":"1", "tid":"cice"},
{"name":"ModelAdvance", "ph":"E", "ts":"3209462765", "pid":"1", "tid":"cice"},
{"name":"ModelAdvance", "ph":"B", "ts":"3210340516", "pid":"1", "tid":"cice"},
{"name":"ModelAdvance", "ph":"E", "ts":"3210822907", "pid":"1", "tid":"cice"},
{"name":"ModelAdvance", "ph":"B", "ts":"3211027671", "pid":"1", "tid":"cice"},
{"name":"ModelAdvance", "ph":"E", "ts":"3211502430", "pid":"1", "tid":"cice"},
{"name":"ModelAdvance", "ph":"B", "ts":"3211723094", "pid":"1", "tid":"cice"},
{"name":"ModelAdvance", "ph":"E", "ts":"3212206178", "pid":"1", "tid":"cice"},
{"name":"ModelAdvance", "ph":"B", "ts":"3212450905", "pid":"1", "tid":"cice"},
{"name":"ModelAdvance", "ph":"E", "ts":"3212930038", "pid":"1", "tid":"cice"},
{"name":"ModelAdvance", "ph":"B", "ts":"3213143033", "pid":"1", "tid":"cice"},
{"name":"ModelAdvance", "ph":"E", "ts":"3213622289", "pid":"1", "tid":"cice"},
{"name":"ModelAdvance", "ph":"B", "ts":"3213870699", "pid":"1", "tid":"cice"},
{"name":"ModelAdvance", "ph":"E", "ts":"3214345206", "pid":"1", "tid":"cice"},
{"name":"ModelAdvance", "ph":"B", "ts":"3214556335", "pid":"1", "tid":"cice"},
{"name":"ModelAdvance", "ph":"E", "ts":"3215030091", "pid":"1", "tid":"cice"},
{"name":"ModelAdvance", "ph":"B", "ts":"3215272744", "pid":"1", "tid":"cice"},
{"name":"ModelAdvance", "ph":"E", "ts":"3215749789", "pid":"1", "tid":"cice"},
{"name":"ModelAdvance", "ph":"B", "ts":"3215997188", "pid":"1", "tid":"cice"},
{"name":"ModelAdvance", "ph":"E", "ts":"3216487003", "pid":"1", "tid":"cice"},
{"name":"ModelAdvance", "ph":"B", "ts":"3216689426", "pid":"1", "tid":"cice"},
{"name":"ModelAdvance", "ph":"E", "ts":"3217170282", "pid":"1", "tid":"cice"},
{"name":"ModelAdvance", "ph":"B", "ts":"3217402894", "pid":"1", "tid":"cice"},
{"name":"ModelAdvance", "ph":"E", "ts":"3217876185", "pid":"1", "tid":"cice"},
{"name":"ModelAdvance", "ph":"B", "ts":"3218151716", "pid":"1", "tid":"cice"},
{"name":"ModelAdvance", "ph":"E", "ts":"3218628880", "pid":"1", "tid":"cice"},
{"name":"ModelAdvance", "ph":"B", "ts":"3218849600", "pid":"1", "tid":"cice"},
{"name":"ModelAdvance", "ph":"E", "ts":"3219336745", "pid":"1", "tid":"cice"},
{"name":"ModelAdvance", "ph":"B", "ts":"3219525812", "pid":"1", "tid":"cice"},
{"name":"ModelAdvance", "ph":"E", "ts":"3220005879", "pid":"1", "tid":"cice"},
{"name":"ModelAdvance", "ph":"B", "ts":"3220241375", "pid":"1", "tid":"cice"},
{"name":"ModelAdvance", "ph":"E", "ts":"3220719230", "pid":"1", "tid":"cice"},
{"name":"ModelAdvance", "ph":"B", "ts":"3220926367", "pid":"1", "tid":"cice"},
{"name":"ModelAdvance", "ph":"E", "ts":"3221405649", "pid":"1", "tid":"cice"},
{"name":"ModelAdvance", "ph":"B", "ts":"3221631970", "pid":"1", "tid":"cice"},
{"name":"ModelAdvance", "ph":"E", "ts":"3222120699", "pid":"1", "tid":"cice"},
{"name":"ModelAdvance", "ph":"B", "ts":"3222338093", "pid":"1", "tid":"cice"},
{"name":"ModelAdvance", "ph":"E", "ts":"3222822713", "pid":"1", "tid":"cice"},
{"name":"ModelAdvance", "ph":"B", "ts":"3222999891", "pid":"1", "tid":"cice"},
{"name":"ModelAdvance", "ph":"E", "ts":"3223471691", "pid":"1", "tid":"cice"},
{"name":"ModelAdvance", "ph":"B", "ts":"3223723940", "pid":"1", "tid":"cice"},
{"name":"ModelAdvance", "ph":"E", "ts":"3224206460", "pid":"1", "tid":"cice"},
{"name":"ModelAdvance", "ph":"B", "ts":"3224395240", "pid":"1", "tid":"cice"},
{"name":"ModelAdvance", "ph":"E", "ts":"3224872809", "pid":"1", "tid":"cice"},
{"name":"ModelAdvance", "ph":"B", "ts":"3225110613", "pid":"1", "tid":"cice"},
{"name":"ModelAdvance", "ph":"E", "ts":"3225585420", "pid":"1", "tid":"cice"},
{"name":"ModelAdvance", "ph":"B", "ts":"3225801769", "pid":"1", "tid":"cice"},
{"name":"ModelAdvance", "ph":"E", "ts":"3226275278", "pid":"1", "tid":"cice"},
{"name":"ModelAdvance", "ph":"B", "ts":"3226536055", "pid":"1", "tid":"cice"},
{"name":"ModelAdvance", "ph":"E", "ts":"3227011804", "pid":"1", "tid":"cice"},
{"name":"ModelAdvance", "ph":"B", "ts":"3241776825", "pid":"1", "tid":"cice"},
{"name":"ModelAdvance", "ph":"E", "ts":"3242261918", "pid":"1", "tid":"cice"},
{"name":"ModelAdvance", "ph":"B", "ts":"3242432301", "pid":"1", "tid":"cice"},
{"name":"ModelAdvance", "ph":"E", "ts":"3242916511", "pid":"1", "tid":"cice"},
{"name":"ModelAdvance", "ph":"B", "ts":"3243090193", "pid":"1", "tid":"cice"},
{"name":"ModelAdvance", "ph":"E", "ts":"3243566032", "pid":"1", "tid":"cice"},
{"name":"ModelAdvance", "ph":"B", "ts":"3243760040", "pid":"1", "tid":"cice"},
{"name":"ModelAdvance", "ph":"E", "ts":"3244245821", "pid":"1", "tid":"cice"},
{"name":"ModelAdvance", "ph":"B", "ts":"3244475826", "pid":"1", "tid":"cice"},
{"name":"ModelAdvance", "ph":"E", "ts":"3244953981", "pid":"1", "tid":"cice"},
{"name":"ModelAdvance", "ph":"B", "ts":"3245156728", "pid":"1", "tid":"cice"},
{"name":"ModelAdvance", "ph":"E", "ts":"3245635763", "pid":"1", "tid":"cice"},
{"name":"ModelAdvance", "ph":"B", "ts":"3245862215", "pid":"1", "tid":"cice"},
{"name":"ModelAdvance", "ph":"E", "ts":"3246343892", "pid":"1", "tid":"cice"},
{"name":"ModelAdvance", "ph":"B", "ts":"3246531656", "pid":"1", "tid":"cice"},
{"name":"ModelAdvance", "ph":"E", "ts":"3247006724", "pid":"1", "tid":"cice"},
{"name":"ModelAdvance", "ph":"B", "ts":"3247200460", "pid":"1", "tid":"cice"},
{"name":"ModelAdvance", "ph":"E", "ts":"3247682611", "pid":"1", "tid":"cice"},
{"name":"ModelAdvance", "ph":"B", "ts":"3247861494", "pid":"1", "tid":"cice"},
{"name":"ModelAdvance", "ph":"E", "ts":"3248343872", "pid":"1", "tid":"cice"},
{"name":"ModelAdvance", "ph":"B", "ts":"3248519396", "pid":"1", "tid":"cice"},
{"name":"ModelAdvance", "ph":"E", "ts":"3248994877", "pid":"1", "tid":"cice"},
{"name":"ModelAdvance", "ph":"B", "ts":"3249207116", "pid":"1", "tid":"cice"},
{"name":"ModelAdvance", "ph":"E", "ts":"3249678532", "pid":"1", "tid":"cice"},
{"name":"ModelAdvance", "ph":"B", "ts":"3249870364", "pid":"1", "tid":"cice"},
{"name":"ModelAdvance", "ph":"E", "ts":"3250359926", "pid":"1", "tid":"cice"},
{"name":"ModelAdvance", "ph":"B", "ts":"3250521596", "pid":"1", "tid":"cice"},
{"name":"ModelAdvance", "ph":"E", "ts":"3251002188", "pid":"1", "tid":"cice"},
{"name":"ModelAdvance", "ph":"B", "ts":"3251164804", "pid":"1", "tid":"cice"},
{"name":"ModelAdvance", "ph":"E", "ts":"3251652414", "pid":"1", "tid":"cice"},
{"name":"ModelAdvance", "ph":"B", "ts":"3251810648", "pid":"1", "tid":"cice"},
{"name":"ModelAdvance", "ph":"E", "ts":"3252291535", "pid":"1", "tid":"cice"},
{"name":"ModelAdvance", "ph":"B", "ts":"3252459862", "pid":"1", "tid":"cice"},
{"name":"ModelAdvance", "ph":"E", "ts":"3252932339", "pid":"1", "tid":"cice"},
{"name":"ModelAdvance", "ph":"B", "ts":"3253159667", "pid":"1", "tid":"cice"},
{"name":"ModelAdvance", "ph":"E", "ts":"3253632307", "pid":"1", "tid":"cice"},
{"name":"ModelAdvance", "ph":"B", "ts":"3253810100", "pid":"1", "tid":"cice"},
{"name":"ModelAdvance", "ph":"E", "ts":"3254291260", "pid":"1", "tid":"cice"},
{"name":"ModelAdvance", "ph":"B", "ts":"3254463879", "pid":"1", "tid":"cice"},
{"name":"ModelAdvance", "ph":"E", "ts":"3254944376", "pid":"1", "tid":"cice"},
{"name":"ModelAdvance", "ph":"B", "ts":"3255136687", "pid":"1", "tid":"cice"},
{"name":"ModelAdvance", "ph":"E", "ts":"3255616718", "pid":"1", "tid":"cice"},
{"name":"ModelAdvance", "ph":"B", "ts":"3255797394", "pid":"1", "tid":"cice"},
{"name":"ModelAdvance", "ph":"E", "ts":"3256276132", "pid":"1", "tid":"cice"},
{"name":"ModelAdvance", "ph":"B", "ts":"3256460560", "pid":"1", "tid":"cice"},
{"name":"ModelAdvance", "ph":"E", "ts":"3256936982", "pid":"1", "tid":"cice"},
{"name":"ModelAdvance", "ph":"B", "ts":"3257135393", "pid":"1", "tid":"cice"},
{"name":"ModelAdvance", "ph":"E", "ts":"3257621301", "pid":"1", "tid":"cice"},
{"name":"ModelAdvance", "ph":"B", "ts":"3258443252", "pid":"1", "tid":"cice"},
{"name":"ModelAdvance", "ph":"E", "ts":"3258917080", "pid":"1", "tid":"cice"},
{"name":"ModelAdvance", "ph":"B", "ts":"3259097029", "pid":"1", "tid":"cice"},
{"name":"ModelAdvance", "ph":"E", "ts":"3259578025", "pid":"1", "tid":"cice"},
{"name":"ModelAdvance", "ph":"B", "ts":"3259749705", "pid":"1", "tid":"cice"},
{"name":"ModelAdvance", "ph":"E", "ts":"3260231166", "pid":"1", "tid":"cice"},
{"name":"ModelAdvance", "ph":"B", "ts":"3260404475", "pid":"1", "tid":"cice"},
{"name":"ModelAdvance", "ph":"E", "ts":"3260883280", "pid":"1", "tid":"cice"},
{"name":"ModelAdvance", "ph":"B", "ts":"3261069180", "pid":"1", "tid":"cice"},
{"name":"ModelAdvance", "ph":"E", "ts":"3261552981", "pid":"1", "tid":"cice"},
{"name":"ModelAdvance", "ph":"B", "ts":"3261721906", "pid":"1", "tid":"cice"},
{"name":"ModelAdvance", "ph":"E", "ts":"3262201316", "pid":"1", "tid":"cice"},
{"name":"ModelAdvance", "ph":"B", "ts":"3262365530", "pid":"1", "tid":"cice"},
{"name":"ModelAdvance", "ph":"E", "ts":"3262850432", "pid":"1", "tid":"cice"},
{"name":"ModelAdvance", "ph":"B", "ts":"3263030405", "pid":"1", "tid":"cice"},
{"name":"ModelAdvance", "ph":"E", "ts":"3263511231", "pid":"1", "tid":"cice"},
{"name":"ModelAdvance", "ph":"B", "ts":"3263684021", "pid":"1", "tid":"cice"},
{"name":"ModelAdvance", "ph":"E", "ts":"3264167510", "pid":"1", "tid":"cice"},
{"name":"ModelAdvance", "ph":"B", "ts":"3264357780", "pid":"1", "tid":"cice"},
{"name":"ModelAdvance", "ph":"E", "ts":"3264843511", "pid":"1", "tid":"cice"},
{"name":"ModelAdvance", "ph":"B", "ts":"3265024937", "pid":"1", "tid":"cice"},
{"name":"ModelAdvance", "ph":"E", "ts":"3265509792", "pid":"1", "tid":"cice"},
{"name":"ModelAdvance", "ph":"B", "ts":"3265697849", "pid":"1", "tid":"cice"},
{"name":"ModelAdvance", "ph":"E", "ts":"3266180192", "pid":"1", "tid":"cice"},
{"name":"ModelAdvance", "ph":"B", "ts":"3266349205", "pid":"1", "tid":"cice"},
{"name":"ModelAdvance", "ph":"E", "ts":"3266833242", "pid":"1", "tid":"cice"},
{"name":"ModelAdvance", "ph":"B", "ts":"3266983387", "pid":"1", "tid":"cice"},
{"name":"ModelAdvance", "ph":"E", "ts":"3267468995", "pid":"1", "tid":"cice"},
{"name":"ModelAdvance", "ph":"B", "ts":"3267624276", "pid":"1", "tid":"cice"},
{"name":"ModelAdvance", "ph":"E", "ts":"3268101238", "pid":"1", "tid":"cice"},
{"name":"ModelAdvance", "ph":"B", "ts":"3268280255", "pid":"1", "tid":"cice"},
{"name":"ModelAdvance", "ph":"E", "ts":"3268756908", "pid":"1", "tid":"cice"},
{"name":"ModelAdvance", "ph":"B", "ts":"3268926173", "pid":"1", "tid":"cice"},
{"name":"ModelAdvance", "ph":"E", "ts":"3269404980", "pid":"1", "tid":"cice"},
{"name":"ModelAdvance", "ph":"B", "ts":"3269581242", "pid":"1", "tid":"cice"},
{"name":"ModelAdvance", "ph":"E", "ts":"3270063798", "pid":"1", "tid":"cice"},
{"name":"ModelAdvance", "ph":"B", "ts":"3270231379", "pid":"1", "tid":"cice"},
{"name":"ModelAdvance", "ph":"E", "ts":"3270705094", "pid":"1", "tid":"cice"},
{"name":"ModelAdvance", "ph":"B", "ts":"3270875048", "pid":"1", "tid":"cice"},
{"name":"ModelAdvance", "ph":"E", "ts":"3271349959", "pid":"1", "tid":"cice"},
{"name":"ModelAdvance", "ph":"B", "ts":"3271514928", "pid":"1", "tid":"cice"},
{"name":"ModelAdvance", "ph":"E", "ts":"3271995913", "pid":"1", "tid":"cice"},
{"name":"ModelAdvance", "ph":"B", "ts":"3272218987", "pid":"1", "tid":"cice"},
{"name":"ModelAdvance", "ph":"E", "ts":"3272692938", "pid":"1", "tid":"cice"},
{"name":"ModelAdvance", "ph":"B", "ts":"3272865888", "pid":"1", "tid":"cice"},
{"name":"ModelAdvance", "ph":"E", "ts":"3273338951", "pid":"1", "tid":"cice"},
{"name":"ModelAdvance", "ph":"B", "ts":"3273539513", "pid":"1", "tid":"cice"},
{"name":"ModelAdvance", "ph":"E", "ts":"3274021111", "pid":"1", "tid":"cice"},
{"name":"ModelAdvance", "ph":"B", "ts":"3274840874", "pid":"1", "tid":"cice"},
{"name":"ModelAdvance", "ph":"E", "ts":"3275322590", "pid":"1", "tid":"cice"},
{"name":"ModelAdvance", "ph":"B", "ts":"3275479826", "pid":"1", "tid":"cice"},
{"name":"ModelAdvance", "ph":"E", "ts":"3275959829", "pid":"1", "tid":"cice"},
{"name":"ModelAdvance", "ph":"B", "ts":"3276123246", "pid":"1", "tid":"cice"},
{"name":"ModelAdvance", "ph":"E", "ts":"3276602207", "pid":"1", "tid":"cice"},
{"name":"ModelAdvance", "ph":"B", "ts":"3276764205", "pid":"1", "tid":"cice"},
{"name":"ModelAdvance", "ph":"E", "ts":"3277243663", "pid":"1", "tid":"cice"},
{"name":"ModelAdvance", "ph":"B", "ts":"3277410619", "pid":"1", "tid":"cice"},
{"name":"ModelAdvance", "ph":"E", "ts":"3277889076", "pid":"1", "tid":"cice"},
{"name":"ModelAdvance", "ph":"B", "ts":"3278057534", "pid":"1", "tid":"cice"},
{"name":"ModelAdvance", "ph":"E", "ts":"3278537332", "pid":"1", "tid":"cice"},
{"name":"ModelAdvance", "ph":"B", "ts":"3278699320", "pid":"1", "tid":"cice"},
{"name":"ModelAdvance", "ph":"E", "ts":"3279179415", "pid":"1", "tid":"cice"},
{"name":"ModelAdvance", "ph":"B", "ts":"3279354517", "pid":"1", "tid":"cice"},
{"name":"ModelAdvance", "ph":"E", "ts":"3279835331", "pid":"1", "tid":"cice"},
{"name":"ModelAdvance", "ph":"B", "ts":"3279998976", "pid":"1", "tid":"cice"},
{"name":"ModelAdvance", "ph":"E", "ts":"3280482105", "pid":"1", "tid":"cice"},
{"name":"ModelAdvance", "ph":"B", "ts":"3280640538", "pid":"1", "tid":"cice"},
{"name":"ModelAdvance", "ph":"E", "ts":"3281119221", "pid":"1", "tid":"cice"},
{"name":"ModelAdvance", "ph":"B", "ts":"3281279879", "pid":"1", "tid":"cice"},
{"name":"ModelAdvance", "ph":"E", "ts":"3281755920", "pid":"1", "tid":"cice"},
{"name":"ModelAdvance", "ph":"B", "ts":"3281948292", "pid":"1", "tid":"cice"},
{"name":"ModelAdvance", "ph":"E", "ts":"3282428486", "pid":"1", "tid":"cice"},
{"name":"ModelAdvance", "ph":"B", "ts":"3282602720", "pid":"1", "tid":"cice"},
{"name":"ModelAdvance", "ph":"E", "ts":"3283082044", "pid":"1", "tid":"cice"},
{"name":"ModelAdvance", "ph":"B", "ts":"3283258047", "pid":"1", "tid":"cice"},
{"name":"ModelAdvance", "ph":"E", "ts":"3283737795", "pid":"1", "tid":"cice"},
{"name":"ModelAdvance", "ph":"B", "ts":"3283904407", "pid":"1", "tid":"cice"},
{"name":"ModelAdvance", "ph":"E", "ts":"3284395602", "pid":"1", "tid":"cice"},
{"name":"ModelAdvance", "ph":"B", "ts":"3284550814", "pid":"1", "tid":"cice"},
{"name":"ModelAdvance", "ph":"E", "ts":"3285033295", "pid":"1", "tid":"cice"},
{"name":"ModelAdvance", "ph":"B", "ts":"3285192213", "pid":"1", "tid":"cice"},
{"name":"ModelAdvance", "ph":"E", "ts":"3285682013", "pid":"1", "tid":"cice"},
{"name":"ModelAdvance", "ph":"B", "ts":"3285917093", "pid":"1", "tid":"cice"},
{"name":"ModelAdvance", "ph":"E", "ts":"3286394933", "pid":"1", "tid":"cice"},
{"name":"ModelAdvance", "ph":"B", "ts":"3286590223", "pid":"1", "tid":"cice"},
{"name":"ModelAdvance", "ph":"E", "ts":"3287072529", "pid":"1", "tid":"cice"},
{"name":"ModelAdvance", "ph":"B", "ts":"3287245186", "pid":"1", "tid":"cice"},
{"name":"ModelAdvance", "ph":"E", "ts":"3287727485", "pid":"1", "tid":"cice"},
{"name":"ModelAdvance", "ph":"B", "ts":"3287905303", "pid":"1", "tid":"cice"},
{"name":"ModelAdvance", "ph":"E", "ts":"3288390181", "pid":"1", "tid":"cice"},
{"name":"ModelAdvance", "ph":"B", "ts":"3288611178", "pid":"1", "tid":"cice"},
{"name":"ModelAdvance", "ph":"E", "ts":"3289092016", "pid":"1", "tid":"cice"},
{"name":"ModelAdvance", "ph":"B", "ts":"3289302937", "pid":"1", "tid":"cice"},
{"name":"ModelAdvance", "ph":"E", "ts":"3289899015", "pid":"1", "tid":"cice"},
{"name":"ModelAdvance", "ph":"B", "ts":"3290039879", "pid":"1", "tid":"cice"},
{"name":"ModelAdvance", "ph":"E", "ts":"3290516539", "pid":"1", "tid":"cice"},
{"name":"ModelAdvance", "ph":"B", "ts":"3291361916", "pid":"1", "tid":"cice"},
{"name":"ModelAdvance", "ph":"E", "ts":"3291845947", "pid":"1", "tid":"cice"},
{"name":"ModelAdvance", "ph":"B", "ts":"3292021727", "pid":"1", "tid":"cice"},
{"name":"ModelAdvance", "ph":"E", "ts":"3292506845", "pid":"1", "tid":"cice"},
{"name":"ModelAdvance", "ph":"B", "ts":"3292699109", "pid":"1", "tid":"cice"},
{"name":"ModelAdvance", "ph":"E", "ts":"3293185310", "pid":"1", "tid":"cice"},
{"name":"ModelAdvance", "ph":"B", "ts":"3293361748", "pid":"1", "tid":"cice"},
{"name":"ModelAdvance", "ph":"E", "ts":"3293846102", "pid":"1", "tid":"cice"},
{"name":"ModelAdvance", "ph":"B", "ts":"3294083505", "pid":"1", "tid":"cice"},
{"name":"ModelAdvance", "ph":"E", "ts":"3294562165", "pid":"1", "tid":"cice"},
{"name":"ModelAdvance", "ph":"B", "ts":"3294742137", "pid":"1", "tid":"cice"},
{"name":"ModelAdvance", "ph":"E", "ts":"3295243269", "pid":"1", "tid":"cice"},
{"name":"ModelAdvance", "ph":"B", "ts":"3295491719", "pid":"1", "tid":"cice"},
{"name":"ModelAdvance", "ph":"E", "ts":"3295974619", "pid":"1", "tid":"cice"},
{"name":"ModelAdvance", "ph":"B", "ts":"3296151340", "pid":"1", "tid":"cice"},
{"name":"ModelAdvance", "ph":"E", "ts":"3296629340", "pid":"1", "tid":"cice"},
{"name":"ModelAdvance", "ph":"B", "ts":"3296855804", "pid":"1", "tid":"cice"},
{"name":"ModelAdvance", "ph":"E", "ts":"3297339076", "pid":"1", "tid":"cice"},
{"name":"ModelAdvance", "ph":"B", "ts":"3297511389", "pid":"1", "tid":"cice"},
{"name":"ModelAdvance", "ph":"E", "ts":"3297996882", "pid":"1", "tid":"cice"},
{"name":"ModelAdvance", "ph":"B", "ts":"3298154000", "pid":"1", "tid":"cice"},
{"name":"ModelAdvance", "ph":"E", "ts":"3298637330", "pid":"1", "tid":"cice"},
{"name":"ModelAdvance", "ph":"B", "ts":"3298828924", "pid":"1", "tid":"cice"},
{"name":"ModelAdvance", "ph":"E", "ts":"3299313061", "pid":"1", "tid":"cice"},
{"name":"ModelAdvance", "ph":"B", "ts":"3299473485", "pid":"1", "tid":"cice"},
{"name":"ModelAdvance", "ph":"E", "ts":"3299960072", "pid":"1", "tid":"cice"},
{"name":"ModelAdvance", "ph":"B", "ts":"3300134595", "pid":"1", "tid":"cice"},
{"name":"ModelAdvance", "ph":"E", "ts":"3300614015", "pid":"1", "tid":"cice"},
{"name":"ModelAdvance", "ph":"B", "ts":"3300774159", "pid":"1", "tid":"cice"},
{"name":"ModelAdvance", "ph":"E", "ts":"3301248594", "pid":"1", "tid":"cice"},
{"name":"ModelAdvance", "ph":"B", "ts":"3301469707", "pid":"1", "tid":"cice"},
{"name":"ModelAdvance", "ph":"E", "ts":"3301946861", "pid":"1", "tid":"cice"},
{"name":"ModelAdvance", "ph":"B", "ts":"3302113667", "pid":"1", "tid":"cice"},
{"name":"ModelAdvance", "ph":"E", "ts":"3302603813", "pid":"1", "tid":"cice"},
{"name":"ModelAdvance", "ph":"B", "ts":"3302754660", "pid":"1", "tid":"cice"},
{"name":"ModelAdvance", "ph":"E", "ts":"3303232965", "pid":"1", "tid":"cice"},
{"name":"ModelAdvance", "ph":"B", "ts":"3303398384", "pid":"1", "tid":"cice"},
{"name":"ModelAdvance", "ph":"E", "ts":"3303880211", "pid":"1", "tid":"cice"},
{"name":"ModelAdvance", "ph":"B", "ts":"3304057526", "pid":"1", "tid":"cice"},
{"name":"ModelAdvance", "ph":"E", "ts":"3304542197", "pid":"1", "tid":"cice"},
{"name":"ModelAdvance", "ph":"B", "ts":"3304707207", "pid":"1", "tid":"cice"},
{"name":"ModelAdvance", "ph":"E", "ts":"3305192041", "pid":"1", "tid":"cice"},
{"name":"ModelAdvance", "ph":"B", "ts":"3305354316", "pid":"1", "tid":"cice"},
{"name":"ModelAdvance", "ph":"E", "ts":"3305833976", "pid":"1", "tid":"cice"},
{"name":"ModelAdvance", "ph":"B", "ts":"3305995586", "pid":"1", "tid":"cice"},
{"name":"ModelAdvance", "ph":"E", "ts":"3306484694", "pid":"1", "tid":"cice"},
{"name":"ModelAdvance", "ph":"B", "ts":"3306663227", "pid":"1", "tid":"cice"},
{"name":"ModelAdvance", "ph":"E", "ts":"3307143387", "pid":"1", "tid":"cice"},
{"name":"ModelAdvance", "ph":"B", "ts":"3307974456", "pid":"1", "tid":"cice"},
{"name":"ModelAdvance", "ph":"E", "ts":"3308458408", "pid":"1", "tid":"cice"},
{"name":"ModelAdvance", "ph":"B", "ts":"3308650832", "pid":"1", "tid":"cice"},
{"name":"ModelAdvance", "ph":"E", "ts":"3309133409", "pid":"1", "tid":"cice"},
{"name":"ModelAdvance", "ph":"B", "ts":"3309299818", "pid":"1", "tid":"cice"},
{"name":"ModelAdvance", "ph":"E", "ts":"3309780370", "pid":"1", "tid":"cice"},
{"name":"ModelAdvance", "ph":"B", "ts":"3309939280", "pid":"1", "tid":"cice"},
{"name":"ModelAdvance", "ph":"E", "ts":"3310428776", "pid":"1", "tid":"cice"},
{"name":"ModelAdvance", "ph":"B", "ts":"3310596533", "pid":"1", "tid":"cice"},
{"name":"ModelAdvance", "ph":"E", "ts":"3311073534", "pid":"1", "tid":"cice"},
{"name":"ModelAdvance", "ph":"B", "ts":"3311255067", "pid":"1", "tid":"cice"},
{"name":"ModelAdvance", "ph":"E", "ts":"3311732028", "pid":"1", "tid":"cice"},
{"name":"ModelAdvance", "ph":"B", "ts":"3311960433", "pid":"1", "tid":"cice"},
{"name":"ModelAdvance", "ph":"E", "ts":"3312442293", "pid":"1", "tid":"cice"},
{"name":"ModelAdvance", "ph":"B", "ts":"3312614381", "pid":"1", "tid":"cice"},
{"name":"ModelAdvance", "ph":"E", "ts":"3313100290", "pid":"1", "tid":"cice"},
{"name":"ModelAdvance", "ph":"B", "ts":"3313267909", "pid":"1", "tid":"cice"},
{"name":"ModelAdvance", "ph":"E", "ts":"3313749140", "pid":"1", "tid":"cice"},
{"name":"ModelAdvance", "ph":"B", "ts":"3313923309", "pid":"1", "tid":"cice"},
{"name":"ModelAdvance", "ph":"E", "ts":"3314410855", "pid":"1", "tid":"cice"},
{"name":"ModelAdvance", "ph":"B", "ts":"3314578058", "pid":"1", "tid":"cice"},
{"name":"ModelAdvance", "ph":"E", "ts":"3315059283", "pid":"1", "tid":"cice"},
{"name":"ModelAdvance", "ph":"B", "ts":"3315259332", "pid":"1", "tid":"cice"},
{"name":"ModelAdvance", "ph":"E", "ts":"3315737342", "pid":"1", "tid":"cice"},
{"name":"ModelAdvance", "ph":"B", "ts":"3315917615", "pid":"1", "tid":"cice"},
{"name":"ModelAdvance", "ph":"E", "ts":"3316383953", "pid":"1", "tid":"cice"},
{"name":"ModelAdvance", "ph":"B", "ts":"3316577974", "pid":"1", "tid":"cice"},
{"name":"ModelAdvance", "ph":"E", "ts":"3317054923", "pid":"1", "tid":"cice"},
{"name":"ModelAdvance", "ph":"B", "ts":"3317253178", "pid":"1", "tid":"cice"},
{"name":"ModelAdvance", "ph":"E", "ts":"3317725667", "pid":"1", "tid":"cice"},
{"name":"ModelAdvance", "ph":"B", "ts":"3317925265", "pid":"1", "tid":"cice"},
{"name":"ModelAdvance", "ph":"E", "ts":"3318401906", "pid":"1", "tid":"cice"},
{"name":"ModelAdvance", "ph":"B", "ts":"3318632028", "pid":"1", "tid":"cice"},
{"name":"ModelAdvance", "ph":"E", "ts":"3319110991", "pid":"1", "tid":"cice"},
{"name":"ModelAdvance", "ph":"B", "ts":"3319308802", "pid":"1", "tid":"cice"},
{"name":"ModelAdvance", "ph":"E", "ts":"3319784710", "pid":"1", "tid":"cice"},
{"name":"ModelAdvance", "ph":"B", "ts":"3320041896", "pid":"1", "tid":"cice"},
{"name":"ModelAdvance", "ph":"E", "ts":"3320526522", "pid":"1", "tid":"cice"},
{"name":"ModelAdvance", "ph":"B", "ts":"3320714959", "pid":"1", "tid":"cice"},
{"name":"ModelAdvance", "ph":"E", "ts":"3321200494", "pid":"1", "tid":"cice"},
{"name":"ModelAdvance", "ph":"B", "ts":"3321397563", "pid":"1", "tid":"cice"},
{"name":"ModelAdvance", "ph":"E", "ts":"3321878925", "pid":"1", "tid":"cice"},
{"name":"ModelAdvance", "ph":"B", "ts":"3322053944", "pid":"1", "tid":"cice"},
{"name":"ModelAdvance", "ph":"E", "ts":"3322539276", "pid":"1", "tid":"cice"},
{"name":"ModelAdvance", "ph":"B", "ts":"3322723107", "pid":"1", "tid":"cice"},
{"name":"ModelAdvance", "ph":"E", "ts":"3323204743", "pid":"1", "tid":"cice"},
{"name":"ModelAdvance", "ph":"B", "ts":"3323407898", "pid":"1", "tid":"cice"},
{"name":"ModelAdvance", "ph":"E", "ts":"3323889552", "pid":"1", "tid":"cice"},
{"name":"ModelAdvance", "ph":"B", "ts":"3324713485", "pid":"1", "tid":"cice"},
{"name":"ModelAdvance", "ph":"E", "ts":"3325196104", "pid":"1", "tid":"cice"},
{"name":"ModelAdvance", "ph":"B", "ts":"3325361955", "pid":"1", "tid":"cice"},
{"name":"ModelAdvance", "ph":"E", "ts":"3325837314", "pid":"1", "tid":"cice"},
{"name":"ModelAdvance", "ph":"B", "ts":"3326023202", "pid":"1", "tid":"cice"},
{"name":"ModelAdvance", "ph":"E", "ts":"3326507690", "pid":"1", "tid":"cice"},
{"name":"ModelAdvance", "ph":"B", "ts":"3326678468", "pid":"1", "tid":"cice"},
{"name":"ModelAdvance", "ph":"E", "ts":"3327150929", "pid":"1", "tid":"cice"},
{"name":"ModelAdvance", "ph":"B", "ts":"3327333372", "pid":"1", "tid":"cice"},
{"name":"ModelAdvance", "ph":"E", "ts":"3327824321", "pid":"1", "tid":"cice"},
{"name":"ModelAdvance", "ph":"B", "ts":"3327988681", "pid":"1", "tid":"cice"},
{"name":"ModelAdvance", "ph":"E", "ts":"3328461360", "pid":"1", "tid":"cice"},
{"name":"ModelAdvance", "ph":"B", "ts":"3328631511", "pid":"1", "tid":"cice"},
{"name":"ModelAdvance", "ph":"E", "ts":"3329124643", "pid":"1", "tid":"cice"},
{"name":"ModelAdvance", "ph":"B", "ts":"3329272920", "pid":"1", "tid":"cice"},
{"name":"ModelAdvance", "ph":"E", "ts":"3329760947", "pid":"1", "tid":"cice"},
{"name":"ModelAdvance", "ph":"B", "ts":"3329921281", "pid":"1", "tid":"cice"},
{"name":"ModelAdvance", "ph":"E", "ts":"3330402571", "pid":"1", "tid":"cice"},
{"name":"ModelAdvance", "ph":"B", "ts":"3330575050", "pid":"1", "tid":"cice"},
{"name":"ModelAdvance", "ph":"E", "ts":"3331049052", "pid":"1", "tid":"cice"},
{"name":"ModelAdvance", "ph":"B", "ts":"3331225258", "pid":"1", "tid":"cice"},
{"name":"ModelAdvance", "ph":"E", "ts":"3331714979", "pid":"1", "tid":"cice"},
{"name":"ModelAdvance", "ph":"B", "ts":"3331901649", "pid":"1", "tid":"cice"},
{"name":"ModelAdvance", "ph":"E", "ts":"3332389875", "pid":"1", "tid":"cice"},
{"name":"ModelAdvance", "ph":"B", "ts":"3332555785", "pid":"1", "tid":"cice"},
{"name":"ModelAdvance", "ph":"E", "ts":"3333041106", "pid":"1", "tid":"cice"},
{"name":"ModelAdvance", "ph":"B", "ts":"3333210495", "pid":"1", "tid":"cice"},
{"name":"ModelAdvance", "ph":"E", "ts":"3333688523", "pid":"1", "tid":"cice"},
{"name":"ModelAdvance", "ph":"B", "ts":"3333863311", "pid":"1", "tid":"cice"},
{"name":"ModelAdvance", "ph":"E", "ts":"3334338275", "pid":"1", "tid":"cice"},
{"name":"ModelAdvance", "ph":"B", "ts":"3334523501", "pid":"1", "tid":"cice"},
{"name":"ModelAdvance", "ph":"E", "ts":"3335003796", "pid":"1", "tid":"cice"},
{"name":"ModelAdvance", "ph":"B", "ts":"3335176776", "pid":"1", "tid":"cice"},
{"name":"ModelAdvance", "ph":"E", "ts":"3335656919", "pid":"1", "tid":"cice"},
{"name":"ModelAdvance", "ph":"B", "ts":"3335829021", "pid":"1", "tid":"cice"},
{"name":"ModelAdvance", "ph":"E", "ts":"3336303276", "pid":"1", "tid":"cice"},
{"name":"ModelAdvance", "ph":"B", "ts":"3336484235", "pid":"1", "tid":"cice"},
{"name":"ModelAdvance", "ph":"E", "ts":"3336965919", "pid":"1", "tid":"cice"},
{"name":"ModelAdvance", "ph":"B", "ts":"3337145707", "pid":"1", "tid":"cice"},
{"name":"ModelAdvance", "ph":"E", "ts":"3337623525", "pid":"1", "tid":"cice"},
{"name":"ModelAdvance", "ph":"B", "ts":"3337847910", "pid":"1", "tid":"cice"},
{"name":"ModelAdvance", "ph":"E", "ts":"3338325029", "pid":"1", "tid":"cice"},
{"name":"ModelAdvance", "ph":"B", "ts":"3338508360", "pid":"1", "tid":"cice"},
{"name":"ModelAdvance", "ph":"E", "ts":"3339011069", "pid":"1", "tid":"cice"},
{"name":"ModelAdvance", "ph":"B", "ts":"3339170847", "pid":"1", "tid":"cice"},
{"name":"ModelAdvance", "ph":"E", "ts":"3339648178", "pid":"1", "tid":"cice"},
{"name":"ModelAdvance", "ph":"B", "ts":"3339907558", "pid":"1", "tid":"cice"},
{"name":"ModelAdvance", "ph":"E", "ts":"3340383895", "pid":"1", "tid":"cice"},
{"name":"ModelAdvance", "ph":"B", "ts":"3341213584", "pid":"1", "tid":"cice"},
{"name":"ModelAdvance", "ph":"E", "ts":"3341701157", "pid":"1", "tid":"cice"},
{"name":"ModelAdvance", "ph":"B", "ts":"3341894822", "pid":"1", "tid":"cice"},
{"name":"ModelAdvance", "ph":"E", "ts":"3342373261", "pid":"1", "tid":"cice"},
{"name":"ModelAdvance", "ph":"B", "ts":"3342555006", "pid":"1", "tid":"cice"},
{"name":"ModelAdvance", "ph":"E", "ts":"3343039103", "pid":"1", "tid":"cice"},
{"name":"ModelAdvance", "ph":"B", "ts":"3343234388", "pid":"1", "tid":"cice"},
{"name":"ModelAdvance", "ph":"E", "ts":"3343721426", "pid":"1", "tid":"cice"},
{"name":"ModelAdvance", "ph":"B", "ts":"3343888066", "pid":"1", "tid":"cice"},
{"name":"ModelAdvance", "ph":"E", "ts":"3344366528", "pid":"1", "tid":"cice"},
{"name":"ModelAdvance", "ph":"B", "ts":"3344536060", "pid":"1", "tid":"cice"},
{"name":"ModelAdvance", "ph":"E", "ts":"3345017461", "pid":"1", "tid":"cice"},
{"name":"ModelAdvance", "ph":"B", "ts":"3345195163", "pid":"1", "tid":"cice"},
{"name":"ModelAdvance", "ph":"E", "ts":"3345677901", "pid":"1", "tid":"cice"},
{"name":"ModelAdvance", "ph":"B", "ts":"3345847263", "pid":"1", "tid":"cice"},
{"name":"ModelAdvance", "ph":"E", "ts":"3346326856", "pid":"1", "tid":"cice"},
{"name":"ModelAdvance", "ph":"B", "ts":"3346511705", "pid":"1", "tid":"cice"},
{"name":"ModelAdvance", "ph":"E", "ts":"3346995398", "pid":"1", "tid":"cice"},
{"name":"ModelAdvance", "ph":"B", "ts":"3347162524", "pid":"1", "tid":"cice"},
{"name":"ModelAdvance", "ph":"E", "ts":"3347643224", "pid":"1", "tid":"cice"},
{"name":"ModelAdvance", "ph":"B", "ts":"3347814993", "pid":"1", "tid":"cice"},
{"name":"ModelAdvance", "ph":"E", "ts":"3348296917", "pid":"1", "tid":"cice"},
{"name":"ModelAdvance", "ph":"B", "ts":"3348509149", "pid":"1", "tid":"cice"},
{"name":"ModelAdvance", "ph":"E", "ts":"3349003016", "pid":"1", "tid":"cice"},
{"name":"ModelAdvance", "ph":"B", "ts":"3349158095", "pid":"1", "tid":"cice"},
{"name":"ModelAdvance", "ph":"E", "ts":"3349638560", "pid":"1", "tid":"cice"},
{"name":"ModelAdvance", "ph":"B", "ts":"3349809144", "pid":"1", "tid":"cice"},
{"name":"ModelAdvance", "ph":"E", "ts":"3350286437", "pid":"1", "tid":"cice"},
{"name":"ModelAdvance", "ph":"B", "ts":"3350462851", "pid":"1", "tid":"cice"},
{"name":"ModelAdvance", "ph":"E", "ts":"3350940873", "pid":"1", "tid":"cice"},
{"name":"ModelAdvance", "ph":"B", "ts":"3351113786", "pid":"1", "tid":"cice"},
{"name":"ModelAdvance", "ph":"E", "ts":"3351591265", "pid":"1", "tid":"cice"},
{"name":"ModelAdvance", "ph":"B", "ts":"3351763931", "pid":"1", "tid":"cice"},
{"name":"ModelAdvance", "ph":"E", "ts":"3352245638", "pid":"1", "tid":"cice"},
{"name":"ModelAdvance", "ph":"B", "ts":"3352413058", "pid":"1", "tid":"cice"},
{"name":"ModelAdvance", "ph":"E", "ts":"3352887488", "pid":"1", "tid":"cice"},
{"name":"ModelAdvance", "ph":"B", "ts":"3353057544", "pid":"1", "tid":"cice"},
{"name":"ModelAdvance", "ph":"E", "ts":"3353532929", "pid":"1", "tid":"cice"},
{"name":"ModelAdvance", "ph":"B", "ts":"3353702109", "pid":"1", "tid":"cice"},
{"name":"ModelAdvance", "ph":"E", "ts":"3354190069", "pid":"1", "tid":"cice"},
{"name":"ModelAdvance", "ph":"B", "ts":"3354347002", "pid":"1", "tid":"cice"},
{"name":"ModelAdvance", "ph":"E", "ts":"3354816039", "pid":"1", "tid":"cice"},
{"name":"ModelAdvance", "ph":"B", "ts":"3354989883", "pid":"1", "tid":"cice"},
{"name":"ModelAdvance", "ph":"E", "ts":"3355470113", "pid":"1", "tid":"cice"},
{"name":"ModelAdvance", "ph":"B", "ts":"3355622844", "pid":"1", "tid":"cice"},
{"name":"ModelAdvance", "ph":"E", "ts":"3356102279", "pid":"1", "tid":"cice"},
{"name":"ModelAdvance", "ph":"B", "ts":"3356279765", "pid":"1", "tid":"cice"},
{"name":"ModelAdvance", "ph":"E", "ts":"3356760902", "pid":"1", "tid":"cice"},
{"name":"ModelAdvance", "ph":"B", "ts":"3357609721", "pid":"1", "tid":"cice"},
{"name":"ModelAdvance", "ph":"E", "ts":"3358092454", "pid":"1", "tid":"cice"},
{"name":"ModelAdvance", "ph":"B", "ts":"3358241261", "pid":"1", "tid":"cice"},
{"name":"ModelAdvance", "ph":"E", "ts":"3358723644", "pid":"1", "tid":"cice"},
{"name":"ModelAdvance", "ph":"B", "ts":"3358873349", "pid":"1", "tid":"cice"},
{"name":"ModelAdvance", "ph":"E", "ts":"3359348546", "pid":"1", "tid":"cice"},
{"name":"ModelAdvance", "ph":"B", "ts":"3359502854", "pid":"1", "tid":"cice"},
{"name":"ModelAdvance", "ph":"E", "ts":"3359987114", "pid":"1", "tid":"cice"},
{"name":"ModelAdvance", "ph":"B", "ts":"3360133645", "pid":"1", "tid":"cice"},
{"name":"ModelAdvance", "ph":"E", "ts":"3360616139", "pid":"1", "tid":"cice"},
{"name":"ModelAdvance", "ph":"B", "ts":"3360770609", "pid":"1", "tid":"cice"},
{"name":"ModelAdvance", "ph":"E", "ts":"3361247752", "pid":"1", "tid":"cice"},
{"name":"ModelAdvance", "ph":"B", "ts":"3361408094", "pid":"1", "tid":"cice"},
{"name":"ModelAdvance", "ph":"E", "ts":"3361887972", "pid":"1", "tid":"cice"},
{"name":"ModelAdvance", "ph":"B", "ts":"3362049647", "pid":"1", "tid":"cice"},
{"name":"ModelAdvance", "ph":"E", "ts":"3362529136", "pid":"1", "tid":"cice"},
{"name":"ModelAdvance", "ph":"B", "ts":"3362688492", "pid":"1", "tid":"cice"},
{"name":"ModelAdvance", "ph":"E", "ts":"3363169930", "pid":"1", "tid":"cice"},
{"name":"ModelAdvance", "ph":"B", "ts":"3363323757", "pid":"1", "tid":"cice"},
{"name":"ModelAdvance", "ph":"E", "ts":"3363808164", "pid":"1", "tid":"cice"},
{"name":"ModelAdvance", "ph":"B", "ts":"3363960520", "pid":"1", "tid":"cice"},
{"name":"ModelAdvance", "ph":"E", "ts":"3364437972", "pid":"1", "tid":"cice"},
{"name":"ModelAdvance", "ph":"B", "ts":"3364622194", "pid":"1", "tid":"cice"},
{"name":"ModelAdvance", "ph":"E", "ts":"3365101916", "pid":"1", "tid":"cice"},
{"name":"ModelAdvance", "ph":"B", "ts":"3365259487", "pid":"1", "tid":"cice"},
{"name":"ModelAdvance", "ph":"E", "ts":"3365748517", "pid":"1", "tid":"cice"},
{"name":"ModelAdvance", "ph":"B", "ts":"3365894765", "pid":"1", "tid":"cice"},
{"name":"ModelAdvance", "ph":"E", "ts":"3366373100", "pid":"1", "tid":"cice"},
{"name":"ModelAdvance", "ph":"B", "ts":"3366536027", "pid":"1", "tid":"cice"},
{"name":"ModelAdvance", "ph":"E", "ts":"3367014094", "pid":"1", "tid":"cice"},
{"name":"ModelAdvance", "ph":"B", "ts":"3367176298", "pid":"1", "tid":"cice"},
{"name":"ModelAdvance", "ph":"E", "ts":"3367660132", "pid":"1", "tid":"cice"},
{"name":"ModelAdvance", "ph":"B", "ts":"3367819570", "pid":"1", "tid":"cice"},
{"name":"ModelAdvance", "ph":"E", "ts":"3368294944", "pid":"1", "tid":"cice"},
{"name":"ModelAdvance", "ph":"B", "ts":"3368450403", "pid":"1", "tid":"cice"},
{"name":"ModelAdvance", "ph":"E", "ts":"3368924250", "pid":"1", "tid":"cice"},
{"name":"ModelAdvance", "ph":"B", "ts":"3369085854", "pid":"1", "tid":"cice"},
{"name":"ModelAdvance", "ph":"E", "ts":"3369563718", "pid":"1", "tid":"cice"},
{"name":"ModelAdvance", "ph":"B", "ts":"3369715073", "pid":"1", "tid":"cice"},
{"name":"ModelAdvance", "ph":"E", "ts":"3370188607", "pid":"1", "tid":"cice"},
{"name":"ModelAdvance", "ph":"B", "ts":"3370356584", "pid":"1", "tid":"cice"},
{"name":"ModelAdvance", "ph":"E", "ts":"3370828484", "pid":"1", "tid":"cice"},
{"name":"ModelAdvance", "ph":"B", "ts":"3370992600", "pid":"1", "tid":"cice"},
{"name":"ModelAdvance", "ph":"E", "ts":"3371476407", "pid":"1", "tid":"cice"},
{"name":"ModelAdvance", "ph":"B", "ts":"3371635168", "pid":"1", "tid":"cice"},
{"name":"ModelAdvance", "ph":"E", "ts":"3372107638", "pid":"1", "tid":"cice"},
{"name":"ModelAdvance", "ph":"B", "ts":"3372303356", "pid":"1", "tid":"cice"},
{"name":"ModelAdvance", "ph":"E", "ts":"3372780079", "pid":"1", "tid":"cice"},
{"name":"ModelAdvance", "ph":"B", "ts":"3373613171", "pid":"1", "tid":"cice"},
{"name":"ModelAdvance", "ph":"E", "ts":"3374096734", "pid":"1", "tid":"cice"},
{"name":"ModelAdvance", "ph":"B", "ts":"3374256459", "pid":"1", "tid":"cice"},
{"name":"ModelAdvance", "ph":"E", "ts":"3374729286", "pid":"1", "tid":"cice"},
{"name":"ModelAdvance", "ph":"B", "ts":"3374908705", "pid":"1", "tid":"cice"},
{"name":"ModelAdvance", "ph":"E", "ts":"3375383018", "pid":"1", "tid":"cice"},
{"name":"ModelAdvance", "ph":"B", "ts":"3375544238", "pid":"1", "tid":"cice"},
{"name":"ModelAdvance", "ph":"E", "ts":"3376026837", "pid":"1", "tid":"cice"},
{"name":"ModelAdvance", "ph":"B", "ts":"3376174330", "pid":"1", "tid":"cice"},
{"name":"ModelAdvance", "ph":"E", "ts":"3376651739", "pid":"1", "tid":"cice"},
{"name":"ModelAdvance", "ph":"B", "ts":"3376805654", "pid":"1", "tid":"cice"},
{"name":"ModelAdvance", "ph":"E", "ts":"3377280940", "pid":"1", "tid":"cice"},
{"name":"ModelAdvance", "ph":"B", "ts":"3377440878", "pid":"1", "tid":"cice"},
{"name":"ModelAdvance", "ph":"E", "ts":"3377909830", "pid":"1", "tid":"cice"},
{"name":"ModelAdvance", "ph":"B", "ts":"3378077056", "pid":"1", "tid":"cice"},
{"name":"ModelAdvance", "ph":"E", "ts":"3378572806", "pid":"1", "tid":"cice"},
{"name":"ModelAdvance", "ph":"B", "ts":"3378711684", "pid":"1", "tid":"cice"},
{"name":"ModelAdvance", "ph":"E", "ts":"3379195215", "pid":"1", "tid":"cice"},
{"name":"ModelAdvance", "ph":"B", "ts":"3379344563", "pid":"1", "tid":"cice"},
{"name":"ModelAdvance", "ph":"E", "ts":"3379824640", "pid":"1", "tid":"cice"},
{"name":"ModelAdvance", "ph":"B", "ts":"3379976468", "pid":"1", "tid":"cice"},
{"name":"ModelAdvance", "ph":"E", "ts":"3380457123", "pid":"1", "tid":"cice"},
{"name":"ModelAdvance", "ph":"B", "ts":"3380640962", "pid":"1", "tid":"cice"},
{"name":"ModelAdvance", "ph":"E", "ts":"3381121130", "pid":"1", "tid":"cice"},
{"name":"ModelAdvance", "ph":"B", "ts":"3381280368", "pid":"1", "tid":"cice"},
{"name":"ModelAdvance", "ph":"E", "ts":"3381850127", "pid":"1", "tid":"cice"},
{"name":"ModelAdvance", "ph":"B", "ts":"3381989703", "pid":"1", "tid":"cice"},
{"name":"ModelAdvance", "ph":"E", "ts":"3382469819", "pid":"1", "tid":"cice"},
{"name":"ModelAdvance", "ph":"B", "ts":"3382630300", "pid":"1", "tid":"cice"},
{"name":"ModelAdvance", "ph":"E", "ts":"3383106913", "pid":"1", "tid":"cice"},
{"name":"ModelAdvance", "ph":"B", "ts":"3383268987", "pid":"1", "tid":"cice"},
{"name":"ModelAdvance", "ph":"E", "ts":"3383754822", "pid":"1", "tid":"cice"},
{"name":"ModelAdvance", "ph":"B", "ts":"3383915699", "pid":"1", "tid":"cice"},
{"name":"ModelAdvance", "ph":"E", "ts":"3384398299", "pid":"1", "tid":"cice"},
{"name":"ModelAdvance", "ph":"B", "ts":"3384556225", "pid":"1", "tid":"cice"},
{"name":"ModelAdvance", "ph":"E", "ts":"3385034866", "pid":"1", "tid":"cice"},
{"name":"ModelAdvance", "ph":"B", "ts":"3385205787", "pid":"1", "tid":"cice"},
{"name":"ModelAdvance", "ph":"E", "ts":"3385687076", "pid":"1", "tid":"cice"},
{"name":"ModelAdvance", "ph":"B", "ts":"3385855300", "pid":"1", "tid":"cice"},
{"name":"ModelAdvance", "ph":"E", "ts":"3386331788", "pid":"1", "tid":"cice"},
{"name":"ModelAdvance", "ph":"B", "ts":"3386493534", "pid":"1", "tid":"cice"},
{"name":"ModelAdvance", "ph":"E", "ts":"3386971442", "pid":"1", "tid":"cice"},
{"name":"ModelAdvance", "ph":"B", "ts":"3387135171", "pid":"1", "tid":"cice"},
{"name":"ModelAdvance", "ph":"E", "ts":"3387616920", "pid":"1", "tid":"cice"},
{"name":"ModelAdvance", "ph":"B", "ts":"3387776155", "pid":"1", "tid":"cice"},
{"name":"ModelAdvance", "ph":"E", "ts":"3388361876", "pid":"1", "tid":"cice"},
{"name":"ModelAdvance", "ph":"B", "ts":"3388469829", "pid":"1", "tid":"cice"},
{"name":"ModelAdvance", "ph":"E", "ts":"3388975487", "pid":"1", "tid":"cice"},
{"name":"ModelAdvance", "ph":"B", "ts":"3389745438", "pid":"1", "tid":"cice"},
{"name":"ModelAdvance", "ph":"E", "ts":"3390226961", "pid":"1", "tid":"cice"},
{"name":"ModelAdvance", "ph":"B", "ts":"3390383386", "pid":"1", "tid":"cice"},
{"name":"ModelAdvance", "ph":"E", "ts":"3390859626", "pid":"1", "tid":"cice"},
{"name":"ModelAdvance", "ph":"B", "ts":"3391018923", "pid":"1", "tid":"cice"},
{"name":"ModelAdvance", "ph":"E", "ts":"3391504045", "pid":"1", "tid":"cice"},
{"name":"ModelAdvance", "ph":"B", "ts":"3391659615", "pid":"1", "tid":"cice"},
{"name":"ModelAdvance", "ph":"E", "ts":"3392136150", "pid":"1", "tid":"cice"},
{"name":"ModelAdvance", "ph":"B", "ts":"3392304278", "pid":"1", "tid":"cice"},
{"name":"ModelAdvance", "ph":"E", "ts":"3392787425", "pid":"1", "tid":"cice"},
{"name":"ModelAdvance", "ph":"B", "ts":"3392948434", "pid":"1", "tid":"cice"},
{"name":"ModelAdvance", "ph":"E", "ts":"3393429586", "pid":"1", "tid":"cice"},
{"name":"ModelAdvance", "ph":"B", "ts":"3393583923", "pid":"1", "tid":"cice"},
{"name":"ModelAdvance", "ph":"E", "ts":"3394065862", "pid":"1", "tid":"cice"},
{"name":"ModelAdvance", "ph":"B", "ts":"3394231571", "pid":"1", "tid":"cice"},
{"name":"ModelAdvance", "ph":"E", "ts":"3394705025", "pid":"1", "tid":"cice"},
{"name":"ModelAdvance", "ph":"B", "ts":"3394891884", "pid":"1", "tid":"cice"},
{"name":"ModelAdvance", "ph":"E", "ts":"3395374378", "pid":"1", "tid":"cice"},
{"name":"ModelAdvance", "ph":"B", "ts":"3395528977", "pid":"1", "tid":"cice"},
{"name":"ModelAdvance", "ph":"E", "ts":"3396006274", "pid":"1", "tid":"cice"},
{"name":"ModelAdvance", "ph":"B", "ts":"3396167390", "pid":"1", "tid":"cice"},
{"name":"ModelAdvance", "ph":"E", "ts":"3396648219", "pid":"1", "tid":"cice"},
{"name":"ModelAdvance", "ph":"B", "ts":"3396856516", "pid":"1", "tid":"cice"},
{"name":"ModelAdvance", "ph":"E", "ts":"3397335098", "pid":"1", "tid":"cice"},
{"name":"ModelAdvance", "ph":"B", "ts":"3397500854", "pid":"1", "tid":"cice"},
{"name":"ModelAdvance", "ph":"E", "ts":"3397982235", "pid":"1", "tid":"cice"},
{"name":"ModelAdvance", "ph":"B", "ts":"3398154683", "pid":"1", "tid":"cice"},
{"name":"ModelAdvance", "ph":"E", "ts":"3398645653", "pid":"1", "tid":"cice"},
{"name":"ModelAdvance", "ph":"B", "ts":"3398797836", "pid":"1", "tid":"cice"},
{"name":"ModelAdvance", "ph":"E", "ts":"3399275055", "pid":"1", "tid":"cice"},
{"name":"ModelAdvance", "ph":"B", "ts":"3399434348", "pid":"1", "tid":"cice"},
{"name":"ModelAdvance", "ph":"E", "ts":"3399921495", "pid":"1", "tid":"cice"},
{"name":"ModelAdvance", "ph":"B", "ts":"3400067615", "pid":"1", "tid":"cice"},
{"name":"ModelAdvance", "ph":"E", "ts":"3400547625", "pid":"1", "tid":"cice"},
{"name":"ModelAdvance", "ph":"B", "ts":"3400733257", "pid":"1", "tid":"cice"},
{"name":"ModelAdvance", "ph":"E", "ts":"3401213260", "pid":"1", "tid":"cice"},
{"name":"ModelAdvance", "ph":"B", "ts":"3401372985", "pid":"1", "tid":"cice"},
{"name":"ModelAdvance", "ph":"E", "ts":"3401857243", "pid":"1", "tid":"cice"},
{"name":"ModelAdvance", "ph":"B", "ts":"3402023911", "pid":"1", "tid":"cice"},
{"name":"ModelAdvance", "ph":"E", "ts":"3402509031", "pid":"1", "tid":"cice"},
{"name":"ModelAdvance", "ph":"B", "ts":"3402677987", "pid":"1", "tid":"cice"},
{"name":"ModelAdvance", "ph":"E", "ts":"3403156621", "pid":"1", "tid":"cice"},
{"name":"ModelAdvance", "ph":"B", "ts":"3403337856", "pid":"1", "tid":"cice"},
{"name":"ModelAdvance", "ph":"E", "ts":"3403821542", "pid":"1", "tid":"cice"},
{"name":"ModelAdvance", "ph":"B", "ts":"3404044255", "pid":"1", "tid":"cice"},
{"name":"ModelAdvance", "ph":"E", "ts":"3404525111", "pid":"1", "tid":"cice"},
{"name":"ModelAdvance", "ph":"B", "ts":"3404722580", "pid":"1", "tid":"cice"},
{"name":"ModelAdvance", "ph":"E", "ts":"3405207347", "pid":"1", "tid":"cice"},
{"name":"ModelAdvance", "ph":"B", "ts":"3406015685", "pid":"1", "tid":"cice"},
{"name":"ModelAdvance", "ph":"E", "ts":"3406495983", "pid":"1", "tid":"cice"},
{"name":"ModelAdvance", "ph":"B", "ts":"3406662005", "pid":"1", "tid":"cice"},
{"name":"ModelAdvance", "ph":"E", "ts":"3407142151", "pid":"1", "tid":"cice"},
{"name":"ModelAdvance", "ph":"B", "ts":"3407301202", "pid":"1", "tid":"cice"},
{"name":"ModelAdvance", "ph":"E", "ts":"3407779747", "pid":"1", "tid":"cice"},
{"name":"ModelAdvance", "ph":"B", "ts":"3407966614", "pid":"1", "tid":"cice"},
{"name":"ModelAdvance", "ph":"E", "ts":"3408449078", "pid":"1", "tid":"cice"},
{"name":"ModelAdvance", "ph":"B", "ts":"3408611760", "pid":"1", "tid":"cice"},
{"name":"ModelAdvance", "ph":"E", "ts":"3409097956", "pid":"1", "tid":"cice"},
{"name":"ModelAdvance", "ph":"B", "ts":"3409301253", "pid":"1", "tid":"cice"},
{"name":"ModelAdvance", "ph":"E", "ts":"3409780940", "pid":"1", "tid":"cice"},
{"name":"ModelAdvance", "ph":"B", "ts":"3409958177", "pid":"1", "tid":"cice"},
{"name":"ModelAdvance", "ph":"E", "ts":"3410436394", "pid":"1", "tid":"cice"},
{"name":"ModelAdvance", "ph":"B", "ts":"3410598424", "pid":"1", "tid":"cice"},
{"name":"ModelAdvance", "ph":"E", "ts":"3411073381", "pid":"1", "tid":"cice"},
{"name":"ModelAdvance", "ph":"B", "ts":"3411239109", "pid":"1", "tid":"cice"},
{"name":"ModelAdvance", "ph":"E", "ts":"3411726277", "pid":"1", "tid":"cice"},
{"name":"ModelAdvance", "ph":"B", "ts":"3411873810", "pid":"1", "tid":"cice"},
{"name":"ModelAdvance", "ph":"E", "ts":"3412352004", "pid":"1", "tid":"cice"},
{"name":"ModelAdvance", "ph":"B", "ts":"3412509610", "pid":"1", "tid":"cice"},
{"name":"ModelAdvance", "ph":"E", "ts":"3412991735", "pid":"1", "tid":"cice"},
{"name":"ModelAdvance", "ph":"B", "ts":"3413185370", "pid":"1", "tid":"cice"},
{"name":"ModelAdvance", "ph":"E", "ts":"3413666962", "pid":"1", "tid":"cice"},
{"name":"ModelAdvance", "ph":"B", "ts":"3413830999", "pid":"1", "tid":"cice"},
{"name":"ModelAdvance", "ph":"E", "ts":"3414308551", "pid":"1", "tid":"cice"},
{"name":"ModelAdvance", "ph":"B", "ts":"3414497299", "pid":"1", "tid":"cice"},
{"name":"ModelAdvance", "ph":"E", "ts":"3414977577", "pid":"1", "tid":"cice"},
{"name":"ModelAdvance", "ph":"B", "ts":"3415149186", "pid":"1", "tid":"cice"},
{"name":"ModelAdvance", "ph":"E", "ts":"3415626145", "pid":"1", "tid":"cice"},
{"name":"ModelAdvance", "ph":"B", "ts":"3415773562", "pid":"1", "tid":"cice"},
{"name":"ModelAdvance", "ph":"E", "ts":"3416252471", "pid":"1", "tid":"cice"},
{"name":"ModelAdvance", "ph":"B", "ts":"3416416020", "pid":"1", "tid":"cice"},
{"name":"ModelAdvance", "ph":"E", "ts":"3416890525", "pid":"1", "tid":"cice"},
{"name":"ModelAdvance", "ph":"B", "ts":"3417060869", "pid":"1", "tid":"cice"},
{"name":"ModelAdvance", "ph":"E", "ts":"3417544766", "pid":"1", "tid":"cice"},
{"name":"ModelAdvance", "ph":"B", "ts":"3417700592", "pid":"1", "tid":"cice"},
{"name":"ModelAdvance", "ph":"E", "ts":"3418185561", "pid":"1", "tid":"cice"},
{"name":"ModelAdvance", "ph":"B", "ts":"3418345141", "pid":"1", "tid":"cice"},
{"name":"ModelAdvance", "ph":"E", "ts":"3418828010", "pid":"1", "tid":"cice"},
{"name":"ModelAdvance", "ph":"B", "ts":"3418985386", "pid":"1", "tid":"cice"},
{"name":"ModelAdvance", "ph":"E", "ts":"3419464718", "pid":"1", "tid":"cice"},
{"name":"ModelAdvance", "ph":"B", "ts":"3419622495", "pid":"1", "tid":"cice"},
{"name":"ModelAdvance", "ph":"E", "ts":"3420101551", "pid":"1", "tid":"cice"},
{"name":"ModelAdvance", "ph":"B", "ts":"3420263566", "pid":"1", "tid":"cice"},
{"name":"ModelAdvance", "ph":"E", "ts":"3420745202", "pid":"1", "tid":"cice"},
{"name":"ModelAdvance", "ph":"B", "ts":"3420929935", "pid":"1", "tid":"cice"},
{"name":"ModelAdvance", "ph":"E", "ts":"3421411209", "pid":"1", "tid":"cice"},
{"name":"ModelAdvance", "ph":"B", "ts":"3422260586", "pid":"1", "tid":"cice"},
{"name":"ModelAdvance", "ph":"E", "ts":"3422745393", "pid":"1", "tid":"cice"},
{"name":"ModelAdvance", "ph":"B", "ts":"3422901628", "pid":"1", "tid":"cice"},
{"name":"ModelAdvance", "ph":"E", "ts":"3423378212", "pid":"1", "tid":"cice"},
{"name":"ModelAdvance", "ph":"B", "ts":"3423542622", "pid":"1", "tid":"cice"},
{"name":"ModelAdvance", "ph":"E", "ts":"3424026721", "pid":"1", "tid":"cice"},
{"name":"ModelAdvance", "ph":"B", "ts":"3424191348", "pid":"1", "tid":"cice"},
{"name":"ModelAdvance", "ph":"E", "ts":"3424669959", "pid":"1", "tid":"cice"},
{"name":"ModelAdvance", "ph":"B", "ts":"3424837228", "pid":"1", "tid":"cice"},
{"name":"ModelAdvance", "ph":"E", "ts":"3425316900", "pid":"1", "tid":"cice"},
{"name":"ModelAdvance", "ph":"B", "ts":"3425474014", "pid":"1", "tid":"cice"},
{"name":"ModelAdvance", "ph":"E", "ts":"3425951741", "pid":"1", "tid":"cice"},
{"name":"ModelAdvance", "ph":"B", "ts":"3426100853", "pid":"1", "tid":"cice"},
{"name":"ModelAdvance", "ph":"E", "ts":"3426578593", "pid":"1", "tid":"cice"},
{"name":"ModelAdvance", "ph":"B", "ts":"3426731850", "pid":"1", "tid":"cice"},
{"name":"ModelAdvance", "ph":"E", "ts":"3427216462", "pid":"1", "tid":"cice"},
{"name":"ModelAdvance", "ph":"B", "ts":"3427374209", "pid":"1", "tid":"cice"},
{"name":"ModelAdvance", "ph":"E", "ts":"3427852360", "pid":"1", "tid":"cice"},
{"name":"ModelAdvance", "ph":"B", "ts":"3428053282", "pid":"1", "tid":"cice"},
{"name":"ModelAdvance", "ph":"E", "ts":"3428531920", "pid":"1", "tid":"cice"},
{"name":"ModelAdvance", "ph":"B", "ts":"3428696902", "pid":"1", "tid":"cice"},
{"name":"ModelAdvance", "ph":"E", "ts":"3429188326", "pid":"1", "tid":"cice"},
{"name":"ModelAdvance", "ph":"B", "ts":"3429358506", "pid":"1", "tid":"cice"},
{"name":"ModelAdvance", "ph":"E", "ts":"3429837968", "pid":"1", "tid":"cice"},
{"name":"ModelAdvance", "ph":"B", "ts":"3430004884", "pid":"1", "tid":"cice"},
{"name":"ModelAdvance", "ph":"E", "ts":"3430482000", "pid":"1", "tid":"cice"},
{"name":"ModelAdvance", "ph":"B", "ts":"3430642104", "pid":"1", "tid":"cice"},
{"name":"ModelAdvance", "ph":"E", "ts":"3431118136", "pid":"1", "tid":"cice"},
{"name":"ModelAdvance", "ph":"B", "ts":"3431272708", "pid":"1", "tid":"cice"},
{"name":"ModelAdvance", "ph":"E", "ts":"3431756188", "pid":"1", "tid":"cice"},
{"name":"ModelAdvance", "ph":"B", "ts":"3431912473", "pid":"1", "tid":"cice"},
{"name":"ModelAdvance", "ph":"E", "ts":"3432395810", "pid":"1", "tid":"cice"},
{"name":"ModelAdvance", "ph":"B", "ts":"3432561517", "pid":"1", "tid":"cice"},
{"name":"ModelAdvance", "ph":"E", "ts":"3433042736", "pid":"1", "tid":"cice"},
{"name":"ModelAdvance", "ph":"B", "ts":"3433202078", "pid":"1", "tid":"cice"},
{"name":"ModelAdvance", "ph":"E", "ts":"3433690102", "pid":"1", "tid":"cice"},
{"name":"ModelAdvance", "ph":"B", "ts":"3433847740", "pid":"1", "tid":"cice"},
{"name":"ModelAdvance", "ph":"E", "ts":"3434331779", "pid":"1", "tid":"cice"},
{"name":"ModelAdvance", "ph":"B", "ts":"3434488176", "pid":"1", "tid":"cice"},
{"name":"ModelAdvance", "ph":"E", "ts":"3434964825", "pid":"1", "tid":"cice"},
{"name":"ModelAdvance", "ph":"B", "ts":"3435123745", "pid":"1", "tid":"cice"},
{"name":"ModelAdvance", "ph":"E", "ts":"3435607954", "pid":"1", "tid":"cice"},
{"name":"ModelAdvance", "ph":"B", "ts":"3435764241", "pid":"1", "tid":"cice"},
{"name":"ModelAdvance", "ph":"E", "ts":"3436243817", "pid":"1", "tid":"cice"},
{"name":"ModelAdvance", "ph":"B", "ts":"3436395174", "pid":"1", "tid":"cice"},
{"name":"ModelAdvance", "ph":"E", "ts":"3436870033", "pid":"1", "tid":"cice"},
{"name":"ModelAdvance", "ph":"B", "ts":"3437101300", "pid":"1", "tid":"cice"},
{"name":"ModelAdvance", "ph":"E", "ts":"3437586089", "pid":"1", "tid":"cice"},
{"name":"ModelAdvance", "ph":"B", "ts":"3438451243", "pid":"1", "tid":"cice"},
{"name":"ModelAdvance", "ph":"E", "ts":"3438931192", "pid":"1", "tid":"cice"},
{"name":"ModelAdvance", "ph":"B", "ts":"3439080242", "pid":"1", "tid":"cice"},
{"name":"ModelAdvance", "ph":"E", "ts":"3439564096", "pid":"1", "tid":"cice"},
{"name":"ModelAdvance", "ph":"B", "ts":"3439721711", "pid":"1", "tid":"cice"},
{"name":"ModelAdvance", "ph":"E", "ts":"3440200647", "pid":"1", "tid":"cice"},
{"name":"ModelAdvance", "ph":"B", "ts":"3440357979", "pid":"1", "tid":"cice"},
{"name":"ModelAdvance", "ph":"E", "ts":"3440838603", "pid":"1", "tid":"cice"},
{"name":"ModelAdvance", "ph":"B", "ts":"3441000356", "pid":"1", "tid":"cice"},
{"name":"ModelAdvance", "ph":"E", "ts":"3441490683", "pid":"1", "tid":"cice"},
{"name":"ModelAdvance", "ph":"B", "ts":"3441637872", "pid":"1", "tid":"cice"},
{"name":"ModelAdvance", "ph":"E", "ts":"3442120202", "pid":"1", "tid":"cice"},
{"name":"ModelAdvance", "ph":"B", "ts":"3442281392", "pid":"1", "tid":"cice"},
{"name":"ModelAdvance", "ph":"E", "ts":"3442766715", "pid":"1", "tid":"cice"},
{"name":"ModelAdvance", "ph":"B", "ts":"3442930983", "pid":"1", "tid":"cice"},
{"name":"ModelAdvance", "ph":"E", "ts":"3443410645", "pid":"1", "tid":"cice"},
{"name":"ModelAdvance", "ph":"B", "ts":"3443579914", "pid":"1", "tid":"cice"},
{"name":"ModelAdvance", "ph":"E", "ts":"3444064309", "pid":"1", "tid":"cice"},
{"name":"ModelAdvance", "ph":"B", "ts":"3444219536", "pid":"1", "tid":"cice"},
{"name":"ModelAdvance", "ph":"E", "ts":"3444702842", "pid":"1", "tid":"cice"},
{"name":"ModelAdvance", "ph":"B", "ts":"3444858544", "pid":"1", "tid":"cice"},
{"name":"ModelAdvance", "ph":"E", "ts":"3445338612", "pid":"1", "tid":"cice"},
{"name":"ModelAdvance", "ph":"B", "ts":"3445525879", "pid":"1", "tid":"cice"},
{"name":"ModelAdvance", "ph":"E", "ts":"3446009001", "pid":"1", "tid":"cice"},
{"name":"ModelAdvance", "ph":"B", "ts":"3446166900", "pid":"1", "tid":"cice"},
{"name":"ModelAdvance", "ph":"E", "ts":"3446645801", "pid":"1", "tid":"cice"},
{"name":"ModelAdvance", "ph":"B", "ts":"3446806171", "pid":"1", "tid":"cice"},
{"name":"ModelAdvance", "ph":"E", "ts":"3447284126", "pid":"1", "tid":"cice"},
{"name":"ModelAdvance", "ph":"B", "ts":"3447445728", "pid":"1", "tid":"cice"},
{"name":"ModelAdvance", "ph":"E", "ts":"3447927426", "pid":"1", "tid":"cice"},
{"name":"ModelAdvance", "ph":"B", "ts":"3448091054", "pid":"1", "tid":"cice"},
{"name":"ModelAdvance", "ph":"E", "ts":"3448571109", "pid":"1", "tid":"cice"},
{"name":"ModelAdvance", "ph":"B", "ts":"3448736178", "pid":"1", "tid":"cice"},
{"name":"ModelAdvance", "ph":"E", "ts":"3449225388", "pid":"1", "tid":"cice"},
{"name":"ModelAdvance", "ph":"B", "ts":"3449384963", "pid":"1", "tid":"cice"},
{"name":"ModelAdvance", "ph":"E", "ts":"3449865876", "pid":"1", "tid":"cice"},
{"name":"ModelAdvance", "ph":"B", "ts":"3450019111", "pid":"1", "tid":"cice"},
{"name":"ModelAdvance", "ph":"E", "ts":"3450497873", "pid":"1", "tid":"cice"},
{"name":"ModelAdvance", "ph":"B", "ts":"3450664783", "pid":"1", "tid":"cice"},
{"name":"ModelAdvance", "ph":"E", "ts":"3451142204", "pid":"1", "tid":"cice"},
{"name":"ModelAdvance", "ph":"B", "ts":"3451301728", "pid":"1", "tid":"cice"},
{"name":"ModelAdvance", "ph":"E", "ts":"3451779672", "pid":"1", "tid":"cice"},
{"name":"ModelAdvance", "ph":"B", "ts":"3451947473", "pid":"1", "tid":"cice"},
{"name":"ModelAdvance", "ph":"E", "ts":"3452423622", "pid":"1", "tid":"cice"},
{"name":"ModelAdvance", "ph":"B", "ts":"3452587550", "pid":"1", "tid":"cice"},
{"name":"ModelAdvance", "ph":"E", "ts":"3453067784", "pid":"1", "tid":"cice"},
{"name":"ModelAdvance", "ph":"B", "ts":"3453254593", "pid":"1", "tid":"cice"},
{"name":"ModelAdvance", "ph":"E", "ts":"3453738445", "pid":"1", "tid":"cice"},
{"name":"ModelAdvance", "ph":"B", "ts":"3454565395", "pid":"1", "tid":"cice"},
{"name":"ModelAdvance", "ph":"E", "ts":"3455042172", "pid":"1", "tid":"cice"},
{"name":"ModelAdvance", "ph":"B", "ts":"3455199755", "pid":"1", "tid":"cice"},
{"name":"ModelAdvance", "ph":"E", "ts":"3455681000", "pid":"1", "tid":"cice"},
{"name":"ModelAdvance", "ph":"B", "ts":"3455827138", "pid":"1", "tid":"cice"},
{"name":"ModelAdvance", "ph":"E", "ts":"3456308694", "pid":"1", "tid":"cice"},
{"name":"ModelAdvance", "ph":"B", "ts":"3456471152", "pid":"1", "tid":"cice"},
{"name":"ModelAdvance", "ph":"E", "ts":"3456948103", "pid":"1", "tid":"cice"},
{"name":"ModelAdvance", "ph":"B", "ts":"3457113096", "pid":"1", "tid":"cice"},
{"name":"ModelAdvance", "ph":"E", "ts":"3457592086", "pid":"1", "tid":"cice"},
{"name":"ModelAdvance", "ph":"B", "ts":"3457751081", "pid":"1", "tid":"cice"},
{"name":"ModelAdvance", "ph":"E", "ts":"3458225671", "pid":"1", "tid":"cice"},
{"name":"ModelAdvance", "ph":"B", "ts":"3458393348", "pid":"1", "tid":"cice"},
{"name":"ModelAdvance", "ph":"E", "ts":"3458870698", "pid":"1", "tid":"cice"},
{"name":"ModelAdvance", "ph":"B", "ts":"3459030124", "pid":"1", "tid":"cice"},
{"name":"ModelAdvance", "ph":"E", "ts":"3459500213", "pid":"1", "tid":"cice"},
{"name":"ModelAdvance", "ph":"B", "ts":"3459666906", "pid":"1", "tid":"cice"},
{"name":"ModelAdvance", "ph":"E", "ts":"3460141424", "pid":"1", "tid":"cice"},
{"name":"ModelAdvance", "ph":"B", "ts":"3460298756", "pid":"1", "tid":"cice"},
{"name":"ModelAdvance", "ph":"E", "ts":"3460774117", "pid":"1", "tid":"cice"},
{"name":"ModelAdvance", "ph":"B", "ts":"3460931363", "pid":"1", "tid":"cice"},
{"name":"ModelAdvance", "ph":"E", "ts":"3461398998", "pid":"1", "tid":"cice"},
{"name":"ModelAdvance", "ph":"B", "ts":"3461591521", "pid":"1", "tid":"cice"},
{"name":"ModelAdvance", "ph":"E", "ts":"3462060281", "pid":"1", "tid":"cice"},
{"name":"ModelAdvance", "ph":"B", "ts":"3462233329", "pid":"1", "tid":"cice"},
{"name":"ModelAdvance", "ph":"E", "ts":"3462695938", "pid":"1", "tid":"cice"},
{"name":"ModelAdvance", "ph":"B", "ts":"3462869448", "pid":"1", "tid":"cice"},
{"name":"ModelAdvance", "ph":"E", "ts":"3463338361", "pid":"1", "tid":"cice"},
{"name":"ModelAdvance", "ph":"B", "ts":"3463514627", "pid":"1", "tid":"cice"},
{"name":"ModelAdvance", "ph":"E", "ts":"3463988849", "pid":"1", "tid":"cice"},
{"name":"ModelAdvance", "ph":"B", "ts":"3464153426", "pid":"1", "tid":"cice"},
{"name":"ModelAdvance", "ph":"E", "ts":"3464627495", "pid":"1", "tid":"cice"},
{"name":"ModelAdvance", "ph":"B", "ts":"3464794659", "pid":"1", "tid":"cice"},
{"name":"ModelAdvance", "ph":"E", "ts":"3465271619", "pid":"1", "tid":"cice"},
{"name":"ModelAdvance", "ph":"B", "ts":"3465421237", "pid":"1", "tid":"cice"},
{"name":"ModelAdvance", "ph":"E", "ts":"3465895233", "pid":"1", "tid":"cice"},
{"name":"ModelAdvance", "ph":"B", "ts":"3466050749", "pid":"1", "tid":"cice"},
{"name":"ModelAdvance", "ph":"E", "ts":"3466524048", "pid":"1", "tid":"cice"},
{"name":"ModelAdvance", "ph":"B", "ts":"3466694434", "pid":"1", "tid":"cice"},
{"name":"ModelAdvance", "ph":"E", "ts":"3467165623", "pid":"1", "tid":"cice"},
{"name":"ModelAdvance", "ph":"B", "ts":"3467329445", "pid":"1", "tid":"cice"},
{"name":"ModelAdvance", "ph":"E", "ts":"3467796353", "pid":"1", "tid":"cice"},
{"name":"ModelAdvance", "ph":"B", "ts":"3467958049", "pid":"1", "tid":"cice"},
{"name":"ModelAdvance", "ph":"E", "ts":"3468427695", "pid":"1", "tid":"cice"},
{"name":"ModelAdvance", "ph":"B", "ts":"3469121952", "pid":"1", "tid":"cice"},
{"name":"ModelAdvance", "ph":"E", "ts":"3469593896", "pid":"1", "tid":"cice"},
{"name":"ModelAdvance", "ph":"B", "ts":"3469809053", "pid":"1", "tid":"cice"},
{"name":"ModelAdvance", "ph":"E", "ts":"3470283207", "pid":"1", "tid":"cice"},
{"name":"ModelAdvance", "ph":"B", "ts":"3471079552", "pid":"1", "tid":"cice"},
{"name":"ModelAdvance", "ph":"E", "ts":"3471554339", "pid":"1", "tid":"cice"},
{"name":"ModelAdvance", "ph":"B", "ts":"3471710577", "pid":"1", "tid":"cice"},
{"name":"ModelAdvance", "ph":"E", "ts":"3472183106", "pid":"1", "tid":"cice"},
{"name":"ModelAdvance", "ph":"B", "ts":"3472339763", "pid":"1", "tid":"cice"},
{"name":"ModelAdvance", "ph":"E", "ts":"3472804705", "pid":"1", "tid":"cice"},
{"name":"ModelAdvance", "ph":"B", "ts":"3472971901", "pid":"1", "tid":"cice"},
{"name":"ModelAdvance", "ph":"E", "ts":"3473445121", "pid":"1", "tid":"cice"},
{"name":"ModelAdvance", "ph":"B", "ts":"3473619882", "pid":"1", "tid":"cice"},
{"name":"ModelAdvance", "ph":"E", "ts":"3474087742", "pid":"1", "tid":"cice"},
{"name":"ModelAdvance", "ph":"B", "ts":"3474247707", "pid":"1", "tid":"cice"},
{"name":"ModelAdvance", "ph":"E", "ts":"3474716743", "pid":"1", "tid":"cice"},
{"name":"ModelAdvance", "ph":"B", "ts":"3474887722", "pid":"1", "tid":"cice"},
{"name":"ModelAdvance", "ph":"E", "ts":"3475357179", "pid":"1", "tid":"cice"},
{"name":"ModelAdvance", "ph":"B", "ts":"3475513338", "pid":"1", "tid":"cice"},
{"name":"ModelAdvance", "ph":"E", "ts":"3475986281", "pid":"1", "tid":"cice"},
{"name":"ModelAdvance", "ph":"B", "ts":"3476148788", "pid":"1", "tid":"cice"},
{"name":"ModelAdvance", "ph":"E", "ts":"3476618244", "pid":"1", "tid":"cice"},
{"name":"ModelAdvance", "ph":"B", "ts":"3476780512", "pid":"1", "tid":"cice"},
{"name":"ModelAdvance", "ph":"E", "ts":"3477246254", "pid":"1", "tid":"cice"},
{"name":"ModelAdvance", "ph":"B", "ts":"3477412757", "pid":"1", "tid":"cice"},
{"name":"ModelAdvance", "ph":"E", "ts":"3477888089", "pid":"1", "tid":"cice"},
{"name":"ModelAdvance", "ph":"B", "ts":"3478060722", "pid":"1", "tid":"cice"},
{"name":"ModelAdvance", "ph":"E", "ts":"3478540003", "pid":"1", "tid":"cice"},
{"name":"ModelAdvance", "ph":"B", "ts":"3478732134", "pid":"1", "tid":"cice"},
{"name":"ModelAdvance", "ph":"E", "ts":"3479203569", "pid":"1", "tid":"cice"},
{"name":"ModelAdvance", "ph":"B", "ts":"3479360800", "pid":"1", "tid":"cice"},
{"name":"ModelAdvance", "ph":"E", "ts":"3479831293", "pid":"1", "tid":"cice"},
{"name":"ModelAdvance", "ph":"B", "ts":"3479997695", "pid":"1", "tid":"cice"},
{"name":"ModelAdvance", "ph":"E", "ts":"3480473056", "pid":"1", "tid":"cice"},
{"name":"ModelAdvance", "ph":"B", "ts":"3480636731", "pid":"1", "tid":"cice"},
{"name":"ModelAdvance", "ph":"E", "ts":"3481106490", "pid":"1", "tid":"cice"},
{"name":"ModelAdvance", "ph":"B", "ts":"3481280442", "pid":"1", "tid":"cice"},
{"name":"ModelAdvance", "ph":"E", "ts":"3481752304", "pid":"1", "tid":"cice"},
{"name":"ModelAdvance", "ph":"B", "ts":"3481924136", "pid":"1", "tid":"cice"},
{"name":"ModelAdvance", "ph":"E", "ts":"3482395709", "pid":"1", "tid":"cice"},
{"name":"ModelAdvance", "ph":"B", "ts":"3482564124", "pid":"1", "tid":"cice"},
{"name":"ModelAdvance", "ph":"E", "ts":"3483036782", "pid":"1", "tid":"cice"},
{"name":"ModelAdvance", "ph":"B", "ts":"3483190536", "pid":"1", "tid":"cice"},
{"name":"ModelAdvance", "ph":"E", "ts":"3483661135", "pid":"1", "tid":"cice"},
{"name":"ModelAdvance", "ph":"B", "ts":"3483818349", "pid":"1", "tid":"cice"},
{"name":"ModelAdvance", "ph":"E", "ts":"3484291245", "pid":"1", "tid":"cice"},
{"name":"ModelAdvance", "ph":"B", "ts":"3484443425", "pid":"1", "tid":"cice"},
{"name":"ModelAdvance", "ph":"E", "ts":"3484915170", "pid":"1", "tid":"cice"},
{"name":"ModelAdvance", "ph":"B", "ts":"3485082499", "pid":"1", "tid":"cice"},
{"name":"ModelAdvance", "ph":"E", "ts":"3485653890", "pid":"1", "tid":"cice"},
{"name":"ModelAdvance", "ph":"B", "ts":"3485737383", "pid":"1", "tid":"cice"},
{"name":"ModelAdvance", "ph":"E", "ts":"3486211576", "pid":"1", "tid":"cice"},
{"name":"ModelAdvance", "ph":"B", "ts":"3487077736", "pid":"1", "tid":"cice"},
{"name":"ModelAdvance", "ph":"E", "ts":"3487550296", "pid":"1", "tid":"cice"},
{"name":"ModelAdvance", "ph":"B", "ts":"3487710201", "pid":"1", "tid":"cice"},
{"name":"ModelAdvance", "ph":"E", "ts":"3488181836", "pid":"1", "tid":"cice"},
{"name":"ModelAdvance", "ph":"B", "ts":"3488340469", "pid":"1", "tid":"cice"},
{"name":"ModelAdvance", "ph":"E", "ts":"3488809426", "pid":"1", "tid":"cice"},
{"name":"ModelAdvance", "ph":"B", "ts":"3488970539", "pid":"1", "tid":"cice"},
{"name":"ModelAdvance", "ph":"E", "ts":"3489449303", "pid":"1", "tid":"cice"},
{"name":"ModelAdvance", "ph":"B", "ts":"3489605827", "pid":"1", "tid":"cice"},
{"name":"ModelAdvance", "ph":"E", "ts":"3490082148", "pid":"1", "tid":"cice"},
{"name":"ModelAdvance", "ph":"B", "ts":"3490241697", "pid":"1", "tid":"cice"},
{"name":"ModelAdvance", "ph":"E", "ts":"3490717172", "pid":"1", "tid":"cice"},
{"name":"ModelAdvance", "ph":"B", "ts":"3490880371", "pid":"1", "tid":"cice"},
{"name":"ModelAdvance", "ph":"E", "ts":"3491350711", "pid":"1", "tid":"cice"},
{"name":"ModelAdvance", "ph":"B", "ts":"3491514022", "pid":"1", "tid":"cice"},
{"name":"ModelAdvance", "ph":"E", "ts":"3491986287", "pid":"1", "tid":"cice"},
{"name":"ModelAdvance", "ph":"B", "ts":"3492151321", "pid":"1", "tid":"cice"},
{"name":"ModelAdvance", "ph":"E", "ts":"3492621737", "pid":"1", "tid":"cice"},
{"name":"ModelAdvance", "ph":"B", "ts":"3492790311", "pid":"1", "tid":"cice"},
{"name":"ModelAdvance", "ph":"E", "ts":"3493264882", "pid":"1", "tid":"cice"},
{"name":"ModelAdvance", "ph":"B", "ts":"3493429740", "pid":"1", "tid":"cice"},
{"name":"ModelAdvance", "ph":"E", "ts":"3493905529", "pid":"1", "tid":"cice"},
{"name":"ModelAdvance", "ph":"B", "ts":"3494088561", "pid":"1", "tid":"cice"},
{"name":"ModelAdvance", "ph":"E", "ts":"3494594868", "pid":"1", "tid":"cice"},
{"name":"ModelAdvance", "ph":"B", "ts":"3494738314", "pid":"1", "tid":"cice"},
{"name":"ModelAdvance", "ph":"E", "ts":"3495213032", "pid":"1", "tid":"cice"},
{"name":"ModelAdvance", "ph":"B", "ts":"3495364488", "pid":"1", "tid":"cice"},
{"name":"ModelAdvance", "ph":"E", "ts":"3495846923", "pid":"1", "tid":"cice"},
{"name":"ModelAdvance", "ph":"B", "ts":"3495997601", "pid":"1", "tid":"cice"},
{"name":"ModelAdvance", "ph":"E", "ts":"3496465429", "pid":"1", "tid":"cice"},
{"name":"ModelAdvance", "ph":"B", "ts":"3496627046", "pid":"1", "tid":"cice"},
{"name":"ModelAdvance", "ph":"E", "ts":"3497105238", "pid":"1", "tid":"cice"},
{"name":"ModelAdvance", "ph":"B", "ts":"3497257034", "pid":"1", "tid":"cice"},
{"name":"ModelAdvance", "ph":"E", "ts":"3497731279", "pid":"1", "tid":"cice"},
{"name":"ModelAdvance", "ph":"B", "ts":"3497900752", "pid":"1", "tid":"cice"},
{"name":"ModelAdvance", "ph":"E", "ts":"3498375117", "pid":"1", "tid":"cice"},
{"name":"ModelAdvance", "ph":"B", "ts":"3498544966", "pid":"1", "tid":"cice"},
{"name":"ModelAdvance", "ph":"E", "ts":"3499026740", "pid":"1", "tid":"cice"},
{"name":"ModelAdvance", "ph":"B", "ts":"3499181691", "pid":"1", "tid":"cice"},
{"name":"ModelAdvance", "ph":"E", "ts":"3499651775", "pid":"1", "tid":"cice"},
{"name":"ModelAdvance", "ph":"B", "ts":"3499809695", "pid":"1", "tid":"cice"},
{"name":"ModelAdvance", "ph":"E", "ts":"3500290511", "pid":"1", "tid":"cice"},
{"name":"ModelAdvance", "ph":"B", "ts":"3500452245", "pid":"1", "tid":"cice"},
{"name":"ModelAdvance", "ph":"E", "ts":"3500932072", "pid":"1", "tid":"cice"},
{"name":"ModelAdvance", "ph":"B", "ts":"3501094188", "pid":"1", "tid":"cice"},
{"name":"ModelAdvance", "ph":"E", "ts":"3501568135", "pid":"1", "tid":"cice"},
{"name":"ModelAdvance", "ph":"B", "ts":"3501758174", "pid":"1", "tid":"cice"},
{"name":"ModelAdvance", "ph":"E", "ts":"3502240313", "pid":"1", "tid":"cice"},
{"name":"ModelAdvance", "ph":"B", "ts":"3503095555", "pid":"1", "tid":"cice"},
{"name":"ModelAdvance", "ph":"E", "ts":"3503575573", "pid":"1", "tid":"cice"},
{"name":"ModelAdvance", "ph":"B", "ts":"3503727522", "pid":"1", "tid":"cice"},
{"name":"ModelAdvance", "ph":"E", "ts":"3504194856", "pid":"1", "tid":"cice"},
{"name":"ModelAdvance", "ph":"B", "ts":"3504351768", "pid":"1", "tid":"cice"},
{"name":"ModelAdvance", "ph":"E", "ts":"3504842044", "pid":"1", "tid":"cice"},
{"name":"ModelAdvance", "ph":"B", "ts":"3504994994", "pid":"1", "tid":"cice"},
{"name":"ModelAdvance", "ph":"E", "ts":"3505471572", "pid":"1", "tid":"cice"},
{"name":"ModelAdvance", "ph":"B", "ts":"3505649597", "pid":"1", "tid":"cice"},
{"name":"ModelAdvance", "ph":"E", "ts":"3506136792", "pid":"1", "tid":"cice"},
{"name":"ModelAdvance", "ph":"B", "ts":"3506278313", "pid":"1", "tid":"cice"},
{"name":"ModelAdvance", "ph":"E", "ts":"3506759718", "pid":"1", "tid":"cice"},
{"name":"ModelAdvance", "ph":"B", "ts":"3506941149", "pid":"1", "tid":"cice"},
{"name":"ModelAdvance", "ph":"E", "ts":"3507421554", "pid":"1", "tid":"cice"},
{"name":"ModelAdvance", "ph":"B", "ts":"3507575391", "pid":"1", "tid":"cice"},
{"name":"ModelAdvance", "ph":"E", "ts":"3508056900", "pid":"1", "tid":"cice"},
{"name":"ModelAdvance", "ph":"B", "ts":"3508214340", "pid":"1", "tid":"cice"},
{"name":"ModelAdvance", "ph":"E", "ts":"3508690779", "pid":"1", "tid":"cice"},
{"name":"ModelAdvance", "ph":"B", "ts":"3508858317", "pid":"1", "tid":"cice"},
{"name":"ModelAdvance", "ph":"E", "ts":"3509337424", "pid":"1", "tid":"cice"},
{"name":"ModelAdvance", "ph":"B", "ts":"3509494624", "pid":"1", "tid":"cice"},
{"name":"ModelAdvance", "ph":"E", "ts":"3509981306", "pid":"1", "tid":"cice"},
{"name":"ModelAdvance", "ph":"B", "ts":"3510161684", "pid":"1", "tid":"cice"},
{"name":"ModelAdvance", "ph":"E", "ts":"3510640560", "pid":"1", "tid":"cice"},
{"name":"ModelAdvance", "ph":"B", "ts":"3510799762", "pid":"1", "tid":"cice"},
{"name":"ModelAdvance", "ph":"E", "ts":"3511279638", "pid":"1", "tid":"cice"},
{"name":"ModelAdvance", "ph":"B", "ts":"3511447494", "pid":"1", "tid":"cice"},
{"name":"ModelAdvance", "ph":"E", "ts":"3511933223", "pid":"1", "tid":"cice"},
{"name":"ModelAdvance", "ph":"B", "ts":"3512092588", "pid":"1", "tid":"cice"},
{"name":"ModelAdvance", "ph":"E", "ts":"3512575697", "pid":"1", "tid":"cice"},
{"name":"ModelAdvance", "ph":"B", "ts":"3512739830", "pid":"1", "tid":"cice"},
{"name":"ModelAdvance", "ph":"E", "ts":"3513222123", "pid":"1", "tid":"cice"},
{"name":"ModelAdvance", "ph":"B", "ts":"3513393944", "pid":"1", "tid":"cice"},
{"name":"ModelAdvance", "ph":"E", "ts":"3513869861", "pid":"1", "tid":"cice"},
{"name":"ModelAdvance", "ph":"B", "ts":"3514037989", "pid":"1", "tid":"cice"},
{"name":"ModelAdvance", "ph":"E", "ts":"3514518256", "pid":"1", "tid":"cice"},
{"name":"ModelAdvance", "ph":"B", "ts":"3514699053", "pid":"1", "tid":"cice"},
{"name":"ModelAdvance", "ph":"E", "ts":"3515182548", "pid":"1", "tid":"cice"},
{"name":"ModelAdvance", "ph":"B", "ts":"3515360535", "pid":"1", "tid":"cice"},
{"name":"ModelAdvance", "ph":"E", "ts":"3515835961", "pid":"1", "tid":"cice"},
{"name":"ModelAdvance", "ph":"B", "ts":"3516061350", "pid":"1", "tid":"cice"},
{"name":"ModelAdvance", "ph":"E", "ts":"3516535520", "pid":"1", "tid":"cice"},
{"name":"ModelAdvance", "ph":"B", "ts":"3516709322", "pid":"1", "tid":"cice"},
{"name":"ModelAdvance", "ph":"E", "ts":"3517187777", "pid":"1", "tid":"cice"},
{"name":"ModelAdvance", "ph":"B", "ts":"3517354180", "pid":"1", "tid":"cice"},
{"name":"ModelAdvance", "ph":"E", "ts":"3517827107", "pid":"1", "tid":"cice"},
{"name":"ModelAdvance", "ph":"B", "ts":"3518128196", "pid":"1", "tid":"cice"},
{"name":"ModelAdvance", "ph":"E", "ts":"3518608834", "pid":"1", "tid":"cice"},
{"name":"ModelAdvance", "ph":"B", "ts":"3519466977", "pid":"1", "tid":"cice"},
{"name":"ModelAdvance", "ph":"E", "ts":"3519937272", "pid":"1", "tid":"cice"},
{"name":"ModelAdvance", "ph":"B", "ts":"3520127939", "pid":"1", "tid":"cice"},
{"name":"ModelAdvance", "ph":"E", "ts":"3520606151", "pid":"1", "tid":"cice"},
{"name":"ModelAdvance", "ph":"B", "ts":"3520768315", "pid":"1", "tid":"cice"},
{"name":"ModelAdvance", "ph":"E", "ts":"3521247124", "pid":"1", "tid":"cice"},
{"name":"ModelAdvance", "ph":"B", "ts":"3521417732", "pid":"1", "tid":"cice"},
{"name":"ModelAdvance", "ph":"E", "ts":"3521896261", "pid":"1", "tid":"cice"},
{"name":"ModelAdvance", "ph":"B", "ts":"3522074547", "pid":"1", "tid":"cice"},
{"name":"ModelAdvance", "ph":"E", "ts":"3522552070", "pid":"1", "tid":"cice"},
{"name":"ModelAdvance", "ph":"B", "ts":"3522722406", "pid":"1", "tid":"cice"},
{"name":"ModelAdvance", "ph":"E", "ts":"3523204160", "pid":"1", "tid":"cice"},
{"name":"ModelAdvance", "ph":"B", "ts":"3523365691", "pid":"1", "tid":"cice"},
{"name":"ModelAdvance", "ph":"E", "ts":"3523836369", "pid":"1", "tid":"cice"},
{"name":"ModelAdvance", "ph":"B", "ts":"3524009482", "pid":"1", "tid":"cice"},
{"name":"ModelAdvance", "ph":"E", "ts":"3524488562", "pid":"1", "tid":"cice"},
{"name":"ModelAdvance", "ph":"B", "ts":"3524661276", "pid":"1", "tid":"cice"},
{"name":"ModelAdvance", "ph":"E", "ts":"3525142975", "pid":"1", "tid":"cice"},
{"name":"ModelAdvance", "ph":"B", "ts":"3525319905", "pid":"1", "tid":"cice"},
{"name":"ModelAdvance", "ph":"E", "ts":"3525803927", "pid":"1", "tid":"cice"},
{"name":"ModelAdvance", "ph":"B", "ts":"3525959976", "pid":"1", "tid":"cice"},
{"name":"ModelAdvance", "ph":"E", "ts":"3526437536", "pid":"1", "tid":"cice"},
{"name":"ModelAdvance", "ph":"B", "ts":"3526638156", "pid":"1", "tid":"cice"},
{"name":"ModelAdvance", "ph":"E", "ts":"3527115638", "pid":"1", "tid":"cice"},
{"name":"ModelAdvance", "ph":"B", "ts":"3527282724", "pid":"1", "tid":"cice"},
{"name":"ModelAdvance", "ph":"E", "ts":"3527764436", "pid":"1", "tid":"cice"},
{"name":"ModelAdvance", "ph":"B", "ts":"3527940455", "pid":"1", "tid":"cice"},
{"name":"ModelAdvance", "ph":"E", "ts":"3528411386", "pid":"1", "tid":"cice"},
{"name":"ModelAdvance", "ph":"B", "ts":"3528603030", "pid":"1", "tid":"cice"},
{"name":"ModelAdvance", "ph":"E", "ts":"3529081867", "pid":"1", "tid":"cice"},
{"name":"ModelAdvance", "ph":"B", "ts":"3529250073", "pid":"1", "tid":"cice"},
{"name":"ModelAdvance", "ph":"E", "ts":"3529729043", "pid":"1", "tid":"cice"},
{"name":"ModelAdvance", "ph":"B", "ts":"3529896828", "pid":"1", "tid":"cice"},
{"name":"ModelAdvance", "ph":"E", "ts":"3530388381", "pid":"1", "tid":"cice"},
{"name":"ModelAdvance", "ph":"B", "ts":"3530541870", "pid":"1", "tid":"cice"},
{"name":"ModelAdvance", "ph":"E", "ts":"3531023584", "pid":"1", "tid":"cice"},
{"name":"ModelAdvance", "ph":"B", "ts":"3531187133", "pid":"1", "tid":"cice"},
{"name":"ModelAdvance", "ph":"E", "ts":"3531666458", "pid":"1", "tid":"cice"},
{"name":"ModelAdvance", "ph":"B", "ts":"3531852952", "pid":"1", "tid":"cice"},
{"name":"ModelAdvance", "ph":"E", "ts":"3532335978", "pid":"1", "tid":"cice"},
{"name":"ModelAdvance", "ph":"B", "ts":"3532505371", "pid":"1", "tid":"cice"},
{"name":"ModelAdvance", "ph":"E", "ts":"3532981770", "pid":"1", "tid":"cice"},
{"name":"ModelAdvance", "ph":"B", "ts":"3533197033", "pid":"1", "tid":"cice"},
{"name":"ModelAdvance", "ph":"E", "ts":"3533671547", "pid":"1", "tid":"cice"},
{"name":"ModelAdvance", "ph":"B", "ts":"3533841630", "pid":"1", "tid":"cice"},
{"name":"ModelAdvance", "ph":"E", "ts":"3534321170", "pid":"1", "tid":"cice"},
{"name":"ModelAdvance", "ph":"B", "ts":"3534553257", "pid":"1", "tid":"cice"},
{"name":"ModelAdvance", "ph":"E", "ts":"3535063668", "pid":"1", "tid":"cice"},
{"name":"ModelAdvance", "ph":"B", "ts":"3535871361", "pid":"1", "tid":"cice"},
{"name":"ModelAdvance", "ph":"E", "ts":"3536352155", "pid":"1", "tid":"cice"},
{"name":"ModelAdvance", "ph":"B", "ts":"3536503823", "pid":"1", "tid":"cice"},
{"name":"ModelAdvance", "ph":"E", "ts":"3536984294", "pid":"1", "tid":"cice"},
{"name":"ModelAdvance", "ph":"B", "ts":"3537133339", "pid":"1", "tid":"cice"},
{"name":"ModelAdvance", "ph":"E", "ts":"3537613358", "pid":"1", "tid":"cice"},
{"name":"ModelAdvance", "ph":"B", "ts":"3537765206", "pid":"1", "tid":"cice"},
{"name":"ModelAdvance", "ph":"E", "ts":"3538244650", "pid":"1", "tid":"cice"},
{"name":"ModelAdvance", "ph":"B", "ts":"3538425765", "pid":"1", "tid":"cice"},
{"name":"ModelAdvance", "ph":"E", "ts":"3538902693", "pid":"1", "tid":"cice"},
{"name":"ModelAdvance", "ph":"B", "ts":"3539057604", "pid":"1", "tid":"cice"},
{"name":"ModelAdvance", "ph":"E", "ts":"3539532388", "pid":"1", "tid":"cice"},
{"name":"ModelAdvance", "ph":"B", "ts":"3539704749", "pid":"1", "tid":"cice"},
{"name":"ModelAdvance", "ph":"E", "ts":"3540188896", "pid":"1", "tid":"cice"},
{"name":"ModelAdvance", "ph":"B", "ts":"3540338516", "pid":"1", "tid":"cice"},
{"name":"ModelAdvance", "ph":"E", "ts":"3540818275", "pid":"1", "tid":"cice"},
{"name":"ModelAdvance", "ph":"B", "ts":"3540973211", "pid":"1", "tid":"cice"},
{"name":"ModelAdvance", "ph":"E", "ts":"3541452528", "pid":"1", "tid":"cice"},
{"name":"ModelAdvance", "ph":"B", "ts":"3541611731", "pid":"1", "tid":"cice"},
{"name":"ModelAdvance", "ph":"E", "ts":"3542090775", "pid":"1", "tid":"cice"},
{"name":"ModelAdvance", "ph":"B", "ts":"3542239487", "pid":"1", "tid":"cice"},
{"name":"ModelAdvance", "ph":"E", "ts":"3542718941", "pid":"1", "tid":"cice"},
{"name":"ModelAdvance", "ph":"B", "ts":"3542907853", "pid":"1", "tid":"cice"},
{"name":"ModelAdvance", "ph":"E", "ts":"3543389778", "pid":"1", "tid":"cice"},
{"name":"ModelAdvance", "ph":"B", "ts":"3543547852", "pid":"1", "tid":"cice"},
{"name":"ModelAdvance", "ph":"E", "ts":"3544023898", "pid":"1", "tid":"cice"},
{"name":"ModelAdvance", "ph":"B", "ts":"3544191376", "pid":"1", "tid":"cice"},
{"name":"ModelAdvance", "ph":"E", "ts":"3544673574", "pid":"1", "tid":"cice"},
{"name":"ModelAdvance", "ph":"B", "ts":"3544830551", "pid":"1", "tid":"cice"},
{"name":"ModelAdvance", "ph":"E", "ts":"3545316796", "pid":"1", "tid":"cice"},
{"name":"ModelAdvance", "ph":"B", "ts":"3545474960", "pid":"1", "tid":"cice"},
{"name":"ModelAdvance", "ph":"E", "ts":"3545953708", "pid":"1", "tid":"cice"},
{"name":"ModelAdvance", "ph":"B", "ts":"3546116346", "pid":"1", "tid":"cice"},
{"name":"ModelAdvance", "ph":"E", "ts":"3546593974", "pid":"1", "tid":"cice"},
{"name":"ModelAdvance", "ph":"B", "ts":"3546762450", "pid":"1", "tid":"cice"},
{"name":"ModelAdvance", "ph":"E", "ts":"3547236459", "pid":"1", "tid":"cice"},
{"name":"ModelAdvance", "ph":"B", "ts":"3547391585", "pid":"1", "tid":"cice"},
{"name":"ModelAdvance", "ph":"E", "ts":"3547875366", "pid":"1", "tid":"cice"},
{"name":"ModelAdvance", "ph":"B", "ts":"3548021673", "pid":"1", "tid":"cice"},
{"name":"ModelAdvance", "ph":"E", "ts":"3548507811", "pid":"1", "tid":"cice"},
{"name":"ModelAdvance", "ph":"B", "ts":"3548665860", "pid":"1", "tid":"cice"},
{"name":"ModelAdvance", "ph":"E", "ts":"3549144588", "pid":"1", "tid":"cice"},
{"name":"ModelAdvance", "ph":"B", "ts":"3549307406", "pid":"1", "tid":"cice"},
{"name":"ModelAdvance", "ph":"E", "ts":"3549785792", "pid":"1", "tid":"cice"},
{"name":"ModelAdvance", "ph":"B", "ts":"3549940798", "pid":"1", "tid":"cice"},
{"name":"ModelAdvance", "ph":"E", "ts":"3550419004", "pid":"1", "tid":"cice"},
{"name":"ModelAdvance", "ph":"B", "ts":"3550593498", "pid":"1", "tid":"cice"},
{"name":"ModelAdvance", "ph":"E", "ts":"3551073689", "pid":"1", "tid":"cice"},
{"name":"ModelAdvance", "ph":"B", "ts":"3551870662", "pid":"1", "tid":"cice"},
{"name":"ModelAdvance", "ph":"E", "ts":"3552348604", "pid":"1", "tid":"cice"},
{"name":"ModelAdvance", "ph":"B", "ts":"3552497972", "pid":"1", "tid":"cice"},
{"name":"ModelAdvance", "ph":"E", "ts":"3552975556", "pid":"1", "tid":"cice"},
{"name":"ModelAdvance", "ph":"B", "ts":"3553132308", "pid":"1", "tid":"cice"},
{"name":"ModelAdvance", "ph":"E", "ts":"3553610708", "pid":"1", "tid":"cice"},
{"name":"ModelAdvance", "ph":"B", "ts":"3553771619", "pid":"1", "tid":"cice"},
{"name":"ModelAdvance", "ph":"E", "ts":"3554247133", "pid":"1", "tid":"cice"},
{"name":"ModelAdvance", "ph":"B", "ts":"3554419681", "pid":"1", "tid":"cice"},
{"name":"ModelAdvance", "ph":"E", "ts":"3554897044", "pid":"1", "tid":"cice"},
{"name":"ModelAdvance", "ph":"B", "ts":"3555059347", "pid":"1", "tid":"cice"},
{"name":"ModelAdvance", "ph":"E", "ts":"3555537268", "pid":"1", "tid":"cice"},
{"name":"ModelAdvance", "ph":"B", "ts":"3555694994", "pid":"1", "tid":"cice"},
{"name":"ModelAdvance", "ph":"E", "ts":"3556171623", "pid":"1", "tid":"cice"},
{"name":"ModelAdvance", "ph":"B", "ts":"3556322690", "pid":"1", "tid":"cice"},
{"name":"ModelAdvance", "ph":"E", "ts":"3556802641", "pid":"1", "tid":"cice"},
{"name":"ModelAdvance", "ph":"B", "ts":"3556948082", "pid":"1", "tid":"cice"},
{"name":"ModelAdvance", "ph":"E", "ts":"3557430455", "pid":"1", "tid":"cice"},
{"name":"ModelAdvance", "ph":"B", "ts":"3557584109", "pid":"1", "tid":"cice"},
{"name":"ModelAdvance", "ph":"E", "ts":"3558064795", "pid":"1", "tid":"cice"},
{"name":"ModelAdvance", "ph":"B", "ts":"3558219730", "pid":"1", "tid":"cice"},
{"name":"ModelAdvance", "ph":"E", "ts":"3558696561", "pid":"1", "tid":"cice"},
{"name":"ModelAdvance", "ph":"B", "ts":"3558976646", "pid":"1", "tid":"cice"},
{"name":"ModelAdvance", "ph":"E", "ts":"3559454558", "pid":"1", "tid":"cice"},
{"name":"ModelAdvance", "ph":"B", "ts":"3559621076", "pid":"1", "tid":"cice"},
{"name":"ModelAdvance", "ph":"E", "ts":"3560105442", "pid":"1", "tid":"cice"},
{"name":"ModelAdvance", "ph":"B", "ts":"3560254242", "pid":"1", "tid":"cice"},
{"name":"ModelAdvance", "ph":"E", "ts":"3560733912", "pid":"1", "tid":"cice"},
{"name":"ModelAdvance", "ph":"B", "ts":"3560885601", "pid":"1", "tid":"cice"},
{"name":"ModelAdvance", "ph":"E", "ts":"3561366470", "pid":"1", "tid":"cice"},
{"name":"ModelAdvance", "ph":"B", "ts":"3561515556", "pid":"1", "tid":"cice"},
{"name":"ModelAdvance", "ph":"E", "ts":"3561994921", "pid":"1", "tid":"cice"},
{"name":"ModelAdvance", "ph":"B", "ts":"3562149859", "pid":"1", "tid":"cice"},
{"name":"ModelAdvance", "ph":"E", "ts":"3562626250", "pid":"1", "tid":"cice"},
{"name":"ModelAdvance", "ph":"B", "ts":"3562778509", "pid":"1", "tid":"cice"},
{"name":"ModelAdvance", "ph":"E", "ts":"3563255456", "pid":"1", "tid":"cice"},
{"name":"ModelAdvance", "ph":"B", "ts":"3563419960", "pid":"1", "tid":"cice"},
{"name":"ModelAdvance", "ph":"E", "ts":"3563899265", "pid":"1", "tid":"cice"},
{"name":"ModelAdvance", "ph":"B", "ts":"3564127108", "pid":"1", "tid":"cice"},
{"name":"ModelAdvance", "ph":"E", "ts":"3564601914", "pid":"1", "tid":"cice"},
{"name":"ModelAdvance", "ph":"B", "ts":"3564760151", "pid":"1", "tid":"cice"},
{"name":"ModelAdvance", "ph":"E", "ts":"3565237300", "pid":"1", "tid":"cice"},
{"name":"ModelAdvance", "ph":"B", "ts":"3565408068", "pid":"1", "tid":"cice"},
{"name":"ModelAdvance", "ph":"E", "ts":"3565882401", "pid":"1", "tid":"cice"},
{"name":"ModelAdvance", "ph":"B", "ts":"3566043935", "pid":"1", "tid":"cice"},
{"name":"ModelAdvance", "ph":"E", "ts":"3566522875", "pid":"1", "tid":"cice"},
{"name":"ModelAdvance", "ph":"B", "ts":"3566708843", "pid":"1", "tid":"cice"},
{"name":"ModelAdvance", "ph":"E", "ts":"3567187550", "pid":"1", "tid":"cice"},
{"name":"ModelAdvance", "ph":"B", "ts":"3568022116", "pid":"1", "tid":"cice"},
{"name":"ModelAdvance", "ph":"E", "ts":"3568505118", "pid":"1", "tid":"cice"},
{"name":"ModelAdvance", "ph":"B", "ts":"3568669997", "pid":"1", "tid":"cice"},
{"name":"ModelAdvance", "ph":"E", "ts":"3569138439", "pid":"1", "tid":"cice"},
{"name":"ModelAdvance", "ph":"B", "ts":"3569302725", "pid":"1", "tid":"cice"},
{"name":"ModelAdvance", "ph":"E", "ts":"3569786079", "pid":"1", "tid":"cice"},
{"name":"ModelAdvance", "ph":"B", "ts":"3569944505", "pid":"1", "tid":"cice"},
{"name":"ModelAdvance", "ph":"E", "ts":"3570423969", "pid":"1", "tid":"cice"},
{"name":"ModelAdvance", "ph":"B", "ts":"3570580712", "pid":"1", "tid":"cice"},
{"name":"ModelAdvance", "ph":"E", "ts":"3571058569", "pid":"1", "tid":"cice"},
{"name":"ModelAdvance", "ph":"B", "ts":"3571224387", "pid":"1", "tid":"cice"},
{"name":"ModelAdvance", "ph":"E", "ts":"3571703603", "pid":"1", "tid":"cice"},
{"name":"ModelAdvance", "ph":"B", "ts":"3571874000", "pid":"1", "tid":"cice"},
{"name":"ModelAdvance", "ph":"E", "ts":"3572355636", "pid":"1", "tid":"cice"},
{"name":"ModelAdvance", "ph":"B", "ts":"3572525003", "pid":"1", "tid":"cice"},
{"name":"ModelAdvance", "ph":"E", "ts":"3573001891", "pid":"1", "tid":"cice"},
{"name":"ModelAdvance", "ph":"B", "ts":"3573168859", "pid":"1", "tid":"cice"},
{"name":"ModelAdvance", "ph":"E", "ts":"3573641128", "pid":"1", "tid":"cice"},
{"name":"ModelAdvance", "ph":"B", "ts":"3573803074", "pid":"1", "tid":"cice"},
{"name":"ModelAdvance", "ph":"E", "ts":"3574280435", "pid":"1", "tid":"cice"},
{"name":"ModelAdvance", "ph":"B", "ts":"3574457752", "pid":"1", "tid":"cice"},
{"name":"ModelAdvance", "ph":"E", "ts":"3574943429", "pid":"1", "tid":"cice"},
{"name":"ModelAdvance", "ph":"B", "ts":"3575125679", "pid":"1", "tid":"cice"},
{"name":"ModelAdvance", "ph":"E", "ts":"3575601254", "pid":"1", "tid":"cice"},
{"name":"ModelAdvance", "ph":"B", "ts":"3575766274", "pid":"1", "tid":"cice"},
{"name":"ModelAdvance", "ph":"E", "ts":"3576242142", "pid":"1", "tid":"cice"},
{"name":"ModelAdvance", "ph":"B", "ts":"3576445471", "pid":"1", "tid":"cice"},
{"name":"ModelAdvance", "ph":"E", "ts":"3576923230", "pid":"1", "tid":"cice"},
{"name":"ModelAdvance", "ph":"B", "ts":"3577089165", "pid":"1", "tid":"cice"},
{"name":"ModelAdvance", "ph":"E", "ts":"3577567157", "pid":"1", "tid":"cice"},
{"name":"ModelAdvance", "ph":"B", "ts":"3577725267", "pid":"1", "tid":"cice"},
{"name":"ModelAdvance", "ph":"E", "ts":"3578195280", "pid":"1", "tid":"cice"},
{"name":"ModelAdvance", "ph":"B", "ts":"3578370043", "pid":"1", "tid":"cice"},
{"name":"ModelAdvance", "ph":"E", "ts":"3578847602", "pid":"1", "tid":"cice"},
{"name":"ModelAdvance", "ph":"B", "ts":"3579007326", "pid":"1", "tid":"cice"},
{"name":"ModelAdvance", "ph":"E", "ts":"3579482900", "pid":"1", "tid":"cice"},
{"name":"ModelAdvance", "ph":"B", "ts":"3579641243", "pid":"1", "tid":"cice"},
{"name":"ModelAdvance", "ph":"E", "ts":"3580114835", "pid":"1", "tid":"cice"},
{"name":"ModelAdvance", "ph":"B", "ts":"3580281395", "pid":"1", "tid":"cice"},
{"name":"ModelAdvance", "ph":"E", "ts":"3580762619", "pid":"1", "tid":"cice"},
{"name":"ModelAdvance", "ph":"B", "ts":"3580922864", "pid":"1", "tid":"cice"},
{"name":"ModelAdvance", "ph":"E", "ts":"3581402212", "pid":"1", "tid":"cice"},
{"name":"ModelAdvance", "ph":"B", "ts":"3581558879", "pid":"1", "tid":"cice"},
{"name":"ModelAdvance", "ph":"E", "ts":"3582035217", "pid":"1", "tid":"cice"},
{"name":"ModelAdvance", "ph":"B", "ts":"3582196800", "pid":"1", "tid":"cice"},
{"name":"ModelAdvance", "ph":"E", "ts":"3582757572", "pid":"1", "tid":"cice"},
{"name":"ModelAdvance", "ph":"B", "ts":"3582869065", "pid":"1", "tid":"cice"},
{"name":"ModelAdvance", "ph":"E", "ts":"3583347884", "pid":"1", "tid":"cice"},
{"name":"ModelAdvance", "ph":"B", "ts":"3584173549", "pid":"1", "tid":"cice"},
{"name":"ModelAdvance", "ph":"E", "ts":"3584644930", "pid":"1", "tid":"cice"},
{"name":"ModelAdvance", "ph":"B", "ts":"3584801975", "pid":"1", "tid":"cice"},
{"name":"ModelAdvance", "ph":"E", "ts":"3585290800", "pid":"1", "tid":"cice"},
{"name":"ModelAdvance", "ph":"B", "ts":"3585438884", "pid":"1", "tid":"cice"},
{"name":"ModelAdvance", "ph":"E", "ts":"3585920294", "pid":"1", "tid":"cice"},
{"name":"ModelAdvance", "ph":"B", "ts":"3586067535", "pid":"1", "tid":"cice"},
{"name":"ModelAdvance", "ph":"E", "ts":"3586543686", "pid":"1", "tid":"cice"},
{"name":"ModelAdvance", "ph":"B", "ts":"3586726375", "pid":"1", "tid":"cice"},
{"name":"ModelAdvance", "ph":"E", "ts":"3587202223", "pid":"1", "tid":"cice"},
{"name":"ModelAdvance", "ph":"B", "ts":"3587372600", "pid":"1", "tid":"cice"},
{"name":"ModelAdvance", "ph":"E", "ts":"3587852029", "pid":"1", "tid":"cice"},
{"name":"ModelAdvance", "ph":"B", "ts":"3588012827", "pid":"1", "tid":"cice"},
{"name":"ModelAdvance", "ph":"E", "ts":"3588489456", "pid":"1", "tid":"cice"},
{"name":"ModelAdvance", "ph":"B", "ts":"3588652875", "pid":"1", "tid":"cice"},
{"name":"ModelAdvance", "ph":"E", "ts":"3589128093", "pid":"1", "tid":"cice"},
{"name":"ModelAdvance", "ph":"B", "ts":"3589293622", "pid":"1", "tid":"cice"},
{"name":"ModelAdvance", "ph":"E", "ts":"3589771024", "pid":"1", "tid":"cice"},
{"name":"ModelAdvance", "ph":"B", "ts":"3589938419", "pid":"1", "tid":"cice"},
{"name":"ModelAdvance", "ph":"E", "ts":"3590432636", "pid":"1", "tid":"cice"},
{"name":"ModelAdvance", "ph":"B", "ts":"3590574451", "pid":"1", "tid":"cice"},
{"name":"ModelAdvance", "ph":"E", "ts":"3591051514", "pid":"1", "tid":"cice"},
{"name":"ModelAdvance", "ph":"B", "ts":"3591235667", "pid":"1", "tid":"cice"},
{"name":"ModelAdvance", "ph":"E", "ts":"3591713593", "pid":"1", "tid":"cice"},
{"name":"ModelAdvance", "ph":"B", "ts":"3591866206", "pid":"1", "tid":"cice"},
{"name":"ModelAdvance", "ph":"E", "ts":"3592345941", "pid":"1", "tid":"cice"},
{"name":"ModelAdvance", "ph":"B", "ts":"3592511181", "pid":"1", "tid":"cice"},
{"name":"ModelAdvance", "ph":"E", "ts":"3592994375", "pid":"1", "tid":"cice"},
{"name":"ModelAdvance", "ph":"B", "ts":"3593142587", "pid":"1", "tid":"cice"},
{"name":"ModelAdvance", "ph":"E", "ts":"3593621446", "pid":"1", "tid":"cice"},
{"name":"ModelAdvance", "ph":"B", "ts":"3593787227", "pid":"1", "tid":"cice"},
{"name":"ModelAdvance", "ph":"E", "ts":"3594265686", "pid":"1", "tid":"cice"},
{"name":"ModelAdvance", "ph":"B", "ts":"3594420705", "pid":"1", "tid":"cice"},
{"name":"ModelAdvance", "ph":"E", "ts":"3594902115", "pid":"1", "tid":"cice"},
{"name":"ModelAdvance", "ph":"B", "ts":"3595048904", "pid":"1", "tid":"cice"},
{"name":"ModelAdvance", "ph":"E", "ts":"3595534566", "pid":"1", "tid":"cice"},
{"name":"ModelAdvance", "ph":"B", "ts":"3595682323", "pid":"1", "tid":"cice"},
{"name":"ModelAdvance", "ph":"E", "ts":"3596160745", "pid":"1", "tid":"cice"},
{"name":"ModelAdvance", "ph":"B", "ts":"3596306807", "pid":"1", "tid":"cice"},
{"name":"ModelAdvance", "ph":"E", "ts":"3596786856", "pid":"1", "tid":"cice"},
{"name":"ModelAdvance", "ph":"B", "ts":"3596937627", "pid":"1", "tid":"cice"},
{"name":"ModelAdvance", "ph":"E", "ts":"3597411521", "pid":"1", "tid":"cice"},
{"name":"ModelAdvance", "ph":"B", "ts":"3597571747", "pid":"1", "tid":"cice"},
{"name":"ModelAdvance", "ph":"E", "ts":"3598043700", "pid":"1", "tid":"cice"},
{"name":"ModelAdvance", "ph":"B", "ts":"3598202074", "pid":"1", "tid":"cice"},
{"name":"ModelAdvance", "ph":"E", "ts":"3598675519", "pid":"1", "tid":"cice"},
{"name":"ModelAdvance", "ph":"B", "ts":"3598871893", "pid":"1", "tid":"cice"},
{"name":"ModelAdvance", "ph":"E", "ts":"3599351965", "pid":"1", "tid":"cice"},
{"name":"ModelAdvance", "ph":"B", "ts":"3600197439", "pid":"1", "tid":"cice"},
{"name":"ModelAdvance", "ph":"E", "ts":"3600671437", "pid":"1", "tid":"cice"},
{"name":"ModelAdvance", "ph":"B", "ts":"3600839023", "pid":"1", "tid":"cice"},
{"name":"ModelAdvance", "ph":"E", "ts":"3601317699", "pid":"1", "tid":"cice"},
{"name":"ModelAdvance", "ph":"B", "ts":"3601474447", "pid":"1", "tid":"cice"},
{"name":"ModelAdvance", "ph":"E", "ts":"3601951292", "pid":"1", "tid":"cice"},
{"name":"ModelAdvance", "ph":"B", "ts":"3602109694", "pid":"1", "tid":"cice"},
{"name":"ModelAdvance", "ph":"E", "ts":"3602596891", "pid":"1", "tid":"cice"},
{"name":"ModelAdvance", "ph":"B", "ts":"3602751017", "pid":"1", "tid":"cice"},
{"name":"ModelAdvance", "ph":"E", "ts":"3603229633", "pid":"1", "tid":"cice"},
{"name":"ModelAdvance", "ph":"B", "ts":"3603383417", "pid":"1", "tid":"cice"},
{"name":"ModelAdvance", "ph":"E", "ts":"3603859132", "pid":"1", "tid":"cice"},
{"name":"ModelAdvance", "ph":"B", "ts":"3604018632", "pid":"1", "tid":"cice"},
{"name":"ModelAdvance", "ph":"E", "ts":"3604500842", "pid":"1", "tid":"cice"},
{"name":"ModelAdvance", "ph":"B", "ts":"3604674398", "pid":"1", "tid":"cice"},
{"name":"ModelAdvance", "ph":"E", "ts":"3605155311", "pid":"1", "tid":"cice"},
{"name":"ModelAdvance", "ph":"B", "ts":"3605307126", "pid":"1", "tid":"cice"},
{"name":"ModelAdvance", "ph":"E", "ts":"3605779562", "pid":"1", "tid":"cice"},
{"name":"ModelAdvance", "ph":"B", "ts":"3605949117", "pid":"1", "tid":"cice"},
{"name":"ModelAdvance", "ph":"E", "ts":"3606433063", "pid":"1", "tid":"cice"},
{"name":"ModelAdvance", "ph":"B", "ts":"3606684090", "pid":"1", "tid":"cice"},
{"name":"ModelAdvance", "ph":"E", "ts":"3607164171", "pid":"1", "tid":"cice"},
{"name":"ModelAdvance", "ph":"B", "ts":"3607343053", "pid":"1", "tid":"cice"},
{"name":"ModelAdvance", "ph":"E", "ts":"3607818046", "pid":"1", "tid":"cice"},
{"name":"ModelAdvance", "ph":"B", "ts":"3607996695", "pid":"1", "tid":"cice"},
{"name":"ModelAdvance", "ph":"E", "ts":"3608472778", "pid":"1", "tid":"cice"},
{"name":"ModelAdvance", "ph":"B", "ts":"3608639404", "pid":"1", "tid":"cice"},
{"name":"ModelAdvance", "ph":"E", "ts":"3609120804", "pid":"1", "tid":"cice"},
{"name":"ModelAdvance", "ph":"B", "ts":"3609276779", "pid":"1", "tid":"cice"},
{"name":"ModelAdvance", "ph":"E", "ts":"3609756283", "pid":"1", "tid":"cice"},
{"name":"ModelAdvance", "ph":"B", "ts":"3609925683", "pid":"1", "tid":"cice"},
{"name":"ModelAdvance", "ph":"E", "ts":"3610401682", "pid":"1", "tid":"cice"},
{"name":"ModelAdvance", "ph":"B", "ts":"3610564062", "pid":"1", "tid":"cice"},
{"name":"ModelAdvance", "ph":"E", "ts":"3611041480", "pid":"1", "tid":"cice"},
{"name":"ModelAdvance", "ph":"B", "ts":"3611213706", "pid":"1", "tid":"cice"},
{"name":"ModelAdvance", "ph":"E", "ts":"3611681500", "pid":"1", "tid":"cice"},
{"name":"ModelAdvance", "ph":"B", "ts":"3611851555", "pid":"1", "tid":"cice"},
{"name":"ModelAdvance", "ph":"E", "ts":"3612320808", "pid":"1", "tid":"cice"},
{"name":"ModelAdvance", "ph":"B", "ts":"3612486129", "pid":"1", "tid":"cice"},
{"name":"ModelAdvance", "ph":"E", "ts":"3612962034", "pid":"1", "tid":"cice"},
{"name":"ModelAdvance", "ph":"B", "ts":"3613127507", "pid":"1", "tid":"cice"},
{"name":"ModelAdvance", "ph":"E", "ts":"3613606161", "pid":"1", "tid":"cice"},
{"name":"ModelAdvance", "ph":"B", "ts":"3613776943", "pid":"1", "tid":"cice"},
{"name":"ModelAdvance", "ph":"E", "ts":"3614244526", "pid":"1", "tid":"cice"},
{"name":"ModelAdvance", "ph":"B", "ts":"3614413294", "pid":"1", "tid":"cice"},
{"name":"ModelAdvance", "ph":"E", "ts":"3614887195", "pid":"1", "tid":"cice"},
{"name":"ModelAdvance", "ph":"B", "ts":"3615082075", "pid":"1", "tid":"cice"},
{"name":"ModelAdvance", "ph":"E", "ts":"3615562459", "pid":"1", "tid":"cice"},
{"name":"ModelAdvance", "ph":"B", "ts":"3616398529", "pid":"1", "tid":"cice"},
{"name":"ModelAdvance", "ph":"E", "ts":"3616874911", "pid":"1", "tid":"cice"},
{"name":"ModelAdvance", "ph":"B", "ts":"3617033297", "pid":"1", "tid":"cice"},
{"name":"ModelAdvance", "ph":"E", "ts":"3617512805", "pid":"1", "tid":"cice"},
{"name":"ModelAdvance", "ph":"B", "ts":"3617673993", "pid":"1", "tid":"cice"},
{"name":"ModelAdvance", "ph":"E", "ts":"3618149614", "pid":"1", "tid":"cice"},
{"name":"ModelAdvance", "ph":"B", "ts":"3618315071", "pid":"1", "tid":"cice"},
{"name":"ModelAdvance", "ph":"E", "ts":"3618796613", "pid":"1", "tid":"cice"},
{"name":"ModelAdvance", "ph":"B", "ts":"3618958584", "pid":"1", "tid":"cice"},
{"name":"ModelAdvance", "ph":"E", "ts":"3619434700", "pid":"1", "tid":"cice"},
{"name":"ModelAdvance", "ph":"B", "ts":"3619596435", "pid":"1", "tid":"cice"},
{"name":"ModelAdvance", "ph":"E", "ts":"3620078760", "pid":"1", "tid":"cice"},
{"name":"ModelAdvance", "ph":"B", "ts":"3620242865", "pid":"1", "tid":"cice"},
{"name":"ModelAdvance", "ph":"E", "ts":"3620726732", "pid":"1", "tid":"cice"},
{"name":"ModelAdvance", "ph":"B", "ts":"3620888474", "pid":"1", "tid":"cice"},
{"name":"ModelAdvance", "ph":"E", "ts":"3621364375", "pid":"1", "tid":"cice"},
{"name":"ModelAdvance", "ph":"B", "ts":"3621522218", "pid":"1", "tid":"cice"},
{"name":"ModelAdvance", "ph":"E", "ts":"3622001885", "pid":"1", "tid":"cice"},
{"name":"ModelAdvance", "ph":"B", "ts":"3622146159", "pid":"1", "tid":"cice"},
{"name":"ModelAdvance", "ph":"E", "ts":"3622624311", "pid":"1", "tid":"cice"},
{"name":"ModelAdvance", "ph":"B", "ts":"3622777464", "pid":"1", "tid":"cice"},
{"name":"ModelAdvance", "ph":"E", "ts":"3623258186", "pid":"1", "tid":"cice"},
{"name":"ModelAdvance", "ph":"B", "ts":"3623441093", "pid":"1", "tid":"cice"},
{"name":"ModelAdvance", "ph":"E", "ts":"3623918244", "pid":"1", "tid":"cice"},
{"name":"ModelAdvance", "ph":"B", "ts":"3624073766", "pid":"1", "tid":"cice"},
{"name":"ModelAdvance", "ph":"E", "ts":"3624552672", "pid":"1", "tid":"cice"},
{"name":"ModelAdvance", "ph":"B", "ts":"3624695331", "pid":"1", "tid":"cice"},
{"name":"ModelAdvance", "ph":"E", "ts":"3625166659", "pid":"1", "tid":"cice"},
{"name":"ModelAdvance", "ph":"B", "ts":"3625336548", "pid":"1", "tid":"cice"},
{"name":"ModelAdvance", "ph":"E", "ts":"3625816309", "pid":"1", "tid":"cice"},
{"name":"ModelAdvance", "ph":"B", "ts":"3625963522", "pid":"1", "tid":"cice"},
{"name":"ModelAdvance", "ph":"E", "ts":"3626439541", "pid":"1", "tid":"cice"},
{"name":"ModelAdvance", "ph":"B", "ts":"3626594137", "pid":"1", "tid":"cice"},
{"name":"ModelAdvance", "ph":"E", "ts":"3627067402", "pid":"1", "tid":"cice"},
{"name":"ModelAdvance", "ph":"B", "ts":"3627230090", "pid":"1", "tid":"cice"},
{"name":"ModelAdvance", "ph":"E", "ts":"3627710020", "pid":"1", "tid":"cice"},
{"name":"ModelAdvance", "ph":"B", "ts":"3627873806", "pid":"1", "tid":"cice"},
{"name":"ModelAdvance", "ph":"E", "ts":"3628351322", "pid":"1", "tid":"cice"},
{"name":"ModelAdvance", "ph":"B", "ts":"3628503149", "pid":"1", "tid":"cice"},
{"name":"ModelAdvance", "ph":"E", "ts":"3628987280", "pid":"1", "tid":"cice"},
{"name":"ModelAdvance", "ph":"B", "ts":"3629134102", "pid":"1", "tid":"cice"},
{"name":"ModelAdvance", "ph":"E", "ts":"3629616615", "pid":"1", "tid":"cice"},
{"name":"ModelAdvance", "ph":"B", "ts":"3629769755", "pid":"1", "tid":"cice"},
{"name":"ModelAdvance", "ph":"E", "ts":"3630245890", "pid":"1", "tid":"cice"},
{"name":"ModelAdvance", "ph":"B", "ts":"3630400821", "pid":"1", "tid":"cice"},
{"name":"ModelAdvance", "ph":"E", "ts":"3630883056", "pid":"1", "tid":"cice"},
{"name":"ModelFinalize", "ph":"B", "ts":"3630887784", "pid":"1", "tid":"cice"},
{"name":"ModelFinalize", "ph":"E", "ts":"3630887891", "pid":"1", "tid":"cice"},
