{"name":"SetServices", "ph":"B", "ts":"3471269811", "pid":"1", "tid":"cice"},
{"name":"SetServices", "ph":"E", "ts":"3471271680", "pid":"1", "tid":"cice"},
{"name":"InitializeP0", "ph":"B", "ts":"3472062823", "pid":"1", "tid":"cice"},
{"name":"InitializeP0", "ph":"E", "ts":"3472062940", "pid":"1", "tid":"cice"},
{"name":"InitializeAdvertise", "ph":"B", "ts":"3503817063", "pid":"1", "tid":"cice"},
{"name":"InitializeAdvertise", "ph":"E", "ts":"3511587355", "pid":"1", "tid":"cice"},
{"name":"InitializeRealize", "ph":"B", "ts":"3697558874", "pid":"1", "tid":"cice"},
{"name":"InitializeRealize", "ph":"E", "ts":"3711187173", "pid":"1", "tid":"cice"},
{"name":"ModelAdvance", "ph":"B", "ts":"3789198333", "pid":"1", "tid":"cice"},
{"name":"ModelAdvance", "ph":"E", "ts":"3789821445", "pid":"1", "tid":"cice"},
{"name":"ModelAdvance", "ph":"B", "ts":"3793017173", "pid":"1", "tid":"cice"},
{"name":"ModelAdvance", "ph":"E", "ts":"3793508776", "pid":"1", "tid":"cice"},
{"name":"ModelAdvance", "ph":"B", "ts":"3793622700", "pid":"1", "tid":"cice"},
{"name":"ModelAdvance", "ph":"E", "ts":"3794093559", "pid":"1", "tid":"cice"},
{"name":"ModelAdvance", "ph":"B", "ts":"3794218826", "pid":"1", "tid":"cice"},
{"name":"ModelAdvance", "ph":"E", "ts":"3794696120", "pid":"1", "tid":"cice"},
{"name":"ModelAdvance", "ph":"B", "ts":"3794815516", "pid":"1", "tid":"cice"},
{"name":"ModelAdvance", "ph":"E", "ts":"3795283846", "pid":"1", "tid":"cice"},
{"name":"ModelAdvance", "ph":"B", "ts":"3795410673", "pid":"1", "tid":"cice"},
{"name":"ModelAdvance", "ph":"E", "ts":"3795881367", "pid":"1", "tid":"cice"},
{"name":"ModelAdvance", "ph":"B", "ts":"3796008130", "pid":"1", "tid":"cice"},
{"name":"ModelAdvance", "ph":"E", "ts":"3796485831", "pid":"1", "tid":"cice"},
{"name":"ModelAdvance", "ph":"B", "ts":"3796614307", "pid":"1", "tid":"cice"},
{"name":"ModelAdvance", "ph":"E", "ts":"3797092001", "pid":"1", "tid":"cice"},
{"name":"ModelAdvance", "ph":"B", "ts":"3797223016", "pid":"1", "tid":"cice"},
{"name":"ModelAdvance", "ph":"E", "ts":"3797693316", "pid":"1", "tid":"cice"},
{"name":"ModelAdvance", "ph":"B", "ts":"3797814887", "pid":"1", "tid":"cice"},
{"name":"ModelAdvance", "ph":"E", "ts":"3798289522", "pid":"1", "tid":"cice"},
{"name":"ModelAdvance", "ph":"B", "ts":"3798416320", "pid":"1", "tid":"cice"},
{"name":"ModelAdvance", "ph":"E", "ts":"3798894981", "pid":"1", "tid":"cice"},
{"name":"ModelAdvance", "ph":"B", "ts":"3799010557", "pid":"1", "tid":"cice"},
{"name":"ModelAdvance", "ph":"E", "ts":"3799490485", "pid":"1", "tid":"cice"},
{"name":"ModelAdvance", "ph":"B", "ts":"3801819053", "pid":"1", "tid":"cice"},
{"name":"ModelAdvance", "ph":"E", "ts":"3802303172", "pid":"1", "tid":"cice"},
{"name":"ModelAdvance", "ph":"B", "ts":"3802445397", "pid":"1", "tid":"cice"},
{"name":"ModelAdvance", "ph":"E", "ts":"3802918092", "pid":"1", "tid":"cice"},
{"name":"ModelAdvance", "ph":"B", "ts":"3803045097", "pid":"1", "tid":"cice"},
{"name":"ModelAdvance", "ph":"E", "ts":"3803514201", "pid":"1", "tid":"cice"},
{"name":"ModelAdvance", "ph":"B", "ts":"3803635353", "pid":"1", "tid":"cice"},
{"name":"ModelAdvance", "ph":"E", "ts":"3804107036", "pid":"1", "tid":"cice"},
{"name":"ModelAdvance", "ph":"B", "ts":"3804240754", "pid":"1", "tid":"cice"},
{"name":"ModelAdvance", "ph":"E", "ts":"3804706103", "pid":"1", "tid":"cice"},
{"name":"ModelAdvance", "ph":"B", "ts":"3804832831", "pid":"1", "tid":"cice"},
{"name":"ModelAdvance", "ph":"E", "ts":"3805307909", "pid":"1", "tid":"cice"},
{"name":"ModelAdvance", "ph":"B", "ts":"3805427013", "pid":"1", "tid":"cice"},
{"name":"ModelAdvance", "ph":"E", "ts":"3805901206", "pid":"1", "tid":"cice"},
{"name":"ModelAdvance", "ph":"B", "ts":"3806023374", "pid":"1", "tid":"cice"},
{"name":"ModelAdvance", "ph":"E", "ts":"3806495609", "pid":"1", "tid":"cice"},
{"name":"ModelAdvance", "ph":"B", "ts":"3806625486", "pid":"1", "tid":"cice"},
{"name":"ModelAdvance", "ph":"E", "ts":"3807094895", "pid":"1", "tid":"cice"},
{"name":"ModelAdvance", "ph":"B", "ts":"3807220281", "pid":"1", "tid":"cice"},
{"name":"ModelAdvance", "ph":"E", "ts":"3807685405", "pid":"1", "tid":"cice"},
{"name":"ModelAdvance", "ph":"B", "ts":"3807812421", "pid":"1", "tid":"cice"},
{"name":"ModelAdvance", "ph":"E", "ts":"3808281962", "pid":"1", "tid":"cice"},
{"name":"ModelAdvance", "ph":"B", "ts":"3808408054", "pid":"1", "tid":"cice"},
{"name":"ModelAdvance", "ph":"E", "ts":"3808874931", "pid":"1", "tid":"cice"},
{"name":"ModelAdvance", "ph":"B", "ts":"3809063787", "pid":"1", "tid":"cice"},
{"name":"ModelAdvance", "ph":"E", "ts":"3809539641", "pid":"1", "tid":"cice"},
{"name":"ModelAdvance", "ph":"B", "ts":"3810329845", "pid":"1", "tid":"cice"},
{"name":"ModelAdvance", "ph":"E", "ts":"3810803628", "pid":"1", "tid":"cice"},
{"name":"ModelAdvance", "ph":"B", "ts":"3810923948", "pid":"1", "tid":"cice"},
{"name":"ModelAdvance", "ph":"E", "ts":"3811395059", "pid":"1", "tid":"cice"},
{"name":"ModelAdvance", "ph":"B", "ts":"3811525576", "pid":"1", "tid":"cice"},
{"name":"ModelAdvance", "ph":"E", "ts":"3811998347", "pid":"1", "tid":"cice"},
{"name":"ModelAdvance", "ph":"B", "ts":"3812123868", "pid":"1", "tid":"cice"},
{"name":"ModelAdvance", "ph":"E", "ts":"3812589835", "pid":"1", "tid":"cice"},
{"name":"ModelAdvance", "ph":"B", "ts":"3812717602", "pid":"1", "tid":"cice"},
{"name":"ModelAdvance", "ph":"E", "ts":"3813188473", "pid":"1", "tid":"cice"},
{"name":"ModelAdvance", "ph":"B", "ts":"3813323636", "pid":"1", "tid":"cice"},
{"name":"ModelAdvance", "ph":"E", "ts":"3813793505", "pid":"1", "tid":"cice"},
{"name":"ModelAdvance", "ph":"B", "ts":"3813915966", "pid":"1", "tid":"cice"},
{"name":"ModelAdvance", "ph":"E", "ts":"3814398365", "pid":"1", "tid":"cice"},
{"name":"ModelAdvance", "ph":"B", "ts":"3814510467", "pid":"1", "tid":"cice"},
{"name":"ModelAdvance", "ph":"E", "ts":"3814986125", "pid":"1", "tid":"cice"},
{"name":"ModelAdvance", "ph":"B", "ts":"3815105078", "pid":"1", "tid":"cice"},
{"name":"ModelAdvance", "ph":"E", "ts":"3815571777", "pid":"1", "tid":"cice"},
{"name":"ModelAdvance", "ph":"B", "ts":"3815698116", "pid":"1", "tid":"cice"},
{"name":"ModelAdvance", "ph":"E", "ts":"3816175049", "pid":"1", "tid":"cice"},
{"name":"ModelAdvance", "ph":"B", "ts":"3816305598", "pid":"1", "tid":"cice"},
{"name":"ModelAdvance", "ph":"E", "ts":"3816769910", "pid":"1", "tid":"cice"},
{"name":"ModelAdvance", "ph":"B", "ts":"3816913482", "pid":"1", "tid":"cice"},
{"name":"ModelAdvance", "ph":"E", "ts":"3817380403", "pid":"1", "tid":"cice"},
{"name":"ModelAdvance", "ph":"B", "ts":"3817505353", "pid":"1", "tid":"cice"},
{"name":"ModelAdvance", "ph":"E", "ts":"3817977822", "pid":"1", "tid":"cice"},
{"name":"ModelAdvance", "ph":"B", "ts":"3818100836", "pid":"1", "tid":"cice"},
{"name":"ModelAdvance", "ph":"E", "ts":"3818572885", "pid":"1", "tid":"cice"},
{"name":"ModelAdvance", "ph":"B", "ts":"3818697323", "pid":"1", "tid":"cice"},
{"name":"ModelAdvance", "ph":"E", "ts":"3819173872", "pid":"1", "tid":"cice"},
{"name":"ModelAdvance", "ph":"B", "ts":"3819292676", "pid":"1", "tid":"cice"},
{"name":"ModelAdvance", "ph":"E", "ts":"3819762074", "pid":"1", "tid":"cice"},
{"name":"ModelAdvance", "ph":"B", "ts":"3819888205", "pid":"1", "tid":"cice"},
{"name":"ModelAdvance", "ph":"E", "ts":"3820354495", "pid":"1", "tid":"cice"},
{"name":"ModelAdvance", "ph":"B", "ts":"3820482416", "pid":"1", "tid":"cice"},
{"name":"ModelAdvance", "ph":"E", "ts":"3820952568", "pid":"1", "tid":"cice"},
{"name":"ModelAdvance", "ph":"B", "ts":"3821087171", "pid":"1", "tid":"cice"},
{"name":"ModelAdvance", "ph":"E", "ts":"3821557972", "pid":"1", "tid":"cice"},
{"name":"ModelAdvance", "ph":"B", "ts":"3821695591", "pid":"1", "tid":"cice"},
{"name":"ModelAdvance", "ph":"E", "ts":"3822163327", "pid":"1", "tid":"cice"},
{"name":"ModelAdvance", "ph":"B", "ts":"3822286829", "pid":"1", "tid":"cice"},
{"name":"ModelAdvance", "ph":"E", "ts":"3822754121", "pid":"1", "tid":"cice"},
{"name":"ModelAdvance", "ph":"B", "ts":"3822880786", "pid":"1", "tid":"cice"},
{"name":"ModelAdvance", "ph":"E", "ts":"3823353111", "pid":"1", "tid":"cice"},
{"name":"ModelAdvance", "ph":"B", "ts":"3823474422", "pid":"1", "tid":"cice"},
{"name":"ModelAdvance", "ph":"E", "ts":"3823950107", "pid":"1", "tid":"cice"},
{"name":"ModelAdvance", "ph":"B", "ts":"3824082021", "pid":"1", "tid":"cice"},
{"name":"ModelAdvance", "ph":"E", "ts":"3824558004", "pid":"1", "tid":"cice"},
{"name":"ModelAdvance", "ph":"B", "ts":"3825378866", "pid":"1", "tid":"cice"},
{"name":"ModelAdvance", "ph":"E", "ts":"3825848566", "pid":"1", "tid":"cice"},
{"name":"ModelAdvance", "ph":"B", "ts":"3825972109", "pid":"1", "tid":"cice"},
{"name":"ModelAdvance", "ph":"E", "ts":"3826441963", "pid":"1", "tid":"cice"},
{"name":"ModelAdvance", "ph":"B", "ts":"3826619896", "pid":"1", "tid":"cice"},
{"name":"ModelAdvance", "ph":"E", "ts":"3827099541", "pid":"1", "tid":"cice"},
{"name":"ModelAdvance", "ph":"B", "ts":"3827222674", "pid":"1", "tid":"cice"},
{"name":"ModelAdvance", "ph":"E", "ts":"3827693227", "pid":"1", "tid":"cice"},
{"name":"ModelAdvance", "ph":"B", "ts":"3827831806", "pid":"1", "tid":"cice"},
{"name":"ModelAdvance", "ph":"E", "ts":"3828305901", "pid":"1", "tid":"cice"},
{"name":"ModelAdvance", "ph":"B", "ts":"3828427801", "pid":"1", "tid":"cice"},
{"name":"ModelAdvance", "ph":"E", "ts":"3828899374", "pid":"1", "tid":"cice"},
{"name":"ModelAdvance", "ph":"B", "ts":"3829033440", "pid":"1", "tid":"cice"},
{"name":"ModelAdvance", "ph":"E", "ts":"3829510115", "pid":"1", "tid":"cice"},
{"name":"ModelAdvance", "ph":"B", "ts":"3829629418", "pid":"1", "tid":"cice"},
{"name":"ModelAdvance", "ph":"E", "ts":"3830099032", "pid":"1", "tid":"cice"},
{"name":"ModelAdvance", "ph":"B", "ts":"3830226800", "pid":"1", "tid":"cice"},
{"name":"ModelAdvance", "ph":"E", "ts":"3830694543", "pid":"1", "tid":"cice"},
{"name":"ModelAdvance", "ph":"B", "ts":"3830828241", "pid":"1", "tid":"cice"},
{"name":"ModelAdvance", "ph":"E", "ts":"3831305582", "pid":"1", "tid":"cice"},
{"name":"ModelAdvance", "ph":"B", "ts":"3831423251", "pid":"1", "tid":"cice"},
{"name":"ModelAdvance", "ph":"E", "ts":"3831895541", "pid":"1", "tid":"cice"},
{"name":"ModelAdvance", "ph":"B", "ts":"3832039497", "pid":"1", "tid":"cice"},
{"name":"ModelAdvance", "ph":"E", "ts":"3832504559", "pid":"1", "tid":"cice"},
{"name":"ModelAdvance", "ph":"B", "ts":"3832636913", "pid":"1", "tid":"cice"},
{"name":"ModelAdvance", "ph":"E", "ts":"3833110736", "pid":"1", "tid":"cice"},
{"name":"ModelAdvance", "ph":"B", "ts":"3833233914", "pid":"1", "tid":"cice"},
{"name":"ModelAdvance", "ph":"E", "ts":"3833714156", "pid":"1", "tid":"cice"},
{"name":"ModelAdvance", "ph":"B", "ts":"3833830178", "pid":"1", "tid":"cice"},
{"name":"ModelAdvance", "ph":"E", "ts":"3834300956", "pid":"1", "tid":"cice"},
{"name":"ModelAdvance", "ph":"B", "ts":"3834432213", "pid":"1", "tid":"cice"},
{"name":"ModelAdvance", "ph":"E", "ts":"3834903714", "pid":"1", "tid":"cice"},
{"name":"ModelAdvance", "ph":"B", "ts":"3835032532", "pid":"1", "tid":"cice"},
{"name":"ModelAdvance", "ph":"E", "ts":"3835508695", "pid":"1", "tid":"cice"},
{"name":"ModelAdvance", "ph":"B", "ts":"3835629013", "pid":"1", "tid":"cice"},
{"name":"ModelAdvance", "ph":"E", "ts":"3836111712", "pid":"1", "tid":"cice"},
{"name":"ModelAdvance", "ph":"B", "ts":"3836226213", "pid":"1", "tid":"cice"},
{"name":"ModelAdvance", "ph":"E", "ts":"3836691976", "pid":"1", "tid":"cice"},
{"name":"ModelAdvance", "ph":"B", "ts":"3836825010", "pid":"1", "tid":"cice"},
{"name":"ModelAdvance", "ph":"E", "ts":"3837291976", "pid":"1", "tid":"cice"},
{"name":"ModelAdvance", "ph":"B", "ts":"3837420672", "pid":"1", "tid":"cice"},
{"name":"ModelAdvance", "ph":"E", "ts":"3837889925", "pid":"1", "tid":"cice"},
{"name":"ModelAdvance", "ph":"B", "ts":"3838016017", "pid":"1", "tid":"cice"},
{"name":"ModelAdvance", "ph":"E", "ts":"3838480307", "pid":"1", "tid":"cice"},
{"name":"ModelAdvance", "ph":"B", "ts":"3838605149", "pid":"1", "tid":"cice"},
{"name":"ModelAdvance", "ph":"E", "ts":"3839078247", "pid":"1", "tid":"cice"},
{"name":"ModelAdvance", "ph":"B", "ts":"3855629354", "pid":"1", "tid":"cice"},
{"name":"ModelAdvance", "ph":"E", "ts":"3856107649", "pid":"1", "tid":"cice"},
{"name":"ModelAdvance", "ph":"B", "ts":"3856922870", "pid":"1", "tid":"cice"},
{"name":"ModelAdvance", "ph":"E", "ts":"3857390231", "pid":"1", "tid":"cice"},
{"name":"ModelAdvance", "ph":"B", "ts":"3857516872", "pid":"1", "tid":"cice"},
{"name":"ModelAdvance", "ph":"E", "ts":"3857988112", "pid":"1", "tid":"cice"},
{"name":"ModelAdvance", "ph":"B", "ts":"3858114453", "pid":"1", "tid":"cice"},
{"name":"ModelAdvance", "ph":"E", "ts":"3858596670", "pid":"1", "tid":"cice"},
{"name":"ModelAdvance", "ph":"B", "ts":"3858713373", "pid":"1", "tid":"cice"},
{"name":"ModelAdvance", "ph":"E", "ts":"3859182982", "pid":"1", "tid":"cice"},
{"name":"ModelAdvance", "ph":"B", "ts":"3859315186", "pid":"1", "tid":"cice"},
{"name":"ModelAdvance", "ph":"E", "ts":"3859774486", "pid":"1", "tid":"cice"},
{"name":"ModelAdvance", "ph":"B", "ts":"3859912270", "pid":"1", "tid":"cice"},
{"name":"ModelAdvance", "ph":"E", "ts":"3860380891", "pid":"1", "tid":"cice"},
{"name":"ModelAdvance", "ph":"B", "ts":"3860509713", "pid":"1", "tid":"cice"},
{"name":"ModelAdvance", "ph":"E", "ts":"3860990533", "pid":"1", "tid":"cice"},
{"name":"ModelAdvance", "ph":"B", "ts":"3861125967", "pid":"1", "tid":"cice"},
{"name":"ModelAdvance", "ph":"E", "ts":"3861595619", "pid":"1", "tid":"cice"},
{"name":"ModelAdvance", "ph":"B", "ts":"3861738143", "pid":"1", "tid":"cice"},
{"name":"ModelAdvance", "ph":"E", "ts":"3862210097", "pid":"1", "tid":"cice"},
{"name":"ModelAdvance", "ph":"B", "ts":"3862354849", "pid":"1", "tid":"cice"},
{"name":"ModelAdvance", "ph":"E", "ts":"3862829850", "pid":"1", "tid":"cice"},
{"name":"ModelAdvance", "ph":"B", "ts":"3862957703", "pid":"1", "tid":"cice"},
{"name":"ModelAdvance", "ph":"E", "ts":"3863430000", "pid":"1", "tid":"cice"},
{"name":"ModelAdvance", "ph":"B", "ts":"3863573182", "pid":"1", "tid":"cice"},
{"name":"ModelAdvance", "ph":"E", "ts":"3864053739", "pid":"1", "tid":"cice"},
{"name":"ModelAdvance", "ph":"B", "ts":"3864171680", "pid":"1", "tid":"cice"},
{"name":"ModelAdvance", "ph":"E", "ts":"3864653810", "pid":"1", "tid":"cice"},
{"name":"ModelAdvance", "ph":"B", "ts":"3864765559", "pid":"1", "tid":"cice"},
{"name":"ModelAdvance", "ph":"E", "ts":"3865252912", "pid":"1", "tid":"cice"},
{"name":"ModelAdvance", "ph":"B", "ts":"3865372811", "pid":"1", "tid":"cice"},
{"name":"ModelAdvance", "ph":"E", "ts":"3865854065", "pid":"1", "tid":"cice"},
{"name":"ModelAdvance", "ph":"B", "ts":"3865967174", "pid":"1", "tid":"cice"},
{"name":"ModelAdvance", "ph":"E", "ts":"3866447172", "pid":"1", "tid":"cice"},
{"name":"ModelAdvance", "ph":"B", "ts":"3866568687", "pid":"1", "tid":"cice"},
{"name":"ModelAdvance", "ph":"E", "ts":"3867052972", "pid":"1", "tid":"cice"},
{"name":"ModelAdvance", "ph":"B", "ts":"3867167255", "pid":"1", "tid":"cice"},
{"name":"ModelAdvance", "ph":"E", "ts":"3867649747", "pid":"1", "tid":"cice"},
{"name":"ModelAdvance", "ph":"B", "ts":"3867763529", "pid":"1", "tid":"cice"},
{"name":"ModelAdvance", "ph":"E", "ts":"3868244627", "pid":"1", "tid":"cice"},
{"name":"ModelAdvance", "ph":"B", "ts":"3868360462", "pid":"1", "tid":"cice"},
{"name":"ModelAdvance", "ph":"E", "ts":"3868833560", "pid":"1", "tid":"cice"},
{"name":"ModelAdvance", "ph":"B", "ts":"3868959530", "pid":"1", "tid":"cice"},
{"name":"ModelAdvance", "ph":"E", "ts":"3869437923", "pid":"1", "tid":"cice"},
{"name":"ModelAdvance", "ph":"B", "ts":"3869557499", "pid":"1", "tid":"cice"},
{"name":"ModelAdvance", "ph":"E", "ts":"3870029091", "pid":"1", "tid":"cice"},
{"name":"ModelAdvance", "ph":"B", "ts":"3870155774", "pid":"1", "tid":"cice"},
{"name":"ModelAdvance", "ph":"E", "ts":"3870634665", "pid":"1", "tid":"cice"},
{"name":"ModelAdvance", "ph":"B", "ts":"3870760701", "pid":"1", "tid":"cice"},
{"name":"ModelAdvance", "ph":"E", "ts":"3871234531", "pid":"1", "tid":"cice"},
{"name":"ModelAdvance", "ph":"B", "ts":"3872002955", "pid":"1", "tid":"cice"},
{"name":"ModelAdvance", "ph":"E", "ts":"3872476630", "pid":"1", "tid":"cice"},
{"name":"ModelAdvance", "ph":"B", "ts":"3872606798", "pid":"1", "tid":"cice"},
{"name":"ModelAdvance", "ph":"E", "ts":"3873082961", "pid":"1", "tid":"cice"},
{"name":"ModelAdvance", "ph":"B", "ts":"3873209950", "pid":"1", "tid":"cice"},
{"name":"ModelAdvance", "ph":"E", "ts":"3873677020", "pid":"1", "tid":"cice"},
{"name":"ModelAdvance", "ph":"B", "ts":"3873833282", "pid":"1", "tid":"cice"},
{"name":"ModelAdvance", "ph":"E", "ts":"3874304364", "pid":"1", "tid":"cice"},
{"name":"ModelAdvance", "ph":"B", "ts":"3874433595", "pid":"1", "tid":"cice"},
{"name":"ModelAdvance", "ph":"E", "ts":"3874893192", "pid":"1", "tid":"cice"},
{"name":"ModelAdvance", "ph":"B", "ts":"3875029698", "pid":"1", "tid":"cice"},
{"name":"ModelAdvance", "ph":"E", "ts":"3875509568", "pid":"1", "tid":"cice"},
{"name":"ModelAdvance", "ph":"B", "ts":"3875629603", "pid":"1", "tid":"cice"},
{"name":"ModelAdvance", "ph":"E", "ts":"3876107008", "pid":"1", "tid":"cice"},
{"name":"ModelAdvance", "ph":"B", "ts":"3876243591", "pid":"1", "tid":"cice"},
{"name":"ModelAdvance", "ph":"E", "ts":"3876721721", "pid":"1", "tid":"cice"},
{"name":"ModelAdvance", "ph":"B", "ts":"3876871973", "pid":"1", "tid":"cice"},
{"name":"ModelAdvance", "ph":"E", "ts":"3877348046", "pid":"1", "tid":"cice"},
{"name":"ModelAdvance", "ph":"B", "ts":"3877468498", "pid":"1", "tid":"cice"},
{"name":"ModelAdvance", "ph":"E", "ts":"3877949045", "pid":"1", "tid":"cice"},
{"name":"ModelAdvance", "ph":"B", "ts":"3878064811", "pid":"1", "tid":"cice"},
{"name":"ModelAdvance", "ph":"E", "ts":"3878535699", "pid":"1", "tid":"cice"},
{"name":"ModelAdvance", "ph":"B", "ts":"3878677506", "pid":"1", "tid":"cice"},
{"name":"ModelAdvance", "ph":"E", "ts":"3879155754", "pid":"1", "tid":"cice"},
{"name":"ModelAdvance", "ph":"B", "ts":"3879273942", "pid":"1", "tid":"cice"},
{"name":"ModelAdvance", "ph":"E", "ts":"3879748239", "pid":"1", "tid":"cice"},
{"name":"ModelAdvance", "ph":"B", "ts":"3879869617", "pid":"1", "tid":"cice"},
{"name":"ModelAdvance", "ph":"E", "ts":"3880340207", "pid":"1", "tid":"cice"},
{"name":"ModelAdvance", "ph":"B", "ts":"3880470290", "pid":"1", "tid":"cice"},
{"name":"ModelAdvance", "ph":"E", "ts":"3880950560", "pid":"1", "tid":"cice"},
{"name":"ModelAdvance", "ph":"B", "ts":"3881080629", "pid":"1", "tid":"cice"},
{"name":"ModelAdvance", "ph":"E", "ts":"3881549358", "pid":"1", "tid":"cice"},
{"name":"ModelAdvance", "ph":"B", "ts":"3881680574", "pid":"1", "tid":"cice"},
{"name":"ModelAdvance", "ph":"E", "ts":"3882152622", "pid":"1", "tid":"cice"},
{"name":"ModelAdvance", "ph":"B", "ts":"3882280035", "pid":"1", "tid":"cice"},
{"name":"ModelAdvance", "ph":"E", "ts":"3882753043", "pid":"1", "tid":"cice"},
{"name":"ModelAdvance", "ph":"B", "ts":"3882895177", "pid":"1", "tid":"cice"},
{"name":"ModelAdvance", "ph":"E", "ts":"3883363770", "pid":"1", "tid":"cice"},
{"name":"ModelAdvance", "ph":"B", "ts":"3883521454", "pid":"1", "tid":"cice"},
{"name":"ModelAdvance", "ph":"E", "ts":"3884002841", "pid":"1", "tid":"cice"},
{"name":"ModelAdvance", "ph":"B", "ts":"3884130317", "pid":"1", "tid":"cice"},
{"name":"ModelAdvance", "ph":"E", "ts":"3884598558", "pid":"1", "tid":"cice"},
{"name":"ModelAdvance", "ph":"B", "ts":"3884746272", "pid":"1", "tid":"cice"},
{"name":"ModelAdvance", "ph":"E", "ts":"3885218848", "pid":"1", "tid":"cice"},
{"name":"ModelAdvance", "ph":"B", "ts":"3885342889", "pid":"1", "tid":"cice"},
{"name":"ModelAdvance", "ph":"E", "ts":"3885816552", "pid":"1", "tid":"cice"},
{"name":"ModelAdvance", "ph":"B", "ts":"3885956300", "pid":"1", "tid":"cice"},
{"name":"ModelAdvance", "ph":"E", "ts":"3886426625", "pid":"1", "tid":"cice"},
{"name":"ModelAdvance", "ph":"B", "ts":"3887239841", "pid":"1", "tid":"cice"},
{"name":"ModelAdvance", "ph":"E", "ts":"3887721747", "pid":"1", "tid":"cice"},
{"name":"ModelAdvance", "ph":"B", "ts":"3887840993", "pid":"1", "tid":"cice"},
{"name":"ModelAdvance", "ph":"E", "ts":"3888309277", "pid":"1", "tid":"cice"},
{"name":"ModelAdvance", "ph":"B", "ts":"3888444931", "pid":"1", "tid":"cice"},
{"name":"ModelAdvance", "ph":"E", "ts":"3888923948", "pid":"1", "tid":"cice"},
{"name":"ModelAdvance", "ph":"B", "ts":"3889049277", "pid":"1", "tid":"cice"},
{"name":"ModelAdvance", "ph":"E", "ts":"3889519942", "pid":"1", "tid":"cice"},
{"name":"ModelAdvance", "ph":"B", "ts":"3889653643", "pid":"1", "tid":"cice"},
{"name":"ModelAdvance", "ph":"E", "ts":"3890133091", "pid":"1", "tid":"cice"},
{"name":"ModelAdvance", "ph":"B", "ts":"3890274811", "pid":"1", "tid":"cice"},
{"name":"ModelAdvance", "ph":"E", "ts":"3890741883", "pid":"1", "tid":"cice"},
{"name":"ModelAdvance", "ph":"B", "ts":"3890877005", "pid":"1", "tid":"cice"},
{"name":"ModelAdvance", "ph":"E", "ts":"3891350300", "pid":"1", "tid":"cice"},
{"name":"ModelAdvance", "ph":"B", "ts":"3891533176", "pid":"1", "tid":"cice"},
{"name":"ModelAdvance", "ph":"E", "ts":"3892001261", "pid":"1", "tid":"cice"},
{"name":"ModelAdvance", "ph":"B", "ts":"3892156775", "pid":"1", "tid":"cice"},
{"name":"ModelAdvance", "ph":"E", "ts":"3892628922", "pid":"1", "tid":"cice"},
{"name":"ModelAdvance", "ph":"B", "ts":"3892758330", "pid":"1", "tid":"cice"},
{"name":"ModelAdvance", "ph":"E", "ts":"3893226728", "pid":"1", "tid":"cice"},
{"name":"ModelAdvance", "ph":"B", "ts":"3893354197", "pid":"1", "tid":"cice"},
{"name":"ModelAdvance", "ph":"E", "ts":"3893825429", "pid":"1", "tid":"cice"},
{"name":"ModelAdvance", "ph":"B", "ts":"3893966186", "pid":"1", "tid":"cice"},
{"name":"ModelAdvance", "ph":"E", "ts":"3894437801", "pid":"1", "tid":"cice"},
{"name":"ModelAdvance", "ph":"B", "ts":"3894562020", "pid":"1", "tid":"cice"},
{"name":"ModelAdvance", "ph":"E", "ts":"3895041195", "pid":"1", "tid":"cice"},
{"name":"ModelAdvance", "ph":"B", "ts":"3895170505", "pid":"1", "tid":"cice"},
{"name":"ModelAdvance", "ph":"E", "ts":"3895640238", "pid":"1", "tid":"cice"},
{"name":"ModelAdvance", "ph":"B", "ts":"3895771409", "pid":"1", "tid":"cice"},
{"name":"ModelAdvance", "ph":"E", "ts":"3896236988", "pid":"1", "tid":"cice"},
{"name":"ModelAdvance", "ph":"B", "ts":"3896369949", "pid":"1", "tid":"cice"},
{"name":"ModelAdvance", "ph":"E", "ts":"3896839588", "pid":"1", "tid":"cice"},
{"name":"ModelAdvance", "ph":"B", "ts":"3896979049", "pid":"1", "tid":"cice"},
{"name":"ModelAdvance", "ph":"E", "ts":"3897450920", "pid":"1", "tid":"cice"},
{"name":"ModelAdvance", "ph":"B", "ts":"3897579478", "pid":"1", "tid":"cice"},
{"name":"ModelAdvance", "ph":"E", "ts":"3898058926", "pid":"1", "tid":"cice"},
{"name":"ModelAdvance", "ph":"B", "ts":"3898175712", "pid":"1", "tid":"cice"},
{"name":"ModelAdvance", "ph":"E", "ts":"3898643015", "pid":"1", "tid":"cice"},
{"name":"ModelAdvance", "ph":"B", "ts":"3898792655", "pid":"1", "tid":"cice"},
{"name":"ModelAdvance", "ph":"E", "ts":"3899266885", "pid":"1", "tid":"cice"},
{"name":"ModelAdvance", "ph":"B", "ts":"3899446092", "pid":"1", "tid":"cice"},
{"name":"ModelAdvance", "ph":"E", "ts":"3899925131", "pid":"1", "tid":"cice"},
{"name":"ModelAdvance", "ph":"B", "ts":"3900051401", "pid":"1", "tid":"cice"},
{"name":"ModelAdvance", "ph":"E", "ts":"3900519752", "pid":"1", "tid":"cice"},
{"name":"ModelAdvance", "ph":"B", "ts":"3900651041", "pid":"1", "tid":"cice"},
{"name":"ModelAdvance", "ph":"E", "ts":"3901224391", "pid":"1", "tid":"cice"},
{"name":"ModelAdvance", "ph":"B", "ts":"3901271334", "pid":"1", "tid":"cice"},
{"name":"ModelAdvance", "ph":"E", "ts":"3901752722", "pid":"1", "tid":"cice"},
{"name":"ModelAdvance", "ph":"B", "ts":"3902553338", "pid":"1", "tid":"cice"},
{"name":"ModelAdvance", "ph":"E", "ts":"3903030516", "pid":"1", "tid":"cice"},
{"name":"ModelAdvance", "ph":"B", "ts":"3903155179", "pid":"1", "tid":"cice"},
{"name":"ModelAdvance", "ph":"E", "ts":"3903623428", "pid":"1", "tid":"cice"},
{"name":"ModelAdvance", "ph":"B", "ts":"3903771965", "pid":"1", "tid":"cice"},
{"name":"ModelAdvance", "ph":"E", "ts":"3904249394", "pid":"1", "tid":"cice"},
{"name":"ModelAdvance", "ph":"B", "ts":"3904370818", "pid":"1", "tid":"cice"},
{"name":"ModelAdvance", "ph":"E", "ts":"3904843502", "pid":"1", "tid":"cice"},
{"name":"ModelAdvance", "ph":"B", "ts":"3904986316", "pid":"1", "tid":"cice"},
{"name":"ModelAdvance", "ph":"E", "ts":"3905461295", "pid":"1", "tid":"cice"},
{"name":"ModelAdvance", "ph":"B", "ts":"3905584697", "pid":"1", "tid":"cice"},
{"name":"ModelAdvance", "ph":"E", "ts":"3906056447", "pid":"1", "tid":"cice"},
{"name":"ModelAdvance", "ph":"B", "ts":"3906183934", "pid":"1", "tid":"cice"},
{"name":"ModelAdvance", "ph":"E", "ts":"3906655684", "pid":"1", "tid":"cice"},
{"name":"ModelAdvance", "ph":"B", "ts":"3906800721", "pid":"1", "tid":"cice"},
{"name":"ModelAdvance", "ph":"E", "ts":"3907282666", "pid":"1", "tid":"cice"},
{"name":"ModelAdvance", "ph":"B", "ts":"3907399827", "pid":"1", "tid":"cice"},
{"name":"ModelAdvance", "ph":"E", "ts":"3907882257", "pid":"1", "tid":"cice"},
{"name":"ModelAdvance", "ph":"B", "ts":"3907998836", "pid":"1", "tid":"cice"},
{"name":"ModelAdvance", "ph":"E", "ts":"3908477724", "pid":"1", "tid":"cice"},
{"name":"ModelAdvance", "ph":"B", "ts":"3908599863", "pid":"1", "tid":"cice"},
{"name":"ModelAdvance", "ph":"E", "ts":"3909064534", "pid":"1", "tid":"cice"},
{"name":"ModelAdvance", "ph":"B", "ts":"3909229076", "pid":"1", "tid":"cice"},
{"name":"ModelAdvance", "ph":"E", "ts":"3909701603", "pid":"1", "tid":"cice"},
{"name":"ModelAdvance", "ph":"B", "ts":"3909828726", "pid":"1", "tid":"cice"},
{"name":"ModelAdvance", "ph":"E", "ts":"3910301124", "pid":"1", "tid":"cice"},
{"name":"ModelAdvance", "ph":"B", "ts":"3910442311", "pid":"1", "tid":"cice"},
{"name":"ModelAdvance", "ph":"E", "ts":"3910908300", "pid":"1", "tid":"cice"},
{"name":"ModelAdvance", "ph":"B", "ts":"3911044112", "pid":"1", "tid":"cice"},
{"name":"ModelAdvance", "ph":"E", "ts":"3911517195", "pid":"1", "tid":"cice"},
{"name":"ModelAdvance", "ph":"B", "ts":"3911650236", "pid":"1", "tid":"cice"},
{"name":"ModelAdvance", "ph":"E", "ts":"3912132788", "pid":"1", "tid":"cice"},
{"name":"ModelAdvance", "ph":"B", "ts":"3912251632", "pid":"1", "tid":"cice"},
{"name":"ModelAdvance", "ph":"E", "ts":"3912722839", "pid":"1", "tid":"cice"},
{"name":"ModelAdvance", "ph":"B", "ts":"3912856629", "pid":"1", "tid":"cice"},
{"name":"ModelAdvance", "ph":"E", "ts":"3913334975", "pid":"1", "tid":"cice"},
{"name":"ModelAdvance", "ph":"B", "ts":"3913451267", "pid":"1", "tid":"cice"},
{"name":"ModelAdvance", "ph":"E", "ts":"3913933400", "pid":"1", "tid":"cice"},
{"name":"ModelAdvance", "ph":"B", "ts":"3914051552", "pid":"1", "tid":"cice"},
{"name":"ModelAdvance", "ph":"E", "ts":"3914534342", "pid":"1", "tid":"cice"},
{"name":"ModelAdvance", "ph":"B", "ts":"3914649746", "pid":"1", "tid":"cice"},
{"name":"ModelAdvance", "ph":"E", "ts":"3915123753", "pid":"1", "tid":"cice"},
{"name":"ModelAdvance", "ph":"B", "ts":"3915250422", "pid":"1", "tid":"cice"},
{"name":"ModelAdvance", "ph":"E", "ts":"3915736577", "pid":"1", "tid":"cice"},
{"name":"ModelAdvance", "ph":"B", "ts":"3915867496", "pid":"1", "tid":"cice"},
{"name":"ModelAdvance", "ph":"E", "ts":"3916341764", "pid":"1", "tid":"cice"},
{"name":"ModelAdvance", "ph":"B", "ts":"3916484150", "pid":"1", "tid":"cice"},
{"name":"ModelAdvance", "ph":"E", "ts":"3916960277", "pid":"1", "tid":"cice"},
{"name":"ModelAdvance", "ph":"B", "ts":"3917704495", "pid":"1", "tid":"cice"},
{"name":"ModelAdvance", "ph":"E", "ts":"3918179638", "pid":"1", "tid":"cice"},
{"name":"ModelAdvance", "ph":"B", "ts":"3918308362", "pid":"1", "tid":"cice"},
{"name":"ModelAdvance", "ph":"E", "ts":"3918775620", "pid":"1", "tid":"cice"},
{"name":"ModelAdvance", "ph":"B", "ts":"3918906941", "pid":"1", "tid":"cice"},
{"name":"ModelAdvance", "ph":"E", "ts":"3919374330", "pid":"1", "tid":"cice"},
{"name":"ModelAdvance", "ph":"B", "ts":"3919504169", "pid":"1", "tid":"cice"},
{"name":"ModelAdvance", "ph":"E", "ts":"3919982076", "pid":"1", "tid":"cice"},
{"name":"ModelAdvance", "ph":"B", "ts":"3920105732", "pid":"1", "tid":"cice"},
{"name":"ModelAdvance", "ph":"E", "ts":"3920573499", "pid":"1", "tid":"cice"},
{"name":"ModelAdvance", "ph":"B", "ts":"3920737049", "pid":"1", "tid":"cice"},
{"name":"ModelAdvance", "ph":"E", "ts":"3921213542", "pid":"1", "tid":"cice"},
{"name":"ModelAdvance", "ph":"B", "ts":"3921339318", "pid":"1", "tid":"cice"},
{"name":"ModelAdvance", "ph":"E", "ts":"3921808631", "pid":"1", "tid":"cice"},
{"name":"ModelAdvance", "ph":"B", "ts":"3921950526", "pid":"1", "tid":"cice"},
{"name":"ModelAdvance", "ph":"E", "ts":"3922423586", "pid":"1", "tid":"cice"},
{"name":"ModelAdvance", "ph":"B", "ts":"3922576547", "pid":"1", "tid":"cice"},
{"name":"ModelAdvance", "ph":"E", "ts":"3923046507", "pid":"1", "tid":"cice"},
{"name":"ModelAdvance", "ph":"B", "ts":"3923184886", "pid":"1", "tid":"cice"},
{"name":"ModelAdvance", "ph":"E", "ts":"3923654173", "pid":"1", "tid":"cice"},
{"name":"ModelAdvance", "ph":"B", "ts":"3923793356", "pid":"1", "tid":"cice"},
{"name":"ModelAdvance", "ph":"E", "ts":"3924271549", "pid":"1", "tid":"cice"},
{"name":"ModelAdvance", "ph":"B", "ts":"3924467350", "pid":"1", "tid":"cice"},
{"name":"ModelAdvance", "ph":"E", "ts":"3924944963", "pid":"1", "tid":"cice"},
{"name":"ModelAdvance", "ph":"B", "ts":"3925084607", "pid":"1", "tid":"cice"},
{"name":"ModelAdvance", "ph":"E", "ts":"3925552020", "pid":"1", "tid":"cice"},
{"name":"ModelAdvance", "ph":"B", "ts":"3925702626", "pid":"1", "tid":"cice"},
{"name":"ModelAdvance", "ph":"E", "ts":"3926171513", "pid":"1", "tid":"cice"},
{"name":"ModelAdvance", "ph":"B", "ts":"3926370919", "pid":"1", "tid":"cice"},
{"name":"ModelAdvance", "ph":"E", "ts":"3926842492", "pid":"1", "tid":"cice"},
{"name":"ModelAdvance", "ph":"B", "ts":"3926990044", "pid":"1", "tid":"cice"},
{"name":"ModelAdvance", "ph":"E", "ts":"3927460778", "pid":"1", "tid":"cice"},
{"name":"ModelAdvance", "ph":"B", "ts":"3927600107", "pid":"1", "tid":"cice"},
{"name":"ModelAdvance", "ph":"E", "ts":"3928054992", "pid":"1", "tid":"cice"},
{"name":"ModelAdvance", "ph":"B", "ts":"3928209206", "pid":"1", "tid":"cice"},
{"name":"ModelAdvance", "ph":"E", "ts":"3928685819", "pid":"1", "tid":"cice"},
{"name":"ModelAdvance", "ph":"B", "ts":"3928881858", "pid":"1", "tid":"cice"},
{"name":"ModelAdvance", "ph":"E", "ts":"3929355840", "pid":"1", "tid":"cice"},
{"name":"ModelAdvance", "ph":"B", "ts":"3929517985", "pid":"1", "tid":"cice"},
{"name":"ModelAdvance", "ph":"E", "ts":"3929987874", "pid":"1", "tid":"cice"},
{"name":"ModelAdvance", "ph":"B", "ts":"3930132137", "pid":"1", "tid":"cice"},
{"name":"ModelAdvance", "ph":"E", "ts":"3930605942", "pid":"1", "tid":"cice"},
{"name":"ModelAdvance", "ph":"B", "ts":"3930748178", "pid":"1", "tid":"cice"},
{"name":"ModelAdvance", "ph":"E", "ts":"3931218865", "pid":"1", "tid":"cice"},
{"name":"ModelAdvance", "ph":"B", "ts":"3931361279", "pid":"1", "tid":"cice"},
{"name":"ModelAdvance", "ph":"E", "ts":"3931823152", "pid":"1", "tid":"cice"},
{"name":"ModelAdvance", "ph":"B", "ts":"3932028379", "pid":"1", "tid":"cice"},
{"name":"ModelAdvance", "ph":"E", "ts":"3932502381", "pid":"1", "tid":"cice"},
{"name":"ModelAdvance", "ph":"B", "ts":"3933238716", "pid":"1", "tid":"cice"},
{"name":"ModelAdvance", "ph":"E", "ts":"3933709981", "pid":"1", "tid":"cice"},
{"name":"ModelAdvance", "ph":"B", "ts":"3933889607", "pid":"1", "tid":"cice"},
{"name":"ModelAdvance", "ph":"E", "ts":"3934363211", "pid":"1", "tid":"cice"},
{"name":"ModelAdvance", "ph":"B", "ts":"3934562177", "pid":"1", "tid":"cice"},
{"name":"ModelAdvance", "ph":"E", "ts":"3935042732", "pid":"1", "tid":"cice"},
{"name":"ModelAdvance", "ph":"B", "ts":"3935225734", "pid":"1", "tid":"cice"},
{"name":"ModelAdvance", "ph":"E", "ts":"3935698992", "pid":"1", "tid":"cice"},
{"name":"ModelAdvance", "ph":"B", "ts":"3935902640", "pid":"1", "tid":"cice"},
{"name":"ModelAdvance", "ph":"E", "ts":"3936380149", "pid":"1", "tid":"cice"},
{"name":"ModelAdvance", "ph":"B", "ts":"3936571279", "pid":"1", "tid":"cice"},
{"name":"ModelAdvance", "ph":"E", "ts":"3937042880", "pid":"1", "tid":"cice"},
{"name":"ModelAdvance", "ph":"B", "ts":"3937242233", "pid":"1", "tid":"cice"},
{"name":"ModelAdvance", "ph":"E", "ts":"3937721031", "pid":"1", "tid":"cice"},
{"name":"ModelAdvance", "ph":"B", "ts":"3937901106", "pid":"1", "tid":"cice"},
{"name":"ModelAdvance", "ph":"E", "ts":"3938370181", "pid":"1", "tid":"cice"},
{"name":"ModelAdvance", "ph":"B", "ts":"3938565207", "pid":"1", "tid":"cice"},
{"name":"ModelAdvance", "ph":"E", "ts":"3939039939", "pid":"1", "tid":"cice"},
{"name":"ModelAdvance", "ph":"B", "ts":"3939180591", "pid":"1", "tid":"cice"},
{"name":"ModelAdvance", "ph":"E", "ts":"3939653575", "pid":"1", "tid":"cice"},
{"name":"ModelAdvance", "ph":"B", "ts":"3939827330", "pid":"1", "tid":"cice"},
{"name":"ModelAdvance", "ph":"E", "ts":"3940293235", "pid":"1", "tid":"cice"},
{"name":"ModelAdvance", "ph":"B", "ts":"3940515347", "pid":"1", "tid":"cice"},
{"name":"ModelAdvance", "ph":"E", "ts":"3940983727", "pid":"1", "tid":"cice"},
{"name":"ModelAdvance", "ph":"B", "ts":"3941185085", "pid":"1", "tid":"cice"},
{"name":"ModelAdvance", "ph":"E", "ts":"3941655828", "pid":"1", "tid":"cice"},
{"name":"ModelAdvance", "ph":"B", "ts":"3941825229", "pid":"1", "tid":"cice"},
{"name":"ModelAdvance", "ph":"E", "ts":"3942304319", "pid":"1", "tid":"cice"},
{"name":"ModelAdvance", "ph":"B", "ts":"3942500185", "pid":"1", "tid":"cice"},
{"name":"ModelAdvance", "ph":"E", "ts":"3942967805", "pid":"1", "tid":"cice"},
{"name":"ModelAdvance", "ph":"B", "ts":"3943133922", "pid":"1", "tid":"cice"},
{"name":"ModelAdvance", "ph":"E", "ts":"3943600389", "pid":"1", "tid":"cice"},
{"name":"ModelAdvance", "ph":"B", "ts":"3943769309", "pid":"1", "tid":"cice"},
{"name":"ModelAdvance", "ph":"E", "ts":"3944239156", "pid":"1", "tid":"cice"},
{"name":"ModelAdvance", "ph":"B", "ts":"3944424745", "pid":"1", "tid":"cice"},
{"name":"ModelAdvance", "ph":"E", "ts":"3944900155", "pid":"1", "tid":"cice"},
{"name":"ModelAdvance", "ph":"B", "ts":"3945143754", "pid":"1", "tid":"cice"},
{"name":"ModelAdvance", "ph":"E", "ts":"3945616019", "pid":"1", "tid":"cice"},
{"name":"ModelAdvance", "ph":"B", "ts":"3945776090", "pid":"1", "tid":"cice"},
{"name":"ModelAdvance", "ph":"E", "ts":"3946247681", "pid":"1", "tid":"cice"},
{"name":"ModelAdvance", "ph":"B", "ts":"3946437341", "pid":"1", "tid":"cice"},
{"name":"ModelAdvance", "ph":"E", "ts":"3946913782", "pid":"1", "tid":"cice"},
{"name":"ModelAdvance", "ph":"B", "ts":"3947055338", "pid":"1", "tid":"cice"},
{"name":"ModelAdvance", "ph":"E", "ts":"3947524374", "pid":"1", "tid":"cice"},
{"name":"ModelAdvance", "ph":"B", "ts":"3947701060", "pid":"1", "tid":"cice"},
{"name":"ModelAdvance", "ph":"E", "ts":"3948172626", "pid":"1", "tid":"cice"},
{"name":"ModelAdvance", "ph":"B", "ts":"3948377686", "pid":"1", "tid":"cice"},
{"name":"ModelAdvance", "ph":"E", "ts":"3948849742", "pid":"1", "tid":"cice"},
{"name":"ModelAdvance", "ph":"B", "ts":"3949638223", "pid":"1", "tid":"cice"},
{"name":"ModelAdvance", "ph":"E", "ts":"3950115491", "pid":"1", "tid":"cice"},
{"name":"ModelAdvance", "ph":"B", "ts":"3950287189", "pid":"1", "tid":"cice"},
{"name":"ModelAdvance", "ph":"E", "ts":"3950758230", "pid":"1", "tid":"cice"},
{"name":"ModelAdvance", "ph":"B", "ts":"3950911912", "pid":"1", "tid":"cice"},
{"name":"ModelAdvance", "ph":"E", "ts":"3951387505", "pid":"1", "tid":"cice"},
{"name":"ModelAdvance", "ph":"B", "ts":"3951576474", "pid":"1", "tid":"cice"},
{"name":"ModelAdvance", "ph":"E", "ts":"3952055260", "pid":"1", "tid":"cice"},
{"name":"ModelAdvance", "ph":"B", "ts":"3952232846", "pid":"1", "tid":"cice"},
{"name":"ModelAdvance", "ph":"E", "ts":"3952701135", "pid":"1", "tid":"cice"},
{"name":"ModelAdvance", "ph":"B", "ts":"3952852137", "pid":"1", "tid":"cice"},
{"name":"ModelAdvance", "ph":"E", "ts":"3953335840", "pid":"1", "tid":"cice"},
{"name":"ModelAdvance", "ph":"B", "ts":"3953463584", "pid":"1", "tid":"cice"},
{"name":"ModelAdvance", "ph":"E", "ts":"3953943315", "pid":"1", "tid":"cice"},
{"name":"ModelAdvance", "ph":"B", "ts":"3954120738", "pid":"1", "tid":"cice"},
{"name":"ModelAdvance", "ph":"E", "ts":"3954592660", "pid":"1", "tid":"cice"},
{"name":"ModelAdvance", "ph":"B", "ts":"3954741153", "pid":"1", "tid":"cice"},
{"name":"ModelAdvance", "ph":"E", "ts":"3955212332", "pid":"1", "tid":"cice"},
{"name":"ModelAdvance", "ph":"B", "ts":"3955364050", "pid":"1", "tid":"cice"},
{"name":"ModelAdvance", "ph":"E", "ts":"3955838418", "pid":"1", "tid":"cice"},
{"name":"ModelAdvance", "ph":"B", "ts":"3956003830", "pid":"1", "tid":"cice"},
{"name":"ModelAdvance", "ph":"E", "ts":"3956471391", "pid":"1", "tid":"cice"},
{"name":"ModelAdvance", "ph":"B", "ts":"3956658499", "pid":"1", "tid":"cice"},
{"name":"ModelAdvance", "ph":"E", "ts":"3957137985", "pid":"1", "tid":"cice"},
{"name":"ModelAdvance", "ph":"B", "ts":"3957275503", "pid":"1", "tid":"cice"},
{"name":"ModelAdvance", "ph":"E", "ts":"3957748605", "pid":"1", "tid":"cice"},
{"name":"ModelAdvance", "ph":"B", "ts":"3957874836", "pid":"1", "tid":"cice"},
{"name":"ModelAdvance", "ph":"E", "ts":"3958346898", "pid":"1", "tid":"cice"},
{"name":"ModelAdvance", "ph":"B", "ts":"3958510343", "pid":"1", "tid":"cice"},
{"name":"ModelAdvance", "ph":"E", "ts":"3958988594", "pid":"1", "tid":"cice"},
{"name":"ModelAdvance", "ph":"B", "ts":"3959133663", "pid":"1", "tid":"cice"},
{"name":"ModelAdvance", "ph":"E", "ts":"3959601239", "pid":"1", "tid":"cice"},
{"name":"ModelAdvance", "ph":"B", "ts":"3959739521", "pid":"1", "tid":"cice"},
{"name":"ModelAdvance", "ph":"E", "ts":"3960213093", "pid":"1", "tid":"cice"},
{"name":"ModelAdvance", "ph":"B", "ts":"3960415194", "pid":"1", "tid":"cice"},
{"name":"ModelAdvance", "ph":"E", "ts":"3960880418", "pid":"1", "tid":"cice"},
{"name":"ModelAdvance", "ph":"B", "ts":"3961066297", "pid":"1", "tid":"cice"},
{"name":"ModelAdvance", "ph":"E", "ts":"3961562343", "pid":"1", "tid":"cice"},
{"name":"ModelAdvance", "ph":"B", "ts":"3961723110", "pid":"1", "tid":"cice"},
{"name":"ModelAdvance", "ph":"E", "ts":"3962192978", "pid":"1", "tid":"cice"},
{"name":"ModelAdvance", "ph":"B", "ts":"3962329925", "pid":"1", "tid":"cice"},
{"name":"ModelAdvance", "ph":"E", "ts":"3962800104", "pid":"1", "tid":"cice"},
{"name":"ModelAdvance", "ph":"B", "ts":"3962996404", "pid":"1", "tid":"cice"},
{"name":"ModelAdvance", "ph":"E", "ts":"3963462727", "pid":"1", "tid":"cice"},
{"name":"ModelAdvance", "ph":"B", "ts":"3963666664", "pid":"1", "tid":"cice"},
{"name":"ModelAdvance", "ph":"E", "ts":"3964137703", "pid":"1", "tid":"cice"},
{"name":"ModelAdvance", "ph":"B", "ts":"3964319784", "pid":"1", "tid":"cice"},
{"name":"ModelAdvance", "ph":"E", "ts":"3964794535", "pid":"1", "tid":"cice"},
{"name":"ModelAdvance", "ph":"B", "ts":"3965634054", "pid":"1", "tid":"cice"},
{"name":"ModelAdvance", "ph":"E", "ts":"3966100225", "pid":"1", "tid":"cice"},
{"name":"ModelAdvance", "ph":"B", "ts":"3966264196", "pid":"1", "tid":"cice"},
{"name":"ModelAdvance", "ph":"E", "ts":"3966725047", "pid":"1", "tid":"cice"},
{"name":"ModelAdvance", "ph":"B", "ts":"3966882164", "pid":"1", "tid":"cice"},
{"name":"ModelAdvance", "ph":"E", "ts":"3967351776", "pid":"1", "tid":"cice"},
{"name":"ModelAdvance", "ph":"B", "ts":"3967513839", "pid":"1", "tid":"cice"},
{"name":"ModelAdvance", "ph":"E", "ts":"3967978568", "pid":"1", "tid":"cice"},
{"name":"ModelAdvance", "ph":"B", "ts":"3968142135", "pid":"1", "tid":"cice"},
{"name":"ModelAdvance", "ph":"E", "ts":"3968619249", "pid":"1", "tid":"cice"},
{"name":"ModelAdvance", "ph":"B", "ts":"3968770861", "pid":"1", "tid":"cice"},
{"name":"ModelAdvance", "ph":"E", "ts":"3969238722", "pid":"1", "tid":"cice"},
{"name":"ModelAdvance", "ph":"B", "ts":"3969473120", "pid":"1", "tid":"cice"},
{"name":"ModelAdvance", "ph":"E", "ts":"3969939277", "pid":"1", "tid":"cice"},
{"name":"ModelAdvance", "ph":"B", "ts":"3970148549", "pid":"1", "tid":"cice"},
{"name":"ModelAdvance", "ph":"E", "ts":"3970609971", "pid":"1", "tid":"cice"},
{"name":"ModelAdvance", "ph":"B", "ts":"3970793023", "pid":"1", "tid":"cice"},
{"name":"ModelAdvance", "ph":"E", "ts":"3971257344", "pid":"1", "tid":"cice"},
{"name":"ModelAdvance", "ph":"B", "ts":"3971424938", "pid":"1", "tid":"cice"},
{"name":"ModelAdvance", "ph":"E", "ts":"3971895095", "pid":"1", "tid":"cice"},
{"name":"ModelAdvance", "ph":"B", "ts":"3972070964", "pid":"1", "tid":"cice"},
{"name":"ModelAdvance", "ph":"E", "ts":"3972537335", "pid":"1", "tid":"cice"},
{"name":"ModelAdvance", "ph":"B", "ts":"3972778974", "pid":"1", "tid":"cice"},
{"name":"ModelAdvance", "ph":"E", "ts":"3973243291", "pid":"1", "tid":"cice"},
{"name":"ModelAdvance", "ph":"B", "ts":"3973447057", "pid":"1", "tid":"cice"},
{"name":"ModelAdvance", "ph":"E", "ts":"3973909893", "pid":"1", "tid":"cice"},
{"name":"ModelAdvance", "ph":"B", "ts":"3974158154", "pid":"1", "tid":"cice"},
{"name":"ModelAdvance", "ph":"E", "ts":"3974692236", "pid":"1", "tid":"cice"},
{"name":"ModelAdvance", "ph":"B", "ts":"3974821805", "pid":"1", "tid":"cice"},
{"name":"ModelAdvance", "ph":"E", "ts":"3975287833", "pid":"1", "tid":"cice"},
{"name":"ModelAdvance", "ph":"B", "ts":"3975493197", "pid":"1", "tid":"cice"},
{"name":"ModelAdvance", "ph":"E", "ts":"3975962068", "pid":"1", "tid":"cice"},
{"name":"ModelAdvance", "ph":"B", "ts":"3976231473", "pid":"1", "tid":"cice"},
{"name":"ModelAdvance", "ph":"E", "ts":"3976695199", "pid":"1", "tid":"cice"},
{"name":"ModelAdvance", "ph":"B", "ts":"3976871179", "pid":"1", "tid":"cice"},
{"name":"ModelAdvance", "ph":"E", "ts":"3977339884", "pid":"1", "tid":"cice"},
{"name":"ModelAdvance", "ph":"B", "ts":"3977650182", "pid":"1", "tid":"cice"},
{"name":"ModelAdvance", "ph":"E", "ts":"3978114317", "pid":"1", "tid":"cice"},
{"name":"ModelAdvance", "ph":"B", "ts":"3978342508", "pid":"1", "tid":"cice"},
{"name":"ModelAdvance", "ph":"E", "ts":"3978808228", "pid":"1", "tid":"cice"},
{"name":"ModelAdvance", "ph":"B", "ts":"3979025751", "pid":"1", "tid":"cice"},
{"name":"ModelAdvance", "ph":"E", "ts":"3979492204", "pid":"1", "tid":"cice"},
{"name":"ModelAdvance", "ph":"B", "ts":"3979702042", "pid":"1", "tid":"cice"},
{"name":"ModelAdvance", "ph":"E", "ts":"3980173917", "pid":"1", "tid":"cice"},
{"name":"ModelAdvance", "ph":"B", "ts":"3980376150", "pid":"1", "tid":"cice"},
{"name":"ModelAdvance", "ph":"E", "ts":"3980845198", "pid":"1", "tid":"cice"},
{"name":"ModelAdvance", "ph":"B", "ts":"3981066764", "pid":"1", "tid":"cice"},
{"name":"ModelAdvance", "ph":"E", "ts":"3981528727", "pid":"1", "tid":"cice"},
{"name":"ModelAdvance", "ph":"B", "ts":"3982352477", "pid":"1", "tid":"cice"},
{"name":"ModelAdvance", "ph":"E", "ts":"3982816686", "pid":"1", "tid":"cice"},
{"name":"ModelAdvance", "ph":"B", "ts":"3982965757", "pid":"1", "tid":"cice"},
{"name":"ModelAdvance", "ph":"E", "ts":"3983427995", "pid":"1", "tid":"cice"},
{"name":"ModelAdvance", "ph":"B", "ts":"3983629530", "pid":"1", "tid":"cice"},
{"name":"ModelAdvance", "ph":"E", "ts":"3984099136", "pid":"1", "tid":"cice"},
{"name":"ModelAdvance", "ph":"B", "ts":"3984244520", "pid":"1", "tid":"cice"},
{"name":"ModelAdvance", "ph":"E", "ts":"3984706202", "pid":"1", "tid":"cice"},
{"name":"ModelAdvance", "ph":"B", "ts":"3984915537", "pid":"1", "tid":"cice"},
{"name":"ModelAdvance", "ph":"E", "ts":"3985382223", "pid":"1", "tid":"cice"},
{"name":"ModelAdvance", "ph":"B", "ts":"3985564223", "pid":"1", "tid":"cice"},
{"name":"ModelAdvance", "ph":"E", "ts":"3986029773", "pid":"1", "tid":"cice"},
{"name":"ModelAdvance", "ph":"B", "ts":"3986184195", "pid":"1", "tid":"cice"},
{"name":"ModelAdvance", "ph":"E", "ts":"3986651929", "pid":"1", "tid":"cice"},
{"name":"ModelAdvance", "ph":"B", "ts":"3986851687", "pid":"1", "tid":"cice"},
{"name":"ModelAdvance", "ph":"E", "ts":"3987317677", "pid":"1", "tid":"cice"},
{"name":"ModelAdvance", "ph":"B", "ts":"3987473701", "pid":"1", "tid":"cice"},
{"name":"ModelAdvance", "ph":"E", "ts":"3987944694", "pid":"1", "tid":"cice"},
{"name":"ModelAdvance", "ph":"B", "ts":"3988090769", "pid":"1", "tid":"cice"},
{"name":"ModelAdvance", "ph":"E", "ts":"3988556772", "pid":"1", "tid":"cice"},
{"name":"ModelAdvance", "ph":"B", "ts":"3988716953", "pid":"1", "tid":"cice"},
{"name":"ModelAdvance", "ph":"E", "ts":"3989181964", "pid":"1", "tid":"cice"},
{"name":"ModelAdvance", "ph":"B", "ts":"3989371050", "pid":"1", "tid":"cice"},
{"name":"ModelAdvance", "ph":"E", "ts":"3989836755", "pid":"1", "tid":"cice"},
{"name":"ModelAdvance", "ph":"B", "ts":"3990049032", "pid":"1", "tid":"cice"},
{"name":"ModelAdvance", "ph":"E", "ts":"3990510082", "pid":"1", "tid":"cice"},
{"name":"ModelAdvance", "ph":"B", "ts":"3990701347", "pid":"1", "tid":"cice"},
{"name":"ModelAdvance", "ph":"E", "ts":"3991171340", "pid":"1", "tid":"cice"},
{"name":"ModelAdvance", "ph":"B", "ts":"3991322357", "pid":"1", "tid":"cice"},
{"name":"ModelAdvance", "ph":"E", "ts":"3991791447", "pid":"1", "tid":"cice"},
{"name":"ModelAdvance", "ph":"B", "ts":"3991948738", "pid":"1", "tid":"cice"},
{"name":"ModelAdvance", "ph":"E", "ts":"3992415309", "pid":"1", "tid":"cice"},
{"name":"ModelAdvance", "ph":"B", "ts":"3992568381", "pid":"1", "tid":"cice"},
{"name":"ModelAdvance", "ph":"E", "ts":"3993039152", "pid":"1", "tid":"cice"},
{"name":"ModelAdvance", "ph":"B", "ts":"3993180844", "pid":"1", "tid":"cice"},
{"name":"ModelAdvance", "ph":"E", "ts":"3993651894", "pid":"1", "tid":"cice"},
{"name":"ModelAdvance", "ph":"B", "ts":"3993807041", "pid":"1", "tid":"cice"},
{"name":"ModelAdvance", "ph":"E", "ts":"3994273665", "pid":"1", "tid":"cice"},
{"name":"ModelAdvance", "ph":"B", "ts":"3994462857", "pid":"1", "tid":"cice"},
{"name":"ModelAdvance", "ph":"E", "ts":"3994928105", "pid":"1", "tid":"cice"},
{"name":"ModelAdvance", "ph":"B", "ts":"3995091938", "pid":"1", "tid":"cice"},
{"name":"ModelAdvance", "ph":"E", "ts":"3995564076", "pid":"1", "tid":"cice"},
{"name":"ModelAdvance", "ph":"B", "ts":"3995748870", "pid":"1", "tid":"cice"},
{"name":"ModelAdvance", "ph":"E", "ts":"3996216243", "pid":"1", "tid":"cice"},
{"name":"ModelAdvance", "ph":"B", "ts":"3996371847", "pid":"1", "tid":"cice"},
{"name":"ModelAdvance", "ph":"E", "ts":"3996945307", "pid":"1", "tid":"cice"},
{"name":"ModelAdvance", "ph":"B", "ts":"3996997059", "pid":"1", "tid":"cice"},
{"name":"ModelAdvance", "ph":"E", "ts":"3997464726", "pid":"1", "tid":"cice"},
{"name":"ModelAdvance", "ph":"B", "ts":"3998257171", "pid":"1", "tid":"cice"},
{"name":"ModelAdvance", "ph":"E", "ts":"3998723035", "pid":"1", "tid":"cice"},
{"name":"ModelAdvance", "ph":"B", "ts":"3998873794", "pid":"1", "tid":"cice"},
{"name":"ModelAdvance", "ph":"E", "ts":"3999340497", "pid":"1", "tid":"cice"},
{"name":"ModelAdvance", "ph":"B", "ts":"3999468683", "pid":"1", "tid":"cice"},
{"name":"ModelAdvance", "ph":"E", "ts":"3999931603", "pid":"1", "tid":"cice"},
{"name":"ModelAdvance", "ph":"B", "ts":"4000067184", "pid":"1", "tid":"cice"},
{"name":"ModelAdvance", "ph":"E", "ts":"4000534143", "pid":"1", "tid":"cice"},
{"name":"ModelAdvance", "ph":"B", "ts":"4000663815", "pid":"1", "tid":"cice"},
{"name":"ModelAdvance", "ph":"E", "ts":"4001134379", "pid":"1", "tid":"cice"},
{"name":"ModelAdvance", "ph":"B", "ts":"4001260746", "pid":"1", "tid":"cice"},
{"name":"ModelAdvance", "ph":"E", "ts":"4001728835", "pid":"1", "tid":"cice"},
{"name":"ModelAdvance", "ph":"B", "ts":"4001851550", "pid":"1", "tid":"cice"},
{"name":"ModelAdvance", "ph":"E", "ts":"4002307482", "pid":"1", "tid":"cice"},
{"name":"ModelAdvance", "ph":"B", "ts":"4002440710", "pid":"1", "tid":"cice"},
{"name":"ModelAdvance", "ph":"E", "ts":"4002907930", "pid":"1", "tid":"cice"},
{"name":"ModelAdvance", "ph":"B", "ts":"4003041820", "pid":"1", "tid":"cice"},
{"name":"ModelAdvance", "ph":"E", "ts":"4003504864", "pid":"1", "tid":"cice"},
{"name":"ModelAdvance", "ph":"B", "ts":"4003635775", "pid":"1", "tid":"cice"},
{"name":"ModelAdvance", "ph":"E", "ts":"4004102151", "pid":"1", "tid":"cice"},
{"name":"ModelAdvance", "ph":"B", "ts":"4004224931", "pid":"1", "tid":"cice"},
{"name":"ModelAdvance", "ph":"E", "ts":"4004693837", "pid":"1", "tid":"cice"},
{"name":"ModelAdvance", "ph":"B", "ts":"4004832634", "pid":"1", "tid":"cice"},
{"name":"ModelAdvance", "ph":"E", "ts":"4005299712", "pid":"1", "tid":"cice"},
{"name":"ModelAdvance", "ph":"B", "ts":"4005422956", "pid":"1", "tid":"cice"},
{"name":"ModelAdvance", "ph":"E", "ts":"4005899669", "pid":"1", "tid":"cice"},
{"name":"ModelAdvance", "ph":"B", "ts":"4006018178", "pid":"1", "tid":"cice"},
{"name":"ModelAdvance", "ph":"E", "ts":"4006484954", "pid":"1", "tid":"cice"},
{"name":"ModelAdvance", "ph":"B", "ts":"4006614791", "pid":"1", "tid":"cice"},
{"name":"ModelAdvance", "ph":"E", "ts":"4007086394", "pid":"1", "tid":"cice"},
{"name":"ModelAdvance", "ph":"B", "ts":"4007208711", "pid":"1", "tid":"cice"},
{"name":"ModelAdvance", "ph":"E", "ts":"4007680720", "pid":"1", "tid":"cice"},
{"name":"ModelAdvance", "ph":"B", "ts":"4007800459", "pid":"1", "tid":"cice"},
{"name":"ModelAdvance", "ph":"E", "ts":"4008271279", "pid":"1", "tid":"cice"},
{"name":"ModelAdvance", "ph":"B", "ts":"4008396237", "pid":"1", "tid":"cice"},
{"name":"ModelAdvance", "ph":"E", "ts":"4008871003", "pid":"1", "tid":"cice"},
{"name":"ModelAdvance", "ph":"B", "ts":"4008996649", "pid":"1", "tid":"cice"},
{"name":"ModelAdvance", "ph":"E", "ts":"4009467749", "pid":"1", "tid":"cice"},
{"name":"ModelAdvance", "ph":"B", "ts":"4009597297", "pid":"1", "tid":"cice"},
{"name":"ModelAdvance", "ph":"E", "ts":"4010067500", "pid":"1", "tid":"cice"},
{"name":"ModelAdvance", "ph":"B", "ts":"4010192662", "pid":"1", "tid":"cice"},
{"name":"ModelAdvance", "ph":"E", "ts":"4010658747", "pid":"1", "tid":"cice"},
{"name":"ModelAdvance", "ph":"B", "ts":"4010788559", "pid":"1", "tid":"cice"},
{"name":"ModelAdvance", "ph":"E", "ts":"4011262972", "pid":"1", "tid":"cice"},
{"name":"ModelAdvance", "ph":"B", "ts":"4011384463", "pid":"1", "tid":"cice"},
{"name":"ModelAdvance", "ph":"E", "ts":"4011853459", "pid":"1", "tid":"cice"},
{"name":"ModelAdvance", "ph":"B", "ts":"4011989399", "pid":"1", "tid":"cice"},
{"name":"ModelAdvance", "ph":"E", "ts":"4012458611", "pid":"1", "tid":"cice"},
{"name":"ModelAdvance", "ph":"B", "ts":"4013249056", "pid":"1", "tid":"cice"},
{"name":"ModelAdvance", "ph":"E", "ts":"4013714559", "pid":"1", "tid":"cice"},
{"name":"ModelAdvance", "ph":"B", "ts":"4013847530", "pid":"1", "tid":"cice"},
{"name":"ModelAdvance", "ph":"E", "ts":"4014323244", "pid":"1", "tid":"cice"},
{"name":"ModelAdvance", "ph":"B", "ts":"4014437058", "pid":"1", "tid":"cice"},
{"name":"ModelAdvance", "ph":"E", "ts":"4014906558", "pid":"1", "tid":"cice"},
{"name":"ModelAdvance", "ph":"B", "ts":"4015027873", "pid":"1", "tid":"cice"},
{"name":"ModelAdvance", "ph":"E", "ts":"4015498758", "pid":"1", "tid":"cice"},
{"name":"ModelAdvance", "ph":"B", "ts":"4015627445", "pid":"1", "tid":"cice"},
{"name":"ModelAdvance", "ph":"E", "ts":"4016100148", "pid":"1", "tid":"cice"},
{"name":"ModelAdvance", "ph":"B", "ts":"4016216370", "pid":"1", "tid":"cice"},
{"name":"ModelAdvance", "ph":"E", "ts":"4016686759", "pid":"1", "tid":"cice"},
{"name":"ModelAdvance", "ph":"B", "ts":"4016816352", "pid":"1", "tid":"cice"},
{"name":"ModelAdvance", "ph":"E", "ts":"4017288234", "pid":"1", "tid":"cice"},
{"name":"ModelAdvance", "ph":"B", "ts":"4017413086", "pid":"1", "tid":"cice"},
{"name":"ModelAdvance", "ph":"E", "ts":"4017883959", "pid":"1", "tid":"cice"},
{"name":"ModelAdvance", "ph":"B", "ts":"4018007596", "pid":"1", "tid":"cice"},
{"name":"ModelAdvance", "ph":"E", "ts":"4018476421", "pid":"1", "tid":"cice"},
{"name":"ModelAdvance", "ph":"B", "ts":"4018600490", "pid":"1", "tid":"cice"},
{"name":"ModelAdvance", "ph":"E", "ts":"4019077490", "pid":"1", "tid":"cice"},
{"name":"ModelAdvance", "ph":"B", "ts":"4019198194", "pid":"1", "tid":"cice"},
{"name":"ModelAdvance", "ph":"E", "ts":"4019664736", "pid":"1", "tid":"cice"},
{"name":"ModelAdvance", "ph":"B", "ts":"4019797868", "pid":"1", "tid":"cice"},
{"name":"ModelAdvance", "ph":"E", "ts":"4020274514", "pid":"1", "tid":"cice"},
{"name":"ModelAdvance", "ph":"B", "ts":"4020386816", "pid":"1", "tid":"cice"},
{"name":"ModelAdvance", "ph":"E", "ts":"4020861828", "pid":"1", "tid":"cice"},
{"name":"ModelAdvance", "ph":"B", "ts":"4020979708", "pid":"1", "tid":"cice"},
{"name":"ModelAdvance", "ph":"E", "ts":"4021451507", "pid":"1", "tid":"cice"},
{"name":"ModelAdvance", "ph":"B", "ts":"4021573743", "pid":"1", "tid":"cice"},
{"name":"ModelAdvance", "ph":"E", "ts":"4022046970", "pid":"1", "tid":"cice"},
{"name":"ModelAdvance", "ph":"B", "ts":"4022169241", "pid":"1", "tid":"cice"},
{"name":"ModelAdvance", "ph":"E", "ts":"4022638816", "pid":"1", "tid":"cice"},
{"name":"ModelAdvance", "ph":"B", "ts":"4022763882", "pid":"1", "tid":"cice"},
{"name":"ModelAdvance", "ph":"E", "ts":"4023243890", "pid":"1", "tid":"cice"},
{"name":"ModelAdvance", "ph":"B", "ts":"4023353940", "pid":"1", "tid":"cice"},
{"name":"ModelAdvance", "ph":"E", "ts":"4023836982", "pid":"1", "tid":"cice"},
{"name":"ModelAdvance", "ph":"B", "ts":"4023945680", "pid":"1", "tid":"cice"},
{"name":"ModelAdvance", "ph":"E", "ts":"4024418385", "pid":"1", "tid":"cice"},
{"name":"ModelAdvance", "ph":"B", "ts":"4024536185", "pid":"1", "tid":"cice"},
{"name":"ModelAdvance", "ph":"E", "ts":"4025005425", "pid":"1", "tid":"cice"},
{"name":"ModelAdvance", "ph":"B", "ts":"4025129951", "pid":"1", "tid":"cice"},
{"name":"ModelAdvance", "ph":"E", "ts":"4025606490", "pid":"1", "tid":"cice"},
{"name":"ModelAdvance", "ph":"B", "ts":"4025721443", "pid":"1", "tid":"cice"},
{"name":"ModelAdvance", "ph":"E", "ts":"4026192506", "pid":"1", "tid":"cice"},
{"name":"ModelAdvance", "ph":"B", "ts":"4026313023", "pid":"1", "tid":"cice"},
{"name":"ModelAdvance", "ph":"E", "ts":"4026783099", "pid":"1", "tid":"cice"},
{"name":"ModelAdvance", "ph":"B", "ts":"4026919974", "pid":"1", "tid":"cice"},
{"name":"ModelAdvance", "ph":"E", "ts":"4027387876", "pid":"1", "tid":"cice"},
{"name":"ModelAdvance", "ph":"B", "ts":"4028468484", "pid":"1", "tid":"cice"},
{"name":"ModelAdvance", "ph":"E", "ts":"4028940058", "pid":"1", "tid":"cice"},
{"name":"ModelAdvance", "ph":"B", "ts":"4029060021", "pid":"1", "tid":"cice"},
{"name":"ModelAdvance", "ph":"E", "ts":"4029525358", "pid":"1", "tid":"cice"},
{"name":"ModelAdvance", "ph":"B", "ts":"4029653453", "pid":"1", "tid":"cice"},
{"name":"ModelAdvance", "ph":"E", "ts":"4030125537", "pid":"1", "tid":"cice"},
{"name":"ModelAdvance", "ph":"B", "ts":"4030249785", "pid":"1", "tid":"cice"},
{"name":"ModelAdvance", "ph":"E", "ts":"4030723847", "pid":"1", "tid":"cice"},
{"name":"ModelAdvance", "ph":"B", "ts":"4030837196", "pid":"1", "tid":"cice"},
{"name":"ModelAdvance", "ph":"E", "ts":"4031306776", "pid":"1", "tid":"cice"},
{"name":"ModelAdvance", "ph":"B", "ts":"4031428157", "pid":"1", "tid":"cice"},
{"name":"ModelAdvance", "ph":"E", "ts":"4031901449", "pid":"1", "tid":"cice"},
{"name":"ModelAdvance", "ph":"B", "ts":"4032017213", "pid":"1", "tid":"cice"},
{"name":"ModelAdvance", "ph":"E", "ts":"4032486694", "pid":"1", "tid":"cice"},
{"name":"ModelAdvance", "ph":"B", "ts":"4032609960", "pid":"1", "tid":"cice"},
{"name":"ModelAdvance", "ph":"E", "ts":"4033087616", "pid":"1", "tid":"cice"},
{"name":"ModelAdvance", "ph":"B", "ts":"4033204673", "pid":"1", "tid":"cice"},
{"name":"ModelAdvance", "ph":"E", "ts":"4033676714", "pid":"1", "tid":"cice"},
{"name":"ModelAdvance", "ph":"B", "ts":"4033811349", "pid":"1", "tid":"cice"},
{"name":"ModelAdvance", "ph":"E", "ts":"4034280421", "pid":"1", "tid":"cice"},
{"name":"ModelAdvance", "ph":"B", "ts":"4034402744", "pid":"1", "tid":"cice"},
{"name":"ModelAdvance", "ph":"E", "ts":"4034872488", "pid":"1", "tid":"cice"},
{"name":"ModelAdvance", "ph":"B", "ts":"4035007738", "pid":"1", "tid":"cice"},
{"name":"ModelAdvance", "ph":"E", "ts":"4035480736", "pid":"1", "tid":"cice"},
{"name":"ModelAdvance", "ph":"B", "ts":"4035601427", "pid":"1", "tid":"cice"},
{"name":"ModelAdvance", "ph":"E", "ts":"4036071753", "pid":"1", "tid":"cice"},
{"name":"ModelAdvance", "ph":"B", "ts":"4036186478", "pid":"1", "tid":"cice"},
{"name":"ModelAdvance", "ph":"E", "ts":"4036664203", "pid":"1", "tid":"cice"},
{"name":"ModelAdvance", "ph":"B", "ts":"4036783572", "pid":"1", "tid":"cice"},
{"name":"ModelAdvance", "ph":"E", "ts":"4037255501", "pid":"1", "tid":"cice"},
{"name":"ModelAdvance", "ph":"B", "ts":"4037373441", "pid":"1", "tid":"cice"},
{"name":"ModelAdvance", "ph":"E", "ts":"4037856150", "pid":"1", "tid":"cice"},
{"name":"ModelAdvance", "ph":"B", "ts":"4037968912", "pid":"1", "tid":"cice"},
{"name":"ModelAdvance", "ph":"E", "ts":"4038434902", "pid":"1", "tid":"cice"},
{"name":"ModelAdvance", "ph":"B", "ts":"4038565896", "pid":"1", "tid":"cice"},
{"name":"ModelAdvance", "ph":"E", "ts":"4039043093", "pid":"1", "tid":"cice"},
{"name":"ModelAdvance", "ph":"B", "ts":"4039157943", "pid":"1", "tid":"cice"},
{"name":"ModelAdvance", "ph":"E", "ts":"4039634352", "pid":"1", "tid":"cice"},
{"name":"ModelAdvance", "ph":"B", "ts":"4039747655", "pid":"1", "tid":"cice"},
{"name":"ModelAdvance", "ph":"E", "ts":"4040222246", "pid":"1", "tid":"cice"},
{"name":"ModelAdvance", "ph":"B", "ts":"4040387787", "pid":"1", "tid":"cice"},
{"name":"ModelAdvance", "ph":"E", "ts":"4040863938", "pid":"1", "tid":"cice"},
{"name":"ModelAdvance", "ph":"B", "ts":"4040974965", "pid":"1", "tid":"cice"},
{"name":"ModelAdvance", "ph":"E", "ts":"4041443248", "pid":"1", "tid":"cice"},
{"name":"ModelAdvance", "ph":"B", "ts":"4041582214", "pid":"1", "tid":"cice"},
{"name":"ModelAdvance", "ph":"E", "ts":"4042059849", "pid":"1", "tid":"cice"},
{"name":"ModelAdvance", "ph":"B", "ts":"4042227331", "pid":"1", "tid":"cice"},
{"name":"ModelAdvance", "ph":"E", "ts":"4042701719", "pid":"1", "tid":"cice"},
{"name":"ModelAdvance", "ph":"B", "ts":"4043465917", "pid":"1", "tid":"cice"},
{"name":"ModelAdvance", "ph":"E", "ts":"4043949161", "pid":"1", "tid":"cice"},
{"name":"ModelAdvance", "ph":"B", "ts":"4044055041", "pid":"1", "tid":"cice"},
{"name":"ModelAdvance", "ph":"E", "ts":"4044532494", "pid":"1", "tid":"cice"},
{"name":"ModelAdvance", "ph":"B", "ts":"4044648326", "pid":"1", "tid":"cice"},
{"name":"ModelAdvance", "ph":"E", "ts":"4045113277", "pid":"1", "tid":"cice"},
{"name":"ModelAdvance", "ph":"B", "ts":"4045240188", "pid":"1", "tid":"cice"},
{"name":"ModelAdvance", "ph":"E", "ts":"4045712136", "pid":"1", "tid":"cice"},
{"name":"ModelAdvance", "ph":"B", "ts":"4045827409", "pid":"1", "tid":"cice"},
{"name":"ModelAdvance", "ph":"E", "ts":"4046298062", "pid":"1", "tid":"cice"},
{"name":"ModelAdvance", "ph":"B", "ts":"4046412302", "pid":"1", "tid":"cice"},
{"name":"ModelAdvance", "ph":"E", "ts":"4046889225", "pid":"1", "tid":"cice"},
{"name":"ModelAdvance", "ph":"B", "ts":"4046997165", "pid":"1", "tid":"cice"},
{"name":"ModelAdvance", "ph":"E", "ts":"4047481052", "pid":"1", "tid":"cice"},
{"name":"ModelAdvance", "ph":"B", "ts":"4047588976", "pid":"1", "tid":"cice"},
{"name":"ModelAdvance", "ph":"E", "ts":"4048061187", "pid":"1", "tid":"cice"},
{"name":"ModelAdvance", "ph":"B", "ts":"4048183731", "pid":"1", "tid":"cice"},
{"name":"ModelAdvance", "ph":"E", "ts":"4048655288", "pid":"1", "tid":"cice"},
{"name":"ModelAdvance", "ph":"B", "ts":"4048772268", "pid":"1", "tid":"cice"},
{"name":"ModelAdvance", "ph":"E", "ts":"4049238605", "pid":"1", "tid":"cice"},
{"name":"ModelAdvance", "ph":"B", "ts":"4049371309", "pid":"1", "tid":"cice"},
{"name":"ModelAdvance", "ph":"E", "ts":"4049836958", "pid":"1", "tid":"cice"},
{"name":"ModelAdvance", "ph":"B", "ts":"4049987743", "pid":"1", "tid":"cice"},
{"name":"ModelAdvance", "ph":"E", "ts":"4050457907", "pid":"1", "tid":"cice"},
{"name":"ModelAdvance", "ph":"B", "ts":"4050573513", "pid":"1", "tid":"cice"},
{"name":"ModelAdvance", "ph":"E", "ts":"4051043034", "pid":"1", "tid":"cice"},
{"name":"ModelAdvance", "ph":"B", "ts":"4051161916", "pid":"1", "tid":"cice"},
{"name":"ModelAdvance", "ph":"E", "ts":"4051635056", "pid":"1", "tid":"cice"},
{"name":"ModelAdvance", "ph":"B", "ts":"4051745958", "pid":"1", "tid":"cice"},
{"name":"ModelAdvance", "ph":"E", "ts":"4052216476", "pid":"1", "tid":"cice"},
{"name":"ModelAdvance", "ph":"B", "ts":"4052337437", "pid":"1", "tid":"cice"},
{"name":"ModelAdvance", "ph":"E", "ts":"4052803662", "pid":"1", "tid":"cice"},
{"name":"ModelAdvance", "ph":"B", "ts":"4052919636", "pid":"1", "tid":"cice"},
{"name":"ModelAdvance", "ph":"E", "ts":"4053390202", "pid":"1", "tid":"cice"},
{"name":"ModelAdvance", "ph":"B", "ts":"4053518369", "pid":"1", "tid":"cice"},
{"name":"ModelAdvance", "ph":"E", "ts":"4053987823", "pid":"1", "tid":"cice"},
{"name":"ModelAdvance", "ph":"B", "ts":"4054102943", "pid":"1", "tid":"cice"},
{"name":"ModelAdvance", "ph":"E", "ts":"4054571977", "pid":"1", "tid":"cice"},
{"name":"ModelAdvance", "ph":"B", "ts":"4054701781", "pid":"1", "tid":"cice"},
{"name":"ModelAdvance", "ph":"E", "ts":"4055170012", "pid":"1", "tid":"cice"},
{"name":"ModelAdvance", "ph":"B", "ts":"4055284469", "pid":"1", "tid":"cice"},
{"name":"ModelAdvance", "ph":"E", "ts":"4055765108", "pid":"1", "tid":"cice"},
{"name":"ModelAdvance", "ph":"B", "ts":"4055876641", "pid":"1", "tid":"cice"},
{"name":"ModelAdvance", "ph":"E", "ts":"4056350403", "pid":"1", "tid":"cice"},
{"name":"ModelAdvance", "ph":"B", "ts":"4056466104", "pid":"1", "tid":"cice"},
{"name":"ModelAdvance", "ph":"E", "ts":"4056931465", "pid":"1", "tid":"cice"},
{"name":"ModelAdvance", "ph":"B", "ts":"4057062340", "pid":"1", "tid":"cice"},
{"name":"ModelAdvance", "ph":"E", "ts":"4057529725", "pid":"1", "tid":"cice"},
{"name":"ModelAdvance", "ph":"B", "ts":"4058331311", "pid":"1", "tid":"cice"},
{"name":"ModelAdvance", "ph":"E", "ts":"4058802199", "pid":"1", "tid":"cice"},
{"name":"ModelAdvance", "ph":"B", "ts":"4059207575", "pid":"1", "tid":"cice"},
{"name":"ModelAdvance", "ph":"E", "ts":"4059679349", "pid":"1", "tid":"cice"},
{"name":"ModelAdvance", "ph":"B", "ts":"4059794828", "pid":"1", "tid":"cice"},
{"name":"ModelAdvance", "ph":"E", "ts":"4060263888", "pid":"1", "tid":"cice"},
{"name":"ModelAdvance", "ph":"B", "ts":"4060379431", "pid":"1", "tid":"cice"},
{"name":"ModelAdvance", "ph":"E", "ts":"4060849046", "pid":"1", "tid":"cice"},
{"name":"ModelAdvance", "ph":"B", "ts":"4060962064", "pid":"1", "tid":"cice"},
{"name":"ModelAdvance", "ph":"E", "ts":"4061428387", "pid":"1", "tid":"cice"},
{"name":"ModelAdvance", "ph":"B", "ts":"4061543418", "pid":"1", "tid":"cice"},
{"name":"ModelAdvance", "ph":"E", "ts":"4062015748", "pid":"1", "tid":"cice"},
{"name":"ModelAdvance", "ph":"B", "ts":"4062126550", "pid":"1", "tid":"cice"},
{"name":"ModelAdvance", "ph":"E", "ts":"4062592179", "pid":"1", "tid":"cice"},
{"name":"ModelAdvance", "ph":"B", "ts":"4062705972", "pid":"1", "tid":"cice"},
{"name":"ModelAdvance", "ph":"E", "ts":"4063177697", "pid":"1", "tid":"cice"},
{"name":"ModelAdvance", "ph":"B", "ts":"4063289253", "pid":"1", "tid":"cice"},
{"name":"ModelAdvance", "ph":"E", "ts":"4063771629", "pid":"1", "tid":"cice"},
{"name":"ModelAdvance", "ph":"B", "ts":"4063874329", "pid":"1", "tid":"cice"},
{"name":"ModelAdvance", "ph":"E", "ts":"4064346722", "pid":"1", "tid":"cice"},
{"name":"ModelAdvance", "ph":"B", "ts":"4064462462", "pid":"1", "tid":"cice"},
{"name":"ModelAdvance", "ph":"E", "ts":"4064930083", "pid":"1", "tid":"cice"},
{"name":"ModelAdvance", "ph":"B", "ts":"4065054289", "pid":"1", "tid":"cice"},
{"name":"ModelAdvance", "ph":"E", "ts":"4065524075", "pid":"1", "tid":"cice"},
{"name":"ModelAdvance", "ph":"B", "ts":"4065637919", "pid":"1", "tid":"cice"},
{"name":"ModelAdvance", "ph":"E", "ts":"4066106293", "pid":"1", "tid":"cice"},
{"name":"ModelAdvance", "ph":"B", "ts":"4066240703", "pid":"1", "tid":"cice"},
{"name":"ModelAdvance", "ph":"E", "ts":"4066706760", "pid":"1", "tid":"cice"},
{"name":"ModelAdvance", "ph":"B", "ts":"4066839803", "pid":"1", "tid":"cice"},
{"name":"ModelAdvance", "ph":"E", "ts":"4067310163", "pid":"1", "tid":"cice"},
{"name":"ModelAdvance", "ph":"B", "ts":"4067419622", "pid":"1", "tid":"cice"},
{"name":"ModelAdvance", "ph":"E", "ts":"4067895074", "pid":"1", "tid":"cice"},
{"name":"ModelAdvance", "ph":"B", "ts":"4068006975", "pid":"1", "tid":"cice"},
{"name":"ModelAdvance", "ph":"E", "ts":"4068472805", "pid":"1", "tid":"cice"},
{"name":"ModelAdvance", "ph":"B", "ts":"4068589943", "pid":"1", "tid":"cice"},
{"name":"ModelAdvance", "ph":"E", "ts":"4069061894", "pid":"1", "tid":"cice"},
{"name":"ModelAdvance", "ph":"B", "ts":"4069174681", "pid":"1", "tid":"cice"},
{"name":"ModelAdvance", "ph":"E", "ts":"4069639019", "pid":"1", "tid":"cice"},
{"name":"ModelAdvance", "ph":"B", "ts":"4069758052", "pid":"1", "tid":"cice"},
{"name":"ModelAdvance", "ph":"E", "ts":"4070228545", "pid":"1", "tid":"cice"},
{"name":"ModelAdvance", "ph":"B", "ts":"4070342141", "pid":"1", "tid":"cice"},
{"name":"ModelAdvance", "ph":"E", "ts":"4070816906", "pid":"1", "tid":"cice"},
{"name":"ModelAdvance", "ph":"B", "ts":"4070921010", "pid":"1", "tid":"cice"},
{"name":"ModelAdvance", "ph":"E", "ts":"4071389637", "pid":"1", "tid":"cice"},
{"name":"ModelAdvance", "ph":"B", "ts":"4071506039", "pid":"1", "tid":"cice"},
{"name":"ModelAdvance", "ph":"E", "ts":"4071972886", "pid":"1", "tid":"cice"},
{"name":"ModelAdvance", "ph":"B", "ts":"4072099473", "pid":"1", "tid":"cice"},
{"name":"ModelAdvance", "ph":"E", "ts":"4072570875", "pid":"1", "tid":"cice"},
{"name":"ModelAdvance", "ph":"B", "ts":"4073349477", "pid":"1", "tid":"cice"},
{"name":"ModelAdvance", "ph":"E", "ts":"4073814521", "pid":"1", "tid":"cice"},
{"name":"ModelAdvance", "ph":"B", "ts":"4073930739", "pid":"1", "tid":"cice"},
{"name":"ModelAdvance", "ph":"E", "ts":"4074403853", "pid":"1", "tid":"cice"},
{"name":"ModelAdvance", "ph":"B", "ts":"4074516037", "pid":"1", "tid":"cice"},
{"name":"ModelAdvance", "ph":"E", "ts":"4074990070", "pid":"1", "tid":"cice"},
{"name":"ModelAdvance", "ph":"B", "ts":"4075100850", "pid":"1", "tid":"cice"},
{"name":"ModelAdvance", "ph":"E", "ts":"4075575843", "pid":"1", "tid":"cice"},
{"name":"ModelAdvance", "ph":"B", "ts":"4075687634", "pid":"1", "tid":"cice"},
{"name":"ModelAdvance", "ph":"E", "ts":"4076164428", "pid":"1", "tid":"cice"},
{"name":"ModelAdvance", "ph":"B", "ts":"4076271622", "pid":"1", "tid":"cice"},
{"name":"ModelAdvance", "ph":"E", "ts":"4076752348", "pid":"1", "tid":"cice"},
{"name":"ModelAdvance", "ph":"B", "ts":"4076855252", "pid":"1", "tid":"cice"},
{"name":"ModelAdvance", "ph":"E", "ts":"4077319711", "pid":"1", "tid":"cice"},
{"name":"ModelAdvance", "ph":"B", "ts":"4077442272", "pid":"1", "tid":"cice"},
{"name":"ModelAdvance", "ph":"E", "ts":"4077910083", "pid":"1", "tid":"cice"},
{"name":"ModelAdvance", "ph":"B", "ts":"4078031376", "pid":"1", "tid":"cice"},
{"name":"ModelAdvance", "ph":"E", "ts":"4078504898", "pid":"1", "tid":"cice"},
{"name":"ModelAdvance", "ph":"B", "ts":"4078637052", "pid":"1", "tid":"cice"},
{"name":"ModelAdvance", "ph":"E", "ts":"4079110166", "pid":"1", "tid":"cice"},
{"name":"ModelAdvance", "ph":"B", "ts":"4079232224", "pid":"1", "tid":"cice"},
{"name":"ModelAdvance", "ph":"E", "ts":"4079702315", "pid":"1", "tid":"cice"},
{"name":"ModelAdvance", "ph":"B", "ts":"4079843442", "pid":"1", "tid":"cice"},
{"name":"ModelAdvance", "ph":"E", "ts":"4080312054", "pid":"1", "tid":"cice"},
{"name":"ModelAdvance", "ph":"B", "ts":"4080429277", "pid":"1", "tid":"cice"},
{"name":"ModelAdvance", "ph":"E", "ts":"4080901176", "pid":"1", "tid":"cice"},
{"name":"ModelAdvance", "ph":"B", "ts":"4081016185", "pid":"1", "tid":"cice"},
{"name":"ModelAdvance", "ph":"E", "ts":"4081481538", "pid":"1", "tid":"cice"},
{"name":"ModelAdvance", "ph":"B", "ts":"4081600273", "pid":"1", "tid":"cice"},
{"name":"ModelAdvance", "ph":"E", "ts":"4082079981", "pid":"1", "tid":"cice"},
{"name":"ModelAdvance", "ph":"B", "ts":"4082191418", "pid":"1", "tid":"cice"},
{"name":"ModelAdvance", "ph":"E", "ts":"4082660557", "pid":"1", "tid":"cice"},
{"name":"ModelAdvance", "ph":"B", "ts":"4082780135", "pid":"1", "tid":"cice"},
{"name":"ModelAdvance", "ph":"E", "ts":"4083250635", "pid":"1", "tid":"cice"},
{"name":"ModelAdvance", "ph":"B", "ts":"4083371745", "pid":"1", "tid":"cice"},
{"name":"ModelAdvance", "ph":"E", "ts":"4083850003", "pid":"1", "tid":"cice"},
{"name":"ModelAdvance", "ph":"B", "ts":"4083951522", "pid":"1", "tid":"cice"},
{"name":"ModelAdvance", "ph":"E", "ts":"4084434290", "pid":"1", "tid":"cice"},
{"name":"ModelAdvance", "ph":"B", "ts":"4084550366", "pid":"1", "tid":"cice"},
{"name":"ModelAdvance", "ph":"E", "ts":"4085024453", "pid":"1", "tid":"cice"},
{"name":"ModelAdvance", "ph":"B", "ts":"4085137586", "pid":"1", "tid":"cice"},
{"name":"ModelAdvance", "ph":"E", "ts":"4085609507", "pid":"1", "tid":"cice"},
{"name":"ModelAdvance", "ph":"B", "ts":"4085722530", "pid":"1", "tid":"cice"},
{"name":"ModelAdvance", "ph":"E", "ts":"4086190968", "pid":"1", "tid":"cice"},
{"name":"ModelAdvance", "ph":"B", "ts":"4086307504", "pid":"1", "tid":"cice"},
{"name":"ModelAdvance", "ph":"E", "ts":"4086865081", "pid":"1", "tid":"cice"},
{"name":"ModelAdvance", "ph":"B", "ts":"4086910667", "pid":"1", "tid":"cice"},
{"name":"ModelAdvance", "ph":"E", "ts":"4087381636", "pid":"1", "tid":"cice"},
{"name":"ModelAdvance", "ph":"B", "ts":"4088150615", "pid":"1", "tid":"cice"},
{"name":"ModelAdvance", "ph":"E", "ts":"4088626499", "pid":"1", "tid":"cice"},
{"name":"ModelAdvance", "ph":"B", "ts":"4088735615", "pid":"1", "tid":"cice"},
{"name":"ModelAdvance", "ph":"E", "ts":"4089203191", "pid":"1", "tid":"cice"},
{"name":"ModelAdvance", "ph":"B", "ts":"4089646317", "pid":"1", "tid":"cice"},
{"name":"ModelAdvance", "ph":"E", "ts":"4090112206", "pid":"1", "tid":"cice"},
{"name":"ModelAdvance", "ph":"B", "ts":"4090245067", "pid":"1", "tid":"cice"},
{"name":"ModelAdvance", "ph":"E", "ts":"4090723862", "pid":"1", "tid":"cice"},
{"name":"ModelAdvance", "ph":"B", "ts":"4090830241", "pid":"1", "tid":"cice"},
{"name":"ModelAdvance", "ph":"E", "ts":"4091302094", "pid":"1", "tid":"cice"},
{"name":"ModelAdvance", "ph":"B", "ts":"4091412381", "pid":"1", "tid":"cice"},
{"name":"ModelAdvance", "ph":"E", "ts":"4091885532", "pid":"1", "tid":"cice"},
{"name":"ModelAdvance", "ph":"B", "ts":"4092010536", "pid":"1", "tid":"cice"},
{"name":"ModelAdvance", "ph":"E", "ts":"4092481025", "pid":"1", "tid":"cice"},
{"name":"ModelAdvance", "ph":"B", "ts":"4092601583", "pid":"1", "tid":"cice"},
{"name":"ModelAdvance", "ph":"E", "ts":"4093071164", "pid":"1", "tid":"cice"},
{"name":"ModelAdvance", "ph":"B", "ts":"4093185901", "pid":"1", "tid":"cice"},
{"name":"ModelAdvance", "ph":"E", "ts":"4093661942", "pid":"1", "tid":"cice"},
{"name":"ModelAdvance", "ph":"B", "ts":"4093768398", "pid":"1", "tid":"cice"},
{"name":"ModelAdvance", "ph":"E", "ts":"4094236906", "pid":"1", "tid":"cice"},
{"name":"ModelAdvance", "ph":"B", "ts":"4094352573", "pid":"1", "tid":"cice"},
{"name":"ModelAdvance", "ph":"E", "ts":"4094831322", "pid":"1", "tid":"cice"},
{"name":"ModelAdvance", "ph":"B", "ts":"4094950795", "pid":"1", "tid":"cice"},
{"name":"ModelAdvance", "ph":"E", "ts":"4095420443", "pid":"1", "tid":"cice"},
{"name":"ModelAdvance", "ph":"B", "ts":"4095544520", "pid":"1", "tid":"cice"},
{"name":"ModelAdvance", "ph":"E", "ts":"4096022090", "pid":"1", "tid":"cice"},
{"name":"ModelAdvance", "ph":"B", "ts":"4096139971", "pid":"1", "tid":"cice"},
{"name":"ModelAdvance", "ph":"E", "ts":"4096610281", "pid":"1", "tid":"cice"},
{"name":"ModelAdvance", "ph":"B", "ts":"4096730245", "pid":"1", "tid":"cice"},
{"name":"ModelAdvance", "ph":"E", "ts":"4097201353", "pid":"1", "tid":"cice"},
{"name":"ModelAdvance", "ph":"B", "ts":"4097315880", "pid":"1", "tid":"cice"},
{"name":"ModelAdvance", "ph":"E", "ts":"4097798434", "pid":"1", "tid":"cice"},
{"name":"ModelAdvance", "ph":"B", "ts":"4097905432", "pid":"1", "tid":"cice"},
{"name":"ModelAdvance", "ph":"E", "ts":"4098376007", "pid":"1", "tid":"cice"},
{"name":"ModelAdvance", "ph":"B", "ts":"4098496351", "pid":"1", "tid":"cice"},
{"name":"ModelAdvance", "ph":"E", "ts":"4098967870", "pid":"1", "tid":"cice"},
{"name":"ModelAdvance", "ph":"B", "ts":"4099106349", "pid":"1", "tid":"cice"},
{"name":"ModelAdvance", "ph":"E", "ts":"4099571964", "pid":"1", "tid":"cice"},
{"name":"ModelAdvance", "ph":"B", "ts":"4099701157", "pid":"1", "tid":"cice"},
{"name":"ModelAdvance", "ph":"E", "ts":"4100173301", "pid":"1", "tid":"cice"},
{"name":"ModelAdvance", "ph":"B", "ts":"4100295967", "pid":"1", "tid":"cice"},
{"name":"ModelAdvance", "ph":"E", "ts":"4100775033", "pid":"1", "tid":"cice"},
{"name":"ModelAdvance", "ph":"B", "ts":"4100895362", "pid":"1", "tid":"cice"},
{"name":"ModelAdvance", "ph":"E", "ts":"4101367970", "pid":"1", "tid":"cice"},
{"name":"ModelAdvance", "ph":"B", "ts":"4101499533", "pid":"1", "tid":"cice"},
{"name":"ModelAdvance", "ph":"E", "ts":"4101968214", "pid":"1", "tid":"cice"},
{"name":"ModelAdvance", "ph":"B", "ts":"4102098968", "pid":"1", "tid":"cice"},
{"name":"ModelAdvance", "ph":"E", "ts":"4102578120", "pid":"1", "tid":"cice"},
{"name":"ModelAdvance", "ph":"B", "ts":"4103359001", "pid":"1", "tid":"cice"},
{"name":"ModelAdvance", "ph":"E", "ts":"4103834122", "pid":"1", "tid":"cice"},
{"name":"ModelAdvance", "ph":"B", "ts":"4103970837", "pid":"1", "tid":"cice"},
{"name":"ModelAdvance", "ph":"E", "ts":"4104445992", "pid":"1", "tid":"cice"},
{"name":"ModelAdvance", "ph":"B", "ts":"4104563857", "pid":"1", "tid":"cice"},
{"name":"ModelAdvance", "ph":"E", "ts":"4105039626", "pid":"1", "tid":"cice"},
{"name":"ModelAdvance", "ph":"B", "ts":"4105190563", "pid":"1", "tid":"cice"},
{"name":"ModelAdvance", "ph":"E", "ts":"4105661278", "pid":"1", "tid":"cice"},
{"name":"ModelAdvance", "ph":"B", "ts":"4105793503", "pid":"1", "tid":"cice"},
{"name":"ModelAdvance", "ph":"E", "ts":"4106266169", "pid":"1", "tid":"cice"},
{"name":"ModelAdvance", "ph":"B", "ts":"4106428540", "pid":"1", "tid":"cice"},
{"name":"ModelAdvance", "ph":"E", "ts":"4106904376", "pid":"1", "tid":"cice"},
{"name":"ModelAdvance", "ph":"B", "ts":"4107030643", "pid":"1", "tid":"cice"},
{"name":"ModelAdvance", "ph":"E", "ts":"4107505298", "pid":"1", "tid":"cice"},
{"name":"ModelAdvance", "ph":"B", "ts":"4107712992", "pid":"1", "tid":"cice"},
{"name":"ModelAdvance", "ph":"E", "ts":"4108183282", "pid":"1", "tid":"cice"},
{"name":"ModelAdvance", "ph":"B", "ts":"4108338075", "pid":"1", "tid":"cice"},
{"name":"ModelAdvance", "ph":"E", "ts":"4108811275", "pid":"1", "tid":"cice"},
{"name":"ModelAdvance", "ph":"B", "ts":"4108962926", "pid":"1", "tid":"cice"},
{"name":"ModelAdvance", "ph":"E", "ts":"4109444919", "pid":"1", "tid":"cice"},
{"name":"ModelAdvance", "ph":"B", "ts":"4109607527", "pid":"1", "tid":"cice"},
{"name":"ModelAdvance", "ph":"E", "ts":"4110083904", "pid":"1", "tid":"cice"},
{"name":"ModelAdvance", "ph":"B", "ts":"4110231838", "pid":"1", "tid":"cice"},
{"name":"ModelAdvance", "ph":"E", "ts":"4110707019", "pid":"1", "tid":"cice"},
{"name":"ModelAdvance", "ph":"B", "ts":"4110842126", "pid":"1", "tid":"cice"},
{"name":"ModelAdvance", "ph":"E", "ts":"4111319824", "pid":"1", "tid":"cice"},
{"name":"ModelAdvance", "ph":"B", "ts":"4111439837", "pid":"1", "tid":"cice"},
{"name":"ModelAdvance", "ph":"E", "ts":"4111909587", "pid":"1", "tid":"cice"},
{"name":"ModelAdvance", "ph":"B", "ts":"4112048970", "pid":"1", "tid":"cice"},
{"name":"ModelAdvance", "ph":"E", "ts":"4112517050", "pid":"1", "tid":"cice"},
{"name":"ModelAdvance", "ph":"B", "ts":"4112668407", "pid":"1", "tid":"cice"},
{"name":"ModelAdvance", "ph":"E", "ts":"4113138212", "pid":"1", "tid":"cice"},
{"name":"ModelAdvance", "ph":"B", "ts":"4113337565", "pid":"1", "tid":"cice"},
{"name":"ModelAdvance", "ph":"E", "ts":"4113816029", "pid":"1", "tid":"cice"},
{"name":"ModelAdvance", "ph":"B", "ts":"4113992795", "pid":"1", "tid":"cice"},
{"name":"ModelAdvance", "ph":"E", "ts":"4114465206", "pid":"1", "tid":"cice"},
{"name":"ModelAdvance", "ph":"B", "ts":"4114614163", "pid":"1", "tid":"cice"},
{"name":"ModelAdvance", "ph":"E", "ts":"4115085428", "pid":"1", "tid":"cice"},
{"name":"ModelAdvance", "ph":"B", "ts":"4115221956", "pid":"1", "tid":"cice"},
{"name":"ModelAdvance", "ph":"E", "ts":"4115696246", "pid":"1", "tid":"cice"},
{"name":"ModelAdvance", "ph":"B", "ts":"4115832710", "pid":"1", "tid":"cice"},
{"name":"ModelAdvance", "ph":"E", "ts":"4116304906", "pid":"1", "tid":"cice"},
{"name":"ModelAdvance", "ph":"B", "ts":"4116463458", "pid":"1", "tid":"cice"},
{"name":"ModelAdvance", "ph":"E", "ts":"4116931576", "pid":"1", "tid":"cice"},
{"name":"ModelAdvance", "ph":"B", "ts":"4117122147", "pid":"1", "tid":"cice"},
{"name":"ModelAdvance", "ph":"E", "ts":"4117596022", "pid":"1", "tid":"cice"},
{"name":"ModelAdvance", "ph":"B", "ts":"4117752058", "pid":"1", "tid":"cice"},
{"name":"ModelAdvance", "ph":"E", "ts":"4118230112", "pid":"1", "tid":"cice"},
{"name":"ModelAdvance", "ph":"B", "ts":"4119000899", "pid":"1", "tid":"cice"},
{"name":"ModelAdvance", "ph":"E", "ts":"4119475409", "pid":"1", "tid":"cice"},
{"name":"ModelAdvance", "ph":"B", "ts":"4119623094", "pid":"1", "tid":"cice"},
{"name":"ModelAdvance", "ph":"E", "ts":"4120094438", "pid":"1", "tid":"cice"},
{"name":"ModelAdvance", "ph":"B", "ts":"4120226020", "pid":"1", "tid":"cice"},
{"name":"ModelAdvance", "ph":"E", "ts":"4120698600", "pid":"1", "tid":"cice"},
{"name":"ModelAdvance", "ph":"B", "ts":"4120841278", "pid":"1", "tid":"cice"},
{"name":"ModelAdvance", "ph":"E", "ts":"4121305905", "pid":"1", "tid":"cice"},
{"name":"ModelAdvance", "ph":"B", "ts":"4121494712", "pid":"1", "tid":"cice"},
{"name":"ModelAdvance", "ph":"E", "ts":"4121966463", "pid":"1", "tid":"cice"},
{"name":"ModelAdvance", "ph":"B", "ts":"4122129174", "pid":"1", "tid":"cice"},
{"name":"ModelAdvance", "ph":"E", "ts":"4122602669", "pid":"1", "tid":"cice"},
{"name":"ModelAdvance", "ph":"B", "ts":"4122761825", "pid":"1", "tid":"cice"},
{"name":"ModelAdvance", "ph":"E", "ts":"4123236809", "pid":"1", "tid":"cice"},
{"name":"ModelAdvance", "ph":"B", "ts":"4123431906", "pid":"1", "tid":"cice"},
{"name":"ModelAdvance", "ph":"E", "ts":"4123899099", "pid":"1", "tid":"cice"},
{"name":"ModelAdvance", "ph":"B", "ts":"4124049547", "pid":"1", "tid":"cice"},
{"name":"ModelAdvance", "ph":"E", "ts":"4124518685", "pid":"1", "tid":"cice"},
{"name":"ModelAdvance", "ph":"B", "ts":"4124709514", "pid":"1", "tid":"cice"},
{"name":"ModelAdvance", "ph":"E", "ts":"4125186568", "pid":"1", "tid":"cice"},
{"name":"ModelAdvance", "ph":"B", "ts":"4125440555", "pid":"1", "tid":"cice"},
{"name":"ModelAdvance", "ph":"E", "ts":"4125914475", "pid":"1", "tid":"cice"},
{"name":"ModelAdvance", "ph":"B", "ts":"4126078244", "pid":"1", "tid":"cice"},
{"name":"ModelAdvance", "ph":"E", "ts":"4126550523", "pid":"1", "tid":"cice"},
{"name":"ModelAdvance", "ph":"B", "ts":"4126744830", "pid":"1", "tid":"cice"},
{"name":"ModelAdvance", "ph":"E", "ts":"4127218056", "pid":"1", "tid":"cice"},
{"name":"ModelAdvance", "ph":"B", "ts":"4127412252", "pid":"1", "tid":"cice"},
{"name":"ModelAdvance", "ph":"E", "ts":"4127885009", "pid":"1", "tid":"cice"},
{"name":"ModelAdvance", "ph":"B", "ts":"4128082348", "pid":"1", "tid":"cice"},
{"name":"ModelAdvance", "ph":"E", "ts":"4128560839", "pid":"1", "tid":"cice"},
{"name":"ModelAdvance", "ph":"B", "ts":"4128695725", "pid":"1", "tid":"cice"},
{"name":"ModelAdvance", "ph":"E", "ts":"4129163763", "pid":"1", "tid":"cice"},
{"name":"ModelAdvance", "ph":"B", "ts":"4129295169", "pid":"1", "tid":"cice"},
{"name":"ModelAdvance", "ph":"E", "ts":"4129771643", "pid":"1", "tid":"cice"},
{"name":"ModelAdvance", "ph":"B", "ts":"4129955979", "pid":"1", "tid":"cice"},
{"name":"ModelAdvance", "ph":"E", "ts":"4130428847", "pid":"1", "tid":"cice"},
{"name":"ModelAdvance", "ph":"B", "ts":"4130946014", "pid":"1", "tid":"cice"},
{"name":"ModelAdvance", "ph":"E", "ts":"4131421097", "pid":"1", "tid":"cice"},
{"name":"ModelAdvance", "ph":"B", "ts":"4131591348", "pid":"1", "tid":"cice"},
{"name":"ModelAdvance", "ph":"E", "ts":"4132062614", "pid":"1", "tid":"cice"},
{"name":"ModelAdvance", "ph":"B", "ts":"4132248468", "pid":"1", "tid":"cice"},
{"name":"ModelAdvance", "ph":"E", "ts":"4132719066", "pid":"1", "tid":"cice"},
{"name":"ModelAdvance", "ph":"B", "ts":"4132901795", "pid":"1", "tid":"cice"},
{"name":"ModelAdvance", "ph":"E", "ts":"4133367698", "pid":"1", "tid":"cice"},
{"name":"ModelAdvance", "ph":"B", "ts":"4133507406", "pid":"1", "tid":"cice"},
{"name":"ModelAdvance", "ph":"E", "ts":"4133977127", "pid":"1", "tid":"cice"},
{"name":"ModelAdvance", "ph":"B", "ts":"4134193697", "pid":"1", "tid":"cice"},
{"name":"ModelAdvance", "ph":"E", "ts":"4134667052", "pid":"1", "tid":"cice"},
{"name":"ModelAdvance", "ph":"B", "ts":"4146636203", "pid":"1", "tid":"cice"},
{"name":"ModelAdvance", "ph":"E", "ts":"4147108104", "pid":"1", "tid":"cice"},
{"name":"ModelAdvance", "ph":"B", "ts":"4147286019", "pid":"1", "tid":"cice"},
{"name":"ModelAdvance", "ph":"E", "ts":"4147754688", "pid":"1", "tid":"cice"},
{"name":"ModelAdvance", "ph":"B", "ts":"4147893130", "pid":"1", "tid":"cice"},
{"name":"ModelAdvance", "ph":"E", "ts":"4148373433", "pid":"1", "tid":"cice"},
{"name":"ModelAdvance", "ph":"B", "ts":"4148502936", "pid":"1", "tid":"cice"},
{"name":"ModelAdvance", "ph":"E", "ts":"4148973042", "pid":"1", "tid":"cice"},
{"name":"ModelAdvance", "ph":"B", "ts":"4149108442", "pid":"1", "tid":"cice"},
{"name":"ModelAdvance", "ph":"E", "ts":"4149581660", "pid":"1", "tid":"cice"},
{"name":"ModelAdvance", "ph":"B", "ts":"4149706894", "pid":"1", "tid":"cice"},
{"name":"ModelAdvance", "ph":"E", "ts":"4150170537", "pid":"1", "tid":"cice"},
{"name":"ModelAdvance", "ph":"B", "ts":"4150301712", "pid":"1", "tid":"cice"},
{"name":"ModelAdvance", "ph":"E", "ts":"4150774633", "pid":"1", "tid":"cice"},
{"name":"ModelAdvance", "ph":"B", "ts":"4150957609", "pid":"1", "tid":"cice"},
{"name":"ModelAdvance", "ph":"E", "ts":"4151428874", "pid":"1", "tid":"cice"},
{"name":"ModelAdvance", "ph":"B", "ts":"4151567140", "pid":"1", "tid":"cice"},
{"name":"ModelAdvance", "ph":"E", "ts":"4152047688", "pid":"1", "tid":"cice"},
{"name":"ModelAdvance", "ph":"B", "ts":"4152167418", "pid":"1", "tid":"cice"},
{"name":"ModelAdvance", "ph":"E", "ts":"4152648773", "pid":"1", "tid":"cice"},
{"name":"ModelAdvance", "ph":"B", "ts":"4152797246", "pid":"1", "tid":"cice"},
{"name":"ModelAdvance", "ph":"E", "ts":"4153268903", "pid":"1", "tid":"cice"},
{"name":"ModelAdvance", "ph":"B", "ts":"4153410233", "pid":"1", "tid":"cice"},
{"name":"ModelAdvance", "ph":"E", "ts":"4153884422", "pid":"1", "tid":"cice"},
{"name":"ModelAdvance", "ph":"B", "ts":"4154026086", "pid":"1", "tid":"cice"},
{"name":"ModelAdvance", "ph":"E", "ts":"4154500893", "pid":"1", "tid":"cice"},
{"name":"ModelAdvance", "ph":"B", "ts":"4154636481", "pid":"1", "tid":"cice"},
{"name":"ModelAdvance", "ph":"E", "ts":"4155105135", "pid":"1", "tid":"cice"},
{"name":"ModelAdvance", "ph":"B", "ts":"4155235385", "pid":"1", "tid":"cice"},
{"name":"ModelAdvance", "ph":"E", "ts":"4155714763", "pid":"1", "tid":"cice"},
{"name":"ModelAdvance", "ph":"B", "ts":"4155849070", "pid":"1", "tid":"cice"},
{"name":"ModelAdvance", "ph":"E", "ts":"4156327153", "pid":"1", "tid":"cice"},
{"name":"ModelAdvance", "ph":"B", "ts":"4156457613", "pid":"1", "tid":"cice"},
{"name":"ModelAdvance", "ph":"E", "ts":"4156932505", "pid":"1", "tid":"cice"},
{"name":"ModelAdvance", "ph":"B", "ts":"4157072206", "pid":"1", "tid":"cice"},
{"name":"ModelAdvance", "ph":"E", "ts":"4157545969", "pid":"1", "tid":"cice"},
{"name":"ModelAdvance", "ph":"B", "ts":"4157668552", "pid":"1", "tid":"cice"},
{"name":"ModelAdvance", "ph":"E", "ts":"4158138094", "pid":"1", "tid":"cice"},
{"name":"ModelAdvance", "ph":"B", "ts":"4158285320", "pid":"1", "tid":"cice"},
{"name":"ModelAdvance", "ph":"E", "ts":"4158762454", "pid":"1", "tid":"cice"},
{"name":"ModelAdvance", "ph":"B", "ts":"4158878566", "pid":"1", "tid":"cice"},
{"name":"ModelAdvance", "ph":"E", "ts":"4159338216", "pid":"1", "tid":"cice"},
{"name":"ModelAdvance", "ph":"B", "ts":"4159473962", "pid":"1", "tid":"cice"},
{"name":"ModelAdvance", "ph":"E", "ts":"4159943240", "pid":"1", "tid":"cice"},
{"name":"ModelAdvance", "ph":"B", "ts":"4160089394", "pid":"1", "tid":"cice"},
{"name":"ModelAdvance", "ph":"E", "ts":"4160563225", "pid":"1", "tid":"cice"},
{"name":"ModelAdvance", "ph":"B", "ts":"4160715692", "pid":"1", "tid":"cice"},
{"name":"ModelAdvance", "ph":"E", "ts":"4161185551", "pid":"1", "tid":"cice"},
{"name":"ModelAdvance", "ph":"B", "ts":"4161953883", "pid":"1", "tid":"cice"},
{"name":"ModelAdvance", "ph":"E", "ts":"4162437717", "pid":"1", "tid":"cice"},
{"name":"ModelAdvance", "ph":"B", "ts":"4162554392", "pid":"1", "tid":"cice"},
{"name":"ModelAdvance", "ph":"E", "ts":"4163026877", "pid":"1", "tid":"cice"},
{"name":"ModelAdvance", "ph":"B", "ts":"4163154158", "pid":"1", "tid":"cice"},
{"name":"ModelAdvance", "ph":"E", "ts":"4163622491", "pid":"1", "tid":"cice"},
{"name":"ModelAdvance", "ph":"B", "ts":"4163750288", "pid":"1", "tid":"cice"},
{"name":"ModelAdvance", "ph":"E", "ts":"4164220721", "pid":"1", "tid":"cice"},
{"name":"ModelAdvance", "ph":"B", "ts":"4164347503", "pid":"1", "tid":"cice"},
{"name":"ModelAdvance", "ph":"E", "ts":"4164825313", "pid":"1", "tid":"cice"},
{"name":"ModelAdvance", "ph":"B", "ts":"4164944479", "pid":"1", "tid":"cice"},
{"name":"ModelAdvance", "ph":"E", "ts":"4165416708", "pid":"1", "tid":"cice"},
{"name":"ModelAdvance", "ph":"B", "ts":"4165535767", "pid":"1", "tid":"cice"},
{"name":"ModelAdvance", "ph":"E", "ts":"4166010291", "pid":"1", "tid":"cice"},
{"name":"ModelAdvance", "ph":"B", "ts":"4166133762", "pid":"1", "tid":"cice"},
{"name":"ModelAdvance", "ph":"E", "ts":"4166613493", "pid":"1", "tid":"cice"},
{"name":"ModelAdvance", "ph":"B", "ts":"4166732574", "pid":"1", "tid":"cice"},
{"name":"ModelAdvance", "ph":"E", "ts":"4167208679", "pid":"1", "tid":"cice"},
{"name":"ModelAdvance", "ph":"B", "ts":"4167322939", "pid":"1", "tid":"cice"},
{"name":"ModelAdvance", "ph":"E", "ts":"4167795099", "pid":"1", "tid":"cice"},
{"name":"ModelAdvance", "ph":"B", "ts":"4167917639", "pid":"1", "tid":"cice"},
{"name":"ModelAdvance", "ph":"E", "ts":"4168394189", "pid":"1", "tid":"cice"},
{"name":"ModelAdvance", "ph":"B", "ts":"4168522530", "pid":"1", "tid":"cice"},
{"name":"ModelAdvance", "ph":"E", "ts":"4168997422", "pid":"1", "tid":"cice"},
{"name":"ModelAdvance", "ph":"B", "ts":"4169117605", "pid":"1", "tid":"cice"},
{"name":"ModelAdvance", "ph":"E", "ts":"4169589789", "pid":"1", "tid":"cice"},
{"name":"ModelAdvance", "ph":"B", "ts":"4169719362", "pid":"1", "tid":"cice"},
{"name":"ModelAdvance", "ph":"E", "ts":"4170196148", "pid":"1", "tid":"cice"},
{"name":"ModelAdvance", "ph":"B", "ts":"4170314520", "pid":"1", "tid":"cice"},
{"name":"ModelAdvance", "ph":"E", "ts":"4170785744", "pid":"1", "tid":"cice"},
{"name":"ModelAdvance", "ph":"B", "ts":"4170955264", "pid":"1", "tid":"cice"},
{"name":"ModelAdvance", "ph":"E", "ts":"4171435679", "pid":"1", "tid":"cice"},
{"name":"ModelAdvance", "ph":"B", "ts":"4171550990", "pid":"1", "tid":"cice"},
{"name":"ModelAdvance", "ph":"E", "ts":"4172022302", "pid":"1", "tid":"cice"},
{"name":"ModelAdvance", "ph":"B", "ts":"4172148736", "pid":"1", "tid":"cice"},
{"name":"ModelAdvance", "ph":"E", "ts":"4172631470", "pid":"1", "tid":"cice"},
{"name":"ModelAdvance", "ph":"B", "ts":"4172742282", "pid":"1", "tid":"cice"},
{"name":"ModelAdvance", "ph":"E", "ts":"4173226638", "pid":"1", "tid":"cice"},
{"name":"ModelAdvance", "ph":"B", "ts":"4173337470", "pid":"1", "tid":"cice"},
{"name":"ModelAdvance", "ph":"E", "ts":"4173809243", "pid":"1", "tid":"cice"},
{"name":"ModelAdvance", "ph":"B", "ts":"4173932733", "pid":"1", "tid":"cice"},
{"name":"ModelAdvance", "ph":"E", "ts":"4174406027", "pid":"1", "tid":"cice"},
{"name":"ModelAdvance", "ph":"B", "ts":"4174525373", "pid":"1", "tid":"cice"},
{"name":"ModelAdvance", "ph":"E", "ts":"4175010731", "pid":"1", "tid":"cice"},
{"name":"ModelAdvance", "ph":"B", "ts":"4175121306", "pid":"1", "tid":"cice"},
{"name":"ModelAdvance", "ph":"E", "ts":"4175595571", "pid":"1", "tid":"cice"},
{"name":"ModelAdvance", "ph":"B", "ts":"4175762100", "pid":"1", "tid":"cice"},
{"name":"ModelAdvance", "ph":"E", "ts":"4176234529", "pid":"1", "tid":"cice"},
{"name":"ModelAdvance", "ph":"B", "ts":"4177018857", "pid":"1", "tid":"cice"},
{"name":"ModelAdvance", "ph":"E", "ts":"4177490223", "pid":"1", "tid":"cice"},
{"name":"ModelAdvance", "ph":"B", "ts":"4177608978", "pid":"1", "tid":"cice"},
{"name":"ModelAdvance", "ph":"E", "ts":"4178088790", "pid":"1", "tid":"cice"},
{"name":"ModelAdvance", "ph":"B", "ts":"4178201491", "pid":"1", "tid":"cice"},
{"name":"ModelAdvance", "ph":"E", "ts":"4178674257", "pid":"1", "tid":"cice"},
{"name":"ModelAdvance", "ph":"B", "ts":"4178798044", "pid":"1", "tid":"cice"},
{"name":"ModelAdvance", "ph":"E", "ts":"4179267460", "pid":"1", "tid":"cice"},
{"name":"ModelAdvance", "ph":"B", "ts":"4179394111", "pid":"1", "tid":"cice"},
{"name":"ModelAdvance", "ph":"E", "ts":"4179866138", "pid":"1", "tid":"cice"},
{"name":"ModelAdvance", "ph":"B", "ts":"4179984887", "pid":"1", "tid":"cice"},
{"name":"ModelAdvance", "ph":"E", "ts":"4180457633", "pid":"1", "tid":"cice"},
{"name":"ModelAdvance", "ph":"B", "ts":"4180581251", "pid":"1", "tid":"cice"},
{"name":"ModelAdvance", "ph":"E", "ts":"4181061809", "pid":"1", "tid":"cice"},
{"name":"ModelAdvance", "ph":"B", "ts":"4181175763", "pid":"1", "tid":"cice"},
{"name":"ModelAdvance", "ph":"E", "ts":"4181646373", "pid":"1", "tid":"cice"},
{"name":"ModelAdvance", "ph":"B", "ts":"4181771067", "pid":"1", "tid":"cice"},
{"name":"ModelAdvance", "ph":"E", "ts":"4182239660", "pid":"1", "tid":"cice"},
{"name":"ModelAdvance", "ph":"B", "ts":"4182362542", "pid":"1", "tid":"cice"},
{"name":"ModelAdvance", "ph":"E", "ts":"4182847947", "pid":"1", "tid":"cice"},
{"name":"ModelAdvance", "ph":"B", "ts":"4182961810", "pid":"1", "tid":"cice"},
{"name":"ModelAdvance", "ph":"E", "ts":"4183434920", "pid":"1", "tid":"cice"},
{"name":"ModelAdvance", "ph":"B", "ts":"4183565745", "pid":"1", "tid":"cice"},
{"name":"ModelAdvance", "ph":"E", "ts":"4184037785", "pid":"1", "tid":"cice"},
{"name":"ModelAdvance", "ph":"B", "ts":"4184155369", "pid":"1", "tid":"cice"},
{"name":"ModelAdvance", "ph":"E", "ts":"4184629735", "pid":"1", "tid":"cice"},
{"name":"ModelAdvance", "ph":"B", "ts":"4184757922", "pid":"1", "tid":"cice"},
{"name":"ModelAdvance", "ph":"E", "ts":"4185237786", "pid":"1", "tid":"cice"},
{"name":"ModelAdvance", "ph":"B", "ts":"4185363582", "pid":"1", "tid":"cice"},
{"name":"ModelAdvance", "ph":"E", "ts":"4185832153", "pid":"1", "tid":"cice"},
{"name":"ModelAdvance", "ph":"B", "ts":"4185957396", "pid":"1", "tid":"cice"},
{"name":"ModelAdvance", "ph":"E", "ts":"4186433689", "pid":"1", "tid":"cice"},
{"name":"ModelAdvance", "ph":"B", "ts":"4186571020", "pid":"1", "tid":"cice"},
{"name":"ModelAdvance", "ph":"E", "ts":"4187046257", "pid":"1", "tid":"cice"},
{"name":"ModelAdvance", "ph":"B", "ts":"4187163655", "pid":"1", "tid":"cice"},
{"name":"ModelAdvance", "ph":"E", "ts":"4187632223", "pid":"1", "tid":"cice"},
{"name":"ModelAdvance", "ph":"B", "ts":"4187774428", "pid":"1", "tid":"cice"},
{"name":"ModelAdvance", "ph":"E", "ts":"4188241012", "pid":"1", "tid":"cice"},
{"name":"ModelAdvance", "ph":"B", "ts":"4188400798", "pid":"1", "tid":"cice"},
{"name":"ModelAdvance", "ph":"E", "ts":"4188874165", "pid":"1", "tid":"cice"},
{"name":"ModelAdvance", "ph":"B", "ts":"4189010300", "pid":"1", "tid":"cice"},
{"name":"ModelAdvance", "ph":"E", "ts":"4189478555", "pid":"1", "tid":"cice"},
{"name":"ModelAdvance", "ph":"B", "ts":"4189603618", "pid":"1", "tid":"cice"},
{"name":"ModelAdvance", "ph":"E", "ts":"4190080560", "pid":"1", "tid":"cice"},
{"name":"ModelAdvance", "ph":"B", "ts":"4190208617", "pid":"1", "tid":"cice"},
{"name":"ModelAdvance", "ph":"E", "ts":"4190799994", "pid":"1", "tid":"cice"},
{"name":"ModelAdvance", "ph":"B", "ts":"4190848798", "pid":"1", "tid":"cice"},
{"name":"ModelAdvance", "ph":"E", "ts":"4191322455", "pid":"1", "tid":"cice"},
{"name":"ModelAdvance", "ph":"B", "ts":"4192064947", "pid":"1", "tid":"cice"},
{"name":"ModelAdvance", "ph":"E", "ts":"4192538699", "pid":"1", "tid":"cice"},
{"name":"ModelAdvance", "ph":"B", "ts":"4192663730", "pid":"1", "tid":"cice"},
{"name":"ModelAdvance", "ph":"E", "ts":"4193137504", "pid":"1", "tid":"cice"},
{"name":"ModelAdvance", "ph":"B", "ts":"4193320670", "pid":"1", "tid":"cice"},
{"name":"ModelAdvance", "ph":"E", "ts":"4193796651", "pid":"1", "tid":"cice"},
{"name":"ModelAdvance", "ph":"B", "ts":"4193962339", "pid":"1", "tid":"cice"},
{"name":"ModelAdvance", "ph":"E", "ts":"4194434264", "pid":"1", "tid":"cice"},
{"name":"ModelAdvance", "ph":"B", "ts":"4194559151", "pid":"1", "tid":"cice"},
{"name":"ModelAdvance", "ph":"E", "ts":"4195035527", "pid":"1", "tid":"cice"},
{"name":"ModelAdvance", "ph":"B", "ts":"4195178337", "pid":"1", "tid":"cice"},
{"name":"ModelAdvance", "ph":"E", "ts":"4195656546", "pid":"1", "tid":"cice"},
{"name":"ModelAdvance", "ph":"B", "ts":"4195791115", "pid":"1", "tid":"cice"},
{"name":"ModelAdvance", "ph":"E", "ts":"4196264780", "pid":"1", "tid":"cice"},
{"name":"ModelAdvance", "ph":"B", "ts":"4196442564", "pid":"1", "tid":"cice"},
{"name":"ModelAdvance", "ph":"E", "ts":"4196913748", "pid":"1", "tid":"cice"},
{"name":"ModelAdvance", "ph":"B", "ts":"4197040406", "pid":"1", "tid":"cice"},
{"name":"ModelAdvance", "ph":"E", "ts":"4197514536", "pid":"1", "tid":"cice"},
{"name":"ModelAdvance", "ph":"B", "ts":"4197649049", "pid":"1", "tid":"cice"},
{"name":"ModelAdvance", "ph":"E", "ts":"4198126203", "pid":"1", "tid":"cice"},
{"name":"ModelAdvance", "ph":"B", "ts":"4198262211", "pid":"1", "tid":"cice"},
{"name":"ModelAdvance", "ph":"E", "ts":"4198734345", "pid":"1", "tid":"cice"},
{"name":"ModelAdvance", "ph":"B", "ts":"4198870605", "pid":"1", "tid":"cice"},
{"name":"ModelAdvance", "ph":"E", "ts":"4199340746", "pid":"1", "tid":"cice"},
{"name":"ModelAdvance", "ph":"B", "ts":"4199465711", "pid":"1", "tid":"cice"},
{"name":"ModelAdvance", "ph":"E", "ts":"4199946188", "pid":"1", "tid":"cice"},
{"name":"ModelAdvance", "ph":"B", "ts":"4200054382", "pid":"1", "tid":"cice"},
{"name":"ModelAdvance", "ph":"E", "ts":"4200535796", "pid":"1", "tid":"cice"},
{"name":"ModelAdvance", "ph":"B", "ts":"4200651368", "pid":"1", "tid":"cice"},
{"name":"ModelAdvance", "ph":"E", "ts":"4201126786", "pid":"1", "tid":"cice"},
{"name":"ModelAdvance", "ph":"B", "ts":"4201248689", "pid":"1", "tid":"cice"},
{"name":"ModelAdvance", "ph":"E", "ts":"4201721561", "pid":"1", "tid":"cice"},
{"name":"ModelAdvance", "ph":"B", "ts":"4201845263", "pid":"1", "tid":"cice"},
{"name":"ModelAdvance", "ph":"E", "ts":"4202321444", "pid":"1", "tid":"cice"},
{"name":"ModelAdvance", "ph":"B", "ts":"4202582335", "pid":"1", "tid":"cice"},
{"name":"ModelAdvance", "ph":"E", "ts":"4203053915", "pid":"1", "tid":"cice"},
{"name":"ModelAdvance", "ph":"B", "ts":"4203176950", "pid":"1", "tid":"cice"},
{"name":"ModelAdvance", "ph":"E", "ts":"4203644986", "pid":"1", "tid":"cice"},
{"name":"ModelAdvance", "ph":"B", "ts":"4203772912", "pid":"1", "tid":"cice"},
{"name":"ModelAdvance", "ph":"E", "ts":"4204241554", "pid":"1", "tid":"cice"},
{"name":"ModelAdvance", "ph":"B", "ts":"4204368704", "pid":"1", "tid":"cice"},
{"name":"ModelAdvance", "ph":"E", "ts":"4204837919", "pid":"1", "tid":"cice"},
{"name":"ModelAdvance", "ph":"B", "ts":"4204960880", "pid":"1", "tid":"cice"},
{"name":"ModelAdvance", "ph":"E", "ts":"4205434232", "pid":"1", "tid":"cice"},
{"name":"ModelAdvance", "ph":"B", "ts":"4205557407", "pid":"1", "tid":"cice"},
{"name":"ModelAdvance", "ph":"E", "ts":"4206031370", "pid":"1", "tid":"cice"},
{"name":"ModelAdvance", "ph":"B", "ts":"4206203531", "pid":"1", "tid":"cice"},
{"name":"ModelAdvance", "ph":"E", "ts":"4206678900", "pid":"1", "tid":"cice"},
{"name":"ModelAdvance", "ph":"B", "ts":"4207420001", "pid":"1", "tid":"cice"},
{"name":"ModelAdvance", "ph":"E", "ts":"4207893413", "pid":"1", "tid":"cice"},
{"name":"ModelAdvance", "ph":"B", "ts":"4208018547", "pid":"1", "tid":"cice"},
{"name":"ModelAdvance", "ph":"E", "ts":"4208482411", "pid":"1", "tid":"cice"},
{"name":"ModelAdvance", "ph":"B", "ts":"4208611040", "pid":"1", "tid":"cice"},
{"name":"ModelAdvance", "ph":"E", "ts":"4209095015", "pid":"1", "tid":"cice"},
{"name":"ModelAdvance", "ph":"B", "ts":"4209223533", "pid":"1", "tid":"cice"},
{"name":"ModelAdvance", "ph":"E", "ts":"4209694356", "pid":"1", "tid":"cice"},
{"name":"ModelAdvance", "ph":"B", "ts":"4209820618", "pid":"1", "tid":"cice"},
{"name":"ModelAdvance", "ph":"E", "ts":"4210292442", "pid":"1", "tid":"cice"},
{"name":"ModelAdvance", "ph":"B", "ts":"4210419762", "pid":"1", "tid":"cice"},
{"name":"ModelAdvance", "ph":"E", "ts":"4210892053", "pid":"1", "tid":"cice"},
{"name":"ModelAdvance", "ph":"B", "ts":"4211079252", "pid":"1", "tid":"cice"},
{"name":"ModelAdvance", "ph":"E", "ts":"4211552060", "pid":"1", "tid":"cice"},
{"name":"ModelAdvance", "ph":"B", "ts":"4211679303", "pid":"1", "tid":"cice"},
{"name":"ModelAdvance", "ph":"E", "ts":"4212146601", "pid":"1", "tid":"cice"},
{"name":"ModelAdvance", "ph":"B", "ts":"4212272706", "pid":"1", "tid":"cice"},
{"name":"ModelAdvance", "ph":"E", "ts":"4212748923", "pid":"1", "tid":"cice"},
{"name":"ModelAdvance", "ph":"B", "ts":"4212872678", "pid":"1", "tid":"cice"},
{"name":"ModelAdvance", "ph":"E", "ts":"4213341885", "pid":"1", "tid":"cice"},
{"name":"ModelAdvance", "ph":"B", "ts":"4213461872", "pid":"1", "tid":"cice"},
{"name":"ModelAdvance", "ph":"E", "ts":"4213930739", "pid":"1", "tid":"cice"},
{"name":"ModelAdvance", "ph":"B", "ts":"4214069885", "pid":"1", "tid":"cice"},
{"name":"ModelAdvance", "ph":"E", "ts":"4214551595", "pid":"1", "tid":"cice"},
{"name":"ModelAdvance", "ph":"B", "ts":"4214670350", "pid":"1", "tid":"cice"},
{"name":"ModelAdvance", "ph":"E", "ts":"4215153746", "pid":"1", "tid":"cice"},
{"name":"ModelAdvance", "ph":"B", "ts":"4215276900", "pid":"1", "tid":"cice"},
{"name":"ModelAdvance", "ph":"E", "ts":"4215742285", "pid":"1", "tid":"cice"},
{"name":"ModelAdvance", "ph":"B", "ts":"4215884303", "pid":"1", "tid":"cice"},
{"name":"ModelAdvance", "ph":"E", "ts":"4216350272", "pid":"1", "tid":"cice"},
{"name":"ModelAdvance", "ph":"B", "ts":"4216519764", "pid":"1", "tid":"cice"},
{"name":"ModelAdvance", "ph":"E", "ts":"4217001850", "pid":"1", "tid":"cice"},
{"name":"ModelAdvance", "ph":"B", "ts":"4217121740", "pid":"1", "tid":"cice"},
{"name":"ModelAdvance", "ph":"E", "ts":"4217600928", "pid":"1", "tid":"cice"},
{"name":"ModelAdvance", "ph":"B", "ts":"4217720527", "pid":"1", "tid":"cice"},
{"name":"ModelAdvance", "ph":"E", "ts":"4218217021", "pid":"1", "tid":"cice"},
{"name":"ModelAdvance", "ph":"B", "ts":"4218333201", "pid":"1", "tid":"cice"},
{"name":"ModelAdvance", "ph":"E", "ts":"4218807829", "pid":"1", "tid":"cice"},
{"name":"ModelAdvance", "ph":"B", "ts":"4218996913", "pid":"1", "tid":"cice"},
{"name":"ModelAdvance", "ph":"E", "ts":"4219469396", "pid":"1", "tid":"cice"},
{"name":"ModelAdvance", "ph":"B", "ts":"4219596173", "pid":"1", "tid":"cice"},
{"name":"ModelAdvance", "ph":"E", "ts":"4220784200", "pid":"1", "tid":"cice"},
{"name":"ModelAdvance", "ph":"B", "ts":"4220909692", "pid":"1", "tid":"cice"},
{"name":"ModelAdvance", "ph":"E", "ts":"4221391943", "pid":"1", "tid":"cice"},
{"name":"ModelAdvance", "ph":"B", "ts":"4221503556", "pid":"1", "tid":"cice"},
{"name":"ModelAdvance", "ph":"E", "ts":"4221979954", "pid":"1", "tid":"cice"},
{"name":"ModelAdvance", "ph":"B", "ts":"4222116427", "pid":"1", "tid":"cice"},
{"name":"ModelAdvance", "ph":"E", "ts":"4222595231", "pid":"1", "tid":"cice"},
{"name":"ModelAdvance", "ph":"B", "ts":"4223464669", "pid":"1", "tid":"cice"},
{"name":"ModelAdvance", "ph":"E", "ts":"4223942540", "pid":"1", "tid":"cice"},
{"name":"ModelAdvance", "ph":"B", "ts":"4224077565", "pid":"1", "tid":"cice"},
{"name":"ModelAdvance", "ph":"E", "ts":"4224555742", "pid":"1", "tid":"cice"},
{"name":"ModelAdvance", "ph":"B", "ts":"4224696211", "pid":"1", "tid":"cice"},
{"name":"ModelAdvance", "ph":"E", "ts":"4225163504", "pid":"1", "tid":"cice"},
{"name":"ModelAdvance", "ph":"B", "ts":"4225336047", "pid":"1", "tid":"cice"},
{"name":"ModelAdvance", "ph":"E", "ts":"4225809715", "pid":"1", "tid":"cice"},
{"name":"ModelAdvance", "ph":"B", "ts":"4225930776", "pid":"1", "tid":"cice"},
{"name":"ModelAdvance", "ph":"E", "ts":"4226406940", "pid":"1", "tid":"cice"},
{"name":"ModelAdvance", "ph":"B", "ts":"4226531780", "pid":"1", "tid":"cice"},
{"name":"ModelAdvance", "ph":"E", "ts":"4227001271", "pid":"1", "tid":"cice"},
{"name":"ModelAdvance", "ph":"B", "ts":"4227129291", "pid":"1", "tid":"cice"},
{"name":"ModelAdvance", "ph":"E", "ts":"4227607971", "pid":"1", "tid":"cice"},
{"name":"ModelAdvance", "ph":"B", "ts":"4227723955", "pid":"1", "tid":"cice"},
{"name":"ModelAdvance", "ph":"E", "ts":"4228200526", "pid":"1", "tid":"cice"},
{"name":"ModelAdvance", "ph":"B", "ts":"4228321371", "pid":"1", "tid":"cice"},
{"name":"ModelAdvance", "ph":"E", "ts":"4228801700", "pid":"1", "tid":"cice"},
{"name":"ModelAdvance", "ph":"B", "ts":"4228928947", "pid":"1", "tid":"cice"},
{"name":"ModelAdvance", "ph":"E", "ts":"4229396651", "pid":"1", "tid":"cice"},
{"name":"ModelAdvance", "ph":"B", "ts":"4229527899", "pid":"1", "tid":"cice"},
{"name":"ModelAdvance", "ph":"E", "ts":"4229996091", "pid":"1", "tid":"cice"},
{"name":"ModelAdvance", "ph":"B", "ts":"4230133335", "pid":"1", "tid":"cice"},
{"name":"ModelAdvance", "ph":"E", "ts":"4230613331", "pid":"1", "tid":"cice"},
{"name":"ModelAdvance", "ph":"B", "ts":"4230734014", "pid":"1", "tid":"cice"},
{"name":"ModelAdvance", "ph":"E", "ts":"4231208598", "pid":"1", "tid":"cice"},
{"name":"ModelAdvance", "ph":"B", "ts":"4231328582", "pid":"1", "tid":"cice"},
{"name":"ModelAdvance", "ph":"E", "ts":"4231800115", "pid":"1", "tid":"cice"},
{"name":"ModelAdvance", "ph":"B", "ts":"4231935296", "pid":"1", "tid":"cice"},
{"name":"ModelAdvance", "ph":"E", "ts":"4232405304", "pid":"1", "tid":"cice"},
{"name":"ModelAdvance", "ph":"B", "ts":"4232534095", "pid":"1", "tid":"cice"},
{"name":"ModelAdvance", "ph":"E", "ts":"4233006090", "pid":"1", "tid":"cice"},
{"name":"ModelAdvance", "ph":"B", "ts":"4233186276", "pid":"1", "tid":"cice"},
{"name":"ModelAdvance", "ph":"E", "ts":"4233666335", "pid":"1", "tid":"cice"},
{"name":"ModelAdvance", "ph":"B", "ts":"4233793159", "pid":"1", "tid":"cice"},
{"name":"ModelAdvance", "ph":"E", "ts":"4234272784", "pid":"1", "tid":"cice"},
{"name":"ModelAdvance", "ph":"B", "ts":"4234397990", "pid":"1", "tid":"cice"},
{"name":"ModelAdvance", "ph":"E", "ts":"4234869153", "pid":"1", "tid":"cice"},
{"name":"ModelAdvance", "ph":"B", "ts":"4235003293", "pid":"1", "tid":"cice"},
{"name":"ModelAdvance", "ph":"E", "ts":"4235479540", "pid":"1", "tid":"cice"},
{"name":"ModelAdvance", "ph":"B", "ts":"4235601572", "pid":"1", "tid":"cice"},
{"name":"ModelAdvance", "ph":"E", "ts":"4236069032", "pid":"1", "tid":"cice"},
{"name":"ModelAdvance", "ph":"B", "ts":"4236199223", "pid":"1", "tid":"cice"},
{"name":"ModelAdvance", "ph":"E", "ts":"4236678280", "pid":"1", "tid":"cice"},
{"name":"ModelAdvance", "ph":"B", "ts":"4236805440", "pid":"1", "tid":"cice"},
{"name":"ModelAdvance", "ph":"E", "ts":"4237278882", "pid":"1", "tid":"cice"},
{"name":"ModelAdvance", "ph":"B", "ts":"4237461530", "pid":"1", "tid":"cice"},
{"name":"ModelAdvance", "ph":"E", "ts":"4237934125", "pid":"1", "tid":"cice"},
{"name":"ModelAdvance", "ph":"B", "ts":"4238693493", "pid":"1", "tid":"cice"},
{"name":"ModelAdvance", "ph":"E", "ts":"4239169181", "pid":"1", "tid":"cice"},
{"name":"ModelAdvance", "ph":"B", "ts":"4239329020", "pid":"1", "tid":"cice"},
{"name":"ModelAdvance", "ph":"E", "ts":"4239800846", "pid":"1", "tid":"cice"},
{"name":"ModelAdvance", "ph":"B", "ts":"4239954044", "pid":"1", "tid":"cice"},
{"name":"ModelAdvance", "ph":"E", "ts":"4240434416", "pid":"1", "tid":"cice"},
{"name":"ModelAdvance", "ph":"B", "ts":"4240548966", "pid":"1", "tid":"cice"},
{"name":"ModelAdvance", "ph":"E", "ts":"4241027927", "pid":"1", "tid":"cice"},
{"name":"ModelAdvance", "ph":"B", "ts":"4241148355", "pid":"1", "tid":"cice"},
{"name":"ModelAdvance", "ph":"E", "ts":"4241621988", "pid":"1", "tid":"cice"},
{"name":"ModelAdvance", "ph":"B", "ts":"4241749849", "pid":"1", "tid":"cice"},
{"name":"ModelAdvance", "ph":"E", "ts":"4242234164", "pid":"1", "tid":"cice"},
{"name":"ModelAdvance", "ph":"B", "ts":"4242389854", "pid":"1", "tid":"cice"},
{"name":"ModelAdvance", "ph":"E", "ts":"4242896929", "pid":"1", "tid":"cice"},
{"name":"ModelAdvance", "ph":"B", "ts":"4243016924", "pid":"1", "tid":"cice"},
{"name":"ModelAdvance", "ph":"E", "ts":"4243496530", "pid":"1", "tid":"cice"},
{"name":"ModelAdvance", "ph":"B", "ts":"4243617603", "pid":"1", "tid":"cice"},
{"name":"ModelAdvance", "ph":"E", "ts":"4244093333", "pid":"1", "tid":"cice"},
{"name":"ModelAdvance", "ph":"B", "ts":"4244216246", "pid":"1", "tid":"cice"},
{"name":"ModelAdvance", "ph":"E", "ts":"4244685142", "pid":"1", "tid":"cice"},
{"name":"ModelAdvance", "ph":"B", "ts":"4244852558", "pid":"1", "tid":"cice"},
{"name":"ModelAdvance", "ph":"E", "ts":"4245324998", "pid":"1", "tid":"cice"},
{"name":"ModelAdvance", "ph":"B", "ts":"4245462269", "pid":"1", "tid":"cice"},
{"name":"ModelAdvance", "ph":"E", "ts":"4245930783", "pid":"1", "tid":"cice"},
{"name":"ModelAdvance", "ph":"B", "ts":"4246056112", "pid":"1", "tid":"cice"},
{"name":"ModelAdvance", "ph":"E", "ts":"4246522819", "pid":"1", "tid":"cice"},
{"name":"ModelAdvance", "ph":"B", "ts":"4246655876", "pid":"1", "tid":"cice"},
{"name":"ModelAdvance", "ph":"E", "ts":"4247127021", "pid":"1", "tid":"cice"},
{"name":"ModelAdvance", "ph":"B", "ts":"4247252495", "pid":"1", "tid":"cice"},
{"name":"ModelAdvance", "ph":"E", "ts":"4247728692", "pid":"1", "tid":"cice"},
{"name":"ModelAdvance", "ph":"B", "ts":"4247851269", "pid":"1", "tid":"cice"},
{"name":"ModelAdvance", "ph":"E", "ts":"4248324939", "pid":"1", "tid":"cice"},
{"name":"ModelAdvance", "ph":"B", "ts":"4248451916", "pid":"1", "tid":"cice"},
{"name":"ModelAdvance", "ph":"E", "ts":"4248922486", "pid":"1", "tid":"cice"},
{"name":"ModelAdvance", "ph":"B", "ts":"4249050827", "pid":"1", "tid":"cice"},
{"name":"ModelAdvance", "ph":"E", "ts":"4249519531", "pid":"1", "tid":"cice"},
{"name":"ModelAdvance", "ph":"B", "ts":"4249646696", "pid":"1", "tid":"cice"},
{"name":"ModelAdvance", "ph":"E", "ts":"4250114929", "pid":"1", "tid":"cice"},
{"name":"ModelAdvance", "ph":"B", "ts":"4250245244", "pid":"1", "tid":"cice"},
{"name":"ModelAdvance", "ph":"E", "ts":"4250716778", "pid":"1", "tid":"cice"},
{"name":"ModelAdvance", "ph":"B", "ts":"4250846319", "pid":"1", "tid":"cice"},
{"name":"ModelAdvance", "ph":"E", "ts":"4251316288", "pid":"1", "tid":"cice"},
{"name":"ModelAdvance", "ph":"B", "ts":"4251447360", "pid":"1", "tid":"cice"},
{"name":"ModelAdvance", "ph":"E", "ts":"4251928031", "pid":"1", "tid":"cice"},
{"name":"ModelAdvance", "ph":"B", "ts":"4252054089", "pid":"1", "tid":"cice"},
{"name":"ModelAdvance", "ph":"E", "ts":"4252516336", "pid":"1", "tid":"cice"},
{"name":"ModelAdvance", "ph":"B", "ts":"4252663213", "pid":"1", "tid":"cice"},
{"name":"ModelAdvance", "ph":"E", "ts":"4253130047", "pid":"1", "tid":"cice"},
{"name":"ModelAdvance", "ph":"B", "ts":"4253912140", "pid":"1", "tid":"cice"},
{"name":"ModelAdvance", "ph":"E", "ts":"4254395717", "pid":"1", "tid":"cice"},
{"name":"ModelAdvance", "ph":"B", "ts":"4254513458", "pid":"1", "tid":"cice"},
{"name":"ModelAdvance", "ph":"E", "ts":"4254989296", "pid":"1", "tid":"cice"},
{"name":"ModelAdvance", "ph":"B", "ts":"4255111123", "pid":"1", "tid":"cice"},
{"name":"ModelAdvance", "ph":"E", "ts":"4255591459", "pid":"1", "tid":"cice"},
{"name":"ModelAdvance", "ph":"B", "ts":"4256299367", "pid":"1", "tid":"cice"},
{"name":"ModelAdvance", "ph":"E", "ts":"4256780357", "pid":"1", "tid":"cice"},
{"name":"ModelAdvance", "ph":"B", "ts":"4256900169", "pid":"1", "tid":"cice"},
{"name":"ModelAdvance", "ph":"E", "ts":"4257375347", "pid":"1", "tid":"cice"},
{"name":"ModelAdvance", "ph":"B", "ts":"4257499736", "pid":"1", "tid":"cice"},
{"name":"ModelAdvance", "ph":"E", "ts":"4257975054", "pid":"1", "tid":"cice"},
{"name":"ModelAdvance", "ph":"B", "ts":"4258100871", "pid":"1", "tid":"cice"},
{"name":"ModelAdvance", "ph":"E", "ts":"4258572807", "pid":"1", "tid":"cice"},
{"name":"ModelAdvance", "ph":"B", "ts":"4258699530", "pid":"1", "tid":"cice"},
{"name":"ModelAdvance", "ph":"E", "ts":"4259172201", "pid":"1", "tid":"cice"},
{"name":"ModelAdvance", "ph":"B", "ts":"4259300798", "pid":"1", "tid":"cice"},
{"name":"ModelAdvance", "ph":"E", "ts":"4259779374", "pid":"1", "tid":"cice"},
{"name":"ModelAdvance", "ph":"B", "ts":"4259896481", "pid":"1", "tid":"cice"},
{"name":"ModelAdvance", "ph":"E", "ts":"4260367432", "pid":"1", "tid":"cice"},
{"name":"ModelAdvance", "ph":"B", "ts":"4260494373", "pid":"1", "tid":"cice"},
{"name":"ModelAdvance", "ph":"E", "ts":"4260963778", "pid":"1", "tid":"cice"},
{"name":"ModelAdvance", "ph":"B", "ts":"4261104043", "pid":"1", "tid":"cice"},
{"name":"ModelAdvance", "ph":"E", "ts":"4261580159", "pid":"1", "tid":"cice"},
{"name":"ModelAdvance", "ph":"B", "ts":"4261700587", "pid":"1", "tid":"cice"},
{"name":"ModelAdvance", "ph":"E", "ts":"4262178252", "pid":"1", "tid":"cice"},
{"name":"ModelAdvance", "ph":"B", "ts":"4262295465", "pid":"1", "tid":"cice"},
{"name":"ModelAdvance", "ph":"E", "ts":"4262766890", "pid":"1", "tid":"cice"},
{"name":"ModelAdvance", "ph":"B", "ts":"4262896114", "pid":"1", "tid":"cice"},
{"name":"ModelAdvance", "ph":"E", "ts":"4263362700", "pid":"1", "tid":"cice"},
{"name":"ModelAdvance", "ph":"B", "ts":"4263494976", "pid":"1", "tid":"cice"},
{"name":"ModelAdvance", "ph":"E", "ts":"4263966136", "pid":"1", "tid":"cice"},
{"name":"ModelAdvance", "ph":"B", "ts":"4264133636", "pid":"1", "tid":"cice"},
{"name":"ModelAdvance", "ph":"E", "ts":"4264604054", "pid":"1", "tid":"cice"},
{"name":"ModelAdvance", "ph":"B", "ts":"4264749089", "pid":"1", "tid":"cice"},
{"name":"ModelAdvance", "ph":"E", "ts":"4265218136", "pid":"1", "tid":"cice"},
{"name":"ModelAdvance", "ph":"B", "ts":"4265345866", "pid":"1", "tid":"cice"},
{"name":"ModelAdvance", "ph":"E", "ts":"4265825353", "pid":"1", "tid":"cice"},
{"name":"ModelAdvance", "ph":"B", "ts":"4265939659", "pid":"1", "tid":"cice"},
{"name":"ModelAdvance", "ph":"E", "ts":"4266409316", "pid":"1", "tid":"cice"},
{"name":"ModelAdvance", "ph":"B", "ts":"4266540090", "pid":"1", "tid":"cice"},
{"name":"ModelAdvance", "ph":"E", "ts":"4267022925", "pid":"1", "tid":"cice"},
{"name":"ModelAdvance", "ph":"B", "ts":"4267154175", "pid":"1", "tid":"cice"},
{"name":"ModelAdvance", "ph":"E", "ts":"4267624577", "pid":"1", "tid":"cice"},
{"name":"ModelAdvance", "ph":"B", "ts":"4267756464", "pid":"1", "tid":"cice"},
{"name":"ModelAdvance", "ph":"E", "ts":"4268226379", "pid":"1", "tid":"cice"},
{"name":"ModelAdvance", "ph":"B", "ts":"4268364252", "pid":"1", "tid":"cice"},
{"name":"ModelAdvance", "ph":"E", "ts":"4268834408", "pid":"1", "tid":"cice"},
{"name":"ModelAdvance", "ph":"B", "ts":"4269575767", "pid":"1", "tid":"cice"},
{"name":"ModelAdvance", "ph":"E", "ts":"4270045162", "pid":"1", "tid":"cice"},
{"name":"ModelAdvance", "ph":"B", "ts":"4270173579", "pid":"1", "tid":"cice"},
{"name":"ModelAdvance", "ph":"E", "ts":"4270645835", "pid":"1", "tid":"cice"},
{"name":"ModelAdvance", "ph":"B", "ts":"4270772441", "pid":"1", "tid":"cice"},
{"name":"ModelAdvance", "ph":"E", "ts":"4271239145", "pid":"1", "tid":"cice"},
{"name":"ModelAdvance", "ph":"B", "ts":"4271370247", "pid":"1", "tid":"cice"},
{"name":"ModelAdvance", "ph":"E", "ts":"4271839770", "pid":"1", "tid":"cice"},
{"name":"ModelAdvance", "ph":"B", "ts":"4271973399", "pid":"1", "tid":"cice"},
{"name":"ModelAdvance", "ph":"E", "ts":"4272452822", "pid":"1", "tid":"cice"},
{"name":"ModelAdvance", "ph":"B", "ts":"4272569152", "pid":"1", "tid":"cice"},
{"name":"ModelAdvance", "ph":"E", "ts":"4273031894", "pid":"1", "tid":"cice"},
{"name":"ModelAdvance", "ph":"B", "ts":"4273169934", "pid":"1", "tid":"cice"},
{"name":"ModelAdvance", "ph":"E", "ts":"4273633627", "pid":"1", "tid":"cice"},
{"name":"ModelAdvance", "ph":"B", "ts":"4273768450", "pid":"1", "tid":"cice"},
{"name":"ModelAdvance", "ph":"E", "ts":"4274238096", "pid":"1", "tid":"cice"},
{"name":"ModelAdvance", "ph":"B", "ts":"4274367256", "pid":"1", "tid":"cice"},
{"name":"ModelAdvance", "ph":"E", "ts":"4274832362", "pid":"1", "tid":"cice"},
{"name":"ModelAdvance", "ph":"B", "ts":"4274962407", "pid":"1", "tid":"cice"},
{"name":"ModelAdvance", "ph":"E", "ts":"4275440701", "pid":"1", "tid":"cice"},
{"name":"ModelAdvance", "ph":"B", "ts":"4275560119", "pid":"1", "tid":"cice"},
{"name":"ModelAdvance", "ph":"E", "ts":"4276036517", "pid":"1", "tid":"cice"},
{"name":"ModelAdvance", "ph":"B", "ts":"4276172230", "pid":"1", "tid":"cice"},
{"name":"ModelAdvance", "ph":"E", "ts":"4276642206", "pid":"1", "tid":"cice"},
{"name":"ModelAdvance", "ph":"B", "ts":"4276768953", "pid":"1", "tid":"cice"},
{"name":"ModelAdvance", "ph":"E", "ts":"4277240742", "pid":"1", "tid":"cice"},
{"name":"ModelAdvance", "ph":"B", "ts":"4277368205", "pid":"1", "tid":"cice"},
{"name":"ModelAdvance", "ph":"E", "ts":"4277836603", "pid":"1", "tid":"cice"},
{"name":"ModelAdvance", "ph":"B", "ts":"4277964876", "pid":"1", "tid":"cice"},
{"name":"ModelAdvance", "ph":"E", "ts":"4278434132", "pid":"1", "tid":"cice"},
{"name":"ModelAdvance", "ph":"B", "ts":"4278564592", "pid":"1", "tid":"cice"},
{"name":"ModelAdvance", "ph":"E", "ts":"4279031940", "pid":"1", "tid":"cice"},
{"name":"ModelAdvance", "ph":"B", "ts":"4279160266", "pid":"1", "tid":"cice"},
{"name":"ModelAdvance", "ph":"E", "ts":"4279626744", "pid":"1", "tid":"cice"},
{"name":"ModelAdvance", "ph":"B", "ts":"4279760517", "pid":"1", "tid":"cice"},
{"name":"ModelAdvance", "ph":"E", "ts":"4280226974", "pid":"1", "tid":"cice"},
{"name":"ModelAdvance", "ph":"B", "ts":"4280357162", "pid":"1", "tid":"cice"},
{"name":"ModelAdvance", "ph":"E", "ts":"4280830693", "pid":"1", "tid":"cice"},
{"name":"ModelAdvance", "ph":"B", "ts":"4280955393", "pid":"1", "tid":"cice"},
{"name":"ModelAdvance", "ph":"E", "ts":"4281426436", "pid":"1", "tid":"cice"},
{"name":"ModelAdvance", "ph":"B", "ts":"4281553192", "pid":"1", "tid":"cice"},
{"name":"ModelAdvance", "ph":"E", "ts":"4282025709", "pid":"1", "tid":"cice"},
{"name":"ModelAdvance", "ph":"B", "ts":"4282153429", "pid":"1", "tid":"cice"},
{"name":"ModelAdvance", "ph":"E", "ts":"4282622806", "pid":"1", "tid":"cice"},
{"name":"ModelAdvance", "ph":"B", "ts":"4282752746", "pid":"1", "tid":"cice"},
{"name":"ModelAdvance", "ph":"E", "ts":"4283336572", "pid":"1", "tid":"cice"},
{"name":"ModelAdvance", "ph":"B", "ts":"4283384987", "pid":"1", "tid":"cice"},
{"name":"ModelAdvance", "ph":"E", "ts":"4283855418", "pid":"1", "tid":"cice"},
{"name":"ModelAdvance", "ph":"B", "ts":"4284600423", "pid":"1", "tid":"cice"},
{"name":"ModelAdvance", "ph":"E", "ts":"4285073838", "pid":"1", "tid":"cice"},
{"name":"ModelAdvance", "ph":"B", "ts":"4285204272", "pid":"1", "tid":"cice"},
{"name":"ModelAdvance", "ph":"E", "ts":"4285678546", "pid":"1", "tid":"cice"},
{"name":"ModelAdvance", "ph":"B", "ts":"4285799880", "pid":"1", "tid":"cice"},
{"name":"ModelAdvance", "ph":"E", "ts":"4286268846", "pid":"1", "tid":"cice"},
{"name":"ModelAdvance", "ph":"B", "ts":"4286396246", "pid":"1", "tid":"cice"},
{"name":"ModelAdvance", "ph":"E", "ts":"4286866940", "pid":"1", "tid":"cice"},
{"name":"ModelAdvance", "ph":"B", "ts":"4286993818", "pid":"1", "tid":"cice"},
{"name":"ModelAdvance", "ph":"E", "ts":"4287465349", "pid":"1", "tid":"cice"},
{"name":"ModelAdvance", "ph":"B", "ts":"4287622944", "pid":"1", "tid":"cice"},
{"name":"ModelAdvance", "ph":"E", "ts":"4288119997", "pid":"1", "tid":"cice"},
{"name":"ModelAdvance", "ph":"B", "ts":"4288245333", "pid":"1", "tid":"cice"},
{"name":"ModelAdvance", "ph":"E", "ts":"4288714803", "pid":"1", "tid":"cice"},
{"name":"ModelAdvance", "ph":"B", "ts":"4288844820", "pid":"1", "tid":"cice"},
{"name":"ModelAdvance", "ph":"E", "ts":"4289313374", "pid":"1", "tid":"cice"},
{"name":"ModelAdvance", "ph":"B", "ts":"4289455159", "pid":"1", "tid":"cice"},
{"name":"ModelAdvance", "ph":"E", "ts":"4289920096", "pid":"1", "tid":"cice"},
{"name":"ModelAdvance", "ph":"B", "ts":"4290056631", "pid":"1", "tid":"cice"},
{"name":"ModelAdvance", "ph":"E", "ts":"4290528716", "pid":"1", "tid":"cice"},
{"name":"ModelAdvance", "ph":"B", "ts":"4290655687", "pid":"1", "tid":"cice"},
{"name":"ModelAdvance", "ph":"E", "ts":"4291143919", "pid":"1", "tid":"cice"},
{"name":"ModelAdvance", "ph":"B", "ts":"4291280026", "pid":"1", "tid":"cice"},
{"name":"ModelAdvance", "ph":"E", "ts":"4291759622", "pid":"1", "tid":"cice"},
{"name":"ModelAdvance", "ph":"B", "ts":"4291881565", "pid":"1", "tid":"cice"},
{"name":"ModelAdvance", "ph":"E", "ts":"4292354778", "pid":"1", "tid":"cice"},
{"name":"ModelAdvance", "ph":"B", "ts":"4292482035", "pid":"1", "tid":"cice"},
{"name":"ModelAdvance", "ph":"E", "ts":"4292958004", "pid":"1", "tid":"cice"},
{"name":"ModelAdvance", "ph":"B", "ts":"4293080880", "pid":"1", "tid":"cice"},
{"name":"ModelAdvance", "ph":"E", "ts":"4293551312", "pid":"1", "tid":"cice"},
{"name":"ModelAdvance", "ph":"B", "ts":"4293681803", "pid":"1", "tid":"cice"},
{"name":"ModelAdvance", "ph":"E", "ts":"4294150888", "pid":"1", "tid":"cice"},
{"name":"ModelAdvance", "ph":"B", "ts":"4294284367", "pid":"1", "tid":"cice"},
{"name":"ModelAdvance", "ph":"E", "ts":"4294750220", "pid":"1", "tid":"cice"},
{"name":"ModelAdvance", "ph":"B", "ts":"4295117978", "pid":"1", "tid":"cice"},
{"name":"ModelAdvance", "ph":"E", "ts":"4295585165", "pid":"1", "tid":"cice"},
{"name":"ModelAdvance", "ph":"B", "ts":"4295715890", "pid":"1", "tid":"cice"},
{"name":"ModelAdvance", "ph":"E", "ts":"4296193322", "pid":"1", "tid":"cice"},
{"name":"ModelAdvance", "ph":"B", "ts":"4296316974", "pid":"1", "tid":"cice"},
{"name":"ModelAdvance", "ph":"E", "ts":"4296794466", "pid":"1", "tid":"cice"},
{"name":"ModelAdvance", "ph":"B", "ts":"4296917662", "pid":"1", "tid":"cice"},
{"name":"ModelAdvance", "ph":"E", "ts":"4297396034", "pid":"1", "tid":"cice"},
{"name":"ModelAdvance", "ph":"B", "ts":"4297518768", "pid":"1", "tid":"cice"},
{"name":"ModelAdvance", "ph":"E", "ts":"4297993537", "pid":"1", "tid":"cice"},
{"name":"ModelAdvance", "ph":"B", "ts":"4298118006", "pid":"1", "tid":"cice"},
{"name":"ModelAdvance", "ph":"E", "ts":"4298589546", "pid":"1", "tid":"cice"},
{"name":"ModelAdvance", "ph":"B", "ts":"4298732086", "pid":"1", "tid":"cice"},
{"name":"ModelAdvance", "ph":"E", "ts":"4299215624", "pid":"1", "tid":"cice"},
{"name":"ModelAdvance", "ph":"B", "ts":"4300022955", "pid":"1", "tid":"cice"},
{"name":"ModelAdvance", "ph":"E", "ts":"4300499326", "pid":"1", "tid":"cice"},
{"name":"ModelAdvance", "ph":"B", "ts":"4300627531", "pid":"1", "tid":"cice"},
{"name":"ModelAdvance", "ph":"E", "ts":"4301098908", "pid":"1", "tid":"cice"},
{"name":"ModelAdvance", "ph":"B", "ts":"4301224663", "pid":"1", "tid":"cice"},
{"name":"ModelAdvance", "ph":"E", "ts":"4301700793", "pid":"1", "tid":"cice"},
{"name":"ModelAdvance", "ph":"B", "ts":"4301822945", "pid":"1", "tid":"cice"},
{"name":"ModelAdvance", "ph":"E", "ts":"4302296523", "pid":"1", "tid":"cice"},
{"name":"ModelAdvance", "ph":"B", "ts":"4302424967", "pid":"1", "tid":"cice"},
{"name":"ModelAdvance", "ph":"E", "ts":"4302898952", "pid":"1", "tid":"cice"},
{"name":"ModelAdvance", "ph":"B", "ts":"4303020304", "pid":"1", "tid":"cice"},
{"name":"ModelAdvance", "ph":"E", "ts":"4303496652", "pid":"1", "tid":"cice"},
{"name":"ModelAdvance", "ph":"B", "ts":"4303619593", "pid":"1", "tid":"cice"},
{"name":"ModelAdvance", "ph":"E", "ts":"4304096759", "pid":"1", "tid":"cice"},
{"name":"ModelAdvance", "ph":"B", "ts":"4304221862", "pid":"1", "tid":"cice"},
{"name":"ModelAdvance", "ph":"E", "ts":"4304698776", "pid":"1", "tid":"cice"},
{"name":"ModelAdvance", "ph":"B", "ts":"4304823008", "pid":"1", "tid":"cice"},
{"name":"ModelAdvance", "ph":"E", "ts":"4305297503", "pid":"1", "tid":"cice"},
{"name":"ModelAdvance", "ph":"B", "ts":"4305419050", "pid":"1", "tid":"cice"},
{"name":"ModelAdvance", "ph":"E", "ts":"4305893591", "pid":"1", "tid":"cice"},
{"name":"ModelAdvance", "ph":"B", "ts":"4306019714", "pid":"1", "tid":"cice"},
{"name":"ModelAdvance", "ph":"E", "ts":"4306493557", "pid":"1", "tid":"cice"},
{"name":"ModelAdvance", "ph":"B", "ts":"4306632301", "pid":"1", "tid":"cice"},
{"name":"ModelAdvance", "ph":"E", "ts":"4307103586", "pid":"1", "tid":"cice"},
{"name":"ModelAdvance", "ph":"B", "ts":"4307233504", "pid":"1", "tid":"cice"},
{"name":"ModelAdvance", "ph":"E", "ts":"4307708722", "pid":"1", "tid":"cice"},
{"name":"ModelAdvance", "ph":"B", "ts":"4307834230", "pid":"1", "tid":"cice"},
{"name":"ModelAdvance", "ph":"E", "ts":"4308310625", "pid":"1", "tid":"cice"},
{"name":"ModelAdvance", "ph":"B", "ts":"4308433701", "pid":"1", "tid":"cice"},
{"name":"ModelAdvance", "ph":"E", "ts":"4308905206", "pid":"1", "tid":"cice"},
{"name":"ModelAdvance", "ph":"B", "ts":"4309038387", "pid":"1", "tid":"cice"},
{"name":"ModelAdvance", "ph":"E", "ts":"4309509725", "pid":"1", "tid":"cice"},
{"name":"ModelAdvance", "ph":"B", "ts":"4309638728", "pid":"1", "tid":"cice"},
{"name":"ModelAdvance", "ph":"E", "ts":"4310109241", "pid":"1", "tid":"cice"},
{"name":"ModelAdvance", "ph":"B", "ts":"4310241691", "pid":"1", "tid":"cice"},
{"name":"ModelAdvance", "ph":"E", "ts":"4310716112", "pid":"1", "tid":"cice"},
{"name":"ModelAdvance", "ph":"B", "ts":"4310839776", "pid":"1", "tid":"cice"},
{"name":"ModelAdvance", "ph":"E", "ts":"4311313554", "pid":"1", "tid":"cice"},
{"name":"ModelAdvance", "ph":"B", "ts":"4311438917", "pid":"1", "tid":"cice"},
{"name":"ModelAdvance", "ph":"E", "ts":"4311912488", "pid":"1", "tid":"cice"},
{"name":"ModelAdvance", "ph":"B", "ts":"4312039001", "pid":"1", "tid":"cice"},
{"name":"ModelAdvance", "ph":"E", "ts":"4312520184", "pid":"1", "tid":"cice"},
{"name":"ModelAdvance", "ph":"B", "ts":"4312637240", "pid":"1", "tid":"cice"},
{"name":"ModelAdvance", "ph":"E", "ts":"4313117301", "pid":"1", "tid":"cice"},
{"name":"ModelAdvance", "ph":"B", "ts":"4313240455", "pid":"1", "tid":"cice"},
{"name":"ModelAdvance", "ph":"E", "ts":"4313713742", "pid":"1", "tid":"cice"},
{"name":"ModelAdvance", "ph":"B", "ts":"4313847719", "pid":"1", "tid":"cice"},
{"name":"ModelAdvance", "ph":"E", "ts":"4314320890", "pid":"1", "tid":"cice"},
{"name":"ModelAdvance", "ph":"B", "ts":"4316749955", "pid":"1", "tid":"cice"},
{"name":"ModelAdvance", "ph":"E", "ts":"4317227551", "pid":"1", "tid":"cice"},
{"name":"ModelAdvance", "ph":"B", "ts":"4317352127", "pid":"1", "tid":"cice"},
{"name":"ModelAdvance", "ph":"E", "ts":"4317820985", "pid":"1", "tid":"cice"},
{"name":"ModelAdvance", "ph":"B", "ts":"4317949020", "pid":"1", "tid":"cice"},
{"name":"ModelAdvance", "ph":"E", "ts":"4318429529", "pid":"1", "tid":"cice"},
{"name":"ModelAdvance", "ph":"B", "ts":"4318551383", "pid":"1", "tid":"cice"},
{"name":"ModelAdvance", "ph":"E", "ts":"4319022308", "pid":"1", "tid":"cice"},
{"name":"ModelAdvance", "ph":"B", "ts":"4319150481", "pid":"1", "tid":"cice"},
{"name":"ModelAdvance", "ph":"E", "ts":"4319620940", "pid":"1", "tid":"cice"},
{"name":"ModelAdvance", "ph":"B", "ts":"4319750925", "pid":"1", "tid":"cice"},
{"name":"ModelAdvance", "ph":"E", "ts":"4320222982", "pid":"1", "tid":"cice"},
{"name":"ModelAdvance", "ph":"B", "ts":"4320346815", "pid":"1", "tid":"cice"},
{"name":"ModelAdvance", "ph":"E", "ts":"4320820243", "pid":"1", "tid":"cice"},
{"name":"ModelAdvance", "ph":"B", "ts":"4320945702", "pid":"1", "tid":"cice"},
{"name":"ModelAdvance", "ph":"E", "ts":"4321423275", "pid":"1", "tid":"cice"},
{"name":"ModelAdvance", "ph":"B", "ts":"4321545422", "pid":"1", "tid":"cice"},
{"name":"ModelAdvance", "ph":"E", "ts":"4322025428", "pid":"1", "tid":"cice"},
{"name":"ModelAdvance", "ph":"B", "ts":"4322145195", "pid":"1", "tid":"cice"},
{"name":"ModelAdvance", "ph":"E", "ts":"4322619438", "pid":"1", "tid":"cice"},
{"name":"ModelAdvance", "ph":"B", "ts":"4322747212", "pid":"1", "tid":"cice"},
{"name":"ModelAdvance", "ph":"E", "ts":"4323219003", "pid":"1", "tid":"cice"},
{"name":"ModelAdvance", "ph":"B", "ts":"4323357575", "pid":"1", "tid":"cice"},
{"name":"ModelAdvance", "ph":"E", "ts":"4323834695", "pid":"1", "tid":"cice"},
{"name":"ModelAdvance", "ph":"B", "ts":"4323956590", "pid":"1", "tid":"cice"},
{"name":"ModelAdvance", "ph":"E", "ts":"4324435172", "pid":"1", "tid":"cice"},
{"name":"ModelAdvance", "ph":"B", "ts":"4324556167", "pid":"1", "tid":"cice"},
{"name":"ModelAdvance", "ph":"E", "ts":"4325025325", "pid":"1", "tid":"cice"},
{"name":"ModelAdvance", "ph":"B", "ts":"4325151660", "pid":"1", "tid":"cice"},
{"name":"ModelAdvance", "ph":"E", "ts":"4325631201", "pid":"1", "tid":"cice"},
{"name":"ModelAdvance", "ph":"B", "ts":"4325751169", "pid":"1", "tid":"cice"},
{"name":"ModelAdvance", "ph":"E", "ts":"4326222106", "pid":"1", "tid":"cice"},
{"name":"ModelAdvance", "ph":"B", "ts":"4326348399", "pid":"1", "tid":"cice"},
{"name":"ModelAdvance", "ph":"E", "ts":"4326807106", "pid":"1", "tid":"cice"},
{"name":"ModelAdvance", "ph":"B", "ts":"4326948104", "pid":"1", "tid":"cice"},
{"name":"ModelAdvance", "ph":"E", "ts":"4327424867", "pid":"1", "tid":"cice"},
{"name":"ModelAdvance", "ph":"B", "ts":"4327547977", "pid":"1", "tid":"cice"},
{"name":"ModelAdvance", "ph":"E", "ts":"4328020725", "pid":"1", "tid":"cice"},
{"name":"ModelAdvance", "ph":"B", "ts":"4328145431", "pid":"1", "tid":"cice"},
{"name":"ModelAdvance", "ph":"E", "ts":"4328622956", "pid":"1", "tid":"cice"},
{"name":"ModelAdvance", "ph":"B", "ts":"4328745363", "pid":"1", "tid":"cice"},
{"name":"ModelAdvance", "ph":"E", "ts":"4329216133", "pid":"1", "tid":"cice"},
{"name":"ModelAdvance", "ph":"B", "ts":"4329347711", "pid":"1", "tid":"cice"},
{"name":"ModelAdvance", "ph":"E", "ts":"4329824072", "pid":"1", "tid":"cice"},
{"name":"ModelAdvance", "ph":"B", "ts":"4329945094", "pid":"1", "tid":"cice"},
{"name":"ModelAdvance", "ph":"E", "ts":"4330423289", "pid":"1", "tid":"cice"},
{"name":"ModelAdvance", "ph":"B", "ts":"4330607325", "pid":"1", "tid":"cice"},
{"name":"ModelAdvance", "ph":"E", "ts":"4331083631", "pid":"1", "tid":"cice"},
{"name":"ModelAdvance", "ph":"B", "ts":"4331856290", "pid":"1", "tid":"cice"},
{"name":"ModelAdvance", "ph":"E", "ts":"4332335871", "pid":"1", "tid":"cice"},
{"name":"ModelAdvance", "ph":"B", "ts":"4332456836", "pid":"1", "tid":"cice"},
{"name":"ModelAdvance", "ph":"E", "ts":"4332929785", "pid":"1", "tid":"cice"},
{"name":"ModelAdvance", "ph":"B", "ts":"4333056521", "pid":"1", "tid":"cice"},
{"name":"ModelAdvance", "ph":"E", "ts":"4333537672", "pid":"1", "tid":"cice"},
{"name":"ModelAdvance", "ph":"B", "ts":"4333655797", "pid":"1", "tid":"cice"},
{"name":"ModelAdvance", "ph":"E", "ts":"4334131987", "pid":"1", "tid":"cice"},
{"name":"ModelAdvance", "ph":"B", "ts":"4334255602", "pid":"1", "tid":"cice"},
{"name":"ModelAdvance", "ph":"E", "ts":"4334729959", "pid":"1", "tid":"cice"},
{"name":"ModelAdvance", "ph":"B", "ts":"4334854695", "pid":"1", "tid":"cice"},
{"name":"ModelAdvance", "ph":"E", "ts":"4335331662", "pid":"1", "tid":"cice"},
{"name":"ModelAdvance", "ph":"B", "ts":"4335454531", "pid":"1", "tid":"cice"},
{"name":"ModelAdvance", "ph":"E", "ts":"4335928060", "pid":"1", "tid":"cice"},
{"name":"ModelAdvance", "ph":"B", "ts":"4336064497", "pid":"1", "tid":"cice"},
{"name":"ModelAdvance", "ph":"E", "ts":"4336531198", "pid":"1", "tid":"cice"},
{"name":"ModelAdvance", "ph":"B", "ts":"4336661658", "pid":"1", "tid":"cice"},
{"name":"ModelAdvance", "ph":"E", "ts":"4337137386", "pid":"1", "tid":"cice"},
{"name":"ModelAdvance", "ph":"B", "ts":"4337259294", "pid":"1", "tid":"cice"},
{"name":"ModelAdvance", "ph":"E", "ts":"4337733914", "pid":"1", "tid":"cice"},
{"name":"ModelAdvance", "ph":"B", "ts":"4337861532", "pid":"1", "tid":"cice"},
{"name":"ModelAdvance", "ph":"E", "ts":"4338340729", "pid":"1", "tid":"cice"},
{"name":"ModelAdvance", "ph":"B", "ts":"4338476029", "pid":"1", "tid":"cice"},
{"name":"ModelAdvance", "ph":"E", "ts":"4338958188", "pid":"1", "tid":"cice"},
{"name":"ModelAdvance", "ph":"B", "ts":"4339125908", "pid":"1", "tid":"cice"},
{"name":"ModelAdvance", "ph":"E", "ts":"4339606733", "pid":"1", "tid":"cice"},
{"name":"ModelAdvance", "ph":"B", "ts":"4339727400", "pid":"1", "tid":"cice"},
{"name":"ModelAdvance", "ph":"E", "ts":"4340199446", "pid":"1", "tid":"cice"},
{"name":"ModelAdvance", "ph":"B", "ts":"4340327449", "pid":"1", "tid":"cice"},
{"name":"ModelAdvance", "ph":"E", "ts":"4340802790", "pid":"1", "tid":"cice"},
{"name":"ModelAdvance", "ph":"B", "ts":"4340926282", "pid":"1", "tid":"cice"},
{"name":"ModelAdvance", "ph":"E", "ts":"4341399266", "pid":"1", "tid":"cice"},
{"name":"ModelAdvance", "ph":"B", "ts":"4341527315", "pid":"1", "tid":"cice"},
{"name":"ModelAdvance", "ph":"E", "ts":"4342004411", "pid":"1", "tid":"cice"},
{"name":"ModelAdvance", "ph":"B", "ts":"4342125035", "pid":"1", "tid":"cice"},
{"name":"ModelAdvance", "ph":"E", "ts":"4342598435", "pid":"1", "tid":"cice"},
{"name":"ModelAdvance", "ph":"B", "ts":"4342725468", "pid":"1", "tid":"cice"},
{"name":"ModelAdvance", "ph":"E", "ts":"4343206563", "pid":"1", "tid":"cice"},
{"name":"ModelAdvance", "ph":"B", "ts":"4343325210", "pid":"1", "tid":"cice"},
{"name":"ModelAdvance", "ph":"E", "ts":"4343803246", "pid":"1", "tid":"cice"},
{"name":"ModelAdvance", "ph":"B", "ts":"4343924006", "pid":"1", "tid":"cice"},
{"name":"ModelAdvance", "ph":"E", "ts":"4344393696", "pid":"1", "tid":"cice"},
{"name":"ModelAdvance", "ph":"B", "ts":"4344523589", "pid":"1", "tid":"cice"},
{"name":"ModelAdvance", "ph":"E", "ts":"4344999270", "pid":"1", "tid":"cice"},
{"name":"ModelAdvance", "ph":"B", "ts":"4345117093", "pid":"1", "tid":"cice"},
{"name":"ModelAdvance", "ph":"E", "ts":"4345582657", "pid":"1", "tid":"cice"},
{"name":"ModelAdvance", "ph":"B", "ts":"4345724704", "pid":"1", "tid":"cice"},
{"name":"ModelAdvance", "ph":"E", "ts":"4346191143", "pid":"1", "tid":"cice"},
{"name":"ModelAdvance", "ph":"B", "ts":"4346964156", "pid":"1", "tid":"cice"},
{"name":"ModelAdvance", "ph":"E", "ts":"4347433026", "pid":"1", "tid":"cice"},
{"name":"ModelAdvance", "ph":"B", "ts":"4347568083", "pid":"1", "tid":"cice"},
{"name":"ModelAdvance", "ph":"E", "ts":"4348032510", "pid":"1", "tid":"cice"},
{"name":"ModelAdvance", "ph":"B", "ts":"4348161225", "pid":"1", "tid":"cice"},
{"name":"ModelAdvance", "ph":"E", "ts":"4348629723", "pid":"1", "tid":"cice"},
{"name":"ModelAdvance", "ph":"B", "ts":"4348759162", "pid":"1", "tid":"cice"},
{"name":"ModelAdvance", "ph":"E", "ts":"4349232440", "pid":"1", "tid":"cice"},
{"name":"ModelAdvance", "ph":"B", "ts":"4349358198", "pid":"1", "tid":"cice"},
{"name":"ModelAdvance", "ph":"E", "ts":"4349830361", "pid":"1", "tid":"cice"},
{"name":"ModelAdvance", "ph":"B", "ts":"4349960450", "pid":"1", "tid":"cice"},
{"name":"ModelAdvance", "ph":"E", "ts":"4350428536", "pid":"1", "tid":"cice"},
{"name":"ModelAdvance", "ph":"B", "ts":"4350558115", "pid":"1", "tid":"cice"},
{"name":"ModelAdvance", "ph":"E", "ts":"4351030356", "pid":"1", "tid":"cice"},
{"name":"ModelAdvance", "ph":"B", "ts":"4351160611", "pid":"1", "tid":"cice"},
{"name":"ModelAdvance", "ph":"E", "ts":"4351631990", "pid":"1", "tid":"cice"},
{"name":"ModelAdvance", "ph":"B", "ts":"4351757317", "pid":"1", "tid":"cice"},
{"name":"ModelAdvance", "ph":"E", "ts":"4352226886", "pid":"1", "tid":"cice"},
{"name":"ModelAdvance", "ph":"B", "ts":"4352354494", "pid":"1", "tid":"cice"},
{"name":"ModelAdvance", "ph":"E", "ts":"4352824634", "pid":"1", "tid":"cice"},
{"name":"ModelAdvance", "ph":"B", "ts":"4352949860", "pid":"1", "tid":"cice"},
{"name":"ModelAdvance", "ph":"E", "ts":"4353417401", "pid":"1", "tid":"cice"},
{"name":"ModelAdvance", "ph":"B", "ts":"4353557673", "pid":"1", "tid":"cice"},
{"name":"ModelAdvance", "ph":"E", "ts":"4354022970", "pid":"1", "tid":"cice"},
{"name":"ModelAdvance", "ph":"B", "ts":"4354190753", "pid":"1", "tid":"cice"},
{"name":"ModelAdvance", "ph":"E", "ts":"4354656415", "pid":"1", "tid":"cice"},
{"name":"ModelAdvance", "ph":"B", "ts":"4354793978", "pid":"1", "tid":"cice"},
{"name":"ModelAdvance", "ph":"E", "ts":"4355262148", "pid":"1", "tid":"cice"},
{"name":"ModelAdvance", "ph":"B", "ts":"4355389709", "pid":"1", "tid":"cice"},
{"name":"ModelAdvance", "ph":"E", "ts":"4355855715", "pid":"1", "tid":"cice"},
{"name":"ModelAdvance", "ph":"B", "ts":"4355991570", "pid":"1", "tid":"cice"},
{"name":"ModelAdvance", "ph":"E", "ts":"4356454811", "pid":"1", "tid":"cice"},
{"name":"ModelAdvance", "ph":"B", "ts":"4356589009", "pid":"1", "tid":"cice"},
{"name":"ModelAdvance", "ph":"E", "ts":"4357058614", "pid":"1", "tid":"cice"},
{"name":"ModelAdvance", "ph":"B", "ts":"4357195276", "pid":"1", "tid":"cice"},
{"name":"ModelAdvance", "ph":"E", "ts":"4357655992", "pid":"1", "tid":"cice"},
{"name":"ModelAdvance", "ph":"B", "ts":"4357788903", "pid":"1", "tid":"cice"},
{"name":"ModelAdvance", "ph":"E", "ts":"4358253581", "pid":"1", "tid":"cice"},
{"name":"ModelAdvance", "ph":"B", "ts":"4358386019", "pid":"1", "tid":"cice"},
{"name":"ModelAdvance", "ph":"E", "ts":"4358847950", "pid":"1", "tid":"cice"},
{"name":"ModelAdvance", "ph":"B", "ts":"4358985057", "pid":"1", "tid":"cice"},
{"name":"ModelAdvance", "ph":"E", "ts":"4359447620", "pid":"1", "tid":"cice"},
{"name":"ModelAdvance", "ph":"B", "ts":"4359584473", "pid":"1", "tid":"cice"},
{"name":"ModelAdvance", "ph":"E", "ts":"4360046476", "pid":"1", "tid":"cice"},
{"name":"ModelAdvance", "ph":"B", "ts":"4360183726", "pid":"1", "tid":"cice"},
{"name":"ModelAdvance", "ph":"E", "ts":"4360647337", "pid":"1", "tid":"cice"},
{"name":"ModelAdvance", "ph":"B", "ts":"4360791336", "pid":"1", "tid":"cice"},
{"name":"ModelAdvance", "ph":"E", "ts":"4361258437", "pid":"1", "tid":"cice"},
{"name":"ModelAdvance", "ph":"B", "ts":"4362030418", "pid":"1", "tid":"cice"},
{"name":"ModelAdvance", "ph":"E", "ts":"4362494251", "pid":"1", "tid":"cice"},
{"name":"ModelAdvance", "ph":"B", "ts":"4362632134", "pid":"1", "tid":"cice"},
{"name":"ModelAdvance", "ph":"E", "ts":"4363093903", "pid":"1", "tid":"cice"},
{"name":"ModelAdvance", "ph":"B", "ts":"4363228851", "pid":"1", "tid":"cice"},
{"name":"ModelAdvance", "ph":"E", "ts":"4363693710", "pid":"1", "tid":"cice"},
{"name":"ModelAdvance", "ph":"B", "ts":"4363826305", "pid":"1", "tid":"cice"},
{"name":"ModelAdvance", "ph":"E", "ts":"4364292675", "pid":"1", "tid":"cice"},
{"name":"ModelAdvance", "ph":"B", "ts":"4364425891", "pid":"1", "tid":"cice"},
{"name":"ModelAdvance", "ph":"E", "ts":"4364892352", "pid":"1", "tid":"cice"},
{"name":"ModelAdvance", "ph":"B", "ts":"4365021399", "pid":"1", "tid":"cice"},
{"name":"ModelAdvance", "ph":"E", "ts":"4365489783", "pid":"1", "tid":"cice"},
{"name":"ModelAdvance", "ph":"B", "ts":"4365616734", "pid":"1", "tid":"cice"},
{"name":"ModelAdvance", "ph":"E", "ts":"4366084968", "pid":"1", "tid":"cice"},
{"name":"ModelAdvance", "ph":"B", "ts":"4366217372", "pid":"1", "tid":"cice"},
{"name":"ModelAdvance", "ph":"E", "ts":"4366682022", "pid":"1", "tid":"cice"},
{"name":"ModelAdvance", "ph":"B", "ts":"4366816240", "pid":"1", "tid":"cice"},
{"name":"ModelAdvance", "ph":"E", "ts":"4367284492", "pid":"1", "tid":"cice"},
{"name":"ModelAdvance", "ph":"B", "ts":"4367416637", "pid":"1", "tid":"cice"},
{"name":"ModelAdvance", "ph":"E", "ts":"4367882898", "pid":"1", "tid":"cice"},
{"name":"ModelAdvance", "ph":"B", "ts":"4368011652", "pid":"1", "tid":"cice"},
{"name":"ModelAdvance", "ph":"E", "ts":"4368485065", "pid":"1", "tid":"cice"},
{"name":"ModelAdvance", "ph":"B", "ts":"4368619002", "pid":"1", "tid":"cice"},
{"name":"ModelAdvance", "ph":"E", "ts":"4369082627", "pid":"1", "tid":"cice"},
{"name":"ModelAdvance", "ph":"B", "ts":"4369216705", "pid":"1", "tid":"cice"},
{"name":"ModelAdvance", "ph":"E", "ts":"4369685294", "pid":"1", "tid":"cice"},
{"name":"ModelAdvance", "ph":"B", "ts":"4369811553", "pid":"1", "tid":"cice"},
{"name":"ModelAdvance", "ph":"E", "ts":"4370283255", "pid":"1", "tid":"cice"},
{"name":"ModelAdvance", "ph":"B", "ts":"4370412890", "pid":"1", "tid":"cice"},
{"name":"ModelAdvance", "ph":"E", "ts":"4370885782", "pid":"1", "tid":"cice"},
{"name":"ModelAdvance", "ph":"B", "ts":"4371017722", "pid":"1", "tid":"cice"},
{"name":"ModelAdvance", "ph":"E", "ts":"4371482393", "pid":"1", "tid":"cice"},
{"name":"ModelAdvance", "ph":"B", "ts":"4371612444", "pid":"1", "tid":"cice"},
{"name":"ModelAdvance", "ph":"E", "ts":"4372081229", "pid":"1", "tid":"cice"},
{"name":"ModelAdvance", "ph":"B", "ts":"4372205753", "pid":"1", "tid":"cice"},
{"name":"ModelAdvance", "ph":"E", "ts":"4372671745", "pid":"1", "tid":"cice"},
{"name":"ModelAdvance", "ph":"B", "ts":"4372799804", "pid":"1", "tid":"cice"},
{"name":"ModelAdvance", "ph":"E", "ts":"4373268633", "pid":"1", "tid":"cice"},
{"name":"ModelAdvance", "ph":"B", "ts":"4373401010", "pid":"1", "tid":"cice"},
{"name":"ModelAdvance", "ph":"E", "ts":"4373864988", "pid":"1", "tid":"cice"},
{"name":"ModelAdvance", "ph":"B", "ts":"4373995930", "pid":"1", "tid":"cice"},
{"name":"ModelAdvance", "ph":"E", "ts":"4374468116", "pid":"1", "tid":"cice"},
{"name":"ModelAdvance", "ph":"B", "ts":"4374592735", "pid":"1", "tid":"cice"},
{"name":"ModelAdvance", "ph":"E", "ts":"4375057669", "pid":"1", "tid":"cice"},
{"name":"ModelAdvance", "ph":"B", "ts":"4375191252", "pid":"1", "tid":"cice"},
{"name":"ModelAdvance", "ph":"E", "ts":"4375761370", "pid":"1", "tid":"cice"},
{"name":"ModelAdvance", "ph":"B", "ts":"4375806034", "pid":"1", "tid":"cice"},
{"name":"ModelAdvance", "ph":"E", "ts":"4376277755", "pid":"1", "tid":"cice"},
{"name":"ModelAdvance", "ph":"B", "ts":"4377053869", "pid":"1", "tid":"cice"},
{"name":"ModelAdvance", "ph":"E", "ts":"4377519982", "pid":"1", "tid":"cice"},
{"name":"ModelAdvance", "ph":"B", "ts":"4377649934", "pid":"1", "tid":"cice"},
{"name":"ModelAdvance", "ph":"E", "ts":"4378121767", "pid":"1", "tid":"cice"},
{"name":"ModelAdvance", "ph":"B", "ts":"4378248843", "pid":"1", "tid":"cice"},
{"name":"ModelAdvance", "ph":"E", "ts":"4378714354", "pid":"1", "tid":"cice"},
{"name":"ModelAdvance", "ph":"B", "ts":"4378841449", "pid":"1", "tid":"cice"},
{"name":"ModelAdvance", "ph":"E", "ts":"4379312349", "pid":"1", "tid":"cice"},
{"name":"ModelAdvance", "ph":"B", "ts":"4379437138", "pid":"1", "tid":"cice"},
{"name":"ModelAdvance", "ph":"E", "ts":"4379907943", "pid":"1", "tid":"cice"},
{"name":"ModelAdvance", "ph":"B", "ts":"4380038977", "pid":"1", "tid":"cice"},
{"name":"ModelAdvance", "ph":"E", "ts":"4380504873", "pid":"1", "tid":"cice"},
{"name":"ModelAdvance", "ph":"B", "ts":"4380636875", "pid":"1", "tid":"cice"},
{"name":"ModelAdvance", "ph":"E", "ts":"4381098303", "pid":"1", "tid":"cice"},
{"name":"ModelAdvance", "ph":"B", "ts":"4381272524", "pid":"1", "tid":"cice"},
{"name":"ModelAdvance", "ph":"E", "ts":"4381746224", "pid":"1", "tid":"cice"},
{"name":"ModelAdvance", "ph":"B", "ts":"4381868463", "pid":"1", "tid":"cice"},
{"name":"ModelAdvance", "ph":"E", "ts":"4382344257", "pid":"1", "tid":"cice"},
{"name":"ModelAdvance", "ph":"B", "ts":"4382465550", "pid":"1", "tid":"cice"},
{"name":"ModelAdvance", "ph":"E", "ts":"4382930822", "pid":"1", "tid":"cice"},
{"name":"ModelAdvance", "ph":"B", "ts":"4383064557", "pid":"1", "tid":"cice"},
{"name":"ModelAdvance", "ph":"E", "ts":"4383533898", "pid":"1", "tid":"cice"},
{"name":"ModelAdvance", "ph":"B", "ts":"4383709456", "pid":"1", "tid":"cice"},
{"name":"ModelAdvance", "ph":"E", "ts":"4384181615", "pid":"1", "tid":"cice"},
{"name":"ModelAdvance", "ph":"B", "ts":"4384310087", "pid":"1", "tid":"cice"},
{"name":"ModelAdvance", "ph":"E", "ts":"4384781390", "pid":"1", "tid":"cice"},
{"name":"ModelAdvance", "ph":"B", "ts":"4384908320", "pid":"1", "tid":"cice"},
{"name":"ModelAdvance", "ph":"E", "ts":"4385381866", "pid":"1", "tid":"cice"},
{"name":"ModelAdvance", "ph":"B", "ts":"4385526107", "pid":"1", "tid":"cice"},
{"name":"ModelAdvance", "ph":"E", "ts":"4386001479", "pid":"1", "tid":"cice"},
{"name":"ModelAdvance", "ph":"B", "ts":"4386121207", "pid":"1", "tid":"cice"},
{"name":"ModelAdvance", "ph":"E", "ts":"4386588038", "pid":"1", "tid":"cice"},
{"name":"ModelAdvance", "ph":"B", "ts":"4386719721", "pid":"1", "tid":"cice"},
{"name":"ModelAdvance", "ph":"E", "ts":"4387186138", "pid":"1", "tid":"cice"},
{"name":"ModelAdvance", "ph":"B", "ts":"4387318917", "pid":"1", "tid":"cice"},
{"name":"ModelAdvance", "ph":"E", "ts":"4387783281", "pid":"1", "tid":"cice"},
{"name":"ModelAdvance", "ph":"B", "ts":"4387918055", "pid":"1", "tid":"cice"},
{"name":"ModelAdvance", "ph":"E", "ts":"4388386605", "pid":"1", "tid":"cice"},
{"name":"ModelAdvance", "ph":"B", "ts":"4388515733", "pid":"1", "tid":"cice"},
{"name":"ModelAdvance", "ph":"E", "ts":"4388988648", "pid":"1", "tid":"cice"},
{"name":"ModelAdvance", "ph":"B", "ts":"4389112579", "pid":"1", "tid":"cice"},
{"name":"ModelAdvance", "ph":"E", "ts":"4389591358", "pid":"1", "tid":"cice"},
{"name":"ModelAdvance", "ph":"B", "ts":"4389708775", "pid":"1", "tid":"cice"},
{"name":"ModelAdvance", "ph":"E", "ts":"4390182140", "pid":"1", "tid":"cice"},
{"name":"ModelAdvance", "ph":"B", "ts":"4390327724", "pid":"1", "tid":"cice"},
{"name":"ModelAdvance", "ph":"E", "ts":"4390795722", "pid":"1", "tid":"cice"},
{"name":"ModelAdvance", "ph":"B", "ts":"4390933217", "pid":"1", "tid":"cice"},
{"name":"ModelAdvance", "ph":"E", "ts":"4391402935", "pid":"1", "tid":"cice"},
{"name":"ModelAdvance", "ph":"B", "ts":"4392188601", "pid":"1", "tid":"cice"},
{"name":"ModelAdvance", "ph":"E", "ts":"4392654694", "pid":"1", "tid":"cice"},
{"name":"ModelAdvance", "ph":"B", "ts":"4392784756", "pid":"1", "tid":"cice"},
{"name":"ModelAdvance", "ph":"E", "ts":"4393250625", "pid":"1", "tid":"cice"},
{"name":"ModelAdvance", "ph":"B", "ts":"4393379142", "pid":"1", "tid":"cice"},
{"name":"ModelAdvance", "ph":"E", "ts":"4393847328", "pid":"1", "tid":"cice"},
{"name":"ModelAdvance", "ph":"B", "ts":"4393976266", "pid":"1", "tid":"cice"},
{"name":"ModelAdvance", "ph":"E", "ts":"4394444889", "pid":"1", "tid":"cice"},
{"name":"ModelAdvance", "ph":"B", "ts":"4394573462", "pid":"1", "tid":"cice"},
{"name":"ModelAdvance", "ph":"E", "ts":"4395051336", "pid":"1", "tid":"cice"},
{"name":"ModelAdvance", "ph":"B", "ts":"4395178027", "pid":"1", "tid":"cice"},
{"name":"ModelAdvance", "ph":"E", "ts":"4395645861", "pid":"1", "tid":"cice"},
{"name":"ModelAdvance", "ph":"B", "ts":"4395779799", "pid":"1", "tid":"cice"},
{"name":"ModelAdvance", "ph":"E", "ts":"4396239451", "pid":"1", "tid":"cice"},
{"name":"ModelAdvance", "ph":"B", "ts":"4396367458", "pid":"1", "tid":"cice"},
{"name":"ModelAdvance", "ph":"E", "ts":"4396838926", "pid":"1", "tid":"cice"},
{"name":"ModelAdvance", "ph":"B", "ts":"4396965311", "pid":"1", "tid":"cice"},
{"name":"ModelAdvance", "ph":"E", "ts":"4397433719", "pid":"1", "tid":"cice"},
{"name":"ModelAdvance", "ph":"B", "ts":"4397556003", "pid":"1", "tid":"cice"},
{"name":"ModelAdvance", "ph":"E", "ts":"4398022805", "pid":"1", "tid":"cice"},
{"name":"ModelAdvance", "ph":"B", "ts":"4398150259", "pid":"1", "tid":"cice"},
{"name":"ModelAdvance", "ph":"E", "ts":"4398631559", "pid":"1", "tid":"cice"},
{"name":"ModelAdvance", "ph":"B", "ts":"4398757591", "pid":"1", "tid":"cice"},
{"name":"ModelAdvance", "ph":"E", "ts":"4399230276", "pid":"1", "tid":"cice"},
{"name":"ModelAdvance", "ph":"B", "ts":"4399352161", "pid":"1", "tid":"cice"},
{"name":"ModelAdvance", "ph":"E", "ts":"4399827363", "pid":"1", "tid":"cice"},
{"name":"ModelAdvance", "ph":"B", "ts":"4399956170", "pid":"1", "tid":"cice"},
{"name":"ModelAdvance", "ph":"E", "ts":"4400429788", "pid":"1", "tid":"cice"},
{"name":"ModelAdvance", "ph":"B", "ts":"4400547360", "pid":"1", "tid":"cice"},
{"name":"ModelAdvance", "ph":"E", "ts":"4401017913", "pid":"1", "tid":"cice"},
{"name":"ModelAdvance", "ph":"B", "ts":"4401144068", "pid":"1", "tid":"cice"},
{"name":"ModelAdvance", "ph":"E", "ts":"4401612725", "pid":"1", "tid":"cice"},
{"name":"ModelAdvance", "ph":"B", "ts":"4401752038", "pid":"1", "tid":"cice"},
{"name":"ModelAdvance", "ph":"E", "ts":"4402217568", "pid":"1", "tid":"cice"},
{"name":"ModelAdvance", "ph":"B", "ts":"4402345237", "pid":"1", "tid":"cice"},
{"name":"ModelAdvance", "ph":"E", "ts":"4402810244", "pid":"1", "tid":"cice"},
{"name":"ModelAdvance", "ph":"B", "ts":"4402947500", "pid":"1", "tid":"cice"},
{"name":"ModelAdvance", "ph":"E", "ts":"4403411623", "pid":"1", "tid":"cice"},
{"name":"ModelAdvance", "ph":"B", "ts":"4403540047", "pid":"1", "tid":"cice"},
{"name":"ModelAdvance", "ph":"E", "ts":"4404020885", "pid":"1", "tid":"cice"},
{"name":"ModelAdvance", "ph":"B", "ts":"4404136153", "pid":"1", "tid":"cice"},
{"name":"ModelAdvance", "ph":"E", "ts":"4404605928", "pid":"1", "tid":"cice"},
{"name":"ModelAdvance", "ph":"B", "ts":"4404733107", "pid":"1", "tid":"cice"},
{"name":"ModelAdvance", "ph":"E", "ts":"4405207692", "pid":"1", "tid":"cice"},
{"name":"ModelAdvance", "ph":"B", "ts":"4405332208", "pid":"1", "tid":"cice"},
{"name":"ModelAdvance", "ph":"E", "ts":"4405801974", "pid":"1", "tid":"cice"},
{"name":"ModelAdvance", "ph":"B", "ts":"4405939510", "pid":"1", "tid":"cice"},
{"name":"ModelAdvance", "ph":"E", "ts":"4406408662", "pid":"1", "tid":"cice"},
{"name":"ModelAdvance", "ph":"B", "ts":"4407214780", "pid":"1", "tid":"cice"},
{"name":"ModelAdvance", "ph":"E", "ts":"4407683979", "pid":"1", "tid":"cice"},
{"name":"ModelAdvance", "ph":"B", "ts":"4407809736", "pid":"1", "tid":"cice"},
{"name":"ModelAdvance", "ph":"E", "ts":"4408278910", "pid":"1", "tid":"cice"},
{"name":"ModelAdvance", "ph":"B", "ts":"4408408307", "pid":"1", "tid":"cice"},
{"name":"ModelAdvance", "ph":"E", "ts":"4408879623", "pid":"1", "tid":"cice"},
{"name":"ModelAdvance", "ph":"B", "ts":"4409001978", "pid":"1", "tid":"cice"},
{"name":"ModelAdvance", "ph":"E", "ts":"4409473862", "pid":"1", "tid":"cice"},
{"name":"ModelAdvance", "ph":"B", "ts":"4409609910", "pid":"1", "tid":"cice"},
{"name":"ModelAdvance", "ph":"E", "ts":"4410082802", "pid":"1", "tid":"cice"},
{"name":"ModelAdvance", "ph":"B", "ts":"4410203379", "pid":"1", "tid":"cice"},
{"name":"ModelAdvance", "ph":"E", "ts":"4410686182", "pid":"1", "tid":"cice"},
{"name":"ModelAdvance", "ph":"B", "ts":"4410803185", "pid":"1", "tid":"cice"},
{"name":"ModelAdvance", "ph":"E", "ts":"4411273261", "pid":"1", "tid":"cice"},
{"name":"ModelAdvance", "ph":"B", "ts":"4411401298", "pid":"1", "tid":"cice"},
{"name":"ModelAdvance", "ph":"E", "ts":"4411877792", "pid":"1", "tid":"cice"},
{"name":"ModelAdvance", "ph":"B", "ts":"4411995361", "pid":"1", "tid":"cice"},
{"name":"ModelAdvance", "ph":"E", "ts":"4412467270", "pid":"1", "tid":"cice"},
{"name":"ModelAdvance", "ph":"B", "ts":"4412612104", "pid":"1", "tid":"cice"},
{"name":"ModelAdvance", "ph":"E", "ts":"4413091747", "pid":"1", "tid":"cice"},
{"name":"ModelAdvance", "ph":"B", "ts":"4413210084", "pid":"1", "tid":"cice"},
{"name":"ModelAdvance", "ph":"E", "ts":"4413680892", "pid":"1", "tid":"cice"},
{"name":"ModelAdvance", "ph":"B", "ts":"4413818227", "pid":"1", "tid":"cice"},
{"name":"ModelAdvance", "ph":"E", "ts":"4414285741", "pid":"1", "tid":"cice"},
{"name":"ModelAdvance", "ph":"B", "ts":"4414407836", "pid":"1", "tid":"cice"},
{"name":"ModelAdvance", "ph":"E", "ts":"4414884816", "pid":"1", "tid":"cice"},
{"name":"ModelAdvance", "ph":"B", "ts":"4415007972", "pid":"1", "tid":"cice"},
{"name":"ModelAdvance", "ph":"E", "ts":"4415470433", "pid":"1", "tid":"cice"},
{"name":"ModelAdvance", "ph":"B", "ts":"4415597285", "pid":"1", "tid":"cice"},
{"name":"ModelAdvance", "ph":"E", "ts":"4416072220", "pid":"1", "tid":"cice"},
{"name":"ModelAdvance", "ph":"B", "ts":"4416190271", "pid":"1", "tid":"cice"},
{"name":"ModelAdvance", "ph":"E", "ts":"4416657390", "pid":"1", "tid":"cice"},
{"name":"ModelAdvance", "ph":"B", "ts":"4416794040", "pid":"1", "tid":"cice"},
{"name":"ModelAdvance", "ph":"E", "ts":"4417270101", "pid":"1", "tid":"cice"},
{"name":"ModelAdvance", "ph":"B", "ts":"4417417491", "pid":"1", "tid":"cice"},
{"name":"ModelAdvance", "ph":"E", "ts":"4417895173", "pid":"1", "tid":"cice"},
{"name":"ModelAdvance", "ph":"B", "ts":"4418008271", "pid":"1", "tid":"cice"},
{"name":"ModelAdvance", "ph":"E", "ts":"4418487292", "pid":"1", "tid":"cice"},
{"name":"ModelAdvance", "ph":"B", "ts":"4418602224", "pid":"1", "tid":"cice"},
{"name":"ModelAdvance", "ph":"E", "ts":"4419068703", "pid":"1", "tid":"cice"},
{"name":"ModelAdvance", "ph":"B", "ts":"4419195064", "pid":"1", "tid":"cice"},
{"name":"ModelAdvance", "ph":"E", "ts":"4419667293", "pid":"1", "tid":"cice"},
{"name":"ModelAdvance", "ph":"B", "ts":"4419792048", "pid":"1", "tid":"cice"},
{"name":"ModelAdvance", "ph":"E", "ts":"4420261401", "pid":"1", "tid":"cice"},
{"name":"ModelAdvance", "ph":"B", "ts":"4420380944", "pid":"1", "tid":"cice"},
{"name":"ModelAdvance", "ph":"E", "ts":"4420842965", "pid":"1", "tid":"cice"},
{"name":"ModelAdvance", "ph":"B", "ts":"4421023044", "pid":"1", "tid":"cice"},
{"name":"ModelAdvance", "ph":"E", "ts":"4421496188", "pid":"1", "tid":"cice"},
{"name":"ModelAdvance", "ph":"B", "ts":"4422262754", "pid":"1", "tid":"cice"},
{"name":"ModelAdvance", "ph":"E", "ts":"4422732460", "pid":"1", "tid":"cice"},
{"name":"ModelAdvance", "ph":"B", "ts":"4422853015", "pid":"1", "tid":"cice"},
{"name":"ModelAdvance", "ph":"E", "ts":"4423321571", "pid":"1", "tid":"cice"},
{"name":"ModelAdvance", "ph":"B", "ts":"4423444491", "pid":"1", "tid":"cice"},
{"name":"ModelAdvance", "ph":"E", "ts":"4423911927", "pid":"1", "tid":"cice"},
{"name":"ModelAdvance", "ph":"B", "ts":"4424036060", "pid":"1", "tid":"cice"},
{"name":"ModelAdvance", "ph":"E", "ts":"4424508723", "pid":"1", "tid":"cice"},
{"name":"ModelAdvance", "ph":"B", "ts":"4424624988", "pid":"1", "tid":"cice"},
{"name":"ModelAdvance", "ph":"E", "ts":"4425105284", "pid":"1", "tid":"cice"},
{"name":"ModelAdvance", "ph":"B", "ts":"4425211433", "pid":"1", "tid":"cice"},
{"name":"ModelAdvance", "ph":"E", "ts":"4425690340", "pid":"1", "tid":"cice"},
{"name":"ModelAdvance", "ph":"B", "ts":"4425829048", "pid":"1", "tid":"cice"},
{"name":"ModelAdvance", "ph":"E", "ts":"4426303458", "pid":"1", "tid":"cice"},
{"name":"ModelAdvance", "ph":"B", "ts":"4426423767", "pid":"1", "tid":"cice"},
{"name":"ModelAdvance", "ph":"E", "ts":"4426900818", "pid":"1", "tid":"cice"},
{"name":"ModelAdvance", "ph":"B", "ts":"4427011816", "pid":"1", "tid":"cice"},
{"name":"ModelAdvance", "ph":"E", "ts":"4427480335", "pid":"1", "tid":"cice"},
{"name":"ModelAdvance", "ph":"B", "ts":"4427600765", "pid":"1", "tid":"cice"},
{"name":"ModelAdvance", "ph":"E", "ts":"4428068011", "pid":"1", "tid":"cice"},
{"name":"ModelAdvance", "ph":"B", "ts":"4428188417", "pid":"1", "tid":"cice"},
{"name":"ModelAdvance", "ph":"E", "ts":"4428665925", "pid":"1", "tid":"cice"},
{"name":"ModelAdvance", "ph":"B", "ts":"4428785620", "pid":"1", "tid":"cice"},
{"name":"ModelAdvance", "ph":"E", "ts":"4429252720", "pid":"1", "tid":"cice"},
{"name":"ModelAdvance", "ph":"B", "ts":"4429391045", "pid":"1", "tid":"cice"},
{"name":"ModelAdvance", "ph":"E", "ts":"4429863795", "pid":"1", "tid":"cice"},
{"name":"ModelAdvance", "ph":"B", "ts":"4429992351", "pid":"1", "tid":"cice"},
{"name":"ModelAdvance", "ph":"E", "ts":"4430468734", "pid":"1", "tid":"cice"},
{"name":"ModelAdvance", "ph":"B", "ts":"4430576202", "pid":"1", "tid":"cice"},
{"name":"ModelAdvance", "ph":"E", "ts":"4431043275", "pid":"1", "tid":"cice"},
{"name":"ModelAdvance", "ph":"B", "ts":"4431161716", "pid":"1", "tid":"cice"},
{"name":"ModelAdvance", "ph":"E", "ts":"4431640338", "pid":"1", "tid":"cice"},
{"name":"ModelAdvance", "ph":"B", "ts":"4431760961", "pid":"1", "tid":"cice"},
{"name":"ModelAdvance", "ph":"E", "ts":"4432237815", "pid":"1", "tid":"cice"},
{"name":"ModelAdvance", "ph":"B", "ts":"4432344291", "pid":"1", "tid":"cice"},
{"name":"ModelAdvance", "ph":"E", "ts":"4432819456", "pid":"1", "tid":"cice"},
{"name":"ModelAdvance", "ph":"B", "ts":"4432934590", "pid":"1", "tid":"cice"},
{"name":"ModelAdvance", "ph":"E", "ts":"4433409649", "pid":"1", "tid":"cice"},
{"name":"ModelAdvance", "ph":"B", "ts":"4433521388", "pid":"1", "tid":"cice"},
{"name":"ModelAdvance", "ph":"E", "ts":"4433998769", "pid":"1", "tid":"cice"},
{"name":"ModelAdvance", "ph":"B", "ts":"4434104924", "pid":"1", "tid":"cice"},
{"name":"ModelAdvance", "ph":"E", "ts":"4434571795", "pid":"1", "tid":"cice"},
{"name":"ModelAdvance", "ph":"B", "ts":"4434689419", "pid":"1", "tid":"cice"},
{"name":"ModelAdvance", "ph":"E", "ts":"4435160874", "pid":"1", "tid":"cice"},
{"name":"ModelAdvance", "ph":"B", "ts":"4435271895", "pid":"1", "tid":"cice"},
{"name":"ModelAdvance", "ph":"E", "ts":"4435747828", "pid":"1", "tid":"cice"},
{"name":"ModelAdvance", "ph":"B", "ts":"4435866818", "pid":"1", "tid":"cice"},
{"name":"ModelAdvance", "ph":"E", "ts":"4436337452", "pid":"1", "tid":"cice"},
{"name":"ModelAdvance", "ph":"B", "ts":"4437057101", "pid":"1", "tid":"cice"},
{"name":"ModelAdvance", "ph":"E", "ts":"4437538170", "pid":"1", "tid":"cice"},
{"name":"ModelAdvance", "ph":"B", "ts":"4437653189", "pid":"1", "tid":"cice"},
{"name":"ModelAdvance", "ph":"E", "ts":"4438125874", "pid":"1", "tid":"cice"},
{"name":"ModelAdvance", "ph":"B", "ts":"4438235262", "pid":"1", "tid":"cice"},
{"name":"ModelAdvance", "ph":"E", "ts":"4438716561", "pid":"1", "tid":"cice"},
{"name":"ModelAdvance", "ph":"B", "ts":"4438818764", "pid":"1", "tid":"cice"},
{"name":"ModelAdvance", "ph":"E", "ts":"4439283796", "pid":"1", "tid":"cice"},
{"name":"ModelAdvance", "ph":"B", "ts":"4439403135", "pid":"1", "tid":"cice"},
{"name":"ModelAdvance", "ph":"E", "ts":"4439873799", "pid":"1", "tid":"cice"},
{"name":"ModelAdvance", "ph":"B", "ts":"4439992889", "pid":"1", "tid":"cice"},
{"name":"ModelAdvance", "ph":"E", "ts":"4440462855", "pid":"1", "tid":"cice"},
{"name":"ModelAdvance", "ph":"B", "ts":"4440572855", "pid":"1", "tid":"cice"},
{"name":"ModelAdvance", "ph":"E", "ts":"4441039996", "pid":"1", "tid":"cice"},
{"name":"ModelAdvance", "ph":"B", "ts":"4441154491", "pid":"1", "tid":"cice"},
{"name":"ModelAdvance", "ph":"E", "ts":"4441626305", "pid":"1", "tid":"cice"},
{"name":"ModelAdvance", "ph":"B", "ts":"4441736494", "pid":"1", "tid":"cice"},
{"name":"ModelAdvance", "ph":"E", "ts":"4442205006", "pid":"1", "tid":"cice"},
{"name":"ModelAdvance", "ph":"B", "ts":"4442321719", "pid":"1", "tid":"cice"},
{"name":"ModelAdvance", "ph":"E", "ts":"4442796152", "pid":"1", "tid":"cice"},
{"name":"ModelAdvance", "ph":"B", "ts":"4442902164", "pid":"1", "tid":"cice"},
{"name":"ModelAdvance", "ph":"E", "ts":"4443380896", "pid":"1", "tid":"cice"},
{"name":"ModelAdvance", "ph":"B", "ts":"4443498272", "pid":"1", "tid":"cice"},
{"name":"ModelAdvance", "ph":"E", "ts":"4443967007", "pid":"1", "tid":"cice"},
{"name":"ModelAdvance", "ph":"B", "ts":"4444076264", "pid":"1", "tid":"cice"},
{"name":"ModelAdvance", "ph":"E", "ts":"4444547503", "pid":"1", "tid":"cice"},
{"name":"ModelAdvance", "ph":"B", "ts":"4444659676", "pid":"1", "tid":"cice"},
{"name":"ModelAdvance", "ph":"E", "ts":"4445127212", "pid":"1", "tid":"cice"},
{"name":"ModelAdvance", "ph":"B", "ts":"4445238881", "pid":"1", "tid":"cice"},
{"name":"ModelAdvance", "ph":"E", "ts":"4445711018", "pid":"1", "tid":"cice"},
{"name":"ModelAdvance", "ph":"B", "ts":"4445819112", "pid":"1", "tid":"cice"},
{"name":"ModelAdvance", "ph":"E", "ts":"4446293083", "pid":"1", "tid":"cice"},
{"name":"ModelAdvance", "ph":"B", "ts":"4446405866", "pid":"1", "tid":"cice"},
{"name":"ModelAdvance", "ph":"E", "ts":"4446876285", "pid":"1", "tid":"cice"},
{"name":"ModelAdvance", "ph":"B", "ts":"4446985627", "pid":"1", "tid":"cice"},
{"name":"ModelAdvance", "ph":"E", "ts":"4447451398", "pid":"1", "tid":"cice"},
{"name":"ModelAdvance", "ph":"B", "ts":"4447574943", "pid":"1", "tid":"cice"},
{"name":"ModelAdvance", "ph":"E", "ts":"4448040964", "pid":"1", "tid":"cice"},
{"name":"ModelAdvance", "ph":"B", "ts":"4448153421", "pid":"1", "tid":"cice"},
{"name":"ModelAdvance", "ph":"E", "ts":"4448624785", "pid":"1", "tid":"cice"},
{"name":"ModelAdvance", "ph":"B", "ts":"4448735864", "pid":"1", "tid":"cice"},
{"name":"ModelAdvance", "ph":"E", "ts":"4449205331", "pid":"1", "tid":"cice"},
{"name":"ModelAdvance", "ph":"B", "ts":"4449317255", "pid":"1", "tid":"cice"},
{"name":"ModelAdvance", "ph":"E", "ts":"4449785873", "pid":"1", "tid":"cice"},
{"name":"ModelAdvance", "ph":"B", "ts":"4449902094", "pid":"1", "tid":"cice"},
{"name":"ModelAdvance", "ph":"E", "ts":"4450369697", "pid":"1", "tid":"cice"},
{"name":"ModelAdvance", "ph":"B", "ts":"4450505422", "pid":"1", "tid":"cice"},
{"name":"ModelAdvance", "ph":"E", "ts":"4450975228", "pid":"1", "tid":"cice"},
{"name":"ModelAdvance", "ph":"B", "ts":"4451769248", "pid":"1", "tid":"cice"},
{"name":"ModelAdvance", "ph":"E", "ts":"4452229823", "pid":"1", "tid":"cice"},
{"name":"ModelAdvance", "ph":"B", "ts":"4452350807", "pid":"1", "tid":"cice"},
{"name":"ModelAdvance", "ph":"E", "ts":"4452816585", "pid":"1", "tid":"cice"},
{"name":"ModelAdvance", "ph":"B", "ts":"4452930482", "pid":"1", "tid":"cice"},
{"name":"ModelAdvance", "ph":"E", "ts":"4453407704", "pid":"1", "tid":"cice"},
{"name":"ModelAdvance", "ph":"B", "ts":"4453516036", "pid":"1", "tid":"cice"},
{"name":"ModelAdvance", "ph":"E", "ts":"4453986026", "pid":"1", "tid":"cice"},
{"name":"ModelAdvance", "ph":"B", "ts":"4454099747", "pid":"1", "tid":"cice"},
{"name":"ModelAdvance", "ph":"E", "ts":"4454569482", "pid":"1", "tid":"cice"},
{"name":"ModelAdvance", "ph":"B", "ts":"4454695621", "pid":"1", "tid":"cice"},
{"name":"ModelAdvance", "ph":"E", "ts":"4455164666", "pid":"1", "tid":"cice"},
{"name":"ModelAdvance", "ph":"B", "ts":"4455282908", "pid":"1", "tid":"cice"},
{"name":"ModelAdvance", "ph":"E", "ts":"4455753259", "pid":"1", "tid":"cice"},
{"name":"ModelAdvance", "ph":"B", "ts":"4455874593", "pid":"1", "tid":"cice"},
{"name":"ModelAdvance", "ph":"E", "ts":"4456348329", "pid":"1", "tid":"cice"},
{"name":"ModelAdvance", "ph":"B", "ts":"4456458089", "pid":"1", "tid":"cice"},
{"name":"ModelAdvance", "ph":"E", "ts":"4456917318", "pid":"1", "tid":"cice"},
{"name":"ModelAdvance", "ph":"B", "ts":"4457037132", "pid":"1", "tid":"cice"},
{"name":"ModelAdvance", "ph":"E", "ts":"4457516371", "pid":"1", "tid":"cice"},
{"name":"ModelAdvance", "ph":"B", "ts":"4457627155", "pid":"1", "tid":"cice"},
{"name":"ModelAdvance", "ph":"E", "ts":"4458099947", "pid":"1", "tid":"cice"},
{"name":"ModelAdvance", "ph":"B", "ts":"4458217776", "pid":"1", "tid":"cice"},
{"name":"ModelAdvance", "ph":"E", "ts":"4458684978", "pid":"1", "tid":"cice"},
{"name":"ModelAdvance", "ph":"B", "ts":"4458802831", "pid":"1", "tid":"cice"},
{"name":"ModelAdvance", "ph":"E", "ts":"4459283430", "pid":"1", "tid":"cice"},
{"name":"ModelAdvance", "ph":"B", "ts":"4459381841", "pid":"1", "tid":"cice"},
{"name":"ModelAdvance", "ph":"E", "ts":"4459854740", "pid":"1", "tid":"cice"},
{"name":"ModelAdvance", "ph":"B", "ts":"4459963643", "pid":"1", "tid":"cice"},
{"name":"ModelAdvance", "ph":"E", "ts":"4460434669", "pid":"1", "tid":"cice"},
{"name":"ModelAdvance", "ph":"B", "ts":"4460545648", "pid":"1", "tid":"cice"},
{"name":"ModelAdvance", "ph":"E", "ts":"4461014294", "pid":"1", "tid":"cice"},
{"name":"ModelAdvance", "ph":"B", "ts":"4461131808", "pid":"1", "tid":"cice"},
{"name":"ModelAdvance", "ph":"E", "ts":"4461600820", "pid":"1", "tid":"cice"},
{"name":"ModelAdvance", "ph":"B", "ts":"4461717659", "pid":"1", "tid":"cice"},
{"name":"ModelAdvance", "ph":"E", "ts":"4462183016", "pid":"1", "tid":"cice"},
{"name":"ModelAdvance", "ph":"B", "ts":"4462301299", "pid":"1", "tid":"cice"},
{"name":"ModelAdvance", "ph":"E", "ts":"4462774401", "pid":"1", "tid":"cice"},
{"name":"ModelAdvance", "ph":"B", "ts":"4462878979", "pid":"1", "tid":"cice"},
{"name":"ModelAdvance", "ph":"E", "ts":"4463345439", "pid":"1", "tid":"cice"},
{"name":"ModelAdvance", "ph":"B", "ts":"4463459866", "pid":"1", "tid":"cice"},
{"name":"ModelAdvance", "ph":"E", "ts":"4463935016", "pid":"1", "tid":"cice"},
{"name":"ModelAdvance", "ph":"B", "ts":"4464051497", "pid":"1", "tid":"cice"},
{"name":"ModelAdvance", "ph":"E", "ts":"4464522116", "pid":"1", "tid":"cice"},
{"name":"ModelAdvance", "ph":"B", "ts":"4464660951", "pid":"1", "tid":"cice"},
{"name":"ModelAdvance", "ph":"E", "ts":"4465222360", "pid":"1", "tid":"cice"},
{"name":"ModelAdvance", "ph":"B", "ts":"4465276679", "pid":"1", "tid":"cice"},
{"name":"ModelAdvance", "ph":"E", "ts":"4465745334", "pid":"1", "tid":"cice"},
{"name":"ModelAdvance", "ph":"B", "ts":"4466494947", "pid":"1", "tid":"cice"},
{"name":"ModelAdvance", "ph":"E", "ts":"4466963864", "pid":"1", "tid":"cice"},
{"name":"ModelAdvance", "ph":"B", "ts":"4467075121", "pid":"1", "tid":"cice"},
{"name":"ModelAdvance", "ph":"E", "ts":"4467544063", "pid":"1", "tid":"cice"},
{"name":"ModelAdvance", "ph":"B", "ts":"4467656943", "pid":"1", "tid":"cice"},
{"name":"ModelAdvance", "ph":"E", "ts":"4468123362", "pid":"1", "tid":"cice"},
{"name":"ModelAdvance", "ph":"B", "ts":"4468239475", "pid":"1", "tid":"cice"},
{"name":"ModelAdvance", "ph":"E", "ts":"4468707968", "pid":"1", "tid":"cice"},
{"name":"ModelAdvance", "ph":"B", "ts":"4468820691", "pid":"1", "tid":"cice"},
{"name":"ModelAdvance", "ph":"E", "ts":"4469291291", "pid":"1", "tid":"cice"},
{"name":"ModelAdvance", "ph":"B", "ts":"4469406128", "pid":"1", "tid":"cice"},
{"name":"ModelAdvance", "ph":"E", "ts":"4469873797", "pid":"1", "tid":"cice"},
{"name":"ModelAdvance", "ph":"B", "ts":"4470004769", "pid":"1", "tid":"cice"},
{"name":"ModelAdvance", "ph":"E", "ts":"4470481606", "pid":"1", "tid":"cice"},
{"name":"ModelAdvance", "ph":"B", "ts":"4470592103", "pid":"1", "tid":"cice"},
{"name":"ModelAdvance", "ph":"E", "ts":"4471060149", "pid":"1", "tid":"cice"},
{"name":"ModelAdvance", "ph":"B", "ts":"4471179004", "pid":"1", "tid":"cice"},
{"name":"ModelAdvance", "ph":"E", "ts":"4471645297", "pid":"1", "tid":"cice"},
{"name":"ModelAdvance", "ph":"B", "ts":"4471761532", "pid":"1", "tid":"cice"},
{"name":"ModelAdvance", "ph":"E", "ts":"4472229082", "pid":"1", "tid":"cice"},
{"name":"ModelAdvance", "ph":"B", "ts":"4472344174", "pid":"1", "tid":"cice"},
{"name":"ModelAdvance", "ph":"E", "ts":"4472821456", "pid":"1", "tid":"cice"},
{"name":"ModelAdvance", "ph":"B", "ts":"4472962499", "pid":"1", "tid":"cice"},
{"name":"ModelAdvance", "ph":"E", "ts":"4473431153", "pid":"1", "tid":"cice"},
{"name":"ModelAdvance", "ph":"B", "ts":"4473551252", "pid":"1", "tid":"cice"},
{"name":"ModelAdvance", "ph":"E", "ts":"4474023324", "pid":"1", "tid":"cice"},
{"name":"ModelAdvance", "ph":"B", "ts":"4474136666", "pid":"1", "tid":"cice"},
{"name":"ModelAdvance", "ph":"E", "ts":"4474611123", "pid":"1", "tid":"cice"},
{"name":"ModelAdvance", "ph":"B", "ts":"4474723671", "pid":"1", "tid":"cice"},
{"name":"ModelAdvance", "ph":"E", "ts":"4475195565", "pid":"1", "tid":"cice"},
{"name":"ModelAdvance", "ph":"B", "ts":"4475312866", "pid":"1", "tid":"cice"},
{"name":"ModelAdvance", "ph":"E", "ts":"4475781383", "pid":"1", "tid":"cice"},
{"name":"ModelAdvance", "ph":"B", "ts":"4475893241", "pid":"1", "tid":"cice"},
{"name":"ModelAdvance", "ph":"E", "ts":"4476364676", "pid":"1", "tid":"cice"},
{"name":"ModelAdvance", "ph":"B", "ts":"4476475698", "pid":"1", "tid":"cice"},
{"name":"ModelAdvance", "ph":"E", "ts":"4476947644", "pid":"1", "tid":"cice"},
{"name":"ModelAdvance", "ph":"B", "ts":"4477061209", "pid":"1", "tid":"cice"},
{"name":"ModelAdvance", "ph":"E", "ts":"4477527597", "pid":"1", "tid":"cice"},
{"name":"ModelAdvance", "ph":"B", "ts":"4477642376", "pid":"1", "tid":"cice"},
{"name":"ModelAdvance", "ph":"E", "ts":"4478108706", "pid":"1", "tid":"cice"},
{"name":"ModelAdvance", "ph":"B", "ts":"4478252193", "pid":"1", "tid":"cice"},
{"name":"ModelAdvance", "ph":"E", "ts":"4478727650", "pid":"1", "tid":"cice"},
{"name":"ModelAdvance", "ph":"B", "ts":"4478837050", "pid":"1", "tid":"cice"},
{"name":"ModelAdvance", "ph":"E", "ts":"4479313058", "pid":"1", "tid":"cice"},
{"name":"ModelAdvance", "ph":"B", "ts":"4479417556", "pid":"1", "tid":"cice"},
{"name":"ModelAdvance", "ph":"E", "ts":"4479893708", "pid":"1", "tid":"cice"},
{"name":"ModelAdvance", "ph":"B", "ts":"4480116050", "pid":"1", "tid":"cice"},
{"name":"ModelAdvance", "ph":"E", "ts":"4480595765", "pid":"1", "tid":"cice"},
{"name":"ModelAdvance", "ph":"B", "ts":"4481353040", "pid":"1", "tid":"cice"},
{"name":"ModelAdvance", "ph":"E", "ts":"4481822187", "pid":"1", "tid":"cice"},
{"name":"ModelAdvance", "ph":"B", "ts":"4481938436", "pid":"1", "tid":"cice"},
{"name":"ModelAdvance", "ph":"E", "ts":"4482406710", "pid":"1", "tid":"cice"},
{"name":"ModelAdvance", "ph":"B", "ts":"4482523627", "pid":"1", "tid":"cice"},
{"name":"ModelAdvance", "ph":"E", "ts":"4482996280", "pid":"1", "tid":"cice"},
{"name":"ModelAdvance", "ph":"B", "ts":"4483108400", "pid":"1", "tid":"cice"},
{"name":"ModelAdvance", "ph":"E", "ts":"4483575082", "pid":"1", "tid":"cice"},
{"name":"ModelAdvance", "ph":"B", "ts":"4483687097", "pid":"1", "tid":"cice"},
{"name":"ModelAdvance", "ph":"E", "ts":"4484151996", "pid":"1", "tid":"cice"},
{"name":"ModelAdvance", "ph":"B", "ts":"4484273329", "pid":"1", "tid":"cice"},
{"name":"ModelAdvance", "ph":"E", "ts":"4484742468", "pid":"1", "tid":"cice"},
{"name":"ModelAdvance", "ph":"B", "ts":"4484855274", "pid":"1", "tid":"cice"},
{"name":"ModelAdvance", "ph":"E", "ts":"4485326671", "pid":"1", "tid":"cice"},
{"name":"ModelAdvance", "ph":"B", "ts":"4485437608", "pid":"1", "tid":"cice"},
{"name":"ModelAdvance", "ph":"E", "ts":"4485907056", "pid":"1", "tid":"cice"},
{"name":"ModelAdvance", "ph":"B", "ts":"4486020727", "pid":"1", "tid":"cice"},
{"name":"ModelAdvance", "ph":"E", "ts":"4486488327", "pid":"1", "tid":"cice"},
{"name":"ModelAdvance", "ph":"B", "ts":"4486602615", "pid":"1", "tid":"cice"},
{"name":"ModelAdvance", "ph":"E", "ts":"4487074392", "pid":"1", "tid":"cice"},
{"name":"ModelAdvance", "ph":"B", "ts":"4487183865", "pid":"1", "tid":"cice"},
{"name":"ModelAdvance", "ph":"E", "ts":"4487655968", "pid":"1", "tid":"cice"},
{"name":"ModelAdvance", "ph":"B", "ts":"4487779966", "pid":"1", "tid":"cice"},
{"name":"ModelAdvance", "ph":"E", "ts":"4488247379", "pid":"1", "tid":"cice"},
{"name":"ModelAdvance", "ph":"B", "ts":"4488361830", "pid":"1", "tid":"cice"},
{"name":"ModelAdvance", "ph":"E", "ts":"4488838828", "pid":"1", "tid":"cice"},
{"name":"ModelAdvance", "ph":"B", "ts":"4488943757", "pid":"1", "tid":"cice"},
{"name":"ModelAdvance", "ph":"E", "ts":"4489415903", "pid":"1", "tid":"cice"},
{"name":"ModelAdvance", "ph":"B", "ts":"4489564883", "pid":"1", "tid":"cice"},
{"name":"ModelAdvance", "ph":"E", "ts":"4490036067", "pid":"1", "tid":"cice"},
{"name":"ModelAdvance", "ph":"B", "ts":"4490147371", "pid":"1", "tid":"cice"},
{"name":"ModelAdvance", "ph":"E", "ts":"4490612383", "pid":"1", "tid":"cice"},
{"name":"ModelAdvance", "ph":"B", "ts":"4490729589", "pid":"1", "tid":"cice"},
{"name":"ModelAdvance", "ph":"E", "ts":"4491208556", "pid":"1", "tid":"cice"},
{"name":"ModelAdvance", "ph":"B", "ts":"4491315630", "pid":"1", "tid":"cice"},
{"name":"ModelAdvance", "ph":"E", "ts":"4491793578", "pid":"1", "tid":"cice"},
{"name":"ModelAdvance", "ph":"B", "ts":"4491908419", "pid":"1", "tid":"cice"},
{"name":"ModelAdvance", "ph":"E", "ts":"4492380387", "pid":"1", "tid":"cice"},
{"name":"ModelAdvance", "ph":"B", "ts":"4492497015", "pid":"1", "tid":"cice"},
{"name":"ModelAdvance", "ph":"E", "ts":"4492967386", "pid":"1", "tid":"cice"},
{"name":"ModelAdvance", "ph":"B", "ts":"4493079707", "pid":"1", "tid":"cice"},
{"name":"ModelAdvance", "ph":"E", "ts":"4493553607", "pid":"1", "tid":"cice"},
{"name":"ModelAdvance", "ph":"B", "ts":"4493663936", "pid":"1", "tid":"cice"},
{"name":"ModelAdvance", "ph":"E", "ts":"4494132710", "pid":"1", "tid":"cice"},
{"name":"ModelAdvance", "ph":"B", "ts":"4494247766", "pid":"1", "tid":"cice"},
{"name":"ModelAdvance", "ph":"E", "ts":"4494716176", "pid":"1", "tid":"cice"},
{"name":"ModelAdvance", "ph":"B", "ts":"4495028069", "pid":"1", "tid":"cice"},
{"name":"ModelAdvance", "ph":"E", "ts":"4495506117", "pid":"1", "tid":"cice"},
{"name":"ModelAdvance", "ph":"B", "ts":"4496306622", "pid":"1", "tid":"cice"},
{"name":"ModelAdvance", "ph":"E", "ts":"4496778607", "pid":"1", "tid":"cice"},
{"name":"ModelAdvance", "ph":"B", "ts":"4496907233", "pid":"1", "tid":"cice"},
{"name":"ModelAdvance", "ph":"E", "ts":"4497378848", "pid":"1", "tid":"cice"},
{"name":"ModelAdvance", "ph":"B", "ts":"4497497773", "pid":"1", "tid":"cice"},
{"name":"ModelAdvance", "ph":"E", "ts":"4497964217", "pid":"1", "tid":"cice"},
{"name":"ModelAdvance", "ph":"B", "ts":"4498083220", "pid":"1", "tid":"cice"},
{"name":"ModelAdvance", "ph":"E", "ts":"4498550956", "pid":"1", "tid":"cice"},
{"name":"ModelAdvance", "ph":"B", "ts":"4498672632", "pid":"1", "tid":"cice"},
{"name":"ModelAdvance", "ph":"E", "ts":"4499146320", "pid":"1", "tid":"cice"},
{"name":"ModelAdvance", "ph":"B", "ts":"4499264797", "pid":"1", "tid":"cice"},
{"name":"ModelAdvance", "ph":"E", "ts":"4499732191", "pid":"1", "tid":"cice"},
{"name":"ModelAdvance", "ph":"B", "ts":"4499853858", "pid":"1", "tid":"cice"},
{"name":"ModelAdvance", "ph":"E", "ts":"4500328871", "pid":"1", "tid":"cice"},
{"name":"ModelAdvance", "ph":"B", "ts":"4500441539", "pid":"1", "tid":"cice"},
{"name":"ModelAdvance", "ph":"E", "ts":"4500909795", "pid":"1", "tid":"cice"},
{"name":"ModelAdvance", "ph":"B", "ts":"4501036443", "pid":"1", "tid":"cice"},
{"name":"ModelAdvance", "ph":"E", "ts":"4501508350", "pid":"1", "tid":"cice"},
{"name":"ModelAdvance", "ph":"B", "ts":"4501631647", "pid":"1", "tid":"cice"},
{"name":"ModelAdvance", "ph":"E", "ts":"4502093620", "pid":"1", "tid":"cice"},
{"name":"ModelAdvance", "ph":"B", "ts":"4502219383", "pid":"1", "tid":"cice"},
{"name":"ModelAdvance", "ph":"E", "ts":"4502686323", "pid":"1", "tid":"cice"},
{"name":"ModelAdvance", "ph":"B", "ts":"4502819143", "pid":"1", "tid":"cice"},
{"name":"ModelAdvance", "ph":"E", "ts":"4503295402", "pid":"1", "tid":"cice"},
{"name":"ModelAdvance", "ph":"B", "ts":"4503411863", "pid":"1", "tid":"cice"},
{"name":"ModelAdvance", "ph":"E", "ts":"4503882964", "pid":"1", "tid":"cice"},
{"name":"ModelAdvance", "ph":"B", "ts":"4504005274", "pid":"1", "tid":"cice"},
{"name":"ModelAdvance", "ph":"E", "ts":"4504476793", "pid":"1", "tid":"cice"},
{"name":"ModelAdvance", "ph":"B", "ts":"4504591333", "pid":"1", "tid":"cice"},
{"name":"ModelAdvance", "ph":"E", "ts":"4505066310", "pid":"1", "tid":"cice"},
{"name":"ModelAdvance", "ph":"B", "ts":"4505188433", "pid":"1", "tid":"cice"},
{"name":"ModelAdvance", "ph":"E", "ts":"4505659160", "pid":"1", "tid":"cice"},
{"name":"ModelAdvance", "ph":"B", "ts":"4505790270", "pid":"1", "tid":"cice"},
{"name":"ModelAdvance", "ph":"E", "ts":"4506259754", "pid":"1", "tid":"cice"},
{"name":"ModelAdvance", "ph":"B", "ts":"4506382307", "pid":"1", "tid":"cice"},
{"name":"ModelAdvance", "ph":"E", "ts":"4506854851", "pid":"1", "tid":"cice"},
{"name":"ModelAdvance", "ph":"B", "ts":"4506976506", "pid":"1", "tid":"cice"},
{"name":"ModelAdvance", "ph":"E", "ts":"4507443827", "pid":"1", "tid":"cice"},
{"name":"ModelAdvance", "ph":"B", "ts":"4507566602", "pid":"1", "tid":"cice"},
{"name":"ModelAdvance", "ph":"E", "ts":"4508038041", "pid":"1", "tid":"cice"},
{"name":"ModelAdvance", "ph":"B", "ts":"4508157993", "pid":"1", "tid":"cice"},
{"name":"ModelAdvance", "ph":"E", "ts":"4508627060", "pid":"1", "tid":"cice"},
{"name":"ModelAdvance", "ph":"B", "ts":"4508750403", "pid":"1", "tid":"cice"},
{"name":"ModelAdvance", "ph":"E", "ts":"4509220626", "pid":"1", "tid":"cice"},
{"name":"ModelAdvance", "ph":"B", "ts":"4509346925", "pid":"1", "tid":"cice"},
{"name":"ModelAdvance", "ph":"E", "ts":"4509817539", "pid":"1", "tid":"cice"},
{"name":"ModelFinalize", "ph":"B", "ts":"4509821035", "pid":"1", "tid":"cice"},
{"name":"ModelFinalize", "ph":"E", "ts":"4509821105", "pid":"1", "tid":"cice"},
