{"name":"SetServices", "ph":"B", "ts":"3091556047", "pid":"1", "tid":"cice"},
{"name":"SetServices", "ph":"E", "ts":"3091558249", "pid":"1", "tid":"cice"},
{"name":"InitializeP0", "ph":"B", "ts":"3092481374", "pid":"1", "tid":"cice"},
{"name":"InitializeP0", "ph":"E", "ts":"3092481498", "pid":"1", "tid":"cice"},
{"name":"InitializeAdvertise", "ph":"B", "ts":"3132875616", "pid":"1", "tid":"cice"},
{"name":"InitializeAdvertise", "ph":"E", "ts":"3141431781", "pid":"1", "tid":"cice"},
{"name":"InitializeRealize", "ph":"B", "ts":"3328946708", "pid":"1", "tid":"cice"},
{"name":"InitializeRealize", "ph":"E", "ts":"3339524432", "pid":"1", "tid":"cice"},
{"name":"ModelAdvance", "ph":"B", "ts":"3407202245", "pid":"1", "tid":"cice"},
{"name":"ModelAdvance", "ph":"E", "ts":"3407972353", "pid":"1", "tid":"cice"},
{"name":"ModelAdvance", "ph":"B", "ts":"3411442788", "pid":"1", "tid":"cice"},
{"name":"ModelAdvance", "ph":"E", "ts":"3411926779", "pid":"1", "tid":"cice"},
{"name":"ModelAdvance", "ph":"B", "ts":"3412078846", "pid":"1", "tid":"cice"},
{"name":"ModelAdvance", "ph":"E", "ts":"3412555931", "pid":"1", "tid":"cice"},
{"name":"ModelAdvance", "ph":"B", "ts":"3412682893", "pid":"1", "tid":"cice"},
{"name":"ModelAdvance", "ph":"E", "ts":"3413162384", "pid":"1", "tid":"cice"},
{"name":"ModelAdvance", "ph":"B", "ts":"3413301026", "pid":"1", "tid":"cice"},
{"name":"ModelAdvance", "ph":"E", "ts":"3413778309", "pid":"1", "tid":"cice"},
{"name":"ModelAdvance", "ph":"B", "ts":"3413927718", "pid":"1", "tid":"cice"},
{"name":"ModelAdvance", "ph":"E", "ts":"3414405448", "pid":"1", "tid":"cice"},
{"name":"ModelAdvance", "ph":"B", "ts":"3414532149", "pid":"1", "tid":"cice"},
{"name":"ModelAdvance", "ph":"E", "ts":"3415009919", "pid":"1", "tid":"cice"},
{"name":"ModelAdvance", "ph":"B", "ts":"3415161350", "pid":"1", "tid":"cice"},
{"name":"ModelAdvance", "ph":"E", "ts":"3415656579", "pid":"1", "tid":"cice"},
{"name":"ModelAdvance", "ph":"B", "ts":"3415767748", "pid":"1", "tid":"cice"},
{"name":"ModelAdvance", "ph":"E", "ts":"3416254341", "pid":"1", "tid":"cice"},
{"name":"ModelAdvance", "ph":"B", "ts":"3416371198", "pid":"1", "tid":"cice"},
{"name":"ModelAdvance", "ph":"E", "ts":"3416842659", "pid":"1", "tid":"cice"},
{"name":"ModelAdvance", "ph":"B", "ts":"3416969300", "pid":"1", "tid":"cice"},
{"name":"ModelAdvance", "ph":"E", "ts":"3417452370", "pid":"1", "tid":"cice"},
{"name":"ModelAdvance", "ph":"B", "ts":"3417565822", "pid":"1", "tid":"cice"},
{"name":"ModelAdvance", "ph":"E", "ts":"3418043715", "pid":"1", "tid":"cice"},
{"name":"ModelAdvance", "ph":"B", "ts":"3419769447", "pid":"1", "tid":"cice"},
{"name":"ModelAdvance", "ph":"E", "ts":"3420244105", "pid":"1", "tid":"cice"},
{"name":"ModelAdvance", "ph":"B", "ts":"3420362210", "pid":"1", "tid":"cice"},
{"name":"ModelAdvance", "ph":"E", "ts":"3420841228", "pid":"1", "tid":"cice"},
{"name":"ModelAdvance", "ph":"B", "ts":"3420958915", "pid":"1", "tid":"cice"},
{"name":"ModelAdvance", "ph":"E", "ts":"3421435987", "pid":"1", "tid":"cice"},
{"name":"ModelAdvance", "ph":"B", "ts":"3421571187", "pid":"1", "tid":"cice"},
{"name":"ModelAdvance", "ph":"E", "ts":"3422035224", "pid":"1", "tid":"cice"},
{"name":"ModelAdvance", "ph":"B", "ts":"3422157302", "pid":"1", "tid":"cice"},
{"name":"ModelAdvance", "ph":"E", "ts":"3422639261", "pid":"1", "tid":"cice"},
{"name":"ModelAdvance", "ph":"B", "ts":"3422770580", "pid":"1", "tid":"cice"},
{"name":"ModelAdvance", "ph":"E", "ts":"3423241334", "pid":"1", "tid":"cice"},
{"name":"ModelAdvance", "ph":"B", "ts":"3423379859", "pid":"1", "tid":"cice"},
{"name":"ModelAdvance", "ph":"E", "ts":"3423858313", "pid":"1", "tid":"cice"},
{"name":"ModelAdvance", "ph":"B", "ts":"3423975571", "pid":"1", "tid":"cice"},
{"name":"ModelAdvance", "ph":"E", "ts":"3424462317", "pid":"1", "tid":"cice"},
{"name":"ModelAdvance", "ph":"B", "ts":"3424588170", "pid":"1", "tid":"cice"},
{"name":"ModelAdvance", "ph":"E", "ts":"3425070719", "pid":"1", "tid":"cice"},
{"name":"ModelAdvance", "ph":"B", "ts":"3425182160", "pid":"1", "tid":"cice"},
{"name":"ModelAdvance", "ph":"E", "ts":"3425653809", "pid":"1", "tid":"cice"},
{"name":"ModelAdvance", "ph":"B", "ts":"3425826858", "pid":"1", "tid":"cice"},
{"name":"ModelAdvance", "ph":"E", "ts":"3426300537", "pid":"1", "tid":"cice"},
{"name":"ModelAdvance", "ph":"B", "ts":"3426431589", "pid":"1", "tid":"cice"},
{"name":"ModelAdvance", "ph":"E", "ts":"3426897596", "pid":"1", "tid":"cice"},
{"name":"ModelAdvance", "ph":"B", "ts":"3433874732", "pid":"1", "tid":"cice"},
{"name":"ModelAdvance", "ph":"E", "ts":"3434337810", "pid":"1", "tid":"cice"},
{"name":"ModelAdvance", "ph":"B", "ts":"3435147668", "pid":"1", "tid":"cice"},
{"name":"ModelAdvance", "ph":"E", "ts":"3435617880", "pid":"1", "tid":"cice"},
{"name":"ModelAdvance", "ph":"B", "ts":"3435746458", "pid":"1", "tid":"cice"},
{"name":"ModelAdvance", "ph":"E", "ts":"3436212490", "pid":"1", "tid":"cice"},
{"name":"ModelAdvance", "ph":"B", "ts":"3436348110", "pid":"1", "tid":"cice"},
{"name":"ModelAdvance", "ph":"E", "ts":"3436817636", "pid":"1", "tid":"cice"},
{"name":"ModelAdvance", "ph":"B", "ts":"3436947147", "pid":"1", "tid":"cice"},
{"name":"ModelAdvance", "ph":"E", "ts":"3437427896", "pid":"1", "tid":"cice"},
{"name":"ModelAdvance", "ph":"B", "ts":"3437550115", "pid":"1", "tid":"cice"},
{"name":"ModelAdvance", "ph":"E", "ts":"3438029536", "pid":"1", "tid":"cice"},
{"name":"ModelAdvance", "ph":"B", "ts":"3438150541", "pid":"1", "tid":"cice"},
{"name":"ModelAdvance", "ph":"E", "ts":"3438627989", "pid":"1", "tid":"cice"},
{"name":"ModelAdvance", "ph":"B", "ts":"3438750283", "pid":"1", "tid":"cice"},
{"name":"ModelAdvance", "ph":"E", "ts":"3439227542", "pid":"1", "tid":"cice"},
{"name":"ModelAdvance", "ph":"B", "ts":"3439357345", "pid":"1", "tid":"cice"},
{"name":"ModelAdvance", "ph":"E", "ts":"3439837544", "pid":"1", "tid":"cice"},
{"name":"ModelAdvance", "ph":"B", "ts":"3439955221", "pid":"1", "tid":"cice"},
{"name":"ModelAdvance", "ph":"E", "ts":"3440437310", "pid":"1", "tid":"cice"},
{"name":"ModelAdvance", "ph":"B", "ts":"3440552822", "pid":"1", "tid":"cice"},
{"name":"ModelAdvance", "ph":"E", "ts":"3441030175", "pid":"1", "tid":"cice"},
{"name":"ModelAdvance", "ph":"B", "ts":"3441159946", "pid":"1", "tid":"cice"},
{"name":"ModelAdvance", "ph":"E", "ts":"3441635842", "pid":"1", "tid":"cice"},
{"name":"ModelAdvance", "ph":"B", "ts":"3448390129", "pid":"1", "tid":"cice"},
{"name":"ModelAdvance", "ph":"E", "ts":"3448865976", "pid":"1", "tid":"cice"},
{"name":"ModelAdvance", "ph":"B", "ts":"3448995979", "pid":"1", "tid":"cice"},
{"name":"ModelAdvance", "ph":"E", "ts":"3449476857", "pid":"1", "tid":"cice"},
{"name":"ModelAdvance", "ph":"B", "ts":"3449600675", "pid":"1", "tid":"cice"},
{"name":"ModelAdvance", "ph":"E", "ts":"3450070616", "pid":"1", "tid":"cice"},
{"name":"ModelAdvance", "ph":"B", "ts":"3450221681", "pid":"1", "tid":"cice"},
{"name":"ModelAdvance", "ph":"E", "ts":"3450696335", "pid":"1", "tid":"cice"},
{"name":"ModelAdvance", "ph":"B", "ts":"3450820483", "pid":"1", "tid":"cice"},
{"name":"ModelAdvance", "ph":"E", "ts":"3451301210", "pid":"1", "tid":"cice"},
{"name":"ModelAdvance", "ph":"B", "ts":"3451422605", "pid":"1", "tid":"cice"},
{"name":"ModelAdvance", "ph":"E", "ts":"3451893251", "pid":"1", "tid":"cice"},
{"name":"ModelAdvance", "ph":"B", "ts":"3452021015", "pid":"1", "tid":"cice"},
{"name":"ModelAdvance", "ph":"E", "ts":"3452503170", "pid":"1", "tid":"cice"},
{"name":"ModelAdvance", "ph":"B", "ts":"3452627196", "pid":"1", "tid":"cice"},
{"name":"ModelAdvance", "ph":"E", "ts":"3453102816", "pid":"1", "tid":"cice"},
{"name":"ModelAdvance", "ph":"B", "ts":"3453220022", "pid":"1", "tid":"cice"},
{"name":"ModelAdvance", "ph":"E", "ts":"3453704705", "pid":"1", "tid":"cice"},
{"name":"ModelAdvance", "ph":"B", "ts":"3453823834", "pid":"1", "tid":"cice"},
{"name":"ModelAdvance", "ph":"E", "ts":"3454299895", "pid":"1", "tid":"cice"},
{"name":"ModelAdvance", "ph":"B", "ts":"3454427836", "pid":"1", "tid":"cice"},
{"name":"ModelAdvance", "ph":"E", "ts":"3454901818", "pid":"1", "tid":"cice"},
{"name":"ModelAdvance", "ph":"B", "ts":"3455035231", "pid":"1", "tid":"cice"},
{"name":"ModelAdvance", "ph":"E", "ts":"3455507316", "pid":"1", "tid":"cice"},
{"name":"ModelAdvance", "ph":"B", "ts":"3461817306", "pid":"1", "tid":"cice"},
{"name":"ModelAdvance", "ph":"E", "ts":"3462309186", "pid":"1", "tid":"cice"},
{"name":"ModelAdvance", "ph":"B", "ts":"3463077509", "pid":"1", "tid":"cice"},
{"name":"ModelAdvance", "ph":"E", "ts":"3463558619", "pid":"1", "tid":"cice"},
{"name":"ModelAdvance", "ph":"B", "ts":"3463684704", "pid":"1", "tid":"cice"},
{"name":"ModelAdvance", "ph":"E", "ts":"3464156265", "pid":"1", "tid":"cice"},
{"name":"ModelAdvance", "ph":"B", "ts":"3464282262", "pid":"1", "tid":"cice"},
{"name":"ModelAdvance", "ph":"E", "ts":"3464756701", "pid":"1", "tid":"cice"},
{"name":"ModelAdvance", "ph":"B", "ts":"3464886440", "pid":"1", "tid":"cice"},
{"name":"ModelAdvance", "ph":"E", "ts":"3465367341", "pid":"1", "tid":"cice"},
{"name":"ModelAdvance", "ph":"B", "ts":"3465485100", "pid":"1", "tid":"cice"},
{"name":"ModelAdvance", "ph":"E", "ts":"3465961290", "pid":"1", "tid":"cice"},
{"name":"ModelAdvance", "ph":"B", "ts":"3466095536", "pid":"1", "tid":"cice"},
{"name":"ModelAdvance", "ph":"E", "ts":"3466572007", "pid":"1", "tid":"cice"},
{"name":"ModelAdvance", "ph":"B", "ts":"3466733018", "pid":"1", "tid":"cice"},
{"name":"ModelAdvance", "ph":"E", "ts":"3467218634", "pid":"1", "tid":"cice"},
{"name":"ModelAdvance", "ph":"B", "ts":"3467337927", "pid":"1", "tid":"cice"},
{"name":"ModelAdvance", "ph":"E", "ts":"3467806757", "pid":"1", "tid":"cice"},
{"name":"ModelAdvance", "ph":"B", "ts":"3467958907", "pid":"1", "tid":"cice"},
{"name":"ModelAdvance", "ph":"E", "ts":"3468443591", "pid":"1", "tid":"cice"},
{"name":"ModelAdvance", "ph":"B", "ts":"3468556942", "pid":"1", "tid":"cice"},
{"name":"ModelAdvance", "ph":"E", "ts":"3469095179", "pid":"1", "tid":"cice"},
{"name":"ModelAdvance", "ph":"B", "ts":"3469210119", "pid":"1", "tid":"cice"},
{"name":"ModelAdvance", "ph":"E", "ts":"3469692394", "pid":"1", "tid":"cice"},
{"name":"ModelAdvance", "ph":"B", "ts":"3473673936", "pid":"1", "tid":"cice"},
{"name":"ModelAdvance", "ph":"E", "ts":"3474151488", "pid":"1", "tid":"cice"},
{"name":"ModelAdvance", "ph":"B", "ts":"3474282403", "pid":"1", "tid":"cice"},
{"name":"ModelAdvance", "ph":"E", "ts":"3474758935", "pid":"1", "tid":"cice"},
{"name":"ModelAdvance", "ph":"B", "ts":"3474874870", "pid":"1", "tid":"cice"},
{"name":"ModelAdvance", "ph":"E", "ts":"3475348788", "pid":"1", "tid":"cice"},
{"name":"ModelAdvance", "ph":"B", "ts":"3475474097", "pid":"1", "tid":"cice"},
{"name":"ModelAdvance", "ph":"E", "ts":"3475945611", "pid":"1", "tid":"cice"},
{"name":"ModelAdvance", "ph":"B", "ts":"3476109479", "pid":"1", "tid":"cice"},
{"name":"ModelAdvance", "ph":"E", "ts":"3476584268", "pid":"1", "tid":"cice"},
{"name":"ModelAdvance", "ph":"B", "ts":"3476715045", "pid":"1", "tid":"cice"},
{"name":"ModelAdvance", "ph":"E", "ts":"3477185833", "pid":"1", "tid":"cice"},
{"name":"ModelAdvance", "ph":"B", "ts":"3477314791", "pid":"1", "tid":"cice"},
{"name":"ModelAdvance", "ph":"E", "ts":"3477795921", "pid":"1", "tid":"cice"},
{"name":"ModelAdvance", "ph":"B", "ts":"3477912810", "pid":"1", "tid":"cice"},
{"name":"ModelAdvance", "ph":"E", "ts":"3478393592", "pid":"1", "tid":"cice"},
{"name":"ModelAdvance", "ph":"B", "ts":"3478518323", "pid":"1", "tid":"cice"},
{"name":"ModelAdvance", "ph":"E", "ts":"3478990183", "pid":"1", "tid":"cice"},
{"name":"ModelAdvance", "ph":"B", "ts":"3479109822", "pid":"1", "tid":"cice"},
{"name":"ModelAdvance", "ph":"E", "ts":"3479583306", "pid":"1", "tid":"cice"},
{"name":"ModelAdvance", "ph":"B", "ts":"3479709528", "pid":"1", "tid":"cice"},
{"name":"ModelAdvance", "ph":"E", "ts":"3480176125", "pid":"1", "tid":"cice"},
{"name":"ModelAdvance", "ph":"B", "ts":"3480308344", "pid":"1", "tid":"cice"},
{"name":"ModelAdvance", "ph":"E", "ts":"3480788378", "pid":"1", "tid":"cice"},
{"name":"ModelAdvance", "ph":"B", "ts":"3495879043", "pid":"1", "tid":"cice"},
{"name":"ModelAdvance", "ph":"E", "ts":"3496352782", "pid":"1", "tid":"cice"},
{"name":"ModelAdvance", "ph":"B", "ts":"3497139702", "pid":"1", "tid":"cice"},
{"name":"ModelAdvance", "ph":"E", "ts":"3497618765", "pid":"1", "tid":"cice"},
{"name":"ModelAdvance", "ph":"B", "ts":"3497743184", "pid":"1", "tid":"cice"},
{"name":"ModelAdvance", "ph":"E", "ts":"3498225068", "pid":"1", "tid":"cice"},
{"name":"ModelAdvance", "ph":"B", "ts":"3498340458", "pid":"1", "tid":"cice"},
{"name":"ModelAdvance", "ph":"E", "ts":"3498818318", "pid":"1", "tid":"cice"},
{"name":"ModelAdvance", "ph":"B", "ts":"3498956315", "pid":"1", "tid":"cice"},
{"name":"ModelAdvance", "ph":"E", "ts":"3499432817", "pid":"1", "tid":"cice"},
{"name":"ModelAdvance", "ph":"B", "ts":"3499567283", "pid":"1", "tid":"cice"},
{"name":"ModelAdvance", "ph":"E", "ts":"3500051044", "pid":"1", "tid":"cice"},
{"name":"ModelAdvance", "ph":"B", "ts":"3500171097", "pid":"1", "tid":"cice"},
{"name":"ModelAdvance", "ph":"E", "ts":"3500642962", "pid":"1", "tid":"cice"},
{"name":"ModelAdvance", "ph":"B", "ts":"3500772122", "pid":"1", "tid":"cice"},
{"name":"ModelAdvance", "ph":"E", "ts":"3501251617", "pid":"1", "tid":"cice"},
{"name":"ModelAdvance", "ph":"B", "ts":"3501376542", "pid":"1", "tid":"cice"},
{"name":"ModelAdvance", "ph":"E", "ts":"3501861835", "pid":"1", "tid":"cice"},
{"name":"ModelAdvance", "ph":"B", "ts":"3501994219", "pid":"1", "tid":"cice"},
{"name":"ModelAdvance", "ph":"E", "ts":"3502466841", "pid":"1", "tid":"cice"},
{"name":"ModelAdvance", "ph":"B", "ts":"3502615989", "pid":"1", "tid":"cice"},
{"name":"ModelAdvance", "ph":"E", "ts":"3503098452", "pid":"1", "tid":"cice"},
{"name":"ModelAdvance", "ph":"B", "ts":"3503226332", "pid":"1", "tid":"cice"},
{"name":"ModelAdvance", "ph":"E", "ts":"3503709444", "pid":"1", "tid":"cice"},
{"name":"ModelAdvance", "ph":"B", "ts":"3504355322", "pid":"1", "tid":"cice"},
{"name":"ModelAdvance", "ph":"E", "ts":"3504831459", "pid":"1", "tid":"cice"},
{"name":"ModelAdvance", "ph":"B", "ts":"3504952475", "pid":"1", "tid":"cice"},
{"name":"ModelAdvance", "ph":"E", "ts":"3505445414", "pid":"1", "tid":"cice"},
{"name":"ModelAdvance", "ph":"B", "ts":"3505552948", "pid":"1", "tid":"cice"},
{"name":"ModelAdvance", "ph":"E", "ts":"3506020164", "pid":"1", "tid":"cice"},
{"name":"ModelAdvance", "ph":"B", "ts":"3506170299", "pid":"1", "tid":"cice"},
{"name":"ModelAdvance", "ph":"E", "ts":"3506642616", "pid":"1", "tid":"cice"},
{"name":"ModelAdvance", "ph":"B", "ts":"3506781338", "pid":"1", "tid":"cice"},
{"name":"ModelAdvance", "ph":"E", "ts":"3507262845", "pid":"1", "tid":"cice"},
{"name":"ModelAdvance", "ph":"B", "ts":"3507430885", "pid":"1", "tid":"cice"},
{"name":"ModelAdvance", "ph":"E", "ts":"3507905347", "pid":"1", "tid":"cice"},
{"name":"ModelAdvance", "ph":"B", "ts":"3508041687", "pid":"1", "tid":"cice"},
{"name":"ModelAdvance", "ph":"E", "ts":"3508519896", "pid":"1", "tid":"cice"},
{"name":"ModelAdvance", "ph":"B", "ts":"3508642398", "pid":"1", "tid":"cice"},
{"name":"ModelAdvance", "ph":"E", "ts":"3509126987", "pid":"1", "tid":"cice"},
{"name":"ModelAdvance", "ph":"B", "ts":"3509244839", "pid":"1", "tid":"cice"},
{"name":"ModelAdvance", "ph":"E", "ts":"3509724896", "pid":"1", "tid":"cice"},
{"name":"ModelAdvance", "ph":"B", "ts":"3509850586", "pid":"1", "tid":"cice"},
{"name":"ModelAdvance", "ph":"E", "ts":"3510326103", "pid":"1", "tid":"cice"},
{"name":"ModelAdvance", "ph":"B", "ts":"3510458296", "pid":"1", "tid":"cice"},
{"name":"ModelAdvance", "ph":"E", "ts":"3510925499", "pid":"1", "tid":"cice"},
{"name":"ModelAdvance", "ph":"B", "ts":"3511058208", "pid":"1", "tid":"cice"},
{"name":"ModelAdvance", "ph":"E", "ts":"3511525872", "pid":"1", "tid":"cice"},
{"name":"ModelAdvance", "ph":"B", "ts":"3511665376", "pid":"1", "tid":"cice"},
{"name":"ModelAdvance", "ph":"E", "ts":"3512130348", "pid":"1", "tid":"cice"},
{"name":"ModelAdvance", "ph":"B", "ts":"3512979186", "pid":"1", "tid":"cice"},
{"name":"ModelAdvance", "ph":"E", "ts":"3513465325", "pid":"1", "tid":"cice"},
{"name":"ModelAdvance", "ph":"B", "ts":"3513587929", "pid":"1", "tid":"cice"},
{"name":"ModelAdvance", "ph":"E", "ts":"3514060566", "pid":"1", "tid":"cice"},
{"name":"ModelAdvance", "ph":"B", "ts":"3514203103", "pid":"1", "tid":"cice"},
{"name":"ModelAdvance", "ph":"E", "ts":"3514690188", "pid":"1", "tid":"cice"},
{"name":"ModelAdvance", "ph":"B", "ts":"3514803259", "pid":"1", "tid":"cice"},
{"name":"ModelAdvance", "ph":"E", "ts":"3515287260", "pid":"1", "tid":"cice"},
{"name":"ModelAdvance", "ph":"B", "ts":"3515398750", "pid":"1", "tid":"cice"},
{"name":"ModelAdvance", "ph":"E", "ts":"3515884379", "pid":"1", "tid":"cice"},
{"name":"ModelAdvance", "ph":"B", "ts":"3516006185", "pid":"1", "tid":"cice"},
{"name":"ModelAdvance", "ph":"E", "ts":"3516486714", "pid":"1", "tid":"cice"},
{"name":"ModelAdvance", "ph":"B", "ts":"3516655446", "pid":"1", "tid":"cice"},
{"name":"ModelAdvance", "ph":"E", "ts":"3517121588", "pid":"1", "tid":"cice"},
{"name":"ModelAdvance", "ph":"B", "ts":"3517271105", "pid":"1", "tid":"cice"},
{"name":"ModelAdvance", "ph":"E", "ts":"3517760927", "pid":"1", "tid":"cice"},
{"name":"ModelAdvance", "ph":"B", "ts":"3517924171", "pid":"1", "tid":"cice"},
{"name":"ModelAdvance", "ph":"E", "ts":"3518400519", "pid":"1", "tid":"cice"},
{"name":"ModelAdvance", "ph":"B", "ts":"3518531545", "pid":"1", "tid":"cice"},
{"name":"ModelAdvance", "ph":"E", "ts":"3519018551", "pid":"1", "tid":"cice"},
{"name":"ModelAdvance", "ph":"B", "ts":"3519134054", "pid":"1", "tid":"cice"},
{"name":"ModelAdvance", "ph":"E", "ts":"3519613370", "pid":"1", "tid":"cice"},
{"name":"ModelAdvance", "ph":"B", "ts":"3519748434", "pid":"1", "tid":"cice"},
{"name":"ModelAdvance", "ph":"E", "ts":"3520225659", "pid":"1", "tid":"cice"},
{"name":"ModelAdvance", "ph":"B", "ts":"3520349146", "pid":"1", "tid":"cice"},
{"name":"ModelAdvance", "ph":"E", "ts":"3520830117", "pid":"1", "tid":"cice"},
{"name":"ModelAdvance", "ph":"B", "ts":"3520961964", "pid":"1", "tid":"cice"},
{"name":"ModelAdvance", "ph":"E", "ts":"3521433815", "pid":"1", "tid":"cice"},
{"name":"ModelAdvance", "ph":"B", "ts":"3521576604", "pid":"1", "tid":"cice"},
{"name":"ModelAdvance", "ph":"E", "ts":"3522049518", "pid":"1", "tid":"cice"},
{"name":"ModelAdvance", "ph":"B", "ts":"3522179036", "pid":"1", "tid":"cice"},
{"name":"ModelAdvance", "ph":"E", "ts":"3522653942", "pid":"1", "tid":"cice"},
{"name":"ModelAdvance", "ph":"B", "ts":"3522781439", "pid":"1", "tid":"cice"},
{"name":"ModelAdvance", "ph":"E", "ts":"3523263508", "pid":"1", "tid":"cice"},
{"name":"ModelAdvance", "ph":"B", "ts":"3523395298", "pid":"1", "tid":"cice"},
{"name":"ModelAdvance", "ph":"E", "ts":"3523871188", "pid":"1", "tid":"cice"},
{"name":"ModelAdvance", "ph":"B", "ts":"3523988897", "pid":"1", "tid":"cice"},
{"name":"ModelAdvance", "ph":"E", "ts":"3524483508", "pid":"1", "tid":"cice"},
{"name":"ModelAdvance", "ph":"B", "ts":"3524606881", "pid":"1", "tid":"cice"},
{"name":"ModelAdvance", "ph":"E", "ts":"3525077426", "pid":"1", "tid":"cice"},
{"name":"ModelAdvance", "ph":"B", "ts":"3525222830", "pid":"1", "tid":"cice"},
{"name":"ModelAdvance", "ph":"E", "ts":"3525692289", "pid":"1", "tid":"cice"},
{"name":"ModelAdvance", "ph":"B", "ts":"3525841497", "pid":"1", "tid":"cice"},
{"name":"ModelAdvance", "ph":"E", "ts":"3526308712", "pid":"1", "tid":"cice"},
{"name":"ModelAdvance", "ph":"B", "ts":"3526446680", "pid":"1", "tid":"cice"},
{"name":"ModelAdvance", "ph":"E", "ts":"3526932918", "pid":"1", "tid":"cice"},
{"name":"ModelAdvance", "ph":"B", "ts":"3527063628", "pid":"1", "tid":"cice"},
{"name":"ModelAdvance", "ph":"E", "ts":"3527536991", "pid":"1", "tid":"cice"},
{"name":"ModelAdvance", "ph":"B", "ts":"3528311178", "pid":"1", "tid":"cice"},
{"name":"ModelAdvance", "ph":"E", "ts":"3528787750", "pid":"1", "tid":"cice"},
{"name":"ModelAdvance", "ph":"B", "ts":"3528920030", "pid":"1", "tid":"cice"},
{"name":"ModelAdvance", "ph":"E", "ts":"3529401649", "pid":"1", "tid":"cice"},
{"name":"ModelAdvance", "ph":"B", "ts":"3529535282", "pid":"1", "tid":"cice"},
{"name":"ModelAdvance", "ph":"E", "ts":"3530022411", "pid":"1", "tid":"cice"},
{"name":"ModelAdvance", "ph":"B", "ts":"3530360648", "pid":"1", "tid":"cice"},
{"name":"ModelAdvance", "ph":"E", "ts":"3530837239", "pid":"1", "tid":"cice"},
{"name":"ModelAdvance", "ph":"B", "ts":"3530983972", "pid":"1", "tid":"cice"},
{"name":"ModelAdvance", "ph":"E", "ts":"3531459868", "pid":"1", "tid":"cice"},
{"name":"ModelAdvance", "ph":"B", "ts":"3531587144", "pid":"1", "tid":"cice"},
{"name":"ModelAdvance", "ph":"E", "ts":"3532108059", "pid":"1", "tid":"cice"},
{"name":"ModelAdvance", "ph":"B", "ts":"3532241060", "pid":"1", "tid":"cice"},
{"name":"ModelAdvance", "ph":"E", "ts":"3532720340", "pid":"1", "tid":"cice"},
{"name":"ModelAdvance", "ph":"B", "ts":"3532843699", "pid":"1", "tid":"cice"},
{"name":"ModelAdvance", "ph":"E", "ts":"3533327409", "pid":"1", "tid":"cice"},
{"name":"ModelAdvance", "ph":"B", "ts":"3533465066", "pid":"1", "tid":"cice"},
{"name":"ModelAdvance", "ph":"E", "ts":"3533939488", "pid":"1", "tid":"cice"},
{"name":"ModelAdvance", "ph":"B", "ts":"3534063869", "pid":"1", "tid":"cice"},
{"name":"ModelAdvance", "ph":"E", "ts":"3534535720", "pid":"1", "tid":"cice"},
{"name":"ModelAdvance", "ph":"B", "ts":"3534675050", "pid":"1", "tid":"cice"},
{"name":"ModelAdvance", "ph":"E", "ts":"3535161858", "pid":"1", "tid":"cice"},
{"name":"ModelAdvance", "ph":"B", "ts":"3535294315", "pid":"1", "tid":"cice"},
{"name":"ModelAdvance", "ph":"E", "ts":"3535766770", "pid":"1", "tid":"cice"},
{"name":"ModelAdvance", "ph":"B", "ts":"3535884848", "pid":"1", "tid":"cice"},
{"name":"ModelAdvance", "ph":"E", "ts":"3536358633", "pid":"1", "tid":"cice"},
{"name":"ModelAdvance", "ph":"B", "ts":"3536483744", "pid":"1", "tid":"cice"},
{"name":"ModelAdvance", "ph":"E", "ts":"3536968085", "pid":"1", "tid":"cice"},
{"name":"ModelAdvance", "ph":"B", "ts":"3537100456", "pid":"1", "tid":"cice"},
{"name":"ModelAdvance", "ph":"E", "ts":"3537578408", "pid":"1", "tid":"cice"},
{"name":"ModelAdvance", "ph":"B", "ts":"3537695459", "pid":"1", "tid":"cice"},
{"name":"ModelAdvance", "ph":"E", "ts":"3538171685", "pid":"1", "tid":"cice"},
{"name":"ModelAdvance", "ph":"B", "ts":"3538310197", "pid":"1", "tid":"cice"},
{"name":"ModelAdvance", "ph":"E", "ts":"3538777428", "pid":"1", "tid":"cice"},
{"name":"ModelAdvance", "ph":"B", "ts":"3538936597", "pid":"1", "tid":"cice"},
{"name":"ModelAdvance", "ph":"E", "ts":"3539403250", "pid":"1", "tid":"cice"},
{"name":"ModelAdvance", "ph":"B", "ts":"3539541287", "pid":"1", "tid":"cice"},
{"name":"ModelAdvance", "ph":"E", "ts":"3540031805", "pid":"1", "tid":"cice"},
{"name":"ModelAdvance", "ph":"B", "ts":"3540170036", "pid":"1", "tid":"cice"},
{"name":"ModelAdvance", "ph":"E", "ts":"3540644233", "pid":"1", "tid":"cice"},
{"name":"ModelAdvance", "ph":"B", "ts":"3540776993", "pid":"1", "tid":"cice"},
{"name":"ModelAdvance", "ph":"E", "ts":"3541248507", "pid":"1", "tid":"cice"},
{"name":"ModelAdvance", "ph":"B", "ts":"3541384352", "pid":"1", "tid":"cice"},
{"name":"ModelAdvance", "ph":"E", "ts":"3541861195", "pid":"1", "tid":"cice"},
{"name":"ModelAdvance", "ph":"B", "ts":"3541986407", "pid":"1", "tid":"cice"},
{"name":"ModelAdvance", "ph":"E", "ts":"3542566829", "pid":"1", "tid":"cice"},
{"name":"ModelAdvance", "ph":"B", "ts":"3542616470", "pid":"1", "tid":"cice"},
{"name":"ModelAdvance", "ph":"E", "ts":"3543104554", "pid":"1", "tid":"cice"},
{"name":"ModelAdvance", "ph":"B", "ts":"3543920261", "pid":"1", "tid":"cice"},
{"name":"ModelAdvance", "ph":"E", "ts":"3544403444", "pid":"1", "tid":"cice"},
{"name":"ModelAdvance", "ph":"B", "ts":"3544521333", "pid":"1", "tid":"cice"},
{"name":"ModelAdvance", "ph":"E", "ts":"3545000608", "pid":"1", "tid":"cice"},
{"name":"ModelAdvance", "ph":"B", "ts":"3545119980", "pid":"1", "tid":"cice"},
{"name":"ModelAdvance", "ph":"E", "ts":"3545622895", "pid":"1", "tid":"cice"},
{"name":"ModelAdvance", "ph":"B", "ts":"3545752056", "pid":"1", "tid":"cice"},
{"name":"ModelAdvance", "ph":"E", "ts":"3546233504", "pid":"1", "tid":"cice"},
{"name":"ModelAdvance", "ph":"B", "ts":"3546357165", "pid":"1", "tid":"cice"},
{"name":"ModelAdvance", "ph":"E", "ts":"3546829997", "pid":"1", "tid":"cice"},
{"name":"ModelAdvance", "ph":"B", "ts":"3546961941", "pid":"1", "tid":"cice"},
{"name":"ModelAdvance", "ph":"E", "ts":"3547444942", "pid":"1", "tid":"cice"},
{"name":"ModelAdvance", "ph":"B", "ts":"3547558986", "pid":"1", "tid":"cice"},
{"name":"ModelAdvance", "ph":"E", "ts":"3548040801", "pid":"1", "tid":"cice"},
{"name":"ModelAdvance", "ph":"B", "ts":"3548166486", "pid":"1", "tid":"cice"},
{"name":"ModelAdvance", "ph":"E", "ts":"3548639394", "pid":"1", "tid":"cice"},
{"name":"ModelAdvance", "ph":"B", "ts":"3548772541", "pid":"1", "tid":"cice"},
{"name":"ModelAdvance", "ph":"E", "ts":"3549245493", "pid":"1", "tid":"cice"},
{"name":"ModelAdvance", "ph":"B", "ts":"3549369491", "pid":"1", "tid":"cice"},
{"name":"ModelAdvance", "ph":"E", "ts":"3549851018", "pid":"1", "tid":"cice"},
{"name":"ModelAdvance", "ph":"B", "ts":"3549981307", "pid":"1", "tid":"cice"},
{"name":"ModelAdvance", "ph":"E", "ts":"3550456303", "pid":"1", "tid":"cice"},
{"name":"ModelAdvance", "ph":"B", "ts":"3550590207", "pid":"1", "tid":"cice"},
{"name":"ModelAdvance", "ph":"E", "ts":"3551060404", "pid":"1", "tid":"cice"},
{"name":"ModelAdvance", "ph":"B", "ts":"3551187271", "pid":"1", "tid":"cice"},
{"name":"ModelAdvance", "ph":"E", "ts":"3551669642", "pid":"1", "tid":"cice"},
{"name":"ModelAdvance", "ph":"B", "ts":"3551798749", "pid":"1", "tid":"cice"},
{"name":"ModelAdvance", "ph":"E", "ts":"3552277242", "pid":"1", "tid":"cice"},
{"name":"ModelAdvance", "ph":"B", "ts":"3552394809", "pid":"1", "tid":"cice"},
{"name":"ModelAdvance", "ph":"E", "ts":"3552874745", "pid":"1", "tid":"cice"},
{"name":"ModelAdvance", "ph":"B", "ts":"3553002991", "pid":"1", "tid":"cice"},
{"name":"ModelAdvance", "ph":"E", "ts":"3553476684", "pid":"1", "tid":"cice"},
{"name":"ModelAdvance", "ph":"B", "ts":"3553602657", "pid":"1", "tid":"cice"},
{"name":"ModelAdvance", "ph":"E", "ts":"3554079838", "pid":"1", "tid":"cice"},
{"name":"ModelAdvance", "ph":"B", "ts":"3554208031", "pid":"1", "tid":"cice"},
{"name":"ModelAdvance", "ph":"E", "ts":"3554686084", "pid":"1", "tid":"cice"},
{"name":"ModelAdvance", "ph":"B", "ts":"3554810925", "pid":"1", "tid":"cice"},
{"name":"ModelAdvance", "ph":"E", "ts":"3555294609", "pid":"1", "tid":"cice"},
{"name":"ModelAdvance", "ph":"B", "ts":"3555414701", "pid":"1", "tid":"cice"},
{"name":"ModelAdvance", "ph":"E", "ts":"3555897551", "pid":"1", "tid":"cice"},
{"name":"ModelAdvance", "ph":"B", "ts":"3556016691", "pid":"1", "tid":"cice"},
{"name":"ModelAdvance", "ph":"E", "ts":"3556499699", "pid":"1", "tid":"cice"},
{"name":"ModelAdvance", "ph":"B", "ts":"3556623584", "pid":"1", "tid":"cice"},
{"name":"ModelAdvance", "ph":"E", "ts":"3557106176", "pid":"1", "tid":"cice"},
{"name":"ModelAdvance", "ph":"B", "ts":"3557230287", "pid":"1", "tid":"cice"},
{"name":"ModelAdvance", "ph":"E", "ts":"3557698747", "pid":"1", "tid":"cice"},
{"name":"ModelAdvance", "ph":"B", "ts":"3557837730", "pid":"1", "tid":"cice"},
{"name":"ModelAdvance", "ph":"E", "ts":"3558320636", "pid":"1", "tid":"cice"},
{"name":"ModelAdvance", "ph":"B", "ts":"3559108663", "pid":"1", "tid":"cice"},
{"name":"ModelAdvance", "ph":"E", "ts":"3559573674", "pid":"1", "tid":"cice"},
{"name":"ModelAdvance", "ph":"B", "ts":"3559721040", "pid":"1", "tid":"cice"},
{"name":"ModelAdvance", "ph":"E", "ts":"3560189831", "pid":"1", "tid":"cice"},
{"name":"ModelAdvance", "ph":"B", "ts":"3560352493", "pid":"1", "tid":"cice"},
{"name":"ModelAdvance", "ph":"E", "ts":"3560817856", "pid":"1", "tid":"cice"},
{"name":"ModelAdvance", "ph":"B", "ts":"3560949058", "pid":"1", "tid":"cice"},
{"name":"ModelAdvance", "ph":"E", "ts":"3561416154", "pid":"1", "tid":"cice"},
{"name":"ModelAdvance", "ph":"B", "ts":"3561567554", "pid":"1", "tid":"cice"},
{"name":"ModelAdvance", "ph":"E", "ts":"3562034744", "pid":"1", "tid":"cice"},
{"name":"ModelAdvance", "ph":"B", "ts":"3562159129", "pid":"1", "tid":"cice"},
{"name":"ModelAdvance", "ph":"E", "ts":"3562628413", "pid":"1", "tid":"cice"},
{"name":"ModelAdvance", "ph":"B", "ts":"3562799688", "pid":"1", "tid":"cice"},
{"name":"ModelAdvance", "ph":"E", "ts":"3563271939", "pid":"1", "tid":"cice"},
{"name":"ModelAdvance", "ph":"B", "ts":"3563402590", "pid":"1", "tid":"cice"},
{"name":"ModelAdvance", "ph":"E", "ts":"3563887313", "pid":"1", "tid":"cice"},
{"name":"ModelAdvance", "ph":"B", "ts":"3564043527", "pid":"1", "tid":"cice"},
{"name":"ModelAdvance", "ph":"E", "ts":"3564515636", "pid":"1", "tid":"cice"},
{"name":"ModelAdvance", "ph":"B", "ts":"3564673860", "pid":"1", "tid":"cice"},
{"name":"ModelAdvance", "ph":"E", "ts":"3565155776", "pid":"1", "tid":"cice"},
{"name":"ModelAdvance", "ph":"B", "ts":"3565294735", "pid":"1", "tid":"cice"},
{"name":"ModelAdvance", "ph":"E", "ts":"3565779780", "pid":"1", "tid":"cice"},
{"name":"ModelAdvance", "ph":"B", "ts":"3565962274", "pid":"1", "tid":"cice"},
{"name":"ModelAdvance", "ph":"E", "ts":"3566433989", "pid":"1", "tid":"cice"},
{"name":"ModelAdvance", "ph":"B", "ts":"3566566122", "pid":"1", "tid":"cice"},
{"name":"ModelAdvance", "ph":"E", "ts":"3567044667", "pid":"1", "tid":"cice"},
{"name":"ModelAdvance", "ph":"B", "ts":"3567167583", "pid":"1", "tid":"cice"},
{"name":"ModelAdvance", "ph":"E", "ts":"3567647588", "pid":"1", "tid":"cice"},
{"name":"ModelAdvance", "ph":"B", "ts":"3567830507", "pid":"1", "tid":"cice"},
{"name":"ModelAdvance", "ph":"E", "ts":"3568309420", "pid":"1", "tid":"cice"},
{"name":"ModelAdvance", "ph":"B", "ts":"3568508928", "pid":"1", "tid":"cice"},
{"name":"ModelAdvance", "ph":"E", "ts":"3568986493", "pid":"1", "tid":"cice"},
{"name":"ModelAdvance", "ph":"B", "ts":"3569127519", "pid":"1", "tid":"cice"},
{"name":"ModelAdvance", "ph":"E", "ts":"3569609373", "pid":"1", "tid":"cice"},
{"name":"ModelAdvance", "ph":"B", "ts":"3569736996", "pid":"1", "tid":"cice"},
{"name":"ModelAdvance", "ph":"E", "ts":"3570212845", "pid":"1", "tid":"cice"},
{"name":"ModelAdvance", "ph":"B", "ts":"3570392480", "pid":"1", "tid":"cice"},
{"name":"ModelAdvance", "ph":"E", "ts":"3570866806", "pid":"1", "tid":"cice"},
{"name":"ModelAdvance", "ph":"B", "ts":"3571087440", "pid":"1", "tid":"cice"},
{"name":"ModelAdvance", "ph":"E", "ts":"3571551570", "pid":"1", "tid":"cice"},
{"name":"ModelAdvance", "ph":"B", "ts":"3571741440", "pid":"1", "tid":"cice"},
{"name":"ModelAdvance", "ph":"E", "ts":"3572219375", "pid":"1", "tid":"cice"},
{"name":"ModelAdvance", "ph":"B", "ts":"3572364258", "pid":"1", "tid":"cice"},
{"name":"ModelAdvance", "ph":"E", "ts":"3572845681", "pid":"1", "tid":"cice"},
{"name":"ModelAdvance", "ph":"B", "ts":"3573050115", "pid":"1", "tid":"cice"},
{"name":"ModelAdvance", "ph":"E", "ts":"3573526979", "pid":"1", "tid":"cice"},
{"name":"ModelAdvance", "ph":"B", "ts":"3573724616", "pid":"1", "tid":"cice"},
{"name":"ModelAdvance", "ph":"E", "ts":"3574211693", "pid":"1", "tid":"cice"},
{"name":"ModelAdvance", "ph":"B", "ts":"3574928302", "pid":"1", "tid":"cice"},
{"name":"ModelAdvance", "ph":"E", "ts":"3575403764", "pid":"1", "tid":"cice"},
{"name":"ModelAdvance", "ph":"B", "ts":"3575580691", "pid":"1", "tid":"cice"},
{"name":"ModelAdvance", "ph":"E", "ts":"3576061141", "pid":"1", "tid":"cice"},
{"name":"ModelAdvance", "ph":"B", "ts":"3576184990", "pid":"1", "tid":"cice"},
{"name":"ModelAdvance", "ph":"E", "ts":"3576667082", "pid":"1", "tid":"cice"},
{"name":"ModelAdvance", "ph":"B", "ts":"3576847774", "pid":"1", "tid":"cice"},
{"name":"ModelAdvance", "ph":"E", "ts":"3577314486", "pid":"1", "tid":"cice"},
{"name":"ModelAdvance", "ph":"B", "ts":"3577457389", "pid":"1", "tid":"cice"},
{"name":"ModelAdvance", "ph":"E", "ts":"3577938849", "pid":"1", "tid":"cice"},
{"name":"ModelAdvance", "ph":"B", "ts":"3578128677", "pid":"1", "tid":"cice"},
{"name":"ModelAdvance", "ph":"E", "ts":"3578605036", "pid":"1", "tid":"cice"},
{"name":"ModelAdvance", "ph":"B", "ts":"3578799511", "pid":"1", "tid":"cice"},
{"name":"ModelAdvance", "ph":"E", "ts":"3579286114", "pid":"1", "tid":"cice"},
{"name":"ModelAdvance", "ph":"B", "ts":"3579431337", "pid":"1", "tid":"cice"},
{"name":"ModelAdvance", "ph":"E", "ts":"3579906665", "pid":"1", "tid":"cice"},
{"name":"ModelAdvance", "ph":"B", "ts":"3580068244", "pid":"1", "tid":"cice"},
{"name":"ModelAdvance", "ph":"E", "ts":"3580554374", "pid":"1", "tid":"cice"},
{"name":"ModelAdvance", "ph":"B", "ts":"3580711650", "pid":"1", "tid":"cice"},
{"name":"ModelAdvance", "ph":"E", "ts":"3581188717", "pid":"1", "tid":"cice"},
{"name":"ModelAdvance", "ph":"B", "ts":"3581394233", "pid":"1", "tid":"cice"},
{"name":"ModelAdvance", "ph":"E", "ts":"3581872356", "pid":"1", "tid":"cice"},
{"name":"ModelAdvance", "ph":"B", "ts":"3582037803", "pid":"1", "tid":"cice"},
{"name":"ModelAdvance", "ph":"E", "ts":"3582520896", "pid":"1", "tid":"cice"},
{"name":"ModelAdvance", "ph":"B", "ts":"3582684097", "pid":"1", "tid":"cice"},
{"name":"ModelAdvance", "ph":"E", "ts":"3583169320", "pid":"1", "tid":"cice"},
{"name":"ModelAdvance", "ph":"B", "ts":"3583304172", "pid":"1", "tid":"cice"},
{"name":"ModelAdvance", "ph":"E", "ts":"3583777891", "pid":"1", "tid":"cice"},
{"name":"ModelAdvance", "ph":"B", "ts":"3583942801", "pid":"1", "tid":"cice"},
{"name":"ModelAdvance", "ph":"E", "ts":"3584423383", "pid":"1", "tid":"cice"},
{"name":"ModelAdvance", "ph":"B", "ts":"3584619362", "pid":"1", "tid":"cice"},
{"name":"ModelAdvance", "ph":"E", "ts":"3585098429", "pid":"1", "tid":"cice"},
{"name":"ModelAdvance", "ph":"B", "ts":"3585318143", "pid":"1", "tid":"cice"},
{"name":"ModelAdvance", "ph":"E", "ts":"3585791388", "pid":"1", "tid":"cice"},
{"name":"ModelAdvance", "ph":"B", "ts":"3586014653", "pid":"1", "tid":"cice"},
{"name":"ModelAdvance", "ph":"E", "ts":"3586479294", "pid":"1", "tid":"cice"},
{"name":"ModelAdvance", "ph":"B", "ts":"3586693190", "pid":"1", "tid":"cice"},
{"name":"ModelAdvance", "ph":"E", "ts":"3587158282", "pid":"1", "tid":"cice"},
{"name":"ModelAdvance", "ph":"B", "ts":"3587315708", "pid":"1", "tid":"cice"},
{"name":"ModelAdvance", "ph":"E", "ts":"3587797822", "pid":"1", "tid":"cice"},
{"name":"ModelAdvance", "ph":"B", "ts":"3587933053", "pid":"1", "tid":"cice"},
{"name":"ModelAdvance", "ph":"E", "ts":"3588414173", "pid":"1", "tid":"cice"},
{"name":"ModelAdvance", "ph":"B", "ts":"3588645006", "pid":"1", "tid":"cice"},
{"name":"ModelAdvance", "ph":"E", "ts":"3589115406", "pid":"1", "tid":"cice"},
{"name":"ModelAdvance", "ph":"B", "ts":"3589327290", "pid":"1", "tid":"cice"},
{"name":"ModelAdvance", "ph":"E", "ts":"3589804185", "pid":"1", "tid":"cice"},
{"name":"ModelAdvance", "ph":"B", "ts":"3590019426", "pid":"1", "tid":"cice"},
{"name":"ModelAdvance", "ph":"E", "ts":"3590496554", "pid":"1", "tid":"cice"},
{"name":"ModelAdvance", "ph":"B", "ts":"3591279325", "pid":"1", "tid":"cice"},
{"name":"ModelAdvance", "ph":"E", "ts":"3591753761", "pid":"1", "tid":"cice"},
{"name":"ModelAdvance", "ph":"B", "ts":"3591906117", "pid":"1", "tid":"cice"},
{"name":"ModelAdvance", "ph":"E", "ts":"3592377595", "pid":"1", "tid":"cice"},
{"name":"ModelAdvance", "ph":"B", "ts":"3592517900", "pid":"1", "tid":"cice"},
{"name":"ModelAdvance", "ph":"E", "ts":"3592994634", "pid":"1", "tid":"cice"},
{"name":"ModelAdvance", "ph":"B", "ts":"3593134448", "pid":"1", "tid":"cice"},
{"name":"ModelAdvance", "ph":"E", "ts":"3593617784", "pid":"1", "tid":"cice"},
{"name":"ModelAdvance", "ph":"B", "ts":"3593765482", "pid":"1", "tid":"cice"},
{"name":"ModelAdvance", "ph":"E", "ts":"3594249496", "pid":"1", "tid":"cice"},
{"name":"ModelAdvance", "ph":"B", "ts":"3594392216", "pid":"1", "tid":"cice"},
{"name":"ModelAdvance", "ph":"E", "ts":"3594866710", "pid":"1", "tid":"cice"},
{"name":"ModelAdvance", "ph":"B", "ts":"3595003866", "pid":"1", "tid":"cice"},
{"name":"ModelAdvance", "ph":"E", "ts":"3595472545", "pid":"1", "tid":"cice"},
{"name":"ModelAdvance", "ph":"B", "ts":"3595684354", "pid":"1", "tid":"cice"},
{"name":"ModelAdvance", "ph":"E", "ts":"3596158911", "pid":"1", "tid":"cice"},
{"name":"ModelAdvance", "ph":"B", "ts":"3596279107", "pid":"1", "tid":"cice"},
{"name":"ModelAdvance", "ph":"E", "ts":"3596752363", "pid":"1", "tid":"cice"},
{"name":"ModelAdvance", "ph":"B", "ts":"3596884710", "pid":"1", "tid":"cice"},
{"name":"ModelAdvance", "ph":"E", "ts":"3597362711", "pid":"1", "tid":"cice"},
{"name":"ModelAdvance", "ph":"B", "ts":"3597491404", "pid":"1", "tid":"cice"},
{"name":"ModelAdvance", "ph":"E", "ts":"3597963962", "pid":"1", "tid":"cice"},
{"name":"ModelAdvance", "ph":"B", "ts":"3598112782", "pid":"1", "tid":"cice"},
{"name":"ModelAdvance", "ph":"E", "ts":"3598590275", "pid":"1", "tid":"cice"},
{"name":"ModelAdvance", "ph":"B", "ts":"3598789550", "pid":"1", "tid":"cice"},
{"name":"ModelAdvance", "ph":"E", "ts":"3599269874", "pid":"1", "tid":"cice"},
{"name":"ModelAdvance", "ph":"B", "ts":"3599399199", "pid":"1", "tid":"cice"},
{"name":"ModelAdvance", "ph":"E", "ts":"3599880518", "pid":"1", "tid":"cice"},
{"name":"ModelAdvance", "ph":"B", "ts":"3600020914", "pid":"1", "tid":"cice"},
{"name":"ModelAdvance", "ph":"E", "ts":"3600487054", "pid":"1", "tid":"cice"},
{"name":"ModelAdvance", "ph":"B", "ts":"3600672638", "pid":"1", "tid":"cice"},
{"name":"ModelAdvance", "ph":"E", "ts":"3601154757", "pid":"1", "tid":"cice"},
{"name":"ModelAdvance", "ph":"B", "ts":"3601353830", "pid":"1", "tid":"cice"},
{"name":"ModelAdvance", "ph":"E", "ts":"3601824767", "pid":"1", "tid":"cice"},
{"name":"ModelAdvance", "ph":"B", "ts":"3602019003", "pid":"1", "tid":"cice"},
{"name":"ModelAdvance", "ph":"E", "ts":"3602491345", "pid":"1", "tid":"cice"},
{"name":"ModelAdvance", "ph":"B", "ts":"3602698320", "pid":"1", "tid":"cice"},
{"name":"ModelAdvance", "ph":"E", "ts":"3603176183", "pid":"1", "tid":"cice"},
{"name":"ModelAdvance", "ph":"B", "ts":"3603367365", "pid":"1", "tid":"cice"},
{"name":"ModelAdvance", "ph":"E", "ts":"3603838958", "pid":"1", "tid":"cice"},
{"name":"ModelAdvance", "ph":"B", "ts":"3603984109", "pid":"1", "tid":"cice"},
{"name":"ModelAdvance", "ph":"E", "ts":"3604456281", "pid":"1", "tid":"cice"},
{"name":"ModelAdvance", "ph":"B", "ts":"3604594577", "pid":"1", "tid":"cice"},
{"name":"ModelAdvance", "ph":"E", "ts":"3605068651", "pid":"1", "tid":"cice"},
{"name":"ModelAdvance", "ph":"B", "ts":"3605216474", "pid":"1", "tid":"cice"},
{"name":"ModelAdvance", "ph":"E", "ts":"3605692910", "pid":"1", "tid":"cice"},
{"name":"ModelAdvance", "ph":"B", "ts":"3605857039", "pid":"1", "tid":"cice"},
{"name":"ModelAdvance", "ph":"E", "ts":"3606335139", "pid":"1", "tid":"cice"},
{"name":"ModelAdvance", "ph":"B", "ts":"3607189055", "pid":"1", "tid":"cice"},
{"name":"ModelAdvance", "ph":"E", "ts":"3607664014", "pid":"1", "tid":"cice"},
{"name":"ModelAdvance", "ph":"B", "ts":"3607819487", "pid":"1", "tid":"cice"},
{"name":"ModelAdvance", "ph":"E", "ts":"3608301092", "pid":"1", "tid":"cice"},
{"name":"ModelAdvance", "ph":"B", "ts":"3608456320", "pid":"1", "tid":"cice"},
{"name":"ModelAdvance", "ph":"E", "ts":"3608935922", "pid":"1", "tid":"cice"},
{"name":"ModelAdvance", "ph":"B", "ts":"3609078660", "pid":"1", "tid":"cice"},
{"name":"ModelAdvance", "ph":"E", "ts":"3609557741", "pid":"1", "tid":"cice"},
{"name":"ModelAdvance", "ph":"B", "ts":"3609699953", "pid":"1", "tid":"cice"},
{"name":"ModelAdvance", "ph":"E", "ts":"3610175599", "pid":"1", "tid":"cice"},
{"name":"ModelAdvance", "ph":"B", "ts":"3610333702", "pid":"1", "tid":"cice"},
{"name":"ModelAdvance", "ph":"E", "ts":"3610813184", "pid":"1", "tid":"cice"},
{"name":"ModelAdvance", "ph":"B", "ts":"3610961449", "pid":"1", "tid":"cice"},
{"name":"ModelAdvance", "ph":"E", "ts":"3611442723", "pid":"1", "tid":"cice"},
{"name":"ModelAdvance", "ph":"B", "ts":"3611598488", "pid":"1", "tid":"cice"},
{"name":"ModelAdvance", "ph":"E", "ts":"3612073629", "pid":"1", "tid":"cice"},
{"name":"ModelAdvance", "ph":"B", "ts":"3612307207", "pid":"1", "tid":"cice"},
{"name":"ModelAdvance", "ph":"E", "ts":"3612771950", "pid":"1", "tid":"cice"},
{"name":"ModelAdvance", "ph":"B", "ts":"3612962626", "pid":"1", "tid":"cice"},
{"name":"ModelAdvance", "ph":"E", "ts":"3613441635", "pid":"1", "tid":"cice"},
{"name":"ModelAdvance", "ph":"B", "ts":"3613668333", "pid":"1", "tid":"cice"},
{"name":"ModelAdvance", "ph":"E", "ts":"3614131935", "pid":"1", "tid":"cice"},
{"name":"ModelAdvance", "ph":"B", "ts":"3614399747", "pid":"1", "tid":"cice"},
{"name":"ModelAdvance", "ph":"E", "ts":"3614876054", "pid":"1", "tid":"cice"},
{"name":"ModelAdvance", "ph":"B", "ts":"3615104741", "pid":"1", "tid":"cice"},
{"name":"ModelAdvance", "ph":"E", "ts":"3615573048", "pid":"1", "tid":"cice"},
{"name":"ModelAdvance", "ph":"B", "ts":"3615779840", "pid":"1", "tid":"cice"},
{"name":"ModelAdvance", "ph":"E", "ts":"3616250508", "pid":"1", "tid":"cice"},
{"name":"ModelAdvance", "ph":"B", "ts":"3616455420", "pid":"1", "tid":"cice"},
{"name":"ModelAdvance", "ph":"E", "ts":"3616931645", "pid":"1", "tid":"cice"},
{"name":"ModelAdvance", "ph":"B", "ts":"3617099187", "pid":"1", "tid":"cice"},
{"name":"ModelAdvance", "ph":"E", "ts":"3617570344", "pid":"1", "tid":"cice"},
{"name":"ModelAdvance", "ph":"B", "ts":"3617740149", "pid":"1", "tid":"cice"},
{"name":"ModelAdvance", "ph":"E", "ts":"3618209654", "pid":"1", "tid":"cice"},
{"name":"ModelAdvance", "ph":"B", "ts":"3618370930", "pid":"1", "tid":"cice"},
{"name":"ModelAdvance", "ph":"E", "ts":"3618844189", "pid":"1", "tid":"cice"},
{"name":"ModelAdvance", "ph":"B", "ts":"3619063926", "pid":"1", "tid":"cice"},
{"name":"ModelAdvance", "ph":"E", "ts":"3619531235", "pid":"1", "tid":"cice"},
{"name":"ModelAdvance", "ph":"B", "ts":"3619722817", "pid":"1", "tid":"cice"},
{"name":"ModelAdvance", "ph":"E", "ts":"3620192079", "pid":"1", "tid":"cice"},
{"name":"ModelAdvance", "ph":"B", "ts":"3620399980", "pid":"1", "tid":"cice"},
{"name":"ModelAdvance", "ph":"E", "ts":"3620873422", "pid":"1", "tid":"cice"},
{"name":"ModelAdvance", "ph":"B", "ts":"3621035502", "pid":"1", "tid":"cice"},
{"name":"ModelAdvance", "ph":"E", "ts":"3621510892", "pid":"1", "tid":"cice"},
{"name":"ModelAdvance", "ph":"B", "ts":"3621677454", "pid":"1", "tid":"cice"},
{"name":"ModelAdvance", "ph":"E", "ts":"3622149416", "pid":"1", "tid":"cice"},
{"name":"ModelAdvance", "ph":"B", "ts":"3622350227", "pid":"1", "tid":"cice"},
{"name":"ModelAdvance", "ph":"E", "ts":"3622820203", "pid":"1", "tid":"cice"},
{"name":"ModelAdvance", "ph":"B", "ts":"3623653471", "pid":"1", "tid":"cice"},
{"name":"ModelAdvance", "ph":"E", "ts":"3624127778", "pid":"1", "tid":"cice"},
{"name":"ModelAdvance", "ph":"B", "ts":"3624336445", "pid":"1", "tid":"cice"},
{"name":"ModelAdvance", "ph":"E", "ts":"3624798225", "pid":"1", "tid":"cice"},
{"name":"ModelAdvance", "ph":"B", "ts":"3624957658", "pid":"1", "tid":"cice"},
{"name":"ModelAdvance", "ph":"E", "ts":"3625421468", "pid":"1", "tid":"cice"},
{"name":"ModelAdvance", "ph":"B", "ts":"3625559728", "pid":"1", "tid":"cice"},
{"name":"ModelAdvance", "ph":"E", "ts":"3626029533", "pid":"1", "tid":"cice"},
{"name":"ModelAdvance", "ph":"B", "ts":"3626198297", "pid":"1", "tid":"cice"},
{"name":"ModelAdvance", "ph":"E", "ts":"3626669367", "pid":"1", "tid":"cice"},
{"name":"ModelAdvance", "ph":"B", "ts":"3626826484", "pid":"1", "tid":"cice"},
{"name":"ModelAdvance", "ph":"E", "ts":"3627297353", "pid":"1", "tid":"cice"},
{"name":"ModelAdvance", "ph":"B", "ts":"3627445911", "pid":"1", "tid":"cice"},
{"name":"ModelAdvance", "ph":"E", "ts":"3627919466", "pid":"1", "tid":"cice"},
{"name":"ModelAdvance", "ph":"B", "ts":"3628077808", "pid":"1", "tid":"cice"},
{"name":"ModelAdvance", "ph":"E", "ts":"3628550289", "pid":"1", "tid":"cice"},
{"name":"ModelAdvance", "ph":"B", "ts":"3628688983", "pid":"1", "tid":"cice"},
{"name":"ModelAdvance", "ph":"E", "ts":"3629157897", "pid":"1", "tid":"cice"},
{"name":"ModelAdvance", "ph":"B", "ts":"3629325779", "pid":"1", "tid":"cice"},
{"name":"ModelAdvance", "ph":"E", "ts":"3629802907", "pid":"1", "tid":"cice"},
{"name":"ModelAdvance", "ph":"B", "ts":"3629959560", "pid":"1", "tid":"cice"},
{"name":"ModelAdvance", "ph":"E", "ts":"3630437619", "pid":"1", "tid":"cice"},
{"name":"ModelAdvance", "ph":"B", "ts":"3630596643", "pid":"1", "tid":"cice"},
{"name":"ModelAdvance", "ph":"E", "ts":"3631068076", "pid":"1", "tid":"cice"},
{"name":"ModelAdvance", "ph":"B", "ts":"3631252917", "pid":"1", "tid":"cice"},
{"name":"ModelAdvance", "ph":"E", "ts":"3631720110", "pid":"1", "tid":"cice"},
{"name":"ModelAdvance", "ph":"B", "ts":"3631889931", "pid":"1", "tid":"cice"},
{"name":"ModelAdvance", "ph":"E", "ts":"3632404839", "pid":"1", "tid":"cice"},
{"name":"ModelAdvance", "ph":"B", "ts":"3632563345", "pid":"1", "tid":"cice"},
{"name":"ModelAdvance", "ph":"E", "ts":"3633037626", "pid":"1", "tid":"cice"},
{"name":"ModelAdvance", "ph":"B", "ts":"3633182189", "pid":"1", "tid":"cice"},
{"name":"ModelAdvance", "ph":"E", "ts":"3633656122", "pid":"1", "tid":"cice"},
{"name":"ModelAdvance", "ph":"B", "ts":"3633806103", "pid":"1", "tid":"cice"},
{"name":"ModelAdvance", "ph":"E", "ts":"3634277687", "pid":"1", "tid":"cice"},
{"name":"ModelAdvance", "ph":"B", "ts":"3634478931", "pid":"1", "tid":"cice"},
{"name":"ModelAdvance", "ph":"E", "ts":"3634950267", "pid":"1", "tid":"cice"},
{"name":"ModelAdvance", "ph":"B", "ts":"3635101722", "pid":"1", "tid":"cice"},
{"name":"ModelAdvance", "ph":"E", "ts":"3635572814", "pid":"1", "tid":"cice"},
{"name":"ModelAdvance", "ph":"B", "ts":"3635752314", "pid":"1", "tid":"cice"},
{"name":"ModelAdvance", "ph":"E", "ts":"3636229248", "pid":"1", "tid":"cice"},
{"name":"ModelAdvance", "ph":"B", "ts":"3636371872", "pid":"1", "tid":"cice"},
{"name":"ModelAdvance", "ph":"E", "ts":"3636844929", "pid":"1", "tid":"cice"},
{"name":"ModelAdvance", "ph":"B", "ts":"3637014613", "pid":"1", "tid":"cice"},
{"name":"ModelAdvance", "ph":"E", "ts":"3637490584", "pid":"1", "tid":"cice"},
{"name":"ModelAdvance", "ph":"B", "ts":"3637620677", "pid":"1", "tid":"cice"},
{"name":"ModelAdvance", "ph":"E", "ts":"3638200659", "pid":"1", "tid":"cice"},
{"name":"ModelAdvance", "ph":"B", "ts":"3638248702", "pid":"1", "tid":"cice"},
{"name":"ModelAdvance", "ph":"E", "ts":"3638718879", "pid":"1", "tid":"cice"},
{"name":"ModelAdvance", "ph":"B", "ts":"3639553408", "pid":"1", "tid":"cice"},
{"name":"ModelAdvance", "ph":"E", "ts":"3640027556", "pid":"1", "tid":"cice"},
{"name":"ModelAdvance", "ph":"B", "ts":"3640186148", "pid":"1", "tid":"cice"},
{"name":"ModelAdvance", "ph":"E", "ts":"3640654035", "pid":"1", "tid":"cice"},
{"name":"ModelAdvance", "ph":"B", "ts":"3640812035", "pid":"1", "tid":"cice"},
{"name":"ModelAdvance", "ph":"E", "ts":"3641289026", "pid":"1", "tid":"cice"},
{"name":"ModelAdvance", "ph":"B", "ts":"3641427193", "pid":"1", "tid":"cice"},
{"name":"ModelAdvance", "ph":"E", "ts":"3641906718", "pid":"1", "tid":"cice"},
{"name":"ModelAdvance", "ph":"B", "ts":"3642027833", "pid":"1", "tid":"cice"},
{"name":"ModelAdvance", "ph":"E", "ts":"3642508024", "pid":"1", "tid":"cice"},
{"name":"ModelAdvance", "ph":"B", "ts":"3642638004", "pid":"1", "tid":"cice"},
{"name":"ModelAdvance", "ph":"E", "ts":"3643114730", "pid":"1", "tid":"cice"},
{"name":"ModelAdvance", "ph":"B", "ts":"3643291494", "pid":"1", "tid":"cice"},
{"name":"ModelAdvance", "ph":"E", "ts":"3643757240", "pid":"1", "tid":"cice"},
{"name":"ModelAdvance", "ph":"B", "ts":"3643889072", "pid":"1", "tid":"cice"},
{"name":"ModelAdvance", "ph":"E", "ts":"3644362512", "pid":"1", "tid":"cice"},
{"name":"ModelAdvance", "ph":"B", "ts":"3644490562", "pid":"1", "tid":"cice"},
{"name":"ModelAdvance", "ph":"E", "ts":"3644959493", "pid":"1", "tid":"cice"},
{"name":"ModelAdvance", "ph":"B", "ts":"3645100942", "pid":"1", "tid":"cice"},
{"name":"ModelAdvance", "ph":"E", "ts":"3645579621", "pid":"1", "tid":"cice"},
{"name":"ModelAdvance", "ph":"B", "ts":"3645708302", "pid":"1", "tid":"cice"},
{"name":"ModelAdvance", "ph":"E", "ts":"3646176891", "pid":"1", "tid":"cice"},
{"name":"ModelAdvance", "ph":"B", "ts":"3646310757", "pid":"1", "tid":"cice"},
{"name":"ModelAdvance", "ph":"E", "ts":"3646785901", "pid":"1", "tid":"cice"},
{"name":"ModelAdvance", "ph":"B", "ts":"3646915422", "pid":"1", "tid":"cice"},
{"name":"ModelAdvance", "ph":"E", "ts":"3647394162", "pid":"1", "tid":"cice"},
{"name":"ModelAdvance", "ph":"B", "ts":"3647511383", "pid":"1", "tid":"cice"},
{"name":"ModelAdvance", "ph":"E", "ts":"3647989471", "pid":"1", "tid":"cice"},
{"name":"ModelAdvance", "ph":"B", "ts":"3648107885", "pid":"1", "tid":"cice"},
{"name":"ModelAdvance", "ph":"E", "ts":"3648580199", "pid":"1", "tid":"cice"},
{"name":"ModelAdvance", "ph":"B", "ts":"3648708364", "pid":"1", "tid":"cice"},
{"name":"ModelAdvance", "ph":"E", "ts":"3649181939", "pid":"1", "tid":"cice"},
{"name":"ModelAdvance", "ph":"B", "ts":"3649302324", "pid":"1", "tid":"cice"},
{"name":"ModelAdvance", "ph":"E", "ts":"3649778298", "pid":"1", "tid":"cice"},
{"name":"ModelAdvance", "ph":"B", "ts":"3649895033", "pid":"1", "tid":"cice"},
{"name":"ModelAdvance", "ph":"E", "ts":"3650375042", "pid":"1", "tid":"cice"},
{"name":"ModelAdvance", "ph":"B", "ts":"3650497759", "pid":"1", "tid":"cice"},
{"name":"ModelAdvance", "ph":"E", "ts":"3650968251", "pid":"1", "tid":"cice"},
{"name":"ModelAdvance", "ph":"B", "ts":"3651097481", "pid":"1", "tid":"cice"},
{"name":"ModelAdvance", "ph":"E", "ts":"3651569986", "pid":"1", "tid":"cice"},
{"name":"ModelAdvance", "ph":"B", "ts":"3651691500", "pid":"1", "tid":"cice"},
{"name":"ModelAdvance", "ph":"E", "ts":"3652162523", "pid":"1", "tid":"cice"},
{"name":"ModelAdvance", "ph":"B", "ts":"3652291832", "pid":"1", "tid":"cice"},
{"name":"ModelAdvance", "ph":"E", "ts":"3652757960", "pid":"1", "tid":"cice"},
{"name":"ModelAdvance", "ph":"B", "ts":"3652887793", "pid":"1", "tid":"cice"},
{"name":"ModelAdvance", "ph":"E", "ts":"3653348404", "pid":"1", "tid":"cice"},
{"name":"ModelAdvance", "ph":"B", "ts":"3653493098", "pid":"1", "tid":"cice"},
{"name":"ModelAdvance", "ph":"E", "ts":"3653959790", "pid":"1", "tid":"cice"},
{"name":"ModelAdvance", "ph":"B", "ts":"3654723838", "pid":"1", "tid":"cice"},
{"name":"ModelAdvance", "ph":"E", "ts":"3655204762", "pid":"1", "tid":"cice"},
{"name":"ModelAdvance", "ph":"B", "ts":"3655323455", "pid":"1", "tid":"cice"},
{"name":"ModelAdvance", "ph":"E", "ts":"3655793235", "pid":"1", "tid":"cice"},
{"name":"ModelAdvance", "ph":"B", "ts":"3655928201", "pid":"1", "tid":"cice"},
{"name":"ModelAdvance", "ph":"E", "ts":"3656393889", "pid":"1", "tid":"cice"},
{"name":"ModelAdvance", "ph":"B", "ts":"3656513525", "pid":"1", "tid":"cice"},
{"name":"ModelAdvance", "ph":"E", "ts":"3656993180", "pid":"1", "tid":"cice"},
{"name":"ModelAdvance", "ph":"B", "ts":"3657119053", "pid":"1", "tid":"cice"},
{"name":"ModelAdvance", "ph":"E", "ts":"3657588909", "pid":"1", "tid":"cice"},
{"name":"ModelAdvance", "ph":"B", "ts":"3657708038", "pid":"1", "tid":"cice"},
{"name":"ModelAdvance", "ph":"E", "ts":"3658184104", "pid":"1", "tid":"cice"},
{"name":"ModelAdvance", "ph":"B", "ts":"3658312635", "pid":"1", "tid":"cice"},
{"name":"ModelAdvance", "ph":"E", "ts":"3658775345", "pid":"1", "tid":"cice"},
{"name":"ModelAdvance", "ph":"B", "ts":"3658900596", "pid":"1", "tid":"cice"},
{"name":"ModelAdvance", "ph":"E", "ts":"3659379654", "pid":"1", "tid":"cice"},
{"name":"ModelAdvance", "ph":"B", "ts":"3659499292", "pid":"1", "tid":"cice"},
{"name":"ModelAdvance", "ph":"E", "ts":"3659968756", "pid":"1", "tid":"cice"},
{"name":"ModelAdvance", "ph":"B", "ts":"3660135531", "pid":"1", "tid":"cice"},
{"name":"ModelAdvance", "ph":"E", "ts":"3660608467", "pid":"1", "tid":"cice"},
{"name":"ModelAdvance", "ph":"B", "ts":"3660736235", "pid":"1", "tid":"cice"},
{"name":"ModelAdvance", "ph":"E", "ts":"3661221829", "pid":"1", "tid":"cice"},
{"name":"ModelAdvance", "ph":"B", "ts":"3661356684", "pid":"1", "tid":"cice"},
{"name":"ModelAdvance", "ph":"E", "ts":"3661834916", "pid":"1", "tid":"cice"},
{"name":"ModelAdvance", "ph":"B", "ts":"3661950052", "pid":"1", "tid":"cice"},
{"name":"ModelAdvance", "ph":"E", "ts":"3662427090", "pid":"1", "tid":"cice"},
{"name":"ModelAdvance", "ph":"B", "ts":"3662552164", "pid":"1", "tid":"cice"},
{"name":"ModelAdvance", "ph":"E", "ts":"3663027591", "pid":"1", "tid":"cice"},
{"name":"ModelAdvance", "ph":"B", "ts":"3663143553", "pid":"1", "tid":"cice"},
{"name":"ModelAdvance", "ph":"E", "ts":"3663624093", "pid":"1", "tid":"cice"},
{"name":"ModelAdvance", "ph":"B", "ts":"3663750374", "pid":"1", "tid":"cice"},
{"name":"ModelAdvance", "ph":"E", "ts":"3664220896", "pid":"1", "tid":"cice"},
{"name":"ModelAdvance", "ph":"B", "ts":"3664341651", "pid":"1", "tid":"cice"},
{"name":"ModelAdvance", "ph":"E", "ts":"3664807241", "pid":"1", "tid":"cice"},
{"name":"ModelAdvance", "ph":"B", "ts":"3664934927", "pid":"1", "tid":"cice"},
{"name":"ModelAdvance", "ph":"E", "ts":"3665419062", "pid":"1", "tid":"cice"},
{"name":"ModelAdvance", "ph":"B", "ts":"3665536671", "pid":"1", "tid":"cice"},
{"name":"ModelAdvance", "ph":"E", "ts":"3666010631", "pid":"1", "tid":"cice"},
{"name":"ModelAdvance", "ph":"B", "ts":"3666127080", "pid":"1", "tid":"cice"},
{"name":"ModelAdvance", "ph":"E", "ts":"3666603859", "pid":"1", "tid":"cice"},
{"name":"ModelAdvance", "ph":"B", "ts":"3666731584", "pid":"1", "tid":"cice"},
{"name":"ModelAdvance", "ph":"E", "ts":"3667202254", "pid":"1", "tid":"cice"},
{"name":"ModelAdvance", "ph":"B", "ts":"3667320606", "pid":"1", "tid":"cice"},
{"name":"ModelAdvance", "ph":"E", "ts":"3667795766", "pid":"1", "tid":"cice"},
{"name":"ModelAdvance", "ph":"B", "ts":"3667924822", "pid":"1", "tid":"cice"},
{"name":"ModelAdvance", "ph":"E", "ts":"3668396038", "pid":"1", "tid":"cice"},
{"name":"ModelAdvance", "ph":"B", "ts":"3668527218", "pid":"1", "tid":"cice"},
{"name":"ModelAdvance", "ph":"E", "ts":"3668998663", "pid":"1", "tid":"cice"},
{"name":"ModelAdvance", "ph":"B", "ts":"3669745592", "pid":"1", "tid":"cice"},
{"name":"ModelAdvance", "ph":"E", "ts":"3670215685", "pid":"1", "tid":"cice"},
{"name":"ModelAdvance", "ph":"B", "ts":"3670336767", "pid":"1", "tid":"cice"},
{"name":"ModelAdvance", "ph":"E", "ts":"3670817985", "pid":"1", "tid":"cice"},
{"name":"ModelAdvance", "ph":"B", "ts":"3670940530", "pid":"1", "tid":"cice"},
{"name":"ModelAdvance", "ph":"E", "ts":"3671419617", "pid":"1", "tid":"cice"},
{"name":"ModelAdvance", "ph":"B", "ts":"3671531912", "pid":"1", "tid":"cice"},
{"name":"ModelAdvance", "ph":"E", "ts":"3672013030", "pid":"1", "tid":"cice"},
{"name":"ModelAdvance", "ph":"B", "ts":"3672132437", "pid":"1", "tid":"cice"},
{"name":"ModelAdvance", "ph":"E", "ts":"3672604314", "pid":"1", "tid":"cice"},
{"name":"ModelAdvance", "ph":"B", "ts":"3672730893", "pid":"1", "tid":"cice"},
{"name":"ModelAdvance", "ph":"E", "ts":"3673199262", "pid":"1", "tid":"cice"},
{"name":"ModelAdvance", "ph":"B", "ts":"3673345470", "pid":"1", "tid":"cice"},
{"name":"ModelAdvance", "ph":"E", "ts":"3673837470", "pid":"1", "tid":"cice"},
{"name":"ModelAdvance", "ph":"B", "ts":"3673960209", "pid":"1", "tid":"cice"},
{"name":"ModelAdvance", "ph":"E", "ts":"3674462757", "pid":"1", "tid":"cice"},
{"name":"ModelAdvance", "ph":"B", "ts":"3674576566", "pid":"1", "tid":"cice"},
{"name":"ModelAdvance", "ph":"E", "ts":"3675056383", "pid":"1", "tid":"cice"},
{"name":"ModelAdvance", "ph":"B", "ts":"3675179861", "pid":"1", "tid":"cice"},
{"name":"ModelAdvance", "ph":"E", "ts":"3675661501", "pid":"1", "tid":"cice"},
{"name":"ModelAdvance", "ph":"B", "ts":"3675780397", "pid":"1", "tid":"cice"},
{"name":"ModelAdvance", "ph":"E", "ts":"3676253668", "pid":"1", "tid":"cice"},
{"name":"ModelAdvance", "ph":"B", "ts":"3676397282", "pid":"1", "tid":"cice"},
{"name":"ModelAdvance", "ph":"E", "ts":"3676875656", "pid":"1", "tid":"cice"},
{"name":"ModelAdvance", "ph":"B", "ts":"3676997895", "pid":"1", "tid":"cice"},
{"name":"ModelAdvance", "ph":"E", "ts":"3677483963", "pid":"1", "tid":"cice"},
{"name":"ModelAdvance", "ph":"B", "ts":"3677591564", "pid":"1", "tid":"cice"},
{"name":"ModelAdvance", "ph":"E", "ts":"3678076900", "pid":"1", "tid":"cice"},
{"name":"ModelAdvance", "ph":"B", "ts":"3678195593", "pid":"1", "tid":"cice"},
{"name":"ModelAdvance", "ph":"E", "ts":"3678682713", "pid":"1", "tid":"cice"},
{"name":"ModelAdvance", "ph":"B", "ts":"3678806623", "pid":"1", "tid":"cice"},
{"name":"ModelAdvance", "ph":"E", "ts":"3679291151", "pid":"1", "tid":"cice"},
{"name":"ModelAdvance", "ph":"B", "ts":"3679408927", "pid":"1", "tid":"cice"},
{"name":"ModelAdvance", "ph":"E", "ts":"3679890667", "pid":"1", "tid":"cice"},
{"name":"ModelAdvance", "ph":"B", "ts":"3680019359", "pid":"1", "tid":"cice"},
{"name":"ModelAdvance", "ph":"E", "ts":"3680485875", "pid":"1", "tid":"cice"},
{"name":"ModelAdvance", "ph":"B", "ts":"3680615208", "pid":"1", "tid":"cice"},
{"name":"ModelAdvance", "ph":"E", "ts":"3681091931", "pid":"1", "tid":"cice"},
{"name":"ModelAdvance", "ph":"B", "ts":"3681206813", "pid":"1", "tid":"cice"},
{"name":"ModelAdvance", "ph":"E", "ts":"3681691987", "pid":"1", "tid":"cice"},
{"name":"ModelAdvance", "ph":"B", "ts":"3681806533", "pid":"1", "tid":"cice"},
{"name":"ModelAdvance", "ph":"E", "ts":"3682283009", "pid":"1", "tid":"cice"},
{"name":"ModelAdvance", "ph":"B", "ts":"3682414354", "pid":"1", "tid":"cice"},
{"name":"ModelAdvance", "ph":"E", "ts":"3682876726", "pid":"1", "tid":"cice"},
{"name":"ModelAdvance", "ph":"B", "ts":"3682992786", "pid":"1", "tid":"cice"},
{"name":"ModelAdvance", "ph":"E", "ts":"3683461962", "pid":"1", "tid":"cice"},
{"name":"ModelAdvance", "ph":"B", "ts":"3683657907", "pid":"1", "tid":"cice"},
{"name":"ModelAdvance", "ph":"E", "ts":"3684139698", "pid":"1", "tid":"cice"},
{"name":"ModelAdvance", "ph":"B", "ts":"3684948619", "pid":"1", "tid":"cice"},
{"name":"ModelAdvance", "ph":"E", "ts":"3685424285", "pid":"1", "tid":"cice"},
{"name":"ModelAdvance", "ph":"B", "ts":"3685538296", "pid":"1", "tid":"cice"},
{"name":"ModelAdvance", "ph":"E", "ts":"3686024642", "pid":"1", "tid":"cice"},
{"name":"ModelAdvance", "ph":"B", "ts":"3686149188", "pid":"1", "tid":"cice"},
{"name":"ModelAdvance", "ph":"E", "ts":"3686623285", "pid":"1", "tid":"cice"},
{"name":"ModelAdvance", "ph":"B", "ts":"3686751899", "pid":"1", "tid":"cice"},
{"name":"ModelAdvance", "ph":"E", "ts":"3687226756", "pid":"1", "tid":"cice"},
{"name":"ModelAdvance", "ph":"B", "ts":"3687353360", "pid":"1", "tid":"cice"},
{"name":"ModelAdvance", "ph":"E", "ts":"3687831591", "pid":"1", "tid":"cice"},
{"name":"ModelAdvance", "ph":"B", "ts":"3687952032", "pid":"1", "tid":"cice"},
{"name":"ModelAdvance", "ph":"E", "ts":"3688427894", "pid":"1", "tid":"cice"},
{"name":"ModelAdvance", "ph":"B", "ts":"3688542537", "pid":"1", "tid":"cice"},
{"name":"ModelAdvance", "ph":"E", "ts":"3689018952", "pid":"1", "tid":"cice"},
{"name":"ModelAdvance", "ph":"B", "ts":"3689135245", "pid":"1", "tid":"cice"},
{"name":"ModelAdvance", "ph":"E", "ts":"3689607355", "pid":"1", "tid":"cice"},
{"name":"ModelAdvance", "ph":"B", "ts":"3689736950", "pid":"1", "tid":"cice"},
{"name":"ModelAdvance", "ph":"E", "ts":"3690206651", "pid":"1", "tid":"cice"},
{"name":"ModelAdvance", "ph":"B", "ts":"3690326510", "pid":"1", "tid":"cice"},
{"name":"ModelAdvance", "ph":"E", "ts":"3690796089", "pid":"1", "tid":"cice"},
{"name":"ModelAdvance", "ph":"B", "ts":"3690916795", "pid":"1", "tid":"cice"},
{"name":"ModelAdvance", "ph":"E", "ts":"3691393393", "pid":"1", "tid":"cice"},
{"name":"ModelAdvance", "ph":"B", "ts":"3691512707", "pid":"1", "tid":"cice"},
{"name":"ModelAdvance", "ph":"E", "ts":"3691982815", "pid":"1", "tid":"cice"},
{"name":"ModelAdvance", "ph":"B", "ts":"3692102035", "pid":"1", "tid":"cice"},
{"name":"ModelAdvance", "ph":"E", "ts":"3692581238", "pid":"1", "tid":"cice"},
{"name":"ModelAdvance", "ph":"B", "ts":"3692723065", "pid":"1", "tid":"cice"},
{"name":"ModelAdvance", "ph":"E", "ts":"3693197295", "pid":"1", "tid":"cice"},
{"name":"ModelAdvance", "ph":"B", "ts":"3693318377", "pid":"1", "tid":"cice"},
{"name":"ModelAdvance", "ph":"E", "ts":"3693786369", "pid":"1", "tid":"cice"},
{"name":"ModelAdvance", "ph":"B", "ts":"3693910737", "pid":"1", "tid":"cice"},
{"name":"ModelAdvance", "ph":"E", "ts":"3694388475", "pid":"1", "tid":"cice"},
{"name":"ModelAdvance", "ph":"B", "ts":"3694500500", "pid":"1", "tid":"cice"},
{"name":"ModelAdvance", "ph":"E", "ts":"3694976771", "pid":"1", "tid":"cice"},
{"name":"ModelAdvance", "ph":"B", "ts":"3695101367", "pid":"1", "tid":"cice"},
{"name":"ModelAdvance", "ph":"E", "ts":"3695580644", "pid":"1", "tid":"cice"},
{"name":"ModelAdvance", "ph":"B", "ts":"3695697778", "pid":"1", "tid":"cice"},
{"name":"ModelAdvance", "ph":"E", "ts":"3696177206", "pid":"1", "tid":"cice"},
{"name":"ModelAdvance", "ph":"B", "ts":"3696288370", "pid":"1", "tid":"cice"},
{"name":"ModelAdvance", "ph":"E", "ts":"3696761036", "pid":"1", "tid":"cice"},
{"name":"ModelAdvance", "ph":"B", "ts":"3696887336", "pid":"1", "tid":"cice"},
{"name":"ModelAdvance", "ph":"E", "ts":"3697364598", "pid":"1", "tid":"cice"},
{"name":"ModelAdvance", "ph":"B", "ts":"3697474174", "pid":"1", "tid":"cice"},
{"name":"ModelAdvance", "ph":"E", "ts":"3697945613", "pid":"1", "tid":"cice"},
{"name":"ModelAdvance", "ph":"B", "ts":"3698065802", "pid":"1", "tid":"cice"},
{"name":"ModelAdvance", "ph":"E", "ts":"3698542893", "pid":"1", "tid":"cice"},
{"name":"ModelAdvance", "ph":"B", "ts":"3698657277", "pid":"1", "tid":"cice"},
{"name":"ModelAdvance", "ph":"E", "ts":"3699132193", "pid":"1", "tid":"cice"},
{"name":"ModelAdvance", "ph":"B", "ts":"3699952140", "pid":"1", "tid":"cice"},
{"name":"ModelAdvance", "ph":"E", "ts":"3700429080", "pid":"1", "tid":"cice"},
{"name":"ModelAdvance", "ph":"B", "ts":"3700561578", "pid":"1", "tid":"cice"},
{"name":"ModelAdvance", "ph":"E", "ts":"3701032132", "pid":"1", "tid":"cice"},
{"name":"ModelAdvance", "ph":"B", "ts":"3701151378", "pid":"1", "tid":"cice"},
{"name":"ModelAdvance", "ph":"E", "ts":"3701645588", "pid":"1", "tid":"cice"},
{"name":"ModelAdvance", "ph":"B", "ts":"3701752632", "pid":"1", "tid":"cice"},
{"name":"ModelAdvance", "ph":"E", "ts":"3702228623", "pid":"1", "tid":"cice"},
{"name":"ModelAdvance", "ph":"B", "ts":"3702340419", "pid":"1", "tid":"cice"},
{"name":"ModelAdvance", "ph":"E", "ts":"3702817148", "pid":"1", "tid":"cice"},
{"name":"ModelAdvance", "ph":"B", "ts":"3702940854", "pid":"1", "tid":"cice"},
{"name":"ModelAdvance", "ph":"E", "ts":"3703419425", "pid":"1", "tid":"cice"},
{"name":"ModelAdvance", "ph":"B", "ts":"3703524230", "pid":"1", "tid":"cice"},
{"name":"ModelAdvance", "ph":"E", "ts":"3704007370", "pid":"1", "tid":"cice"},
{"name":"ModelAdvance", "ph":"B", "ts":"3704115944", "pid":"1", "tid":"cice"},
{"name":"ModelAdvance", "ph":"E", "ts":"3704586402", "pid":"1", "tid":"cice"},
{"name":"ModelAdvance", "ph":"B", "ts":"3704699302", "pid":"1", "tid":"cice"},
{"name":"ModelAdvance", "ph":"E", "ts":"3705189892", "pid":"1", "tid":"cice"},
{"name":"ModelAdvance", "ph":"B", "ts":"3705298122", "pid":"1", "tid":"cice"},
{"name":"ModelAdvance", "ph":"E", "ts":"3705761889", "pid":"1", "tid":"cice"},
{"name":"ModelAdvance", "ph":"B", "ts":"3705893716", "pid":"1", "tid":"cice"},
{"name":"ModelAdvance", "ph":"E", "ts":"3706361864", "pid":"1", "tid":"cice"},
{"name":"ModelAdvance", "ph":"B", "ts":"3706489045", "pid":"1", "tid":"cice"},
{"name":"ModelAdvance", "ph":"E", "ts":"3706969920", "pid":"1", "tid":"cice"},
{"name":"ModelAdvance", "ph":"B", "ts":"3707088717", "pid":"1", "tid":"cice"},
{"name":"ModelAdvance", "ph":"E", "ts":"3707564448", "pid":"1", "tid":"cice"},
{"name":"ModelAdvance", "ph":"B", "ts":"3707669897", "pid":"1", "tid":"cice"},
{"name":"ModelAdvance", "ph":"E", "ts":"3708149329", "pid":"1", "tid":"cice"},
{"name":"ModelAdvance", "ph":"B", "ts":"3708253250", "pid":"1", "tid":"cice"},
{"name":"ModelAdvance", "ph":"E", "ts":"3708735153", "pid":"1", "tid":"cice"},
{"name":"ModelAdvance", "ph":"B", "ts":"3708849354", "pid":"1", "tid":"cice"},
{"name":"ModelAdvance", "ph":"E", "ts":"3709321061", "pid":"1", "tid":"cice"},
{"name":"ModelAdvance", "ph":"B", "ts":"3709430612", "pid":"1", "tid":"cice"},
{"name":"ModelAdvance", "ph":"E", "ts":"3709906323", "pid":"1", "tid":"cice"},
{"name":"ModelAdvance", "ph":"B", "ts":"3710086689", "pid":"1", "tid":"cice"},
{"name":"ModelAdvance", "ph":"E", "ts":"3710558615", "pid":"1", "tid":"cice"},
{"name":"ModelAdvance", "ph":"B", "ts":"3710670400", "pid":"1", "tid":"cice"},
{"name":"ModelAdvance", "ph":"E", "ts":"3711152049", "pid":"1", "tid":"cice"},
{"name":"ModelAdvance", "ph":"B", "ts":"3711255735", "pid":"1", "tid":"cice"},
{"name":"ModelAdvance", "ph":"E", "ts":"3711729173", "pid":"1", "tid":"cice"},
{"name":"ModelAdvance", "ph":"B", "ts":"3711844776", "pid":"1", "tid":"cice"},
{"name":"ModelAdvance", "ph":"E", "ts":"3712318303", "pid":"1", "tid":"cice"},
{"name":"ModelAdvance", "ph":"B", "ts":"3712451405", "pid":"1", "tid":"cice"},
{"name":"ModelAdvance", "ph":"E", "ts":"3712919608", "pid":"1", "tid":"cice"},
{"name":"ModelAdvance", "ph":"B", "ts":"3713041344", "pid":"1", "tid":"cice"},
{"name":"ModelAdvance", "ph":"E", "ts":"3713520856", "pid":"1", "tid":"cice"},
{"name":"ModelAdvance", "ph":"B", "ts":"3713646843", "pid":"1", "tid":"cice"},
{"name":"ModelAdvance", "ph":"E", "ts":"3714117605", "pid":"1", "tid":"cice"},
{"name":"ModelAdvance", "ph":"B", "ts":"3714901722", "pid":"1", "tid":"cice"},
{"name":"ModelAdvance", "ph":"E", "ts":"3715382662", "pid":"1", "tid":"cice"},
{"name":"ModelAdvance", "ph":"B", "ts":"3715488408", "pid":"1", "tid":"cice"},
{"name":"ModelAdvance", "ph":"E", "ts":"3715976452", "pid":"1", "tid":"cice"},
{"name":"ModelAdvance", "ph":"B", "ts":"3716076790", "pid":"1", "tid":"cice"},
{"name":"ModelAdvance", "ph":"E", "ts":"3716552418", "pid":"1", "tid":"cice"},
{"name":"ModelAdvance", "ph":"B", "ts":"3716661066", "pid":"1", "tid":"cice"},
{"name":"ModelAdvance", "ph":"E", "ts":"3717142075", "pid":"1", "tid":"cice"},
{"name":"ModelAdvance", "ph":"B", "ts":"3717266549", "pid":"1", "tid":"cice"},
{"name":"ModelAdvance", "ph":"E", "ts":"3717741592", "pid":"1", "tid":"cice"},
{"name":"ModelAdvance", "ph":"B", "ts":"3717846959", "pid":"1", "tid":"cice"},
{"name":"ModelAdvance", "ph":"E", "ts":"3718327967", "pid":"1", "tid":"cice"},
{"name":"ModelAdvance", "ph":"B", "ts":"3718439469", "pid":"1", "tid":"cice"},
{"name":"ModelAdvance", "ph":"E", "ts":"3718907197", "pid":"1", "tid":"cice"},
{"name":"ModelAdvance", "ph":"B", "ts":"3719020308", "pid":"1", "tid":"cice"},
{"name":"ModelAdvance", "ph":"E", "ts":"3719489482", "pid":"1", "tid":"cice"},
{"name":"ModelAdvance", "ph":"B", "ts":"3719609890", "pid":"1", "tid":"cice"},
{"name":"ModelAdvance", "ph":"E", "ts":"3720093644", "pid":"1", "tid":"cice"},
{"name":"ModelAdvance", "ph":"B", "ts":"3720223435", "pid":"1", "tid":"cice"},
{"name":"ModelAdvance", "ph":"E", "ts":"3720706320", "pid":"1", "tid":"cice"},
{"name":"ModelAdvance", "ph":"B", "ts":"3720810640", "pid":"1", "tid":"cice"},
{"name":"ModelAdvance", "ph":"E", "ts":"3721289955", "pid":"1", "tid":"cice"},
{"name":"ModelAdvance", "ph":"B", "ts":"3721435132", "pid":"1", "tid":"cice"},
{"name":"ModelAdvance", "ph":"E", "ts":"3721912882", "pid":"1", "tid":"cice"},
{"name":"ModelAdvance", "ph":"B", "ts":"3722025777", "pid":"1", "tid":"cice"},
{"name":"ModelAdvance", "ph":"E", "ts":"3722508950", "pid":"1", "tid":"cice"},
{"name":"ModelAdvance", "ph":"B", "ts":"3722615840", "pid":"1", "tid":"cice"},
{"name":"ModelAdvance", "ph":"E", "ts":"3723087510", "pid":"1", "tid":"cice"},
{"name":"ModelAdvance", "ph":"B", "ts":"3723205577", "pid":"1", "tid":"cice"},
{"name":"ModelAdvance", "ph":"E", "ts":"3723684177", "pid":"1", "tid":"cice"},
{"name":"ModelAdvance", "ph":"B", "ts":"3723815231", "pid":"1", "tid":"cice"},
{"name":"ModelAdvance", "ph":"E", "ts":"3724290875", "pid":"1", "tid":"cice"},
{"name":"ModelAdvance", "ph":"B", "ts":"3724404993", "pid":"1", "tid":"cice"},
{"name":"ModelAdvance", "ph":"E", "ts":"3724874706", "pid":"1", "tid":"cice"},
{"name":"ModelAdvance", "ph":"B", "ts":"3724987431", "pid":"1", "tid":"cice"},
{"name":"ModelAdvance", "ph":"E", "ts":"3725467667", "pid":"1", "tid":"cice"},
{"name":"ModelAdvance", "ph":"B", "ts":"3725586911", "pid":"1", "tid":"cice"},
{"name":"ModelAdvance", "ph":"E", "ts":"3726068365", "pid":"1", "tid":"cice"},
{"name":"ModelAdvance", "ph":"B", "ts":"3726186511", "pid":"1", "tid":"cice"},
{"name":"ModelAdvance", "ph":"E", "ts":"3726650124", "pid":"1", "tid":"cice"},
{"name":"ModelAdvance", "ph":"B", "ts":"3726772296", "pid":"1", "tid":"cice"},
{"name":"ModelAdvance", "ph":"E", "ts":"3727251630", "pid":"1", "tid":"cice"},
{"name":"ModelAdvance", "ph":"B", "ts":"3727357823", "pid":"1", "tid":"cice"},
{"name":"ModelAdvance", "ph":"E", "ts":"3727838476", "pid":"1", "tid":"cice"},
{"name":"ModelAdvance", "ph":"B", "ts":"3727954515", "pid":"1", "tid":"cice"},
{"name":"ModelAdvance", "ph":"E", "ts":"3728517845", "pid":"1", "tid":"cice"},
{"name":"ModelAdvance", "ph":"B", "ts":"3728566099", "pid":"1", "tid":"cice"},
{"name":"ModelAdvance", "ph":"E", "ts":"3729033543", "pid":"1", "tid":"cice"},
{"name":"ModelAdvance", "ph":"B", "ts":"3729861556", "pid":"1", "tid":"cice"},
{"name":"ModelAdvance", "ph":"E", "ts":"3730344663", "pid":"1", "tid":"cice"},
{"name":"ModelAdvance", "ph":"B", "ts":"3730449930", "pid":"1", "tid":"cice"},
{"name":"ModelAdvance", "ph":"E", "ts":"3730932675", "pid":"1", "tid":"cice"},
{"name":"ModelAdvance", "ph":"B", "ts":"3731051901", "pid":"1", "tid":"cice"},
{"name":"ModelAdvance", "ph":"E", "ts":"3731529162", "pid":"1", "tid":"cice"},
{"name":"ModelAdvance", "ph":"B", "ts":"3731678325", "pid":"1", "tid":"cice"},
{"name":"ModelAdvance", "ph":"E", "ts":"3732154074", "pid":"1", "tid":"cice"},
{"name":"ModelAdvance", "ph":"B", "ts":"3732282445", "pid":"1", "tid":"cice"},
{"name":"ModelAdvance", "ph":"E", "ts":"3732750868", "pid":"1", "tid":"cice"},
{"name":"ModelAdvance", "ph":"B", "ts":"3732869379", "pid":"1", "tid":"cice"},
{"name":"ModelAdvance", "ph":"E", "ts":"3733339707", "pid":"1", "tid":"cice"},
{"name":"ModelAdvance", "ph":"B", "ts":"3733481379", "pid":"1", "tid":"cice"},
{"name":"ModelAdvance", "ph":"E", "ts":"3733951112", "pid":"1", "tid":"cice"},
{"name":"ModelAdvance", "ph":"B", "ts":"3734082997", "pid":"1", "tid":"cice"},
{"name":"ModelAdvance", "ph":"E", "ts":"3734557993", "pid":"1", "tid":"cice"},
{"name":"ModelAdvance", "ph":"B", "ts":"3734689992", "pid":"1", "tid":"cice"},
{"name":"ModelAdvance", "ph":"E", "ts":"3735173846", "pid":"1", "tid":"cice"},
{"name":"ModelAdvance", "ph":"B", "ts":"3735280346", "pid":"1", "tid":"cice"},
{"name":"ModelAdvance", "ph":"E", "ts":"3735752886", "pid":"1", "tid":"cice"},
{"name":"ModelAdvance", "ph":"B", "ts":"3735902227", "pid":"1", "tid":"cice"},
{"name":"ModelAdvance", "ph":"E", "ts":"3736380446", "pid":"1", "tid":"cice"},
{"name":"ModelAdvance", "ph":"B", "ts":"3736540834", "pid":"1", "tid":"cice"},
{"name":"ModelAdvance", "ph":"E", "ts":"3737013765", "pid":"1", "tid":"cice"},
{"name":"ModelAdvance", "ph":"B", "ts":"3737127204", "pid":"1", "tid":"cice"},
{"name":"ModelAdvance", "ph":"E", "ts":"3737612772", "pid":"1", "tid":"cice"},
{"name":"ModelAdvance", "ph":"B", "ts":"3737729704", "pid":"1", "tid":"cice"},
{"name":"ModelAdvance", "ph":"E", "ts":"3738203590", "pid":"1", "tid":"cice"},
{"name":"ModelAdvance", "ph":"B", "ts":"3738318885", "pid":"1", "tid":"cice"},
{"name":"ModelAdvance", "ph":"E", "ts":"3738796092", "pid":"1", "tid":"cice"},
{"name":"ModelAdvance", "ph":"B", "ts":"3738914005", "pid":"1", "tid":"cice"},
{"name":"ModelAdvance", "ph":"E", "ts":"3739389336", "pid":"1", "tid":"cice"},
{"name":"ModelAdvance", "ph":"B", "ts":"3739502662", "pid":"1", "tid":"cice"},
{"name":"ModelAdvance", "ph":"E", "ts":"3739975158", "pid":"1", "tid":"cice"},
{"name":"ModelAdvance", "ph":"B", "ts":"3740118861", "pid":"1", "tid":"cice"},
{"name":"ModelAdvance", "ph":"E", "ts":"3740605342", "pid":"1", "tid":"cice"},
{"name":"ModelAdvance", "ph":"B", "ts":"3740723437", "pid":"1", "tid":"cice"},
{"name":"ModelAdvance", "ph":"E", "ts":"3741197785", "pid":"1", "tid":"cice"},
{"name":"ModelAdvance", "ph":"B", "ts":"3741323914", "pid":"1", "tid":"cice"},
{"name":"ModelAdvance", "ph":"E", "ts":"3741804190", "pid":"1", "tid":"cice"},
{"name":"ModelAdvance", "ph":"B", "ts":"3741922350", "pid":"1", "tid":"cice"},
{"name":"ModelAdvance", "ph":"E", "ts":"3742402633", "pid":"1", "tid":"cice"},
{"name":"ModelAdvance", "ph":"B", "ts":"3742524365", "pid":"1", "tid":"cice"},
{"name":"ModelAdvance", "ph":"E", "ts":"3742998767", "pid":"1", "tid":"cice"},
{"name":"ModelAdvance", "ph":"B", "ts":"3743196386", "pid":"1", "tid":"cice"},
{"name":"ModelAdvance", "ph":"E", "ts":"3743680330", "pid":"1", "tid":"cice"},
{"name":"ModelAdvance", "ph":"B", "ts":"3743814747", "pid":"1", "tid":"cice"},
{"name":"ModelAdvance", "ph":"E", "ts":"3744308784", "pid":"1", "tid":"cice"},
{"name":"ModelAdvance", "ph":"B", "ts":"3745084466", "pid":"1", "tid":"cice"},
{"name":"ModelAdvance", "ph":"E", "ts":"3745564242", "pid":"1", "tid":"cice"},
{"name":"ModelAdvance", "ph":"B", "ts":"3745692236", "pid":"1", "tid":"cice"},
{"name":"ModelAdvance", "ph":"E", "ts":"3746160101", "pid":"1", "tid":"cice"},
{"name":"ModelAdvance", "ph":"B", "ts":"3746304039", "pid":"1", "tid":"cice"},
{"name":"ModelAdvance", "ph":"E", "ts":"3746780663", "pid":"1", "tid":"cice"},
{"name":"ModelAdvance", "ph":"B", "ts":"3746903694", "pid":"1", "tid":"cice"},
{"name":"ModelAdvance", "ph":"E", "ts":"3747384102", "pid":"1", "tid":"cice"},
{"name":"ModelAdvance", "ph":"B", "ts":"3747518628", "pid":"1", "tid":"cice"},
{"name":"ModelAdvance", "ph":"E", "ts":"3747989514", "pid":"1", "tid":"cice"},
{"name":"ModelAdvance", "ph":"B", "ts":"3748167927", "pid":"1", "tid":"cice"},
{"name":"ModelAdvance", "ph":"E", "ts":"3748642296", "pid":"1", "tid":"cice"},
{"name":"ModelAdvance", "ph":"B", "ts":"3748784510", "pid":"1", "tid":"cice"},
{"name":"ModelAdvance", "ph":"E", "ts":"3749268070", "pid":"1", "tid":"cice"},
{"name":"ModelAdvance", "ph":"B", "ts":"3749449771", "pid":"1", "tid":"cice"},
{"name":"ModelAdvance", "ph":"E", "ts":"3749920624", "pid":"1", "tid":"cice"},
{"name":"ModelAdvance", "ph":"B", "ts":"3750058698", "pid":"1", "tid":"cice"},
{"name":"ModelAdvance", "ph":"E", "ts":"3750541886", "pid":"1", "tid":"cice"},
{"name":"ModelAdvance", "ph":"B", "ts":"3750667135", "pid":"1", "tid":"cice"},
{"name":"ModelAdvance", "ph":"E", "ts":"3751143747", "pid":"1", "tid":"cice"},
{"name":"ModelAdvance", "ph":"B", "ts":"3751286439", "pid":"1", "tid":"cice"},
{"name":"ModelAdvance", "ph":"E", "ts":"3751761866", "pid":"1", "tid":"cice"},
{"name":"ModelAdvance", "ph":"B", "ts":"3751908756", "pid":"1", "tid":"cice"},
{"name":"ModelAdvance", "ph":"E", "ts":"3752377589", "pid":"1", "tid":"cice"},
{"name":"ModelAdvance", "ph":"B", "ts":"3752515619", "pid":"1", "tid":"cice"},
{"name":"ModelAdvance", "ph":"E", "ts":"3752996214", "pid":"1", "tid":"cice"},
{"name":"ModelAdvance", "ph":"B", "ts":"3753133331", "pid":"1", "tid":"cice"},
{"name":"ModelAdvance", "ph":"E", "ts":"3753614604", "pid":"1", "tid":"cice"},
{"name":"ModelAdvance", "ph":"B", "ts":"3753791167", "pid":"1", "tid":"cice"},
{"name":"ModelAdvance", "ph":"E", "ts":"3754265909", "pid":"1", "tid":"cice"},
{"name":"ModelAdvance", "ph":"B", "ts":"3754476732", "pid":"1", "tid":"cice"},
{"name":"ModelAdvance", "ph":"E", "ts":"3754945861", "pid":"1", "tid":"cice"},
{"name":"ModelAdvance", "ph":"B", "ts":"3755115488", "pid":"1", "tid":"cice"},
{"name":"ModelAdvance", "ph":"E", "ts":"3755587165", "pid":"1", "tid":"cice"},
{"name":"ModelAdvance", "ph":"B", "ts":"3755765876", "pid":"1", "tid":"cice"},
{"name":"ModelAdvance", "ph":"E", "ts":"3756246258", "pid":"1", "tid":"cice"},
{"name":"ModelAdvance", "ph":"B", "ts":"3756406457", "pid":"1", "tid":"cice"},
{"name":"ModelAdvance", "ph":"E", "ts":"3756885439", "pid":"1", "tid":"cice"},
{"name":"ModelAdvance", "ph":"B", "ts":"3757088493", "pid":"1", "tid":"cice"},
{"name":"ModelAdvance", "ph":"E", "ts":"3757575519", "pid":"1", "tid":"cice"},
{"name":"ModelAdvance", "ph":"B", "ts":"3757751867", "pid":"1", "tid":"cice"},
{"name":"ModelAdvance", "ph":"E", "ts":"3758282365", "pid":"1", "tid":"cice"},
{"name":"ModelAdvance", "ph":"B", "ts":"3758393012", "pid":"1", "tid":"cice"},
{"name":"ModelAdvance", "ph":"E", "ts":"3758869623", "pid":"1", "tid":"cice"},
{"name":"ModelAdvance", "ph":"B", "ts":"3759080331", "pid":"1", "tid":"cice"},
{"name":"ModelAdvance", "ph":"E", "ts":"3759562071", "pid":"1", "tid":"cice"},
{"name":"ModelAdvance", "ph":"B", "ts":"3759711760", "pid":"1", "tid":"cice"},
{"name":"ModelAdvance", "ph":"E", "ts":"3760183841", "pid":"1", "tid":"cice"},
{"name":"ModelAdvance", "ph":"B", "ts":"3760948900", "pid":"1", "tid":"cice"},
{"name":"ModelAdvance", "ph":"E", "ts":"3761431793", "pid":"1", "tid":"cice"},
{"name":"ModelAdvance", "ph":"B", "ts":"3761568849", "pid":"1", "tid":"cice"},
{"name":"ModelAdvance", "ph":"E", "ts":"3762054970", "pid":"1", "tid":"cice"},
{"name":"ModelAdvance", "ph":"B", "ts":"3762237507", "pid":"1", "tid":"cice"},
{"name":"ModelAdvance", "ph":"E", "ts":"3762706625", "pid":"1", "tid":"cice"},
{"name":"ModelAdvance", "ph":"B", "ts":"3762883868", "pid":"1", "tid":"cice"},
{"name":"ModelAdvance", "ph":"E", "ts":"3763352445", "pid":"1", "tid":"cice"},
{"name":"ModelAdvance", "ph":"B", "ts":"3763578640", "pid":"1", "tid":"cice"},
{"name":"ModelAdvance", "ph":"E", "ts":"3764056327", "pid":"1", "tid":"cice"},
{"name":"ModelAdvance", "ph":"B", "ts":"3764211555", "pid":"1", "tid":"cice"},
{"name":"ModelAdvance", "ph":"E", "ts":"3764685761", "pid":"1", "tid":"cice"},
{"name":"ModelAdvance", "ph":"B", "ts":"3764864599", "pid":"1", "tid":"cice"},
{"name":"ModelAdvance", "ph":"E", "ts":"3765349187", "pid":"1", "tid":"cice"},
{"name":"ModelAdvance", "ph":"B", "ts":"3765487913", "pid":"1", "tid":"cice"},
{"name":"ModelAdvance", "ph":"E", "ts":"3765964058", "pid":"1", "tid":"cice"},
{"name":"ModelAdvance", "ph":"B", "ts":"3766111734", "pid":"1", "tid":"cice"},
{"name":"ModelAdvance", "ph":"E", "ts":"3766598402", "pid":"1", "tid":"cice"},
{"name":"ModelAdvance", "ph":"B", "ts":"3766775766", "pid":"1", "tid":"cice"},
{"name":"ModelAdvance", "ph":"E", "ts":"3767259414", "pid":"1", "tid":"cice"},
{"name":"ModelAdvance", "ph":"B", "ts":"3767437756", "pid":"1", "tid":"cice"},
{"name":"ModelAdvance", "ph":"E", "ts":"3767912736", "pid":"1", "tid":"cice"},
{"name":"ModelAdvance", "ph":"B", "ts":"3768084655", "pid":"1", "tid":"cice"},
{"name":"ModelAdvance", "ph":"E", "ts":"3768572951", "pid":"1", "tid":"cice"},
{"name":"ModelAdvance", "ph":"B", "ts":"3768753058", "pid":"1", "tid":"cice"},
{"name":"ModelAdvance", "ph":"E", "ts":"3769220606", "pid":"1", "tid":"cice"},
{"name":"ModelAdvance", "ph":"B", "ts":"3769377007", "pid":"1", "tid":"cice"},
{"name":"ModelAdvance", "ph":"E", "ts":"3769858234", "pid":"1", "tid":"cice"},
{"name":"ModelAdvance", "ph":"B", "ts":"3770055427", "pid":"1", "tid":"cice"},
{"name":"ModelAdvance", "ph":"E", "ts":"3770530017", "pid":"1", "tid":"cice"},
{"name":"ModelAdvance", "ph":"B", "ts":"3770737183", "pid":"1", "tid":"cice"},
{"name":"ModelAdvance", "ph":"E", "ts":"3771217578", "pid":"1", "tid":"cice"},
{"name":"ModelAdvance", "ph":"B", "ts":"3771420982", "pid":"1", "tid":"cice"},
{"name":"ModelAdvance", "ph":"E", "ts":"3771896144", "pid":"1", "tid":"cice"},
{"name":"ModelAdvance", "ph":"B", "ts":"3772088394", "pid":"1", "tid":"cice"},
{"name":"ModelAdvance", "ph":"E", "ts":"3772584229", "pid":"1", "tid":"cice"},
{"name":"ModelAdvance", "ph":"B", "ts":"3772704950", "pid":"1", "tid":"cice"},
{"name":"ModelAdvance", "ph":"E", "ts":"3773194556", "pid":"1", "tid":"cice"},
{"name":"ModelAdvance", "ph":"B", "ts":"3773316177", "pid":"1", "tid":"cice"},
{"name":"ModelAdvance", "ph":"E", "ts":"3773794797", "pid":"1", "tid":"cice"},
{"name":"ModelAdvance", "ph":"B", "ts":"3773986894", "pid":"1", "tid":"cice"},
{"name":"ModelAdvance", "ph":"E", "ts":"3774469291", "pid":"1", "tid":"cice"},
{"name":"ModelAdvance", "ph":"B", "ts":"3774615477", "pid":"1", "tid":"cice"},
{"name":"ModelAdvance", "ph":"E", "ts":"3775086135", "pid":"1", "tid":"cice"},
{"name":"ModelAdvance", "ph":"B", "ts":"3775274367", "pid":"1", "tid":"cice"},
{"name":"ModelAdvance", "ph":"E", "ts":"3775757686", "pid":"1", "tid":"cice"},
{"name":"ModelAdvance", "ph":"B", "ts":"3776000347", "pid":"1", "tid":"cice"},
{"name":"ModelAdvance", "ph":"E", "ts":"3776485554", "pid":"1", "tid":"cice"},
{"name":"ModelAdvance", "ph":"B", "ts":"3789004324", "pid":"1", "tid":"cice"},
{"name":"ModelAdvance", "ph":"E", "ts":"3789484834", "pid":"1", "tid":"cice"},
{"name":"ModelAdvance", "ph":"B", "ts":"3789608815", "pid":"1", "tid":"cice"},
{"name":"ModelAdvance", "ph":"E", "ts":"3790070608", "pid":"1", "tid":"cice"},
{"name":"ModelAdvance", "ph":"B", "ts":"3790227196", "pid":"1", "tid":"cice"},
{"name":"ModelAdvance", "ph":"E", "ts":"3790716582", "pid":"1", "tid":"cice"},
{"name":"ModelAdvance", "ph":"B", "ts":"3790832157", "pid":"1", "tid":"cice"},
{"name":"ModelAdvance", "ph":"E", "ts":"3791301222", "pid":"1", "tid":"cice"},
{"name":"ModelAdvance", "ph":"B", "ts":"3791433947", "pid":"1", "tid":"cice"},
{"name":"ModelAdvance", "ph":"E", "ts":"3791917599", "pid":"1", "tid":"cice"},
{"name":"ModelAdvance", "ph":"B", "ts":"3792045458", "pid":"1", "tid":"cice"},
{"name":"ModelAdvance", "ph":"E", "ts":"3792524941", "pid":"1", "tid":"cice"},
{"name":"ModelAdvance", "ph":"B", "ts":"3792639905", "pid":"1", "tid":"cice"},
{"name":"ModelAdvance", "ph":"E", "ts":"3793123433", "pid":"1", "tid":"cice"},
{"name":"ModelAdvance", "ph":"B", "ts":"3793286398", "pid":"1", "tid":"cice"},
{"name":"ModelAdvance", "ph":"E", "ts":"3793760228", "pid":"1", "tid":"cice"},
{"name":"ModelAdvance", "ph":"B", "ts":"3793889067", "pid":"1", "tid":"cice"},
{"name":"ModelAdvance", "ph":"E", "ts":"3794362185", "pid":"1", "tid":"cice"},
{"name":"ModelAdvance", "ph":"B", "ts":"3794482780", "pid":"1", "tid":"cice"},
{"name":"ModelAdvance", "ph":"E", "ts":"3794959994", "pid":"1", "tid":"cice"},
{"name":"ModelAdvance", "ph":"B", "ts":"3795081597", "pid":"1", "tid":"cice"},
{"name":"ModelAdvance", "ph":"E", "ts":"3795559733", "pid":"1", "tid":"cice"},
{"name":"ModelAdvance", "ph":"B", "ts":"3795745956", "pid":"1", "tid":"cice"},
{"name":"ModelAdvance", "ph":"E", "ts":"3796220535", "pid":"1", "tid":"cice"},
{"name":"ModelAdvance", "ph":"B", "ts":"3796334828", "pid":"1", "tid":"cice"},
{"name":"ModelAdvance", "ph":"E", "ts":"3796815546", "pid":"1", "tid":"cice"},
{"name":"ModelAdvance", "ph":"B", "ts":"3796930466", "pid":"1", "tid":"cice"},
{"name":"ModelAdvance", "ph":"E", "ts":"3797404908", "pid":"1", "tid":"cice"},
{"name":"ModelAdvance", "ph":"B", "ts":"3797541338", "pid":"1", "tid":"cice"},
{"name":"ModelAdvance", "ph":"E", "ts":"3798022552", "pid":"1", "tid":"cice"},
{"name":"ModelAdvance", "ph":"B", "ts":"3798147223", "pid":"1", "tid":"cice"},
{"name":"ModelAdvance", "ph":"E", "ts":"3798620057", "pid":"1", "tid":"cice"},
{"name":"ModelAdvance", "ph":"B", "ts":"3798812439", "pid":"1", "tid":"cice"},
{"name":"ModelAdvance", "ph":"E", "ts":"3799292387", "pid":"1", "tid":"cice"},
{"name":"ModelAdvance", "ph":"B", "ts":"3799432901", "pid":"1", "tid":"cice"},
{"name":"ModelAdvance", "ph":"E", "ts":"3799908142", "pid":"1", "tid":"cice"},
{"name":"ModelAdvance", "ph":"B", "ts":"3800043517", "pid":"1", "tid":"cice"},
{"name":"ModelAdvance", "ph":"E", "ts":"3800528795", "pid":"1", "tid":"cice"},
{"name":"ModelAdvance", "ph":"B", "ts":"3800688350", "pid":"1", "tid":"cice"},
{"name":"ModelAdvance", "ph":"E", "ts":"3801161044", "pid":"1", "tid":"cice"},
{"name":"ModelAdvance", "ph":"B", "ts":"3801353757", "pid":"1", "tid":"cice"},
{"name":"ModelAdvance", "ph":"E", "ts":"3801846501", "pid":"1", "tid":"cice"},
{"name":"ModelAdvance", "ph":"B", "ts":"3802021198", "pid":"1", "tid":"cice"},
{"name":"ModelAdvance", "ph":"E", "ts":"3802516303", "pid":"1", "tid":"cice"},
{"name":"ModelAdvance", "ph":"B", "ts":"3802697976", "pid":"1", "tid":"cice"},
{"name":"ModelAdvance", "ph":"E", "ts":"3803180109", "pid":"1", "tid":"cice"},
{"name":"ModelAdvance", "ph":"B", "ts":"3803324135", "pid":"1", "tid":"cice"},
{"name":"ModelAdvance", "ph":"E", "ts":"3803796892", "pid":"1", "tid":"cice"},
{"name":"ModelAdvance", "ph":"B", "ts":"3804526001", "pid":"1", "tid":"cice"},
{"name":"ModelAdvance", "ph":"E", "ts":"3805001810", "pid":"1", "tid":"cice"},
{"name":"ModelAdvance", "ph":"B", "ts":"3805143922", "pid":"1", "tid":"cice"},
{"name":"ModelAdvance", "ph":"E", "ts":"3805624013", "pid":"1", "tid":"cice"},
{"name":"ModelAdvance", "ph":"B", "ts":"3805771235", "pid":"1", "tid":"cice"},
{"name":"ModelAdvance", "ph":"E", "ts":"3806238562", "pid":"1", "tid":"cice"},
{"name":"ModelAdvance", "ph":"B", "ts":"3806386918", "pid":"1", "tid":"cice"},
{"name":"ModelAdvance", "ph":"E", "ts":"3806873714", "pid":"1", "tid":"cice"},
{"name":"ModelAdvance", "ph":"B", "ts":"3807028045", "pid":"1", "tid":"cice"},
{"name":"ModelAdvance", "ph":"E", "ts":"3807500721", "pid":"1", "tid":"cice"},
{"name":"ModelAdvance", "ph":"B", "ts":"3807644163", "pid":"1", "tid":"cice"},
{"name":"ModelAdvance", "ph":"E", "ts":"3808128072", "pid":"1", "tid":"cice"},
{"name":"ModelAdvance", "ph":"B", "ts":"3808268465", "pid":"1", "tid":"cice"},
{"name":"ModelAdvance", "ph":"E", "ts":"3808745204", "pid":"1", "tid":"cice"},
{"name":"ModelAdvance", "ph":"B", "ts":"3808870550", "pid":"1", "tid":"cice"},
{"name":"ModelAdvance", "ph":"E", "ts":"3809353024", "pid":"1", "tid":"cice"},
{"name":"ModelAdvance", "ph":"B", "ts":"3809488503", "pid":"1", "tid":"cice"},
{"name":"ModelAdvance", "ph":"E", "ts":"3809970362", "pid":"1", "tid":"cice"},
{"name":"ModelAdvance", "ph":"B", "ts":"3810107832", "pid":"1", "tid":"cice"},
{"name":"ModelAdvance", "ph":"E", "ts":"3810589429", "pid":"1", "tid":"cice"},
{"name":"ModelAdvance", "ph":"B", "ts":"3810755472", "pid":"1", "tid":"cice"},
{"name":"ModelAdvance", "ph":"E", "ts":"3811234900", "pid":"1", "tid":"cice"},
{"name":"ModelAdvance", "ph":"B", "ts":"3811369621", "pid":"1", "tid":"cice"},
{"name":"ModelAdvance", "ph":"E", "ts":"3811855357", "pid":"1", "tid":"cice"},
{"name":"ModelAdvance", "ph":"B", "ts":"3811968391", "pid":"1", "tid":"cice"},
{"name":"ModelAdvance", "ph":"E", "ts":"3812451908", "pid":"1", "tid":"cice"},
{"name":"ModelAdvance", "ph":"B", "ts":"3812567281", "pid":"1", "tid":"cice"},
{"name":"ModelAdvance", "ph":"E", "ts":"3813052288", "pid":"1", "tid":"cice"},
{"name":"ModelAdvance", "ph":"B", "ts":"3813173074", "pid":"1", "tid":"cice"},
{"name":"ModelAdvance", "ph":"E", "ts":"3813633091", "pid":"1", "tid":"cice"},
{"name":"ModelAdvance", "ph":"B", "ts":"3813756814", "pid":"1", "tid":"cice"},
{"name":"ModelAdvance", "ph":"E", "ts":"3814243843", "pid":"1", "tid":"cice"},
{"name":"ModelAdvance", "ph":"B", "ts":"3814360102", "pid":"1", "tid":"cice"},
{"name":"ModelAdvance", "ph":"E", "ts":"3814841306", "pid":"1", "tid":"cice"},
{"name":"ModelAdvance", "ph":"B", "ts":"3814955514", "pid":"1", "tid":"cice"},
{"name":"ModelAdvance", "ph":"E", "ts":"3815430968", "pid":"1", "tid":"cice"},
{"name":"ModelAdvance", "ph":"B", "ts":"3815558648", "pid":"1", "tid":"cice"},
{"name":"ModelAdvance", "ph":"E", "ts":"3816024072", "pid":"1", "tid":"cice"},
{"name":"ModelAdvance", "ph":"B", "ts":"3816152175", "pid":"1", "tid":"cice"},
{"name":"ModelAdvance", "ph":"E", "ts":"3816644107", "pid":"1", "tid":"cice"},
{"name":"ModelAdvance", "ph":"B", "ts":"3816754066", "pid":"1", "tid":"cice"},
{"name":"ModelAdvance", "ph":"E", "ts":"3817225448", "pid":"1", "tid":"cice"},
{"name":"ModelAdvance", "ph":"B", "ts":"3817353279", "pid":"1", "tid":"cice"},
{"name":"ModelAdvance", "ph":"E", "ts":"3817829464", "pid":"1", "tid":"cice"},
{"name":"ModelAdvance", "ph":"B", "ts":"3817948711", "pid":"1", "tid":"cice"},
{"name":"ModelAdvance", "ph":"E", "ts":"3818422937", "pid":"1", "tid":"cice"},
{"name":"ModelAdvance", "ph":"B", "ts":"3818547346", "pid":"1", "tid":"cice"},
{"name":"ModelAdvance", "ph":"E", "ts":"3819033430", "pid":"1", "tid":"cice"},
{"name":"ModelAdvance", "ph":"B", "ts":"3819760711", "pid":"1", "tid":"cice"},
{"name":"ModelAdvance", "ph":"E", "ts":"3820242644", "pid":"1", "tid":"cice"},
{"name":"ModelAdvance", "ph":"B", "ts":"3820353269", "pid":"1", "tid":"cice"},
{"name":"ModelAdvance", "ph":"E", "ts":"3820829082", "pid":"1", "tid":"cice"},
{"name":"ModelAdvance", "ph":"B", "ts":"3820949724", "pid":"1", "tid":"cice"},
{"name":"ModelAdvance", "ph":"E", "ts":"3821433927", "pid":"1", "tid":"cice"},
{"name":"ModelAdvance", "ph":"B", "ts":"3821549504", "pid":"1", "tid":"cice"},
{"name":"ModelAdvance", "ph":"E", "ts":"3822030282", "pid":"1", "tid":"cice"},
{"name":"ModelAdvance", "ph":"B", "ts":"3822148972", "pid":"1", "tid":"cice"},
{"name":"ModelAdvance", "ph":"E", "ts":"3822624203", "pid":"1", "tid":"cice"},
{"name":"ModelAdvance", "ph":"B", "ts":"3822746187", "pid":"1", "tid":"cice"},
{"name":"ModelAdvance", "ph":"E", "ts":"3823228490", "pid":"1", "tid":"cice"},
{"name":"ModelAdvance", "ph":"B", "ts":"3823342992", "pid":"1", "tid":"cice"},
{"name":"ModelAdvance", "ph":"E", "ts":"3823816150", "pid":"1", "tid":"cice"},
{"name":"ModelAdvance", "ph":"B", "ts":"3823947387", "pid":"1", "tid":"cice"},
{"name":"ModelAdvance", "ph":"E", "ts":"3824424536", "pid":"1", "tid":"cice"},
{"name":"ModelAdvance", "ph":"B", "ts":"3824537813", "pid":"1", "tid":"cice"},
{"name":"ModelAdvance", "ph":"E", "ts":"3825022736", "pid":"1", "tid":"cice"},
{"name":"ModelAdvance", "ph":"B", "ts":"3825132493", "pid":"1", "tid":"cice"},
{"name":"ModelAdvance", "ph":"E", "ts":"3825615025", "pid":"1", "tid":"cice"},
{"name":"ModelAdvance", "ph":"B", "ts":"3825729003", "pid":"1", "tid":"cice"},
{"name":"ModelAdvance", "ph":"E", "ts":"3826212910", "pid":"1", "tid":"cice"},
{"name":"ModelAdvance", "ph":"B", "ts":"3826383624", "pid":"1", "tid":"cice"},
{"name":"ModelAdvance", "ph":"E", "ts":"3826863644", "pid":"1", "tid":"cice"},
{"name":"ModelAdvance", "ph":"B", "ts":"3826978183", "pid":"1", "tid":"cice"},
{"name":"ModelAdvance", "ph":"E", "ts":"3827458394", "pid":"1", "tid":"cice"},
{"name":"ModelAdvance", "ph":"B", "ts":"3827599733", "pid":"1", "tid":"cice"},
{"name":"ModelAdvance", "ph":"E", "ts":"3828065860", "pid":"1", "tid":"cice"},
{"name":"ModelAdvance", "ph":"B", "ts":"3828212340", "pid":"1", "tid":"cice"},
{"name":"ModelAdvance", "ph":"E", "ts":"3828701408", "pid":"1", "tid":"cice"},
{"name":"ModelAdvance", "ph":"B", "ts":"3828815137", "pid":"1", "tid":"cice"},
{"name":"ModelAdvance", "ph":"E", "ts":"3829288319", "pid":"1", "tid":"cice"},
{"name":"ModelAdvance", "ph":"B", "ts":"3829419985", "pid":"1", "tid":"cice"},
{"name":"ModelAdvance", "ph":"E", "ts":"3829905756", "pid":"1", "tid":"cice"},
{"name":"ModelAdvance", "ph":"B", "ts":"3830045031", "pid":"1", "tid":"cice"},
{"name":"ModelAdvance", "ph":"E", "ts":"3830523324", "pid":"1", "tid":"cice"},
{"name":"ModelAdvance", "ph":"B", "ts":"3830687242", "pid":"1", "tid":"cice"},
{"name":"ModelAdvance", "ph":"E", "ts":"3831174484", "pid":"1", "tid":"cice"},
{"name":"ModelAdvance", "ph":"B", "ts":"3831324112", "pid":"1", "tid":"cice"},
{"name":"ModelAdvance", "ph":"E", "ts":"3831791580", "pid":"1", "tid":"cice"},
{"name":"ModelAdvance", "ph":"B", "ts":"3831971658", "pid":"1", "tid":"cice"},
{"name":"ModelAdvance", "ph":"E", "ts":"3832458615", "pid":"1", "tid":"cice"},
{"name":"ModelAdvance", "ph":"B", "ts":"3832623482", "pid":"1", "tid":"cice"},
{"name":"ModelAdvance", "ph":"E", "ts":"3833106346", "pid":"1", "tid":"cice"},
{"name":"ModelAdvance", "ph":"B", "ts":"3833249163", "pid":"1", "tid":"cice"},
{"name":"ModelAdvance", "ph":"E", "ts":"3833847180", "pid":"1", "tid":"cice"},
{"name":"ModelAdvance", "ph":"B", "ts":"3833889786", "pid":"1", "tid":"cice"},
{"name":"ModelAdvance", "ph":"E", "ts":"3834364058", "pid":"1", "tid":"cice"},
{"name":"ModelAdvance", "ph":"B", "ts":"3835147359", "pid":"1", "tid":"cice"},
{"name":"ModelAdvance", "ph":"E", "ts":"3835633238", "pid":"1", "tid":"cice"},
{"name":"ModelAdvance", "ph":"B", "ts":"3835760124", "pid":"1", "tid":"cice"},
{"name":"ModelAdvance", "ph":"E", "ts":"3836223428", "pid":"1", "tid":"cice"},
{"name":"ModelAdvance", "ph":"B", "ts":"3836407176", "pid":"1", "tid":"cice"},
{"name":"ModelAdvance", "ph":"E", "ts":"3836886972", "pid":"1", "tid":"cice"},
{"name":"ModelAdvance", "ph":"B", "ts":"3837024264", "pid":"1", "tid":"cice"},
{"name":"ModelAdvance", "ph":"E", "ts":"3837503004", "pid":"1", "tid":"cice"},
{"name":"ModelAdvance", "ph":"B", "ts":"3837634433", "pid":"1", "tid":"cice"},
{"name":"ModelAdvance", "ph":"E", "ts":"3838118465", "pid":"1", "tid":"cice"},
{"name":"ModelAdvance", "ph":"B", "ts":"3838232713", "pid":"1", "tid":"cice"},
{"name":"ModelAdvance", "ph":"E", "ts":"3838708048", "pid":"1", "tid":"cice"},
{"name":"ModelAdvance", "ph":"B", "ts":"3838851025", "pid":"1", "tid":"cice"},
{"name":"ModelAdvance", "ph":"E", "ts":"3839334834", "pid":"1", "tid":"cice"},
{"name":"ModelAdvance", "ph":"B", "ts":"3839452179", "pid":"1", "tid":"cice"},
{"name":"ModelAdvance", "ph":"E", "ts":"3839939866", "pid":"1", "tid":"cice"},
{"name":"ModelAdvance", "ph":"B", "ts":"3840101776", "pid":"1", "tid":"cice"},
{"name":"ModelAdvance", "ph":"E", "ts":"3840590291", "pid":"1", "tid":"cice"},
{"name":"ModelAdvance", "ph":"B", "ts":"3840748592", "pid":"1", "tid":"cice"},
{"name":"ModelAdvance", "ph":"E", "ts":"3841227024", "pid":"1", "tid":"cice"},
{"name":"ModelAdvance", "ph":"B", "ts":"3841372017", "pid":"1", "tid":"cice"},
{"name":"ModelAdvance", "ph":"E", "ts":"3841854774", "pid":"1", "tid":"cice"},
{"name":"ModelAdvance", "ph":"B", "ts":"3841982371", "pid":"1", "tid":"cice"},
{"name":"ModelAdvance", "ph":"E", "ts":"3842456733", "pid":"1", "tid":"cice"},
{"name":"ModelAdvance", "ph":"B", "ts":"3842599298", "pid":"1", "tid":"cice"},
{"name":"ModelAdvance", "ph":"E", "ts":"3843075361", "pid":"1", "tid":"cice"},
{"name":"ModelAdvance", "ph":"B", "ts":"3843227995", "pid":"1", "tid":"cice"},
{"name":"ModelAdvance", "ph":"E", "ts":"3843693539", "pid":"1", "tid":"cice"},
{"name":"ModelAdvance", "ph":"B", "ts":"3843888768", "pid":"1", "tid":"cice"},
{"name":"ModelAdvance", "ph":"E", "ts":"3844375504", "pid":"1", "tid":"cice"},
{"name":"ModelAdvance", "ph":"B", "ts":"3844567280", "pid":"1", "tid":"cice"},
{"name":"ModelAdvance", "ph":"E", "ts":"3845054896", "pid":"1", "tid":"cice"},
{"name":"ModelAdvance", "ph":"B", "ts":"3845188763", "pid":"1", "tid":"cice"},
{"name":"ModelAdvance", "ph":"E", "ts":"3845667226", "pid":"1", "tid":"cice"},
{"name":"ModelAdvance", "ph":"B", "ts":"3845818611", "pid":"1", "tid":"cice"},
{"name":"ModelAdvance", "ph":"E", "ts":"3846297477", "pid":"1", "tid":"cice"},
{"name":"ModelAdvance", "ph":"B", "ts":"3846414183", "pid":"1", "tid":"cice"},
{"name":"ModelAdvance", "ph":"E", "ts":"3846887825", "pid":"1", "tid":"cice"},
{"name":"ModelAdvance", "ph":"B", "ts":"3847018517", "pid":"1", "tid":"cice"},
{"name":"ModelAdvance", "ph":"E", "ts":"3847504123", "pid":"1", "tid":"cice"},
{"name":"ModelAdvance", "ph":"B", "ts":"3847619132", "pid":"1", "tid":"cice"},
{"name":"ModelAdvance", "ph":"E", "ts":"3848097403", "pid":"1", "tid":"cice"},
{"name":"ModelAdvance", "ph":"B", "ts":"3848276525", "pid":"1", "tid":"cice"},
{"name":"ModelAdvance", "ph":"E", "ts":"3848762214", "pid":"1", "tid":"cice"},
{"name":"ModelAdvance", "ph":"B", "ts":"3848879157", "pid":"1", "tid":"cice"},
{"name":"ModelAdvance", "ph":"E", "ts":"3849361711", "pid":"1", "tid":"cice"},
{"name":"ModelAdvance", "ph":"B", "ts":"3849516537", "pid":"1", "tid":"cice"},
{"name":"ModelAdvance", "ph":"E", "ts":"3849994000", "pid":"1", "tid":"cice"},
{"name":"ModelAdvance", "ph":"B", "ts":"3850767977", "pid":"1", "tid":"cice"},
{"name":"ModelAdvance", "ph":"E", "ts":"3851247112", "pid":"1", "tid":"cice"},
{"name":"ModelAdvance", "ph":"B", "ts":"3851375038", "pid":"1", "tid":"cice"},
{"name":"ModelAdvance", "ph":"E", "ts":"3851861071", "pid":"1", "tid":"cice"},
{"name":"ModelAdvance", "ph":"B", "ts":"3851972967", "pid":"1", "tid":"cice"},
{"name":"ModelAdvance", "ph":"E", "ts":"3852454276", "pid":"1", "tid":"cice"},
{"name":"ModelAdvance", "ph":"B", "ts":"3852572074", "pid":"1", "tid":"cice"},
{"name":"ModelAdvance", "ph":"E", "ts":"3853046271", "pid":"1", "tid":"cice"},
{"name":"ModelAdvance", "ph":"B", "ts":"3853179077", "pid":"1", "tid":"cice"},
{"name":"ModelAdvance", "ph":"E", "ts":"3853658331", "pid":"1", "tid":"cice"},
{"name":"ModelAdvance", "ph":"B", "ts":"3853780562", "pid":"1", "tid":"cice"},
{"name":"ModelAdvance", "ph":"E", "ts":"3854263910", "pid":"1", "tid":"cice"},
{"name":"ModelAdvance", "ph":"B", "ts":"3854382106", "pid":"1", "tid":"cice"},
{"name":"ModelAdvance", "ph":"E", "ts":"3854855499", "pid":"1", "tid":"cice"},
{"name":"ModelAdvance", "ph":"B", "ts":"3854976986", "pid":"1", "tid":"cice"},
{"name":"ModelAdvance", "ph":"E", "ts":"3855449143", "pid":"1", "tid":"cice"},
{"name":"ModelAdvance", "ph":"B", "ts":"3855570862", "pid":"1", "tid":"cice"},
{"name":"ModelAdvance", "ph":"E", "ts":"3856057893", "pid":"1", "tid":"cice"},
{"name":"ModelAdvance", "ph":"B", "ts":"3856179102", "pid":"1", "tid":"cice"},
{"name":"ModelAdvance", "ph":"E", "ts":"3856656821", "pid":"1", "tid":"cice"},
{"name":"ModelAdvance", "ph":"B", "ts":"3856772330", "pid":"1", "tid":"cice"},
{"name":"ModelAdvance", "ph":"E", "ts":"3857257389", "pid":"1", "tid":"cice"},
{"name":"ModelAdvance", "ph":"B", "ts":"3857387167", "pid":"1", "tid":"cice"},
{"name":"ModelAdvance", "ph":"E", "ts":"3857847951", "pid":"1", "tid":"cice"},
{"name":"ModelAdvance", "ph":"B", "ts":"3857978415", "pid":"1", "tid":"cice"},
{"name":"ModelAdvance", "ph":"E", "ts":"3858457882", "pid":"1", "tid":"cice"},
{"name":"ModelAdvance", "ph":"B", "ts":"3858588377", "pid":"1", "tid":"cice"},
{"name":"ModelAdvance", "ph":"E", "ts":"3859078812", "pid":"1", "tid":"cice"},
{"name":"ModelAdvance", "ph":"B", "ts":"3859190566", "pid":"1", "tid":"cice"},
{"name":"ModelAdvance", "ph":"E", "ts":"3859671130", "pid":"1", "tid":"cice"},
{"name":"ModelAdvance", "ph":"B", "ts":"3859805112", "pid":"1", "tid":"cice"},
{"name":"ModelAdvance", "ph":"E", "ts":"3860276987", "pid":"1", "tid":"cice"},
{"name":"ModelAdvance", "ph":"B", "ts":"3860404957", "pid":"1", "tid":"cice"},
{"name":"ModelAdvance", "ph":"E", "ts":"3860885069", "pid":"1", "tid":"cice"},
{"name":"ModelAdvance", "ph":"B", "ts":"3861005090", "pid":"1", "tid":"cice"},
{"name":"ModelAdvance", "ph":"E", "ts":"3861492068", "pid":"1", "tid":"cice"},
{"name":"ModelAdvance", "ph":"B", "ts":"3861603597", "pid":"1", "tid":"cice"},
{"name":"ModelAdvance", "ph":"E", "ts":"3862076212", "pid":"1", "tid":"cice"},
{"name":"ModelAdvance", "ph":"B", "ts":"3862212637", "pid":"1", "tid":"cice"},
{"name":"ModelAdvance", "ph":"E", "ts":"3862690808", "pid":"1", "tid":"cice"},
{"name":"ModelAdvance", "ph":"B", "ts":"3862811791", "pid":"1", "tid":"cice"},
{"name":"ModelAdvance", "ph":"E", "ts":"3863291721", "pid":"1", "tid":"cice"},
{"name":"ModelAdvance", "ph":"B", "ts":"3863411486", "pid":"1", "tid":"cice"},
{"name":"ModelAdvance", "ph":"E", "ts":"3863898096", "pid":"1", "tid":"cice"},
{"name":"ModelAdvance", "ph":"B", "ts":"3864010804", "pid":"1", "tid":"cice"},
{"name":"ModelAdvance", "ph":"E", "ts":"3864492539", "pid":"1", "tid":"cice"},
{"name":"ModelAdvance", "ph":"B", "ts":"3864634555", "pid":"1", "tid":"cice"},
{"name":"ModelAdvance", "ph":"E", "ts":"3865109298", "pid":"1", "tid":"cice"},
{"name":"ModelAdvance", "ph":"B", "ts":"3865863095", "pid":"1", "tid":"cice"},
{"name":"ModelAdvance", "ph":"E", "ts":"3866341197", "pid":"1", "tid":"cice"},
{"name":"ModelAdvance", "ph":"B", "ts":"3866476805", "pid":"1", "tid":"cice"},
{"name":"ModelAdvance", "ph":"E", "ts":"3866949107", "pid":"1", "tid":"cice"},
{"name":"ModelAdvance", "ph":"B", "ts":"3867095207", "pid":"1", "tid":"cice"},
{"name":"ModelAdvance", "ph":"E", "ts":"3867569909", "pid":"1", "tid":"cice"},
{"name":"ModelAdvance", "ph":"B", "ts":"3867709865", "pid":"1", "tid":"cice"},
{"name":"ModelAdvance", "ph":"E", "ts":"3868189949", "pid":"1", "tid":"cice"},
{"name":"ModelAdvance", "ph":"B", "ts":"3868311258", "pid":"1", "tid":"cice"},
{"name":"ModelAdvance", "ph":"E", "ts":"3868787882", "pid":"1", "tid":"cice"},
{"name":"ModelAdvance", "ph":"B", "ts":"3868919347", "pid":"1", "tid":"cice"},
{"name":"ModelAdvance", "ph":"E", "ts":"3869399127", "pid":"1", "tid":"cice"},
{"name":"ModelAdvance", "ph":"B", "ts":"3869516520", "pid":"1", "tid":"cice"},
{"name":"ModelAdvance", "ph":"E", "ts":"3869987296", "pid":"1", "tid":"cice"},
{"name":"ModelAdvance", "ph":"B", "ts":"3870171257", "pid":"1", "tid":"cice"},
{"name":"ModelAdvance", "ph":"E", "ts":"3870642886", "pid":"1", "tid":"cice"},
{"name":"ModelAdvance", "ph":"B", "ts":"3870771821", "pid":"1", "tid":"cice"},
{"name":"ModelAdvance", "ph":"E", "ts":"3871256238", "pid":"1", "tid":"cice"},
{"name":"ModelAdvance", "ph":"B", "ts":"3871370307", "pid":"1", "tid":"cice"},
{"name":"ModelAdvance", "ph":"E", "ts":"3871856745", "pid":"1", "tid":"cice"},
{"name":"ModelAdvance", "ph":"B", "ts":"3871975629", "pid":"1", "tid":"cice"},
{"name":"ModelAdvance", "ph":"E", "ts":"3872451294", "pid":"1", "tid":"cice"},
{"name":"ModelAdvance", "ph":"B", "ts":"3872599830", "pid":"1", "tid":"cice"},
{"name":"ModelAdvance", "ph":"E", "ts":"3873080657", "pid":"1", "tid":"cice"},
{"name":"ModelAdvance", "ph":"B", "ts":"3873216888", "pid":"1", "tid":"cice"},
{"name":"ModelAdvance", "ph":"E", "ts":"3873704166", "pid":"1", "tid":"cice"},
{"name":"ModelAdvance", "ph":"B", "ts":"3873831467", "pid":"1", "tid":"cice"},
{"name":"ModelAdvance", "ph":"E", "ts":"3874311779", "pid":"1", "tid":"cice"},
{"name":"ModelAdvance", "ph":"B", "ts":"3874434221", "pid":"1", "tid":"cice"},
{"name":"ModelAdvance", "ph":"E", "ts":"3874914644", "pid":"1", "tid":"cice"},
{"name":"ModelAdvance", "ph":"B", "ts":"3875038779", "pid":"1", "tid":"cice"},
{"name":"ModelAdvance", "ph":"E", "ts":"3875520624", "pid":"1", "tid":"cice"},
{"name":"ModelAdvance", "ph":"B", "ts":"3875638307", "pid":"1", "tid":"cice"},
{"name":"ModelAdvance", "ph":"E", "ts":"3876117610", "pid":"1", "tid":"cice"},
{"name":"ModelAdvance", "ph":"B", "ts":"3876239476", "pid":"1", "tid":"cice"},
{"name":"ModelAdvance", "ph":"E", "ts":"3876708385", "pid":"1", "tid":"cice"},
{"name":"ModelAdvance", "ph":"B", "ts":"3876859938", "pid":"1", "tid":"cice"},
{"name":"ModelAdvance", "ph":"E", "ts":"3877336343", "pid":"1", "tid":"cice"},
{"name":"ModelAdvance", "ph":"B", "ts":"3877455862", "pid":"1", "tid":"cice"},
{"name":"ModelAdvance", "ph":"E", "ts":"3877933423", "pid":"1", "tid":"cice"},
{"name":"ModelAdvance", "ph":"B", "ts":"3878074979", "pid":"1", "tid":"cice"},
{"name":"ModelAdvance", "ph":"E", "ts":"3878553911", "pid":"1", "tid":"cice"},
{"name":"ModelAdvance", "ph":"B", "ts":"3878697476", "pid":"1", "tid":"cice"},
{"name":"ModelAdvance", "ph":"E", "ts":"3879180765", "pid":"1", "tid":"cice"},
{"name":"ModelAdvance", "ph":"B", "ts":"3879348903", "pid":"1", "tid":"cice"},
{"name":"ModelAdvance", "ph":"E", "ts":"3879828929", "pid":"1", "tid":"cice"},
{"name":"ModelAdvance", "ph":"B", "ts":"3880058518", "pid":"1", "tid":"cice"},
{"name":"ModelAdvance", "ph":"E", "ts":"3880535344", "pid":"1", "tid":"cice"},
{"name":"ModelAdvance", "ph":"B", "ts":"3881300254", "pid":"1", "tid":"cice"},
{"name":"ModelAdvance", "ph":"E", "ts":"3881777765", "pid":"1", "tid":"cice"},
{"name":"ModelAdvance", "ph":"B", "ts":"3881892814", "pid":"1", "tid":"cice"},
{"name":"ModelAdvance", "ph":"E", "ts":"3882377148", "pid":"1", "tid":"cice"},
{"name":"ModelAdvance", "ph":"B", "ts":"3882544061", "pid":"1", "tid":"cice"},
{"name":"ModelAdvance", "ph":"E", "ts":"3883022010", "pid":"1", "tid":"cice"},
{"name":"ModelAdvance", "ph":"B", "ts":"3883145818", "pid":"1", "tid":"cice"},
{"name":"ModelAdvance", "ph":"E", "ts":"3883631287", "pid":"1", "tid":"cice"},
{"name":"ModelAdvance", "ph":"B", "ts":"3883759523", "pid":"1", "tid":"cice"},
{"name":"ModelAdvance", "ph":"E", "ts":"3884245555", "pid":"1", "tid":"cice"},
{"name":"ModelAdvance", "ph":"B", "ts":"3884379268", "pid":"1", "tid":"cice"},
{"name":"ModelAdvance", "ph":"E", "ts":"3884855036", "pid":"1", "tid":"cice"},
{"name":"ModelAdvance", "ph":"B", "ts":"3885024488", "pid":"1", "tid":"cice"},
{"name":"ModelAdvance", "ph":"E", "ts":"3885514025", "pid":"1", "tid":"cice"},
{"name":"ModelAdvance", "ph":"B", "ts":"3885641830", "pid":"1", "tid":"cice"},
{"name":"ModelAdvance", "ph":"E", "ts":"3886113084", "pid":"1", "tid":"cice"},
{"name":"ModelAdvance", "ph":"B", "ts":"3886246606", "pid":"1", "tid":"cice"},
{"name":"ModelAdvance", "ph":"E", "ts":"3886721619", "pid":"1", "tid":"cice"},
{"name":"ModelAdvance", "ph":"B", "ts":"3886852012", "pid":"1", "tid":"cice"},
{"name":"ModelAdvance", "ph":"E", "ts":"3887335841", "pid":"1", "tid":"cice"},
{"name":"ModelAdvance", "ph":"B", "ts":"3887481754", "pid":"1", "tid":"cice"},
{"name":"ModelAdvance", "ph":"E", "ts":"3887957963", "pid":"1", "tid":"cice"},
{"name":"ModelAdvance", "ph":"B", "ts":"3888096094", "pid":"1", "tid":"cice"},
{"name":"ModelAdvance", "ph":"E", "ts":"3888568514", "pid":"1", "tid":"cice"},
{"name":"ModelAdvance", "ph":"B", "ts":"3888711012", "pid":"1", "tid":"cice"},
{"name":"ModelAdvance", "ph":"E", "ts":"3889200367", "pid":"1", "tid":"cice"},
{"name":"ModelAdvance", "ph":"B", "ts":"3889322980", "pid":"1", "tid":"cice"},
{"name":"ModelAdvance", "ph":"E", "ts":"3889802837", "pid":"1", "tid":"cice"},
{"name":"ModelAdvance", "ph":"B", "ts":"3889938357", "pid":"1", "tid":"cice"},
{"name":"ModelAdvance", "ph":"E", "ts":"3890422634", "pid":"1", "tid":"cice"},
{"name":"ModelAdvance", "ph":"B", "ts":"3890561277", "pid":"1", "tid":"cice"},
{"name":"ModelAdvance", "ph":"E", "ts":"3891026257", "pid":"1", "tid":"cice"},
{"name":"ModelAdvance", "ph":"B", "ts":"3891190810", "pid":"1", "tid":"cice"},
{"name":"ModelAdvance", "ph":"E", "ts":"3891673051", "pid":"1", "tid":"cice"},
{"name":"ModelAdvance", "ph":"B", "ts":"3891811359", "pid":"1", "tid":"cice"},
{"name":"ModelAdvance", "ph":"E", "ts":"3892287237", "pid":"1", "tid":"cice"},
{"name":"ModelAdvance", "ph":"B", "ts":"3892466998", "pid":"1", "tid":"cice"},
{"name":"ModelAdvance", "ph":"E", "ts":"3892950408", "pid":"1", "tid":"cice"},
{"name":"ModelAdvance", "ph":"B", "ts":"3893081252", "pid":"1", "tid":"cice"},
{"name":"ModelAdvance", "ph":"E", "ts":"3893565714", "pid":"1", "tid":"cice"},
{"name":"ModelAdvance", "ph":"B", "ts":"3893683074", "pid":"1", "tid":"cice"},
{"name":"ModelAdvance", "ph":"E", "ts":"3894162065", "pid":"1", "tid":"cice"},
{"name":"ModelAdvance", "ph":"B", "ts":"3894301394", "pid":"1", "tid":"cice"},
{"name":"ModelAdvance", "ph":"E", "ts":"3894766277", "pid":"1", "tid":"cice"},
{"name":"ModelAdvance", "ph":"B", "ts":"3894910580", "pid":"1", "tid":"cice"},
{"name":"ModelAdvance", "ph":"E", "ts":"3895399835", "pid":"1", "tid":"cice"},
{"name":"ModelAdvance", "ph":"B", "ts":"3895571309", "pid":"1", "tid":"cice"},
{"name":"ModelAdvance", "ph":"E", "ts":"3896052552", "pid":"1", "tid":"cice"},
{"name":"ModelAdvance", "ph":"B", "ts":"3896831082", "pid":"1", "tid":"cice"},
{"name":"ModelAdvance", "ph":"E", "ts":"3897303445", "pid":"1", "tid":"cice"},
{"name":"ModelAdvance", "ph":"B", "ts":"3897440212", "pid":"1", "tid":"cice"},
{"name":"ModelAdvance", "ph":"E", "ts":"3897928123", "pid":"1", "tid":"cice"},
{"name":"ModelAdvance", "ph":"B", "ts":"3898037237", "pid":"1", "tid":"cice"},
{"name":"ModelAdvance", "ph":"E", "ts":"3898512285", "pid":"1", "tid":"cice"},
{"name":"ModelAdvance", "ph":"B", "ts":"3898693631", "pid":"1", "tid":"cice"},
{"name":"ModelAdvance", "ph":"E", "ts":"3899180808", "pid":"1", "tid":"cice"},
{"name":"ModelAdvance", "ph":"B", "ts":"3899310129", "pid":"1", "tid":"cice"},
{"name":"ModelAdvance", "ph":"E", "ts":"3899790144", "pid":"1", "tid":"cice"},
{"name":"ModelAdvance", "ph":"B", "ts":"3899919921", "pid":"1", "tid":"cice"},
{"name":"ModelAdvance", "ph":"E", "ts":"3900399015", "pid":"1", "tid":"cice"},
{"name":"ModelAdvance", "ph":"B", "ts":"3900518777", "pid":"1", "tid":"cice"},
{"name":"ModelAdvance", "ph":"E", "ts":"3901006004", "pid":"1", "tid":"cice"},
{"name":"ModelAdvance", "ph":"B", "ts":"3901153717", "pid":"1", "tid":"cice"},
{"name":"ModelAdvance", "ph":"E", "ts":"3901635571", "pid":"1", "tid":"cice"},
{"name":"ModelAdvance", "ph":"B", "ts":"3901761002", "pid":"1", "tid":"cice"},
{"name":"ModelAdvance", "ph":"E", "ts":"3902243646", "pid":"1", "tid":"cice"},
{"name":"ModelAdvance", "ph":"B", "ts":"3902358882", "pid":"1", "tid":"cice"},
{"name":"ModelAdvance", "ph":"E", "ts":"3902842368", "pid":"1", "tid":"cice"},
{"name":"ModelAdvance", "ph":"B", "ts":"3902957871", "pid":"1", "tid":"cice"},
{"name":"ModelAdvance", "ph":"E", "ts":"3903455845", "pid":"1", "tid":"cice"},
{"name":"ModelAdvance", "ph":"B", "ts":"3903587567", "pid":"1", "tid":"cice"},
{"name":"ModelAdvance", "ph":"E", "ts":"3904066627", "pid":"1", "tid":"cice"},
{"name":"ModelAdvance", "ph":"B", "ts":"3904181988", "pid":"1", "tid":"cice"},
{"name":"ModelAdvance", "ph":"E", "ts":"3904665010", "pid":"1", "tid":"cice"},
{"name":"ModelAdvance", "ph":"B", "ts":"3904781531", "pid":"1", "tid":"cice"},
{"name":"ModelAdvance", "ph":"E", "ts":"3905269739", "pid":"1", "tid":"cice"},
{"name":"ModelAdvance", "ph":"B", "ts":"3905397381", "pid":"1", "tid":"cice"},
{"name":"ModelAdvance", "ph":"E", "ts":"3905862240", "pid":"1", "tid":"cice"},
{"name":"ModelAdvance", "ph":"B", "ts":"3905991494", "pid":"1", "tid":"cice"},
{"name":"ModelAdvance", "ph":"E", "ts":"3906477400", "pid":"1", "tid":"cice"},
{"name":"ModelAdvance", "ph":"B", "ts":"3906604113", "pid":"1", "tid":"cice"},
{"name":"ModelAdvance", "ph":"E", "ts":"3907083542", "pid":"1", "tid":"cice"},
{"name":"ModelAdvance", "ph":"B", "ts":"3907210240", "pid":"1", "tid":"cice"},
{"name":"ModelAdvance", "ph":"E", "ts":"3907691447", "pid":"1", "tid":"cice"},
{"name":"ModelAdvance", "ph":"B", "ts":"3907815743", "pid":"1", "tid":"cice"},
{"name":"ModelAdvance", "ph":"E", "ts":"3908294406", "pid":"1", "tid":"cice"},
{"name":"ModelAdvance", "ph":"B", "ts":"3908417641", "pid":"1", "tid":"cice"},
{"name":"ModelAdvance", "ph":"E", "ts":"3908904236", "pid":"1", "tid":"cice"},
{"name":"ModelAdvance", "ph":"B", "ts":"3909027088", "pid":"1", "tid":"cice"},
{"name":"ModelAdvance", "ph":"E", "ts":"3909502642", "pid":"1", "tid":"cice"},
{"name":"ModelAdvance", "ph":"B", "ts":"3909631622", "pid":"1", "tid":"cice"},
{"name":"ModelAdvance", "ph":"E", "ts":"3910096934", "pid":"1", "tid":"cice"},
{"name":"ModelAdvance", "ph":"B", "ts":"3910222776", "pid":"1", "tid":"cice"},
{"name":"ModelAdvance", "ph":"E", "ts":"3910704102", "pid":"1", "tid":"cice"},
{"name":"ModelAdvance", "ph":"B", "ts":"3910834409", "pid":"1", "tid":"cice"},
{"name":"ModelAdvance", "ph":"E", "ts":"3911318177", "pid":"1", "tid":"cice"},
{"name":"ModelAdvance", "ph":"B", "ts":"3912040820", "pid":"1", "tid":"cice"},
{"name":"ModelAdvance", "ph":"E", "ts":"3912525903", "pid":"1", "tid":"cice"},
{"name":"ModelAdvance", "ph":"B", "ts":"3912644088", "pid":"1", "tid":"cice"},
{"name":"ModelAdvance", "ph":"E", "ts":"3913121642", "pid":"1", "tid":"cice"},
{"name":"ModelAdvance", "ph":"B", "ts":"3913245457", "pid":"1", "tid":"cice"},
{"name":"ModelAdvance", "ph":"E", "ts":"3913719401", "pid":"1", "tid":"cice"},
{"name":"ModelAdvance", "ph":"B", "ts":"3913847529", "pid":"1", "tid":"cice"},
{"name":"ModelAdvance", "ph":"E", "ts":"3914326864", "pid":"1", "tid":"cice"},
{"name":"ModelAdvance", "ph":"B", "ts":"3914456191", "pid":"1", "tid":"cice"},
{"name":"ModelAdvance", "ph":"E", "ts":"3914936605", "pid":"1", "tid":"cice"},
{"name":"ModelAdvance", "ph":"B", "ts":"3915057553", "pid":"1", "tid":"cice"},
{"name":"ModelAdvance", "ph":"E", "ts":"3915533825", "pid":"1", "tid":"cice"},
{"name":"ModelAdvance", "ph":"B", "ts":"3915664555", "pid":"1", "tid":"cice"},
{"name":"ModelAdvance", "ph":"E", "ts":"3916143793", "pid":"1", "tid":"cice"},
{"name":"ModelAdvance", "ph":"B", "ts":"3916267622", "pid":"1", "tid":"cice"},
{"name":"ModelAdvance", "ph":"E", "ts":"3916745872", "pid":"1", "tid":"cice"},
{"name":"ModelAdvance", "ph":"B", "ts":"3916877951", "pid":"1", "tid":"cice"},
{"name":"ModelAdvance", "ph":"E", "ts":"3917341623", "pid":"1", "tid":"cice"},
{"name":"ModelAdvance", "ph":"B", "ts":"3917476517", "pid":"1", "tid":"cice"},
{"name":"ModelAdvance", "ph":"E", "ts":"3917959177", "pid":"1", "tid":"cice"},
{"name":"ModelAdvance", "ph":"B", "ts":"3918107291", "pid":"1", "tid":"cice"},
{"name":"ModelAdvance", "ph":"E", "ts":"3918577616", "pid":"1", "tid":"cice"},
{"name":"ModelAdvance", "ph":"B", "ts":"3918713129", "pid":"1", "tid":"cice"},
{"name":"ModelAdvance", "ph":"E", "ts":"3919189508", "pid":"1", "tid":"cice"},
{"name":"ModelAdvance", "ph":"B", "ts":"3919316963", "pid":"1", "tid":"cice"},
{"name":"ModelAdvance", "ph":"E", "ts":"3919791204", "pid":"1", "tid":"cice"},
{"name":"ModelAdvance", "ph":"B", "ts":"3919919299", "pid":"1", "tid":"cice"},
{"name":"ModelAdvance", "ph":"E", "ts":"3920403732", "pid":"1", "tid":"cice"},
{"name":"ModelAdvance", "ph":"B", "ts":"3920518731", "pid":"1", "tid":"cice"},
{"name":"ModelAdvance", "ph":"E", "ts":"3921001300", "pid":"1", "tid":"cice"},
{"name":"ModelAdvance", "ph":"B", "ts":"3921122777", "pid":"1", "tid":"cice"},
{"name":"ModelAdvance", "ph":"E", "ts":"3921609339", "pid":"1", "tid":"cice"},
{"name":"ModelAdvance", "ph":"B", "ts":"3921722873", "pid":"1", "tid":"cice"},
{"name":"ModelAdvance", "ph":"E", "ts":"3922209017", "pid":"1", "tid":"cice"},
{"name":"ModelAdvance", "ph":"B", "ts":"3922324389", "pid":"1", "tid":"cice"},
{"name":"ModelAdvance", "ph":"E", "ts":"3922807626", "pid":"1", "tid":"cice"},
{"name":"ModelAdvance", "ph":"B", "ts":"3922933643", "pid":"1", "tid":"cice"},
{"name":"ModelAdvance", "ph":"E", "ts":"3923398446", "pid":"1", "tid":"cice"},
{"name":"ModelAdvance", "ph":"B", "ts":"3923533608", "pid":"1", "tid":"cice"},
{"name":"ModelAdvance", "ph":"E", "ts":"3924016650", "pid":"1", "tid":"cice"},
{"name":"ModelAdvance", "ph":"B", "ts":"3924136262", "pid":"1", "tid":"cice"},
{"name":"ModelAdvance", "ph":"E", "ts":"3924610783", "pid":"1", "tid":"cice"},
{"name":"ModelAdvance", "ph":"B", "ts":"3924737769", "pid":"1", "tid":"cice"},
{"name":"ModelAdvance", "ph":"E", "ts":"3925219357", "pid":"1", "tid":"cice"},
{"name":"ModelAdvance", "ph":"B", "ts":"3925336444", "pid":"1", "tid":"cice"},
{"name":"ModelAdvance", "ph":"E", "ts":"3925916493", "pid":"1", "tid":"cice"},
{"name":"ModelAdvance", "ph":"B", "ts":"3925966726", "pid":"1", "tid":"cice"},
{"name":"ModelAdvance", "ph":"E", "ts":"3926444794", "pid":"1", "tid":"cice"},
{"name":"ModelAdvance", "ph":"B", "ts":"3927230472", "pid":"1", "tid":"cice"},
{"name":"ModelAdvance", "ph":"E", "ts":"3927710007", "pid":"1", "tid":"cice"},
{"name":"ModelAdvance", "ph":"B", "ts":"3927823728", "pid":"1", "tid":"cice"},
{"name":"ModelAdvance", "ph":"E", "ts":"3928296157", "pid":"1", "tid":"cice"},
{"name":"ModelAdvance", "ph":"B", "ts":"3928430817", "pid":"1", "tid":"cice"},
{"name":"ModelAdvance", "ph":"E", "ts":"3928909981", "pid":"1", "tid":"cice"},
{"name":"ModelAdvance", "ph":"B", "ts":"3929034338", "pid":"1", "tid":"cice"},
{"name":"ModelAdvance", "ph":"E", "ts":"3929509692", "pid":"1", "tid":"cice"},
{"name":"ModelAdvance", "ph":"B", "ts":"3929631792", "pid":"1", "tid":"cice"},
{"name":"ModelAdvance", "ph":"E", "ts":"3930107059", "pid":"1", "tid":"cice"},
{"name":"ModelAdvance", "ph":"B", "ts":"3930236783", "pid":"1", "tid":"cice"},
{"name":"ModelAdvance", "ph":"E", "ts":"3930718191", "pid":"1", "tid":"cice"},
{"name":"ModelAdvance", "ph":"B", "ts":"3930838259", "pid":"1", "tid":"cice"},
{"name":"ModelAdvance", "ph":"E", "ts":"3931314541", "pid":"1", "tid":"cice"},
{"name":"ModelAdvance", "ph":"B", "ts":"3931461210", "pid":"1", "tid":"cice"},
{"name":"ModelAdvance", "ph":"E", "ts":"3931941485", "pid":"1", "tid":"cice"},
{"name":"ModelAdvance", "ph":"B", "ts":"3932069420", "pid":"1", "tid":"cice"},
{"name":"ModelAdvance", "ph":"E", "ts":"3932547372", "pid":"1", "tid":"cice"},
{"name":"ModelAdvance", "ph":"B", "ts":"3932681551", "pid":"1", "tid":"cice"},
{"name":"ModelAdvance", "ph":"E", "ts":"3933151909", "pid":"1", "tid":"cice"},
{"name":"ModelAdvance", "ph":"B", "ts":"3933273480", "pid":"1", "tid":"cice"},
{"name":"ModelAdvance", "ph":"E", "ts":"3933746269", "pid":"1", "tid":"cice"},
{"name":"ModelAdvance", "ph":"B", "ts":"3933889774", "pid":"1", "tid":"cice"},
{"name":"ModelAdvance", "ph":"E", "ts":"3934369523", "pid":"1", "tid":"cice"},
{"name":"ModelAdvance", "ph":"B", "ts":"3934518379", "pid":"1", "tid":"cice"},
{"name":"ModelAdvance", "ph":"E", "ts":"3935006461", "pid":"1", "tid":"cice"},
{"name":"ModelAdvance", "ph":"B", "ts":"3935125741", "pid":"1", "tid":"cice"},
{"name":"ModelAdvance", "ph":"E", "ts":"3935609851", "pid":"1", "tid":"cice"},
{"name":"ModelAdvance", "ph":"B", "ts":"3935728844", "pid":"1", "tid":"cice"},
{"name":"ModelAdvance", "ph":"E", "ts":"3936199799", "pid":"1", "tid":"cice"},
{"name":"ModelAdvance", "ph":"B", "ts":"3936333323", "pid":"1", "tid":"cice"},
{"name":"ModelAdvance", "ph":"E", "ts":"3936809524", "pid":"1", "tid":"cice"},
{"name":"ModelAdvance", "ph":"B", "ts":"3936932399", "pid":"1", "tid":"cice"},
{"name":"ModelAdvance", "ph":"E", "ts":"3937418761", "pid":"1", "tid":"cice"},
{"name":"ModelAdvance", "ph":"B", "ts":"3937536222", "pid":"1", "tid":"cice"},
{"name":"ModelAdvance", "ph":"E", "ts":"3938013579", "pid":"1", "tid":"cice"},
{"name":"ModelAdvance", "ph":"B", "ts":"3938137340", "pid":"1", "tid":"cice"},
{"name":"ModelAdvance", "ph":"E", "ts":"3938621589", "pid":"1", "tid":"cice"},
{"name":"ModelAdvance", "ph":"B", "ts":"3938745034", "pid":"1", "tid":"cice"},
{"name":"ModelAdvance", "ph":"E", "ts":"3939224569", "pid":"1", "tid":"cice"},
{"name":"ModelAdvance", "ph":"B", "ts":"3939345094", "pid":"1", "tid":"cice"},
{"name":"ModelAdvance", "ph":"E", "ts":"3939819714", "pid":"1", "tid":"cice"},
{"name":"ModelAdvance", "ph":"B", "ts":"3939954798", "pid":"1", "tid":"cice"},
{"name":"ModelAdvance", "ph":"E", "ts":"3940435485", "pid":"1", "tid":"cice"},
{"name":"ModelAdvance", "ph":"B", "ts":"3940558071", "pid":"1", "tid":"cice"},
{"name":"ModelAdvance", "ph":"E", "ts":"3941034195", "pid":"1", "tid":"cice"},
{"name":"ModelAdvance", "ph":"B", "ts":"3941179687", "pid":"1", "tid":"cice"},
{"name":"ModelAdvance", "ph":"E", "ts":"3941654580", "pid":"1", "tid":"cice"},
{"name":"ModelAdvance", "ph":"B", "ts":"3942425106", "pid":"1", "tid":"cice"},
{"name":"ModelAdvance", "ph":"E", "ts":"3942912202", "pid":"1", "tid":"cice"},
{"name":"ModelAdvance", "ph":"B", "ts":"3943031548", "pid":"1", "tid":"cice"},
{"name":"ModelAdvance", "ph":"E", "ts":"3943499223", "pid":"1", "tid":"cice"},
{"name":"ModelAdvance", "ph":"B", "ts":"3943643170", "pid":"1", "tid":"cice"},
{"name":"ModelAdvance", "ph":"E", "ts":"3944117471", "pid":"1", "tid":"cice"},
{"name":"ModelAdvance", "ph":"B", "ts":"3944248992", "pid":"1", "tid":"cice"},
{"name":"ModelAdvance", "ph":"E", "ts":"3944720321", "pid":"1", "tid":"cice"},
{"name":"ModelAdvance", "ph":"B", "ts":"3944846671", "pid":"1", "tid":"cice"},
{"name":"ModelAdvance", "ph":"E", "ts":"3945319623", "pid":"1", "tid":"cice"},
{"name":"ModelAdvance", "ph":"B", "ts":"3945454251", "pid":"1", "tid":"cice"},
{"name":"ModelAdvance", "ph":"E", "ts":"3945931882", "pid":"1", "tid":"cice"},
{"name":"ModelAdvance", "ph":"B", "ts":"3946051060", "pid":"1", "tid":"cice"},
{"name":"ModelAdvance", "ph":"E", "ts":"3946528138", "pid":"1", "tid":"cice"},
{"name":"ModelAdvance", "ph":"B", "ts":"3946655836", "pid":"1", "tid":"cice"},
{"name":"ModelAdvance", "ph":"E", "ts":"3947138855", "pid":"1", "tid":"cice"},
{"name":"ModelAdvance", "ph":"B", "ts":"3947283849", "pid":"1", "tid":"cice"},
{"name":"ModelAdvance", "ph":"E", "ts":"3947763420", "pid":"1", "tid":"cice"},
{"name":"ModelAdvance", "ph":"B", "ts":"3947886824", "pid":"1", "tid":"cice"},
{"name":"ModelAdvance", "ph":"E", "ts":"3948367818", "pid":"1", "tid":"cice"},
{"name":"ModelAdvance", "ph":"B", "ts":"3948486594", "pid":"1", "tid":"cice"},
{"name":"ModelAdvance", "ph":"E", "ts":"3948969758", "pid":"1", "tid":"cice"},
{"name":"ModelAdvance", "ph":"B", "ts":"3949104581", "pid":"1", "tid":"cice"},
{"name":"ModelAdvance", "ph":"E", "ts":"3949585940", "pid":"1", "tid":"cice"},
{"name":"ModelAdvance", "ph":"B", "ts":"3949701820", "pid":"1", "tid":"cice"},
{"name":"ModelAdvance", "ph":"E", "ts":"3950191646", "pid":"1", "tid":"cice"},
{"name":"ModelAdvance", "ph":"B", "ts":"3950304490", "pid":"1", "tid":"cice"},
{"name":"ModelAdvance", "ph":"E", "ts":"3950783792", "pid":"1", "tid":"cice"},
{"name":"ModelAdvance", "ph":"B", "ts":"3950942426", "pid":"1", "tid":"cice"},
{"name":"ModelAdvance", "ph":"E", "ts":"3951420381", "pid":"1", "tid":"cice"},
{"name":"ModelAdvance", "ph":"B", "ts":"3951539078", "pid":"1", "tid":"cice"},
{"name":"ModelAdvance", "ph":"E", "ts":"3952019721", "pid":"1", "tid":"cice"},
{"name":"ModelAdvance", "ph":"B", "ts":"3952152279", "pid":"1", "tid":"cice"},
{"name":"ModelAdvance", "ph":"E", "ts":"3952628641", "pid":"1", "tid":"cice"},
{"name":"ModelAdvance", "ph":"B", "ts":"3952748153", "pid":"1", "tid":"cice"},
{"name":"ModelAdvance", "ph":"E", "ts":"3953233785", "pid":"1", "tid":"cice"},
{"name":"ModelAdvance", "ph":"B", "ts":"3953359993", "pid":"1", "tid":"cice"},
{"name":"ModelAdvance", "ph":"E", "ts":"3953829131", "pid":"1", "tid":"cice"},
{"name":"ModelAdvance", "ph":"B", "ts":"3953960398", "pid":"1", "tid":"cice"},
{"name":"ModelAdvance", "ph":"E", "ts":"3954434358", "pid":"1", "tid":"cice"},
{"name":"ModelAdvance", "ph":"B", "ts":"3954558311", "pid":"1", "tid":"cice"},
{"name":"ModelAdvance", "ph":"E", "ts":"3955024632", "pid":"1", "tid":"cice"},
{"name":"ModelAdvance", "ph":"B", "ts":"3955157183", "pid":"1", "tid":"cice"},
{"name":"ModelAdvance", "ph":"E", "ts":"3955642249", "pid":"1", "tid":"cice"},
{"name":"ModelAdvance", "ph":"B", "ts":"3955764023", "pid":"1", "tid":"cice"},
{"name":"ModelAdvance", "ph":"E", "ts":"3956246013", "pid":"1", "tid":"cice"},
{"name":"ModelAdvance", "ph":"B", "ts":"3956369641", "pid":"1", "tid":"cice"},
{"name":"ModelAdvance", "ph":"E", "ts":"3956849359", "pid":"1", "tid":"cice"},
{"name":"ModelAdvance", "ph":"B", "ts":"3957670277", "pid":"1", "tid":"cice"},
{"name":"ModelAdvance", "ph":"E", "ts":"3958154085", "pid":"1", "tid":"cice"},
{"name":"ModelAdvance", "ph":"B", "ts":"3958276267", "pid":"1", "tid":"cice"},
{"name":"ModelAdvance", "ph":"E", "ts":"3958748584", "pid":"1", "tid":"cice"},
{"name":"ModelAdvance", "ph":"B", "ts":"3958883444", "pid":"1", "tid":"cice"},
{"name":"ModelAdvance", "ph":"E", "ts":"3959365500", "pid":"1", "tid":"cice"},
{"name":"ModelAdvance", "ph":"B", "ts":"3959483593", "pid":"1", "tid":"cice"},
{"name":"ModelAdvance", "ph":"E", "ts":"3959968037", "pid":"1", "tid":"cice"},
{"name":"ModelAdvance", "ph":"B", "ts":"3960083244", "pid":"1", "tid":"cice"},
{"name":"ModelAdvance", "ph":"E", "ts":"3960564779", "pid":"1", "tid":"cice"},
{"name":"ModelAdvance", "ph":"B", "ts":"3960710070", "pid":"1", "tid":"cice"},
{"name":"ModelAdvance", "ph":"E", "ts":"3961238277", "pid":"1", "tid":"cice"},
{"name":"ModelAdvance", "ph":"B", "ts":"3961351090", "pid":"1", "tid":"cice"},
{"name":"ModelAdvance", "ph":"E", "ts":"3961847727", "pid":"1", "tid":"cice"},
{"name":"ModelAdvance", "ph":"B", "ts":"3961973631", "pid":"1", "tid":"cice"},
{"name":"ModelAdvance", "ph":"E", "ts":"3962456381", "pid":"1", "tid":"cice"},
{"name":"ModelAdvance", "ph":"B", "ts":"3962582648", "pid":"1", "tid":"cice"},
{"name":"ModelAdvance", "ph":"E", "ts":"3963057109", "pid":"1", "tid":"cice"},
{"name":"ModelAdvance", "ph":"B", "ts":"3963175241", "pid":"1", "tid":"cice"},
{"name":"ModelAdvance", "ph":"E", "ts":"3963643786", "pid":"1", "tid":"cice"},
{"name":"ModelAdvance", "ph":"B", "ts":"3963796967", "pid":"1", "tid":"cice"},
{"name":"ModelAdvance", "ph":"E", "ts":"3964267857", "pid":"1", "tid":"cice"},
{"name":"ModelAdvance", "ph":"B", "ts":"3964391965", "pid":"1", "tid":"cice"},
{"name":"ModelAdvance", "ph":"E", "ts":"3964875774", "pid":"1", "tid":"cice"},
{"name":"ModelAdvance", "ph":"B", "ts":"3964997865", "pid":"1", "tid":"cice"},
{"name":"ModelAdvance", "ph":"E", "ts":"3965479926", "pid":"1", "tid":"cice"},
{"name":"ModelAdvance", "ph":"B", "ts":"3965601198", "pid":"1", "tid":"cice"},
{"name":"ModelAdvance", "ph":"E", "ts":"3966085892", "pid":"1", "tid":"cice"},
{"name":"ModelAdvance", "ph":"B", "ts":"3966206208", "pid":"1", "tid":"cice"},
{"name":"ModelAdvance", "ph":"E", "ts":"3966691081", "pid":"1", "tid":"cice"},
{"name":"ModelAdvance", "ph":"B", "ts":"3966812645", "pid":"1", "tid":"cice"},
{"name":"ModelAdvance", "ph":"E", "ts":"3967288646", "pid":"1", "tid":"cice"},
{"name":"ModelAdvance", "ph":"B", "ts":"3967417258", "pid":"1", "tid":"cice"},
{"name":"ModelAdvance", "ph":"E", "ts":"3967902676", "pid":"1", "tid":"cice"},
{"name":"ModelAdvance", "ph":"B", "ts":"3968027162", "pid":"1", "tid":"cice"},
{"name":"ModelAdvance", "ph":"E", "ts":"3968503211", "pid":"1", "tid":"cice"},
{"name":"ModelAdvance", "ph":"B", "ts":"3968624255", "pid":"1", "tid":"cice"},
{"name":"ModelAdvance", "ph":"E", "ts":"3969110018", "pid":"1", "tid":"cice"},
{"name":"ModelAdvance", "ph":"B", "ts":"3969229378", "pid":"1", "tid":"cice"},
{"name":"ModelAdvance", "ph":"E", "ts":"3969716057", "pid":"1", "tid":"cice"},
{"name":"ModelAdvance", "ph":"B", "ts":"3969832672", "pid":"1", "tid":"cice"},
{"name":"ModelAdvance", "ph":"E", "ts":"3970308346", "pid":"1", "tid":"cice"},
{"name":"ModelAdvance", "ph":"B", "ts":"3970437189", "pid":"1", "tid":"cice"},
{"name":"ModelAdvance", "ph":"E", "ts":"3970920637", "pid":"1", "tid":"cice"},
{"name":"ModelAdvance", "ph":"B", "ts":"3971043916", "pid":"1", "tid":"cice"},
{"name":"ModelAdvance", "ph":"E", "ts":"3971518786", "pid":"1", "tid":"cice"},
{"name":"ModelAdvance", "ph":"B", "ts":"3971680285", "pid":"1", "tid":"cice"},
{"name":"ModelAdvance", "ph":"E", "ts":"3972157390", "pid":"1", "tid":"cice"},
{"name":"ModelAdvance", "ph":"B", "ts":"3972980260", "pid":"1", "tid":"cice"},
{"name":"ModelAdvance", "ph":"E", "ts":"3973465411", "pid":"1", "tid":"cice"},
{"name":"ModelAdvance", "ph":"B", "ts":"3973597651", "pid":"1", "tid":"cice"},
{"name":"ModelAdvance", "ph":"E", "ts":"3974073292", "pid":"1", "tid":"cice"},
{"name":"ModelAdvance", "ph":"B", "ts":"3974195968", "pid":"1", "tid":"cice"},
{"name":"ModelAdvance", "ph":"E", "ts":"3974676850", "pid":"1", "tid":"cice"},
{"name":"ModelAdvance", "ph":"B", "ts":"3974794932", "pid":"1", "tid":"cice"},
{"name":"ModelAdvance", "ph":"E", "ts":"3975272343", "pid":"1", "tid":"cice"},
{"name":"ModelAdvance", "ph":"B", "ts":"3975404504", "pid":"1", "tid":"cice"},
{"name":"ModelAdvance", "ph":"E", "ts":"3975885641", "pid":"1", "tid":"cice"},
{"name":"ModelAdvance", "ph":"B", "ts":"3976005053", "pid":"1", "tid":"cice"},
{"name":"ModelAdvance", "ph":"E", "ts":"3976494470", "pid":"1", "tid":"cice"},
{"name":"ModelAdvance", "ph":"B", "ts":"3976626272", "pid":"1", "tid":"cice"},
{"name":"ModelAdvance", "ph":"E", "ts":"3977113159", "pid":"1", "tid":"cice"},
{"name":"ModelAdvance", "ph":"B", "ts":"3977231647", "pid":"1", "tid":"cice"},
{"name":"ModelAdvance", "ph":"E", "ts":"3977714130", "pid":"1", "tid":"cice"},
{"name":"ModelAdvance", "ph":"B", "ts":"3977838502", "pid":"1", "tid":"cice"},
{"name":"ModelAdvance", "ph":"E", "ts":"3978319359", "pid":"1", "tid":"cice"},
{"name":"ModelAdvance", "ph":"B", "ts":"3978437679", "pid":"1", "tid":"cice"},
{"name":"ModelAdvance", "ph":"E", "ts":"3978923730", "pid":"1", "tid":"cice"},
{"name":"ModelAdvance", "ph":"B", "ts":"3979039672", "pid":"1", "tid":"cice"},
{"name":"ModelAdvance", "ph":"E", "ts":"3979507324", "pid":"1", "tid":"cice"},
{"name":"ModelAdvance", "ph":"B", "ts":"3979657212", "pid":"1", "tid":"cice"},
{"name":"ModelAdvance", "ph":"E", "ts":"3980136839", "pid":"1", "tid":"cice"},
{"name":"ModelAdvance", "ph":"B", "ts":"3980261074", "pid":"1", "tid":"cice"},
{"name":"ModelAdvance", "ph":"E", "ts":"3980738237", "pid":"1", "tid":"cice"},
{"name":"ModelAdvance", "ph":"B", "ts":"3980866491", "pid":"1", "tid":"cice"},
{"name":"ModelAdvance", "ph":"E", "ts":"3981337482", "pid":"1", "tid":"cice"},
{"name":"ModelAdvance", "ph":"B", "ts":"3981474208", "pid":"1", "tid":"cice"},
{"name":"ModelAdvance", "ph":"E", "ts":"3981948328", "pid":"1", "tid":"cice"},
{"name":"ModelAdvance", "ph":"B", "ts":"3982070088", "pid":"1", "tid":"cice"},
{"name":"ModelAdvance", "ph":"E", "ts":"3982556313", "pid":"1", "tid":"cice"},
{"name":"ModelAdvance", "ph":"B", "ts":"3982672644", "pid":"1", "tid":"cice"},
{"name":"ModelAdvance", "ph":"E", "ts":"3983152523", "pid":"1", "tid":"cice"},
{"name":"ModelAdvance", "ph":"B", "ts":"3983275439", "pid":"1", "tid":"cice"},
{"name":"ModelAdvance", "ph":"E", "ts":"3983765112", "pid":"1", "tid":"cice"},
{"name":"ModelAdvance", "ph":"B", "ts":"3983881847", "pid":"1", "tid":"cice"},
{"name":"ModelAdvance", "ph":"E", "ts":"3984363758", "pid":"1", "tid":"cice"},
{"name":"ModelAdvance", "ph":"B", "ts":"3984487721", "pid":"1", "tid":"cice"},
{"name":"ModelAdvance", "ph":"E", "ts":"3984969419", "pid":"1", "tid":"cice"},
{"name":"ModelAdvance", "ph":"B", "ts":"3985088748", "pid":"1", "tid":"cice"},
{"name":"ModelAdvance", "ph":"E", "ts":"3985559832", "pid":"1", "tid":"cice"},
{"name":"ModelAdvance", "ph":"B", "ts":"3985691490", "pid":"1", "tid":"cice"},
{"name":"ModelAdvance", "ph":"E", "ts":"3986177526", "pid":"1", "tid":"cice"},
{"name":"ModelAdvance", "ph":"B", "ts":"3986294871", "pid":"1", "tid":"cice"},
{"name":"ModelAdvance", "ph":"E", "ts":"3986762935", "pid":"1", "tid":"cice"},
{"name":"ModelAdvance", "ph":"B", "ts":"3986907289", "pid":"1", "tid":"cice"},
{"name":"ModelAdvance", "ph":"E", "ts":"3987382591", "pid":"1", "tid":"cice"},
{"name":"ModelAdvance", "ph":"B", "ts":"3988190929", "pid":"1", "tid":"cice"},
{"name":"ModelAdvance", "ph":"E", "ts":"3988671531", "pid":"1", "tid":"cice"},
{"name":"ModelAdvance", "ph":"B", "ts":"3988793628", "pid":"1", "tid":"cice"},
{"name":"ModelAdvance", "ph":"E", "ts":"3989274654", "pid":"1", "tid":"cice"},
{"name":"ModelAdvance", "ph":"B", "ts":"3989397477", "pid":"1", "tid":"cice"},
{"name":"ModelAdvance", "ph":"E", "ts":"3989866304", "pid":"1", "tid":"cice"},
{"name":"ModelAdvance", "ph":"B", "ts":"3990007005", "pid":"1", "tid":"cice"},
{"name":"ModelAdvance", "ph":"E", "ts":"3990516106", "pid":"1", "tid":"cice"},
{"name":"ModelAdvance", "ph":"B", "ts":"3990643721", "pid":"1", "tid":"cice"},
{"name":"ModelAdvance", "ph":"E", "ts":"3991153998", "pid":"1", "tid":"cice"},
{"name":"ModelAdvance", "ph":"B", "ts":"3991280285", "pid":"1", "tid":"cice"},
{"name":"ModelAdvance", "ph":"E", "ts":"3991751350", "pid":"1", "tid":"cice"},
{"name":"ModelAdvance", "ph":"B", "ts":"3991883207", "pid":"1", "tid":"cice"},
{"name":"ModelAdvance", "ph":"E", "ts":"3992353138", "pid":"1", "tid":"cice"},
{"name":"ModelAdvance", "ph":"B", "ts":"3992491118", "pid":"1", "tid":"cice"},
{"name":"ModelAdvance", "ph":"E", "ts":"3992964172", "pid":"1", "tid":"cice"},
{"name":"ModelAdvance", "ph":"B", "ts":"3993084927", "pid":"1", "tid":"cice"},
{"name":"ModelAdvance", "ph":"E", "ts":"3993553328", "pid":"1", "tid":"cice"},
{"name":"ModelAdvance", "ph":"B", "ts":"3993688936", "pid":"1", "tid":"cice"},
{"name":"ModelAdvance", "ph":"E", "ts":"3994168140", "pid":"1", "tid":"cice"},
{"name":"ModelAdvance", "ph":"B", "ts":"3994293025", "pid":"1", "tid":"cice"},
{"name":"ModelAdvance", "ph":"E", "ts":"3994766497", "pid":"1", "tid":"cice"},
{"name":"ModelAdvance", "ph":"B", "ts":"3994935872", "pid":"1", "tid":"cice"},
{"name":"ModelAdvance", "ph":"E", "ts":"3995411651", "pid":"1", "tid":"cice"},
{"name":"ModelAdvance", "ph":"B", "ts":"3995541193", "pid":"1", "tid":"cice"},
{"name":"ModelAdvance", "ph":"E", "ts":"3996007573", "pid":"1", "tid":"cice"},
{"name":"ModelAdvance", "ph":"B", "ts":"3996146600", "pid":"1", "tid":"cice"},
{"name":"ModelAdvance", "ph":"E", "ts":"3996608632", "pid":"1", "tid":"cice"},
{"name":"ModelAdvance", "ph":"B", "ts":"3996749711", "pid":"1", "tid":"cice"},
{"name":"ModelAdvance", "ph":"E", "ts":"3997219802", "pid":"1", "tid":"cice"},
{"name":"ModelAdvance", "ph":"B", "ts":"3997350632", "pid":"1", "tid":"cice"},
{"name":"ModelAdvance", "ph":"E", "ts":"3997827554", "pid":"1", "tid":"cice"},
{"name":"ModelAdvance", "ph":"B", "ts":"3997950188", "pid":"1", "tid":"cice"},
{"name":"ModelAdvance", "ph":"E", "ts":"3998424997", "pid":"1", "tid":"cice"},
{"name":"ModelAdvance", "ph":"B", "ts":"3998547382", "pid":"1", "tid":"cice"},
{"name":"ModelAdvance", "ph":"E", "ts":"3999017986", "pid":"1", "tid":"cice"},
{"name":"ModelAdvance", "ph":"B", "ts":"3999149210", "pid":"1", "tid":"cice"},
{"name":"ModelAdvance", "ph":"E", "ts":"3999619794", "pid":"1", "tid":"cice"},
{"name":"ModelAdvance", "ph":"B", "ts":"3999754944", "pid":"1", "tid":"cice"},
{"name":"ModelAdvance", "ph":"E", "ts":"4000218518", "pid":"1", "tid":"cice"},
{"name":"ModelAdvance", "ph":"B", "ts":"4000354960", "pid":"1", "tid":"cice"},
{"name":"ModelAdvance", "ph":"E", "ts":"4000820438", "pid":"1", "tid":"cice"},
{"name":"ModelAdvance", "ph":"B", "ts":"4000955481", "pid":"1", "tid":"cice"},
{"name":"ModelAdvance", "ph":"E", "ts":"4001428990", "pid":"1", "tid":"cice"},
{"name":"ModelAdvance", "ph":"B", "ts":"4001554067", "pid":"1", "tid":"cice"},
{"name":"ModelAdvance", "ph":"E", "ts":"4002027968", "pid":"1", "tid":"cice"},
{"name":"ModelAdvance", "ph":"B", "ts":"4002169886", "pid":"1", "tid":"cice"},
{"name":"ModelAdvance", "ph":"E", "ts":"4002642004", "pid":"1", "tid":"cice"},
{"name":"ModelAdvance", "ph":"B", "ts":"4003456265", "pid":"1", "tid":"cice"},
{"name":"ModelAdvance", "ph":"E", "ts":"4003918330", "pid":"1", "tid":"cice"},
{"name":"ModelAdvance", "ph":"B", "ts":"4004060797", "pid":"1", "tid":"cice"},
{"name":"ModelAdvance", "ph":"E", "ts":"4004532344", "pid":"1", "tid":"cice"},
{"name":"ModelAdvance", "ph":"B", "ts":"4004659349", "pid":"1", "tid":"cice"},
{"name":"ModelAdvance", "ph":"E", "ts":"4005137802", "pid":"1", "tid":"cice"},
{"name":"ModelAdvance", "ph":"B", "ts":"4005267564", "pid":"1", "tid":"cice"},
{"name":"ModelAdvance", "ph":"E", "ts":"4005749596", "pid":"1", "tid":"cice"},
{"name":"ModelAdvance", "ph":"B", "ts":"4005882252", "pid":"1", "tid":"cice"},
{"name":"ModelAdvance", "ph":"E", "ts":"4006348186", "pid":"1", "tid":"cice"},
{"name":"ModelAdvance", "ph":"B", "ts":"4006482944", "pid":"1", "tid":"cice"},
{"name":"ModelAdvance", "ph":"E", "ts":"4006954888", "pid":"1", "tid":"cice"},
{"name":"ModelAdvance", "ph":"B", "ts":"4007085817", "pid":"1", "tid":"cice"},
{"name":"ModelAdvance", "ph":"E", "ts":"4007554172", "pid":"1", "tid":"cice"},
{"name":"ModelAdvance", "ph":"B", "ts":"4007687020", "pid":"1", "tid":"cice"},
{"name":"ModelAdvance", "ph":"E", "ts":"4008154038", "pid":"1", "tid":"cice"},
{"name":"ModelAdvance", "ph":"B", "ts":"4008285637", "pid":"1", "tid":"cice"},
{"name":"ModelAdvance", "ph":"E", "ts":"4008755871", "pid":"1", "tid":"cice"},
{"name":"ModelAdvance", "ph":"B", "ts":"4008893448", "pid":"1", "tid":"cice"},
{"name":"ModelAdvance", "ph":"E", "ts":"4009356205", "pid":"1", "tid":"cice"},
{"name":"ModelAdvance", "ph":"B", "ts":"4009488564", "pid":"1", "tid":"cice"},
{"name":"ModelAdvance", "ph":"E", "ts":"4009959190", "pid":"1", "tid":"cice"},
{"name":"ModelAdvance", "ph":"B", "ts":"4010098410", "pid":"1", "tid":"cice"},
{"name":"ModelAdvance", "ph":"E", "ts":"4010573225", "pid":"1", "tid":"cice"},
{"name":"ModelAdvance", "ph":"B", "ts":"4010697067", "pid":"1", "tid":"cice"},
{"name":"ModelAdvance", "ph":"E", "ts":"4011170879", "pid":"1", "tid":"cice"},
{"name":"ModelAdvance", "ph":"B", "ts":"4011301889", "pid":"1", "tid":"cice"},
{"name":"ModelAdvance", "ph":"E", "ts":"4011770324", "pid":"1", "tid":"cice"},
{"name":"ModelAdvance", "ph":"B", "ts":"4011897742", "pid":"1", "tid":"cice"},
{"name":"ModelAdvance", "ph":"E", "ts":"4012370378", "pid":"1", "tid":"cice"},
{"name":"ModelAdvance", "ph":"B", "ts":"4012495506", "pid":"1", "tid":"cice"},
{"name":"ModelAdvance", "ph":"E", "ts":"4012961351", "pid":"1", "tid":"cice"},
{"name":"ModelAdvance", "ph":"B", "ts":"4013094609", "pid":"1", "tid":"cice"},
{"name":"ModelAdvance", "ph":"E", "ts":"4013567401", "pid":"1", "tid":"cice"},
{"name":"ModelAdvance", "ph":"B", "ts":"4013690824", "pid":"1", "tid":"cice"},
{"name":"ModelAdvance", "ph":"E", "ts":"4014162882", "pid":"1", "tid":"cice"},
{"name":"ModelAdvance", "ph":"B", "ts":"4014290736", "pid":"1", "tid":"cice"},
{"name":"ModelAdvance", "ph":"E", "ts":"4014760673", "pid":"1", "tid":"cice"},
{"name":"ModelAdvance", "ph":"B", "ts":"4014888633", "pid":"1", "tid":"cice"},
{"name":"ModelAdvance", "ph":"E", "ts":"4015364842", "pid":"1", "tid":"cice"},
{"name":"ModelAdvance", "ph":"B", "ts":"4015492336", "pid":"1", "tid":"cice"},
{"name":"ModelAdvance", "ph":"E", "ts":"4015958218", "pid":"1", "tid":"cice"},
{"name":"ModelAdvance", "ph":"B", "ts":"4016088172", "pid":"1", "tid":"cice"},
{"name":"ModelAdvance", "ph":"E", "ts":"4016561567", "pid":"1", "tid":"cice"},
{"name":"ModelAdvance", "ph":"B", "ts":"4016691726", "pid":"1", "tid":"cice"},
{"name":"ModelAdvance", "ph":"E", "ts":"4017265310", "pid":"1", "tid":"cice"},
{"name":"ModelAdvance", "ph":"B", "ts":"4017314520", "pid":"1", "tid":"cice"},
{"name":"ModelAdvance", "ph":"E", "ts":"4017778313", "pid":"1", "tid":"cice"},
{"name":"ModelAdvance", "ph":"B", "ts":"4018586914", "pid":"1", "tid":"cice"},
{"name":"ModelAdvance", "ph":"E", "ts":"4019097304", "pid":"1", "tid":"cice"},
{"name":"ModelAdvance", "ph":"B", "ts":"4019234176", "pid":"1", "tid":"cice"},
{"name":"ModelAdvance", "ph":"E", "ts":"4019705229", "pid":"1", "tid":"cice"},
{"name":"ModelAdvance", "ph":"B", "ts":"4019875312", "pid":"1", "tid":"cice"},
{"name":"ModelAdvance", "ph":"E", "ts":"4020349986", "pid":"1", "tid":"cice"},
{"name":"ModelAdvance", "ph":"B", "ts":"4020477524", "pid":"1", "tid":"cice"},
{"name":"ModelAdvance", "ph":"E", "ts":"4020943922", "pid":"1", "tid":"cice"},
{"name":"ModelAdvance", "ph":"B", "ts":"4021071069", "pid":"1", "tid":"cice"},
{"name":"ModelAdvance", "ph":"E", "ts":"4021542471", "pid":"1", "tid":"cice"},
{"name":"ModelAdvance", "ph":"B", "ts":"4021671696", "pid":"1", "tid":"cice"},
{"name":"ModelAdvance", "ph":"E", "ts":"4022140951", "pid":"1", "tid":"cice"},
{"name":"ModelAdvance", "ph":"B", "ts":"4022273070", "pid":"1", "tid":"cice"},
{"name":"ModelAdvance", "ph":"E", "ts":"4022742265", "pid":"1", "tid":"cice"},
{"name":"ModelAdvance", "ph":"B", "ts":"4022876811", "pid":"1", "tid":"cice"},
{"name":"ModelAdvance", "ph":"E", "ts":"4023339216", "pid":"1", "tid":"cice"},
{"name":"ModelAdvance", "ph":"B", "ts":"4023473314", "pid":"1", "tid":"cice"},
{"name":"ModelAdvance", "ph":"E", "ts":"4023951632", "pid":"1", "tid":"cice"},
{"name":"ModelAdvance", "ph":"B", "ts":"4024072004", "pid":"1", "tid":"cice"},
{"name":"ModelAdvance", "ph":"E", "ts":"4024547999", "pid":"1", "tid":"cice"},
{"name":"ModelAdvance", "ph":"B", "ts":"4024669749", "pid":"1", "tid":"cice"},
{"name":"ModelAdvance", "ph":"E", "ts":"4025141317", "pid":"1", "tid":"cice"},
{"name":"ModelAdvance", "ph":"B", "ts":"4025283038", "pid":"1", "tid":"cice"},
{"name":"ModelAdvance", "ph":"E", "ts":"4025754867", "pid":"1", "tid":"cice"},
{"name":"ModelAdvance", "ph":"B", "ts":"4025872697", "pid":"1", "tid":"cice"},
{"name":"ModelAdvance", "ph":"E", "ts":"4026349977", "pid":"1", "tid":"cice"},
{"name":"ModelAdvance", "ph":"B", "ts":"4026473178", "pid":"1", "tid":"cice"},
{"name":"ModelAdvance", "ph":"E", "ts":"4026945143", "pid":"1", "tid":"cice"},
{"name":"ModelAdvance", "ph":"B", "ts":"4027072390", "pid":"1", "tid":"cice"},
{"name":"ModelAdvance", "ph":"E", "ts":"4027544482", "pid":"1", "tid":"cice"},
{"name":"ModelAdvance", "ph":"B", "ts":"4027671470", "pid":"1", "tid":"cice"},
{"name":"ModelAdvance", "ph":"E", "ts":"4028145281", "pid":"1", "tid":"cice"},
{"name":"ModelAdvance", "ph":"B", "ts":"4028271109", "pid":"1", "tid":"cice"},
{"name":"ModelAdvance", "ph":"E", "ts":"4028744241", "pid":"1", "tid":"cice"},
{"name":"ModelAdvance", "ph":"B", "ts":"4028868936", "pid":"1", "tid":"cice"},
{"name":"ModelAdvance", "ph":"E", "ts":"4029342915", "pid":"1", "tid":"cice"},
{"name":"ModelAdvance", "ph":"B", "ts":"4029468817", "pid":"1", "tid":"cice"},
{"name":"ModelAdvance", "ph":"E", "ts":"4029941370", "pid":"1", "tid":"cice"},
{"name":"ModelAdvance", "ph":"B", "ts":"4030067966", "pid":"1", "tid":"cice"},
{"name":"ModelAdvance", "ph":"E", "ts":"4030545985", "pid":"1", "tid":"cice"},
{"name":"ModelAdvance", "ph":"B", "ts":"4030664083", "pid":"1", "tid":"cice"},
{"name":"ModelAdvance", "ph":"E", "ts":"4031148774", "pid":"1", "tid":"cice"},
{"name":"ModelAdvance", "ph":"B", "ts":"4031266419", "pid":"1", "tid":"cice"},
{"name":"ModelAdvance", "ph":"E", "ts":"4031746851", "pid":"1", "tid":"cice"},
{"name":"ModelAdvance", "ph":"B", "ts":"4031862268", "pid":"1", "tid":"cice"},
{"name":"ModelAdvance", "ph":"E", "ts":"4032336122", "pid":"1", "tid":"cice"},
{"name":"ModelAdvance", "ph":"B", "ts":"4032466139", "pid":"1", "tid":"cice"},
{"name":"ModelAdvance", "ph":"E", "ts":"4032954818", "pid":"1", "tid":"cice"},
{"name":"ModelAdvance", "ph":"B", "ts":"4033732400", "pid":"1", "tid":"cice"},
{"name":"ModelAdvance", "ph":"E", "ts":"4034196056", "pid":"1", "tid":"cice"},
{"name":"ModelAdvance", "ph":"B", "ts":"4034334095", "pid":"1", "tid":"cice"},
{"name":"ModelAdvance", "ph":"E", "ts":"4034808684", "pid":"1", "tid":"cice"},
{"name":"ModelAdvance", "ph":"B", "ts":"4034926499", "pid":"1", "tid":"cice"},
{"name":"ModelAdvance", "ph":"E", "ts":"4035400346", "pid":"1", "tid":"cice"},
{"name":"ModelAdvance", "ph":"B", "ts":"4035564854", "pid":"1", "tid":"cice"},
{"name":"ModelAdvance", "ph":"E", "ts":"4036045759", "pid":"1", "tid":"cice"},
{"name":"ModelAdvance", "ph":"B", "ts":"4036164063", "pid":"1", "tid":"cice"},
{"name":"ModelAdvance", "ph":"E", "ts":"4036646077", "pid":"1", "tid":"cice"},
{"name":"ModelAdvance", "ph":"B", "ts":"4036756477", "pid":"1", "tid":"cice"},
{"name":"ModelAdvance", "ph":"E", "ts":"4037238800", "pid":"1", "tid":"cice"},
{"name":"ModelAdvance", "ph":"B", "ts":"4037359431", "pid":"1", "tid":"cice"},
{"name":"ModelAdvance", "ph":"E", "ts":"4037827204", "pid":"1", "tid":"cice"},
{"name":"ModelAdvance", "ph":"B", "ts":"4037960700", "pid":"1", "tid":"cice"},
{"name":"ModelAdvance", "ph":"E", "ts":"4038436652", "pid":"1", "tid":"cice"},
{"name":"ModelAdvance", "ph":"B", "ts":"4038558300", "pid":"1", "tid":"cice"},
{"name":"ModelAdvance", "ph":"E", "ts":"4039032629", "pid":"1", "tid":"cice"},
{"name":"ModelAdvance", "ph":"B", "ts":"4039161529", "pid":"1", "tid":"cice"},
{"name":"ModelAdvance", "ph":"E", "ts":"4039637045", "pid":"1", "tid":"cice"},
{"name":"ModelAdvance", "ph":"B", "ts":"4039761289", "pid":"1", "tid":"cice"},
{"name":"ModelAdvance", "ph":"E", "ts":"4040241318", "pid":"1", "tid":"cice"},
{"name":"ModelAdvance", "ph":"B", "ts":"4040373465", "pid":"1", "tid":"cice"},
{"name":"ModelAdvance", "ph":"E", "ts":"4040848435", "pid":"1", "tid":"cice"},
{"name":"ModelAdvance", "ph":"B", "ts":"4040959571", "pid":"1", "tid":"cice"},
{"name":"ModelAdvance", "ph":"E", "ts":"4041447441", "pid":"1", "tid":"cice"},
{"name":"ModelAdvance", "ph":"B", "ts":"4041565513", "pid":"1", "tid":"cice"},
{"name":"ModelAdvance", "ph":"E", "ts":"4042043356", "pid":"1", "tid":"cice"},
{"name":"ModelAdvance", "ph":"B", "ts":"4042161045", "pid":"1", "tid":"cice"},
{"name":"ModelAdvance", "ph":"E", "ts":"4042631871", "pid":"1", "tid":"cice"},
{"name":"ModelAdvance", "ph":"B", "ts":"4042756484", "pid":"1", "tid":"cice"},
{"name":"ModelAdvance", "ph":"E", "ts":"4043234244", "pid":"1", "tid":"cice"},
{"name":"ModelAdvance", "ph":"B", "ts":"4043366621", "pid":"1", "tid":"cice"},
{"name":"ModelAdvance", "ph":"E", "ts":"4043841688", "pid":"1", "tid":"cice"},
{"name":"ModelAdvance", "ph":"B", "ts":"4043958417", "pid":"1", "tid":"cice"},
{"name":"ModelAdvance", "ph":"E", "ts":"4044442846", "pid":"1", "tid":"cice"},
{"name":"ModelAdvance", "ph":"B", "ts":"4044557578", "pid":"1", "tid":"cice"},
{"name":"ModelAdvance", "ph":"E", "ts":"4045035104", "pid":"1", "tid":"cice"},
{"name":"ModelAdvance", "ph":"B", "ts":"4045160391", "pid":"1", "tid":"cice"},
{"name":"ModelAdvance", "ph":"E", "ts":"4045627369", "pid":"1", "tid":"cice"},
{"name":"ModelAdvance", "ph":"B", "ts":"4045763902", "pid":"1", "tid":"cice"},
{"name":"ModelAdvance", "ph":"E", "ts":"4046237026", "pid":"1", "tid":"cice"},
{"name":"ModelAdvance", "ph":"B", "ts":"4046360753", "pid":"1", "tid":"cice"},
{"name":"ModelAdvance", "ph":"E", "ts":"4046837393", "pid":"1", "tid":"cice"},
{"name":"ModelAdvance", "ph":"B", "ts":"4046991371", "pid":"1", "tid":"cice"},
{"name":"ModelAdvance", "ph":"E", "ts":"4047459675", "pid":"1", "tid":"cice"},
{"name":"ModelAdvance", "ph":"B", "ts":"4047600576", "pid":"1", "tid":"cice"},
{"name":"ModelAdvance", "ph":"E", "ts":"4048086424", "pid":"1", "tid":"cice"},
{"name":"ModelAdvance", "ph":"B", "ts":"4048859567", "pid":"1", "tid":"cice"},
{"name":"ModelAdvance", "ph":"E", "ts":"4049324022", "pid":"1", "tid":"cice"},
{"name":"ModelAdvance", "ph":"B", "ts":"4049456281", "pid":"1", "tid":"cice"},
{"name":"ModelAdvance", "ph":"E", "ts":"4049937388", "pid":"1", "tid":"cice"},
{"name":"ModelAdvance", "ph":"B", "ts":"4050058243", "pid":"1", "tid":"cice"},
{"name":"ModelAdvance", "ph":"E", "ts":"4050539315", "pid":"1", "tid":"cice"},
{"name":"ModelAdvance", "ph":"B", "ts":"4050658148", "pid":"1", "tid":"cice"},
{"name":"ModelAdvance", "ph":"E", "ts":"4051128857", "pid":"1", "tid":"cice"},
{"name":"ModelAdvance", "ph":"B", "ts":"4051258934", "pid":"1", "tid":"cice"},
{"name":"ModelAdvance", "ph":"E", "ts":"4051730974", "pid":"1", "tid":"cice"},
{"name":"ModelAdvance", "ph":"B", "ts":"4051883702", "pid":"1", "tid":"cice"},
{"name":"ModelAdvance", "ph":"E", "ts":"4052356072", "pid":"1", "tid":"cice"},
{"name":"ModelAdvance", "ph":"B", "ts":"4052494694", "pid":"1", "tid":"cice"},
{"name":"ModelAdvance", "ph":"E", "ts":"4052964304", "pid":"1", "tid":"cice"},
{"name":"ModelAdvance", "ph":"B", "ts":"4053097004", "pid":"1", "tid":"cice"},
{"name":"ModelAdvance", "ph":"E", "ts":"4053567368", "pid":"1", "tid":"cice"},
{"name":"ModelAdvance", "ph":"B", "ts":"4053692104", "pid":"1", "tid":"cice"},
{"name":"ModelAdvance", "ph":"E", "ts":"4054165627", "pid":"1", "tid":"cice"},
{"name":"ModelAdvance", "ph":"B", "ts":"4054293918", "pid":"1", "tid":"cice"},
{"name":"ModelAdvance", "ph":"E", "ts":"4054773133", "pid":"1", "tid":"cice"},
{"name":"ModelAdvance", "ph":"B", "ts":"4054885400", "pid":"1", "tid":"cice"},
{"name":"ModelAdvance", "ph":"E", "ts":"4055360523", "pid":"1", "tid":"cice"},
{"name":"ModelAdvance", "ph":"B", "ts":"4055491587", "pid":"1", "tid":"cice"},
{"name":"ModelAdvance", "ph":"E", "ts":"4055963362", "pid":"1", "tid":"cice"},
{"name":"ModelAdvance", "ph":"B", "ts":"4056090957", "pid":"1", "tid":"cice"},
{"name":"ModelAdvance", "ph":"E", "ts":"4056564084", "pid":"1", "tid":"cice"},
{"name":"ModelAdvance", "ph":"B", "ts":"4056691146", "pid":"1", "tid":"cice"},
{"name":"ModelAdvance", "ph":"E", "ts":"4057172465", "pid":"1", "tid":"cice"},
{"name":"ModelAdvance", "ph":"B", "ts":"4057291397", "pid":"1", "tid":"cice"},
{"name":"ModelAdvance", "ph":"E", "ts":"4057762276", "pid":"1", "tid":"cice"},
{"name":"ModelAdvance", "ph":"B", "ts":"4057887144", "pid":"1", "tid":"cice"},
{"name":"ModelAdvance", "ph":"E", "ts":"4058366267", "pid":"1", "tid":"cice"},
{"name":"ModelAdvance", "ph":"B", "ts":"4058475227", "pid":"1", "tid":"cice"},
{"name":"ModelAdvance", "ph":"E", "ts":"4058956104", "pid":"1", "tid":"cice"},
{"name":"ModelAdvance", "ph":"B", "ts":"4059074265", "pid":"1", "tid":"cice"},
{"name":"ModelAdvance", "ph":"E", "ts":"4059555730", "pid":"1", "tid":"cice"},
{"name":"ModelAdvance", "ph":"B", "ts":"4059676214", "pid":"1", "tid":"cice"},
{"name":"ModelAdvance", "ph":"E", "ts":"4060149608", "pid":"1", "tid":"cice"},
{"name":"ModelAdvance", "ph":"B", "ts":"4060264969", "pid":"1", "tid":"cice"},
{"name":"ModelAdvance", "ph":"E", "ts":"4060738133", "pid":"1", "tid":"cice"},
{"name":"ModelAdvance", "ph":"B", "ts":"4060862716", "pid":"1", "tid":"cice"},
{"name":"ModelAdvance", "ph":"E", "ts":"4061333747", "pid":"1", "tid":"cice"},
{"name":"ModelAdvance", "ph":"B", "ts":"4061456033", "pid":"1", "tid":"cice"},
{"name":"ModelAdvance", "ph":"E", "ts":"4061930356", "pid":"1", "tid":"cice"},
{"name":"ModelAdvance", "ph":"B", "ts":"4062061229", "pid":"1", "tid":"cice"},
{"name":"ModelAdvance", "ph":"E", "ts":"4062540618", "pid":"1", "tid":"cice"},
{"name":"ModelAdvance", "ph":"B", "ts":"4062684054", "pid":"1", "tid":"cice"},
{"name":"ModelAdvance", "ph":"E", "ts":"4063164064", "pid":"1", "tid":"cice"},
{"name":"ModelAdvance", "ph":"B", "ts":"4063922178", "pid":"1", "tid":"cice"},
{"name":"ModelAdvance", "ph":"E", "ts":"4064403314", "pid":"1", "tid":"cice"},
{"name":"ModelAdvance", "ph":"B", "ts":"4064514176", "pid":"1", "tid":"cice"},
{"name":"ModelAdvance", "ph":"E", "ts":"4064985183", "pid":"1", "tid":"cice"},
{"name":"ModelAdvance", "ph":"B", "ts":"4065106637", "pid":"1", "tid":"cice"},
{"name":"ModelAdvance", "ph":"E", "ts":"4065576490", "pid":"1", "tid":"cice"},
{"name":"ModelAdvance", "ph":"B", "ts":"4065703769", "pid":"1", "tid":"cice"},
{"name":"ModelAdvance", "ph":"E", "ts":"4066173632", "pid":"1", "tid":"cice"},
{"name":"ModelAdvance", "ph":"B", "ts":"4066290859", "pid":"1", "tid":"cice"},
{"name":"ModelAdvance", "ph":"E", "ts":"4066770916", "pid":"1", "tid":"cice"},
{"name":"ModelAdvance", "ph":"B", "ts":"4066887669", "pid":"1", "tid":"cice"},
{"name":"ModelAdvance", "ph":"E", "ts":"4067362897", "pid":"1", "tid":"cice"},
{"name":"ModelAdvance", "ph":"B", "ts":"4067477959", "pid":"1", "tid":"cice"},
{"name":"ModelAdvance", "ph":"E", "ts":"4067950854", "pid":"1", "tid":"cice"},
{"name":"ModelAdvance", "ph":"B", "ts":"4068064408", "pid":"1", "tid":"cice"},
{"name":"ModelAdvance", "ph":"E", "ts":"4068553027", "pid":"1", "tid":"cice"},
{"name":"ModelAdvance", "ph":"B", "ts":"4068667727", "pid":"1", "tid":"cice"},
{"name":"ModelAdvance", "ph":"E", "ts":"4069139305", "pid":"1", "tid":"cice"},
{"name":"ModelAdvance", "ph":"B", "ts":"4069264481", "pid":"1", "tid":"cice"},
{"name":"ModelAdvance", "ph":"E", "ts":"4069736852", "pid":"1", "tid":"cice"},
{"name":"ModelAdvance", "ph":"B", "ts":"4069853625", "pid":"1", "tid":"cice"},
{"name":"ModelAdvance", "ph":"E", "ts":"4070326850", "pid":"1", "tid":"cice"},
{"name":"ModelAdvance", "ph":"B", "ts":"4070456834", "pid":"1", "tid":"cice"},
{"name":"ModelAdvance", "ph":"E", "ts":"4070937407", "pid":"1", "tid":"cice"},
{"name":"ModelAdvance", "ph":"B", "ts":"4071046447", "pid":"1", "tid":"cice"},
{"name":"ModelAdvance", "ph":"E", "ts":"4071531708", "pid":"1", "tid":"cice"},
{"name":"ModelAdvance", "ph":"B", "ts":"4071635953", "pid":"1", "tid":"cice"},
{"name":"ModelAdvance", "ph":"E", "ts":"4072111263", "pid":"1", "tid":"cice"},
{"name":"ModelAdvance", "ph":"B", "ts":"4072228822", "pid":"1", "tid":"cice"},
{"name":"ModelAdvance", "ph":"E", "ts":"4072708774", "pid":"1", "tid":"cice"},
{"name":"ModelAdvance", "ph":"B", "ts":"4072829340", "pid":"1", "tid":"cice"},
{"name":"ModelAdvance", "ph":"E", "ts":"4073305644", "pid":"1", "tid":"cice"},
{"name":"ModelAdvance", "ph":"B", "ts":"4073446207", "pid":"1", "tid":"cice"},
{"name":"ModelAdvance", "ph":"E", "ts":"4073912157", "pid":"1", "tid":"cice"},
{"name":"ModelAdvance", "ph":"B", "ts":"4074046341", "pid":"1", "tid":"cice"},
{"name":"ModelAdvance", "ph":"E", "ts":"4074516414", "pid":"1", "tid":"cice"},
{"name":"ModelAdvance", "ph":"B", "ts":"4074628562", "pid":"1", "tid":"cice"},
{"name":"ModelAdvance", "ph":"E", "ts":"4075107919", "pid":"1", "tid":"cice"},
{"name":"ModelAdvance", "ph":"B", "ts":"4075219932", "pid":"1", "tid":"cice"},
{"name":"ModelAdvance", "ph":"E", "ts":"4075696762", "pid":"1", "tid":"cice"},
{"name":"ModelAdvance", "ph":"B", "ts":"4075805025", "pid":"1", "tid":"cice"},
{"name":"ModelAdvance", "ph":"E", "ts":"4076281151", "pid":"1", "tid":"cice"},
{"name":"ModelAdvance", "ph":"B", "ts":"4076396541", "pid":"1", "tid":"cice"},
{"name":"ModelAdvance", "ph":"E", "ts":"4076877306", "pid":"1", "tid":"cice"},
{"name":"ModelAdvance", "ph":"B", "ts":"4076981195", "pid":"1", "tid":"cice"},
{"name":"ModelAdvance", "ph":"E", "ts":"4077487552", "pid":"1", "tid":"cice"},
{"name":"ModelAdvance", "ph":"B", "ts":"4077607870", "pid":"1", "tid":"cice"},
{"name":"ModelAdvance", "ph":"E", "ts":"4078078889", "pid":"1", "tid":"cice"},
{"name":"ModelAdvance", "ph":"B", "ts":"4078827135", "pid":"1", "tid":"cice"},
{"name":"ModelAdvance", "ph":"E", "ts":"4079294086", "pid":"1", "tid":"cice"},
{"name":"ModelAdvance", "ph":"B", "ts":"4079410008", "pid":"1", "tid":"cice"},
{"name":"ModelAdvance", "ph":"E", "ts":"4079889262", "pid":"1", "tid":"cice"},
{"name":"ModelAdvance", "ph":"B", "ts":"4079992757", "pid":"1", "tid":"cice"},
{"name":"ModelAdvance", "ph":"E", "ts":"4080462277", "pid":"1", "tid":"cice"},
{"name":"ModelAdvance", "ph":"B", "ts":"4080591865", "pid":"1", "tid":"cice"},
{"name":"ModelAdvance", "ph":"E", "ts":"4081064905", "pid":"1", "tid":"cice"},
{"name":"ModelAdvance", "ph":"B", "ts":"4081177922", "pid":"1", "tid":"cice"},
{"name":"ModelAdvance", "ph":"E", "ts":"4081659123", "pid":"1", "tid":"cice"},
{"name":"ModelAdvance", "ph":"B", "ts":"4081766120", "pid":"1", "tid":"cice"},
{"name":"ModelAdvance", "ph":"E", "ts":"4082245852", "pid":"1", "tid":"cice"},
{"name":"ModelAdvance", "ph":"B", "ts":"4082348920", "pid":"1", "tid":"cice"},
{"name":"ModelAdvance", "ph":"E", "ts":"4082830008", "pid":"1", "tid":"cice"},
{"name":"ModelAdvance", "ph":"B", "ts":"4082928220", "pid":"1", "tid":"cice"},
{"name":"ModelAdvance", "ph":"E", "ts":"4083412206", "pid":"1", "tid":"cice"},
{"name":"ModelAdvance", "ph":"B", "ts":"4083519233", "pid":"1", "tid":"cice"},
{"name":"ModelAdvance", "ph":"E", "ts":"4083983989", "pid":"1", "tid":"cice"},
{"name":"ModelAdvance", "ph":"B", "ts":"4084106433", "pid":"1", "tid":"cice"},
{"name":"ModelAdvance", "ph":"E", "ts":"4084576061", "pid":"1", "tid":"cice"},
{"name":"ModelAdvance", "ph":"B", "ts":"4084680424", "pid":"1", "tid":"cice"},
{"name":"ModelAdvance", "ph":"E", "ts":"4085156058", "pid":"1", "tid":"cice"},
{"name":"ModelAdvance", "ph":"B", "ts":"4085276872", "pid":"1", "tid":"cice"},
{"name":"ModelAdvance", "ph":"E", "ts":"4085760923", "pid":"1", "tid":"cice"},
{"name":"ModelAdvance", "ph":"B", "ts":"4085864179", "pid":"1", "tid":"cice"},
{"name":"ModelAdvance", "ph":"E", "ts":"4086330925", "pid":"1", "tid":"cice"},
{"name":"ModelAdvance", "ph":"B", "ts":"4086454161", "pid":"1", "tid":"cice"},
{"name":"ModelAdvance", "ph":"E", "ts":"4086918851", "pid":"1", "tid":"cice"},
{"name":"ModelAdvance", "ph":"B", "ts":"4087030604", "pid":"1", "tid":"cice"},
{"name":"ModelAdvance", "ph":"E", "ts":"4087514566", "pid":"1", "tid":"cice"},
{"name":"ModelAdvance", "ph":"B", "ts":"4087628693", "pid":"1", "tid":"cice"},
{"name":"ModelAdvance", "ph":"E", "ts":"4088105495", "pid":"1", "tid":"cice"},
{"name":"ModelAdvance", "ph":"B", "ts":"4088237932", "pid":"1", "tid":"cice"},
{"name":"ModelAdvance", "ph":"E", "ts":"4088715694", "pid":"1", "tid":"cice"},
{"name":"ModelAdvance", "ph":"B", "ts":"4088826309", "pid":"1", "tid":"cice"},
{"name":"ModelAdvance", "ph":"E", "ts":"4089305041", "pid":"1", "tid":"cice"},
{"name":"ModelAdvance", "ph":"B", "ts":"4089423578", "pid":"1", "tid":"cice"},
{"name":"ModelAdvance", "ph":"E", "ts":"4089905550", "pid":"1", "tid":"cice"},
{"name":"ModelAdvance", "ph":"B", "ts":"4090009221", "pid":"1", "tid":"cice"},
{"name":"ModelAdvance", "ph":"E", "ts":"4090491005", "pid":"1", "tid":"cice"},
{"name":"ModelAdvance", "ph":"B", "ts":"4090605271", "pid":"1", "tid":"cice"},
{"name":"ModelAdvance", "ph":"E", "ts":"4091089662", "pid":"1", "tid":"cice"},
{"name":"ModelAdvance", "ph":"B", "ts":"4091199432", "pid":"1", "tid":"cice"},
{"name":"ModelAdvance", "ph":"E", "ts":"4091680972", "pid":"1", "tid":"cice"},
{"name":"ModelAdvance", "ph":"B", "ts":"4091797292", "pid":"1", "tid":"cice"},
{"name":"ModelAdvance", "ph":"E", "ts":"4092261527", "pid":"1", "tid":"cice"},
{"name":"ModelAdvance", "ph":"B", "ts":"4092433680", "pid":"1", "tid":"cice"},
{"name":"ModelAdvance", "ph":"E", "ts":"4092911591", "pid":"1", "tid":"cice"},
{"name":"ModelAdvance", "ph":"B", "ts":"4093688114", "pid":"1", "tid":"cice"},
{"name":"ModelAdvance", "ph":"E", "ts":"4094170459", "pid":"1", "tid":"cice"},
{"name":"ModelAdvance", "ph":"B", "ts":"4094305096", "pid":"1", "tid":"cice"},
{"name":"ModelAdvance", "ph":"E", "ts":"4094773851", "pid":"1", "tid":"cice"},
{"name":"ModelAdvance", "ph":"B", "ts":"4094883927", "pid":"1", "tid":"cice"},
{"name":"ModelAdvance", "ph":"E", "ts":"4095349706", "pid":"1", "tid":"cice"},
{"name":"ModelAdvance", "ph":"B", "ts":"4095463032", "pid":"1", "tid":"cice"},
{"name":"ModelAdvance", "ph":"E", "ts":"4095947396", "pid":"1", "tid":"cice"},
{"name":"ModelAdvance", "ph":"B", "ts":"4096051660", "pid":"1", "tid":"cice"},
{"name":"ModelAdvance", "ph":"E", "ts":"4096525094", "pid":"1", "tid":"cice"},
{"name":"ModelAdvance", "ph":"B", "ts":"4096643319", "pid":"1", "tid":"cice"},
{"name":"ModelAdvance", "ph":"E", "ts":"4097115689", "pid":"1", "tid":"cice"},
{"name":"ModelAdvance", "ph":"B", "ts":"4097230750", "pid":"1", "tid":"cice"},
{"name":"ModelAdvance", "ph":"E", "ts":"4097698847", "pid":"1", "tid":"cice"},
{"name":"ModelAdvance", "ph":"B", "ts":"4097830188", "pid":"1", "tid":"cice"},
{"name":"ModelAdvance", "ph":"E", "ts":"4098299880", "pid":"1", "tid":"cice"},
{"name":"ModelAdvance", "ph":"B", "ts":"4098411796", "pid":"1", "tid":"cice"},
{"name":"ModelAdvance", "ph":"E", "ts":"4098891360", "pid":"1", "tid":"cice"},
{"name":"ModelAdvance", "ph":"B", "ts":"4099007543", "pid":"1", "tid":"cice"},
{"name":"ModelAdvance", "ph":"E", "ts":"4099483524", "pid":"1", "tid":"cice"},
{"name":"ModelAdvance", "ph":"B", "ts":"4099585171", "pid":"1", "tid":"cice"},
{"name":"ModelAdvance", "ph":"E", "ts":"4100063552", "pid":"1", "tid":"cice"},
{"name":"ModelAdvance", "ph":"B", "ts":"4100184304", "pid":"1", "tid":"cice"},
{"name":"ModelAdvance", "ph":"E", "ts":"4100661732", "pid":"1", "tid":"cice"},
{"name":"ModelAdvance", "ph":"B", "ts":"4100759540", "pid":"1", "tid":"cice"},
{"name":"ModelAdvance", "ph":"E", "ts":"4101239988", "pid":"1", "tid":"cice"},
{"name":"ModelAdvance", "ph":"B", "ts":"4101356634", "pid":"1", "tid":"cice"},
{"name":"ModelAdvance", "ph":"E", "ts":"4101827158", "pid":"1", "tid":"cice"},
{"name":"ModelAdvance", "ph":"B", "ts":"4101958710", "pid":"1", "tid":"cice"},
{"name":"ModelAdvance", "ph":"E", "ts":"4102436794", "pid":"1", "tid":"cice"},
{"name":"ModelAdvance", "ph":"B", "ts":"4102564375", "pid":"1", "tid":"cice"},
{"name":"ModelAdvance", "ph":"E", "ts":"4103032915", "pid":"1", "tid":"cice"},
{"name":"ModelAdvance", "ph":"B", "ts":"4103157315", "pid":"1", "tid":"cice"},
{"name":"ModelAdvance", "ph":"E", "ts":"4103629654", "pid":"1", "tid":"cice"},
{"name":"ModelAdvance", "ph":"B", "ts":"4103740984", "pid":"1", "tid":"cice"},
{"name":"ModelAdvance", "ph":"E", "ts":"4104211345", "pid":"1", "tid":"cice"},
{"name":"ModelAdvance", "ph":"B", "ts":"4104337486", "pid":"1", "tid":"cice"},
{"name":"ModelAdvance", "ph":"E", "ts":"4104819843", "pid":"1", "tid":"cice"},
{"name":"ModelAdvance", "ph":"B", "ts":"4104935473", "pid":"1", "tid":"cice"},
{"name":"ModelAdvance", "ph":"E", "ts":"4105408739", "pid":"1", "tid":"cice"},
{"name":"ModelAdvance", "ph":"B", "ts":"4105527701", "pid":"1", "tid":"cice"},
{"name":"ModelAdvance", "ph":"E", "ts":"4105997048", "pid":"1", "tid":"cice"},
{"name":"ModelAdvance", "ph":"B", "ts":"4106112306", "pid":"1", "tid":"cice"},
{"name":"ModelAdvance", "ph":"E", "ts":"4106589713", "pid":"1", "tid":"cice"},
{"name":"ModelAdvance", "ph":"B", "ts":"4106699568", "pid":"1", "tid":"cice"},
{"name":"ModelAdvance", "ph":"E", "ts":"4107264225", "pid":"1", "tid":"cice"},
{"name":"ModelAdvance", "ph":"B", "ts":"4107313528", "pid":"1", "tid":"cice"},
{"name":"ModelAdvance", "ph":"E", "ts":"4107782508", "pid":"1", "tid":"cice"},
{"name":"ModelAdvance", "ph":"B", "ts":"4108560852", "pid":"1", "tid":"cice"},
{"name":"ModelAdvance", "ph":"E", "ts":"4109031877", "pid":"1", "tid":"cice"},
{"name":"ModelAdvance", "ph":"B", "ts":"4109150915", "pid":"1", "tid":"cice"},
{"name":"ModelAdvance", "ph":"E", "ts":"4109619410", "pid":"1", "tid":"cice"},
{"name":"ModelAdvance", "ph":"B", "ts":"4109732739", "pid":"1", "tid":"cice"},
{"name":"ModelAdvance", "ph":"E", "ts":"4110206137", "pid":"1", "tid":"cice"},
{"name":"ModelAdvance", "ph":"B", "ts":"4110337886", "pid":"1", "tid":"cice"},
{"name":"ModelAdvance", "ph":"E", "ts":"4110803993", "pid":"1", "tid":"cice"},
{"name":"ModelAdvance", "ph":"B", "ts":"4110954488", "pid":"1", "tid":"cice"},
{"name":"ModelAdvance", "ph":"E", "ts":"4111426945", "pid":"1", "tid":"cice"},
{"name":"ModelAdvance", "ph":"B", "ts":"4111535735", "pid":"1", "tid":"cice"},
{"name":"ModelAdvance", "ph":"E", "ts":"4112012561", "pid":"1", "tid":"cice"},
{"name":"ModelAdvance", "ph":"B", "ts":"4112132981", "pid":"1", "tid":"cice"},
{"name":"ModelAdvance", "ph":"E", "ts":"4112607610", "pid":"1", "tid":"cice"},
{"name":"ModelAdvance", "ph":"B", "ts":"4112717609", "pid":"1", "tid":"cice"},
{"name":"ModelAdvance", "ph":"E", "ts":"4113203251", "pid":"1", "tid":"cice"},
{"name":"ModelAdvance", "ph":"B", "ts":"4113322115", "pid":"1", "tid":"cice"},
{"name":"ModelAdvance", "ph":"E", "ts":"4113790192", "pid":"1", "tid":"cice"},
{"name":"ModelAdvance", "ph":"B", "ts":"4113920449", "pid":"1", "tid":"cice"},
{"name":"ModelAdvance", "ph":"E", "ts":"4114385780", "pid":"1", "tid":"cice"},
{"name":"ModelAdvance", "ph":"B", "ts":"4114535259", "pid":"1", "tid":"cice"},
{"name":"ModelAdvance", "ph":"E", "ts":"4115007602", "pid":"1", "tid":"cice"},
{"name":"ModelAdvance", "ph":"B", "ts":"4115140072", "pid":"1", "tid":"cice"},
{"name":"ModelAdvance", "ph":"E", "ts":"4115619289", "pid":"1", "tid":"cice"},
{"name":"ModelAdvance", "ph":"B", "ts":"4115740090", "pid":"1", "tid":"cice"},
{"name":"ModelAdvance", "ph":"E", "ts":"4116214237", "pid":"1", "tid":"cice"},
{"name":"ModelAdvance", "ph":"B", "ts":"4116336660", "pid":"1", "tid":"cice"},
{"name":"ModelAdvance", "ph":"E", "ts":"4116810464", "pid":"1", "tid":"cice"},
{"name":"ModelAdvance", "ph":"B", "ts":"4116938927", "pid":"1", "tid":"cice"},
{"name":"ModelAdvance", "ph":"E", "ts":"4117417595", "pid":"1", "tid":"cice"},
{"name":"ModelAdvance", "ph":"B", "ts":"4117549286", "pid":"1", "tid":"cice"},
{"name":"ModelAdvance", "ph":"E", "ts":"4118023495", "pid":"1", "tid":"cice"},
{"name":"ModelAdvance", "ph":"B", "ts":"4118153311", "pid":"1", "tid":"cice"},
{"name":"ModelAdvance", "ph":"E", "ts":"4118627313", "pid":"1", "tid":"cice"},
{"name":"ModelAdvance", "ph":"B", "ts":"4118766888", "pid":"1", "tid":"cice"},
{"name":"ModelAdvance", "ph":"E", "ts":"4119263324", "pid":"1", "tid":"cice"},
{"name":"ModelAdvance", "ph":"B", "ts":"4119365480", "pid":"1", "tid":"cice"},
{"name":"ModelAdvance", "ph":"E", "ts":"4119854556", "pid":"1", "tid":"cice"},
{"name":"ModelAdvance", "ph":"B", "ts":"4119959398", "pid":"1", "tid":"cice"},
{"name":"ModelAdvance", "ph":"E", "ts":"4120438426", "pid":"1", "tid":"cice"},
{"name":"ModelAdvance", "ph":"B", "ts":"4120543080", "pid":"1", "tid":"cice"},
{"name":"ModelAdvance", "ph":"E", "ts":"4121022669", "pid":"1", "tid":"cice"},
{"name":"ModelAdvance", "ph":"B", "ts":"4121136334", "pid":"1", "tid":"cice"},
{"name":"ModelAdvance", "ph":"E", "ts":"4121616042", "pid":"1", "tid":"cice"},
{"name":"ModelAdvance", "ph":"B", "ts":"4121723235", "pid":"1", "tid":"cice"},
{"name":"ModelAdvance", "ph":"E", "ts":"4122201513", "pid":"1", "tid":"cice"},
{"name":"ModelAdvance", "ph":"B", "ts":"4122335906", "pid":"1", "tid":"cice"},
{"name":"ModelAdvance", "ph":"E", "ts":"4122820126", "pid":"1", "tid":"cice"},
{"name":"ModelAdvance", "ph":"B", "ts":"4123597041", "pid":"1", "tid":"cice"},
{"name":"ModelAdvance", "ph":"E", "ts":"4124071543", "pid":"1", "tid":"cice"},
{"name":"ModelAdvance", "ph":"B", "ts":"4124183249", "pid":"1", "tid":"cice"},
{"name":"ModelAdvance", "ph":"E", "ts":"4124658160", "pid":"1", "tid":"cice"},
{"name":"ModelAdvance", "ph":"B", "ts":"4124764991", "pid":"1", "tid":"cice"},
{"name":"ModelAdvance", "ph":"E", "ts":"4125248716", "pid":"1", "tid":"cice"},
{"name":"ModelAdvance", "ph":"B", "ts":"4125356034", "pid":"1", "tid":"cice"},
{"name":"ModelAdvance", "ph":"E", "ts":"4125834863", "pid":"1", "tid":"cice"},
{"name":"ModelAdvance", "ph":"B", "ts":"4125938640", "pid":"1", "tid":"cice"},
{"name":"ModelAdvance", "ph":"E", "ts":"4126412649", "pid":"1", "tid":"cice"},
{"name":"ModelAdvance", "ph":"B", "ts":"4126532029", "pid":"1", "tid":"cice"},
{"name":"ModelAdvance", "ph":"E", "ts":"4127001032", "pid":"1", "tid":"cice"},
{"name":"ModelAdvance", "ph":"B", "ts":"4127117260", "pid":"1", "tid":"cice"},
{"name":"ModelAdvance", "ph":"E", "ts":"4127593422", "pid":"1", "tid":"cice"},
{"name":"ModelAdvance", "ph":"B", "ts":"4127710772", "pid":"1", "tid":"cice"},
{"name":"ModelAdvance", "ph":"E", "ts":"4128174281", "pid":"1", "tid":"cice"},
{"name":"ModelAdvance", "ph":"B", "ts":"4128295215", "pid":"1", "tid":"cice"},
{"name":"ModelAdvance", "ph":"E", "ts":"4128766457", "pid":"1", "tid":"cice"},
{"name":"ModelAdvance", "ph":"B", "ts":"4128880831", "pid":"1", "tid":"cice"},
{"name":"ModelAdvance", "ph":"E", "ts":"4129359062", "pid":"1", "tid":"cice"},
{"name":"ModelAdvance", "ph":"B", "ts":"4129464129", "pid":"1", "tid":"cice"},
{"name":"ModelAdvance", "ph":"E", "ts":"4129938701", "pid":"1", "tid":"cice"},
{"name":"ModelAdvance", "ph":"B", "ts":"4130064305", "pid":"1", "tid":"cice"},
{"name":"ModelAdvance", "ph":"E", "ts":"4130539885", "pid":"1", "tid":"cice"},
{"name":"ModelAdvance", "ph":"B", "ts":"4130657193", "pid":"1", "tid":"cice"},
{"name":"ModelAdvance", "ph":"E", "ts":"4131132229", "pid":"1", "tid":"cice"},
{"name":"ModelAdvance", "ph":"B", "ts":"4131254257", "pid":"1", "tid":"cice"},
{"name":"ModelAdvance", "ph":"E", "ts":"4131714808", "pid":"1", "tid":"cice"},
{"name":"ModelAdvance", "ph":"B", "ts":"4131833011", "pid":"1", "tid":"cice"},
{"name":"ModelAdvance", "ph":"E", "ts":"4132313485", "pid":"1", "tid":"cice"},
{"name":"ModelAdvance", "ph":"B", "ts":"4132429726", "pid":"1", "tid":"cice"},
{"name":"ModelAdvance", "ph":"E", "ts":"4132913237", "pid":"1", "tid":"cice"},
{"name":"ModelAdvance", "ph":"B", "ts":"4133020555", "pid":"1", "tid":"cice"},
{"name":"ModelAdvance", "ph":"E", "ts":"4133495862", "pid":"1", "tid":"cice"},
{"name":"ModelAdvance", "ph":"B", "ts":"4133611350", "pid":"1", "tid":"cice"},
{"name":"ModelAdvance", "ph":"E", "ts":"4134090699", "pid":"1", "tid":"cice"},
{"name":"ModelAdvance", "ph":"B", "ts":"4134211778", "pid":"1", "tid":"cice"},
{"name":"ModelAdvance", "ph":"E", "ts":"4134676353", "pid":"1", "tid":"cice"},
{"name":"ModelAdvance", "ph":"B", "ts":"4134796479", "pid":"1", "tid":"cice"},
{"name":"ModelAdvance", "ph":"E", "ts":"4135261333", "pid":"1", "tid":"cice"},
{"name":"ModelAdvance", "ph":"B", "ts":"4135405294", "pid":"1", "tid":"cice"},
{"name":"ModelAdvance", "ph":"E", "ts":"4135872782", "pid":"1", "tid":"cice"},
{"name":"ModelAdvance", "ph":"B", "ts":"4136000721", "pid":"1", "tid":"cice"},
{"name":"ModelAdvance", "ph":"E", "ts":"4136471901", "pid":"1", "tid":"cice"},
{"name":"ModelAdvance", "ph":"B", "ts":"4136582405", "pid":"1", "tid":"cice"},
{"name":"ModelAdvance", "ph":"E", "ts":"4137061488", "pid":"1", "tid":"cice"},
{"name":"ModelAdvance", "ph":"B", "ts":"4137189763", "pid":"1", "tid":"cice"},
{"name":"ModelAdvance", "ph":"E", "ts":"4137663273", "pid":"1", "tid":"cice"},
{"name":"ModelAdvance", "ph":"B", "ts":"4138405840", "pid":"1", "tid":"cice"},
{"name":"ModelAdvance", "ph":"E", "ts":"4138883353", "pid":"1", "tid":"cice"},
{"name":"ModelAdvance", "ph":"B", "ts":"4139002911", "pid":"1", "tid":"cice"},
{"name":"ModelAdvance", "ph":"E", "ts":"4139471911", "pid":"1", "tid":"cice"},
{"name":"ModelAdvance", "ph":"B", "ts":"4139595378", "pid":"1", "tid":"cice"},
{"name":"ModelAdvance", "ph":"E", "ts":"4140074140", "pid":"1", "tid":"cice"},
{"name":"ModelAdvance", "ph":"B", "ts":"4140202673", "pid":"1", "tid":"cice"},
{"name":"ModelAdvance", "ph":"E", "ts":"4140671547", "pid":"1", "tid":"cice"},
{"name":"ModelAdvance", "ph":"B", "ts":"4140788924", "pid":"1", "tid":"cice"},
{"name":"ModelAdvance", "ph":"E", "ts":"4141264132", "pid":"1", "tid":"cice"},
{"name":"ModelAdvance", "ph":"B", "ts":"4141380072", "pid":"1", "tid":"cice"},
{"name":"ModelAdvance", "ph":"E", "ts":"4141848396", "pid":"1", "tid":"cice"},
{"name":"ModelAdvance", "ph":"B", "ts":"4141962800", "pid":"1", "tid":"cice"},
{"name":"ModelAdvance", "ph":"E", "ts":"4142439375", "pid":"1", "tid":"cice"},
{"name":"ModelAdvance", "ph":"B", "ts":"4142558723", "pid":"1", "tid":"cice"},
{"name":"ModelAdvance", "ph":"E", "ts":"4143032233", "pid":"1", "tid":"cice"},
{"name":"ModelAdvance", "ph":"B", "ts":"4143156147", "pid":"1", "tid":"cice"},
{"name":"ModelAdvance", "ph":"E", "ts":"4143625387", "pid":"1", "tid":"cice"},
{"name":"ModelAdvance", "ph":"B", "ts":"4143742596", "pid":"1", "tid":"cice"},
{"name":"ModelAdvance", "ph":"E", "ts":"4144218468", "pid":"1", "tid":"cice"},
{"name":"ModelAdvance", "ph":"B", "ts":"4144344375", "pid":"1", "tid":"cice"},
{"name":"ModelAdvance", "ph":"E", "ts":"4144814178", "pid":"1", "tid":"cice"},
{"name":"ModelAdvance", "ph":"B", "ts":"4144941883", "pid":"1", "tid":"cice"},
{"name":"ModelAdvance", "ph":"E", "ts":"4145424445", "pid":"1", "tid":"cice"},
{"name":"ModelAdvance", "ph":"B", "ts":"4145549137", "pid":"1", "tid":"cice"},
{"name":"ModelAdvance", "ph":"E", "ts":"4146023870", "pid":"1", "tid":"cice"},
{"name":"ModelAdvance", "ph":"B", "ts":"4146140942", "pid":"1", "tid":"cice"},
{"name":"ModelAdvance", "ph":"E", "ts":"4146615661", "pid":"1", "tid":"cice"},
{"name":"ModelAdvance", "ph":"B", "ts":"4146736443", "pid":"1", "tid":"cice"},
{"name":"ModelAdvance", "ph":"E", "ts":"4147215016", "pid":"1", "tid":"cice"},
{"name":"ModelAdvance", "ph":"B", "ts":"4147336451", "pid":"1", "tid":"cice"},
{"name":"ModelAdvance", "ph":"E", "ts":"4147793292", "pid":"1", "tid":"cice"},
{"name":"ModelAdvance", "ph":"B", "ts":"4147926841", "pid":"1", "tid":"cice"},
{"name":"ModelAdvance", "ph":"E", "ts":"4148407676", "pid":"1", "tid":"cice"},
{"name":"ModelAdvance", "ph":"B", "ts":"4148527173", "pid":"1", "tid":"cice"},
{"name":"ModelAdvance", "ph":"E", "ts":"4149018027", "pid":"1", "tid":"cice"},
{"name":"ModelAdvance", "ph":"B", "ts":"4149142668", "pid":"1", "tid":"cice"},
{"name":"ModelAdvance", "ph":"E", "ts":"4149617382", "pid":"1", "tid":"cice"},
{"name":"ModelAdvance", "ph":"B", "ts":"4149733018", "pid":"1", "tid":"cice"},
{"name":"ModelAdvance", "ph":"E", "ts":"4150203629", "pid":"1", "tid":"cice"},
{"name":"ModelAdvance", "ph":"B", "ts":"4150328224", "pid":"1", "tid":"cice"},
{"name":"ModelAdvance", "ph":"E", "ts":"4150808408", "pid":"1", "tid":"cice"},
{"name":"ModelAdvance", "ph":"B", "ts":"4150923777", "pid":"1", "tid":"cice"},
{"name":"ModelAdvance", "ph":"E", "ts":"4151410293", "pid":"1", "tid":"cice"},
{"name":"ModelAdvance", "ph":"B", "ts":"4151527382", "pid":"1", "tid":"cice"},
{"name":"ModelAdvance", "ph":"E", "ts":"4152003134", "pid":"1", "tid":"cice"},
{"name":"ModelFinalize", "ph":"B", "ts":"4152007372", "pid":"1", "tid":"cice"},
{"name":"ModelFinalize", "ph":"E", "ts":"4152007472", "pid":"1", "tid":"cice"},
