{"name":"SetServices", "ph":"B", "ts":"1045860429", "pid":"1", "tid":"cice"},
{"name":"SetServices", "ph":"E", "ts":"1045862279", "pid":"1", "tid":"cice"},
{"name":"InitializeP0", "ph":"B", "ts":"1046660581", "pid":"1", "tid":"cice"},
{"name":"InitializeP0", "ph":"E", "ts":"1046660710", "pid":"1", "tid":"cice"},
{"name":"InitializeAdvertise", "ph":"B", "ts":"1077144786", "pid":"1", "tid":"cice"},
{"name":"InitializeAdvertise", "ph":"E", "ts":"1084956196", "pid":"1", "tid":"cice"},
{"name":"InitializeRealize", "ph":"B", "ts":"1253139371", "pid":"1", "tid":"cice"},
{"name":"InitializeRealize", "ph":"E", "ts":"1264387932", "pid":"1", "tid":"cice"},
{"name":"ModelAdvance", "ph":"B", "ts":"1319839244", "pid":"1", "tid":"cice"},
{"name":"ModelAdvance", "ph":"E", "ts":"1320555972", "pid":"1", "tid":"cice"},
{"name":"ModelAdvance", "ph":"B", "ts":"1324348735", "pid":"1", "tid":"cice"},
{"name":"ModelAdvance", "ph":"E", "ts":"1324858455", "pid":"1", "tid":"cice"},
{"name":"ModelAdvance", "ph":"B", "ts":"1324973250", "pid":"1", "tid":"cice"},
{"name":"ModelAdvance", "ph":"E", "ts":"1325445979", "pid":"1", "tid":"cice"},
{"name":"ModelAdvance", "ph":"B", "ts":"1325568275", "pid":"1", "tid":"cice"},
{"name":"ModelAdvance", "ph":"E", "ts":"1326050679", "pid":"1", "tid":"cice"},
{"name":"ModelAdvance", "ph":"B", "ts":"1326165837", "pid":"1", "tid":"cice"},
{"name":"ModelAdvance", "ph":"E", "ts":"1326641524", "pid":"1", "tid":"cice"},
{"name":"ModelAdvance", "ph":"B", "ts":"1326760361", "pid":"1", "tid":"cice"},
{"name":"ModelAdvance", "ph":"E", "ts":"1327237716", "pid":"1", "tid":"cice"},
{"name":"ModelAdvance", "ph":"B", "ts":"1327353621", "pid":"1", "tid":"cice"},
{"name":"ModelAdvance", "ph":"E", "ts":"1327830339", "pid":"1", "tid":"cice"},
{"name":"ModelAdvance", "ph":"B", "ts":"1327970074", "pid":"1", "tid":"cice"},
{"name":"ModelAdvance", "ph":"E", "ts":"1328468634", "pid":"1", "tid":"cice"},
{"name":"ModelAdvance", "ph":"B", "ts":"1328588744", "pid":"1", "tid":"cice"},
{"name":"ModelAdvance", "ph":"E", "ts":"1329052321", "pid":"1", "tid":"cice"},
{"name":"ModelAdvance", "ph":"B", "ts":"1329181464", "pid":"1", "tid":"cice"},
{"name":"ModelAdvance", "ph":"E", "ts":"1329661917", "pid":"1", "tid":"cice"},
{"name":"ModelAdvance", "ph":"B", "ts":"1329777712", "pid":"1", "tid":"cice"},
{"name":"ModelAdvance", "ph":"E", "ts":"1330249677", "pid":"1", "tid":"cice"},
{"name":"ModelAdvance", "ph":"B", "ts":"1330367729", "pid":"1", "tid":"cice"},
{"name":"ModelAdvance", "ph":"E", "ts":"1330839623", "pid":"1", "tid":"cice"},
{"name":"ModelAdvance", "ph":"B", "ts":"1331905967", "pid":"1", "tid":"cice"},
{"name":"ModelAdvance", "ph":"E", "ts":"1332387957", "pid":"1", "tid":"cice"},
{"name":"ModelAdvance", "ph":"B", "ts":"1332513569", "pid":"1", "tid":"cice"},
{"name":"ModelAdvance", "ph":"E", "ts":"1332987510", "pid":"1", "tid":"cice"},
{"name":"ModelAdvance", "ph":"B", "ts":"1333110534", "pid":"1", "tid":"cice"},
{"name":"ModelAdvance", "ph":"E", "ts":"1333576256", "pid":"1", "tid":"cice"},
{"name":"ModelAdvance", "ph":"B", "ts":"1333712537", "pid":"1", "tid":"cice"},
{"name":"ModelAdvance", "ph":"E", "ts":"1334176990", "pid":"1", "tid":"cice"},
{"name":"ModelAdvance", "ph":"B", "ts":"1334312254", "pid":"1", "tid":"cice"},
{"name":"ModelAdvance", "ph":"E", "ts":"1334788493", "pid":"1", "tid":"cice"},
{"name":"ModelAdvance", "ph":"B", "ts":"1334903449", "pid":"1", "tid":"cice"},
{"name":"ModelAdvance", "ph":"E", "ts":"1335373001", "pid":"1", "tid":"cice"},
{"name":"ModelAdvance", "ph":"B", "ts":"1335493261", "pid":"1", "tid":"cice"},
{"name":"ModelAdvance", "ph":"E", "ts":"1335969217", "pid":"1", "tid":"cice"},
{"name":"ModelAdvance", "ph":"B", "ts":"1336092439", "pid":"1", "tid":"cice"},
{"name":"ModelAdvance", "ph":"E", "ts":"1336563484", "pid":"1", "tid":"cice"},
{"name":"ModelAdvance", "ph":"B", "ts":"1336684030", "pid":"1", "tid":"cice"},
{"name":"ModelAdvance", "ph":"E", "ts":"1337154997", "pid":"1", "tid":"cice"},
{"name":"ModelAdvance", "ph":"B", "ts":"1337275984", "pid":"1", "tid":"cice"},
{"name":"ModelAdvance", "ph":"E", "ts":"1337738710", "pid":"1", "tid":"cice"},
{"name":"ModelAdvance", "ph":"B", "ts":"1337888284", "pid":"1", "tid":"cice"},
{"name":"ModelAdvance", "ph":"E", "ts":"1338368698", "pid":"1", "tid":"cice"},
{"name":"ModelAdvance", "ph":"B", "ts":"1338485777", "pid":"1", "tid":"cice"},
{"name":"ModelAdvance", "ph":"E", "ts":"1338957363", "pid":"1", "tid":"cice"},
{"name":"ModelAdvance", "ph":"B", "ts":"1346704792", "pid":"1", "tid":"cice"},
{"name":"ModelAdvance", "ph":"E", "ts":"1347182510", "pid":"1", "tid":"cice"},
{"name":"ModelAdvance", "ph":"B", "ts":"1347952100", "pid":"1", "tid":"cice"},
{"name":"ModelAdvance", "ph":"E", "ts":"1348423310", "pid":"1", "tid":"cice"},
{"name":"ModelAdvance", "ph":"B", "ts":"1348544995", "pid":"1", "tid":"cice"},
{"name":"ModelAdvance", "ph":"E", "ts":"1349016141", "pid":"1", "tid":"cice"},
{"name":"ModelAdvance", "ph":"B", "ts":"1349143373", "pid":"1", "tid":"cice"},
{"name":"ModelAdvance", "ph":"E", "ts":"1349619034", "pid":"1", "tid":"cice"},
{"name":"ModelAdvance", "ph":"B", "ts":"1349740082", "pid":"1", "tid":"cice"},
{"name":"ModelAdvance", "ph":"E", "ts":"1350209679", "pid":"1", "tid":"cice"},
{"name":"ModelAdvance", "ph":"B", "ts":"1350330949", "pid":"1", "tid":"cice"},
{"name":"ModelAdvance", "ph":"E", "ts":"1350806089", "pid":"1", "tid":"cice"},
{"name":"ModelAdvance", "ph":"B", "ts":"1350925237", "pid":"1", "tid":"cice"},
{"name":"ModelAdvance", "ph":"E", "ts":"1351404879", "pid":"1", "tid":"cice"},
{"name":"ModelAdvance", "ph":"B", "ts":"1351520948", "pid":"1", "tid":"cice"},
{"name":"ModelAdvance", "ph":"E", "ts":"1351993686", "pid":"1", "tid":"cice"},
{"name":"ModelAdvance", "ph":"B", "ts":"1352114166", "pid":"1", "tid":"cice"},
{"name":"ModelAdvance", "ph":"E", "ts":"1352590164", "pid":"1", "tid":"cice"},
{"name":"ModelAdvance", "ph":"B", "ts":"1352706029", "pid":"1", "tid":"cice"},
{"name":"ModelAdvance", "ph":"E", "ts":"1353182768", "pid":"1", "tid":"cice"},
{"name":"ModelAdvance", "ph":"B", "ts":"1353299931", "pid":"1", "tid":"cice"},
{"name":"ModelAdvance", "ph":"E", "ts":"1353769796", "pid":"1", "tid":"cice"},
{"name":"ModelAdvance", "ph":"B", "ts":"1353898139", "pid":"1", "tid":"cice"},
{"name":"ModelAdvance", "ph":"E", "ts":"1354364788", "pid":"1", "tid":"cice"},
{"name":"ModelAdvance", "ph":"B", "ts":"1363989007", "pid":"1", "tid":"cice"},
{"name":"ModelAdvance", "ph":"E", "ts":"1364467761", "pid":"1", "tid":"cice"},
{"name":"ModelAdvance", "ph":"B", "ts":"1364587572", "pid":"1", "tid":"cice"},
{"name":"ModelAdvance", "ph":"E", "ts":"1365062281", "pid":"1", "tid":"cice"},
{"name":"ModelAdvance", "ph":"B", "ts":"1365179342", "pid":"1", "tid":"cice"},
{"name":"ModelAdvance", "ph":"E", "ts":"1365658921", "pid":"1", "tid":"cice"},
{"name":"ModelAdvance", "ph":"B", "ts":"1365784319", "pid":"1", "tid":"cice"},
{"name":"ModelAdvance", "ph":"E", "ts":"1366263665", "pid":"1", "tid":"cice"},
{"name":"ModelAdvance", "ph":"B", "ts":"1366393727", "pid":"1", "tid":"cice"},
{"name":"ModelAdvance", "ph":"E", "ts":"1366868806", "pid":"1", "tid":"cice"},
{"name":"ModelAdvance", "ph":"B", "ts":"1366985817", "pid":"1", "tid":"cice"},
{"name":"ModelAdvance", "ph":"E", "ts":"1367474902", "pid":"1", "tid":"cice"},
{"name":"ModelAdvance", "ph":"B", "ts":"1367589846", "pid":"1", "tid":"cice"},
{"name":"ModelAdvance", "ph":"E", "ts":"1368064764", "pid":"1", "tid":"cice"},
{"name":"ModelAdvance", "ph":"B", "ts":"1368185089", "pid":"1", "tid":"cice"},
{"name":"ModelAdvance", "ph":"E", "ts":"1368649218", "pid":"1", "tid":"cice"},
{"name":"ModelAdvance", "ph":"B", "ts":"1368780356", "pid":"1", "tid":"cice"},
{"name":"ModelAdvance", "ph":"E", "ts":"1369249813", "pid":"1", "tid":"cice"},
{"name":"ModelAdvance", "ph":"B", "ts":"1369380197", "pid":"1", "tid":"cice"},
{"name":"ModelAdvance", "ph":"E", "ts":"1369855343", "pid":"1", "tid":"cice"},
{"name":"ModelAdvance", "ph":"B", "ts":"1369974293", "pid":"1", "tid":"cice"},
{"name":"ModelAdvance", "ph":"E", "ts":"1370450563", "pid":"1", "tid":"cice"},
{"name":"ModelAdvance", "ph":"B", "ts":"1370565716", "pid":"1", "tid":"cice"},
{"name":"ModelAdvance", "ph":"E", "ts":"1371032478", "pid":"1", "tid":"cice"},
{"name":"ModelAdvance", "ph":"B", "ts":"1378334038", "pid":"1", "tid":"cice"},
{"name":"ModelAdvance", "ph":"E", "ts":"1378805507", "pid":"1", "tid":"cice"},
{"name":"ModelAdvance", "ph":"B", "ts":"1379661377", "pid":"1", "tid":"cice"},
{"name":"ModelAdvance", "ph":"E", "ts":"1380131086", "pid":"1", "tid":"cice"},
{"name":"ModelAdvance", "ph":"B", "ts":"1380253501", "pid":"1", "tid":"cice"},
{"name":"ModelAdvance", "ph":"E", "ts":"1380734586", "pid":"1", "tid":"cice"},
{"name":"ModelAdvance", "ph":"B", "ts":"1380851061", "pid":"1", "tid":"cice"},
{"name":"ModelAdvance", "ph":"E", "ts":"1381317685", "pid":"1", "tid":"cice"},
{"name":"ModelAdvance", "ph":"B", "ts":"1381445482", "pid":"1", "tid":"cice"},
{"name":"ModelAdvance", "ph":"E", "ts":"1381922911", "pid":"1", "tid":"cice"},
{"name":"ModelAdvance", "ph":"B", "ts":"1382045494", "pid":"1", "tid":"cice"},
{"name":"ModelAdvance", "ph":"E", "ts":"1382528026", "pid":"1", "tid":"cice"},
{"name":"ModelAdvance", "ph":"B", "ts":"1382648235", "pid":"1", "tid":"cice"},
{"name":"ModelAdvance", "ph":"E", "ts":"1383114537", "pid":"1", "tid":"cice"},
{"name":"ModelAdvance", "ph":"B", "ts":"1383244051", "pid":"1", "tid":"cice"},
{"name":"ModelAdvance", "ph":"E", "ts":"1383723098", "pid":"1", "tid":"cice"},
{"name":"ModelAdvance", "ph":"B", "ts":"1383836187", "pid":"1", "tid":"cice"},
{"name":"ModelAdvance", "ph":"E", "ts":"1384318326", "pid":"1", "tid":"cice"},
{"name":"ModelAdvance", "ph":"B", "ts":"1384431812", "pid":"1", "tid":"cice"},
{"name":"ModelAdvance", "ph":"E", "ts":"1384903326", "pid":"1", "tid":"cice"},
{"name":"ModelAdvance", "ph":"B", "ts":"1385041547", "pid":"1", "tid":"cice"},
{"name":"ModelAdvance", "ph":"E", "ts":"1385521766", "pid":"1", "tid":"cice"},
{"name":"ModelAdvance", "ph":"B", "ts":"1385641779", "pid":"1", "tid":"cice"},
{"name":"ModelAdvance", "ph":"E", "ts":"1386114366", "pid":"1", "tid":"cice"},
{"name":"ModelAdvance", "ph":"B", "ts":"1390315762", "pid":"1", "tid":"cice"},
{"name":"ModelAdvance", "ph":"E", "ts":"1390793305", "pid":"1", "tid":"cice"},
{"name":"ModelAdvance", "ph":"B", "ts":"1390938560", "pid":"1", "tid":"cice"},
{"name":"ModelAdvance", "ph":"E", "ts":"1391400298", "pid":"1", "tid":"cice"},
{"name":"ModelAdvance", "ph":"B", "ts":"1391535172", "pid":"1", "tid":"cice"},
{"name":"ModelAdvance", "ph":"E", "ts":"1392005362", "pid":"1", "tid":"cice"},
{"name":"ModelAdvance", "ph":"B", "ts":"1392127089", "pid":"1", "tid":"cice"},
{"name":"ModelAdvance", "ph":"E", "ts":"1392602624", "pid":"1", "tid":"cice"},
{"name":"ModelAdvance", "ph":"B", "ts":"1392731458", "pid":"1", "tid":"cice"},
{"name":"ModelAdvance", "ph":"E", "ts":"1393202694", "pid":"1", "tid":"cice"},
{"name":"ModelAdvance", "ph":"B", "ts":"1393327068", "pid":"1", "tid":"cice"},
{"name":"ModelAdvance", "ph":"E", "ts":"1393803016", "pid":"1", "tid":"cice"},
{"name":"ModelAdvance", "ph":"B", "ts":"1393926155", "pid":"1", "tid":"cice"},
{"name":"ModelAdvance", "ph":"E", "ts":"1394405469", "pid":"1", "tid":"cice"},
{"name":"ModelAdvance", "ph":"B", "ts":"1394541319", "pid":"1", "tid":"cice"},
{"name":"ModelAdvance", "ph":"E", "ts":"1395009541", "pid":"1", "tid":"cice"},
{"name":"ModelAdvance", "ph":"B", "ts":"1395143833", "pid":"1", "tid":"cice"},
{"name":"ModelAdvance", "ph":"E", "ts":"1395620041", "pid":"1", "tid":"cice"},
{"name":"ModelAdvance", "ph":"B", "ts":"1395742076", "pid":"1", "tid":"cice"},
{"name":"ModelAdvance", "ph":"E", "ts":"1396215881", "pid":"1", "tid":"cice"},
{"name":"ModelAdvance", "ph":"B", "ts":"1396336575", "pid":"1", "tid":"cice"},
{"name":"ModelAdvance", "ph":"E", "ts":"1396819430", "pid":"1", "tid":"cice"},
{"name":"ModelAdvance", "ph":"B", "ts":"1396936357", "pid":"1", "tid":"cice"},
{"name":"ModelAdvance", "ph":"E", "ts":"1397416913", "pid":"1", "tid":"cice"},
{"name":"ModelAdvance", "ph":"B", "ts":"1412436416", "pid":"1", "tid":"cice"},
{"name":"ModelAdvance", "ph":"E", "ts":"1412908518", "pid":"1", "tid":"cice"},
{"name":"ModelAdvance", "ph":"B", "ts":"1413708949", "pid":"1", "tid":"cice"},
{"name":"ModelAdvance", "ph":"E", "ts":"1414177533", "pid":"1", "tid":"cice"},
{"name":"ModelAdvance", "ph":"B", "ts":"1414302229", "pid":"1", "tid":"cice"},
{"name":"ModelAdvance", "ph":"E", "ts":"1414777701", "pid":"1", "tid":"cice"},
{"name":"ModelAdvance", "ph":"B", "ts":"1414900478", "pid":"1", "tid":"cice"},
{"name":"ModelAdvance", "ph":"E", "ts":"1415375045", "pid":"1", "tid":"cice"},
{"name":"ModelAdvance", "ph":"B", "ts":"1415493524", "pid":"1", "tid":"cice"},
{"name":"ModelAdvance", "ph":"E", "ts":"1415973236", "pid":"1", "tid":"cice"},
{"name":"ModelAdvance", "ph":"B", "ts":"1416099425", "pid":"1", "tid":"cice"},
{"name":"ModelAdvance", "ph":"E", "ts":"1416583615", "pid":"1", "tid":"cice"},
{"name":"ModelAdvance", "ph":"B", "ts":"1416709751", "pid":"1", "tid":"cice"},
{"name":"ModelAdvance", "ph":"E", "ts":"1417176588", "pid":"1", "tid":"cice"},
{"name":"ModelAdvance", "ph":"B", "ts":"1417314486", "pid":"1", "tid":"cice"},
{"name":"ModelAdvance", "ph":"E", "ts":"1417799903", "pid":"1", "tid":"cice"},
{"name":"ModelAdvance", "ph":"B", "ts":"1417914788", "pid":"1", "tid":"cice"},
{"name":"ModelAdvance", "ph":"E", "ts":"1418399673", "pid":"1", "tid":"cice"},
{"name":"ModelAdvance", "ph":"B", "ts":"1418514421", "pid":"1", "tid":"cice"},
{"name":"ModelAdvance", "ph":"E", "ts":"1418987460", "pid":"1", "tid":"cice"},
{"name":"ModelAdvance", "ph":"B", "ts":"1419113582", "pid":"1", "tid":"cice"},
{"name":"ModelAdvance", "ph":"E", "ts":"1419592814", "pid":"1", "tid":"cice"},
{"name":"ModelAdvance", "ph":"B", "ts":"1419711529", "pid":"1", "tid":"cice"},
{"name":"ModelAdvance", "ph":"E", "ts":"1420185576", "pid":"1", "tid":"cice"},
{"name":"ModelAdvance", "ph":"B", "ts":"1420871952", "pid":"1", "tid":"cice"},
{"name":"ModelAdvance", "ph":"E", "ts":"1421343033", "pid":"1", "tid":"cice"},
{"name":"ModelAdvance", "ph":"B", "ts":"1421478405", "pid":"1", "tid":"cice"},
{"name":"ModelAdvance", "ph":"E", "ts":"1421958427", "pid":"1", "tid":"cice"},
{"name":"ModelAdvance", "ph":"B", "ts":"1422078237", "pid":"1", "tid":"cice"},
{"name":"ModelAdvance", "ph":"E", "ts":"1422560149", "pid":"1", "tid":"cice"},
{"name":"ModelAdvance", "ph":"B", "ts":"1422674127", "pid":"1", "tid":"cice"},
{"name":"ModelAdvance", "ph":"E", "ts":"1423147383", "pid":"1", "tid":"cice"},
{"name":"ModelAdvance", "ph":"B", "ts":"1423270413", "pid":"1", "tid":"cice"},
{"name":"ModelAdvance", "ph":"E", "ts":"1423738417", "pid":"1", "tid":"cice"},
{"name":"ModelAdvance", "ph":"B", "ts":"1423866294", "pid":"1", "tid":"cice"},
{"name":"ModelAdvance", "ph":"E", "ts":"1424340611", "pid":"1", "tid":"cice"},
{"name":"ModelAdvance", "ph":"B", "ts":"1424473312", "pid":"1", "tid":"cice"},
{"name":"ModelAdvance", "ph":"E", "ts":"1424950683", "pid":"1", "tid":"cice"},
{"name":"ModelAdvance", "ph":"B", "ts":"1425072960", "pid":"1", "tid":"cice"},
{"name":"ModelAdvance", "ph":"E", "ts":"1425553032", "pid":"1", "tid":"cice"},
{"name":"ModelAdvance", "ph":"B", "ts":"1425672058", "pid":"1", "tid":"cice"},
{"name":"ModelAdvance", "ph":"E", "ts":"1426152211", "pid":"1", "tid":"cice"},
{"name":"ModelAdvance", "ph":"B", "ts":"1426273760", "pid":"1", "tid":"cice"},
{"name":"ModelAdvance", "ph":"E", "ts":"1426747423", "pid":"1", "tid":"cice"},
{"name":"ModelAdvance", "ph":"B", "ts":"1426876540", "pid":"1", "tid":"cice"},
{"name":"ModelAdvance", "ph":"E", "ts":"1427348965", "pid":"1", "tid":"cice"},
{"name":"ModelAdvance", "ph":"B", "ts":"1427471447", "pid":"1", "tid":"cice"},
{"name":"ModelAdvance", "ph":"E", "ts":"1427953509", "pid":"1", "tid":"cice"},
{"name":"ModelAdvance", "ph":"B", "ts":"1428662250", "pid":"1", "tid":"cice"},
{"name":"ModelAdvance", "ph":"E", "ts":"1429143977", "pid":"1", "tid":"cice"},
{"name":"ModelAdvance", "ph":"B", "ts":"1429877508", "pid":"1", "tid":"cice"},
{"name":"ModelAdvance", "ph":"E", "ts":"1430357689", "pid":"1", "tid":"cice"},
{"name":"ModelAdvance", "ph":"B", "ts":"1430512673", "pid":"1", "tid":"cice"},
{"name":"ModelAdvance", "ph":"E", "ts":"1430973460", "pid":"1", "tid":"cice"},
{"name":"ModelAdvance", "ph":"B", "ts":"1431109826", "pid":"1", "tid":"cice"},
{"name":"ModelAdvance", "ph":"E", "ts":"1431573197", "pid":"1", "tid":"cice"},
{"name":"ModelAdvance", "ph":"B", "ts":"1431714885", "pid":"1", "tid":"cice"},
{"name":"ModelAdvance", "ph":"E", "ts":"1432188420", "pid":"1", "tid":"cice"},
{"name":"ModelAdvance", "ph":"B", "ts":"1432313670", "pid":"1", "tid":"cice"},
{"name":"ModelAdvance", "ph":"E", "ts":"1432788438", "pid":"1", "tid":"cice"},
{"name":"ModelAdvance", "ph":"B", "ts":"1432930491", "pid":"1", "tid":"cice"},
{"name":"ModelAdvance", "ph":"E", "ts":"1433405012", "pid":"1", "tid":"cice"},
{"name":"ModelAdvance", "ph":"B", "ts":"1433528411", "pid":"1", "tid":"cice"},
{"name":"ModelAdvance", "ph":"E", "ts":"1433993143", "pid":"1", "tid":"cice"},
{"name":"ModelAdvance", "ph":"B", "ts":"1434122682", "pid":"1", "tid":"cice"},
{"name":"ModelAdvance", "ph":"E", "ts":"1434594607", "pid":"1", "tid":"cice"},
{"name":"ModelAdvance", "ph":"B", "ts":"1434721640", "pid":"1", "tid":"cice"},
{"name":"ModelAdvance", "ph":"E", "ts":"1435197300", "pid":"1", "tid":"cice"},
{"name":"ModelAdvance", "ph":"B", "ts":"1435318841", "pid":"1", "tid":"cice"},
{"name":"ModelAdvance", "ph":"E", "ts":"1435788403", "pid":"1", "tid":"cice"},
{"name":"ModelAdvance", "ph":"B", "ts":"1435925295", "pid":"1", "tid":"cice"},
{"name":"ModelAdvance", "ph":"E", "ts":"1436398271", "pid":"1", "tid":"cice"},
{"name":"ModelAdvance", "ph":"B", "ts":"1436534430", "pid":"1", "tid":"cice"},
{"name":"ModelAdvance", "ph":"E", "ts":"1437016578", "pid":"1", "tid":"cice"},
{"name":"ModelAdvance", "ph":"B", "ts":"1437153881", "pid":"1", "tid":"cice"},
{"name":"ModelAdvance", "ph":"E", "ts":"1437622086", "pid":"1", "tid":"cice"},
{"name":"ModelAdvance", "ph":"B", "ts":"1437760897", "pid":"1", "tid":"cice"},
{"name":"ModelAdvance", "ph":"E", "ts":"1438230247", "pid":"1", "tid":"cice"},
{"name":"ModelAdvance", "ph":"B", "ts":"1438353752", "pid":"1", "tid":"cice"},
{"name":"ModelAdvance", "ph":"E", "ts":"1438821808", "pid":"1", "tid":"cice"},
{"name":"ModelAdvance", "ph":"B", "ts":"1438961788", "pid":"1", "tid":"cice"},
{"name":"ModelAdvance", "ph":"E", "ts":"1439433826", "pid":"1", "tid":"cice"},
{"name":"ModelAdvance", "ph":"B", "ts":"1439563154", "pid":"1", "tid":"cice"},
{"name":"ModelAdvance", "ph":"E", "ts":"1440047302", "pid":"1", "tid":"cice"},
{"name":"ModelAdvance", "ph":"B", "ts":"1440178968", "pid":"1", "tid":"cice"},
{"name":"ModelAdvance", "ph":"E", "ts":"1440655377", "pid":"1", "tid":"cice"},
{"name":"ModelAdvance", "ph":"B", "ts":"1440777669", "pid":"1", "tid":"cice"},
{"name":"ModelAdvance", "ph":"E", "ts":"1441247391", "pid":"1", "tid":"cice"},
{"name":"ModelAdvance", "ph":"B", "ts":"1441380172", "pid":"1", "tid":"cice"},
{"name":"ModelAdvance", "ph":"E", "ts":"1441857746", "pid":"1", "tid":"cice"},
{"name":"ModelAdvance", "ph":"B", "ts":"1441986155", "pid":"1", "tid":"cice"},
{"name":"ModelAdvance", "ph":"E", "ts":"1442449479", "pid":"1", "tid":"cice"},
{"name":"ModelAdvance", "ph":"B", "ts":"1442604079", "pid":"1", "tid":"cice"},
{"name":"ModelAdvance", "ph":"E", "ts":"1443076162", "pid":"1", "tid":"cice"},
{"name":"ModelAdvance", "ph":"B", "ts":"1443221062", "pid":"1", "tid":"cice"},
{"name":"ModelAdvance", "ph":"E", "ts":"1443696698", "pid":"1", "tid":"cice"},
{"name":"ModelAdvance", "ph":"B", "ts":"1443853945", "pid":"1", "tid":"cice"},
{"name":"ModelAdvance", "ph":"E", "ts":"1444334025", "pid":"1", "tid":"cice"},
{"name":"ModelAdvance", "ph":"B", "ts":"1445083596", "pid":"1", "tid":"cice"},
{"name":"ModelAdvance", "ph":"E", "ts":"1445563676", "pid":"1", "tid":"cice"},
{"name":"ModelAdvance", "ph":"B", "ts":"1445689966", "pid":"1", "tid":"cice"},
{"name":"ModelAdvance", "ph":"E", "ts":"1446154601", "pid":"1", "tid":"cice"},
{"name":"ModelAdvance", "ph":"B", "ts":"1446288948", "pid":"1", "tid":"cice"},
{"name":"ModelAdvance", "ph":"E", "ts":"1446757815", "pid":"1", "tid":"cice"},
{"name":"ModelAdvance", "ph":"B", "ts":"1446894530", "pid":"1", "tid":"cice"},
{"name":"ModelAdvance", "ph":"E", "ts":"1447362321", "pid":"1", "tid":"cice"},
{"name":"ModelAdvance", "ph":"B", "ts":"1447520085", "pid":"1", "tid":"cice"},
{"name":"ModelAdvance", "ph":"E", "ts":"1447987494", "pid":"1", "tid":"cice"},
{"name":"ModelAdvance", "ph":"B", "ts":"1448145398", "pid":"1", "tid":"cice"},
{"name":"ModelAdvance", "ph":"E", "ts":"1448608191", "pid":"1", "tid":"cice"},
{"name":"ModelAdvance", "ph":"B", "ts":"1448785937", "pid":"1", "tid":"cice"},
{"name":"ModelAdvance", "ph":"E", "ts":"1449254459", "pid":"1", "tid":"cice"},
{"name":"ModelAdvance", "ph":"B", "ts":"1449386946", "pid":"1", "tid":"cice"},
{"name":"ModelAdvance", "ph":"E", "ts":"1449852558", "pid":"1", "tid":"cice"},
{"name":"ModelAdvance", "ph":"B", "ts":"1450009681", "pid":"1", "tid":"cice"},
{"name":"ModelAdvance", "ph":"E", "ts":"1450482247", "pid":"1", "tid":"cice"},
{"name":"ModelAdvance", "ph":"B", "ts":"1450613906", "pid":"1", "tid":"cice"},
{"name":"ModelAdvance", "ph":"E", "ts":"1451072551", "pid":"1", "tid":"cice"},
{"name":"ModelAdvance", "ph":"B", "ts":"1451224614", "pid":"1", "tid":"cice"},
{"name":"ModelAdvance", "ph":"E", "ts":"1451701617", "pid":"1", "tid":"cice"},
{"name":"ModelAdvance", "ph":"B", "ts":"1451839636", "pid":"1", "tid":"cice"},
{"name":"ModelAdvance", "ph":"E", "ts":"1452309547", "pid":"1", "tid":"cice"},
{"name":"ModelAdvance", "ph":"B", "ts":"1452444028", "pid":"1", "tid":"cice"},
{"name":"ModelAdvance", "ph":"E", "ts":"1452914294", "pid":"1", "tid":"cice"},
{"name":"ModelAdvance", "ph":"B", "ts":"1453052559", "pid":"1", "tid":"cice"},
{"name":"ModelAdvance", "ph":"E", "ts":"1453519085", "pid":"1", "tid":"cice"},
{"name":"ModelAdvance", "ph":"B", "ts":"1453655735", "pid":"1", "tid":"cice"},
{"name":"ModelAdvance", "ph":"E", "ts":"1454122138", "pid":"1", "tid":"cice"},
{"name":"ModelAdvance", "ph":"B", "ts":"1454278763", "pid":"1", "tid":"cice"},
{"name":"ModelAdvance", "ph":"E", "ts":"1454751901", "pid":"1", "tid":"cice"},
{"name":"ModelAdvance", "ph":"B", "ts":"1454882354", "pid":"1", "tid":"cice"},
{"name":"ModelAdvance", "ph":"E", "ts":"1455364728", "pid":"1", "tid":"cice"},
{"name":"ModelAdvance", "ph":"B", "ts":"1455486105", "pid":"1", "tid":"cice"},
{"name":"ModelAdvance", "ph":"E", "ts":"1455968877", "pid":"1", "tid":"cice"},
{"name":"ModelAdvance", "ph":"B", "ts":"1456094081", "pid":"1", "tid":"cice"},
{"name":"ModelAdvance", "ph":"E", "ts":"1456565203", "pid":"1", "tid":"cice"},
{"name":"ModelAdvance", "ph":"B", "ts":"1456693167", "pid":"1", "tid":"cice"},
{"name":"ModelAdvance", "ph":"E", "ts":"1457161992", "pid":"1", "tid":"cice"},
{"name":"ModelAdvance", "ph":"B", "ts":"1457297086", "pid":"1", "tid":"cice"},
{"name":"ModelAdvance", "ph":"E", "ts":"1457762210", "pid":"1", "tid":"cice"},
{"name":"ModelAdvance", "ph":"B", "ts":"1457898346", "pid":"1", "tid":"cice"},
{"name":"ModelAdvance", "ph":"E", "ts":"1458368440", "pid":"1", "tid":"cice"},
{"name":"ModelAdvance", "ph":"B", "ts":"1458496205", "pid":"1", "tid":"cice"},
{"name":"ModelAdvance", "ph":"E", "ts":"1459072268", "pid":"1", "tid":"cice"},
{"name":"ModelAdvance", "ph":"B", "ts":"1459120509", "pid":"1", "tid":"cice"},
{"name":"ModelAdvance", "ph":"E", "ts":"1459591193", "pid":"1", "tid":"cice"},
{"name":"ModelAdvance", "ph":"B", "ts":"1460359976", "pid":"1", "tid":"cice"},
{"name":"ModelAdvance", "ph":"E", "ts":"1460839664", "pid":"1", "tid":"cice"},
{"name":"ModelAdvance", "ph":"B", "ts":"1460959061", "pid":"1", "tid":"cice"},
{"name":"ModelAdvance", "ph":"E", "ts":"1461424614", "pid":"1", "tid":"cice"},
{"name":"ModelAdvance", "ph":"B", "ts":"1461558251", "pid":"1", "tid":"cice"},
{"name":"ModelAdvance", "ph":"E", "ts":"1462031337", "pid":"1", "tid":"cice"},
{"name":"ModelAdvance", "ph":"B", "ts":"1462151368", "pid":"1", "tid":"cice"},
{"name":"ModelAdvance", "ph":"E", "ts":"1462617345", "pid":"1", "tid":"cice"},
{"name":"ModelAdvance", "ph":"B", "ts":"1462781803", "pid":"1", "tid":"cice"},
{"name":"ModelAdvance", "ph":"E", "ts":"1463262629", "pid":"1", "tid":"cice"},
{"name":"ModelAdvance", "ph":"B", "ts":"1463383409", "pid":"1", "tid":"cice"},
{"name":"ModelAdvance", "ph":"E", "ts":"1463860696", "pid":"1", "tid":"cice"},
{"name":"ModelAdvance", "ph":"B", "ts":"1463982633", "pid":"1", "tid":"cice"},
{"name":"ModelAdvance", "ph":"E", "ts":"1464458717", "pid":"1", "tid":"cice"},
{"name":"ModelAdvance", "ph":"B", "ts":"1464580184", "pid":"1", "tid":"cice"},
{"name":"ModelAdvance", "ph":"E", "ts":"1465058055", "pid":"1", "tid":"cice"},
{"name":"ModelAdvance", "ph":"B", "ts":"1465198094", "pid":"1", "tid":"cice"},
{"name":"ModelAdvance", "ph":"E", "ts":"1465677336", "pid":"1", "tid":"cice"},
{"name":"ModelAdvance", "ph":"B", "ts":"1465797364", "pid":"1", "tid":"cice"},
{"name":"ModelAdvance", "ph":"E", "ts":"1466273710", "pid":"1", "tid":"cice"},
{"name":"ModelAdvance", "ph":"B", "ts":"1466392624", "pid":"1", "tid":"cice"},
{"name":"ModelAdvance", "ph":"E", "ts":"1466867205", "pid":"1", "tid":"cice"},
{"name":"ModelAdvance", "ph":"B", "ts":"1467013487", "pid":"1", "tid":"cice"},
{"name":"ModelAdvance", "ph":"E", "ts":"1467481211", "pid":"1", "tid":"cice"},
{"name":"ModelAdvance", "ph":"B", "ts":"1467614432", "pid":"1", "tid":"cice"},
{"name":"ModelAdvance", "ph":"E", "ts":"1468092434", "pid":"1", "tid":"cice"},
{"name":"ModelAdvance", "ph":"B", "ts":"1468221693", "pid":"1", "tid":"cice"},
{"name":"ModelAdvance", "ph":"E", "ts":"1468689902", "pid":"1", "tid":"cice"},
{"name":"ModelAdvance", "ph":"B", "ts":"1468819543", "pid":"1", "tid":"cice"},
{"name":"ModelAdvance", "ph":"E", "ts":"1469288297", "pid":"1", "tid":"cice"},
{"name":"ModelAdvance", "ph":"B", "ts":"1469418988", "pid":"1", "tid":"cice"},
{"name":"ModelAdvance", "ph":"E", "ts":"1469882024", "pid":"1", "tid":"cice"},
{"name":"ModelAdvance", "ph":"B", "ts":"1470024356", "pid":"1", "tid":"cice"},
{"name":"ModelAdvance", "ph":"E", "ts":"1470493646", "pid":"1", "tid":"cice"},
{"name":"ModelAdvance", "ph":"B", "ts":"1470624395", "pid":"1", "tid":"cice"},
{"name":"ModelAdvance", "ph":"E", "ts":"1471098951", "pid":"1", "tid":"cice"},
{"name":"ModelAdvance", "ph":"B", "ts":"1471222692", "pid":"1", "tid":"cice"},
{"name":"ModelAdvance", "ph":"E", "ts":"1471690056", "pid":"1", "tid":"cice"},
{"name":"ModelAdvance", "ph":"B", "ts":"1471821205", "pid":"1", "tid":"cice"},
{"name":"ModelAdvance", "ph":"E", "ts":"1472296996", "pid":"1", "tid":"cice"},
{"name":"ModelAdvance", "ph":"B", "ts":"1472424909", "pid":"1", "tid":"cice"},
{"name":"ModelAdvance", "ph":"E", "ts":"1472896472", "pid":"1", "tid":"cice"},
{"name":"ModelAdvance", "ph":"B", "ts":"1473065396", "pid":"1", "tid":"cice"},
{"name":"ModelAdvance", "ph":"E", "ts":"1473534204", "pid":"1", "tid":"cice"},
{"name":"ModelAdvance", "ph":"B", "ts":"1473663317", "pid":"1", "tid":"cice"},
{"name":"ModelAdvance", "ph":"E", "ts":"1474136773", "pid":"1", "tid":"cice"},
{"name":"ModelAdvance", "ph":"B", "ts":"1474268047", "pid":"1", "tid":"cice"},
{"name":"ModelAdvance", "ph":"E", "ts":"1474741471", "pid":"1", "tid":"cice"},
{"name":"ModelAdvance", "ph":"B", "ts":"1475481838", "pid":"1", "tid":"cice"},
{"name":"ModelAdvance", "ph":"E", "ts":"1475959688", "pid":"1", "tid":"cice"},
{"name":"ModelAdvance", "ph":"B", "ts":"1476085963", "pid":"1", "tid":"cice"},
{"name":"ModelAdvance", "ph":"E", "ts":"1476561029", "pid":"1", "tid":"cice"},
{"name":"ModelAdvance", "ph":"B", "ts":"1476685721", "pid":"1", "tid":"cice"},
{"name":"ModelAdvance", "ph":"E", "ts":"1477163667", "pid":"1", "tid":"cice"},
{"name":"ModelAdvance", "ph":"B", "ts":"1477287041", "pid":"1", "tid":"cice"},
{"name":"ModelAdvance", "ph":"E", "ts":"1477764942", "pid":"1", "tid":"cice"},
{"name":"ModelAdvance", "ph":"B", "ts":"1477890903", "pid":"1", "tid":"cice"},
{"name":"ModelAdvance", "ph":"E", "ts":"1478362095", "pid":"1", "tid":"cice"},
{"name":"ModelAdvance", "ph":"B", "ts":"1478546013", "pid":"1", "tid":"cice"},
{"name":"ModelAdvance", "ph":"E", "ts":"1479026850", "pid":"1", "tid":"cice"},
{"name":"ModelAdvance", "ph":"B", "ts":"1479164084", "pid":"1", "tid":"cice"},
{"name":"ModelAdvance", "ph":"E", "ts":"1479628324", "pid":"1", "tid":"cice"},
{"name":"ModelAdvance", "ph":"B", "ts":"1479781040", "pid":"1", "tid":"cice"},
{"name":"ModelAdvance", "ph":"E", "ts":"1480256910", "pid":"1", "tid":"cice"},
{"name":"ModelAdvance", "ph":"B", "ts":"1480390326", "pid":"1", "tid":"cice"},
{"name":"ModelAdvance", "ph":"E", "ts":"1480855670", "pid":"1", "tid":"cice"},
{"name":"ModelAdvance", "ph":"B", "ts":"1481004095", "pid":"1", "tid":"cice"},
{"name":"ModelAdvance", "ph":"E", "ts":"1481479225", "pid":"1", "tid":"cice"},
{"name":"ModelAdvance", "ph":"B", "ts":"1481673372", "pid":"1", "tid":"cice"},
{"name":"ModelAdvance", "ph":"E", "ts":"1482151390", "pid":"1", "tid":"cice"},
{"name":"ModelAdvance", "ph":"B", "ts":"1482294891", "pid":"1", "tid":"cice"},
{"name":"ModelAdvance", "ph":"E", "ts":"1482775861", "pid":"1", "tid":"cice"},
{"name":"ModelAdvance", "ph":"B", "ts":"1482938536", "pid":"1", "tid":"cice"},
{"name":"ModelAdvance", "ph":"E", "ts":"1483420811", "pid":"1", "tid":"cice"},
{"name":"ModelAdvance", "ph":"B", "ts":"1483544153", "pid":"1", "tid":"cice"},
{"name":"ModelAdvance", "ph":"E", "ts":"1484016560", "pid":"1", "tid":"cice"},
{"name":"ModelAdvance", "ph":"B", "ts":"1484192278", "pid":"1", "tid":"cice"},
{"name":"ModelAdvance", "ph":"E", "ts":"1484656196", "pid":"1", "tid":"cice"},
{"name":"ModelAdvance", "ph":"B", "ts":"1484813132", "pid":"1", "tid":"cice"},
{"name":"ModelAdvance", "ph":"E", "ts":"1485283324", "pid":"1", "tid":"cice"},
{"name":"ModelAdvance", "ph":"B", "ts":"1485410870", "pid":"1", "tid":"cice"},
{"name":"ModelAdvance", "ph":"E", "ts":"1485887144", "pid":"1", "tid":"cice"},
{"name":"ModelAdvance", "ph":"B", "ts":"1486029188", "pid":"1", "tid":"cice"},
{"name":"ModelAdvance", "ph":"E", "ts":"1486506848", "pid":"1", "tid":"cice"},
{"name":"ModelAdvance", "ph":"B", "ts":"1486635494", "pid":"1", "tid":"cice"},
{"name":"ModelAdvance", "ph":"E", "ts":"1487109225", "pid":"1", "tid":"cice"},
{"name":"ModelAdvance", "ph":"B", "ts":"1487236692", "pid":"1", "tid":"cice"},
{"name":"ModelAdvance", "ph":"E", "ts":"1487698249", "pid":"1", "tid":"cice"},
{"name":"ModelAdvance", "ph":"B", "ts":"1487831443", "pid":"1", "tid":"cice"},
{"name":"ModelAdvance", "ph":"E", "ts":"1488309783", "pid":"1", "tid":"cice"},
{"name":"ModelAdvance", "ph":"B", "ts":"1488444640", "pid":"1", "tid":"cice"},
{"name":"ModelAdvance", "ph":"E", "ts":"1488924135", "pid":"1", "tid":"cice"},
{"name":"ModelAdvance", "ph":"B", "ts":"1489069303", "pid":"1", "tid":"cice"},
{"name":"ModelAdvance", "ph":"E", "ts":"1489539646", "pid":"1", "tid":"cice"},
{"name":"ModelAdvance", "ph":"B", "ts":"1489700974", "pid":"1", "tid":"cice"},
{"name":"ModelAdvance", "ph":"E", "ts":"1490176041", "pid":"1", "tid":"cice"},
{"name":"ModelAdvance", "ph":"B", "ts":"1490929248", "pid":"1", "tid":"cice"},
{"name":"ModelAdvance", "ph":"E", "ts":"1491394620", "pid":"1", "tid":"cice"},
{"name":"ModelAdvance", "ph":"B", "ts":"1491551701", "pid":"1", "tid":"cice"},
{"name":"ModelAdvance", "ph":"E", "ts":"1492026931", "pid":"1", "tid":"cice"},
{"name":"ModelAdvance", "ph":"B", "ts":"1492167731", "pid":"1", "tid":"cice"},
{"name":"ModelAdvance", "ph":"E", "ts":"1492639793", "pid":"1", "tid":"cice"},
{"name":"ModelAdvance", "ph":"B", "ts":"1492810088", "pid":"1", "tid":"cice"},
{"name":"ModelAdvance", "ph":"E", "ts":"1493277596", "pid":"1", "tid":"cice"},
{"name":"ModelAdvance", "ph":"B", "ts":"1493424587", "pid":"1", "tid":"cice"},
{"name":"ModelAdvance", "ph":"E", "ts":"1493903002", "pid":"1", "tid":"cice"},
{"name":"ModelAdvance", "ph":"B", "ts":"1494058971", "pid":"1", "tid":"cice"},
{"name":"ModelAdvance", "ph":"E", "ts":"1494538553", "pid":"1", "tid":"cice"},
{"name":"ModelAdvance", "ph":"B", "ts":"1494704624", "pid":"1", "tid":"cice"},
{"name":"ModelAdvance", "ph":"E", "ts":"1495181806", "pid":"1", "tid":"cice"},
{"name":"ModelAdvance", "ph":"B", "ts":"1495339584", "pid":"1", "tid":"cice"},
{"name":"ModelAdvance", "ph":"E", "ts":"1495825822", "pid":"1", "tid":"cice"},
{"name":"ModelAdvance", "ph":"B", "ts":"1495957030", "pid":"1", "tid":"cice"},
{"name":"ModelAdvance", "ph":"E", "ts":"1496438976", "pid":"1", "tid":"cice"},
{"name":"ModelAdvance", "ph":"B", "ts":"1496574666", "pid":"1", "tid":"cice"},
{"name":"ModelAdvance", "ph":"E", "ts":"1497045274", "pid":"1", "tid":"cice"},
{"name":"ModelAdvance", "ph":"B", "ts":"1497193532", "pid":"1", "tid":"cice"},
{"name":"ModelAdvance", "ph":"E", "ts":"1497677065", "pid":"1", "tid":"cice"},
{"name":"ModelAdvance", "ph":"B", "ts":"1497885173", "pid":"1", "tid":"cice"},
{"name":"ModelAdvance", "ph":"E", "ts":"1498359334", "pid":"1", "tid":"cice"},
{"name":"ModelAdvance", "ph":"B", "ts":"1498535388", "pid":"1", "tid":"cice"},
{"name":"ModelAdvance", "ph":"E", "ts":"1499004678", "pid":"1", "tid":"cice"},
{"name":"ModelAdvance", "ph":"B", "ts":"1499164518", "pid":"1", "tid":"cice"},
{"name":"ModelAdvance", "ph":"E", "ts":"1499632835", "pid":"1", "tid":"cice"},
{"name":"ModelAdvance", "ph":"B", "ts":"1499779941", "pid":"1", "tid":"cice"},
{"name":"ModelAdvance", "ph":"E", "ts":"1500253265", "pid":"1", "tid":"cice"},
{"name":"ModelAdvance", "ph":"B", "ts":"1500410396", "pid":"1", "tid":"cice"},
{"name":"ModelAdvance", "ph":"E", "ts":"1500876999", "pid":"1", "tid":"cice"},
{"name":"ModelAdvance", "ph":"B", "ts":"1501026051", "pid":"1", "tid":"cice"},
{"name":"ModelAdvance", "ph":"E", "ts":"1501508756", "pid":"1", "tid":"cice"},
{"name":"ModelAdvance", "ph":"B", "ts":"1501691628", "pid":"1", "tid":"cice"},
{"name":"ModelAdvance", "ph":"E", "ts":"1502168446", "pid":"1", "tid":"cice"},
{"name":"ModelAdvance", "ph":"B", "ts":"1502320006", "pid":"1", "tid":"cice"},
{"name":"ModelAdvance", "ph":"E", "ts":"1502792093", "pid":"1", "tid":"cice"},
{"name":"ModelAdvance", "ph":"B", "ts":"1502957861", "pid":"1", "tid":"cice"},
{"name":"ModelAdvance", "ph":"E", "ts":"1503425700", "pid":"1", "tid":"cice"},
{"name":"ModelAdvance", "ph":"B", "ts":"1503601100", "pid":"1", "tid":"cice"},
{"name":"ModelAdvance", "ph":"E", "ts":"1504075852", "pid":"1", "tid":"cice"},
{"name":"ModelAdvance", "ph":"B", "ts":"1504236743", "pid":"1", "tid":"cice"},
{"name":"ModelAdvance", "ph":"E", "ts":"1504706482", "pid":"1", "tid":"cice"},
{"name":"ModelAdvance", "ph":"B", "ts":"1504904799", "pid":"1", "tid":"cice"},
{"name":"ModelAdvance", "ph":"E", "ts":"1505385495", "pid":"1", "tid":"cice"},
{"name":"ModelAdvance", "ph":"B", "ts":"1505588699", "pid":"1", "tid":"cice"},
{"name":"ModelAdvance", "ph":"E", "ts":"1506063384", "pid":"1", "tid":"cice"},
{"name":"ModelAdvance", "ph":"B", "ts":"1506835238", "pid":"1", "tid":"cice"},
{"name":"ModelAdvance", "ph":"E", "ts":"1507313060", "pid":"1", "tid":"cice"},
{"name":"ModelAdvance", "ph":"B", "ts":"1507455272", "pid":"1", "tid":"cice"},
{"name":"ModelAdvance", "ph":"E", "ts":"1507914181", "pid":"1", "tid":"cice"},
{"name":"ModelAdvance", "ph":"B", "ts":"1508069821", "pid":"1", "tid":"cice"},
{"name":"ModelAdvance", "ph":"E", "ts":"1508541545", "pid":"1", "tid":"cice"},
{"name":"ModelAdvance", "ph":"B", "ts":"1508697666", "pid":"1", "tid":"cice"},
{"name":"ModelAdvance", "ph":"E", "ts":"1509177177", "pid":"1", "tid":"cice"},
{"name":"ModelAdvance", "ph":"B", "ts":"1509353142", "pid":"1", "tid":"cice"},
{"name":"ModelAdvance", "ph":"E", "ts":"1509827470", "pid":"1", "tid":"cice"},
{"name":"ModelAdvance", "ph":"B", "ts":"1509984952", "pid":"1", "tid":"cice"},
{"name":"ModelAdvance", "ph":"E", "ts":"1510446553", "pid":"1", "tid":"cice"},
{"name":"ModelAdvance", "ph":"B", "ts":"1510599399", "pid":"1", "tid":"cice"},
{"name":"ModelAdvance", "ph":"E", "ts":"1511082929", "pid":"1", "tid":"cice"},
{"name":"ModelAdvance", "ph":"B", "ts":"1511215143", "pid":"1", "tid":"cice"},
{"name":"ModelAdvance", "ph":"E", "ts":"1511690039", "pid":"1", "tid":"cice"},
{"name":"ModelAdvance", "ph":"B", "ts":"1511847671", "pid":"1", "tid":"cice"},
{"name":"ModelAdvance", "ph":"E", "ts":"1512323743", "pid":"1", "tid":"cice"},
{"name":"ModelAdvance", "ph":"B", "ts":"1512469374", "pid":"1", "tid":"cice"},
{"name":"ModelAdvance", "ph":"E", "ts":"1512945068", "pid":"1", "tid":"cice"},
{"name":"ModelAdvance", "ph":"B", "ts":"1513099699", "pid":"1", "tid":"cice"},
{"name":"ModelAdvance", "ph":"E", "ts":"1513573372", "pid":"1", "tid":"cice"},
{"name":"ModelAdvance", "ph":"B", "ts":"1513727187", "pid":"1", "tid":"cice"},
{"name":"ModelAdvance", "ph":"E", "ts":"1514201095", "pid":"1", "tid":"cice"},
{"name":"ModelAdvance", "ph":"B", "ts":"1514335089", "pid":"1", "tid":"cice"},
{"name":"ModelAdvance", "ph":"E", "ts":"1514809681", "pid":"1", "tid":"cice"},
{"name":"ModelAdvance", "ph":"B", "ts":"1514933952", "pid":"1", "tid":"cice"},
{"name":"ModelAdvance", "ph":"E", "ts":"1515413592", "pid":"1", "tid":"cice"},
{"name":"ModelAdvance", "ph":"B", "ts":"1515560434", "pid":"1", "tid":"cice"},
{"name":"ModelAdvance", "ph":"E", "ts":"1516025115", "pid":"1", "tid":"cice"},
{"name":"ModelAdvance", "ph":"B", "ts":"1516230641", "pid":"1", "tid":"cice"},
{"name":"ModelAdvance", "ph":"E", "ts":"1516690921", "pid":"1", "tid":"cice"},
{"name":"ModelAdvance", "ph":"B", "ts":"1516862316", "pid":"1", "tid":"cice"},
{"name":"ModelAdvance", "ph":"E", "ts":"1517336008", "pid":"1", "tid":"cice"},
{"name":"ModelAdvance", "ph":"B", "ts":"1517520335", "pid":"1", "tid":"cice"},
{"name":"ModelAdvance", "ph":"E", "ts":"1517976703", "pid":"1", "tid":"cice"},
{"name":"ModelAdvance", "ph":"B", "ts":"1518168903", "pid":"1", "tid":"cice"},
{"name":"ModelAdvance", "ph":"E", "ts":"1518637144", "pid":"1", "tid":"cice"},
{"name":"ModelAdvance", "ph":"B", "ts":"1518787784", "pid":"1", "tid":"cice"},
{"name":"ModelAdvance", "ph":"E", "ts":"1519263208", "pid":"1", "tid":"cice"},
{"name":"ModelAdvance", "ph":"B", "ts":"1519405362", "pid":"1", "tid":"cice"},
{"name":"ModelAdvance", "ph":"E", "ts":"1519878398", "pid":"1", "tid":"cice"},
{"name":"ModelAdvance", "ph":"B", "ts":"1520026991", "pid":"1", "tid":"cice"},
{"name":"ModelAdvance", "ph":"E", "ts":"1520506853", "pid":"1", "tid":"cice"},
{"name":"ModelAdvance", "ph":"B", "ts":"1520673118", "pid":"1", "tid":"cice"},
{"name":"ModelAdvance", "ph":"E", "ts":"1521144067", "pid":"1", "tid":"cice"},
{"name":"ModelAdvance", "ph":"B", "ts":"1521310147", "pid":"1", "tid":"cice"},
{"name":"ModelAdvance", "ph":"E", "ts":"1521786497", "pid":"1", "tid":"cice"},
{"name":"ModelAdvance", "ph":"B", "ts":"1522592724", "pid":"1", "tid":"cice"},
{"name":"ModelAdvance", "ph":"E", "ts":"1523072547", "pid":"1", "tid":"cice"},
{"name":"ModelAdvance", "ph":"B", "ts":"1523206461", "pid":"1", "tid":"cice"},
{"name":"ModelAdvance", "ph":"E", "ts":"1523681854", "pid":"1", "tid":"cice"},
{"name":"ModelAdvance", "ph":"B", "ts":"1523862608", "pid":"1", "tid":"cice"},
{"name":"ModelAdvance", "ph":"E", "ts":"1524333564", "pid":"1", "tid":"cice"},
{"name":"ModelAdvance", "ph":"B", "ts":"1524500029", "pid":"1", "tid":"cice"},
{"name":"ModelAdvance", "ph":"E", "ts":"1524964504", "pid":"1", "tid":"cice"},
{"name":"ModelAdvance", "ph":"B", "ts":"1525163359", "pid":"1", "tid":"cice"},
{"name":"ModelAdvance", "ph":"E", "ts":"1525646868", "pid":"1", "tid":"cice"},
{"name":"ModelAdvance", "ph":"B", "ts":"1525837751", "pid":"1", "tid":"cice"},
{"name":"ModelAdvance", "ph":"E", "ts":"1526313449", "pid":"1", "tid":"cice"},
{"name":"ModelAdvance", "ph":"B", "ts":"1526528552", "pid":"1", "tid":"cice"},
{"name":"ModelAdvance", "ph":"E", "ts":"1526988896", "pid":"1", "tid":"cice"},
{"name":"ModelAdvance", "ph":"B", "ts":"1527159286", "pid":"1", "tid":"cice"},
{"name":"ModelAdvance", "ph":"E", "ts":"1527631792", "pid":"1", "tid":"cice"},
{"name":"ModelAdvance", "ph":"B", "ts":"1527783348", "pid":"1", "tid":"cice"},
{"name":"ModelAdvance", "ph":"E", "ts":"1528259977", "pid":"1", "tid":"cice"},
{"name":"ModelAdvance", "ph":"B", "ts":"1528438411", "pid":"1", "tid":"cice"},
{"name":"ModelAdvance", "ph":"E", "ts":"1528911644", "pid":"1", "tid":"cice"},
{"name":"ModelAdvance", "ph":"B", "ts":"1529127154", "pid":"1", "tid":"cice"},
{"name":"ModelAdvance", "ph":"E", "ts":"1529600769", "pid":"1", "tid":"cice"},
{"name":"ModelAdvance", "ph":"B", "ts":"1529807140", "pid":"1", "tid":"cice"},
{"name":"ModelAdvance", "ph":"E", "ts":"1530276657", "pid":"1", "tid":"cice"},
{"name":"ModelAdvance", "ph":"B", "ts":"1530451538", "pid":"1", "tid":"cice"},
{"name":"ModelAdvance", "ph":"E", "ts":"1530918231", "pid":"1", "tid":"cice"},
{"name":"ModelAdvance", "ph":"B", "ts":"1531140201", "pid":"1", "tid":"cice"},
{"name":"ModelAdvance", "ph":"E", "ts":"1531601300", "pid":"1", "tid":"cice"},
{"name":"ModelAdvance", "ph":"B", "ts":"1531787419", "pid":"1", "tid":"cice"},
{"name":"ModelAdvance", "ph":"E", "ts":"1532254217", "pid":"1", "tid":"cice"},
{"name":"ModelAdvance", "ph":"B", "ts":"1532461131", "pid":"1", "tid":"cice"},
{"name":"ModelAdvance", "ph":"E", "ts":"1532923067", "pid":"1", "tid":"cice"},
{"name":"ModelAdvance", "ph":"B", "ts":"1533111861", "pid":"1", "tid":"cice"},
{"name":"ModelAdvance", "ph":"E", "ts":"1533574994", "pid":"1", "tid":"cice"},
{"name":"ModelAdvance", "ph":"B", "ts":"1533752372", "pid":"1", "tid":"cice"},
{"name":"ModelAdvance", "ph":"E", "ts":"1534218189", "pid":"1", "tid":"cice"},
{"name":"ModelAdvance", "ph":"B", "ts":"1534429643", "pid":"1", "tid":"cice"},
{"name":"ModelAdvance", "ph":"E", "ts":"1534898436", "pid":"1", "tid":"cice"},
{"name":"ModelAdvance", "ph":"B", "ts":"1535133319", "pid":"1", "tid":"cice"},
{"name":"ModelAdvance", "ph":"E", "ts":"1535598041", "pid":"1", "tid":"cice"},
{"name":"ModelAdvance", "ph":"B", "ts":"1535779663", "pid":"1", "tid":"cice"},
{"name":"ModelAdvance", "ph":"E", "ts":"1536246397", "pid":"1", "tid":"cice"},
{"name":"ModelAdvance", "ph":"B", "ts":"1536419859", "pid":"1", "tid":"cice"},
{"name":"ModelAdvance", "ph":"E", "ts":"1536880731", "pid":"1", "tid":"cice"},
{"name":"ModelAdvance", "ph":"B", "ts":"1537057792", "pid":"1", "tid":"cice"},
{"name":"ModelAdvance", "ph":"E", "ts":"1537523308", "pid":"1", "tid":"cice"},
{"name":"ModelAdvance", "ph":"B", "ts":"1537686230", "pid":"1", "tid":"cice"},
{"name":"ModelAdvance", "ph":"E", "ts":"1538153851", "pid":"1", "tid":"cice"},
{"name":"ModelAdvance", "ph":"B", "ts":"1539005549", "pid":"1", "tid":"cice"},
{"name":"ModelAdvance", "ph":"E", "ts":"1539472747", "pid":"1", "tid":"cice"},
{"name":"ModelAdvance", "ph":"B", "ts":"1539672571", "pid":"1", "tid":"cice"},
{"name":"ModelAdvance", "ph":"E", "ts":"1540149767", "pid":"1", "tid":"cice"},
{"name":"ModelAdvance", "ph":"B", "ts":"1540293926", "pid":"1", "tid":"cice"},
{"name":"ModelAdvance", "ph":"E", "ts":"1540760294", "pid":"1", "tid":"cice"},
{"name":"ModelAdvance", "ph":"B", "ts":"1540959239", "pid":"1", "tid":"cice"},
{"name":"ModelAdvance", "ph":"E", "ts":"1541429973", "pid":"1", "tid":"cice"},
{"name":"ModelAdvance", "ph":"B", "ts":"1541616630", "pid":"1", "tid":"cice"},
{"name":"ModelAdvance", "ph":"E", "ts":"1542079784", "pid":"1", "tid":"cice"},
{"name":"ModelAdvance", "ph":"B", "ts":"1542225939", "pid":"1", "tid":"cice"},
{"name":"ModelAdvance", "ph":"E", "ts":"1542691760", "pid":"1", "tid":"cice"},
{"name":"ModelAdvance", "ph":"B", "ts":"1542863004", "pid":"1", "tid":"cice"},
{"name":"ModelAdvance", "ph":"E", "ts":"1543327396", "pid":"1", "tid":"cice"},
{"name":"ModelAdvance", "ph":"B", "ts":"1543467984", "pid":"1", "tid":"cice"},
{"name":"ModelAdvance", "ph":"E", "ts":"1543936880", "pid":"1", "tid":"cice"},
{"name":"ModelAdvance", "ph":"B", "ts":"1544115336", "pid":"1", "tid":"cice"},
{"name":"ModelAdvance", "ph":"E", "ts":"1544578514", "pid":"1", "tid":"cice"},
{"name":"ModelAdvance", "ph":"B", "ts":"1544734707", "pid":"1", "tid":"cice"},
{"name":"ModelAdvance", "ph":"E", "ts":"1545206030", "pid":"1", "tid":"cice"},
{"name":"ModelAdvance", "ph":"B", "ts":"1545339362", "pid":"1", "tid":"cice"},
{"name":"ModelAdvance", "ph":"E", "ts":"1545807825", "pid":"1", "tid":"cice"},
{"name":"ModelAdvance", "ph":"B", "ts":"1545958670", "pid":"1", "tid":"cice"},
{"name":"ModelAdvance", "ph":"E", "ts":"1546430698", "pid":"1", "tid":"cice"},
{"name":"ModelAdvance", "ph":"B", "ts":"1546561525", "pid":"1", "tid":"cice"},
{"name":"ModelAdvance", "ph":"E", "ts":"1547027754", "pid":"1", "tid":"cice"},
{"name":"ModelAdvance", "ph":"B", "ts":"1547177028", "pid":"1", "tid":"cice"},
{"name":"ModelAdvance", "ph":"E", "ts":"1547643186", "pid":"1", "tid":"cice"},
{"name":"ModelAdvance", "ph":"B", "ts":"1547817960", "pid":"1", "tid":"cice"},
{"name":"ModelAdvance", "ph":"E", "ts":"1548279966", "pid":"1", "tid":"cice"},
{"name":"ModelAdvance", "ph":"B", "ts":"1548435952", "pid":"1", "tid":"cice"},
{"name":"ModelAdvance", "ph":"E", "ts":"1548903983", "pid":"1", "tid":"cice"},
{"name":"ModelAdvance", "ph":"B", "ts":"1549098057", "pid":"1", "tid":"cice"},
{"name":"ModelAdvance", "ph":"E", "ts":"1549560876", "pid":"1", "tid":"cice"},
{"name":"ModelAdvance", "ph":"B", "ts":"1549747151", "pid":"1", "tid":"cice"},
{"name":"ModelAdvance", "ph":"E", "ts":"1550215791", "pid":"1", "tid":"cice"},
{"name":"ModelAdvance", "ph":"B", "ts":"1550359978", "pid":"1", "tid":"cice"},
{"name":"ModelAdvance", "ph":"E", "ts":"1550826512", "pid":"1", "tid":"cice"},
{"name":"ModelAdvance", "ph":"B", "ts":"1550972194", "pid":"1", "tid":"cice"},
{"name":"ModelAdvance", "ph":"E", "ts":"1551441579", "pid":"1", "tid":"cice"},
{"name":"ModelAdvance", "ph":"B", "ts":"1551589162", "pid":"1", "tid":"cice"},
{"name":"ModelAdvance", "ph":"E", "ts":"1552062338", "pid":"1", "tid":"cice"},
{"name":"ModelAdvance", "ph":"B", "ts":"1552194459", "pid":"1", "tid":"cice"},
{"name":"ModelAdvance", "ph":"E", "ts":"1552658878", "pid":"1", "tid":"cice"},
{"name":"ModelAdvance", "ph":"B", "ts":"1552805950", "pid":"1", "tid":"cice"},
{"name":"ModelAdvance", "ph":"E", "ts":"1553376590", "pid":"1", "tid":"cice"},
{"name":"ModelAdvance", "ph":"B", "ts":"1553449506", "pid":"1", "tid":"cice"},
{"name":"ModelAdvance", "ph":"E", "ts":"1553918070", "pid":"1", "tid":"cice"},
{"name":"ModelAdvance", "ph":"B", "ts":"1554812493", "pid":"1", "tid":"cice"},
{"name":"ModelAdvance", "ph":"E", "ts":"1555294313", "pid":"1", "tid":"cice"},
{"name":"ModelAdvance", "ph":"B", "ts":"1555420768", "pid":"1", "tid":"cice"},
{"name":"ModelAdvance", "ph":"E", "ts":"1555883732", "pid":"1", "tid":"cice"},
{"name":"ModelAdvance", "ph":"B", "ts":"1556046636", "pid":"1", "tid":"cice"},
{"name":"ModelAdvance", "ph":"E", "ts":"1556520468", "pid":"1", "tid":"cice"},
{"name":"ModelAdvance", "ph":"B", "ts":"1556727712", "pid":"1", "tid":"cice"},
{"name":"ModelAdvance", "ph":"E", "ts":"1557190433", "pid":"1", "tid":"cice"},
{"name":"ModelAdvance", "ph":"B", "ts":"1557325300", "pid":"1", "tid":"cice"},
{"name":"ModelAdvance", "ph":"E", "ts":"1557794302", "pid":"1", "tid":"cice"},
{"name":"ModelAdvance", "ph":"B", "ts":"1557917821", "pid":"1", "tid":"cice"},
{"name":"ModelAdvance", "ph":"E", "ts":"1558383934", "pid":"1", "tid":"cice"},
{"name":"ModelAdvance", "ph":"B", "ts":"1558513553", "pid":"1", "tid":"cice"},
{"name":"ModelAdvance", "ph":"E", "ts":"1558981089", "pid":"1", "tid":"cice"},
{"name":"ModelAdvance", "ph":"B", "ts":"1559109487", "pid":"1", "tid":"cice"},
{"name":"ModelAdvance", "ph":"E", "ts":"1559573098", "pid":"1", "tid":"cice"},
{"name":"ModelAdvance", "ph":"B", "ts":"1559702619", "pid":"1", "tid":"cice"},
{"name":"ModelAdvance", "ph":"E", "ts":"1560169183", "pid":"1", "tid":"cice"},
{"name":"ModelAdvance", "ph":"B", "ts":"1560295644", "pid":"1", "tid":"cice"},
{"name":"ModelAdvance", "ph":"E", "ts":"1560769119", "pid":"1", "tid":"cice"},
{"name":"ModelAdvance", "ph":"B", "ts":"1560883052", "pid":"1", "tid":"cice"},
{"name":"ModelAdvance", "ph":"E", "ts":"1561347315", "pid":"1", "tid":"cice"},
{"name":"ModelAdvance", "ph":"B", "ts":"1561491843", "pid":"1", "tid":"cice"},
{"name":"ModelAdvance", "ph":"E", "ts":"1561954204", "pid":"1", "tid":"cice"},
{"name":"ModelAdvance", "ph":"B", "ts":"1562081420", "pid":"1", "tid":"cice"},
{"name":"ModelAdvance", "ph":"E", "ts":"1562555824", "pid":"1", "tid":"cice"},
{"name":"ModelAdvance", "ph":"B", "ts":"1562683804", "pid":"1", "tid":"cice"},
{"name":"ModelAdvance", "ph":"E", "ts":"1563150041", "pid":"1", "tid":"cice"},
{"name":"ModelAdvance", "ph":"B", "ts":"1563273434", "pid":"1", "tid":"cice"},
{"name":"ModelAdvance", "ph":"E", "ts":"1563736000", "pid":"1", "tid":"cice"},
{"name":"ModelAdvance", "ph":"B", "ts":"1563863592", "pid":"1", "tid":"cice"},
{"name":"ModelAdvance", "ph":"E", "ts":"1564333548", "pid":"1", "tid":"cice"},
{"name":"ModelAdvance", "ph":"B", "ts":"1564459155", "pid":"1", "tid":"cice"},
{"name":"ModelAdvance", "ph":"E", "ts":"1564921798", "pid":"1", "tid":"cice"},
{"name":"ModelAdvance", "ph":"B", "ts":"1565048550", "pid":"1", "tid":"cice"},
{"name":"ModelAdvance", "ph":"E", "ts":"1565518763", "pid":"1", "tid":"cice"},
{"name":"ModelAdvance", "ph":"B", "ts":"1565641260", "pid":"1", "tid":"cice"},
{"name":"ModelAdvance", "ph":"E", "ts":"1566108562", "pid":"1", "tid":"cice"},
{"name":"ModelAdvance", "ph":"B", "ts":"1566231881", "pid":"1", "tid":"cice"},
{"name":"ModelAdvance", "ph":"E", "ts":"1566711003", "pid":"1", "tid":"cice"},
{"name":"ModelAdvance", "ph":"B", "ts":"1566827267", "pid":"1", "tid":"cice"},
{"name":"ModelAdvance", "ph":"E", "ts":"1567295093", "pid":"1", "tid":"cice"},
{"name":"ModelAdvance", "ph":"B", "ts":"1567418919", "pid":"1", "tid":"cice"},
{"name":"ModelAdvance", "ph":"E", "ts":"1567898550", "pid":"1", "tid":"cice"},
{"name":"ModelAdvance", "ph":"B", "ts":"1568013687", "pid":"1", "tid":"cice"},
{"name":"ModelAdvance", "ph":"E", "ts":"1568486894", "pid":"1", "tid":"cice"},
{"name":"ModelAdvance", "ph":"B", "ts":"1568846243", "pid":"1", "tid":"cice"},
{"name":"ModelAdvance", "ph":"E", "ts":"1569323203", "pid":"1", "tid":"cice"},
{"name":"ModelAdvance", "ph":"B", "ts":"1570127573", "pid":"1", "tid":"cice"},
{"name":"ModelAdvance", "ph":"E", "ts":"1570595819", "pid":"1", "tid":"cice"},
{"name":"ModelAdvance", "ph":"B", "ts":"1570722985", "pid":"1", "tid":"cice"},
{"name":"ModelAdvance", "ph":"E", "ts":"1571187135", "pid":"1", "tid":"cice"},
{"name":"ModelAdvance", "ph":"B", "ts":"1571314547", "pid":"1", "tid":"cice"},
{"name":"ModelAdvance", "ph":"E", "ts":"1571782970", "pid":"1", "tid":"cice"},
{"name":"ModelAdvance", "ph":"B", "ts":"1571905819", "pid":"1", "tid":"cice"},
{"name":"ModelAdvance", "ph":"E", "ts":"1572371332", "pid":"1", "tid":"cice"},
{"name":"ModelAdvance", "ph":"B", "ts":"1572501118", "pid":"1", "tid":"cice"},
{"name":"ModelAdvance", "ph":"E", "ts":"1572966168", "pid":"1", "tid":"cice"},
{"name":"ModelAdvance", "ph":"B", "ts":"1573091031", "pid":"1", "tid":"cice"},
{"name":"ModelAdvance", "ph":"E", "ts":"1573561838", "pid":"1", "tid":"cice"},
{"name":"ModelAdvance", "ph":"B", "ts":"1573680551", "pid":"1", "tid":"cice"},
{"name":"ModelAdvance", "ph":"E", "ts":"1574152934", "pid":"1", "tid":"cice"},
{"name":"ModelAdvance", "ph":"B", "ts":"1574274792", "pid":"1", "tid":"cice"},
{"name":"ModelAdvance", "ph":"E", "ts":"1574742516", "pid":"1", "tid":"cice"},
{"name":"ModelAdvance", "ph":"B", "ts":"1574865858", "pid":"1", "tid":"cice"},
{"name":"ModelAdvance", "ph":"E", "ts":"1575335835", "pid":"1", "tid":"cice"},
{"name":"ModelAdvance", "ph":"B", "ts":"1575457505", "pid":"1", "tid":"cice"},
{"name":"ModelAdvance", "ph":"E", "ts":"1575929017", "pid":"1", "tid":"cice"},
{"name":"ModelAdvance", "ph":"B", "ts":"1576047633", "pid":"1", "tid":"cice"},
{"name":"ModelAdvance", "ph":"E", "ts":"1576522424", "pid":"1", "tid":"cice"},
{"name":"ModelAdvance", "ph":"B", "ts":"1576653320", "pid":"1", "tid":"cice"},
{"name":"ModelAdvance", "ph":"E", "ts":"1577127546", "pid":"1", "tid":"cice"},
{"name":"ModelAdvance", "ph":"B", "ts":"1577242890", "pid":"1", "tid":"cice"},
{"name":"ModelAdvance", "ph":"E", "ts":"1577717646", "pid":"1", "tid":"cice"},
{"name":"ModelAdvance", "ph":"B", "ts":"1577839229", "pid":"1", "tid":"cice"},
{"name":"ModelAdvance", "ph":"E", "ts":"1578306275", "pid":"1", "tid":"cice"},
{"name":"ModelAdvance", "ph":"B", "ts":"1578429742", "pid":"1", "tid":"cice"},
{"name":"ModelAdvance", "ph":"E", "ts":"1578897539", "pid":"1", "tid":"cice"},
{"name":"ModelAdvance", "ph":"B", "ts":"1579023833", "pid":"1", "tid":"cice"},
{"name":"ModelAdvance", "ph":"E", "ts":"1579490045", "pid":"1", "tid":"cice"},
{"name":"ModelAdvance", "ph":"B", "ts":"1579616692", "pid":"1", "tid":"cice"},
{"name":"ModelAdvance", "ph":"E", "ts":"1580079778", "pid":"1", "tid":"cice"},
{"name":"ModelAdvance", "ph":"B", "ts":"1580212165", "pid":"1", "tid":"cice"},
{"name":"ModelAdvance", "ph":"E", "ts":"1580683611", "pid":"1", "tid":"cice"},
{"name":"ModelAdvance", "ph":"B", "ts":"1580797668", "pid":"1", "tid":"cice"},
{"name":"ModelAdvance", "ph":"E", "ts":"1581269344", "pid":"1", "tid":"cice"},
{"name":"ModelAdvance", "ph":"B", "ts":"1581394597", "pid":"1", "tid":"cice"},
{"name":"ModelAdvance", "ph":"E", "ts":"1581862963", "pid":"1", "tid":"cice"},
{"name":"ModelAdvance", "ph":"B", "ts":"1581982234", "pid":"1", "tid":"cice"},
{"name":"ModelAdvance", "ph":"E", "ts":"1582457392", "pid":"1", "tid":"cice"},
{"name":"ModelAdvance", "ph":"B", "ts":"1582578586", "pid":"1", "tid":"cice"},
{"name":"ModelAdvance", "ph":"E", "ts":"1583053101", "pid":"1", "tid":"cice"},
{"name":"ModelAdvance", "ph":"B", "ts":"1583165654", "pid":"1", "tid":"cice"},
{"name":"ModelAdvance", "ph":"E", "ts":"1583631484", "pid":"1", "tid":"cice"},
{"name":"ModelAdvance", "ph":"B", "ts":"1584308584", "pid":"1", "tid":"cice"},
{"name":"ModelAdvance", "ph":"E", "ts":"1584780518", "pid":"1", "tid":"cice"},
{"name":"ModelAdvance", "ph":"B", "ts":"1585576983", "pid":"1", "tid":"cice"},
{"name":"ModelAdvance", "ph":"E", "ts":"1586047197", "pid":"1", "tid":"cice"},
{"name":"ModelAdvance", "ph":"B", "ts":"1586173100", "pid":"1", "tid":"cice"},
{"name":"ModelAdvance", "ph":"E", "ts":"1586643692", "pid":"1", "tid":"cice"},
{"name":"ModelAdvance", "ph":"B", "ts":"1586764084", "pid":"1", "tid":"cice"},
{"name":"ModelAdvance", "ph":"E", "ts":"1587238079", "pid":"1", "tid":"cice"},
{"name":"ModelAdvance", "ph":"B", "ts":"1587379889", "pid":"1", "tid":"cice"},
{"name":"ModelAdvance", "ph":"E", "ts":"1587844280", "pid":"1", "tid":"cice"},
{"name":"ModelAdvance", "ph":"B", "ts":"1587964143", "pid":"1", "tid":"cice"},
{"name":"ModelAdvance", "ph":"E", "ts":"1588439445", "pid":"1", "tid":"cice"},
{"name":"ModelAdvance", "ph":"B", "ts":"1588558753", "pid":"1", "tid":"cice"},
{"name":"ModelAdvance", "ph":"E", "ts":"1589033377", "pid":"1", "tid":"cice"},
{"name":"ModelAdvance", "ph":"B", "ts":"1589150672", "pid":"1", "tid":"cice"},
{"name":"ModelAdvance", "ph":"E", "ts":"1589625092", "pid":"1", "tid":"cice"},
{"name":"ModelAdvance", "ph":"B", "ts":"1589741936", "pid":"1", "tid":"cice"},
{"name":"ModelAdvance", "ph":"E", "ts":"1590218455", "pid":"1", "tid":"cice"},
{"name":"ModelAdvance", "ph":"B", "ts":"1590331797", "pid":"1", "tid":"cice"},
{"name":"ModelAdvance", "ph":"E", "ts":"1590803910", "pid":"1", "tid":"cice"},
{"name":"ModelAdvance", "ph":"B", "ts":"1590925489", "pid":"1", "tid":"cice"},
{"name":"ModelAdvance", "ph":"E", "ts":"1591391223", "pid":"1", "tid":"cice"},
{"name":"ModelAdvance", "ph":"B", "ts":"1591514591", "pid":"1", "tid":"cice"},
{"name":"ModelAdvance", "ph":"E", "ts":"1591986982", "pid":"1", "tid":"cice"},
{"name":"ModelAdvance", "ph":"B", "ts":"1592118380", "pid":"1", "tid":"cice"},
{"name":"ModelAdvance", "ph":"E", "ts":"1592590785", "pid":"1", "tid":"cice"},
{"name":"ModelAdvance", "ph":"B", "ts":"1592710330", "pid":"1", "tid":"cice"},
{"name":"ModelAdvance", "ph":"E", "ts":"1593173009", "pid":"1", "tid":"cice"},
{"name":"ModelAdvance", "ph":"B", "ts":"1593305205", "pid":"1", "tid":"cice"},
{"name":"ModelAdvance", "ph":"E", "ts":"1593784803", "pid":"1", "tid":"cice"},
{"name":"ModelAdvance", "ph":"B", "ts":"1593894591", "pid":"1", "tid":"cice"},
{"name":"ModelAdvance", "ph":"E", "ts":"1594368332", "pid":"1", "tid":"cice"},
{"name":"ModelAdvance", "ph":"B", "ts":"1594487944", "pid":"1", "tid":"cice"},
{"name":"ModelAdvance", "ph":"E", "ts":"1594961707", "pid":"1", "tid":"cice"},
{"name":"ModelAdvance", "ph":"B", "ts":"1595072721", "pid":"1", "tid":"cice"},
{"name":"ModelAdvance", "ph":"E", "ts":"1595543052", "pid":"1", "tid":"cice"},
{"name":"ModelAdvance", "ph":"B", "ts":"1595670283", "pid":"1", "tid":"cice"},
{"name":"ModelAdvance", "ph":"E", "ts":"1596139839", "pid":"1", "tid":"cice"},
{"name":"ModelAdvance", "ph":"B", "ts":"1596256453", "pid":"1", "tid":"cice"},
{"name":"ModelAdvance", "ph":"E", "ts":"1596728086", "pid":"1", "tid":"cice"},
{"name":"ModelAdvance", "ph":"B", "ts":"1596845854", "pid":"1", "tid":"cice"},
{"name":"ModelAdvance", "ph":"E", "ts":"1597310131", "pid":"1", "tid":"cice"},
{"name":"ModelAdvance", "ph":"B", "ts":"1597433438", "pid":"1", "tid":"cice"},
{"name":"ModelAdvance", "ph":"E", "ts":"1597903611", "pid":"1", "tid":"cice"},
{"name":"ModelAdvance", "ph":"B", "ts":"1598027090", "pid":"1", "tid":"cice"},
{"name":"ModelAdvance", "ph":"E", "ts":"1598507753", "pid":"1", "tid":"cice"},
{"name":"ModelAdvance", "ph":"B", "ts":"1598622747", "pid":"1", "tid":"cice"},
{"name":"ModelAdvance", "ph":"E", "ts":"1599101941", "pid":"1", "tid":"cice"},
{"name":"ModelAdvance", "ph":"B", "ts":"1599896238", "pid":"1", "tid":"cice"},
{"name":"ModelAdvance", "ph":"E", "ts":"1600375524", "pid":"1", "tid":"cice"},
{"name":"ModelAdvance", "ph":"B", "ts":"1601162554", "pid":"1", "tid":"cice"},
{"name":"ModelAdvance", "ph":"E", "ts":"1601635251", "pid":"1", "tid":"cice"},
{"name":"ModelAdvance", "ph":"B", "ts":"1601753621", "pid":"1", "tid":"cice"},
{"name":"ModelAdvance", "ph":"E", "ts":"1602219693", "pid":"1", "tid":"cice"},
{"name":"ModelAdvance", "ph":"B", "ts":"1602334563", "pid":"1", "tid":"cice"},
{"name":"ModelAdvance", "ph":"E", "ts":"1602806830", "pid":"1", "tid":"cice"},
{"name":"ModelAdvance", "ph":"B", "ts":"1602923583", "pid":"1", "tid":"cice"},
{"name":"ModelAdvance", "ph":"E", "ts":"1603391905", "pid":"1", "tid":"cice"},
{"name":"ModelAdvance", "ph":"B", "ts":"1603517354", "pid":"1", "tid":"cice"},
{"name":"ModelAdvance", "ph":"E", "ts":"1603986996", "pid":"1", "tid":"cice"},
{"name":"ModelAdvance", "ph":"B", "ts":"1604100495", "pid":"1", "tid":"cice"},
{"name":"ModelAdvance", "ph":"E", "ts":"1604566440", "pid":"1", "tid":"cice"},
{"name":"ModelAdvance", "ph":"B", "ts":"1604688953", "pid":"1", "tid":"cice"},
{"name":"ModelAdvance", "ph":"E", "ts":"1605161433", "pid":"1", "tid":"cice"},
{"name":"ModelAdvance", "ph":"B", "ts":"1605272727", "pid":"1", "tid":"cice"},
{"name":"ModelAdvance", "ph":"E", "ts":"1605747136", "pid":"1", "tid":"cice"},
{"name":"ModelAdvance", "ph":"B", "ts":"1605860928", "pid":"1", "tid":"cice"},
{"name":"ModelAdvance", "ph":"E", "ts":"1606330062", "pid":"1", "tid":"cice"},
{"name":"ModelAdvance", "ph":"B", "ts":"1606445148", "pid":"1", "tid":"cice"},
{"name":"ModelAdvance", "ph":"E", "ts":"1606911467", "pid":"1", "tid":"cice"},
{"name":"ModelAdvance", "ph":"B", "ts":"1607030513", "pid":"1", "tid":"cice"},
{"name":"ModelAdvance", "ph":"E", "ts":"1607504229", "pid":"1", "tid":"cice"},
{"name":"ModelAdvance", "ph":"B", "ts":"1607672211", "pid":"1", "tid":"cice"},
{"name":"ModelAdvance", "ph":"E", "ts":"1608154605", "pid":"1", "tid":"cice"},
{"name":"ModelAdvance", "ph":"B", "ts":"1608265476", "pid":"1", "tid":"cice"},
{"name":"ModelAdvance", "ph":"E", "ts":"1608740376", "pid":"1", "tid":"cice"},
{"name":"ModelAdvance", "ph":"B", "ts":"1608850865", "pid":"1", "tid":"cice"},
{"name":"ModelAdvance", "ph":"E", "ts":"1609321841", "pid":"1", "tid":"cice"},
{"name":"ModelAdvance", "ph":"B", "ts":"1609454311", "pid":"1", "tid":"cice"},
{"name":"ModelAdvance", "ph":"E", "ts":"1609916463", "pid":"1", "tid":"cice"},
{"name":"ModelAdvance", "ph":"B", "ts":"1610037561", "pid":"1", "tid":"cice"},
{"name":"ModelAdvance", "ph":"E", "ts":"1610508372", "pid":"1", "tid":"cice"},
{"name":"ModelAdvance", "ph":"B", "ts":"1610643106", "pid":"1", "tid":"cice"},
{"name":"ModelAdvance", "ph":"E", "ts":"1611108501", "pid":"1", "tid":"cice"},
{"name":"ModelAdvance", "ph":"B", "ts":"1611241161", "pid":"1", "tid":"cice"},
{"name":"ModelAdvance", "ph":"E", "ts":"1611709524", "pid":"1", "tid":"cice"},
{"name":"ModelAdvance", "ph":"B", "ts":"1611835232", "pid":"1", "tid":"cice"},
{"name":"ModelAdvance", "ph":"E", "ts":"1612307684", "pid":"1", "tid":"cice"},
{"name":"ModelAdvance", "ph":"B", "ts":"1612423804", "pid":"1", "tid":"cice"},
{"name":"ModelAdvance", "ph":"E", "ts":"1612899764", "pid":"1", "tid":"cice"},
{"name":"ModelAdvance", "ph":"B", "ts":"1613036937", "pid":"1", "tid":"cice"},
{"name":"ModelAdvance", "ph":"E", "ts":"1613514005", "pid":"1", "tid":"cice"},
{"name":"ModelAdvance", "ph":"B", "ts":"1613654803", "pid":"1", "tid":"cice"},
{"name":"ModelAdvance", "ph":"E", "ts":"1614125106", "pid":"1", "tid":"cice"},
{"name":"ModelAdvance", "ph":"B", "ts":"1614239483", "pid":"1", "tid":"cice"},
{"name":"ModelAdvance", "ph":"E", "ts":"1614711010", "pid":"1", "tid":"cice"},
{"name":"ModelAdvance", "ph":"B", "ts":"1615513414", "pid":"1", "tid":"cice"},
{"name":"ModelAdvance", "ph":"E", "ts":"1615985749", "pid":"1", "tid":"cice"},
{"name":"ModelAdvance", "ph":"B", "ts":"1616777607", "pid":"1", "tid":"cice"},
{"name":"ModelAdvance", "ph":"E", "ts":"1617250036", "pid":"1", "tid":"cice"},
{"name":"ModelAdvance", "ph":"B", "ts":"1617360767", "pid":"1", "tid":"cice"},
{"name":"ModelAdvance", "ph":"E", "ts":"1617830440", "pid":"1", "tid":"cice"},
{"name":"ModelAdvance", "ph":"B", "ts":"1617940391", "pid":"1", "tid":"cice"},
{"name":"ModelAdvance", "ph":"E", "ts":"1618419284", "pid":"1", "tid":"cice"},
{"name":"ModelAdvance", "ph":"B", "ts":"1618528559", "pid":"1", "tid":"cice"},
{"name":"ModelAdvance", "ph":"E", "ts":"1618997417", "pid":"1", "tid":"cice"},
{"name":"ModelAdvance", "ph":"B", "ts":"1619118359", "pid":"1", "tid":"cice"},
{"name":"ModelAdvance", "ph":"E", "ts":"1619588314", "pid":"1", "tid":"cice"},
{"name":"ModelAdvance", "ph":"B", "ts":"1619708072", "pid":"1", "tid":"cice"},
{"name":"ModelAdvance", "ph":"E", "ts":"1620178018", "pid":"1", "tid":"cice"},
{"name":"ModelAdvance", "ph":"B", "ts":"1620285084", "pid":"1", "tid":"cice"},
{"name":"ModelAdvance", "ph":"E", "ts":"1620758145", "pid":"1", "tid":"cice"},
{"name":"ModelAdvance", "ph":"B", "ts":"1620879410", "pid":"1", "tid":"cice"},
{"name":"ModelAdvance", "ph":"E", "ts":"1621349170", "pid":"1", "tid":"cice"},
{"name":"ModelAdvance", "ph":"B", "ts":"1621464088", "pid":"1", "tid":"cice"},
{"name":"ModelAdvance", "ph":"E", "ts":"1621941633", "pid":"1", "tid":"cice"},
{"name":"ModelAdvance", "ph":"B", "ts":"1622045125", "pid":"1", "tid":"cice"},
{"name":"ModelAdvance", "ph":"E", "ts":"1622517713", "pid":"1", "tid":"cice"},
{"name":"ModelAdvance", "ph":"B", "ts":"1622629247", "pid":"1", "tid":"cice"},
{"name":"ModelAdvance", "ph":"E", "ts":"1623108664", "pid":"1", "tid":"cice"},
{"name":"ModelAdvance", "ph":"B", "ts":"1623392784", "pid":"1", "tid":"cice"},
{"name":"ModelAdvance", "ph":"E", "ts":"1623859523", "pid":"1", "tid":"cice"},
{"name":"ModelAdvance", "ph":"B", "ts":"1623974942", "pid":"1", "tid":"cice"},
{"name":"ModelAdvance", "ph":"E", "ts":"1624441733", "pid":"1", "tid":"cice"},
{"name":"ModelAdvance", "ph":"B", "ts":"1624554424", "pid":"1", "tid":"cice"},
{"name":"ModelAdvance", "ph":"E", "ts":"1625028296", "pid":"1", "tid":"cice"},
{"name":"ModelAdvance", "ph":"B", "ts":"1625137035", "pid":"1", "tid":"cice"},
{"name":"ModelAdvance", "ph":"E", "ts":"1625601418", "pid":"1", "tid":"cice"},
{"name":"ModelAdvance", "ph":"B", "ts":"1625721655", "pid":"1", "tid":"cice"},
{"name":"ModelAdvance", "ph":"E", "ts":"1626190170", "pid":"1", "tid":"cice"},
{"name":"ModelAdvance", "ph":"B", "ts":"1626301655", "pid":"1", "tid":"cice"},
{"name":"ModelAdvance", "ph":"E", "ts":"1626768883", "pid":"1", "tid":"cice"},
{"name":"ModelAdvance", "ph":"B", "ts":"1626888646", "pid":"1", "tid":"cice"},
{"name":"ModelAdvance", "ph":"E", "ts":"1627366224", "pid":"1", "tid":"cice"},
{"name":"ModelAdvance", "ph":"B", "ts":"1627473413", "pid":"1", "tid":"cice"},
{"name":"ModelAdvance", "ph":"E", "ts":"1627944821", "pid":"1", "tid":"cice"},
{"name":"ModelAdvance", "ph":"B", "ts":"1628053375", "pid":"1", "tid":"cice"},
{"name":"ModelAdvance", "ph":"E", "ts":"1628528784", "pid":"1", "tid":"cice"},
{"name":"ModelAdvance", "ph":"B", "ts":"1628641970", "pid":"1", "tid":"cice"},
{"name":"ModelAdvance", "ph":"E", "ts":"1629116826", "pid":"1", "tid":"cice"},
{"name":"ModelAdvance", "ph":"B", "ts":"1629225936", "pid":"1", "tid":"cice"},
{"name":"ModelAdvance", "ph":"E", "ts":"1629703419", "pid":"1", "tid":"cice"},
{"name":"ModelAdvance", "ph":"B", "ts":"1629815148", "pid":"1", "tid":"cice"},
{"name":"ModelAdvance", "ph":"E", "ts":"1630275460", "pid":"1", "tid":"cice"},
{"name":"ModelAdvance", "ph":"B", "ts":"1631259554", "pid":"1", "tid":"cice"},
{"name":"ModelAdvance", "ph":"E", "ts":"1631731995", "pid":"1", "tid":"cice"},
{"name":"ModelAdvance", "ph":"B", "ts":"1632480162", "pid":"1", "tid":"cice"},
{"name":"ModelAdvance", "ph":"E", "ts":"1632948859", "pid":"1", "tid":"cice"},
{"name":"ModelAdvance", "ph":"B", "ts":"1633066190", "pid":"1", "tid":"cice"},
{"name":"ModelAdvance", "ph":"E", "ts":"1633535829", "pid":"1", "tid":"cice"},
{"name":"ModelAdvance", "ph":"B", "ts":"1633653908", "pid":"1", "tid":"cice"},
{"name":"ModelAdvance", "ph":"E", "ts":"1634131011", "pid":"1", "tid":"cice"},
{"name":"ModelAdvance", "ph":"B", "ts":"1634239208", "pid":"1", "tid":"cice"},
{"name":"ModelAdvance", "ph":"E", "ts":"1634710440", "pid":"1", "tid":"cice"},
{"name":"ModelAdvance", "ph":"B", "ts":"1634818612", "pid":"1", "tid":"cice"},
{"name":"ModelAdvance", "ph":"E", "ts":"1635282524", "pid":"1", "tid":"cice"},
{"name":"ModelAdvance", "ph":"B", "ts":"1635399514", "pid":"1", "tid":"cice"},
{"name":"ModelAdvance", "ph":"E", "ts":"1635861911", "pid":"1", "tid":"cice"},
{"name":"ModelAdvance", "ph":"B", "ts":"1635976719", "pid":"1", "tid":"cice"},
{"name":"ModelAdvance", "ph":"E", "ts":"1636453137", "pid":"1", "tid":"cice"},
{"name":"ModelAdvance", "ph":"B", "ts":"1636568776", "pid":"1", "tid":"cice"},
{"name":"ModelAdvance", "ph":"E", "ts":"1637044404", "pid":"1", "tid":"cice"},
{"name":"ModelAdvance", "ph":"B", "ts":"1637173038", "pid":"1", "tid":"cice"},
{"name":"ModelAdvance", "ph":"E", "ts":"1637642844", "pid":"1", "tid":"cice"},
{"name":"ModelAdvance", "ph":"B", "ts":"1637758852", "pid":"1", "tid":"cice"},
{"name":"ModelAdvance", "ph":"E", "ts":"1638227108", "pid":"1", "tid":"cice"},
{"name":"ModelAdvance", "ph":"B", "ts":"1638346617", "pid":"1", "tid":"cice"},
{"name":"ModelAdvance", "ph":"E", "ts":"1638819560", "pid":"1", "tid":"cice"},
{"name":"ModelAdvance", "ph":"B", "ts":"1639153906", "pid":"1", "tid":"cice"},
{"name":"ModelAdvance", "ph":"E", "ts":"1639631913", "pid":"1", "tid":"cice"},
{"name":"ModelAdvance", "ph":"B", "ts":"1639745898", "pid":"1", "tid":"cice"},
{"name":"ModelAdvance", "ph":"E", "ts":"1640216901", "pid":"1", "tid":"cice"},
{"name":"ModelAdvance", "ph":"B", "ts":"1640339904", "pid":"1", "tid":"cice"},
{"name":"ModelAdvance", "ph":"E", "ts":"1640819859", "pid":"1", "tid":"cice"},
{"name":"ModelAdvance", "ph":"B", "ts":"1640929616", "pid":"1", "tid":"cice"},
{"name":"ModelAdvance", "ph":"E", "ts":"1641402675", "pid":"1", "tid":"cice"},
{"name":"ModelAdvance", "ph":"B", "ts":"1641539808", "pid":"1", "tid":"cice"},
{"name":"ModelAdvance", "ph":"E", "ts":"1642014424", "pid":"1", "tid":"cice"},
{"name":"ModelAdvance", "ph":"B", "ts":"1642142250", "pid":"1", "tid":"cice"},
{"name":"ModelAdvance", "ph":"E", "ts":"1642617509", "pid":"1", "tid":"cice"},
{"name":"ModelAdvance", "ph":"B", "ts":"1642736557", "pid":"1", "tid":"cice"},
{"name":"ModelAdvance", "ph":"E", "ts":"1643204983", "pid":"1", "tid":"cice"},
{"name":"ModelAdvance", "ph":"B", "ts":"1643338031", "pid":"1", "tid":"cice"},
{"name":"ModelAdvance", "ph":"E", "ts":"1643815834", "pid":"1", "tid":"cice"},
{"name":"ModelAdvance", "ph":"B", "ts":"1643938841", "pid":"1", "tid":"cice"},
{"name":"ModelAdvance", "ph":"E", "ts":"1644410930", "pid":"1", "tid":"cice"},
{"name":"ModelAdvance", "ph":"B", "ts":"1644533963", "pid":"1", "tid":"cice"},
{"name":"ModelAdvance", "ph":"E", "ts":"1645002415", "pid":"1", "tid":"cice"},
{"name":"ModelAdvance", "ph":"B", "ts":"1645121047", "pid":"1", "tid":"cice"},
{"name":"ModelAdvance", "ph":"E", "ts":"1645595425", "pid":"1", "tid":"cice"},
{"name":"ModelAdvance", "ph":"B", "ts":"1645727897", "pid":"1", "tid":"cice"},
{"name":"ModelAdvance", "ph":"E", "ts":"1646286352", "pid":"1", "tid":"cice"},
{"name":"ModelAdvance", "ph":"B", "ts":"1647033784", "pid":"1", "tid":"cice"},
{"name":"ModelAdvance", "ph":"E", "ts":"1647501289", "pid":"1", "tid":"cice"},
{"name":"ModelAdvance", "ph":"B", "ts":"1648284879", "pid":"1", "tid":"cice"},
{"name":"ModelAdvance", "ph":"E", "ts":"1648754616", "pid":"1", "tid":"cice"},
{"name":"ModelAdvance", "ph":"B", "ts":"1648882896", "pid":"1", "tid":"cice"},
{"name":"ModelAdvance", "ph":"E", "ts":"1649348060", "pid":"1", "tid":"cice"},
{"name":"ModelAdvance", "ph":"B", "ts":"1649480153", "pid":"1", "tid":"cice"},
{"name":"ModelAdvance", "ph":"E", "ts":"1649947709", "pid":"1", "tid":"cice"},
{"name":"ModelAdvance", "ph":"B", "ts":"1650066490", "pid":"1", "tid":"cice"},
{"name":"ModelAdvance", "ph":"E", "ts":"1650538528", "pid":"1", "tid":"cice"},
{"name":"ModelAdvance", "ph":"B", "ts":"1650656254", "pid":"1", "tid":"cice"},
{"name":"ModelAdvance", "ph":"E", "ts":"1651127825", "pid":"1", "tid":"cice"},
{"name":"ModelAdvance", "ph":"B", "ts":"1651248372", "pid":"1", "tid":"cice"},
{"name":"ModelAdvance", "ph":"E", "ts":"1651716716", "pid":"1", "tid":"cice"},
{"name":"ModelAdvance", "ph":"B", "ts":"1651841412", "pid":"1", "tid":"cice"},
{"name":"ModelAdvance", "ph":"E", "ts":"1652320013", "pid":"1", "tid":"cice"},
{"name":"ModelAdvance", "ph":"B", "ts":"1652432247", "pid":"1", "tid":"cice"},
{"name":"ModelAdvance", "ph":"E", "ts":"1652900632", "pid":"1", "tid":"cice"},
{"name":"ModelAdvance", "ph":"B", "ts":"1653025280", "pid":"1", "tid":"cice"},
{"name":"ModelAdvance", "ph":"E", "ts":"1653498216", "pid":"1", "tid":"cice"},
{"name":"ModelAdvance", "ph":"B", "ts":"1653610367", "pid":"1", "tid":"cice"},
{"name":"ModelAdvance", "ph":"E", "ts":"1654090818", "pid":"1", "tid":"cice"},
{"name":"ModelAdvance", "ph":"B", "ts":"1654196977", "pid":"1", "tid":"cice"},
{"name":"ModelAdvance", "ph":"E", "ts":"1654668168", "pid":"1", "tid":"cice"},
{"name":"ModelAdvance", "ph":"B", "ts":"1654849321", "pid":"1", "tid":"cice"},
{"name":"ModelAdvance", "ph":"E", "ts":"1655325643", "pid":"1", "tid":"cice"},
{"name":"ModelAdvance", "ph":"B", "ts":"1655441016", "pid":"1", "tid":"cice"},
{"name":"ModelAdvance", "ph":"E", "ts":"1655916377", "pid":"1", "tid":"cice"},
{"name":"ModelAdvance", "ph":"B", "ts":"1656025880", "pid":"1", "tid":"cice"},
{"name":"ModelAdvance", "ph":"E", "ts":"1656498769", "pid":"1", "tid":"cice"},
{"name":"ModelAdvance", "ph":"B", "ts":"1656617308", "pid":"1", "tid":"cice"},
{"name":"ModelAdvance", "ph":"E", "ts":"1657095288", "pid":"1", "tid":"cice"},
{"name":"ModelAdvance", "ph":"B", "ts":"1657218940", "pid":"1", "tid":"cice"},
{"name":"ModelAdvance", "ph":"E", "ts":"1657693981", "pid":"1", "tid":"cice"},
{"name":"ModelAdvance", "ph":"B", "ts":"1657818975", "pid":"1", "tid":"cice"},
{"name":"ModelAdvance", "ph":"E", "ts":"1658305179", "pid":"1", "tid":"cice"},
{"name":"ModelAdvance", "ph":"B", "ts":"1658415891", "pid":"1", "tid":"cice"},
{"name":"ModelAdvance", "ph":"E", "ts":"1658891178", "pid":"1", "tid":"cice"},
{"name":"ModelAdvance", "ph":"B", "ts":"1659000950", "pid":"1", "tid":"cice"},
{"name":"ModelAdvance", "ph":"E", "ts":"1659469246", "pid":"1", "tid":"cice"},
{"name":"ModelAdvance", "ph":"B", "ts":"1659590637", "pid":"1", "tid":"cice"},
{"name":"ModelAdvance", "ph":"E", "ts":"1660057814", "pid":"1", "tid":"cice"},
{"name":"ModelAdvance", "ph":"B", "ts":"1660185501", "pid":"1", "tid":"cice"},
{"name":"ModelAdvance", "ph":"E", "ts":"1660655502", "pid":"1", "tid":"cice"},
{"name":"ModelAdvance", "ph":"B", "ts":"1660790647", "pid":"1", "tid":"cice"},
{"name":"ModelAdvance", "ph":"E", "ts":"1661259034", "pid":"1", "tid":"cice"},
{"name":"ModelAdvance", "ph":"B", "ts":"1661374523", "pid":"1", "tid":"cice"},
{"name":"ModelAdvance", "ph":"E", "ts":"1661845982", "pid":"1", "tid":"cice"},
{"name":"ModelAdvance", "ph":"B", "ts":"1662571647", "pid":"1", "tid":"cice"},
{"name":"ModelAdvance", "ph":"E", "ts":"1663051918", "pid":"1", "tid":"cice"},
{"name":"ModelAdvance", "ph":"B", "ts":"1663820185", "pid":"1", "tid":"cice"},
{"name":"ModelAdvance", "ph":"E", "ts":"1664291139", "pid":"1", "tid":"cice"},
{"name":"ModelAdvance", "ph":"B", "ts":"1664442935", "pid":"1", "tid":"cice"},
{"name":"ModelAdvance", "ph":"E", "ts":"1664916637", "pid":"1", "tid":"cice"},
{"name":"ModelAdvance", "ph":"B", "ts":"1665030667", "pid":"1", "tid":"cice"},
{"name":"ModelAdvance", "ph":"E", "ts":"1665508130", "pid":"1", "tid":"cice"},
{"name":"ModelAdvance", "ph":"B", "ts":"1665647834", "pid":"1", "tid":"cice"},
{"name":"ModelAdvance", "ph":"E", "ts":"1666125636", "pid":"1", "tid":"cice"},
{"name":"ModelAdvance", "ph":"B", "ts":"1666247901", "pid":"1", "tid":"cice"},
{"name":"ModelAdvance", "ph":"E", "ts":"1666725894", "pid":"1", "tid":"cice"},
{"name":"ModelAdvance", "ph":"B", "ts":"1666855789", "pid":"1", "tid":"cice"},
{"name":"ModelAdvance", "ph":"E", "ts":"1667329177", "pid":"1", "tid":"cice"},
{"name":"ModelAdvance", "ph":"B", "ts":"1667465161", "pid":"1", "tid":"cice"},
{"name":"ModelAdvance", "ph":"E", "ts":"1667936134", "pid":"1", "tid":"cice"},
{"name":"ModelAdvance", "ph":"B", "ts":"1668069769", "pid":"1", "tid":"cice"},
{"name":"ModelAdvance", "ph":"E", "ts":"1668537864", "pid":"1", "tid":"cice"},
{"name":"ModelAdvance", "ph":"B", "ts":"1668732563", "pid":"1", "tid":"cice"},
{"name":"ModelAdvance", "ph":"E", "ts":"1669203207", "pid":"1", "tid":"cice"},
{"name":"ModelAdvance", "ph":"B", "ts":"1669349361", "pid":"1", "tid":"cice"},
{"name":"ModelAdvance", "ph":"E", "ts":"1669828273", "pid":"1", "tid":"cice"},
{"name":"ModelAdvance", "ph":"B", "ts":"1669958438", "pid":"1", "tid":"cice"},
{"name":"ModelAdvance", "ph":"E", "ts":"1670427345", "pid":"1", "tid":"cice"},
{"name":"ModelAdvance", "ph":"B", "ts":"1670624012", "pid":"1", "tid":"cice"},
{"name":"ModelAdvance", "ph":"E", "ts":"1671104931", "pid":"1", "tid":"cice"},
{"name":"ModelAdvance", "ph":"B", "ts":"1671270458", "pid":"1", "tid":"cice"},
{"name":"ModelAdvance", "ph":"E", "ts":"1671745171", "pid":"1", "tid":"cice"},
{"name":"ModelAdvance", "ph":"B", "ts":"1671945121", "pid":"1", "tid":"cice"},
{"name":"ModelAdvance", "ph":"E", "ts":"1672420911", "pid":"1", "tid":"cice"},
{"name":"ModelAdvance", "ph":"B", "ts":"1672568455", "pid":"1", "tid":"cice"},
{"name":"ModelAdvance", "ph":"E", "ts":"1673054113", "pid":"1", "tid":"cice"},
{"name":"ModelAdvance", "ph":"B", "ts":"1673186146", "pid":"1", "tid":"cice"},
{"name":"ModelAdvance", "ph":"E", "ts":"1673664429", "pid":"1", "tid":"cice"},
{"name":"ModelAdvance", "ph":"B", "ts":"1673838702", "pid":"1", "tid":"cice"},
{"name":"ModelAdvance", "ph":"E", "ts":"1674317276", "pid":"1", "tid":"cice"},
{"name":"ModelAdvance", "ph":"B", "ts":"1674461914", "pid":"1", "tid":"cice"},
{"name":"ModelAdvance", "ph":"E", "ts":"1674941541", "pid":"1", "tid":"cice"},
{"name":"ModelAdvance", "ph":"B", "ts":"1675085389", "pid":"1", "tid":"cice"},
{"name":"ModelAdvance", "ph":"E", "ts":"1675564989", "pid":"1", "tid":"cice"},
{"name":"ModelAdvance", "ph":"B", "ts":"1675704104", "pid":"1", "tid":"cice"},
{"name":"ModelAdvance", "ph":"E", "ts":"1676184574", "pid":"1", "tid":"cice"},
{"name":"ModelAdvance", "ph":"B", "ts":"1676337233", "pid":"1", "tid":"cice"},
{"name":"ModelAdvance", "ph":"E", "ts":"1676813313", "pid":"1", "tid":"cice"},
{"name":"ModelAdvance", "ph":"B", "ts":"1676992880", "pid":"1", "tid":"cice"},
{"name":"ModelAdvance", "ph":"E", "ts":"1677465659", "pid":"1", "tid":"cice"},
{"name":"ModelAdvance", "ph":"B", "ts":"1677672387", "pid":"1", "tid":"cice"},
{"name":"ModelAdvance", "ph":"E", "ts":"1678137865", "pid":"1", "tid":"cice"},
{"name":"ModelAdvance", "ph":"B", "ts":"1678301649", "pid":"1", "tid":"cice"},
{"name":"ModelAdvance", "ph":"E", "ts":"1678775457", "pid":"1", "tid":"cice"},
{"name":"ModelAdvance", "ph":"B", "ts":"1679533339", "pid":"1", "tid":"cice"},
{"name":"ModelAdvance", "ph":"E", "ts":"1680001260", "pid":"1", "tid":"cice"},
{"name":"ModelAdvance", "ph":"B", "ts":"1680165033", "pid":"1", "tid":"cice"},
{"name":"ModelAdvance", "ph":"E", "ts":"1680636407", "pid":"1", "tid":"cice"},
{"name":"ModelAdvance", "ph":"B", "ts":"1680801238", "pid":"1", "tid":"cice"},
{"name":"ModelAdvance", "ph":"E", "ts":"1681270286", "pid":"1", "tid":"cice"},
{"name":"ModelAdvance", "ph":"B", "ts":"1681476118", "pid":"1", "tid":"cice"},
{"name":"ModelAdvance", "ph":"E", "ts":"1681947897", "pid":"1", "tid":"cice"},
{"name":"ModelAdvance", "ph":"B", "ts":"1682116283", "pid":"1", "tid":"cice"},
{"name":"ModelAdvance", "ph":"E", "ts":"1682591715", "pid":"1", "tid":"cice"},
{"name":"ModelAdvance", "ph":"B", "ts":"1682730940", "pid":"1", "tid":"cice"},
{"name":"ModelAdvance", "ph":"E", "ts":"1683208317", "pid":"1", "tid":"cice"},
{"name":"ModelAdvance", "ph":"B", "ts":"1683344718", "pid":"1", "tid":"cice"},
{"name":"ModelAdvance", "ph":"E", "ts":"1683817627", "pid":"1", "tid":"cice"},
{"name":"ModelAdvance", "ph":"B", "ts":"1683943324", "pid":"1", "tid":"cice"},
{"name":"ModelAdvance", "ph":"E", "ts":"1684414441", "pid":"1", "tid":"cice"},
{"name":"ModelAdvance", "ph":"B", "ts":"1684550841", "pid":"1", "tid":"cice"},
{"name":"ModelAdvance", "ph":"E", "ts":"1685026437", "pid":"1", "tid":"cice"},
{"name":"ModelAdvance", "ph":"B", "ts":"1685167278", "pid":"1", "tid":"cice"},
{"name":"ModelAdvance", "ph":"E", "ts":"1685639423", "pid":"1", "tid":"cice"},
{"name":"ModelAdvance", "ph":"B", "ts":"1685782938", "pid":"1", "tid":"cice"},
{"name":"ModelAdvance", "ph":"E", "ts":"1686261191", "pid":"1", "tid":"cice"},
{"name":"ModelAdvance", "ph":"B", "ts":"1686391162", "pid":"1", "tid":"cice"},
{"name":"ModelAdvance", "ph":"E", "ts":"1686883049", "pid":"1", "tid":"cice"},
{"name":"ModelAdvance", "ph":"B", "ts":"1687035074", "pid":"1", "tid":"cice"},
{"name":"ModelAdvance", "ph":"E", "ts":"1687508695", "pid":"1", "tid":"cice"},
{"name":"ModelAdvance", "ph":"B", "ts":"1687656564", "pid":"1", "tid":"cice"},
{"name":"ModelAdvance", "ph":"E", "ts":"1688130051", "pid":"1", "tid":"cice"},
{"name":"ModelAdvance", "ph":"B", "ts":"1688273612", "pid":"1", "tid":"cice"},
{"name":"ModelAdvance", "ph":"E", "ts":"1688744062", "pid":"1", "tid":"cice"},
{"name":"ModelAdvance", "ph":"B", "ts":"1688910617", "pid":"1", "tid":"cice"},
{"name":"ModelAdvance", "ph":"E", "ts":"1689386364", "pid":"1", "tid":"cice"},
{"name":"ModelAdvance", "ph":"B", "ts":"1689510140", "pid":"1", "tid":"cice"},
{"name":"ModelAdvance", "ph":"E", "ts":"1689979671", "pid":"1", "tid":"cice"},
{"name":"ModelAdvance", "ph":"B", "ts":"1690119803", "pid":"1", "tid":"cice"},
{"name":"ModelAdvance", "ph":"E", "ts":"1690589670", "pid":"1", "tid":"cice"},
{"name":"ModelAdvance", "ph":"B", "ts":"1690749457", "pid":"1", "tid":"cice"},
{"name":"ModelAdvance", "ph":"E", "ts":"1691223322", "pid":"1", "tid":"cice"},
{"name":"ModelAdvance", "ph":"B", "ts":"1691374741", "pid":"1", "tid":"cice"},
{"name":"ModelAdvance", "ph":"E", "ts":"1691845983", "pid":"1", "tid":"cice"},
{"name":"ModelAdvance", "ph":"B", "ts":"1691979192", "pid":"1", "tid":"cice"},
{"name":"ModelAdvance", "ph":"E", "ts":"1692444171", "pid":"1", "tid":"cice"},
{"name":"ModelAdvance", "ph":"B", "ts":"1692604155", "pid":"1", "tid":"cice"},
{"name":"ModelAdvance", "ph":"E", "ts":"1693077859", "pid":"1", "tid":"cice"},
{"name":"ModelAdvance", "ph":"B", "ts":"1693218685", "pid":"1", "tid":"cice"},
{"name":"ModelAdvance", "ph":"E", "ts":"1693689615", "pid":"1", "tid":"cice"},
{"name":"ModelAdvance", "ph":"B", "ts":"1693877384", "pid":"1", "tid":"cice"},
{"name":"ModelAdvance", "ph":"E", "ts":"1694350748", "pid":"1", "tid":"cice"},
{"name":"ModelAdvance", "ph":"B", "ts":"1705972870", "pid":"1", "tid":"cice"},
{"name":"ModelAdvance", "ph":"E", "ts":"1706438949", "pid":"1", "tid":"cice"},
{"name":"ModelAdvance", "ph":"B", "ts":"1706568468", "pid":"1", "tid":"cice"},
{"name":"ModelAdvance", "ph":"E", "ts":"1707048885", "pid":"1", "tid":"cice"},
{"name":"ModelAdvance", "ph":"B", "ts":"1707235161", "pid":"1", "tid":"cice"},
{"name":"ModelAdvance", "ph":"E", "ts":"1707710796", "pid":"1", "tid":"cice"},
{"name":"ModelAdvance", "ph":"B", "ts":"1707847560", "pid":"1", "tid":"cice"},
{"name":"ModelAdvance", "ph":"E", "ts":"1708323916", "pid":"1", "tid":"cice"},
{"name":"ModelAdvance", "ph":"B", "ts":"1708453705", "pid":"1", "tid":"cice"},
{"name":"ModelAdvance", "ph":"E", "ts":"1708922376", "pid":"1", "tid":"cice"},
{"name":"ModelAdvance", "ph":"B", "ts":"1709103936", "pid":"1", "tid":"cice"},
{"name":"ModelAdvance", "ph":"E", "ts":"1709583302", "pid":"1", "tid":"cice"},
{"name":"ModelAdvance", "ph":"B", "ts":"1709711687", "pid":"1", "tid":"cice"},
{"name":"ModelAdvance", "ph":"E", "ts":"1710182319", "pid":"1", "tid":"cice"},
{"name":"ModelAdvance", "ph":"B", "ts":"1710338496", "pid":"1", "tid":"cice"},
{"name":"ModelAdvance", "ph":"E", "ts":"1710813312", "pid":"1", "tid":"cice"},
{"name":"ModelAdvance", "ph":"B", "ts":"1710954491", "pid":"1", "tid":"cice"},
{"name":"ModelAdvance", "ph":"E", "ts":"1711421709", "pid":"1", "tid":"cice"},
{"name":"ModelAdvance", "ph":"B", "ts":"1711560244", "pid":"1", "tid":"cice"},
{"name":"ModelAdvance", "ph":"E", "ts":"1712035724", "pid":"1", "tid":"cice"},
{"name":"ModelAdvance", "ph":"B", "ts":"1712171455", "pid":"1", "tid":"cice"},
{"name":"ModelAdvance", "ph":"E", "ts":"1712640564", "pid":"1", "tid":"cice"},
{"name":"ModelAdvance", "ph":"B", "ts":"1712784973", "pid":"1", "tid":"cice"},
{"name":"ModelAdvance", "ph":"E", "ts":"1713266738", "pid":"1", "tid":"cice"},
{"name":"ModelAdvance", "ph":"B", "ts":"1713389842", "pid":"1", "tid":"cice"},
{"name":"ModelAdvance", "ph":"E", "ts":"1713863833", "pid":"1", "tid":"cice"},
{"name":"ModelAdvance", "ph":"B", "ts":"1714017654", "pid":"1", "tid":"cice"},
{"name":"ModelAdvance", "ph":"E", "ts":"1714491584", "pid":"1", "tid":"cice"},
{"name":"ModelAdvance", "ph":"B", "ts":"1714623883", "pid":"1", "tid":"cice"},
{"name":"ModelAdvance", "ph":"E", "ts":"1715098013", "pid":"1", "tid":"cice"},
{"name":"ModelAdvance", "ph":"B", "ts":"1715226666", "pid":"1", "tid":"cice"},
{"name":"ModelAdvance", "ph":"E", "ts":"1715694913", "pid":"1", "tid":"cice"},
{"name":"ModelAdvance", "ph":"B", "ts":"1715880353", "pid":"1", "tid":"cice"},
{"name":"ModelAdvance", "ph":"E", "ts":"1716356898", "pid":"1", "tid":"cice"},
{"name":"ModelAdvance", "ph":"B", "ts":"1716485579", "pid":"1", "tid":"cice"},
{"name":"ModelAdvance", "ph":"E", "ts":"1716957165", "pid":"1", "tid":"cice"},
{"name":"ModelAdvance", "ph":"B", "ts":"1717084302", "pid":"1", "tid":"cice"},
{"name":"ModelAdvance", "ph":"E", "ts":"1717553863", "pid":"1", "tid":"cice"},
{"name":"ModelAdvance", "ph":"B", "ts":"1717704890", "pid":"1", "tid":"cice"},
{"name":"ModelAdvance", "ph":"E", "ts":"1718172887", "pid":"1", "tid":"cice"},
{"name":"ModelAdvance", "ph":"B", "ts":"1718305251", "pid":"1", "tid":"cice"},
{"name":"ModelAdvance", "ph":"E", "ts":"1718779603", "pid":"1", "tid":"cice"},
{"name":"ModelAdvance", "ph":"B", "ts":"1718898182", "pid":"1", "tid":"cice"},
{"name":"ModelAdvance", "ph":"E", "ts":"1719366258", "pid":"1", "tid":"cice"},
{"name":"ModelAdvance", "ph":"B", "ts":"1719507116", "pid":"1", "tid":"cice"},
{"name":"ModelAdvance", "ph":"E", "ts":"1719975226", "pid":"1", "tid":"cice"},
{"name":"ModelAdvance", "ph":"B", "ts":"1720115846", "pid":"1", "tid":"cice"},
{"name":"ModelAdvance", "ph":"E", "ts":"1720589386", "pid":"1", "tid":"cice"},
{"name":"ModelAdvance", "ph":"B", "ts":"1721358251", "pid":"1", "tid":"cice"},
{"name":"ModelAdvance", "ph":"E", "ts":"1721838289", "pid":"1", "tid":"cice"},
{"name":"ModelAdvance", "ph":"B", "ts":"1721956355", "pid":"1", "tid":"cice"},
{"name":"ModelAdvance", "ph":"E", "ts":"1722422687", "pid":"1", "tid":"cice"},
{"name":"ModelAdvance", "ph":"B", "ts":"1722545849", "pid":"1", "tid":"cice"},
{"name":"ModelAdvance", "ph":"E", "ts":"1723027465", "pid":"1", "tid":"cice"},
{"name":"ModelAdvance", "ph":"B", "ts":"1723150603", "pid":"1", "tid":"cice"},
{"name":"ModelAdvance", "ph":"E", "ts":"1723634994", "pid":"1", "tid":"cice"},
{"name":"ModelAdvance", "ph":"B", "ts":"1723747116", "pid":"1", "tid":"cice"},
{"name":"ModelAdvance", "ph":"E", "ts":"1724221606", "pid":"1", "tid":"cice"},
{"name":"ModelAdvance", "ph":"B", "ts":"1724343960", "pid":"1", "tid":"cice"},
{"name":"ModelAdvance", "ph":"E", "ts":"1724815167", "pid":"1", "tid":"cice"},
{"name":"ModelAdvance", "ph":"B", "ts":"1724940616", "pid":"1", "tid":"cice"},
{"name":"ModelAdvance", "ph":"E", "ts":"1725416050", "pid":"1", "tid":"cice"},
{"name":"ModelAdvance", "ph":"B", "ts":"1725539146", "pid":"1", "tid":"cice"},
{"name":"ModelAdvance", "ph":"E", "ts":"1726014385", "pid":"1", "tid":"cice"},
{"name":"ModelAdvance", "ph":"B", "ts":"1726136556", "pid":"1", "tid":"cice"},
{"name":"ModelAdvance", "ph":"E", "ts":"1726619544", "pid":"1", "tid":"cice"},
{"name":"ModelAdvance", "ph":"B", "ts":"1726731059", "pid":"1", "tid":"cice"},
{"name":"ModelAdvance", "ph":"E", "ts":"1727202881", "pid":"1", "tid":"cice"},
{"name":"ModelAdvance", "ph":"B", "ts":"1727382653", "pid":"1", "tid":"cice"},
{"name":"ModelAdvance", "ph":"E", "ts":"1727849479", "pid":"1", "tid":"cice"},
{"name":"ModelAdvance", "ph":"B", "ts":"1727997222", "pid":"1", "tid":"cice"},
{"name":"ModelAdvance", "ph":"E", "ts":"1728471696", "pid":"1", "tid":"cice"},
{"name":"ModelAdvance", "ph":"B", "ts":"1728597055", "pid":"1", "tid":"cice"},
{"name":"ModelAdvance", "ph":"E", "ts":"1729067391", "pid":"1", "tid":"cice"},
{"name":"ModelAdvance", "ph":"B", "ts":"1729216105", "pid":"1", "tid":"cice"},
{"name":"ModelAdvance", "ph":"E", "ts":"1729696559", "pid":"1", "tid":"cice"},
{"name":"ModelAdvance", "ph":"B", "ts":"1729833843", "pid":"1", "tid":"cice"},
{"name":"ModelAdvance", "ph":"E", "ts":"1730306067", "pid":"1", "tid":"cice"},
{"name":"ModelAdvance", "ph":"B", "ts":"1730425891", "pid":"1", "tid":"cice"},
{"name":"ModelAdvance", "ph":"E", "ts":"1730926190", "pid":"1", "tid":"cice"},
{"name":"ModelAdvance", "ph":"B", "ts":"1731043850", "pid":"1", "tid":"cice"},
{"name":"ModelAdvance", "ph":"E", "ts":"1731516774", "pid":"1", "tid":"cice"},
{"name":"ModelAdvance", "ph":"B", "ts":"1731650025", "pid":"1", "tid":"cice"},
{"name":"ModelAdvance", "ph":"E", "ts":"1732127503", "pid":"1", "tid":"cice"},
{"name":"ModelAdvance", "ph":"B", "ts":"1732249893", "pid":"1", "tid":"cice"},
{"name":"ModelAdvance", "ph":"E", "ts":"1732727215", "pid":"1", "tid":"cice"},
{"name":"ModelAdvance", "ph":"B", "ts":"1732840780", "pid":"1", "tid":"cice"},
{"name":"ModelAdvance", "ph":"E", "ts":"1733308405", "pid":"1", "tid":"cice"},
{"name":"ModelAdvance", "ph":"B", "ts":"1733458001", "pid":"1", "tid":"cice"},
{"name":"ModelAdvance", "ph":"E", "ts":"1733934371", "pid":"1", "tid":"cice"},
{"name":"ModelAdvance", "ph":"B", "ts":"1734050154", "pid":"1", "tid":"cice"},
{"name":"ModelAdvance", "ph":"E", "ts":"1734517982", "pid":"1", "tid":"cice"},
{"name":"ModelAdvance", "ph":"B", "ts":"1734641197", "pid":"1", "tid":"cice"},
{"name":"ModelAdvance", "ph":"E", "ts":"1735113947", "pid":"1", "tid":"cice"},
{"name":"ModelAdvance", "ph":"B", "ts":"1735518404", "pid":"1", "tid":"cice"},
{"name":"ModelAdvance", "ph":"E", "ts":"1735996021", "pid":"1", "tid":"cice"},
{"name":"ModelAdvance", "ph":"B", "ts":"1736764496", "pid":"1", "tid":"cice"},
{"name":"ModelAdvance", "ph":"E", "ts":"1737234770", "pid":"1", "tid":"cice"},
{"name":"ModelAdvance", "ph":"B", "ts":"1737381394", "pid":"1", "tid":"cice"},
{"name":"ModelAdvance", "ph":"E", "ts":"1737851911", "pid":"1", "tid":"cice"},
{"name":"ModelAdvance", "ph":"B", "ts":"1737977696", "pid":"1", "tid":"cice"},
{"name":"ModelAdvance", "ph":"E", "ts":"1738447917", "pid":"1", "tid":"cice"},
{"name":"ModelAdvance", "ph":"B", "ts":"1738569299", "pid":"1", "tid":"cice"},
{"name":"ModelAdvance", "ph":"E", "ts":"1739035464", "pid":"1", "tid":"cice"},
{"name":"ModelAdvance", "ph":"B", "ts":"1739161807", "pid":"1", "tid":"cice"},
{"name":"ModelAdvance", "ph":"E", "ts":"1739638237", "pid":"1", "tid":"cice"},
{"name":"ModelAdvance", "ph":"B", "ts":"1739756896", "pid":"1", "tid":"cice"},
{"name":"ModelAdvance", "ph":"E", "ts":"1740234217", "pid":"1", "tid":"cice"},
{"name":"ModelAdvance", "ph":"B", "ts":"1740349790", "pid":"1", "tid":"cice"},
{"name":"ModelAdvance", "ph":"E", "ts":"1740824583", "pid":"1", "tid":"cice"},
{"name":"ModelAdvance", "ph":"B", "ts":"1740947139", "pid":"1", "tid":"cice"},
{"name":"ModelAdvance", "ph":"E", "ts":"1741426056", "pid":"1", "tid":"cice"},
{"name":"ModelAdvance", "ph":"B", "ts":"1741542901", "pid":"1", "tid":"cice"},
{"name":"ModelAdvance", "ph":"E", "ts":"1742020450", "pid":"1", "tid":"cice"},
{"name":"ModelAdvance", "ph":"B", "ts":"1742133912", "pid":"1", "tid":"cice"},
{"name":"ModelAdvance", "ph":"E", "ts":"1742610055", "pid":"1", "tid":"cice"},
{"name":"ModelAdvance", "ph":"B", "ts":"1742727950", "pid":"1", "tid":"cice"},
{"name":"ModelAdvance", "ph":"E", "ts":"1743193522", "pid":"1", "tid":"cice"},
{"name":"ModelAdvance", "ph":"B", "ts":"1743330727", "pid":"1", "tid":"cice"},
{"name":"ModelAdvance", "ph":"E", "ts":"1743803336", "pid":"1", "tid":"cice"},
{"name":"ModelAdvance", "ph":"B", "ts":"1743923847", "pid":"1", "tid":"cice"},
{"name":"ModelAdvance", "ph":"E", "ts":"1744392611", "pid":"1", "tid":"cice"},
{"name":"ModelAdvance", "ph":"B", "ts":"1744534081", "pid":"1", "tid":"cice"},
{"name":"ModelAdvance", "ph":"E", "ts":"1744999414", "pid":"1", "tid":"cice"},
{"name":"ModelAdvance", "ph":"B", "ts":"1745123407", "pid":"1", "tid":"cice"},
{"name":"ModelAdvance", "ph":"E", "ts":"1745596100", "pid":"1", "tid":"cice"},
{"name":"ModelAdvance", "ph":"B", "ts":"1745721496", "pid":"1", "tid":"cice"},
{"name":"ModelAdvance", "ph":"E", "ts":"1746198368", "pid":"1", "tid":"cice"},
{"name":"ModelAdvance", "ph":"B", "ts":"1746330202", "pid":"1", "tid":"cice"},
{"name":"ModelAdvance", "ph":"E", "ts":"1746813621", "pid":"1", "tid":"cice"},
{"name":"ModelAdvance", "ph":"B", "ts":"1746936549", "pid":"1", "tid":"cice"},
{"name":"ModelAdvance", "ph":"E", "ts":"1747414371", "pid":"1", "tid":"cice"},
{"name":"ModelAdvance", "ph":"B", "ts":"1747557120", "pid":"1", "tid":"cice"},
{"name":"ModelAdvance", "ph":"E", "ts":"1748032334", "pid":"1", "tid":"cice"},
{"name":"ModelAdvance", "ph":"B", "ts":"1748153846", "pid":"1", "tid":"cice"},
{"name":"ModelAdvance", "ph":"E", "ts":"1748624081", "pid":"1", "tid":"cice"},
{"name":"ModelAdvance", "ph":"B", "ts":"1748754021", "pid":"1", "tid":"cice"},
{"name":"ModelAdvance", "ph":"E", "ts":"1749235387", "pid":"1", "tid":"cice"},
{"name":"ModelAdvance", "ph":"B", "ts":"1749362925", "pid":"1", "tid":"cice"},
{"name":"ModelAdvance", "ph":"E", "ts":"1749840838", "pid":"1", "tid":"cice"},
{"name":"ModelAdvance", "ph":"B", "ts":"1749973047", "pid":"1", "tid":"cice"},
{"name":"ModelAdvance", "ph":"E", "ts":"1750567380", "pid":"1", "tid":"cice"},
{"name":"ModelAdvance", "ph":"B", "ts":"1751050618", "pid":"1", "tid":"cice"},
{"name":"ModelAdvance", "ph":"E", "ts":"1751523890", "pid":"1", "tid":"cice"},
{"name":"ModelAdvance", "ph":"B", "ts":"1752255460", "pid":"1", "tid":"cice"},
{"name":"ModelAdvance", "ph":"E", "ts":"1752734416", "pid":"1", "tid":"cice"},
{"name":"ModelAdvance", "ph":"B", "ts":"1752906633", "pid":"1", "tid":"cice"},
{"name":"ModelAdvance", "ph":"E", "ts":"1753374041", "pid":"1", "tid":"cice"},
{"name":"ModelAdvance", "ph":"B", "ts":"1753515069", "pid":"1", "tid":"cice"},
{"name":"ModelAdvance", "ph":"E", "ts":"1753990143", "pid":"1", "tid":"cice"},
{"name":"ModelAdvance", "ph":"B", "ts":"1754170000", "pid":"1", "tid":"cice"},
{"name":"ModelAdvance", "ph":"E", "ts":"1754639912", "pid":"1", "tid":"cice"},
{"name":"ModelAdvance", "ph":"B", "ts":"1754813313", "pid":"1", "tid":"cice"},
{"name":"ModelAdvance", "ph":"E", "ts":"1755289413", "pid":"1", "tid":"cice"},
{"name":"ModelAdvance", "ph":"B", "ts":"1755463815", "pid":"1", "tid":"cice"},
{"name":"ModelAdvance", "ph":"E", "ts":"1755942776", "pid":"1", "tid":"cice"},
{"name":"ModelAdvance", "ph":"B", "ts":"1756072094", "pid":"1", "tid":"cice"},
{"name":"ModelAdvance", "ph":"E", "ts":"1756536764", "pid":"1", "tid":"cice"},
{"name":"ModelAdvance", "ph":"B", "ts":"1756670901", "pid":"1", "tid":"cice"},
{"name":"ModelAdvance", "ph":"E", "ts":"1757136497", "pid":"1", "tid":"cice"},
{"name":"ModelAdvance", "ph":"B", "ts":"1757267885", "pid":"1", "tid":"cice"},
{"name":"ModelAdvance", "ph":"E", "ts":"1757732907", "pid":"1", "tid":"cice"},
{"name":"ModelAdvance", "ph":"B", "ts":"1757915432", "pid":"1", "tid":"cice"},
{"name":"ModelAdvance", "ph":"E", "ts":"1758396678", "pid":"1", "tid":"cice"},
{"name":"ModelAdvance", "ph":"B", "ts":"1758530104", "pid":"1", "tid":"cice"},
{"name":"ModelAdvance", "ph":"E", "ts":"1759003126", "pid":"1", "tid":"cice"},
{"name":"ModelAdvance", "ph":"B", "ts":"1759144222", "pid":"1", "tid":"cice"},
{"name":"ModelAdvance", "ph":"E", "ts":"1759623827", "pid":"1", "tid":"cice"},
{"name":"ModelAdvance", "ph":"B", "ts":"1759754521", "pid":"1", "tid":"cice"},
{"name":"ModelAdvance", "ph":"E", "ts":"1760233260", "pid":"1", "tid":"cice"},
{"name":"ModelAdvance", "ph":"B", "ts":"1760377472", "pid":"1", "tid":"cice"},
{"name":"ModelAdvance", "ph":"E", "ts":"1760854985", "pid":"1", "tid":"cice"},
{"name":"ModelAdvance", "ph":"B", "ts":"1760984672", "pid":"1", "tid":"cice"},
{"name":"ModelAdvance", "ph":"E", "ts":"1761456816", "pid":"1", "tid":"cice"},
{"name":"ModelAdvance", "ph":"B", "ts":"1761583622", "pid":"1", "tid":"cice"},
{"name":"ModelAdvance", "ph":"E", "ts":"1762050670", "pid":"1", "tid":"cice"},
{"name":"ModelAdvance", "ph":"B", "ts":"1762182243", "pid":"1", "tid":"cice"},
{"name":"ModelAdvance", "ph":"E", "ts":"1762659525", "pid":"1", "tid":"cice"},
{"name":"ModelAdvance", "ph":"B", "ts":"1762776730", "pid":"1", "tid":"cice"},
{"name":"ModelAdvance", "ph":"E", "ts":"1763252714", "pid":"1", "tid":"cice"},
{"name":"ModelAdvance", "ph":"B", "ts":"1763369133", "pid":"1", "tid":"cice"},
{"name":"ModelAdvance", "ph":"E", "ts":"1763837149", "pid":"1", "tid":"cice"},
{"name":"ModelAdvance", "ph":"B", "ts":"1763967738", "pid":"1", "tid":"cice"},
{"name":"ModelAdvance", "ph":"E", "ts":"1764438821", "pid":"1", "tid":"cice"},
{"name":"ModelAdvance", "ph":"B", "ts":"1764563727", "pid":"1", "tid":"cice"},
{"name":"ModelAdvance", "ph":"E", "ts":"1765031262", "pid":"1", "tid":"cice"},
{"name":"ModelAdvance", "ph":"B", "ts":"1765155657", "pid":"1", "tid":"cice"},
{"name":"ModelAdvance", "ph":"E", "ts":"1765638351", "pid":"1", "tid":"cice"},
{"name":"ModelAdvance", "ph":"B", "ts":"1765750831", "pid":"1", "tid":"cice"},
{"name":"ModelAdvance", "ph":"E", "ts":"1766216043", "pid":"1", "tid":"cice"},
{"name":"ModelAdvance", "ph":"B", "ts":"1766902405", "pid":"1", "tid":"cice"},
{"name":"ModelAdvance", "ph":"E", "ts":"1767377387", "pid":"1", "tid":"cice"},
{"name":"ModelAdvance", "ph":"B", "ts":"1768155899", "pid":"1", "tid":"cice"},
{"name":"ModelAdvance", "ph":"E", "ts":"1768627986", "pid":"1", "tid":"cice"},
{"name":"ModelAdvance", "ph":"B", "ts":"1768750078", "pid":"1", "tid":"cice"},
{"name":"ModelAdvance", "ph":"E", "ts":"1769229524", "pid":"1", "tid":"cice"},
{"name":"ModelAdvance", "ph":"B", "ts":"1769347464", "pid":"1", "tid":"cice"},
{"name":"ModelAdvance", "ph":"E", "ts":"1769821542", "pid":"1", "tid":"cice"},
{"name":"ModelAdvance", "ph":"B", "ts":"1769943073", "pid":"1", "tid":"cice"},
{"name":"ModelAdvance", "ph":"E", "ts":"1770421696", "pid":"1", "tid":"cice"},
{"name":"ModelAdvance", "ph":"B", "ts":"1770538966", "pid":"1", "tid":"cice"},
{"name":"ModelAdvance", "ph":"E", "ts":"1771011734", "pid":"1", "tid":"cice"},
{"name":"ModelAdvance", "ph":"B", "ts":"1771134264", "pid":"1", "tid":"cice"},
{"name":"ModelAdvance", "ph":"E", "ts":"1771599374", "pid":"1", "tid":"cice"},
{"name":"ModelAdvance", "ph":"B", "ts":"1771727031", "pid":"1", "tid":"cice"},
{"name":"ModelAdvance", "ph":"E", "ts":"1772191558", "pid":"1", "tid":"cice"},
{"name":"ModelAdvance", "ph":"B", "ts":"1772323048", "pid":"1", "tid":"cice"},
{"name":"ModelAdvance", "ph":"E", "ts":"1772798148", "pid":"1", "tid":"cice"},
{"name":"ModelAdvance", "ph":"B", "ts":"1772914852", "pid":"1", "tid":"cice"},
{"name":"ModelAdvance", "ph":"E", "ts":"1773379082", "pid":"1", "tid":"cice"},
{"name":"ModelAdvance", "ph":"B", "ts":"1773511568", "pid":"1", "tid":"cice"},
{"name":"ModelAdvance", "ph":"E", "ts":"1773983993", "pid":"1", "tid":"cice"},
{"name":"ModelAdvance", "ph":"B", "ts":"1774109916", "pid":"1", "tid":"cice"},
{"name":"ModelAdvance", "ph":"E", "ts":"1774590148", "pid":"1", "tid":"cice"},
{"name":"ModelAdvance", "ph":"B", "ts":"1774722054", "pid":"1", "tid":"cice"},
{"name":"ModelAdvance", "ph":"E", "ts":"1775199951", "pid":"1", "tid":"cice"},
{"name":"ModelAdvance", "ph":"B", "ts":"1775326223", "pid":"1", "tid":"cice"},
{"name":"ModelAdvance", "ph":"E", "ts":"1775800646", "pid":"1", "tid":"cice"},
{"name":"ModelAdvance", "ph":"B", "ts":"1775921519", "pid":"1", "tid":"cice"},
{"name":"ModelAdvance", "ph":"E", "ts":"1776398908", "pid":"1", "tid":"cice"},
{"name":"ModelAdvance", "ph":"B", "ts":"1776517271", "pid":"1", "tid":"cice"},
{"name":"ModelAdvance", "ph":"E", "ts":"1776984174", "pid":"1", "tid":"cice"},
{"name":"ModelAdvance", "ph":"B", "ts":"1777111670", "pid":"1", "tid":"cice"},
{"name":"ModelAdvance", "ph":"E", "ts":"1777589662", "pid":"1", "tid":"cice"},
{"name":"ModelAdvance", "ph":"B", "ts":"1777706228", "pid":"1", "tid":"cice"},
{"name":"ModelAdvance", "ph":"E", "ts":"1778177856", "pid":"1", "tid":"cice"},
{"name":"ModelAdvance", "ph":"B", "ts":"1778305932", "pid":"1", "tid":"cice"},
{"name":"ModelAdvance", "ph":"E", "ts":"1778781737", "pid":"1", "tid":"cice"},
{"name":"ModelAdvance", "ph":"B", "ts":"1778898321", "pid":"1", "tid":"cice"},
{"name":"ModelAdvance", "ph":"E", "ts":"1779361739", "pid":"1", "tid":"cice"},
{"name":"ModelAdvance", "ph":"B", "ts":"1779489123", "pid":"1", "tid":"cice"},
{"name":"ModelAdvance", "ph":"E", "ts":"1779964219", "pid":"1", "tid":"cice"},
{"name":"ModelAdvance", "ph":"B", "ts":"1780088685", "pid":"1", "tid":"cice"},
{"name":"ModelAdvance", "ph":"E", "ts":"1780568899", "pid":"1", "tid":"cice"},
{"name":"ModelAdvance", "ph":"B", "ts":"1780687211", "pid":"1", "tid":"cice"},
{"name":"ModelAdvance", "ph":"E", "ts":"1781160985", "pid":"1", "tid":"cice"},
{"name":"ModelAdvance", "ph":"B", "ts":"1781288705", "pid":"1", "tid":"cice"},
{"name":"ModelAdvance", "ph":"E", "ts":"1781756388", "pid":"1", "tid":"cice"},
{"name":"ModelAdvance", "ph":"B", "ts":"1782465227", "pid":"1", "tid":"cice"},
{"name":"ModelAdvance", "ph":"E", "ts":"1782941067", "pid":"1", "tid":"cice"},
{"name":"ModelAdvance", "ph":"B", "ts":"1783701228", "pid":"1", "tid":"cice"},
{"name":"ModelAdvance", "ph":"E", "ts":"1784169519", "pid":"1", "tid":"cice"},
{"name":"ModelAdvance", "ph":"B", "ts":"1784296571", "pid":"1", "tid":"cice"},
{"name":"ModelAdvance", "ph":"E", "ts":"1784781102", "pid":"1", "tid":"cice"},
{"name":"ModelAdvance", "ph":"B", "ts":"1784891363", "pid":"1", "tid":"cice"},
{"name":"ModelAdvance", "ph":"E", "ts":"1785361500", "pid":"1", "tid":"cice"},
{"name":"ModelAdvance", "ph":"B", "ts":"1785488427", "pid":"1", "tid":"cice"},
{"name":"ModelAdvance", "ph":"E", "ts":"1785969573", "pid":"1", "tid":"cice"},
{"name":"ModelAdvance", "ph":"B", "ts":"1786087390", "pid":"1", "tid":"cice"},
{"name":"ModelAdvance", "ph":"E", "ts":"1786559211", "pid":"1", "tid":"cice"},
{"name":"ModelAdvance", "ph":"B", "ts":"1786683931", "pid":"1", "tid":"cice"},
{"name":"ModelAdvance", "ph":"E", "ts":"1787157432", "pid":"1", "tid":"cice"},
{"name":"ModelAdvance", "ph":"B", "ts":"1787286929", "pid":"1", "tid":"cice"},
{"name":"ModelAdvance", "ph":"E", "ts":"1787750653", "pid":"1", "tid":"cice"},
{"name":"ModelAdvance", "ph":"B", "ts":"1787904812", "pid":"1", "tid":"cice"},
{"name":"ModelAdvance", "ph":"E", "ts":"1788376144", "pid":"1", "tid":"cice"},
{"name":"ModelAdvance", "ph":"B", "ts":"1788537981", "pid":"1", "tid":"cice"},
{"name":"ModelAdvance", "ph":"E", "ts":"1789012784", "pid":"1", "tid":"cice"},
{"name":"ModelAdvance", "ph":"B", "ts":"1789160687", "pid":"1", "tid":"cice"},
{"name":"ModelAdvance", "ph":"E", "ts":"1789637482", "pid":"1", "tid":"cice"},
{"name":"ModelAdvance", "ph":"B", "ts":"1789759497", "pid":"1", "tid":"cice"},
{"name":"ModelAdvance", "ph":"E", "ts":"1790233055", "pid":"1", "tid":"cice"},
{"name":"ModelAdvance", "ph":"B", "ts":"1790380411", "pid":"1", "tid":"cice"},
{"name":"ModelAdvance", "ph":"E", "ts":"1790855645", "pid":"1", "tid":"cice"},
{"name":"ModelAdvance", "ph":"B", "ts":"1790983391", "pid":"1", "tid":"cice"},
{"name":"ModelAdvance", "ph":"E", "ts":"1791445384", "pid":"1", "tid":"cice"},
{"name":"ModelAdvance", "ph":"B", "ts":"1791599512", "pid":"1", "tid":"cice"},
{"name":"ModelAdvance", "ph":"E", "ts":"1792077844", "pid":"1", "tid":"cice"},
{"name":"ModelAdvance", "ph":"B", "ts":"1792193941", "pid":"1", "tid":"cice"},
{"name":"ModelAdvance", "ph":"E", "ts":"1792667389", "pid":"1", "tid":"cice"},
{"name":"ModelAdvance", "ph":"B", "ts":"1792790100", "pid":"1", "tid":"cice"},
{"name":"ModelAdvance", "ph":"E", "ts":"1793269601", "pid":"1", "tid":"cice"},
{"name":"ModelAdvance", "ph":"B", "ts":"1793393668", "pid":"1", "tid":"cice"},
{"name":"ModelAdvance", "ph":"E", "ts":"1793861298", "pid":"1", "tid":"cice"},
{"name":"ModelAdvance", "ph":"B", "ts":"1793989982", "pid":"1", "tid":"cice"},
{"name":"ModelAdvance", "ph":"E", "ts":"1794458430", "pid":"1", "tid":"cice"},
{"name":"ModelAdvance", "ph":"B", "ts":"1794609872", "pid":"1", "tid":"cice"},
{"name":"ModelAdvance", "ph":"E", "ts":"1795088123", "pid":"1", "tid":"cice"},
{"name":"ModelAdvance", "ph":"B", "ts":"1795212373", "pid":"1", "tid":"cice"},
{"name":"ModelAdvance", "ph":"E", "ts":"1795691414", "pid":"1", "tid":"cice"},
{"name":"ModelAdvance", "ph":"B", "ts":"1795821467", "pid":"1", "tid":"cice"},
{"name":"ModelAdvance", "ph":"E", "ts":"1796302034", "pid":"1", "tid":"cice"},
{"name":"ModelAdvance", "ph":"B", "ts":"1796420511", "pid":"1", "tid":"cice"},
{"name":"ModelAdvance", "ph":"E", "ts":"1796904169", "pid":"1", "tid":"cice"},
{"name":"ModelAdvance", "ph":"B", "ts":"1797024426", "pid":"1", "tid":"cice"},
{"name":"ModelAdvance", "ph":"E", "ts":"1797497184", "pid":"1", "tid":"cice"},
{"name":"ModelAdvance", "ph":"B", "ts":"1797948984", "pid":"1", "tid":"cice"},
{"name":"ModelAdvance", "ph":"E", "ts":"1798430861", "pid":"1", "tid":"cice"},
{"name":"ModelAdvance", "ph":"B", "ts":"1799218722", "pid":"1", "tid":"cice"},
{"name":"ModelAdvance", "ph":"E", "ts":"1799690266", "pid":"1", "tid":"cice"},
{"name":"ModelAdvance", "ph":"B", "ts":"1799818919", "pid":"1", "tid":"cice"},
{"name":"ModelAdvance", "ph":"E", "ts":"1800300519", "pid":"1", "tid":"cice"},
{"name":"ModelAdvance", "ph":"B", "ts":"1800423257", "pid":"1", "tid":"cice"},
{"name":"ModelAdvance", "ph":"E", "ts":"1800903202", "pid":"1", "tid":"cice"},
{"name":"ModelAdvance", "ph":"B", "ts":"1801023329", "pid":"1", "tid":"cice"},
{"name":"ModelAdvance", "ph":"E", "ts":"1801504385", "pid":"1", "tid":"cice"},
{"name":"ModelAdvance", "ph":"B", "ts":"1801622565", "pid":"1", "tid":"cice"},
{"name":"ModelAdvance", "ph":"E", "ts":"1802103304", "pid":"1", "tid":"cice"},
{"name":"ModelAdvance", "ph":"B", "ts":"1802218273", "pid":"1", "tid":"cice"},
{"name":"ModelAdvance", "ph":"E", "ts":"1802690044", "pid":"1", "tid":"cice"},
{"name":"ModelAdvance", "ph":"B", "ts":"1802817495", "pid":"1", "tid":"cice"},
{"name":"ModelAdvance", "ph":"E", "ts":"1803297223", "pid":"1", "tid":"cice"},
{"name":"ModelAdvance", "ph":"B", "ts":"1803416602", "pid":"1", "tid":"cice"},
{"name":"ModelAdvance", "ph":"E", "ts":"1803900361", "pid":"1", "tid":"cice"},
{"name":"ModelAdvance", "ph":"B", "ts":"1804022530", "pid":"1", "tid":"cice"},
{"name":"ModelAdvance", "ph":"E", "ts":"1804515656", "pid":"1", "tid":"cice"},
{"name":"ModelAdvance", "ph":"B", "ts":"1804634219", "pid":"1", "tid":"cice"},
{"name":"ModelAdvance", "ph":"E", "ts":"1805099401", "pid":"1", "tid":"cice"},
{"name":"ModelAdvance", "ph":"B", "ts":"1805248258", "pid":"1", "tid":"cice"},
{"name":"ModelAdvance", "ph":"E", "ts":"1805730250", "pid":"1", "tid":"cice"},
{"name":"ModelAdvance", "ph":"B", "ts":"1805863762", "pid":"1", "tid":"cice"},
{"name":"ModelAdvance", "ph":"E", "ts":"1806335204", "pid":"1", "tid":"cice"},
{"name":"ModelAdvance", "ph":"B", "ts":"1806466381", "pid":"1", "tid":"cice"},
{"name":"ModelAdvance", "ph":"E", "ts":"1806940993", "pid":"1", "tid":"cice"},
{"name":"ModelAdvance", "ph":"B", "ts":"1807062773", "pid":"1", "tid":"cice"},
{"name":"ModelAdvance", "ph":"E", "ts":"1807534888", "pid":"1", "tid":"cice"},
{"name":"ModelAdvance", "ph":"B", "ts":"1807661103", "pid":"1", "tid":"cice"},
{"name":"ModelAdvance", "ph":"E", "ts":"1808131367", "pid":"1", "tid":"cice"},
{"name":"ModelAdvance", "ph":"B", "ts":"1808274500", "pid":"1", "tid":"cice"},
{"name":"ModelAdvance", "ph":"E", "ts":"1808740362", "pid":"1", "tid":"cice"},
{"name":"ModelAdvance", "ph":"B", "ts":"1808883680", "pid":"1", "tid":"cice"},
{"name":"ModelAdvance", "ph":"E", "ts":"1809351795", "pid":"1", "tid":"cice"},
{"name":"ModelAdvance", "ph":"B", "ts":"1809484763", "pid":"1", "tid":"cice"},
{"name":"ModelAdvance", "ph":"E", "ts":"1809962490", "pid":"1", "tid":"cice"},
{"name":"ModelAdvance", "ph":"B", "ts":"1810113827", "pid":"1", "tid":"cice"},
{"name":"ModelAdvance", "ph":"E", "ts":"1810579969", "pid":"1", "tid":"cice"},
{"name":"ModelAdvance", "ph":"B", "ts":"1810732521", "pid":"1", "tid":"cice"},
{"name":"ModelAdvance", "ph":"E", "ts":"1811211490", "pid":"1", "tid":"cice"},
{"name":"ModelAdvance", "ph":"B", "ts":"1811346265", "pid":"1", "tid":"cice"},
{"name":"ModelAdvance", "ph":"E", "ts":"1811828478", "pid":"1", "tid":"cice"},
{"name":"ModelAdvance", "ph":"B", "ts":"1811946077", "pid":"1", "tid":"cice"},
{"name":"ModelAdvance", "ph":"E", "ts":"1812421006", "pid":"1", "tid":"cice"},
{"name":"ModelAdvance", "ph":"B", "ts":"1812551910", "pid":"1", "tid":"cice"},
{"name":"ModelAdvance", "ph":"E", "ts":"1813025818", "pid":"1", "tid":"cice"},
{"name":"ModelAdvance", "ph":"B", "ts":"1813290226", "pid":"1", "tid":"cice"},
{"name":"ModelAdvance", "ph":"E", "ts":"1813769669", "pid":"1", "tid":"cice"},
{"name":"ModelAdvance", "ph":"B", "ts":"1814522327", "pid":"1", "tid":"cice"},
{"name":"ModelAdvance", "ph":"E", "ts":"1814997855", "pid":"1", "tid":"cice"},
{"name":"ModelAdvance", "ph":"B", "ts":"1815129430", "pid":"1", "tid":"cice"},
{"name":"ModelAdvance", "ph":"E", "ts":"1815601522", "pid":"1", "tid":"cice"},
{"name":"ModelAdvance", "ph":"B", "ts":"1815773479", "pid":"1", "tid":"cice"},
{"name":"ModelAdvance", "ph":"E", "ts":"1816238509", "pid":"1", "tid":"cice"},
{"name":"ModelAdvance", "ph":"B", "ts":"1816442774", "pid":"1", "tid":"cice"},
{"name":"ModelAdvance", "ph":"E", "ts":"1816906166", "pid":"1", "tid":"cice"},
{"name":"ModelAdvance", "ph":"B", "ts":"1817041514", "pid":"1", "tid":"cice"},
{"name":"ModelAdvance", "ph":"E", "ts":"1817519269", "pid":"1", "tid":"cice"},
{"name":"ModelAdvance", "ph":"B", "ts":"1817643121", "pid":"1", "tid":"cice"},
{"name":"ModelAdvance", "ph":"E", "ts":"1818118312", "pid":"1", "tid":"cice"},
{"name":"ModelAdvance", "ph":"B", "ts":"1818242579", "pid":"1", "tid":"cice"},
{"name":"ModelAdvance", "ph":"E", "ts":"1818725439", "pid":"1", "tid":"cice"},
{"name":"ModelAdvance", "ph":"B", "ts":"1818845150", "pid":"1", "tid":"cice"},
{"name":"ModelAdvance", "ph":"E", "ts":"1819328299", "pid":"1", "tid":"cice"},
{"name":"ModelAdvance", "ph":"B", "ts":"1819448307", "pid":"1", "tid":"cice"},
{"name":"ModelAdvance", "ph":"E", "ts":"1819914469", "pid":"1", "tid":"cice"},
{"name":"ModelAdvance", "ph":"B", "ts":"1820045162", "pid":"1", "tid":"cice"},
{"name":"ModelAdvance", "ph":"E", "ts":"1820525013", "pid":"1", "tid":"cice"},
{"name":"ModelAdvance", "ph":"B", "ts":"1820641234", "pid":"1", "tid":"cice"},
{"name":"ModelAdvance", "ph":"E", "ts":"1821109295", "pid":"1", "tid":"cice"},
{"name":"ModelAdvance", "ph":"B", "ts":"1821250334", "pid":"1", "tid":"cice"},
{"name":"ModelAdvance", "ph":"E", "ts":"1821728473", "pid":"1", "tid":"cice"},
{"name":"ModelAdvance", "ph":"B", "ts":"1821850291", "pid":"1", "tid":"cice"},
{"name":"ModelAdvance", "ph":"E", "ts":"1822328182", "pid":"1", "tid":"cice"},
{"name":"ModelAdvance", "ph":"B", "ts":"1822446709", "pid":"1", "tid":"cice"},
{"name":"ModelAdvance", "ph":"E", "ts":"1822925348", "pid":"1", "tid":"cice"},
{"name":"ModelAdvance", "ph":"B", "ts":"1823046754", "pid":"1", "tid":"cice"},
{"name":"ModelAdvance", "ph":"E", "ts":"1823524142", "pid":"1", "tid":"cice"},
{"name":"ModelAdvance", "ph":"B", "ts":"1823643249", "pid":"1", "tid":"cice"},
{"name":"ModelAdvance", "ph":"E", "ts":"1824117678", "pid":"1", "tid":"cice"},
{"name":"ModelAdvance", "ph":"B", "ts":"1824244498", "pid":"1", "tid":"cice"},
{"name":"ModelAdvance", "ph":"E", "ts":"1824717657", "pid":"1", "tid":"cice"},
{"name":"ModelAdvance", "ph":"B", "ts":"1824843930", "pid":"1", "tid":"cice"},
{"name":"ModelAdvance", "ph":"E", "ts":"1825325205", "pid":"1", "tid":"cice"},
{"name":"ModelAdvance", "ph":"B", "ts":"1825442074", "pid":"1", "tid":"cice"},
{"name":"ModelAdvance", "ph":"E", "ts":"1825922459", "pid":"1", "tid":"cice"},
{"name":"ModelAdvance", "ph":"B", "ts":"1826041132", "pid":"1", "tid":"cice"},
{"name":"ModelAdvance", "ph":"E", "ts":"1826518915", "pid":"1", "tid":"cice"},
{"name":"ModelAdvance", "ph":"B", "ts":"1826658878", "pid":"1", "tid":"cice"},
{"name":"ModelAdvance", "ph":"E", "ts":"1827129384", "pid":"1", "tid":"cice"},
{"name":"ModelAdvance", "ph":"B", "ts":"1827254106", "pid":"1", "tid":"cice"},
{"name":"ModelAdvance", "ph":"E", "ts":"1827727695", "pid":"1", "tid":"cice"},
{"name":"ModelAdvance", "ph":"B", "ts":"1827852360", "pid":"1", "tid":"cice"},
{"name":"ModelAdvance", "ph":"E", "ts":"1828332294", "pid":"1", "tid":"cice"},
{"name":"ModelAdvance", "ph":"B", "ts":"1828566500", "pid":"1", "tid":"cice"},
{"name":"ModelAdvance", "ph":"E", "ts":"1829040211", "pid":"1", "tid":"cice"},
{"name":"ModelAdvance", "ph":"B", "ts":"1829844314", "pid":"1", "tid":"cice"},
{"name":"ModelAdvance", "ph":"E", "ts":"1830320734", "pid":"1", "tid":"cice"},
{"name":"ModelAdvance", "ph":"B", "ts":"1830445067", "pid":"1", "tid":"cice"},
{"name":"ModelAdvance", "ph":"E", "ts":"1830920146", "pid":"1", "tid":"cice"},
{"name":"ModelAdvance", "ph":"B", "ts":"1831042090", "pid":"1", "tid":"cice"},
{"name":"ModelAdvance", "ph":"E", "ts":"1831516470", "pid":"1", "tid":"cice"},
{"name":"ModelAdvance", "ph":"B", "ts":"1831644190", "pid":"1", "tid":"cice"},
{"name":"ModelAdvance", "ph":"E", "ts":"1832120293", "pid":"1", "tid":"cice"},
{"name":"ModelAdvance", "ph":"B", "ts":"1832243260", "pid":"1", "tid":"cice"},
{"name":"ModelAdvance", "ph":"E", "ts":"1832711515", "pid":"1", "tid":"cice"},
{"name":"ModelAdvance", "ph":"B", "ts":"1832842876", "pid":"1", "tid":"cice"},
{"name":"ModelAdvance", "ph":"E", "ts":"1833304750", "pid":"1", "tid":"cice"},
{"name":"ModelAdvance", "ph":"B", "ts":"1833441676", "pid":"1", "tid":"cice"},
{"name":"ModelAdvance", "ph":"E", "ts":"1833925720", "pid":"1", "tid":"cice"},
{"name":"ModelAdvance", "ph":"B", "ts":"1834049829", "pid":"1", "tid":"cice"},
{"name":"ModelAdvance", "ph":"E", "ts":"1834517835", "pid":"1", "tid":"cice"},
{"name":"ModelAdvance", "ph":"B", "ts":"1834642978", "pid":"1", "tid":"cice"},
{"name":"ModelAdvance", "ph":"E", "ts":"1835108623", "pid":"1", "tid":"cice"},
{"name":"ModelAdvance", "ph":"B", "ts":"1835242175", "pid":"1", "tid":"cice"},
{"name":"ModelAdvance", "ph":"E", "ts":"1835702635", "pid":"1", "tid":"cice"},
{"name":"ModelAdvance", "ph":"B", "ts":"1835842851", "pid":"1", "tid":"cice"},
{"name":"ModelAdvance", "ph":"E", "ts":"1836313056", "pid":"1", "tid":"cice"},
{"name":"ModelAdvance", "ph":"B", "ts":"1836448711", "pid":"1", "tid":"cice"},
{"name":"ModelAdvance", "ph":"E", "ts":"1836933807", "pid":"1", "tid":"cice"},
{"name":"ModelAdvance", "ph":"B", "ts":"1837049094", "pid":"1", "tid":"cice"},
{"name":"ModelAdvance", "ph":"E", "ts":"1837521170", "pid":"1", "tid":"cice"},
{"name":"ModelAdvance", "ph":"B", "ts":"1837648929", "pid":"1", "tid":"cice"},
{"name":"ModelAdvance", "ph":"E", "ts":"1838116815", "pid":"1", "tid":"cice"},
{"name":"ModelAdvance", "ph":"B", "ts":"1838283211", "pid":"1", "tid":"cice"},
{"name":"ModelAdvance", "ph":"E", "ts":"1838764054", "pid":"1", "tid":"cice"},
{"name":"ModelAdvance", "ph":"B", "ts":"1838885641", "pid":"1", "tid":"cice"},
{"name":"ModelAdvance", "ph":"E", "ts":"1839360972", "pid":"1", "tid":"cice"},
{"name":"ModelAdvance", "ph":"B", "ts":"1839488072", "pid":"1", "tid":"cice"},
{"name":"ModelAdvance", "ph":"E", "ts":"1839959578", "pid":"1", "tid":"cice"},
{"name":"ModelAdvance", "ph":"B", "ts":"1840084651", "pid":"1", "tid":"cice"},
{"name":"ModelAdvance", "ph":"E", "ts":"1840560656", "pid":"1", "tid":"cice"},
{"name":"ModelAdvance", "ph":"B", "ts":"1840681328", "pid":"1", "tid":"cice"},
{"name":"ModelAdvance", "ph":"E", "ts":"1841162266", "pid":"1", "tid":"cice"},
{"name":"ModelAdvance", "ph":"B", "ts":"1841278991", "pid":"1", "tid":"cice"},
{"name":"ModelAdvance", "ph":"E", "ts":"1841747183", "pid":"1", "tid":"cice"},
{"name":"ModelAdvance", "ph":"B", "ts":"1841875093", "pid":"1", "tid":"cice"},
{"name":"ModelAdvance", "ph":"E", "ts":"1842352335", "pid":"1", "tid":"cice"},
{"name":"ModelAdvance", "ph":"B", "ts":"1842504974", "pid":"1", "tid":"cice"},
{"name":"ModelAdvance", "ph":"E", "ts":"1842981043", "pid":"1", "tid":"cice"},
{"name":"ModelAdvance", "ph":"B", "ts":"1843103376", "pid":"1", "tid":"cice"},
{"name":"ModelAdvance", "ph":"E", "ts":"1843677406", "pid":"1", "tid":"cice"},
{"name":"ModelAdvance", "ph":"B", "ts":"1843747115", "pid":"1", "tid":"cice"},
{"name":"ModelAdvance", "ph":"E", "ts":"1844216723", "pid":"1", "tid":"cice"},
{"name":"ModelAdvance", "ph":"B", "ts":"1844994181", "pid":"1", "tid":"cice"},
{"name":"ModelAdvance", "ph":"E", "ts":"1845462662", "pid":"1", "tid":"cice"},
{"name":"ModelAdvance", "ph":"B", "ts":"1845591207", "pid":"1", "tid":"cice"},
{"name":"ModelAdvance", "ph":"E", "ts":"1846063672", "pid":"1", "tid":"cice"},
{"name":"ModelAdvance", "ph":"B", "ts":"1846192910", "pid":"1", "tid":"cice"},
{"name":"ModelAdvance", "ph":"E", "ts":"1846655844", "pid":"1", "tid":"cice"},
{"name":"ModelAdvance", "ph":"B", "ts":"1846791106", "pid":"1", "tid":"cice"},
{"name":"ModelAdvance", "ph":"E", "ts":"1847266577", "pid":"1", "tid":"cice"},
{"name":"ModelAdvance", "ph":"B", "ts":"1847391279", "pid":"1", "tid":"cice"},
{"name":"ModelAdvance", "ph":"E", "ts":"1847866593", "pid":"1", "tid":"cice"},
{"name":"ModelAdvance", "ph":"B", "ts":"1847991809", "pid":"1", "tid":"cice"},
{"name":"ModelAdvance", "ph":"E", "ts":"1848475820", "pid":"1", "tid":"cice"},
{"name":"ModelAdvance", "ph":"B", "ts":"1848594209", "pid":"1", "tid":"cice"},
{"name":"ModelAdvance", "ph":"E", "ts":"1849073210", "pid":"1", "tid":"cice"},
{"name":"ModelAdvance", "ph":"B", "ts":"1849190416", "pid":"1", "tid":"cice"},
{"name":"ModelAdvance", "ph":"E", "ts":"1849668147", "pid":"1", "tid":"cice"},
{"name":"ModelAdvance", "ph":"B", "ts":"1849791027", "pid":"1", "tid":"cice"},
{"name":"ModelAdvance", "ph":"E", "ts":"1850272166", "pid":"1", "tid":"cice"},
{"name":"ModelAdvance", "ph":"B", "ts":"1850391856", "pid":"1", "tid":"cice"},
{"name":"ModelAdvance", "ph":"E", "ts":"1850873856", "pid":"1", "tid":"cice"},
{"name":"ModelAdvance", "ph":"B", "ts":"1850992886", "pid":"1", "tid":"cice"},
{"name":"ModelAdvance", "ph":"E", "ts":"1851467998", "pid":"1", "tid":"cice"},
{"name":"ModelAdvance", "ph":"B", "ts":"1851598137", "pid":"1", "tid":"cice"},
{"name":"ModelAdvance", "ph":"E", "ts":"1852072698", "pid":"1", "tid":"cice"},
{"name":"ModelAdvance", "ph":"B", "ts":"1852196349", "pid":"1", "tid":"cice"},
{"name":"ModelAdvance", "ph":"E", "ts":"1852668731", "pid":"1", "tid":"cice"},
{"name":"ModelAdvance", "ph":"B", "ts":"1852796896", "pid":"1", "tid":"cice"},
{"name":"ModelAdvance", "ph":"E", "ts":"1853263795", "pid":"1", "tid":"cice"},
{"name":"ModelAdvance", "ph":"B", "ts":"1853419103", "pid":"1", "tid":"cice"},
{"name":"ModelAdvance", "ph":"E", "ts":"1853896392", "pid":"1", "tid":"cice"},
{"name":"ModelAdvance", "ph":"B", "ts":"1854018481", "pid":"1", "tid":"cice"},
{"name":"ModelAdvance", "ph":"E", "ts":"1854490014", "pid":"1", "tid":"cice"},
{"name":"ModelAdvance", "ph":"B", "ts":"1854614365", "pid":"1", "tid":"cice"},
{"name":"ModelAdvance", "ph":"E", "ts":"1855091236", "pid":"1", "tid":"cice"},
{"name":"ModelAdvance", "ph":"B", "ts":"1855212563", "pid":"1", "tid":"cice"},
{"name":"ModelAdvance", "ph":"E", "ts":"1855686665", "pid":"1", "tid":"cice"},
{"name":"ModelAdvance", "ph":"B", "ts":"1855810887", "pid":"1", "tid":"cice"},
{"name":"ModelAdvance", "ph":"E", "ts":"1856280930", "pid":"1", "tid":"cice"},
{"name":"ModelAdvance", "ph":"B", "ts":"1856412697", "pid":"1", "tid":"cice"},
{"name":"ModelAdvance", "ph":"E", "ts":"1856881751", "pid":"1", "tid":"cice"},
{"name":"ModelAdvance", "ph":"B", "ts":"1857012305", "pid":"1", "tid":"cice"},
{"name":"ModelAdvance", "ph":"E", "ts":"1857481038", "pid":"1", "tid":"cice"},
{"name":"ModelAdvance", "ph":"B", "ts":"1857610375", "pid":"1", "tid":"cice"},
{"name":"ModelAdvance", "ph":"E", "ts":"1858075489", "pid":"1", "tid":"cice"},
{"name":"ModelAdvance", "ph":"B", "ts":"1858210600", "pid":"1", "tid":"cice"},
{"name":"ModelAdvance", "ph":"E", "ts":"1858684443", "pid":"1", "tid":"cice"},
{"name":"ModelAdvance", "ph":"B", "ts":"1858821393", "pid":"1", "tid":"cice"},
{"name":"ModelAdvance", "ph":"E", "ts":"1859291692", "pid":"1", "tid":"cice"},
{"name":"ModelAdvance", "ph":"B", "ts":"1860063137", "pid":"1", "tid":"cice"},
{"name":"ModelAdvance", "ph":"E", "ts":"1860542451", "pid":"1", "tid":"cice"},
{"name":"ModelAdvance", "ph":"B", "ts":"1860666585", "pid":"1", "tid":"cice"},
{"name":"ModelAdvance", "ph":"E", "ts":"1861145749", "pid":"1", "tid":"cice"},
{"name":"ModelAdvance", "ph":"B", "ts":"1861262458", "pid":"1", "tid":"cice"},
{"name":"ModelAdvance", "ph":"E", "ts":"1861741515", "pid":"1", "tid":"cice"},
{"name":"ModelAdvance", "ph":"B", "ts":"1861863225", "pid":"1", "tid":"cice"},
{"name":"ModelAdvance", "ph":"E", "ts":"1862339230", "pid":"1", "tid":"cice"},
{"name":"ModelAdvance", "ph":"B", "ts":"1862496445", "pid":"1", "tid":"cice"},
{"name":"ModelAdvance", "ph":"E", "ts":"1862988043", "pid":"1", "tid":"cice"},
{"name":"ModelAdvance", "ph":"B", "ts":"1863098040", "pid":"1", "tid":"cice"},
{"name":"ModelAdvance", "ph":"E", "ts":"1863572589", "pid":"1", "tid":"cice"},
{"name":"ModelAdvance", "ph":"B", "ts":"1863695827", "pid":"1", "tid":"cice"},
{"name":"ModelAdvance", "ph":"E", "ts":"1864170536", "pid":"1", "tid":"cice"},
{"name":"ModelAdvance", "ph":"B", "ts":"1864670617", "pid":"1", "tid":"cice"},
{"name":"ModelAdvance", "ph":"E", "ts":"1865140819", "pid":"1", "tid":"cice"},
{"name":"ModelAdvance", "ph":"B", "ts":"1865270020", "pid":"1", "tid":"cice"},
{"name":"ModelAdvance", "ph":"E", "ts":"1865742145", "pid":"1", "tid":"cice"},
{"name":"ModelAdvance", "ph":"B", "ts":"1865870306", "pid":"1", "tid":"cice"},
{"name":"ModelAdvance", "ph":"E", "ts":"1866354088", "pid":"1", "tid":"cice"},
{"name":"ModelAdvance", "ph":"B", "ts":"1866469723", "pid":"1", "tid":"cice"},
{"name":"ModelAdvance", "ph":"E", "ts":"1866949288", "pid":"1", "tid":"cice"},
{"name":"ModelAdvance", "ph":"B", "ts":"1867078765", "pid":"1", "tid":"cice"},
{"name":"ModelAdvance", "ph":"E", "ts":"1867559995", "pid":"1", "tid":"cice"},
{"name":"ModelAdvance", "ph":"B", "ts":"1867679620", "pid":"1", "tid":"cice"},
{"name":"ModelAdvance", "ph":"E", "ts":"1868159816", "pid":"1", "tid":"cice"},
{"name":"ModelAdvance", "ph":"B", "ts":"1868278099", "pid":"1", "tid":"cice"},
{"name":"ModelAdvance", "ph":"E", "ts":"1868760680", "pid":"1", "tid":"cice"},
{"name":"ModelAdvance", "ph":"B", "ts":"1868878376", "pid":"1", "tid":"cice"},
{"name":"ModelAdvance", "ph":"E", "ts":"1869354288", "pid":"1", "tid":"cice"},
{"name":"ModelAdvance", "ph":"B", "ts":"1869477840", "pid":"1", "tid":"cice"},
{"name":"ModelAdvance", "ph":"E", "ts":"1869941973", "pid":"1", "tid":"cice"},
{"name":"ModelAdvance", "ph":"B", "ts":"1870073022", "pid":"1", "tid":"cice"},
{"name":"ModelAdvance", "ph":"E", "ts":"1870551309", "pid":"1", "tid":"cice"},
{"name":"ModelAdvance", "ph":"B", "ts":"1870672631", "pid":"1", "tid":"cice"},
{"name":"ModelAdvance", "ph":"E", "ts":"1871151554", "pid":"1", "tid":"cice"},
{"name":"ModelAdvance", "ph":"B", "ts":"1871272335", "pid":"1", "tid":"cice"},
{"name":"ModelAdvance", "ph":"E", "ts":"1871745348", "pid":"1", "tid":"cice"},
{"name":"ModelAdvance", "ph":"B", "ts":"1871872145", "pid":"1", "tid":"cice"},
{"name":"ModelAdvance", "ph":"E", "ts":"1872348045", "pid":"1", "tid":"cice"},
{"name":"ModelAdvance", "ph":"B", "ts":"1872473448", "pid":"1", "tid":"cice"},
{"name":"ModelAdvance", "ph":"E", "ts":"1872943039", "pid":"1", "tid":"cice"},
{"name":"ModelAdvance", "ph":"B", "ts":"1873072588", "pid":"1", "tid":"cice"},
{"name":"ModelAdvance", "ph":"E", "ts":"1873541295", "pid":"1", "tid":"cice"},
{"name":"ModelAdvance", "ph":"B", "ts":"1873672083", "pid":"1", "tid":"cice"},
{"name":"ModelAdvance", "ph":"E", "ts":"1874150593", "pid":"1", "tid":"cice"},
{"name":"ModelAdvance", "ph":"B", "ts":"1874282696", "pid":"1", "tid":"cice"},
{"name":"ModelAdvance", "ph":"E", "ts":"1874761910", "pid":"1", "tid":"cice"},
{"name":"ModelAdvance", "ph":"B", "ts":"1875581397", "pid":"1", "tid":"cice"},
{"name":"ModelAdvance", "ph":"E", "ts":"1876054116", "pid":"1", "tid":"cice"},
{"name":"ModelAdvance", "ph":"B", "ts":"1876178502", "pid":"1", "tid":"cice"},
{"name":"ModelAdvance", "ph":"E", "ts":"1876644144", "pid":"1", "tid":"cice"},
{"name":"ModelAdvance", "ph":"B", "ts":"1876780577", "pid":"1", "tid":"cice"},
{"name":"ModelAdvance", "ph":"E", "ts":"1877256359", "pid":"1", "tid":"cice"},
{"name":"ModelAdvance", "ph":"B", "ts":"1877381595", "pid":"1", "tid":"cice"},
{"name":"ModelAdvance", "ph":"E", "ts":"1877859117", "pid":"1", "tid":"cice"},
{"name":"ModelAdvance", "ph":"B", "ts":"1877980146", "pid":"1", "tid":"cice"},
{"name":"ModelAdvance", "ph":"E", "ts":"1878459058", "pid":"1", "tid":"cice"},
{"name":"ModelAdvance", "ph":"B", "ts":"1878582765", "pid":"1", "tid":"cice"},
{"name":"ModelAdvance", "ph":"E", "ts":"1879063121", "pid":"1", "tid":"cice"},
{"name":"ModelAdvance", "ph":"B", "ts":"1879183488", "pid":"1", "tid":"cice"},
{"name":"ModelAdvance", "ph":"E", "ts":"1879657284", "pid":"1", "tid":"cice"},
{"name":"ModelAdvance", "ph":"B", "ts":"1879781148", "pid":"1", "tid":"cice"},
{"name":"ModelAdvance", "ph":"E", "ts":"1880256389", "pid":"1", "tid":"cice"},
{"name":"ModelAdvance", "ph":"B", "ts":"1880378186", "pid":"1", "tid":"cice"},
{"name":"ModelAdvance", "ph":"E", "ts":"1880858810", "pid":"1", "tid":"cice"},
{"name":"ModelAdvance", "ph":"B", "ts":"1880978329", "pid":"1", "tid":"cice"},
{"name":"ModelAdvance", "ph":"E", "ts":"1881460890", "pid":"1", "tid":"cice"},
{"name":"ModelAdvance", "ph":"B", "ts":"1881578519", "pid":"1", "tid":"cice"},
{"name":"ModelAdvance", "ph":"E", "ts":"1882053447", "pid":"1", "tid":"cice"},
{"name":"ModelAdvance", "ph":"B", "ts":"1882190900", "pid":"1", "tid":"cice"},
{"name":"ModelAdvance", "ph":"E", "ts":"1882670140", "pid":"1", "tid":"cice"},
{"name":"ModelAdvance", "ph":"B", "ts":"1882789496", "pid":"1", "tid":"cice"},
{"name":"ModelAdvance", "ph":"E", "ts":"1883265626", "pid":"1", "tid":"cice"},
{"name":"ModelAdvance", "ph":"B", "ts":"1883387158", "pid":"1", "tid":"cice"},
{"name":"ModelAdvance", "ph":"E", "ts":"1883868429", "pid":"1", "tid":"cice"},
{"name":"ModelAdvance", "ph":"B", "ts":"1883985817", "pid":"1", "tid":"cice"},
{"name":"ModelAdvance", "ph":"E", "ts":"1884464031", "pid":"1", "tid":"cice"},
{"name":"ModelAdvance", "ph":"B", "ts":"1884583584", "pid":"1", "tid":"cice"},
{"name":"ModelAdvance", "ph":"E", "ts":"1885056234", "pid":"1", "tid":"cice"},
{"name":"ModelAdvance", "ph":"B", "ts":"1885185423", "pid":"1", "tid":"cice"},
{"name":"ModelAdvance", "ph":"E", "ts":"1885663719", "pid":"1", "tid":"cice"},
{"name":"ModelAdvance", "ph":"B", "ts":"1885784226", "pid":"1", "tid":"cice"},
{"name":"ModelAdvance", "ph":"E", "ts":"1886263467", "pid":"1", "tid":"cice"},
{"name":"ModelAdvance", "ph":"B", "ts":"1886378786", "pid":"1", "tid":"cice"},
{"name":"ModelAdvance", "ph":"E", "ts":"1886845158", "pid":"1", "tid":"cice"},
{"name":"ModelAdvance", "ph":"B", "ts":"1886977210", "pid":"1", "tid":"cice"},
{"name":"ModelAdvance", "ph":"E", "ts":"1887457732", "pid":"1", "tid":"cice"},
{"name":"ModelAdvance", "ph":"B", "ts":"1887574138", "pid":"1", "tid":"cice"},
{"name":"ModelAdvance", "ph":"E", "ts":"1888049003", "pid":"1", "tid":"cice"},
{"name":"ModelAdvance", "ph":"B", "ts":"1888185606", "pid":"1", "tid":"cice"},
{"name":"ModelAdvance", "ph":"E", "ts":"1888661761", "pid":"1", "tid":"cice"},
{"name":"ModelAdvance", "ph":"B", "ts":"1888783993", "pid":"1", "tid":"cice"},
{"name":"ModelAdvance", "ph":"E", "ts":"1889263471", "pid":"1", "tid":"cice"},
{"name":"ModelAdvance", "ph":"B", "ts":"1889426200", "pid":"1", "tid":"cice"},
{"name":"ModelAdvance", "ph":"E", "ts":"1889894064", "pid":"1", "tid":"cice"},
{"name":"ModelAdvance", "ph":"B", "ts":"1890723383", "pid":"1", "tid":"cice"},
{"name":"ModelAdvance", "ph":"E", "ts":"1891200470", "pid":"1", "tid":"cice"},
{"name":"ModelAdvance", "ph":"B", "ts":"1891328255", "pid":"1", "tid":"cice"},
{"name":"ModelAdvance", "ph":"E", "ts":"1891799343", "pid":"1", "tid":"cice"},
{"name":"ModelAdvance", "ph":"B", "ts":"1891928003", "pid":"1", "tid":"cice"},
{"name":"ModelAdvance", "ph":"E", "ts":"1892405775", "pid":"1", "tid":"cice"},
{"name":"ModelAdvance", "ph":"B", "ts":"1892521808", "pid":"1", "tid":"cice"},
{"name":"ModelAdvance", "ph":"E", "ts":"1892983466", "pid":"1", "tid":"cice"},
{"name":"ModelAdvance", "ph":"B", "ts":"1893125920", "pid":"1", "tid":"cice"},
{"name":"ModelAdvance", "ph":"E", "ts":"1893607196", "pid":"1", "tid":"cice"},
{"name":"ModelAdvance", "ph":"B", "ts":"1893730885", "pid":"1", "tid":"cice"},
{"name":"ModelAdvance", "ph":"E", "ts":"1894206367", "pid":"1", "tid":"cice"},
{"name":"ModelAdvance", "ph":"B", "ts":"1894336283", "pid":"1", "tid":"cice"},
{"name":"ModelAdvance", "ph":"E", "ts":"1894815088", "pid":"1", "tid":"cice"},
{"name":"ModelAdvance", "ph":"B", "ts":"1894935714", "pid":"1", "tid":"cice"},
{"name":"ModelAdvance", "ph":"E", "ts":"1895412093", "pid":"1", "tid":"cice"},
{"name":"ModelAdvance", "ph":"B", "ts":"1895531242", "pid":"1", "tid":"cice"},
{"name":"ModelAdvance", "ph":"E", "ts":"1896006506", "pid":"1", "tid":"cice"},
{"name":"ModelAdvance", "ph":"B", "ts":"1896127146", "pid":"1", "tid":"cice"},
{"name":"ModelAdvance", "ph":"E", "ts":"1896585812", "pid":"1", "tid":"cice"},
{"name":"ModelAdvance", "ph":"B", "ts":"1896723115", "pid":"1", "tid":"cice"},
{"name":"ModelAdvance", "ph":"E", "ts":"1897201171", "pid":"1", "tid":"cice"},
{"name":"ModelAdvance", "ph":"B", "ts":"1897374429", "pid":"1", "tid":"cice"},
{"name":"ModelAdvance", "ph":"E", "ts":"1897855223", "pid":"1", "tid":"cice"},
{"name":"ModelAdvance", "ph":"B", "ts":"1897973775", "pid":"1", "tid":"cice"},
{"name":"ModelAdvance", "ph":"E", "ts":"1898450623", "pid":"1", "tid":"cice"},
{"name":"ModelAdvance", "ph":"B", "ts":"1898567867", "pid":"1", "tid":"cice"},
{"name":"ModelAdvance", "ph":"E", "ts":"1899040809", "pid":"1", "tid":"cice"},
{"name":"ModelAdvance", "ph":"B", "ts":"1899168913", "pid":"1", "tid":"cice"},
{"name":"ModelAdvance", "ph":"E", "ts":"1899648128", "pid":"1", "tid":"cice"},
{"name":"ModelAdvance", "ph":"B", "ts":"1899774499", "pid":"1", "tid":"cice"},
{"name":"ModelAdvance", "ph":"E", "ts":"1900253763", "pid":"1", "tid":"cice"},
{"name":"ModelAdvance", "ph":"B", "ts":"1900367856", "pid":"1", "tid":"cice"},
{"name":"ModelAdvance", "ph":"E", "ts":"1900840727", "pid":"1", "tid":"cice"},
{"name":"ModelAdvance", "ph":"B", "ts":"1900972442", "pid":"1", "tid":"cice"},
{"name":"ModelAdvance", "ph":"E", "ts":"1901445901", "pid":"1", "tid":"cice"},
{"name":"ModelAdvance", "ph":"B", "ts":"1901565374", "pid":"1", "tid":"cice"},
{"name":"ModelAdvance", "ph":"E", "ts":"1902041767", "pid":"1", "tid":"cice"},
{"name":"ModelAdvance", "ph":"B", "ts":"1902157677", "pid":"1", "tid":"cice"},
{"name":"ModelAdvance", "ph":"E", "ts":"1902632480", "pid":"1", "tid":"cice"},
{"name":"ModelAdvance", "ph":"B", "ts":"1902758336", "pid":"1", "tid":"cice"},
{"name":"ModelAdvance", "ph":"E", "ts":"1903236189", "pid":"1", "tid":"cice"},
{"name":"ModelAdvance", "ph":"B", "ts":"1903352766", "pid":"1", "tid":"cice"},
{"name":"ModelAdvance", "ph":"E", "ts":"1903831844", "pid":"1", "tid":"cice"},
{"name":"ModelAdvance", "ph":"B", "ts":"1903952078", "pid":"1", "tid":"cice"},
{"name":"ModelAdvance", "ph":"E", "ts":"1904431584", "pid":"1", "tid":"cice"},
{"name":"ModelAdvance", "ph":"B", "ts":"1904564640", "pid":"1", "tid":"cice"},
{"name":"ModelAdvance", "ph":"E", "ts":"1905042177", "pid":"1", "tid":"cice"},
{"name":"ModelAdvance", "ph":"B", "ts":"1905873565", "pid":"1", "tid":"cice"},
{"name":"ModelAdvance", "ph":"E", "ts":"1906337984", "pid":"1", "tid":"cice"},
{"name":"ModelAdvance", "ph":"B", "ts":"1906473423", "pid":"1", "tid":"cice"},
{"name":"ModelAdvance", "ph":"E", "ts":"1906941431", "pid":"1", "tid":"cice"},
{"name":"ModelAdvance", "ph":"B", "ts":"1907077633", "pid":"1", "tid":"cice"},
{"name":"ModelAdvance", "ph":"E", "ts":"1907544579", "pid":"1", "tid":"cice"},
{"name":"ModelAdvance", "ph":"B", "ts":"1907677634", "pid":"1", "tid":"cice"},
{"name":"ModelAdvance", "ph":"E", "ts":"1908146719", "pid":"1", "tid":"cice"},
{"name":"ModelAdvance", "ph":"B", "ts":"1908274665", "pid":"1", "tid":"cice"},
{"name":"ModelAdvance", "ph":"E", "ts":"1908747739", "pid":"1", "tid":"cice"},
{"name":"ModelAdvance", "ph":"B", "ts":"1908873983", "pid":"1", "tid":"cice"},
{"name":"ModelAdvance", "ph":"E", "ts":"1909373877", "pid":"1", "tid":"cice"},
{"name":"ModelAdvance", "ph":"B", "ts":"1909511117", "pid":"1", "tid":"cice"},
{"name":"ModelAdvance", "ph":"E", "ts":"1909980347", "pid":"1", "tid":"cice"},
{"name":"ModelAdvance", "ph":"B", "ts":"1910113167", "pid":"1", "tid":"cice"},
{"name":"ModelAdvance", "ph":"E", "ts":"1910584440", "pid":"1", "tid":"cice"},
{"name":"ModelAdvance", "ph":"B", "ts":"1910707971", "pid":"1", "tid":"cice"},
{"name":"ModelAdvance", "ph":"E", "ts":"1911178356", "pid":"1", "tid":"cice"},
{"name":"ModelAdvance", "ph":"B", "ts":"1911310110", "pid":"1", "tid":"cice"},
{"name":"ModelAdvance", "ph":"E", "ts":"1911781802", "pid":"1", "tid":"cice"},
{"name":"ModelAdvance", "ph":"B", "ts":"1911905312", "pid":"1", "tid":"cice"},
{"name":"ModelAdvance", "ph":"E", "ts":"1912365176", "pid":"1", "tid":"cice"},
{"name":"ModelAdvance", "ph":"B", "ts":"1912512652", "pid":"1", "tid":"cice"},
{"name":"ModelAdvance", "ph":"E", "ts":"1912978127", "pid":"1", "tid":"cice"},
{"name":"ModelAdvance", "ph":"B", "ts":"1913107157", "pid":"1", "tid":"cice"},
{"name":"ModelAdvance", "ph":"E", "ts":"1913577365", "pid":"1", "tid":"cice"},
{"name":"ModelAdvance", "ph":"B", "ts":"1913706539", "pid":"1", "tid":"cice"},
{"name":"ModelAdvance", "ph":"E", "ts":"1914177519", "pid":"1", "tid":"cice"},
{"name":"ModelAdvance", "ph":"B", "ts":"1914305903", "pid":"1", "tid":"cice"},
{"name":"ModelAdvance", "ph":"E", "ts":"1914771035", "pid":"1", "tid":"cice"},
{"name":"ModelAdvance", "ph":"B", "ts":"1914904520", "pid":"1", "tid":"cice"},
{"name":"ModelAdvance", "ph":"E", "ts":"1915371751", "pid":"1", "tid":"cice"},
{"name":"ModelAdvance", "ph":"B", "ts":"1915499159", "pid":"1", "tid":"cice"},
{"name":"ModelAdvance", "ph":"E", "ts":"1915967856", "pid":"1", "tid":"cice"},
{"name":"ModelAdvance", "ph":"B", "ts":"1916098408", "pid":"1", "tid":"cice"},
{"name":"ModelAdvance", "ph":"E", "ts":"1916565055", "pid":"1", "tid":"cice"},
{"name":"ModelAdvance", "ph":"B", "ts":"1916699279", "pid":"1", "tid":"cice"},
{"name":"ModelAdvance", "ph":"E", "ts":"1917154525", "pid":"1", "tid":"cice"},
{"name":"ModelAdvance", "ph":"B", "ts":"1917286837", "pid":"1", "tid":"cice"},
{"name":"ModelAdvance", "ph":"E", "ts":"1917755663", "pid":"1", "tid":"cice"},
{"name":"ModelAdvance", "ph":"B", "ts":"1917888404", "pid":"1", "tid":"cice"},
{"name":"ModelAdvance", "ph":"E", "ts":"1918344600", "pid":"1", "tid":"cice"},
{"name":"ModelAdvance", "ph":"B", "ts":"1918484188", "pid":"1", "tid":"cice"},
{"name":"ModelAdvance", "ph":"E", "ts":"1918952275", "pid":"1", "tid":"cice"},
{"name":"ModelAdvance", "ph":"B", "ts":"1919088333", "pid":"1", "tid":"cice"},
{"name":"ModelAdvance", "ph":"E", "ts":"1919547735", "pid":"1", "tid":"cice"},
{"name":"ModelAdvance", "ph":"B", "ts":"1919695402", "pid":"1", "tid":"cice"},
{"name":"ModelAdvance", "ph":"E", "ts":"1920165778", "pid":"1", "tid":"cice"},
{"name":"ModelAdvance", "ph":"B", "ts":"1920975913", "pid":"1", "tid":"cice"},
{"name":"ModelAdvance", "ph":"E", "ts":"1921466266", "pid":"1", "tid":"cice"},
{"name":"ModelAdvance", "ph":"B", "ts":"1921593263", "pid":"1", "tid":"cice"},
{"name":"ModelAdvance", "ph":"E", "ts":"1922068350", "pid":"1", "tid":"cice"},
{"name":"ModelAdvance", "ph":"B", "ts":"1922188913", "pid":"1", "tid":"cice"},
{"name":"ModelAdvance", "ph":"E", "ts":"1922649983", "pid":"1", "tid":"cice"},
{"name":"ModelAdvance", "ph":"B", "ts":"1922786621", "pid":"1", "tid":"cice"},
{"name":"ModelAdvance", "ph":"E", "ts":"1923249283", "pid":"1", "tid":"cice"},
{"name":"ModelAdvance", "ph":"B", "ts":"1923377918", "pid":"1", "tid":"cice"},
{"name":"ModelAdvance", "ph":"E", "ts":"1923847349", "pid":"1", "tid":"cice"},
{"name":"ModelAdvance", "ph":"B", "ts":"1923973321", "pid":"1", "tid":"cice"},
{"name":"ModelAdvance", "ph":"E", "ts":"1924432420", "pid":"1", "tid":"cice"},
{"name":"ModelAdvance", "ph":"B", "ts":"1924569207", "pid":"1", "tid":"cice"},
{"name":"ModelAdvance", "ph":"E", "ts":"1925038354", "pid":"1", "tid":"cice"},
{"name":"ModelAdvance", "ph":"B", "ts":"1925164098", "pid":"1", "tid":"cice"},
{"name":"ModelAdvance", "ph":"E", "ts":"1925626585", "pid":"1", "tid":"cice"},
{"name":"ModelAdvance", "ph":"B", "ts":"1925763868", "pid":"1", "tid":"cice"},
{"name":"ModelAdvance", "ph":"E", "ts":"1926228780", "pid":"1", "tid":"cice"},
{"name":"ModelAdvance", "ph":"B", "ts":"1926358622", "pid":"1", "tid":"cice"},
{"name":"ModelAdvance", "ph":"E", "ts":"1926823507", "pid":"1", "tid":"cice"},
{"name":"ModelAdvance", "ph":"B", "ts":"1926954205", "pid":"1", "tid":"cice"},
{"name":"ModelAdvance", "ph":"E", "ts":"1927414124", "pid":"1", "tid":"cice"},
{"name":"ModelAdvance", "ph":"B", "ts":"1927561846", "pid":"1", "tid":"cice"},
{"name":"ModelAdvance", "ph":"E", "ts":"1928032192", "pid":"1", "tid":"cice"},
{"name":"ModelAdvance", "ph":"B", "ts":"1928157995", "pid":"1", "tid":"cice"},
{"name":"ModelAdvance", "ph":"E", "ts":"1928622128", "pid":"1", "tid":"cice"},
{"name":"ModelAdvance", "ph":"B", "ts":"1928751141", "pid":"1", "tid":"cice"},
{"name":"ModelAdvance", "ph":"E", "ts":"1929214451", "pid":"1", "tid":"cice"},
{"name":"ModelAdvance", "ph":"B", "ts":"1929348985", "pid":"1", "tid":"cice"},
{"name":"ModelAdvance", "ph":"E", "ts":"1929814259", "pid":"1", "tid":"cice"},
{"name":"ModelAdvance", "ph":"B", "ts":"1929946874", "pid":"1", "tid":"cice"},
{"name":"ModelAdvance", "ph":"E", "ts":"1930414805", "pid":"1", "tid":"cice"},
{"name":"ModelAdvance", "ph":"B", "ts":"1930540562", "pid":"1", "tid":"cice"},
{"name":"ModelAdvance", "ph":"E", "ts":"1931024642", "pid":"1", "tid":"cice"},
{"name":"ModelAdvance", "ph":"B", "ts":"1931140007", "pid":"1", "tid":"cice"},
{"name":"ModelAdvance", "ph":"E", "ts":"1931607227", "pid":"1", "tid":"cice"},
{"name":"ModelAdvance", "ph":"B", "ts":"1931732512", "pid":"1", "tid":"cice"},
{"name":"ModelAdvance", "ph":"E", "ts":"1932201000", "pid":"1", "tid":"cice"},
{"name":"ModelAdvance", "ph":"B", "ts":"1932323010", "pid":"1", "tid":"cice"},
{"name":"ModelAdvance", "ph":"E", "ts":"1932790865", "pid":"1", "tid":"cice"},
{"name":"ModelAdvance", "ph":"B", "ts":"1932918499", "pid":"1", "tid":"cice"},
{"name":"ModelAdvance", "ph":"E", "ts":"1933386589", "pid":"1", "tid":"cice"},
{"name":"ModelAdvance", "ph":"B", "ts":"1933517037", "pid":"1", "tid":"cice"},
{"name":"ModelAdvance", "ph":"E", "ts":"1933987256", "pid":"1", "tid":"cice"},
{"name":"ModelAdvance", "ph":"B", "ts":"1934112453", "pid":"1", "tid":"cice"},
{"name":"ModelAdvance", "ph":"E", "ts":"1934682038", "pid":"1", "tid":"cice"},
{"name":"ModelAdvance", "ph":"B", "ts":"1934727685", "pid":"1", "tid":"cice"},
{"name":"ModelAdvance", "ph":"E", "ts":"1935198791", "pid":"1", "tid":"cice"},
{"name":"ModelAdvance", "ph":"B", "ts":"1935959124", "pid":"1", "tid":"cice"},
{"name":"ModelAdvance", "ph":"E", "ts":"1936427701", "pid":"1", "tid":"cice"},
{"name":"ModelAdvance", "ph":"B", "ts":"1936558468", "pid":"1", "tid":"cice"},
{"name":"ModelAdvance", "ph":"E", "ts":"1937021732", "pid":"1", "tid":"cice"},
{"name":"ModelAdvance", "ph":"B", "ts":"1937156562", "pid":"1", "tid":"cice"},
{"name":"ModelAdvance", "ph":"E", "ts":"1937622556", "pid":"1", "tid":"cice"},
{"name":"ModelAdvance", "ph":"B", "ts":"1937751509", "pid":"1", "tid":"cice"},
{"name":"ModelAdvance", "ph":"E", "ts":"1938214315", "pid":"1", "tid":"cice"},
{"name":"ModelAdvance", "ph":"B", "ts":"1938346714", "pid":"1", "tid":"cice"},
{"name":"ModelAdvance", "ph":"E", "ts":"1938814919", "pid":"1", "tid":"cice"},
{"name":"ModelAdvance", "ph":"B", "ts":"1938941191", "pid":"1", "tid":"cice"},
{"name":"ModelAdvance", "ph":"E", "ts":"1939410750", "pid":"1", "tid":"cice"},
{"name":"ModelAdvance", "ph":"B", "ts":"1939539077", "pid":"1", "tid":"cice"},
{"name":"ModelAdvance", "ph":"E", "ts":"1940005743", "pid":"1", "tid":"cice"},
{"name":"ModelAdvance", "ph":"B", "ts":"1940135462", "pid":"1", "tid":"cice"},
{"name":"ModelAdvance", "ph":"E", "ts":"1940603147", "pid":"1", "tid":"cice"},
{"name":"ModelAdvance", "ph":"B", "ts":"1940732367", "pid":"1", "tid":"cice"},
{"name":"ModelAdvance", "ph":"E", "ts":"1941198384", "pid":"1", "tid":"cice"},
{"name":"ModelAdvance", "ph":"B", "ts":"1941326814", "pid":"1", "tid":"cice"},
{"name":"ModelAdvance", "ph":"E", "ts":"1941794119", "pid":"1", "tid":"cice"},
{"name":"ModelAdvance", "ph":"B", "ts":"1941923899", "pid":"1", "tid":"cice"},
{"name":"ModelAdvance", "ph":"E", "ts":"1942391519", "pid":"1", "tid":"cice"},
{"name":"ModelAdvance", "ph":"B", "ts":"1942535930", "pid":"1", "tid":"cice"},
{"name":"ModelAdvance", "ph":"E", "ts":"1943008699", "pid":"1", "tid":"cice"},
{"name":"ModelAdvance", "ph":"B", "ts":"1943129973", "pid":"1", "tid":"cice"},
{"name":"ModelAdvance", "ph":"E", "ts":"1943601832", "pid":"1", "tid":"cice"},
{"name":"ModelAdvance", "ph":"B", "ts":"1943726285", "pid":"1", "tid":"cice"},
{"name":"ModelAdvance", "ph":"E", "ts":"1944192056", "pid":"1", "tid":"cice"},
{"name":"ModelAdvance", "ph":"B", "ts":"1944319082", "pid":"1", "tid":"cice"},
{"name":"ModelAdvance", "ph":"E", "ts":"1944784375", "pid":"1", "tid":"cice"},
{"name":"ModelAdvance", "ph":"B", "ts":"1944910394", "pid":"1", "tid":"cice"},
{"name":"ModelAdvance", "ph":"E", "ts":"1945369892", "pid":"1", "tid":"cice"},
{"name":"ModelAdvance", "ph":"B", "ts":"1945499549", "pid":"1", "tid":"cice"},
{"name":"ModelAdvance", "ph":"E", "ts":"1945973208", "pid":"1", "tid":"cice"},
{"name":"ModelAdvance", "ph":"B", "ts":"1946099261", "pid":"1", "tid":"cice"},
{"name":"ModelAdvance", "ph":"E", "ts":"1946568295", "pid":"1", "tid":"cice"},
{"name":"ModelAdvance", "ph":"B", "ts":"1946695992", "pid":"1", "tid":"cice"},
{"name":"ModelAdvance", "ph":"E", "ts":"1947167451", "pid":"1", "tid":"cice"},
{"name":"ModelAdvance", "ph":"B", "ts":"1947286993", "pid":"1", "tid":"cice"},
{"name":"ModelAdvance", "ph":"E", "ts":"1947759209", "pid":"1", "tid":"cice"},
{"name":"ModelAdvance", "ph":"B", "ts":"1947884621", "pid":"1", "tid":"cice"},
{"name":"ModelAdvance", "ph":"E", "ts":"1948350662", "pid":"1", "tid":"cice"},
{"name":"ModelAdvance", "ph":"B", "ts":"1948483008", "pid":"1", "tid":"cice"},
{"name":"ModelAdvance", "ph":"E", "ts":"1948946336", "pid":"1", "tid":"cice"},
{"name":"ModelAdvance", "ph":"B", "ts":"1949076648", "pid":"1", "tid":"cice"},
{"name":"ModelAdvance", "ph":"E", "ts":"1949547776", "pid":"1", "tid":"cice"},
{"name":"ModelAdvance", "ph":"B", "ts":"1949684306", "pid":"1", "tid":"cice"},
{"name":"ModelAdvance", "ph":"E", "ts":"1950163373", "pid":"1", "tid":"cice"},
{"name":"ModelAdvance", "ph":"B", "ts":"1950914701", "pid":"1", "tid":"cice"},
{"name":"ModelAdvance", "ph":"E", "ts":"1951389235", "pid":"1", "tid":"cice"},
{"name":"ModelAdvance", "ph":"B", "ts":"1951516570", "pid":"1", "tid":"cice"},
{"name":"ModelAdvance", "ph":"E", "ts":"1951984116", "pid":"1", "tid":"cice"},
{"name":"ModelAdvance", "ph":"B", "ts":"1952111858", "pid":"1", "tid":"cice"},
{"name":"ModelAdvance", "ph":"E", "ts":"1952576097", "pid":"1", "tid":"cice"},
{"name":"ModelAdvance", "ph":"B", "ts":"1952701446", "pid":"1", "tid":"cice"},
{"name":"ModelAdvance", "ph":"E", "ts":"1953170083", "pid":"1", "tid":"cice"},
{"name":"ModelAdvance", "ph":"B", "ts":"1953297457", "pid":"1", "tid":"cice"},
{"name":"ModelAdvance", "ph":"E", "ts":"1953774421", "pid":"1", "tid":"cice"},
{"name":"ModelAdvance", "ph":"B", "ts":"1953888418", "pid":"1", "tid":"cice"},
{"name":"ModelAdvance", "ph":"E", "ts":"1954359653", "pid":"1", "tid":"cice"},
{"name":"ModelAdvance", "ph":"B", "ts":"1954481106", "pid":"1", "tid":"cice"},
{"name":"ModelAdvance", "ph":"E", "ts":"1954958676", "pid":"1", "tid":"cice"},
{"name":"ModelAdvance", "ph":"B", "ts":"1955075283", "pid":"1", "tid":"cice"},
{"name":"ModelAdvance", "ph":"E", "ts":"1955547913", "pid":"1", "tid":"cice"},
{"name":"ModelAdvance", "ph":"B", "ts":"1955672736", "pid":"1", "tid":"cice"},
{"name":"ModelAdvance", "ph":"E", "ts":"1956148803", "pid":"1", "tid":"cice"},
{"name":"ModelAdvance", "ph":"B", "ts":"1956267939", "pid":"1", "tid":"cice"},
{"name":"ModelAdvance", "ph":"E", "ts":"1956738423", "pid":"1", "tid":"cice"},
{"name":"ModelAdvance", "ph":"B", "ts":"1956864779", "pid":"1", "tid":"cice"},
{"name":"ModelAdvance", "ph":"E", "ts":"1957334675", "pid":"1", "tid":"cice"},
{"name":"ModelAdvance", "ph":"B", "ts":"1957478973", "pid":"1", "tid":"cice"},
{"name":"ModelAdvance", "ph":"E", "ts":"1957956626", "pid":"1", "tid":"cice"},
{"name":"ModelAdvance", "ph":"B", "ts":"1958081418", "pid":"1", "tid":"cice"},
{"name":"ModelAdvance", "ph":"E", "ts":"1958558049", "pid":"1", "tid":"cice"},
{"name":"ModelAdvance", "ph":"B", "ts":"1958676764", "pid":"1", "tid":"cice"},
{"name":"ModelAdvance", "ph":"E", "ts":"1959150351", "pid":"1", "tid":"cice"},
{"name":"ModelAdvance", "ph":"B", "ts":"1959284902", "pid":"1", "tid":"cice"},
{"name":"ModelAdvance", "ph":"E", "ts":"1959748920", "pid":"1", "tid":"cice"},
{"name":"ModelAdvance", "ph":"B", "ts":"1959879850", "pid":"1", "tid":"cice"},
{"name":"ModelAdvance", "ph":"E", "ts":"1960358236", "pid":"1", "tid":"cice"},
{"name":"ModelAdvance", "ph":"B", "ts":"1960482992", "pid":"1", "tid":"cice"},
{"name":"ModelAdvance", "ph":"E", "ts":"1960955696", "pid":"1", "tid":"cice"},
{"name":"ModelAdvance", "ph":"B", "ts":"1961086890", "pid":"1", "tid":"cice"},
{"name":"ModelAdvance", "ph":"E", "ts":"1961557745", "pid":"1", "tid":"cice"},
{"name":"ModelAdvance", "ph":"B", "ts":"1961684083", "pid":"1", "tid":"cice"},
{"name":"ModelAdvance", "ph":"E", "ts":"1962154252", "pid":"1", "tid":"cice"},
{"name":"ModelAdvance", "ph":"B", "ts":"1962291692", "pid":"1", "tid":"cice"},
{"name":"ModelAdvance", "ph":"E", "ts":"1962761065", "pid":"1", "tid":"cice"},
{"name":"ModelAdvance", "ph":"B", "ts":"1962884832", "pid":"1", "tid":"cice"},
{"name":"ModelAdvance", "ph":"E", "ts":"1963355038", "pid":"1", "tid":"cice"},
{"name":"ModelAdvance", "ph":"B", "ts":"1963481195", "pid":"1", "tid":"cice"},
{"name":"ModelAdvance", "ph":"E", "ts":"1963950336", "pid":"1", "tid":"cice"},
{"name":"ModelAdvance", "ph":"B", "ts":"1964077145", "pid":"1", "tid":"cice"},
{"name":"ModelAdvance", "ph":"E", "ts":"1964556442", "pid":"1", "tid":"cice"},
{"name":"ModelAdvance", "ph":"B", "ts":"1964685675", "pid":"1", "tid":"cice"},
{"name":"ModelAdvance", "ph":"E", "ts":"1965158828", "pid":"1", "tid":"cice"},
{"name":"ModelAdvance", "ph":"B", "ts":"1965957675", "pid":"1", "tid":"cice"},
{"name":"ModelAdvance", "ph":"E", "ts":"1966428061", "pid":"1", "tid":"cice"},
{"name":"ModelAdvance", "ph":"B", "ts":"1966557081", "pid":"1", "tid":"cice"},
{"name":"ModelAdvance", "ph":"E", "ts":"1967020177", "pid":"1", "tid":"cice"},
{"name":"ModelAdvance", "ph":"B", "ts":"1967148371", "pid":"1", "tid":"cice"},
{"name":"ModelAdvance", "ph":"E", "ts":"1967616298", "pid":"1", "tid":"cice"},
{"name":"ModelAdvance", "ph":"B", "ts":"1967742989", "pid":"1", "tid":"cice"},
{"name":"ModelAdvance", "ph":"E", "ts":"1968205876", "pid":"1", "tid":"cice"},
{"name":"ModelAdvance", "ph":"B", "ts":"1968332987", "pid":"1", "tid":"cice"},
{"name":"ModelAdvance", "ph":"E", "ts":"1968804268", "pid":"1", "tid":"cice"},
{"name":"ModelAdvance", "ph":"B", "ts":"1968927756", "pid":"1", "tid":"cice"},
{"name":"ModelAdvance", "ph":"E", "ts":"1969399580", "pid":"1", "tid":"cice"},
{"name":"ModelAdvance", "ph":"B", "ts":"1969518014", "pid":"1", "tid":"cice"},
{"name":"ModelAdvance", "ph":"E", "ts":"1969992553", "pid":"1", "tid":"cice"},
{"name":"ModelAdvance", "ph":"B", "ts":"1970109104", "pid":"1", "tid":"cice"},
{"name":"ModelAdvance", "ph":"E", "ts":"1970574406", "pid":"1", "tid":"cice"},
{"name":"ModelAdvance", "ph":"B", "ts":"1970700920", "pid":"1", "tid":"cice"},
{"name":"ModelAdvance", "ph":"E", "ts":"1971169212", "pid":"1", "tid":"cice"},
{"name":"ModelAdvance", "ph":"B", "ts":"1971296064", "pid":"1", "tid":"cice"},
{"name":"ModelAdvance", "ph":"E", "ts":"1971772393", "pid":"1", "tid":"cice"},
{"name":"ModelAdvance", "ph":"B", "ts":"1971884291", "pid":"1", "tid":"cice"},
{"name":"ModelAdvance", "ph":"E", "ts":"1972358179", "pid":"1", "tid":"cice"},
{"name":"ModelAdvance", "ph":"B", "ts":"1972518508", "pid":"1", "tid":"cice"},
{"name":"ModelAdvance", "ph":"E", "ts":"1972993467", "pid":"1", "tid":"cice"},
{"name":"ModelAdvance", "ph":"B", "ts":"1973108460", "pid":"1", "tid":"cice"},
{"name":"ModelAdvance", "ph":"E", "ts":"1973583766", "pid":"1", "tid":"cice"},
{"name":"ModelAdvance", "ph":"B", "ts":"1973695372", "pid":"1", "tid":"cice"},
{"name":"ModelAdvance", "ph":"E", "ts":"1974168491", "pid":"1", "tid":"cice"},
{"name":"ModelAdvance", "ph":"B", "ts":"1974306192", "pid":"1", "tid":"cice"},
{"name":"ModelAdvance", "ph":"E", "ts":"1974781253", "pid":"1", "tid":"cice"},
{"name":"ModelAdvance", "ph":"B", "ts":"1974908340", "pid":"1", "tid":"cice"},
{"name":"ModelAdvance", "ph":"E", "ts":"1975383750", "pid":"1", "tid":"cice"},
{"name":"ModelAdvance", "ph":"B", "ts":"1975496512", "pid":"1", "tid":"cice"},
{"name":"ModelAdvance", "ph":"E", "ts":"1975968191", "pid":"1", "tid":"cice"},
{"name":"ModelAdvance", "ph":"B", "ts":"1976088267", "pid":"1", "tid":"cice"},
{"name":"ModelAdvance", "ph":"E", "ts":"1976553143", "pid":"1", "tid":"cice"},
{"name":"ModelAdvance", "ph":"B", "ts":"1976678717", "pid":"1", "tid":"cice"},
{"name":"ModelAdvance", "ph":"E", "ts":"1977151825", "pid":"1", "tid":"cice"},
{"name":"ModelAdvance", "ph":"B", "ts":"1977285556", "pid":"1", "tid":"cice"},
{"name":"ModelAdvance", "ph":"E", "ts":"1977760507", "pid":"1", "tid":"cice"},
{"name":"ModelAdvance", "ph":"B", "ts":"1977883161", "pid":"1", "tid":"cice"},
{"name":"ModelAdvance", "ph":"E", "ts":"1978350194", "pid":"1", "tid":"cice"},
{"name":"ModelAdvance", "ph":"B", "ts":"1978472219", "pid":"1", "tid":"cice"},
{"name":"ModelAdvance", "ph":"E", "ts":"1978950326", "pid":"1", "tid":"cice"},
{"name":"ModelAdvance", "ph":"B", "ts":"1979062428", "pid":"1", "tid":"cice"},
{"name":"ModelAdvance", "ph":"E", "ts":"1979541176", "pid":"1", "tid":"cice"},
{"name":"ModelAdvance", "ph":"B", "ts":"1979704827", "pid":"1", "tid":"cice"},
{"name":"ModelAdvance", "ph":"E", "ts":"1980183198", "pid":"1", "tid":"cice"},
{"name":"ModelAdvance", "ph":"B", "ts":"1980960807", "pid":"1", "tid":"cice"},
{"name":"ModelAdvance", "ph":"E", "ts":"1981432566", "pid":"1", "tid":"cice"},
{"name":"ModelAdvance", "ph":"B", "ts":"1981551258", "pid":"1", "tid":"cice"},
{"name":"ModelAdvance", "ph":"E", "ts":"1982030474", "pid":"1", "tid":"cice"},
{"name":"ModelAdvance", "ph":"B", "ts":"1982139876", "pid":"1", "tid":"cice"},
{"name":"ModelAdvance", "ph":"E", "ts":"1982608622", "pid":"1", "tid":"cice"},
{"name":"ModelAdvance", "ph":"B", "ts":"1982727197", "pid":"1", "tid":"cice"},
{"name":"ModelAdvance", "ph":"E", "ts":"1983205736", "pid":"1", "tid":"cice"},
{"name":"ModelAdvance", "ph":"B", "ts":"1983314334", "pid":"1", "tid":"cice"},
{"name":"ModelAdvance", "ph":"E", "ts":"1983782083", "pid":"1", "tid":"cice"},
{"name":"ModelAdvance", "ph":"B", "ts":"1983901197", "pid":"1", "tid":"cice"},
{"name":"ModelAdvance", "ph":"E", "ts":"1984368168", "pid":"1", "tid":"cice"},
{"name":"ModelAdvance", "ph":"B", "ts":"1984488323", "pid":"1", "tid":"cice"},
{"name":"ModelAdvance", "ph":"E", "ts":"1984962130", "pid":"1", "tid":"cice"},
{"name":"ModelAdvance", "ph":"B", "ts":"1985076097", "pid":"1", "tid":"cice"},
{"name":"ModelAdvance", "ph":"E", "ts":"1985544379", "pid":"1", "tid":"cice"},
{"name":"ModelAdvance", "ph":"B", "ts":"1985664534", "pid":"1", "tid":"cice"},
{"name":"ModelAdvance", "ph":"E", "ts":"1986140732", "pid":"1", "tid":"cice"},
{"name":"ModelAdvance", "ph":"B", "ts":"1986252147", "pid":"1", "tid":"cice"},
{"name":"ModelAdvance", "ph":"E", "ts":"1986730499", "pid":"1", "tid":"cice"},
{"name":"ModelAdvance", "ph":"B", "ts":"1986836852", "pid":"1", "tid":"cice"},
{"name":"ModelAdvance", "ph":"E", "ts":"1987304707", "pid":"1", "tid":"cice"},
{"name":"ModelAdvance", "ph":"B", "ts":"1987434555", "pid":"1", "tid":"cice"},
{"name":"ModelAdvance", "ph":"E", "ts":"1987900314", "pid":"1", "tid":"cice"},
{"name":"ModelAdvance", "ph":"B", "ts":"1988023031", "pid":"1", "tid":"cice"},
{"name":"ModelAdvance", "ph":"E", "ts":"1988495212", "pid":"1", "tid":"cice"},
{"name":"ModelAdvance", "ph":"B", "ts":"1988605727", "pid":"1", "tid":"cice"},
{"name":"ModelAdvance", "ph":"E", "ts":"1989076259", "pid":"1", "tid":"cice"},
{"name":"ModelAdvance", "ph":"B", "ts":"1989184160", "pid":"1", "tid":"cice"},
{"name":"ModelAdvance", "ph":"E", "ts":"1989657518", "pid":"1", "tid":"cice"},
{"name":"ModelAdvance", "ph":"B", "ts":"1989786979", "pid":"1", "tid":"cice"},
{"name":"ModelAdvance", "ph":"E", "ts":"1990258337", "pid":"1", "tid":"cice"},
{"name":"ModelAdvance", "ph":"B", "ts":"1990375855", "pid":"1", "tid":"cice"},
{"name":"ModelAdvance", "ph":"E", "ts":"1990847551", "pid":"1", "tid":"cice"},
{"name":"ModelAdvance", "ph":"B", "ts":"1990966126", "pid":"1", "tid":"cice"},
{"name":"ModelAdvance", "ph":"E", "ts":"1991436599", "pid":"1", "tid":"cice"},
{"name":"ModelAdvance", "ph":"B", "ts":"1991542481", "pid":"1", "tid":"cice"},
{"name":"ModelAdvance", "ph":"E", "ts":"1992012682", "pid":"1", "tid":"cice"},
{"name":"ModelAdvance", "ph":"B", "ts":"1992133325", "pid":"1", "tid":"cice"},
{"name":"ModelAdvance", "ph":"E", "ts":"1992608265", "pid":"1", "tid":"cice"},
{"name":"ModelAdvance", "ph":"B", "ts":"1992735656", "pid":"1", "tid":"cice"},
{"name":"ModelAdvance", "ph":"E", "ts":"1993217058", "pid":"1", "tid":"cice"},
{"name":"ModelAdvance", "ph":"B", "ts":"1993326282", "pid":"1", "tid":"cice"},
{"name":"ModelAdvance", "ph":"E", "ts":"1993803564", "pid":"1", "tid":"cice"},
{"name":"ModelAdvance", "ph":"B", "ts":"1993914052", "pid":"1", "tid":"cice"},
{"name":"ModelAdvance", "ph":"E", "ts":"1994392271", "pid":"1", "tid":"cice"},
{"name":"ModelAdvance", "ph":"B", "ts":"1994530825", "pid":"1", "tid":"cice"},
{"name":"ModelAdvance", "ph":"E", "ts":"1995005658", "pid":"1", "tid":"cice"},
{"name":"ModelAdvance", "ph":"B", "ts":"1995762765", "pid":"1", "tid":"cice"},
{"name":"ModelAdvance", "ph":"E", "ts":"1996232441", "pid":"1", "tid":"cice"},
{"name":"ModelAdvance", "ph":"B", "ts":"1996357224", "pid":"1", "tid":"cice"},
{"name":"ModelAdvance", "ph":"E", "ts":"1996825516", "pid":"1", "tid":"cice"},
{"name":"ModelAdvance", "ph":"B", "ts":"1996939853", "pid":"1", "tid":"cice"},
{"name":"ModelAdvance", "ph":"E", "ts":"1997405821", "pid":"1", "tid":"cice"},
{"name":"ModelAdvance", "ph":"B", "ts":"1997521706", "pid":"1", "tid":"cice"},
{"name":"ModelAdvance", "ph":"E", "ts":"1997984624", "pid":"1", "tid":"cice"},
{"name":"ModelAdvance", "ph":"B", "ts":"1998106193", "pid":"1", "tid":"cice"},
{"name":"ModelAdvance", "ph":"E", "ts":"1998574188", "pid":"1", "tid":"cice"},
{"name":"ModelAdvance", "ph":"B", "ts":"1998694453", "pid":"1", "tid":"cice"},
{"name":"ModelAdvance", "ph":"E", "ts":"1999164617", "pid":"1", "tid":"cice"},
{"name":"ModelAdvance", "ph":"B", "ts":"1999297443", "pid":"1", "tid":"cice"},
{"name":"ModelAdvance", "ph":"E", "ts":"1999765453", "pid":"1", "tid":"cice"},
{"name":"ModelAdvance", "ph":"B", "ts":"1999886074", "pid":"1", "tid":"cice"},
{"name":"ModelAdvance", "ph":"E", "ts":"2000364000", "pid":"1", "tid":"cice"},
{"name":"ModelAdvance", "ph":"B", "ts":"2000465896", "pid":"1", "tid":"cice"},
{"name":"ModelAdvance", "ph":"E", "ts":"2000945296", "pid":"1", "tid":"cice"},
{"name":"ModelAdvance", "ph":"B", "ts":"2001054087", "pid":"1", "tid":"cice"},
{"name":"ModelAdvance", "ph":"E", "ts":"2001524591", "pid":"1", "tid":"cice"},
{"name":"ModelAdvance", "ph":"B", "ts":"2001643183", "pid":"1", "tid":"cice"},
{"name":"ModelAdvance", "ph":"E", "ts":"2002109128", "pid":"1", "tid":"cice"},
{"name":"ModelAdvance", "ph":"B", "ts":"2002236189", "pid":"1", "tid":"cice"},
{"name":"ModelAdvance", "ph":"E", "ts":"2002710229", "pid":"1", "tid":"cice"},
{"name":"ModelAdvance", "ph":"B", "ts":"2002820389", "pid":"1", "tid":"cice"},
{"name":"ModelAdvance", "ph":"E", "ts":"2003292174", "pid":"1", "tid":"cice"},
{"name":"ModelAdvance", "ph":"B", "ts":"2003395491", "pid":"1", "tid":"cice"},
{"name":"ModelAdvance", "ph":"E", "ts":"2003869797", "pid":"1", "tid":"cice"},
{"name":"ModelAdvance", "ph":"B", "ts":"2003977658", "pid":"1", "tid":"cice"},
{"name":"ModelAdvance", "ph":"E", "ts":"2004452041", "pid":"1", "tid":"cice"},
{"name":"ModelAdvance", "ph":"B", "ts":"2004557286", "pid":"1", "tid":"cice"},
{"name":"ModelAdvance", "ph":"E", "ts":"2005029733", "pid":"1", "tid":"cice"},
{"name":"ModelAdvance", "ph":"B", "ts":"2005139200", "pid":"1", "tid":"cice"},
{"name":"ModelAdvance", "ph":"E", "ts":"2005608719", "pid":"1", "tid":"cice"},
{"name":"ModelAdvance", "ph":"B", "ts":"2005721123", "pid":"1", "tid":"cice"},
{"name":"ModelAdvance", "ph":"E", "ts":"2006188423", "pid":"1", "tid":"cice"},
{"name":"ModelAdvance", "ph":"B", "ts":"2006313564", "pid":"1", "tid":"cice"},
{"name":"ModelAdvance", "ph":"E", "ts":"2006775499", "pid":"1", "tid":"cice"},
{"name":"ModelAdvance", "ph":"B", "ts":"2006896181", "pid":"1", "tid":"cice"},
{"name":"ModelAdvance", "ph":"E", "ts":"2007372090", "pid":"1", "tid":"cice"},
{"name":"ModelAdvance", "ph":"B", "ts":"2007489012", "pid":"1", "tid":"cice"},
{"name":"ModelAdvance", "ph":"E", "ts":"2007977954", "pid":"1", "tid":"cice"},
{"name":"ModelAdvance", "ph":"B", "ts":"2008096322", "pid":"1", "tid":"cice"},
{"name":"ModelAdvance", "ph":"E", "ts":"2008564926", "pid":"1", "tid":"cice"},
{"name":"ModelAdvance", "ph":"B", "ts":"2008674666", "pid":"1", "tid":"cice"},
{"name":"ModelAdvance", "ph":"E", "ts":"2009155238", "pid":"1", "tid":"cice"},
{"name":"ModelAdvance", "ph":"B", "ts":"2009268776", "pid":"1", "tid":"cice"},
{"name":"ModelAdvance", "ph":"E", "ts":"2009741476", "pid":"1", "tid":"cice"},
{"name":"ModelAdvance", "ph":"B", "ts":"2010478048", "pid":"1", "tid":"cice"},
{"name":"ModelAdvance", "ph":"E", "ts":"2010954615", "pid":"1", "tid":"cice"},
{"name":"ModelAdvance", "ph":"B", "ts":"2011059752", "pid":"1", "tid":"cice"},
{"name":"ModelAdvance", "ph":"E", "ts":"2011532359", "pid":"1", "tid":"cice"},
{"name":"ModelAdvance", "ph":"B", "ts":"2011640486", "pid":"1", "tid":"cice"},
{"name":"ModelAdvance", "ph":"E", "ts":"2012106489", "pid":"1", "tid":"cice"},
{"name":"ModelAdvance", "ph":"B", "ts":"2012219935", "pid":"1", "tid":"cice"},
{"name":"ModelAdvance", "ph":"E", "ts":"2012694556", "pid":"1", "tid":"cice"},
{"name":"ModelAdvance", "ph":"B", "ts":"2012801962", "pid":"1", "tid":"cice"},
{"name":"ModelAdvance", "ph":"E", "ts":"2013273723", "pid":"1", "tid":"cice"},
{"name":"ModelAdvance", "ph":"B", "ts":"2013384298", "pid":"1", "tid":"cice"},
{"name":"ModelAdvance", "ph":"E", "ts":"2013855193", "pid":"1", "tid":"cice"},
{"name":"ModelAdvance", "ph":"B", "ts":"2013976987", "pid":"1", "tid":"cice"},
{"name":"ModelAdvance", "ph":"E", "ts":"2014449792", "pid":"1", "tid":"cice"},
{"name":"ModelAdvance", "ph":"B", "ts":"2014556634", "pid":"1", "tid":"cice"},
{"name":"ModelAdvance", "ph":"E", "ts":"2015033603", "pid":"1", "tid":"cice"},
{"name":"ModelAdvance", "ph":"B", "ts":"2015141841", "pid":"1", "tid":"cice"},
{"name":"ModelAdvance", "ph":"E", "ts":"2015618273", "pid":"1", "tid":"cice"},
{"name":"ModelAdvance", "ph":"B", "ts":"2015727241", "pid":"1", "tid":"cice"},
{"name":"ModelAdvance", "ph":"E", "ts":"2016192422", "pid":"1", "tid":"cice"},
{"name":"ModelAdvance", "ph":"B", "ts":"2016303640", "pid":"1", "tid":"cice"},
{"name":"ModelAdvance", "ph":"E", "ts":"2016778404", "pid":"1", "tid":"cice"},
{"name":"ModelAdvance", "ph":"B", "ts":"2016894603", "pid":"1", "tid":"cice"},
{"name":"ModelAdvance", "ph":"E", "ts":"2017360831", "pid":"1", "tid":"cice"},
{"name":"ModelAdvance", "ph":"B", "ts":"2017478632", "pid":"1", "tid":"cice"},
{"name":"ModelAdvance", "ph":"E", "ts":"2017945355", "pid":"1", "tid":"cice"},
{"name":"ModelAdvance", "ph":"B", "ts":"2018082877", "pid":"1", "tid":"cice"},
{"name":"ModelAdvance", "ph":"E", "ts":"2018553372", "pid":"1", "tid":"cice"},
{"name":"ModelAdvance", "ph":"B", "ts":"2018666378", "pid":"1", "tid":"cice"},
{"name":"ModelAdvance", "ph":"E", "ts":"2019139356", "pid":"1", "tid":"cice"},
{"name":"ModelAdvance", "ph":"B", "ts":"2019258247", "pid":"1", "tid":"cice"},
{"name":"ModelAdvance", "ph":"E", "ts":"2019734747", "pid":"1", "tid":"cice"},
{"name":"ModelAdvance", "ph":"B", "ts":"2019839411", "pid":"1", "tid":"cice"},
{"name":"ModelAdvance", "ph":"E", "ts":"2020306962", "pid":"1", "tid":"cice"},
{"name":"ModelAdvance", "ph":"B", "ts":"2020421652", "pid":"1", "tid":"cice"},
{"name":"ModelAdvance", "ph":"E", "ts":"2020895899", "pid":"1", "tid":"cice"},
{"name":"ModelAdvance", "ph":"B", "ts":"2021007759", "pid":"1", "tid":"cice"},
{"name":"ModelAdvance", "ph":"E", "ts":"2021474720", "pid":"1", "tid":"cice"},
{"name":"ModelAdvance", "ph":"B", "ts":"2021587295", "pid":"1", "tid":"cice"},
{"name":"ModelAdvance", "ph":"E", "ts":"2022055650", "pid":"1", "tid":"cice"},
{"name":"ModelAdvance", "ph":"B", "ts":"2022174390", "pid":"1", "tid":"cice"},
{"name":"ModelAdvance", "ph":"E", "ts":"2022642708", "pid":"1", "tid":"cice"},
{"name":"ModelAdvance", "ph":"B", "ts":"2022759118", "pid":"1", "tid":"cice"},
{"name":"ModelAdvance", "ph":"E", "ts":"2023241636", "pid":"1", "tid":"cice"},
{"name":"ModelAdvance", "ph":"B", "ts":"2023354536", "pid":"1", "tid":"cice"},
{"name":"ModelAdvance", "ph":"E", "ts":"2023914541", "pid":"1", "tid":"cice"},
{"name":"ModelAdvance", "ph":"B", "ts":"2023961380", "pid":"1", "tid":"cice"},
{"name":"ModelAdvance", "ph":"E", "ts":"2024435771", "pid":"1", "tid":"cice"},
{"name":"ModelAdvance", "ph":"B", "ts":"2025204690", "pid":"1", "tid":"cice"},
{"name":"ModelAdvance", "ph":"E", "ts":"2025684014", "pid":"1", "tid":"cice"},
{"name":"ModelAdvance", "ph":"B", "ts":"2025787649", "pid":"1", "tid":"cice"},
{"name":"ModelAdvance", "ph":"E", "ts":"2026261804", "pid":"1", "tid":"cice"},
{"name":"ModelAdvance", "ph":"B", "ts":"2026369871", "pid":"1", "tid":"cice"},
{"name":"ModelAdvance", "ph":"E", "ts":"2026833912", "pid":"1", "tid":"cice"},
{"name":"ModelAdvance", "ph":"B", "ts":"2026950353", "pid":"1", "tid":"cice"},
{"name":"ModelAdvance", "ph":"E", "ts":"2027429941", "pid":"1", "tid":"cice"},
{"name":"ModelAdvance", "ph":"B", "ts":"2027531448", "pid":"1", "tid":"cice"},
{"name":"ModelAdvance", "ph":"E", "ts":"2027997110", "pid":"1", "tid":"cice"},
{"name":"ModelAdvance", "ph":"B", "ts":"2028128024", "pid":"1", "tid":"cice"},
{"name":"ModelAdvance", "ph":"E", "ts":"2028601622", "pid":"1", "tid":"cice"},
{"name":"ModelAdvance", "ph":"B", "ts":"2028705793", "pid":"1", "tid":"cice"},
{"name":"ModelAdvance", "ph":"E", "ts":"2029183749", "pid":"1", "tid":"cice"},
{"name":"ModelAdvance", "ph":"B", "ts":"2029291102", "pid":"1", "tid":"cice"},
{"name":"ModelAdvance", "ph":"E", "ts":"2029759551", "pid":"1", "tid":"cice"},
{"name":"ModelAdvance", "ph":"B", "ts":"2029870161", "pid":"1", "tid":"cice"},
{"name":"ModelAdvance", "ph":"E", "ts":"2030342692", "pid":"1", "tid":"cice"},
{"name":"ModelAdvance", "ph":"B", "ts":"2030453181", "pid":"1", "tid":"cice"},
{"name":"ModelAdvance", "ph":"E", "ts":"2030929758", "pid":"1", "tid":"cice"},
{"name":"ModelAdvance", "ph":"B", "ts":"2031035329", "pid":"1", "tid":"cice"},
{"name":"ModelAdvance", "ph":"E", "ts":"2031497862", "pid":"1", "tid":"cice"},
{"name":"ModelAdvance", "ph":"B", "ts":"2031625475", "pid":"1", "tid":"cice"},
{"name":"ModelAdvance", "ph":"E", "ts":"2032095118", "pid":"1", "tid":"cice"},
{"name":"ModelAdvance", "ph":"B", "ts":"2032220181", "pid":"1", "tid":"cice"},
{"name":"ModelAdvance", "ph":"E", "ts":"2032691302", "pid":"1", "tid":"cice"},
{"name":"ModelAdvance", "ph":"B", "ts":"2032799302", "pid":"1", "tid":"cice"},
{"name":"ModelAdvance", "ph":"E", "ts":"2033273382", "pid":"1", "tid":"cice"},
{"name":"ModelAdvance", "ph":"B", "ts":"2033383260", "pid":"1", "tid":"cice"},
{"name":"ModelAdvance", "ph":"E", "ts":"2033856887", "pid":"1", "tid":"cice"},
{"name":"ModelAdvance", "ph":"B", "ts":"2033966452", "pid":"1", "tid":"cice"},
{"name":"ModelAdvance", "ph":"E", "ts":"2034430923", "pid":"1", "tid":"cice"},
{"name":"ModelAdvance", "ph":"B", "ts":"2034554611", "pid":"1", "tid":"cice"},
{"name":"ModelAdvance", "ph":"E", "ts":"2035034224", "pid":"1", "tid":"cice"},
{"name":"ModelAdvance", "ph":"B", "ts":"2035141383", "pid":"1", "tid":"cice"},
{"name":"ModelAdvance", "ph":"E", "ts":"2035605233", "pid":"1", "tid":"cice"},
{"name":"ModelAdvance", "ph":"B", "ts":"2035730750", "pid":"1", "tid":"cice"},
{"name":"ModelAdvance", "ph":"E", "ts":"2036210835", "pid":"1", "tid":"cice"},
{"name":"ModelAdvance", "ph":"B", "ts":"2036317172", "pid":"1", "tid":"cice"},
{"name":"ModelAdvance", "ph":"E", "ts":"2036796890", "pid":"1", "tid":"cice"},
{"name":"ModelAdvance", "ph":"B", "ts":"2036910363", "pid":"1", "tid":"cice"},
{"name":"ModelAdvance", "ph":"E", "ts":"2037383593", "pid":"1", "tid":"cice"},
{"name":"ModelAdvance", "ph":"B", "ts":"2037489954", "pid":"1", "tid":"cice"},
{"name":"ModelAdvance", "ph":"E", "ts":"2037953185", "pid":"1", "tid":"cice"},
{"name":"ModelAdvance", "ph":"B", "ts":"2038072581", "pid":"1", "tid":"cice"},
{"name":"ModelAdvance", "ph":"E", "ts":"2038538664", "pid":"1", "tid":"cice"},
{"name":"ModelAdvance", "ph":"B", "ts":"2038661337", "pid":"1", "tid":"cice"},
{"name":"ModelAdvance", "ph":"E", "ts":"2039140533", "pid":"1", "tid":"cice"},
{"name":"ModelAdvance", "ph":"B", "ts":"2039910185", "pid":"1", "tid":"cice"},
{"name":"ModelAdvance", "ph":"E", "ts":"2040385294", "pid":"1", "tid":"cice"},
{"name":"ModelAdvance", "ph":"B", "ts":"2040485531", "pid":"1", "tid":"cice"},
{"name":"ModelAdvance", "ph":"E", "ts":"2040956975", "pid":"1", "tid":"cice"},
{"name":"ModelAdvance", "ph":"B", "ts":"2041067788", "pid":"1", "tid":"cice"},
{"name":"ModelAdvance", "ph":"E", "ts":"2041545596", "pid":"1", "tid":"cice"},
{"name":"ModelAdvance", "ph":"B", "ts":"2041650177", "pid":"1", "tid":"cice"},
{"name":"ModelAdvance", "ph":"E", "ts":"2042110213", "pid":"1", "tid":"cice"},
{"name":"ModelAdvance", "ph":"B", "ts":"2042229169", "pid":"1", "tid":"cice"},
{"name":"ModelAdvance", "ph":"E", "ts":"2042701474", "pid":"1", "tid":"cice"},
{"name":"ModelAdvance", "ph":"B", "ts":"2042809133", "pid":"1", "tid":"cice"},
{"name":"ModelAdvance", "ph":"E", "ts":"2043274460", "pid":"1", "tid":"cice"},
{"name":"ModelAdvance", "ph":"B", "ts":"2043386665", "pid":"1", "tid":"cice"},
{"name":"ModelAdvance", "ph":"E", "ts":"2043859059", "pid":"1", "tid":"cice"},
{"name":"ModelAdvance", "ph":"B", "ts":"2043984893", "pid":"1", "tid":"cice"},
{"name":"ModelAdvance", "ph":"E", "ts":"2044449732", "pid":"1", "tid":"cice"},
{"name":"ModelAdvance", "ph":"B", "ts":"2044580698", "pid":"1", "tid":"cice"},
{"name":"ModelAdvance", "ph":"E", "ts":"2045051872", "pid":"1", "tid":"cice"},
{"name":"ModelAdvance", "ph":"B", "ts":"2045162366", "pid":"1", "tid":"cice"},
{"name":"ModelAdvance", "ph":"E", "ts":"2045634610", "pid":"1", "tid":"cice"},
{"name":"ModelAdvance", "ph":"B", "ts":"2045746231", "pid":"1", "tid":"cice"},
{"name":"ModelAdvance", "ph":"E", "ts":"2046216879", "pid":"1", "tid":"cice"},
{"name":"ModelAdvance", "ph":"B", "ts":"2046338116", "pid":"1", "tid":"cice"},
{"name":"ModelAdvance", "ph":"E", "ts":"2046815097", "pid":"1", "tid":"cice"},
{"name":"ModelAdvance", "ph":"B", "ts":"2046920258", "pid":"1", "tid":"cice"},
{"name":"ModelAdvance", "ph":"E", "ts":"2047387930", "pid":"1", "tid":"cice"},
{"name":"ModelAdvance", "ph":"B", "ts":"2047496089", "pid":"1", "tid":"cice"},
{"name":"ModelAdvance", "ph":"E", "ts":"2047970742", "pid":"1", "tid":"cice"},
{"name":"ModelAdvance", "ph":"B", "ts":"2048080029", "pid":"1", "tid":"cice"},
{"name":"ModelAdvance", "ph":"E", "ts":"2048555320", "pid":"1", "tid":"cice"},
{"name":"ModelAdvance", "ph":"B", "ts":"2048672448", "pid":"1", "tid":"cice"},
{"name":"ModelAdvance", "ph":"E", "ts":"2049147361", "pid":"1", "tid":"cice"},
{"name":"ModelAdvance", "ph":"B", "ts":"2049251808", "pid":"1", "tid":"cice"},
{"name":"ModelAdvance", "ph":"E", "ts":"2049716736", "pid":"1", "tid":"cice"},
{"name":"ModelAdvance", "ph":"B", "ts":"2049865037", "pid":"1", "tid":"cice"},
{"name":"ModelAdvance", "ph":"E", "ts":"2050334239", "pid":"1", "tid":"cice"},
{"name":"ModelAdvance", "ph":"B", "ts":"2050445577", "pid":"1", "tid":"cice"},
{"name":"ModelAdvance", "ph":"E", "ts":"2050922382", "pid":"1", "tid":"cice"},
{"name":"ModelAdvance", "ph":"B", "ts":"2051033032", "pid":"1", "tid":"cice"},
{"name":"ModelAdvance", "ph":"E", "ts":"2051510683", "pid":"1", "tid":"cice"},
{"name":"ModelAdvance", "ph":"B", "ts":"2051621770", "pid":"1", "tid":"cice"},
{"name":"ModelAdvance", "ph":"E", "ts":"2052092095", "pid":"1", "tid":"cice"},
{"name":"ModelAdvance", "ph":"B", "ts":"2052205069", "pid":"1", "tid":"cice"},
{"name":"ModelAdvance", "ph":"E", "ts":"2052670639", "pid":"1", "tid":"cice"},
{"name":"ModelAdvance", "ph":"B", "ts":"2052803320", "pid":"1", "tid":"cice"},
{"name":"ModelAdvance", "ph":"E", "ts":"2053270186", "pid":"1", "tid":"cice"},
{"name":"ModelAdvance", "ph":"B", "ts":"2053409027", "pid":"1", "tid":"cice"},
{"name":"ModelAdvance", "ph":"E", "ts":"2053884546", "pid":"1", "tid":"cice"},
{"name":"ModelAdvance", "ph":"B", "ts":"2054691773", "pid":"1", "tid":"cice"},
{"name":"ModelAdvance", "ph":"E", "ts":"2055153827", "pid":"1", "tid":"cice"},
{"name":"ModelAdvance", "ph":"B", "ts":"2055277295", "pid":"1", "tid":"cice"},
{"name":"ModelAdvance", "ph":"E", "ts":"2055743963", "pid":"1", "tid":"cice"},
{"name":"ModelAdvance", "ph":"B", "ts":"2055876328", "pid":"1", "tid":"cice"},
{"name":"ModelAdvance", "ph":"E", "ts":"2056344795", "pid":"1", "tid":"cice"},
{"name":"ModelAdvance", "ph":"B", "ts":"2056462926", "pid":"1", "tid":"cice"},
{"name":"ModelAdvance", "ph":"E", "ts":"2056937622", "pid":"1", "tid":"cice"},
{"name":"ModelAdvance", "ph":"B", "ts":"2057044831", "pid":"1", "tid":"cice"},
{"name":"ModelAdvance", "ph":"E", "ts":"2057512401", "pid":"1", "tid":"cice"},
{"name":"ModelAdvance", "ph":"B", "ts":"2057633456", "pid":"1", "tid":"cice"},
{"name":"ModelAdvance", "ph":"E", "ts":"2058109421", "pid":"1", "tid":"cice"},
{"name":"ModelAdvance", "ph":"B", "ts":"2058219964", "pid":"1", "tid":"cice"},
{"name":"ModelAdvance", "ph":"E", "ts":"2058692459", "pid":"1", "tid":"cice"},
{"name":"ModelAdvance", "ph":"B", "ts":"2058806976", "pid":"1", "tid":"cice"},
{"name":"ModelAdvance", "ph":"E", "ts":"2059283479", "pid":"1", "tid":"cice"},
{"name":"ModelAdvance", "ph":"B", "ts":"2059400559", "pid":"1", "tid":"cice"},
{"name":"ModelAdvance", "ph":"E", "ts":"2059872834", "pid":"1", "tid":"cice"},
{"name":"ModelAdvance", "ph":"B", "ts":"2059985644", "pid":"1", "tid":"cice"},
{"name":"ModelAdvance", "ph":"E", "ts":"2060458884", "pid":"1", "tid":"cice"},
{"name":"ModelAdvance", "ph":"B", "ts":"2060578984", "pid":"1", "tid":"cice"},
{"name":"ModelAdvance", "ph":"E", "ts":"2061053619", "pid":"1", "tid":"cice"},
{"name":"ModelAdvance", "ph":"B", "ts":"2061175261", "pid":"1", "tid":"cice"},
{"name":"ModelAdvance", "ph":"E", "ts":"2061649704", "pid":"1", "tid":"cice"},
{"name":"ModelAdvance", "ph":"B", "ts":"2061765938", "pid":"1", "tid":"cice"},
{"name":"ModelAdvance", "ph":"E", "ts":"2062237016", "pid":"1", "tid":"cice"},
{"name":"ModelAdvance", "ph":"B", "ts":"2062355903", "pid":"1", "tid":"cice"},
{"name":"ModelAdvance", "ph":"E", "ts":"2062833040", "pid":"1", "tid":"cice"},
{"name":"ModelAdvance", "ph":"B", "ts":"2062948517", "pid":"1", "tid":"cice"},
{"name":"ModelAdvance", "ph":"E", "ts":"2063418843", "pid":"1", "tid":"cice"},
{"name":"ModelAdvance", "ph":"B", "ts":"2063536868", "pid":"1", "tid":"cice"},
{"name":"ModelAdvance", "ph":"E", "ts":"2064012559", "pid":"1", "tid":"cice"},
{"name":"ModelAdvance", "ph":"B", "ts":"2064129619", "pid":"1", "tid":"cice"},
{"name":"ModelAdvance", "ph":"E", "ts":"2064597249", "pid":"1", "tid":"cice"},
{"name":"ModelAdvance", "ph":"B", "ts":"2064719156", "pid":"1", "tid":"cice"},
{"name":"ModelAdvance", "ph":"E", "ts":"2065189327", "pid":"1", "tid":"cice"},
{"name":"ModelAdvance", "ph":"B", "ts":"2065304934", "pid":"1", "tid":"cice"},
{"name":"ModelAdvance", "ph":"E", "ts":"2065775757", "pid":"1", "tid":"cice"},
{"name":"ModelAdvance", "ph":"B", "ts":"2065897473", "pid":"1", "tid":"cice"},
{"name":"ModelAdvance", "ph":"E", "ts":"2066375636", "pid":"1", "tid":"cice"},
{"name":"ModelAdvance", "ph":"B", "ts":"2066491648", "pid":"1", "tid":"cice"},
{"name":"ModelAdvance", "ph":"E", "ts":"2066969454", "pid":"1", "tid":"cice"},
{"name":"ModelAdvance", "ph":"B", "ts":"2067082374", "pid":"1", "tid":"cice"},
{"name":"ModelAdvance", "ph":"E", "ts":"2067549825", "pid":"1", "tid":"cice"},
{"name":"ModelAdvance", "ph":"B", "ts":"2067673146", "pid":"1", "tid":"cice"},
{"name":"ModelAdvance", "ph":"E", "ts":"2068138355", "pid":"1", "tid":"cice"},
{"name":"ModelFinalize", "ph":"B", "ts":"2068140161", "pid":"1", "tid":"cice"},
{"name":"ModelFinalize", "ph":"E", "ts":"2068140188", "pid":"1", "tid":"cice"},
