{"name":"SetServices", "ph":"B", "ts":"1956722924", "pid":"1", "tid":"cice"},
{"name":"SetServices", "ph":"E", "ts":"1956724745", "pid":"1", "tid":"cice"},
{"name":"InitializeP0", "ph":"B", "ts":"1957521809", "pid":"1", "tid":"cice"},
{"name":"InitializeP0", "ph":"E", "ts":"1957521943", "pid":"1", "tid":"cice"},
{"name":"InitializeAdvertise", "ph":"B", "ts":"1988157213", "pid":"1", "tid":"cice"},
{"name":"InitializeAdvertise", "ph":"E", "ts":"1996535283", "pid":"1", "tid":"cice"},
{"name":"InitializeRealize", "ph":"B", "ts":"2182120638", "pid":"1", "tid":"cice"},
{"name":"InitializeRealize", "ph":"E", "ts":"2197230198", "pid":"1", "tid":"cice"},
{"name":"ModelAdvance", "ph":"B", "ts":"2280594071", "pid":"1", "tid":"cice"},
{"name":"ModelAdvance", "ph":"E", "ts":"2281231764", "pid":"1", "tid":"cice"},
{"name":"ModelAdvance", "ph":"B", "ts":"2284626627", "pid":"1", "tid":"cice"},
{"name":"ModelAdvance", "ph":"E", "ts":"2285107949", "pid":"1", "tid":"cice"},
{"name":"ModelAdvance", "ph":"B", "ts":"2285237743", "pid":"1", "tid":"cice"},
{"name":"ModelAdvance", "ph":"E", "ts":"2285701196", "pid":"1", "tid":"cice"},
{"name":"ModelAdvance", "ph":"B", "ts":"2285840299", "pid":"1", "tid":"cice"},
{"name":"ModelAdvance", "ph":"E", "ts":"2286333523", "pid":"1", "tid":"cice"},
{"name":"ModelAdvance", "ph":"B", "ts":"2286438755", "pid":"1", "tid":"cice"},
{"name":"ModelAdvance", "ph":"E", "ts":"2286918712", "pid":"1", "tid":"cice"},
{"name":"ModelAdvance", "ph":"B", "ts":"2287032983", "pid":"1", "tid":"cice"},
{"name":"ModelAdvance", "ph":"E", "ts":"2287504840", "pid":"1", "tid":"cice"},
{"name":"ModelAdvance", "ph":"B", "ts":"2287663690", "pid":"1", "tid":"cice"},
{"name":"ModelAdvance", "ph":"E", "ts":"2288131119", "pid":"1", "tid":"cice"},
{"name":"ModelAdvance", "ph":"B", "ts":"2288264489", "pid":"1", "tid":"cice"},
{"name":"ModelAdvance", "ph":"E", "ts":"2288754744", "pid":"1", "tid":"cice"},
{"name":"ModelAdvance", "ph":"B", "ts":"2288889877", "pid":"1", "tid":"cice"},
{"name":"ModelAdvance", "ph":"E", "ts":"2289354269", "pid":"1", "tid":"cice"},
{"name":"ModelAdvance", "ph":"B", "ts":"2289497393", "pid":"1", "tid":"cice"},
{"name":"ModelAdvance", "ph":"E", "ts":"2289974659", "pid":"1", "tid":"cice"},
{"name":"ModelAdvance", "ph":"B", "ts":"2290098535", "pid":"1", "tid":"cice"},
{"name":"ModelAdvance", "ph":"E", "ts":"2290568480", "pid":"1", "tid":"cice"},
{"name":"ModelAdvance", "ph":"B", "ts":"2290699758", "pid":"1", "tid":"cice"},
{"name":"ModelAdvance", "ph":"E", "ts":"2291164789", "pid":"1", "tid":"cice"},
{"name":"ModelAdvance", "ph":"B", "ts":"2294807585", "pid":"1", "tid":"cice"},
{"name":"ModelAdvance", "ph":"E", "ts":"2295287184", "pid":"1", "tid":"cice"},
{"name":"ModelAdvance", "ph":"B", "ts":"2295431221", "pid":"1", "tid":"cice"},
{"name":"ModelAdvance", "ph":"E", "ts":"2295907125", "pid":"1", "tid":"cice"},
{"name":"ModelAdvance", "ph":"B", "ts":"2296028449", "pid":"1", "tid":"cice"},
{"name":"ModelAdvance", "ph":"E", "ts":"2296523962", "pid":"1", "tid":"cice"},
{"name":"ModelAdvance", "ph":"B", "ts":"2296635059", "pid":"1", "tid":"cice"},
{"name":"ModelAdvance", "ph":"E", "ts":"2297107375", "pid":"1", "tid":"cice"},
{"name":"ModelAdvance", "ph":"B", "ts":"2297225506", "pid":"1", "tid":"cice"},
{"name":"ModelAdvance", "ph":"E", "ts":"2297687355", "pid":"1", "tid":"cice"},
{"name":"ModelAdvance", "ph":"B", "ts":"2297821003", "pid":"1", "tid":"cice"},
{"name":"ModelAdvance", "ph":"E", "ts":"2298286061", "pid":"1", "tid":"cice"},
{"name":"ModelAdvance", "ph":"B", "ts":"2298412730", "pid":"1", "tid":"cice"},
{"name":"ModelAdvance", "ph":"E", "ts":"2298893289", "pid":"1", "tid":"cice"},
{"name":"ModelAdvance", "ph":"B", "ts":"2299016653", "pid":"1", "tid":"cice"},
{"name":"ModelAdvance", "ph":"E", "ts":"2299488317", "pid":"1", "tid":"cice"},
{"name":"ModelAdvance", "ph":"B", "ts":"2299606381", "pid":"1", "tid":"cice"},
{"name":"ModelAdvance", "ph":"E", "ts":"2300074172", "pid":"1", "tid":"cice"},
{"name":"ModelAdvance", "ph":"B", "ts":"2300201524", "pid":"1", "tid":"cice"},
{"name":"ModelAdvance", "ph":"E", "ts":"2300669051", "pid":"1", "tid":"cice"},
{"name":"ModelAdvance", "ph":"B", "ts":"2300798774", "pid":"1", "tid":"cice"},
{"name":"ModelAdvance", "ph":"E", "ts":"2301263699", "pid":"1", "tid":"cice"},
{"name":"ModelAdvance", "ph":"B", "ts":"2301562734", "pid":"1", "tid":"cice"},
{"name":"ModelAdvance", "ph":"E", "ts":"2302041967", "pid":"1", "tid":"cice"},
{"name":"ModelAdvance", "ph":"B", "ts":"2302170935", "pid":"1", "tid":"cice"},
{"name":"ModelAdvance", "ph":"E", "ts":"2302645074", "pid":"1", "tid":"cice"},
{"name":"ModelAdvance", "ph":"B", "ts":"2303446910", "pid":"1", "tid":"cice"},
{"name":"ModelAdvance", "ph":"E", "ts":"2303921966", "pid":"1", "tid":"cice"},
{"name":"ModelAdvance", "ph":"B", "ts":"2304046375", "pid":"1", "tid":"cice"},
{"name":"ModelAdvance", "ph":"E", "ts":"2304516294", "pid":"1", "tid":"cice"},
{"name":"ModelAdvance", "ph":"B", "ts":"2304643780", "pid":"1", "tid":"cice"},
{"name":"ModelAdvance", "ph":"E", "ts":"2305108061", "pid":"1", "tid":"cice"},
{"name":"ModelAdvance", "ph":"B", "ts":"2305236200", "pid":"1", "tid":"cice"},
{"name":"ModelAdvance", "ph":"E", "ts":"2305705830", "pid":"1", "tid":"cice"},
{"name":"ModelAdvance", "ph":"B", "ts":"2305826743", "pid":"1", "tid":"cice"},
{"name":"ModelAdvance", "ph":"E", "ts":"2306287795", "pid":"1", "tid":"cice"},
{"name":"ModelAdvance", "ph":"B", "ts":"2306414786", "pid":"1", "tid":"cice"},
{"name":"ModelAdvance", "ph":"E", "ts":"2306900513", "pid":"1", "tid":"cice"},
{"name":"ModelAdvance", "ph":"B", "ts":"2307019842", "pid":"1", "tid":"cice"},
{"name":"ModelAdvance", "ph":"E", "ts":"2307490632", "pid":"1", "tid":"cice"},
{"name":"ModelAdvance", "ph":"B", "ts":"2307613826", "pid":"1", "tid":"cice"},
{"name":"ModelAdvance", "ph":"E", "ts":"2308092336", "pid":"1", "tid":"cice"},
{"name":"ModelAdvance", "ph":"B", "ts":"2308205545", "pid":"1", "tid":"cice"},
{"name":"ModelAdvance", "ph":"E", "ts":"2308684886", "pid":"1", "tid":"cice"},
{"name":"ModelAdvance", "ph":"B", "ts":"2308805414", "pid":"1", "tid":"cice"},
{"name":"ModelAdvance", "ph":"E", "ts":"2309284412", "pid":"1", "tid":"cice"},
{"name":"ModelAdvance", "ph":"B", "ts":"2309397066", "pid":"1", "tid":"cice"},
{"name":"ModelAdvance", "ph":"E", "ts":"2309870958", "pid":"1", "tid":"cice"},
{"name":"ModelAdvance", "ph":"B", "ts":"2310011064", "pid":"1", "tid":"cice"},
{"name":"ModelAdvance", "ph":"E", "ts":"2310488930", "pid":"1", "tid":"cice"},
{"name":"ModelAdvance", "ph":"B", "ts":"2310611084", "pid":"1", "tid":"cice"},
{"name":"ModelAdvance", "ph":"E", "ts":"2311078056", "pid":"1", "tid":"cice"},
{"name":"ModelAdvance", "ph":"B", "ts":"2311206509", "pid":"1", "tid":"cice"},
{"name":"ModelAdvance", "ph":"E", "ts":"2311687580", "pid":"1", "tid":"cice"},
{"name":"ModelAdvance", "ph":"B", "ts":"2311806965", "pid":"1", "tid":"cice"},
{"name":"ModelAdvance", "ph":"E", "ts":"2312282846", "pid":"1", "tid":"cice"},
{"name":"ModelAdvance", "ph":"B", "ts":"2312405202", "pid":"1", "tid":"cice"},
{"name":"ModelAdvance", "ph":"E", "ts":"2312887162", "pid":"1", "tid":"cice"},
{"name":"ModelAdvance", "ph":"B", "ts":"2313001263", "pid":"1", "tid":"cice"},
{"name":"ModelAdvance", "ph":"E", "ts":"2313464153", "pid":"1", "tid":"cice"},
{"name":"ModelAdvance", "ph":"B", "ts":"2313592972", "pid":"1", "tid":"cice"},
{"name":"ModelAdvance", "ph":"E", "ts":"2314065347", "pid":"1", "tid":"cice"},
{"name":"ModelAdvance", "ph":"B", "ts":"2314231329", "pid":"1", "tid":"cice"},
{"name":"ModelAdvance", "ph":"E", "ts":"2314702420", "pid":"1", "tid":"cice"},
{"name":"ModelAdvance", "ph":"B", "ts":"2314824688", "pid":"1", "tid":"cice"},
{"name":"ModelAdvance", "ph":"E", "ts":"2315304501", "pid":"1", "tid":"cice"},
{"name":"ModelAdvance", "ph":"B", "ts":"2315437008", "pid":"1", "tid":"cice"},
{"name":"ModelAdvance", "ph":"E", "ts":"2315900828", "pid":"1", "tid":"cice"},
{"name":"ModelAdvance", "ph":"B", "ts":"2316038409", "pid":"1", "tid":"cice"},
{"name":"ModelAdvance", "ph":"E", "ts":"2316511990", "pid":"1", "tid":"cice"},
{"name":"ModelAdvance", "ph":"B", "ts":"2316644485", "pid":"1", "tid":"cice"},
{"name":"ModelAdvance", "ph":"E", "ts":"2317113167", "pid":"1", "tid":"cice"},
{"name":"ModelAdvance", "ph":"B", "ts":"2317248716", "pid":"1", "tid":"cice"},
{"name":"ModelAdvance", "ph":"E", "ts":"2317735106", "pid":"1", "tid":"cice"},
{"name":"ModelAdvance", "ph":"B", "ts":"2318494542", "pid":"1", "tid":"cice"},
{"name":"ModelAdvance", "ph":"E", "ts":"2318965326", "pid":"1", "tid":"cice"},
{"name":"ModelAdvance", "ph":"B", "ts":"2319094238", "pid":"1", "tid":"cice"},
{"name":"ModelAdvance", "ph":"E", "ts":"2319563387", "pid":"1", "tid":"cice"},
{"name":"ModelAdvance", "ph":"B", "ts":"2319696613", "pid":"1", "tid":"cice"},
{"name":"ModelAdvance", "ph":"E", "ts":"2320163939", "pid":"1", "tid":"cice"},
{"name":"ModelAdvance", "ph":"B", "ts":"2320292497", "pid":"1", "tid":"cice"},
{"name":"ModelAdvance", "ph":"E", "ts":"2320772742", "pid":"1", "tid":"cice"},
{"name":"ModelAdvance", "ph":"B", "ts":"2320898146", "pid":"1", "tid":"cice"},
{"name":"ModelAdvance", "ph":"E", "ts":"2321360711", "pid":"1", "tid":"cice"},
{"name":"ModelAdvance", "ph":"B", "ts":"2321488240", "pid":"1", "tid":"cice"},
{"name":"ModelAdvance", "ph":"E", "ts":"2321957126", "pid":"1", "tid":"cice"},
{"name":"ModelAdvance", "ph":"B", "ts":"2322085082", "pid":"1", "tid":"cice"},
{"name":"ModelAdvance", "ph":"E", "ts":"2322565535", "pid":"1", "tid":"cice"},
{"name":"ModelAdvance", "ph":"B", "ts":"2322699927", "pid":"1", "tid":"cice"},
{"name":"ModelAdvance", "ph":"E", "ts":"2323189395", "pid":"1", "tid":"cice"},
{"name":"ModelAdvance", "ph":"B", "ts":"2323324305", "pid":"1", "tid":"cice"},
{"name":"ModelAdvance", "ph":"E", "ts":"2323801169", "pid":"1", "tid":"cice"},
{"name":"ModelAdvance", "ph":"B", "ts":"2323920725", "pid":"1", "tid":"cice"},
{"name":"ModelAdvance", "ph":"E", "ts":"2324390952", "pid":"1", "tid":"cice"},
{"name":"ModelAdvance", "ph":"B", "ts":"2324511596", "pid":"1", "tid":"cice"},
{"name":"ModelAdvance", "ph":"E", "ts":"2324985786", "pid":"1", "tid":"cice"},
{"name":"ModelAdvance", "ph":"B", "ts":"2325139498", "pid":"1", "tid":"cice"},
{"name":"ModelAdvance", "ph":"E", "ts":"2325607841", "pid":"1", "tid":"cice"},
{"name":"ModelAdvance", "ph":"B", "ts":"2325757065", "pid":"1", "tid":"cice"},
{"name":"ModelAdvance", "ph":"E", "ts":"2326224326", "pid":"1", "tid":"cice"},
{"name":"ModelAdvance", "ph":"B", "ts":"2326394308", "pid":"1", "tid":"cice"},
{"name":"ModelAdvance", "ph":"E", "ts":"2326870649", "pid":"1", "tid":"cice"},
{"name":"ModelAdvance", "ph":"B", "ts":"2326988520", "pid":"1", "tid":"cice"},
{"name":"ModelAdvance", "ph":"E", "ts":"2327451238", "pid":"1", "tid":"cice"},
{"name":"ModelAdvance", "ph":"B", "ts":"2327602125", "pid":"1", "tid":"cice"},
{"name":"ModelAdvance", "ph":"E", "ts":"2328083591", "pid":"1", "tid":"cice"},
{"name":"ModelAdvance", "ph":"B", "ts":"2328205840", "pid":"1", "tid":"cice"},
{"name":"ModelAdvance", "ph":"E", "ts":"2328705200", "pid":"1", "tid":"cice"},
{"name":"ModelAdvance", "ph":"B", "ts":"2328826845", "pid":"1", "tid":"cice"},
{"name":"ModelAdvance", "ph":"E", "ts":"2329299123", "pid":"1", "tid":"cice"},
{"name":"ModelAdvance", "ph":"B", "ts":"2329427296", "pid":"1", "tid":"cice"},
{"name":"ModelAdvance", "ph":"E", "ts":"2329904809", "pid":"1", "tid":"cice"},
{"name":"ModelAdvance", "ph":"B", "ts":"2330025216", "pid":"1", "tid":"cice"},
{"name":"ModelAdvance", "ph":"E", "ts":"2330488425", "pid":"1", "tid":"cice"},
{"name":"ModelAdvance", "ph":"B", "ts":"2330618138", "pid":"1", "tid":"cice"},
{"name":"ModelAdvance", "ph":"E", "ts":"2331097578", "pid":"1", "tid":"cice"},
{"name":"ModelAdvance", "ph":"B", "ts":"2331216470", "pid":"1", "tid":"cice"},
{"name":"ModelAdvance", "ph":"E", "ts":"2331685760", "pid":"1", "tid":"cice"},
{"name":"ModelAdvance", "ph":"B", "ts":"2331831106", "pid":"1", "tid":"cice"},
{"name":"ModelAdvance", "ph":"E", "ts":"2332289688", "pid":"1", "tid":"cice"},
{"name":"ModelAdvance", "ph":"B", "ts":"2347911164", "pid":"1", "tid":"cice"},
{"name":"ModelAdvance", "ph":"E", "ts":"2348376229", "pid":"1", "tid":"cice"},
{"name":"ModelAdvance", "ph":"B", "ts":"2349228828", "pid":"1", "tid":"cice"},
{"name":"ModelAdvance", "ph":"E", "ts":"2349698949", "pid":"1", "tid":"cice"},
{"name":"ModelAdvance", "ph":"B", "ts":"2349824537", "pid":"1", "tid":"cice"},
{"name":"ModelAdvance", "ph":"E", "ts":"2350296225", "pid":"1", "tid":"cice"},
{"name":"ModelAdvance", "ph":"B", "ts":"2350425432", "pid":"1", "tid":"cice"},
{"name":"ModelAdvance", "ph":"E", "ts":"2350891307", "pid":"1", "tid":"cice"},
{"name":"ModelAdvance", "ph":"B", "ts":"2351043664", "pid":"1", "tid":"cice"},
{"name":"ModelAdvance", "ph":"E", "ts":"2351514741", "pid":"1", "tid":"cice"},
{"name":"ModelAdvance", "ph":"B", "ts":"2351642193", "pid":"1", "tid":"cice"},
{"name":"ModelAdvance", "ph":"E", "ts":"2352123176", "pid":"1", "tid":"cice"},
{"name":"ModelAdvance", "ph":"B", "ts":"2352255552", "pid":"1", "tid":"cice"},
{"name":"ModelAdvance", "ph":"E", "ts":"2352722867", "pid":"1", "tid":"cice"},
{"name":"ModelAdvance", "ph":"B", "ts":"2352851845", "pid":"1", "tid":"cice"},
{"name":"ModelAdvance", "ph":"E", "ts":"2353318357", "pid":"1", "tid":"cice"},
{"name":"ModelAdvance", "ph":"B", "ts":"2353451850", "pid":"1", "tid":"cice"},
{"name":"ModelAdvance", "ph":"E", "ts":"2353928695", "pid":"1", "tid":"cice"},
{"name":"ModelAdvance", "ph":"B", "ts":"2354050489", "pid":"1", "tid":"cice"},
{"name":"ModelAdvance", "ph":"E", "ts":"2354523814", "pid":"1", "tid":"cice"},
{"name":"ModelAdvance", "ph":"B", "ts":"2354663182", "pid":"1", "tid":"cice"},
{"name":"ModelAdvance", "ph":"E", "ts":"2355133300", "pid":"1", "tid":"cice"},
{"name":"ModelAdvance", "ph":"B", "ts":"2355272790", "pid":"1", "tid":"cice"},
{"name":"ModelAdvance", "ph":"E", "ts":"2355750302", "pid":"1", "tid":"cice"},
{"name":"ModelAdvance", "ph":"B", "ts":"2356008219", "pid":"1", "tid":"cice"},
{"name":"ModelAdvance", "ph":"E", "ts":"2356477136", "pid":"1", "tid":"cice"},
{"name":"ModelAdvance", "ph":"B", "ts":"2356601953", "pid":"1", "tid":"cice"},
{"name":"ModelAdvance", "ph":"E", "ts":"2357076772", "pid":"1", "tid":"cice"},
{"name":"ModelAdvance", "ph":"B", "ts":"2357205255", "pid":"1", "tid":"cice"},
{"name":"ModelAdvance", "ph":"E", "ts":"2357674391", "pid":"1", "tid":"cice"},
{"name":"ModelAdvance", "ph":"B", "ts":"2357800069", "pid":"1", "tid":"cice"},
{"name":"ModelAdvance", "ph":"E", "ts":"2358271505", "pid":"1", "tid":"cice"},
{"name":"ModelAdvance", "ph":"B", "ts":"2358414399", "pid":"1", "tid":"cice"},
{"name":"ModelAdvance", "ph":"E", "ts":"2358883025", "pid":"1", "tid":"cice"},
{"name":"ModelAdvance", "ph":"B", "ts":"2359077314", "pid":"1", "tid":"cice"},
{"name":"ModelAdvance", "ph":"E", "ts":"2359551030", "pid":"1", "tid":"cice"},
{"name":"ModelAdvance", "ph":"B", "ts":"2359678220", "pid":"1", "tid":"cice"},
{"name":"ModelAdvance", "ph":"E", "ts":"2360150519", "pid":"1", "tid":"cice"},
{"name":"ModelAdvance", "ph":"B", "ts":"2360275314", "pid":"1", "tid":"cice"},
{"name":"ModelAdvance", "ph":"E", "ts":"2360744180", "pid":"1", "tid":"cice"},
{"name":"ModelAdvance", "ph":"B", "ts":"2360874868", "pid":"1", "tid":"cice"},
{"name":"ModelAdvance", "ph":"E", "ts":"2361349251", "pid":"1", "tid":"cice"},
{"name":"ModelAdvance", "ph":"B", "ts":"2361480908", "pid":"1", "tid":"cice"},
{"name":"ModelAdvance", "ph":"E", "ts":"2361952751", "pid":"1", "tid":"cice"},
{"name":"ModelAdvance", "ph":"B", "ts":"2362080956", "pid":"1", "tid":"cice"},
{"name":"ModelAdvance", "ph":"E", "ts":"2362557892", "pid":"1", "tid":"cice"},
{"name":"ModelAdvance", "ph":"B", "ts":"2362674727", "pid":"1", "tid":"cice"},
{"name":"ModelAdvance", "ph":"E", "ts":"2363154335", "pid":"1", "tid":"cice"},
{"name":"ModelAdvance", "ph":"B", "ts":"2363298333", "pid":"1", "tid":"cice"},
{"name":"ModelAdvance", "ph":"E", "ts":"2363773858", "pid":"1", "tid":"cice"},
{"name":"ModelAdvance", "ph":"B", "ts":"2364579448", "pid":"1", "tid":"cice"},
{"name":"ModelAdvance", "ph":"E", "ts":"2365048771", "pid":"1", "tid":"cice"},
{"name":"ModelAdvance", "ph":"B", "ts":"2365180471", "pid":"1", "tid":"cice"},
{"name":"ModelAdvance", "ph":"E", "ts":"2365651685", "pid":"1", "tid":"cice"},
{"name":"ModelAdvance", "ph":"B", "ts":"2365786415", "pid":"1", "tid":"cice"},
{"name":"ModelAdvance", "ph":"E", "ts":"2366255913", "pid":"1", "tid":"cice"},
{"name":"ModelAdvance", "ph":"B", "ts":"2366386042", "pid":"1", "tid":"cice"},
{"name":"ModelAdvance", "ph":"E", "ts":"2366858569", "pid":"1", "tid":"cice"},
{"name":"ModelAdvance", "ph":"B", "ts":"2366984030", "pid":"1", "tid":"cice"},
{"name":"ModelAdvance", "ph":"E", "ts":"2367466667", "pid":"1", "tid":"cice"},
{"name":"ModelAdvance", "ph":"B", "ts":"2367601639", "pid":"1", "tid":"cice"},
{"name":"ModelAdvance", "ph":"E", "ts":"2368072176", "pid":"1", "tid":"cice"},
{"name":"ModelAdvance", "ph":"B", "ts":"2368202958", "pid":"1", "tid":"cice"},
{"name":"ModelAdvance", "ph":"E", "ts":"2368668882", "pid":"1", "tid":"cice"},
{"name":"ModelAdvance", "ph":"B", "ts":"2368803748", "pid":"1", "tid":"cice"},
{"name":"ModelAdvance", "ph":"E", "ts":"2369272047", "pid":"1", "tid":"cice"},
{"name":"ModelAdvance", "ph":"B", "ts":"2369440998", "pid":"1", "tid":"cice"},
{"name":"ModelAdvance", "ph":"E", "ts":"2369907282", "pid":"1", "tid":"cice"},
{"name":"ModelAdvance", "ph":"B", "ts":"2370038665", "pid":"1", "tid":"cice"},
{"name":"ModelAdvance", "ph":"E", "ts":"2370514288", "pid":"1", "tid":"cice"},
{"name":"ModelAdvance", "ph":"B", "ts":"2370643201", "pid":"1", "tid":"cice"},
{"name":"ModelAdvance", "ph":"E", "ts":"2371111056", "pid":"1", "tid":"cice"},
{"name":"ModelAdvance", "ph":"B", "ts":"2371252402", "pid":"1", "tid":"cice"},
{"name":"ModelAdvance", "ph":"E", "ts":"2371730928", "pid":"1", "tid":"cice"},
{"name":"ModelAdvance", "ph":"B", "ts":"2371856105", "pid":"1", "tid":"cice"},
{"name":"ModelAdvance", "ph":"E", "ts":"2372327042", "pid":"1", "tid":"cice"},
{"name":"ModelAdvance", "ph":"B", "ts":"2372468210", "pid":"1", "tid":"cice"},
{"name":"ModelAdvance", "ph":"E", "ts":"2372949839", "pid":"1", "tid":"cice"},
{"name":"ModelAdvance", "ph":"B", "ts":"2373076098", "pid":"1", "tid":"cice"},
{"name":"ModelAdvance", "ph":"E", "ts":"2373549409", "pid":"1", "tid":"cice"},
{"name":"ModelAdvance", "ph":"B", "ts":"2373677555", "pid":"1", "tid":"cice"},
{"name":"ModelAdvance", "ph":"E", "ts":"2374142319", "pid":"1", "tid":"cice"},
{"name":"ModelAdvance", "ph":"B", "ts":"2374322375", "pid":"1", "tid":"cice"},
{"name":"ModelAdvance", "ph":"E", "ts":"2374799539", "pid":"1", "tid":"cice"},
{"name":"ModelAdvance", "ph":"B", "ts":"2374994214", "pid":"1", "tid":"cice"},
{"name":"ModelAdvance", "ph":"E", "ts":"2375471953", "pid":"1", "tid":"cice"},
{"name":"ModelAdvance", "ph":"B", "ts":"2375597740", "pid":"1", "tid":"cice"},
{"name":"ModelAdvance", "ph":"E", "ts":"2376080488", "pid":"1", "tid":"cice"},
{"name":"ModelAdvance", "ph":"B", "ts":"2376258894", "pid":"1", "tid":"cice"},
{"name":"ModelAdvance", "ph":"E", "ts":"2376731245", "pid":"1", "tid":"cice"},
{"name":"ModelAdvance", "ph":"B", "ts":"2376866629", "pid":"1", "tid":"cice"},
{"name":"ModelAdvance", "ph":"E", "ts":"2377341534", "pid":"1", "tid":"cice"},
{"name":"ModelAdvance", "ph":"B", "ts":"2377471801", "pid":"1", "tid":"cice"},
{"name":"ModelAdvance", "ph":"E", "ts":"2377955127", "pid":"1", "tid":"cice"},
{"name":"ModelAdvance", "ph":"B", "ts":"2378093969", "pid":"1", "tid":"cice"},
{"name":"ModelAdvance", "ph":"E", "ts":"2378571465", "pid":"1", "tid":"cice"},
{"name":"ModelAdvance", "ph":"B", "ts":"2378723113", "pid":"1", "tid":"cice"},
{"name":"ModelAdvance", "ph":"E", "ts":"2379190570", "pid":"1", "tid":"cice"},
{"name":"ModelAdvance", "ph":"B", "ts":"2379979220", "pid":"1", "tid":"cice"},
{"name":"ModelAdvance", "ph":"E", "ts":"2380458893", "pid":"1", "tid":"cice"},
{"name":"ModelAdvance", "ph":"B", "ts":"2380582572", "pid":"1", "tid":"cice"},
{"name":"ModelAdvance", "ph":"E", "ts":"2381061422", "pid":"1", "tid":"cice"},
{"name":"ModelAdvance", "ph":"B", "ts":"2381225733", "pid":"1", "tid":"cice"},
{"name":"ModelAdvance", "ph":"E", "ts":"2381694187", "pid":"1", "tid":"cice"},
{"name":"ModelAdvance", "ph":"B", "ts":"2381843421", "pid":"1", "tid":"cice"},
{"name":"ModelAdvance", "ph":"E", "ts":"2382317645", "pid":"1", "tid":"cice"},
{"name":"ModelAdvance", "ph":"B", "ts":"2382462063", "pid":"1", "tid":"cice"},
{"name":"ModelAdvance", "ph":"E", "ts":"2382947542", "pid":"1", "tid":"cice"},
{"name":"ModelAdvance", "ph":"B", "ts":"2383068489", "pid":"1", "tid":"cice"},
{"name":"ModelAdvance", "ph":"E", "ts":"2383549102", "pid":"1", "tid":"cice"},
{"name":"ModelAdvance", "ph":"B", "ts":"2383667466", "pid":"1", "tid":"cice"},
{"name":"ModelAdvance", "ph":"E", "ts":"2384148205", "pid":"1", "tid":"cice"},
{"name":"ModelAdvance", "ph":"B", "ts":"2384278691", "pid":"1", "tid":"cice"},
{"name":"ModelAdvance", "ph":"E", "ts":"2384739915", "pid":"1", "tid":"cice"},
{"name":"ModelAdvance", "ph":"B", "ts":"2384901314", "pid":"1", "tid":"cice"},
{"name":"ModelAdvance", "ph":"E", "ts":"2385367392", "pid":"1", "tid":"cice"},
{"name":"ModelAdvance", "ph":"B", "ts":"2385505278", "pid":"1", "tid":"cice"},
{"name":"ModelAdvance", "ph":"E", "ts":"2385982751", "pid":"1", "tid":"cice"},
{"name":"ModelAdvance", "ph":"B", "ts":"2386112537", "pid":"1", "tid":"cice"},
{"name":"ModelAdvance", "ph":"E", "ts":"2386584160", "pid":"1", "tid":"cice"},
{"name":"ModelAdvance", "ph":"B", "ts":"2386722408", "pid":"1", "tid":"cice"},
{"name":"ModelAdvance", "ph":"E", "ts":"2387199847", "pid":"1", "tid":"cice"},
{"name":"ModelAdvance", "ph":"B", "ts":"2387375133", "pid":"1", "tid":"cice"},
{"name":"ModelAdvance", "ph":"E", "ts":"2387840009", "pid":"1", "tid":"cice"},
{"name":"ModelAdvance", "ph":"B", "ts":"2387973191", "pid":"1", "tid":"cice"},
{"name":"ModelAdvance", "ph":"E", "ts":"2388440233", "pid":"1", "tid":"cice"},
{"name":"ModelAdvance", "ph":"B", "ts":"2388579666", "pid":"1", "tid":"cice"},
{"name":"ModelAdvance", "ph":"E", "ts":"2389053522", "pid":"1", "tid":"cice"},
{"name":"ModelAdvance", "ph":"B", "ts":"2389211680", "pid":"1", "tid":"cice"},
{"name":"ModelAdvance", "ph":"E", "ts":"2389680540", "pid":"1", "tid":"cice"},
{"name":"ModelAdvance", "ph":"B", "ts":"2389815180", "pid":"1", "tid":"cice"},
{"name":"ModelAdvance", "ph":"E", "ts":"2390288070", "pid":"1", "tid":"cice"},
{"name":"ModelAdvance", "ph":"B", "ts":"2390440931", "pid":"1", "tid":"cice"},
{"name":"ModelAdvance", "ph":"E", "ts":"2390915300", "pid":"1", "tid":"cice"},
{"name":"ModelAdvance", "ph":"B", "ts":"2391049017", "pid":"1", "tid":"cice"},
{"name":"ModelAdvance", "ph":"E", "ts":"2391518396", "pid":"1", "tid":"cice"},
{"name":"ModelAdvance", "ph":"B", "ts":"2391648925", "pid":"1", "tid":"cice"},
{"name":"ModelAdvance", "ph":"E", "ts":"2392125181", "pid":"1", "tid":"cice"},
{"name":"ModelAdvance", "ph":"B", "ts":"2392253213", "pid":"1", "tid":"cice"},
{"name":"ModelAdvance", "ph":"E", "ts":"2392719675", "pid":"1", "tid":"cice"},
{"name":"ModelAdvance", "ph":"B", "ts":"2392856605", "pid":"1", "tid":"cice"},
{"name":"ModelAdvance", "ph":"E", "ts":"2393343176", "pid":"1", "tid":"cice"},
{"name":"ModelAdvance", "ph":"B", "ts":"2393486022", "pid":"1", "tid":"cice"},
{"name":"ModelAdvance", "ph":"E", "ts":"2394057518", "pid":"1", "tid":"cice"},
{"name":"ModelAdvance", "ph":"B", "ts":"2394109793", "pid":"1", "tid":"cice"},
{"name":"ModelAdvance", "ph":"E", "ts":"2394584498", "pid":"1", "tid":"cice"},
{"name":"ModelAdvance", "ph":"B", "ts":"2395385382", "pid":"1", "tid":"cice"},
{"name":"ModelAdvance", "ph":"E", "ts":"2395855747", "pid":"1", "tid":"cice"},
{"name":"ModelAdvance", "ph":"B", "ts":"2395988813", "pid":"1", "tid":"cice"},
{"name":"ModelAdvance", "ph":"E", "ts":"2396453460", "pid":"1", "tid":"cice"},
{"name":"ModelAdvance", "ph":"B", "ts":"2396589157", "pid":"1", "tid":"cice"},
{"name":"ModelAdvance", "ph":"E", "ts":"2397056843", "pid":"1", "tid":"cice"},
{"name":"ModelAdvance", "ph":"B", "ts":"2397185219", "pid":"1", "tid":"cice"},
{"name":"ModelAdvance", "ph":"E", "ts":"2397649954", "pid":"1", "tid":"cice"},
{"name":"ModelAdvance", "ph":"B", "ts":"2397809792", "pid":"1", "tid":"cice"},
{"name":"ModelAdvance", "ph":"E", "ts":"2398290630", "pid":"1", "tid":"cice"},
{"name":"ModelAdvance", "ph":"B", "ts":"2398412200", "pid":"1", "tid":"cice"},
{"name":"ModelAdvance", "ph":"E", "ts":"2398887141", "pid":"1", "tid":"cice"},
{"name":"ModelAdvance", "ph":"B", "ts":"2399018165", "pid":"1", "tid":"cice"},
{"name":"ModelAdvance", "ph":"E", "ts":"2399497463", "pid":"1", "tid":"cice"},
{"name":"ModelAdvance", "ph":"B", "ts":"2399664335", "pid":"1", "tid":"cice"},
{"name":"ModelAdvance", "ph":"E", "ts":"2400138022", "pid":"1", "tid":"cice"},
{"name":"ModelAdvance", "ph":"B", "ts":"2400263042", "pid":"1", "tid":"cice"},
{"name":"ModelAdvance", "ph":"E", "ts":"2400733124", "pid":"1", "tid":"cice"},
{"name":"ModelAdvance", "ph":"B", "ts":"2400868145", "pid":"1", "tid":"cice"},
{"name":"ModelAdvance", "ph":"E", "ts":"2401334027", "pid":"1", "tid":"cice"},
{"name":"ModelAdvance", "ph":"B", "ts":"2401467617", "pid":"1", "tid":"cice"},
{"name":"ModelAdvance", "ph":"E", "ts":"2401934843", "pid":"1", "tid":"cice"},
{"name":"ModelAdvance", "ph":"B", "ts":"2402083429", "pid":"1", "tid":"cice"},
{"name":"ModelAdvance", "ph":"E", "ts":"2402547368", "pid":"1", "tid":"cice"},
{"name":"ModelAdvance", "ph":"B", "ts":"2402679210", "pid":"1", "tid":"cice"},
{"name":"ModelAdvance", "ph":"E", "ts":"2403150489", "pid":"1", "tid":"cice"},
{"name":"ModelAdvance", "ph":"B", "ts":"2403282458", "pid":"1", "tid":"cice"},
{"name":"ModelAdvance", "ph":"E", "ts":"2403745875", "pid":"1", "tid":"cice"},
{"name":"ModelAdvance", "ph":"B", "ts":"2403882630", "pid":"1", "tid":"cice"},
{"name":"ModelAdvance", "ph":"E", "ts":"2404361284", "pid":"1", "tid":"cice"},
{"name":"ModelAdvance", "ph":"B", "ts":"2404493558", "pid":"1", "tid":"cice"},
{"name":"ModelAdvance", "ph":"E", "ts":"2404960625", "pid":"1", "tid":"cice"},
{"name":"ModelAdvance", "ph":"B", "ts":"2405092457", "pid":"1", "tid":"cice"},
{"name":"ModelAdvance", "ph":"E", "ts":"2405560525", "pid":"1", "tid":"cice"},
{"name":"ModelAdvance", "ph":"B", "ts":"2405690405", "pid":"1", "tid":"cice"},
{"name":"ModelAdvance", "ph":"E", "ts":"2406163066", "pid":"1", "tid":"cice"},
{"name":"ModelAdvance", "ph":"B", "ts":"2406291400", "pid":"1", "tid":"cice"},
{"name":"ModelAdvance", "ph":"E", "ts":"2406760614", "pid":"1", "tid":"cice"},
{"name":"ModelAdvance", "ph":"B", "ts":"2406896157", "pid":"1", "tid":"cice"},
{"name":"ModelAdvance", "ph":"E", "ts":"2407359448", "pid":"1", "tid":"cice"},
{"name":"ModelAdvance", "ph":"B", "ts":"2407495837", "pid":"1", "tid":"cice"},
{"name":"ModelAdvance", "ph":"E", "ts":"2407971238", "pid":"1", "tid":"cice"},
{"name":"ModelAdvance", "ph":"B", "ts":"2408090448", "pid":"1", "tid":"cice"},
{"name":"ModelAdvance", "ph":"E", "ts":"2408569080", "pid":"1", "tid":"cice"},
{"name":"ModelAdvance", "ph":"B", "ts":"2408694697", "pid":"1", "tid":"cice"},
{"name":"ModelAdvance", "ph":"E", "ts":"2409162900", "pid":"1", "tid":"cice"},
{"name":"ModelAdvance", "ph":"B", "ts":"2409324970", "pid":"1", "tid":"cice"},
{"name":"ModelAdvance", "ph":"E", "ts":"2409794995", "pid":"1", "tid":"cice"},
{"name":"ModelAdvance", "ph":"B", "ts":"2410591978", "pid":"1", "tid":"cice"},
{"name":"ModelAdvance", "ph":"E", "ts":"2411068965", "pid":"1", "tid":"cice"},
{"name":"ModelAdvance", "ph":"B", "ts":"2411192668", "pid":"1", "tid":"cice"},
{"name":"ModelAdvance", "ph":"E", "ts":"2411659621", "pid":"1", "tid":"cice"},
{"name":"ModelAdvance", "ph":"B", "ts":"2411787944", "pid":"1", "tid":"cice"},
{"name":"ModelAdvance", "ph":"E", "ts":"2412266728", "pid":"1", "tid":"cice"},
{"name":"ModelAdvance", "ph":"B", "ts":"2412388444", "pid":"1", "tid":"cice"},
{"name":"ModelAdvance", "ph":"E", "ts":"2412873696", "pid":"1", "tid":"cice"},
{"name":"ModelAdvance", "ph":"B", "ts":"2412994681", "pid":"1", "tid":"cice"},
{"name":"ModelAdvance", "ph":"E", "ts":"2413467067", "pid":"1", "tid":"cice"},
{"name":"ModelAdvance", "ph":"B", "ts":"2413603251", "pid":"1", "tid":"cice"},
{"name":"ModelAdvance", "ph":"E", "ts":"2414075337", "pid":"1", "tid":"cice"},
{"name":"ModelAdvance", "ph":"B", "ts":"2414215528", "pid":"1", "tid":"cice"},
{"name":"ModelAdvance", "ph":"E", "ts":"2414697830", "pid":"1", "tid":"cice"},
{"name":"ModelAdvance", "ph":"B", "ts":"2414847296", "pid":"1", "tid":"cice"},
{"name":"ModelAdvance", "ph":"E", "ts":"2415323117", "pid":"1", "tid":"cice"},
{"name":"ModelAdvance", "ph":"B", "ts":"2415460450", "pid":"1", "tid":"cice"},
{"name":"ModelAdvance", "ph":"E", "ts":"2415940659", "pid":"1", "tid":"cice"},
{"name":"ModelAdvance", "ph":"B", "ts":"2416120647", "pid":"1", "tid":"cice"},
{"name":"ModelAdvance", "ph":"E", "ts":"2416587984", "pid":"1", "tid":"cice"},
{"name":"ModelAdvance", "ph":"B", "ts":"2416785364", "pid":"1", "tid":"cice"},
{"name":"ModelAdvance", "ph":"E", "ts":"2417262169", "pid":"1", "tid":"cice"},
{"name":"ModelAdvance", "ph":"B", "ts":"2417455769", "pid":"1", "tid":"cice"},
{"name":"ModelAdvance", "ph":"E", "ts":"2417932653", "pid":"1", "tid":"cice"},
{"name":"ModelAdvance", "ph":"B", "ts":"2418083508", "pid":"1", "tid":"cice"},
{"name":"ModelAdvance", "ph":"E", "ts":"2418558514", "pid":"1", "tid":"cice"},
{"name":"ModelAdvance", "ph":"B", "ts":"2418762594", "pid":"1", "tid":"cice"},
{"name":"ModelAdvance", "ph":"E", "ts":"2419228727", "pid":"1", "tid":"cice"},
{"name":"ModelAdvance", "ph":"B", "ts":"2419396121", "pid":"1", "tid":"cice"},
{"name":"ModelAdvance", "ph":"E", "ts":"2419870581", "pid":"1", "tid":"cice"},
{"name":"ModelAdvance", "ph":"B", "ts":"2420056665", "pid":"1", "tid":"cice"},
{"name":"ModelAdvance", "ph":"E", "ts":"2420522622", "pid":"1", "tid":"cice"},
{"name":"ModelAdvance", "ph":"B", "ts":"2420724215", "pid":"1", "tid":"cice"},
{"name":"ModelAdvance", "ph":"E", "ts":"2421203810", "pid":"1", "tid":"cice"},
{"name":"ModelAdvance", "ph":"B", "ts":"2421344789", "pid":"1", "tid":"cice"},
{"name":"ModelAdvance", "ph":"E", "ts":"2421814954", "pid":"1", "tid":"cice"},
{"name":"ModelAdvance", "ph":"B", "ts":"2421969930", "pid":"1", "tid":"cice"},
{"name":"ModelAdvance", "ph":"E", "ts":"2422447088", "pid":"1", "tid":"cice"},
{"name":"ModelAdvance", "ph":"B", "ts":"2422602460", "pid":"1", "tid":"cice"},
{"name":"ModelAdvance", "ph":"E", "ts":"2423079523", "pid":"1", "tid":"cice"},
{"name":"ModelAdvance", "ph":"B", "ts":"2423247506", "pid":"1", "tid":"cice"},
{"name":"ModelAdvance", "ph":"E", "ts":"2423725547", "pid":"1", "tid":"cice"},
{"name":"ModelAdvance", "ph":"B", "ts":"2423917510", "pid":"1", "tid":"cice"},
{"name":"ModelAdvance", "ph":"E", "ts":"2424386868", "pid":"1", "tid":"cice"},
{"name":"ModelAdvance", "ph":"B", "ts":"2424596037", "pid":"1", "tid":"cice"},
{"name":"ModelAdvance", "ph":"E", "ts":"2425070343", "pid":"1", "tid":"cice"},
{"name":"ModelAdvance", "ph":"B", "ts":"2425267821", "pid":"1", "tid":"cice"},
{"name":"ModelAdvance", "ph":"E", "ts":"2425739345", "pid":"1", "tid":"cice"},
{"name":"ModelAdvance", "ph":"B", "ts":"2426473466", "pid":"1", "tid":"cice"},
{"name":"ModelAdvance", "ph":"E", "ts":"2426936263", "pid":"1", "tid":"cice"},
{"name":"ModelAdvance", "ph":"B", "ts":"2427084410", "pid":"1", "tid":"cice"},
{"name":"ModelAdvance", "ph":"E", "ts":"2427549780", "pid":"1", "tid":"cice"},
{"name":"ModelAdvance", "ph":"B", "ts":"2427699295", "pid":"1", "tid":"cice"},
{"name":"ModelAdvance", "ph":"E", "ts":"2428161793", "pid":"1", "tid":"cice"},
{"name":"ModelAdvance", "ph":"B", "ts":"2428375168", "pid":"1", "tid":"cice"},
{"name":"ModelAdvance", "ph":"E", "ts":"2428854745", "pid":"1", "tid":"cice"},
{"name":"ModelAdvance", "ph":"B", "ts":"2428990588", "pid":"1", "tid":"cice"},
{"name":"ModelAdvance", "ph":"E", "ts":"2429458316", "pid":"1", "tid":"cice"},
{"name":"ModelAdvance", "ph":"B", "ts":"2429679005", "pid":"1", "tid":"cice"},
{"name":"ModelAdvance", "ph":"E", "ts":"2430172274", "pid":"1", "tid":"cice"},
{"name":"ModelAdvance", "ph":"B", "ts":"2430333205", "pid":"1", "tid":"cice"},
{"name":"ModelAdvance", "ph":"E", "ts":"2430811627", "pid":"1", "tid":"cice"},
{"name":"ModelAdvance", "ph":"B", "ts":"2430971132", "pid":"1", "tid":"cice"},
{"name":"ModelAdvance", "ph":"E", "ts":"2431440484", "pid":"1", "tid":"cice"},
{"name":"ModelAdvance", "ph":"B", "ts":"2431591828", "pid":"1", "tid":"cice"},
{"name":"ModelAdvance", "ph":"E", "ts":"2432067020", "pid":"1", "tid":"cice"},
{"name":"ModelAdvance", "ph":"B", "ts":"2432217440", "pid":"1", "tid":"cice"},
{"name":"ModelAdvance", "ph":"E", "ts":"2432687167", "pid":"1", "tid":"cice"},
{"name":"ModelAdvance", "ph":"B", "ts":"2432845049", "pid":"1", "tid":"cice"},
{"name":"ModelAdvance", "ph":"E", "ts":"2433324724", "pid":"1", "tid":"cice"},
{"name":"ModelAdvance", "ph":"B", "ts":"2433545787", "pid":"1", "tid":"cice"},
{"name":"ModelAdvance", "ph":"E", "ts":"2434016757", "pid":"1", "tid":"cice"},
{"name":"ModelAdvance", "ph":"B", "ts":"2434173158", "pid":"1", "tid":"cice"},
{"name":"ModelAdvance", "ph":"E", "ts":"2434648727", "pid":"1", "tid":"cice"},
{"name":"ModelAdvance", "ph":"B", "ts":"2434849742", "pid":"1", "tid":"cice"},
{"name":"ModelAdvance", "ph":"E", "ts":"2435321736", "pid":"1", "tid":"cice"},
{"name":"ModelAdvance", "ph":"B", "ts":"2435482867", "pid":"1", "tid":"cice"},
{"name":"ModelAdvance", "ph":"E", "ts":"2435950482", "pid":"1", "tid":"cice"},
{"name":"ModelAdvance", "ph":"B", "ts":"2436143373", "pid":"1", "tid":"cice"},
{"name":"ModelAdvance", "ph":"E", "ts":"2436622602", "pid":"1", "tid":"cice"},
{"name":"ModelAdvance", "ph":"B", "ts":"2436778942", "pid":"1", "tid":"cice"},
{"name":"ModelAdvance", "ph":"E", "ts":"2437258925", "pid":"1", "tid":"cice"},
{"name":"ModelAdvance", "ph":"B", "ts":"2437405226", "pid":"1", "tid":"cice"},
{"name":"ModelAdvance", "ph":"E", "ts":"2437880398", "pid":"1", "tid":"cice"},
{"name":"ModelAdvance", "ph":"B", "ts":"2438077394", "pid":"1", "tid":"cice"},
{"name":"ModelAdvance", "ph":"E", "ts":"2438548920", "pid":"1", "tid":"cice"},
{"name":"ModelAdvance", "ph":"B", "ts":"2438713827", "pid":"1", "tid":"cice"},
{"name":"ModelAdvance", "ph":"E", "ts":"2439188183", "pid":"1", "tid":"cice"},
{"name":"ModelAdvance", "ph":"B", "ts":"2439365777", "pid":"1", "tid":"cice"},
{"name":"ModelAdvance", "ph":"E", "ts":"2439835908", "pid":"1", "tid":"cice"},
{"name":"ModelAdvance", "ph":"B", "ts":"2440031237", "pid":"1", "tid":"cice"},
{"name":"ModelAdvance", "ph":"E", "ts":"2440500413", "pid":"1", "tid":"cice"},
{"name":"ModelAdvance", "ph":"B", "ts":"2440651336", "pid":"1", "tid":"cice"},
{"name":"ModelAdvance", "ph":"E", "ts":"2441136525", "pid":"1", "tid":"cice"},
{"name":"ModelAdvance", "ph":"B", "ts":"2441350322", "pid":"1", "tid":"cice"},
{"name":"ModelAdvance", "ph":"E", "ts":"2441825027", "pid":"1", "tid":"cice"},
{"name":"ModelAdvance", "ph":"B", "ts":"2442703622", "pid":"1", "tid":"cice"},
{"name":"ModelAdvance", "ph":"E", "ts":"2443188912", "pid":"1", "tid":"cice"},
{"name":"ModelAdvance", "ph":"B", "ts":"2443347357", "pid":"1", "tid":"cice"},
{"name":"ModelAdvance", "ph":"E", "ts":"2443815967", "pid":"1", "tid":"cice"},
{"name":"ModelAdvance", "ph":"B", "ts":"2443985010", "pid":"1", "tid":"cice"},
{"name":"ModelAdvance", "ph":"E", "ts":"2444465480", "pid":"1", "tid":"cice"},
{"name":"ModelAdvance", "ph":"B", "ts":"2444668641", "pid":"1", "tid":"cice"},
{"name":"ModelAdvance", "ph":"E", "ts":"2445137704", "pid":"1", "tid":"cice"},
{"name":"ModelAdvance", "ph":"B", "ts":"2445333829", "pid":"1", "tid":"cice"},
{"name":"ModelAdvance", "ph":"E", "ts":"2445801492", "pid":"1", "tid":"cice"},
{"name":"ModelAdvance", "ph":"B", "ts":"2445949678", "pid":"1", "tid":"cice"},
{"name":"ModelAdvance", "ph":"E", "ts":"2446416443", "pid":"1", "tid":"cice"},
{"name":"ModelAdvance", "ph":"B", "ts":"2446567478", "pid":"1", "tid":"cice"},
{"name":"ModelAdvance", "ph":"E", "ts":"2447033963", "pid":"1", "tid":"cice"},
{"name":"ModelAdvance", "ph":"B", "ts":"2447202413", "pid":"1", "tid":"cice"},
{"name":"ModelAdvance", "ph":"E", "ts":"2447671690", "pid":"1", "tid":"cice"},
{"name":"ModelAdvance", "ph":"B", "ts":"2447821163", "pid":"1", "tid":"cice"},
{"name":"ModelAdvance", "ph":"E", "ts":"2448292134", "pid":"1", "tid":"cice"},
{"name":"ModelAdvance", "ph":"B", "ts":"2448455787", "pid":"1", "tid":"cice"},
{"name":"ModelAdvance", "ph":"E", "ts":"2448928694", "pid":"1", "tid":"cice"},
{"name":"ModelAdvance", "ph":"B", "ts":"2449090527", "pid":"1", "tid":"cice"},
{"name":"ModelAdvance", "ph":"E", "ts":"2449556464", "pid":"1", "tid":"cice"},
{"name":"ModelAdvance", "ph":"B", "ts":"2449768469", "pid":"1", "tid":"cice"},
{"name":"ModelAdvance", "ph":"E", "ts":"2450243568", "pid":"1", "tid":"cice"},
{"name":"ModelAdvance", "ph":"B", "ts":"2450403391", "pid":"1", "tid":"cice"},
{"name":"ModelAdvance", "ph":"E", "ts":"2450867284", "pid":"1", "tid":"cice"},
{"name":"ModelAdvance", "ph":"B", "ts":"2451014780", "pid":"1", "tid":"cice"},
{"name":"ModelAdvance", "ph":"E", "ts":"2451479574", "pid":"1", "tid":"cice"},
{"name":"ModelAdvance", "ph":"B", "ts":"2451630154", "pid":"1", "tid":"cice"},
{"name":"ModelAdvance", "ph":"E", "ts":"2452096728", "pid":"1", "tid":"cice"},
{"name":"ModelAdvance", "ph":"B", "ts":"2452238939", "pid":"1", "tid":"cice"},
{"name":"ModelAdvance", "ph":"E", "ts":"2452715927", "pid":"1", "tid":"cice"},
{"name":"ModelAdvance", "ph":"B", "ts":"2452901944", "pid":"1", "tid":"cice"},
{"name":"ModelAdvance", "ph":"E", "ts":"2453386742", "pid":"1", "tid":"cice"},
{"name":"ModelAdvance", "ph":"B", "ts":"2453536043", "pid":"1", "tid":"cice"},
{"name":"ModelAdvance", "ph":"E", "ts":"2454002672", "pid":"1", "tid":"cice"},
{"name":"ModelAdvance", "ph":"B", "ts":"2454146103", "pid":"1", "tid":"cice"},
{"name":"ModelAdvance", "ph":"E", "ts":"2454619147", "pid":"1", "tid":"cice"},
{"name":"ModelAdvance", "ph":"B", "ts":"2454828620", "pid":"1", "tid":"cice"},
{"name":"ModelAdvance", "ph":"E", "ts":"2455294038", "pid":"1", "tid":"cice"},
{"name":"ModelAdvance", "ph":"B", "ts":"2455502462", "pid":"1", "tid":"cice"},
{"name":"ModelAdvance", "ph":"E", "ts":"2455996573", "pid":"1", "tid":"cice"},
{"name":"ModelAdvance", "ph":"B", "ts":"2456121853", "pid":"1", "tid":"cice"},
{"name":"ModelAdvance", "ph":"E", "ts":"2456595207", "pid":"1", "tid":"cice"},
{"name":"ModelAdvance", "ph":"B", "ts":"2456733751", "pid":"1", "tid":"cice"},
{"name":"ModelAdvance", "ph":"E", "ts":"2457199988", "pid":"1", "tid":"cice"},
{"name":"ModelAdvance", "ph":"B", "ts":"2457347532", "pid":"1", "tid":"cice"},
{"name":"ModelAdvance", "ph":"E", "ts":"2457830404", "pid":"1", "tid":"cice"},
{"name":"ModelAdvance", "ph":"B", "ts":"2458665623", "pid":"1", "tid":"cice"},
{"name":"ModelAdvance", "ph":"E", "ts":"2459128539", "pid":"1", "tid":"cice"},
{"name":"ModelAdvance", "ph":"B", "ts":"2459278198", "pid":"1", "tid":"cice"},
{"name":"ModelAdvance", "ph":"E", "ts":"2459750340", "pid":"1", "tid":"cice"},
{"name":"ModelAdvance", "ph":"B", "ts":"2459936074", "pid":"1", "tid":"cice"},
{"name":"ModelAdvance", "ph":"E", "ts":"2460404250", "pid":"1", "tid":"cice"},
{"name":"ModelAdvance", "ph":"B", "ts":"2460621348", "pid":"1", "tid":"cice"},
{"name":"ModelAdvance", "ph":"E", "ts":"2461093950", "pid":"1", "tid":"cice"},
{"name":"ModelAdvance", "ph":"B", "ts":"2461261480", "pid":"1", "tid":"cice"},
{"name":"ModelAdvance", "ph":"E", "ts":"2461735899", "pid":"1", "tid":"cice"},
{"name":"ModelAdvance", "ph":"B", "ts":"2461936177", "pid":"1", "tid":"cice"},
{"name":"ModelAdvance", "ph":"E", "ts":"2462404187", "pid":"1", "tid":"cice"},
{"name":"ModelAdvance", "ph":"B", "ts":"2462628895", "pid":"1", "tid":"cice"},
{"name":"ModelAdvance", "ph":"E", "ts":"2463095935", "pid":"1", "tid":"cice"},
{"name":"ModelAdvance", "ph":"B", "ts":"2463306446", "pid":"1", "tid":"cice"},
{"name":"ModelAdvance", "ph":"E", "ts":"2463768615", "pid":"1", "tid":"cice"},
{"name":"ModelAdvance", "ph":"B", "ts":"2463988501", "pid":"1", "tid":"cice"},
{"name":"ModelAdvance", "ph":"E", "ts":"2464454644", "pid":"1", "tid":"cice"},
{"name":"ModelAdvance", "ph":"B", "ts":"2464671599", "pid":"1", "tid":"cice"},
{"name":"ModelAdvance", "ph":"E", "ts":"2465138432", "pid":"1", "tid":"cice"},
{"name":"ModelAdvance", "ph":"B", "ts":"2465329582", "pid":"1", "tid":"cice"},
{"name":"ModelAdvance", "ph":"E", "ts":"2465793653", "pid":"1", "tid":"cice"},
{"name":"ModelAdvance", "ph":"B", "ts":"2466029501", "pid":"1", "tid":"cice"},
{"name":"ModelAdvance", "ph":"E", "ts":"2466494799", "pid":"1", "tid":"cice"},
{"name":"ModelAdvance", "ph":"B", "ts":"2466668820", "pid":"1", "tid":"cice"},
{"name":"ModelAdvance", "ph":"E", "ts":"2467142969", "pid":"1", "tid":"cice"},
{"name":"ModelAdvance", "ph":"B", "ts":"2467297654", "pid":"1", "tid":"cice"},
{"name":"ModelAdvance", "ph":"E", "ts":"2467770297", "pid":"1", "tid":"cice"},
{"name":"ModelAdvance", "ph":"B", "ts":"2467990595", "pid":"1", "tid":"cice"},
{"name":"ModelAdvance", "ph":"E", "ts":"2468452410", "pid":"1", "tid":"cice"},
{"name":"ModelAdvance", "ph":"B", "ts":"2468659398", "pid":"1", "tid":"cice"},
{"name":"ModelAdvance", "ph":"E", "ts":"2469129826", "pid":"1", "tid":"cice"},
{"name":"ModelAdvance", "ph":"B", "ts":"2469337800", "pid":"1", "tid":"cice"},
{"name":"ModelAdvance", "ph":"E", "ts":"2469807386", "pid":"1", "tid":"cice"},
{"name":"ModelAdvance", "ph":"B", "ts":"2470013496", "pid":"1", "tid":"cice"},
{"name":"ModelAdvance", "ph":"E", "ts":"2470485243", "pid":"1", "tid":"cice"},
{"name":"ModelAdvance", "ph":"B", "ts":"2470693340", "pid":"1", "tid":"cice"},
{"name":"ModelAdvance", "ph":"E", "ts":"2471162307", "pid":"1", "tid":"cice"},
{"name":"ModelAdvance", "ph":"B", "ts":"2471391054", "pid":"1", "tid":"cice"},
{"name":"ModelAdvance", "ph":"E", "ts":"2471863714", "pid":"1", "tid":"cice"},
{"name":"ModelAdvance", "ph":"B", "ts":"2472029838", "pid":"1", "tid":"cice"},
{"name":"ModelAdvance", "ph":"E", "ts":"2472500729", "pid":"1", "tid":"cice"},
{"name":"ModelAdvance", "ph":"B", "ts":"2472689307", "pid":"1", "tid":"cice"},
{"name":"ModelAdvance", "ph":"E", "ts":"2473147411", "pid":"1", "tid":"cice"},
{"name":"ModelAdvance", "ph":"B", "ts":"2473332565", "pid":"1", "tid":"cice"},
{"name":"ModelAdvance", "ph":"E", "ts":"2473806113", "pid":"1", "tid":"cice"},
{"name":"ModelAdvance", "ph":"B", "ts":"2474064512", "pid":"1", "tid":"cice"},
{"name":"ModelAdvance", "ph":"E", "ts":"2474531019", "pid":"1", "tid":"cice"},
{"name":"ModelAdvance", "ph":"B", "ts":"2475354373", "pid":"1", "tid":"cice"},
{"name":"ModelAdvance", "ph":"E", "ts":"2475828436", "pid":"1", "tid":"cice"},
{"name":"ModelAdvance", "ph":"B", "ts":"2475971867", "pid":"1", "tid":"cice"},
{"name":"ModelAdvance", "ph":"E", "ts":"2476435897", "pid":"1", "tid":"cice"},
{"name":"ModelAdvance", "ph":"B", "ts":"2476656400", "pid":"1", "tid":"cice"},
{"name":"ModelAdvance", "ph":"E", "ts":"2477126504", "pid":"1", "tid":"cice"},
{"name":"ModelAdvance", "ph":"B", "ts":"2477278898", "pid":"1", "tid":"cice"},
{"name":"ModelAdvance", "ph":"E", "ts":"2477747332", "pid":"1", "tid":"cice"},
{"name":"ModelAdvance", "ph":"B", "ts":"2477889402", "pid":"1", "tid":"cice"},
{"name":"ModelAdvance", "ph":"E", "ts":"2478355373", "pid":"1", "tid":"cice"},
{"name":"ModelAdvance", "ph":"B", "ts":"2478513645", "pid":"1", "tid":"cice"},
{"name":"ModelAdvance", "ph":"E", "ts":"2478991345", "pid":"1", "tid":"cice"},
{"name":"ModelAdvance", "ph":"B", "ts":"2479147714", "pid":"1", "tid":"cice"},
{"name":"ModelAdvance", "ph":"E", "ts":"2479611221", "pid":"1", "tid":"cice"},
{"name":"ModelAdvance", "ph":"B", "ts":"2479789033", "pid":"1", "tid":"cice"},
{"name":"ModelAdvance", "ph":"E", "ts":"2480252177", "pid":"1", "tid":"cice"},
{"name":"ModelAdvance", "ph":"B", "ts":"2480404395", "pid":"1", "tid":"cice"},
{"name":"ModelAdvance", "ph":"E", "ts":"2480876472", "pid":"1", "tid":"cice"},
{"name":"ModelAdvance", "ph":"B", "ts":"2481051053", "pid":"1", "tid":"cice"},
{"name":"ModelAdvance", "ph":"E", "ts":"2481515785", "pid":"1", "tid":"cice"},
{"name":"ModelAdvance", "ph":"B", "ts":"2481662890", "pid":"1", "tid":"cice"},
{"name":"ModelAdvance", "ph":"E", "ts":"2482130892", "pid":"1", "tid":"cice"},
{"name":"ModelAdvance", "ph":"B", "ts":"2482288793", "pid":"1", "tid":"cice"},
{"name":"ModelAdvance", "ph":"E", "ts":"2482755213", "pid":"1", "tid":"cice"},
{"name":"ModelAdvance", "ph":"B", "ts":"2482903440", "pid":"1", "tid":"cice"},
{"name":"ModelAdvance", "ph":"E", "ts":"2483369345", "pid":"1", "tid":"cice"},
{"name":"ModelAdvance", "ph":"B", "ts":"2483568864", "pid":"1", "tid":"cice"},
{"name":"ModelAdvance", "ph":"E", "ts":"2484040304", "pid":"1", "tid":"cice"},
{"name":"ModelAdvance", "ph":"B", "ts":"2484178879", "pid":"1", "tid":"cice"},
{"name":"ModelAdvance", "ph":"E", "ts":"2484642684", "pid":"1", "tid":"cice"},
{"name":"ModelAdvance", "ph":"B", "ts":"2484814982", "pid":"1", "tid":"cice"},
{"name":"ModelAdvance", "ph":"E", "ts":"2485285952", "pid":"1", "tid":"cice"},
{"name":"ModelAdvance", "ph":"B", "ts":"2485485386", "pid":"1", "tid":"cice"},
{"name":"ModelAdvance", "ph":"E", "ts":"2485950998", "pid":"1", "tid":"cice"},
{"name":"ModelAdvance", "ph":"B", "ts":"2486145899", "pid":"1", "tid":"cice"},
{"name":"ModelAdvance", "ph":"E", "ts":"2486612929", "pid":"1", "tid":"cice"},
{"name":"ModelAdvance", "ph":"B", "ts":"2486824390", "pid":"1", "tid":"cice"},
{"name":"ModelAdvance", "ph":"E", "ts":"2487291955", "pid":"1", "tid":"cice"},
{"name":"ModelAdvance", "ph":"B", "ts":"2487447568", "pid":"1", "tid":"cice"},
{"name":"ModelAdvance", "ph":"E", "ts":"2487917152", "pid":"1", "tid":"cice"},
{"name":"ModelAdvance", "ph":"B", "ts":"2488106220", "pid":"1", "tid":"cice"},
{"name":"ModelAdvance", "ph":"E", "ts":"2488569850", "pid":"1", "tid":"cice"},
{"name":"ModelAdvance", "ph":"B", "ts":"2488734795", "pid":"1", "tid":"cice"},
{"name":"ModelAdvance", "ph":"E", "ts":"2489196304", "pid":"1", "tid":"cice"},
{"name":"ModelAdvance", "ph":"B", "ts":"2489373804", "pid":"1", "tid":"cice"},
{"name":"ModelAdvance", "ph":"E", "ts":"2489947951", "pid":"1", "tid":"cice"},
{"name":"ModelAdvance", "ph":"B", "ts":"2489996545", "pid":"1", "tid":"cice"},
{"name":"ModelAdvance", "ph":"E", "ts":"2490468497", "pid":"1", "tid":"cice"},
{"name":"ModelAdvance", "ph":"B", "ts":"2491304444", "pid":"1", "tid":"cice"},
{"name":"ModelAdvance", "ph":"E", "ts":"2491768908", "pid":"1", "tid":"cice"},
{"name":"ModelAdvance", "ph":"B", "ts":"2491902352", "pid":"1", "tid":"cice"},
{"name":"ModelAdvance", "ph":"E", "ts":"2492373243", "pid":"1", "tid":"cice"},
{"name":"ModelAdvance", "ph":"B", "ts":"2492495030", "pid":"1", "tid":"cice"},
{"name":"ModelAdvance", "ph":"E", "ts":"2492966164", "pid":"1", "tid":"cice"},
{"name":"ModelAdvance", "ph":"B", "ts":"2493097023", "pid":"1", "tid":"cice"},
{"name":"ModelAdvance", "ph":"E", "ts":"2493561862", "pid":"1", "tid":"cice"},
{"name":"ModelAdvance", "ph":"B", "ts":"2493728336", "pid":"1", "tid":"cice"},
{"name":"ModelAdvance", "ph":"E", "ts":"2494198311", "pid":"1", "tid":"cice"},
{"name":"ModelAdvance", "ph":"B", "ts":"2494335713", "pid":"1", "tid":"cice"},
{"name":"ModelAdvance", "ph":"E", "ts":"2494798710", "pid":"1", "tid":"cice"},
{"name":"ModelAdvance", "ph":"B", "ts":"2494929110", "pid":"1", "tid":"cice"},
{"name":"ModelAdvance", "ph":"E", "ts":"2495399208", "pid":"1", "tid":"cice"},
{"name":"ModelAdvance", "ph":"B", "ts":"2495525535", "pid":"1", "tid":"cice"},
{"name":"ModelAdvance", "ph":"E", "ts":"2495997180", "pid":"1", "tid":"cice"},
{"name":"ModelAdvance", "ph":"B", "ts":"2496118552", "pid":"1", "tid":"cice"},
{"name":"ModelAdvance", "ph":"E", "ts":"2496581269", "pid":"1", "tid":"cice"},
{"name":"ModelAdvance", "ph":"B", "ts":"2496715696", "pid":"1", "tid":"cice"},
{"name":"ModelAdvance", "ph":"E", "ts":"2497188047", "pid":"1", "tid":"cice"},
{"name":"ModelAdvance", "ph":"B", "ts":"2497313376", "pid":"1", "tid":"cice"},
{"name":"ModelAdvance", "ph":"E", "ts":"2497794537", "pid":"1", "tid":"cice"},
{"name":"ModelAdvance", "ph":"B", "ts":"2497922140", "pid":"1", "tid":"cice"},
{"name":"ModelAdvance", "ph":"E", "ts":"2498394909", "pid":"1", "tid":"cice"},
{"name":"ModelAdvance", "ph":"B", "ts":"2498516407", "pid":"1", "tid":"cice"},
{"name":"ModelAdvance", "ph":"E", "ts":"2498987600", "pid":"1", "tid":"cice"},
{"name":"ModelAdvance", "ph":"B", "ts":"2499110496", "pid":"1", "tid":"cice"},
{"name":"ModelAdvance", "ph":"E", "ts":"2499572942", "pid":"1", "tid":"cice"},
{"name":"ModelAdvance", "ph":"B", "ts":"2499702974", "pid":"1", "tid":"cice"},
{"name":"ModelAdvance", "ph":"E", "ts":"2500173967", "pid":"1", "tid":"cice"},
{"name":"ModelAdvance", "ph":"B", "ts":"2500317715", "pid":"1", "tid":"cice"},
{"name":"ModelAdvance", "ph":"E", "ts":"2500781291", "pid":"1", "tid":"cice"},
{"name":"ModelAdvance", "ph":"B", "ts":"2500909589", "pid":"1", "tid":"cice"},
{"name":"ModelAdvance", "ph":"E", "ts":"2501385658", "pid":"1", "tid":"cice"},
{"name":"ModelAdvance", "ph":"B", "ts":"2501508952", "pid":"1", "tid":"cice"},
{"name":"ModelAdvance", "ph":"E", "ts":"2501973521", "pid":"1", "tid":"cice"},
{"name":"ModelAdvance", "ph":"B", "ts":"2502101866", "pid":"1", "tid":"cice"},
{"name":"ModelAdvance", "ph":"E", "ts":"2502568012", "pid":"1", "tid":"cice"},
{"name":"ModelAdvance", "ph":"B", "ts":"2502701186", "pid":"1", "tid":"cice"},
{"name":"ModelAdvance", "ph":"E", "ts":"2503175772", "pid":"1", "tid":"cice"},
{"name":"ModelAdvance", "ph":"B", "ts":"2503298288", "pid":"1", "tid":"cice"},
{"name":"ModelAdvance", "ph":"E", "ts":"2503761923", "pid":"1", "tid":"cice"},
{"name":"ModelAdvance", "ph":"B", "ts":"2503888961", "pid":"1", "tid":"cice"},
{"name":"ModelAdvance", "ph":"E", "ts":"2504361357", "pid":"1", "tid":"cice"},
{"name":"ModelAdvance", "ph":"B", "ts":"2504483276", "pid":"1", "tid":"cice"},
{"name":"ModelAdvance", "ph":"E", "ts":"2504955623", "pid":"1", "tid":"cice"},
{"name":"ModelAdvance", "ph":"B", "ts":"2505083125", "pid":"1", "tid":"cice"},
{"name":"ModelAdvance", "ph":"E", "ts":"2505551132", "pid":"1", "tid":"cice"},
{"name":"ModelAdvance", "ph":"B", "ts":"2506325240", "pid":"1", "tid":"cice"},
{"name":"ModelAdvance", "ph":"E", "ts":"2506791843", "pid":"1", "tid":"cice"},
{"name":"ModelAdvance", "ph":"B", "ts":"2506924953", "pid":"1", "tid":"cice"},
{"name":"ModelAdvance", "ph":"E", "ts":"2507389328", "pid":"1", "tid":"cice"},
{"name":"ModelAdvance", "ph":"B", "ts":"2507522872", "pid":"1", "tid":"cice"},
{"name":"ModelAdvance", "ph":"E", "ts":"2508004287", "pid":"1", "tid":"cice"},
{"name":"ModelAdvance", "ph":"B", "ts":"2508118885", "pid":"1", "tid":"cice"},
{"name":"ModelAdvance", "ph":"E", "ts":"2508587718", "pid":"1", "tid":"cice"},
{"name":"ModelAdvance", "ph":"B", "ts":"2508713804", "pid":"1", "tid":"cice"},
{"name":"ModelAdvance", "ph":"E", "ts":"2509193435", "pid":"1", "tid":"cice"},
{"name":"ModelAdvance", "ph":"B", "ts":"2509310680", "pid":"1", "tid":"cice"},
{"name":"ModelAdvance", "ph":"E", "ts":"2509778949", "pid":"1", "tid":"cice"},
{"name":"ModelAdvance", "ph":"B", "ts":"2509909287", "pid":"1", "tid":"cice"},
{"name":"ModelAdvance", "ph":"E", "ts":"2510377295", "pid":"1", "tid":"cice"},
{"name":"ModelAdvance", "ph":"B", "ts":"2510494031", "pid":"1", "tid":"cice"},
{"name":"ModelAdvance", "ph":"E", "ts":"2510960162", "pid":"1", "tid":"cice"},
{"name":"ModelAdvance", "ph":"B", "ts":"2511087232", "pid":"1", "tid":"cice"},
{"name":"ModelAdvance", "ph":"E", "ts":"2511560237", "pid":"1", "tid":"cice"},
{"name":"ModelAdvance", "ph":"B", "ts":"2511680369", "pid":"1", "tid":"cice"},
{"name":"ModelAdvance", "ph":"E", "ts":"2512146557", "pid":"1", "tid":"cice"},
{"name":"ModelAdvance", "ph":"B", "ts":"2512269505", "pid":"1", "tid":"cice"},
{"name":"ModelAdvance", "ph":"E", "ts":"2512733654", "pid":"1", "tid":"cice"},
{"name":"ModelAdvance", "ph":"B", "ts":"2512873103", "pid":"1", "tid":"cice"},
{"name":"ModelAdvance", "ph":"E", "ts":"2513347442", "pid":"1", "tid":"cice"},
{"name":"ModelAdvance", "ph":"B", "ts":"2513466886", "pid":"1", "tid":"cice"},
{"name":"ModelAdvance", "ph":"E", "ts":"2513944139", "pid":"1", "tid":"cice"},
{"name":"ModelAdvance", "ph":"B", "ts":"2514064723", "pid":"1", "tid":"cice"},
{"name":"ModelAdvance", "ph":"E", "ts":"2514537058", "pid":"1", "tid":"cice"},
{"name":"ModelAdvance", "ph":"B", "ts":"2514659858", "pid":"1", "tid":"cice"},
{"name":"ModelAdvance", "ph":"E", "ts":"2515130042", "pid":"1", "tid":"cice"},
{"name":"ModelAdvance", "ph":"B", "ts":"2515250653", "pid":"1", "tid":"cice"},
{"name":"ModelAdvance", "ph":"E", "ts":"2515716729", "pid":"1", "tid":"cice"},
{"name":"ModelAdvance", "ph":"B", "ts":"2515842376", "pid":"1", "tid":"cice"},
{"name":"ModelAdvance", "ph":"E", "ts":"2516313645", "pid":"1", "tid":"cice"},
{"name":"ModelAdvance", "ph":"B", "ts":"2516440939", "pid":"1", "tid":"cice"},
{"name":"ModelAdvance", "ph":"E", "ts":"2516906371", "pid":"1", "tid":"cice"},
{"name":"ModelAdvance", "ph":"B", "ts":"2517033326", "pid":"1", "tid":"cice"},
{"name":"ModelAdvance", "ph":"E", "ts":"2517506146", "pid":"1", "tid":"cice"},
{"name":"ModelAdvance", "ph":"B", "ts":"2517623656", "pid":"1", "tid":"cice"},
{"name":"ModelAdvance", "ph":"E", "ts":"2518091844", "pid":"1", "tid":"cice"},
{"name":"ModelAdvance", "ph":"B", "ts":"2518217193", "pid":"1", "tid":"cice"},
{"name":"ModelAdvance", "ph":"E", "ts":"2518700884", "pid":"1", "tid":"cice"},
{"name":"ModelAdvance", "ph":"B", "ts":"2518822975", "pid":"1", "tid":"cice"},
{"name":"ModelAdvance", "ph":"E", "ts":"2519312707", "pid":"1", "tid":"cice"},
{"name":"ModelAdvance", "ph":"B", "ts":"2519437712", "pid":"1", "tid":"cice"},
{"name":"ModelAdvance", "ph":"E", "ts":"2519919484", "pid":"1", "tid":"cice"},
{"name":"ModelAdvance", "ph":"B", "ts":"2520044061", "pid":"1", "tid":"cice"},
{"name":"ModelAdvance", "ph":"E", "ts":"2520515484", "pid":"1", "tid":"cice"},
{"name":"ModelAdvance", "ph":"B", "ts":"2521311956", "pid":"1", "tid":"cice"},
{"name":"ModelAdvance", "ph":"E", "ts":"2521793785", "pid":"1", "tid":"cice"},
{"name":"ModelAdvance", "ph":"B", "ts":"2521908656", "pid":"1", "tid":"cice"},
{"name":"ModelAdvance", "ph":"E", "ts":"2522382671", "pid":"1", "tid":"cice"},
{"name":"ModelAdvance", "ph":"B", "ts":"2522503845", "pid":"1", "tid":"cice"},
{"name":"ModelAdvance", "ph":"E", "ts":"2522969026", "pid":"1", "tid":"cice"},
{"name":"ModelAdvance", "ph":"B", "ts":"2523095741", "pid":"1", "tid":"cice"},
{"name":"ModelAdvance", "ph":"E", "ts":"2523569289", "pid":"1", "tid":"cice"},
{"name":"ModelAdvance", "ph":"B", "ts":"2523686284", "pid":"1", "tid":"cice"},
{"name":"ModelAdvance", "ph":"E", "ts":"2524158766", "pid":"1", "tid":"cice"},
{"name":"ModelAdvance", "ph":"B", "ts":"2524286716", "pid":"1", "tid":"cice"},
{"name":"ModelAdvance", "ph":"E", "ts":"2524759030", "pid":"1", "tid":"cice"},
{"name":"ModelAdvance", "ph":"B", "ts":"2524886502", "pid":"1", "tid":"cice"},
{"name":"ModelAdvance", "ph":"E", "ts":"2525351342", "pid":"1", "tid":"cice"},
{"name":"ModelAdvance", "ph":"B", "ts":"2525477634", "pid":"1", "tid":"cice"},
{"name":"ModelAdvance", "ph":"E", "ts":"2525949863", "pid":"1", "tid":"cice"},
{"name":"ModelAdvance", "ph":"B", "ts":"2526069881", "pid":"1", "tid":"cice"},
{"name":"ModelAdvance", "ph":"E", "ts":"2526539940", "pid":"1", "tid":"cice"},
{"name":"ModelAdvance", "ph":"B", "ts":"2526675625", "pid":"1", "tid":"cice"},
{"name":"ModelAdvance", "ph":"E", "ts":"2527136685", "pid":"1", "tid":"cice"},
{"name":"ModelAdvance", "ph":"B", "ts":"2527278400", "pid":"1", "tid":"cice"},
{"name":"ModelAdvance", "ph":"E", "ts":"2527746630", "pid":"1", "tid":"cice"},
{"name":"ModelAdvance", "ph":"B", "ts":"2527881596", "pid":"1", "tid":"cice"},
{"name":"ModelAdvance", "ph":"E", "ts":"2528350541", "pid":"1", "tid":"cice"},
{"name":"ModelAdvance", "ph":"B", "ts":"2528474094", "pid":"1", "tid":"cice"},
{"name":"ModelAdvance", "ph":"E", "ts":"2528945694", "pid":"1", "tid":"cice"},
{"name":"ModelAdvance", "ph":"B", "ts":"2529067199", "pid":"1", "tid":"cice"},
{"name":"ModelAdvance", "ph":"E", "ts":"2529542928", "pid":"1", "tid":"cice"},
{"name":"ModelAdvance", "ph":"B", "ts":"2529674472", "pid":"1", "tid":"cice"},
{"name":"ModelAdvance", "ph":"E", "ts":"2530141573", "pid":"1", "tid":"cice"},
{"name":"ModelAdvance", "ph":"B", "ts":"2530275297", "pid":"1", "tid":"cice"},
{"name":"ModelAdvance", "ph":"E", "ts":"2530750242", "pid":"1", "tid":"cice"},
{"name":"ModelAdvance", "ph":"B", "ts":"2530877634", "pid":"1", "tid":"cice"},
{"name":"ModelAdvance", "ph":"E", "ts":"2531347561", "pid":"1", "tid":"cice"},
{"name":"ModelAdvance", "ph":"B", "ts":"2531470624", "pid":"1", "tid":"cice"},
{"name":"ModelAdvance", "ph":"E", "ts":"2531945724", "pid":"1", "tid":"cice"},
{"name":"ModelAdvance", "ph":"B", "ts":"2532078133", "pid":"1", "tid":"cice"},
{"name":"ModelAdvance", "ph":"E", "ts":"2532549407", "pid":"1", "tid":"cice"},
{"name":"ModelAdvance", "ph":"B", "ts":"2532674757", "pid":"1", "tid":"cice"},
{"name":"ModelAdvance", "ph":"E", "ts":"2533141469", "pid":"1", "tid":"cice"},
{"name":"ModelAdvance", "ph":"B", "ts":"2533264035", "pid":"1", "tid":"cice"},
{"name":"ModelAdvance", "ph":"E", "ts":"2533730150", "pid":"1", "tid":"cice"},
{"name":"ModelAdvance", "ph":"B", "ts":"2533868415", "pid":"1", "tid":"cice"},
{"name":"ModelAdvance", "ph":"E", "ts":"2534341923", "pid":"1", "tid":"cice"},
{"name":"ModelAdvance", "ph":"B", "ts":"2534461834", "pid":"1", "tid":"cice"},
{"name":"ModelAdvance", "ph":"E", "ts":"2534935128", "pid":"1", "tid":"cice"},
{"name":"ModelAdvance", "ph":"B", "ts":"2535115199", "pid":"1", "tid":"cice"},
{"name":"ModelAdvance", "ph":"E", "ts":"2535588029", "pid":"1", "tid":"cice"},
{"name":"ModelAdvance", "ph":"B", "ts":"2536405860", "pid":"1", "tid":"cice"},
{"name":"ModelAdvance", "ph":"E", "ts":"2536879940", "pid":"1", "tid":"cice"},
{"name":"ModelAdvance", "ph":"B", "ts":"2536999751", "pid":"1", "tid":"cice"},
{"name":"ModelAdvance", "ph":"E", "ts":"2537465674", "pid":"1", "tid":"cice"},
{"name":"ModelAdvance", "ph":"B", "ts":"2537583763", "pid":"1", "tid":"cice"},
{"name":"ModelAdvance", "ph":"E", "ts":"2538062482", "pid":"1", "tid":"cice"},
{"name":"ModelAdvance", "ph":"B", "ts":"2538175887", "pid":"1", "tid":"cice"},
{"name":"ModelAdvance", "ph":"E", "ts":"2538647605", "pid":"1", "tid":"cice"},
{"name":"ModelAdvance", "ph":"B", "ts":"2538764754", "pid":"1", "tid":"cice"},
{"name":"ModelAdvance", "ph":"E", "ts":"2539231311", "pid":"1", "tid":"cice"},
{"name":"ModelAdvance", "ph":"B", "ts":"2539360680", "pid":"1", "tid":"cice"},
{"name":"ModelAdvance", "ph":"E", "ts":"2539833689", "pid":"1", "tid":"cice"},
{"name":"ModelAdvance", "ph":"B", "ts":"2539956766", "pid":"1", "tid":"cice"},
{"name":"ModelAdvance", "ph":"E", "ts":"2540437127", "pid":"1", "tid":"cice"},
{"name":"ModelAdvance", "ph":"B", "ts":"2540548689", "pid":"1", "tid":"cice"},
{"name":"ModelAdvance", "ph":"E", "ts":"2541011425", "pid":"1", "tid":"cice"},
{"name":"ModelAdvance", "ph":"B", "ts":"2541154225", "pid":"1", "tid":"cice"},
{"name":"ModelAdvance", "ph":"E", "ts":"2541626298", "pid":"1", "tid":"cice"},
{"name":"ModelAdvance", "ph":"B", "ts":"2541900462", "pid":"1", "tid":"cice"},
{"name":"ModelAdvance", "ph":"E", "ts":"2542378162", "pid":"1", "tid":"cice"},
{"name":"ModelAdvance", "ph":"B", "ts":"2542526373", "pid":"1", "tid":"cice"},
{"name":"ModelAdvance", "ph":"E", "ts":"2542996508", "pid":"1", "tid":"cice"},
{"name":"ModelAdvance", "ph":"B", "ts":"2543133677", "pid":"1", "tid":"cice"},
{"name":"ModelAdvance", "ph":"E", "ts":"2543605884", "pid":"1", "tid":"cice"},
{"name":"ModelAdvance", "ph":"B", "ts":"2543719955", "pid":"1", "tid":"cice"},
{"name":"ModelAdvance", "ph":"E", "ts":"2544194362", "pid":"1", "tid":"cice"},
{"name":"ModelAdvance", "ph":"B", "ts":"2544309873", "pid":"1", "tid":"cice"},
{"name":"ModelAdvance", "ph":"E", "ts":"2544776938", "pid":"1", "tid":"cice"},
{"name":"ModelAdvance", "ph":"B", "ts":"2544902642", "pid":"1", "tid":"cice"},
{"name":"ModelAdvance", "ph":"E", "ts":"2545413490", "pid":"1", "tid":"cice"},
{"name":"ModelAdvance", "ph":"B", "ts":"2545525211", "pid":"1", "tid":"cice"},
{"name":"ModelAdvance", "ph":"E", "ts":"2545995297", "pid":"1", "tid":"cice"},
{"name":"ModelAdvance", "ph":"B", "ts":"2546112659", "pid":"1", "tid":"cice"},
{"name":"ModelAdvance", "ph":"E", "ts":"2546571757", "pid":"1", "tid":"cice"},
{"name":"ModelAdvance", "ph":"B", "ts":"2546709965", "pid":"1", "tid":"cice"},
{"name":"ModelAdvance", "ph":"E", "ts":"2547186132", "pid":"1", "tid":"cice"},
{"name":"ModelAdvance", "ph":"B", "ts":"2547295427", "pid":"1", "tid":"cice"},
{"name":"ModelAdvance", "ph":"E", "ts":"2547763947", "pid":"1", "tid":"cice"},
{"name":"ModelAdvance", "ph":"B", "ts":"2547891028", "pid":"1", "tid":"cice"},
{"name":"ModelAdvance", "ph":"E", "ts":"2548358073", "pid":"1", "tid":"cice"},
{"name":"ModelAdvance", "ph":"B", "ts":"2548478619", "pid":"1", "tid":"cice"},
{"name":"ModelAdvance", "ph":"E", "ts":"2548944086", "pid":"1", "tid":"cice"},
{"name":"ModelAdvance", "ph":"B", "ts":"2549061436", "pid":"1", "tid":"cice"},
{"name":"ModelAdvance", "ph":"E", "ts":"2549543127", "pid":"1", "tid":"cice"},
{"name":"ModelAdvance", "ph":"B", "ts":"2549647940", "pid":"1", "tid":"cice"},
{"name":"ModelAdvance", "ph":"E", "ts":"2550118305", "pid":"1", "tid":"cice"},
{"name":"ModelAdvance", "ph":"B", "ts":"2550288061", "pid":"1", "tid":"cice"},
{"name":"ModelAdvance", "ph":"E", "ts":"2550757653", "pid":"1", "tid":"cice"},
{"name":"ModelAdvance", "ph":"B", "ts":"2551581582", "pid":"1", "tid":"cice"},
{"name":"ModelAdvance", "ph":"E", "ts":"2552043180", "pid":"1", "tid":"cice"},
{"name":"ModelAdvance", "ph":"B", "ts":"2552163529", "pid":"1", "tid":"cice"},
{"name":"ModelAdvance", "ph":"E", "ts":"2552645028", "pid":"1", "tid":"cice"},
{"name":"ModelAdvance", "ph":"B", "ts":"2552746772", "pid":"1", "tid":"cice"},
{"name":"ModelAdvance", "ph":"E", "ts":"2553213687", "pid":"1", "tid":"cice"},
{"name":"ModelAdvance", "ph":"B", "ts":"2553329892", "pid":"1", "tid":"cice"},
{"name":"ModelAdvance", "ph":"E", "ts":"2553794422", "pid":"1", "tid":"cice"},
{"name":"ModelAdvance", "ph":"B", "ts":"2553911663", "pid":"1", "tid":"cice"},
{"name":"ModelAdvance", "ph":"E", "ts":"2554378665", "pid":"1", "tid":"cice"},
{"name":"ModelAdvance", "ph":"B", "ts":"2554496477", "pid":"1", "tid":"cice"},
{"name":"ModelAdvance", "ph":"E", "ts":"2554969912", "pid":"1", "tid":"cice"},
{"name":"ModelAdvance", "ph":"B", "ts":"2555086798", "pid":"1", "tid":"cice"},
{"name":"ModelAdvance", "ph":"E", "ts":"2555551018", "pid":"1", "tid":"cice"},
{"name":"ModelAdvance", "ph":"B", "ts":"2555675906", "pid":"1", "tid":"cice"},
{"name":"ModelAdvance", "ph":"E", "ts":"2556146691", "pid":"1", "tid":"cice"},
{"name":"ModelAdvance", "ph":"B", "ts":"2556270565", "pid":"1", "tid":"cice"},
{"name":"ModelAdvance", "ph":"E", "ts":"2556732068", "pid":"1", "tid":"cice"},
{"name":"ModelAdvance", "ph":"B", "ts":"2556847763", "pid":"1", "tid":"cice"},
{"name":"ModelAdvance", "ph":"E", "ts":"2557331641", "pid":"1", "tid":"cice"},
{"name":"ModelAdvance", "ph":"B", "ts":"2557448035", "pid":"1", "tid":"cice"},
{"name":"ModelAdvance", "ph":"E", "ts":"2557914667", "pid":"1", "tid":"cice"},
{"name":"ModelAdvance", "ph":"B", "ts":"2558040705", "pid":"1", "tid":"cice"},
{"name":"ModelAdvance", "ph":"E", "ts":"2558510206", "pid":"1", "tid":"cice"},
{"name":"ModelAdvance", "ph":"B", "ts":"2558620266", "pid":"1", "tid":"cice"},
{"name":"ModelAdvance", "ph":"E", "ts":"2559090405", "pid":"1", "tid":"cice"},
{"name":"ModelAdvance", "ph":"B", "ts":"2559206008", "pid":"1", "tid":"cice"},
{"name":"ModelAdvance", "ph":"E", "ts":"2559683039", "pid":"1", "tid":"cice"},
{"name":"ModelAdvance", "ph":"B", "ts":"2559791747", "pid":"1", "tid":"cice"},
{"name":"ModelAdvance", "ph":"E", "ts":"2560260402", "pid":"1", "tid":"cice"},
{"name":"ModelAdvance", "ph":"B", "ts":"2560428688", "pid":"1", "tid":"cice"},
{"name":"ModelAdvance", "ph":"E", "ts":"2560908827", "pid":"1", "tid":"cice"},
{"name":"ModelAdvance", "ph":"B", "ts":"2561023062", "pid":"1", "tid":"cice"},
{"name":"ModelAdvance", "ph":"E", "ts":"2561492135", "pid":"1", "tid":"cice"},
{"name":"ModelAdvance", "ph":"B", "ts":"2561603257", "pid":"1", "tid":"cice"},
{"name":"ModelAdvance", "ph":"E", "ts":"2562082755", "pid":"1", "tid":"cice"},
{"name":"ModelAdvance", "ph":"B", "ts":"2562184531", "pid":"1", "tid":"cice"},
{"name":"ModelAdvance", "ph":"E", "ts":"2562654774", "pid":"1", "tid":"cice"},
{"name":"ModelAdvance", "ph":"B", "ts":"2562769700", "pid":"1", "tid":"cice"},
{"name":"ModelAdvance", "ph":"E", "ts":"2563240253", "pid":"1", "tid":"cice"},
{"name":"ModelAdvance", "ph":"B", "ts":"2563354052", "pid":"1", "tid":"cice"},
{"name":"ModelAdvance", "ph":"E", "ts":"2563823888", "pid":"1", "tid":"cice"},
{"name":"ModelAdvance", "ph":"B", "ts":"2563937456", "pid":"1", "tid":"cice"},
{"name":"ModelAdvance", "ph":"E", "ts":"2564405639", "pid":"1", "tid":"cice"},
{"name":"ModelAdvance", "ph":"B", "ts":"2564523560", "pid":"1", "tid":"cice"},
{"name":"ModelAdvance", "ph":"E", "ts":"2564989445", "pid":"1", "tid":"cice"},
{"name":"ModelAdvance", "ph":"B", "ts":"2565120653", "pid":"1", "tid":"cice"},
{"name":"ModelAdvance", "ph":"E", "ts":"2565586624", "pid":"1", "tid":"cice"},
{"name":"ModelAdvance", "ph":"B", "ts":"2566386781", "pid":"1", "tid":"cice"},
{"name":"ModelAdvance", "ph":"E", "ts":"2566868331", "pid":"1", "tid":"cice"},
{"name":"ModelAdvance", "ph":"B", "ts":"2566973250", "pid":"1", "tid":"cice"},
{"name":"ModelAdvance", "ph":"E", "ts":"2567457113", "pid":"1", "tid":"cice"},
{"name":"ModelAdvance", "ph":"B", "ts":"2567558061", "pid":"1", "tid":"cice"},
{"name":"ModelAdvance", "ph":"E", "ts":"2568036413", "pid":"1", "tid":"cice"},
{"name":"ModelAdvance", "ph":"B", "ts":"2568149772", "pid":"1", "tid":"cice"},
{"name":"ModelAdvance", "ph":"E", "ts":"2568615832", "pid":"1", "tid":"cice"},
{"name":"ModelAdvance", "ph":"B", "ts":"2568729006", "pid":"1", "tid":"cice"},
{"name":"ModelAdvance", "ph":"E", "ts":"2569209267", "pid":"1", "tid":"cice"},
{"name":"ModelAdvance", "ph":"B", "ts":"2569318554", "pid":"1", "tid":"cice"},
{"name":"ModelAdvance", "ph":"E", "ts":"2569795219", "pid":"1", "tid":"cice"},
{"name":"ModelAdvance", "ph":"B", "ts":"2569897248", "pid":"1", "tid":"cice"},
{"name":"ModelAdvance", "ph":"E", "ts":"2570367092", "pid":"1", "tid":"cice"},
{"name":"ModelAdvance", "ph":"B", "ts":"2570539236", "pid":"1", "tid":"cice"},
{"name":"ModelAdvance", "ph":"E", "ts":"2571015052", "pid":"1", "tid":"cice"},
{"name":"ModelAdvance", "ph":"B", "ts":"2571176747", "pid":"1", "tid":"cice"},
{"name":"ModelAdvance", "ph":"E", "ts":"2571644309", "pid":"1", "tid":"cice"},
{"name":"ModelAdvance", "ph":"B", "ts":"2571760412", "pid":"1", "tid":"cice"},
{"name":"ModelAdvance", "ph":"E", "ts":"2572229943", "pid":"1", "tid":"cice"},
{"name":"ModelAdvance", "ph":"B", "ts":"2572341310", "pid":"1", "tid":"cice"},
{"name":"ModelAdvance", "ph":"E", "ts":"2572820093", "pid":"1", "tid":"cice"},
{"name":"ModelAdvance", "ph":"B", "ts":"2572941188", "pid":"1", "tid":"cice"},
{"name":"ModelAdvance", "ph":"E", "ts":"2573414278", "pid":"1", "tid":"cice"},
{"name":"ModelAdvance", "ph":"B", "ts":"2573527390", "pid":"1", "tid":"cice"},
{"name":"ModelAdvance", "ph":"E", "ts":"2573996851", "pid":"1", "tid":"cice"},
{"name":"ModelAdvance", "ph":"B", "ts":"2574114912", "pid":"1", "tid":"cice"},
{"name":"ModelAdvance", "ph":"E", "ts":"2574590749", "pid":"1", "tid":"cice"},
{"name":"ModelAdvance", "ph":"B", "ts":"2574705866", "pid":"1", "tid":"cice"},
{"name":"ModelAdvance", "ph":"E", "ts":"2575185545", "pid":"1", "tid":"cice"},
{"name":"ModelAdvance", "ph":"B", "ts":"2575286849", "pid":"1", "tid":"cice"},
{"name":"ModelAdvance", "ph":"E", "ts":"2575764968", "pid":"1", "tid":"cice"},
{"name":"ModelAdvance", "ph":"B", "ts":"2575886055", "pid":"1", "tid":"cice"},
{"name":"ModelAdvance", "ph":"E", "ts":"2576363664", "pid":"1", "tid":"cice"},
{"name":"ModelAdvance", "ph":"B", "ts":"2576485190", "pid":"1", "tid":"cice"},
{"name":"ModelAdvance", "ph":"E", "ts":"2576961075", "pid":"1", "tid":"cice"},
{"name":"ModelAdvance", "ph":"B", "ts":"2577116279", "pid":"1", "tid":"cice"},
{"name":"ModelAdvance", "ph":"E", "ts":"2577588721", "pid":"1", "tid":"cice"},
{"name":"ModelAdvance", "ph":"B", "ts":"2577704634", "pid":"1", "tid":"cice"},
{"name":"ModelAdvance", "ph":"E", "ts":"2578179670", "pid":"1", "tid":"cice"},
{"name":"ModelAdvance", "ph":"B", "ts":"2578287392", "pid":"1", "tid":"cice"},
{"name":"ModelAdvance", "ph":"E", "ts":"2578752242", "pid":"1", "tid":"cice"},
{"name":"ModelAdvance", "ph":"B", "ts":"2578882784", "pid":"1", "tid":"cice"},
{"name":"ModelAdvance", "ph":"E", "ts":"2579350793", "pid":"1", "tid":"cice"},
{"name":"ModelAdvance", "ph":"B", "ts":"2579476894", "pid":"1", "tid":"cice"},
{"name":"ModelAdvance", "ph":"E", "ts":"2580033708", "pid":"1", "tid":"cice"},
{"name":"ModelAdvance", "ph":"B", "ts":"2580081982", "pid":"1", "tid":"cice"},
{"name":"ModelAdvance", "ph":"E", "ts":"2580558058", "pid":"1", "tid":"cice"},
{"name":"ModelAdvance", "ph":"B", "ts":"2581364974", "pid":"1", "tid":"cice"},
{"name":"ModelAdvance", "ph":"E", "ts":"2581830670", "pid":"1", "tid":"cice"},
{"name":"ModelAdvance", "ph":"B", "ts":"2581954225", "pid":"1", "tid":"cice"},
{"name":"ModelAdvance", "ph":"E", "ts":"2582425913", "pid":"1", "tid":"cice"},
{"name":"ModelAdvance", "ph":"B", "ts":"2582543798", "pid":"1", "tid":"cice"},
{"name":"ModelAdvance", "ph":"E", "ts":"2583028254", "pid":"1", "tid":"cice"},
{"name":"ModelAdvance", "ph":"B", "ts":"2583139110", "pid":"1", "tid":"cice"},
{"name":"ModelAdvance", "ph":"E", "ts":"2583614357", "pid":"1", "tid":"cice"},
{"name":"ModelAdvance", "ph":"B", "ts":"2583721006", "pid":"1", "tid":"cice"},
{"name":"ModelAdvance", "ph":"E", "ts":"2584188922", "pid":"1", "tid":"cice"},
{"name":"ModelAdvance", "ph":"B", "ts":"2584297916", "pid":"1", "tid":"cice"},
{"name":"ModelAdvance", "ph":"E", "ts":"2584779627", "pid":"1", "tid":"cice"},
{"name":"ModelAdvance", "ph":"B", "ts":"2584887175", "pid":"1", "tid":"cice"},
{"name":"ModelAdvance", "ph":"E", "ts":"2585354830", "pid":"1", "tid":"cice"},
{"name":"ModelAdvance", "ph":"B", "ts":"2585471884", "pid":"1", "tid":"cice"},
{"name":"ModelAdvance", "ph":"E", "ts":"2585950255", "pid":"1", "tid":"cice"},
{"name":"ModelAdvance", "ph":"B", "ts":"2586061833", "pid":"1", "tid":"cice"},
{"name":"ModelAdvance", "ph":"E", "ts":"2586534099", "pid":"1", "tid":"cice"},
{"name":"ModelAdvance", "ph":"B", "ts":"2586694690", "pid":"1", "tid":"cice"},
{"name":"ModelAdvance", "ph":"E", "ts":"2587167073", "pid":"1", "tid":"cice"},
{"name":"ModelAdvance", "ph":"B", "ts":"2587289419", "pid":"1", "tid":"cice"},
{"name":"ModelAdvance", "ph":"E", "ts":"2587759647", "pid":"1", "tid":"cice"},
{"name":"ModelAdvance", "ph":"B", "ts":"2587891187", "pid":"1", "tid":"cice"},
{"name":"ModelAdvance", "ph":"E", "ts":"2588363481", "pid":"1", "tid":"cice"},
{"name":"ModelAdvance", "ph":"B", "ts":"2588471489", "pid":"1", "tid":"cice"},
{"name":"ModelAdvance", "ph":"E", "ts":"2588946767", "pid":"1", "tid":"cice"},
{"name":"ModelAdvance", "ph":"B", "ts":"2589062928", "pid":"1", "tid":"cice"},
{"name":"ModelAdvance", "ph":"E", "ts":"2589535552", "pid":"1", "tid":"cice"},
{"name":"ModelAdvance", "ph":"B", "ts":"2589651747", "pid":"1", "tid":"cice"},
{"name":"ModelAdvance", "ph":"E", "ts":"2590133065", "pid":"1", "tid":"cice"},
{"name":"ModelAdvance", "ph":"B", "ts":"2590244770", "pid":"1", "tid":"cice"},
{"name":"ModelAdvance", "ph":"E", "ts":"2590714873", "pid":"1", "tid":"cice"},
{"name":"ModelAdvance", "ph":"B", "ts":"2590837491", "pid":"1", "tid":"cice"},
{"name":"ModelAdvance", "ph":"E", "ts":"2591301528", "pid":"1", "tid":"cice"},
{"name":"ModelAdvance", "ph":"B", "ts":"2591435386", "pid":"1", "tid":"cice"},
{"name":"ModelAdvance", "ph":"E", "ts":"2591913346", "pid":"1", "tid":"cice"},
{"name":"ModelAdvance", "ph":"B", "ts":"2592041492", "pid":"1", "tid":"cice"},
{"name":"ModelAdvance", "ph":"E", "ts":"2592514550", "pid":"1", "tid":"cice"},
{"name":"ModelAdvance", "ph":"B", "ts":"2592634567", "pid":"1", "tid":"cice"},
{"name":"ModelAdvance", "ph":"E", "ts":"2593128741", "pid":"1", "tid":"cice"},
{"name":"ModelAdvance", "ph":"B", "ts":"2593233696", "pid":"1", "tid":"cice"},
{"name":"ModelAdvance", "ph":"E", "ts":"2593704838", "pid":"1", "tid":"cice"},
{"name":"ModelAdvance", "ph":"B", "ts":"2593839452", "pid":"1", "tid":"cice"},
{"name":"ModelAdvance", "ph":"E", "ts":"2594315183", "pid":"1", "tid":"cice"},
{"name":"ModelAdvance", "ph":"B", "ts":"2594440278", "pid":"1", "tid":"cice"},
{"name":"ModelAdvance", "ph":"E", "ts":"2594916569", "pid":"1", "tid":"cice"},
{"name":"ModelAdvance", "ph":"B", "ts":"2595062969", "pid":"1", "tid":"cice"},
{"name":"ModelAdvance", "ph":"E", "ts":"2595537654", "pid":"1", "tid":"cice"},
{"name":"ModelAdvance", "ph":"B", "ts":"2596353218", "pid":"1", "tid":"cice"},
{"name":"ModelAdvance", "ph":"E", "ts":"2596822228", "pid":"1", "tid":"cice"},
{"name":"ModelAdvance", "ph":"B", "ts":"2596942452", "pid":"1", "tid":"cice"},
{"name":"ModelAdvance", "ph":"E", "ts":"2597423845", "pid":"1", "tid":"cice"},
{"name":"ModelAdvance", "ph":"B", "ts":"2597540557", "pid":"1", "tid":"cice"},
{"name":"ModelAdvance", "ph":"E", "ts":"2598012499", "pid":"1", "tid":"cice"},
{"name":"ModelAdvance", "ph":"B", "ts":"2598153350", "pid":"1", "tid":"cice"},
{"name":"ModelAdvance", "ph":"E", "ts":"2598623293", "pid":"1", "tid":"cice"},
{"name":"ModelAdvance", "ph":"B", "ts":"2598754806", "pid":"1", "tid":"cice"},
{"name":"ModelAdvance", "ph":"E", "ts":"2599221286", "pid":"1", "tid":"cice"},
{"name":"ModelAdvance", "ph":"B", "ts":"2599373373", "pid":"1", "tid":"cice"},
{"name":"ModelAdvance", "ph":"E", "ts":"2599850125", "pid":"1", "tid":"cice"},
{"name":"ModelAdvance", "ph":"B", "ts":"2600046203", "pid":"1", "tid":"cice"},
{"name":"ModelAdvance", "ph":"E", "ts":"2600515214", "pid":"1", "tid":"cice"},
{"name":"ModelAdvance", "ph":"B", "ts":"2600674617", "pid":"1", "tid":"cice"},
{"name":"ModelAdvance", "ph":"E", "ts":"2601147546", "pid":"1", "tid":"cice"},
{"name":"ModelAdvance", "ph":"B", "ts":"2601308375", "pid":"1", "tid":"cice"},
{"name":"ModelAdvance", "ph":"E", "ts":"2601780859", "pid":"1", "tid":"cice"},
{"name":"ModelAdvance", "ph":"B", "ts":"2601960796", "pid":"1", "tid":"cice"},
{"name":"ModelAdvance", "ph":"E", "ts":"2602435692", "pid":"1", "tid":"cice"},
{"name":"ModelAdvance", "ph":"B", "ts":"2602583584", "pid":"1", "tid":"cice"},
{"name":"ModelAdvance", "ph":"E", "ts":"2603053606", "pid":"1", "tid":"cice"},
{"name":"ModelAdvance", "ph":"B", "ts":"2603257896", "pid":"1", "tid":"cice"},
{"name":"ModelAdvance", "ph":"E", "ts":"2603732576", "pid":"1", "tid":"cice"},
{"name":"ModelAdvance", "ph":"B", "ts":"2603880614", "pid":"1", "tid":"cice"},
{"name":"ModelAdvance", "ph":"E", "ts":"2604362070", "pid":"1", "tid":"cice"},
{"name":"ModelAdvance", "ph":"B", "ts":"2604511424", "pid":"1", "tid":"cice"},
{"name":"ModelAdvance", "ph":"E", "ts":"2604978413", "pid":"1", "tid":"cice"},
{"name":"ModelAdvance", "ph":"B", "ts":"2605157536", "pid":"1", "tid":"cice"},
{"name":"ModelAdvance", "ph":"E", "ts":"2605625975", "pid":"1", "tid":"cice"},
{"name":"ModelAdvance", "ph":"B", "ts":"2605825982", "pid":"1", "tid":"cice"},
{"name":"ModelAdvance", "ph":"E", "ts":"2606297478", "pid":"1", "tid":"cice"},
{"name":"ModelAdvance", "ph":"B", "ts":"2606493067", "pid":"1", "tid":"cice"},
{"name":"ModelAdvance", "ph":"E", "ts":"2606966481", "pid":"1", "tid":"cice"},
{"name":"ModelAdvance", "ph":"B", "ts":"2607160618", "pid":"1", "tid":"cice"},
{"name":"ModelAdvance", "ph":"E", "ts":"2607643510", "pid":"1", "tid":"cice"},
{"name":"ModelAdvance", "ph":"B", "ts":"2607790462", "pid":"1", "tid":"cice"},
{"name":"ModelAdvance", "ph":"E", "ts":"2608265332", "pid":"1", "tid":"cice"},
{"name":"ModelAdvance", "ph":"B", "ts":"2608411824", "pid":"1", "tid":"cice"},
{"name":"ModelAdvance", "ph":"E", "ts":"2608892397", "pid":"1", "tid":"cice"},
{"name":"ModelAdvance", "ph":"B", "ts":"2609037375", "pid":"1", "tid":"cice"},
{"name":"ModelAdvance", "ph":"E", "ts":"2609506360", "pid":"1", "tid":"cice"},
{"name":"ModelAdvance", "ph":"B", "ts":"2609658562", "pid":"1", "tid":"cice"},
{"name":"ModelAdvance", "ph":"E", "ts":"2610126283", "pid":"1", "tid":"cice"},
{"name":"ModelAdvance", "ph":"B", "ts":"2610276393", "pid":"1", "tid":"cice"},
{"name":"ModelAdvance", "ph":"E", "ts":"2610737661", "pid":"1", "tid":"cice"},
{"name":"ModelAdvance", "ph":"B", "ts":"2610949001", "pid":"1", "tid":"cice"},
{"name":"ModelAdvance", "ph":"E", "ts":"2611421884", "pid":"1", "tid":"cice"},
{"name":"ModelAdvance", "ph":"B", "ts":"2612242947", "pid":"1", "tid":"cice"},
{"name":"ModelAdvance", "ph":"E", "ts":"2612718028", "pid":"1", "tid":"cice"},
{"name":"ModelAdvance", "ph":"B", "ts":"2612876350", "pid":"1", "tid":"cice"},
{"name":"ModelAdvance", "ph":"E", "ts":"2613353459", "pid":"1", "tid":"cice"},
{"name":"ModelAdvance", "ph":"B", "ts":"2613555934", "pid":"1", "tid":"cice"},
{"name":"ModelAdvance", "ph":"E", "ts":"2614047679", "pid":"1", "tid":"cice"},
{"name":"ModelAdvance", "ph":"B", "ts":"2614204876", "pid":"1", "tid":"cice"},
{"name":"ModelAdvance", "ph":"E", "ts":"2614676051", "pid":"1", "tid":"cice"},
{"name":"ModelAdvance", "ph":"B", "ts":"2614891766", "pid":"1", "tid":"cice"},
{"name":"ModelAdvance", "ph":"E", "ts":"2615359953", "pid":"1", "tid":"cice"},
{"name":"ModelAdvance", "ph":"B", "ts":"2615531804", "pid":"1", "tid":"cice"},
{"name":"ModelAdvance", "ph":"E", "ts":"2615998591", "pid":"1", "tid":"cice"},
{"name":"ModelAdvance", "ph":"B", "ts":"2616162256", "pid":"1", "tid":"cice"},
{"name":"ModelAdvance", "ph":"E", "ts":"2616620819", "pid":"1", "tid":"cice"},
{"name":"ModelAdvance", "ph":"B", "ts":"2616821262", "pid":"1", "tid":"cice"},
{"name":"ModelAdvance", "ph":"E", "ts":"2617303667", "pid":"1", "tid":"cice"},
{"name":"ModelAdvance", "ph":"B", "ts":"2617458665", "pid":"1", "tid":"cice"},
{"name":"ModelAdvance", "ph":"E", "ts":"2617928681", "pid":"1", "tid":"cice"},
{"name":"ModelAdvance", "ph":"B", "ts":"2618142250", "pid":"1", "tid":"cice"},
{"name":"ModelAdvance", "ph":"E", "ts":"2618616615", "pid":"1", "tid":"cice"},
{"name":"ModelAdvance", "ph":"B", "ts":"2618800753", "pid":"1", "tid":"cice"},
{"name":"ModelAdvance", "ph":"E", "ts":"2619270487", "pid":"1", "tid":"cice"},
{"name":"ModelAdvance", "ph":"B", "ts":"2619442212", "pid":"1", "tid":"cice"},
{"name":"ModelAdvance", "ph":"E", "ts":"2619908724", "pid":"1", "tid":"cice"},
{"name":"ModelAdvance", "ph":"B", "ts":"2620065795", "pid":"1", "tid":"cice"},
{"name":"ModelAdvance", "ph":"E", "ts":"2620549588", "pid":"1", "tid":"cice"},
{"name":"ModelAdvance", "ph":"B", "ts":"2620746565", "pid":"1", "tid":"cice"},
{"name":"ModelAdvance", "ph":"E", "ts":"2621225620", "pid":"1", "tid":"cice"},
{"name":"ModelAdvance", "ph":"B", "ts":"2621416001", "pid":"1", "tid":"cice"},
{"name":"ModelAdvance", "ph":"E", "ts":"2621898943", "pid":"1", "tid":"cice"},
{"name":"ModelAdvance", "ph":"B", "ts":"2622065260", "pid":"1", "tid":"cice"},
{"name":"ModelAdvance", "ph":"E", "ts":"2622548186", "pid":"1", "tid":"cice"},
{"name":"ModelAdvance", "ph":"B", "ts":"2622685216", "pid":"1", "tid":"cice"},
{"name":"ModelAdvance", "ph":"E", "ts":"2623153449", "pid":"1", "tid":"cice"},
{"name":"ModelAdvance", "ph":"B", "ts":"2623299722", "pid":"1", "tid":"cice"},
{"name":"ModelAdvance", "ph":"E", "ts":"2623767320", "pid":"1", "tid":"cice"},
{"name":"ModelAdvance", "ph":"B", "ts":"2623963114", "pid":"1", "tid":"cice"},
{"name":"ModelAdvance", "ph":"E", "ts":"2624453661", "pid":"1", "tid":"cice"},
{"name":"ModelAdvance", "ph":"B", "ts":"2624565387", "pid":"1", "tid":"cice"},
{"name":"ModelAdvance", "ph":"E", "ts":"2625047659", "pid":"1", "tid":"cice"},
{"name":"ModelAdvance", "ph":"B", "ts":"2625240221", "pid":"1", "tid":"cice"},
{"name":"ModelAdvance", "ph":"E", "ts":"2625713823", "pid":"1", "tid":"cice"},
{"name":"ModelAdvance", "ph":"B", "ts":"2625859724", "pid":"1", "tid":"cice"},
{"name":"ModelAdvance", "ph":"E", "ts":"2626328425", "pid":"1", "tid":"cice"},
{"name":"ModelAdvance", "ph":"B", "ts":"2626456142", "pid":"1", "tid":"cice"},
{"name":"ModelAdvance", "ph":"E", "ts":"2626929927", "pid":"1", "tid":"cice"},
{"name":"ModelAdvance", "ph":"B", "ts":"2627143502", "pid":"1", "tid":"cice"},
{"name":"ModelAdvance", "ph":"E", "ts":"2627612327", "pid":"1", "tid":"cice"},
{"name":"ModelAdvance", "ph":"B", "ts":"2641177075", "pid":"1", "tid":"cice"},
{"name":"ModelAdvance", "ph":"E", "ts":"2641660585", "pid":"1", "tid":"cice"},
{"name":"ModelAdvance", "ph":"B", "ts":"2641825808", "pid":"1", "tid":"cice"},
{"name":"ModelAdvance", "ph":"E", "ts":"2642298350", "pid":"1", "tid":"cice"},
{"name":"ModelAdvance", "ph":"B", "ts":"2642438666", "pid":"1", "tid":"cice"},
{"name":"ModelAdvance", "ph":"E", "ts":"2642908865", "pid":"1", "tid":"cice"},
{"name":"ModelAdvance", "ph":"B", "ts":"2643054963", "pid":"1", "tid":"cice"},
{"name":"ModelAdvance", "ph":"E", "ts":"2643530473", "pid":"1", "tid":"cice"},
{"name":"ModelAdvance", "ph":"B", "ts":"2643674069", "pid":"1", "tid":"cice"},
{"name":"ModelAdvance", "ph":"E", "ts":"2644144096", "pid":"1", "tid":"cice"},
{"name":"ModelAdvance", "ph":"B", "ts":"2644281286", "pid":"1", "tid":"cice"},
{"name":"ModelAdvance", "ph":"E", "ts":"2644745403", "pid":"1", "tid":"cice"},
{"name":"ModelAdvance", "ph":"B", "ts":"2644946388", "pid":"1", "tid":"cice"},
{"name":"ModelAdvance", "ph":"E", "ts":"2645432501", "pid":"1", "tid":"cice"},
{"name":"ModelAdvance", "ph":"B", "ts":"2645577728", "pid":"1", "tid":"cice"},
{"name":"ModelAdvance", "ph":"E", "ts":"2646045693", "pid":"1", "tid":"cice"},
{"name":"ModelAdvance", "ph":"B", "ts":"2646176294", "pid":"1", "tid":"cice"},
{"name":"ModelAdvance", "ph":"E", "ts":"2646651165", "pid":"1", "tid":"cice"},
{"name":"ModelAdvance", "ph":"B", "ts":"2646819837", "pid":"1", "tid":"cice"},
{"name":"ModelAdvance", "ph":"E", "ts":"2647297527", "pid":"1", "tid":"cice"},
{"name":"ModelAdvance", "ph":"B", "ts":"2647449220", "pid":"1", "tid":"cice"},
{"name":"ModelAdvance", "ph":"E", "ts":"2647919944", "pid":"1", "tid":"cice"},
{"name":"ModelAdvance", "ph":"B", "ts":"2648058268", "pid":"1", "tid":"cice"},
{"name":"ModelAdvance", "ph":"E", "ts":"2648537583", "pid":"1", "tid":"cice"},
{"name":"ModelAdvance", "ph":"B", "ts":"2648664887", "pid":"1", "tid":"cice"},
{"name":"ModelAdvance", "ph":"E", "ts":"2649137808", "pid":"1", "tid":"cice"},
{"name":"ModelAdvance", "ph":"B", "ts":"2649259076", "pid":"1", "tid":"cice"},
{"name":"ModelAdvance", "ph":"E", "ts":"2649742036", "pid":"1", "tid":"cice"},
{"name":"ModelAdvance", "ph":"B", "ts":"2649865036", "pid":"1", "tid":"cice"},
{"name":"ModelAdvance", "ph":"E", "ts":"2650339149", "pid":"1", "tid":"cice"},
{"name":"ModelAdvance", "ph":"B", "ts":"2650462706", "pid":"1", "tid":"cice"},
{"name":"ModelAdvance", "ph":"E", "ts":"2650924072", "pid":"1", "tid":"cice"},
{"name":"ModelAdvance", "ph":"B", "ts":"2651054305", "pid":"1", "tid":"cice"},
{"name":"ModelAdvance", "ph":"E", "ts":"2651526819", "pid":"1", "tid":"cice"},
{"name":"ModelAdvance", "ph":"B", "ts":"2651672855", "pid":"1", "tid":"cice"},
{"name":"ModelAdvance", "ph":"E", "ts":"2652140634", "pid":"1", "tid":"cice"},
{"name":"ModelAdvance", "ph":"B", "ts":"2652272892", "pid":"1", "tid":"cice"},
{"name":"ModelAdvance", "ph":"E", "ts":"2652737791", "pid":"1", "tid":"cice"},
{"name":"ModelAdvance", "ph":"B", "ts":"2652879797", "pid":"1", "tid":"cice"},
{"name":"ModelAdvance", "ph":"E", "ts":"2653360279", "pid":"1", "tid":"cice"},
{"name":"ModelAdvance", "ph":"B", "ts":"2653488100", "pid":"1", "tid":"cice"},
{"name":"ModelAdvance", "ph":"E", "ts":"2653962557", "pid":"1", "tid":"cice"},
{"name":"ModelAdvance", "ph":"B", "ts":"2654091881", "pid":"1", "tid":"cice"},
{"name":"ModelAdvance", "ph":"E", "ts":"2654563337", "pid":"1", "tid":"cice"},
{"name":"ModelAdvance", "ph":"B", "ts":"2654692852", "pid":"1", "tid":"cice"},
{"name":"ModelAdvance", "ph":"E", "ts":"2655164951", "pid":"1", "tid":"cice"},
{"name":"ModelAdvance", "ph":"B", "ts":"2655300019", "pid":"1", "tid":"cice"},
{"name":"ModelAdvance", "ph":"E", "ts":"2655776448", "pid":"1", "tid":"cice"},
{"name":"ModelAdvance", "ph":"B", "ts":"2656528132", "pid":"1", "tid":"cice"},
{"name":"ModelAdvance", "ph":"E", "ts":"2657000508", "pid":"1", "tid":"cice"},
{"name":"ModelAdvance", "ph":"B", "ts":"2657129368", "pid":"1", "tid":"cice"},
{"name":"ModelAdvance", "ph":"E", "ts":"2657605924", "pid":"1", "tid":"cice"},
{"name":"ModelAdvance", "ph":"B", "ts":"2657722737", "pid":"1", "tid":"cice"},
{"name":"ModelAdvance", "ph":"E", "ts":"2658195151", "pid":"1", "tid":"cice"},
{"name":"ModelAdvance", "ph":"B", "ts":"2658335085", "pid":"1", "tid":"cice"},
{"name":"ModelAdvance", "ph":"E", "ts":"2658811700", "pid":"1", "tid":"cice"},
{"name":"ModelAdvance", "ph":"B", "ts":"2658944183", "pid":"1", "tid":"cice"},
{"name":"ModelAdvance", "ph":"E", "ts":"2659428365", "pid":"1", "tid":"cice"},
{"name":"ModelAdvance", "ph":"B", "ts":"2659544152", "pid":"1", "tid":"cice"},
{"name":"ModelAdvance", "ph":"E", "ts":"2660018116", "pid":"1", "tid":"cice"},
{"name":"ModelAdvance", "ph":"B", "ts":"2660142100", "pid":"1", "tid":"cice"},
{"name":"ModelAdvance", "ph":"E", "ts":"2660609270", "pid":"1", "tid":"cice"},
{"name":"ModelAdvance", "ph":"B", "ts":"2660749528", "pid":"1", "tid":"cice"},
{"name":"ModelAdvance", "ph":"E", "ts":"2661213084", "pid":"1", "tid":"cice"},
{"name":"ModelAdvance", "ph":"B", "ts":"2661344909", "pid":"1", "tid":"cice"},
{"name":"ModelAdvance", "ph":"E", "ts":"2661826487", "pid":"1", "tid":"cice"},
{"name":"ModelAdvance", "ph":"B", "ts":"2661937326", "pid":"1", "tid":"cice"},
{"name":"ModelAdvance", "ph":"E", "ts":"2662407411", "pid":"1", "tid":"cice"},
{"name":"ModelAdvance", "ph":"B", "ts":"2662528562", "pid":"1", "tid":"cice"},
{"name":"ModelAdvance", "ph":"E", "ts":"2663009132", "pid":"1", "tid":"cice"},
{"name":"ModelAdvance", "ph":"B", "ts":"2663129920", "pid":"1", "tid":"cice"},
{"name":"ModelAdvance", "ph":"E", "ts":"2663606118", "pid":"1", "tid":"cice"},
{"name":"ModelAdvance", "ph":"B", "ts":"2663733862", "pid":"1", "tid":"cice"},
{"name":"ModelAdvance", "ph":"E", "ts":"2664209385", "pid":"1", "tid":"cice"},
{"name":"ModelAdvance", "ph":"B", "ts":"2664345115", "pid":"1", "tid":"cice"},
{"name":"ModelAdvance", "ph":"E", "ts":"2664830170", "pid":"1", "tid":"cice"},
{"name":"ModelAdvance", "ph":"B", "ts":"2664939427", "pid":"1", "tid":"cice"},
{"name":"ModelAdvance", "ph":"E", "ts":"2665418496", "pid":"1", "tid":"cice"},
{"name":"ModelAdvance", "ph":"B", "ts":"2665560133", "pid":"1", "tid":"cice"},
{"name":"ModelAdvance", "ph":"E", "ts":"2666030119", "pid":"1", "tid":"cice"},
{"name":"ModelAdvance", "ph":"B", "ts":"2666147942", "pid":"1", "tid":"cice"},
{"name":"ModelAdvance", "ph":"E", "ts":"2666623412", "pid":"1", "tid":"cice"},
{"name":"ModelAdvance", "ph":"B", "ts":"2666773786", "pid":"1", "tid":"cice"},
{"name":"ModelAdvance", "ph":"E", "ts":"2667250314", "pid":"1", "tid":"cice"},
{"name":"ModelAdvance", "ph":"B", "ts":"2667377311", "pid":"1", "tid":"cice"},
{"name":"ModelAdvance", "ph":"E", "ts":"2667839190", "pid":"1", "tid":"cice"},
{"name":"ModelAdvance", "ph":"B", "ts":"2667989318", "pid":"1", "tid":"cice"},
{"name":"ModelAdvance", "ph":"E", "ts":"2668463664", "pid":"1", "tid":"cice"},
{"name":"ModelAdvance", "ph":"B", "ts":"2668583287", "pid":"1", "tid":"cice"},
{"name":"ModelAdvance", "ph":"E", "ts":"2669054962", "pid":"1", "tid":"cice"},
{"name":"ModelAdvance", "ph":"B", "ts":"2669182538", "pid":"1", "tid":"cice"},
{"name":"ModelAdvance", "ph":"E", "ts":"2669659233", "pid":"1", "tid":"cice"},
{"name":"ModelAdvance", "ph":"B", "ts":"2669805950", "pid":"1", "tid":"cice"},
{"name":"ModelAdvance", "ph":"E", "ts":"2670276909", "pid":"1", "tid":"cice"},
{"name":"ModelAdvance", "ph":"B", "ts":"2670454522", "pid":"1", "tid":"cice"},
{"name":"ModelAdvance", "ph":"E", "ts":"2670936145", "pid":"1", "tid":"cice"},
{"name":"ModelAdvance", "ph":"B", "ts":"2671686668", "pid":"1", "tid":"cice"},
{"name":"ModelAdvance", "ph":"E", "ts":"2672156339", "pid":"1", "tid":"cice"},
{"name":"ModelAdvance", "ph":"B", "ts":"2672280145", "pid":"1", "tid":"cice"},
{"name":"ModelAdvance", "ph":"E", "ts":"2672747674", "pid":"1", "tid":"cice"},
{"name":"ModelAdvance", "ph":"B", "ts":"2672876017", "pid":"1", "tid":"cice"},
{"name":"ModelAdvance", "ph":"E", "ts":"2673356367", "pid":"1", "tid":"cice"},
{"name":"ModelAdvance", "ph":"B", "ts":"2673473947", "pid":"1", "tid":"cice"},
{"name":"ModelAdvance", "ph":"E", "ts":"2673950589", "pid":"1", "tid":"cice"},
{"name":"ModelAdvance", "ph":"B", "ts":"2674066673", "pid":"1", "tid":"cice"},
{"name":"ModelAdvance", "ph":"E", "ts":"2674533945", "pid":"1", "tid":"cice"},
{"name":"ModelAdvance", "ph":"B", "ts":"2674681916", "pid":"1", "tid":"cice"},
{"name":"ModelAdvance", "ph":"E", "ts":"2675158451", "pid":"1", "tid":"cice"},
{"name":"ModelAdvance", "ph":"B", "ts":"2675277476", "pid":"1", "tid":"cice"},
{"name":"ModelAdvance", "ph":"E", "ts":"2675763868", "pid":"1", "tid":"cice"},
{"name":"ModelAdvance", "ph":"B", "ts":"2675874576", "pid":"1", "tid":"cice"},
{"name":"ModelAdvance", "ph":"E", "ts":"2676347278", "pid":"1", "tid":"cice"},
{"name":"ModelAdvance", "ph":"B", "ts":"2676477981", "pid":"1", "tid":"cice"},
{"name":"ModelAdvance", "ph":"E", "ts":"2676945112", "pid":"1", "tid":"cice"},
{"name":"ModelAdvance", "ph":"B", "ts":"2677082130", "pid":"1", "tid":"cice"},
{"name":"ModelAdvance", "ph":"E", "ts":"2677557224", "pid":"1", "tid":"cice"},
{"name":"ModelAdvance", "ph":"B", "ts":"2677675564", "pid":"1", "tid":"cice"},
{"name":"ModelAdvance", "ph":"E", "ts":"2678144391", "pid":"1", "tid":"cice"},
{"name":"ModelAdvance", "ph":"B", "ts":"2678283143", "pid":"1", "tid":"cice"},
{"name":"ModelAdvance", "ph":"E", "ts":"2678766819", "pid":"1", "tid":"cice"},
{"name":"ModelAdvance", "ph":"B", "ts":"2678877508", "pid":"1", "tid":"cice"},
{"name":"ModelAdvance", "ph":"E", "ts":"2679367940", "pid":"1", "tid":"cice"},
{"name":"ModelAdvance", "ph":"B", "ts":"2679477123", "pid":"1", "tid":"cice"},
{"name":"ModelAdvance", "ph":"E", "ts":"2679949733", "pid":"1", "tid":"cice"},
{"name":"ModelAdvance", "ph":"B", "ts":"2680091266", "pid":"1", "tid":"cice"},
{"name":"ModelAdvance", "ph":"E", "ts":"2680561555", "pid":"1", "tid":"cice"},
{"name":"ModelAdvance", "ph":"B", "ts":"2680695284", "pid":"1", "tid":"cice"},
{"name":"ModelAdvance", "ph":"E", "ts":"2681170209", "pid":"1", "tid":"cice"},
{"name":"ModelAdvance", "ph":"B", "ts":"2681289283", "pid":"1", "tid":"cice"},
{"name":"ModelAdvance", "ph":"E", "ts":"2681775255", "pid":"1", "tid":"cice"},
{"name":"ModelAdvance", "ph":"B", "ts":"2681896063", "pid":"1", "tid":"cice"},
{"name":"ModelAdvance", "ph":"E", "ts":"2682365947", "pid":"1", "tid":"cice"},
{"name":"ModelAdvance", "ph":"B", "ts":"2682489748", "pid":"1", "tid":"cice"},
{"name":"ModelAdvance", "ph":"E", "ts":"2682965608", "pid":"1", "tid":"cice"},
{"name":"ModelAdvance", "ph":"B", "ts":"2683127439", "pid":"1", "tid":"cice"},
{"name":"ModelAdvance", "ph":"E", "ts":"2683596702", "pid":"1", "tid":"cice"},
{"name":"ModelAdvance", "ph":"B", "ts":"2683773167", "pid":"1", "tid":"cice"},
{"name":"ModelAdvance", "ph":"E", "ts":"2684240366", "pid":"1", "tid":"cice"},
{"name":"ModelAdvance", "ph":"B", "ts":"2684406854", "pid":"1", "tid":"cice"},
{"name":"ModelAdvance", "ph":"E", "ts":"2684876159", "pid":"1", "tid":"cice"},
{"name":"ModelAdvance", "ph":"B", "ts":"2685017573", "pid":"1", "tid":"cice"},
{"name":"ModelAdvance", "ph":"E", "ts":"2685615065", "pid":"1", "tid":"cice"},
{"name":"ModelAdvance", "ph":"B", "ts":"2685659770", "pid":"1", "tid":"cice"},
{"name":"ModelAdvance", "ph":"E", "ts":"2686136121", "pid":"1", "tid":"cice"},
{"name":"ModelAdvance", "ph":"B", "ts":"2686918699", "pid":"1", "tid":"cice"},
{"name":"ModelAdvance", "ph":"E", "ts":"2687392832", "pid":"1", "tid":"cice"},
{"name":"ModelAdvance", "ph":"B", "ts":"2687518459", "pid":"1", "tid":"cice"},
{"name":"ModelAdvance", "ph":"E", "ts":"2687988124", "pid":"1", "tid":"cice"},
{"name":"ModelAdvance", "ph":"B", "ts":"2688116712", "pid":"1", "tid":"cice"},
{"name":"ModelAdvance", "ph":"E", "ts":"2688588404", "pid":"1", "tid":"cice"},
{"name":"ModelAdvance", "ph":"B", "ts":"2688715389", "pid":"1", "tid":"cice"},
{"name":"ModelAdvance", "ph":"E", "ts":"2689187886", "pid":"1", "tid":"cice"},
{"name":"ModelAdvance", "ph":"B", "ts":"2689339489", "pid":"1", "tid":"cice"},
{"name":"ModelAdvance", "ph":"E", "ts":"2689809030", "pid":"1", "tid":"cice"},
{"name":"ModelAdvance", "ph":"B", "ts":"2689958244", "pid":"1", "tid":"cice"},
{"name":"ModelAdvance", "ph":"E", "ts":"2690442158", "pid":"1", "tid":"cice"},
{"name":"ModelAdvance", "ph":"B", "ts":"2690567424", "pid":"1", "tid":"cice"},
{"name":"ModelAdvance", "ph":"E", "ts":"2691065280", "pid":"1", "tid":"cice"},
{"name":"ModelAdvance", "ph":"B", "ts":"2691205662", "pid":"1", "tid":"cice"},
{"name":"ModelAdvance", "ph":"E", "ts":"2691674421", "pid":"1", "tid":"cice"},
{"name":"ModelAdvance", "ph":"B", "ts":"2691803330", "pid":"1", "tid":"cice"},
{"name":"ModelAdvance", "ph":"E", "ts":"2692285218", "pid":"1", "tid":"cice"},
{"name":"ModelAdvance", "ph":"B", "ts":"2692401375", "pid":"1", "tid":"cice"},
{"name":"ModelAdvance", "ph":"E", "ts":"2692876217", "pid":"1", "tid":"cice"},
{"name":"ModelAdvance", "ph":"B", "ts":"2692998611", "pid":"1", "tid":"cice"},
{"name":"ModelAdvance", "ph":"E", "ts":"2693478632", "pid":"1", "tid":"cice"},
{"name":"ModelAdvance", "ph":"B", "ts":"2693618062", "pid":"1", "tid":"cice"},
{"name":"ModelAdvance", "ph":"E", "ts":"2694092345", "pid":"1", "tid":"cice"},
{"name":"ModelAdvance", "ph":"B", "ts":"2694247526", "pid":"1", "tid":"cice"},
{"name":"ModelAdvance", "ph":"E", "ts":"2694728232", "pid":"1", "tid":"cice"},
{"name":"ModelAdvance", "ph":"B", "ts":"2694850752", "pid":"1", "tid":"cice"},
{"name":"ModelAdvance", "ph":"E", "ts":"2695315281", "pid":"1", "tid":"cice"},
{"name":"ModelAdvance", "ph":"B", "ts":"2695447654", "pid":"1", "tid":"cice"},
{"name":"ModelAdvance", "ph":"E", "ts":"2695917184", "pid":"1", "tid":"cice"},
{"name":"ModelAdvance", "ph":"B", "ts":"2696102341", "pid":"1", "tid":"cice"},
{"name":"ModelAdvance", "ph":"E", "ts":"2696584056", "pid":"1", "tid":"cice"},
{"name":"ModelAdvance", "ph":"B", "ts":"2696705979", "pid":"1", "tid":"cice"},
{"name":"ModelAdvance", "ph":"E", "ts":"2697187024", "pid":"1", "tid":"cice"},
{"name":"ModelAdvance", "ph":"B", "ts":"2697301374", "pid":"1", "tid":"cice"},
{"name":"ModelAdvance", "ph":"E", "ts":"2697779066", "pid":"1", "tid":"cice"},
{"name":"ModelAdvance", "ph":"B", "ts":"2697904743", "pid":"1", "tid":"cice"},
{"name":"ModelAdvance", "ph":"E", "ts":"2698380298", "pid":"1", "tid":"cice"},
{"name":"ModelAdvance", "ph":"B", "ts":"2698506131", "pid":"1", "tid":"cice"},
{"name":"ModelAdvance", "ph":"E", "ts":"2698980673", "pid":"1", "tid":"cice"},
{"name":"ModelAdvance", "ph":"B", "ts":"2699105908", "pid":"1", "tid":"cice"},
{"name":"ModelAdvance", "ph":"E", "ts":"2699578089", "pid":"1", "tid":"cice"},
{"name":"ModelAdvance", "ph":"B", "ts":"2699703323", "pid":"1", "tid":"cice"},
{"name":"ModelAdvance", "ph":"E", "ts":"2700176589", "pid":"1", "tid":"cice"},
{"name":"ModelAdvance", "ph":"B", "ts":"2700297162", "pid":"1", "tid":"cice"},
{"name":"ModelAdvance", "ph":"E", "ts":"2700772634", "pid":"1", "tid":"cice"},
{"name":"ModelAdvance", "ph":"B", "ts":"2700910117", "pid":"1", "tid":"cice"},
{"name":"ModelAdvance", "ph":"E", "ts":"2701383171", "pid":"1", "tid":"cice"},
{"name":"ModelAdvance", "ph":"B", "ts":"2702153374", "pid":"1", "tid":"cice"},
{"name":"ModelAdvance", "ph":"E", "ts":"2702629739", "pid":"1", "tid":"cice"},
{"name":"ModelAdvance", "ph":"B", "ts":"2702750869", "pid":"1", "tid":"cice"},
{"name":"ModelAdvance", "ph":"E", "ts":"2703215271", "pid":"1", "tid":"cice"},
{"name":"ModelAdvance", "ph":"B", "ts":"2703347466", "pid":"1", "tid":"cice"},
{"name":"ModelAdvance", "ph":"E", "ts":"2703845569", "pid":"1", "tid":"cice"},
{"name":"ModelAdvance", "ph":"B", "ts":"2703974392", "pid":"1", "tid":"cice"},
{"name":"ModelAdvance", "ph":"E", "ts":"2704440663", "pid":"1", "tid":"cice"},
{"name":"ModelAdvance", "ph":"B", "ts":"2704573187", "pid":"1", "tid":"cice"},
{"name":"ModelAdvance", "ph":"E", "ts":"2705047625", "pid":"1", "tid":"cice"},
{"name":"ModelAdvance", "ph":"B", "ts":"2705171862", "pid":"1", "tid":"cice"},
{"name":"ModelAdvance", "ph":"E", "ts":"2705645614", "pid":"1", "tid":"cice"},
{"name":"ModelAdvance", "ph":"B", "ts":"2705771923", "pid":"1", "tid":"cice"},
{"name":"ModelAdvance", "ph":"E", "ts":"2706244721", "pid":"1", "tid":"cice"},
{"name":"ModelAdvance", "ph":"B", "ts":"2706386215", "pid":"1", "tid":"cice"},
{"name":"ModelAdvance", "ph":"E", "ts":"2706853903", "pid":"1", "tid":"cice"},
{"name":"ModelAdvance", "ph":"B", "ts":"2706984249", "pid":"1", "tid":"cice"},
{"name":"ModelAdvance", "ph":"E", "ts":"2707451957", "pid":"1", "tid":"cice"},
{"name":"ModelAdvance", "ph":"B", "ts":"2707620523", "pid":"1", "tid":"cice"},
{"name":"ModelAdvance", "ph":"E", "ts":"2708090806", "pid":"1", "tid":"cice"},
{"name":"ModelAdvance", "ph":"B", "ts":"2708228488", "pid":"1", "tid":"cice"},
{"name":"ModelAdvance", "ph":"E", "ts":"2708703991", "pid":"1", "tid":"cice"},
{"name":"ModelAdvance", "ph":"B", "ts":"2708851644", "pid":"1", "tid":"cice"},
{"name":"ModelAdvance", "ph":"E", "ts":"2709320375", "pid":"1", "tid":"cice"},
{"name":"ModelAdvance", "ph":"B", "ts":"2709443496", "pid":"1", "tid":"cice"},
{"name":"ModelAdvance", "ph":"E", "ts":"2709920832", "pid":"1", "tid":"cice"},
{"name":"ModelAdvance", "ph":"B", "ts":"2710120631", "pid":"1", "tid":"cice"},
{"name":"ModelAdvance", "ph":"E", "ts":"2710594095", "pid":"1", "tid":"cice"},
{"name":"ModelAdvance", "ph":"B", "ts":"2710717802", "pid":"1", "tid":"cice"},
{"name":"ModelAdvance", "ph":"E", "ts":"2711187554", "pid":"1", "tid":"cice"},
{"name":"ModelAdvance", "ph":"B", "ts":"2711315318", "pid":"1", "tid":"cice"},
{"name":"ModelAdvance", "ph":"E", "ts":"2711790982", "pid":"1", "tid":"cice"},
{"name":"ModelAdvance", "ph":"B", "ts":"2711937836", "pid":"1", "tid":"cice"},
{"name":"ModelAdvance", "ph":"E", "ts":"2712425320", "pid":"1", "tid":"cice"},
{"name":"ModelAdvance", "ph":"B", "ts":"2712592769", "pid":"1", "tid":"cice"},
{"name":"ModelAdvance", "ph":"E", "ts":"2713066265", "pid":"1", "tid":"cice"},
{"name":"ModelAdvance", "ph":"B", "ts":"2713192807", "pid":"1", "tid":"cice"},
{"name":"ModelAdvance", "ph":"E", "ts":"2713671282", "pid":"1", "tid":"cice"},
{"name":"ModelAdvance", "ph":"B", "ts":"2713793542", "pid":"1", "tid":"cice"},
{"name":"ModelAdvance", "ph":"E", "ts":"2714272088", "pid":"1", "tid":"cice"},
{"name":"ModelAdvance", "ph":"B", "ts":"2714478144", "pid":"1", "tid":"cice"},
{"name":"ModelAdvance", "ph":"E", "ts":"2714960526", "pid":"1", "tid":"cice"},
{"name":"ModelAdvance", "ph":"B", "ts":"2715098212", "pid":"1", "tid":"cice"},
{"name":"ModelAdvance", "ph":"E", "ts":"2715569539", "pid":"1", "tid":"cice"},
{"name":"ModelAdvance", "ph":"B", "ts":"2715708990", "pid":"1", "tid":"cice"},
{"name":"ModelAdvance", "ph":"E", "ts":"2716179452", "pid":"1", "tid":"cice"},
{"name":"ModelAdvance", "ph":"B", "ts":"2716330484", "pid":"1", "tid":"cice"},
{"name":"ModelAdvance", "ph":"E", "ts":"2716811261", "pid":"1", "tid":"cice"},
{"name":"ModelAdvance", "ph":"B", "ts":"2717584536", "pid":"1", "tid":"cice"},
{"name":"ModelAdvance", "ph":"E", "ts":"2718058120", "pid":"1", "tid":"cice"},
{"name":"ModelAdvance", "ph":"B", "ts":"2718213519", "pid":"1", "tid":"cice"},
{"name":"ModelAdvance", "ph":"E", "ts":"2718693184", "pid":"1", "tid":"cice"},
{"name":"ModelAdvance", "ph":"B", "ts":"2718857912", "pid":"1", "tid":"cice"},
{"name":"ModelAdvance", "ph":"E", "ts":"2719328815", "pid":"1", "tid":"cice"},
{"name":"ModelAdvance", "ph":"B", "ts":"2719458220", "pid":"1", "tid":"cice"},
{"name":"ModelAdvance", "ph":"E", "ts":"2719925402", "pid":"1", "tid":"cice"},
{"name":"ModelAdvance", "ph":"B", "ts":"2720056701", "pid":"1", "tid":"cice"},
{"name":"ModelAdvance", "ph":"E", "ts":"2720524151", "pid":"1", "tid":"cice"},
{"name":"ModelAdvance", "ph":"B", "ts":"2720652486", "pid":"1", "tid":"cice"},
{"name":"ModelAdvance", "ph":"E", "ts":"2721136031", "pid":"1", "tid":"cice"},
{"name":"ModelAdvance", "ph":"B", "ts":"2721262483", "pid":"1", "tid":"cice"},
{"name":"ModelAdvance", "ph":"E", "ts":"2721742677", "pid":"1", "tid":"cice"},
{"name":"ModelAdvance", "ph":"B", "ts":"2721857780", "pid":"1", "tid":"cice"},
{"name":"ModelAdvance", "ph":"E", "ts":"2722343491", "pid":"1", "tid":"cice"},
{"name":"ModelAdvance", "ph":"B", "ts":"2722457140", "pid":"1", "tid":"cice"},
{"name":"ModelAdvance", "ph":"E", "ts":"2722936088", "pid":"1", "tid":"cice"},
{"name":"ModelAdvance", "ph":"B", "ts":"2723063144", "pid":"1", "tid":"cice"},
{"name":"ModelAdvance", "ph":"E", "ts":"2723540807", "pid":"1", "tid":"cice"},
{"name":"ModelAdvance", "ph":"B", "ts":"2723658063", "pid":"1", "tid":"cice"},
{"name":"ModelAdvance", "ph":"E", "ts":"2724133470", "pid":"1", "tid":"cice"},
{"name":"ModelAdvance", "ph":"B", "ts":"2724264501", "pid":"1", "tid":"cice"},
{"name":"ModelAdvance", "ph":"E", "ts":"2724734543", "pid":"1", "tid":"cice"},
{"name":"ModelAdvance", "ph":"B", "ts":"2724869286", "pid":"1", "tid":"cice"},
{"name":"ModelAdvance", "ph":"E", "ts":"2725340309", "pid":"1", "tid":"cice"},
{"name":"ModelAdvance", "ph":"B", "ts":"2725473035", "pid":"1", "tid":"cice"},
{"name":"ModelAdvance", "ph":"E", "ts":"2725937489", "pid":"1", "tid":"cice"},
{"name":"ModelAdvance", "ph":"B", "ts":"2726076957", "pid":"1", "tid":"cice"},
{"name":"ModelAdvance", "ph":"E", "ts":"2726554580", "pid":"1", "tid":"cice"},
{"name":"ModelAdvance", "ph":"B", "ts":"2726680176", "pid":"1", "tid":"cice"},
{"name":"ModelAdvance", "ph":"E", "ts":"2727159000", "pid":"1", "tid":"cice"},
{"name":"ModelAdvance", "ph":"B", "ts":"2727344596", "pid":"1", "tid":"cice"},
{"name":"ModelAdvance", "ph":"E", "ts":"2727829593", "pid":"1", "tid":"cice"},
{"name":"ModelAdvance", "ph":"B", "ts":"2727977576", "pid":"1", "tid":"cice"},
{"name":"ModelAdvance", "ph":"E", "ts":"2728454332", "pid":"1", "tid":"cice"},
{"name":"ModelAdvance", "ph":"B", "ts":"2728576326", "pid":"1", "tid":"cice"},
{"name":"ModelAdvance", "ph":"E", "ts":"2729046072", "pid":"1", "tid":"cice"},
{"name":"ModelAdvance", "ph":"B", "ts":"2729174702", "pid":"1", "tid":"cice"},
{"name":"ModelAdvance", "ph":"E", "ts":"2729657139", "pid":"1", "tid":"cice"},
{"name":"ModelAdvance", "ph":"B", "ts":"2729781566", "pid":"1", "tid":"cice"},
{"name":"ModelAdvance", "ph":"E", "ts":"2730259312", "pid":"1", "tid":"cice"},
{"name":"ModelAdvance", "ph":"B", "ts":"2730387127", "pid":"1", "tid":"cice"},
{"name":"ModelAdvance", "ph":"E", "ts":"2730860099", "pid":"1", "tid":"cice"},
{"name":"ModelAdvance", "ph":"B", "ts":"2730994665", "pid":"1", "tid":"cice"},
{"name":"ModelAdvance", "ph":"E", "ts":"2731465441", "pid":"1", "tid":"cice"},
{"name":"ModelAdvance", "ph":"B", "ts":"2731661838", "pid":"1", "tid":"cice"},
{"name":"ModelAdvance", "ph":"E", "ts":"2732129568", "pid":"1", "tid":"cice"},
{"name":"ModelAdvance", "ph":"B", "ts":"2732940473", "pid":"1", "tid":"cice"},
{"name":"ModelAdvance", "ph":"E", "ts":"2733434032", "pid":"1", "tid":"cice"},
{"name":"ModelAdvance", "ph":"B", "ts":"2733565629", "pid":"1", "tid":"cice"},
{"name":"ModelAdvance", "ph":"E", "ts":"2734036427", "pid":"1", "tid":"cice"},
{"name":"ModelAdvance", "ph":"B", "ts":"2734171299", "pid":"1", "tid":"cice"},
{"name":"ModelAdvance", "ph":"E", "ts":"2734645840", "pid":"1", "tid":"cice"},
{"name":"ModelAdvance", "ph":"B", "ts":"2734770368", "pid":"1", "tid":"cice"},
{"name":"ModelAdvance", "ph":"E", "ts":"2735244613", "pid":"1", "tid":"cice"},
{"name":"ModelAdvance", "ph":"B", "ts":"2735368761", "pid":"1", "tid":"cice"},
{"name":"ModelAdvance", "ph":"E", "ts":"2735842304", "pid":"1", "tid":"cice"},
{"name":"ModelAdvance", "ph":"B", "ts":"2735977708", "pid":"1", "tid":"cice"},
{"name":"ModelAdvance", "ph":"E", "ts":"2736451559", "pid":"1", "tid":"cice"},
{"name":"ModelAdvance", "ph":"B", "ts":"2736589036", "pid":"1", "tid":"cice"},
{"name":"ModelAdvance", "ph":"E", "ts":"2737069491", "pid":"1", "tid":"cice"},
{"name":"ModelAdvance", "ph":"B", "ts":"2737204992", "pid":"1", "tid":"cice"},
{"name":"ModelAdvance", "ph":"E", "ts":"2737668369", "pid":"1", "tid":"cice"},
{"name":"ModelAdvance", "ph":"B", "ts":"2737860758", "pid":"1", "tid":"cice"},
{"name":"ModelAdvance", "ph":"E", "ts":"2738339567", "pid":"1", "tid":"cice"},
{"name":"ModelAdvance", "ph":"B", "ts":"2738460785", "pid":"1", "tid":"cice"},
{"name":"ModelAdvance", "ph":"E", "ts":"2738936196", "pid":"1", "tid":"cice"},
{"name":"ModelAdvance", "ph":"B", "ts":"2739060048", "pid":"1", "tid":"cice"},
{"name":"ModelAdvance", "ph":"E", "ts":"2739539999", "pid":"1", "tid":"cice"},
{"name":"ModelAdvance", "ph":"B", "ts":"2739706111", "pid":"1", "tid":"cice"},
{"name":"ModelAdvance", "ph":"E", "ts":"2740183038", "pid":"1", "tid":"cice"},
{"name":"ModelAdvance", "ph":"B", "ts":"2740304728", "pid":"1", "tid":"cice"},
{"name":"ModelAdvance", "ph":"E", "ts":"2740770559", "pid":"1", "tid":"cice"},
{"name":"ModelAdvance", "ph":"B", "ts":"2740904526", "pid":"1", "tid":"cice"},
{"name":"ModelAdvance", "ph":"E", "ts":"2741380223", "pid":"1", "tid":"cice"},
{"name":"ModelAdvance", "ph":"B", "ts":"2741505185", "pid":"1", "tid":"cice"},
{"name":"ModelAdvance", "ph":"E", "ts":"2741974674", "pid":"1", "tid":"cice"},
{"name":"ModelAdvance", "ph":"B", "ts":"2742102123", "pid":"1", "tid":"cice"},
{"name":"ModelAdvance", "ph":"E", "ts":"2742569503", "pid":"1", "tid":"cice"},
{"name":"ModelAdvance", "ph":"B", "ts":"2742702598", "pid":"1", "tid":"cice"},
{"name":"ModelAdvance", "ph":"E", "ts":"2743165890", "pid":"1", "tid":"cice"},
{"name":"ModelAdvance", "ph":"B", "ts":"2743306880", "pid":"1", "tid":"cice"},
{"name":"ModelAdvance", "ph":"E", "ts":"2743778250", "pid":"1", "tid":"cice"},
{"name":"ModelAdvance", "ph":"B", "ts":"2743912402", "pid":"1", "tid":"cice"},
{"name":"ModelAdvance", "ph":"E", "ts":"2744384872", "pid":"1", "tid":"cice"},
{"name":"ModelAdvance", "ph":"B", "ts":"2744509724", "pid":"1", "tid":"cice"},
{"name":"ModelAdvance", "ph":"E", "ts":"2744984780", "pid":"1", "tid":"cice"},
{"name":"ModelAdvance", "ph":"B", "ts":"2745110004", "pid":"1", "tid":"cice"},
{"name":"ModelAdvance", "ph":"E", "ts":"2745582886", "pid":"1", "tid":"cice"},
{"name":"ModelAdvance", "ph":"B", "ts":"2745703908", "pid":"1", "tid":"cice"},
{"name":"ModelAdvance", "ph":"E", "ts":"2746173834", "pid":"1", "tid":"cice"},
{"name":"ModelAdvance", "ph":"B", "ts":"2746305064", "pid":"1", "tid":"cice"},
{"name":"ModelAdvance", "ph":"E", "ts":"2746784166", "pid":"1", "tid":"cice"},
{"name":"ModelAdvance", "ph":"B", "ts":"2746909966", "pid":"1", "tid":"cice"},
{"name":"ModelAdvance", "ph":"E", "ts":"2747385967", "pid":"1", "tid":"cice"},
{"name":"ModelAdvance", "ph":"B", "ts":"2748189464", "pid":"1", "tid":"cice"},
{"name":"ModelAdvance", "ph":"E", "ts":"2748665369", "pid":"1", "tid":"cice"},
{"name":"ModelAdvance", "ph":"B", "ts":"2748787587", "pid":"1", "tid":"cice"},
{"name":"ModelAdvance", "ph":"E", "ts":"2749258154", "pid":"1", "tid":"cice"},
{"name":"ModelAdvance", "ph":"B", "ts":"2749385188", "pid":"1", "tid":"cice"},
{"name":"ModelAdvance", "ph":"E", "ts":"2749860229", "pid":"1", "tid":"cice"},
{"name":"ModelAdvance", "ph":"B", "ts":"2749985519", "pid":"1", "tid":"cice"},
{"name":"ModelAdvance", "ph":"E", "ts":"2750456620", "pid":"1", "tid":"cice"},
{"name":"ModelAdvance", "ph":"B", "ts":"2750586222", "pid":"1", "tid":"cice"},
{"name":"ModelAdvance", "ph":"E", "ts":"2751056426", "pid":"1", "tid":"cice"},
{"name":"ModelAdvance", "ph":"B", "ts":"2751182930", "pid":"1", "tid":"cice"},
{"name":"ModelAdvance", "ph":"E", "ts":"2751659716", "pid":"1", "tid":"cice"},
{"name":"ModelAdvance", "ph":"B", "ts":"2751783399", "pid":"1", "tid":"cice"},
{"name":"ModelAdvance", "ph":"E", "ts":"2752260693", "pid":"1", "tid":"cice"},
{"name":"ModelAdvance", "ph":"B", "ts":"2752385630", "pid":"1", "tid":"cice"},
{"name":"ModelAdvance", "ph":"E", "ts":"2752851190", "pid":"1", "tid":"cice"},
{"name":"ModelAdvance", "ph":"B", "ts":"2752980550", "pid":"1", "tid":"cice"},
{"name":"ModelAdvance", "ph":"E", "ts":"2753450115", "pid":"1", "tid":"cice"},
{"name":"ModelAdvance", "ph":"B", "ts":"2753584744", "pid":"1", "tid":"cice"},
{"name":"ModelAdvance", "ph":"E", "ts":"2754054348", "pid":"1", "tid":"cice"},
{"name":"ModelAdvance", "ph":"B", "ts":"2754182651", "pid":"1", "tid":"cice"},
{"name":"ModelAdvance", "ph":"E", "ts":"2754657359", "pid":"1", "tid":"cice"},
{"name":"ModelAdvance", "ph":"B", "ts":"2754794535", "pid":"1", "tid":"cice"},
{"name":"ModelAdvance", "ph":"E", "ts":"2755262343", "pid":"1", "tid":"cice"},
{"name":"ModelAdvance", "ph":"B", "ts":"2755394875", "pid":"1", "tid":"cice"},
{"name":"ModelAdvance", "ph":"E", "ts":"2755865979", "pid":"1", "tid":"cice"},
{"name":"ModelAdvance", "ph":"B", "ts":"2755990337", "pid":"1", "tid":"cice"},
{"name":"ModelAdvance", "ph":"E", "ts":"2756460087", "pid":"1", "tid":"cice"},
{"name":"ModelAdvance", "ph":"B", "ts":"2756588653", "pid":"1", "tid":"cice"},
{"name":"ModelAdvance", "ph":"E", "ts":"2757061363", "pid":"1", "tid":"cice"},
{"name":"ModelAdvance", "ph":"B", "ts":"2757965835", "pid":"1", "tid":"cice"},
{"name":"ModelAdvance", "ph":"E", "ts":"2758443159", "pid":"1", "tid":"cice"},
{"name":"ModelAdvance", "ph":"B", "ts":"2758563972", "pid":"1", "tid":"cice"},
{"name":"ModelAdvance", "ph":"E", "ts":"2759043140", "pid":"1", "tid":"cice"},
{"name":"ModelAdvance", "ph":"B", "ts":"2759165582", "pid":"1", "tid":"cice"},
{"name":"ModelAdvance", "ph":"E", "ts":"2759642439", "pid":"1", "tid":"cice"},
{"name":"ModelAdvance", "ph":"B", "ts":"2759773365", "pid":"1", "tid":"cice"},
{"name":"ModelAdvance", "ph":"E", "ts":"2760242981", "pid":"1", "tid":"cice"},
{"name":"ModelAdvance", "ph":"B", "ts":"2760374915", "pid":"1", "tid":"cice"},
{"name":"ModelAdvance", "ph":"E", "ts":"2760846824", "pid":"1", "tid":"cice"},
{"name":"ModelAdvance", "ph":"B", "ts":"2760971211", "pid":"1", "tid":"cice"},
{"name":"ModelAdvance", "ph":"E", "ts":"2761443496", "pid":"1", "tid":"cice"},
{"name":"ModelAdvance", "ph":"B", "ts":"2761570244", "pid":"1", "tid":"cice"},
{"name":"ModelAdvance", "ph":"E", "ts":"2762046964", "pid":"1", "tid":"cice"},
{"name":"ModelAdvance", "ph":"B", "ts":"2762171029", "pid":"1", "tid":"cice"},
{"name":"ModelAdvance", "ph":"E", "ts":"2762654212", "pid":"1", "tid":"cice"},
{"name":"ModelAdvance", "ph":"B", "ts":"2762782218", "pid":"1", "tid":"cice"},
{"name":"ModelAdvance", "ph":"E", "ts":"2763262349", "pid":"1", "tid":"cice"},
{"name":"ModelAdvance", "ph":"B", "ts":"2764014453", "pid":"1", "tid":"cice"},
{"name":"ModelAdvance", "ph":"E", "ts":"2764502535", "pid":"1", "tid":"cice"},
{"name":"ModelAdvance", "ph":"B", "ts":"2764635178", "pid":"1", "tid":"cice"},
{"name":"ModelAdvance", "ph":"E", "ts":"2765097036", "pid":"1", "tid":"cice"},
{"name":"ModelAdvance", "ph":"B", "ts":"2765233385", "pid":"1", "tid":"cice"},
{"name":"ModelAdvance", "ph":"E", "ts":"2765695687", "pid":"1", "tid":"cice"},
{"name":"ModelAdvance", "ph":"B", "ts":"2765833530", "pid":"1", "tid":"cice"},
{"name":"ModelAdvance", "ph":"E", "ts":"2766305144", "pid":"1", "tid":"cice"},
{"name":"ModelAdvance", "ph":"B", "ts":"2766434373", "pid":"1", "tid":"cice"},
{"name":"ModelAdvance", "ph":"E", "ts":"2766899349", "pid":"1", "tid":"cice"},
{"name":"ModelAdvance", "ph":"B", "ts":"2767030425", "pid":"1", "tid":"cice"},
{"name":"ModelAdvance", "ph":"E", "ts":"2767499575", "pid":"1", "tid":"cice"},
{"name":"ModelAdvance", "ph":"B", "ts":"2767642416", "pid":"1", "tid":"cice"},
{"name":"ModelAdvance", "ph":"E", "ts":"2768117698", "pid":"1", "tid":"cice"},
{"name":"ModelAdvance", "ph":"B", "ts":"2768241718", "pid":"1", "tid":"cice"},
{"name":"ModelAdvance", "ph":"E", "ts":"2768709099", "pid":"1", "tid":"cice"},
{"name":"ModelAdvance", "ph":"B", "ts":"2768840877", "pid":"1", "tid":"cice"},
{"name":"ModelAdvance", "ph":"E", "ts":"2769318444", "pid":"1", "tid":"cice"},
{"name":"ModelAdvance", "ph":"B", "ts":"2769439101", "pid":"1", "tid":"cice"},
{"name":"ModelAdvance", "ph":"E", "ts":"2769913466", "pid":"1", "tid":"cice"},
{"name":"ModelAdvance", "ph":"B", "ts":"2770067508", "pid":"1", "tid":"cice"},
{"name":"ModelAdvance", "ph":"E", "ts":"2770537867", "pid":"1", "tid":"cice"},
{"name":"ModelAdvance", "ph":"B", "ts":"2770684141", "pid":"1", "tid":"cice"},
{"name":"ModelAdvance", "ph":"E", "ts":"2771151278", "pid":"1", "tid":"cice"},
{"name":"ModelAdvance", "ph":"B", "ts":"2771284340", "pid":"1", "tid":"cice"},
{"name":"ModelAdvance", "ph":"E", "ts":"2771760980", "pid":"1", "tid":"cice"},
{"name":"ModelAdvance", "ph":"B", "ts":"2771877214", "pid":"1", "tid":"cice"},
{"name":"ModelAdvance", "ph":"E", "ts":"2772344117", "pid":"1", "tid":"cice"},
{"name":"ModelAdvance", "ph":"B", "ts":"2772509321", "pid":"1", "tid":"cice"},
{"name":"ModelAdvance", "ph":"E", "ts":"2772980413", "pid":"1", "tid":"cice"},
{"name":"ModelAdvance", "ph":"B", "ts":"2773105693", "pid":"1", "tid":"cice"},
{"name":"ModelAdvance", "ph":"E", "ts":"2773584292", "pid":"1", "tid":"cice"},
{"name":"ModelAdvance", "ph":"B", "ts":"2773708617", "pid":"1", "tid":"cice"},
{"name":"ModelAdvance", "ph":"E", "ts":"2774183527", "pid":"1", "tid":"cice"},
{"name":"ModelAdvance", "ph":"B", "ts":"2774306043", "pid":"1", "tid":"cice"},
{"name":"ModelAdvance", "ph":"E", "ts":"2774778500", "pid":"1", "tid":"cice"},
{"name":"ModelAdvance", "ph":"B", "ts":"2774908056", "pid":"1", "tid":"cice"},
{"name":"ModelAdvance", "ph":"E", "ts":"2775391101", "pid":"1", "tid":"cice"},
{"name":"ModelAdvance", "ph":"B", "ts":"2775529585", "pid":"1", "tid":"cice"},
{"name":"ModelAdvance", "ph":"E", "ts":"2775995188", "pid":"1", "tid":"cice"},
{"name":"ModelAdvance", "ph":"B", "ts":"2776128938", "pid":"1", "tid":"cice"},
{"name":"ModelAdvance", "ph":"E", "ts":"2776602032", "pid":"1", "tid":"cice"},
{"name":"ModelAdvance", "ph":"B", "ts":"2776726460", "pid":"1", "tid":"cice"},
{"name":"ModelAdvance", "ph":"E", "ts":"2777196798", "pid":"1", "tid":"cice"},
{"name":"ModelAdvance", "ph":"B", "ts":"2777325690", "pid":"1", "tid":"cice"},
{"name":"ModelAdvance", "ph":"E", "ts":"2777900184", "pid":"1", "tid":"cice"},
{"name":"ModelAdvance", "ph":"B", "ts":"2777946177", "pid":"1", "tid":"cice"},
{"name":"ModelAdvance", "ph":"E", "ts":"2778421798", "pid":"1", "tid":"cice"},
{"name":"ModelAdvance", "ph":"B", "ts":"2779196252", "pid":"1", "tid":"cice"},
{"name":"ModelAdvance", "ph":"E", "ts":"2779669215", "pid":"1", "tid":"cice"},
{"name":"ModelAdvance", "ph":"B", "ts":"2779794859", "pid":"1", "tid":"cice"},
{"name":"ModelAdvance", "ph":"E", "ts":"2780287206", "pid":"1", "tid":"cice"},
{"name":"ModelAdvance", "ph":"B", "ts":"2780407097", "pid":"1", "tid":"cice"},
{"name":"ModelAdvance", "ph":"E", "ts":"2780883518", "pid":"1", "tid":"cice"},
{"name":"ModelAdvance", "ph":"B", "ts":"2781016480", "pid":"1", "tid":"cice"},
{"name":"ModelAdvance", "ph":"E", "ts":"2781485212", "pid":"1", "tid":"cice"},
{"name":"ModelAdvance", "ph":"B", "ts":"2781615621", "pid":"1", "tid":"cice"},
{"name":"ModelAdvance", "ph":"E", "ts":"2782094092", "pid":"1", "tid":"cice"},
{"name":"ModelAdvance", "ph":"B", "ts":"2782212138", "pid":"1", "tid":"cice"},
{"name":"ModelAdvance", "ph":"E", "ts":"2782691313", "pid":"1", "tid":"cice"},
{"name":"ModelAdvance", "ph":"B", "ts":"2782826215", "pid":"1", "tid":"cice"},
{"name":"ModelAdvance", "ph":"E", "ts":"2783292111", "pid":"1", "tid":"cice"},
{"name":"ModelAdvance", "ph":"B", "ts":"2783424134", "pid":"1", "tid":"cice"},
{"name":"ModelAdvance", "ph":"E", "ts":"2783887320", "pid":"1", "tid":"cice"},
{"name":"ModelAdvance", "ph":"B", "ts":"2784027512", "pid":"1", "tid":"cice"},
{"name":"ModelAdvance", "ph":"E", "ts":"2784494869", "pid":"1", "tid":"cice"},
{"name":"ModelAdvance", "ph":"B", "ts":"2784622667", "pid":"1", "tid":"cice"},
{"name":"ModelAdvance", "ph":"E", "ts":"2785088217", "pid":"1", "tid":"cice"},
{"name":"ModelAdvance", "ph":"B", "ts":"2785228924", "pid":"1", "tid":"cice"},
{"name":"ModelAdvance", "ph":"E", "ts":"2785706987", "pid":"1", "tid":"cice"},
{"name":"ModelAdvance", "ph":"B", "ts":"2785840281", "pid":"1", "tid":"cice"},
{"name":"ModelAdvance", "ph":"E", "ts":"2786313740", "pid":"1", "tid":"cice"},
{"name":"ModelAdvance", "ph":"B", "ts":"2786439586", "pid":"1", "tid":"cice"},
{"name":"ModelAdvance", "ph":"E", "ts":"2786916638", "pid":"1", "tid":"cice"},
{"name":"ModelAdvance", "ph":"B", "ts":"2787042895", "pid":"1", "tid":"cice"},
{"name":"ModelAdvance", "ph":"E", "ts":"2787522805", "pid":"1", "tid":"cice"},
{"name":"ModelAdvance", "ph":"B", "ts":"2787639195", "pid":"1", "tid":"cice"},
{"name":"ModelAdvance", "ph":"E", "ts":"2788118768", "pid":"1", "tid":"cice"},
{"name":"ModelAdvance", "ph":"B", "ts":"2788287893", "pid":"1", "tid":"cice"},
{"name":"ModelAdvance", "ph":"E", "ts":"2788756607", "pid":"1", "tid":"cice"},
{"name":"ModelAdvance", "ph":"B", "ts":"2788885235", "pid":"1", "tid":"cice"},
{"name":"ModelAdvance", "ph":"E", "ts":"2789367278", "pid":"1", "tid":"cice"},
{"name":"ModelAdvance", "ph":"B", "ts":"2789481767", "pid":"1", "tid":"cice"},
{"name":"ModelAdvance", "ph":"E", "ts":"2789955809", "pid":"1", "tid":"cice"},
{"name":"ModelAdvance", "ph":"B", "ts":"2790084359", "pid":"1", "tid":"cice"},
{"name":"ModelAdvance", "ph":"E", "ts":"2790551029", "pid":"1", "tid":"cice"},
{"name":"ModelAdvance", "ph":"B", "ts":"2790688810", "pid":"1", "tid":"cice"},
{"name":"ModelAdvance", "ph":"E", "ts":"2791164794", "pid":"1", "tid":"cice"},
{"name":"ModelAdvance", "ph":"B", "ts":"2791298123", "pid":"1", "tid":"cice"},
{"name":"ModelAdvance", "ph":"E", "ts":"2791768598", "pid":"1", "tid":"cice"},
{"name":"ModelAdvance", "ph":"B", "ts":"2791897379", "pid":"1", "tid":"cice"},
{"name":"ModelAdvance", "ph":"E", "ts":"2792374223", "pid":"1", "tid":"cice"},
{"name":"ModelAdvance", "ph":"B", "ts":"2792498693", "pid":"1", "tid":"cice"},
{"name":"ModelAdvance", "ph":"E", "ts":"2792968885", "pid":"1", "tid":"cice"},
{"name":"ModelAdvance", "ph":"B", "ts":"2793108135", "pid":"1", "tid":"cice"},
{"name":"ModelAdvance", "ph":"E", "ts":"2793579104", "pid":"1", "tid":"cice"},
{"name":"ModelAdvance", "ph":"B", "ts":"2794385395", "pid":"1", "tid":"cice"},
{"name":"ModelAdvance", "ph":"E", "ts":"2794853049", "pid":"1", "tid":"cice"},
{"name":"ModelAdvance", "ph":"B", "ts":"2794983399", "pid":"1", "tid":"cice"},
{"name":"ModelAdvance", "ph":"E", "ts":"2795452454", "pid":"1", "tid":"cice"},
{"name":"ModelAdvance", "ph":"B", "ts":"2795580907", "pid":"1", "tid":"cice"},
{"name":"ModelAdvance", "ph":"E", "ts":"2796063765", "pid":"1", "tid":"cice"},
{"name":"ModelAdvance", "ph":"B", "ts":"2796184060", "pid":"1", "tid":"cice"},
{"name":"ModelAdvance", "ph":"E", "ts":"2796667231", "pid":"1", "tid":"cice"},
{"name":"ModelAdvance", "ph":"B", "ts":"2796789535", "pid":"1", "tid":"cice"},
{"name":"ModelAdvance", "ph":"E", "ts":"2797261166", "pid":"1", "tid":"cice"},
{"name":"ModelAdvance", "ph":"B", "ts":"2797404532", "pid":"1", "tid":"cice"},
{"name":"ModelAdvance", "ph":"E", "ts":"2797873497", "pid":"1", "tid":"cice"},
{"name":"ModelAdvance", "ph":"B", "ts":"2798002424", "pid":"1", "tid":"cice"},
{"name":"ModelAdvance", "ph":"E", "ts":"2798471646", "pid":"1", "tid":"cice"},
{"name":"ModelAdvance", "ph":"B", "ts":"2798605133", "pid":"1", "tid":"cice"},
{"name":"ModelAdvance", "ph":"E", "ts":"2799074315", "pid":"1", "tid":"cice"},
{"name":"ModelAdvance", "ph":"B", "ts":"2799204253", "pid":"1", "tid":"cice"},
{"name":"ModelAdvance", "ph":"E", "ts":"2799671107", "pid":"1", "tid":"cice"},
{"name":"ModelAdvance", "ph":"B", "ts":"2799803819", "pid":"1", "tid":"cice"},
{"name":"ModelAdvance", "ph":"E", "ts":"2800279485", "pid":"1", "tid":"cice"},
{"name":"ModelAdvance", "ph":"B", "ts":"2800403971", "pid":"1", "tid":"cice"},
{"name":"ModelAdvance", "ph":"E", "ts":"2800877279", "pid":"1", "tid":"cice"},
{"name":"ModelAdvance", "ph":"B", "ts":"2801014843", "pid":"1", "tid":"cice"},
{"name":"ModelAdvance", "ph":"E", "ts":"2801485905", "pid":"1", "tid":"cice"},
{"name":"ModelAdvance", "ph":"B", "ts":"2801617503", "pid":"1", "tid":"cice"},
{"name":"ModelAdvance", "ph":"E", "ts":"2802118947", "pid":"1", "tid":"cice"},
{"name":"ModelAdvance", "ph":"B", "ts":"2802237350", "pid":"1", "tid":"cice"},
{"name":"ModelAdvance", "ph":"E", "ts":"2802715729", "pid":"1", "tid":"cice"},
{"name":"ModelAdvance", "ph":"B", "ts":"2802838217", "pid":"1", "tid":"cice"},
{"name":"ModelAdvance", "ph":"E", "ts":"2803319196", "pid":"1", "tid":"cice"},
{"name":"ModelAdvance", "ph":"B", "ts":"2803439879", "pid":"1", "tid":"cice"},
{"name":"ModelAdvance", "ph":"E", "ts":"2803911958", "pid":"1", "tid":"cice"},
{"name":"ModelAdvance", "ph":"B", "ts":"2804039512", "pid":"1", "tid":"cice"},
{"name":"ModelAdvance", "ph":"E", "ts":"2804516467", "pid":"1", "tid":"cice"},
{"name":"ModelAdvance", "ph":"B", "ts":"2804636151", "pid":"1", "tid":"cice"},
{"name":"ModelAdvance", "ph":"E", "ts":"2805120931", "pid":"1", "tid":"cice"},
{"name":"ModelAdvance", "ph":"B", "ts":"2805237665", "pid":"1", "tid":"cice"},
{"name":"ModelAdvance", "ph":"E", "ts":"2805710288", "pid":"1", "tid":"cice"},
{"name":"ModelAdvance", "ph":"B", "ts":"2805836870", "pid":"1", "tid":"cice"},
{"name":"ModelAdvance", "ph":"E", "ts":"2806312316", "pid":"1", "tid":"cice"},
{"name":"ModelAdvance", "ph":"B", "ts":"2806434502", "pid":"1", "tid":"cice"},
{"name":"ModelAdvance", "ph":"E", "ts":"2806917020", "pid":"1", "tid":"cice"},
{"name":"ModelAdvance", "ph":"B", "ts":"2807042994", "pid":"1", "tid":"cice"},
{"name":"ModelAdvance", "ph":"E", "ts":"2807521061", "pid":"1", "tid":"cice"},
{"name":"ModelAdvance", "ph":"B", "ts":"2807646165", "pid":"1", "tid":"cice"},
{"name":"ModelAdvance", "ph":"E", "ts":"2808124196", "pid":"1", "tid":"cice"},
{"name":"ModelAdvance", "ph":"B", "ts":"2808254753", "pid":"1", "tid":"cice"},
{"name":"ModelAdvance", "ph":"E", "ts":"2808726724", "pid":"1", "tid":"cice"},
{"name":"ModelAdvance", "ph":"B", "ts":"2809530136", "pid":"1", "tid":"cice"},
{"name":"ModelAdvance", "ph":"E", "ts":"2810010795", "pid":"1", "tid":"cice"},
{"name":"ModelAdvance", "ph":"B", "ts":"2810133134", "pid":"1", "tid":"cice"},
{"name":"ModelAdvance", "ph":"E", "ts":"2810610619", "pid":"1", "tid":"cice"},
{"name":"ModelAdvance", "ph":"B", "ts":"2810732537", "pid":"1", "tid":"cice"},
{"name":"ModelAdvance", "ph":"E", "ts":"2811210466", "pid":"1", "tid":"cice"},
{"name":"ModelAdvance", "ph":"B", "ts":"2811329018", "pid":"1", "tid":"cice"},
{"name":"ModelAdvance", "ph":"E", "ts":"2811806040", "pid":"1", "tid":"cice"},
{"name":"ModelAdvance", "ph":"B", "ts":"2811943383", "pid":"1", "tid":"cice"},
{"name":"ModelAdvance", "ph":"E", "ts":"2812418413", "pid":"1", "tid":"cice"},
{"name":"ModelAdvance", "ph":"B", "ts":"2812547914", "pid":"1", "tid":"cice"},
{"name":"ModelAdvance", "ph":"E", "ts":"2813016560", "pid":"1", "tid":"cice"},
{"name":"ModelAdvance", "ph":"B", "ts":"2813144516", "pid":"1", "tid":"cice"},
{"name":"ModelAdvance", "ph":"E", "ts":"2813610655", "pid":"1", "tid":"cice"},
{"name":"ModelAdvance", "ph":"B", "ts":"2813751151", "pid":"1", "tid":"cice"},
{"name":"ModelAdvance", "ph":"E", "ts":"2814232693", "pid":"1", "tid":"cice"},
{"name":"ModelAdvance", "ph":"B", "ts":"2814354189", "pid":"1", "tid":"cice"},
{"name":"ModelAdvance", "ph":"E", "ts":"2814832727", "pid":"1", "tid":"cice"},
{"name":"ModelAdvance", "ph":"B", "ts":"2814952128", "pid":"1", "tid":"cice"},
{"name":"ModelAdvance", "ph":"E", "ts":"2815429733", "pid":"1", "tid":"cice"},
{"name":"ModelAdvance", "ph":"B", "ts":"2815551453", "pid":"1", "tid":"cice"},
{"name":"ModelAdvance", "ph":"E", "ts":"2816019181", "pid":"1", "tid":"cice"},
{"name":"ModelAdvance", "ph":"B", "ts":"2816162586", "pid":"1", "tid":"cice"},
{"name":"ModelAdvance", "ph":"E", "ts":"2816640096", "pid":"1", "tid":"cice"},
{"name":"ModelAdvance", "ph":"B", "ts":"2816761842", "pid":"1", "tid":"cice"},
{"name":"ModelAdvance", "ph":"E", "ts":"2817240497", "pid":"1", "tid":"cice"},
{"name":"ModelAdvance", "ph":"B", "ts":"2817362200", "pid":"1", "tid":"cice"},
{"name":"ModelAdvance", "ph":"E", "ts":"2817837717", "pid":"1", "tid":"cice"},
{"name":"ModelAdvance", "ph":"B", "ts":"2817965361", "pid":"1", "tid":"cice"},
{"name":"ModelAdvance", "ph":"E", "ts":"2818444251", "pid":"1", "tid":"cice"},
{"name":"ModelAdvance", "ph":"B", "ts":"2818563926", "pid":"1", "tid":"cice"},
{"name":"ModelAdvance", "ph":"E", "ts":"2819042056", "pid":"1", "tid":"cice"},
{"name":"ModelAdvance", "ph":"B", "ts":"2819160731", "pid":"1", "tid":"cice"},
{"name":"ModelAdvance", "ph":"E", "ts":"2819625774", "pid":"1", "tid":"cice"},
{"name":"ModelAdvance", "ph":"B", "ts":"2819766520", "pid":"1", "tid":"cice"},
{"name":"ModelAdvance", "ph":"E", "ts":"2820243559", "pid":"1", "tid":"cice"},
{"name":"ModelAdvance", "ph":"B", "ts":"2820365079", "pid":"1", "tid":"cice"},
{"name":"ModelAdvance", "ph":"E", "ts":"2820840709", "pid":"1", "tid":"cice"},
{"name":"ModelAdvance", "ph":"B", "ts":"2820973007", "pid":"1", "tid":"cice"},
{"name":"ModelAdvance", "ph":"E", "ts":"2821440805", "pid":"1", "tid":"cice"},
{"name":"ModelAdvance", "ph":"B", "ts":"2821576652", "pid":"1", "tid":"cice"},
{"name":"ModelAdvance", "ph":"E", "ts":"2822045304", "pid":"1", "tid":"cice"},
{"name":"ModelAdvance", "ph":"B", "ts":"2822179631", "pid":"1", "tid":"cice"},
{"name":"ModelAdvance", "ph":"E", "ts":"2822645943", "pid":"1", "tid":"cice"},
{"name":"ModelAdvance", "ph":"B", "ts":"2822777359", "pid":"1", "tid":"cice"},
{"name":"ModelAdvance", "ph":"E", "ts":"2823257160", "pid":"1", "tid":"cice"},
{"name":"ModelAdvance", "ph":"B", "ts":"2823422877", "pid":"1", "tid":"cice"},
{"name":"ModelAdvance", "ph":"E", "ts":"2823900213", "pid":"1", "tid":"cice"},
{"name":"ModelAdvance", "ph":"B", "ts":"2824692524", "pid":"1", "tid":"cice"},
{"name":"ModelAdvance", "ph":"E", "ts":"2825172828", "pid":"1", "tid":"cice"},
{"name":"ModelAdvance", "ph":"B", "ts":"2825295101", "pid":"1", "tid":"cice"},
{"name":"ModelAdvance", "ph":"E", "ts":"2825763068", "pid":"1", "tid":"cice"},
{"name":"ModelAdvance", "ph":"B", "ts":"2825923779", "pid":"1", "tid":"cice"},
{"name":"ModelAdvance", "ph":"E", "ts":"2826402445", "pid":"1", "tid":"cice"},
{"name":"ModelAdvance", "ph":"B", "ts":"2826520771", "pid":"1", "tid":"cice"},
{"name":"ModelAdvance", "ph":"E", "ts":"2826988945", "pid":"1", "tid":"cice"},
{"name":"ModelAdvance", "ph":"B", "ts":"2827117573", "pid":"1", "tid":"cice"},
{"name":"ModelAdvance", "ph":"E", "ts":"2827591191", "pid":"1", "tid":"cice"},
{"name":"ModelAdvance", "ph":"B", "ts":"2827724846", "pid":"1", "tid":"cice"},
{"name":"ModelAdvance", "ph":"E", "ts":"2828206426", "pid":"1", "tid":"cice"},
{"name":"ModelAdvance", "ph":"B", "ts":"2828353817", "pid":"1", "tid":"cice"},
{"name":"ModelAdvance", "ph":"E", "ts":"2828828311", "pid":"1", "tid":"cice"},
{"name":"ModelAdvance", "ph":"B", "ts":"2828954153", "pid":"1", "tid":"cice"},
{"name":"ModelAdvance", "ph":"E", "ts":"2829429872", "pid":"1", "tid":"cice"},
{"name":"ModelAdvance", "ph":"B", "ts":"2829552046", "pid":"1", "tid":"cice"},
{"name":"ModelAdvance", "ph":"E", "ts":"2830022844", "pid":"1", "tid":"cice"},
{"name":"ModelAdvance", "ph":"B", "ts":"2830154454", "pid":"1", "tid":"cice"},
{"name":"ModelAdvance", "ph":"E", "ts":"2830620690", "pid":"1", "tid":"cice"},
{"name":"ModelAdvance", "ph":"B", "ts":"2830751880", "pid":"1", "tid":"cice"},
{"name":"ModelAdvance", "ph":"E", "ts":"2831230675", "pid":"1", "tid":"cice"},
{"name":"ModelAdvance", "ph":"B", "ts":"2831374105", "pid":"1", "tid":"cice"},
{"name":"ModelAdvance", "ph":"E", "ts":"2831847187", "pid":"1", "tid":"cice"},
{"name":"ModelAdvance", "ph":"B", "ts":"2831974417", "pid":"1", "tid":"cice"},
{"name":"ModelAdvance", "ph":"E", "ts":"2832444732", "pid":"1", "tid":"cice"},
{"name":"ModelAdvance", "ph":"B", "ts":"2832574614", "pid":"1", "tid":"cice"},
{"name":"ModelAdvance", "ph":"E", "ts":"2833044830", "pid":"1", "tid":"cice"},
{"name":"ModelAdvance", "ph":"B", "ts":"2833174907", "pid":"1", "tid":"cice"},
{"name":"ModelAdvance", "ph":"E", "ts":"2833660038", "pid":"1", "tid":"cice"},
{"name":"ModelAdvance", "ph":"B", "ts":"2833778814", "pid":"1", "tid":"cice"},
{"name":"ModelAdvance", "ph":"E", "ts":"2834255164", "pid":"1", "tid":"cice"},
{"name":"ModelAdvance", "ph":"B", "ts":"2834379004", "pid":"1", "tid":"cice"},
{"name":"ModelAdvance", "ph":"E", "ts":"2834857415", "pid":"1", "tid":"cice"},
{"name":"ModelAdvance", "ph":"B", "ts":"2834977202", "pid":"1", "tid":"cice"},
{"name":"ModelAdvance", "ph":"E", "ts":"2835456558", "pid":"1", "tid":"cice"},
{"name":"ModelAdvance", "ph":"B", "ts":"2835579532", "pid":"1", "tid":"cice"},
{"name":"ModelAdvance", "ph":"E", "ts":"2836058755", "pid":"1", "tid":"cice"},
{"name":"ModelAdvance", "ph":"B", "ts":"2836176336", "pid":"1", "tid":"cice"},
{"name":"ModelAdvance", "ph":"E", "ts":"2836648346", "pid":"1", "tid":"cice"},
{"name":"ModelAdvance", "ph":"B", "ts":"2836775986", "pid":"1", "tid":"cice"},
{"name":"ModelAdvance", "ph":"E", "ts":"2837243333", "pid":"1", "tid":"cice"},
{"name":"ModelAdvance", "ph":"B", "ts":"2837376329", "pid":"1", "tid":"cice"},
{"name":"ModelAdvance", "ph":"E", "ts":"2837841008", "pid":"1", "tid":"cice"},
{"name":"ModelAdvance", "ph":"B", "ts":"2837975046", "pid":"1", "tid":"cice"},
{"name":"ModelAdvance", "ph":"E", "ts":"2838447408", "pid":"1", "tid":"cice"},
{"name":"ModelAdvance", "ph":"B", "ts":"2838585306", "pid":"1", "tid":"cice"},
{"name":"ModelAdvance", "ph":"E", "ts":"2839050847", "pid":"1", "tid":"cice"},
{"name":"ModelAdvance", "ph":"B", "ts":"2839864464", "pid":"1", "tid":"cice"},
{"name":"ModelAdvance", "ph":"E", "ts":"2840340568", "pid":"1", "tid":"cice"},
{"name":"ModelAdvance", "ph":"B", "ts":"2840465506", "pid":"1", "tid":"cice"},
{"name":"ModelAdvance", "ph":"E", "ts":"2840927501", "pid":"1", "tid":"cice"},
{"name":"ModelAdvance", "ph":"B", "ts":"2841064878", "pid":"1", "tid":"cice"},
{"name":"ModelAdvance", "ph":"E", "ts":"2841536496", "pid":"1", "tid":"cice"},
{"name":"ModelAdvance", "ph":"B", "ts":"2841669134", "pid":"1", "tid":"cice"},
{"name":"ModelAdvance", "ph":"E", "ts":"2842134460", "pid":"1", "tid":"cice"},
{"name":"ModelAdvance", "ph":"B", "ts":"2842262328", "pid":"1", "tid":"cice"},
{"name":"ModelAdvance", "ph":"E", "ts":"2842723287", "pid":"1", "tid":"cice"},
{"name":"ModelAdvance", "ph":"B", "ts":"2842860433", "pid":"1", "tid":"cice"},
{"name":"ModelAdvance", "ph":"E", "ts":"2843327670", "pid":"1", "tid":"cice"},
{"name":"ModelAdvance", "ph":"B", "ts":"2843455866", "pid":"1", "tid":"cice"},
{"name":"ModelAdvance", "ph":"E", "ts":"2843931576", "pid":"1", "tid":"cice"},
{"name":"ModelAdvance", "ph":"B", "ts":"2844055928", "pid":"1", "tid":"cice"},
{"name":"ModelAdvance", "ph":"E", "ts":"2844530289", "pid":"1", "tid":"cice"},
{"name":"ModelAdvance", "ph":"B", "ts":"2844652441", "pid":"1", "tid":"cice"},
{"name":"ModelAdvance", "ph":"E", "ts":"2845116922", "pid":"1", "tid":"cice"},
{"name":"ModelAdvance", "ph":"B", "ts":"2845249622", "pid":"1", "tid":"cice"},
{"name":"ModelAdvance", "ph":"E", "ts":"2845714133", "pid":"1", "tid":"cice"},
{"name":"ModelAdvance", "ph":"B", "ts":"2845847548", "pid":"1", "tid":"cice"},
{"name":"ModelAdvance", "ph":"E", "ts":"2846314231", "pid":"1", "tid":"cice"},
{"name":"ModelAdvance", "ph":"B", "ts":"2846455524", "pid":"1", "tid":"cice"},
{"name":"ModelAdvance", "ph":"E", "ts":"2846921688", "pid":"1", "tid":"cice"},
{"name":"ModelAdvance", "ph":"B", "ts":"2847051963", "pid":"1", "tid":"cice"},
{"name":"ModelAdvance", "ph":"E", "ts":"2847528328", "pid":"1", "tid":"cice"},
{"name":"ModelAdvance", "ph":"B", "ts":"2847650354", "pid":"1", "tid":"cice"},
{"name":"ModelAdvance", "ph":"E", "ts":"2848113115", "pid":"1", "tid":"cice"},
{"name":"ModelAdvance", "ph":"B", "ts":"2848248373", "pid":"1", "tid":"cice"},
{"name":"ModelAdvance", "ph":"E", "ts":"2848713214", "pid":"1", "tid":"cice"},
{"name":"ModelAdvance", "ph":"B", "ts":"2848846201", "pid":"1", "tid":"cice"},
{"name":"ModelAdvance", "ph":"E", "ts":"2849306087", "pid":"1", "tid":"cice"},
{"name":"ModelAdvance", "ph":"B", "ts":"2849446219", "pid":"1", "tid":"cice"},
{"name":"ModelAdvance", "ph":"E", "ts":"2849915498", "pid":"1", "tid":"cice"},
{"name":"ModelAdvance", "ph":"B", "ts":"2850045318", "pid":"1", "tid":"cice"},
{"name":"ModelAdvance", "ph":"E", "ts":"2850506648", "pid":"1", "tid":"cice"},
{"name":"ModelAdvance", "ph":"B", "ts":"2850639725", "pid":"1", "tid":"cice"},
{"name":"ModelAdvance", "ph":"E", "ts":"2851105777", "pid":"1", "tid":"cice"},
{"name":"ModelAdvance", "ph":"B", "ts":"2851246458", "pid":"1", "tid":"cice"},
{"name":"ModelAdvance", "ph":"E", "ts":"2851712508", "pid":"1", "tid":"cice"},
{"name":"ModelAdvance", "ph":"B", "ts":"2851841503", "pid":"1", "tid":"cice"},
{"name":"ModelAdvance", "ph":"E", "ts":"2852308675", "pid":"1", "tid":"cice"},
{"name":"ModelAdvance", "ph":"B", "ts":"2852436315", "pid":"1", "tid":"cice"},
{"name":"ModelAdvance", "ph":"E", "ts":"2852896985", "pid":"1", "tid":"cice"},
{"name":"ModelAdvance", "ph":"B", "ts":"2853042355", "pid":"1", "tid":"cice"},
{"name":"ModelAdvance", "ph":"E", "ts":"2853512754", "pid":"1", "tid":"cice"},
{"name":"ModelAdvance", "ph":"B", "ts":"2853654381", "pid":"1", "tid":"cice"},
{"name":"ModelAdvance", "ph":"E", "ts":"2854117039", "pid":"1", "tid":"cice"},
{"name":"ModelAdvance", "ph":"B", "ts":"2854908317", "pid":"1", "tid":"cice"},
{"name":"ModelAdvance", "ph":"E", "ts":"2855372900", "pid":"1", "tid":"cice"},
{"name":"ModelAdvance", "ph":"B", "ts":"2855508011", "pid":"1", "tid":"cice"},
{"name":"ModelAdvance", "ph":"E", "ts":"2855969218", "pid":"1", "tid":"cice"},
{"name":"ModelAdvance", "ph":"B", "ts":"2856103478", "pid":"1", "tid":"cice"},
{"name":"ModelAdvance", "ph":"E", "ts":"2856570119", "pid":"1", "tid":"cice"},
{"name":"ModelAdvance", "ph":"B", "ts":"2856702097", "pid":"1", "tid":"cice"},
{"name":"ModelAdvance", "ph":"E", "ts":"2857166280", "pid":"1", "tid":"cice"},
{"name":"ModelAdvance", "ph":"B", "ts":"2857299616", "pid":"1", "tid":"cice"},
{"name":"ModelAdvance", "ph":"E", "ts":"2857759420", "pid":"1", "tid":"cice"},
{"name":"ModelAdvance", "ph":"B", "ts":"2857893352", "pid":"1", "tid":"cice"},
{"name":"ModelAdvance", "ph":"E", "ts":"2858357662", "pid":"1", "tid":"cice"},
{"name":"ModelAdvance", "ph":"B", "ts":"2858493834", "pid":"1", "tid":"cice"},
{"name":"ModelAdvance", "ph":"E", "ts":"2858962265", "pid":"1", "tid":"cice"},
{"name":"ModelAdvance", "ph":"B", "ts":"2859089489", "pid":"1", "tid":"cice"},
{"name":"ModelAdvance", "ph":"E", "ts":"2859559117", "pid":"1", "tid":"cice"},
{"name":"ModelAdvance", "ph":"B", "ts":"2859689390", "pid":"1", "tid":"cice"},
{"name":"ModelAdvance", "ph":"E", "ts":"2860152705", "pid":"1", "tid":"cice"},
{"name":"ModelAdvance", "ph":"B", "ts":"2860287819", "pid":"1", "tid":"cice"},
{"name":"ModelAdvance", "ph":"E", "ts":"2860760099", "pid":"1", "tid":"cice"},
{"name":"ModelAdvance", "ph":"B", "ts":"2860889860", "pid":"1", "tid":"cice"},
{"name":"ModelAdvance", "ph":"E", "ts":"2861351698", "pid":"1", "tid":"cice"},
{"name":"ModelAdvance", "ph":"B", "ts":"2861494497", "pid":"1", "tid":"cice"},
{"name":"ModelAdvance", "ph":"E", "ts":"2861961341", "pid":"1", "tid":"cice"},
{"name":"ModelAdvance", "ph":"B", "ts":"2862088024", "pid":"1", "tid":"cice"},
{"name":"ModelAdvance", "ph":"E", "ts":"2862556652", "pid":"1", "tid":"cice"},
{"name":"ModelAdvance", "ph":"B", "ts":"2862689089", "pid":"1", "tid":"cice"},
{"name":"ModelAdvance", "ph":"E", "ts":"2863157369", "pid":"1", "tid":"cice"},
{"name":"ModelAdvance", "ph":"B", "ts":"2863286469", "pid":"1", "tid":"cice"},
{"name":"ModelAdvance", "ph":"E", "ts":"2863754666", "pid":"1", "tid":"cice"},
{"name":"ModelAdvance", "ph":"B", "ts":"2863880050", "pid":"1", "tid":"cice"},
{"name":"ModelAdvance", "ph":"E", "ts":"2864347463", "pid":"1", "tid":"cice"},
{"name":"ModelAdvance", "ph":"B", "ts":"2864480005", "pid":"1", "tid":"cice"},
{"name":"ModelAdvance", "ph":"E", "ts":"2864945786", "pid":"1", "tid":"cice"},
{"name":"ModelAdvance", "ph":"B", "ts":"2865088317", "pid":"1", "tid":"cice"},
{"name":"ModelAdvance", "ph":"E", "ts":"2865560324", "pid":"1", "tid":"cice"},
{"name":"ModelAdvance", "ph":"B", "ts":"2865689653", "pid":"1", "tid":"cice"},
{"name":"ModelAdvance", "ph":"E", "ts":"2866158923", "pid":"1", "tid":"cice"},
{"name":"ModelAdvance", "ph":"B", "ts":"2866284611", "pid":"1", "tid":"cice"},
{"name":"ModelAdvance", "ph":"E", "ts":"2866748784", "pid":"1", "tid":"cice"},
{"name":"ModelAdvance", "ph":"B", "ts":"2866879270", "pid":"1", "tid":"cice"},
{"name":"ModelAdvance", "ph":"E", "ts":"2867347200", "pid":"1", "tid":"cice"},
{"name":"ModelAdvance", "ph":"B", "ts":"2867478209", "pid":"1", "tid":"cice"},
{"name":"ModelAdvance", "ph":"E", "ts":"2867942281", "pid":"1", "tid":"cice"},
{"name":"ModelAdvance", "ph":"B", "ts":"2868115687", "pid":"1", "tid":"cice"},
{"name":"ModelAdvance", "ph":"E", "ts":"2868689096", "pid":"1", "tid":"cice"},
{"name":"ModelAdvance", "ph":"B", "ts":"2868734378", "pid":"1", "tid":"cice"},
{"name":"ModelAdvance", "ph":"E", "ts":"2869203729", "pid":"1", "tid":"cice"},
{"name":"ModelAdvance", "ph":"B", "ts":"2870010375", "pid":"1", "tid":"cice"},
{"name":"ModelAdvance", "ph":"E", "ts":"2870480693", "pid":"1", "tid":"cice"},
{"name":"ModelAdvance", "ph":"B", "ts":"2870610327", "pid":"1", "tid":"cice"},
{"name":"ModelAdvance", "ph":"E", "ts":"2871074821", "pid":"1", "tid":"cice"},
{"name":"ModelAdvance", "ph":"B", "ts":"2871205157", "pid":"1", "tid":"cice"},
{"name":"ModelAdvance", "ph":"E", "ts":"2871669799", "pid":"1", "tid":"cice"},
{"name":"ModelAdvance", "ph":"B", "ts":"2871801655", "pid":"1", "tid":"cice"},
{"name":"ModelAdvance", "ph":"E", "ts":"2872268128", "pid":"1", "tid":"cice"},
{"name":"ModelAdvance", "ph":"B", "ts":"2872397732", "pid":"1", "tid":"cice"},
{"name":"ModelAdvance", "ph":"E", "ts":"2872860902", "pid":"1", "tid":"cice"},
{"name":"ModelAdvance", "ph":"B", "ts":"2872988730", "pid":"1", "tid":"cice"},
{"name":"ModelAdvance", "ph":"E", "ts":"2873454835", "pid":"1", "tid":"cice"},
{"name":"ModelAdvance", "ph":"B", "ts":"2873585196", "pid":"1", "tid":"cice"},
{"name":"ModelAdvance", "ph":"E", "ts":"2874057921", "pid":"1", "tid":"cice"},
{"name":"ModelAdvance", "ph":"B", "ts":"2874186434", "pid":"1", "tid":"cice"},
{"name":"ModelAdvance", "ph":"E", "ts":"2874647337", "pid":"1", "tid":"cice"},
{"name":"ModelAdvance", "ph":"B", "ts":"2874777825", "pid":"1", "tid":"cice"},
{"name":"ModelAdvance", "ph":"E", "ts":"2875247224", "pid":"1", "tid":"cice"},
{"name":"ModelAdvance", "ph":"B", "ts":"2875373408", "pid":"1", "tid":"cice"},
{"name":"ModelAdvance", "ph":"E", "ts":"2875851248", "pid":"1", "tid":"cice"},
{"name":"ModelAdvance", "ph":"B", "ts":"2875973159", "pid":"1", "tid":"cice"},
{"name":"ModelAdvance", "ph":"E", "ts":"2876458308", "pid":"1", "tid":"cice"},
{"name":"ModelAdvance", "ph":"B", "ts":"2876591636", "pid":"1", "tid":"cice"},
{"name":"ModelAdvance", "ph":"E", "ts":"2877062087", "pid":"1", "tid":"cice"},
{"name":"ModelAdvance", "ph":"B", "ts":"2877190580", "pid":"1", "tid":"cice"},
{"name":"ModelAdvance", "ph":"E", "ts":"2877654680", "pid":"1", "tid":"cice"},
{"name":"ModelAdvance", "ph":"B", "ts":"2877785452", "pid":"1", "tid":"cice"},
{"name":"ModelAdvance", "ph":"E", "ts":"2878251768", "pid":"1", "tid":"cice"},
{"name":"ModelAdvance", "ph":"B", "ts":"2878383061", "pid":"1", "tid":"cice"},
{"name":"ModelAdvance", "ph":"E", "ts":"2878854182", "pid":"1", "tid":"cice"},
{"name":"ModelAdvance", "ph":"B", "ts":"2878978198", "pid":"1", "tid":"cice"},
{"name":"ModelAdvance", "ph":"E", "ts":"2879454076", "pid":"1", "tid":"cice"},
{"name":"ModelAdvance", "ph":"B", "ts":"2879577304", "pid":"1", "tid":"cice"},
{"name":"ModelAdvance", "ph":"E", "ts":"2880038724", "pid":"1", "tid":"cice"},
{"name":"ModelAdvance", "ph":"B", "ts":"2880175365", "pid":"1", "tid":"cice"},
{"name":"ModelAdvance", "ph":"E", "ts":"2880640079", "pid":"1", "tid":"cice"},
{"name":"ModelAdvance", "ph":"B", "ts":"2880774601", "pid":"1", "tid":"cice"},
{"name":"ModelAdvance", "ph":"E", "ts":"2881247769", "pid":"1", "tid":"cice"},
{"name":"ModelAdvance", "ph":"B", "ts":"2881374024", "pid":"1", "tid":"cice"},
{"name":"ModelAdvance", "ph":"E", "ts":"2881837583", "pid":"1", "tid":"cice"},
{"name":"ModelAdvance", "ph":"B", "ts":"2881967542", "pid":"1", "tid":"cice"},
{"name":"ModelAdvance", "ph":"E", "ts":"2882431929", "pid":"1", "tid":"cice"},
{"name":"ModelAdvance", "ph":"B", "ts":"2882563651", "pid":"1", "tid":"cice"},
{"name":"ModelAdvance", "ph":"E", "ts":"2883032493", "pid":"1", "tid":"cice"},
{"name":"ModelAdvance", "ph":"B", "ts":"2883160944", "pid":"1", "tid":"cice"},
{"name":"ModelAdvance", "ph":"E", "ts":"2883634098", "pid":"1", "tid":"cice"},
{"name":"ModelAdvance", "ph":"B", "ts":"2883770686", "pid":"1", "tid":"cice"},
{"name":"ModelAdvance", "ph":"E", "ts":"2884238523", "pid":"1", "tid":"cice"},
{"name":"ModelAdvance", "ph":"B", "ts":"2885004274", "pid":"1", "tid":"cice"},
{"name":"ModelAdvance", "ph":"E", "ts":"2885468678", "pid":"1", "tid":"cice"},
{"name":"ModelAdvance", "ph":"B", "ts":"2885600491", "pid":"1", "tid":"cice"},
{"name":"ModelAdvance", "ph":"E", "ts":"2886080285", "pid":"1", "tid":"cice"},
{"name":"ModelAdvance", "ph":"B", "ts":"2886193467", "pid":"1", "tid":"cice"},
{"name":"ModelAdvance", "ph":"E", "ts":"2886663181", "pid":"1", "tid":"cice"},
{"name":"ModelAdvance", "ph":"B", "ts":"2886791253", "pid":"1", "tid":"cice"},
{"name":"ModelAdvance", "ph":"E", "ts":"2887258537", "pid":"1", "tid":"cice"},
{"name":"ModelAdvance", "ph":"B", "ts":"2887388686", "pid":"1", "tid":"cice"},
{"name":"ModelAdvance", "ph":"E", "ts":"2887858414", "pid":"1", "tid":"cice"},
{"name":"ModelAdvance", "ph":"B", "ts":"2887980671", "pid":"1", "tid":"cice"},
{"name":"ModelAdvance", "ph":"E", "ts":"2888449979", "pid":"1", "tid":"cice"},
{"name":"ModelAdvance", "ph":"B", "ts":"2888580480", "pid":"1", "tid":"cice"},
{"name":"ModelAdvance", "ph":"E", "ts":"2889046739", "pid":"1", "tid":"cice"},
{"name":"ModelAdvance", "ph":"B", "ts":"2889178374", "pid":"1", "tid":"cice"},
{"name":"ModelAdvance", "ph":"E", "ts":"2889648765", "pid":"1", "tid":"cice"},
{"name":"ModelAdvance", "ph":"B", "ts":"2889775651", "pid":"1", "tid":"cice"},
{"name":"ModelAdvance", "ph":"E", "ts":"2890254373", "pid":"1", "tid":"cice"},
{"name":"ModelAdvance", "ph":"B", "ts":"2890371146", "pid":"1", "tid":"cice"},
{"name":"ModelAdvance", "ph":"E", "ts":"2890834400", "pid":"1", "tid":"cice"},
{"name":"ModelAdvance", "ph":"B", "ts":"2890969357", "pid":"1", "tid":"cice"},
{"name":"ModelAdvance", "ph":"E", "ts":"2891445799", "pid":"1", "tid":"cice"},
{"name":"ModelAdvance", "ph":"B", "ts":"2891579473", "pid":"1", "tid":"cice"},
{"name":"ModelAdvance", "ph":"E", "ts":"2892048459", "pid":"1", "tid":"cice"},
{"name":"ModelAdvance", "ph":"B", "ts":"2892176051", "pid":"1", "tid":"cice"},
{"name":"ModelAdvance", "ph":"E", "ts":"2892688617", "pid":"1", "tid":"cice"},
{"name":"ModelAdvance", "ph":"B", "ts":"2892806545", "pid":"1", "tid":"cice"},
{"name":"ModelAdvance", "ph":"E", "ts":"2893281849", "pid":"1", "tid":"cice"},
{"name":"ModelAdvance", "ph":"B", "ts":"2893398585", "pid":"1", "tid":"cice"},
{"name":"ModelAdvance", "ph":"E", "ts":"2893866408", "pid":"1", "tid":"cice"},
{"name":"ModelAdvance", "ph":"B", "ts":"2893994893", "pid":"1", "tid":"cice"},
{"name":"ModelAdvance", "ph":"E", "ts":"2894472109", "pid":"1", "tid":"cice"},
{"name":"ModelAdvance", "ph":"B", "ts":"2894593848", "pid":"1", "tid":"cice"},
{"name":"ModelAdvance", "ph":"E", "ts":"2895062652", "pid":"1", "tid":"cice"},
{"name":"ModelAdvance", "ph":"B", "ts":"2895192225", "pid":"1", "tid":"cice"},
{"name":"ModelAdvance", "ph":"E", "ts":"2895659058", "pid":"1", "tid":"cice"},
{"name":"ModelAdvance", "ph":"B", "ts":"2895783357", "pid":"1", "tid":"cice"},
{"name":"ModelAdvance", "ph":"E", "ts":"2896254584", "pid":"1", "tid":"cice"},
{"name":"ModelAdvance", "ph":"B", "ts":"2896378850", "pid":"1", "tid":"cice"},
{"name":"ModelAdvance", "ph":"E", "ts":"2896855846", "pid":"1", "tid":"cice"},
{"name":"ModelAdvance", "ph":"B", "ts":"2896988042", "pid":"1", "tid":"cice"},
{"name":"ModelAdvance", "ph":"E", "ts":"2897466285", "pid":"1", "tid":"cice"},
{"name":"ModelAdvance", "ph":"B", "ts":"2897607585", "pid":"1", "tid":"cice"},
{"name":"ModelAdvance", "ph":"E", "ts":"2898080100", "pid":"1", "tid":"cice"},
{"name":"ModelAdvance", "ph":"B", "ts":"2898204074", "pid":"1", "tid":"cice"},
{"name":"ModelAdvance", "ph":"E", "ts":"2898677944", "pid":"1", "tid":"cice"},
{"name":"ModelAdvance", "ph":"B", "ts":"2898816926", "pid":"1", "tid":"cice"},
{"name":"ModelAdvance", "ph":"E", "ts":"2899288808", "pid":"1", "tid":"cice"},
{"name":"ModelAdvance", "ph":"B", "ts":"2900060281", "pid":"1", "tid":"cice"},
{"name":"ModelAdvance", "ph":"E", "ts":"2900540643", "pid":"1", "tid":"cice"},
{"name":"ModelAdvance", "ph":"B", "ts":"2900704300", "pid":"1", "tid":"cice"},
{"name":"ModelAdvance", "ph":"E", "ts":"2901171828", "pid":"1", "tid":"cice"},
{"name":"ModelAdvance", "ph":"B", "ts":"2901296724", "pid":"1", "tid":"cice"},
{"name":"ModelAdvance", "ph":"E", "ts":"2901768747", "pid":"1", "tid":"cice"},
{"name":"ModelAdvance", "ph":"B", "ts":"2901903951", "pid":"1", "tid":"cice"},
{"name":"ModelAdvance", "ph":"E", "ts":"2902373937", "pid":"1", "tid":"cice"},
{"name":"ModelAdvance", "ph":"B", "ts":"2902504240", "pid":"1", "tid":"cice"},
{"name":"ModelAdvance", "ph":"E", "ts":"2902985957", "pid":"1", "tid":"cice"},
{"name":"ModelAdvance", "ph":"B", "ts":"2903104256", "pid":"1", "tid":"cice"},
{"name":"ModelAdvance", "ph":"E", "ts":"2903575076", "pid":"1", "tid":"cice"},
{"name":"ModelAdvance", "ph":"B", "ts":"2903697840", "pid":"1", "tid":"cice"},
{"name":"ModelAdvance", "ph":"E", "ts":"2904171649", "pid":"1", "tid":"cice"},
{"name":"ModelAdvance", "ph":"B", "ts":"2904304824", "pid":"1", "tid":"cice"},
{"name":"ModelAdvance", "ph":"E", "ts":"2904777674", "pid":"1", "tid":"cice"},
{"name":"ModelAdvance", "ph":"B", "ts":"2904908857", "pid":"1", "tid":"cice"},
{"name":"ModelAdvance", "ph":"E", "ts":"2905375170", "pid":"1", "tid":"cice"},
{"name":"ModelAdvance", "ph":"B", "ts":"2905503771", "pid":"1", "tid":"cice"},
{"name":"ModelAdvance", "ph":"E", "ts":"2905971225", "pid":"1", "tid":"cice"},
{"name":"ModelAdvance", "ph":"B", "ts":"2906107041", "pid":"1", "tid":"cice"},
{"name":"ModelAdvance", "ph":"E", "ts":"2906570818", "pid":"1", "tid":"cice"},
{"name":"ModelAdvance", "ph":"B", "ts":"2906720843", "pid":"1", "tid":"cice"},
{"name":"ModelAdvance", "ph":"E", "ts":"2907190073", "pid":"1", "tid":"cice"},
{"name":"ModelAdvance", "ph":"B", "ts":"2907314946", "pid":"1", "tid":"cice"},
{"name":"ModelAdvance", "ph":"E", "ts":"2907778995", "pid":"1", "tid":"cice"},
{"name":"ModelAdvance", "ph":"B", "ts":"2907910070", "pid":"1", "tid":"cice"},
{"name":"ModelAdvance", "ph":"E", "ts":"2908379203", "pid":"1", "tid":"cice"},
{"name":"ModelAdvance", "ph":"B", "ts":"2908512934", "pid":"1", "tid":"cice"},
{"name":"ModelAdvance", "ph":"E", "ts":"2908980335", "pid":"1", "tid":"cice"},
{"name":"ModelAdvance", "ph":"B", "ts":"2909155033", "pid":"1", "tid":"cice"},
{"name":"ModelAdvance", "ph":"E", "ts":"2909620712", "pid":"1", "tid":"cice"},
{"name":"ModelAdvance", "ph":"B", "ts":"2909756493", "pid":"1", "tid":"cice"},
{"name":"ModelAdvance", "ph":"E", "ts":"2910218856", "pid":"1", "tid":"cice"},
{"name":"ModelAdvance", "ph":"B", "ts":"2910350498", "pid":"1", "tid":"cice"},
{"name":"ModelAdvance", "ph":"E", "ts":"2910829873", "pid":"1", "tid":"cice"},
{"name":"ModelAdvance", "ph":"B", "ts":"2910951661", "pid":"1", "tid":"cice"},
{"name":"ModelAdvance", "ph":"E", "ts":"2911420709", "pid":"1", "tid":"cice"},
{"name":"ModelAdvance", "ph":"B", "ts":"2911546861", "pid":"1", "tid":"cice"},
{"name":"ModelAdvance", "ph":"E", "ts":"2912014117", "pid":"1", "tid":"cice"},
{"name":"ModelAdvance", "ph":"B", "ts":"2912138640", "pid":"1", "tid":"cice"},
{"name":"ModelAdvance", "ph":"E", "ts":"2912617510", "pid":"1", "tid":"cice"},
{"name":"ModelAdvance", "ph":"B", "ts":"2912738790", "pid":"1", "tid":"cice"},
{"name":"ModelAdvance", "ph":"E", "ts":"2913217220", "pid":"1", "tid":"cice"},
{"name":"ModelAdvance", "ph":"B", "ts":"2913327762", "pid":"1", "tid":"cice"},
{"name":"ModelAdvance", "ph":"E", "ts":"2913791781", "pid":"1", "tid":"cice"},
{"name":"ModelAdvance", "ph":"B", "ts":"2913966215", "pid":"1", "tid":"cice"},
{"name":"ModelAdvance", "ph":"E", "ts":"2914436682", "pid":"1", "tid":"cice"},
{"name":"ModelAdvance", "ph":"B", "ts":"2915189785", "pid":"1", "tid":"cice"},
{"name":"ModelAdvance", "ph":"E", "ts":"2915660817", "pid":"1", "tid":"cice"},
{"name":"ModelAdvance", "ph":"B", "ts":"2915781940", "pid":"1", "tid":"cice"},
{"name":"ModelAdvance", "ph":"E", "ts":"2916248174", "pid":"1", "tid":"cice"},
{"name":"ModelAdvance", "ph":"B", "ts":"2916369419", "pid":"1", "tid":"cice"},
{"name":"ModelAdvance", "ph":"E", "ts":"2916836106", "pid":"1", "tid":"cice"},
{"name":"ModelAdvance", "ph":"B", "ts":"2916955501", "pid":"1", "tid":"cice"},
{"name":"ModelAdvance", "ph":"E", "ts":"2917437254", "pid":"1", "tid":"cice"},
{"name":"ModelAdvance", "ph":"B", "ts":"2917549331", "pid":"1", "tid":"cice"},
{"name":"ModelAdvance", "ph":"E", "ts":"2918023621", "pid":"1", "tid":"cice"},
{"name":"ModelAdvance", "ph":"B", "ts":"2918139210", "pid":"1", "tid":"cice"},
{"name":"ModelAdvance", "ph":"E", "ts":"2918611427", "pid":"1", "tid":"cice"},
{"name":"ModelAdvance", "ph":"B", "ts":"2918736584", "pid":"1", "tid":"cice"},
{"name":"ModelAdvance", "ph":"E", "ts":"2919207433", "pid":"1", "tid":"cice"},
{"name":"ModelAdvance", "ph":"B", "ts":"2919344148", "pid":"1", "tid":"cice"},
{"name":"ModelAdvance", "ph":"E", "ts":"2919821896", "pid":"1", "tid":"cice"},
{"name":"ModelAdvance", "ph":"B", "ts":"2919984213", "pid":"1", "tid":"cice"},
{"name":"ModelAdvance", "ph":"E", "ts":"2920460526", "pid":"1", "tid":"cice"},
{"name":"ModelAdvance", "ph":"B", "ts":"2920570024", "pid":"1", "tid":"cice"},
{"name":"ModelAdvance", "ph":"E", "ts":"2921046248", "pid":"1", "tid":"cice"},
{"name":"ModelAdvance", "ph":"B", "ts":"2921155629", "pid":"1", "tid":"cice"},
{"name":"ModelAdvance", "ph":"E", "ts":"2921637426", "pid":"1", "tid":"cice"},
{"name":"ModelAdvance", "ph":"B", "ts":"2921756411", "pid":"1", "tid":"cice"},
{"name":"ModelAdvance", "ph":"E", "ts":"2922232640", "pid":"1", "tid":"cice"},
{"name":"ModelAdvance", "ph":"B", "ts":"2922344389", "pid":"1", "tid":"cice"},
{"name":"ModelAdvance", "ph":"E", "ts":"2922818977", "pid":"1", "tid":"cice"},
{"name":"ModelAdvance", "ph":"B", "ts":"2922935276", "pid":"1", "tid":"cice"},
{"name":"ModelAdvance", "ph":"E", "ts":"2923408077", "pid":"1", "tid":"cice"},
{"name":"ModelAdvance", "ph":"B", "ts":"2923534505", "pid":"1", "tid":"cice"},
{"name":"ModelAdvance", "ph":"E", "ts":"2924006264", "pid":"1", "tid":"cice"},
{"name":"ModelAdvance", "ph":"B", "ts":"2924130691", "pid":"1", "tid":"cice"},
{"name":"ModelAdvance", "ph":"E", "ts":"2924606155", "pid":"1", "tid":"cice"},
{"name":"ModelAdvance", "ph":"B", "ts":"2924719475", "pid":"1", "tid":"cice"},
{"name":"ModelAdvance", "ph":"E", "ts":"2925210970", "pid":"1", "tid":"cice"},
{"name":"ModelAdvance", "ph":"B", "ts":"2925312751", "pid":"1", "tid":"cice"},
{"name":"ModelAdvance", "ph":"E", "ts":"2925787885", "pid":"1", "tid":"cice"},
{"name":"ModelAdvance", "ph":"B", "ts":"2925896199", "pid":"1", "tid":"cice"},
{"name":"ModelAdvance", "ph":"E", "ts":"2926371484", "pid":"1", "tid":"cice"},
{"name":"ModelAdvance", "ph":"B", "ts":"2926483946", "pid":"1", "tid":"cice"},
{"name":"ModelAdvance", "ph":"E", "ts":"2926950809", "pid":"1", "tid":"cice"},
{"name":"ModelAdvance", "ph":"B", "ts":"2927065107", "pid":"1", "tid":"cice"},
{"name":"ModelAdvance", "ph":"E", "ts":"2927531365", "pid":"1", "tid":"cice"},
{"name":"ModelAdvance", "ph":"B", "ts":"2927646117", "pid":"1", "tid":"cice"},
{"name":"ModelAdvance", "ph":"E", "ts":"2928118247", "pid":"1", "tid":"cice"},
{"name":"ModelAdvance", "ph":"B", "ts":"2928233695", "pid":"1", "tid":"cice"},
{"name":"ModelAdvance", "ph":"E", "ts":"2928709814", "pid":"1", "tid":"cice"},
{"name":"ModelAdvance", "ph":"B", "ts":"2928833051", "pid":"1", "tid":"cice"},
{"name":"ModelAdvance", "ph":"E", "ts":"2929312058", "pid":"1", "tid":"cice"},
{"name":"ModelAdvance", "ph":"B", "ts":"2930078135", "pid":"1", "tid":"cice"},
{"name":"ModelAdvance", "ph":"E", "ts":"2930570500", "pid":"1", "tid":"cice"},
{"name":"ModelAdvance", "ph":"B", "ts":"2930673560", "pid":"1", "tid":"cice"},
{"name":"ModelAdvance", "ph":"E", "ts":"2931155983", "pid":"1", "tid":"cice"},
{"name":"ModelAdvance", "ph":"B", "ts":"2931259642", "pid":"1", "tid":"cice"},
{"name":"ModelAdvance", "ph":"E", "ts":"2931741485", "pid":"1", "tid":"cice"},
{"name":"ModelAdvance", "ph":"B", "ts":"2931840257", "pid":"1", "tid":"cice"},
{"name":"ModelAdvance", "ph":"E", "ts":"2932310705", "pid":"1", "tid":"cice"},
{"name":"ModelAdvance", "ph":"B", "ts":"2932424765", "pid":"1", "tid":"cice"},
{"name":"ModelAdvance", "ph":"E", "ts":"2932891619", "pid":"1", "tid":"cice"},
{"name":"ModelAdvance", "ph":"B", "ts":"2933009447", "pid":"1", "tid":"cice"},
{"name":"ModelAdvance", "ph":"E", "ts":"2933482596", "pid":"1", "tid":"cice"},
{"name":"ModelAdvance", "ph":"B", "ts":"2933591860", "pid":"1", "tid":"cice"},
{"name":"ModelAdvance", "ph":"E", "ts":"2934067914", "pid":"1", "tid":"cice"},
{"name":"ModelAdvance", "ph":"B", "ts":"2934172953", "pid":"1", "tid":"cice"},
{"name":"ModelAdvance", "ph":"E", "ts":"2934639389", "pid":"1", "tid":"cice"},
{"name":"ModelAdvance", "ph":"B", "ts":"2934760496", "pid":"1", "tid":"cice"},
{"name":"ModelAdvance", "ph":"E", "ts":"2935234707", "pid":"1", "tid":"cice"},
{"name":"ModelAdvance", "ph":"B", "ts":"2935340632", "pid":"1", "tid":"cice"},
{"name":"ModelAdvance", "ph":"E", "ts":"2935843599", "pid":"1", "tid":"cice"},
{"name":"ModelAdvance", "ph":"B", "ts":"2935950394", "pid":"1", "tid":"cice"},
{"name":"ModelAdvance", "ph":"E", "ts":"2936422590", "pid":"1", "tid":"cice"},
{"name":"ModelAdvance", "ph":"B", "ts":"2936548164", "pid":"1", "tid":"cice"},
{"name":"ModelAdvance", "ph":"E", "ts":"2937020976", "pid":"1", "tid":"cice"},
{"name":"ModelAdvance", "ph":"B", "ts":"2937130010", "pid":"1", "tid":"cice"},
{"name":"ModelAdvance", "ph":"E", "ts":"2937609015", "pid":"1", "tid":"cice"},
{"name":"ModelAdvance", "ph":"B", "ts":"2937712541", "pid":"1", "tid":"cice"},
{"name":"ModelAdvance", "ph":"E", "ts":"2938190018", "pid":"1", "tid":"cice"},
{"name":"ModelAdvance", "ph":"B", "ts":"2938292387", "pid":"1", "tid":"cice"},
{"name":"ModelAdvance", "ph":"E", "ts":"2938764942", "pid":"1", "tid":"cice"},
{"name":"ModelAdvance", "ph":"B", "ts":"2938875195", "pid":"1", "tid":"cice"},
{"name":"ModelAdvance", "ph":"E", "ts":"2939354367", "pid":"1", "tid":"cice"},
{"name":"ModelAdvance", "ph":"B", "ts":"2939454628", "pid":"1", "tid":"cice"},
{"name":"ModelAdvance", "ph":"E", "ts":"2939932409", "pid":"1", "tid":"cice"},
{"name":"ModelAdvance", "ph":"B", "ts":"2940035899", "pid":"1", "tid":"cice"},
{"name":"ModelAdvance", "ph":"E", "ts":"2940502723", "pid":"1", "tid":"cice"},
{"name":"ModelAdvance", "ph":"B", "ts":"2940620186", "pid":"1", "tid":"cice"},
{"name":"ModelAdvance", "ph":"E", "ts":"2941097691", "pid":"1", "tid":"cice"},
{"name":"ModelAdvance", "ph":"B", "ts":"2941212503", "pid":"1", "tid":"cice"},
{"name":"ModelAdvance", "ph":"E", "ts":"2941679098", "pid":"1", "tid":"cice"},
{"name":"ModelAdvance", "ph":"B", "ts":"2941790411", "pid":"1", "tid":"cice"},
{"name":"ModelAdvance", "ph":"E", "ts":"2942259250", "pid":"1", "tid":"cice"},
{"name":"ModelAdvance", "ph":"B", "ts":"2942372053", "pid":"1", "tid":"cice"},
{"name":"ModelAdvance", "ph":"E", "ts":"2942839389", "pid":"1", "tid":"cice"},
{"name":"ModelAdvance", "ph":"B", "ts":"2942962734", "pid":"1", "tid":"cice"},
{"name":"ModelAdvance", "ph":"E", "ts":"2943428406", "pid":"1", "tid":"cice"},
{"name":"ModelAdvance", "ph":"B", "ts":"2943560068", "pid":"1", "tid":"cice"},
{"name":"ModelAdvance", "ph":"E", "ts":"2944029002", "pid":"1", "tid":"cice"},
{"name":"ModelAdvance", "ph":"B", "ts":"2944823009", "pid":"1", "tid":"cice"},
{"name":"ModelAdvance", "ph":"E", "ts":"2945304275", "pid":"1", "tid":"cice"},
{"name":"ModelAdvance", "ph":"B", "ts":"2945402446", "pid":"1", "tid":"cice"},
{"name":"ModelAdvance", "ph":"E", "ts":"2945885933", "pid":"1", "tid":"cice"},
{"name":"ModelAdvance", "ph":"B", "ts":"2945993396", "pid":"1", "tid":"cice"},
{"name":"ModelAdvance", "ph":"E", "ts":"2946475354", "pid":"1", "tid":"cice"},
{"name":"ModelAdvance", "ph":"B", "ts":"2946586401", "pid":"1", "tid":"cice"},
{"name":"ModelAdvance", "ph":"E", "ts":"2947054202", "pid":"1", "tid":"cice"},
{"name":"ModelAdvance", "ph":"B", "ts":"2947167355", "pid":"1", "tid":"cice"},
{"name":"ModelAdvance", "ph":"E", "ts":"2947630142", "pid":"1", "tid":"cice"},
{"name":"ModelAdvance", "ph":"B", "ts":"2947760312", "pid":"1", "tid":"cice"},
{"name":"ModelAdvance", "ph":"E", "ts":"2948234466", "pid":"1", "tid":"cice"},
{"name":"ModelAdvance", "ph":"B", "ts":"2948338528", "pid":"1", "tid":"cice"},
{"name":"ModelAdvance", "ph":"E", "ts":"2948808091", "pid":"1", "tid":"cice"},
{"name":"ModelAdvance", "ph":"B", "ts":"2948925038", "pid":"1", "tid":"cice"},
{"name":"ModelAdvance", "ph":"E", "ts":"2949392204", "pid":"1", "tid":"cice"},
{"name":"ModelAdvance", "ph":"B", "ts":"2949514126", "pid":"1", "tid":"cice"},
{"name":"ModelAdvance", "ph":"E", "ts":"2949993132", "pid":"1", "tid":"cice"},
{"name":"ModelAdvance", "ph":"B", "ts":"2950105843", "pid":"1", "tid":"cice"},
{"name":"ModelAdvance", "ph":"E", "ts":"2950583467", "pid":"1", "tid":"cice"},
{"name":"ModelAdvance", "ph":"B", "ts":"2950698191", "pid":"1", "tid":"cice"},
{"name":"ModelAdvance", "ph":"E", "ts":"2951167079", "pid":"1", "tid":"cice"},
{"name":"ModelAdvance", "ph":"B", "ts":"2951297887", "pid":"1", "tid":"cice"},
{"name":"ModelAdvance", "ph":"E", "ts":"2951765027", "pid":"1", "tid":"cice"},
{"name":"ModelAdvance", "ph":"B", "ts":"2951897409", "pid":"1", "tid":"cice"},
{"name":"ModelAdvance", "ph":"E", "ts":"2952391946", "pid":"1", "tid":"cice"},
{"name":"ModelAdvance", "ph":"B", "ts":"2952498941", "pid":"1", "tid":"cice"},
{"name":"ModelAdvance", "ph":"E", "ts":"2952971776", "pid":"1", "tid":"cice"},
{"name":"ModelAdvance", "ph":"B", "ts":"2953081026", "pid":"1", "tid":"cice"},
{"name":"ModelAdvance", "ph":"E", "ts":"2953550484", "pid":"1", "tid":"cice"},
{"name":"ModelAdvance", "ph":"B", "ts":"2953662222", "pid":"1", "tid":"cice"},
{"name":"ModelAdvance", "ph":"E", "ts":"2954132989", "pid":"1", "tid":"cice"},
{"name":"ModelAdvance", "ph":"B", "ts":"2954248143", "pid":"1", "tid":"cice"},
{"name":"ModelAdvance", "ph":"E", "ts":"2954728071", "pid":"1", "tid":"cice"},
{"name":"ModelAdvance", "ph":"B", "ts":"2954835940", "pid":"1", "tid":"cice"},
{"name":"ModelAdvance", "ph":"E", "ts":"2955311111", "pid":"1", "tid":"cice"},
{"name":"ModelAdvance", "ph":"B", "ts":"2955425959", "pid":"1", "tid":"cice"},
{"name":"ModelAdvance", "ph":"E", "ts":"2955896882", "pid":"1", "tid":"cice"},
{"name":"ModelAdvance", "ph":"B", "ts":"2956007201", "pid":"1", "tid":"cice"},
{"name":"ModelAdvance", "ph":"E", "ts":"2956483180", "pid":"1", "tid":"cice"},
{"name":"ModelAdvance", "ph":"B", "ts":"2956599292", "pid":"1", "tid":"cice"},
{"name":"ModelAdvance", "ph":"E", "ts":"2957073154", "pid":"1", "tid":"cice"},
{"name":"ModelAdvance", "ph":"B", "ts":"2957186593", "pid":"1", "tid":"cice"},
{"name":"ModelAdvance", "ph":"E", "ts":"2957661897", "pid":"1", "tid":"cice"},
{"name":"ModelAdvance", "ph":"B", "ts":"2957771093", "pid":"1", "tid":"cice"},
{"name":"ModelAdvance", "ph":"E", "ts":"2958329420", "pid":"1", "tid":"cice"},
{"name":"ModelAdvance", "ph":"B", "ts":"2958378828", "pid":"1", "tid":"cice"},
{"name":"ModelAdvance", "ph":"E", "ts":"2958842089", "pid":"1", "tid":"cice"},
{"name":"ModelAdvance", "ph":"B", "ts":"2959610192", "pid":"1", "tid":"cice"},
{"name":"ModelAdvance", "ph":"E", "ts":"2960089004", "pid":"1", "tid":"cice"},
{"name":"ModelAdvance", "ph":"B", "ts":"2960190910", "pid":"1", "tid":"cice"},
{"name":"ModelAdvance", "ph":"E", "ts":"2960657387", "pid":"1", "tid":"cice"},
{"name":"ModelAdvance", "ph":"B", "ts":"2960779109", "pid":"1", "tid":"cice"},
{"name":"ModelAdvance", "ph":"E", "ts":"2961255896", "pid":"1", "tid":"cice"},
{"name":"ModelAdvance", "ph":"B", "ts":"2961369280", "pid":"1", "tid":"cice"},
{"name":"ModelAdvance", "ph":"E", "ts":"2961842693", "pid":"1", "tid":"cice"},
{"name":"ModelAdvance", "ph":"B", "ts":"2961956691", "pid":"1", "tid":"cice"},
{"name":"ModelAdvance", "ph":"E", "ts":"2962432329", "pid":"1", "tid":"cice"},
{"name":"ModelAdvance", "ph":"B", "ts":"2962547206", "pid":"1", "tid":"cice"},
{"name":"ModelAdvance", "ph":"E", "ts":"2963033745", "pid":"1", "tid":"cice"},
{"name":"ModelAdvance", "ph":"B", "ts":"2963171869", "pid":"1", "tid":"cice"},
{"name":"ModelAdvance", "ph":"E", "ts":"2963635616", "pid":"1", "tid":"cice"},
{"name":"ModelAdvance", "ph":"B", "ts":"2963754980", "pid":"1", "tid":"cice"},
{"name":"ModelAdvance", "ph":"E", "ts":"2964225359", "pid":"1", "tid":"cice"},
{"name":"ModelAdvance", "ph":"B", "ts":"2964337656", "pid":"1", "tid":"cice"},
{"name":"ModelAdvance", "ph":"E", "ts":"2964812950", "pid":"1", "tid":"cice"},
{"name":"ModelAdvance", "ph":"B", "ts":"2964917743", "pid":"1", "tid":"cice"},
{"name":"ModelAdvance", "ph":"E", "ts":"2965388782", "pid":"1", "tid":"cice"},
{"name":"ModelAdvance", "ph":"B", "ts":"2965500395", "pid":"1", "tid":"cice"},
{"name":"ModelAdvance", "ph":"E", "ts":"2965965128", "pid":"1", "tid":"cice"},
{"name":"ModelAdvance", "ph":"B", "ts":"2966091271", "pid":"1", "tid":"cice"},
{"name":"ModelAdvance", "ph":"E", "ts":"2966564323", "pid":"1", "tid":"cice"},
{"name":"ModelAdvance", "ph":"B", "ts":"2966672090", "pid":"1", "tid":"cice"},
{"name":"ModelAdvance", "ph":"E", "ts":"2967147887", "pid":"1", "tid":"cice"},
{"name":"ModelAdvance", "ph":"B", "ts":"2967287676", "pid":"1", "tid":"cice"},
{"name":"ModelAdvance", "ph":"E", "ts":"2967754258", "pid":"1", "tid":"cice"},
{"name":"ModelAdvance", "ph":"B", "ts":"2967889426", "pid":"1", "tid":"cice"},
{"name":"ModelAdvance", "ph":"E", "ts":"2968363864", "pid":"1", "tid":"cice"},
{"name":"ModelAdvance", "ph":"B", "ts":"2968492864", "pid":"1", "tid":"cice"},
{"name":"ModelAdvance", "ph":"E", "ts":"2968969816", "pid":"1", "tid":"cice"},
{"name":"ModelAdvance", "ph":"B", "ts":"2969075197", "pid":"1", "tid":"cice"},
{"name":"ModelAdvance", "ph":"E", "ts":"2969535633", "pid":"1", "tid":"cice"},
{"name":"ModelAdvance", "ph":"B", "ts":"2969655661", "pid":"1", "tid":"cice"},
{"name":"ModelAdvance", "ph":"E", "ts":"2970131871", "pid":"1", "tid":"cice"},
{"name":"ModelAdvance", "ph":"B", "ts":"2970236500", "pid":"1", "tid":"cice"},
{"name":"ModelAdvance", "ph":"E", "ts":"2970710021", "pid":"1", "tid":"cice"},
{"name":"ModelAdvance", "ph":"B", "ts":"2970820154", "pid":"1", "tid":"cice"},
{"name":"ModelAdvance", "ph":"E", "ts":"2971286122", "pid":"1", "tid":"cice"},
{"name":"ModelAdvance", "ph":"B", "ts":"2971398891", "pid":"1", "tid":"cice"},
{"name":"ModelAdvance", "ph":"E", "ts":"2971870432", "pid":"1", "tid":"cice"},
{"name":"ModelAdvance", "ph":"B", "ts":"2971986544", "pid":"1", "tid":"cice"},
{"name":"ModelAdvance", "ph":"E", "ts":"2972458782", "pid":"1", "tid":"cice"},
{"name":"ModelAdvance", "ph":"B", "ts":"2972575118", "pid":"1", "tid":"cice"},
{"name":"ModelAdvance", "ph":"E", "ts":"2973038522", "pid":"1", "tid":"cice"},
{"name":"ModelAdvance", "ph":"B", "ts":"2973302854", "pid":"1", "tid":"cice"},
{"name":"ModelAdvance", "ph":"E", "ts":"2973786713", "pid":"1", "tid":"cice"},
{"name":"ModelAdvance", "ph":"B", "ts":"2974602878", "pid":"1", "tid":"cice"},
{"name":"ModelAdvance", "ph":"E", "ts":"2975068249", "pid":"1", "tid":"cice"},
{"name":"ModelAdvance", "ph":"B", "ts":"2975186217", "pid":"1", "tid":"cice"},
{"name":"ModelAdvance", "ph":"E", "ts":"2975649698", "pid":"1", "tid":"cice"},
{"name":"ModelAdvance", "ph":"B", "ts":"2975791032", "pid":"1", "tid":"cice"},
{"name":"ModelAdvance", "ph":"E", "ts":"2976258339", "pid":"1", "tid":"cice"},
{"name":"ModelAdvance", "ph":"B", "ts":"2976373696", "pid":"1", "tid":"cice"},
{"name":"ModelAdvance", "ph":"E", "ts":"2976843841", "pid":"1", "tid":"cice"},
{"name":"ModelAdvance", "ph":"B", "ts":"2976967558", "pid":"1", "tid":"cice"},
{"name":"ModelAdvance", "ph":"E", "ts":"2977441602", "pid":"1", "tid":"cice"},
{"name":"ModelAdvance", "ph":"B", "ts":"2977553555", "pid":"1", "tid":"cice"},
{"name":"ModelAdvance", "ph":"E", "ts":"2978022253", "pid":"1", "tid":"cice"},
{"name":"ModelAdvance", "ph":"B", "ts":"2978156322", "pid":"1", "tid":"cice"},
{"name":"ModelAdvance", "ph":"E", "ts":"2978623117", "pid":"1", "tid":"cice"},
{"name":"ModelAdvance", "ph":"B", "ts":"2978856473", "pid":"1", "tid":"cice"},
{"name":"ModelAdvance", "ph":"E", "ts":"2979329772", "pid":"1", "tid":"cice"},
{"name":"ModelAdvance", "ph":"B", "ts":"2979441171", "pid":"1", "tid":"cice"},
{"name":"ModelAdvance", "ph":"E", "ts":"2979918755", "pid":"1", "tid":"cice"},
{"name":"ModelAdvance", "ph":"B", "ts":"2980044944", "pid":"1", "tid":"cice"},
{"name":"ModelAdvance", "ph":"E", "ts":"2980504201", "pid":"1", "tid":"cice"},
{"name":"ModelAdvance", "ph":"B", "ts":"2980636081", "pid":"1", "tid":"cice"},
{"name":"ModelAdvance", "ph":"E", "ts":"2981104082", "pid":"1", "tid":"cice"},
{"name":"ModelAdvance", "ph":"B", "ts":"2981231469", "pid":"1", "tid":"cice"},
{"name":"ModelAdvance", "ph":"E", "ts":"2981705231", "pid":"1", "tid":"cice"},
{"name":"ModelAdvance", "ph":"B", "ts":"2981817195", "pid":"1", "tid":"cice"},
{"name":"ModelAdvance", "ph":"E", "ts":"2982288226", "pid":"1", "tid":"cice"},
{"name":"ModelAdvance", "ph":"B", "ts":"2982413977", "pid":"1", "tid":"cice"},
{"name":"ModelAdvance", "ph":"E", "ts":"2982883038", "pid":"1", "tid":"cice"},
{"name":"ModelAdvance", "ph":"B", "ts":"2983020766", "pid":"1", "tid":"cice"},
{"name":"ModelAdvance", "ph":"E", "ts":"2983494597", "pid":"1", "tid":"cice"},
{"name":"ModelAdvance", "ph":"B", "ts":"2983606094", "pid":"1", "tid":"cice"},
{"name":"ModelAdvance", "ph":"E", "ts":"2984081637", "pid":"1", "tid":"cice"},
{"name":"ModelAdvance", "ph":"B", "ts":"2984192132", "pid":"1", "tid":"cice"},
{"name":"ModelAdvance", "ph":"E", "ts":"2984668869", "pid":"1", "tid":"cice"},
{"name":"ModelAdvance", "ph":"B", "ts":"2984782299", "pid":"1", "tid":"cice"},
{"name":"ModelAdvance", "ph":"E", "ts":"2985256954", "pid":"1", "tid":"cice"},
{"name":"ModelAdvance", "ph":"B", "ts":"2985367989", "pid":"1", "tid":"cice"},
{"name":"ModelAdvance", "ph":"E", "ts":"2985834757", "pid":"1", "tid":"cice"},
{"name":"ModelAdvance", "ph":"B", "ts":"2985958262", "pid":"1", "tid":"cice"},
{"name":"ModelAdvance", "ph":"E", "ts":"2986424051", "pid":"1", "tid":"cice"},
{"name":"ModelAdvance", "ph":"B", "ts":"2986541749", "pid":"1", "tid":"cice"},
{"name":"ModelAdvance", "ph":"E", "ts":"2987022212", "pid":"1", "tid":"cice"},
{"name":"ModelAdvance", "ph":"B", "ts":"2987128327", "pid":"1", "tid":"cice"},
{"name":"ModelAdvance", "ph":"E", "ts":"2987599875", "pid":"1", "tid":"cice"},
{"name":"ModelAdvance", "ph":"B", "ts":"2987737435", "pid":"1", "tid":"cice"},
{"name":"ModelAdvance", "ph":"E", "ts":"2988218443", "pid":"1", "tid":"cice"},
{"name":"ModelAdvance", "ph":"B", "ts":"2988498541", "pid":"1", "tid":"cice"},
{"name":"ModelAdvance", "ph":"E", "ts":"2988976724", "pid":"1", "tid":"cice"},
{"name":"ModelAdvance", "ph":"B", "ts":"2989811580", "pid":"1", "tid":"cice"},
{"name":"ModelAdvance", "ph":"E", "ts":"2990282337", "pid":"1", "tid":"cice"},
{"name":"ModelAdvance", "ph":"B", "ts":"2990400280", "pid":"1", "tid":"cice"},
{"name":"ModelAdvance", "ph":"E", "ts":"2990877779", "pid":"1", "tid":"cice"},
{"name":"ModelAdvance", "ph":"B", "ts":"2990984668", "pid":"1", "tid":"cice"},
{"name":"ModelAdvance", "ph":"E", "ts":"2991460589", "pid":"1", "tid":"cice"},
{"name":"ModelAdvance", "ph":"B", "ts":"2991581973", "pid":"1", "tid":"cice"},
{"name":"ModelAdvance", "ph":"E", "ts":"2992050766", "pid":"1", "tid":"cice"},
{"name":"ModelAdvance", "ph":"B", "ts":"2992164724", "pid":"1", "tid":"cice"},
{"name":"ModelAdvance", "ph":"E", "ts":"2992640965", "pid":"1", "tid":"cice"},
{"name":"ModelAdvance", "ph":"B", "ts":"2992762248", "pid":"1", "tid":"cice"},
{"name":"ModelAdvance", "ph":"E", "ts":"2993228811", "pid":"1", "tid":"cice"},
{"name":"ModelAdvance", "ph":"B", "ts":"2993366866", "pid":"1", "tid":"cice"},
{"name":"ModelAdvance", "ph":"E", "ts":"2993842798", "pid":"1", "tid":"cice"},
{"name":"ModelAdvance", "ph":"B", "ts":"2993952765", "pid":"1", "tid":"cice"},
{"name":"ModelAdvance", "ph":"E", "ts":"2994422593", "pid":"1", "tid":"cice"},
{"name":"ModelAdvance", "ph":"B", "ts":"2994542118", "pid":"1", "tid":"cice"},
{"name":"ModelAdvance", "ph":"E", "ts":"2995014911", "pid":"1", "tid":"cice"},
{"name":"ModelAdvance", "ph":"B", "ts":"2995134438", "pid":"1", "tid":"cice"},
{"name":"ModelAdvance", "ph":"E", "ts":"2995608701", "pid":"1", "tid":"cice"},
{"name":"ModelAdvance", "ph":"B", "ts":"2995727239", "pid":"1", "tid":"cice"},
{"name":"ModelAdvance", "ph":"E", "ts":"2996193869", "pid":"1", "tid":"cice"},
{"name":"ModelAdvance", "ph":"B", "ts":"2996328360", "pid":"1", "tid":"cice"},
{"name":"ModelAdvance", "ph":"E", "ts":"2996804590", "pid":"1", "tid":"cice"},
{"name":"ModelAdvance", "ph":"B", "ts":"2996921968", "pid":"1", "tid":"cice"},
{"name":"ModelAdvance", "ph":"E", "ts":"2997394254", "pid":"1", "tid":"cice"},
{"name":"ModelAdvance", "ph":"B", "ts":"2997512974", "pid":"1", "tid":"cice"},
{"name":"ModelAdvance", "ph":"E", "ts":"2997983191", "pid":"1", "tid":"cice"},
{"name":"ModelAdvance", "ph":"B", "ts":"2998110880", "pid":"1", "tid":"cice"},
{"name":"ModelAdvance", "ph":"E", "ts":"2998582649", "pid":"1", "tid":"cice"},
{"name":"ModelAdvance", "ph":"B", "ts":"2998705818", "pid":"1", "tid":"cice"},
{"name":"ModelAdvance", "ph":"E", "ts":"2999170353", "pid":"1", "tid":"cice"},
{"name":"ModelAdvance", "ph":"B", "ts":"2999297525", "pid":"1", "tid":"cice"},
{"name":"ModelAdvance", "ph":"E", "ts":"2999774290", "pid":"1", "tid":"cice"},
{"name":"ModelAdvance", "ph":"B", "ts":"2999891251", "pid":"1", "tid":"cice"},
{"name":"ModelAdvance", "ph":"E", "ts":"3000365313", "pid":"1", "tid":"cice"},
{"name":"ModelAdvance", "ph":"B", "ts":"3000488374", "pid":"1", "tid":"cice"},
{"name":"ModelAdvance", "ph":"E", "ts":"3000958600", "pid":"1", "tid":"cice"},
{"name":"ModelAdvance", "ph":"B", "ts":"3001082063", "pid":"1", "tid":"cice"},
{"name":"ModelAdvance", "ph":"E", "ts":"3001555803", "pid":"1", "tid":"cice"},
{"name":"ModelAdvance", "ph":"B", "ts":"3001674075", "pid":"1", "tid":"cice"},
{"name":"ModelAdvance", "ph":"E", "ts":"3002139981", "pid":"1", "tid":"cice"},
{"name":"ModelAdvance", "ph":"B", "ts":"3002272046", "pid":"1", "tid":"cice"},
{"name":"ModelAdvance", "ph":"E", "ts":"3002743660", "pid":"1", "tid":"cice"},
{"name":"ModelAdvance", "ph":"B", "ts":"3002858643", "pid":"1", "tid":"cice"},
{"name":"ModelAdvance", "ph":"E", "ts":"3003320725", "pid":"1", "tid":"cice"},
{"name":"ModelFinalize", "ph":"B", "ts":"3003322490", "pid":"1", "tid":"cice"},
{"name":"ModelFinalize", "ph":"E", "ts":"3003322512", "pid":"1", "tid":"cice"},
