{"name":"SetServices", "ph":"B", "ts":"1921344242", "pid":"1", "tid":"cice"},
{"name":"SetServices", "ph":"E", "ts":"1921345950", "pid":"1", "tid":"cice"},
{"name":"InitializeP0", "ph":"B", "ts":"1922236800", "pid":"1", "tid":"cice"},
{"name":"InitializeP0", "ph":"E", "ts":"1922236935", "pid":"1", "tid":"cice"},
{"name":"InitializeAdvertise", "ph":"B", "ts":"1952809237", "pid":"1", "tid":"cice"},
{"name":"InitializeAdvertise", "ph":"E", "ts":"1960995680", "pid":"1", "tid":"cice"},
{"name":"InitializeRealize", "ph":"B", "ts":"2159576119", "pid":"1", "tid":"cice"},
{"name":"InitializeRealize", "ph":"E", "ts":"2173297996", "pid":"1", "tid":"cice"},
{"name":"ModelAdvance", "ph":"B", "ts":"2248075978", "pid":"1", "tid":"cice"},
{"name":"ModelAdvance", "ph":"E", "ts":"2248770479", "pid":"1", "tid":"cice"},
{"name":"ModelAdvance", "ph":"B", "ts":"2252009884", "pid":"1", "tid":"cice"},
{"name":"ModelAdvance", "ph":"E", "ts":"2252505129", "pid":"1", "tid":"cice"},
{"name":"ModelAdvance", "ph":"B", "ts":"2252602258", "pid":"1", "tid":"cice"},
{"name":"ModelAdvance", "ph":"E", "ts":"2253087622", "pid":"1", "tid":"cice"},
{"name":"ModelAdvance", "ph":"B", "ts":"2253203047", "pid":"1", "tid":"cice"},
{"name":"ModelAdvance", "ph":"E", "ts":"2253680912", "pid":"1", "tid":"cice"},
{"name":"ModelAdvance", "ph":"B", "ts":"2253800859", "pid":"1", "tid":"cice"},
{"name":"ModelAdvance", "ph":"E", "ts":"2254272256", "pid":"1", "tid":"cice"},
{"name":"ModelAdvance", "ph":"B", "ts":"2254391065", "pid":"1", "tid":"cice"},
{"name":"ModelAdvance", "ph":"E", "ts":"2254875384", "pid":"1", "tid":"cice"},
{"name":"ModelAdvance", "ph":"B", "ts":"2254983438", "pid":"1", "tid":"cice"},
{"name":"ModelAdvance", "ph":"E", "ts":"2255454386", "pid":"1", "tid":"cice"},
{"name":"ModelAdvance", "ph":"B", "ts":"2255581709", "pid":"1", "tid":"cice"},
{"name":"ModelAdvance", "ph":"E", "ts":"2256065545", "pid":"1", "tid":"cice"},
{"name":"ModelAdvance", "ph":"B", "ts":"2256189631", "pid":"1", "tid":"cice"},
{"name":"ModelAdvance", "ph":"E", "ts":"2256659475", "pid":"1", "tid":"cice"},
{"name":"ModelAdvance", "ph":"B", "ts":"2256787441", "pid":"1", "tid":"cice"},
{"name":"ModelAdvance", "ph":"E", "ts":"2257264544", "pid":"1", "tid":"cice"},
{"name":"ModelAdvance", "ph":"B", "ts":"2257386928", "pid":"1", "tid":"cice"},
{"name":"ModelAdvance", "ph":"E", "ts":"2257867421", "pid":"1", "tid":"cice"},
{"name":"ModelAdvance", "ph":"B", "ts":"2257979876", "pid":"1", "tid":"cice"},
{"name":"ModelAdvance", "ph":"E", "ts":"2258454616", "pid":"1", "tid":"cice"},
{"name":"ModelAdvance", "ph":"B", "ts":"2261222550", "pid":"1", "tid":"cice"},
{"name":"ModelAdvance", "ph":"E", "ts":"2261707447", "pid":"1", "tid":"cice"},
{"name":"ModelAdvance", "ph":"B", "ts":"2261866704", "pid":"1", "tid":"cice"},
{"name":"ModelAdvance", "ph":"E", "ts":"2262349266", "pid":"1", "tid":"cice"},
{"name":"ModelAdvance", "ph":"B", "ts":"2262460072", "pid":"1", "tid":"cice"},
{"name":"ModelAdvance", "ph":"E", "ts":"2262932662", "pid":"1", "tid":"cice"},
{"name":"ModelAdvance", "ph":"B", "ts":"2263053652", "pid":"1", "tid":"cice"},
{"name":"ModelAdvance", "ph":"E", "ts":"2263535117", "pid":"1", "tid":"cice"},
{"name":"ModelAdvance", "ph":"B", "ts":"2263649997", "pid":"1", "tid":"cice"},
{"name":"ModelAdvance", "ph":"E", "ts":"2264128826", "pid":"1", "tid":"cice"},
{"name":"ModelAdvance", "ph":"B", "ts":"2264238829", "pid":"1", "tid":"cice"},
{"name":"ModelAdvance", "ph":"E", "ts":"2264721134", "pid":"1", "tid":"cice"},
{"name":"ModelAdvance", "ph":"B", "ts":"2264830802", "pid":"1", "tid":"cice"},
{"name":"ModelAdvance", "ph":"E", "ts":"2265302014", "pid":"1", "tid":"cice"},
{"name":"ModelAdvance", "ph":"B", "ts":"2265423859", "pid":"1", "tid":"cice"},
{"name":"ModelAdvance", "ph":"E", "ts":"2265895779", "pid":"1", "tid":"cice"},
{"name":"ModelAdvance", "ph":"B", "ts":"2266016620", "pid":"1", "tid":"cice"},
{"name":"ModelAdvance", "ph":"E", "ts":"2266499093", "pid":"1", "tid":"cice"},
{"name":"ModelAdvance", "ph":"B", "ts":"2266612581", "pid":"1", "tid":"cice"},
{"name":"ModelAdvance", "ph":"E", "ts":"2267088825", "pid":"1", "tid":"cice"},
{"name":"ModelAdvance", "ph":"B", "ts":"2267204760", "pid":"1", "tid":"cice"},
{"name":"ModelAdvance", "ph":"E", "ts":"2267676894", "pid":"1", "tid":"cice"},
{"name":"ModelAdvance", "ph":"B", "ts":"2267797378", "pid":"1", "tid":"cice"},
{"name":"ModelAdvance", "ph":"E", "ts":"2268266635", "pid":"1", "tid":"cice"},
{"name":"ModelAdvance", "ph":"B", "ts":"2268408787", "pid":"1", "tid":"cice"},
{"name":"ModelAdvance", "ph":"E", "ts":"2268880050", "pid":"1", "tid":"cice"},
{"name":"ModelAdvance", "ph":"B", "ts":"2269650199", "pid":"1", "tid":"cice"},
{"name":"ModelAdvance", "ph":"E", "ts":"2270120338", "pid":"1", "tid":"cice"},
{"name":"ModelAdvance", "ph":"B", "ts":"2270244247", "pid":"1", "tid":"cice"},
{"name":"ModelAdvance", "ph":"E", "ts":"2270730280", "pid":"1", "tid":"cice"},
{"name":"ModelAdvance", "ph":"B", "ts":"2270842321", "pid":"1", "tid":"cice"},
{"name":"ModelAdvance", "ph":"E", "ts":"2271314174", "pid":"1", "tid":"cice"},
{"name":"ModelAdvance", "ph":"B", "ts":"2271432905", "pid":"1", "tid":"cice"},
{"name":"ModelAdvance", "ph":"E", "ts":"2271901183", "pid":"1", "tid":"cice"},
{"name":"ModelAdvance", "ph":"B", "ts":"2272023836", "pid":"1", "tid":"cice"},
{"name":"ModelAdvance", "ph":"E", "ts":"2272500781", "pid":"1", "tid":"cice"},
{"name":"ModelAdvance", "ph":"B", "ts":"2272616360", "pid":"1", "tid":"cice"},
{"name":"ModelAdvance", "ph":"E", "ts":"2273091530", "pid":"1", "tid":"cice"},
{"name":"ModelAdvance", "ph":"B", "ts":"2273211781", "pid":"1", "tid":"cice"},
{"name":"ModelAdvance", "ph":"E", "ts":"2273678301", "pid":"1", "tid":"cice"},
{"name":"ModelAdvance", "ph":"B", "ts":"2273803749", "pid":"1", "tid":"cice"},
{"name":"ModelAdvance", "ph":"E", "ts":"2274276131", "pid":"1", "tid":"cice"},
{"name":"ModelAdvance", "ph":"B", "ts":"2274395363", "pid":"1", "tid":"cice"},
{"name":"ModelAdvance", "ph":"E", "ts":"2274869468", "pid":"1", "tid":"cice"},
{"name":"ModelAdvance", "ph":"B", "ts":"2274989855", "pid":"1", "tid":"cice"},
{"name":"ModelAdvance", "ph":"E", "ts":"2275476892", "pid":"1", "tid":"cice"},
{"name":"ModelAdvance", "ph":"B", "ts":"2275588613", "pid":"1", "tid":"cice"},
{"name":"ModelAdvance", "ph":"E", "ts":"2276057139", "pid":"1", "tid":"cice"},
{"name":"ModelAdvance", "ph":"B", "ts":"2276206648", "pid":"1", "tid":"cice"},
{"name":"ModelAdvance", "ph":"E", "ts":"2276686137", "pid":"1", "tid":"cice"},
{"name":"ModelAdvance", "ph":"B", "ts":"2276800109", "pid":"1", "tid":"cice"},
{"name":"ModelAdvance", "ph":"E", "ts":"2277278631", "pid":"1", "tid":"cice"},
{"name":"ModelAdvance", "ph":"B", "ts":"2277393855", "pid":"1", "tid":"cice"},
{"name":"ModelAdvance", "ph":"E", "ts":"2277877237", "pid":"1", "tid":"cice"},
{"name":"ModelAdvance", "ph":"B", "ts":"2278004524", "pid":"1", "tid":"cice"},
{"name":"ModelAdvance", "ph":"E", "ts":"2278480027", "pid":"1", "tid":"cice"},
{"name":"ModelAdvance", "ph":"B", "ts":"2278597606", "pid":"1", "tid":"cice"},
{"name":"ModelAdvance", "ph":"E", "ts":"2279070367", "pid":"1", "tid":"cice"},
{"name":"ModelAdvance", "ph":"B", "ts":"2279189212", "pid":"1", "tid":"cice"},
{"name":"ModelAdvance", "ph":"E", "ts":"2279672281", "pid":"1", "tid":"cice"},
{"name":"ModelAdvance", "ph":"B", "ts":"2279785633", "pid":"1", "tid":"cice"},
{"name":"ModelAdvance", "ph":"E", "ts":"2280261862", "pid":"1", "tid":"cice"},
{"name":"ModelAdvance", "ph":"B", "ts":"2280382284", "pid":"1", "tid":"cice"},
{"name":"ModelAdvance", "ph":"E", "ts":"2280851869", "pid":"1", "tid":"cice"},
{"name":"ModelAdvance", "ph":"B", "ts":"2280974456", "pid":"1", "tid":"cice"},
{"name":"ModelAdvance", "ph":"E", "ts":"2281454671", "pid":"1", "tid":"cice"},
{"name":"ModelAdvance", "ph":"B", "ts":"2281564825", "pid":"1", "tid":"cice"},
{"name":"ModelAdvance", "ph":"E", "ts":"2282035634", "pid":"1", "tid":"cice"},
{"name":"ModelAdvance", "ph":"B", "ts":"2282162156", "pid":"1", "tid":"cice"},
{"name":"ModelAdvance", "ph":"E", "ts":"2282649045", "pid":"1", "tid":"cice"},
{"name":"ModelAdvance", "ph":"B", "ts":"2282786404", "pid":"1", "tid":"cice"},
{"name":"ModelAdvance", "ph":"E", "ts":"2283266743", "pid":"1", "tid":"cice"},
{"name":"ModelAdvance", "ph":"B", "ts":"2283395729", "pid":"1", "tid":"cice"},
{"name":"ModelAdvance", "ph":"E", "ts":"2283872425", "pid":"1", "tid":"cice"},
{"name":"ModelAdvance", "ph":"B", "ts":"2284686759", "pid":"1", "tid":"cice"},
{"name":"ModelAdvance", "ph":"E", "ts":"2285163488", "pid":"1", "tid":"cice"},
{"name":"ModelAdvance", "ph":"B", "ts":"2285283780", "pid":"1", "tid":"cice"},
{"name":"ModelAdvance", "ph":"E", "ts":"2285752357", "pid":"1", "tid":"cice"},
{"name":"ModelAdvance", "ph":"B", "ts":"2285879391", "pid":"1", "tid":"cice"},
{"name":"ModelAdvance", "ph":"E", "ts":"2286350081", "pid":"1", "tid":"cice"},
{"name":"ModelAdvance", "ph":"B", "ts":"2286473224", "pid":"1", "tid":"cice"},
{"name":"ModelAdvance", "ph":"E", "ts":"2286956297", "pid":"1", "tid":"cice"},
{"name":"ModelAdvance", "ph":"B", "ts":"2287080448", "pid":"1", "tid":"cice"},
{"name":"ModelAdvance", "ph":"E", "ts":"2287560751", "pid":"1", "tid":"cice"},
{"name":"ModelAdvance", "ph":"B", "ts":"2287674757", "pid":"1", "tid":"cice"},
{"name":"ModelAdvance", "ph":"E", "ts":"2288137312", "pid":"1", "tid":"cice"},
{"name":"ModelAdvance", "ph":"B", "ts":"2288264851", "pid":"1", "tid":"cice"},
{"name":"ModelAdvance", "ph":"E", "ts":"2288747386", "pid":"1", "tid":"cice"},
{"name":"ModelAdvance", "ph":"B", "ts":"2288862374", "pid":"1", "tid":"cice"},
{"name":"ModelAdvance", "ph":"E", "ts":"2289342974", "pid":"1", "tid":"cice"},
{"name":"ModelAdvance", "ph":"B", "ts":"2289461291", "pid":"1", "tid":"cice"},
{"name":"ModelAdvance", "ph":"E", "ts":"2289946732", "pid":"1", "tid":"cice"},
{"name":"ModelAdvance", "ph":"B", "ts":"2290055470", "pid":"1", "tid":"cice"},
{"name":"ModelAdvance", "ph":"E", "ts":"2290535509", "pid":"1", "tid":"cice"},
{"name":"ModelAdvance", "ph":"B", "ts":"2290657822", "pid":"1", "tid":"cice"},
{"name":"ModelAdvance", "ph":"E", "ts":"2291124176", "pid":"1", "tid":"cice"},
{"name":"ModelAdvance", "ph":"B", "ts":"2291256515", "pid":"1", "tid":"cice"},
{"name":"ModelAdvance", "ph":"E", "ts":"2291731411", "pid":"1", "tid":"cice"},
{"name":"ModelAdvance", "ph":"B", "ts":"2296935596", "pid":"1", "tid":"cice"},
{"name":"ModelAdvance", "ph":"E", "ts":"2297407327", "pid":"1", "tid":"cice"},
{"name":"ModelAdvance", "ph":"B", "ts":"2297528230", "pid":"1", "tid":"cice"},
{"name":"ModelAdvance", "ph":"E", "ts":"2298015950", "pid":"1", "tid":"cice"},
{"name":"ModelAdvance", "ph":"B", "ts":"2298130463", "pid":"1", "tid":"cice"},
{"name":"ModelAdvance", "ph":"E", "ts":"2298609977", "pid":"1", "tid":"cice"},
{"name":"ModelAdvance", "ph":"B", "ts":"2298728690", "pid":"1", "tid":"cice"},
{"name":"ModelAdvance", "ph":"E", "ts":"2299214206", "pid":"1", "tid":"cice"},
{"name":"ModelAdvance", "ph":"B", "ts":"2299323490", "pid":"1", "tid":"cice"},
{"name":"ModelAdvance", "ph":"E", "ts":"2299810862", "pid":"1", "tid":"cice"},
{"name":"ModelAdvance", "ph":"B", "ts":"2299934119", "pid":"1", "tid":"cice"},
{"name":"ModelAdvance", "ph":"E", "ts":"2300404780", "pid":"1", "tid":"cice"},
{"name":"ModelAdvance", "ph":"B", "ts":"2300529871", "pid":"1", "tid":"cice"},
{"name":"ModelAdvance", "ph":"E", "ts":"2300995795", "pid":"1", "tid":"cice"},
{"name":"ModelAdvance", "ph":"B", "ts":"2301123363", "pid":"1", "tid":"cice"},
{"name":"ModelAdvance", "ph":"E", "ts":"2301604982", "pid":"1", "tid":"cice"},
{"name":"ModelAdvance", "ph":"B", "ts":"2301720786", "pid":"1", "tid":"cice"},
{"name":"ModelAdvance", "ph":"E", "ts":"2302199185", "pid":"1", "tid":"cice"},
{"name":"ModelAdvance", "ph":"B", "ts":"2302321634", "pid":"1", "tid":"cice"},
{"name":"ModelAdvance", "ph":"E", "ts":"2302792368", "pid":"1", "tid":"cice"},
{"name":"ModelAdvance", "ph":"B", "ts":"2302922336", "pid":"1", "tid":"cice"},
{"name":"ModelAdvance", "ph":"E", "ts":"2303400238", "pid":"1", "tid":"cice"},
{"name":"ModelAdvance", "ph":"B", "ts":"2322054794", "pid":"1", "tid":"cice"},
{"name":"ModelAdvance", "ph":"E", "ts":"2322531513", "pid":"1", "tid":"cice"},
{"name":"ModelAdvance", "ph":"B", "ts":"2323302160", "pid":"1", "tid":"cice"},
{"name":"ModelAdvance", "ph":"E", "ts":"2323776842", "pid":"1", "tid":"cice"},
{"name":"ModelAdvance", "ph":"B", "ts":"2323902968", "pid":"1", "tid":"cice"},
{"name":"ModelAdvance", "ph":"E", "ts":"2324380356", "pid":"1", "tid":"cice"},
{"name":"ModelAdvance", "ph":"B", "ts":"2324498320", "pid":"1", "tid":"cice"},
{"name":"ModelAdvance", "ph":"E", "ts":"2324979917", "pid":"1", "tid":"cice"},
{"name":"ModelAdvance", "ph":"B", "ts":"2325096971", "pid":"1", "tid":"cice"},
{"name":"ModelAdvance", "ph":"E", "ts":"2325575626", "pid":"1", "tid":"cice"},
{"name":"ModelAdvance", "ph":"B", "ts":"2325690882", "pid":"1", "tid":"cice"},
{"name":"ModelAdvance", "ph":"E", "ts":"2326158567", "pid":"1", "tid":"cice"},
{"name":"ModelAdvance", "ph":"B", "ts":"2326283734", "pid":"1", "tid":"cice"},
{"name":"ModelAdvance", "ph":"E", "ts":"2326763767", "pid":"1", "tid":"cice"},
{"name":"ModelAdvance", "ph":"B", "ts":"2326881854", "pid":"1", "tid":"cice"},
{"name":"ModelAdvance", "ph":"E", "ts":"2327353385", "pid":"1", "tid":"cice"},
{"name":"ModelAdvance", "ph":"B", "ts":"2327477451", "pid":"1", "tid":"cice"},
{"name":"ModelAdvance", "ph":"E", "ts":"2327963772", "pid":"1", "tid":"cice"},
{"name":"ModelAdvance", "ph":"B", "ts":"2328076198", "pid":"1", "tid":"cice"},
{"name":"ModelAdvance", "ph":"E", "ts":"2328548929", "pid":"1", "tid":"cice"},
{"name":"ModelAdvance", "ph":"B", "ts":"2328672492", "pid":"1", "tid":"cice"},
{"name":"ModelAdvance", "ph":"E", "ts":"2329152239", "pid":"1", "tid":"cice"},
{"name":"ModelAdvance", "ph":"B", "ts":"2329285137", "pid":"1", "tid":"cice"},
{"name":"ModelAdvance", "ph":"E", "ts":"2329749910", "pid":"1", "tid":"cice"},
{"name":"ModelAdvance", "ph":"B", "ts":"2329901777", "pid":"1", "tid":"cice"},
{"name":"ModelAdvance", "ph":"E", "ts":"2330375684", "pid":"1", "tid":"cice"},
{"name":"ModelAdvance", "ph":"B", "ts":"2330503145", "pid":"1", "tid":"cice"},
{"name":"ModelAdvance", "ph":"E", "ts":"2330972586", "pid":"1", "tid":"cice"},
{"name":"ModelAdvance", "ph":"B", "ts":"2331100900", "pid":"1", "tid":"cice"},
{"name":"ModelAdvance", "ph":"E", "ts":"2331584941", "pid":"1", "tid":"cice"},
{"name":"ModelAdvance", "ph":"B", "ts":"2331712126", "pid":"1", "tid":"cice"},
{"name":"ModelAdvance", "ph":"E", "ts":"2332182463", "pid":"1", "tid":"cice"},
{"name":"ModelAdvance", "ph":"B", "ts":"2332315291", "pid":"1", "tid":"cice"},
{"name":"ModelAdvance", "ph":"E", "ts":"2332781779", "pid":"1", "tid":"cice"},
{"name":"ModelAdvance", "ph":"B", "ts":"2332914465", "pid":"1", "tid":"cice"},
{"name":"ModelAdvance", "ph":"E", "ts":"2333394719", "pid":"1", "tid":"cice"},
{"name":"ModelAdvance", "ph":"B", "ts":"2333510109", "pid":"1", "tid":"cice"},
{"name":"ModelAdvance", "ph":"E", "ts":"2333976892", "pid":"1", "tid":"cice"},
{"name":"ModelAdvance", "ph":"B", "ts":"2334104124", "pid":"1", "tid":"cice"},
{"name":"ModelAdvance", "ph":"E", "ts":"2334586873", "pid":"1", "tid":"cice"},
{"name":"ModelAdvance", "ph":"B", "ts":"2334703894", "pid":"1", "tid":"cice"},
{"name":"ModelAdvance", "ph":"E", "ts":"2335185311", "pid":"1", "tid":"cice"},
{"name":"ModelAdvance", "ph":"B", "ts":"2335300041", "pid":"1", "tid":"cice"},
{"name":"ModelAdvance", "ph":"E", "ts":"2335775481", "pid":"1", "tid":"cice"},
{"name":"ModelAdvance", "ph":"B", "ts":"2335902673", "pid":"1", "tid":"cice"},
{"name":"ModelAdvance", "ph":"E", "ts":"2336373581", "pid":"1", "tid":"cice"},
{"name":"ModelAdvance", "ph":"B", "ts":"2336497507", "pid":"1", "tid":"cice"},
{"name":"ModelAdvance", "ph":"E", "ts":"2336976298", "pid":"1", "tid":"cice"},
{"name":"ModelAdvance", "ph":"B", "ts":"2337112764", "pid":"1", "tid":"cice"},
{"name":"ModelAdvance", "ph":"E", "ts":"2337585260", "pid":"1", "tid":"cice"},
{"name":"ModelAdvance", "ph":"B", "ts":"2338361010", "pid":"1", "tid":"cice"},
{"name":"ModelAdvance", "ph":"E", "ts":"2338832545", "pid":"1", "tid":"cice"},
{"name":"ModelAdvance", "ph":"B", "ts":"2338960501", "pid":"1", "tid":"cice"},
{"name":"ModelAdvance", "ph":"E", "ts":"2339432828", "pid":"1", "tid":"cice"},
{"name":"ModelAdvance", "ph":"B", "ts":"2339553959", "pid":"1", "tid":"cice"},
{"name":"ModelAdvance", "ph":"E", "ts":"2340029030", "pid":"1", "tid":"cice"},
{"name":"ModelAdvance", "ph":"B", "ts":"2340203471", "pid":"1", "tid":"cice"},
{"name":"ModelAdvance", "ph":"E", "ts":"2340684512", "pid":"1", "tid":"cice"},
{"name":"ModelAdvance", "ph":"B", "ts":"2340806798", "pid":"1", "tid":"cice"},
{"name":"ModelAdvance", "ph":"E", "ts":"2341273647", "pid":"1", "tid":"cice"},
{"name":"ModelAdvance", "ph":"B", "ts":"2341402642", "pid":"1", "tid":"cice"},
{"name":"ModelAdvance", "ph":"E", "ts":"2341877868", "pid":"1", "tid":"cice"},
{"name":"ModelAdvance", "ph":"B", "ts":"2342009755", "pid":"1", "tid":"cice"},
{"name":"ModelAdvance", "ph":"E", "ts":"2342488365", "pid":"1", "tid":"cice"},
{"name":"ModelAdvance", "ph":"B", "ts":"2342599686", "pid":"1", "tid":"cice"},
{"name":"ModelAdvance", "ph":"E", "ts":"2343072784", "pid":"1", "tid":"cice"},
{"name":"ModelAdvance", "ph":"B", "ts":"2343196285", "pid":"1", "tid":"cice"},
{"name":"ModelAdvance", "ph":"E", "ts":"2343662628", "pid":"1", "tid":"cice"},
{"name":"ModelAdvance", "ph":"B", "ts":"2343794058", "pid":"1", "tid":"cice"},
{"name":"ModelAdvance", "ph":"E", "ts":"2344275397", "pid":"1", "tid":"cice"},
{"name":"ModelAdvance", "ph":"B", "ts":"2344393774", "pid":"1", "tid":"cice"},
{"name":"ModelAdvance", "ph":"E", "ts":"2344868309", "pid":"1", "tid":"cice"},
{"name":"ModelAdvance", "ph":"B", "ts":"2345006982", "pid":"1", "tid":"cice"},
{"name":"ModelAdvance", "ph":"E", "ts":"2345492750", "pid":"1", "tid":"cice"},
{"name":"ModelAdvance", "ph":"B", "ts":"2345615582", "pid":"1", "tid":"cice"},
{"name":"ModelAdvance", "ph":"E", "ts":"2346089996", "pid":"1", "tid":"cice"},
{"name":"ModelAdvance", "ph":"B", "ts":"2346222839", "pid":"1", "tid":"cice"},
{"name":"ModelAdvance", "ph":"E", "ts":"2346692424", "pid":"1", "tid":"cice"},
{"name":"ModelAdvance", "ph":"B", "ts":"2346819108", "pid":"1", "tid":"cice"},
{"name":"ModelAdvance", "ph":"E", "ts":"2347288751", "pid":"1", "tid":"cice"},
{"name":"ModelAdvance", "ph":"B", "ts":"2347425615", "pid":"1", "tid":"cice"},
{"name":"ModelAdvance", "ph":"E", "ts":"2347902026", "pid":"1", "tid":"cice"},
{"name":"ModelAdvance", "ph":"B", "ts":"2348030983", "pid":"1", "tid":"cice"},
{"name":"ModelAdvance", "ph":"E", "ts":"2348502394", "pid":"1", "tid":"cice"},
{"name":"ModelAdvance", "ph":"B", "ts":"2348625769", "pid":"1", "tid":"cice"},
{"name":"ModelAdvance", "ph":"E", "ts":"2349099339", "pid":"1", "tid":"cice"},
{"name":"ModelAdvance", "ph":"B", "ts":"2349225482", "pid":"1", "tid":"cice"},
{"name":"ModelAdvance", "ph":"E", "ts":"2349697840", "pid":"1", "tid":"cice"},
{"name":"ModelAdvance", "ph":"B", "ts":"2349823960", "pid":"1", "tid":"cice"},
{"name":"ModelAdvance", "ph":"E", "ts":"2350297054", "pid":"1", "tid":"cice"},
{"name":"ModelAdvance", "ph":"B", "ts":"2350422753", "pid":"1", "tid":"cice"},
{"name":"ModelAdvance", "ph":"E", "ts":"2350903769", "pid":"1", "tid":"cice"},
{"name":"ModelAdvance", "ph":"B", "ts":"2351023196", "pid":"1", "tid":"cice"},
{"name":"ModelAdvance", "ph":"E", "ts":"2351498236", "pid":"1", "tid":"cice"},
{"name":"ModelAdvance", "ph":"B", "ts":"2351622244", "pid":"1", "tid":"cice"},
{"name":"ModelAdvance", "ph":"E", "ts":"2352089191", "pid":"1", "tid":"cice"},
{"name":"ModelAdvance", "ph":"B", "ts":"2352233415", "pid":"1", "tid":"cice"},
{"name":"ModelAdvance", "ph":"E", "ts":"2352708012", "pid":"1", "tid":"cice"},
{"name":"ModelAdvance", "ph":"B", "ts":"2353497378", "pid":"1", "tid":"cice"},
{"name":"ModelAdvance", "ph":"E", "ts":"2353973160", "pid":"1", "tid":"cice"},
{"name":"ModelAdvance", "ph":"B", "ts":"2354094396", "pid":"1", "tid":"cice"},
{"name":"ModelAdvance", "ph":"E", "ts":"2354577094", "pid":"1", "tid":"cice"},
{"name":"ModelAdvance", "ph":"B", "ts":"2354688129", "pid":"1", "tid":"cice"},
{"name":"ModelAdvance", "ph":"E", "ts":"2355159516", "pid":"1", "tid":"cice"},
{"name":"ModelAdvance", "ph":"B", "ts":"2355288008", "pid":"1", "tid":"cice"},
{"name":"ModelAdvance", "ph":"E", "ts":"2355758123", "pid":"1", "tid":"cice"},
{"name":"ModelAdvance", "ph":"B", "ts":"2355890117", "pid":"1", "tid":"cice"},
{"name":"ModelAdvance", "ph":"E", "ts":"2356365510", "pid":"1", "tid":"cice"},
{"name":"ModelAdvance", "ph":"B", "ts":"2356493441", "pid":"1", "tid":"cice"},
{"name":"ModelAdvance", "ph":"E", "ts":"2356983749", "pid":"1", "tid":"cice"},
{"name":"ModelAdvance", "ph":"B", "ts":"2357113438", "pid":"1", "tid":"cice"},
{"name":"ModelAdvance", "ph":"E", "ts":"2357586344", "pid":"1", "tid":"cice"},
{"name":"ModelAdvance", "ph":"B", "ts":"2357710629", "pid":"1", "tid":"cice"},
{"name":"ModelAdvance", "ph":"E", "ts":"2358188143", "pid":"1", "tid":"cice"},
{"name":"ModelAdvance", "ph":"B", "ts":"2358322820", "pid":"1", "tid":"cice"},
{"name":"ModelAdvance", "ph":"E", "ts":"2358792055", "pid":"1", "tid":"cice"},
{"name":"ModelAdvance", "ph":"B", "ts":"2358920226", "pid":"1", "tid":"cice"},
{"name":"ModelAdvance", "ph":"E", "ts":"2359387058", "pid":"1", "tid":"cice"},
{"name":"ModelAdvance", "ph":"B", "ts":"2359515120", "pid":"1", "tid":"cice"},
{"name":"ModelAdvance", "ph":"E", "ts":"2359993944", "pid":"1", "tid":"cice"},
{"name":"ModelAdvance", "ph":"B", "ts":"2360122193", "pid":"1", "tid":"cice"},
{"name":"ModelAdvance", "ph":"E", "ts":"2360597467", "pid":"1", "tid":"cice"},
{"name":"ModelAdvance", "ph":"B", "ts":"2360719332", "pid":"1", "tid":"cice"},
{"name":"ModelAdvance", "ph":"E", "ts":"2361203884", "pid":"1", "tid":"cice"},
{"name":"ModelAdvance", "ph":"B", "ts":"2361319082", "pid":"1", "tid":"cice"},
{"name":"ModelAdvance", "ph":"E", "ts":"2361796760", "pid":"1", "tid":"cice"},
{"name":"ModelAdvance", "ph":"B", "ts":"2361918150", "pid":"1", "tid":"cice"},
{"name":"ModelAdvance", "ph":"E", "ts":"2362385380", "pid":"1", "tid":"cice"},
{"name":"ModelAdvance", "ph":"B", "ts":"2362564286", "pid":"1", "tid":"cice"},
{"name":"ModelAdvance", "ph":"E", "ts":"2363044233", "pid":"1", "tid":"cice"},
{"name":"ModelAdvance", "ph":"B", "ts":"2363164255", "pid":"1", "tid":"cice"},
{"name":"ModelAdvance", "ph":"E", "ts":"2363631827", "pid":"1", "tid":"cice"},
{"name":"ModelAdvance", "ph":"B", "ts":"2363767258", "pid":"1", "tid":"cice"},
{"name":"ModelAdvance", "ph":"E", "ts":"2364236192", "pid":"1", "tid":"cice"},
{"name":"ModelAdvance", "ph":"B", "ts":"2364364879", "pid":"1", "tid":"cice"},
{"name":"ModelAdvance", "ph":"E", "ts":"2364836970", "pid":"1", "tid":"cice"},
{"name":"ModelAdvance", "ph":"B", "ts":"2364962275", "pid":"1", "tid":"cice"},
{"name":"ModelAdvance", "ph":"E", "ts":"2365437200", "pid":"1", "tid":"cice"},
{"name":"ModelAdvance", "ph":"B", "ts":"2365562647", "pid":"1", "tid":"cice"},
{"name":"ModelAdvance", "ph":"E", "ts":"2366044050", "pid":"1", "tid":"cice"},
{"name":"ModelAdvance", "ph":"B", "ts":"2366165370", "pid":"1", "tid":"cice"},
{"name":"ModelAdvance", "ph":"E", "ts":"2366646898", "pid":"1", "tid":"cice"},
{"name":"ModelAdvance", "ph":"B", "ts":"2366764915", "pid":"1", "tid":"cice"},
{"name":"ModelAdvance", "ph":"E", "ts":"2367342311", "pid":"1", "tid":"cice"},
{"name":"ModelAdvance", "ph":"B", "ts":"2367387052", "pid":"1", "tid":"cice"},
{"name":"ModelAdvance", "ph":"E", "ts":"2367857949", "pid":"1", "tid":"cice"},
{"name":"ModelAdvance", "ph":"B", "ts":"2369046409", "pid":"1", "tid":"cice"},
{"name":"ModelAdvance", "ph":"E", "ts":"2369516332", "pid":"1", "tid":"cice"},
{"name":"ModelAdvance", "ph":"B", "ts":"2369643033", "pid":"1", "tid":"cice"},
{"name":"ModelAdvance", "ph":"E", "ts":"2370108412", "pid":"1", "tid":"cice"},
{"name":"ModelAdvance", "ph":"B", "ts":"2370237599", "pid":"1", "tid":"cice"},
{"name":"ModelAdvance", "ph":"E", "ts":"2370707615", "pid":"1", "tid":"cice"},
{"name":"ModelAdvance", "ph":"B", "ts":"2370836105", "pid":"1", "tid":"cice"},
{"name":"ModelAdvance", "ph":"E", "ts":"2371307148", "pid":"1", "tid":"cice"},
{"name":"ModelAdvance", "ph":"B", "ts":"2371434815", "pid":"1", "tid":"cice"},
{"name":"ModelAdvance", "ph":"E", "ts":"2371905013", "pid":"1", "tid":"cice"},
{"name":"ModelAdvance", "ph":"B", "ts":"2372037878", "pid":"1", "tid":"cice"},
{"name":"ModelAdvance", "ph":"E", "ts":"2372506146", "pid":"1", "tid":"cice"},
{"name":"ModelAdvance", "ph":"B", "ts":"2372651245", "pid":"1", "tid":"cice"},
{"name":"ModelAdvance", "ph":"E", "ts":"2373129948", "pid":"1", "tid":"cice"},
{"name":"ModelAdvance", "ph":"B", "ts":"2373250594", "pid":"1", "tid":"cice"},
{"name":"ModelAdvance", "ph":"E", "ts":"2373719506", "pid":"1", "tid":"cice"},
{"name":"ModelAdvance", "ph":"B", "ts":"2373858856", "pid":"1", "tid":"cice"},
{"name":"ModelAdvance", "ph":"E", "ts":"2374327581", "pid":"1", "tid":"cice"},
{"name":"ModelAdvance", "ph":"B", "ts":"2374463061", "pid":"1", "tid":"cice"},
{"name":"ModelAdvance", "ph":"E", "ts":"2374932376", "pid":"1", "tid":"cice"},
{"name":"ModelAdvance", "ph":"B", "ts":"2375057138", "pid":"1", "tid":"cice"},
{"name":"ModelAdvance", "ph":"E", "ts":"2375525581", "pid":"1", "tid":"cice"},
{"name":"ModelAdvance", "ph":"B", "ts":"2375667716", "pid":"1", "tid":"cice"},
{"name":"ModelAdvance", "ph":"E", "ts":"2376141579", "pid":"1", "tid":"cice"},
{"name":"ModelAdvance", "ph":"B", "ts":"2376270061", "pid":"1", "tid":"cice"},
{"name":"ModelAdvance", "ph":"E", "ts":"2376750400", "pid":"1", "tid":"cice"},
{"name":"ModelAdvance", "ph":"B", "ts":"2376867862", "pid":"1", "tid":"cice"},
{"name":"ModelAdvance", "ph":"E", "ts":"2377350326", "pid":"1", "tid":"cice"},
{"name":"ModelAdvance", "ph":"B", "ts":"2377468660", "pid":"1", "tid":"cice"},
{"name":"ModelAdvance", "ph":"E", "ts":"2377943509", "pid":"1", "tid":"cice"},
{"name":"ModelAdvance", "ph":"B", "ts":"2378066182", "pid":"1", "tid":"cice"},
{"name":"ModelAdvance", "ph":"E", "ts":"2378535327", "pid":"1", "tid":"cice"},
{"name":"ModelAdvance", "ph":"B", "ts":"2378662286", "pid":"1", "tid":"cice"},
{"name":"ModelAdvance", "ph":"E", "ts":"2379144244", "pid":"1", "tid":"cice"},
{"name":"ModelAdvance", "ph":"B", "ts":"2379261289", "pid":"1", "tid":"cice"},
{"name":"ModelAdvance", "ph":"E", "ts":"2379740451", "pid":"1", "tid":"cice"},
{"name":"ModelAdvance", "ph":"B", "ts":"2379857943", "pid":"1", "tid":"cice"},
{"name":"ModelAdvance", "ph":"E", "ts":"2380328968", "pid":"1", "tid":"cice"},
{"name":"ModelAdvance", "ph":"B", "ts":"2380456141", "pid":"1", "tid":"cice"},
{"name":"ModelAdvance", "ph":"E", "ts":"2380926754", "pid":"1", "tid":"cice"},
{"name":"ModelAdvance", "ph":"B", "ts":"2381052633", "pid":"1", "tid":"cice"},
{"name":"ModelAdvance", "ph":"E", "ts":"2381520760", "pid":"1", "tid":"cice"},
{"name":"ModelAdvance", "ph":"B", "ts":"2381656128", "pid":"1", "tid":"cice"},
{"name":"ModelAdvance", "ph":"E", "ts":"2382129071", "pid":"1", "tid":"cice"},
{"name":"ModelAdvance", "ph":"B", "ts":"2382269394", "pid":"1", "tid":"cice"},
{"name":"ModelAdvance", "ph":"E", "ts":"2382740541", "pid":"1", "tid":"cice"},
{"name":"ModelAdvance", "ph":"B", "ts":"2382880944", "pid":"1", "tid":"cice"},
{"name":"ModelAdvance", "ph":"E", "ts":"2383357106", "pid":"1", "tid":"cice"},
{"name":"ModelAdvance", "ph":"B", "ts":"2384088112", "pid":"1", "tid":"cice"},
{"name":"ModelAdvance", "ph":"E", "ts":"2384565922", "pid":"1", "tid":"cice"},
{"name":"ModelAdvance", "ph":"B", "ts":"2384690764", "pid":"1", "tid":"cice"},
{"name":"ModelAdvance", "ph":"E", "ts":"2385170913", "pid":"1", "tid":"cice"},
{"name":"ModelAdvance", "ph":"B", "ts":"2385287699", "pid":"1", "tid":"cice"},
{"name":"ModelAdvance", "ph":"E", "ts":"2385758251", "pid":"1", "tid":"cice"},
{"name":"ModelAdvance", "ph":"B", "ts":"2385885012", "pid":"1", "tid":"cice"},
{"name":"ModelAdvance", "ph":"E", "ts":"2386367493", "pid":"1", "tid":"cice"},
{"name":"ModelAdvance", "ph":"B", "ts":"2386490770", "pid":"1", "tid":"cice"},
{"name":"ModelAdvance", "ph":"E", "ts":"2386962894", "pid":"1", "tid":"cice"},
{"name":"ModelAdvance", "ph":"B", "ts":"2387091072", "pid":"1", "tid":"cice"},
{"name":"ModelAdvance", "ph":"E", "ts":"2387559692", "pid":"1", "tid":"cice"},
{"name":"ModelAdvance", "ph":"B", "ts":"2387700368", "pid":"1", "tid":"cice"},
{"name":"ModelAdvance", "ph":"E", "ts":"2388167509", "pid":"1", "tid":"cice"},
{"name":"ModelAdvance", "ph":"B", "ts":"2388307147", "pid":"1", "tid":"cice"},
{"name":"ModelAdvance", "ph":"E", "ts":"2388778686", "pid":"1", "tid":"cice"},
{"name":"ModelAdvance", "ph":"B", "ts":"2388977467", "pid":"1", "tid":"cice"},
{"name":"ModelAdvance", "ph":"E", "ts":"2389447954", "pid":"1", "tid":"cice"},
{"name":"ModelAdvance", "ph":"B", "ts":"2389595900", "pid":"1", "tid":"cice"},
{"name":"ModelAdvance", "ph":"E", "ts":"2390073114", "pid":"1", "tid":"cice"},
{"name":"ModelAdvance", "ph":"B", "ts":"2390248419", "pid":"1", "tid":"cice"},
{"name":"ModelAdvance", "ph":"E", "ts":"2390727667", "pid":"1", "tid":"cice"},
{"name":"ModelAdvance", "ph":"B", "ts":"2390862436", "pid":"1", "tid":"cice"},
{"name":"ModelAdvance", "ph":"E", "ts":"2391337328", "pid":"1", "tid":"cice"},
{"name":"ModelAdvance", "ph":"B", "ts":"2391468411", "pid":"1", "tid":"cice"},
{"name":"ModelAdvance", "ph":"E", "ts":"2391939363", "pid":"1", "tid":"cice"},
{"name":"ModelAdvance", "ph":"B", "ts":"2392102139", "pid":"1", "tid":"cice"},
{"name":"ModelAdvance", "ph":"E", "ts":"2392583058", "pid":"1", "tid":"cice"},
{"name":"ModelAdvance", "ph":"B", "ts":"2392703828", "pid":"1", "tid":"cice"},
{"name":"ModelAdvance", "ph":"E", "ts":"2393176423", "pid":"1", "tid":"cice"},
{"name":"ModelAdvance", "ph":"B", "ts":"2393326316", "pid":"1", "tid":"cice"},
{"name":"ModelAdvance", "ph":"E", "ts":"2393798915", "pid":"1", "tid":"cice"},
{"name":"ModelAdvance", "ph":"B", "ts":"2393927429", "pid":"1", "tid":"cice"},
{"name":"ModelAdvance", "ph":"E", "ts":"2394395078", "pid":"1", "tid":"cice"},
{"name":"ModelAdvance", "ph":"B", "ts":"2394575503", "pid":"1", "tid":"cice"},
{"name":"ModelAdvance", "ph":"E", "ts":"2395054591", "pid":"1", "tid":"cice"},
{"name":"ModelAdvance", "ph":"B", "ts":"2395240697", "pid":"1", "tid":"cice"},
{"name":"ModelAdvance", "ph":"E", "ts":"2395707998", "pid":"1", "tid":"cice"},
{"name":"ModelAdvance", "ph":"B", "ts":"2395858517", "pid":"1", "tid":"cice"},
{"name":"ModelAdvance", "ph":"E", "ts":"2396340977", "pid":"1", "tid":"cice"},
{"name":"ModelAdvance", "ph":"B", "ts":"2396473157", "pid":"1", "tid":"cice"},
{"name":"ModelAdvance", "ph":"E", "ts":"2396942832", "pid":"1", "tid":"cice"},
{"name":"ModelAdvance", "ph":"B", "ts":"2397129273", "pid":"1", "tid":"cice"},
{"name":"ModelAdvance", "ph":"E", "ts":"2397593969", "pid":"1", "tid":"cice"},
{"name":"ModelAdvance", "ph":"B", "ts":"2397824896", "pid":"1", "tid":"cice"},
{"name":"ModelAdvance", "ph":"E", "ts":"2398292348", "pid":"1", "tid":"cice"},
{"name":"ModelAdvance", "ph":"B", "ts":"2398459994", "pid":"1", "tid":"cice"},
{"name":"ModelAdvance", "ph":"E", "ts":"2398935765", "pid":"1", "tid":"cice"},
{"name":"ModelAdvance", "ph":"B", "ts":"2407356604", "pid":"1", "tid":"cice"},
{"name":"ModelAdvance", "ph":"E", "ts":"2407839898", "pid":"1", "tid":"cice"},
{"name":"ModelAdvance", "ph":"B", "ts":"2407959440", "pid":"1", "tid":"cice"},
{"name":"ModelAdvance", "ph":"E", "ts":"2408438419", "pid":"1", "tid":"cice"},
{"name":"ModelAdvance", "ph":"B", "ts":"2408562760", "pid":"1", "tid":"cice"},
{"name":"ModelAdvance", "ph":"E", "ts":"2409030653", "pid":"1", "tid":"cice"},
{"name":"ModelAdvance", "ph":"B", "ts":"2409165049", "pid":"1", "tid":"cice"},
{"name":"ModelAdvance", "ph":"E", "ts":"2409638048", "pid":"1", "tid":"cice"},
{"name":"ModelAdvance", "ph":"B", "ts":"2409779160", "pid":"1", "tid":"cice"},
{"name":"ModelAdvance", "ph":"E", "ts":"2410251701", "pid":"1", "tid":"cice"},
{"name":"ModelAdvance", "ph":"B", "ts":"2410392058", "pid":"1", "tid":"cice"},
{"name":"ModelAdvance", "ph":"E", "ts":"2410871933", "pid":"1", "tid":"cice"},
{"name":"ModelAdvance", "ph":"B", "ts":"2411010511", "pid":"1", "tid":"cice"},
{"name":"ModelAdvance", "ph":"E", "ts":"2411483183", "pid":"1", "tid":"cice"},
{"name":"ModelAdvance", "ph":"B", "ts":"2411624150", "pid":"1", "tid":"cice"},
{"name":"ModelAdvance", "ph":"E", "ts":"2412104261", "pid":"1", "tid":"cice"},
{"name":"ModelAdvance", "ph":"B", "ts":"2412233004", "pid":"1", "tid":"cice"},
{"name":"ModelAdvance", "ph":"E", "ts":"2412712542", "pid":"1", "tid":"cice"},
{"name":"ModelAdvance", "ph":"B", "ts":"2412852945", "pid":"1", "tid":"cice"},
{"name":"ModelAdvance", "ph":"E", "ts":"2413323924", "pid":"1", "tid":"cice"},
{"name":"ModelAdvance", "ph":"B", "ts":"2413499010", "pid":"1", "tid":"cice"},
{"name":"ModelAdvance", "ph":"E", "ts":"2413970741", "pid":"1", "tid":"cice"},
{"name":"ModelAdvance", "ph":"B", "ts":"2414152882", "pid":"1", "tid":"cice"},
{"name":"ModelAdvance", "ph":"E", "ts":"2414636000", "pid":"1", "tid":"cice"},
{"name":"ModelAdvance", "ph":"B", "ts":"2414764414", "pid":"1", "tid":"cice"},
{"name":"ModelAdvance", "ph":"E", "ts":"2415240645", "pid":"1", "tid":"cice"},
{"name":"ModelAdvance", "ph":"B", "ts":"2415387164", "pid":"1", "tid":"cice"},
{"name":"ModelAdvance", "ph":"E", "ts":"2415849061", "pid":"1", "tid":"cice"},
{"name":"ModelAdvance", "ph":"B", "ts":"2416001759", "pid":"1", "tid":"cice"},
{"name":"ModelAdvance", "ph":"E", "ts":"2416480537", "pid":"1", "tid":"cice"},
{"name":"ModelAdvance", "ph":"B", "ts":"2416616076", "pid":"1", "tid":"cice"},
{"name":"ModelAdvance", "ph":"E", "ts":"2417093990", "pid":"1", "tid":"cice"},
{"name":"ModelAdvance", "ph":"B", "ts":"2417224013", "pid":"1", "tid":"cice"},
{"name":"ModelAdvance", "ph":"E", "ts":"2417702381", "pid":"1", "tid":"cice"},
{"name":"ModelAdvance", "ph":"B", "ts":"2417843922", "pid":"1", "tid":"cice"},
{"name":"ModelAdvance", "ph":"E", "ts":"2418323302", "pid":"1", "tid":"cice"},
{"name":"ModelAdvance", "ph":"B", "ts":"2418454567", "pid":"1", "tid":"cice"},
{"name":"ModelAdvance", "ph":"E", "ts":"2418928596", "pid":"1", "tid":"cice"},
{"name":"ModelAdvance", "ph":"B", "ts":"2419071195", "pid":"1", "tid":"cice"},
{"name":"ModelAdvance", "ph":"E", "ts":"2419543244", "pid":"1", "tid":"cice"},
{"name":"ModelAdvance", "ph":"B", "ts":"2419687769", "pid":"1", "tid":"cice"},
{"name":"ModelAdvance", "ph":"E", "ts":"2420156133", "pid":"1", "tid":"cice"},
{"name":"ModelAdvance", "ph":"B", "ts":"2420354534", "pid":"1", "tid":"cice"},
{"name":"ModelAdvance", "ph":"E", "ts":"2420831972", "pid":"1", "tid":"cice"},
{"name":"ModelAdvance", "ph":"B", "ts":"2421014718", "pid":"1", "tid":"cice"},
{"name":"ModelAdvance", "ph":"E", "ts":"2421480772", "pid":"1", "tid":"cice"},
{"name":"ModelAdvance", "ph":"B", "ts":"2421676995", "pid":"1", "tid":"cice"},
{"name":"ModelAdvance", "ph":"E", "ts":"2422161751", "pid":"1", "tid":"cice"},
{"name":"ModelAdvance", "ph":"B", "ts":"2422900422", "pid":"1", "tid":"cice"},
{"name":"ModelAdvance", "ph":"E", "ts":"2423377895", "pid":"1", "tid":"cice"},
{"name":"ModelAdvance", "ph":"B", "ts":"2423508565", "pid":"1", "tid":"cice"},
{"name":"ModelAdvance", "ph":"E", "ts":"2423976000", "pid":"1", "tid":"cice"},
{"name":"ModelAdvance", "ph":"B", "ts":"2424114781", "pid":"1", "tid":"cice"},
{"name":"ModelAdvance", "ph":"E", "ts":"2424584653", "pid":"1", "tid":"cice"},
{"name":"ModelAdvance", "ph":"B", "ts":"2424728210", "pid":"1", "tid":"cice"},
{"name":"ModelAdvance", "ph":"E", "ts":"2425206411", "pid":"1", "tid":"cice"},
{"name":"ModelAdvance", "ph":"B", "ts":"2425326822", "pid":"1", "tid":"cice"},
{"name":"ModelAdvance", "ph":"E", "ts":"2425809292", "pid":"1", "tid":"cice"},
{"name":"ModelAdvance", "ph":"B", "ts":"2425939267", "pid":"1", "tid":"cice"},
{"name":"ModelAdvance", "ph":"E", "ts":"2426409887", "pid":"1", "tid":"cice"},
{"name":"ModelAdvance", "ph":"B", "ts":"2426542523", "pid":"1", "tid":"cice"},
{"name":"ModelAdvance", "ph":"E", "ts":"2427019472", "pid":"1", "tid":"cice"},
{"name":"ModelAdvance", "ph":"B", "ts":"2427166716", "pid":"1", "tid":"cice"},
{"name":"ModelAdvance", "ph":"E", "ts":"2427646787", "pid":"1", "tid":"cice"},
{"name":"ModelAdvance", "ph":"B", "ts":"2427778241", "pid":"1", "tid":"cice"},
{"name":"ModelAdvance", "ph":"E", "ts":"2428249478", "pid":"1", "tid":"cice"},
{"name":"ModelAdvance", "ph":"B", "ts":"2428389561", "pid":"1", "tid":"cice"},
{"name":"ModelAdvance", "ph":"E", "ts":"2428866226", "pid":"1", "tid":"cice"},
{"name":"ModelAdvance", "ph":"B", "ts":"2429019048", "pid":"1", "tid":"cice"},
{"name":"ModelAdvance", "ph":"E", "ts":"2429485300", "pid":"1", "tid":"cice"},
{"name":"ModelAdvance", "ph":"B", "ts":"2429649095", "pid":"1", "tid":"cice"},
{"name":"ModelAdvance", "ph":"E", "ts":"2430126359", "pid":"1", "tid":"cice"},
{"name":"ModelAdvance", "ph":"B", "ts":"2430255469", "pid":"1", "tid":"cice"},
{"name":"ModelAdvance", "ph":"E", "ts":"2430734322", "pid":"1", "tid":"cice"},
{"name":"ModelAdvance", "ph":"B", "ts":"2430915367", "pid":"1", "tid":"cice"},
{"name":"ModelAdvance", "ph":"E", "ts":"2431389487", "pid":"1", "tid":"cice"},
{"name":"ModelAdvance", "ph":"B", "ts":"2431515635", "pid":"1", "tid":"cice"},
{"name":"ModelAdvance", "ph":"E", "ts":"2431982981", "pid":"1", "tid":"cice"},
{"name":"ModelAdvance", "ph":"B", "ts":"2432112411", "pid":"1", "tid":"cice"},
{"name":"ModelAdvance", "ph":"E", "ts":"2432587022", "pid":"1", "tid":"cice"},
{"name":"ModelAdvance", "ph":"B", "ts":"2432713609", "pid":"1", "tid":"cice"},
{"name":"ModelAdvance", "ph":"E", "ts":"2433178165", "pid":"1", "tid":"cice"},
{"name":"ModelAdvance", "ph":"B", "ts":"2433320491", "pid":"1", "tid":"cice"},
{"name":"ModelAdvance", "ph":"E", "ts":"2433799130", "pid":"1", "tid":"cice"},
{"name":"ModelAdvance", "ph":"B", "ts":"2433932427", "pid":"1", "tid":"cice"},
{"name":"ModelAdvance", "ph":"E", "ts":"2434402026", "pid":"1", "tid":"cice"},
{"name":"ModelAdvance", "ph":"B", "ts":"2434538582", "pid":"1", "tid":"cice"},
{"name":"ModelAdvance", "ph":"E", "ts":"2435010064", "pid":"1", "tid":"cice"},
{"name":"ModelAdvance", "ph":"B", "ts":"2435210620", "pid":"1", "tid":"cice"},
{"name":"ModelAdvance", "ph":"E", "ts":"2435687109", "pid":"1", "tid":"cice"},
{"name":"ModelAdvance", "ph":"B", "ts":"2435888537", "pid":"1", "tid":"cice"},
{"name":"ModelAdvance", "ph":"E", "ts":"2436357263", "pid":"1", "tid":"cice"},
{"name":"ModelAdvance", "ph":"B", "ts":"2436505964", "pid":"1", "tid":"cice"},
{"name":"ModelAdvance", "ph":"E", "ts":"2436973099", "pid":"1", "tid":"cice"},
{"name":"ModelAdvance", "ph":"B", "ts":"2437138651", "pid":"1", "tid":"cice"},
{"name":"ModelAdvance", "ph":"E", "ts":"2437613601", "pid":"1", "tid":"cice"},
{"name":"ModelAdvance", "ph":"B", "ts":"2438442710", "pid":"1", "tid":"cice"},
{"name":"ModelAdvance", "ph":"E", "ts":"2438925590", "pid":"1", "tid":"cice"},
{"name":"ModelAdvance", "ph":"B", "ts":"2439073894", "pid":"1", "tid":"cice"},
{"name":"ModelAdvance", "ph":"E", "ts":"2439540830", "pid":"1", "tid":"cice"},
{"name":"ModelAdvance", "ph":"B", "ts":"2439682506", "pid":"1", "tid":"cice"},
{"name":"ModelAdvance", "ph":"E", "ts":"2440155234", "pid":"1", "tid":"cice"},
{"name":"ModelAdvance", "ph":"B", "ts":"2440295416", "pid":"1", "tid":"cice"},
{"name":"ModelAdvance", "ph":"E", "ts":"2440765403", "pid":"1", "tid":"cice"},
{"name":"ModelAdvance", "ph":"B", "ts":"2440908006", "pid":"1", "tid":"cice"},
{"name":"ModelAdvance", "ph":"E", "ts":"2441373848", "pid":"1", "tid":"cice"},
{"name":"ModelAdvance", "ph":"B", "ts":"2441533424", "pid":"1", "tid":"cice"},
{"name":"ModelAdvance", "ph":"E", "ts":"2442010719", "pid":"1", "tid":"cice"},
{"name":"ModelAdvance", "ph":"B", "ts":"2442154110", "pid":"1", "tid":"cice"},
{"name":"ModelAdvance", "ph":"E", "ts":"2442629154", "pid":"1", "tid":"cice"},
{"name":"ModelAdvance", "ph":"B", "ts":"2442779258", "pid":"1", "tid":"cice"},
{"name":"ModelAdvance", "ph":"E", "ts":"2443245585", "pid":"1", "tid":"cice"},
{"name":"ModelAdvance", "ph":"B", "ts":"2443439346", "pid":"1", "tid":"cice"},
{"name":"ModelAdvance", "ph":"E", "ts":"2443909202", "pid":"1", "tid":"cice"},
{"name":"ModelAdvance", "ph":"B", "ts":"2444069185", "pid":"1", "tid":"cice"},
{"name":"ModelAdvance", "ph":"E", "ts":"2444534266", "pid":"1", "tid":"cice"},
{"name":"ModelAdvance", "ph":"B", "ts":"2444696603", "pid":"1", "tid":"cice"},
{"name":"ModelAdvance", "ph":"E", "ts":"2445159928", "pid":"1", "tid":"cice"},
{"name":"ModelAdvance", "ph":"B", "ts":"2445332995", "pid":"1", "tid":"cice"},
{"name":"ModelAdvance", "ph":"E", "ts":"2445805859", "pid":"1", "tid":"cice"},
{"name":"ModelAdvance", "ph":"B", "ts":"2445976941", "pid":"1", "tid":"cice"},
{"name":"ModelAdvance", "ph":"E", "ts":"2446454951", "pid":"1", "tid":"cice"},
{"name":"ModelAdvance", "ph":"B", "ts":"2446625974", "pid":"1", "tid":"cice"},
{"name":"ModelAdvance", "ph":"E", "ts":"2447101929", "pid":"1", "tid":"cice"},
{"name":"ModelAdvance", "ph":"B", "ts":"2447299308", "pid":"1", "tid":"cice"},
{"name":"ModelAdvance", "ph":"E", "ts":"2447815982", "pid":"1", "tid":"cice"},
{"name":"ModelAdvance", "ph":"B", "ts":"2447944689", "pid":"1", "tid":"cice"},
{"name":"ModelAdvance", "ph":"E", "ts":"2448423233", "pid":"1", "tid":"cice"},
{"name":"ModelAdvance", "ph":"B", "ts":"2448573358", "pid":"1", "tid":"cice"},
{"name":"ModelAdvance", "ph":"E", "ts":"2449041311", "pid":"1", "tid":"cice"},
{"name":"ModelAdvance", "ph":"B", "ts":"2449195678", "pid":"1", "tid":"cice"},
{"name":"ModelAdvance", "ph":"E", "ts":"2449660381", "pid":"1", "tid":"cice"},
{"name":"ModelAdvance", "ph":"B", "ts":"2449818109", "pid":"1", "tid":"cice"},
{"name":"ModelAdvance", "ph":"E", "ts":"2450283430", "pid":"1", "tid":"cice"},
{"name":"ModelAdvance", "ph":"B", "ts":"2450437830", "pid":"1", "tid":"cice"},
{"name":"ModelAdvance", "ph":"E", "ts":"2450907424", "pid":"1", "tid":"cice"},
{"name":"ModelAdvance", "ph":"B", "ts":"2451078973", "pid":"1", "tid":"cice"},
{"name":"ModelAdvance", "ph":"E", "ts":"2451546476", "pid":"1", "tid":"cice"},
{"name":"ModelAdvance", "ph":"B", "ts":"2451699803", "pid":"1", "tid":"cice"},
{"name":"ModelAdvance", "ph":"E", "ts":"2452163538", "pid":"1", "tid":"cice"},
{"name":"ModelAdvance", "ph":"B", "ts":"2452334902", "pid":"1", "tid":"cice"},
{"name":"ModelAdvance", "ph":"E", "ts":"2452797315", "pid":"1", "tid":"cice"},
{"name":"ModelAdvance", "ph":"B", "ts":"2452967569", "pid":"1", "tid":"cice"},
{"name":"ModelAdvance", "ph":"E", "ts":"2453440829", "pid":"1", "tid":"cice"},
{"name":"ModelAdvance", "ph":"B", "ts":"2454294440", "pid":"1", "tid":"cice"},
{"name":"ModelAdvance", "ph":"E", "ts":"2454758161", "pid":"1", "tid":"cice"},
{"name":"ModelAdvance", "ph":"B", "ts":"2454909175", "pid":"1", "tid":"cice"},
{"name":"ModelAdvance", "ph":"E", "ts":"2455379039", "pid":"1", "tid":"cice"},
{"name":"ModelAdvance", "ph":"B", "ts":"2455615841", "pid":"1", "tid":"cice"},
{"name":"ModelAdvance", "ph":"E", "ts":"2456084536", "pid":"1", "tid":"cice"},
{"name":"ModelAdvance", "ph":"B", "ts":"2456250228", "pid":"1", "tid":"cice"},
{"name":"ModelAdvance", "ph":"E", "ts":"2456721969", "pid":"1", "tid":"cice"},
{"name":"ModelAdvance", "ph":"B", "ts":"2456855052", "pid":"1", "tid":"cice"},
{"name":"ModelAdvance", "ph":"E", "ts":"2457325417", "pid":"1", "tid":"cice"},
{"name":"ModelAdvance", "ph":"B", "ts":"2457452285", "pid":"1", "tid":"cice"},
{"name":"ModelAdvance", "ph":"E", "ts":"2457917729", "pid":"1", "tid":"cice"},
{"name":"ModelAdvance", "ph":"B", "ts":"2458052435", "pid":"1", "tid":"cice"},
{"name":"ModelAdvance", "ph":"E", "ts":"2458520443", "pid":"1", "tid":"cice"},
{"name":"ModelAdvance", "ph":"B", "ts":"2458652662", "pid":"1", "tid":"cice"},
{"name":"ModelAdvance", "ph":"E", "ts":"2459127554", "pid":"1", "tid":"cice"},
{"name":"ModelAdvance", "ph":"B", "ts":"2459263356", "pid":"1", "tid":"cice"},
{"name":"ModelAdvance", "ph":"E", "ts":"2459726549", "pid":"1", "tid":"cice"},
{"name":"ModelAdvance", "ph":"B", "ts":"2459873848", "pid":"1", "tid":"cice"},
{"name":"ModelAdvance", "ph":"E", "ts":"2460346815", "pid":"1", "tid":"cice"},
{"name":"ModelAdvance", "ph":"B", "ts":"2460490278", "pid":"1", "tid":"cice"},
{"name":"ModelAdvance", "ph":"E", "ts":"2460958991", "pid":"1", "tid":"cice"},
{"name":"ModelAdvance", "ph":"B", "ts":"2461172467", "pid":"1", "tid":"cice"},
{"name":"ModelAdvance", "ph":"E", "ts":"2461640954", "pid":"1", "tid":"cice"},
{"name":"ModelAdvance", "ph":"B", "ts":"2461832484", "pid":"1", "tid":"cice"},
{"name":"ModelAdvance", "ph":"E", "ts":"2462299241", "pid":"1", "tid":"cice"},
{"name":"ModelAdvance", "ph":"B", "ts":"2462440592", "pid":"1", "tid":"cice"},
{"name":"ModelAdvance", "ph":"E", "ts":"2462909442", "pid":"1", "tid":"cice"},
{"name":"ModelAdvance", "ph":"B", "ts":"2463085458", "pid":"1", "tid":"cice"},
{"name":"ModelAdvance", "ph":"E", "ts":"2463545400", "pid":"1", "tid":"cice"},
{"name":"ModelAdvance", "ph":"B", "ts":"2463747595", "pid":"1", "tid":"cice"},
{"name":"ModelAdvance", "ph":"E", "ts":"2464220997", "pid":"1", "tid":"cice"},
{"name":"ModelAdvance", "ph":"B", "ts":"2464367447", "pid":"1", "tid":"cice"},
{"name":"ModelAdvance", "ph":"E", "ts":"2464844666", "pid":"1", "tid":"cice"},
{"name":"ModelAdvance", "ph":"B", "ts":"2464975674", "pid":"1", "tid":"cice"},
{"name":"ModelAdvance", "ph":"E", "ts":"2465441121", "pid":"1", "tid":"cice"},
{"name":"ModelAdvance", "ph":"B", "ts":"2465572662", "pid":"1", "tid":"cice"},
{"name":"ModelAdvance", "ph":"E", "ts":"2466039124", "pid":"1", "tid":"cice"},
{"name":"ModelAdvance", "ph":"B", "ts":"2466182059", "pid":"1", "tid":"cice"},
{"name":"ModelAdvance", "ph":"E", "ts":"2466654524", "pid":"1", "tid":"cice"},
{"name":"ModelAdvance", "ph":"B", "ts":"2466776629", "pid":"1", "tid":"cice"},
{"name":"ModelAdvance", "ph":"E", "ts":"2467245250", "pid":"1", "tid":"cice"},
{"name":"ModelAdvance", "ph":"B", "ts":"2467373879", "pid":"1", "tid":"cice"},
{"name":"ModelAdvance", "ph":"E", "ts":"2467842909", "pid":"1", "tid":"cice"},
{"name":"ModelAdvance", "ph":"B", "ts":"2467984165", "pid":"1", "tid":"cice"},
{"name":"ModelAdvance", "ph":"E", "ts":"2468556676", "pid":"1", "tid":"cice"},
{"name":"ModelAdvance", "ph":"B", "ts":"2468600953", "pid":"1", "tid":"cice"},
{"name":"ModelAdvance", "ph":"E", "ts":"2469066710", "pid":"1", "tid":"cice"},
{"name":"ModelAdvance", "ph":"B", "ts":"2469888439", "pid":"1", "tid":"cice"},
{"name":"ModelAdvance", "ph":"E", "ts":"2470352481", "pid":"1", "tid":"cice"},
{"name":"ModelAdvance", "ph":"B", "ts":"2470483354", "pid":"1", "tid":"cice"},
{"name":"ModelAdvance", "ph":"E", "ts":"2470948030", "pid":"1", "tid":"cice"},
{"name":"ModelAdvance", "ph":"B", "ts":"2471090336", "pid":"1", "tid":"cice"},
{"name":"ModelAdvance", "ph":"E", "ts":"2471560977", "pid":"1", "tid":"cice"},
{"name":"ModelAdvance", "ph":"B", "ts":"2471683764", "pid":"1", "tid":"cice"},
{"name":"ModelAdvance", "ph":"E", "ts":"2472155801", "pid":"1", "tid":"cice"},
{"name":"ModelAdvance", "ph":"B", "ts":"2472279001", "pid":"1", "tid":"cice"},
{"name":"ModelAdvance", "ph":"E", "ts":"2472758188", "pid":"1", "tid":"cice"},
{"name":"ModelAdvance", "ph":"B", "ts":"2472881761", "pid":"1", "tid":"cice"},
{"name":"ModelAdvance", "ph":"E", "ts":"2473358853", "pid":"1", "tid":"cice"},
{"name":"ModelAdvance", "ph":"B", "ts":"2473477911", "pid":"1", "tid":"cice"},
{"name":"ModelAdvance", "ph":"E", "ts":"2473959860", "pid":"1", "tid":"cice"},
{"name":"ModelAdvance", "ph":"B", "ts":"2474071556", "pid":"1", "tid":"cice"},
{"name":"ModelAdvance", "ph":"E", "ts":"2474548074", "pid":"1", "tid":"cice"},
{"name":"ModelAdvance", "ph":"B", "ts":"2474663731", "pid":"1", "tid":"cice"},
{"name":"ModelAdvance", "ph":"E", "ts":"2475137254", "pid":"1", "tid":"cice"},
{"name":"ModelAdvance", "ph":"B", "ts":"2475260712", "pid":"1", "tid":"cice"},
{"name":"ModelAdvance", "ph":"E", "ts":"2475735838", "pid":"1", "tid":"cice"},
{"name":"ModelAdvance", "ph":"B", "ts":"2475855945", "pid":"1", "tid":"cice"},
{"name":"ModelAdvance", "ph":"E", "ts":"2476324267", "pid":"1", "tid":"cice"},
{"name":"ModelAdvance", "ph":"B", "ts":"2476457609", "pid":"1", "tid":"cice"},
{"name":"ModelAdvance", "ph":"E", "ts":"2476936775", "pid":"1", "tid":"cice"},
{"name":"ModelAdvance", "ph":"B", "ts":"2477059133", "pid":"1", "tid":"cice"},
{"name":"ModelAdvance", "ph":"E", "ts":"2477528487", "pid":"1", "tid":"cice"},
{"name":"ModelAdvance", "ph":"B", "ts":"2477653134", "pid":"1", "tid":"cice"},
{"name":"ModelAdvance", "ph":"E", "ts":"2478121653", "pid":"1", "tid":"cice"},
{"name":"ModelAdvance", "ph":"B", "ts":"2478247403", "pid":"1", "tid":"cice"},
{"name":"ModelAdvance", "ph":"E", "ts":"2478715084", "pid":"1", "tid":"cice"},
{"name":"ModelAdvance", "ph":"B", "ts":"2478833895", "pid":"1", "tid":"cice"},
{"name":"ModelAdvance", "ph":"E", "ts":"2479304667", "pid":"1", "tid":"cice"},
{"name":"ModelAdvance", "ph":"B", "ts":"2479428620", "pid":"1", "tid":"cice"},
{"name":"ModelAdvance", "ph":"E", "ts":"2479903677", "pid":"1", "tid":"cice"},
{"name":"ModelAdvance", "ph":"B", "ts":"2480019245", "pid":"1", "tid":"cice"},
{"name":"ModelAdvance", "ph":"E", "ts":"2480492226", "pid":"1", "tid":"cice"},
{"name":"ModelAdvance", "ph":"B", "ts":"2480610568", "pid":"1", "tid":"cice"},
{"name":"ModelAdvance", "ph":"E", "ts":"2481080164", "pid":"1", "tid":"cice"},
{"name":"ModelAdvance", "ph":"B", "ts":"2481207713", "pid":"1", "tid":"cice"},
{"name":"ModelAdvance", "ph":"E", "ts":"2481683236", "pid":"1", "tid":"cice"},
{"name":"ModelAdvance", "ph":"B", "ts":"2481799530", "pid":"1", "tid":"cice"},
{"name":"ModelAdvance", "ph":"E", "ts":"2482273746", "pid":"1", "tid":"cice"},
{"name":"ModelAdvance", "ph":"B", "ts":"2482394011", "pid":"1", "tid":"cice"},
{"name":"ModelAdvance", "ph":"E", "ts":"2482867790", "pid":"1", "tid":"cice"},
{"name":"ModelAdvance", "ph":"B", "ts":"2482989837", "pid":"1", "tid":"cice"},
{"name":"ModelAdvance", "ph":"E", "ts":"2483462327", "pid":"1", "tid":"cice"},
{"name":"ModelAdvance", "ph":"B", "ts":"2483590016", "pid":"1", "tid":"cice"},
{"name":"ModelAdvance", "ph":"E", "ts":"2484064193", "pid":"1", "tid":"cice"},
{"name":"ModelAdvance", "ph":"B", "ts":"2484794749", "pid":"1", "tid":"cice"},
{"name":"ModelAdvance", "ph":"E", "ts":"2485263991", "pid":"1", "tid":"cice"},
{"name":"ModelAdvance", "ph":"B", "ts":"2485388208", "pid":"1", "tid":"cice"},
{"name":"ModelAdvance", "ph":"E", "ts":"2485867670", "pid":"1", "tid":"cice"},
{"name":"ModelAdvance", "ph":"B", "ts":"2485983930", "pid":"1", "tid":"cice"},
{"name":"ModelAdvance", "ph":"E", "ts":"2486447979", "pid":"1", "tid":"cice"},
{"name":"ModelAdvance", "ph":"B", "ts":"2486575000", "pid":"1", "tid":"cice"},
{"name":"ModelAdvance", "ph":"E", "ts":"2487062225", "pid":"1", "tid":"cice"},
{"name":"ModelAdvance", "ph":"B", "ts":"2487171757", "pid":"1", "tid":"cice"},
{"name":"ModelAdvance", "ph":"E", "ts":"2487654173", "pid":"1", "tid":"cice"},
{"name":"ModelAdvance", "ph":"B", "ts":"2487766524", "pid":"1", "tid":"cice"},
{"name":"ModelAdvance", "ph":"E", "ts":"2488236995", "pid":"1", "tid":"cice"},
{"name":"ModelAdvance", "ph":"B", "ts":"2488360990", "pid":"1", "tid":"cice"},
{"name":"ModelAdvance", "ph":"E", "ts":"2488835097", "pid":"1", "tid":"cice"},
{"name":"ModelAdvance", "ph":"B", "ts":"2488954534", "pid":"1", "tid":"cice"},
{"name":"ModelAdvance", "ph":"E", "ts":"2489436808", "pid":"1", "tid":"cice"},
{"name":"ModelAdvance", "ph":"B", "ts":"2489548151", "pid":"1", "tid":"cice"},
{"name":"ModelAdvance", "ph":"E", "ts":"2490028689", "pid":"1", "tid":"cice"},
{"name":"ModelAdvance", "ph":"B", "ts":"2490138282", "pid":"1", "tid":"cice"},
{"name":"ModelAdvance", "ph":"E", "ts":"2490613417", "pid":"1", "tid":"cice"},
{"name":"ModelAdvance", "ph":"B", "ts":"2490736789", "pid":"1", "tid":"cice"},
{"name":"ModelAdvance", "ph":"E", "ts":"2491208499", "pid":"1", "tid":"cice"},
{"name":"ModelAdvance", "ph":"B", "ts":"2491339599", "pid":"1", "tid":"cice"},
{"name":"ModelAdvance", "ph":"E", "ts":"2491813369", "pid":"1", "tid":"cice"},
{"name":"ModelAdvance", "ph":"B", "ts":"2491935802", "pid":"1", "tid":"cice"},
{"name":"ModelAdvance", "ph":"E", "ts":"2492406438", "pid":"1", "tid":"cice"},
{"name":"ModelAdvance", "ph":"B", "ts":"2492525817", "pid":"1", "tid":"cice"},
{"name":"ModelAdvance", "ph":"E", "ts":"2493000251", "pid":"1", "tid":"cice"},
{"name":"ModelAdvance", "ph":"B", "ts":"2493120010", "pid":"1", "tid":"cice"},
{"name":"ModelAdvance", "ph":"E", "ts":"2493592709", "pid":"1", "tid":"cice"},
{"name":"ModelAdvance", "ph":"B", "ts":"2493709840", "pid":"1", "tid":"cice"},
{"name":"ModelAdvance", "ph":"E", "ts":"2494194268", "pid":"1", "tid":"cice"},
{"name":"ModelAdvance", "ph":"B", "ts":"2494308378", "pid":"1", "tid":"cice"},
{"name":"ModelAdvance", "ph":"E", "ts":"2494788271", "pid":"1", "tid":"cice"},
{"name":"ModelAdvance", "ph":"B", "ts":"2494898862", "pid":"1", "tid":"cice"},
{"name":"ModelAdvance", "ph":"E", "ts":"2495379139", "pid":"1", "tid":"cice"},
{"name":"ModelAdvance", "ph":"B", "ts":"2495492976", "pid":"1", "tid":"cice"},
{"name":"ModelAdvance", "ph":"E", "ts":"2495966550", "pid":"1", "tid":"cice"},
{"name":"ModelAdvance", "ph":"B", "ts":"2496090320", "pid":"1", "tid":"cice"},
{"name":"ModelAdvance", "ph":"E", "ts":"2496559489", "pid":"1", "tid":"cice"},
{"name":"ModelAdvance", "ph":"B", "ts":"2496678288", "pid":"1", "tid":"cice"},
{"name":"ModelAdvance", "ph":"E", "ts":"2497157356", "pid":"1", "tid":"cice"},
{"name":"ModelAdvance", "ph":"B", "ts":"2497273600", "pid":"1", "tid":"cice"},
{"name":"ModelAdvance", "ph":"E", "ts":"2497752684", "pid":"1", "tid":"cice"},
{"name":"ModelAdvance", "ph":"B", "ts":"2497867120", "pid":"1", "tid":"cice"},
{"name":"ModelAdvance", "ph":"E", "ts":"2498339008", "pid":"1", "tid":"cice"},
{"name":"ModelAdvance", "ph":"B", "ts":"2498471042", "pid":"1", "tid":"cice"},
{"name":"ModelAdvance", "ph":"E", "ts":"2498948405", "pid":"1", "tid":"cice"},
{"name":"ModelAdvance", "ph":"B", "ts":"2499735822", "pid":"1", "tid":"cice"},
{"name":"ModelAdvance", "ph":"E", "ts":"2500211378", "pid":"1", "tid":"cice"},
{"name":"ModelAdvance", "ph":"B", "ts":"2500327089", "pid":"1", "tid":"cice"},
{"name":"ModelAdvance", "ph":"E", "ts":"2500809657", "pid":"1", "tid":"cice"},
{"name":"ModelAdvance", "ph":"B", "ts":"2500919448", "pid":"1", "tid":"cice"},
{"name":"ModelAdvance", "ph":"E", "ts":"2501391432", "pid":"1", "tid":"cice"},
{"name":"ModelAdvance", "ph":"B", "ts":"2501873912", "pid":"1", "tid":"cice"},
{"name":"ModelAdvance", "ph":"E", "ts":"2502348680", "pid":"1", "tid":"cice"},
{"name":"ModelAdvance", "ph":"B", "ts":"2502464059", "pid":"1", "tid":"cice"},
{"name":"ModelAdvance", "ph":"E", "ts":"2502939963", "pid":"1", "tid":"cice"},
{"name":"ModelAdvance", "ph":"B", "ts":"2503057546", "pid":"1", "tid":"cice"},
{"name":"ModelAdvance", "ph":"E", "ts":"2503537182", "pid":"1", "tid":"cice"},
{"name":"ModelAdvance", "ph":"B", "ts":"2503651110", "pid":"1", "tid":"cice"},
{"name":"ModelAdvance", "ph":"E", "ts":"2504128063", "pid":"1", "tid":"cice"},
{"name":"ModelAdvance", "ph":"B", "ts":"2504239618", "pid":"1", "tid":"cice"},
{"name":"ModelAdvance", "ph":"E", "ts":"2504721288", "pid":"1", "tid":"cice"},
{"name":"ModelAdvance", "ph":"B", "ts":"2504832971", "pid":"1", "tid":"cice"},
{"name":"ModelAdvance", "ph":"E", "ts":"2505303115", "pid":"1", "tid":"cice"},
{"name":"ModelAdvance", "ph":"B", "ts":"2505423418", "pid":"1", "tid":"cice"},
{"name":"ModelAdvance", "ph":"E", "ts":"2505890433", "pid":"1", "tid":"cice"},
{"name":"ModelAdvance", "ph":"B", "ts":"2506017608", "pid":"1", "tid":"cice"},
{"name":"ModelAdvance", "ph":"E", "ts":"2506484766", "pid":"1", "tid":"cice"},
{"name":"ModelAdvance", "ph":"B", "ts":"2506616932", "pid":"1", "tid":"cice"},
{"name":"ModelAdvance", "ph":"E", "ts":"2507094559", "pid":"1", "tid":"cice"},
{"name":"ModelAdvance", "ph":"B", "ts":"2507205298", "pid":"1", "tid":"cice"},
{"name":"ModelAdvance", "ph":"E", "ts":"2507677666", "pid":"1", "tid":"cice"},
{"name":"ModelAdvance", "ph":"B", "ts":"2507801562", "pid":"1", "tid":"cice"},
{"name":"ModelAdvance", "ph":"E", "ts":"2508274954", "pid":"1", "tid":"cice"},
{"name":"ModelAdvance", "ph":"B", "ts":"2508388890", "pid":"1", "tid":"cice"},
{"name":"ModelAdvance", "ph":"E", "ts":"2508865194", "pid":"1", "tid":"cice"},
{"name":"ModelAdvance", "ph":"B", "ts":"2508982393", "pid":"1", "tid":"cice"},
{"name":"ModelAdvance", "ph":"E", "ts":"2509449825", "pid":"1", "tid":"cice"},
{"name":"ModelAdvance", "ph":"B", "ts":"2509572482", "pid":"1", "tid":"cice"},
{"name":"ModelAdvance", "ph":"E", "ts":"2510046290", "pid":"1", "tid":"cice"},
{"name":"ModelAdvance", "ph":"B", "ts":"2510159851", "pid":"1", "tid":"cice"},
{"name":"ModelAdvance", "ph":"E", "ts":"2510635850", "pid":"1", "tid":"cice"},
{"name":"ModelAdvance", "ph":"B", "ts":"2510752985", "pid":"1", "tid":"cice"},
{"name":"ModelAdvance", "ph":"E", "ts":"2511227090", "pid":"1", "tid":"cice"},
{"name":"ModelAdvance", "ph":"B", "ts":"2511354423", "pid":"1", "tid":"cice"},
{"name":"ModelAdvance", "ph":"E", "ts":"2511824962", "pid":"1", "tid":"cice"},
{"name":"ModelAdvance", "ph":"B", "ts":"2511950825", "pid":"1", "tid":"cice"},
{"name":"ModelAdvance", "ph":"E", "ts":"2512422115", "pid":"1", "tid":"cice"},
{"name":"ModelAdvance", "ph":"B", "ts":"2512550096", "pid":"1", "tid":"cice"},
{"name":"ModelAdvance", "ph":"E", "ts":"2513021322", "pid":"1", "tid":"cice"},
{"name":"ModelAdvance", "ph":"B", "ts":"2513148561", "pid":"1", "tid":"cice"},
{"name":"ModelAdvance", "ph":"E", "ts":"2513617968", "pid":"1", "tid":"cice"},
{"name":"ModelAdvance", "ph":"B", "ts":"2513770281", "pid":"1", "tid":"cice"},
{"name":"ModelAdvance", "ph":"E", "ts":"2514240758", "pid":"1", "tid":"cice"},
{"name":"ModelAdvance", "ph":"B", "ts":"2515098911", "pid":"1", "tid":"cice"},
{"name":"ModelAdvance", "ph":"E", "ts":"2515567021", "pid":"1", "tid":"cice"},
{"name":"ModelAdvance", "ph":"B", "ts":"2515685431", "pid":"1", "tid":"cice"},
{"name":"ModelAdvance", "ph":"E", "ts":"2516153118", "pid":"1", "tid":"cice"},
{"name":"ModelAdvance", "ph":"B", "ts":"2516270046", "pid":"1", "tid":"cice"},
{"name":"ModelAdvance", "ph":"E", "ts":"2516741665", "pid":"1", "tid":"cice"},
{"name":"ModelAdvance", "ph":"B", "ts":"2516857266", "pid":"1", "tid":"cice"},
{"name":"ModelAdvance", "ph":"E", "ts":"2517333233", "pid":"1", "tid":"cice"},
{"name":"ModelAdvance", "ph":"B", "ts":"2517447567", "pid":"1", "tid":"cice"},
{"name":"ModelAdvance", "ph":"E", "ts":"2517927220", "pid":"1", "tid":"cice"},
{"name":"ModelAdvance", "ph":"B", "ts":"2518037841", "pid":"1", "tid":"cice"},
{"name":"ModelAdvance", "ph":"E", "ts":"2518512490", "pid":"1", "tid":"cice"},
{"name":"ModelAdvance", "ph":"B", "ts":"2518634165", "pid":"1", "tid":"cice"},
{"name":"ModelAdvance", "ph":"E", "ts":"2519105830", "pid":"1", "tid":"cice"},
{"name":"ModelAdvance", "ph":"B", "ts":"2519218677", "pid":"1", "tid":"cice"},
{"name":"ModelAdvance", "ph":"E", "ts":"2519691722", "pid":"1", "tid":"cice"},
{"name":"ModelAdvance", "ph":"B", "ts":"2519807752", "pid":"1", "tid":"cice"},
{"name":"ModelAdvance", "ph":"E", "ts":"2520275153", "pid":"1", "tid":"cice"},
{"name":"ModelAdvance", "ph":"B", "ts":"2520405606", "pid":"1", "tid":"cice"},
{"name":"ModelAdvance", "ph":"E", "ts":"2520877478", "pid":"1", "tid":"cice"},
{"name":"ModelAdvance", "ph":"B", "ts":"2520993308", "pid":"1", "tid":"cice"},
{"name":"ModelAdvance", "ph":"E", "ts":"2521461585", "pid":"1", "tid":"cice"},
{"name":"ModelAdvance", "ph":"B", "ts":"2521585092", "pid":"1", "tid":"cice"},
{"name":"ModelAdvance", "ph":"E", "ts":"2522059932", "pid":"1", "tid":"cice"},
{"name":"ModelAdvance", "ph":"B", "ts":"2522170536", "pid":"1", "tid":"cice"},
{"name":"ModelAdvance", "ph":"E", "ts":"2522649683", "pid":"1", "tid":"cice"},
{"name":"ModelAdvance", "ph":"B", "ts":"2522758918", "pid":"1", "tid":"cice"},
{"name":"ModelAdvance", "ph":"E", "ts":"2523238417", "pid":"1", "tid":"cice"},
{"name":"ModelAdvance", "ph":"B", "ts":"2523345123", "pid":"1", "tid":"cice"},
{"name":"ModelAdvance", "ph":"E", "ts":"2523831348", "pid":"1", "tid":"cice"},
{"name":"ModelAdvance", "ph":"B", "ts":"2523931370", "pid":"1", "tid":"cice"},
{"name":"ModelAdvance", "ph":"E", "ts":"2524394448", "pid":"1", "tid":"cice"},
{"name":"ModelAdvance", "ph":"B", "ts":"2524517441", "pid":"1", "tid":"cice"},
{"name":"ModelAdvance", "ph":"E", "ts":"2524988646", "pid":"1", "tid":"cice"},
{"name":"ModelAdvance", "ph":"B", "ts":"2525101485", "pid":"1", "tid":"cice"},
{"name":"ModelAdvance", "ph":"E", "ts":"2525568245", "pid":"1", "tid":"cice"},
{"name":"ModelAdvance", "ph":"B", "ts":"2525687966", "pid":"1", "tid":"cice"},
{"name":"ModelAdvance", "ph":"E", "ts":"2526154601", "pid":"1", "tid":"cice"},
{"name":"ModelAdvance", "ph":"B", "ts":"2526288832", "pid":"1", "tid":"cice"},
{"name":"ModelAdvance", "ph":"E", "ts":"2526761667", "pid":"1", "tid":"cice"},
{"name":"ModelAdvance", "ph":"B", "ts":"2526883794", "pid":"1", "tid":"cice"},
{"name":"ModelAdvance", "ph":"E", "ts":"2527362295", "pid":"1", "tid":"cice"},
{"name":"ModelAdvance", "ph":"B", "ts":"2527470160", "pid":"1", "tid":"cice"},
{"name":"ModelAdvance", "ph":"E", "ts":"2527943968", "pid":"1", "tid":"cice"},
{"name":"ModelAdvance", "ph":"B", "ts":"2528055388", "pid":"1", "tid":"cice"},
{"name":"ModelAdvance", "ph":"E", "ts":"2528532115", "pid":"1", "tid":"cice"},
{"name":"ModelAdvance", "ph":"B", "ts":"2528656609", "pid":"1", "tid":"cice"},
{"name":"ModelAdvance", "ph":"E", "ts":"2529127649", "pid":"1", "tid":"cice"},
{"name":"ModelAdvance", "ph":"B", "ts":"2529880236", "pid":"1", "tid":"cice"},
{"name":"ModelAdvance", "ph":"E", "ts":"2530351308", "pid":"1", "tid":"cice"},
{"name":"ModelAdvance", "ph":"B", "ts":"2530466939", "pid":"1", "tid":"cice"},
{"name":"ModelAdvance", "ph":"E", "ts":"2530944791", "pid":"1", "tid":"cice"},
{"name":"ModelAdvance", "ph":"B", "ts":"2531049354", "pid":"1", "tid":"cice"},
{"name":"ModelAdvance", "ph":"E", "ts":"2531523185", "pid":"1", "tid":"cice"},
{"name":"ModelAdvance", "ph":"B", "ts":"2531633579", "pid":"1", "tid":"cice"},
{"name":"ModelAdvance", "ph":"E", "ts":"2532114520", "pid":"1", "tid":"cice"},
{"name":"ModelAdvance", "ph":"B", "ts":"2533096476", "pid":"1", "tid":"cice"},
{"name":"ModelAdvance", "ph":"E", "ts":"2533579453", "pid":"1", "tid":"cice"},
{"name":"ModelAdvance", "ph":"B", "ts":"2533676311", "pid":"1", "tid":"cice"},
{"name":"ModelAdvance", "ph":"E", "ts":"2534155331", "pid":"1", "tid":"cice"},
{"name":"ModelAdvance", "ph":"B", "ts":"2534262204", "pid":"1", "tid":"cice"},
{"name":"ModelAdvance", "ph":"E", "ts":"2534745698", "pid":"1", "tid":"cice"},
{"name":"ModelAdvance", "ph":"B", "ts":"2534856412", "pid":"1", "tid":"cice"},
{"name":"ModelAdvance", "ph":"E", "ts":"2535328694", "pid":"1", "tid":"cice"},
{"name":"ModelAdvance", "ph":"B", "ts":"2535436010", "pid":"1", "tid":"cice"},
{"name":"ModelAdvance", "ph":"E", "ts":"2535910527", "pid":"1", "tid":"cice"},
{"name":"ModelAdvance", "ph":"B", "ts":"2536019980", "pid":"1", "tid":"cice"},
{"name":"ModelAdvance", "ph":"E", "ts":"2536494807", "pid":"1", "tid":"cice"},
{"name":"ModelAdvance", "ph":"B", "ts":"2536602717", "pid":"1", "tid":"cice"},
{"name":"ModelAdvance", "ph":"E", "ts":"2537111791", "pid":"1", "tid":"cice"},
{"name":"ModelAdvance", "ph":"B", "ts":"2537231051", "pid":"1", "tid":"cice"},
{"name":"ModelAdvance", "ph":"E", "ts":"2537705467", "pid":"1", "tid":"cice"},
{"name":"ModelAdvance", "ph":"B", "ts":"2537811066", "pid":"1", "tid":"cice"},
{"name":"ModelAdvance", "ph":"E", "ts":"2538284832", "pid":"1", "tid":"cice"},
{"name":"ModelAdvance", "ph":"B", "ts":"2538393427", "pid":"1", "tid":"cice"},
{"name":"ModelAdvance", "ph":"E", "ts":"2538865160", "pid":"1", "tid":"cice"},
{"name":"ModelAdvance", "ph":"B", "ts":"2538971012", "pid":"1", "tid":"cice"},
{"name":"ModelAdvance", "ph":"E", "ts":"2539446307", "pid":"1", "tid":"cice"},
{"name":"ModelAdvance", "ph":"B", "ts":"2539555182", "pid":"1", "tid":"cice"},
{"name":"ModelAdvance", "ph":"E", "ts":"2540031851", "pid":"1", "tid":"cice"},
{"name":"ModelAdvance", "ph":"B", "ts":"2540143697", "pid":"1", "tid":"cice"},
{"name":"ModelAdvance", "ph":"E", "ts":"2540608447", "pid":"1", "tid":"cice"},
{"name":"ModelAdvance", "ph":"B", "ts":"2540722077", "pid":"1", "tid":"cice"},
{"name":"ModelAdvance", "ph":"E", "ts":"2541208974", "pid":"1", "tid":"cice"},
{"name":"ModelAdvance", "ph":"B", "ts":"2541308484", "pid":"1", "tid":"cice"},
{"name":"ModelAdvance", "ph":"E", "ts":"2541784068", "pid":"1", "tid":"cice"},
{"name":"ModelAdvance", "ph":"B", "ts":"2541892465", "pid":"1", "tid":"cice"},
{"name":"ModelAdvance", "ph":"E", "ts":"2542365058", "pid":"1", "tid":"cice"},
{"name":"ModelAdvance", "ph":"B", "ts":"2543883390", "pid":"1", "tid":"cice"},
{"name":"ModelAdvance", "ph":"E", "ts":"2544363851", "pid":"1", "tid":"cice"},
{"name":"ModelAdvance", "ph":"B", "ts":"2544476490", "pid":"1", "tid":"cice"},
{"name":"ModelAdvance", "ph":"E", "ts":"2544948499", "pid":"1", "tid":"cice"},
{"name":"ModelAdvance", "ph":"B", "ts":"2545058930", "pid":"1", "tid":"cice"},
{"name":"ModelAdvance", "ph":"E", "ts":"2545534953", "pid":"1", "tid":"cice"},
{"name":"ModelAdvance", "ph":"B", "ts":"2545657470", "pid":"1", "tid":"cice"},
{"name":"ModelAdvance", "ph":"E", "ts":"2546140139", "pid":"1", "tid":"cice"},
{"name":"ModelAdvance", "ph":"B", "ts":"2546872567", "pid":"1", "tid":"cice"},
{"name":"ModelAdvance", "ph":"E", "ts":"2547347461", "pid":"1", "tid":"cice"},
{"name":"ModelAdvance", "ph":"B", "ts":"2547455304", "pid":"1", "tid":"cice"},
{"name":"ModelAdvance", "ph":"E", "ts":"2547934002", "pid":"1", "tid":"cice"},
{"name":"ModelAdvance", "ph":"B", "ts":"2548043147", "pid":"1", "tid":"cice"},
{"name":"ModelAdvance", "ph":"E", "ts":"2548524835", "pid":"1", "tid":"cice"},
{"name":"ModelAdvance", "ph":"B", "ts":"2548623037", "pid":"1", "tid":"cice"},
{"name":"ModelAdvance", "ph":"E", "ts":"2549095051", "pid":"1", "tid":"cice"},
{"name":"ModelAdvance", "ph":"B", "ts":"2549208476", "pid":"1", "tid":"cice"},
{"name":"ModelAdvance", "ph":"E", "ts":"2549686083", "pid":"1", "tid":"cice"},
{"name":"ModelAdvance", "ph":"B", "ts":"2549801393", "pid":"1", "tid":"cice"},
{"name":"ModelAdvance", "ph":"E", "ts":"2550283744", "pid":"1", "tid":"cice"},
{"name":"ModelAdvance", "ph":"B", "ts":"2550382286", "pid":"1", "tid":"cice"},
{"name":"ModelAdvance", "ph":"E", "ts":"2550857275", "pid":"1", "tid":"cice"},
{"name":"ModelAdvance", "ph":"B", "ts":"2550967006", "pid":"1", "tid":"cice"},
{"name":"ModelAdvance", "ph":"E", "ts":"2551443126", "pid":"1", "tid":"cice"},
{"name":"ModelAdvance", "ph":"B", "ts":"2551548786", "pid":"1", "tid":"cice"},
{"name":"ModelAdvance", "ph":"E", "ts":"2552035280", "pid":"1", "tid":"cice"},
{"name":"ModelAdvance", "ph":"B", "ts":"2552134748", "pid":"1", "tid":"cice"},
{"name":"ModelAdvance", "ph":"E", "ts":"2552621000", "pid":"1", "tid":"cice"},
{"name":"ModelAdvance", "ph":"B", "ts":"2552722206", "pid":"1", "tid":"cice"},
{"name":"ModelAdvance", "ph":"E", "ts":"2553204150", "pid":"1", "tid":"cice"},
{"name":"ModelAdvance", "ph":"B", "ts":"2553320207", "pid":"1", "tid":"cice"},
{"name":"ModelAdvance", "ph":"E", "ts":"2553795130", "pid":"1", "tid":"cice"},
{"name":"ModelAdvance", "ph":"B", "ts":"2553911229", "pid":"1", "tid":"cice"},
{"name":"ModelAdvance", "ph":"E", "ts":"2554390820", "pid":"1", "tid":"cice"},
{"name":"ModelAdvance", "ph":"B", "ts":"2554513061", "pid":"1", "tid":"cice"},
{"name":"ModelAdvance", "ph":"E", "ts":"2554983069", "pid":"1", "tid":"cice"},
{"name":"ModelAdvance", "ph":"B", "ts":"2555099049", "pid":"1", "tid":"cice"},
{"name":"ModelAdvance", "ph":"E", "ts":"2555568932", "pid":"1", "tid":"cice"},
{"name":"ModelAdvance", "ph":"B", "ts":"2555678317", "pid":"1", "tid":"cice"},
{"name":"ModelAdvance", "ph":"E", "ts":"2556150276", "pid":"1", "tid":"cice"},
{"name":"ModelAdvance", "ph":"B", "ts":"2556264968", "pid":"1", "tid":"cice"},
{"name":"ModelAdvance", "ph":"E", "ts":"2556736844", "pid":"1", "tid":"cice"},
{"name":"ModelAdvance", "ph":"B", "ts":"2556840600", "pid":"1", "tid":"cice"},
{"name":"ModelAdvance", "ph":"E", "ts":"2557313832", "pid":"1", "tid":"cice"},
{"name":"ModelAdvance", "ph":"B", "ts":"2557434019", "pid":"1", "tid":"cice"},
{"name":"ModelAdvance", "ph":"E", "ts":"2557906270", "pid":"1", "tid":"cice"},
{"name":"ModelAdvance", "ph":"B", "ts":"2558014687", "pid":"1", "tid":"cice"},
{"name":"ModelAdvance", "ph":"E", "ts":"2558490501", "pid":"1", "tid":"cice"},
{"name":"ModelAdvance", "ph":"B", "ts":"2558599642", "pid":"1", "tid":"cice"},
{"name":"ModelAdvance", "ph":"E", "ts":"2559063781", "pid":"1", "tid":"cice"},
{"name":"ModelAdvance", "ph":"B", "ts":"2559180548", "pid":"1", "tid":"cice"},
{"name":"ModelAdvance", "ph":"E", "ts":"2559659616", "pid":"1", "tid":"cice"},
{"name":"ModelAdvance", "ph":"B", "ts":"2559763226", "pid":"1", "tid":"cice"},
{"name":"ModelAdvance", "ph":"E", "ts":"2560326770", "pid":"1", "tid":"cice"},
{"name":"ModelAdvance", "ph":"B", "ts":"2560370879", "pid":"1", "tid":"cice"},
{"name":"ModelAdvance", "ph":"E", "ts":"2560852327", "pid":"1", "tid":"cice"},
{"name":"ModelAdvance", "ph":"B", "ts":"2561638175", "pid":"1", "tid":"cice"},
{"name":"ModelAdvance", "ph":"E", "ts":"2562109056", "pid":"1", "tid":"cice"},
{"name":"ModelAdvance", "ph":"B", "ts":"2562223906", "pid":"1", "tid":"cice"},
{"name":"ModelAdvance", "ph":"E", "ts":"2562697068", "pid":"1", "tid":"cice"},
{"name":"ModelAdvance", "ph":"B", "ts":"2562803869", "pid":"1", "tid":"cice"},
{"name":"ModelAdvance", "ph":"E", "ts":"2563287022", "pid":"1", "tid":"cice"},
{"name":"ModelAdvance", "ph":"B", "ts":"2563390995", "pid":"1", "tid":"cice"},
{"name":"ModelAdvance", "ph":"E", "ts":"2563875226", "pid":"1", "tid":"cice"},
{"name":"ModelAdvance", "ph":"B", "ts":"2563990098", "pid":"1", "tid":"cice"},
{"name":"ModelAdvance", "ph":"E", "ts":"2564473152", "pid":"1", "tid":"cice"},
{"name":"ModelAdvance", "ph":"B", "ts":"2564572953", "pid":"1", "tid":"cice"},
{"name":"ModelAdvance", "ph":"E", "ts":"2565038596", "pid":"1", "tid":"cice"},
{"name":"ModelAdvance", "ph":"B", "ts":"2565158781", "pid":"1", "tid":"cice"},
{"name":"ModelAdvance", "ph":"E", "ts":"2565631627", "pid":"1", "tid":"cice"},
{"name":"ModelAdvance", "ph":"B", "ts":"2565742315", "pid":"1", "tid":"cice"},
{"name":"ModelAdvance", "ph":"E", "ts":"2566213651", "pid":"1", "tid":"cice"},
{"name":"ModelAdvance", "ph":"B", "ts":"2566324638", "pid":"1", "tid":"cice"},
{"name":"ModelAdvance", "ph":"E", "ts":"2566796153", "pid":"1", "tid":"cice"},
{"name":"ModelAdvance", "ph":"B", "ts":"2566908308", "pid":"1", "tid":"cice"},
{"name":"ModelAdvance", "ph":"E", "ts":"2567388367", "pid":"1", "tid":"cice"},
{"name":"ModelAdvance", "ph":"B", "ts":"2567489820", "pid":"1", "tid":"cice"},
{"name":"ModelAdvance", "ph":"E", "ts":"2567959795", "pid":"1", "tid":"cice"},
{"name":"ModelAdvance", "ph":"B", "ts":"2568084206", "pid":"1", "tid":"cice"},
{"name":"ModelAdvance", "ph":"E", "ts":"2568560153", "pid":"1", "tid":"cice"},
{"name":"ModelAdvance", "ph":"B", "ts":"2568672335", "pid":"1", "tid":"cice"},
{"name":"ModelAdvance", "ph":"E", "ts":"2569148575", "pid":"1", "tid":"cice"},
{"name":"ModelAdvance", "ph":"B", "ts":"2569256637", "pid":"1", "tid":"cice"},
{"name":"ModelAdvance", "ph":"E", "ts":"2569733330", "pid":"1", "tid":"cice"},
{"name":"ModelAdvance", "ph":"B", "ts":"2569836145", "pid":"1", "tid":"cice"},
{"name":"ModelAdvance", "ph":"E", "ts":"2570319481", "pid":"1", "tid":"cice"},
{"name":"ModelAdvance", "ph":"B", "ts":"2570422653", "pid":"1", "tid":"cice"},
{"name":"ModelAdvance", "ph":"E", "ts":"2570894969", "pid":"1", "tid":"cice"},
{"name":"ModelAdvance", "ph":"B", "ts":"2571007531", "pid":"1", "tid":"cice"},
{"name":"ModelAdvance", "ph":"E", "ts":"2571475133", "pid":"1", "tid":"cice"},
{"name":"ModelAdvance", "ph":"B", "ts":"2571590882", "pid":"1", "tid":"cice"},
{"name":"ModelAdvance", "ph":"E", "ts":"2572064165", "pid":"1", "tid":"cice"},
{"name":"ModelAdvance", "ph":"B", "ts":"2572171728", "pid":"1", "tid":"cice"},
{"name":"ModelAdvance", "ph":"E", "ts":"2572648479", "pid":"1", "tid":"cice"},
{"name":"ModelAdvance", "ph":"B", "ts":"2572757993", "pid":"1", "tid":"cice"},
{"name":"ModelAdvance", "ph":"E", "ts":"2573241755", "pid":"1", "tid":"cice"},
{"name":"ModelAdvance", "ph":"B", "ts":"2573355117", "pid":"1", "tid":"cice"},
{"name":"ModelAdvance", "ph":"E", "ts":"2573824039", "pid":"1", "tid":"cice"},
{"name":"ModelAdvance", "ph":"B", "ts":"2573939665", "pid":"1", "tid":"cice"},
{"name":"ModelAdvance", "ph":"E", "ts":"2574410444", "pid":"1", "tid":"cice"},
{"name":"ModelAdvance", "ph":"B", "ts":"2574530184", "pid":"1", "tid":"cice"},
{"name":"ModelAdvance", "ph":"E", "ts":"2575008472", "pid":"1", "tid":"cice"},
{"name":"ModelAdvance", "ph":"B", "ts":"2575121355", "pid":"1", "tid":"cice"},
{"name":"ModelAdvance", "ph":"E", "ts":"2575600809", "pid":"1", "tid":"cice"},
{"name":"ModelAdvance", "ph":"B", "ts":"2576334271", "pid":"1", "tid":"cice"},
{"name":"ModelAdvance", "ph":"E", "ts":"2576809805", "pid":"1", "tid":"cice"},
{"name":"ModelAdvance", "ph":"B", "ts":"2576927910", "pid":"1", "tid":"cice"},
{"name":"ModelAdvance", "ph":"E", "ts":"2577399750", "pid":"1", "tid":"cice"},
{"name":"ModelAdvance", "ph":"B", "ts":"2577526222", "pid":"1", "tid":"cice"},
{"name":"ModelAdvance", "ph":"E", "ts":"2578000729", "pid":"1", "tid":"cice"},
{"name":"ModelAdvance", "ph":"B", "ts":"2578125424", "pid":"1", "tid":"cice"},
{"name":"ModelAdvance", "ph":"E", "ts":"2578605926", "pid":"1", "tid":"cice"},
{"name":"ModelAdvance", "ph":"B", "ts":"2578740354", "pid":"1", "tid":"cice"},
{"name":"ModelAdvance", "ph":"E", "ts":"2579217415", "pid":"1", "tid":"cice"},
{"name":"ModelAdvance", "ph":"B", "ts":"2579345691", "pid":"1", "tid":"cice"},
{"name":"ModelAdvance", "ph":"E", "ts":"2579824454", "pid":"1", "tid":"cice"},
{"name":"ModelAdvance", "ph":"B", "ts":"2579947678", "pid":"1", "tid":"cice"},
{"name":"ModelAdvance", "ph":"E", "ts":"2580425599", "pid":"1", "tid":"cice"},
{"name":"ModelAdvance", "ph":"B", "ts":"2580555339", "pid":"1", "tid":"cice"},
{"name":"ModelAdvance", "ph":"E", "ts":"2581034162", "pid":"1", "tid":"cice"},
{"name":"ModelAdvance", "ph":"B", "ts":"2581158900", "pid":"1", "tid":"cice"},
{"name":"ModelAdvance", "ph":"E", "ts":"2581636230", "pid":"1", "tid":"cice"},
{"name":"ModelAdvance", "ph":"B", "ts":"2581770606", "pid":"1", "tid":"cice"},
{"name":"ModelAdvance", "ph":"E", "ts":"2582246376", "pid":"1", "tid":"cice"},
{"name":"ModelAdvance", "ph":"B", "ts":"2582427733", "pid":"1", "tid":"cice"},
{"name":"ModelAdvance", "ph":"E", "ts":"2582902238", "pid":"1", "tid":"cice"},
{"name":"ModelAdvance", "ph":"B", "ts":"2583044617", "pid":"1", "tid":"cice"},
{"name":"ModelAdvance", "ph":"E", "ts":"2583518393", "pid":"1", "tid":"cice"},
{"name":"ModelAdvance", "ph":"B", "ts":"2583641745", "pid":"1", "tid":"cice"},
{"name":"ModelAdvance", "ph":"E", "ts":"2584122180", "pid":"1", "tid":"cice"},
{"name":"ModelAdvance", "ph":"B", "ts":"2584244137", "pid":"1", "tid":"cice"},
{"name":"ModelAdvance", "ph":"E", "ts":"2584715119", "pid":"1", "tid":"cice"},
{"name":"ModelAdvance", "ph":"B", "ts":"2584860095", "pid":"1", "tid":"cice"},
{"name":"ModelAdvance", "ph":"E", "ts":"2585335283", "pid":"1", "tid":"cice"},
{"name":"ModelAdvance", "ph":"B", "ts":"2585472850", "pid":"1", "tid":"cice"},
{"name":"ModelAdvance", "ph":"E", "ts":"2585945802", "pid":"1", "tid":"cice"},
{"name":"ModelAdvance", "ph":"B", "ts":"2586084675", "pid":"1", "tid":"cice"},
{"name":"ModelAdvance", "ph":"E", "ts":"2586553410", "pid":"1", "tid":"cice"},
{"name":"ModelAdvance", "ph":"B", "ts":"2586699780", "pid":"1", "tid":"cice"},
{"name":"ModelAdvance", "ph":"E", "ts":"2587180670", "pid":"1", "tid":"cice"},
{"name":"ModelAdvance", "ph":"B", "ts":"2587314641", "pid":"1", "tid":"cice"},
{"name":"ModelAdvance", "ph":"E", "ts":"2587784209", "pid":"1", "tid":"cice"},
{"name":"ModelAdvance", "ph":"B", "ts":"2587935684", "pid":"1", "tid":"cice"},
{"name":"ModelAdvance", "ph":"E", "ts":"2588411369", "pid":"1", "tid":"cice"},
{"name":"ModelAdvance", "ph":"B", "ts":"2588560321", "pid":"1", "tid":"cice"},
{"name":"ModelAdvance", "ph":"E", "ts":"2589033761", "pid":"1", "tid":"cice"},
{"name":"ModelAdvance", "ph":"B", "ts":"2589235607", "pid":"1", "tid":"cice"},
{"name":"ModelAdvance", "ph":"E", "ts":"2589709424", "pid":"1", "tid":"cice"},
{"name":"ModelAdvance", "ph":"B", "ts":"2589875094", "pid":"1", "tid":"cice"},
{"name":"ModelAdvance", "ph":"E", "ts":"2590345450", "pid":"1", "tid":"cice"},
{"name":"ModelAdvance", "ph":"B", "ts":"2590504021", "pid":"1", "tid":"cice"},
{"name":"ModelAdvance", "ph":"E", "ts":"2590977794", "pid":"1", "tid":"cice"},
{"name":"ModelAdvance", "ph":"B", "ts":"2591725197", "pid":"1", "tid":"cice"},
{"name":"ModelAdvance", "ph":"E", "ts":"2592202439", "pid":"1", "tid":"cice"},
{"name":"ModelAdvance", "ph":"B", "ts":"2592333722", "pid":"1", "tid":"cice"},
{"name":"ModelAdvance", "ph":"E", "ts":"2592806514", "pid":"1", "tid":"cice"},
{"name":"ModelAdvance", "ph":"B", "ts":"2592941812", "pid":"1", "tid":"cice"},
{"name":"ModelAdvance", "ph":"E", "ts":"2593426115", "pid":"1", "tid":"cice"},
{"name":"ModelAdvance", "ph":"B", "ts":"2593544223", "pid":"1", "tid":"cice"},
{"name":"ModelAdvance", "ph":"E", "ts":"2594018415", "pid":"1", "tid":"cice"},
{"name":"ModelAdvance", "ph":"B", "ts":"2594145528", "pid":"1", "tid":"cice"},
{"name":"ModelAdvance", "ph":"E", "ts":"2594617142", "pid":"1", "tid":"cice"},
{"name":"ModelAdvance", "ph":"B", "ts":"2594766276", "pid":"1", "tid":"cice"},
{"name":"ModelAdvance", "ph":"E", "ts":"2595236742", "pid":"1", "tid":"cice"},
{"name":"ModelAdvance", "ph":"B", "ts":"2595365589", "pid":"1", "tid":"cice"},
{"name":"ModelAdvance", "ph":"E", "ts":"2595844501", "pid":"1", "tid":"cice"},
{"name":"ModelAdvance", "ph":"B", "ts":"2595968573", "pid":"1", "tid":"cice"},
{"name":"ModelAdvance", "ph":"E", "ts":"2596452791", "pid":"1", "tid":"cice"},
{"name":"ModelAdvance", "ph":"B", "ts":"2596576986", "pid":"1", "tid":"cice"},
{"name":"ModelAdvance", "ph":"E", "ts":"2597044636", "pid":"1", "tid":"cice"},
{"name":"ModelAdvance", "ph":"B", "ts":"2597192287", "pid":"1", "tid":"cice"},
{"name":"ModelAdvance", "ph":"E", "ts":"2597674332", "pid":"1", "tid":"cice"},
{"name":"ModelAdvance", "ph":"B", "ts":"2597803779", "pid":"1", "tid":"cice"},
{"name":"ModelAdvance", "ph":"E", "ts":"2598278656", "pid":"1", "tid":"cice"},
{"name":"ModelAdvance", "ph":"B", "ts":"2598454197", "pid":"1", "tid":"cice"},
{"name":"ModelAdvance", "ph":"E", "ts":"2598930594", "pid":"1", "tid":"cice"},
{"name":"ModelAdvance", "ph":"B", "ts":"2599084063", "pid":"1", "tid":"cice"},
{"name":"ModelAdvance", "ph":"E", "ts":"2599562523", "pid":"1", "tid":"cice"},
{"name":"ModelAdvance", "ph":"B", "ts":"2599694732", "pid":"1", "tid":"cice"},
{"name":"ModelAdvance", "ph":"E", "ts":"2600164217", "pid":"1", "tid":"cice"},
{"name":"ModelAdvance", "ph":"B", "ts":"2600308467", "pid":"1", "tid":"cice"},
{"name":"ModelAdvance", "ph":"E", "ts":"2600787016", "pid":"1", "tid":"cice"},
{"name":"ModelAdvance", "ph":"B", "ts":"2600967989", "pid":"1", "tid":"cice"},
{"name":"ModelAdvance", "ph":"E", "ts":"2601465834", "pid":"1", "tid":"cice"},
{"name":"ModelAdvance", "ph":"B", "ts":"2601584340", "pid":"1", "tid":"cice"},
{"name":"ModelAdvance", "ph":"E", "ts":"2602067161", "pid":"1", "tid":"cice"},
{"name":"ModelAdvance", "ph":"B", "ts":"2602175088", "pid":"1", "tid":"cice"},
{"name":"ModelAdvance", "ph":"E", "ts":"2602640991", "pid":"1", "tid":"cice"},
{"name":"ModelAdvance", "ph":"B", "ts":"2602785872", "pid":"1", "tid":"cice"},
{"name":"ModelAdvance", "ph":"E", "ts":"2603257877", "pid":"1", "tid":"cice"},
{"name":"ModelAdvance", "ph":"B", "ts":"2603378151", "pid":"1", "tid":"cice"},
{"name":"ModelAdvance", "ph":"E", "ts":"2603853151", "pid":"1", "tid":"cice"},
{"name":"ModelAdvance", "ph":"B", "ts":"2603972443", "pid":"1", "tid":"cice"},
{"name":"ModelAdvance", "ph":"E", "ts":"2604445663", "pid":"1", "tid":"cice"},
{"name":"ModelAdvance", "ph":"B", "ts":"2604577544", "pid":"1", "tid":"cice"},
{"name":"ModelAdvance", "ph":"E", "ts":"2605058683", "pid":"1", "tid":"cice"},
{"name":"ModelAdvance", "ph":"B", "ts":"2605176639", "pid":"1", "tid":"cice"},
{"name":"ModelAdvance", "ph":"E", "ts":"2605650514", "pid":"1", "tid":"cice"},
{"name":"ModelAdvance", "ph":"B", "ts":"2605840104", "pid":"1", "tid":"cice"},
{"name":"ModelAdvance", "ph":"E", "ts":"2606324322", "pid":"1", "tid":"cice"},
{"name":"ModelAdvance", "ph":"B", "ts":"2618616288", "pid":"1", "tid":"cice"},
{"name":"ModelAdvance", "ph":"E", "ts":"2619091091", "pid":"1", "tid":"cice"},
{"name":"ModelAdvance", "ph":"B", "ts":"2619208026", "pid":"1", "tid":"cice"},
{"name":"ModelAdvance", "ph":"E", "ts":"2619679784", "pid":"1", "tid":"cice"},
{"name":"ModelAdvance", "ph":"B", "ts":"2619798415", "pid":"1", "tid":"cice"},
{"name":"ModelAdvance", "ph":"E", "ts":"2620279735", "pid":"1", "tid":"cice"},
{"name":"ModelAdvance", "ph":"B", "ts":"2620394072", "pid":"1", "tid":"cice"},
{"name":"ModelAdvance", "ph":"E", "ts":"2620864749", "pid":"1", "tid":"cice"},
{"name":"ModelAdvance", "ph":"B", "ts":"2620986269", "pid":"1", "tid":"cice"},
{"name":"ModelAdvance", "ph":"E", "ts":"2621471835", "pid":"1", "tid":"cice"},
{"name":"ModelAdvance", "ph":"B", "ts":"2621597212", "pid":"1", "tid":"cice"},
{"name":"ModelAdvance", "ph":"E", "ts":"2622074133", "pid":"1", "tid":"cice"},
{"name":"ModelAdvance", "ph":"B", "ts":"2622191217", "pid":"1", "tid":"cice"},
{"name":"ModelAdvance", "ph":"E", "ts":"2622669629", "pid":"1", "tid":"cice"},
{"name":"ModelAdvance", "ph":"B", "ts":"2622841605", "pid":"1", "tid":"cice"},
{"name":"ModelAdvance", "ph":"E", "ts":"2623317170", "pid":"1", "tid":"cice"},
{"name":"ModelAdvance", "ph":"B", "ts":"2623442174", "pid":"1", "tid":"cice"},
{"name":"ModelAdvance", "ph":"E", "ts":"2623923311", "pid":"1", "tid":"cice"},
{"name":"ModelAdvance", "ph":"B", "ts":"2624040261", "pid":"1", "tid":"cice"},
{"name":"ModelAdvance", "ph":"E", "ts":"2624524991", "pid":"1", "tid":"cice"},
{"name":"ModelAdvance", "ph":"B", "ts":"2624640136", "pid":"1", "tid":"cice"},
{"name":"ModelAdvance", "ph":"E", "ts":"2625112702", "pid":"1", "tid":"cice"},
{"name":"ModelAdvance", "ph":"B", "ts":"2625240402", "pid":"1", "tid":"cice"},
{"name":"ModelAdvance", "ph":"E", "ts":"2625726445", "pid":"1", "tid":"cice"},
{"name":"ModelAdvance", "ph":"B", "ts":"2625836577", "pid":"1", "tid":"cice"},
{"name":"ModelAdvance", "ph":"E", "ts":"2626317573", "pid":"1", "tid":"cice"},
{"name":"ModelAdvance", "ph":"B", "ts":"2626443358", "pid":"1", "tid":"cice"},
{"name":"ModelAdvance", "ph":"E", "ts":"2626912347", "pid":"1", "tid":"cice"},
{"name":"ModelAdvance", "ph":"B", "ts":"2627033085", "pid":"1", "tid":"cice"},
{"name":"ModelAdvance", "ph":"E", "ts":"2627500684", "pid":"1", "tid":"cice"},
{"name":"ModelAdvance", "ph":"B", "ts":"2627625121", "pid":"1", "tid":"cice"},
{"name":"ModelAdvance", "ph":"E", "ts":"2628105940", "pid":"1", "tid":"cice"},
{"name":"ModelAdvance", "ph":"B", "ts":"2628221230", "pid":"1", "tid":"cice"},
{"name":"ModelAdvance", "ph":"E", "ts":"2628696515", "pid":"1", "tid":"cice"},
{"name":"ModelAdvance", "ph":"B", "ts":"2628820520", "pid":"1", "tid":"cice"},
{"name":"ModelAdvance", "ph":"E", "ts":"2629296477", "pid":"1", "tid":"cice"},
{"name":"ModelAdvance", "ph":"B", "ts":"2629654327", "pid":"1", "tid":"cice"},
{"name":"ModelAdvance", "ph":"E", "ts":"2630131143", "pid":"1", "tid":"cice"},
{"name":"ModelAdvance", "ph":"B", "ts":"2630246101", "pid":"1", "tid":"cice"},
{"name":"ModelAdvance", "ph":"E", "ts":"2630727289", "pid":"1", "tid":"cice"},
{"name":"ModelAdvance", "ph":"B", "ts":"2630838770", "pid":"1", "tid":"cice"},
{"name":"ModelAdvance", "ph":"E", "ts":"2631309530", "pid":"1", "tid":"cice"},
{"name":"ModelAdvance", "ph":"B", "ts":"2631441170", "pid":"1", "tid":"cice"},
{"name":"ModelAdvance", "ph":"E", "ts":"2631914241", "pid":"1", "tid":"cice"},
{"name":"ModelAdvance", "ph":"B", "ts":"2632040473", "pid":"1", "tid":"cice"},
{"name":"ModelAdvance", "ph":"E", "ts":"2632512040", "pid":"1", "tid":"cice"},
{"name":"ModelAdvance", "ph":"B", "ts":"2632646247", "pid":"1", "tid":"cice"},
{"name":"ModelAdvance", "ph":"E", "ts":"2633129241", "pid":"1", "tid":"cice"},
{"name":"ModelAdvance", "ph":"B", "ts":"2633883620", "pid":"1", "tid":"cice"},
{"name":"ModelAdvance", "ph":"E", "ts":"2634354540", "pid":"1", "tid":"cice"},
{"name":"ModelAdvance", "ph":"B", "ts":"2634534090", "pid":"1", "tid":"cice"},
{"name":"ModelAdvance", "ph":"E", "ts":"2635010243", "pid":"1", "tid":"cice"},
{"name":"ModelAdvance", "ph":"B", "ts":"2635153797", "pid":"1", "tid":"cice"},
{"name":"ModelAdvance", "ph":"E", "ts":"2635630974", "pid":"1", "tid":"cice"},
{"name":"ModelAdvance", "ph":"B", "ts":"2635781141", "pid":"1", "tid":"cice"},
{"name":"ModelAdvance", "ph":"E", "ts":"2636258603", "pid":"1", "tid":"cice"},
{"name":"ModelAdvance", "ph":"B", "ts":"2636374154", "pid":"1", "tid":"cice"},
{"name":"ModelAdvance", "ph":"E", "ts":"2636849585", "pid":"1", "tid":"cice"},
{"name":"ModelAdvance", "ph":"B", "ts":"2636967349", "pid":"1", "tid":"cice"},
{"name":"ModelAdvance", "ph":"E", "ts":"2637442845", "pid":"1", "tid":"cice"},
{"name":"ModelAdvance", "ph":"B", "ts":"2637566801", "pid":"1", "tid":"cice"},
{"name":"ModelAdvance", "ph":"E", "ts":"2638041141", "pid":"1", "tid":"cice"},
{"name":"ModelAdvance", "ph":"B", "ts":"2638159325", "pid":"1", "tid":"cice"},
{"name":"ModelAdvance", "ph":"E", "ts":"2638629976", "pid":"1", "tid":"cice"},
{"name":"ModelAdvance", "ph":"B", "ts":"2638752515", "pid":"1", "tid":"cice"},
{"name":"ModelAdvance", "ph":"E", "ts":"2639226687", "pid":"1", "tid":"cice"},
{"name":"ModelAdvance", "ph":"B", "ts":"2639347573", "pid":"1", "tid":"cice"},
{"name":"ModelAdvance", "ph":"E", "ts":"2639828113", "pid":"1", "tid":"cice"},
{"name":"ModelAdvance", "ph":"B", "ts":"2639940537", "pid":"1", "tid":"cice"},
{"name":"ModelAdvance", "ph":"E", "ts":"2640409657", "pid":"1", "tid":"cice"},
{"name":"ModelAdvance", "ph":"B", "ts":"2640584551", "pid":"1", "tid":"cice"},
{"name":"ModelAdvance", "ph":"E", "ts":"2641064923", "pid":"1", "tid":"cice"},
{"name":"ModelAdvance", "ph":"B", "ts":"2641173016", "pid":"1", "tid":"cice"},
{"name":"ModelAdvance", "ph":"E", "ts":"2641657232", "pid":"1", "tid":"cice"},
{"name":"ModelAdvance", "ph":"B", "ts":"2641771261", "pid":"1", "tid":"cice"},
{"name":"ModelAdvance", "ph":"E", "ts":"2642254614", "pid":"1", "tid":"cice"},
{"name":"ModelAdvance", "ph":"B", "ts":"2642367885", "pid":"1", "tid":"cice"},
{"name":"ModelAdvance", "ph":"E", "ts":"2642841167", "pid":"1", "tid":"cice"},
{"name":"ModelAdvance", "ph":"B", "ts":"2642962267", "pid":"1", "tid":"cice"},
{"name":"ModelAdvance", "ph":"E", "ts":"2643444468", "pid":"1", "tid":"cice"},
{"name":"ModelAdvance", "ph":"B", "ts":"2643552992", "pid":"1", "tid":"cice"},
{"name":"ModelAdvance", "ph":"E", "ts":"2644038011", "pid":"1", "tid":"cice"},
{"name":"ModelAdvance", "ph":"B", "ts":"2644145585", "pid":"1", "tid":"cice"},
{"name":"ModelAdvance", "ph":"E", "ts":"2644622951", "pid":"1", "tid":"cice"},
{"name":"ModelAdvance", "ph":"B", "ts":"2644737720", "pid":"1", "tid":"cice"},
{"name":"ModelAdvance", "ph":"E", "ts":"2645225180", "pid":"1", "tid":"cice"},
{"name":"ModelAdvance", "ph":"B", "ts":"2645714329", "pid":"1", "tid":"cice"},
{"name":"ModelAdvance", "ph":"E", "ts":"2646193199", "pid":"1", "tid":"cice"},
{"name":"ModelAdvance", "ph":"B", "ts":"2646309309", "pid":"1", "tid":"cice"},
{"name":"ModelAdvance", "ph":"E", "ts":"2646783126", "pid":"1", "tid":"cice"},
{"name":"ModelAdvance", "ph":"B", "ts":"2646899961", "pid":"1", "tid":"cice"},
{"name":"ModelAdvance", "ph":"E", "ts":"2647369065", "pid":"1", "tid":"cice"},
{"name":"ModelAdvance", "ph":"B", "ts":"2647491378", "pid":"1", "tid":"cice"},
{"name":"ModelAdvance", "ph":"E", "ts":"2647962260", "pid":"1", "tid":"cice"},
{"name":"ModelAdvance", "ph":"B", "ts":"2648095191", "pid":"1", "tid":"cice"},
{"name":"ModelAdvance", "ph":"E", "ts":"2648580140", "pid":"1", "tid":"cice"},
{"name":"ModelAdvance", "ph":"B", "ts":"2649296742", "pid":"1", "tid":"cice"},
{"name":"ModelAdvance", "ph":"E", "ts":"2649772554", "pid":"1", "tid":"cice"},
{"name":"ModelAdvance", "ph":"B", "ts":"2649889165", "pid":"1", "tid":"cice"},
{"name":"ModelAdvance", "ph":"E", "ts":"2650370628", "pid":"1", "tid":"cice"},
{"name":"ModelAdvance", "ph":"B", "ts":"2650482853", "pid":"1", "tid":"cice"},
{"name":"ModelAdvance", "ph":"E", "ts":"2650968217", "pid":"1", "tid":"cice"},
{"name":"ModelAdvance", "ph":"B", "ts":"2651084445", "pid":"1", "tid":"cice"},
{"name":"ModelAdvance", "ph":"E", "ts":"2651569104", "pid":"1", "tid":"cice"},
{"name":"ModelAdvance", "ph":"B", "ts":"2651677646", "pid":"1", "tid":"cice"},
{"name":"ModelAdvance", "ph":"E", "ts":"2652149933", "pid":"1", "tid":"cice"},
{"name":"ModelAdvance", "ph":"B", "ts":"2652269067", "pid":"1", "tid":"cice"},
{"name":"ModelAdvance", "ph":"E", "ts":"2652750903", "pid":"1", "tid":"cice"},
{"name":"ModelAdvance", "ph":"B", "ts":"2652892098", "pid":"1", "tid":"cice"},
{"name":"ModelAdvance", "ph":"E", "ts":"2653361734", "pid":"1", "tid":"cice"},
{"name":"ModelAdvance", "ph":"B", "ts":"2653497860", "pid":"1", "tid":"cice"},
{"name":"ModelAdvance", "ph":"E", "ts":"2653967684", "pid":"1", "tid":"cice"},
{"name":"ModelAdvance", "ph":"B", "ts":"2654097090", "pid":"1", "tid":"cice"},
{"name":"ModelAdvance", "ph":"E", "ts":"2654564446", "pid":"1", "tid":"cice"},
{"name":"ModelAdvance", "ph":"B", "ts":"2654688847", "pid":"1", "tid":"cice"},
{"name":"ModelAdvance", "ph":"E", "ts":"2655168085", "pid":"1", "tid":"cice"},
{"name":"ModelAdvance", "ph":"B", "ts":"2656639539", "pid":"1", "tid":"cice"},
{"name":"ModelAdvance", "ph":"E", "ts":"2657124049", "pid":"1", "tid":"cice"},
{"name":"ModelAdvance", "ph":"B", "ts":"2657246350", "pid":"1", "tid":"cice"},
{"name":"ModelAdvance", "ph":"E", "ts":"2657716915", "pid":"1", "tid":"cice"},
{"name":"ModelAdvance", "ph":"B", "ts":"2657843117", "pid":"1", "tid":"cice"},
{"name":"ModelAdvance", "ph":"E", "ts":"2658324237", "pid":"1", "tid":"cice"},
{"name":"ModelAdvance", "ph":"B", "ts":"2658435621", "pid":"1", "tid":"cice"},
{"name":"ModelAdvance", "ph":"E", "ts":"2658911009", "pid":"1", "tid":"cice"},
{"name":"ModelAdvance", "ph":"B", "ts":"2659033986", "pid":"1", "tid":"cice"},
{"name":"ModelAdvance", "ph":"E", "ts":"2659511169", "pid":"1", "tid":"cice"},
{"name":"ModelAdvance", "ph":"B", "ts":"2659644389", "pid":"1", "tid":"cice"},
{"name":"ModelAdvance", "ph":"E", "ts":"2660117488", "pid":"1", "tid":"cice"},
{"name":"ModelAdvance", "ph":"B", "ts":"2660268876", "pid":"1", "tid":"cice"},
{"name":"ModelAdvance", "ph":"E", "ts":"2660742095", "pid":"1", "tid":"cice"},
{"name":"ModelAdvance", "ph":"B", "ts":"2662242545", "pid":"1", "tid":"cice"},
{"name":"ModelAdvance", "ph":"E", "ts":"2662725910", "pid":"1", "tid":"cice"},
{"name":"ModelAdvance", "ph":"B", "ts":"2662843101", "pid":"1", "tid":"cice"},
{"name":"ModelAdvance", "ph":"E", "ts":"2663329211", "pid":"1", "tid":"cice"},
{"name":"ModelAdvance", "ph":"B", "ts":"2663442093", "pid":"1", "tid":"cice"},
{"name":"ModelAdvance", "ph":"E", "ts":"2663914324", "pid":"1", "tid":"cice"},
{"name":"ModelAdvance", "ph":"B", "ts":"2664039049", "pid":"1", "tid":"cice"},
{"name":"ModelAdvance", "ph":"E", "ts":"2664519803", "pid":"1", "tid":"cice"},
{"name":"ModelAdvance", "ph":"B", "ts":"2664637216", "pid":"1", "tid":"cice"},
{"name":"ModelAdvance", "ph":"E", "ts":"2665121773", "pid":"1", "tid":"cice"},
{"name":"ModelAdvance", "ph":"B", "ts":"2665242478", "pid":"1", "tid":"cice"},
{"name":"ModelAdvance", "ph":"E", "ts":"2665833227", "pid":"1", "tid":"cice"},
{"name":"ModelAdvance", "ph":"B", "ts":"2666297489", "pid":"1", "tid":"cice"},
{"name":"ModelAdvance", "ph":"E", "ts":"2666781187", "pid":"1", "tid":"cice"},
{"name":"ModelAdvance", "ph":"B", "ts":"2667556168", "pid":"1", "tid":"cice"},
{"name":"ModelAdvance", "ph":"E", "ts":"2668028406", "pid":"1", "tid":"cice"},
{"name":"ModelAdvance", "ph":"B", "ts":"2668160340", "pid":"1", "tid":"cice"},
{"name":"ModelAdvance", "ph":"E", "ts":"2668636111", "pid":"1", "tid":"cice"},
{"name":"ModelAdvance", "ph":"B", "ts":"2668767789", "pid":"1", "tid":"cice"},
{"name":"ModelAdvance", "ph":"E", "ts":"2669241907", "pid":"1", "tid":"cice"},
{"name":"ModelAdvance", "ph":"B", "ts":"2669374683", "pid":"1", "tid":"cice"},
{"name":"ModelAdvance", "ph":"E", "ts":"2669846820", "pid":"1", "tid":"cice"},
{"name":"ModelAdvance", "ph":"B", "ts":"2670008103", "pid":"1", "tid":"cice"},
{"name":"ModelAdvance", "ph":"E", "ts":"2670493523", "pid":"1", "tid":"cice"},
{"name":"ModelAdvance", "ph":"B", "ts":"2670611799", "pid":"1", "tid":"cice"},
{"name":"ModelAdvance", "ph":"E", "ts":"2671094649", "pid":"1", "tid":"cice"},
{"name":"ModelAdvance", "ph":"B", "ts":"2671230139", "pid":"1", "tid":"cice"},
{"name":"ModelAdvance", "ph":"E", "ts":"2671709423", "pid":"1", "tid":"cice"},
{"name":"ModelAdvance", "ph":"B", "ts":"2671827101", "pid":"1", "tid":"cice"},
{"name":"ModelAdvance", "ph":"E", "ts":"2672302158", "pid":"1", "tid":"cice"},
{"name":"ModelAdvance", "ph":"B", "ts":"2672430792", "pid":"1", "tid":"cice"},
{"name":"ModelAdvance", "ph":"E", "ts":"2672907677", "pid":"1", "tid":"cice"},
{"name":"ModelAdvance", "ph":"B", "ts":"2673038181", "pid":"1", "tid":"cice"},
{"name":"ModelAdvance", "ph":"E", "ts":"2673514011", "pid":"1", "tid":"cice"},
{"name":"ModelAdvance", "ph":"B", "ts":"2673638625", "pid":"1", "tid":"cice"},
{"name":"ModelAdvance", "ph":"E", "ts":"2674118060", "pid":"1", "tid":"cice"},
{"name":"ModelAdvance", "ph":"B", "ts":"2674246982", "pid":"1", "tid":"cice"},
{"name":"ModelAdvance", "ph":"E", "ts":"2674711678", "pid":"1", "tid":"cice"},
{"name":"ModelAdvance", "ph":"B", "ts":"2674839970", "pid":"1", "tid":"cice"},
{"name":"ModelAdvance", "ph":"E", "ts":"2675321632", "pid":"1", "tid":"cice"},
{"name":"ModelAdvance", "ph":"B", "ts":"2675435480", "pid":"1", "tid":"cice"},
{"name":"ModelAdvance", "ph":"E", "ts":"2675911415", "pid":"1", "tid":"cice"},
{"name":"ModelAdvance", "ph":"B", "ts":"2676035862", "pid":"1", "tid":"cice"},
{"name":"ModelAdvance", "ph":"E", "ts":"2676512629", "pid":"1", "tid":"cice"},
{"name":"ModelAdvance", "ph":"B", "ts":"2676635515", "pid":"1", "tid":"cice"},
{"name":"ModelAdvance", "ph":"E", "ts":"2677119633", "pid":"1", "tid":"cice"},
{"name":"ModelAdvance", "ph":"B", "ts":"2677257416", "pid":"1", "tid":"cice"},
{"name":"ModelAdvance", "ph":"E", "ts":"2677731070", "pid":"1", "tid":"cice"},
{"name":"ModelAdvance", "ph":"B", "ts":"2677867586", "pid":"1", "tid":"cice"},
{"name":"ModelAdvance", "ph":"E", "ts":"2678341505", "pid":"1", "tid":"cice"},
{"name":"ModelAdvance", "ph":"B", "ts":"2678464026", "pid":"1", "tid":"cice"},
{"name":"ModelAdvance", "ph":"E", "ts":"2678934598", "pid":"1", "tid":"cice"},
{"name":"ModelAdvance", "ph":"B", "ts":"2679074376", "pid":"1", "tid":"cice"},
{"name":"ModelAdvance", "ph":"E", "ts":"2679544249", "pid":"1", "tid":"cice"},
{"name":"ModelAdvance", "ph":"B", "ts":"2679674968", "pid":"1", "tid":"cice"},
{"name":"ModelAdvance", "ph":"E", "ts":"2680146358", "pid":"1", "tid":"cice"},
{"name":"ModelAdvance", "ph":"B", "ts":"2680284039", "pid":"1", "tid":"cice"},
{"name":"ModelAdvance", "ph":"E", "ts":"2680770344", "pid":"1", "tid":"cice"},
{"name":"ModelAdvance", "ph":"B", "ts":"2680887885", "pid":"1", "tid":"cice"},
{"name":"ModelAdvance", "ph":"E", "ts":"2681360688", "pid":"1", "tid":"cice"},
{"name":"ModelAdvance", "ph":"B", "ts":"2681493095", "pid":"1", "tid":"cice"},
{"name":"ModelAdvance", "ph":"E", "ts":"2681974862", "pid":"1", "tid":"cice"},
{"name":"ModelAdvance", "ph":"B", "ts":"2682719849", "pid":"1", "tid":"cice"},
{"name":"ModelAdvance", "ph":"E", "ts":"2683194303", "pid":"1", "tid":"cice"},
{"name":"ModelAdvance", "ph":"B", "ts":"2683309928", "pid":"1", "tid":"cice"},
{"name":"ModelAdvance", "ph":"E", "ts":"2683784395", "pid":"1", "tid":"cice"},
{"name":"ModelAdvance", "ph":"B", "ts":"2683904721", "pid":"1", "tid":"cice"},
{"name":"ModelAdvance", "ph":"E", "ts":"2684381232", "pid":"1", "tid":"cice"},
{"name":"ModelAdvance", "ph":"B", "ts":"2684513785", "pid":"1", "tid":"cice"},
{"name":"ModelAdvance", "ph":"E", "ts":"2684979610", "pid":"1", "tid":"cice"},
{"name":"ModelAdvance", "ph":"B", "ts":"2685103039", "pid":"1", "tid":"cice"},
{"name":"ModelAdvance", "ph":"E", "ts":"2685583214", "pid":"1", "tid":"cice"},
{"name":"ModelAdvance", "ph":"B", "ts":"2685699429", "pid":"1", "tid":"cice"},
{"name":"ModelAdvance", "ph":"E", "ts":"2686172402", "pid":"1", "tid":"cice"},
{"name":"ModelAdvance", "ph":"B", "ts":"2686293858", "pid":"1", "tid":"cice"},
{"name":"ModelAdvance", "ph":"E", "ts":"2686760409", "pid":"1", "tid":"cice"},
{"name":"ModelAdvance", "ph":"B", "ts":"2686888911", "pid":"1", "tid":"cice"},
{"name":"ModelAdvance", "ph":"E", "ts":"2687367601", "pid":"1", "tid":"cice"},
{"name":"ModelAdvance", "ph":"B", "ts":"2687484665", "pid":"1", "tid":"cice"},
{"name":"ModelAdvance", "ph":"E", "ts":"2687968370", "pid":"1", "tid":"cice"},
{"name":"ModelAdvance", "ph":"B", "ts":"2688080112", "pid":"1", "tid":"cice"},
{"name":"ModelAdvance", "ph":"E", "ts":"2688562289", "pid":"1", "tid":"cice"},
{"name":"ModelAdvance", "ph":"B", "ts":"2688674029", "pid":"1", "tid":"cice"},
{"name":"ModelAdvance", "ph":"E", "ts":"2689147720", "pid":"1", "tid":"cice"},
{"name":"ModelAdvance", "ph":"B", "ts":"2689288179", "pid":"1", "tid":"cice"},
{"name":"ModelAdvance", "ph":"E", "ts":"2689755112", "pid":"1", "tid":"cice"},
{"name":"ModelAdvance", "ph":"B", "ts":"2689883369", "pid":"1", "tid":"cice"},
{"name":"ModelAdvance", "ph":"E", "ts":"2690383708", "pid":"1", "tid":"cice"},
{"name":"ModelAdvance", "ph":"B", "ts":"2690508323", "pid":"1", "tid":"cice"},
{"name":"ModelAdvance", "ph":"E", "ts":"2690986720", "pid":"1", "tid":"cice"},
{"name":"ModelAdvance", "ph":"B", "ts":"2691103820", "pid":"1", "tid":"cice"},
{"name":"ModelAdvance", "ph":"E", "ts":"2691576870", "pid":"1", "tid":"cice"},
{"name":"ModelAdvance", "ph":"B", "ts":"2691709077", "pid":"1", "tid":"cice"},
{"name":"ModelAdvance", "ph":"E", "ts":"2692182136", "pid":"1", "tid":"cice"},
{"name":"ModelAdvance", "ph":"B", "ts":"2692305839", "pid":"1", "tid":"cice"},
{"name":"ModelAdvance", "ph":"E", "ts":"2692772757", "pid":"1", "tid":"cice"},
{"name":"ModelAdvance", "ph":"B", "ts":"2692899991", "pid":"1", "tid":"cice"},
{"name":"ModelAdvance", "ph":"E", "ts":"2693385505", "pid":"1", "tid":"cice"},
{"name":"ModelAdvance", "ph":"B", "ts":"2693498457", "pid":"1", "tid":"cice"},
{"name":"ModelAdvance", "ph":"E", "ts":"2693981609", "pid":"1", "tid":"cice"},
{"name":"ModelAdvance", "ph":"B", "ts":"2694090416", "pid":"1", "tid":"cice"},
{"name":"ModelAdvance", "ph":"E", "ts":"2694565085", "pid":"1", "tid":"cice"},
{"name":"ModelAdvance", "ph":"B", "ts":"2694683641", "pid":"1", "tid":"cice"},
{"name":"ModelAdvance", "ph":"E", "ts":"2695161649", "pid":"1", "tid":"cice"},
{"name":"ModelAdvance", "ph":"B", "ts":"2695278999", "pid":"1", "tid":"cice"},
{"name":"ModelAdvance", "ph":"E", "ts":"2695758569", "pid":"1", "tid":"cice"},
{"name":"ModelAdvance", "ph":"B", "ts":"2695880696", "pid":"1", "tid":"cice"},
{"name":"ModelAdvance", "ph":"E", "ts":"2696348695", "pid":"1", "tid":"cice"},
{"name":"ModelAdvance", "ph":"B", "ts":"2696488254", "pid":"1", "tid":"cice"},
{"name":"ModelAdvance", "ph":"E", "ts":"2696961349", "pid":"1", "tid":"cice"},
{"name":"ModelAdvance", "ph":"B", "ts":"2697744778", "pid":"1", "tid":"cice"},
{"name":"ModelAdvance", "ph":"E", "ts":"2698224056", "pid":"1", "tid":"cice"},
{"name":"ModelAdvance", "ph":"B", "ts":"2698350349", "pid":"1", "tid":"cice"},
{"name":"ModelAdvance", "ph":"E", "ts":"2698834837", "pid":"1", "tid":"cice"},
{"name":"ModelAdvance", "ph":"B", "ts":"2698953023", "pid":"1", "tid":"cice"},
{"name":"ModelAdvance", "ph":"E", "ts":"2699425400", "pid":"1", "tid":"cice"},
{"name":"ModelAdvance", "ph":"B", "ts":"2699564695", "pid":"1", "tid":"cice"},
{"name":"ModelAdvance", "ph":"E", "ts":"2700041227", "pid":"1", "tid":"cice"},
{"name":"ModelAdvance", "ph":"B", "ts":"2700167902", "pid":"1", "tid":"cice"},
{"name":"ModelAdvance", "ph":"E", "ts":"2700640219", "pid":"1", "tid":"cice"},
{"name":"ModelAdvance", "ph":"B", "ts":"2700763085", "pid":"1", "tid":"cice"},
{"name":"ModelAdvance", "ph":"E", "ts":"2701241219", "pid":"1", "tid":"cice"},
{"name":"ModelAdvance", "ph":"B", "ts":"2701377220", "pid":"1", "tid":"cice"},
{"name":"ModelAdvance", "ph":"E", "ts":"2701852845", "pid":"1", "tid":"cice"},
{"name":"ModelAdvance", "ph":"B", "ts":"2701970780", "pid":"1", "tid":"cice"},
{"name":"ModelAdvance", "ph":"E", "ts":"2702443494", "pid":"1", "tid":"cice"},
{"name":"ModelAdvance", "ph":"B", "ts":"2702565478", "pid":"1", "tid":"cice"},
{"name":"ModelAdvance", "ph":"E", "ts":"2703037222", "pid":"1", "tid":"cice"},
{"name":"ModelAdvance", "ph":"B", "ts":"2703158259", "pid":"1", "tid":"cice"},
{"name":"ModelAdvance", "ph":"E", "ts":"2703638759", "pid":"1", "tid":"cice"},
{"name":"ModelAdvance", "ph":"B", "ts":"2703757403", "pid":"1", "tid":"cice"},
{"name":"ModelAdvance", "ph":"E", "ts":"2704231231", "pid":"1", "tid":"cice"},
{"name":"ModelAdvance", "ph":"B", "ts":"2704361857", "pid":"1", "tid":"cice"},
{"name":"ModelAdvance", "ph":"E", "ts":"2704840231", "pid":"1", "tid":"cice"},
{"name":"ModelAdvance", "ph":"B", "ts":"2704960883", "pid":"1", "tid":"cice"},
{"name":"ModelAdvance", "ph":"E", "ts":"2705431686", "pid":"1", "tid":"cice"},
{"name":"ModelAdvance", "ph":"B", "ts":"2705584874", "pid":"1", "tid":"cice"},
{"name":"ModelAdvance", "ph":"E", "ts":"2706058234", "pid":"1", "tid":"cice"},
{"name":"ModelAdvance", "ph":"B", "ts":"2706182837", "pid":"1", "tid":"cice"},
{"name":"ModelAdvance", "ph":"E", "ts":"2706652029", "pid":"1", "tid":"cice"},
{"name":"ModelAdvance", "ph":"B", "ts":"2706779059", "pid":"1", "tid":"cice"},
{"name":"ModelAdvance", "ph":"E", "ts":"2707254789", "pid":"1", "tid":"cice"},
{"name":"ModelAdvance", "ph":"B", "ts":"2707378313", "pid":"1", "tid":"cice"},
{"name":"ModelAdvance", "ph":"E", "ts":"2707849928", "pid":"1", "tid":"cice"},
{"name":"ModelAdvance", "ph":"B", "ts":"2707980866", "pid":"1", "tid":"cice"},
{"name":"ModelAdvance", "ph":"E", "ts":"2708466043", "pid":"1", "tid":"cice"},
{"name":"ModelAdvance", "ph":"B", "ts":"2708575420", "pid":"1", "tid":"cice"},
{"name":"ModelAdvance", "ph":"E", "ts":"2709060054", "pid":"1", "tid":"cice"},
{"name":"ModelAdvance", "ph":"B", "ts":"2709181918", "pid":"1", "tid":"cice"},
{"name":"ModelAdvance", "ph":"E", "ts":"2709664469", "pid":"1", "tid":"cice"},
{"name":"ModelAdvance", "ph":"B", "ts":"2709774499", "pid":"1", "tid":"cice"},
{"name":"ModelAdvance", "ph":"E", "ts":"2710244288", "pid":"1", "tid":"cice"},
{"name":"ModelAdvance", "ph":"B", "ts":"2710428246", "pid":"1", "tid":"cice"},
{"name":"ModelAdvance", "ph":"E", "ts":"2710902543", "pid":"1", "tid":"cice"},
{"name":"ModelAdvance", "ph":"B", "ts":"2711026965", "pid":"1", "tid":"cice"},
{"name":"ModelAdvance", "ph":"E", "ts":"2711500022", "pid":"1", "tid":"cice"},
{"name":"ModelAdvance", "ph":"B", "ts":"2711712634", "pid":"1", "tid":"cice"},
{"name":"ModelAdvance", "ph":"E", "ts":"2712190596", "pid":"1", "tid":"cice"},
{"name":"ModelAdvance", "ph":"B", "ts":"2712921690", "pid":"1", "tid":"cice"},
{"name":"ModelAdvance", "ph":"E", "ts":"2713393900", "pid":"1", "tid":"cice"},
{"name":"ModelAdvance", "ph":"B", "ts":"2713526705", "pid":"1", "tid":"cice"},
{"name":"ModelAdvance", "ph":"E", "ts":"2714003297", "pid":"1", "tid":"cice"},
{"name":"ModelAdvance", "ph":"B", "ts":"2714132824", "pid":"1", "tid":"cice"},
{"name":"ModelAdvance", "ph":"E", "ts":"2714603721", "pid":"1", "tid":"cice"},
{"name":"ModelAdvance", "ph":"B", "ts":"2714735774", "pid":"1", "tid":"cice"},
{"name":"ModelAdvance", "ph":"E", "ts":"2715208508", "pid":"1", "tid":"cice"},
{"name":"ModelAdvance", "ph":"B", "ts":"2715344105", "pid":"1", "tid":"cice"},
{"name":"ModelAdvance", "ph":"E", "ts":"2715825123", "pid":"1", "tid":"cice"},
{"name":"ModelAdvance", "ph":"B", "ts":"2715964620", "pid":"1", "tid":"cice"},
{"name":"ModelAdvance", "ph":"E", "ts":"2716434754", "pid":"1", "tid":"cice"},
{"name":"ModelAdvance", "ph":"B", "ts":"2716569870", "pid":"1", "tid":"cice"},
{"name":"ModelAdvance", "ph":"E", "ts":"2717044040", "pid":"1", "tid":"cice"},
{"name":"ModelAdvance", "ph":"B", "ts":"2717185952", "pid":"1", "tid":"cice"},
{"name":"ModelAdvance", "ph":"E", "ts":"2717661382", "pid":"1", "tid":"cice"},
{"name":"ModelAdvance", "ph":"B", "ts":"2717831937", "pid":"1", "tid":"cice"},
{"name":"ModelAdvance", "ph":"E", "ts":"2718306456", "pid":"1", "tid":"cice"},
{"name":"ModelAdvance", "ph":"B", "ts":"2718439869", "pid":"1", "tid":"cice"},
{"name":"ModelAdvance", "ph":"E", "ts":"2718917010", "pid":"1", "tid":"cice"},
{"name":"ModelAdvance", "ph":"B", "ts":"2719051510", "pid":"1", "tid":"cice"},
{"name":"ModelAdvance", "ph":"E", "ts":"2719530078", "pid":"1", "tid":"cice"},
{"name":"ModelAdvance", "ph":"B", "ts":"2719661139", "pid":"1", "tid":"cice"},
{"name":"ModelAdvance", "ph":"E", "ts":"2720131858", "pid":"1", "tid":"cice"},
{"name":"ModelAdvance", "ph":"B", "ts":"2720266653", "pid":"1", "tid":"cice"},
{"name":"ModelAdvance", "ph":"E", "ts":"2720743323", "pid":"1", "tid":"cice"},
{"name":"ModelAdvance", "ph":"B", "ts":"2720885866", "pid":"1", "tid":"cice"},
{"name":"ModelAdvance", "ph":"E", "ts":"2721367630", "pid":"1", "tid":"cice"},
{"name":"ModelAdvance", "ph":"B", "ts":"2721486807", "pid":"1", "tid":"cice"},
{"name":"ModelAdvance", "ph":"E", "ts":"2721970419", "pid":"1", "tid":"cice"},
{"name":"ModelAdvance", "ph":"B", "ts":"2722092756", "pid":"1", "tid":"cice"},
{"name":"ModelAdvance", "ph":"E", "ts":"2722562151", "pid":"1", "tid":"cice"},
{"name":"ModelAdvance", "ph":"B", "ts":"2722687607", "pid":"1", "tid":"cice"},
{"name":"ModelAdvance", "ph":"E", "ts":"2723163966", "pid":"1", "tid":"cice"},
{"name":"ModelAdvance", "ph":"B", "ts":"2723295791", "pid":"1", "tid":"cice"},
{"name":"ModelAdvance", "ph":"E", "ts":"2723771367", "pid":"1", "tid":"cice"},
{"name":"ModelAdvance", "ph":"B", "ts":"2723903801", "pid":"1", "tid":"cice"},
{"name":"ModelAdvance", "ph":"E", "ts":"2724379451", "pid":"1", "tid":"cice"},
{"name":"ModelAdvance", "ph":"B", "ts":"2724557369", "pid":"1", "tid":"cice"},
{"name":"ModelAdvance", "ph":"E", "ts":"2725042376", "pid":"1", "tid":"cice"},
{"name":"ModelAdvance", "ph":"B", "ts":"2725184748", "pid":"1", "tid":"cice"},
{"name":"ModelAdvance", "ph":"E", "ts":"2725664024", "pid":"1", "tid":"cice"},
{"name":"ModelAdvance", "ph":"B", "ts":"2725785578", "pid":"1", "tid":"cice"},
{"name":"ModelAdvance", "ph":"E", "ts":"2726266876", "pid":"1", "tid":"cice"},
{"name":"ModelAdvance", "ph":"B", "ts":"2726393023", "pid":"1", "tid":"cice"},
{"name":"ModelAdvance", "ph":"E", "ts":"2726874664", "pid":"1", "tid":"cice"},
{"name":"ModelAdvance", "ph":"B", "ts":"2727000625", "pid":"1", "tid":"cice"},
{"name":"ModelAdvance", "ph":"E", "ts":"2727483681", "pid":"1", "tid":"cice"},
{"name":"ModelAdvance", "ph":"B", "ts":"2728209269", "pid":"1", "tid":"cice"},
{"name":"ModelAdvance", "ph":"E", "ts":"2728692298", "pid":"1", "tid":"cice"},
{"name":"ModelAdvance", "ph":"B", "ts":"2728814260", "pid":"1", "tid":"cice"},
{"name":"ModelAdvance", "ph":"E", "ts":"2729289181", "pid":"1", "tid":"cice"},
{"name":"ModelAdvance", "ph":"B", "ts":"2729413239", "pid":"1", "tid":"cice"},
{"name":"ModelAdvance", "ph":"E", "ts":"2729879624", "pid":"1", "tid":"cice"},
{"name":"ModelAdvance", "ph":"B", "ts":"2730013612", "pid":"1", "tid":"cice"},
{"name":"ModelAdvance", "ph":"E", "ts":"2730482751", "pid":"1", "tid":"cice"},
{"name":"ModelAdvance", "ph":"B", "ts":"2730611955", "pid":"1", "tid":"cice"},
{"name":"ModelAdvance", "ph":"E", "ts":"2731090140", "pid":"1", "tid":"cice"},
{"name":"ModelAdvance", "ph":"B", "ts":"2731207946", "pid":"1", "tid":"cice"},
{"name":"ModelAdvance", "ph":"E", "ts":"2731692294", "pid":"1", "tid":"cice"},
{"name":"ModelAdvance", "ph":"B", "ts":"2731806475", "pid":"1", "tid":"cice"},
{"name":"ModelAdvance", "ph":"E", "ts":"2732289264", "pid":"1", "tid":"cice"},
{"name":"ModelAdvance", "ph":"B", "ts":"2732408870", "pid":"1", "tid":"cice"},
{"name":"ModelAdvance", "ph":"E", "ts":"2732887148", "pid":"1", "tid":"cice"},
{"name":"ModelAdvance", "ph":"B", "ts":"2733008153", "pid":"1", "tid":"cice"},
{"name":"ModelAdvance", "ph":"E", "ts":"2733482536", "pid":"1", "tid":"cice"},
{"name":"ModelAdvance", "ph":"B", "ts":"2733607261", "pid":"1", "tid":"cice"},
{"name":"ModelAdvance", "ph":"E", "ts":"2734090173", "pid":"1", "tid":"cice"},
{"name":"ModelAdvance", "ph":"B", "ts":"2734206522", "pid":"1", "tid":"cice"},
{"name":"ModelAdvance", "ph":"E", "ts":"2734679710", "pid":"1", "tid":"cice"},
{"name":"ModelAdvance", "ph":"B", "ts":"2734816636", "pid":"1", "tid":"cice"},
{"name":"ModelAdvance", "ph":"E", "ts":"2735287148", "pid":"1", "tid":"cice"},
{"name":"ModelAdvance", "ph":"B", "ts":"2735413475", "pid":"1", "tid":"cice"},
{"name":"ModelAdvance", "ph":"E", "ts":"2735890748", "pid":"1", "tid":"cice"},
{"name":"ModelAdvance", "ph":"B", "ts":"2736015443", "pid":"1", "tid":"cice"},
{"name":"ModelAdvance", "ph":"E", "ts":"2736487170", "pid":"1", "tid":"cice"},
{"name":"ModelAdvance", "ph":"B", "ts":"2736613639", "pid":"1", "tid":"cice"},
{"name":"ModelAdvance", "ph":"E", "ts":"2737099245", "pid":"1", "tid":"cice"},
{"name":"ModelAdvance", "ph":"B", "ts":"2737218163", "pid":"1", "tid":"cice"},
{"name":"ModelAdvance", "ph":"E", "ts":"2737698407", "pid":"1", "tid":"cice"},
{"name":"ModelAdvance", "ph":"B", "ts":"2737815660", "pid":"1", "tid":"cice"},
{"name":"ModelAdvance", "ph":"E", "ts":"2738289468", "pid":"1", "tid":"cice"},
{"name":"ModelAdvance", "ph":"B", "ts":"2738418129", "pid":"1", "tid":"cice"},
{"name":"ModelAdvance", "ph":"E", "ts":"2738889559", "pid":"1", "tid":"cice"},
{"name":"ModelAdvance", "ph":"B", "ts":"2739018113", "pid":"1", "tid":"cice"},
{"name":"ModelAdvance", "ph":"E", "ts":"2739495389", "pid":"1", "tid":"cice"},
{"name":"ModelAdvance", "ph":"B", "ts":"2739614236", "pid":"1", "tid":"cice"},
{"name":"ModelAdvance", "ph":"E", "ts":"2740082884", "pid":"1", "tid":"cice"},
{"name":"ModelAdvance", "ph":"B", "ts":"2740209945", "pid":"1", "tid":"cice"},
{"name":"ModelAdvance", "ph":"E", "ts":"2740680574", "pid":"1", "tid":"cice"},
{"name":"ModelAdvance", "ph":"B", "ts":"2740806290", "pid":"1", "tid":"cice"},
{"name":"ModelAdvance", "ph":"E", "ts":"2741288679", "pid":"1", "tid":"cice"},
{"name":"ModelAdvance", "ph":"B", "ts":"2741402512", "pid":"1", "tid":"cice"},
{"name":"ModelAdvance", "ph":"E", "ts":"2741882825", "pid":"1", "tid":"cice"},
{"name":"ModelAdvance", "ph":"B", "ts":"2742017041", "pid":"1", "tid":"cice"},
{"name":"ModelAdvance", "ph":"E", "ts":"2742494738", "pid":"1", "tid":"cice"},
{"name":"ModelAdvance", "ph":"B", "ts":"2743274491", "pid":"1", "tid":"cice"},
{"name":"ModelAdvance", "ph":"E", "ts":"2743748203", "pid":"1", "tid":"cice"},
{"name":"ModelAdvance", "ph":"B", "ts":"2743872883", "pid":"1", "tid":"cice"},
{"name":"ModelAdvance", "ph":"E", "ts":"2744338579", "pid":"1", "tid":"cice"},
{"name":"ModelAdvance", "ph":"B", "ts":"2744466693", "pid":"1", "tid":"cice"},
{"name":"ModelAdvance", "ph":"E", "ts":"2744945302", "pid":"1", "tid":"cice"},
{"name":"ModelAdvance", "ph":"B", "ts":"2745065319", "pid":"1", "tid":"cice"},
{"name":"ModelAdvance", "ph":"E", "ts":"2745537375", "pid":"1", "tid":"cice"},
{"name":"ModelAdvance", "ph":"B", "ts":"2745661027", "pid":"1", "tid":"cice"},
{"name":"ModelAdvance", "ph":"E", "ts":"2746132283", "pid":"1", "tid":"cice"},
{"name":"ModelAdvance", "ph":"B", "ts":"2746260459", "pid":"1", "tid":"cice"},
{"name":"ModelAdvance", "ph":"E", "ts":"2746738450", "pid":"1", "tid":"cice"},
{"name":"ModelAdvance", "ph":"B", "ts":"2746864365", "pid":"1", "tid":"cice"},
{"name":"ModelAdvance", "ph":"E", "ts":"2747347168", "pid":"1", "tid":"cice"},
{"name":"ModelAdvance", "ph":"B", "ts":"2747460568", "pid":"1", "tid":"cice"},
{"name":"ModelAdvance", "ph":"E", "ts":"2747933799", "pid":"1", "tid":"cice"},
{"name":"ModelAdvance", "ph":"B", "ts":"2748058802", "pid":"1", "tid":"cice"},
{"name":"ModelAdvance", "ph":"E", "ts":"2748527093", "pid":"1", "tid":"cice"},
{"name":"ModelAdvance", "ph":"B", "ts":"2748657448", "pid":"1", "tid":"cice"},
{"name":"ModelAdvance", "ph":"E", "ts":"2749136559", "pid":"1", "tid":"cice"},
{"name":"ModelAdvance", "ph":"B", "ts":"2749251686", "pid":"1", "tid":"cice"},
{"name":"ModelAdvance", "ph":"E", "ts":"2749733246", "pid":"1", "tid":"cice"},
{"name":"ModelAdvance", "ph":"B", "ts":"2749861649", "pid":"1", "tid":"cice"},
{"name":"ModelAdvance", "ph":"E", "ts":"2750340185", "pid":"1", "tid":"cice"},
{"name":"ModelAdvance", "ph":"B", "ts":"2750459178", "pid":"1", "tid":"cice"},
{"name":"ModelAdvance", "ph":"E", "ts":"2750945841", "pid":"1", "tid":"cice"},
{"name":"ModelAdvance", "ph":"B", "ts":"2751064357", "pid":"1", "tid":"cice"},
{"name":"ModelAdvance", "ph":"E", "ts":"2751540355", "pid":"1", "tid":"cice"},
{"name":"ModelAdvance", "ph":"B", "ts":"2751662849", "pid":"1", "tid":"cice"},
{"name":"ModelAdvance", "ph":"E", "ts":"2752135164", "pid":"1", "tid":"cice"},
{"name":"ModelAdvance", "ph":"B", "ts":"2752258297", "pid":"1", "tid":"cice"},
{"name":"ModelAdvance", "ph":"E", "ts":"2752741054", "pid":"1", "tid":"cice"},
{"name":"ModelAdvance", "ph":"B", "ts":"2752857126", "pid":"1", "tid":"cice"},
{"name":"ModelAdvance", "ph":"E", "ts":"2753339028", "pid":"1", "tid":"cice"},
{"name":"ModelAdvance", "ph":"B", "ts":"2753454488", "pid":"1", "tid":"cice"},
{"name":"ModelAdvance", "ph":"E", "ts":"2753933554", "pid":"1", "tid":"cice"},
{"name":"ModelAdvance", "ph":"B", "ts":"2754052885", "pid":"1", "tid":"cice"},
{"name":"ModelAdvance", "ph":"E", "ts":"2754529987", "pid":"1", "tid":"cice"},
{"name":"ModelAdvance", "ph":"B", "ts":"2754648421", "pid":"1", "tid":"cice"},
{"name":"ModelAdvance", "ph":"E", "ts":"2755114535", "pid":"1", "tid":"cice"},
{"name":"ModelAdvance", "ph":"B", "ts":"2755242943", "pid":"1", "tid":"cice"},
{"name":"ModelAdvance", "ph":"E", "ts":"2755717626", "pid":"1", "tid":"cice"},
{"name":"ModelAdvance", "ph":"B", "ts":"2755843140", "pid":"1", "tid":"cice"},
{"name":"ModelAdvance", "ph":"E", "ts":"2756326445", "pid":"1", "tid":"cice"},
{"name":"ModelAdvance", "ph":"B", "ts":"2756440597", "pid":"1", "tid":"cice"},
{"name":"ModelAdvance", "ph":"E", "ts":"2757017709", "pid":"1", "tid":"cice"},
{"name":"ModelAdvance", "ph":"B", "ts":"2757064464", "pid":"1", "tid":"cice"},
{"name":"ModelAdvance", "ph":"E", "ts":"2757538501", "pid":"1", "tid":"cice"},
{"name":"ModelAdvance", "ph":"B", "ts":"2758265134", "pid":"1", "tid":"cice"},
{"name":"ModelAdvance", "ph":"E", "ts":"2758746424", "pid":"1", "tid":"cice"},
{"name":"ModelAdvance", "ph":"B", "ts":"2758862756", "pid":"1", "tid":"cice"},
{"name":"ModelAdvance", "ph":"E", "ts":"2759347280", "pid":"1", "tid":"cice"},
{"name":"ModelAdvance", "ph":"B", "ts":"2759462987", "pid":"1", "tid":"cice"},
{"name":"ModelAdvance", "ph":"E", "ts":"2759943511", "pid":"1", "tid":"cice"},
{"name":"ModelAdvance", "ph":"B", "ts":"2760067217", "pid":"1", "tid":"cice"},
{"name":"ModelAdvance", "ph":"E", "ts":"2760535890", "pid":"1", "tid":"cice"},
{"name":"ModelAdvance", "ph":"B", "ts":"2760667599", "pid":"1", "tid":"cice"},
{"name":"ModelAdvance", "ph":"E", "ts":"2761138882", "pid":"1", "tid":"cice"},
{"name":"ModelAdvance", "ph":"B", "ts":"2761269490", "pid":"1", "tid":"cice"},
{"name":"ModelAdvance", "ph":"E", "ts":"2761736741", "pid":"1", "tid":"cice"},
{"name":"ModelAdvance", "ph":"B", "ts":"2761866827", "pid":"1", "tid":"cice"},
{"name":"ModelAdvance", "ph":"E", "ts":"2762342021", "pid":"1", "tid":"cice"},
{"name":"ModelAdvance", "ph":"B", "ts":"2762469109", "pid":"1", "tid":"cice"},
{"name":"ModelAdvance", "ph":"E", "ts":"2762938726", "pid":"1", "tid":"cice"},
{"name":"ModelAdvance", "ph":"B", "ts":"2763067294", "pid":"1", "tid":"cice"},
{"name":"ModelAdvance", "ph":"E", "ts":"2763549370", "pid":"1", "tid":"cice"},
{"name":"ModelAdvance", "ph":"B", "ts":"2763671797", "pid":"1", "tid":"cice"},
{"name":"ModelAdvance", "ph":"E", "ts":"2764155479", "pid":"1", "tid":"cice"},
{"name":"ModelAdvance", "ph":"B", "ts":"2764272627", "pid":"1", "tid":"cice"},
{"name":"ModelAdvance", "ph":"E", "ts":"2764745767", "pid":"1", "tid":"cice"},
{"name":"ModelAdvance", "ph":"B", "ts":"2764890926", "pid":"1", "tid":"cice"},
{"name":"ModelAdvance", "ph":"E", "ts":"2765376126", "pid":"1", "tid":"cice"},
{"name":"ModelAdvance", "ph":"B", "ts":"2765494593", "pid":"1", "tid":"cice"},
{"name":"ModelAdvance", "ph":"E", "ts":"2765973201", "pid":"1", "tid":"cice"},
{"name":"ModelAdvance", "ph":"B", "ts":"2766096293", "pid":"1", "tid":"cice"},
{"name":"ModelAdvance", "ph":"E", "ts":"2766584745", "pid":"1", "tid":"cice"},
{"name":"ModelAdvance", "ph":"B", "ts":"2766697964", "pid":"1", "tid":"cice"},
{"name":"ModelAdvance", "ph":"E", "ts":"2767169515", "pid":"1", "tid":"cice"},
{"name":"ModelAdvance", "ph":"B", "ts":"2767297172", "pid":"1", "tid":"cice"},
{"name":"ModelAdvance", "ph":"E", "ts":"2767783031", "pid":"1", "tid":"cice"},
{"name":"ModelAdvance", "ph":"B", "ts":"2767897906", "pid":"1", "tid":"cice"},
{"name":"ModelAdvance", "ph":"E", "ts":"2768369764", "pid":"1", "tid":"cice"},
{"name":"ModelAdvance", "ph":"B", "ts":"2768501821", "pid":"1", "tid":"cice"},
{"name":"ModelAdvance", "ph":"E", "ts":"2768973065", "pid":"1", "tid":"cice"},
{"name":"ModelAdvance", "ph":"B", "ts":"2769104622", "pid":"1", "tid":"cice"},
{"name":"ModelAdvance", "ph":"E", "ts":"2769573214", "pid":"1", "tid":"cice"},
{"name":"ModelAdvance", "ph":"B", "ts":"2769697374", "pid":"1", "tid":"cice"},
{"name":"ModelAdvance", "ph":"E", "ts":"2770176730", "pid":"1", "tid":"cice"},
{"name":"ModelAdvance", "ph":"B", "ts":"2770299479", "pid":"1", "tid":"cice"},
{"name":"ModelAdvance", "ph":"E", "ts":"2770769930", "pid":"1", "tid":"cice"},
{"name":"ModelAdvance", "ph":"B", "ts":"2770891502", "pid":"1", "tid":"cice"},
{"name":"ModelAdvance", "ph":"E", "ts":"2771365614", "pid":"1", "tid":"cice"},
{"name":"ModelAdvance", "ph":"B", "ts":"2771496282", "pid":"1", "tid":"cice"},
{"name":"ModelAdvance", "ph":"E", "ts":"2771964990", "pid":"1", "tid":"cice"},
{"name":"ModelAdvance", "ph":"B", "ts":"2772105142", "pid":"1", "tid":"cice"},
{"name":"ModelAdvance", "ph":"E", "ts":"2772588544", "pid":"1", "tid":"cice"},
{"name":"ModelAdvance", "ph":"B", "ts":"2773365023", "pid":"1", "tid":"cice"},
{"name":"ModelAdvance", "ph":"E", "ts":"2773849385", "pid":"1", "tid":"cice"},
{"name":"ModelAdvance", "ph":"B", "ts":"2773973441", "pid":"1", "tid":"cice"},
{"name":"ModelAdvance", "ph":"E", "ts":"2774449267", "pid":"1", "tid":"cice"},
{"name":"ModelAdvance", "ph":"B", "ts":"2774579937", "pid":"1", "tid":"cice"},
{"name":"ModelAdvance", "ph":"E", "ts":"2775056774", "pid":"1", "tid":"cice"},
{"name":"ModelAdvance", "ph":"B", "ts":"2775174822", "pid":"1", "tid":"cice"},
{"name":"ModelAdvance", "ph":"E", "ts":"2775639844", "pid":"1", "tid":"cice"},
{"name":"ModelAdvance", "ph":"B", "ts":"2775769235", "pid":"1", "tid":"cice"},
{"name":"ModelAdvance", "ph":"E", "ts":"2776250303", "pid":"1", "tid":"cice"},
{"name":"ModelAdvance", "ph":"B", "ts":"2776368943", "pid":"1", "tid":"cice"},
{"name":"ModelAdvance", "ph":"E", "ts":"2776848996", "pid":"1", "tid":"cice"},
{"name":"ModelAdvance", "ph":"B", "ts":"2776974865", "pid":"1", "tid":"cice"},
{"name":"ModelAdvance", "ph":"E", "ts":"2777445052", "pid":"1", "tid":"cice"},
{"name":"ModelAdvance", "ph":"B", "ts":"2777572784", "pid":"1", "tid":"cice"},
{"name":"ModelAdvance", "ph":"E", "ts":"2778045371", "pid":"1", "tid":"cice"},
{"name":"ModelAdvance", "ph":"B", "ts":"2778167689", "pid":"1", "tid":"cice"},
{"name":"ModelAdvance", "ph":"E", "ts":"2778644932", "pid":"1", "tid":"cice"},
{"name":"ModelAdvance", "ph":"B", "ts":"2778768850", "pid":"1", "tid":"cice"},
{"name":"ModelAdvance", "ph":"E", "ts":"2779247589", "pid":"1", "tid":"cice"},
{"name":"ModelAdvance", "ph":"B", "ts":"2779372119", "pid":"1", "tid":"cice"},
{"name":"ModelAdvance", "ph":"E", "ts":"2779842121", "pid":"1", "tid":"cice"},
{"name":"ModelAdvance", "ph":"B", "ts":"2779978935", "pid":"1", "tid":"cice"},
{"name":"ModelAdvance", "ph":"E", "ts":"2780453154", "pid":"1", "tid":"cice"},
{"name":"ModelAdvance", "ph":"B", "ts":"2780579600", "pid":"1", "tid":"cice"},
{"name":"ModelAdvance", "ph":"E", "ts":"2781054433", "pid":"1", "tid":"cice"},
{"name":"ModelAdvance", "ph":"B", "ts":"2781176722", "pid":"1", "tid":"cice"},
{"name":"ModelAdvance", "ph":"E", "ts":"2781644358", "pid":"1", "tid":"cice"},
{"name":"ModelAdvance", "ph":"B", "ts":"2781777648", "pid":"1", "tid":"cice"},
{"name":"ModelAdvance", "ph":"E", "ts":"2782250767", "pid":"1", "tid":"cice"},
{"name":"ModelAdvance", "ph":"B", "ts":"2782368802", "pid":"1", "tid":"cice"},
{"name":"ModelAdvance", "ph":"E", "ts":"2782844320", "pid":"1", "tid":"cice"},
{"name":"ModelAdvance", "ph":"B", "ts":"2782970304", "pid":"1", "tid":"cice"},
{"name":"ModelAdvance", "ph":"E", "ts":"2783450927", "pid":"1", "tid":"cice"},
{"name":"ModelAdvance", "ph":"B", "ts":"2783587502", "pid":"1", "tid":"cice"},
{"name":"ModelAdvance", "ph":"E", "ts":"2784066316", "pid":"1", "tid":"cice"},
{"name":"ModelAdvance", "ph":"B", "ts":"2784188785", "pid":"1", "tid":"cice"},
{"name":"ModelAdvance", "ph":"E", "ts":"2784671160", "pid":"1", "tid":"cice"},
{"name":"ModelAdvance", "ph":"B", "ts":"2784784231", "pid":"1", "tid":"cice"},
{"name":"ModelAdvance", "ph":"E", "ts":"2785268784", "pid":"1", "tid":"cice"},
{"name":"ModelAdvance", "ph":"B", "ts":"2785386508", "pid":"1", "tid":"cice"},
{"name":"ModelAdvance", "ph":"E", "ts":"2785857969", "pid":"1", "tid":"cice"},
{"name":"ModelAdvance", "ph":"B", "ts":"2785985159", "pid":"1", "tid":"cice"},
{"name":"ModelAdvance", "ph":"E", "ts":"2786468237", "pid":"1", "tid":"cice"},
{"name":"ModelAdvance", "ph":"B", "ts":"2786584434", "pid":"1", "tid":"cice"},
{"name":"ModelAdvance", "ph":"E", "ts":"2787067555", "pid":"1", "tid":"cice"},
{"name":"ModelAdvance", "ph":"B", "ts":"2787201004", "pid":"1", "tid":"cice"},
{"name":"ModelAdvance", "ph":"E", "ts":"2787669990", "pid":"1", "tid":"cice"},
{"name":"ModelAdvance", "ph":"B", "ts":"2788427617", "pid":"1", "tid":"cice"},
{"name":"ModelAdvance", "ph":"E", "ts":"2788906655", "pid":"1", "tid":"cice"},
{"name":"ModelAdvance", "ph":"B", "ts":"2789026747", "pid":"1", "tid":"cice"},
{"name":"ModelAdvance", "ph":"E", "ts":"2789510169", "pid":"1", "tid":"cice"},
{"name":"ModelAdvance", "ph":"B", "ts":"2789626404", "pid":"1", "tid":"cice"},
{"name":"ModelAdvance", "ph":"E", "ts":"2790098057", "pid":"1", "tid":"cice"},
{"name":"ModelAdvance", "ph":"B", "ts":"2790227370", "pid":"1", "tid":"cice"},
{"name":"ModelAdvance", "ph":"E", "ts":"2790704440", "pid":"1", "tid":"cice"},
{"name":"ModelAdvance", "ph":"B", "ts":"2790822363", "pid":"1", "tid":"cice"},
{"name":"ModelAdvance", "ph":"E", "ts":"2791297883", "pid":"1", "tid":"cice"},
{"name":"ModelAdvance", "ph":"B", "ts":"2791421965", "pid":"1", "tid":"cice"},
{"name":"ModelAdvance", "ph":"E", "ts":"2791900334", "pid":"1", "tid":"cice"},
{"name":"ModelAdvance", "ph":"B", "ts":"2792021117", "pid":"1", "tid":"cice"},
{"name":"ModelAdvance", "ph":"E", "ts":"2792490419", "pid":"1", "tid":"cice"},
{"name":"ModelAdvance", "ph":"B", "ts":"2792617158", "pid":"1", "tid":"cice"},
{"name":"ModelAdvance", "ph":"E", "ts":"2793087600", "pid":"1", "tid":"cice"},
{"name":"ModelAdvance", "ph":"B", "ts":"2793212564", "pid":"1", "tid":"cice"},
{"name":"ModelAdvance", "ph":"E", "ts":"2793700630", "pid":"1", "tid":"cice"},
{"name":"ModelAdvance", "ph":"B", "ts":"2793823963", "pid":"1", "tid":"cice"},
{"name":"ModelAdvance", "ph":"E", "ts":"2794307517", "pid":"1", "tid":"cice"},
{"name":"ModelAdvance", "ph":"B", "ts":"2794424726", "pid":"1", "tid":"cice"},
{"name":"ModelAdvance", "ph":"E", "ts":"2794896646", "pid":"1", "tid":"cice"},
{"name":"ModelAdvance", "ph":"B", "ts":"2795028849", "pid":"1", "tid":"cice"},
{"name":"ModelAdvance", "ph":"E", "ts":"2795495895", "pid":"1", "tid":"cice"},
{"name":"ModelAdvance", "ph":"B", "ts":"2795629624", "pid":"1", "tid":"cice"},
{"name":"ModelAdvance", "ph":"E", "ts":"2796108864", "pid":"1", "tid":"cice"},
{"name":"ModelAdvance", "ph":"B", "ts":"2796222759", "pid":"1", "tid":"cice"},
{"name":"ModelAdvance", "ph":"E", "ts":"2796703573", "pid":"1", "tid":"cice"},
{"name":"ModelAdvance", "ph":"B", "ts":"2796824712", "pid":"1", "tid":"cice"},
{"name":"ModelAdvance", "ph":"E", "ts":"2797310589", "pid":"1", "tid":"cice"},
{"name":"ModelAdvance", "ph":"B", "ts":"2797425652", "pid":"1", "tid":"cice"},
{"name":"ModelAdvance", "ph":"E", "ts":"2797905300", "pid":"1", "tid":"cice"},
{"name":"ModelAdvance", "ph":"B", "ts":"2798019989", "pid":"1", "tid":"cice"},
{"name":"ModelAdvance", "ph":"E", "ts":"2798501406", "pid":"1", "tid":"cice"},
{"name":"ModelAdvance", "ph":"B", "ts":"2798617477", "pid":"1", "tid":"cice"},
{"name":"ModelAdvance", "ph":"E", "ts":"2799096970", "pid":"1", "tid":"cice"},
{"name":"ModelAdvance", "ph":"B", "ts":"2799217185", "pid":"1", "tid":"cice"},
{"name":"ModelAdvance", "ph":"E", "ts":"2799697546", "pid":"1", "tid":"cice"},
{"name":"ModelAdvance", "ph":"B", "ts":"2799816449", "pid":"1", "tid":"cice"},
{"name":"ModelAdvance", "ph":"E", "ts":"2800297574", "pid":"1", "tid":"cice"},
{"name":"ModelAdvance", "ph":"B", "ts":"2800414342", "pid":"1", "tid":"cice"},
{"name":"ModelAdvance", "ph":"E", "ts":"2800898106", "pid":"1", "tid":"cice"},
{"name":"ModelAdvance", "ph":"B", "ts":"2801013000", "pid":"1", "tid":"cice"},
{"name":"ModelAdvance", "ph":"E", "ts":"2801483147", "pid":"1", "tid":"cice"},
{"name":"ModelAdvance", "ph":"B", "ts":"2801616003", "pid":"1", "tid":"cice"},
{"name":"ModelAdvance", "ph":"E", "ts":"2802083724", "pid":"1", "tid":"cice"},
{"name":"ModelAdvance", "ph":"B", "ts":"2802258210", "pid":"1", "tid":"cice"},
{"name":"ModelAdvance", "ph":"E", "ts":"2802737929", "pid":"1", "tid":"cice"},
{"name":"ModelAdvance", "ph":"B", "ts":"2803507101", "pid":"1", "tid":"cice"},
{"name":"ModelAdvance", "ph":"E", "ts":"2803971714", "pid":"1", "tid":"cice"},
{"name":"ModelAdvance", "ph":"B", "ts":"2804107689", "pid":"1", "tid":"cice"},
{"name":"ModelAdvance", "ph":"E", "ts":"2804573070", "pid":"1", "tid":"cice"},
{"name":"ModelAdvance", "ph":"B", "ts":"2804702932", "pid":"1", "tid":"cice"},
{"name":"ModelAdvance", "ph":"E", "ts":"2805178590", "pid":"1", "tid":"cice"},
{"name":"ModelAdvance", "ph":"B", "ts":"2805304719", "pid":"1", "tid":"cice"},
{"name":"ModelAdvance", "ph":"E", "ts":"2805784072", "pid":"1", "tid":"cice"},
{"name":"ModelAdvance", "ph":"B", "ts":"2805902722", "pid":"1", "tid":"cice"},
{"name":"ModelAdvance", "ph":"E", "ts":"2806385685", "pid":"1", "tid":"cice"},
{"name":"ModelAdvance", "ph":"B", "ts":"2806501202", "pid":"1", "tid":"cice"},
{"name":"ModelAdvance", "ph":"E", "ts":"2806988135", "pid":"1", "tid":"cice"},
{"name":"ModelAdvance", "ph":"B", "ts":"2807100673", "pid":"1", "tid":"cice"},
{"name":"ModelAdvance", "ph":"E", "ts":"2807579158", "pid":"1", "tid":"cice"},
{"name":"ModelAdvance", "ph":"B", "ts":"2807699033", "pid":"1", "tid":"cice"},
{"name":"ModelAdvance", "ph":"E", "ts":"2808173094", "pid":"1", "tid":"cice"},
{"name":"ModelAdvance", "ph":"B", "ts":"2808296164", "pid":"1", "tid":"cice"},
{"name":"ModelAdvance", "ph":"E", "ts":"2808776941", "pid":"1", "tid":"cice"},
{"name":"ModelAdvance", "ph":"B", "ts":"2808896533", "pid":"1", "tid":"cice"},
{"name":"ModelAdvance", "ph":"E", "ts":"2809372603", "pid":"1", "tid":"cice"},
{"name":"ModelAdvance", "ph":"B", "ts":"2809489033", "pid":"1", "tid":"cice"},
{"name":"ModelAdvance", "ph":"E", "ts":"2809974537", "pid":"1", "tid":"cice"},
{"name":"ModelAdvance", "ph":"B", "ts":"2810102364", "pid":"1", "tid":"cice"},
{"name":"ModelAdvance", "ph":"E", "ts":"2810584142", "pid":"1", "tid":"cice"},
{"name":"ModelAdvance", "ph":"B", "ts":"2810698833", "pid":"1", "tid":"cice"},
{"name":"ModelAdvance", "ph":"E", "ts":"2811182203", "pid":"1", "tid":"cice"},
{"name":"ModelAdvance", "ph":"B", "ts":"2811300139", "pid":"1", "tid":"cice"},
{"name":"ModelAdvance", "ph":"E", "ts":"2811776729", "pid":"1", "tid":"cice"},
{"name":"ModelAdvance", "ph":"B", "ts":"2811901774", "pid":"1", "tid":"cice"},
{"name":"ModelAdvance", "ph":"E", "ts":"2812383999", "pid":"1", "tid":"cice"},
{"name":"ModelAdvance", "ph":"B", "ts":"2812499934", "pid":"1", "tid":"cice"},
{"name":"ModelAdvance", "ph":"E", "ts":"2812975259", "pid":"1", "tid":"cice"},
{"name":"ModelAdvance", "ph":"B", "ts":"2813103245", "pid":"1", "tid":"cice"},
{"name":"ModelAdvance", "ph":"E", "ts":"2813572607", "pid":"1", "tid":"cice"},
{"name":"ModelAdvance", "ph":"B", "ts":"2813695377", "pid":"1", "tid":"cice"},
{"name":"ModelAdvance", "ph":"E", "ts":"2814170285", "pid":"1", "tid":"cice"},
{"name":"ModelAdvance", "ph":"B", "ts":"2814296044", "pid":"1", "tid":"cice"},
{"name":"ModelAdvance", "ph":"E", "ts":"2814758829", "pid":"1", "tid":"cice"},
{"name":"ModelAdvance", "ph":"B", "ts":"2814893757", "pid":"1", "tid":"cice"},
{"name":"ModelAdvance", "ph":"E", "ts":"2815373379", "pid":"1", "tid":"cice"},
{"name":"ModelAdvance", "ph":"B", "ts":"2815491463", "pid":"1", "tid":"cice"},
{"name":"ModelAdvance", "ph":"E", "ts":"2815962499", "pid":"1", "tid":"cice"},
{"name":"ModelAdvance", "ph":"B", "ts":"2816092823", "pid":"1", "tid":"cice"},
{"name":"ModelAdvance", "ph":"E", "ts":"2816571755", "pid":"1", "tid":"cice"},
{"name":"ModelAdvance", "ph":"B", "ts":"2816693728", "pid":"1", "tid":"cice"},
{"name":"ModelAdvance", "ph":"E", "ts":"2817172697", "pid":"1", "tid":"cice"},
{"name":"ModelAdvance", "ph":"B", "ts":"2817298823", "pid":"1", "tid":"cice"},
{"name":"ModelAdvance", "ph":"E", "ts":"2817772705", "pid":"1", "tid":"cice"},
{"name":"ModelAdvance", "ph":"B", "ts":"2818573222", "pid":"1", "tid":"cice"},
{"name":"ModelAdvance", "ph":"E", "ts":"2819044177", "pid":"1", "tid":"cice"},
{"name":"ModelAdvance", "ph":"B", "ts":"2819170622", "pid":"1", "tid":"cice"},
{"name":"ModelAdvance", "ph":"E", "ts":"2819653168", "pid":"1", "tid":"cice"},
{"name":"ModelAdvance", "ph":"B", "ts":"2819771849", "pid":"1", "tid":"cice"},
{"name":"ModelAdvance", "ph":"E", "ts":"2820252330", "pid":"1", "tid":"cice"},
{"name":"ModelAdvance", "ph":"B", "ts":"2820380667", "pid":"1", "tid":"cice"},
{"name":"ModelAdvance", "ph":"E", "ts":"2820855926", "pid":"1", "tid":"cice"},
{"name":"ModelAdvance", "ph":"B", "ts":"2820976343", "pid":"1", "tid":"cice"},
{"name":"ModelAdvance", "ph":"E", "ts":"2821446796", "pid":"1", "tid":"cice"},
{"name":"ModelAdvance", "ph":"B", "ts":"2821577041", "pid":"1", "tid":"cice"},
{"name":"ModelAdvance", "ph":"E", "ts":"2822045420", "pid":"1", "tid":"cice"},
{"name":"ModelAdvance", "ph":"B", "ts":"2822181991", "pid":"1", "tid":"cice"},
{"name":"ModelAdvance", "ph":"E", "ts":"2822641341", "pid":"1", "tid":"cice"},
{"name":"ModelAdvance", "ph":"B", "ts":"2822773870", "pid":"1", "tid":"cice"},
{"name":"ModelAdvance", "ph":"E", "ts":"2823252613", "pid":"1", "tid":"cice"},
{"name":"ModelAdvance", "ph":"B", "ts":"2823373147", "pid":"1", "tid":"cice"},
{"name":"ModelAdvance", "ph":"E", "ts":"2823842622", "pid":"1", "tid":"cice"},
{"name":"ModelAdvance", "ph":"B", "ts":"2824009024", "pid":"1", "tid":"cice"},
{"name":"ModelAdvance", "ph":"E", "ts":"2824481415", "pid":"1", "tid":"cice"},
{"name":"ModelAdvance", "ph":"B", "ts":"2824607774", "pid":"1", "tid":"cice"},
{"name":"ModelAdvance", "ph":"E", "ts":"2825082683", "pid":"1", "tid":"cice"},
{"name":"ModelAdvance", "ph":"B", "ts":"2825215576", "pid":"1", "tid":"cice"},
{"name":"ModelAdvance", "ph":"E", "ts":"2825695115", "pid":"1", "tid":"cice"},
{"name":"ModelAdvance", "ph":"B", "ts":"2825821114", "pid":"1", "tid":"cice"},
{"name":"ModelAdvance", "ph":"E", "ts":"2826292172", "pid":"1", "tid":"cice"},
{"name":"ModelAdvance", "ph":"B", "ts":"2826417923", "pid":"1", "tid":"cice"},
{"name":"ModelAdvance", "ph":"E", "ts":"2826888217", "pid":"1", "tid":"cice"},
{"name":"ModelAdvance", "ph":"B", "ts":"2827016395", "pid":"1", "tid":"cice"},
{"name":"ModelAdvance", "ph":"E", "ts":"2827488128", "pid":"1", "tid":"cice"},
{"name":"ModelAdvance", "ph":"B", "ts":"2827615330", "pid":"1", "tid":"cice"},
{"name":"ModelAdvance", "ph":"E", "ts":"2828086142", "pid":"1", "tid":"cice"},
{"name":"ModelAdvance", "ph":"B", "ts":"2828215518", "pid":"1", "tid":"cice"},
{"name":"ModelAdvance", "ph":"E", "ts":"2828689992", "pid":"1", "tid":"cice"},
{"name":"ModelAdvance", "ph":"B", "ts":"2828817466", "pid":"1", "tid":"cice"},
{"name":"ModelAdvance", "ph":"E", "ts":"2829286682", "pid":"1", "tid":"cice"},
{"name":"ModelAdvance", "ph":"B", "ts":"2831976012", "pid":"1", "tid":"cice"},
{"name":"ModelAdvance", "ph":"E", "ts":"2832449515", "pid":"1", "tid":"cice"},
{"name":"ModelAdvance", "ph":"B", "ts":"2832577604", "pid":"1", "tid":"cice"},
{"name":"ModelAdvance", "ph":"E", "ts":"2833040583", "pid":"1", "tid":"cice"},
{"name":"ModelAdvance", "ph":"B", "ts":"2833172568", "pid":"1", "tid":"cice"},
{"name":"ModelAdvance", "ph":"E", "ts":"2833646771", "pid":"1", "tid":"cice"},
{"name":"ModelAdvance", "ph":"B", "ts":"2833772193", "pid":"1", "tid":"cice"},
{"name":"ModelAdvance", "ph":"E", "ts":"2834244871", "pid":"1", "tid":"cice"},
{"name":"ModelAdvance", "ph":"B", "ts":"2834373007", "pid":"1", "tid":"cice"},
{"name":"ModelAdvance", "ph":"E", "ts":"2834838411", "pid":"1", "tid":"cice"},
{"name":"ModelAdvance", "ph":"B", "ts":"2834981942", "pid":"1", "tid":"cice"},
{"name":"ModelAdvance", "ph":"E", "ts":"2835455257", "pid":"1", "tid":"cice"},
{"name":"ModelAdvance", "ph":"B", "ts":"2836213426", "pid":"1", "tid":"cice"},
{"name":"ModelAdvance", "ph":"E", "ts":"2836683083", "pid":"1", "tid":"cice"},
{"name":"ModelAdvance", "ph":"B", "ts":"2836811852", "pid":"1", "tid":"cice"},
{"name":"ModelAdvance", "ph":"E", "ts":"2837286180", "pid":"1", "tid":"cice"},
{"name":"ModelAdvance", "ph":"B", "ts":"2837698033", "pid":"1", "tid":"cice"},
{"name":"ModelAdvance", "ph":"E", "ts":"2838165687", "pid":"1", "tid":"cice"},
{"name":"ModelAdvance", "ph":"B", "ts":"2838298346", "pid":"1", "tid":"cice"},
{"name":"ModelAdvance", "ph":"E", "ts":"2838787942", "pid":"1", "tid":"cice"},
{"name":"ModelAdvance", "ph":"B", "ts":"2838910712", "pid":"1", "tid":"cice"},
{"name":"ModelAdvance", "ph":"E", "ts":"2839381797", "pid":"1", "tid":"cice"},
{"name":"ModelAdvance", "ph":"B", "ts":"2839509391", "pid":"1", "tid":"cice"},
{"name":"ModelAdvance", "ph":"E", "ts":"2839983607", "pid":"1", "tid":"cice"},
{"name":"ModelAdvance", "ph":"B", "ts":"2840111699", "pid":"1", "tid":"cice"},
{"name":"ModelAdvance", "ph":"E", "ts":"2840579742", "pid":"1", "tid":"cice"},
{"name":"ModelAdvance", "ph":"B", "ts":"2840707874", "pid":"1", "tid":"cice"},
{"name":"ModelAdvance", "ph":"E", "ts":"2841176832", "pid":"1", "tid":"cice"},
{"name":"ModelAdvance", "ph":"B", "ts":"2841307566", "pid":"1", "tid":"cice"},
{"name":"ModelAdvance", "ph":"E", "ts":"2841773627", "pid":"1", "tid":"cice"},
{"name":"ModelAdvance", "ph":"B", "ts":"2841904302", "pid":"1", "tid":"cice"},
{"name":"ModelAdvance", "ph":"E", "ts":"2842378872", "pid":"1", "tid":"cice"},
{"name":"ModelAdvance", "ph":"B", "ts":"2842503994", "pid":"1", "tid":"cice"},
{"name":"ModelAdvance", "ph":"E", "ts":"2842966996", "pid":"1", "tid":"cice"},
{"name":"ModelAdvance", "ph":"B", "ts":"2843112917", "pid":"1", "tid":"cice"},
{"name":"ModelAdvance", "ph":"E", "ts":"2843581085", "pid":"1", "tid":"cice"},
{"name":"ModelAdvance", "ph":"B", "ts":"2843706136", "pid":"1", "tid":"cice"},
{"name":"ModelAdvance", "ph":"E", "ts":"2844169837", "pid":"1", "tid":"cice"},
{"name":"ModelAdvance", "ph":"B", "ts":"2844302372", "pid":"1", "tid":"cice"},
{"name":"ModelAdvance", "ph":"E", "ts":"2844771754", "pid":"1", "tid":"cice"},
{"name":"ModelAdvance", "ph":"B", "ts":"2844901619", "pid":"1", "tid":"cice"},
{"name":"ModelAdvance", "ph":"E", "ts":"2845372717", "pid":"1", "tid":"cice"},
{"name":"ModelAdvance", "ph":"B", "ts":"2845502642", "pid":"1", "tid":"cice"},
{"name":"ModelAdvance", "ph":"E", "ts":"2845972310", "pid":"1", "tid":"cice"},
{"name":"ModelAdvance", "ph":"B", "ts":"2846094835", "pid":"1", "tid":"cice"},
{"name":"ModelAdvance", "ph":"E", "ts":"2846562763", "pid":"1", "tid":"cice"},
{"name":"ModelAdvance", "ph":"B", "ts":"2846687487", "pid":"1", "tid":"cice"},
{"name":"ModelAdvance", "ph":"E", "ts":"2847152610", "pid":"1", "tid":"cice"},
{"name":"ModelAdvance", "ph":"B", "ts":"2847285732", "pid":"1", "tid":"cice"},
{"name":"ModelAdvance", "ph":"E", "ts":"2847753940", "pid":"1", "tid":"cice"},
{"name":"ModelAdvance", "ph":"B", "ts":"2847881983", "pid":"1", "tid":"cice"},
{"name":"ModelAdvance", "ph":"E", "ts":"2848350640", "pid":"1", "tid":"cice"},
{"name":"ModelAdvance", "ph":"B", "ts":"2848479973", "pid":"1", "tid":"cice"},
{"name":"ModelAdvance", "ph":"E", "ts":"2848953087", "pid":"1", "tid":"cice"},
{"name":"ModelAdvance", "ph":"B", "ts":"2849076689", "pid":"1", "tid":"cice"},
{"name":"ModelAdvance", "ph":"E", "ts":"2849540338", "pid":"1", "tid":"cice"},
{"name":"ModelAdvance", "ph":"B", "ts":"2849673177", "pid":"1", "tid":"cice"},
{"name":"ModelAdvance", "ph":"E", "ts":"2850246249", "pid":"1", "tid":"cice"},
{"name":"ModelAdvance", "ph":"B", "ts":"2850291345", "pid":"1", "tid":"cice"},
{"name":"ModelAdvance", "ph":"E", "ts":"2850759732", "pid":"1", "tid":"cice"},
{"name":"ModelAdvance", "ph":"B", "ts":"2851504172", "pid":"1", "tid":"cice"},
{"name":"ModelAdvance", "ph":"E", "ts":"2851982852", "pid":"1", "tid":"cice"},
{"name":"ModelAdvance", "ph":"B", "ts":"2852104898", "pid":"1", "tid":"cice"},
{"name":"ModelAdvance", "ph":"E", "ts":"2852575395", "pid":"1", "tid":"cice"},
{"name":"ModelAdvance", "ph":"B", "ts":"2852703360", "pid":"1", "tid":"cice"},
{"name":"ModelAdvance", "ph":"E", "ts":"2853166800", "pid":"1", "tid":"cice"},
{"name":"ModelAdvance", "ph":"B", "ts":"2853303143", "pid":"1", "tid":"cice"},
{"name":"ModelAdvance", "ph":"E", "ts":"2853773832", "pid":"1", "tid":"cice"},
{"name":"ModelAdvance", "ph":"B", "ts":"2853897511", "pid":"1", "tid":"cice"},
{"name":"ModelAdvance", "ph":"E", "ts":"2854368652", "pid":"1", "tid":"cice"},
{"name":"ModelAdvance", "ph":"B", "ts":"2854494341", "pid":"1", "tid":"cice"},
{"name":"ModelAdvance", "ph":"E", "ts":"2854964305", "pid":"1", "tid":"cice"},
{"name":"ModelAdvance", "ph":"B", "ts":"2855090808", "pid":"1", "tid":"cice"},
{"name":"ModelAdvance", "ph":"E", "ts":"2855561118", "pid":"1", "tid":"cice"},
{"name":"ModelAdvance", "ph":"B", "ts":"2855683129", "pid":"1", "tid":"cice"},
{"name":"ModelAdvance", "ph":"E", "ts":"2856155866", "pid":"1", "tid":"cice"},
{"name":"ModelAdvance", "ph":"B", "ts":"2856284773", "pid":"1", "tid":"cice"},
{"name":"ModelAdvance", "ph":"E", "ts":"2856756484", "pid":"1", "tid":"cice"},
{"name":"ModelAdvance", "ph":"B", "ts":"2856884741", "pid":"1", "tid":"cice"},
{"name":"ModelAdvance", "ph":"E", "ts":"2857357612", "pid":"1", "tid":"cice"},
{"name":"ModelAdvance", "ph":"B", "ts":"2857477365", "pid":"1", "tid":"cice"},
{"name":"ModelAdvance", "ph":"E", "ts":"2857949142", "pid":"1", "tid":"cice"},
{"name":"ModelAdvance", "ph":"B", "ts":"2858080940", "pid":"1", "tid":"cice"},
{"name":"ModelAdvance", "ph":"E", "ts":"2858553733", "pid":"1", "tid":"cice"},
{"name":"ModelAdvance", "ph":"B", "ts":"2858677309", "pid":"1", "tid":"cice"},
{"name":"ModelAdvance", "ph":"E", "ts":"2859153895", "pid":"1", "tid":"cice"},
{"name":"ModelAdvance", "ph":"B", "ts":"2859275194", "pid":"1", "tid":"cice"},
{"name":"ModelAdvance", "ph":"E", "ts":"2859744430", "pid":"1", "tid":"cice"},
{"name":"ModelAdvance", "ph":"B", "ts":"2859869402", "pid":"1", "tid":"cice"},
{"name":"ModelAdvance", "ph":"E", "ts":"2860341327", "pid":"1", "tid":"cice"},
{"name":"ModelAdvance", "ph":"B", "ts":"2860466336", "pid":"1", "tid":"cice"},
{"name":"ModelAdvance", "ph":"E", "ts":"2860933930", "pid":"1", "tid":"cice"},
{"name":"ModelAdvance", "ph":"B", "ts":"2861063078", "pid":"1", "tid":"cice"},
{"name":"ModelAdvance", "ph":"E", "ts":"2861525342", "pid":"1", "tid":"cice"},
{"name":"ModelAdvance", "ph":"B", "ts":"2861655188", "pid":"1", "tid":"cice"},
{"name":"ModelAdvance", "ph":"E", "ts":"2862125245", "pid":"1", "tid":"cice"},
{"name":"ModelAdvance", "ph":"B", "ts":"2862254338", "pid":"1", "tid":"cice"},
{"name":"ModelAdvance", "ph":"E", "ts":"2862729332", "pid":"1", "tid":"cice"},
{"name":"ModelAdvance", "ph":"B", "ts":"2862847514", "pid":"1", "tid":"cice"},
{"name":"ModelAdvance", "ph":"E", "ts":"2863320935", "pid":"1", "tid":"cice"},
{"name":"ModelAdvance", "ph":"B", "ts":"2863442008", "pid":"1", "tid":"cice"},
{"name":"ModelAdvance", "ph":"E", "ts":"2863912721", "pid":"1", "tid":"cice"},
{"name":"ModelAdvance", "ph":"B", "ts":"2864036946", "pid":"1", "tid":"cice"},
{"name":"ModelAdvance", "ph":"E", "ts":"2864509054", "pid":"1", "tid":"cice"},
{"name":"ModelAdvance", "ph":"B", "ts":"2864636273", "pid":"1", "tid":"cice"},
{"name":"ModelAdvance", "ph":"E", "ts":"2865117713", "pid":"1", "tid":"cice"},
{"name":"ModelAdvance", "ph":"B", "ts":"2870711123", "pid":"1", "tid":"cice"},
{"name":"ModelAdvance", "ph":"E", "ts":"2871182152", "pid":"1", "tid":"cice"},
{"name":"ModelAdvance", "ph":"B", "ts":"2872005354", "pid":"1", "tid":"cice"},
{"name":"ModelAdvance", "ph":"E", "ts":"2872474494", "pid":"1", "tid":"cice"},
{"name":"ModelAdvance", "ph":"B", "ts":"2872599823", "pid":"1", "tid":"cice"},
{"name":"ModelAdvance", "ph":"E", "ts":"2873073647", "pid":"1", "tid":"cice"},
{"name":"ModelAdvance", "ph":"B", "ts":"2873196328", "pid":"1", "tid":"cice"},
{"name":"ModelAdvance", "ph":"E", "ts":"2873674332", "pid":"1", "tid":"cice"},
{"name":"ModelAdvance", "ph":"B", "ts":"2873790566", "pid":"1", "tid":"cice"},
{"name":"ModelAdvance", "ph":"E", "ts":"2874265080", "pid":"1", "tid":"cice"},
{"name":"ModelAdvance", "ph":"B", "ts":"2874387134", "pid":"1", "tid":"cice"},
{"name":"ModelAdvance", "ph":"E", "ts":"2874856325", "pid":"1", "tid":"cice"},
{"name":"ModelAdvance", "ph":"B", "ts":"2874981828", "pid":"1", "tid":"cice"},
{"name":"ModelAdvance", "ph":"E", "ts":"2875463691", "pid":"1", "tid":"cice"},
{"name":"ModelAdvance", "ph":"B", "ts":"2875578267", "pid":"1", "tid":"cice"},
{"name":"ModelAdvance", "ph":"E", "ts":"2876053080", "pid":"1", "tid":"cice"},
{"name":"ModelAdvance", "ph":"B", "ts":"2876173423", "pid":"1", "tid":"cice"},
{"name":"ModelAdvance", "ph":"E", "ts":"2876640989", "pid":"1", "tid":"cice"},
{"name":"ModelAdvance", "ph":"B", "ts":"2876769616", "pid":"1", "tid":"cice"},
{"name":"ModelAdvance", "ph":"E", "ts":"2877239001", "pid":"1", "tid":"cice"},
{"name":"ModelAdvance", "ph":"B", "ts":"2877364639", "pid":"1", "tid":"cice"},
{"name":"ModelAdvance", "ph":"E", "ts":"2877833928", "pid":"1", "tid":"cice"},
{"name":"ModelAdvance", "ph":"B", "ts":"2877956554", "pid":"1", "tid":"cice"},
{"name":"ModelAdvance", "ph":"E", "ts":"2878424107", "pid":"1", "tid":"cice"},
{"name":"ModelAdvance", "ph":"B", "ts":"2878561627", "pid":"1", "tid":"cice"},
{"name":"ModelAdvance", "ph":"E", "ts":"2879042307", "pid":"1", "tid":"cice"},
{"name":"ModelAdvance", "ph":"B", "ts":"2879158525", "pid":"1", "tid":"cice"},
{"name":"ModelAdvance", "ph":"E", "ts":"2879638453", "pid":"1", "tid":"cice"},
{"name":"ModelAdvance", "ph":"B", "ts":"2879753579", "pid":"1", "tid":"cice"},
{"name":"ModelAdvance", "ph":"E", "ts":"2880225919", "pid":"1", "tid":"cice"},
{"name":"ModelAdvance", "ph":"B", "ts":"2880351214", "pid":"1", "tid":"cice"},
{"name":"ModelAdvance", "ph":"E", "ts":"2880821200", "pid":"1", "tid":"cice"},
{"name":"ModelAdvance", "ph":"B", "ts":"2880941727", "pid":"1", "tid":"cice"},
{"name":"ModelAdvance", "ph":"E", "ts":"2881416137", "pid":"1", "tid":"cice"},
{"name":"ModelAdvance", "ph":"B", "ts":"2881540521", "pid":"1", "tid":"cice"},
{"name":"ModelAdvance", "ph":"E", "ts":"2882005757", "pid":"1", "tid":"cice"},
{"name":"ModelAdvance", "ph":"B", "ts":"2882137990", "pid":"1", "tid":"cice"},
{"name":"ModelAdvance", "ph":"E", "ts":"2882607649", "pid":"1", "tid":"cice"},
{"name":"ModelAdvance", "ph":"B", "ts":"2882732935", "pid":"1", "tid":"cice"},
{"name":"ModelAdvance", "ph":"E", "ts":"2883200051", "pid":"1", "tid":"cice"},
{"name":"ModelAdvance", "ph":"B", "ts":"2883324403", "pid":"1", "tid":"cice"},
{"name":"ModelAdvance", "ph":"E", "ts":"2883804307", "pid":"1", "tid":"cice"},
{"name":"ModelAdvance", "ph":"B", "ts":"2883917826", "pid":"1", "tid":"cice"},
{"name":"ModelAdvance", "ph":"E", "ts":"2884396599", "pid":"1", "tid":"cice"},
{"name":"ModelAdvance", "ph":"B", "ts":"2884519828", "pid":"1", "tid":"cice"},
{"name":"ModelAdvance", "ph":"E", "ts":"2884994506", "pid":"1", "tid":"cice"},
{"name":"ModelAdvance", "ph":"B", "ts":"2885115573", "pid":"1", "tid":"cice"},
{"name":"ModelAdvance", "ph":"E", "ts":"2885597702", "pid":"1", "tid":"cice"},
{"name":"ModelAdvance", "ph":"B", "ts":"2885727113", "pid":"1", "tid":"cice"},
{"name":"ModelAdvance", "ph":"E", "ts":"2886201488", "pid":"1", "tid":"cice"},
{"name":"ModelAdvance", "ph":"B", "ts":"2886959339", "pid":"1", "tid":"cice"},
{"name":"ModelAdvance", "ph":"E", "ts":"2887434707", "pid":"1", "tid":"cice"},
{"name":"ModelAdvance", "ph":"B", "ts":"2887557501", "pid":"1", "tid":"cice"},
{"name":"ModelAdvance", "ph":"E", "ts":"2888038628", "pid":"1", "tid":"cice"},
{"name":"ModelAdvance", "ph":"B", "ts":"2888152118", "pid":"1", "tid":"cice"},
{"name":"ModelAdvance", "ph":"E", "ts":"2888619549", "pid":"1", "tid":"cice"},
{"name":"ModelAdvance", "ph":"B", "ts":"2888747363", "pid":"1", "tid":"cice"},
{"name":"ModelAdvance", "ph":"E", "ts":"2889217059", "pid":"1", "tid":"cice"},
{"name":"ModelAdvance", "ph":"B", "ts":"2889351439", "pid":"1", "tid":"cice"},
{"name":"ModelAdvance", "ph":"E", "ts":"2889816290", "pid":"1", "tid":"cice"},
{"name":"ModelAdvance", "ph":"B", "ts":"2889947345", "pid":"1", "tid":"cice"},
{"name":"ModelAdvance", "ph":"E", "ts":"2890422848", "pid":"1", "tid":"cice"},
{"name":"ModelAdvance", "ph":"B", "ts":"2890540125", "pid":"1", "tid":"cice"},
{"name":"ModelAdvance", "ph":"E", "ts":"2891006651", "pid":"1", "tid":"cice"},
{"name":"ModelAdvance", "ph":"B", "ts":"2891130095", "pid":"1", "tid":"cice"},
{"name":"ModelAdvance", "ph":"E", "ts":"2891611690", "pid":"1", "tid":"cice"},
{"name":"ModelAdvance", "ph":"B", "ts":"2891725002", "pid":"1", "tid":"cice"},
{"name":"ModelAdvance", "ph":"E", "ts":"2892197262", "pid":"1", "tid":"cice"},
{"name":"ModelAdvance", "ph":"B", "ts":"2892317982", "pid":"1", "tid":"cice"},
{"name":"ModelAdvance", "ph":"E", "ts":"2892791475", "pid":"1", "tid":"cice"},
{"name":"ModelAdvance", "ph":"B", "ts":"2892909800", "pid":"1", "tid":"cice"},
{"name":"ModelAdvance", "ph":"E", "ts":"2893389158", "pid":"1", "tid":"cice"},
{"name":"ModelAdvance", "ph":"B", "ts":"2893526418", "pid":"1", "tid":"cice"},
{"name":"ModelAdvance", "ph":"E", "ts":"2894000309", "pid":"1", "tid":"cice"},
{"name":"ModelAdvance", "ph":"B", "ts":"2894109555", "pid":"1", "tid":"cice"},
{"name":"ModelAdvance", "ph":"E", "ts":"2894586114", "pid":"1", "tid":"cice"},
{"name":"ModelAdvance", "ph":"B", "ts":"2894707858", "pid":"1", "tid":"cice"},
{"name":"ModelAdvance", "ph":"E", "ts":"2895181280", "pid":"1", "tid":"cice"},
{"name":"ModelAdvance", "ph":"B", "ts":"2895303993", "pid":"1", "tid":"cice"},
{"name":"ModelAdvance", "ph":"E", "ts":"2895780317", "pid":"1", "tid":"cice"},
{"name":"ModelAdvance", "ph":"B", "ts":"2895894908", "pid":"1", "tid":"cice"},
{"name":"ModelAdvance", "ph":"E", "ts":"2896373928", "pid":"1", "tid":"cice"},
{"name":"ModelAdvance", "ph":"B", "ts":"2896490763", "pid":"1", "tid":"cice"},
{"name":"ModelAdvance", "ph":"E", "ts":"2896965151", "pid":"1", "tid":"cice"},
{"name":"ModelAdvance", "ph":"B", "ts":"2897080561", "pid":"1", "tid":"cice"},
{"name":"ModelAdvance", "ph":"E", "ts":"2897561413", "pid":"1", "tid":"cice"},
{"name":"ModelAdvance", "ph":"B", "ts":"2897675885", "pid":"1", "tid":"cice"},
{"name":"ModelAdvance", "ph":"E", "ts":"2898149988", "pid":"1", "tid":"cice"},
{"name":"ModelAdvance", "ph":"B", "ts":"2898266499", "pid":"1", "tid":"cice"},
{"name":"ModelAdvance", "ph":"E", "ts":"2898733475", "pid":"1", "tid":"cice"},
{"name":"ModelAdvance", "ph":"B", "ts":"2898860542", "pid":"1", "tid":"cice"},
{"name":"ModelAdvance", "ph":"E", "ts":"2899327857", "pid":"1", "tid":"cice"},
{"name":"ModelAdvance", "ph":"B", "ts":"2899448547", "pid":"1", "tid":"cice"},
{"name":"ModelAdvance", "ph":"E", "ts":"2899914678", "pid":"1", "tid":"cice"},
{"name":"ModelAdvance", "ph":"B", "ts":"2900037308", "pid":"1", "tid":"cice"},
{"name":"ModelAdvance", "ph":"E", "ts":"2900510007", "pid":"1", "tid":"cice"},
{"name":"ModelAdvance", "ph":"B", "ts":"2900675170", "pid":"1", "tid":"cice"},
{"name":"ModelAdvance", "ph":"E", "ts":"2901147367", "pid":"1", "tid":"cice"},
{"name":"ModelAdvance", "ph":"B", "ts":"2901978178", "pid":"1", "tid":"cice"},
{"name":"ModelAdvance", "ph":"E", "ts":"2902445308", "pid":"1", "tid":"cice"},
{"name":"ModelAdvance", "ph":"B", "ts":"2902568680", "pid":"1", "tid":"cice"},
{"name":"ModelAdvance", "ph":"E", "ts":"2903046125", "pid":"1", "tid":"cice"},
{"name":"ModelAdvance", "ph":"B", "ts":"2903160822", "pid":"1", "tid":"cice"},
{"name":"ModelAdvance", "ph":"E", "ts":"2903632286", "pid":"1", "tid":"cice"},
{"name":"ModelAdvance", "ph":"B", "ts":"2903748817", "pid":"1", "tid":"cice"},
{"name":"ModelAdvance", "ph":"E", "ts":"2904221011", "pid":"1", "tid":"cice"},
{"name":"ModelAdvance", "ph":"B", "ts":"2904335033", "pid":"1", "tid":"cice"},
{"name":"ModelAdvance", "ph":"E", "ts":"2904818070", "pid":"1", "tid":"cice"},
{"name":"ModelAdvance", "ph":"B", "ts":"2904919137", "pid":"1", "tid":"cice"},
{"name":"ModelAdvance", "ph":"E", "ts":"2905388667", "pid":"1", "tid":"cice"},
{"name":"ModelAdvance", "ph":"B", "ts":"2905507169", "pid":"1", "tid":"cice"},
{"name":"ModelAdvance", "ph":"E", "ts":"2905991256", "pid":"1", "tid":"cice"},
{"name":"ModelAdvance", "ph":"B", "ts":"2906101165", "pid":"1", "tid":"cice"},
{"name":"ModelAdvance", "ph":"E", "ts":"2906569934", "pid":"1", "tid":"cice"},
{"name":"ModelAdvance", "ph":"B", "ts":"2906690987", "pid":"1", "tid":"cice"},
{"name":"ModelAdvance", "ph":"E", "ts":"2907163769", "pid":"1", "tid":"cice"},
{"name":"ModelAdvance", "ph":"B", "ts":"2907273472", "pid":"1", "tid":"cice"},
{"name":"ModelAdvance", "ph":"E", "ts":"2907753261", "pid":"1", "tid":"cice"},
{"name":"ModelAdvance", "ph":"B", "ts":"2907862548", "pid":"1", "tid":"cice"},
{"name":"ModelAdvance", "ph":"E", "ts":"2908340616", "pid":"1", "tid":"cice"},
{"name":"ModelAdvance", "ph":"B", "ts":"2908454225", "pid":"1", "tid":"cice"},
{"name":"ModelAdvance", "ph":"E", "ts":"2908929168", "pid":"1", "tid":"cice"},
{"name":"ModelAdvance", "ph":"B", "ts":"2909040618", "pid":"1", "tid":"cice"},
{"name":"ModelAdvance", "ph":"E", "ts":"2909519978", "pid":"1", "tid":"cice"},
{"name":"ModelAdvance", "ph":"B", "ts":"2909623474", "pid":"1", "tid":"cice"},
{"name":"ModelAdvance", "ph":"E", "ts":"2910094912", "pid":"1", "tid":"cice"},
{"name":"ModelAdvance", "ph":"B", "ts":"2910214744", "pid":"1", "tid":"cice"},
{"name":"ModelAdvance", "ph":"E", "ts":"2910689212", "pid":"1", "tid":"cice"},
{"name":"ModelAdvance", "ph":"B", "ts":"2910802960", "pid":"1", "tid":"cice"},
{"name":"ModelAdvance", "ph":"E", "ts":"2911280161", "pid":"1", "tid":"cice"},
{"name":"ModelAdvance", "ph":"B", "ts":"2911390036", "pid":"1", "tid":"cice"},
{"name":"ModelAdvance", "ph":"E", "ts":"2911879348", "pid":"1", "tid":"cice"},
{"name":"ModelAdvance", "ph":"B", "ts":"2911991579", "pid":"1", "tid":"cice"},
{"name":"ModelAdvance", "ph":"E", "ts":"2912469609", "pid":"1", "tid":"cice"},
{"name":"ModelAdvance", "ph":"B", "ts":"2912577521", "pid":"1", "tid":"cice"},
{"name":"ModelAdvance", "ph":"E", "ts":"2913055492", "pid":"1", "tid":"cice"},
{"name":"ModelAdvance", "ph":"B", "ts":"2913160366", "pid":"1", "tid":"cice"},
{"name":"ModelAdvance", "ph":"E", "ts":"2913633502", "pid":"1", "tid":"cice"},
{"name":"ModelAdvance", "ph":"B", "ts":"2913738553", "pid":"1", "tid":"cice"},
{"name":"ModelAdvance", "ph":"E", "ts":"2914214153", "pid":"1", "tid":"cice"},
{"name":"ModelAdvance", "ph":"B", "ts":"2914326662", "pid":"1", "tid":"cice"},
{"name":"ModelAdvance", "ph":"E", "ts":"2914798217", "pid":"1", "tid":"cice"},
{"name":"ModelAdvance", "ph":"B", "ts":"2914905127", "pid":"1", "tid":"cice"},
{"name":"ModelAdvance", "ph":"E", "ts":"2915377697", "pid":"1", "tid":"cice"},
{"name":"ModelAdvance", "ph":"B", "ts":"2915497583", "pid":"1", "tid":"cice"},
{"name":"ModelAdvance", "ph":"E", "ts":"2915978834", "pid":"1", "tid":"cice"},
{"name":"ModelAdvance", "ph":"B", "ts":"2916683825", "pid":"1", "tid":"cice"},
{"name":"ModelAdvance", "ph":"E", "ts":"2917158822", "pid":"1", "tid":"cice"},
{"name":"ModelAdvance", "ph":"B", "ts":"2917282502", "pid":"1", "tid":"cice"},
{"name":"ModelAdvance", "ph":"E", "ts":"2917754081", "pid":"1", "tid":"cice"},
{"name":"ModelAdvance", "ph":"B", "ts":"2917883676", "pid":"1", "tid":"cice"},
{"name":"ModelAdvance", "ph":"E", "ts":"2918367568", "pid":"1", "tid":"cice"},
{"name":"ModelAdvance", "ph":"B", "ts":"2918469004", "pid":"1", "tid":"cice"},
{"name":"ModelAdvance", "ph":"E", "ts":"2918929657", "pid":"1", "tid":"cice"},
{"name":"ModelAdvance", "ph":"B", "ts":"2919051359", "pid":"1", "tid":"cice"},
{"name":"ModelAdvance", "ph":"E", "ts":"2919524289", "pid":"1", "tid":"cice"},
{"name":"ModelAdvance", "ph":"B", "ts":"2919632754", "pid":"1", "tid":"cice"},
{"name":"ModelAdvance", "ph":"E", "ts":"2920105015", "pid":"1", "tid":"cice"},
{"name":"ModelAdvance", "ph":"B", "ts":"2920216996", "pid":"1", "tid":"cice"},
{"name":"ModelAdvance", "ph":"E", "ts":"2920701363", "pid":"1", "tid":"cice"},
{"name":"ModelAdvance", "ph":"B", "ts":"2920811154", "pid":"1", "tid":"cice"},
{"name":"ModelAdvance", "ph":"E", "ts":"2921283121", "pid":"1", "tid":"cice"},
{"name":"ModelAdvance", "ph":"B", "ts":"2921397005", "pid":"1", "tid":"cice"},
{"name":"ModelAdvance", "ph":"E", "ts":"2921875203", "pid":"1", "tid":"cice"},
{"name":"ModelAdvance", "ph":"B", "ts":"2921983350", "pid":"1", "tid":"cice"},
{"name":"ModelAdvance", "ph":"E", "ts":"2922454600", "pid":"1", "tid":"cice"},
{"name":"ModelAdvance", "ph":"B", "ts":"2922566936", "pid":"1", "tid":"cice"},
{"name":"ModelAdvance", "ph":"E", "ts":"2923045370", "pid":"1", "tid":"cice"},
{"name":"ModelAdvance", "ph":"B", "ts":"2923158615", "pid":"1", "tid":"cice"},
{"name":"ModelAdvance", "ph":"E", "ts":"2923637231", "pid":"1", "tid":"cice"},
{"name":"ModelAdvance", "ph":"B", "ts":"2923742100", "pid":"1", "tid":"cice"},
{"name":"ModelAdvance", "ph":"E", "ts":"2924216066", "pid":"1", "tid":"cice"},
{"name":"ModelAdvance", "ph":"B", "ts":"2924340373", "pid":"1", "tid":"cice"},
{"name":"ModelAdvance", "ph":"E", "ts":"2924813002", "pid":"1", "tid":"cice"},
{"name":"ModelAdvance", "ph":"B", "ts":"2924926026", "pid":"1", "tid":"cice"},
{"name":"ModelAdvance", "ph":"E", "ts":"2925395051", "pid":"1", "tid":"cice"},
{"name":"ModelAdvance", "ph":"B", "ts":"2925504553", "pid":"1", "tid":"cice"},
{"name":"ModelAdvance", "ph":"E", "ts":"2925990012", "pid":"1", "tid":"cice"},
{"name":"ModelAdvance", "ph":"B", "ts":"2926088351", "pid":"1", "tid":"cice"},
{"name":"ModelAdvance", "ph":"E", "ts":"2926559067", "pid":"1", "tid":"cice"},
{"name":"ModelAdvance", "ph":"B", "ts":"2926871575", "pid":"1", "tid":"cice"},
{"name":"ModelAdvance", "ph":"E", "ts":"2927341010", "pid":"1", "tid":"cice"},
{"name":"ModelAdvance", "ph":"B", "ts":"2927469219", "pid":"1", "tid":"cice"},
{"name":"ModelAdvance", "ph":"E", "ts":"2927938418", "pid":"1", "tid":"cice"},
{"name":"ModelAdvance", "ph":"B", "ts":"2928053811", "pid":"1", "tid":"cice"},
{"name":"ModelAdvance", "ph":"E", "ts":"2928525994", "pid":"1", "tid":"cice"},
{"name":"ModelAdvance", "ph":"B", "ts":"2928637253", "pid":"1", "tid":"cice"},
{"name":"ModelAdvance", "ph":"E", "ts":"2929101910", "pid":"1", "tid":"cice"},
{"name":"ModelAdvance", "ph":"B", "ts":"2929223380", "pid":"1", "tid":"cice"},
{"name":"ModelAdvance", "ph":"E", "ts":"2929705785", "pid":"1", "tid":"cice"},
{"name":"ModelAdvance", "ph":"B", "ts":"2930108358", "pid":"1", "tid":"cice"},
{"name":"ModelAdvance", "ph":"E", "ts":"2930586483", "pid":"1", "tid":"cice"},
{"name":"ModelAdvance", "ph":"B", "ts":"2930699569", "pid":"1", "tid":"cice"},
{"name":"ModelAdvance", "ph":"E", "ts":"2931180190", "pid":"1", "tid":"cice"},
{"name":"ModelAdvance", "ph":"B", "ts":"2931892628", "pid":"1", "tid":"cice"},
{"name":"ModelAdvance", "ph":"E", "ts":"2932362722", "pid":"1", "tid":"cice"},
{"name":"ModelAdvance", "ph":"B", "ts":"2932480742", "pid":"1", "tid":"cice"},
{"name":"ModelAdvance", "ph":"E", "ts":"2932951423", "pid":"1", "tid":"cice"},
{"name":"ModelAdvance", "ph":"B", "ts":"2933062735", "pid":"1", "tid":"cice"},
{"name":"ModelAdvance", "ph":"E", "ts":"2933530020", "pid":"1", "tid":"cice"},
{"name":"ModelAdvance", "ph":"B", "ts":"2933645528", "pid":"1", "tid":"cice"},
{"name":"ModelAdvance", "ph":"E", "ts":"2934117093", "pid":"1", "tid":"cice"},
{"name":"ModelAdvance", "ph":"B", "ts":"2934229115", "pid":"1", "tid":"cice"},
{"name":"ModelAdvance", "ph":"E", "ts":"2934705160", "pid":"1", "tid":"cice"},
{"name":"ModelAdvance", "ph":"B", "ts":"2934809791", "pid":"1", "tid":"cice"},
{"name":"ModelAdvance", "ph":"E", "ts":"2935380299", "pid":"1", "tid":"cice"},
{"name":"ModelAdvance", "ph":"B", "ts":"2935480142", "pid":"1", "tid":"cice"},
{"name":"ModelAdvance", "ph":"E", "ts":"2935954827", "pid":"1", "tid":"cice"},
{"name":"ModelAdvance", "ph":"B", "ts":"2936071609", "pid":"1", "tid":"cice"},
{"name":"ModelAdvance", "ph":"E", "ts":"2936549208", "pid":"1", "tid":"cice"},
{"name":"ModelAdvance", "ph":"B", "ts":"2936655384", "pid":"1", "tid":"cice"},
{"name":"ModelAdvance", "ph":"E", "ts":"2937133561", "pid":"1", "tid":"cice"},
{"name":"ModelAdvance", "ph":"B", "ts":"2937249249", "pid":"1", "tid":"cice"},
{"name":"ModelAdvance", "ph":"E", "ts":"2937722627", "pid":"1", "tid":"cice"},
{"name":"ModelAdvance", "ph":"B", "ts":"2937837945", "pid":"1", "tid":"cice"},
{"name":"ModelAdvance", "ph":"E", "ts":"2938315369", "pid":"1", "tid":"cice"},
{"name":"ModelAdvance", "ph":"B", "ts":"2938430327", "pid":"1", "tid":"cice"},
{"name":"ModelAdvance", "ph":"E", "ts":"2938910834", "pid":"1", "tid":"cice"},
{"name":"ModelAdvance", "ph":"B", "ts":"2939018989", "pid":"1", "tid":"cice"},
{"name":"ModelAdvance", "ph":"E", "ts":"2939491760", "pid":"1", "tid":"cice"},
{"name":"ModelAdvance", "ph":"B", "ts":"2939604366", "pid":"1", "tid":"cice"},
{"name":"ModelAdvance", "ph":"E", "ts":"2940085135", "pid":"1", "tid":"cice"},
{"name":"ModelAdvance", "ph":"B", "ts":"2940190158", "pid":"1", "tid":"cice"},
{"name":"ModelAdvance", "ph":"E", "ts":"2940671972", "pid":"1", "tid":"cice"},
{"name":"ModelAdvance", "ph":"B", "ts":"2940771314", "pid":"1", "tid":"cice"},
{"name":"ModelAdvance", "ph":"E", "ts":"2941243463", "pid":"1", "tid":"cice"},
{"name":"ModelAdvance", "ph":"B", "ts":"2941356056", "pid":"1", "tid":"cice"},
{"name":"ModelAdvance", "ph":"E", "ts":"2941816940", "pid":"1", "tid":"cice"},
{"name":"ModelAdvance", "ph":"B", "ts":"2941939060", "pid":"1", "tid":"cice"},
{"name":"ModelAdvance", "ph":"E", "ts":"2942416858", "pid":"1", "tid":"cice"},
{"name":"ModelAdvance", "ph":"B", "ts":"2942529301", "pid":"1", "tid":"cice"},
{"name":"ModelAdvance", "ph":"E", "ts":"2942997775", "pid":"1", "tid":"cice"},
{"name":"ModelAdvance", "ph":"B", "ts":"2943111418", "pid":"1", "tid":"cice"},
{"name":"ModelAdvance", "ph":"E", "ts":"2943586254", "pid":"1", "tid":"cice"},
{"name":"ModelAdvance", "ph":"B", "ts":"2943693444", "pid":"1", "tid":"cice"},
{"name":"ModelAdvance", "ph":"E", "ts":"2944178406", "pid":"1", "tid":"cice"},
{"name":"ModelAdvance", "ph":"B", "ts":"2944276065", "pid":"1", "tid":"cice"},
{"name":"ModelAdvance", "ph":"E", "ts":"2944753007", "pid":"1", "tid":"cice"},
{"name":"ModelAdvance", "ph":"B", "ts":"2944859486", "pid":"1", "tid":"cice"},
{"name":"ModelAdvance", "ph":"E", "ts":"2945422442", "pid":"1", "tid":"cice"},
{"name":"ModelAdvance", "ph":"B", "ts":"2945471723", "pid":"1", "tid":"cice"},
{"name":"ModelAdvance", "ph":"E", "ts":"2945955680", "pid":"1", "tid":"cice"},
{"name":"ModelAdvance", "ph":"B", "ts":"2946740475", "pid":"1", "tid":"cice"},
{"name":"ModelAdvance", "ph":"E", "ts":"2947218217", "pid":"1", "tid":"cice"},
{"name":"ModelAdvance", "ph":"B", "ts":"2947324166", "pid":"1", "tid":"cice"},
{"name":"ModelAdvance", "ph":"E", "ts":"2947796114", "pid":"1", "tid":"cice"},
{"name":"ModelAdvance", "ph":"B", "ts":"2947919156", "pid":"1", "tid":"cice"},
{"name":"ModelAdvance", "ph":"E", "ts":"2948393477", "pid":"1", "tid":"cice"},
{"name":"ModelAdvance", "ph":"B", "ts":"2948502437", "pid":"1", "tid":"cice"},
{"name":"ModelAdvance", "ph":"E", "ts":"2948977214", "pid":"1", "tid":"cice"},
{"name":"ModelAdvance", "ph":"B", "ts":"2949084507", "pid":"1", "tid":"cice"},
{"name":"ModelAdvance", "ph":"E", "ts":"2949560475", "pid":"1", "tid":"cice"},
{"name":"ModelAdvance", "ph":"B", "ts":"2949667310", "pid":"1", "tid":"cice"},
{"name":"ModelAdvance", "ph":"E", "ts":"2950138160", "pid":"1", "tid":"cice"},
{"name":"ModelAdvance", "ph":"B", "ts":"2950246507", "pid":"1", "tid":"cice"},
{"name":"ModelAdvance", "ph":"E", "ts":"2950716249", "pid":"1", "tid":"cice"},
{"name":"ModelAdvance", "ph":"B", "ts":"2950830481", "pid":"1", "tid":"cice"},
{"name":"ModelAdvance", "ph":"E", "ts":"2951303962", "pid":"1", "tid":"cice"},
{"name":"ModelAdvance", "ph":"B", "ts":"2951415007", "pid":"1", "tid":"cice"},
{"name":"ModelAdvance", "ph":"E", "ts":"2951885930", "pid":"1", "tid":"cice"},
{"name":"ModelAdvance", "ph":"B", "ts":"2952064015", "pid":"1", "tid":"cice"},
{"name":"ModelAdvance", "ph":"E", "ts":"2952533555", "pid":"1", "tid":"cice"},
{"name":"ModelAdvance", "ph":"B", "ts":"2952646426", "pid":"1", "tid":"cice"},
{"name":"ModelAdvance", "ph":"E", "ts":"2953114561", "pid":"1", "tid":"cice"},
{"name":"ModelAdvance", "ph":"B", "ts":"2953237451", "pid":"1", "tid":"cice"},
{"name":"ModelAdvance", "ph":"E", "ts":"2953713937", "pid":"1", "tid":"cice"},
{"name":"ModelAdvance", "ph":"B", "ts":"2953817916", "pid":"1", "tid":"cice"},
{"name":"ModelAdvance", "ph":"E", "ts":"2954295214", "pid":"1", "tid":"cice"},
{"name":"ModelAdvance", "ph":"B", "ts":"2954407283", "pid":"1", "tid":"cice"},
{"name":"ModelAdvance", "ph":"E", "ts":"2954886171", "pid":"1", "tid":"cice"},
{"name":"ModelAdvance", "ph":"B", "ts":"2954994858", "pid":"1", "tid":"cice"},
{"name":"ModelAdvance", "ph":"E", "ts":"2955469315", "pid":"1", "tid":"cice"},
{"name":"ModelAdvance", "ph":"B", "ts":"2955602561", "pid":"1", "tid":"cice"},
{"name":"ModelAdvance", "ph":"E", "ts":"2956067141", "pid":"1", "tid":"cice"},
{"name":"ModelAdvance", "ph":"B", "ts":"2956180465", "pid":"1", "tid":"cice"},
{"name":"ModelAdvance", "ph":"E", "ts":"2956654367", "pid":"1", "tid":"cice"},
{"name":"ModelAdvance", "ph":"B", "ts":"2956775510", "pid":"1", "tid":"cice"},
{"name":"ModelAdvance", "ph":"E", "ts":"2957244268", "pid":"1", "tid":"cice"},
{"name":"ModelAdvance", "ph":"B", "ts":"2957360996", "pid":"1", "tid":"cice"},
{"name":"ModelAdvance", "ph":"E", "ts":"2957839942", "pid":"1", "tid":"cice"},
{"name":"ModelAdvance", "ph":"B", "ts":"2957944875", "pid":"1", "tid":"cice"},
{"name":"ModelAdvance", "ph":"E", "ts":"2958417063", "pid":"1", "tid":"cice"},
{"name":"ModelAdvance", "ph":"B", "ts":"2958526031", "pid":"1", "tid":"cice"},
{"name":"ModelAdvance", "ph":"E", "ts":"2958998669", "pid":"1", "tid":"cice"},
{"name":"ModelAdvance", "ph":"B", "ts":"2959113600", "pid":"1", "tid":"cice"},
{"name":"ModelAdvance", "ph":"E", "ts":"2959579515", "pid":"1", "tid":"cice"},
{"name":"ModelAdvance", "ph":"B", "ts":"2959693483", "pid":"1", "tid":"cice"},
{"name":"ModelAdvance", "ph":"E", "ts":"2960175395", "pid":"1", "tid":"cice"},
{"name":"ModelAdvance", "ph":"B", "ts":"2960285434", "pid":"1", "tid":"cice"},
{"name":"ModelAdvance", "ph":"E", "ts":"2960758742", "pid":"1", "tid":"cice"},
{"name":"ModelAdvance", "ph":"B", "ts":"2961502870", "pid":"1", "tid":"cice"},
{"name":"ModelAdvance", "ph":"E", "ts":"2961974274", "pid":"1", "tid":"cice"},
{"name":"ModelAdvance", "ph":"B", "ts":"2962085743", "pid":"1", "tid":"cice"},
{"name":"ModelAdvance", "ph":"E", "ts":"2962561173", "pid":"1", "tid":"cice"},
{"name":"ModelAdvance", "ph":"B", "ts":"2962680726", "pid":"1", "tid":"cice"},
{"name":"ModelAdvance", "ph":"E", "ts":"2963157800", "pid":"1", "tid":"cice"},
{"name":"ModelAdvance", "ph":"B", "ts":"2963266745", "pid":"1", "tid":"cice"},
{"name":"ModelAdvance", "ph":"E", "ts":"2963733861", "pid":"1", "tid":"cice"},
{"name":"ModelAdvance", "ph":"B", "ts":"2963855156", "pid":"1", "tid":"cice"},
{"name":"ModelAdvance", "ph":"E", "ts":"2964323216", "pid":"1", "tid":"cice"},
{"name":"ModelAdvance", "ph":"B", "ts":"2964434126", "pid":"1", "tid":"cice"},
{"name":"ModelAdvance", "ph":"E", "ts":"2964912748", "pid":"1", "tid":"cice"},
{"name":"ModelAdvance", "ph":"B", "ts":"2965018787", "pid":"1", "tid":"cice"},
{"name":"ModelAdvance", "ph":"E", "ts":"2965495521", "pid":"1", "tid":"cice"},
{"name":"ModelAdvance", "ph":"B", "ts":"2965611504", "pid":"1", "tid":"cice"},
{"name":"ModelAdvance", "ph":"E", "ts":"2966079657", "pid":"1", "tid":"cice"},
{"name":"ModelAdvance", "ph":"B", "ts":"2966191600", "pid":"1", "tid":"cice"},
{"name":"ModelAdvance", "ph":"E", "ts":"2966673609", "pid":"1", "tid":"cice"},
{"name":"ModelAdvance", "ph":"B", "ts":"2966778247", "pid":"1", "tid":"cice"},
{"name":"ModelAdvance", "ph":"E", "ts":"2967260093", "pid":"1", "tid":"cice"},
{"name":"ModelAdvance", "ph":"B", "ts":"2967363160", "pid":"1", "tid":"cice"},
{"name":"ModelAdvance", "ph":"E", "ts":"2967838219", "pid":"1", "tid":"cice"},
{"name":"ModelAdvance", "ph":"B", "ts":"2967958750", "pid":"1", "tid":"cice"},
{"name":"ModelAdvance", "ph":"E", "ts":"2968435138", "pid":"1", "tid":"cice"},
{"name":"ModelAdvance", "ph":"B", "ts":"2968543853", "pid":"1", "tid":"cice"},
{"name":"ModelAdvance", "ph":"E", "ts":"2969018099", "pid":"1", "tid":"cice"},
{"name":"ModelAdvance", "ph":"B", "ts":"2969123162", "pid":"1", "tid":"cice"},
{"name":"ModelAdvance", "ph":"E", "ts":"2969601894", "pid":"1", "tid":"cice"},
{"name":"ModelAdvance", "ph":"B", "ts":"2969707521", "pid":"1", "tid":"cice"},
{"name":"ModelAdvance", "ph":"E", "ts":"2970178417", "pid":"1", "tid":"cice"},
{"name":"ModelAdvance", "ph":"B", "ts":"2970288466", "pid":"1", "tid":"cice"},
{"name":"ModelAdvance", "ph":"E", "ts":"2970764989", "pid":"1", "tid":"cice"},
{"name":"ModelAdvance", "ph":"B", "ts":"2970872723", "pid":"1", "tid":"cice"},
{"name":"ModelAdvance", "ph":"E", "ts":"2971341128", "pid":"1", "tid":"cice"},
{"name":"ModelAdvance", "ph":"B", "ts":"2971453463", "pid":"1", "tid":"cice"},
{"name":"ModelAdvance", "ph":"E", "ts":"2971926996", "pid":"1", "tid":"cice"},
{"name":"ModelAdvance", "ph":"B", "ts":"2972036582", "pid":"1", "tid":"cice"},
{"name":"ModelAdvance", "ph":"E", "ts":"2972518359", "pid":"1", "tid":"cice"},
{"name":"ModelAdvance", "ph":"B", "ts":"2972623576", "pid":"1", "tid":"cice"},
{"name":"ModelAdvance", "ph":"E", "ts":"2973090943", "pid":"1", "tid":"cice"},
{"name":"ModelAdvance", "ph":"B", "ts":"2973205061", "pid":"1", "tid":"cice"},
{"name":"ModelAdvance", "ph":"E", "ts":"2973674832", "pid":"1", "tid":"cice"},
{"name":"ModelAdvance", "ph":"B", "ts":"2973790225", "pid":"1", "tid":"cice"},
{"name":"ModelAdvance", "ph":"E", "ts":"2974267912", "pid":"1", "tid":"cice"},
{"name":"ModelAdvance", "ph":"B", "ts":"2974372456", "pid":"1", "tid":"cice"},
{"name":"ModelAdvance", "ph":"E", "ts":"2974846105", "pid":"1", "tid":"cice"},
{"name":"ModelAdvance", "ph":"B", "ts":"2974969494", "pid":"1", "tid":"cice"},
{"name":"ModelAdvance", "ph":"E", "ts":"2975443082", "pid":"1", "tid":"cice"},
{"name":"ModelAdvance", "ph":"B", "ts":"2976201212", "pid":"1", "tid":"cice"},
{"name":"ModelAdvance", "ph":"E", "ts":"2976682433", "pid":"1", "tid":"cice"},
{"name":"ModelAdvance", "ph":"B", "ts":"2976787477", "pid":"1", "tid":"cice"},
{"name":"ModelAdvance", "ph":"E", "ts":"2977257486", "pid":"1", "tid":"cice"},
{"name":"ModelAdvance", "ph":"B", "ts":"2977373553", "pid":"1", "tid":"cice"},
{"name":"ModelAdvance", "ph":"E", "ts":"2977847223", "pid":"1", "tid":"cice"},
{"name":"ModelAdvance", "ph":"B", "ts":"2977966145", "pid":"1", "tid":"cice"},
{"name":"ModelAdvance", "ph":"E", "ts":"2978446138", "pid":"1", "tid":"cice"},
{"name":"ModelAdvance", "ph":"B", "ts":"2978555128", "pid":"1", "tid":"cice"},
{"name":"ModelAdvance", "ph":"E", "ts":"2979034532", "pid":"1", "tid":"cice"},
{"name":"ModelAdvance", "ph":"B", "ts":"2979145297", "pid":"1", "tid":"cice"},
{"name":"ModelAdvance", "ph":"E", "ts":"2979625035", "pid":"1", "tid":"cice"},
{"name":"ModelAdvance", "ph":"B", "ts":"2979737300", "pid":"1", "tid":"cice"},
{"name":"ModelAdvance", "ph":"E", "ts":"2980213885", "pid":"1", "tid":"cice"},
{"name":"ModelAdvance", "ph":"B", "ts":"2980325994", "pid":"1", "tid":"cice"},
{"name":"ModelAdvance", "ph":"E", "ts":"2980805038", "pid":"1", "tid":"cice"},
{"name":"ModelAdvance", "ph":"B", "ts":"2980914539", "pid":"1", "tid":"cice"},
{"name":"ModelAdvance", "ph":"E", "ts":"2981390765", "pid":"1", "tid":"cice"},
{"name":"ModelAdvance", "ph":"B", "ts":"2981508116", "pid":"1", "tid":"cice"},
{"name":"ModelAdvance", "ph":"E", "ts":"2981979346", "pid":"1", "tid":"cice"},
{"name":"ModelAdvance", "ph":"B", "ts":"2982103043", "pid":"1", "tid":"cice"},
{"name":"ModelAdvance", "ph":"E", "ts":"2982580545", "pid":"1", "tid":"cice"},
{"name":"ModelAdvance", "ph":"B", "ts":"2982705529", "pid":"1", "tid":"cice"},
{"name":"ModelAdvance", "ph":"E", "ts":"2983175442", "pid":"1", "tid":"cice"},
{"name":"ModelAdvance", "ph":"B", "ts":"2983296714", "pid":"1", "tid":"cice"},
{"name":"ModelAdvance", "ph":"E", "ts":"2983767201", "pid":"1", "tid":"cice"},
{"name":"ModelAdvance", "ph":"B", "ts":"2983885684", "pid":"1", "tid":"cice"},
{"name":"ModelAdvance", "ph":"E", "ts":"2984356143", "pid":"1", "tid":"cice"},
{"name":"ModelAdvance", "ph":"B", "ts":"2984480497", "pid":"1", "tid":"cice"},
{"name":"ModelAdvance", "ph":"E", "ts":"2984950824", "pid":"1", "tid":"cice"},
{"name":"ModelAdvance", "ph":"B", "ts":"2985063092", "pid":"1", "tid":"cice"},
{"name":"ModelAdvance", "ph":"E", "ts":"2985543364", "pid":"1", "tid":"cice"},
{"name":"ModelAdvance", "ph":"B", "ts":"2985660431", "pid":"1", "tid":"cice"},
{"name":"ModelAdvance", "ph":"E", "ts":"2986140633", "pid":"1", "tid":"cice"},
{"name":"ModelAdvance", "ph":"B", "ts":"2986254588", "pid":"1", "tid":"cice"},
{"name":"ModelAdvance", "ph":"E", "ts":"2986732561", "pid":"1", "tid":"cice"},
{"name":"ModelAdvance", "ph":"B", "ts":"2986845426", "pid":"1", "tid":"cice"},
{"name":"ModelAdvance", "ph":"E", "ts":"2987322429", "pid":"1", "tid":"cice"},
{"name":"ModelAdvance", "ph":"B", "ts":"2987433025", "pid":"1", "tid":"cice"},
{"name":"ModelAdvance", "ph":"E", "ts":"2987907106", "pid":"1", "tid":"cice"},
{"name":"ModelAdvance", "ph":"B", "ts":"2988026113", "pid":"1", "tid":"cice"},
{"name":"ModelAdvance", "ph":"E", "ts":"2988505644", "pid":"1", "tid":"cice"},
{"name":"ModelAdvance", "ph":"B", "ts":"2988616188", "pid":"1", "tid":"cice"},
{"name":"ModelAdvance", "ph":"E", "ts":"2989095612", "pid":"1", "tid":"cice"},
{"name":"ModelAdvance", "ph":"B", "ts":"2989208556", "pid":"1", "tid":"cice"},
{"name":"ModelAdvance", "ph":"E", "ts":"2989681636", "pid":"1", "tid":"cice"},
{"name":"ModelFinalize", "ph":"B", "ts":"2989685482", "pid":"1", "tid":"cice"},
{"name":"ModelFinalize", "ph":"E", "ts":"2989685575", "pid":"1", "tid":"cice"},
