{"name":"SetServices", "ph":"B", "ts":"320433003", "pid":"1", "tid":"cice"},
{"name":"SetServices", "ph":"E", "ts":"320435600", "pid":"1", "tid":"cice"},
{"name":"InitializeP0", "ph":"B", "ts":"321203073", "pid":"1", "tid":"cice"},
{"name":"InitializeP0", "ph":"E", "ts":"321203199", "pid":"1", "tid":"cice"},
{"name":"InitializeAdvertise", "ph":"B", "ts":"361961958", "pid":"1", "tid":"cice"},
{"name":"InitializeAdvertise", "ph":"E", "ts":"369782354", "pid":"1", "tid":"cice"},
{"name":"InitializeRealize", "ph":"B", "ts":"570795570", "pid":"1", "tid":"cice"},
{"name":"InitializeRealize", "ph":"E", "ts":"582940990", "pid":"1", "tid":"cice"},
{"name":"ModelAdvance", "ph":"B", "ts":"685373478", "pid":"1", "tid":"cice"},
{"name":"ModelAdvance", "ph":"E", "ts":"686237587", "pid":"1", "tid":"cice"},
{"name":"ModelAdvance", "ph":"B", "ts":"690058405", "pid":"1", "tid":"cice"},
{"name":"ModelAdvance", "ph":"E", "ts":"690551171", "pid":"1", "tid":"cice"},
{"name":"ModelAdvance", "ph":"B", "ts":"691004142", "pid":"1", "tid":"cice"},
{"name":"ModelAdvance", "ph":"E", "ts":"691488220", "pid":"1", "tid":"cice"},
{"name":"ModelAdvance", "ph":"B", "ts":"691626884", "pid":"1", "tid":"cice"},
{"name":"ModelAdvance", "ph":"E", "ts":"692131430", "pid":"1", "tid":"cice"},
{"name":"ModelAdvance", "ph":"B", "ts":"692244995", "pid":"1", "tid":"cice"},
{"name":"ModelAdvance", "ph":"E", "ts":"692729898", "pid":"1", "tid":"cice"},
{"name":"ModelAdvance", "ph":"B", "ts":"692847026", "pid":"1", "tid":"cice"},
{"name":"ModelAdvance", "ph":"E", "ts":"693326412", "pid":"1", "tid":"cice"},
{"name":"ModelAdvance", "ph":"B", "ts":"693456361", "pid":"1", "tid":"cice"},
{"name":"ModelAdvance", "ph":"E", "ts":"693940508", "pid":"1", "tid":"cice"},
{"name":"ModelAdvance", "ph":"B", "ts":"694065962", "pid":"1", "tid":"cice"},
{"name":"ModelAdvance", "ph":"E", "ts":"694544443", "pid":"1", "tid":"cice"},
{"name":"ModelAdvance", "ph":"B", "ts":"694670723", "pid":"1", "tid":"cice"},
{"name":"ModelAdvance", "ph":"E", "ts":"695153623", "pid":"1", "tid":"cice"},
{"name":"ModelAdvance", "ph":"B", "ts":"695284765", "pid":"1", "tid":"cice"},
{"name":"ModelAdvance", "ph":"E", "ts":"695754329", "pid":"1", "tid":"cice"},
{"name":"ModelAdvance", "ph":"B", "ts":"695884449", "pid":"1", "tid":"cice"},
{"name":"ModelAdvance", "ph":"E", "ts":"696349466", "pid":"1", "tid":"cice"},
{"name":"ModelAdvance", "ph":"B", "ts":"696498957", "pid":"1", "tid":"cice"},
{"name":"ModelAdvance", "ph":"E", "ts":"696979394", "pid":"1", "tid":"cice"},
{"name":"ModelAdvance", "ph":"B", "ts":"699272166", "pid":"1", "tid":"cice"},
{"name":"ModelAdvance", "ph":"E", "ts":"699765190", "pid":"1", "tid":"cice"},
{"name":"ModelAdvance", "ph":"B", "ts":"699873629", "pid":"1", "tid":"cice"},
{"name":"ModelAdvance", "ph":"E", "ts":"700361361", "pid":"1", "tid":"cice"},
{"name":"ModelAdvance", "ph":"B", "ts":"700482326", "pid":"1", "tid":"cice"},
{"name":"ModelAdvance", "ph":"E", "ts":"700960001", "pid":"1", "tid":"cice"},
{"name":"ModelAdvance", "ph":"B", "ts":"701085572", "pid":"1", "tid":"cice"},
{"name":"ModelAdvance", "ph":"E", "ts":"701564846", "pid":"1", "tid":"cice"},
{"name":"ModelAdvance", "ph":"B", "ts":"701685383", "pid":"1", "tid":"cice"},
{"name":"ModelAdvance", "ph":"E", "ts":"702161332", "pid":"1", "tid":"cice"},
{"name":"ModelAdvance", "ph":"B", "ts":"702290700", "pid":"1", "tid":"cice"},
{"name":"ModelAdvance", "ph":"E", "ts":"702765141", "pid":"1", "tid":"cice"},
{"name":"ModelAdvance", "ph":"B", "ts":"702884150", "pid":"1", "tid":"cice"},
{"name":"ModelAdvance", "ph":"E", "ts":"703366857", "pid":"1", "tid":"cice"},
{"name":"ModelAdvance", "ph":"B", "ts":"703482341", "pid":"1", "tid":"cice"},
{"name":"ModelAdvance", "ph":"E", "ts":"703968856", "pid":"1", "tid":"cice"},
{"name":"ModelAdvance", "ph":"B", "ts":"704091670", "pid":"1", "tid":"cice"},
{"name":"ModelAdvance", "ph":"E", "ts":"704567820", "pid":"1", "tid":"cice"},
{"name":"ModelAdvance", "ph":"B", "ts":"704696369", "pid":"1", "tid":"cice"},
{"name":"ModelAdvance", "ph":"E", "ts":"705164218", "pid":"1", "tid":"cice"},
{"name":"ModelAdvance", "ph":"B", "ts":"705288203", "pid":"1", "tid":"cice"},
{"name":"ModelAdvance", "ph":"E", "ts":"705776076", "pid":"1", "tid":"cice"},
{"name":"ModelAdvance", "ph":"B", "ts":"705896118", "pid":"1", "tid":"cice"},
{"name":"ModelAdvance", "ph":"E", "ts":"706374199", "pid":"1", "tid":"cice"},
{"name":"ModelAdvance", "ph":"B", "ts":"706504446", "pid":"1", "tid":"cice"},
{"name":"ModelAdvance", "ph":"E", "ts":"706980525", "pid":"1", "tid":"cice"},
{"name":"ModelAdvance", "ph":"B", "ts":"707802620", "pid":"1", "tid":"cice"},
{"name":"ModelAdvance", "ph":"E", "ts":"708275500", "pid":"1", "tid":"cice"},
{"name":"ModelAdvance", "ph":"B", "ts":"708400299", "pid":"1", "tid":"cice"},
{"name":"ModelAdvance", "ph":"E", "ts":"708886436", "pid":"1", "tid":"cice"},
{"name":"ModelAdvance", "ph":"B", "ts":"708997971", "pid":"1", "tid":"cice"},
{"name":"ModelAdvance", "ph":"E", "ts":"709483805", "pid":"1", "tid":"cice"},
{"name":"ModelAdvance", "ph":"B", "ts":"709605096", "pid":"1", "tid":"cice"},
{"name":"ModelAdvance", "ph":"E", "ts":"710075016", "pid":"1", "tid":"cice"},
{"name":"ModelAdvance", "ph":"B", "ts":"710201780", "pid":"1", "tid":"cice"},
{"name":"ModelAdvance", "ph":"E", "ts":"710672019", "pid":"1", "tid":"cice"},
{"name":"ModelAdvance", "ph":"B", "ts":"710790203", "pid":"1", "tid":"cice"},
{"name":"ModelAdvance", "ph":"E", "ts":"711271520", "pid":"1", "tid":"cice"},
{"name":"ModelAdvance", "ph":"B", "ts":"711393469", "pid":"1", "tid":"cice"},
{"name":"ModelAdvance", "ph":"E", "ts":"711874865", "pid":"1", "tid":"cice"},
{"name":"ModelAdvance", "ph":"B", "ts":"711986740", "pid":"1", "tid":"cice"},
{"name":"ModelAdvance", "ph":"E", "ts":"712457311", "pid":"1", "tid":"cice"},
{"name":"ModelAdvance", "ph":"B", "ts":"712584283", "pid":"1", "tid":"cice"},
{"name":"ModelAdvance", "ph":"E", "ts":"713070860", "pid":"1", "tid":"cice"},
{"name":"ModelAdvance", "ph":"B", "ts":"713192912", "pid":"1", "tid":"cice"},
{"name":"ModelAdvance", "ph":"E", "ts":"713667192", "pid":"1", "tid":"cice"},
{"name":"ModelAdvance", "ph":"B", "ts":"713792479", "pid":"1", "tid":"cice"},
{"name":"ModelAdvance", "ph":"E", "ts":"714278776", "pid":"1", "tid":"cice"},
{"name":"ModelAdvance", "ph":"B", "ts":"714427318", "pid":"1", "tid":"cice"},
{"name":"ModelAdvance", "ph":"E", "ts":"714899874", "pid":"1", "tid":"cice"},
{"name":"ModelAdvance", "ph":"B", "ts":"715021300", "pid":"1", "tid":"cice"},
{"name":"ModelAdvance", "ph":"E", "ts":"715498154", "pid":"1", "tid":"cice"},
{"name":"ModelAdvance", "ph":"B", "ts":"715617106", "pid":"1", "tid":"cice"},
{"name":"ModelAdvance", "ph":"E", "ts":"716091650", "pid":"1", "tid":"cice"},
{"name":"ModelAdvance", "ph":"B", "ts":"716216068", "pid":"1", "tid":"cice"},
{"name":"ModelAdvance", "ph":"E", "ts":"716707908", "pid":"1", "tid":"cice"},
{"name":"ModelAdvance", "ph":"B", "ts":"716834242", "pid":"1", "tid":"cice"},
{"name":"ModelAdvance", "ph":"E", "ts":"717304677", "pid":"1", "tid":"cice"},
{"name":"ModelAdvance", "ph":"B", "ts":"717430858", "pid":"1", "tid":"cice"},
{"name":"ModelAdvance", "ph":"E", "ts":"717906718", "pid":"1", "tid":"cice"},
{"name":"ModelAdvance", "ph":"B", "ts":"718045922", "pid":"1", "tid":"cice"},
{"name":"ModelAdvance", "ph":"E", "ts":"718524624", "pid":"1", "tid":"cice"},
{"name":"ModelAdvance", "ph":"B", "ts":"718644161", "pid":"1", "tid":"cice"},
{"name":"ModelAdvance", "ph":"E", "ts":"719122378", "pid":"1", "tid":"cice"},
{"name":"ModelAdvance", "ph":"B", "ts":"719260215", "pid":"1", "tid":"cice"},
{"name":"ModelAdvance", "ph":"E", "ts":"719744063", "pid":"1", "tid":"cice"},
{"name":"ModelAdvance", "ph":"B", "ts":"719861377", "pid":"1", "tid":"cice"},
{"name":"ModelAdvance", "ph":"E", "ts":"720340074", "pid":"1", "tid":"cice"},
{"name":"ModelAdvance", "ph":"B", "ts":"720460847", "pid":"1", "tid":"cice"},
{"name":"ModelAdvance", "ph":"E", "ts":"720945457", "pid":"1", "tid":"cice"},
{"name":"ModelAdvance", "ph":"B", "ts":"721076747", "pid":"1", "tid":"cice"},
{"name":"ModelAdvance", "ph":"E", "ts":"721546048", "pid":"1", "tid":"cice"},
{"name":"ModelAdvance", "ph":"B", "ts":"721718302", "pid":"1", "tid":"cice"},
{"name":"ModelAdvance", "ph":"E", "ts":"722186771", "pid":"1", "tid":"cice"},
{"name":"ModelAdvance", "ph":"B", "ts":"722991865", "pid":"1", "tid":"cice"},
{"name":"ModelAdvance", "ph":"E", "ts":"723474826", "pid":"1", "tid":"cice"},
{"name":"ModelAdvance", "ph":"B", "ts":"723589108", "pid":"1", "tid":"cice"},
{"name":"ModelAdvance", "ph":"E", "ts":"724071017", "pid":"1", "tid":"cice"},
{"name":"ModelAdvance", "ph":"B", "ts":"724186649", "pid":"1", "tid":"cice"},
{"name":"ModelAdvance", "ph":"E", "ts":"724661195", "pid":"1", "tid":"cice"},
{"name":"ModelAdvance", "ph":"B", "ts":"724779396", "pid":"1", "tid":"cice"},
{"name":"ModelAdvance", "ph":"E", "ts":"725254653", "pid":"1", "tid":"cice"},
{"name":"ModelAdvance", "ph":"B", "ts":"725388585", "pid":"1", "tid":"cice"},
{"name":"ModelAdvance", "ph":"E", "ts":"725858830", "pid":"1", "tid":"cice"},
{"name":"ModelAdvance", "ph":"B", "ts":"725979546", "pid":"1", "tid":"cice"},
{"name":"ModelAdvance", "ph":"E", "ts":"726450634", "pid":"1", "tid":"cice"},
{"name":"ModelAdvance", "ph":"B", "ts":"726593808", "pid":"1", "tid":"cice"},
{"name":"ModelAdvance", "ph":"E", "ts":"727067977", "pid":"1", "tid":"cice"},
{"name":"ModelAdvance", "ph":"B", "ts":"727538062", "pid":"1", "tid":"cice"},
{"name":"ModelAdvance", "ph":"E", "ts":"728017128", "pid":"1", "tid":"cice"},
{"name":"ModelAdvance", "ph":"B", "ts":"728137350", "pid":"1", "tid":"cice"},
{"name":"ModelAdvance", "ph":"E", "ts":"728620828", "pid":"1", "tid":"cice"},
{"name":"ModelAdvance", "ph":"B", "ts":"728740832", "pid":"1", "tid":"cice"},
{"name":"ModelAdvance", "ph":"E", "ts":"729216899", "pid":"1", "tid":"cice"},
{"name":"ModelAdvance", "ph":"B", "ts":"729349386", "pid":"1", "tid":"cice"},
{"name":"ModelAdvance", "ph":"E", "ts":"729826502", "pid":"1", "tid":"cice"},
{"name":"ModelAdvance", "ph":"B", "ts":"729951220", "pid":"1", "tid":"cice"},
{"name":"ModelAdvance", "ph":"E", "ts":"730430061", "pid":"1", "tid":"cice"},
{"name":"ModelAdvance", "ph":"B", "ts":"730552383", "pid":"1", "tid":"cice"},
{"name":"ModelAdvance", "ph":"E", "ts":"731033534", "pid":"1", "tid":"cice"},
{"name":"ModelAdvance", "ph":"B", "ts":"731152357", "pid":"1", "tid":"cice"},
{"name":"ModelAdvance", "ph":"E", "ts":"731642675", "pid":"1", "tid":"cice"},
{"name":"ModelAdvance", "ph":"B", "ts":"731754483", "pid":"1", "tid":"cice"},
{"name":"ModelAdvance", "ph":"E", "ts":"732232544", "pid":"1", "tid":"cice"},
{"name":"ModelAdvance", "ph":"B", "ts":"732407585", "pid":"1", "tid":"cice"},
{"name":"ModelAdvance", "ph":"E", "ts":"732873899", "pid":"1", "tid":"cice"},
{"name":"ModelAdvance", "ph":"B", "ts":"733002075", "pid":"1", "tid":"cice"},
{"name":"ModelAdvance", "ph":"E", "ts":"733486418", "pid":"1", "tid":"cice"},
{"name":"ModelAdvance", "ph":"B", "ts":"733608865", "pid":"1", "tid":"cice"},
{"name":"ModelAdvance", "ph":"E", "ts":"734077007", "pid":"1", "tid":"cice"},
{"name":"ModelAdvance", "ph":"B", "ts":"734199534", "pid":"1", "tid":"cice"},
{"name":"ModelAdvance", "ph":"E", "ts":"734670934", "pid":"1", "tid":"cice"},
{"name":"ModelAdvance", "ph":"B", "ts":"734815273", "pid":"1", "tid":"cice"},
{"name":"ModelAdvance", "ph":"E", "ts":"735296070", "pid":"1", "tid":"cice"},
{"name":"ModelAdvance", "ph":"B", "ts":"735412799", "pid":"1", "tid":"cice"},
{"name":"ModelAdvance", "ph":"E", "ts":"735901177", "pid":"1", "tid":"cice"},
{"name":"ModelAdvance", "ph":"B", "ts":"736026761", "pid":"1", "tid":"cice"},
{"name":"ModelAdvance", "ph":"E", "ts":"736511200", "pid":"1", "tid":"cice"},
{"name":"ModelAdvance", "ph":"B", "ts":"736634346", "pid":"1", "tid":"cice"},
{"name":"ModelAdvance", "ph":"E", "ts":"737108031", "pid":"1", "tid":"cice"},
{"name":"ModelAdvance", "ph":"B", "ts":"753052789", "pid":"1", "tid":"cice"},
{"name":"ModelAdvance", "ph":"E", "ts":"753544204", "pid":"1", "tid":"cice"},
{"name":"ModelAdvance", "ph":"B", "ts":"754326122", "pid":"1", "tid":"cice"},
{"name":"ModelAdvance", "ph":"E", "ts":"754810039", "pid":"1", "tid":"cice"},
{"name":"ModelAdvance", "ph":"B", "ts":"754924304", "pid":"1", "tid":"cice"},
{"name":"ModelAdvance", "ph":"E", "ts":"755412817", "pid":"1", "tid":"cice"},
{"name":"ModelAdvance", "ph":"B", "ts":"755523886", "pid":"1", "tid":"cice"},
{"name":"ModelAdvance", "ph":"E", "ts":"756003065", "pid":"1", "tid":"cice"},
{"name":"ModelAdvance", "ph":"B", "ts":"756131535", "pid":"1", "tid":"cice"},
{"name":"ModelAdvance", "ph":"E", "ts":"756606810", "pid":"1", "tid":"cice"},
{"name":"ModelAdvance", "ph":"B", "ts":"756725313", "pid":"1", "tid":"cice"},
{"name":"ModelAdvance", "ph":"E", "ts":"757209621", "pid":"1", "tid":"cice"},
{"name":"ModelAdvance", "ph":"B", "ts":"757362932", "pid":"1", "tid":"cice"},
{"name":"ModelAdvance", "ph":"E", "ts":"757839140", "pid":"1", "tid":"cice"},
{"name":"ModelAdvance", "ph":"B", "ts":"757963547", "pid":"1", "tid":"cice"},
{"name":"ModelAdvance", "ph":"E", "ts":"758444401", "pid":"1", "tid":"cice"},
{"name":"ModelAdvance", "ph":"B", "ts":"758586459", "pid":"1", "tid":"cice"},
{"name":"ModelAdvance", "ph":"E", "ts":"759056865", "pid":"1", "tid":"cice"},
{"name":"ModelAdvance", "ph":"B", "ts":"759179881", "pid":"1", "tid":"cice"},
{"name":"ModelAdvance", "ph":"E", "ts":"759659359", "pid":"1", "tid":"cice"},
{"name":"ModelAdvance", "ph":"B", "ts":"759800328", "pid":"1", "tid":"cice"},
{"name":"ModelAdvance", "ph":"E", "ts":"760287996", "pid":"1", "tid":"cice"},
{"name":"ModelAdvance", "ph":"B", "ts":"760411533", "pid":"1", "tid":"cice"},
{"name":"ModelAdvance", "ph":"E", "ts":"760877021", "pid":"1", "tid":"cice"},
{"name":"ModelAdvance", "ph":"B", "ts":"761041153", "pid":"1", "tid":"cice"},
{"name":"ModelAdvance", "ph":"E", "ts":"761530944", "pid":"1", "tid":"cice"},
{"name":"ModelAdvance", "ph":"B", "ts":"761648097", "pid":"1", "tid":"cice"},
{"name":"ModelAdvance", "ph":"E", "ts":"762126204", "pid":"1", "tid":"cice"},
{"name":"ModelAdvance", "ph":"B", "ts":"762271720", "pid":"1", "tid":"cice"},
{"name":"ModelAdvance", "ph":"E", "ts":"762740354", "pid":"1", "tid":"cice"},
{"name":"ModelAdvance", "ph":"B", "ts":"762876891", "pid":"1", "tid":"cice"},
{"name":"ModelAdvance", "ph":"E", "ts":"763358087", "pid":"1", "tid":"cice"},
{"name":"ModelAdvance", "ph":"B", "ts":"763504810", "pid":"1", "tid":"cice"},
{"name":"ModelAdvance", "ph":"E", "ts":"763983549", "pid":"1", "tid":"cice"},
{"name":"ModelAdvance", "ph":"B", "ts":"764095620", "pid":"1", "tid":"cice"},
{"name":"ModelAdvance", "ph":"E", "ts":"764582120", "pid":"1", "tid":"cice"},
{"name":"ModelAdvance", "ph":"B", "ts":"764726015", "pid":"1", "tid":"cice"},
{"name":"ModelAdvance", "ph":"E", "ts":"765195400", "pid":"1", "tid":"cice"},
{"name":"ModelAdvance", "ph":"B", "ts":"765338387", "pid":"1", "tid":"cice"},
{"name":"ModelAdvance", "ph":"E", "ts":"765796625", "pid":"1", "tid":"cice"},
{"name":"ModelAdvance", "ph":"B", "ts":"765930607", "pid":"1", "tid":"cice"},
{"name":"ModelAdvance", "ph":"E", "ts":"766409224", "pid":"1", "tid":"cice"},
{"name":"ModelAdvance", "ph":"B", "ts":"766537263", "pid":"1", "tid":"cice"},
{"name":"ModelAdvance", "ph":"E", "ts":"767013279", "pid":"1", "tid":"cice"},
{"name":"ModelAdvance", "ph":"B", "ts":"767142252", "pid":"1", "tid":"cice"},
{"name":"ModelAdvance", "ph":"E", "ts":"767621861", "pid":"1", "tid":"cice"},
{"name":"ModelAdvance", "ph":"B", "ts":"767738757", "pid":"1", "tid":"cice"},
{"name":"ModelAdvance", "ph":"E", "ts":"768208824", "pid":"1", "tid":"cice"},
{"name":"ModelAdvance", "ph":"B", "ts":"768348589", "pid":"1", "tid":"cice"},
{"name":"ModelAdvance", "ph":"E", "ts":"768831070", "pid":"1", "tid":"cice"},
{"name":"ModelAdvance", "ph":"B", "ts":"769616292", "pid":"1", "tid":"cice"},
{"name":"ModelAdvance", "ph":"E", "ts":"770105767", "pid":"1", "tid":"cice"},
{"name":"ModelAdvance", "ph":"B", "ts":"770228094", "pid":"1", "tid":"cice"},
{"name":"ModelAdvance", "ph":"E", "ts":"770710632", "pid":"1", "tid":"cice"},
{"name":"ModelAdvance", "ph":"B", "ts":"770834676", "pid":"1", "tid":"cice"},
{"name":"ModelAdvance", "ph":"E", "ts":"771314975", "pid":"1", "tid":"cice"},
{"name":"ModelAdvance", "ph":"B", "ts":"771431778", "pid":"1", "tid":"cice"},
{"name":"ModelAdvance", "ph":"E", "ts":"771918867", "pid":"1", "tid":"cice"},
{"name":"ModelAdvance", "ph":"B", "ts":"772044907", "pid":"1", "tid":"cice"},
{"name":"ModelAdvance", "ph":"E", "ts":"772515301", "pid":"1", "tid":"cice"},
{"name":"ModelAdvance", "ph":"B", "ts":"772643392", "pid":"1", "tid":"cice"},
{"name":"ModelAdvance", "ph":"E", "ts":"773123854", "pid":"1", "tid":"cice"},
{"name":"ModelAdvance", "ph":"B", "ts":"773246649", "pid":"1", "tid":"cice"},
{"name":"ModelAdvance", "ph":"E", "ts":"773721340", "pid":"1", "tid":"cice"},
{"name":"ModelAdvance", "ph":"B", "ts":"773857516", "pid":"1", "tid":"cice"},
{"name":"ModelAdvance", "ph":"E", "ts":"774333371", "pid":"1", "tid":"cice"},
{"name":"ModelAdvance", "ph":"B", "ts":"774477861", "pid":"1", "tid":"cice"},
{"name":"ModelAdvance", "ph":"E", "ts":"774955414", "pid":"1", "tid":"cice"},
{"name":"ModelAdvance", "ph":"B", "ts":"775082484", "pid":"1", "tid":"cice"},
{"name":"ModelAdvance", "ph":"E", "ts":"775562039", "pid":"1", "tid":"cice"},
{"name":"ModelAdvance", "ph":"B", "ts":"775706048", "pid":"1", "tid":"cice"},
{"name":"ModelAdvance", "ph":"E", "ts":"776182517", "pid":"1", "tid":"cice"},
{"name":"ModelAdvance", "ph":"B", "ts":"776338549", "pid":"1", "tid":"cice"},
{"name":"ModelAdvance", "ph":"E", "ts":"776818174", "pid":"1", "tid":"cice"},
{"name":"ModelAdvance", "ph":"B", "ts":"776962819", "pid":"1", "tid":"cice"},
{"name":"ModelAdvance", "ph":"E", "ts":"777434658", "pid":"1", "tid":"cice"},
{"name":"ModelAdvance", "ph":"B", "ts":"777562197", "pid":"1", "tid":"cice"},
{"name":"ModelAdvance", "ph":"E", "ts":"778034818", "pid":"1", "tid":"cice"},
{"name":"ModelAdvance", "ph":"B", "ts":"778174136", "pid":"1", "tid":"cice"},
{"name":"ModelAdvance", "ph":"E", "ts":"778642749", "pid":"1", "tid":"cice"},
{"name":"ModelAdvance", "ph":"B", "ts":"778778967", "pid":"1", "tid":"cice"},
{"name":"ModelAdvance", "ph":"E", "ts":"779264473", "pid":"1", "tid":"cice"},
{"name":"ModelAdvance", "ph":"B", "ts":"779403051", "pid":"1", "tid":"cice"},
{"name":"ModelAdvance", "ph":"E", "ts":"779879556", "pid":"1", "tid":"cice"},
{"name":"ModelAdvance", "ph":"B", "ts":"780020894", "pid":"1", "tid":"cice"},
{"name":"ModelAdvance", "ph":"E", "ts":"780505369", "pid":"1", "tid":"cice"},
{"name":"ModelAdvance", "ph":"B", "ts":"780637989", "pid":"1", "tid":"cice"},
{"name":"ModelAdvance", "ph":"E", "ts":"781120600", "pid":"1", "tid":"cice"},
{"name":"ModelAdvance", "ph":"B", "ts":"781258462", "pid":"1", "tid":"cice"},
{"name":"ModelAdvance", "ph":"E", "ts":"781737306", "pid":"1", "tid":"cice"},
{"name":"ModelAdvance", "ph":"B", "ts":"781870303", "pid":"1", "tid":"cice"},
{"name":"ModelAdvance", "ph":"E", "ts":"782346332", "pid":"1", "tid":"cice"},
{"name":"ModelAdvance", "ph":"B", "ts":"782478667", "pid":"1", "tid":"cice"},
{"name":"ModelAdvance", "ph":"E", "ts":"782961000", "pid":"1", "tid":"cice"},
{"name":"ModelAdvance", "ph":"B", "ts":"783091177", "pid":"1", "tid":"cice"},
{"name":"ModelAdvance", "ph":"E", "ts":"783573645", "pid":"1", "tid":"cice"},
{"name":"ModelAdvance", "ph":"B", "ts":"783772499", "pid":"1", "tid":"cice"},
{"name":"ModelAdvance", "ph":"E", "ts":"784254992", "pid":"1", "tid":"cice"},
{"name":"ModelAdvance", "ph":"B", "ts":"785052987", "pid":"1", "tid":"cice"},
{"name":"ModelAdvance", "ph":"E", "ts":"785528184", "pid":"1", "tid":"cice"},
{"name":"ModelAdvance", "ph":"B", "ts":"785658275", "pid":"1", "tid":"cice"},
{"name":"ModelAdvance", "ph":"E", "ts":"786129368", "pid":"1", "tid":"cice"},
{"name":"ModelAdvance", "ph":"B", "ts":"786258525", "pid":"1", "tid":"cice"},
{"name":"ModelAdvance", "ph":"E", "ts":"786739272", "pid":"1", "tid":"cice"},
{"name":"ModelAdvance", "ph":"B", "ts":"786862718", "pid":"1", "tid":"cice"},
{"name":"ModelAdvance", "ph":"E", "ts":"787346350", "pid":"1", "tid":"cice"},
{"name":"ModelAdvance", "ph":"B", "ts":"787472461", "pid":"1", "tid":"cice"},
{"name":"ModelAdvance", "ph":"E", "ts":"787949239", "pid":"1", "tid":"cice"},
{"name":"ModelAdvance", "ph":"B", "ts":"788101461", "pid":"1", "tid":"cice"},
{"name":"ModelAdvance", "ph":"E", "ts":"788588055", "pid":"1", "tid":"cice"},
{"name":"ModelAdvance", "ph":"B", "ts":"788709350", "pid":"1", "tid":"cice"},
{"name":"ModelAdvance", "ph":"E", "ts":"789183424", "pid":"1", "tid":"cice"},
{"name":"ModelAdvance", "ph":"B", "ts":"789316872", "pid":"1", "tid":"cice"},
{"name":"ModelAdvance", "ph":"E", "ts":"789788574", "pid":"1", "tid":"cice"},
{"name":"ModelAdvance", "ph":"B", "ts":"789926306", "pid":"1", "tid":"cice"},
{"name":"ModelAdvance", "ph":"E", "ts":"790399230", "pid":"1", "tid":"cice"},
{"name":"ModelAdvance", "ph":"B", "ts":"790532710", "pid":"1", "tid":"cice"},
{"name":"ModelAdvance", "ph":"E", "ts":"791012279", "pid":"1", "tid":"cice"},
{"name":"ModelAdvance", "ph":"B", "ts":"791152502", "pid":"1", "tid":"cice"},
{"name":"ModelAdvance", "ph":"E", "ts":"791624869", "pid":"1", "tid":"cice"},
{"name":"ModelAdvance", "ph":"B", "ts":"791786721", "pid":"1", "tid":"cice"},
{"name":"ModelAdvance", "ph":"E", "ts":"792249996", "pid":"1", "tid":"cice"},
{"name":"ModelAdvance", "ph":"B", "ts":"792387556", "pid":"1", "tid":"cice"},
{"name":"ModelAdvance", "ph":"E", "ts":"792854508", "pid":"1", "tid":"cice"},
{"name":"ModelAdvance", "ph":"B", "ts":"792991604", "pid":"1", "tid":"cice"},
{"name":"ModelAdvance", "ph":"E", "ts":"793476469", "pid":"1", "tid":"cice"},
{"name":"ModelAdvance", "ph":"B", "ts":"793601331", "pid":"1", "tid":"cice"},
{"name":"ModelAdvance", "ph":"E", "ts":"794066251", "pid":"1", "tid":"cice"},
{"name":"ModelAdvance", "ph":"B", "ts":"794214271", "pid":"1", "tid":"cice"},
{"name":"ModelAdvance", "ph":"E", "ts":"794697055", "pid":"1", "tid":"cice"},
{"name":"ModelAdvance", "ph":"B", "ts":"794856145", "pid":"1", "tid":"cice"},
{"name":"ModelAdvance", "ph":"E", "ts":"795320884", "pid":"1", "tid":"cice"},
{"name":"ModelAdvance", "ph":"B", "ts":"795512648", "pid":"1", "tid":"cice"},
{"name":"ModelAdvance", "ph":"E", "ts":"795985998", "pid":"1", "tid":"cice"},
{"name":"ModelAdvance", "ph":"B", "ts":"796114593", "pid":"1", "tid":"cice"},
{"name":"ModelAdvance", "ph":"E", "ts":"796596852", "pid":"1", "tid":"cice"},
{"name":"ModelAdvance", "ph":"B", "ts":"796729314", "pid":"1", "tid":"cice"},
{"name":"ModelAdvance", "ph":"E", "ts":"797191992", "pid":"1", "tid":"cice"},
{"name":"ModelAdvance", "ph":"B", "ts":"797327857", "pid":"1", "tid":"cice"},
{"name":"ModelAdvance", "ph":"E", "ts":"797803336", "pid":"1", "tid":"cice"},
{"name":"ModelAdvance", "ph":"B", "ts":"797929580", "pid":"1", "tid":"cice"},
{"name":"ModelAdvance", "ph":"E", "ts":"798406117", "pid":"1", "tid":"cice"},
{"name":"ModelAdvance", "ph":"B", "ts":"798529864", "pid":"1", "tid":"cice"},
{"name":"ModelAdvance", "ph":"E", "ts":"799113794", "pid":"1", "tid":"cice"},
{"name":"ModelAdvance", "ph":"B", "ts":"799195888", "pid":"1", "tid":"cice"},
{"name":"ModelAdvance", "ph":"E", "ts":"799676445", "pid":"1", "tid":"cice"},
{"name":"ModelAdvance", "ph":"B", "ts":"800488660", "pid":"1", "tid":"cice"},
{"name":"ModelAdvance", "ph":"E", "ts":"800967577", "pid":"1", "tid":"cice"},
{"name":"ModelAdvance", "ph":"B", "ts":"801096934", "pid":"1", "tid":"cice"},
{"name":"ModelAdvance", "ph":"E", "ts":"801565264", "pid":"1", "tid":"cice"},
{"name":"ModelAdvance", "ph":"B", "ts":"801694162", "pid":"1", "tid":"cice"},
{"name":"ModelAdvance", "ph":"E", "ts":"802182180", "pid":"1", "tid":"cice"},
{"name":"ModelAdvance", "ph":"B", "ts":"802313651", "pid":"1", "tid":"cice"},
{"name":"ModelAdvance", "ph":"E", "ts":"802797090", "pid":"1", "tid":"cice"},
{"name":"ModelAdvance", "ph":"B", "ts":"802918425", "pid":"1", "tid":"cice"},
{"name":"ModelAdvance", "ph":"E", "ts":"803400986", "pid":"1", "tid":"cice"},
{"name":"ModelAdvance", "ph":"B", "ts":"803537687", "pid":"1", "tid":"cice"},
{"name":"ModelAdvance", "ph":"E", "ts":"804012788", "pid":"1", "tid":"cice"},
{"name":"ModelAdvance", "ph":"B", "ts":"804152959", "pid":"1", "tid":"cice"},
{"name":"ModelAdvance", "ph":"E", "ts":"804621486", "pid":"1", "tid":"cice"},
{"name":"ModelAdvance", "ph":"B", "ts":"804752445", "pid":"1", "tid":"cice"},
{"name":"ModelAdvance", "ph":"E", "ts":"805234124", "pid":"1", "tid":"cice"},
{"name":"ModelAdvance", "ph":"B", "ts":"805363720", "pid":"1", "tid":"cice"},
{"name":"ModelAdvance", "ph":"E", "ts":"805836517", "pid":"1", "tid":"cice"},
{"name":"ModelAdvance", "ph":"B", "ts":"805966937", "pid":"1", "tid":"cice"},
{"name":"ModelAdvance", "ph":"E", "ts":"806437487", "pid":"1", "tid":"cice"},
{"name":"ModelAdvance", "ph":"B", "ts":"806564238", "pid":"1", "tid":"cice"},
{"name":"ModelAdvance", "ph":"E", "ts":"807031359", "pid":"1", "tid":"cice"},
{"name":"ModelAdvance", "ph":"B", "ts":"807224546", "pid":"1", "tid":"cice"},
{"name":"ModelAdvance", "ph":"E", "ts":"807696931", "pid":"1", "tid":"cice"},
{"name":"ModelAdvance", "ph":"B", "ts":"807831290", "pid":"1", "tid":"cice"},
{"name":"ModelAdvance", "ph":"E", "ts":"808306543", "pid":"1", "tid":"cice"},
{"name":"ModelAdvance", "ph":"B", "ts":"808426511", "pid":"1", "tid":"cice"},
{"name":"ModelAdvance", "ph":"E", "ts":"808902697", "pid":"1", "tid":"cice"},
{"name":"ModelAdvance", "ph":"B", "ts":"809043683", "pid":"1", "tid":"cice"},
{"name":"ModelAdvance", "ph":"E", "ts":"809531330", "pid":"1", "tid":"cice"},
{"name":"ModelAdvance", "ph":"B", "ts":"809657274", "pid":"1", "tid":"cice"},
{"name":"ModelAdvance", "ph":"E", "ts":"810139389", "pid":"1", "tid":"cice"},
{"name":"ModelAdvance", "ph":"B", "ts":"810272397", "pid":"1", "tid":"cice"},
{"name":"ModelAdvance", "ph":"E", "ts":"810754516", "pid":"1", "tid":"cice"},
{"name":"ModelAdvance", "ph":"B", "ts":"810884305", "pid":"1", "tid":"cice"},
{"name":"ModelAdvance", "ph":"E", "ts":"811364115", "pid":"1", "tid":"cice"},
{"name":"ModelAdvance", "ph":"B", "ts":"811489574", "pid":"1", "tid":"cice"},
{"name":"ModelAdvance", "ph":"E", "ts":"811960954", "pid":"1", "tid":"cice"},
{"name":"ModelAdvance", "ph":"B", "ts":"812096167", "pid":"1", "tid":"cice"},
{"name":"ModelAdvance", "ph":"E", "ts":"812581414", "pid":"1", "tid":"cice"},
{"name":"ModelAdvance", "ph":"B", "ts":"812701104", "pid":"1", "tid":"cice"},
{"name":"ModelAdvance", "ph":"E", "ts":"813188294", "pid":"1", "tid":"cice"},
{"name":"ModelAdvance", "ph":"B", "ts":"813301157", "pid":"1", "tid":"cice"},
{"name":"ModelAdvance", "ph":"E", "ts":"813782410", "pid":"1", "tid":"cice"},
{"name":"ModelAdvance", "ph":"B", "ts":"813911685", "pid":"1", "tid":"cice"},
{"name":"ModelAdvance", "ph":"E", "ts":"814388823", "pid":"1", "tid":"cice"},
{"name":"ModelAdvance", "ph":"B", "ts":"814523082", "pid":"1", "tid":"cice"},
{"name":"ModelAdvance", "ph":"E", "ts":"815004332", "pid":"1", "tid":"cice"},
{"name":"ModelAdvance", "ph":"B", "ts":"815761978", "pid":"1", "tid":"cice"},
{"name":"ModelAdvance", "ph":"E", "ts":"816238072", "pid":"1", "tid":"cice"},
{"name":"ModelAdvance", "ph":"B", "ts":"816366523", "pid":"1", "tid":"cice"},
{"name":"ModelAdvance", "ph":"E", "ts":"816834196", "pid":"1", "tid":"cice"},
{"name":"ModelAdvance", "ph":"B", "ts":"816971669", "pid":"1", "tid":"cice"},
{"name":"ModelAdvance", "ph":"E", "ts":"817450302", "pid":"1", "tid":"cice"},
{"name":"ModelAdvance", "ph":"B", "ts":"817594001", "pid":"1", "tid":"cice"},
{"name":"ModelAdvance", "ph":"E", "ts":"818079306", "pid":"1", "tid":"cice"},
{"name":"ModelAdvance", "ph":"B", "ts":"818202089", "pid":"1", "tid":"cice"},
{"name":"ModelAdvance", "ph":"E", "ts":"818691180", "pid":"1", "tid":"cice"},
{"name":"ModelAdvance", "ph":"B", "ts":"818824566", "pid":"1", "tid":"cice"},
{"name":"ModelAdvance", "ph":"E", "ts":"819298763", "pid":"1", "tid":"cice"},
{"name":"ModelAdvance", "ph":"B", "ts":"819426241", "pid":"1", "tid":"cice"},
{"name":"ModelAdvance", "ph":"E", "ts":"819904904", "pid":"1", "tid":"cice"},
{"name":"ModelAdvance", "ph":"B", "ts":"820066402", "pid":"1", "tid":"cice"},
{"name":"ModelAdvance", "ph":"E", "ts":"820539950", "pid":"1", "tid":"cice"},
{"name":"ModelAdvance", "ph":"B", "ts":"820755008", "pid":"1", "tid":"cice"},
{"name":"ModelAdvance", "ph":"E", "ts":"821233483", "pid":"1", "tid":"cice"},
{"name":"ModelAdvance", "ph":"B", "ts":"821428834", "pid":"1", "tid":"cice"},
{"name":"ModelAdvance", "ph":"E", "ts":"821908911", "pid":"1", "tid":"cice"},
{"name":"ModelAdvance", "ph":"B", "ts":"822068047", "pid":"1", "tid":"cice"},
{"name":"ModelAdvance", "ph":"E", "ts":"822555770", "pid":"1", "tid":"cice"},
{"name":"ModelAdvance", "ph":"B", "ts":"822754971", "pid":"1", "tid":"cice"},
{"name":"ModelAdvance", "ph":"E", "ts":"823218520", "pid":"1", "tid":"cice"},
{"name":"ModelAdvance", "ph":"B", "ts":"823367857", "pid":"1", "tid":"cice"},
{"name":"ModelAdvance", "ph":"E", "ts":"823853264", "pid":"1", "tid":"cice"},
{"name":"ModelAdvance", "ph":"B", "ts":"823987115", "pid":"1", "tid":"cice"},
{"name":"ModelAdvance", "ph":"E", "ts":"824467758", "pid":"1", "tid":"cice"},
{"name":"ModelAdvance", "ph":"B", "ts":"824668525", "pid":"1", "tid":"cice"},
{"name":"ModelAdvance", "ph":"E", "ts":"825145349", "pid":"1", "tid":"cice"},
{"name":"ModelAdvance", "ph":"B", "ts":"825329395", "pid":"1", "tid":"cice"},
{"name":"ModelAdvance", "ph":"E", "ts":"825807983", "pid":"1", "tid":"cice"},
{"name":"ModelAdvance", "ph":"B", "ts":"826001209", "pid":"1", "tid":"cice"},
{"name":"ModelAdvance", "ph":"E", "ts":"826480366", "pid":"1", "tid":"cice"},
{"name":"ModelAdvance", "ph":"B", "ts":"826670009", "pid":"1", "tid":"cice"},
{"name":"ModelAdvance", "ph":"E", "ts":"827151939", "pid":"1", "tid":"cice"},
{"name":"ModelAdvance", "ph":"B", "ts":"827302022", "pid":"1", "tid":"cice"},
{"name":"ModelAdvance", "ph":"E", "ts":"827776308", "pid":"1", "tid":"cice"},
{"name":"ModelAdvance", "ph":"B", "ts":"827918302", "pid":"1", "tid":"cice"},
{"name":"ModelAdvance", "ph":"E", "ts":"828398349", "pid":"1", "tid":"cice"},
{"name":"ModelAdvance", "ph":"B", "ts":"828552223", "pid":"1", "tid":"cice"},
{"name":"ModelAdvance", "ph":"E", "ts":"829030936", "pid":"1", "tid":"cice"},
{"name":"ModelAdvance", "ph":"B", "ts":"829184439", "pid":"1", "tid":"cice"},
{"name":"ModelAdvance", "ph":"E", "ts":"829665909", "pid":"1", "tid":"cice"},
{"name":"ModelAdvance", "ph":"B", "ts":"829819551", "pid":"1", "tid":"cice"},
{"name":"ModelAdvance", "ph":"E", "ts":"830296904", "pid":"1", "tid":"cice"},
{"name":"ModelAdvance", "ph":"B", "ts":"830456533", "pid":"1", "tid":"cice"},
{"name":"ModelAdvance", "ph":"E", "ts":"830942667", "pid":"1", "tid":"cice"},
{"name":"ModelAdvance", "ph":"B", "ts":"831696506", "pid":"1", "tid":"cice"},
{"name":"ModelAdvance", "ph":"E", "ts":"832196527", "pid":"1", "tid":"cice"},
{"name":"ModelAdvance", "ph":"B", "ts":"832332195", "pid":"1", "tid":"cice"},
{"name":"ModelAdvance", "ph":"E", "ts":"832803512", "pid":"1", "tid":"cice"},
{"name":"ModelAdvance", "ph":"B", "ts":"832954597", "pid":"1", "tid":"cice"},
{"name":"ModelAdvance", "ph":"E", "ts":"833437214", "pid":"1", "tid":"cice"},
{"name":"ModelAdvance", "ph":"B", "ts":"833601990", "pid":"1", "tid":"cice"},
{"name":"ModelAdvance", "ph":"E", "ts":"834075839", "pid":"1", "tid":"cice"},
{"name":"ModelAdvance", "ph":"B", "ts":"834230025", "pid":"1", "tid":"cice"},
{"name":"ModelAdvance", "ph":"E", "ts":"834713681", "pid":"1", "tid":"cice"},
{"name":"ModelAdvance", "ph":"B", "ts":"834852271", "pid":"1", "tid":"cice"},
{"name":"ModelAdvance", "ph":"E", "ts":"835325835", "pid":"1", "tid":"cice"},
{"name":"ModelAdvance", "ph":"B", "ts":"835491010", "pid":"1", "tid":"cice"},
{"name":"ModelAdvance", "ph":"E", "ts":"835963367", "pid":"1", "tid":"cice"},
{"name":"ModelAdvance", "ph":"B", "ts":"836112202", "pid":"1", "tid":"cice"},
{"name":"ModelAdvance", "ph":"E", "ts":"836587115", "pid":"1", "tid":"cice"},
{"name":"ModelAdvance", "ph":"B", "ts":"836731594", "pid":"1", "tid":"cice"},
{"name":"ModelAdvance", "ph":"E", "ts":"837192964", "pid":"1", "tid":"cice"},
{"name":"ModelAdvance", "ph":"B", "ts":"837405645", "pid":"1", "tid":"cice"},
{"name":"ModelAdvance", "ph":"E", "ts":"837878447", "pid":"1", "tid":"cice"},
{"name":"ModelAdvance", "ph":"B", "ts":"838040971", "pid":"1", "tid":"cice"},
{"name":"ModelAdvance", "ph":"E", "ts":"838517977", "pid":"1", "tid":"cice"},
{"name":"ModelAdvance", "ph":"B", "ts":"838687762", "pid":"1", "tid":"cice"},
{"name":"ModelAdvance", "ph":"E", "ts":"839167837", "pid":"1", "tid":"cice"},
{"name":"ModelAdvance", "ph":"B", "ts":"839316253", "pid":"1", "tid":"cice"},
{"name":"ModelAdvance", "ph":"E", "ts":"839792695", "pid":"1", "tid":"cice"},
{"name":"ModelAdvance", "ph":"B", "ts":"839965194", "pid":"1", "tid":"cice"},
{"name":"ModelAdvance", "ph":"E", "ts":"840441255", "pid":"1", "tid":"cice"},
{"name":"ModelAdvance", "ph":"B", "ts":"840651287", "pid":"1", "tid":"cice"},
{"name":"ModelAdvance", "ph":"E", "ts":"841126042", "pid":"1", "tid":"cice"},
{"name":"ModelAdvance", "ph":"B", "ts":"841337745", "pid":"1", "tid":"cice"},
{"name":"ModelAdvance", "ph":"E", "ts":"841821905", "pid":"1", "tid":"cice"},
{"name":"ModelAdvance", "ph":"B", "ts":"842026855", "pid":"1", "tid":"cice"},
{"name":"ModelAdvance", "ph":"E", "ts":"842514437", "pid":"1", "tid":"cice"},
{"name":"ModelAdvance", "ph":"B", "ts":"842697392", "pid":"1", "tid":"cice"},
{"name":"ModelAdvance", "ph":"E", "ts":"843180839", "pid":"1", "tid":"cice"},
{"name":"ModelAdvance", "ph":"B", "ts":"843328534", "pid":"1", "tid":"cice"},
{"name":"ModelAdvance", "ph":"E", "ts":"843803071", "pid":"1", "tid":"cice"},
{"name":"ModelAdvance", "ph":"B", "ts":"843953321", "pid":"1", "tid":"cice"},
{"name":"ModelAdvance", "ph":"E", "ts":"844429740", "pid":"1", "tid":"cice"},
{"name":"ModelAdvance", "ph":"B", "ts":"844624147", "pid":"1", "tid":"cice"},
{"name":"ModelAdvance", "ph":"E", "ts":"845107828", "pid":"1", "tid":"cice"},
{"name":"ModelAdvance", "ph":"B", "ts":"845284598", "pid":"1", "tid":"cice"},
{"name":"ModelAdvance", "ph":"E", "ts":"845758642", "pid":"1", "tid":"cice"},
{"name":"ModelAdvance", "ph":"B", "ts":"845897478", "pid":"1", "tid":"cice"},
{"name":"ModelAdvance", "ph":"E", "ts":"846371480", "pid":"1", "tid":"cice"},
{"name":"ModelAdvance", "ph":"B", "ts":"846616359", "pid":"1", "tid":"cice"},
{"name":"ModelAdvance", "ph":"E", "ts":"847093169", "pid":"1", "tid":"cice"},
{"name":"ModelAdvance", "ph":"B", "ts":"847905755", "pid":"1", "tid":"cice"},
{"name":"ModelAdvance", "ph":"E", "ts":"848389160", "pid":"1", "tid":"cice"},
{"name":"ModelAdvance", "ph":"B", "ts":"848522047", "pid":"1", "tid":"cice"},
{"name":"ModelAdvance", "ph":"E", "ts":"849008496", "pid":"1", "tid":"cice"},
{"name":"ModelAdvance", "ph":"B", "ts":"849169323", "pid":"1", "tid":"cice"},
{"name":"ModelAdvance", "ph":"E", "ts":"849647671", "pid":"1", "tid":"cice"},
{"name":"ModelAdvance", "ph":"B", "ts":"849785310", "pid":"1", "tid":"cice"},
{"name":"ModelAdvance", "ph":"E", "ts":"850265258", "pid":"1", "tid":"cice"},
{"name":"ModelAdvance", "ph":"B", "ts":"850467398", "pid":"1", "tid":"cice"},
{"name":"ModelAdvance", "ph":"E", "ts":"850947535", "pid":"1", "tid":"cice"},
{"name":"ModelAdvance", "ph":"B", "ts":"851144253", "pid":"1", "tid":"cice"},
{"name":"ModelAdvance", "ph":"E", "ts":"851622892", "pid":"1", "tid":"cice"},
{"name":"ModelAdvance", "ph":"B", "ts":"851780038", "pid":"1", "tid":"cice"},
{"name":"ModelAdvance", "ph":"E", "ts":"852260128", "pid":"1", "tid":"cice"},
{"name":"ModelAdvance", "ph":"B", "ts":"852448100", "pid":"1", "tid":"cice"},
{"name":"ModelAdvance", "ph":"E", "ts":"852919216", "pid":"1", "tid":"cice"},
{"name":"ModelAdvance", "ph":"B", "ts":"853110933", "pid":"1", "tid":"cice"},
{"name":"ModelAdvance", "ph":"E", "ts":"853593453", "pid":"1", "tid":"cice"},
{"name":"ModelAdvance", "ph":"B", "ts":"853735186", "pid":"1", "tid":"cice"},
{"name":"ModelAdvance", "ph":"E", "ts":"854217393", "pid":"1", "tid":"cice"},
{"name":"ModelAdvance", "ph":"B", "ts":"854374778", "pid":"1", "tid":"cice"},
{"name":"ModelAdvance", "ph":"E", "ts":"854851100", "pid":"1", "tid":"cice"},
{"name":"ModelAdvance", "ph":"B", "ts":"855019454", "pid":"1", "tid":"cice"},
{"name":"ModelAdvance", "ph":"E", "ts":"855502037", "pid":"1", "tid":"cice"},
{"name":"ModelAdvance", "ph":"B", "ts":"855621233", "pid":"1", "tid":"cice"},
{"name":"ModelAdvance", "ph":"E", "ts":"856093517", "pid":"1", "tid":"cice"},
{"name":"ModelAdvance", "ph":"B", "ts":"856232204", "pid":"1", "tid":"cice"},
{"name":"ModelAdvance", "ph":"E", "ts":"856718187", "pid":"1", "tid":"cice"},
{"name":"ModelAdvance", "ph":"B", "ts":"856897834", "pid":"1", "tid":"cice"},
{"name":"ModelAdvance", "ph":"E", "ts":"857374135", "pid":"1", "tid":"cice"},
{"name":"ModelAdvance", "ph":"B", "ts":"857522393", "pid":"1", "tid":"cice"},
{"name":"ModelAdvance", "ph":"E", "ts":"857996672", "pid":"1", "tid":"cice"},
{"name":"ModelAdvance", "ph":"B", "ts":"858128591", "pid":"1", "tid":"cice"},
{"name":"ModelAdvance", "ph":"E", "ts":"858610367", "pid":"1", "tid":"cice"},
{"name":"ModelAdvance", "ph":"B", "ts":"858765311", "pid":"1", "tid":"cice"},
{"name":"ModelAdvance", "ph":"E", "ts":"859248049", "pid":"1", "tid":"cice"},
{"name":"ModelAdvance", "ph":"B", "ts":"859403012", "pid":"1", "tid":"cice"},
{"name":"ModelAdvance", "ph":"E", "ts":"859887087", "pid":"1", "tid":"cice"},
{"name":"ModelAdvance", "ph":"B", "ts":"860015117", "pid":"1", "tid":"cice"},
{"name":"ModelAdvance", "ph":"E", "ts":"860492599", "pid":"1", "tid":"cice"},
{"name":"ModelAdvance", "ph":"B", "ts":"860645934", "pid":"1", "tid":"cice"},
{"name":"ModelAdvance", "ph":"E", "ts":"861128653", "pid":"1", "tid":"cice"},
{"name":"ModelAdvance", "ph":"B", "ts":"861331054", "pid":"1", "tid":"cice"},
{"name":"ModelAdvance", "ph":"E", "ts":"861818516", "pid":"1", "tid":"cice"},
{"name":"ModelAdvance", "ph":"B", "ts":"861978814", "pid":"1", "tid":"cice"},
{"name":"ModelAdvance", "ph":"E", "ts":"862442750", "pid":"1", "tid":"cice"},
{"name":"ModelAdvance", "ph":"B", "ts":"862607805", "pid":"1", "tid":"cice"},
{"name":"ModelAdvance", "ph":"E", "ts":"863085093", "pid":"1", "tid":"cice"},
{"name":"ModelAdvance", "ph":"B", "ts":"863924505", "pid":"1", "tid":"cice"},
{"name":"ModelAdvance", "ph":"E", "ts":"864405388", "pid":"1", "tid":"cice"},
{"name":"ModelAdvance", "ph":"B", "ts":"864551201", "pid":"1", "tid":"cice"},
{"name":"ModelAdvance", "ph":"E", "ts":"865016416", "pid":"1", "tid":"cice"},
{"name":"ModelAdvance", "ph":"B", "ts":"865175372", "pid":"1", "tid":"cice"},
{"name":"ModelAdvance", "ph":"E", "ts":"865651142", "pid":"1", "tid":"cice"},
{"name":"ModelAdvance", "ph":"B", "ts":"865870274", "pid":"1", "tid":"cice"},
{"name":"ModelAdvance", "ph":"E", "ts":"866347585", "pid":"1", "tid":"cice"},
{"name":"ModelAdvance", "ph":"B", "ts":"866512522", "pid":"1", "tid":"cice"},
{"name":"ModelAdvance", "ph":"E", "ts":"866980820", "pid":"1", "tid":"cice"},
{"name":"ModelAdvance", "ph":"B", "ts":"867142209", "pid":"1", "tid":"cice"},
{"name":"ModelAdvance", "ph":"E", "ts":"867615888", "pid":"1", "tid":"cice"},
{"name":"ModelAdvance", "ph":"B", "ts":"867827343", "pid":"1", "tid":"cice"},
{"name":"ModelAdvance", "ph":"E", "ts":"868303976", "pid":"1", "tid":"cice"},
{"name":"ModelAdvance", "ph":"B", "ts":"868477567", "pid":"1", "tid":"cice"},
{"name":"ModelAdvance", "ph":"E", "ts":"868951576", "pid":"1", "tid":"cice"},
{"name":"ModelAdvance", "ph":"B", "ts":"869117257", "pid":"1", "tid":"cice"},
{"name":"ModelAdvance", "ph":"E", "ts":"869594341", "pid":"1", "tid":"cice"},
{"name":"ModelAdvance", "ph":"B", "ts":"869774129", "pid":"1", "tid":"cice"},
{"name":"ModelAdvance", "ph":"E", "ts":"870229888", "pid":"1", "tid":"cice"},
{"name":"ModelAdvance", "ph":"B", "ts":"870448180", "pid":"1", "tid":"cice"},
{"name":"ModelAdvance", "ph":"E", "ts":"870923603", "pid":"1", "tid":"cice"},
{"name":"ModelAdvance", "ph":"B", "ts":"871146475", "pid":"1", "tid":"cice"},
{"name":"ModelAdvance", "ph":"E", "ts":"871629309", "pid":"1", "tid":"cice"},
{"name":"ModelAdvance", "ph":"B", "ts":"871781084", "pid":"1", "tid":"cice"},
{"name":"ModelAdvance", "ph":"E", "ts":"872254883", "pid":"1", "tid":"cice"},
{"name":"ModelAdvance", "ph":"B", "ts":"872467395", "pid":"1", "tid":"cice"},
{"name":"ModelAdvance", "ph":"E", "ts":"872932472", "pid":"1", "tid":"cice"},
{"name":"ModelAdvance", "ph":"B", "ts":"873148665", "pid":"1", "tid":"cice"},
{"name":"ModelAdvance", "ph":"E", "ts":"873620481", "pid":"1", "tid":"cice"},
{"name":"ModelAdvance", "ph":"B", "ts":"873835829", "pid":"1", "tid":"cice"},
{"name":"ModelAdvance", "ph":"E", "ts":"874312755", "pid":"1", "tid":"cice"},
{"name":"ModelAdvance", "ph":"B", "ts":"874506437", "pid":"1", "tid":"cice"},
{"name":"ModelAdvance", "ph":"E", "ts":"874978196", "pid":"1", "tid":"cice"},
{"name":"ModelAdvance", "ph":"B", "ts":"875149952", "pid":"1", "tid":"cice"},
{"name":"ModelAdvance", "ph":"E", "ts":"875621573", "pid":"1", "tid":"cice"},
{"name":"ModelAdvance", "ph":"B", "ts":"875838542", "pid":"1", "tid":"cice"},
{"name":"ModelAdvance", "ph":"E", "ts":"876316376", "pid":"1", "tid":"cice"},
{"name":"ModelAdvance", "ph":"B", "ts":"876496497", "pid":"1", "tid":"cice"},
{"name":"ModelAdvance", "ph":"E", "ts":"876966686", "pid":"1", "tid":"cice"},
{"name":"ModelAdvance", "ph":"B", "ts":"877183789", "pid":"1", "tid":"cice"},
{"name":"ModelAdvance", "ph":"E", "ts":"877657682", "pid":"1", "tid":"cice"},
{"name":"ModelAdvance", "ph":"B", "ts":"877875199", "pid":"1", "tid":"cice"},
{"name":"ModelAdvance", "ph":"E", "ts":"878350813", "pid":"1", "tid":"cice"},
{"name":"ModelAdvance", "ph":"B", "ts":"878523728", "pid":"1", "tid":"cice"},
{"name":"ModelAdvance", "ph":"E", "ts":"878994337", "pid":"1", "tid":"cice"},
{"name":"ModelAdvance", "ph":"B", "ts":"879225812", "pid":"1", "tid":"cice"},
{"name":"ModelAdvance", "ph":"E", "ts":"879693632", "pid":"1", "tid":"cice"},
{"name":"ModelAdvance", "ph":"B", "ts":"880495359", "pid":"1", "tid":"cice"},
{"name":"ModelAdvance", "ph":"E", "ts":"880965735", "pid":"1", "tid":"cice"},
{"name":"ModelAdvance", "ph":"B", "ts":"881131770", "pid":"1", "tid":"cice"},
{"name":"ModelAdvance", "ph":"E", "ts":"881595131", "pid":"1", "tid":"cice"},
{"name":"ModelAdvance", "ph":"B", "ts":"881765002", "pid":"1", "tid":"cice"},
{"name":"ModelAdvance", "ph":"E", "ts":"882238901", "pid":"1", "tid":"cice"},
{"name":"ModelAdvance", "ph":"B", "ts":"882413747", "pid":"1", "tid":"cice"},
{"name":"ModelAdvance", "ph":"E", "ts":"882887487", "pid":"1", "tid":"cice"},
{"name":"ModelAdvance", "ph":"B", "ts":"883039903", "pid":"1", "tid":"cice"},
{"name":"ModelAdvance", "ph":"E", "ts":"883513802", "pid":"1", "tid":"cice"},
{"name":"ModelAdvance", "ph":"B", "ts":"883697136", "pid":"1", "tid":"cice"},
{"name":"ModelAdvance", "ph":"E", "ts":"884172306", "pid":"1", "tid":"cice"},
{"name":"ModelAdvance", "ph":"B", "ts":"884347067", "pid":"1", "tid":"cice"},
{"name":"ModelAdvance", "ph":"E", "ts":"884819130", "pid":"1", "tid":"cice"},
{"name":"ModelAdvance", "ph":"B", "ts":"884981270", "pid":"1", "tid":"cice"},
{"name":"ModelAdvance", "ph":"E", "ts":"885447291", "pid":"1", "tid":"cice"},
{"name":"ModelAdvance", "ph":"B", "ts":"885590518", "pid":"1", "tid":"cice"},
{"name":"ModelAdvance", "ph":"E", "ts":"886051898", "pid":"1", "tid":"cice"},
{"name":"ModelAdvance", "ph":"B", "ts":"886216828", "pid":"1", "tid":"cice"},
{"name":"ModelAdvance", "ph":"E", "ts":"886686281", "pid":"1", "tid":"cice"},
{"name":"ModelAdvance", "ph":"B", "ts":"886838213", "pid":"1", "tid":"cice"},
{"name":"ModelAdvance", "ph":"E", "ts":"887310272", "pid":"1", "tid":"cice"},
{"name":"ModelAdvance", "ph":"B", "ts":"887536450", "pid":"1", "tid":"cice"},
{"name":"ModelAdvance", "ph":"E", "ts":"888008992", "pid":"1", "tid":"cice"},
{"name":"ModelAdvance", "ph":"B", "ts":"888193070", "pid":"1", "tid":"cice"},
{"name":"ModelAdvance", "ph":"E", "ts":"888671678", "pid":"1", "tid":"cice"},
{"name":"ModelAdvance", "ph":"B", "ts":"888865049", "pid":"1", "tid":"cice"},
{"name":"ModelAdvance", "ph":"E", "ts":"889331976", "pid":"1", "tid":"cice"},
{"name":"ModelAdvance", "ph":"B", "ts":"889493712", "pid":"1", "tid":"cice"},
{"name":"ModelAdvance", "ph":"E", "ts":"889958339", "pid":"1", "tid":"cice"},
{"name":"ModelAdvance", "ph":"B", "ts":"890094685", "pid":"1", "tid":"cice"},
{"name":"ModelAdvance", "ph":"E", "ts":"890572870", "pid":"1", "tid":"cice"},
{"name":"ModelAdvance", "ph":"B", "ts":"890737631", "pid":"1", "tid":"cice"},
{"name":"ModelAdvance", "ph":"E", "ts":"891213430", "pid":"1", "tid":"cice"},
{"name":"ModelAdvance", "ph":"B", "ts":"891356478", "pid":"1", "tid":"cice"},
{"name":"ModelAdvance", "ph":"E", "ts":"891824202", "pid":"1", "tid":"cice"},
{"name":"ModelAdvance", "ph":"B", "ts":"891960901", "pid":"1", "tid":"cice"},
{"name":"ModelAdvance", "ph":"E", "ts":"892430621", "pid":"1", "tid":"cice"},
{"name":"ModelAdvance", "ph":"B", "ts":"892605854", "pid":"1", "tid":"cice"},
{"name":"ModelAdvance", "ph":"E", "ts":"893073072", "pid":"1", "tid":"cice"},
{"name":"ModelAdvance", "ph":"B", "ts":"893285609", "pid":"1", "tid":"cice"},
{"name":"ModelAdvance", "ph":"E", "ts":"893756471", "pid":"1", "tid":"cice"},
{"name":"ModelAdvance", "ph":"B", "ts":"893975239", "pid":"1", "tid":"cice"},
{"name":"ModelAdvance", "ph":"E", "ts":"894444162", "pid":"1", "tid":"cice"},
{"name":"ModelAdvance", "ph":"B", "ts":"894599260", "pid":"1", "tid":"cice"},
{"name":"ModelAdvance", "ph":"E", "ts":"895178327", "pid":"1", "tid":"cice"},
{"name":"ModelAdvance", "ph":"B", "ts":"895224030", "pid":"1", "tid":"cice"},
{"name":"ModelAdvance", "ph":"E", "ts":"895694741", "pid":"1", "tid":"cice"},
{"name":"ModelAdvance", "ph":"B", "ts":"896497725", "pid":"1", "tid":"cice"},
{"name":"ModelAdvance", "ph":"E", "ts":"896976871", "pid":"1", "tid":"cice"},
{"name":"ModelAdvance", "ph":"B", "ts":"897097861", "pid":"1", "tid":"cice"},
{"name":"ModelAdvance", "ph":"E", "ts":"897582440", "pid":"1", "tid":"cice"},
{"name":"ModelAdvance", "ph":"B", "ts":"897703065", "pid":"1", "tid":"cice"},
{"name":"ModelAdvance", "ph":"E", "ts":"898178214", "pid":"1", "tid":"cice"},
{"name":"ModelAdvance", "ph":"B", "ts":"898312609", "pid":"1", "tid":"cice"},
{"name":"ModelAdvance", "ph":"E", "ts":"898790826", "pid":"1", "tid":"cice"},
{"name":"ModelAdvance", "ph":"B", "ts":"898917950", "pid":"1", "tid":"cice"},
{"name":"ModelAdvance", "ph":"E", "ts":"899399188", "pid":"1", "tid":"cice"},
{"name":"ModelAdvance", "ph":"B", "ts":"899536868", "pid":"1", "tid":"cice"},
{"name":"ModelAdvance", "ph":"E", "ts":"900008508", "pid":"1", "tid":"cice"},
{"name":"ModelAdvance", "ph":"B", "ts":"900160272", "pid":"1", "tid":"cice"},
{"name":"ModelAdvance", "ph":"E", "ts":"900631324", "pid":"1", "tid":"cice"},
{"name":"ModelAdvance", "ph":"B", "ts":"900760278", "pid":"1", "tid":"cice"},
{"name":"ModelAdvance", "ph":"E", "ts":"901232158", "pid":"1", "tid":"cice"},
{"name":"ModelAdvance", "ph":"B", "ts":"901381969", "pid":"1", "tid":"cice"},
{"name":"ModelAdvance", "ph":"E", "ts":"901868258", "pid":"1", "tid":"cice"},
{"name":"ModelAdvance", "ph":"B", "ts":"901987995", "pid":"1", "tid":"cice"},
{"name":"ModelAdvance", "ph":"E", "ts":"902462828", "pid":"1", "tid":"cice"},
{"name":"ModelAdvance", "ph":"B", "ts":"902594811", "pid":"1", "tid":"cice"},
{"name":"ModelAdvance", "ph":"E", "ts":"903063968", "pid":"1", "tid":"cice"},
{"name":"ModelAdvance", "ph":"B", "ts":"903200451", "pid":"1", "tid":"cice"},
{"name":"ModelAdvance", "ph":"E", "ts":"903681540", "pid":"1", "tid":"cice"},
{"name":"ModelAdvance", "ph":"B", "ts":"903802702", "pid":"1", "tid":"cice"},
{"name":"ModelAdvance", "ph":"E", "ts":"904280075", "pid":"1", "tid":"cice"},
{"name":"ModelAdvance", "ph":"B", "ts":"904402632", "pid":"1", "tid":"cice"},
{"name":"ModelAdvance", "ph":"E", "ts":"904877199", "pid":"1", "tid":"cice"},
{"name":"ModelAdvance", "ph":"B", "ts":"905004810", "pid":"1", "tid":"cice"},
{"name":"ModelAdvance", "ph":"E", "ts":"905476889", "pid":"1", "tid":"cice"},
{"name":"ModelAdvance", "ph":"B", "ts":"905608085", "pid":"1", "tid":"cice"},
{"name":"ModelAdvance", "ph":"E", "ts":"906085967", "pid":"1", "tid":"cice"},
{"name":"ModelAdvance", "ph":"B", "ts":"906207385", "pid":"1", "tid":"cice"},
{"name":"ModelAdvance", "ph":"E", "ts":"906690995", "pid":"1", "tid":"cice"},
{"name":"ModelAdvance", "ph":"B", "ts":"906815024", "pid":"1", "tid":"cice"},
{"name":"ModelAdvance", "ph":"E", "ts":"907288633", "pid":"1", "tid":"cice"},
{"name":"ModelAdvance", "ph":"B", "ts":"907409796", "pid":"1", "tid":"cice"},
{"name":"ModelAdvance", "ph":"E", "ts":"907892266", "pid":"1", "tid":"cice"},
{"name":"ModelAdvance", "ph":"B", "ts":"908008078", "pid":"1", "tid":"cice"},
{"name":"ModelAdvance", "ph":"E", "ts":"908499451", "pid":"1", "tid":"cice"},
{"name":"ModelAdvance", "ph":"B", "ts":"908610672", "pid":"1", "tid":"cice"},
{"name":"ModelAdvance", "ph":"E", "ts":"909086072", "pid":"1", "tid":"cice"},
{"name":"ModelAdvance", "ph":"B", "ts":"909214001", "pid":"1", "tid":"cice"},
{"name":"ModelAdvance", "ph":"E", "ts":"909685388", "pid":"1", "tid":"cice"},
{"name":"ModelAdvance", "ph":"B", "ts":"909806626", "pid":"1", "tid":"cice"},
{"name":"ModelAdvance", "ph":"E", "ts":"910292379", "pid":"1", "tid":"cice"},
{"name":"ModelAdvance", "ph":"B", "ts":"910419785", "pid":"1", "tid":"cice"},
{"name":"ModelAdvance", "ph":"E", "ts":"910897453", "pid":"1", "tid":"cice"},
{"name":"ModelAdvance", "ph":"B", "ts":"911695337", "pid":"1", "tid":"cice"},
{"name":"ModelAdvance", "ph":"E", "ts":"912175008", "pid":"1", "tid":"cice"},
{"name":"ModelAdvance", "ph":"B", "ts":"912295339", "pid":"1", "tid":"cice"},
{"name":"ModelAdvance", "ph":"E", "ts":"912776810", "pid":"1", "tid":"cice"},
{"name":"ModelAdvance", "ph":"B", "ts":"912896757", "pid":"1", "tid":"cice"},
{"name":"ModelAdvance", "ph":"E", "ts":"913372655", "pid":"1", "tid":"cice"},
{"name":"ModelAdvance", "ph":"B", "ts":"913499544", "pid":"1", "tid":"cice"},
{"name":"ModelAdvance", "ph":"E", "ts":"913982315", "pid":"1", "tid":"cice"},
{"name":"ModelAdvance", "ph":"B", "ts":"914105401", "pid":"1", "tid":"cice"},
{"name":"ModelAdvance", "ph":"E", "ts":"914588379", "pid":"1", "tid":"cice"},
{"name":"ModelAdvance", "ph":"B", "ts":"914708114", "pid":"1", "tid":"cice"},
{"name":"ModelAdvance", "ph":"E", "ts":"915189296", "pid":"1", "tid":"cice"},
{"name":"ModelAdvance", "ph":"B", "ts":"915308207", "pid":"1", "tid":"cice"},
{"name":"ModelAdvance", "ph":"E", "ts":"915798789", "pid":"1", "tid":"cice"},
{"name":"ModelAdvance", "ph":"B", "ts":"915928556", "pid":"1", "tid":"cice"},
{"name":"ModelAdvance", "ph":"E", "ts":"916392626", "pid":"1", "tid":"cice"},
{"name":"ModelAdvance", "ph":"B", "ts":"916519410", "pid":"1", "tid":"cice"},
{"name":"ModelAdvance", "ph":"E", "ts":"917003797", "pid":"1", "tid":"cice"},
{"name":"ModelAdvance", "ph":"B", "ts":"917122579", "pid":"1", "tid":"cice"},
{"name":"ModelAdvance", "ph":"E", "ts":"917599677", "pid":"1", "tid":"cice"},
{"name":"ModelAdvance", "ph":"B", "ts":"917720134", "pid":"1", "tid":"cice"},
{"name":"ModelAdvance", "ph":"E", "ts":"918202874", "pid":"1", "tid":"cice"},
{"name":"ModelAdvance", "ph":"B", "ts":"918332745", "pid":"1", "tid":"cice"},
{"name":"ModelAdvance", "ph":"E", "ts":"918809436", "pid":"1", "tid":"cice"},
{"name":"ModelAdvance", "ph":"B", "ts":"918928096", "pid":"1", "tid":"cice"},
{"name":"ModelAdvance", "ph":"E", "ts":"919400993", "pid":"1", "tid":"cice"},
{"name":"ModelAdvance", "ph":"B", "ts":"919526183", "pid":"1", "tid":"cice"},
{"name":"ModelAdvance", "ph":"E", "ts":"920001444", "pid":"1", "tid":"cice"},
{"name":"ModelAdvance", "ph":"B", "ts":"920130570", "pid":"1", "tid":"cice"},
{"name":"ModelAdvance", "ph":"E", "ts":"920610156", "pid":"1", "tid":"cice"},
{"name":"ModelAdvance", "ph":"B", "ts":"920732702", "pid":"1", "tid":"cice"},
{"name":"ModelAdvance", "ph":"E", "ts":"921202058", "pid":"1", "tid":"cice"},
{"name":"ModelAdvance", "ph":"B", "ts":"921331334", "pid":"1", "tid":"cice"},
{"name":"ModelAdvance", "ph":"E", "ts":"921801624", "pid":"1", "tid":"cice"},
{"name":"ModelAdvance", "ph":"B", "ts":"921924914", "pid":"1", "tid":"cice"},
{"name":"ModelAdvance", "ph":"E", "ts":"922405179", "pid":"1", "tid":"cice"},
{"name":"ModelAdvance", "ph":"B", "ts":"922525966", "pid":"1", "tid":"cice"},
{"name":"ModelAdvance", "ph":"E", "ts":"923011355", "pid":"1", "tid":"cice"},
{"name":"ModelAdvance", "ph":"B", "ts":"923131218", "pid":"1", "tid":"cice"},
{"name":"ModelAdvance", "ph":"E", "ts":"923611610", "pid":"1", "tid":"cice"},
{"name":"ModelAdvance", "ph":"B", "ts":"923722894", "pid":"1", "tid":"cice"},
{"name":"ModelAdvance", "ph":"E", "ts":"924209532", "pid":"1", "tid":"cice"},
{"name":"ModelAdvance", "ph":"B", "ts":"924325662", "pid":"1", "tid":"cice"},
{"name":"ModelAdvance", "ph":"E", "ts":"924806030", "pid":"1", "tid":"cice"},
{"name":"ModelAdvance", "ph":"B", "ts":"924925753", "pid":"1", "tid":"cice"},
{"name":"ModelAdvance", "ph":"E", "ts":"925413128", "pid":"1", "tid":"cice"},
{"name":"ModelAdvance", "ph":"B", "ts":"925534487", "pid":"1", "tid":"cice"},
{"name":"ModelAdvance", "ph":"E", "ts":"926008711", "pid":"1", "tid":"cice"},
{"name":"ModelAdvance", "ph":"B", "ts":"926753504", "pid":"1", "tid":"cice"},
{"name":"ModelAdvance", "ph":"E", "ts":"927237116", "pid":"1", "tid":"cice"},
{"name":"ModelAdvance", "ph":"B", "ts":"927356387", "pid":"1", "tid":"cice"},
{"name":"ModelAdvance", "ph":"E", "ts":"927815126", "pid":"1", "tid":"cice"},
{"name":"ModelAdvance", "ph":"B", "ts":"927946671", "pid":"1", "tid":"cice"},
{"name":"ModelAdvance", "ph":"E", "ts":"928426824", "pid":"1", "tid":"cice"},
{"name":"ModelAdvance", "ph":"B", "ts":"928545780", "pid":"1", "tid":"cice"},
{"name":"ModelAdvance", "ph":"E", "ts":"929031915", "pid":"1", "tid":"cice"},
{"name":"ModelAdvance", "ph":"B", "ts":"929151967", "pid":"1", "tid":"cice"},
{"name":"ModelAdvance", "ph":"E", "ts":"929619587", "pid":"1", "tid":"cice"},
{"name":"ModelAdvance", "ph":"B", "ts":"929753616", "pid":"1", "tid":"cice"},
{"name":"ModelAdvance", "ph":"E", "ts":"930222093", "pid":"1", "tid":"cice"},
{"name":"ModelAdvance", "ph":"B", "ts":"930344552", "pid":"1", "tid":"cice"},
{"name":"ModelAdvance", "ph":"E", "ts":"930827913", "pid":"1", "tid":"cice"},
{"name":"ModelAdvance", "ph":"B", "ts":"930939221", "pid":"1", "tid":"cice"},
{"name":"ModelAdvance", "ph":"E", "ts":"931417293", "pid":"1", "tid":"cice"},
{"name":"ModelAdvance", "ph":"B", "ts":"931538786", "pid":"1", "tid":"cice"},
{"name":"ModelAdvance", "ph":"E", "ts":"932379020", "pid":"1", "tid":"cice"},
{"name":"ModelAdvance", "ph":"B", "ts":"932525026", "pid":"1", "tid":"cice"},
{"name":"ModelAdvance", "ph":"E", "ts":"933010288", "pid":"1", "tid":"cice"},
{"name":"ModelAdvance", "ph":"B", "ts":"933135668", "pid":"1", "tid":"cice"},
{"name":"ModelAdvance", "ph":"E", "ts":"933617708", "pid":"1", "tid":"cice"},
{"name":"ModelAdvance", "ph":"B", "ts":"933746827", "pid":"1", "tid":"cice"},
{"name":"ModelAdvance", "ph":"E", "ts":"934217432", "pid":"1", "tid":"cice"},
{"name":"ModelAdvance", "ph":"B", "ts":"934336067", "pid":"1", "tid":"cice"},
{"name":"ModelAdvance", "ph":"E", "ts":"934812945", "pid":"1", "tid":"cice"},
{"name":"ModelAdvance", "ph":"B", "ts":"935045708", "pid":"1", "tid":"cice"},
{"name":"ModelAdvance", "ph":"E", "ts":"935523951", "pid":"1", "tid":"cice"},
{"name":"ModelAdvance", "ph":"B", "ts":"935661096", "pid":"1", "tid":"cice"},
{"name":"ModelAdvance", "ph":"E", "ts":"936134208", "pid":"1", "tid":"cice"},
{"name":"ModelAdvance", "ph":"B", "ts":"936256351", "pid":"1", "tid":"cice"},
{"name":"ModelAdvance", "ph":"E", "ts":"936734577", "pid":"1", "tid":"cice"},
{"name":"ModelAdvance", "ph":"B", "ts":"936854265", "pid":"1", "tid":"cice"},
{"name":"ModelAdvance", "ph":"E", "ts":"937329172", "pid":"1", "tid":"cice"},
{"name":"ModelAdvance", "ph":"B", "ts":"937452493", "pid":"1", "tid":"cice"},
{"name":"ModelAdvance", "ph":"E", "ts":"937920429", "pid":"1", "tid":"cice"},
{"name":"ModelAdvance", "ph":"B", "ts":"938047441", "pid":"1", "tid":"cice"},
{"name":"ModelAdvance", "ph":"E", "ts":"938525061", "pid":"1", "tid":"cice"},
{"name":"ModelAdvance", "ph":"B", "ts":"938646298", "pid":"1", "tid":"cice"},
{"name":"ModelAdvance", "ph":"E", "ts":"939118054", "pid":"1", "tid":"cice"},
{"name":"ModelAdvance", "ph":"B", "ts":"939239859", "pid":"1", "tid":"cice"},
{"name":"ModelAdvance", "ph":"E", "ts":"939714862", "pid":"1", "tid":"cice"},
{"name":"ModelAdvance", "ph":"B", "ts":"939833762", "pid":"1", "tid":"cice"},
{"name":"ModelAdvance", "ph":"E", "ts":"940316589", "pid":"1", "tid":"cice"},
{"name":"ModelAdvance", "ph":"B", "ts":"940425659", "pid":"1", "tid":"cice"},
{"name":"ModelAdvance", "ph":"E", "ts":"940905055", "pid":"1", "tid":"cice"},
{"name":"ModelAdvance", "ph":"B", "ts":"941117267", "pid":"1", "tid":"cice"},
{"name":"ModelAdvance", "ph":"E", "ts":"941603506", "pid":"1", "tid":"cice"},
{"name":"ModelAdvance", "ph":"B", "ts":"942389420", "pid":"1", "tid":"cice"},
{"name":"ModelAdvance", "ph":"E", "ts":"942868550", "pid":"1", "tid":"cice"},
{"name":"ModelAdvance", "ph":"B", "ts":"942986564", "pid":"1", "tid":"cice"},
{"name":"ModelAdvance", "ph":"E", "ts":"943473510", "pid":"1", "tid":"cice"},
{"name":"ModelAdvance", "ph":"B", "ts":"943576265", "pid":"1", "tid":"cice"},
{"name":"ModelAdvance", "ph":"E", "ts":"944054093", "pid":"1", "tid":"cice"},
{"name":"ModelAdvance", "ph":"B", "ts":"944174927", "pid":"1", "tid":"cice"},
{"name":"ModelAdvance", "ph":"E", "ts":"944645605", "pid":"1", "tid":"cice"},
{"name":"ModelAdvance", "ph":"B", "ts":"944771340", "pid":"1", "tid":"cice"},
{"name":"ModelAdvance", "ph":"E", "ts":"945248677", "pid":"1", "tid":"cice"},
{"name":"ModelAdvance", "ph":"B", "ts":"945357960", "pid":"1", "tid":"cice"},
{"name":"ModelAdvance", "ph":"E", "ts":"945838220", "pid":"1", "tid":"cice"},
{"name":"ModelAdvance", "ph":"B", "ts":"945952050", "pid":"1", "tid":"cice"},
{"name":"ModelAdvance", "ph":"E", "ts":"946438495", "pid":"1", "tid":"cice"},
{"name":"ModelAdvance", "ph":"B", "ts":"946556011", "pid":"1", "tid":"cice"},
{"name":"ModelAdvance", "ph":"E", "ts":"947027275", "pid":"1", "tid":"cice"},
{"name":"ModelAdvance", "ph":"B", "ts":"947164655", "pid":"1", "tid":"cice"},
{"name":"ModelAdvance", "ph":"E", "ts":"947643906", "pid":"1", "tid":"cice"},
{"name":"ModelAdvance", "ph":"B", "ts":"947756932", "pid":"1", "tid":"cice"},
{"name":"ModelAdvance", "ph":"E", "ts":"948227452", "pid":"1", "tid":"cice"},
{"name":"ModelAdvance", "ph":"B", "ts":"948350348", "pid":"1", "tid":"cice"},
{"name":"ModelAdvance", "ph":"E", "ts":"948822080", "pid":"1", "tid":"cice"},
{"name":"ModelAdvance", "ph":"B", "ts":"948950681", "pid":"1", "tid":"cice"},
{"name":"ModelAdvance", "ph":"E", "ts":"949434650", "pid":"1", "tid":"cice"},
{"name":"ModelAdvance", "ph":"B", "ts":"949553022", "pid":"1", "tid":"cice"},
{"name":"ModelAdvance", "ph":"E", "ts":"950025251", "pid":"1", "tid":"cice"},
{"name":"ModelAdvance", "ph":"B", "ts":"950143281", "pid":"1", "tid":"cice"},
{"name":"ModelAdvance", "ph":"E", "ts":"950625266", "pid":"1", "tid":"cice"},
{"name":"ModelAdvance", "ph":"B", "ts":"950745079", "pid":"1", "tid":"cice"},
{"name":"ModelAdvance", "ph":"E", "ts":"951229466", "pid":"1", "tid":"cice"},
{"name":"ModelAdvance", "ph":"B", "ts":"951338284", "pid":"1", "tid":"cice"},
{"name":"ModelAdvance", "ph":"E", "ts":"951804473", "pid":"1", "tid":"cice"},
{"name":"ModelAdvance", "ph":"B", "ts":"951944823", "pid":"1", "tid":"cice"},
{"name":"ModelAdvance", "ph":"E", "ts":"952422316", "pid":"1", "tid":"cice"},
{"name":"ModelAdvance", "ph":"B", "ts":"952539610", "pid":"1", "tid":"cice"},
{"name":"ModelAdvance", "ph":"E", "ts":"953044976", "pid":"1", "tid":"cice"},
{"name":"ModelAdvance", "ph":"B", "ts":"953169853", "pid":"1", "tid":"cice"},
{"name":"ModelAdvance", "ph":"E", "ts":"953642690", "pid":"1", "tid":"cice"},
{"name":"ModelAdvance", "ph":"B", "ts":"953754060", "pid":"1", "tid":"cice"},
{"name":"ModelAdvance", "ph":"E", "ts":"954230435", "pid":"1", "tid":"cice"},
{"name":"ModelAdvance", "ph":"B", "ts":"954366575", "pid":"1", "tid":"cice"},
{"name":"ModelAdvance", "ph":"E", "ts":"954837641", "pid":"1", "tid":"cice"},
{"name":"ModelAdvance", "ph":"B", "ts":"954950218", "pid":"1", "tid":"cice"},
{"name":"ModelAdvance", "ph":"E", "ts":"955434148", "pid":"1", "tid":"cice"},
{"name":"ModelAdvance", "ph":"B", "ts":"955553463", "pid":"1", "tid":"cice"},
{"name":"ModelAdvance", "ph":"E", "ts":"956030964", "pid":"1", "tid":"cice"},
{"name":"ModelAdvance", "ph":"B", "ts":"956176541", "pid":"1", "tid":"cice"},
{"name":"ModelAdvance", "ph":"E", "ts":"956649963", "pid":"1", "tid":"cice"},
{"name":"ModelAdvance", "ph":"B", "ts":"957456808", "pid":"1", "tid":"cice"},
{"name":"ModelAdvance", "ph":"E", "ts":"957935416", "pid":"1", "tid":"cice"},
{"name":"ModelAdvance", "ph":"B", "ts":"958057181", "pid":"1", "tid":"cice"},
{"name":"ModelAdvance", "ph":"E", "ts":"958535214", "pid":"1", "tid":"cice"},
{"name":"ModelAdvance", "ph":"B", "ts":"958651567", "pid":"1", "tid":"cice"},
{"name":"ModelAdvance", "ph":"E", "ts":"959140328", "pid":"1", "tid":"cice"},
{"name":"ModelAdvance", "ph":"B", "ts":"959245801", "pid":"1", "tid":"cice"},
{"name":"ModelAdvance", "ph":"E", "ts":"959728759", "pid":"1", "tid":"cice"},
{"name":"ModelAdvance", "ph":"B", "ts":"959846961", "pid":"1", "tid":"cice"},
{"name":"ModelAdvance", "ph":"E", "ts":"960325679", "pid":"1", "tid":"cice"},
{"name":"ModelAdvance", "ph":"B", "ts":"960443424", "pid":"1", "tid":"cice"},
{"name":"ModelAdvance", "ph":"E", "ts":"960929189", "pid":"1", "tid":"cice"},
{"name":"ModelAdvance", "ph":"B", "ts":"961044022", "pid":"1", "tid":"cice"},
{"name":"ModelAdvance", "ph":"E", "ts":"961520273", "pid":"1", "tid":"cice"},
{"name":"ModelAdvance", "ph":"B", "ts":"961629464", "pid":"1", "tid":"cice"},
{"name":"ModelAdvance", "ph":"E", "ts":"962111272", "pid":"1", "tid":"cice"},
{"name":"ModelAdvance", "ph":"B", "ts":"962226652", "pid":"1", "tid":"cice"},
{"name":"ModelAdvance", "ph":"E", "ts":"962711350", "pid":"1", "tid":"cice"},
{"name":"ModelAdvance", "ph":"B", "ts":"962819401", "pid":"1", "tid":"cice"},
{"name":"ModelAdvance", "ph":"E", "ts":"963299349", "pid":"1", "tid":"cice"},
{"name":"ModelAdvance", "ph":"B", "ts":"963424347", "pid":"1", "tid":"cice"},
{"name":"ModelAdvance", "ph":"E", "ts":"963911524", "pid":"1", "tid":"cice"},
{"name":"ModelAdvance", "ph":"B", "ts":"964025013", "pid":"1", "tid":"cice"},
{"name":"ModelAdvance", "ph":"E", "ts":"964504734", "pid":"1", "tid":"cice"},
{"name":"ModelAdvance", "ph":"B", "ts":"964612929", "pid":"1", "tid":"cice"},
{"name":"ModelAdvance", "ph":"E", "ts":"965086695", "pid":"1", "tid":"cice"},
{"name":"ModelAdvance", "ph":"B", "ts":"965203176", "pid":"1", "tid":"cice"},
{"name":"ModelAdvance", "ph":"E", "ts":"965680995", "pid":"1", "tid":"cice"},
{"name":"ModelAdvance", "ph":"B", "ts":"965798017", "pid":"1", "tid":"cice"},
{"name":"ModelAdvance", "ph":"E", "ts":"966277486", "pid":"1", "tid":"cice"},
{"name":"ModelAdvance", "ph":"B", "ts":"966383604", "pid":"1", "tid":"cice"},
{"name":"ModelAdvance", "ph":"E", "ts":"966866210", "pid":"1", "tid":"cice"},
{"name":"ModelAdvance", "ph":"B", "ts":"966978084", "pid":"1", "tid":"cice"},
{"name":"ModelAdvance", "ph":"E", "ts":"967460439", "pid":"1", "tid":"cice"},
{"name":"ModelAdvance", "ph":"B", "ts":"967567942", "pid":"1", "tid":"cice"},
{"name":"ModelAdvance", "ph":"E", "ts":"968041330", "pid":"1", "tid":"cice"},
{"name":"ModelAdvance", "ph":"B", "ts":"968153820", "pid":"1", "tid":"cice"},
{"name":"ModelAdvance", "ph":"E", "ts":"968634453", "pid":"1", "tid":"cice"},
{"name":"ModelAdvance", "ph":"B", "ts":"968749854", "pid":"1", "tid":"cice"},
{"name":"ModelAdvance", "ph":"E", "ts":"969222651", "pid":"1", "tid":"cice"},
{"name":"ModelAdvance", "ph":"B", "ts":"969339937", "pid":"1", "tid":"cice"},
{"name":"ModelAdvance", "ph":"E", "ts":"969801895", "pid":"1", "tid":"cice"},
{"name":"ModelAdvance", "ph":"B", "ts":"969933662", "pid":"1", "tid":"cice"},
{"name":"ModelAdvance", "ph":"E", "ts":"970407894", "pid":"1", "tid":"cice"},
{"name":"ModelAdvance", "ph":"B", "ts":"970516027", "pid":"1", "tid":"cice"},
{"name":"ModelAdvance", "ph":"E", "ts":"971004145", "pid":"1", "tid":"cice"},
{"name":"ModelAdvance", "ph":"B", "ts":"971113297", "pid":"1", "tid":"cice"},
{"name":"ModelAdvance", "ph":"E", "ts":"971589551", "pid":"1", "tid":"cice"},
{"name":"ModelAdvance", "ph":"B", "ts":"972361517", "pid":"1", "tid":"cice"},
{"name":"ModelAdvance", "ph":"E", "ts":"972843528", "pid":"1", "tid":"cice"},
{"name":"ModelAdvance", "ph":"B", "ts":"972954556", "pid":"1", "tid":"cice"},
{"name":"ModelAdvance", "ph":"E", "ts":"973429243", "pid":"1", "tid":"cice"},
{"name":"ModelAdvance", "ph":"B", "ts":"973564619", "pid":"1", "tid":"cice"},
{"name":"ModelAdvance", "ph":"E", "ts":"974037954", "pid":"1", "tid":"cice"},
{"name":"ModelAdvance", "ph":"B", "ts":"974164494", "pid":"1", "tid":"cice"},
{"name":"ModelAdvance", "ph":"E", "ts":"974643174", "pid":"1", "tid":"cice"},
{"name":"ModelAdvance", "ph":"B", "ts":"974750380", "pid":"1", "tid":"cice"},
{"name":"ModelAdvance", "ph":"E", "ts":"975230922", "pid":"1", "tid":"cice"},
{"name":"ModelAdvance", "ph":"B", "ts":"975341100", "pid":"1", "tid":"cice"},
{"name":"ModelAdvance", "ph":"E", "ts":"975825272", "pid":"1", "tid":"cice"},
{"name":"ModelAdvance", "ph":"B", "ts":"975951520", "pid":"1", "tid":"cice"},
{"name":"ModelAdvance", "ph":"E", "ts":"976427414", "pid":"1", "tid":"cice"},
{"name":"ModelAdvance", "ph":"B", "ts":"976536447", "pid":"1", "tid":"cice"},
{"name":"ModelAdvance", "ph":"E", "ts":"977009251", "pid":"1", "tid":"cice"},
{"name":"ModelAdvance", "ph":"B", "ts":"977132974", "pid":"1", "tid":"cice"},
{"name":"ModelAdvance", "ph":"E", "ts":"977608182", "pid":"1", "tid":"cice"},
{"name":"ModelAdvance", "ph":"B", "ts":"977717554", "pid":"1", "tid":"cice"},
{"name":"ModelAdvance", "ph":"E", "ts":"978200036", "pid":"1", "tid":"cice"},
{"name":"ModelAdvance", "ph":"B", "ts":"978304681", "pid":"1", "tid":"cice"},
{"name":"ModelAdvance", "ph":"E", "ts":"978786084", "pid":"1", "tid":"cice"},
{"name":"ModelAdvance", "ph":"B", "ts":"978918420", "pid":"1", "tid":"cice"},
{"name":"ModelAdvance", "ph":"E", "ts":"979395298", "pid":"1", "tid":"cice"},
{"name":"ModelAdvance", "ph":"B", "ts":"979517584", "pid":"1", "tid":"cice"},
{"name":"ModelAdvance", "ph":"E", "ts":"980000205", "pid":"1", "tid":"cice"},
{"name":"ModelAdvance", "ph":"B", "ts":"980127609", "pid":"1", "tid":"cice"},
{"name":"ModelAdvance", "ph":"E", "ts":"980610429", "pid":"1", "tid":"cice"},
{"name":"ModelAdvance", "ph":"B", "ts":"980724540", "pid":"1", "tid":"cice"},
{"name":"ModelAdvance", "ph":"E", "ts":"981201380", "pid":"1", "tid":"cice"},
{"name":"ModelAdvance", "ph":"B", "ts":"981328360", "pid":"1", "tid":"cice"},
{"name":"ModelAdvance", "ph":"E", "ts":"981818747", "pid":"1", "tid":"cice"},
{"name":"ModelAdvance", "ph":"B", "ts":"981932360", "pid":"1", "tid":"cice"},
{"name":"ModelAdvance", "ph":"E", "ts":"982412679", "pid":"1", "tid":"cice"},
{"name":"ModelAdvance", "ph":"B", "ts":"982517675", "pid":"1", "tid":"cice"},
{"name":"ModelAdvance", "ph":"E", "ts":"982991784", "pid":"1", "tid":"cice"},
{"name":"ModelAdvance", "ph":"B", "ts":"983112489", "pid":"1", "tid":"cice"},
{"name":"ModelAdvance", "ph":"E", "ts":"983597390", "pid":"1", "tid":"cice"},
{"name":"ModelAdvance", "ph":"B", "ts":"983703299", "pid":"1", "tid":"cice"},
{"name":"ModelAdvance", "ph":"E", "ts":"984178302", "pid":"1", "tid":"cice"},
{"name":"ModelAdvance", "ph":"B", "ts":"984295312", "pid":"1", "tid":"cice"},
{"name":"ModelAdvance", "ph":"E", "ts":"984775710", "pid":"1", "tid":"cice"},
{"name":"ModelAdvance", "ph":"B", "ts":"984919931", "pid":"1", "tid":"cice"},
{"name":"ModelAdvance", "ph":"E", "ts":"985380483", "pid":"1", "tid":"cice"},
{"name":"ModelAdvance", "ph":"B", "ts":"985516833", "pid":"1", "tid":"cice"},
{"name":"ModelAdvance", "ph":"E", "ts":"986079860", "pid":"1", "tid":"cice"},
{"name":"ModelAdvance", "ph":"B", "ts":"986127505", "pid":"1", "tid":"cice"},
{"name":"ModelAdvance", "ph":"E", "ts":"986603971", "pid":"1", "tid":"cice"},
{"name":"ModelAdvance", "ph":"B", "ts":"987393175", "pid":"1", "tid":"cice"},
{"name":"ModelAdvance", "ph":"E", "ts":"987863518", "pid":"1", "tid":"cice"},
{"name":"ModelAdvance", "ph":"B", "ts":"987982583", "pid":"1", "tid":"cice"},
{"name":"ModelAdvance", "ph":"E", "ts":"988459172", "pid":"1", "tid":"cice"},
{"name":"ModelAdvance", "ph":"B", "ts":"988576824", "pid":"1", "tid":"cice"},
{"name":"ModelAdvance", "ph":"E", "ts":"989054293", "pid":"1", "tid":"cice"},
{"name":"ModelAdvance", "ph":"B", "ts":"989179172", "pid":"1", "tid":"cice"},
{"name":"ModelAdvance", "ph":"E", "ts":"989661234", "pid":"1", "tid":"cice"},
{"name":"ModelAdvance", "ph":"B", "ts":"989776577", "pid":"1", "tid":"cice"},
{"name":"ModelAdvance", "ph":"E", "ts":"990241797", "pid":"1", "tid":"cice"},
{"name":"ModelAdvance", "ph":"B", "ts":"990359814", "pid":"1", "tid":"cice"},
{"name":"ModelAdvance", "ph":"E", "ts":"990831543", "pid":"1", "tid":"cice"},
{"name":"ModelAdvance", "ph":"B", "ts":"990961100", "pid":"1", "tid":"cice"},
{"name":"ModelAdvance", "ph":"E", "ts":"991433727", "pid":"1", "tid":"cice"},
{"name":"ModelAdvance", "ph":"B", "ts":"991547425", "pid":"1", "tid":"cice"},
{"name":"ModelAdvance", "ph":"E", "ts":"992025005", "pid":"1", "tid":"cice"},
{"name":"ModelAdvance", "ph":"B", "ts":"992144832", "pid":"1", "tid":"cice"},
{"name":"ModelAdvance", "ph":"E", "ts":"992608016", "pid":"1", "tid":"cice"},
{"name":"ModelAdvance", "ph":"B", "ts":"992739022", "pid":"1", "tid":"cice"},
{"name":"ModelAdvance", "ph":"E", "ts":"993204067", "pid":"1", "tid":"cice"},
{"name":"ModelAdvance", "ph":"B", "ts":"993340970", "pid":"1", "tid":"cice"},
{"name":"ModelAdvance", "ph":"E", "ts":"993815286", "pid":"1", "tid":"cice"},
{"name":"ModelAdvance", "ph":"B", "ts":"993947636", "pid":"1", "tid":"cice"},
{"name":"ModelAdvance", "ph":"E", "ts":"994411573", "pid":"1", "tid":"cice"},
{"name":"ModelAdvance", "ph":"B", "ts":"994558886", "pid":"1", "tid":"cice"},
{"name":"ModelAdvance", "ph":"E", "ts":"995031833", "pid":"1", "tid":"cice"},
{"name":"ModelAdvance", "ph":"B", "ts":"995153764", "pid":"1", "tid":"cice"},
{"name":"ModelAdvance", "ph":"E", "ts":"995633692", "pid":"1", "tid":"cice"},
{"name":"ModelAdvance", "ph":"B", "ts":"995816580", "pid":"1", "tid":"cice"},
{"name":"ModelAdvance", "ph":"E", "ts":"996306301", "pid":"1", "tid":"cice"},
{"name":"ModelAdvance", "ph":"B", "ts":"996435524", "pid":"1", "tid":"cice"},
{"name":"ModelAdvance", "ph":"E", "ts":"996919432", "pid":"1", "tid":"cice"},
{"name":"ModelAdvance", "ph":"B", "ts":"997039226", "pid":"1", "tid":"cice"},
{"name":"ModelAdvance", "ph":"E", "ts":"997520448", "pid":"1", "tid":"cice"},
{"name":"ModelAdvance", "ph":"B", "ts":"997644482", "pid":"1", "tid":"cice"},
{"name":"ModelAdvance", "ph":"E", "ts":"998111422", "pid":"1", "tid":"cice"},
{"name":"ModelAdvance", "ph":"B", "ts":"998233915", "pid":"1", "tid":"cice"},
{"name":"ModelAdvance", "ph":"E", "ts":"998713173", "pid":"1", "tid":"cice"},
{"name":"ModelAdvance", "ph":"B", "ts":"998819772", "pid":"1", "tid":"cice"},
{"name":"ModelAdvance", "ph":"E", "ts":"999306355", "pid":"1", "tid":"cice"},
{"name":"ModelAdvance", "ph":"B", "ts":"999421318", "pid":"1", "tid":"cice"},
{"name":"ModelAdvance", "ph":"E", "ts":"999900876", "pid":"1", "tid":"cice"},
{"name":"ModelAdvance", "ph":"B", "ts":"1000032230", "pid":"1", "tid":"cice"},
{"name":"ModelAdvance", "ph":"E", "ts":"1000516519", "pid":"1", "tid":"cice"},
{"name":"ModelAdvance", "ph":"B", "ts":"1000648943", "pid":"1", "tid":"cice"},
{"name":"ModelAdvance", "ph":"E", "ts":"1001124061", "pid":"1", "tid":"cice"},
{"name":"ModelAdvance", "ph":"B", "ts":"1001247012", "pid":"1", "tid":"cice"},
{"name":"ModelAdvance", "ph":"E", "ts":"1001728922", "pid":"1", "tid":"cice"},
{"name":"ModelAdvance", "ph":"B", "ts":"1002512013", "pid":"1", "tid":"cice"},
{"name":"ModelAdvance", "ph":"E", "ts":"1002998551", "pid":"1", "tid":"cice"},
{"name":"ModelAdvance", "ph":"B", "ts":"1003137390", "pid":"1", "tid":"cice"},
{"name":"ModelAdvance", "ph":"E", "ts":"1003613667", "pid":"1", "tid":"cice"},
{"name":"ModelAdvance", "ph":"B", "ts":"1003737398", "pid":"1", "tid":"cice"},
{"name":"ModelAdvance", "ph":"E", "ts":"1004223567", "pid":"1", "tid":"cice"},
{"name":"ModelAdvance", "ph":"B", "ts":"1004341029", "pid":"1", "tid":"cice"},
{"name":"ModelAdvance", "ph":"E", "ts":"1004821854", "pid":"1", "tid":"cice"},
{"name":"ModelAdvance", "ph":"B", "ts":"1004962999", "pid":"1", "tid":"cice"},
{"name":"ModelAdvance", "ph":"E", "ts":"1005436754", "pid":"1", "tid":"cice"},
{"name":"ModelAdvance", "ph":"B", "ts":"1005572608", "pid":"1", "tid":"cice"},
{"name":"ModelAdvance", "ph":"E", "ts":"1006054651", "pid":"1", "tid":"cice"},
{"name":"ModelAdvance", "ph":"B", "ts":"1006230519", "pid":"1", "tid":"cice"},
{"name":"ModelAdvance", "ph":"E", "ts":"1006707953", "pid":"1", "tid":"cice"},
{"name":"ModelAdvance", "ph":"B", "ts":"1006841730", "pid":"1", "tid":"cice"},
{"name":"ModelAdvance", "ph":"E", "ts":"1007330145", "pid":"1", "tid":"cice"},
{"name":"ModelAdvance", "ph":"B", "ts":"1007504865", "pid":"1", "tid":"cice"},
{"name":"ModelAdvance", "ph":"E", "ts":"1007984673", "pid":"1", "tid":"cice"},
{"name":"ModelAdvance", "ph":"B", "ts":"1008179865", "pid":"1", "tid":"cice"},
{"name":"ModelAdvance", "ph":"E", "ts":"1008645034", "pid":"1", "tid":"cice"},
{"name":"ModelAdvance", "ph":"B", "ts":"1008808551", "pid":"1", "tid":"cice"},
{"name":"ModelAdvance", "ph":"E", "ts":"1009283642", "pid":"1", "tid":"cice"},
{"name":"ModelAdvance", "ph":"B", "ts":"1009437055", "pid":"1", "tid":"cice"},
{"name":"ModelAdvance", "ph":"E", "ts":"1009923729", "pid":"1", "tid":"cice"},
{"name":"ModelAdvance", "ph":"B", "ts":"1010064078", "pid":"1", "tid":"cice"},
{"name":"ModelAdvance", "ph":"E", "ts":"1010539992", "pid":"1", "tid":"cice"},
{"name":"ModelAdvance", "ph":"B", "ts":"1010704133", "pid":"1", "tid":"cice"},
{"name":"ModelAdvance", "ph":"E", "ts":"1011181033", "pid":"1", "tid":"cice"},
{"name":"ModelAdvance", "ph":"B", "ts":"1011328310", "pid":"1", "tid":"cice"},
{"name":"ModelAdvance", "ph":"E", "ts":"1011805663", "pid":"1", "tid":"cice"},
{"name":"ModelAdvance", "ph":"B", "ts":"1011998648", "pid":"1", "tid":"cice"},
{"name":"ModelAdvance", "ph":"E", "ts":"1012497342", "pid":"1", "tid":"cice"},
{"name":"ModelAdvance", "ph":"B", "ts":"1012684289", "pid":"1", "tid":"cice"},
{"name":"ModelAdvance", "ph":"E", "ts":"1013164333", "pid":"1", "tid":"cice"},
{"name":"ModelAdvance", "ph":"B", "ts":"1013313217", "pid":"1", "tid":"cice"},
{"name":"ModelAdvance", "ph":"E", "ts":"1013788470", "pid":"1", "tid":"cice"},
{"name":"ModelAdvance", "ph":"B", "ts":"1013972416", "pid":"1", "tid":"cice"},
{"name":"ModelAdvance", "ph":"E", "ts":"1014446343", "pid":"1", "tid":"cice"},
{"name":"ModelAdvance", "ph":"B", "ts":"1014604709", "pid":"1", "tid":"cice"},
{"name":"ModelAdvance", "ph":"E", "ts":"1015074669", "pid":"1", "tid":"cice"},
{"name":"ModelAdvance", "ph":"B", "ts":"1015214271", "pid":"1", "tid":"cice"},
{"name":"ModelAdvance", "ph":"E", "ts":"1015698648", "pid":"1", "tid":"cice"},
{"name":"ModelAdvance", "ph":"B", "ts":"1015890146", "pid":"1", "tid":"cice"},
{"name":"ModelAdvance", "ph":"E", "ts":"1016373220", "pid":"1", "tid":"cice"},
{"name":"ModelAdvance", "ph":"B", "ts":"1016501363", "pid":"1", "tid":"cice"},
{"name":"ModelAdvance", "ph":"E", "ts":"1016988827", "pid":"1", "tid":"cice"},
{"name":"ModelAdvance", "ph":"B", "ts":"1017143440", "pid":"1", "tid":"cice"},
{"name":"ModelAdvance", "ph":"E", "ts":"1017628305", "pid":"1", "tid":"cice"},
{"name":"ModelAdvance", "ph":"B", "ts":"1018425759", "pid":"1", "tid":"cice"},
{"name":"ModelAdvance", "ph":"E", "ts":"1018908435", "pid":"1", "tid":"cice"},
{"name":"ModelAdvance", "ph":"B", "ts":"1019072910", "pid":"1", "tid":"cice"},
{"name":"ModelAdvance", "ph":"E", "ts":"1019542051", "pid":"1", "tid":"cice"},
{"name":"ModelAdvance", "ph":"B", "ts":"1019694921", "pid":"1", "tid":"cice"},
{"name":"ModelAdvance", "ph":"E", "ts":"1020173052", "pid":"1", "tid":"cice"},
{"name":"ModelAdvance", "ph":"B", "ts":"1020337366", "pid":"1", "tid":"cice"},
{"name":"ModelAdvance", "ph":"E", "ts":"1020813041", "pid":"1", "tid":"cice"},
{"name":"ModelAdvance", "ph":"B", "ts":"1021028877", "pid":"1", "tid":"cice"},
{"name":"ModelAdvance", "ph":"E", "ts":"1021514327", "pid":"1", "tid":"cice"},
{"name":"ModelAdvance", "ph":"B", "ts":"1021692419", "pid":"1", "tid":"cice"},
{"name":"ModelAdvance", "ph":"E", "ts":"1022166627", "pid":"1", "tid":"cice"},
{"name":"ModelAdvance", "ph":"B", "ts":"1022366898", "pid":"1", "tid":"cice"},
{"name":"ModelAdvance", "ph":"E", "ts":"1022837515", "pid":"1", "tid":"cice"},
{"name":"ModelAdvance", "ph":"B", "ts":"1022995822", "pid":"1", "tid":"cice"},
{"name":"ModelAdvance", "ph":"E", "ts":"1023481082", "pid":"1", "tid":"cice"},
{"name":"ModelAdvance", "ph":"B", "ts":"1023631285", "pid":"1", "tid":"cice"},
{"name":"ModelAdvance", "ph":"E", "ts":"1024105862", "pid":"1", "tid":"cice"},
{"name":"ModelAdvance", "ph":"B", "ts":"1024265804", "pid":"1", "tid":"cice"},
{"name":"ModelAdvance", "ph":"E", "ts":"1024744253", "pid":"1", "tid":"cice"},
{"name":"ModelAdvance", "ph":"B", "ts":"1024923313", "pid":"1", "tid":"cice"},
{"name":"ModelAdvance", "ph":"E", "ts":"1025410059", "pid":"1", "tid":"cice"},
{"name":"ModelAdvance", "ph":"B", "ts":"1025611501", "pid":"1", "tid":"cice"},
{"name":"ModelAdvance", "ph":"E", "ts":"1026094383", "pid":"1", "tid":"cice"},
{"name":"ModelAdvance", "ph":"B", "ts":"1026259416", "pid":"1", "tid":"cice"},
{"name":"ModelAdvance", "ph":"E", "ts":"1026743863", "pid":"1", "tid":"cice"},
{"name":"ModelAdvance", "ph":"B", "ts":"1026925932", "pid":"1", "tid":"cice"},
{"name":"ModelAdvance", "ph":"E", "ts":"1027403274", "pid":"1", "tid":"cice"},
{"name":"ModelAdvance", "ph":"B", "ts":"1027590862", "pid":"1", "tid":"cice"},
{"name":"ModelAdvance", "ph":"E", "ts":"1028062330", "pid":"1", "tid":"cice"},
{"name":"ModelAdvance", "ph":"B", "ts":"1028238840", "pid":"1", "tid":"cice"},
{"name":"ModelAdvance", "ph":"E", "ts":"1028709464", "pid":"1", "tid":"cice"},
{"name":"ModelAdvance", "ph":"B", "ts":"1028843892", "pid":"1", "tid":"cice"},
{"name":"ModelAdvance", "ph":"E", "ts":"1029332534", "pid":"1", "tid":"cice"},
{"name":"ModelAdvance", "ph":"B", "ts":"1029451333", "pid":"1", "tid":"cice"},
{"name":"ModelAdvance", "ph":"E", "ts":"1029938757", "pid":"1", "tid":"cice"},
{"name":"ModelAdvance", "ph":"B", "ts":"1030100937", "pid":"1", "tid":"cice"},
{"name":"ModelAdvance", "ph":"E", "ts":"1030578011", "pid":"1", "tid":"cice"},
{"name":"ModelAdvance", "ph":"B", "ts":"1030701685", "pid":"1", "tid":"cice"},
{"name":"ModelAdvance", "ph":"E", "ts":"1031183317", "pid":"1", "tid":"cice"},
{"name":"ModelAdvance", "ph":"B", "ts":"1031349869", "pid":"1", "tid":"cice"},
{"name":"ModelAdvance", "ph":"E", "ts":"1031837717", "pid":"1", "tid":"cice"},
{"name":"ModelAdvance", "ph":"B", "ts":"1031959800", "pid":"1", "tid":"cice"},
{"name":"ModelAdvance", "ph":"E", "ts":"1032432594", "pid":"1", "tid":"cice"},
{"name":"ModelAdvance", "ph":"B", "ts":"1032603166", "pid":"1", "tid":"cice"},
{"name":"ModelAdvance", "ph":"E", "ts":"1033089770", "pid":"1", "tid":"cice"},
{"name":"ModelAdvance", "ph":"B", "ts":"1033292122", "pid":"1", "tid":"cice"},
{"name":"ModelAdvance", "ph":"E", "ts":"1033780746", "pid":"1", "tid":"cice"},
{"name":"ModelAdvance", "ph":"B", "ts":"1058383510", "pid":"1", "tid":"cice"},
{"name":"ModelAdvance", "ph":"E", "ts":"1058865094", "pid":"1", "tid":"cice"},
{"name":"ModelAdvance", "ph":"B", "ts":"1058993923", "pid":"1", "tid":"cice"},
{"name":"ModelAdvance", "ph":"E", "ts":"1059463786", "pid":"1", "tid":"cice"},
{"name":"ModelAdvance", "ph":"B", "ts":"1059648008", "pid":"1", "tid":"cice"},
{"name":"ModelAdvance", "ph":"E", "ts":"1060116221", "pid":"1", "tid":"cice"},
{"name":"ModelAdvance", "ph":"B", "ts":"1060254669", "pid":"1", "tid":"cice"},
{"name":"ModelAdvance", "ph":"E", "ts":"1060739447", "pid":"1", "tid":"cice"},
{"name":"ModelAdvance", "ph":"B", "ts":"1060896868", "pid":"1", "tid":"cice"},
{"name":"ModelAdvance", "ph":"E", "ts":"1061380026", "pid":"1", "tid":"cice"},
{"name":"ModelAdvance", "ph":"B", "ts":"1061492349", "pid":"1", "tid":"cice"},
{"name":"ModelAdvance", "ph":"E", "ts":"1061973574", "pid":"1", "tid":"cice"},
{"name":"ModelAdvance", "ph":"B", "ts":"1062093137", "pid":"1", "tid":"cice"},
{"name":"ModelAdvance", "ph":"E", "ts":"1062585407", "pid":"1", "tid":"cice"},
{"name":"ModelAdvance", "ph":"B", "ts":"1062735120", "pid":"1", "tid":"cice"},
{"name":"ModelAdvance", "ph":"E", "ts":"1063205861", "pid":"1", "tid":"cice"},
{"name":"ModelAdvance", "ph":"B", "ts":"1063332710", "pid":"1", "tid":"cice"},
{"name":"ModelAdvance", "ph":"E", "ts":"1063816218", "pid":"1", "tid":"cice"},
{"name":"ModelAdvance", "ph":"B", "ts":"1063996704", "pid":"1", "tid":"cice"},
{"name":"ModelAdvance", "ph":"E", "ts":"1064481035", "pid":"1", "tid":"cice"},
{"name":"ModelAdvance", "ph":"B", "ts":"1064654146", "pid":"1", "tid":"cice"},
{"name":"ModelAdvance", "ph":"E", "ts":"1065138133", "pid":"1", "tid":"cice"},
{"name":"ModelAdvance", "ph":"B", "ts":"1065292064", "pid":"1", "tid":"cice"},
{"name":"ModelAdvance", "ph":"E", "ts":"1065768341", "pid":"1", "tid":"cice"},
{"name":"ModelAdvance", "ph":"B", "ts":"1065900890", "pid":"1", "tid":"cice"},
{"name":"ModelAdvance", "ph":"E", "ts":"1066377145", "pid":"1", "tid":"cice"},
{"name":"ModelAdvance", "ph":"B", "ts":"1066504468", "pid":"1", "tid":"cice"},
{"name":"ModelAdvance", "ph":"E", "ts":"1066978141", "pid":"1", "tid":"cice"},
{"name":"ModelAdvance", "ph":"B", "ts":"1067100185", "pid":"1", "tid":"cice"},
{"name":"ModelAdvance", "ph":"E", "ts":"1067586553", "pid":"1", "tid":"cice"},
{"name":"ModelAdvance", "ph":"B", "ts":"1067698912", "pid":"1", "tid":"cice"},
{"name":"ModelAdvance", "ph":"E", "ts":"1068187991", "pid":"1", "tid":"cice"},
{"name":"ModelAdvance", "ph":"B", "ts":"1068300523", "pid":"1", "tid":"cice"},
{"name":"ModelAdvance", "ph":"E", "ts":"1068776654", "pid":"1", "tid":"cice"},
{"name":"ModelAdvance", "ph":"B", "ts":"1068903684", "pid":"1", "tid":"cice"},
{"name":"ModelAdvance", "ph":"E", "ts":"1069383509", "pid":"1", "tid":"cice"},
{"name":"ModelAdvance", "ph":"B", "ts":"1069557499", "pid":"1", "tid":"cice"},
{"name":"ModelAdvance", "ph":"E", "ts":"1070042892", "pid":"1", "tid":"cice"},
{"name":"ModelAdvance", "ph":"B", "ts":"1070182017", "pid":"1", "tid":"cice"},
{"name":"ModelAdvance", "ph":"E", "ts":"1070658126", "pid":"1", "tid":"cice"},
{"name":"ModelAdvance", "ph":"B", "ts":"1070791323", "pid":"1", "tid":"cice"},
{"name":"ModelAdvance", "ph":"E", "ts":"1071276731", "pid":"1", "tid":"cice"},
{"name":"ModelAdvance", "ph":"B", "ts":"1071399769", "pid":"1", "tid":"cice"},
{"name":"ModelAdvance", "ph":"E", "ts":"1071880575", "pid":"1", "tid":"cice"},
{"name":"ModelAdvance", "ph":"B", "ts":"1072005028", "pid":"1", "tid":"cice"},
{"name":"ModelAdvance", "ph":"E", "ts":"1072487140", "pid":"1", "tid":"cice"},
{"name":"ModelAdvance", "ph":"B", "ts":"1072648725", "pid":"1", "tid":"cice"},
{"name":"ModelAdvance", "ph":"E", "ts":"1073126583", "pid":"1", "tid":"cice"},
{"name":"ModelAdvance", "ph":"B", "ts":"1073908696", "pid":"1", "tid":"cice"},
{"name":"ModelAdvance", "ph":"E", "ts":"1074389689", "pid":"1", "tid":"cice"},
{"name":"ModelAdvance", "ph":"B", "ts":"1074536363", "pid":"1", "tid":"cice"},
{"name":"ModelAdvance", "ph":"E", "ts":"1075004621", "pid":"1", "tid":"cice"},
{"name":"ModelAdvance", "ph":"B", "ts":"1075136260", "pid":"1", "tid":"cice"},
{"name":"ModelAdvance", "ph":"E", "ts":"1075625289", "pid":"1", "tid":"cice"},
{"name":"ModelAdvance", "ph":"B", "ts":"1075744374", "pid":"1", "tid":"cice"},
{"name":"ModelAdvance", "ph":"E", "ts":"1076216614", "pid":"1", "tid":"cice"},
{"name":"ModelAdvance", "ph":"B", "ts":"1076362976", "pid":"1", "tid":"cice"},
{"name":"ModelAdvance", "ph":"E", "ts":"1076846171", "pid":"1", "tid":"cice"},
{"name":"ModelAdvance", "ph":"B", "ts":"1076960895", "pid":"1", "tid":"cice"},
{"name":"ModelAdvance", "ph":"E", "ts":"1077447898", "pid":"1", "tid":"cice"},
{"name":"ModelAdvance", "ph":"B", "ts":"1077576383", "pid":"1", "tid":"cice"},
{"name":"ModelAdvance", "ph":"E", "ts":"1078051849", "pid":"1", "tid":"cice"},
{"name":"ModelAdvance", "ph":"B", "ts":"1078187577", "pid":"1", "tid":"cice"},
{"name":"ModelAdvance", "ph":"E", "ts":"1078669659", "pid":"1", "tid":"cice"},
{"name":"ModelAdvance", "ph":"B", "ts":"1078800697", "pid":"1", "tid":"cice"},
{"name":"ModelAdvance", "ph":"E", "ts":"1079279684", "pid":"1", "tid":"cice"},
{"name":"ModelAdvance", "ph":"B", "ts":"1079397847", "pid":"1", "tid":"cice"},
{"name":"ModelAdvance", "ph":"E", "ts":"1079883787", "pid":"1", "tid":"cice"},
{"name":"ModelAdvance", "ph":"B", "ts":"1079998040", "pid":"1", "tid":"cice"},
{"name":"ModelAdvance", "ph":"E", "ts":"1080481088", "pid":"1", "tid":"cice"},
{"name":"ModelAdvance", "ph":"B", "ts":"1080625500", "pid":"1", "tid":"cice"},
{"name":"ModelAdvance", "ph":"E", "ts":"1081105552", "pid":"1", "tid":"cice"},
{"name":"ModelAdvance", "ph":"B", "ts":"1081225062", "pid":"1", "tid":"cice"},
{"name":"ModelAdvance", "ph":"E", "ts":"1081705437", "pid":"1", "tid":"cice"},
{"name":"ModelAdvance", "ph":"B", "ts":"1081838295", "pid":"1", "tid":"cice"},
{"name":"ModelAdvance", "ph":"E", "ts":"1082317824", "pid":"1", "tid":"cice"},
{"name":"ModelAdvance", "ph":"B", "ts":"1082466474", "pid":"1", "tid":"cice"},
{"name":"ModelAdvance", "ph":"E", "ts":"1082937503", "pid":"1", "tid":"cice"},
{"name":"ModelAdvance", "ph":"B", "ts":"1083065152", "pid":"1", "tid":"cice"},
{"name":"ModelAdvance", "ph":"E", "ts":"1083550982", "pid":"1", "tid":"cice"},
{"name":"ModelAdvance", "ph":"B", "ts":"1083668785", "pid":"1", "tid":"cice"},
{"name":"ModelAdvance", "ph":"E", "ts":"1084143167", "pid":"1", "tid":"cice"},
{"name":"ModelAdvance", "ph":"B", "ts":"1084299440", "pid":"1", "tid":"cice"},
{"name":"ModelAdvance", "ph":"E", "ts":"1084788069", "pid":"1", "tid":"cice"},
{"name":"ModelAdvance", "ph":"B", "ts":"1084898713", "pid":"1", "tid":"cice"},
{"name":"ModelAdvance", "ph":"E", "ts":"1085370379", "pid":"1", "tid":"cice"},
{"name":"ModelAdvance", "ph":"B", "ts":"1085499231", "pid":"1", "tid":"cice"},
{"name":"ModelAdvance", "ph":"E", "ts":"1085976647", "pid":"1", "tid":"cice"},
{"name":"ModelAdvance", "ph":"B", "ts":"1086092477", "pid":"1", "tid":"cice"},
{"name":"ModelAdvance", "ph":"E", "ts":"1086572453", "pid":"1", "tid":"cice"},
{"name":"ModelAdvance", "ph":"B", "ts":"1086694080", "pid":"1", "tid":"cice"},
{"name":"ModelAdvance", "ph":"E", "ts":"1087181507", "pid":"1", "tid":"cice"},
{"name":"ModelAdvance", "ph":"B", "ts":"1087294625", "pid":"1", "tid":"cice"},
{"name":"ModelAdvance", "ph":"E", "ts":"1087771230", "pid":"1", "tid":"cice"},
{"name":"ModelAdvance", "ph":"B", "ts":"1087947903", "pid":"1", "tid":"cice"},
{"name":"ModelAdvance", "ph":"E", "ts":"1088423138", "pid":"1", "tid":"cice"},
{"name":"ModelAdvance", "ph":"B", "ts":"1089213955", "pid":"1", "tid":"cice"},
{"name":"ModelAdvance", "ph":"E", "ts":"1089687919", "pid":"1", "tid":"cice"},
{"name":"ModelAdvance", "ph":"B", "ts":"1089810798", "pid":"1", "tid":"cice"},
{"name":"ModelAdvance", "ph":"E", "ts":"1090294021", "pid":"1", "tid":"cice"},
{"name":"ModelAdvance", "ph":"B", "ts":"1090415907", "pid":"1", "tid":"cice"},
{"name":"ModelAdvance", "ph":"E", "ts":"1090885507", "pid":"1", "tid":"cice"},
{"name":"ModelAdvance", "ph":"B", "ts":"1091013720", "pid":"1", "tid":"cice"},
{"name":"ModelAdvance", "ph":"E", "ts":"1091490057", "pid":"1", "tid":"cice"},
{"name":"ModelAdvance", "ph":"B", "ts":"1091618409", "pid":"1", "tid":"cice"},
{"name":"ModelAdvance", "ph":"E", "ts":"1092103087", "pid":"1", "tid":"cice"},
{"name":"ModelAdvance", "ph":"B", "ts":"1092216789", "pid":"1", "tid":"cice"},
{"name":"ModelAdvance", "ph":"E", "ts":"1092687185", "pid":"1", "tid":"cice"},
{"name":"ModelAdvance", "ph":"B", "ts":"1092816689", "pid":"1", "tid":"cice"},
{"name":"ModelAdvance", "ph":"E", "ts":"1093297777", "pid":"1", "tid":"cice"},
{"name":"ModelAdvance", "ph":"B", "ts":"1093419880", "pid":"1", "tid":"cice"},
{"name":"ModelAdvance", "ph":"E", "ts":"1093898160", "pid":"1", "tid":"cice"},
{"name":"ModelAdvance", "ph":"B", "ts":"1094018347", "pid":"1", "tid":"cice"},
{"name":"ModelAdvance", "ph":"E", "ts":"1094491730", "pid":"1", "tid":"cice"},
{"name":"ModelAdvance", "ph":"B", "ts":"1094606442", "pid":"1", "tid":"cice"},
{"name":"ModelAdvance", "ph":"E", "ts":"1095089436", "pid":"1", "tid":"cice"},
{"name":"ModelAdvance", "ph":"B", "ts":"1095216659", "pid":"1", "tid":"cice"},
{"name":"ModelAdvance", "ph":"E", "ts":"1095699915", "pid":"1", "tid":"cice"},
{"name":"ModelAdvance", "ph":"B", "ts":"1095829252", "pid":"1", "tid":"cice"},
{"name":"ModelAdvance", "ph":"E", "ts":"1096306557", "pid":"1", "tid":"cice"},
{"name":"ModelAdvance", "ph":"B", "ts":"1096468944", "pid":"1", "tid":"cice"},
{"name":"ModelAdvance", "ph":"E", "ts":"1096945963", "pid":"1", "tid":"cice"},
{"name":"ModelAdvance", "ph":"B", "ts":"1097080714", "pid":"1", "tid":"cice"},
{"name":"ModelAdvance", "ph":"E", "ts":"1097559492", "pid":"1", "tid":"cice"},
{"name":"ModelAdvance", "ph":"B", "ts":"1097679031", "pid":"1", "tid":"cice"},
{"name":"ModelAdvance", "ph":"E", "ts":"1098161085", "pid":"1", "tid":"cice"},
{"name":"ModelAdvance", "ph":"B", "ts":"1098273180", "pid":"1", "tid":"cice"},
{"name":"ModelAdvance", "ph":"E", "ts":"1098758749", "pid":"1", "tid":"cice"},
{"name":"ModelAdvance", "ph":"B", "ts":"1098875628", "pid":"1", "tid":"cice"},
{"name":"ModelAdvance", "ph":"E", "ts":"1099357082", "pid":"1", "tid":"cice"},
{"name":"ModelAdvance", "ph":"B", "ts":"1099482598", "pid":"1", "tid":"cice"},
{"name":"ModelAdvance", "ph":"E", "ts":"1099958410", "pid":"1", "tid":"cice"},
{"name":"ModelAdvance", "ph":"B", "ts":"1100122098", "pid":"1", "tid":"cice"},
{"name":"ModelAdvance", "ph":"E", "ts":"1100607403", "pid":"1", "tid":"cice"},
{"name":"ModelAdvance", "ph":"B", "ts":"1100745032", "pid":"1", "tid":"cice"},
{"name":"ModelAdvance", "ph":"E", "ts":"1101227794", "pid":"1", "tid":"cice"},
{"name":"ModelAdvance", "ph":"B", "ts":"1101407480", "pid":"1", "tid":"cice"},
{"name":"ModelAdvance", "ph":"E", "ts":"1101884643", "pid":"1", "tid":"cice"},
{"name":"ModelAdvance", "ph":"B", "ts":"1102014084", "pid":"1", "tid":"cice"},
{"name":"ModelAdvance", "ph":"E", "ts":"1102487097", "pid":"1", "tid":"cice"},
{"name":"ModelAdvance", "ph":"B", "ts":"1102639590", "pid":"1", "tid":"cice"},
{"name":"ModelAdvance", "ph":"E", "ts":"1103227889", "pid":"1", "tid":"cice"},
{"name":"ModelAdvance", "ph":"B", "ts":"1103269188", "pid":"1", "tid":"cice"},
{"name":"ModelAdvance", "ph":"E", "ts":"1103753460", "pid":"1", "tid":"cice"},
{"name":"ModelAdvance", "ph":"B", "ts":"1104518505", "pid":"1", "tid":"cice"},
{"name":"ModelAdvance", "ph":"E", "ts":"1104986593", "pid":"1", "tid":"cice"},
{"name":"ModelAdvance", "ph":"B", "ts":"1105161445", "pid":"1", "tid":"cice"},
{"name":"ModelAdvance", "ph":"E", "ts":"1105639368", "pid":"1", "tid":"cice"},
{"name":"ModelAdvance", "ph":"B", "ts":"1105839155", "pid":"1", "tid":"cice"},
{"name":"ModelAdvance", "ph":"E", "ts":"1106320925", "pid":"1", "tid":"cice"},
{"name":"ModelAdvance", "ph":"B", "ts":"1106464592", "pid":"1", "tid":"cice"},
{"name":"ModelAdvance", "ph":"E", "ts":"1106967083", "pid":"1", "tid":"cice"},
{"name":"ModelAdvance", "ph":"B", "ts":"1107110332", "pid":"1", "tid":"cice"},
{"name":"ModelAdvance", "ph":"E", "ts":"1107591012", "pid":"1", "tid":"cice"},
{"name":"ModelAdvance", "ph":"B", "ts":"1107708247", "pid":"1", "tid":"cice"},
{"name":"ModelAdvance", "ph":"E", "ts":"1108193897", "pid":"1", "tid":"cice"},
{"name":"ModelAdvance", "ph":"B", "ts":"1108305986", "pid":"1", "tid":"cice"},
{"name":"ModelAdvance", "ph":"E", "ts":"1108786955", "pid":"1", "tid":"cice"},
{"name":"ModelAdvance", "ph":"B", "ts":"1108915097", "pid":"1", "tid":"cice"},
{"name":"ModelAdvance", "ph":"E", "ts":"1109405328", "pid":"1", "tid":"cice"},
{"name":"ModelAdvance", "ph":"B", "ts":"1109525579", "pid":"1", "tid":"cice"},
{"name":"ModelAdvance", "ph":"E", "ts":"1110004988", "pid":"1", "tid":"cice"},
{"name":"ModelAdvance", "ph":"B", "ts":"1110135830", "pid":"1", "tid":"cice"},
{"name":"ModelAdvance", "ph":"E", "ts":"1110617281", "pid":"1", "tid":"cice"},
{"name":"ModelAdvance", "ph":"B", "ts":"1110743889", "pid":"1", "tid":"cice"},
{"name":"ModelAdvance", "ph":"E", "ts":"1111217798", "pid":"1", "tid":"cice"},
{"name":"ModelAdvance", "ph":"B", "ts":"1111344182", "pid":"1", "tid":"cice"},
{"name":"ModelAdvance", "ph":"E", "ts":"1111828211", "pid":"1", "tid":"cice"},
{"name":"ModelAdvance", "ph":"B", "ts":"1111942457", "pid":"1", "tid":"cice"},
{"name":"ModelAdvance", "ph":"E", "ts":"1112428591", "pid":"1", "tid":"cice"},
{"name":"ModelAdvance", "ph":"B", "ts":"1112552327", "pid":"1", "tid":"cice"},
{"name":"ModelAdvance", "ph":"E", "ts":"1113024465", "pid":"1", "tid":"cice"},
{"name":"ModelAdvance", "ph":"B", "ts":"1113155142", "pid":"1", "tid":"cice"},
{"name":"ModelAdvance", "ph":"E", "ts":"1113641922", "pid":"1", "tid":"cice"},
{"name":"ModelAdvance", "ph":"B", "ts":"1113771954", "pid":"1", "tid":"cice"},
{"name":"ModelAdvance", "ph":"E", "ts":"1114248150", "pid":"1", "tid":"cice"},
{"name":"ModelAdvance", "ph":"B", "ts":"1114378861", "pid":"1", "tid":"cice"},
{"name":"ModelAdvance", "ph":"E", "ts":"1114868695", "pid":"1", "tid":"cice"},
{"name":"ModelAdvance", "ph":"B", "ts":"1114994709", "pid":"1", "tid":"cice"},
{"name":"ModelAdvance", "ph":"E", "ts":"1115462359", "pid":"1", "tid":"cice"},
{"name":"ModelAdvance", "ph":"B", "ts":"1115587489", "pid":"1", "tid":"cice"},
{"name":"ModelAdvance", "ph":"E", "ts":"1116058697", "pid":"1", "tid":"cice"},
{"name":"ModelAdvance", "ph":"B", "ts":"1116206006", "pid":"1", "tid":"cice"},
{"name":"ModelAdvance", "ph":"E", "ts":"1116680706", "pid":"1", "tid":"cice"},
{"name":"ModelAdvance", "ph":"B", "ts":"1116815773", "pid":"1", "tid":"cice"},
{"name":"ModelAdvance", "ph":"E", "ts":"1117298182", "pid":"1", "tid":"cice"},
{"name":"ModelAdvance", "ph":"B", "ts":"1117415469", "pid":"1", "tid":"cice"},
{"name":"ModelAdvance", "ph":"E", "ts":"1117903370", "pid":"1", "tid":"cice"},
{"name":"ModelAdvance", "ph":"B", "ts":"1118016355", "pid":"1", "tid":"cice"},
{"name":"ModelAdvance", "ph":"E", "ts":"1118498692", "pid":"1", "tid":"cice"},
{"name":"ModelAdvance", "ph":"B", "ts":"1118652775", "pid":"1", "tid":"cice"},
{"name":"ModelAdvance", "ph":"E", "ts":"1119127693", "pid":"1", "tid":"cice"},
{"name":"ModelAdvance", "ph":"B", "ts":"1119888827", "pid":"1", "tid":"cice"},
{"name":"ModelAdvance", "ph":"E", "ts":"1120362695", "pid":"1", "tid":"cice"},
{"name":"ModelAdvance", "ph":"B", "ts":"1120489225", "pid":"1", "tid":"cice"},
{"name":"ModelAdvance", "ph":"E", "ts":"1120958525", "pid":"1", "tid":"cice"},
{"name":"ModelAdvance", "ph":"B", "ts":"1121094287", "pid":"1", "tid":"cice"},
{"name":"ModelAdvance", "ph":"E", "ts":"1121571680", "pid":"1", "tid":"cice"},
{"name":"ModelAdvance", "ph":"B", "ts":"1121695530", "pid":"1", "tid":"cice"},
{"name":"ModelAdvance", "ph":"E", "ts":"1122181369", "pid":"1", "tid":"cice"},
{"name":"ModelAdvance", "ph":"B", "ts":"1122312855", "pid":"1", "tid":"cice"},
{"name":"ModelAdvance", "ph":"E", "ts":"1122785305", "pid":"1", "tid":"cice"},
{"name":"ModelAdvance", "ph":"B", "ts":"1122924572", "pid":"1", "tid":"cice"},
{"name":"ModelAdvance", "ph":"E", "ts":"1123399927", "pid":"1", "tid":"cice"},
{"name":"ModelAdvance", "ph":"B", "ts":"1123594187", "pid":"1", "tid":"cice"},
{"name":"ModelAdvance", "ph":"E", "ts":"1124079578", "pid":"1", "tid":"cice"},
{"name":"ModelAdvance", "ph":"B", "ts":"1124198507", "pid":"1", "tid":"cice"},
{"name":"ModelAdvance", "ph":"E", "ts":"1124680541", "pid":"1", "tid":"cice"},
{"name":"ModelAdvance", "ph":"B", "ts":"1124802977", "pid":"1", "tid":"cice"},
{"name":"ModelAdvance", "ph":"E", "ts":"1125265909", "pid":"1", "tid":"cice"},
{"name":"ModelAdvance", "ph":"B", "ts":"1125399463", "pid":"1", "tid":"cice"},
{"name":"ModelAdvance", "ph":"E", "ts":"1125872930", "pid":"1", "tid":"cice"},
{"name":"ModelAdvance", "ph":"B", "ts":"1126013153", "pid":"1", "tid":"cice"},
{"name":"ModelAdvance", "ph":"E", "ts":"1126491055", "pid":"1", "tid":"cice"},
{"name":"ModelAdvance", "ph":"B", "ts":"1126654663", "pid":"1", "tid":"cice"},
{"name":"ModelAdvance", "ph":"E", "ts":"1127134035", "pid":"1", "tid":"cice"},
{"name":"ModelAdvance", "ph":"B", "ts":"1127285051", "pid":"1", "tid":"cice"},
{"name":"ModelAdvance", "ph":"E", "ts":"1127774717", "pid":"1", "tid":"cice"},
{"name":"ModelAdvance", "ph":"B", "ts":"1127890239", "pid":"1", "tid":"cice"},
{"name":"ModelAdvance", "ph":"E", "ts":"1128364647", "pid":"1", "tid":"cice"},
{"name":"ModelAdvance", "ph":"B", "ts":"1128499018", "pid":"1", "tid":"cice"},
{"name":"ModelAdvance", "ph":"E", "ts":"1128979420", "pid":"1", "tid":"cice"},
{"name":"ModelAdvance", "ph":"B", "ts":"1129089487", "pid":"1", "tid":"cice"},
{"name":"ModelAdvance", "ph":"E", "ts":"1129583633", "pid":"1", "tid":"cice"},
{"name":"ModelAdvance", "ph":"B", "ts":"1129711511", "pid":"1", "tid":"cice"},
{"name":"ModelAdvance", "ph":"E", "ts":"1130185816", "pid":"1", "tid":"cice"},
{"name":"ModelAdvance", "ph":"B", "ts":"1130394775", "pid":"1", "tid":"cice"},
{"name":"ModelAdvance", "ph":"E", "ts":"1130885550", "pid":"1", "tid":"cice"},
{"name":"ModelAdvance", "ph":"B", "ts":"1131056070", "pid":"1", "tid":"cice"},
{"name":"ModelAdvance", "ph":"E", "ts":"1131534177", "pid":"1", "tid":"cice"},
{"name":"ModelAdvance", "ph":"B", "ts":"1131701757", "pid":"1", "tid":"cice"},
{"name":"ModelAdvance", "ph":"E", "ts":"1132177678", "pid":"1", "tid":"cice"},
{"name":"ModelAdvance", "ph":"B", "ts":"1132303987", "pid":"1", "tid":"cice"},
{"name":"ModelAdvance", "ph":"E", "ts":"1132776993", "pid":"1", "tid":"cice"},
{"name":"ModelAdvance", "ph":"B", "ts":"1132907579", "pid":"1", "tid":"cice"},
{"name":"ModelAdvance", "ph":"E", "ts":"1133391391", "pid":"1", "tid":"cice"},
{"name":"ModelAdvance", "ph":"B", "ts":"1133529003", "pid":"1", "tid":"cice"},
{"name":"ModelAdvance", "ph":"E", "ts":"1134013147", "pid":"1", "tid":"cice"},
{"name":"ModelAdvance", "ph":"B", "ts":"1134144331", "pid":"1", "tid":"cice"},
{"name":"ModelAdvance", "ph":"E", "ts":"1134626672", "pid":"1", "tid":"cice"},
{"name":"ModelAdvance", "ph":"B", "ts":"1135408836", "pid":"1", "tid":"cice"},
{"name":"ModelAdvance", "ph":"E", "ts":"1135873090", "pid":"1", "tid":"cice"},
{"name":"ModelAdvance", "ph":"B", "ts":"1136026283", "pid":"1", "tid":"cice"},
{"name":"ModelAdvance", "ph":"E", "ts":"1136515733", "pid":"1", "tid":"cice"},
{"name":"ModelAdvance", "ph":"B", "ts":"1136628785", "pid":"1", "tid":"cice"},
{"name":"ModelAdvance", "ph":"E", "ts":"1137108406", "pid":"1", "tid":"cice"},
{"name":"ModelAdvance", "ph":"B", "ts":"1137227701", "pid":"1", "tid":"cice"},
{"name":"ModelAdvance", "ph":"E", "ts":"1137709687", "pid":"1", "tid":"cice"},
{"name":"ModelAdvance", "ph":"B", "ts":"1137853477", "pid":"1", "tid":"cice"},
{"name":"ModelAdvance", "ph":"E", "ts":"1138323828", "pid":"1", "tid":"cice"},
{"name":"ModelAdvance", "ph":"B", "ts":"1138462049", "pid":"1", "tid":"cice"},
{"name":"ModelAdvance", "ph":"E", "ts":"1138936777", "pid":"1", "tid":"cice"},
{"name":"ModelAdvance", "ph":"B", "ts":"1139072815", "pid":"1", "tid":"cice"},
{"name":"ModelAdvance", "ph":"E", "ts":"1139538676", "pid":"1", "tid":"cice"},
{"name":"ModelAdvance", "ph":"B", "ts":"1139679201", "pid":"1", "tid":"cice"},
{"name":"ModelAdvance", "ph":"E", "ts":"1140158994", "pid":"1", "tid":"cice"},
{"name":"ModelAdvance", "ph":"B", "ts":"1140280166", "pid":"1", "tid":"cice"},
{"name":"ModelAdvance", "ph":"E", "ts":"1140758153", "pid":"1", "tid":"cice"},
{"name":"ModelAdvance", "ph":"B", "ts":"1140889102", "pid":"1", "tid":"cice"},
{"name":"ModelAdvance", "ph":"E", "ts":"1141369247", "pid":"1", "tid":"cice"},
{"name":"ModelAdvance", "ph":"B", "ts":"1141484591", "pid":"1", "tid":"cice"},
{"name":"ModelAdvance", "ph":"E", "ts":"1141971910", "pid":"1", "tid":"cice"},
{"name":"ModelAdvance", "ph":"B", "ts":"1142099944", "pid":"1", "tid":"cice"},
{"name":"ModelAdvance", "ph":"E", "ts":"1142579289", "pid":"1", "tid":"cice"},
{"name":"ModelAdvance", "ph":"B", "ts":"1142702425", "pid":"1", "tid":"cice"},
{"name":"ModelAdvance", "ph":"E", "ts":"1143179676", "pid":"1", "tid":"cice"},
{"name":"ModelAdvance", "ph":"B", "ts":"1143311555", "pid":"1", "tid":"cice"},
{"name":"ModelAdvance", "ph":"E", "ts":"1143790323", "pid":"1", "tid":"cice"},
{"name":"ModelAdvance", "ph":"B", "ts":"1143922223", "pid":"1", "tid":"cice"},
{"name":"ModelAdvance", "ph":"E", "ts":"1144399102", "pid":"1", "tid":"cice"},
{"name":"ModelAdvance", "ph":"B", "ts":"1144527525", "pid":"1", "tid":"cice"},
{"name":"ModelAdvance", "ph":"E", "ts":"1145018905", "pid":"1", "tid":"cice"},
{"name":"ModelAdvance", "ph":"B", "ts":"1145145693", "pid":"1", "tid":"cice"},
{"name":"ModelAdvance", "ph":"E", "ts":"1145628583", "pid":"1", "tid":"cice"},
{"name":"ModelAdvance", "ph":"B", "ts":"1145791629", "pid":"1", "tid":"cice"},
{"name":"ModelAdvance", "ph":"E", "ts":"1146267397", "pid":"1", "tid":"cice"},
{"name":"ModelAdvance", "ph":"B", "ts":"1146440346", "pid":"1", "tid":"cice"},
{"name":"ModelAdvance", "ph":"E", "ts":"1146922405", "pid":"1", "tid":"cice"},
{"name":"ModelAdvance", "ph":"B", "ts":"1147099583", "pid":"1", "tid":"cice"},
{"name":"ModelAdvance", "ph":"E", "ts":"1147577871", "pid":"1", "tid":"cice"},
{"name":"ModelAdvance", "ph":"B", "ts":"1147725607", "pid":"1", "tid":"cice"},
{"name":"ModelAdvance", "ph":"E", "ts":"1148194102", "pid":"1", "tid":"cice"},
{"name":"ModelAdvance", "ph":"B", "ts":"1148316883", "pid":"1", "tid":"cice"},
{"name":"ModelAdvance", "ph":"E", "ts":"1148790499", "pid":"1", "tid":"cice"},
{"name":"ModelAdvance", "ph":"B", "ts":"1148921115", "pid":"1", "tid":"cice"},
{"name":"ModelAdvance", "ph":"E", "ts":"1149400121", "pid":"1", "tid":"cice"},
{"name":"ModelAdvance", "ph":"B", "ts":"1149620625", "pid":"1", "tid":"cice"},
{"name":"ModelAdvance", "ph":"E", "ts":"1150097659", "pid":"1", "tid":"cice"},
{"name":"ModelAdvance", "ph":"B", "ts":"1150883958", "pid":"1", "tid":"cice"},
{"name":"ModelAdvance", "ph":"E", "ts":"1151369876", "pid":"1", "tid":"cice"},
{"name":"ModelAdvance", "ph":"B", "ts":"1151510154", "pid":"1", "tid":"cice"},
{"name":"ModelAdvance", "ph":"E", "ts":"1151996263", "pid":"1", "tid":"cice"},
{"name":"ModelAdvance", "ph":"B", "ts":"1152167671", "pid":"1", "tid":"cice"},
{"name":"ModelAdvance", "ph":"E", "ts":"1152646592", "pid":"1", "tid":"cice"},
{"name":"ModelAdvance", "ph":"B", "ts":"1152767164", "pid":"1", "tid":"cice"},
{"name":"ModelAdvance", "ph":"E", "ts":"1153251206", "pid":"1", "tid":"cice"},
{"name":"ModelAdvance", "ph":"B", "ts":"1153369847", "pid":"1", "tid":"cice"},
{"name":"ModelAdvance", "ph":"E", "ts":"1153857316", "pid":"1", "tid":"cice"},
{"name":"ModelAdvance", "ph":"B", "ts":"1153980943", "pid":"1", "tid":"cice"},
{"name":"ModelAdvance", "ph":"E", "ts":"1154470548", "pid":"1", "tid":"cice"},
{"name":"ModelAdvance", "ph":"B", "ts":"1154604008", "pid":"1", "tid":"cice"},
{"name":"ModelAdvance", "ph":"E", "ts":"1155082370", "pid":"1", "tid":"cice"},
{"name":"ModelAdvance", "ph":"B", "ts":"1155201512", "pid":"1", "tid":"cice"},
{"name":"ModelAdvance", "ph":"E", "ts":"1155683660", "pid":"1", "tid":"cice"},
{"name":"ModelAdvance", "ph":"B", "ts":"1155809395", "pid":"1", "tid":"cice"},
{"name":"ModelAdvance", "ph":"E", "ts":"1156288670", "pid":"1", "tid":"cice"},
{"name":"ModelAdvance", "ph":"B", "ts":"1156420634", "pid":"1", "tid":"cice"},
{"name":"ModelAdvance", "ph":"E", "ts":"1156888923", "pid":"1", "tid":"cice"},
{"name":"ModelAdvance", "ph":"B", "ts":"1157018054", "pid":"1", "tid":"cice"},
{"name":"ModelAdvance", "ph":"E", "ts":"1157507649", "pid":"1", "tid":"cice"},
{"name":"ModelAdvance", "ph":"B", "ts":"1157646746", "pid":"1", "tid":"cice"},
{"name":"ModelAdvance", "ph":"E", "ts":"1158125929", "pid":"1", "tid":"cice"},
{"name":"ModelAdvance", "ph":"B", "ts":"1158242095", "pid":"1", "tid":"cice"},
{"name":"ModelAdvance", "ph":"E", "ts":"1158722415", "pid":"1", "tid":"cice"},
{"name":"ModelAdvance", "ph":"B", "ts":"1158843141", "pid":"1", "tid":"cice"},
{"name":"ModelAdvance", "ph":"E", "ts":"1159324164", "pid":"1", "tid":"cice"},
{"name":"ModelAdvance", "ph":"B", "ts":"1159456549", "pid":"1", "tid":"cice"},
{"name":"ModelAdvance", "ph":"E", "ts":"1159932934", "pid":"1", "tid":"cice"},
{"name":"ModelAdvance", "ph":"B", "ts":"1160064350", "pid":"1", "tid":"cice"},
{"name":"ModelAdvance", "ph":"E", "ts":"1160545107", "pid":"1", "tid":"cice"},
{"name":"ModelAdvance", "ph":"B", "ts":"1160669459", "pid":"1", "tid":"cice"},
{"name":"ModelAdvance", "ph":"E", "ts":"1161154125", "pid":"1", "tid":"cice"},
{"name":"ModelAdvance", "ph":"B", "ts":"1161269264", "pid":"1", "tid":"cice"},
{"name":"ModelAdvance", "ph":"E", "ts":"1161745179", "pid":"1", "tid":"cice"},
{"name":"ModelAdvance", "ph":"B", "ts":"1161872333", "pid":"1", "tid":"cice"},
{"name":"ModelAdvance", "ph":"E", "ts":"1162356016", "pid":"1", "tid":"cice"},
{"name":"ModelAdvance", "ph":"B", "ts":"1162477800", "pid":"1", "tid":"cice"},
{"name":"ModelAdvance", "ph":"E", "ts":"1162952546", "pid":"1", "tid":"cice"},
{"name":"ModelAdvance", "ph":"B", "ts":"1163080813", "pid":"1", "tid":"cice"},
{"name":"ModelAdvance", "ph":"E", "ts":"1163555177", "pid":"1", "tid":"cice"},
{"name":"ModelAdvance", "ph":"B", "ts":"1163685915", "pid":"1", "tid":"cice"},
{"name":"ModelAdvance", "ph":"E", "ts":"1164167546", "pid":"1", "tid":"cice"},
{"name":"ModelAdvance", "ph":"B", "ts":"1164290558", "pid":"1", "tid":"cice"},
{"name":"ModelAdvance", "ph":"E", "ts":"1164775294", "pid":"1", "tid":"cice"},
{"name":"ModelAdvance", "ph":"B", "ts":"1164917194", "pid":"1", "tid":"cice"},
{"name":"ModelAdvance", "ph":"E", "ts":"1165394933", "pid":"1", "tid":"cice"},
{"name":"ModelAdvance", "ph":"B", "ts":"1166150074", "pid":"1", "tid":"cice"},
{"name":"ModelAdvance", "ph":"E", "ts":"1166628842", "pid":"1", "tid":"cice"},
{"name":"ModelAdvance", "ph":"B", "ts":"1166758789", "pid":"1", "tid":"cice"},
{"name":"ModelAdvance", "ph":"E", "ts":"1167219648", "pid":"1", "tid":"cice"},
{"name":"ModelAdvance", "ph":"B", "ts":"1167352538", "pid":"1", "tid":"cice"},
{"name":"ModelAdvance", "ph":"E", "ts":"1167841773", "pid":"1", "tid":"cice"},
{"name":"ModelAdvance", "ph":"B", "ts":"1167970618", "pid":"1", "tid":"cice"},
{"name":"ModelAdvance", "ph":"E", "ts":"1168436930", "pid":"1", "tid":"cice"},
{"name":"ModelAdvance", "ph":"B", "ts":"1168566600", "pid":"1", "tid":"cice"},
{"name":"ModelAdvance", "ph":"E", "ts":"1169035882", "pid":"1", "tid":"cice"},
{"name":"ModelAdvance", "ph":"B", "ts":"1169164391", "pid":"1", "tid":"cice"},
{"name":"ModelAdvance", "ph":"E", "ts":"1169649030", "pid":"1", "tid":"cice"},
{"name":"ModelAdvance", "ph":"B", "ts":"1169770226", "pid":"1", "tid":"cice"},
{"name":"ModelAdvance", "ph":"E", "ts":"1170247293", "pid":"1", "tid":"cice"},
{"name":"ModelAdvance", "ph":"B", "ts":"1170369246", "pid":"1", "tid":"cice"},
{"name":"ModelAdvance", "ph":"E", "ts":"1170840620", "pid":"1", "tid":"cice"},
{"name":"ModelAdvance", "ph":"B", "ts":"1170970544", "pid":"1", "tid":"cice"},
{"name":"ModelAdvance", "ph":"E", "ts":"1171458248", "pid":"1", "tid":"cice"},
{"name":"ModelAdvance", "ph":"B", "ts":"1171569326", "pid":"1", "tid":"cice"},
{"name":"ModelAdvance", "ph":"E", "ts":"1172054089", "pid":"1", "tid":"cice"},
{"name":"ModelAdvance", "ph":"B", "ts":"1172174644", "pid":"1", "tid":"cice"},
{"name":"ModelAdvance", "ph":"E", "ts":"1172653274", "pid":"1", "tid":"cice"},
{"name":"ModelAdvance", "ph":"B", "ts":"1172786270", "pid":"1", "tid":"cice"},
{"name":"ModelAdvance", "ph":"E", "ts":"1173268622", "pid":"1", "tid":"cice"},
{"name":"ModelAdvance", "ph":"B", "ts":"1173392057", "pid":"1", "tid":"cice"},
{"name":"ModelAdvance", "ph":"E", "ts":"1173878103", "pid":"1", "tid":"cice"},
{"name":"ModelAdvance", "ph":"B", "ts":"1173995494", "pid":"1", "tid":"cice"},
{"name":"ModelAdvance", "ph":"E", "ts":"1174477592", "pid":"1", "tid":"cice"},
{"name":"ModelAdvance", "ph":"B", "ts":"1174605407", "pid":"1", "tid":"cice"},
{"name":"ModelAdvance", "ph":"E", "ts":"1175081462", "pid":"1", "tid":"cice"},
{"name":"ModelAdvance", "ph":"B", "ts":"1175213489", "pid":"1", "tid":"cice"},
{"name":"ModelAdvance", "ph":"E", "ts":"1175692632", "pid":"1", "tid":"cice"},
{"name":"ModelAdvance", "ph":"B", "ts":"1175816508", "pid":"1", "tid":"cice"},
{"name":"ModelAdvance", "ph":"E", "ts":"1176290703", "pid":"1", "tid":"cice"},
{"name":"ModelAdvance", "ph":"B", "ts":"1176429187", "pid":"1", "tid":"cice"},
{"name":"ModelAdvance", "ph":"E", "ts":"1176899937", "pid":"1", "tid":"cice"},
{"name":"ModelAdvance", "ph":"B", "ts":"1177025304", "pid":"1", "tid":"cice"},
{"name":"ModelAdvance", "ph":"E", "ts":"1177505353", "pid":"1", "tid":"cice"},
{"name":"ModelAdvance", "ph":"B", "ts":"1177627408", "pid":"1", "tid":"cice"},
{"name":"ModelAdvance", "ph":"E", "ts":"1178110681", "pid":"1", "tid":"cice"},
{"name":"ModelAdvance", "ph":"B", "ts":"1178244963", "pid":"1", "tid":"cice"},
{"name":"ModelAdvance", "ph":"E", "ts":"1178721208", "pid":"1", "tid":"cice"},
{"name":"ModelAdvance", "ph":"B", "ts":"1178840552", "pid":"1", "tid":"cice"},
{"name":"ModelAdvance", "ph":"E", "ts":"1179321317", "pid":"1", "tid":"cice"},
{"name":"ModelAdvance", "ph":"B", "ts":"1179450550", "pid":"1", "tid":"cice"},
{"name":"ModelAdvance", "ph":"E", "ts":"1179930245", "pid":"1", "tid":"cice"},
{"name":"ModelAdvance", "ph":"B", "ts":"1180065271", "pid":"1", "tid":"cice"},
{"name":"ModelAdvance", "ph":"E", "ts":"1180540878", "pid":"1", "tid":"cice"},
{"name":"ModelAdvance", "ph":"B", "ts":"1181324075", "pid":"1", "tid":"cice"},
{"name":"ModelAdvance", "ph":"E", "ts":"1181804637", "pid":"1", "tid":"cice"},
{"name":"ModelAdvance", "ph":"B", "ts":"1181938622", "pid":"1", "tid":"cice"},
{"name":"ModelAdvance", "ph":"E", "ts":"1182406905", "pid":"1", "tid":"cice"},
{"name":"ModelAdvance", "ph":"B", "ts":"1182533426", "pid":"1", "tid":"cice"},
{"name":"ModelAdvance", "ph":"E", "ts":"1183019224", "pid":"1", "tid":"cice"},
{"name":"ModelAdvance", "ph":"B", "ts":"1183141162", "pid":"1", "tid":"cice"},
{"name":"ModelAdvance", "ph":"E", "ts":"1183620552", "pid":"1", "tid":"cice"},
{"name":"ModelAdvance", "ph":"B", "ts":"1183743904", "pid":"1", "tid":"cice"},
{"name":"ModelAdvance", "ph":"E", "ts":"1184227544", "pid":"1", "tid":"cice"},
{"name":"ModelAdvance", "ph":"B", "ts":"1184349175", "pid":"1", "tid":"cice"},
{"name":"ModelAdvance", "ph":"E", "ts":"1184826096", "pid":"1", "tid":"cice"},
{"name":"ModelAdvance", "ph":"B", "ts":"1184953693", "pid":"1", "tid":"cice"},
{"name":"ModelAdvance", "ph":"E", "ts":"1185428070", "pid":"1", "tid":"cice"},
{"name":"ModelAdvance", "ph":"B", "ts":"1185560198", "pid":"1", "tid":"cice"},
{"name":"ModelAdvance", "ph":"E", "ts":"1186028772", "pid":"1", "tid":"cice"},
{"name":"ModelAdvance", "ph":"B", "ts":"1186156336", "pid":"1", "tid":"cice"},
{"name":"ModelAdvance", "ph":"E", "ts":"1186634793", "pid":"1", "tid":"cice"},
{"name":"ModelAdvance", "ph":"B", "ts":"1186760530", "pid":"1", "tid":"cice"},
{"name":"ModelAdvance", "ph":"E", "ts":"1187246518", "pid":"1", "tid":"cice"},
{"name":"ModelAdvance", "ph":"B", "ts":"1187378827", "pid":"1", "tid":"cice"},
{"name":"ModelAdvance", "ph":"E", "ts":"1187856395", "pid":"1", "tid":"cice"},
{"name":"ModelAdvance", "ph":"B", "ts":"1188017907", "pid":"1", "tid":"cice"},
{"name":"ModelAdvance", "ph":"E", "ts":"1188510005", "pid":"1", "tid":"cice"},
{"name":"ModelAdvance", "ph":"B", "ts":"1188623830", "pid":"1", "tid":"cice"},
{"name":"ModelAdvance", "ph":"E", "ts":"1189094048", "pid":"1", "tid":"cice"},
{"name":"ModelAdvance", "ph":"B", "ts":"1189232572", "pid":"1", "tid":"cice"},
{"name":"ModelAdvance", "ph":"E", "ts":"1189708001", "pid":"1", "tid":"cice"},
{"name":"ModelAdvance", "ph":"B", "ts":"1189845698", "pid":"1", "tid":"cice"},
{"name":"ModelAdvance", "ph":"E", "ts":"1190309625", "pid":"1", "tid":"cice"},
{"name":"ModelAdvance", "ph":"B", "ts":"1190444454", "pid":"1", "tid":"cice"},
{"name":"ModelAdvance", "ph":"E", "ts":"1190917307", "pid":"1", "tid":"cice"},
{"name":"ModelAdvance", "ph":"B", "ts":"1191048915", "pid":"1", "tid":"cice"},
{"name":"ModelAdvance", "ph":"E", "ts":"1191516521", "pid":"1", "tid":"cice"},
{"name":"ModelAdvance", "ph":"B", "ts":"1191650465", "pid":"1", "tid":"cice"},
{"name":"ModelAdvance", "ph":"E", "ts":"1192132384", "pid":"1", "tid":"cice"},
{"name":"ModelAdvance", "ph":"B", "ts":"1192255141", "pid":"1", "tid":"cice"},
{"name":"ModelAdvance", "ph":"E", "ts":"1192726376", "pid":"1", "tid":"cice"},
{"name":"ModelAdvance", "ph":"B", "ts":"1192865868", "pid":"1", "tid":"cice"},
{"name":"ModelAdvance", "ph":"E", "ts":"1193348040", "pid":"1", "tid":"cice"},
{"name":"ModelAdvance", "ph":"B", "ts":"1193473779", "pid":"1", "tid":"cice"},
{"name":"ModelAdvance", "ph":"E", "ts":"1193956803", "pid":"1", "tid":"cice"},
{"name":"ModelAdvance", "ph":"B", "ts":"1194082382", "pid":"1", "tid":"cice"},
{"name":"ModelAdvance", "ph":"E", "ts":"1194555419", "pid":"1", "tid":"cice"},
{"name":"ModelAdvance", "ph":"B", "ts":"1194689106", "pid":"1", "tid":"cice"},
{"name":"ModelAdvance", "ph":"E", "ts":"1195269653", "pid":"1", "tid":"cice"},
{"name":"ModelAdvance", "ph":"B", "ts":"1195317146", "pid":"1", "tid":"cice"},
{"name":"ModelAdvance", "ph":"E", "ts":"1195796589", "pid":"1", "tid":"cice"},
{"name":"ModelAdvance", "ph":"B", "ts":"1196537934", "pid":"1", "tid":"cice"},
{"name":"ModelAdvance", "ph":"E", "ts":"1197021699", "pid":"1", "tid":"cice"},
{"name":"ModelAdvance", "ph":"B", "ts":"1197142450", "pid":"1", "tid":"cice"},
{"name":"ModelAdvance", "ph":"E", "ts":"1197625919", "pid":"1", "tid":"cice"},
{"name":"ModelAdvance", "ph":"B", "ts":"1197744210", "pid":"1", "tid":"cice"},
{"name":"ModelAdvance", "ph":"E", "ts":"1198219498", "pid":"1", "tid":"cice"},
{"name":"ModelAdvance", "ph":"B", "ts":"1198347315", "pid":"1", "tid":"cice"},
{"name":"ModelAdvance", "ph":"E", "ts":"1198821863", "pid":"1", "tid":"cice"},
{"name":"ModelAdvance", "ph":"B", "ts":"1198952840", "pid":"1", "tid":"cice"},
{"name":"ModelAdvance", "ph":"E", "ts":"1199426976", "pid":"1", "tid":"cice"},
{"name":"ModelAdvance", "ph":"B", "ts":"1199562986", "pid":"1", "tid":"cice"},
{"name":"ModelAdvance", "ph":"E", "ts":"1200042498", "pid":"1", "tid":"cice"},
{"name":"ModelAdvance", "ph":"B", "ts":"1200168965", "pid":"1", "tid":"cice"},
{"name":"ModelAdvance", "ph":"E", "ts":"1200647594", "pid":"1", "tid":"cice"},
{"name":"ModelAdvance", "ph":"B", "ts":"1200767171", "pid":"1", "tid":"cice"},
{"name":"ModelAdvance", "ph":"E", "ts":"1201246192", "pid":"1", "tid":"cice"},
{"name":"ModelAdvance", "ph":"B", "ts":"1201384239", "pid":"1", "tid":"cice"},
{"name":"ModelAdvance", "ph":"E", "ts":"1201868234", "pid":"1", "tid":"cice"},
{"name":"ModelAdvance", "ph":"B", "ts":"1201990097", "pid":"1", "tid":"cice"},
{"name":"ModelAdvance", "ph":"E", "ts":"1202458024", "pid":"1", "tid":"cice"},
{"name":"ModelAdvance", "ph":"B", "ts":"1202603043", "pid":"1", "tid":"cice"},
{"name":"ModelAdvance", "ph":"E", "ts":"1203078252", "pid":"1", "tid":"cice"},
{"name":"ModelAdvance", "ph":"B", "ts":"1203202542", "pid":"1", "tid":"cice"},
{"name":"ModelAdvance", "ph":"E", "ts":"1203704968", "pid":"1", "tid":"cice"},
{"name":"ModelAdvance", "ph":"B", "ts":"1203818454", "pid":"1", "tid":"cice"},
{"name":"ModelAdvance", "ph":"E", "ts":"1204295062", "pid":"1", "tid":"cice"},
{"name":"ModelAdvance", "ph":"B", "ts":"1204426629", "pid":"1", "tid":"cice"},
{"name":"ModelAdvance", "ph":"E", "ts":"1204905495", "pid":"1", "tid":"cice"},
{"name":"ModelAdvance", "ph":"B", "ts":"1205032115", "pid":"1", "tid":"cice"},
{"name":"ModelAdvance", "ph":"E", "ts":"1205509948", "pid":"1", "tid":"cice"},
{"name":"ModelAdvance", "ph":"B", "ts":"1205634745", "pid":"1", "tid":"cice"},
{"name":"ModelAdvance", "ph":"E", "ts":"1206108785", "pid":"1", "tid":"cice"},
{"name":"ModelAdvance", "ph":"B", "ts":"1206240692", "pid":"1", "tid":"cice"},
{"name":"ModelAdvance", "ph":"E", "ts":"1206713811", "pid":"1", "tid":"cice"},
{"name":"ModelAdvance", "ph":"B", "ts":"1206838511", "pid":"1", "tid":"cice"},
{"name":"ModelAdvance", "ph":"E", "ts":"1207324483", "pid":"1", "tid":"cice"},
{"name":"ModelAdvance", "ph":"B", "ts":"1207444797", "pid":"1", "tid":"cice"},
{"name":"ModelAdvance", "ph":"E", "ts":"1207918108", "pid":"1", "tid":"cice"},
{"name":"ModelAdvance", "ph":"B", "ts":"1208051393", "pid":"1", "tid":"cice"},
{"name":"ModelAdvance", "ph":"E", "ts":"1208522151", "pid":"1", "tid":"cice"},
{"name":"ModelAdvance", "ph":"B", "ts":"1208649183", "pid":"1", "tid":"cice"},
{"name":"ModelAdvance", "ph":"E", "ts":"1209133827", "pid":"1", "tid":"cice"},
{"name":"ModelAdvance", "ph":"B", "ts":"1209256390", "pid":"1", "tid":"cice"},
{"name":"ModelAdvance", "ph":"E", "ts":"1209742495", "pid":"1", "tid":"cice"},
{"name":"ModelAdvance", "ph":"B", "ts":"1209870240", "pid":"1", "tid":"cice"},
{"name":"ModelAdvance", "ph":"E", "ts":"1210361255", "pid":"1", "tid":"cice"},
{"name":"ModelAdvance", "ph":"B", "ts":"1210488199", "pid":"1", "tid":"cice"},
{"name":"ModelAdvance", "ph":"E", "ts":"1210974499", "pid":"1", "tid":"cice"},
{"name":"ModelAdvance", "ph":"B", "ts":"1211740777", "pid":"1", "tid":"cice"},
{"name":"ModelAdvance", "ph":"E", "ts":"1212214899", "pid":"1", "tid":"cice"},
{"name":"ModelAdvance", "ph":"B", "ts":"1212352027", "pid":"1", "tid":"cice"},
{"name":"ModelAdvance", "ph":"E", "ts":"1212828007", "pid":"1", "tid":"cice"},
{"name":"ModelAdvance", "ph":"B", "ts":"1212959909", "pid":"1", "tid":"cice"},
{"name":"ModelAdvance", "ph":"E", "ts":"1213436665", "pid":"1", "tid":"cice"},
{"name":"ModelAdvance", "ph":"B", "ts":"1213567708", "pid":"1", "tid":"cice"},
{"name":"ModelAdvance", "ph":"E", "ts":"1214049032", "pid":"1", "tid":"cice"},
{"name":"ModelAdvance", "ph":"B", "ts":"1214182926", "pid":"1", "tid":"cice"},
{"name":"ModelAdvance", "ph":"E", "ts":"1214658527", "pid":"1", "tid":"cice"},
{"name":"ModelAdvance", "ph":"B", "ts":"1214777694", "pid":"1", "tid":"cice"},
{"name":"ModelAdvance", "ph":"E", "ts":"1215267209", "pid":"1", "tid":"cice"},
{"name":"ModelAdvance", "ph":"B", "ts":"1215386480", "pid":"1", "tid":"cice"},
{"name":"ModelAdvance", "ph":"E", "ts":"1215871033", "pid":"1", "tid":"cice"},
{"name":"ModelAdvance", "ph":"B", "ts":"1215995592", "pid":"1", "tid":"cice"},
{"name":"ModelAdvance", "ph":"E", "ts":"1216460319", "pid":"1", "tid":"cice"},
{"name":"ModelAdvance", "ph":"B", "ts":"1216617645", "pid":"1", "tid":"cice"},
{"name":"ModelAdvance", "ph":"E", "ts":"1217097849", "pid":"1", "tid":"cice"},
{"name":"ModelAdvance", "ph":"B", "ts":"1217217909", "pid":"1", "tid":"cice"},
{"name":"ModelAdvance", "ph":"E", "ts":"1217697983", "pid":"1", "tid":"cice"},
{"name":"ModelAdvance", "ph":"B", "ts":"1217822280", "pid":"1", "tid":"cice"},
{"name":"ModelAdvance", "ph":"E", "ts":"1218308437", "pid":"1", "tid":"cice"},
{"name":"ModelAdvance", "ph":"B", "ts":"1218437750", "pid":"1", "tid":"cice"},
{"name":"ModelAdvance", "ph":"E", "ts":"1218917418", "pid":"1", "tid":"cice"},
{"name":"ModelAdvance", "ph":"B", "ts":"1219053894", "pid":"1", "tid":"cice"},
{"name":"ModelAdvance", "ph":"E", "ts":"1219534980", "pid":"1", "tid":"cice"},
{"name":"ModelAdvance", "ph":"B", "ts":"1219662476", "pid":"1", "tid":"cice"},
{"name":"ModelAdvance", "ph":"E", "ts":"1220135377", "pid":"1", "tid":"cice"},
{"name":"ModelAdvance", "ph":"B", "ts":"1220275412", "pid":"1", "tid":"cice"},
{"name":"ModelAdvance", "ph":"E", "ts":"1220743910", "pid":"1", "tid":"cice"},
{"name":"ModelAdvance", "ph":"B", "ts":"1220926805", "pid":"1", "tid":"cice"},
{"name":"ModelAdvance", "ph":"E", "ts":"1221415992", "pid":"1", "tid":"cice"},
{"name":"ModelAdvance", "ph":"B", "ts":"1221534899", "pid":"1", "tid":"cice"},
{"name":"ModelAdvance", "ph":"E", "ts":"1222012955", "pid":"1", "tid":"cice"},
{"name":"ModelAdvance", "ph":"B", "ts":"1222154536", "pid":"1", "tid":"cice"},
{"name":"ModelAdvance", "ph":"E", "ts":"1222627027", "pid":"1", "tid":"cice"},
{"name":"ModelAdvance", "ph":"B", "ts":"1222765429", "pid":"1", "tid":"cice"},
{"name":"ModelAdvance", "ph":"E", "ts":"1223238366", "pid":"1", "tid":"cice"},
{"name":"ModelAdvance", "ph":"B", "ts":"1223366483", "pid":"1", "tid":"cice"},
{"name":"ModelAdvance", "ph":"E", "ts":"1223847944", "pid":"1", "tid":"cice"},
{"name":"ModelAdvance", "ph":"B", "ts":"1223979856", "pid":"1", "tid":"cice"},
{"name":"ModelAdvance", "ph":"E", "ts":"1224450338", "pid":"1", "tid":"cice"},
{"name":"ModelAdvance", "ph":"B", "ts":"1224579821", "pid":"1", "tid":"cice"},
{"name":"ModelAdvance", "ph":"E", "ts":"1225056078", "pid":"1", "tid":"cice"},
{"name":"ModelAdvance", "ph":"B", "ts":"1225199720", "pid":"1", "tid":"cice"},
{"name":"ModelAdvance", "ph":"E", "ts":"1225673207", "pid":"1", "tid":"cice"},
{"name":"ModelAdvance", "ph":"B", "ts":"1225814324", "pid":"1", "tid":"cice"},
{"name":"ModelAdvance", "ph":"E", "ts":"1226296915", "pid":"1", "tid":"cice"},
{"name":"ModelAdvance", "ph":"B", "ts":"1227096651", "pid":"1", "tid":"cice"},
{"name":"ModelAdvance", "ph":"E", "ts":"1227574220", "pid":"1", "tid":"cice"},
{"name":"ModelAdvance", "ph":"B", "ts":"1227693092", "pid":"1", "tid":"cice"},
{"name":"ModelAdvance", "ph":"E", "ts":"1228177128", "pid":"1", "tid":"cice"},
{"name":"ModelAdvance", "ph":"B", "ts":"1228295389", "pid":"1", "tid":"cice"},
{"name":"ModelAdvance", "ph":"E", "ts":"1228767386", "pid":"1", "tid":"cice"},
{"name":"ModelAdvance", "ph":"B", "ts":"1228911420", "pid":"1", "tid":"cice"},
{"name":"ModelAdvance", "ph":"E", "ts":"1229393297", "pid":"1", "tid":"cice"},
{"name":"ModelAdvance", "ph":"B", "ts":"1229519357", "pid":"1", "tid":"cice"},
{"name":"ModelAdvance", "ph":"E", "ts":"1230007964", "pid":"1", "tid":"cice"},
{"name":"ModelAdvance", "ph":"B", "ts":"1230134576", "pid":"1", "tid":"cice"},
{"name":"ModelAdvance", "ph":"E", "ts":"1230622535", "pid":"1", "tid":"cice"},
{"name":"ModelAdvance", "ph":"B", "ts":"1230744573", "pid":"1", "tid":"cice"},
{"name":"ModelAdvance", "ph":"E", "ts":"1231221106", "pid":"1", "tid":"cice"},
{"name":"ModelAdvance", "ph":"B", "ts":"1231342968", "pid":"1", "tid":"cice"},
{"name":"ModelAdvance", "ph":"E", "ts":"1231819655", "pid":"1", "tid":"cice"},
{"name":"ModelAdvance", "ph":"B", "ts":"1231954894", "pid":"1", "tid":"cice"},
{"name":"ModelAdvance", "ph":"E", "ts":"1232437689", "pid":"1", "tid":"cice"},
{"name":"ModelAdvance", "ph":"B", "ts":"1232565580", "pid":"1", "tid":"cice"},
{"name":"ModelAdvance", "ph":"E", "ts":"1233045242", "pid":"1", "tid":"cice"},
{"name":"ModelAdvance", "ph":"B", "ts":"1233168483", "pid":"1", "tid":"cice"},
{"name":"ModelAdvance", "ph":"E", "ts":"1233648766", "pid":"1", "tid":"cice"},
{"name":"ModelAdvance", "ph":"B", "ts":"1233780240", "pid":"1", "tid":"cice"},
{"name":"ModelAdvance", "ph":"E", "ts":"1234272591", "pid":"1", "tid":"cice"},
{"name":"ModelAdvance", "ph":"B", "ts":"1234388248", "pid":"1", "tid":"cice"},
{"name":"ModelAdvance", "ph":"E", "ts":"1234863187", "pid":"1", "tid":"cice"},
{"name":"ModelAdvance", "ph":"B", "ts":"1234991315", "pid":"1", "tid":"cice"},
{"name":"ModelAdvance", "ph":"E", "ts":"1235477630", "pid":"1", "tid":"cice"},
{"name":"ModelAdvance", "ph":"B", "ts":"1235607057", "pid":"1", "tid":"cice"},
{"name":"ModelAdvance", "ph":"E", "ts":"1236079400", "pid":"1", "tid":"cice"},
{"name":"ModelAdvance", "ph":"B", "ts":"1236218299", "pid":"1", "tid":"cice"},
{"name":"ModelAdvance", "ph":"E", "ts":"1236684473", "pid":"1", "tid":"cice"},
{"name":"ModelAdvance", "ph":"B", "ts":"1236813539", "pid":"1", "tid":"cice"},
{"name":"ModelAdvance", "ph":"E", "ts":"1237292103", "pid":"1", "tid":"cice"},
{"name":"ModelAdvance", "ph":"B", "ts":"1237411868", "pid":"1", "tid":"cice"},
{"name":"ModelAdvance", "ph":"E", "ts":"1237902797", "pid":"1", "tid":"cice"},
{"name":"ModelAdvance", "ph":"B", "ts":"1238022744", "pid":"1", "tid":"cice"},
{"name":"ModelAdvance", "ph":"E", "ts":"1238507184", "pid":"1", "tid":"cice"},
{"name":"ModelAdvance", "ph":"B", "ts":"1238634573", "pid":"1", "tid":"cice"},
{"name":"ModelAdvance", "ph":"E", "ts":"1239113956", "pid":"1", "tid":"cice"},
{"name":"ModelAdvance", "ph":"B", "ts":"1239232645", "pid":"1", "tid":"cice"},
{"name":"ModelAdvance", "ph":"E", "ts":"1239720602", "pid":"1", "tid":"cice"},
{"name":"ModelAdvance", "ph":"B", "ts":"1239833891", "pid":"1", "tid":"cice"},
{"name":"ModelAdvance", "ph":"E", "ts":"1240313795", "pid":"1", "tid":"cice"},
{"name":"ModelAdvance", "ph":"B", "ts":"1240446252", "pid":"1", "tid":"cice"},
{"name":"ModelAdvance", "ph":"E", "ts":"1240930349", "pid":"1", "tid":"cice"},
{"name":"ModelAdvance", "ph":"B", "ts":"1241102188", "pid":"1", "tid":"cice"},
{"name":"ModelAdvance", "ph":"E", "ts":"1241584781", "pid":"1", "tid":"cice"},
{"name":"ModelAdvance", "ph":"B", "ts":"1242422877", "pid":"1", "tid":"cice"},
{"name":"ModelAdvance", "ph":"E", "ts":"1242904134", "pid":"1", "tid":"cice"},
{"name":"ModelAdvance", "ph":"B", "ts":"1243025293", "pid":"1", "tid":"cice"},
{"name":"ModelAdvance", "ph":"E", "ts":"1243511295", "pid":"1", "tid":"cice"},
{"name":"ModelAdvance", "ph":"B", "ts":"1243632252", "pid":"1", "tid":"cice"},
{"name":"ModelAdvance", "ph":"E", "ts":"1244115196", "pid":"1", "tid":"cice"},
{"name":"ModelAdvance", "ph":"B", "ts":"1244237235", "pid":"1", "tid":"cice"},
{"name":"ModelAdvance", "ph":"E", "ts":"1244715685", "pid":"1", "tid":"cice"},
{"name":"ModelAdvance", "ph":"B", "ts":"1244845229", "pid":"1", "tid":"cice"},
{"name":"ModelAdvance", "ph":"E", "ts":"1245310457", "pid":"1", "tid":"cice"},
{"name":"ModelAdvance", "ph":"B", "ts":"1245443676", "pid":"1", "tid":"cice"},
{"name":"ModelAdvance", "ph":"E", "ts":"1245926023", "pid":"1", "tid":"cice"},
{"name":"ModelAdvance", "ph":"B", "ts":"1246040208", "pid":"1", "tid":"cice"},
{"name":"ModelAdvance", "ph":"E", "ts":"1246525729", "pid":"1", "tid":"cice"},
{"name":"ModelAdvance", "ph":"B", "ts":"1246728074", "pid":"1", "tid":"cice"},
{"name":"ModelAdvance", "ph":"E", "ts":"1247215717", "pid":"1", "tid":"cice"},
{"name":"ModelAdvance", "ph":"B", "ts":"1247337319", "pid":"1", "tid":"cice"},
{"name":"ModelAdvance", "ph":"E", "ts":"1247822503", "pid":"1", "tid":"cice"},
{"name":"ModelAdvance", "ph":"B", "ts":"1247947331", "pid":"1", "tid":"cice"},
{"name":"ModelAdvance", "ph":"E", "ts":"1248426532", "pid":"1", "tid":"cice"},
{"name":"ModelAdvance", "ph":"B", "ts":"1248541820", "pid":"1", "tid":"cice"},
{"name":"ModelAdvance", "ph":"E", "ts":"1249029076", "pid":"1", "tid":"cice"},
{"name":"ModelAdvance", "ph":"B", "ts":"1249158695", "pid":"1", "tid":"cice"},
{"name":"ModelAdvance", "ph":"E", "ts":"1249636165", "pid":"1", "tid":"cice"},
{"name":"ModelAdvance", "ph":"B", "ts":"1249756351", "pid":"1", "tid":"cice"},
{"name":"ModelAdvance", "ph":"E", "ts":"1250223483", "pid":"1", "tid":"cice"},
{"name":"ModelAdvance", "ph":"B", "ts":"1250379874", "pid":"1", "tid":"cice"},
{"name":"ModelAdvance", "ph":"E", "ts":"1250855193", "pid":"1", "tid":"cice"},
{"name":"ModelAdvance", "ph":"B", "ts":"1250978276", "pid":"1", "tid":"cice"},
{"name":"ModelAdvance", "ph":"E", "ts":"1251458536", "pid":"1", "tid":"cice"},
{"name":"ModelAdvance", "ph":"B", "ts":"1251582371", "pid":"1", "tid":"cice"},
{"name":"ModelAdvance", "ph":"E", "ts":"1252063360", "pid":"1", "tid":"cice"},
{"name":"ModelAdvance", "ph":"B", "ts":"1252189664", "pid":"1", "tid":"cice"},
{"name":"ModelAdvance", "ph":"E", "ts":"1252660145", "pid":"1", "tid":"cice"},
{"name":"ModelAdvance", "ph":"B", "ts":"1252797671", "pid":"1", "tid":"cice"},
{"name":"ModelAdvance", "ph":"E", "ts":"1253267650", "pid":"1", "tid":"cice"},
{"name":"ModelAdvance", "ph":"B", "ts":"1253402671", "pid":"1", "tid":"cice"},
{"name":"ModelAdvance", "ph":"E", "ts":"1253881387", "pid":"1", "tid":"cice"},
{"name":"ModelAdvance", "ph":"B", "ts":"1254002316", "pid":"1", "tid":"cice"},
{"name":"ModelAdvance", "ph":"E", "ts":"1254475376", "pid":"1", "tid":"cice"},
{"name":"ModelAdvance", "ph":"B", "ts":"1254600603", "pid":"1", "tid":"cice"},
{"name":"ModelAdvance", "ph":"E", "ts":"1255076351", "pid":"1", "tid":"cice"},
{"name":"ModelAdvance", "ph":"B", "ts":"1255205331", "pid":"1", "tid":"cice"},
{"name":"ModelAdvance", "ph":"E", "ts":"1255692904", "pid":"1", "tid":"cice"},
{"name":"ModelAdvance", "ph":"B", "ts":"1255811431", "pid":"1", "tid":"cice"},
{"name":"ModelAdvance", "ph":"E", "ts":"1256290112", "pid":"1", "tid":"cice"},
{"name":"ModelAdvance", "ph":"B", "ts":"1256424055", "pid":"1", "tid":"cice"},
{"name":"ModelAdvance", "ph":"E", "ts":"1256903541", "pid":"1", "tid":"cice"},
{"name":"ModelAdvance", "ph":"B", "ts":"1257709779", "pid":"1", "tid":"cice"},
{"name":"ModelAdvance", "ph":"E", "ts":"1258183064", "pid":"1", "tid":"cice"},
{"name":"ModelAdvance", "ph":"B", "ts":"1258317825", "pid":"1", "tid":"cice"},
{"name":"ModelAdvance", "ph":"E", "ts":"1258785904", "pid":"1", "tid":"cice"},
{"name":"ModelAdvance", "ph":"B", "ts":"1258924461", "pid":"1", "tid":"cice"},
{"name":"ModelAdvance", "ph":"E", "ts":"1259393704", "pid":"1", "tid":"cice"},
{"name":"ModelAdvance", "ph":"B", "ts":"1259531166", "pid":"1", "tid":"cice"},
{"name":"ModelAdvance", "ph":"E", "ts":"1260006701", "pid":"1", "tid":"cice"},
{"name":"ModelAdvance", "ph":"B", "ts":"1260134365", "pid":"1", "tid":"cice"},
{"name":"ModelAdvance", "ph":"E", "ts":"1260595566", "pid":"1", "tid":"cice"},
{"name":"ModelAdvance", "ph":"B", "ts":"1260740573", "pid":"1", "tid":"cice"},
{"name":"ModelAdvance", "ph":"E", "ts":"1261211634", "pid":"1", "tid":"cice"},
{"name":"ModelAdvance", "ph":"B", "ts":"1261340435", "pid":"1", "tid":"cice"},
{"name":"ModelAdvance", "ph":"E", "ts":"1261819932", "pid":"1", "tid":"cice"},
{"name":"ModelAdvance", "ph":"B", "ts":"1261962885", "pid":"1", "tid":"cice"},
{"name":"ModelAdvance", "ph":"E", "ts":"1262430515", "pid":"1", "tid":"cice"},
{"name":"ModelAdvance", "ph":"B", "ts":"1262568411", "pid":"1", "tid":"cice"},
{"name":"ModelAdvance", "ph":"E", "ts":"1263050976", "pid":"1", "tid":"cice"},
{"name":"ModelAdvance", "ph":"B", "ts":"1263206987", "pid":"1", "tid":"cice"},
{"name":"ModelAdvance", "ph":"E", "ts":"1263680651", "pid":"1", "tid":"cice"},
{"name":"ModelAdvance", "ph":"B", "ts":"1263806277", "pid":"1", "tid":"cice"},
{"name":"ModelAdvance", "ph":"E", "ts":"1264286613", "pid":"1", "tid":"cice"},
{"name":"ModelAdvance", "ph":"B", "ts":"1264423660", "pid":"1", "tid":"cice"},
{"name":"ModelAdvance", "ph":"E", "ts":"1264891369", "pid":"1", "tid":"cice"},
{"name":"ModelAdvance", "ph":"B", "ts":"1265025352", "pid":"1", "tid":"cice"},
{"name":"ModelAdvance", "ph":"E", "ts":"1265496696", "pid":"1", "tid":"cice"},
{"name":"ModelAdvance", "ph":"B", "ts":"1265626281", "pid":"1", "tid":"cice"},
{"name":"ModelAdvance", "ph":"E", "ts":"1266095898", "pid":"1", "tid":"cice"},
{"name":"ModelAdvance", "ph":"B", "ts":"1266237515", "pid":"1", "tid":"cice"},
{"name":"ModelAdvance", "ph":"E", "ts":"1266699830", "pid":"1", "tid":"cice"},
{"name":"ModelAdvance", "ph":"B", "ts":"1266844752", "pid":"1", "tid":"cice"},
{"name":"ModelAdvance", "ph":"E", "ts":"1267305147", "pid":"1", "tid":"cice"},
{"name":"ModelAdvance", "ph":"B", "ts":"1267434397", "pid":"1", "tid":"cice"},
{"name":"ModelAdvance", "ph":"E", "ts":"1267906594", "pid":"1", "tid":"cice"},
{"name":"ModelAdvance", "ph":"B", "ts":"1268037157", "pid":"1", "tid":"cice"},
{"name":"ModelAdvance", "ph":"E", "ts":"1268505853", "pid":"1", "tid":"cice"},
{"name":"ModelAdvance", "ph":"B", "ts":"1268646052", "pid":"1", "tid":"cice"},
{"name":"ModelAdvance", "ph":"E", "ts":"1269116385", "pid":"1", "tid":"cice"},
{"name":"ModelAdvance", "ph":"B", "ts":"1269244558", "pid":"1", "tid":"cice"},
{"name":"ModelAdvance", "ph":"E", "ts":"1269717478", "pid":"1", "tid":"cice"},
{"name":"ModelAdvance", "ph":"B", "ts":"1269847137", "pid":"1", "tid":"cice"},
{"name":"ModelAdvance", "ph":"E", "ts":"1270321096", "pid":"1", "tid":"cice"},
{"name":"ModelAdvance", "ph":"B", "ts":"1270447038", "pid":"1", "tid":"cice"},
{"name":"ModelAdvance", "ph":"E", "ts":"1270919020", "pid":"1", "tid":"cice"},
{"name":"ModelAdvance", "ph":"B", "ts":"1271054649", "pid":"1", "tid":"cice"},
{"name":"ModelAdvance", "ph":"E", "ts":"1271530615", "pid":"1", "tid":"cice"},
{"name":"ModelAdvance", "ph":"B", "ts":"1271669344", "pid":"1", "tid":"cice"},
{"name":"ModelAdvance", "ph":"E", "ts":"1272143843", "pid":"1", "tid":"cice"},
{"name":"ModelAdvance", "ph":"B", "ts":"1272948857", "pid":"1", "tid":"cice"},
{"name":"ModelAdvance", "ph":"E", "ts":"1273421829", "pid":"1", "tid":"cice"},
{"name":"ModelAdvance", "ph":"B", "ts":"1273556571", "pid":"1", "tid":"cice"},
{"name":"ModelAdvance", "ph":"E", "ts":"1274026602", "pid":"1", "tid":"cice"},
{"name":"ModelAdvance", "ph":"B", "ts":"1274160268", "pid":"1", "tid":"cice"},
{"name":"ModelAdvance", "ph":"E", "ts":"1274633049", "pid":"1", "tid":"cice"},
{"name":"ModelAdvance", "ph":"B", "ts":"1274762380", "pid":"1", "tid":"cice"},
{"name":"ModelAdvance", "ph":"E", "ts":"1275235410", "pid":"1", "tid":"cice"},
{"name":"ModelAdvance", "ph":"B", "ts":"1275363518", "pid":"1", "tid":"cice"},
{"name":"ModelAdvance", "ph":"E", "ts":"1275835241", "pid":"1", "tid":"cice"},
{"name":"ModelAdvance", "ph":"B", "ts":"1275968611", "pid":"1", "tid":"cice"},
{"name":"ModelAdvance", "ph":"E", "ts":"1276435561", "pid":"1", "tid":"cice"},
{"name":"ModelAdvance", "ph":"B", "ts":"1276570768", "pid":"1", "tid":"cice"},
{"name":"ModelAdvance", "ph":"E", "ts":"1277040440", "pid":"1", "tid":"cice"},
{"name":"ModelAdvance", "ph":"B", "ts":"1277173319", "pid":"1", "tid":"cice"},
{"name":"ModelAdvance", "ph":"E", "ts":"1277647039", "pid":"1", "tid":"cice"},
{"name":"ModelAdvance", "ph":"B", "ts":"1277774256", "pid":"1", "tid":"cice"},
{"name":"ModelAdvance", "ph":"E", "ts":"1278248346", "pid":"1", "tid":"cice"},
{"name":"ModelAdvance", "ph":"B", "ts":"1278379886", "pid":"1", "tid":"cice"},
{"name":"ModelAdvance", "ph":"E", "ts":"1278854347", "pid":"1", "tid":"cice"},
{"name":"ModelAdvance", "ph":"B", "ts":"1278989259", "pid":"1", "tid":"cice"},
{"name":"ModelAdvance", "ph":"E", "ts":"1279454392", "pid":"1", "tid":"cice"},
{"name":"ModelAdvance", "ph":"B", "ts":"1279596792", "pid":"1", "tid":"cice"},
{"name":"ModelAdvance", "ph":"E", "ts":"1280069416", "pid":"1", "tid":"cice"},
{"name":"ModelAdvance", "ph":"B", "ts":"1280197033", "pid":"1", "tid":"cice"},
{"name":"ModelAdvance", "ph":"E", "ts":"1280673537", "pid":"1", "tid":"cice"},
{"name":"ModelAdvance", "ph":"B", "ts":"1280797571", "pid":"1", "tid":"cice"},
{"name":"ModelAdvance", "ph":"E", "ts":"1281270579", "pid":"1", "tid":"cice"},
{"name":"ModelAdvance", "ph":"B", "ts":"1281403611", "pid":"1", "tid":"cice"},
{"name":"ModelAdvance", "ph":"E", "ts":"1281874324", "pid":"1", "tid":"cice"},
{"name":"ModelAdvance", "ph":"B", "ts":"1282000467", "pid":"1", "tid":"cice"},
{"name":"ModelAdvance", "ph":"E", "ts":"1282473832", "pid":"1", "tid":"cice"},
{"name":"ModelAdvance", "ph":"B", "ts":"1282613092", "pid":"1", "tid":"cice"},
{"name":"ModelAdvance", "ph":"E", "ts":"1283082992", "pid":"1", "tid":"cice"},
{"name":"ModelAdvance", "ph":"B", "ts":"1283211288", "pid":"1", "tid":"cice"},
{"name":"ModelAdvance", "ph":"E", "ts":"1283686661", "pid":"1", "tid":"cice"},
{"name":"ModelAdvance", "ph":"B", "ts":"1283818516", "pid":"1", "tid":"cice"},
{"name":"ModelAdvance", "ph":"E", "ts":"1284294602", "pid":"1", "tid":"cice"},
{"name":"ModelAdvance", "ph":"B", "ts":"1284415674", "pid":"1", "tid":"cice"},
{"name":"ModelAdvance", "ph":"E", "ts":"1284889068", "pid":"1", "tid":"cice"},
{"name":"ModelAdvance", "ph":"B", "ts":"1285018769", "pid":"1", "tid":"cice"},
{"name":"ModelAdvance", "ph":"E", "ts":"1285494207", "pid":"1", "tid":"cice"},
{"name":"ModelAdvance", "ph":"B", "ts":"1285615025", "pid":"1", "tid":"cice"},
{"name":"ModelAdvance", "ph":"E", "ts":"1286093504", "pid":"1", "tid":"cice"},
{"name":"ModelAdvance", "ph":"B", "ts":"1286217524", "pid":"1", "tid":"cice"},
{"name":"ModelAdvance", "ph":"E", "ts":"1286797767", "pid":"1", "tid":"cice"},
{"name":"ModelAdvance", "ph":"B", "ts":"1286842483", "pid":"1", "tid":"cice"},
{"name":"ModelAdvance", "ph":"E", "ts":"1287322164", "pid":"1", "tid":"cice"},
{"name":"ModelAdvance", "ph":"B", "ts":"1288113938", "pid":"1", "tid":"cice"},
{"name":"ModelAdvance", "ph":"E", "ts":"1288598601", "pid":"1", "tid":"cice"},
{"name":"ModelAdvance", "ph":"B", "ts":"1288717892", "pid":"1", "tid":"cice"},
{"name":"ModelAdvance", "ph":"E", "ts":"1289196765", "pid":"1", "tid":"cice"},
{"name":"ModelAdvance", "ph":"B", "ts":"1289320616", "pid":"1", "tid":"cice"},
{"name":"ModelAdvance", "ph":"E", "ts":"1289794426", "pid":"1", "tid":"cice"},
{"name":"ModelAdvance", "ph":"B", "ts":"1289920479", "pid":"1", "tid":"cice"},
{"name":"ModelAdvance", "ph":"E", "ts":"1290394972", "pid":"1", "tid":"cice"},
{"name":"ModelAdvance", "ph":"B", "ts":"1290526231", "pid":"1", "tid":"cice"},
{"name":"ModelAdvance", "ph":"E", "ts":"1290998052", "pid":"1", "tid":"cice"},
{"name":"ModelAdvance", "ph":"B", "ts":"1291125396", "pid":"1", "tid":"cice"},
{"name":"ModelAdvance", "ph":"E", "ts":"1291602033", "pid":"1", "tid":"cice"},
{"name":"ModelAdvance", "ph":"B", "ts":"1291722488", "pid":"1", "tid":"cice"},
{"name":"ModelAdvance", "ph":"E", "ts":"1292201340", "pid":"1", "tid":"cice"},
{"name":"ModelAdvance", "ph":"B", "ts":"1292322608", "pid":"1", "tid":"cice"},
{"name":"ModelAdvance", "ph":"E", "ts":"1292798894", "pid":"1", "tid":"cice"},
{"name":"ModelAdvance", "ph":"B", "ts":"1292929240", "pid":"1", "tid":"cice"},
{"name":"ModelAdvance", "ph":"E", "ts":"1293385920", "pid":"1", "tid":"cice"},
{"name":"ModelAdvance", "ph":"B", "ts":"1293527975", "pid":"1", "tid":"cice"},
{"name":"ModelAdvance", "ph":"E", "ts":"1293998791", "pid":"1", "tid":"cice"},
{"name":"ModelAdvance", "ph":"B", "ts":"1294122387", "pid":"1", "tid":"cice"},
{"name":"ModelAdvance", "ph":"E", "ts":"1294592324", "pid":"1", "tid":"cice"},
{"name":"ModelAdvance", "ph":"B", "ts":"1294737628", "pid":"1", "tid":"cice"},
{"name":"ModelAdvance", "ph":"E", "ts":"1295210740", "pid":"1", "tid":"cice"},
{"name":"ModelAdvance", "ph":"B", "ts":"1295336020", "pid":"1", "tid":"cice"},
{"name":"ModelAdvance", "ph":"E", "ts":"1295814740", "pid":"1", "tid":"cice"},
{"name":"ModelAdvance", "ph":"B", "ts":"1295941088", "pid":"1", "tid":"cice"},
{"name":"ModelAdvance", "ph":"E", "ts":"1296409113", "pid":"1", "tid":"cice"},
{"name":"ModelAdvance", "ph":"B", "ts":"1296534764", "pid":"1", "tid":"cice"},
{"name":"ModelAdvance", "ph":"E", "ts":"1297013366", "pid":"1", "tid":"cice"},
{"name":"ModelAdvance", "ph":"B", "ts":"1297140142", "pid":"1", "tid":"cice"},
{"name":"ModelAdvance", "ph":"E", "ts":"1297612549", "pid":"1", "tid":"cice"},
{"name":"ModelAdvance", "ph":"B", "ts":"1297739150", "pid":"1", "tid":"cice"},
{"name":"ModelAdvance", "ph":"E", "ts":"1298210548", "pid":"1", "tid":"cice"},
{"name":"ModelAdvance", "ph":"B", "ts":"1298343701", "pid":"1", "tid":"cice"},
{"name":"ModelAdvance", "ph":"E", "ts":"1298823194", "pid":"1", "tid":"cice"},
{"name":"ModelAdvance", "ph":"B", "ts":"1298945606", "pid":"1", "tid":"cice"},
{"name":"ModelAdvance", "ph":"E", "ts":"1299424292", "pid":"1", "tid":"cice"},
{"name":"ModelAdvance", "ph":"B", "ts":"1299551825", "pid":"1", "tid":"cice"},
{"name":"ModelAdvance", "ph":"E", "ts":"1300025659", "pid":"1", "tid":"cice"},
{"name":"ModelAdvance", "ph":"B", "ts":"1300150207", "pid":"1", "tid":"cice"},
{"name":"ModelAdvance", "ph":"E", "ts":"1300626498", "pid":"1", "tid":"cice"},
{"name":"ModelAdvance", "ph":"B", "ts":"1300775044", "pid":"1", "tid":"cice"},
{"name":"ModelAdvance", "ph":"E", "ts":"1301255469", "pid":"1", "tid":"cice"},
{"name":"ModelAdvance", "ph":"B", "ts":"1301374449", "pid":"1", "tid":"cice"},
{"name":"ModelAdvance", "ph":"E", "ts":"1301850874", "pid":"1", "tid":"cice"},
{"name":"ModelAdvance", "ph":"B", "ts":"1301981743", "pid":"1", "tid":"cice"},
{"name":"ModelAdvance", "ph":"E", "ts":"1302461381", "pid":"1", "tid":"cice"},
{"name":"ModelAdvance", "ph":"B", "ts":"1303249573", "pid":"1", "tid":"cice"},
{"name":"ModelAdvance", "ph":"E", "ts":"1303721906", "pid":"1", "tid":"cice"},
{"name":"ModelAdvance", "ph":"B", "ts":"1303851107", "pid":"1", "tid":"cice"},
{"name":"ModelAdvance", "ph":"E", "ts":"1304338010", "pid":"1", "tid":"cice"},
{"name":"ModelAdvance", "ph":"B", "ts":"1304512403", "pid":"1", "tid":"cice"},
{"name":"ModelAdvance", "ph":"E", "ts":"1304984599", "pid":"1", "tid":"cice"},
{"name":"ModelAdvance", "ph":"B", "ts":"1305101806", "pid":"1", "tid":"cice"},
{"name":"ModelAdvance", "ph":"E", "ts":"1305581288", "pid":"1", "tid":"cice"},
{"name":"ModelAdvance", "ph":"B", "ts":"1305711924", "pid":"1", "tid":"cice"},
{"name":"ModelAdvance", "ph":"E", "ts":"1306185998", "pid":"1", "tid":"cice"},
{"name":"ModelAdvance", "ph":"B", "ts":"1306314236", "pid":"1", "tid":"cice"},
{"name":"ModelAdvance", "ph":"E", "ts":"1306781425", "pid":"1", "tid":"cice"},
{"name":"ModelAdvance", "ph":"B", "ts":"1306921157", "pid":"1", "tid":"cice"},
{"name":"ModelAdvance", "ph":"E", "ts":"1307404934", "pid":"1", "tid":"cice"},
{"name":"ModelAdvance", "ph":"B", "ts":"1307527495", "pid":"1", "tid":"cice"},
{"name":"ModelAdvance", "ph":"E", "ts":"1308003391", "pid":"1", "tid":"cice"},
{"name":"ModelAdvance", "ph":"B", "ts":"1308136376", "pid":"1", "tid":"cice"},
{"name":"ModelAdvance", "ph":"E", "ts":"1308614616", "pid":"1", "tid":"cice"},
{"name":"ModelAdvance", "ph":"B", "ts":"1308736333", "pid":"1", "tid":"cice"},
{"name":"ModelAdvance", "ph":"E", "ts":"1309210311", "pid":"1", "tid":"cice"},
{"name":"ModelAdvance", "ph":"B", "ts":"1309379509", "pid":"1", "tid":"cice"},
{"name":"ModelAdvance", "ph":"E", "ts":"1309865530", "pid":"1", "tid":"cice"},
{"name":"ModelAdvance", "ph":"B", "ts":"1309986707", "pid":"1", "tid":"cice"},
{"name":"ModelAdvance", "ph":"E", "ts":"1310468562", "pid":"1", "tid":"cice"},
{"name":"ModelAdvance", "ph":"B", "ts":"1310599675", "pid":"1", "tid":"cice"},
{"name":"ModelAdvance", "ph":"E", "ts":"1311082285", "pid":"1", "tid":"cice"},
{"name":"ModelAdvance", "ph":"B", "ts":"1311195344", "pid":"1", "tid":"cice"},
{"name":"ModelAdvance", "ph":"E", "ts":"1311681484", "pid":"1", "tid":"cice"},
{"name":"ModelAdvance", "ph":"B", "ts":"1311809212", "pid":"1", "tid":"cice"},
{"name":"ModelAdvance", "ph":"E", "ts":"1312278176", "pid":"1", "tid":"cice"},
{"name":"ModelAdvance", "ph":"B", "ts":"1312406073", "pid":"1", "tid":"cice"},
{"name":"ModelAdvance", "ph":"E", "ts":"1312877093", "pid":"1", "tid":"cice"},
{"name":"ModelAdvance", "ph":"B", "ts":"1313002691", "pid":"1", "tid":"cice"},
{"name":"ModelAdvance", "ph":"E", "ts":"1313480189", "pid":"1", "tid":"cice"},
{"name":"ModelAdvance", "ph":"B", "ts":"1313604477", "pid":"1", "tid":"cice"},
{"name":"ModelAdvance", "ph":"E", "ts":"1314081987", "pid":"1", "tid":"cice"},
{"name":"ModelAdvance", "ph":"B", "ts":"1314215722", "pid":"1", "tid":"cice"},
{"name":"ModelAdvance", "ph":"E", "ts":"1314687828", "pid":"1", "tid":"cice"},
{"name":"ModelAdvance", "ph":"B", "ts":"1314823864", "pid":"1", "tid":"cice"},
{"name":"ModelAdvance", "ph":"E", "ts":"1315298570", "pid":"1", "tid":"cice"},
{"name":"ModelAdvance", "ph":"B", "ts":"1315439154", "pid":"1", "tid":"cice"},
{"name":"ModelAdvance", "ph":"E", "ts":"1315901094", "pid":"1", "tid":"cice"},
{"name":"ModelAdvance", "ph":"B", "ts":"1316039659", "pid":"1", "tid":"cice"},
{"name":"ModelAdvance", "ph":"E", "ts":"1316502727", "pid":"1", "tid":"cice"},
{"name":"ModelAdvance", "ph":"B", "ts":"1316631574", "pid":"1", "tid":"cice"},
{"name":"ModelAdvance", "ph":"E", "ts":"1317099509", "pid":"1", "tid":"cice"},
{"name":"ModelAdvance", "ph":"B", "ts":"1317313701", "pid":"1", "tid":"cice"},
{"name":"ModelAdvance", "ph":"E", "ts":"1317802080", "pid":"1", "tid":"cice"},
{"name":"ModelAdvance", "ph":"B", "ts":"1318594274", "pid":"1", "tid":"cice"},
{"name":"ModelAdvance", "ph":"E", "ts":"1319065190", "pid":"1", "tid":"cice"},
{"name":"ModelAdvance", "ph":"B", "ts":"1319193909", "pid":"1", "tid":"cice"},
{"name":"ModelAdvance", "ph":"E", "ts":"1319663964", "pid":"1", "tid":"cice"},
{"name":"ModelAdvance", "ph":"B", "ts":"1319795648", "pid":"1", "tid":"cice"},
{"name":"ModelAdvance", "ph":"E", "ts":"1320283682", "pid":"1", "tid":"cice"},
{"name":"ModelAdvance", "ph":"B", "ts":"1320412491", "pid":"1", "tid":"cice"},
{"name":"ModelAdvance", "ph":"E", "ts":"1320891690", "pid":"1", "tid":"cice"},
{"name":"ModelAdvance", "ph":"B", "ts":"1321019547", "pid":"1", "tid":"cice"},
{"name":"ModelAdvance", "ph":"E", "ts":"1321495897", "pid":"1", "tid":"cice"},
{"name":"ModelAdvance", "ph":"B", "ts":"1321627347", "pid":"1", "tid":"cice"},
{"name":"ModelAdvance", "ph":"E", "ts":"1322110140", "pid":"1", "tid":"cice"},
{"name":"ModelAdvance", "ph":"B", "ts":"1322234483", "pid":"1", "tid":"cice"},
{"name":"ModelAdvance", "ph":"E", "ts":"1322710326", "pid":"1", "tid":"cice"},
{"name":"ModelAdvance", "ph":"B", "ts":"1322834167", "pid":"1", "tid":"cice"},
{"name":"ModelAdvance", "ph":"E", "ts":"1323317408", "pid":"1", "tid":"cice"},
{"name":"ModelAdvance", "ph":"B", "ts":"1323431707", "pid":"1", "tid":"cice"},
{"name":"ModelAdvance", "ph":"E", "ts":"1323912910", "pid":"1", "tid":"cice"},
{"name":"ModelAdvance", "ph":"B", "ts":"1324044076", "pid":"1", "tid":"cice"},
{"name":"ModelAdvance", "ph":"E", "ts":"1324525784", "pid":"1", "tid":"cice"},
{"name":"ModelAdvance", "ph":"B", "ts":"1324646330", "pid":"1", "tid":"cice"},
{"name":"ModelAdvance", "ph":"E", "ts":"1325114497", "pid":"1", "tid":"cice"},
{"name":"ModelAdvance", "ph":"B", "ts":"1325283374", "pid":"1", "tid":"cice"},
{"name":"ModelAdvance", "ph":"E", "ts":"1325765503", "pid":"1", "tid":"cice"},
{"name":"ModelAdvance", "ph":"B", "ts":"1325883647", "pid":"1", "tid":"cice"},
{"name":"ModelAdvance", "ph":"E", "ts":"1326367446", "pid":"1", "tid":"cice"},
{"name":"ModelAdvance", "ph":"B", "ts":"1326489792", "pid":"1", "tid":"cice"},
{"name":"ModelAdvance", "ph":"E", "ts":"1326976075", "pid":"1", "tid":"cice"},
{"name":"ModelAdvance", "ph":"B", "ts":"1327095795", "pid":"1", "tid":"cice"},
{"name":"ModelAdvance", "ph":"E", "ts":"1327574610", "pid":"1", "tid":"cice"},
{"name":"ModelAdvance", "ph":"B", "ts":"1327699833", "pid":"1", "tid":"cice"},
{"name":"ModelAdvance", "ph":"E", "ts":"1328174118", "pid":"1", "tid":"cice"},
{"name":"ModelAdvance", "ph":"B", "ts":"1328302065", "pid":"1", "tid":"cice"},
{"name":"ModelAdvance", "ph":"E", "ts":"1328771518", "pid":"1", "tid":"cice"},
{"name":"ModelAdvance", "ph":"B", "ts":"1328899869", "pid":"1", "tid":"cice"},
{"name":"ModelAdvance", "ph":"E", "ts":"1329371773", "pid":"1", "tid":"cice"},
{"name":"ModelAdvance", "ph":"B", "ts":"1329497008", "pid":"1", "tid":"cice"},
{"name":"ModelAdvance", "ph":"E", "ts":"1329966529", "pid":"1", "tid":"cice"},
{"name":"ModelAdvance", "ph":"B", "ts":"1330102931", "pid":"1", "tid":"cice"},
{"name":"ModelAdvance", "ph":"E", "ts":"1330579458", "pid":"1", "tid":"cice"},
{"name":"ModelAdvance", "ph":"B", "ts":"1330698423", "pid":"1", "tid":"cice"},
{"name":"ModelAdvance", "ph":"E", "ts":"1331169939", "pid":"1", "tid":"cice"},
{"name":"ModelAdvance", "ph":"B", "ts":"1331290666", "pid":"1", "tid":"cice"},
{"name":"ModelAdvance", "ph":"E", "ts":"1331762229", "pid":"1", "tid":"cice"},
{"name":"ModelAdvance", "ph":"B", "ts":"1331884100", "pid":"1", "tid":"cice"},
{"name":"ModelAdvance", "ph":"E", "ts":"1332359525", "pid":"1", "tid":"cice"},
{"name":"ModelAdvance", "ph":"B", "ts":"1332557180", "pid":"1", "tid":"cice"},
{"name":"ModelAdvance", "ph":"E", "ts":"1333034480", "pid":"1", "tid":"cice"},
{"name":"ModelAdvance", "ph":"B", "ts":"1333835133", "pid":"1", "tid":"cice"},
{"name":"ModelAdvance", "ph":"E", "ts":"1334300556", "pid":"1", "tid":"cice"},
{"name":"ModelAdvance", "ph":"B", "ts":"1334425263", "pid":"1", "tid":"cice"},
{"name":"ModelAdvance", "ph":"E", "ts":"1334903317", "pid":"1", "tid":"cice"},
{"name":"ModelAdvance", "ph":"B", "ts":"1335021132", "pid":"1", "tid":"cice"},
{"name":"ModelAdvance", "ph":"E", "ts":"1335492585", "pid":"1", "tid":"cice"},
{"name":"ModelAdvance", "ph":"B", "ts":"1335618746", "pid":"1", "tid":"cice"},
{"name":"ModelAdvance", "ph":"E", "ts":"1336096100", "pid":"1", "tid":"cice"},
{"name":"ModelAdvance", "ph":"B", "ts":"1336214521", "pid":"1", "tid":"cice"},
{"name":"ModelAdvance", "ph":"E", "ts":"1336695548", "pid":"1", "tid":"cice"},
{"name":"ModelAdvance", "ph":"B", "ts":"1336808299", "pid":"1", "tid":"cice"},
{"name":"ModelAdvance", "ph":"E", "ts":"1337294715", "pid":"1", "tid":"cice"},
{"name":"ModelAdvance", "ph":"B", "ts":"1337398032", "pid":"1", "tid":"cice"},
{"name":"ModelAdvance", "ph":"E", "ts":"1337885674", "pid":"1", "tid":"cice"},
{"name":"ModelAdvance", "ph":"B", "ts":"1337990511", "pid":"1", "tid":"cice"},
{"name":"ModelAdvance", "ph":"E", "ts":"1338474364", "pid":"1", "tid":"cice"},
{"name":"ModelAdvance", "ph":"B", "ts":"1338585225", "pid":"1", "tid":"cice"},
{"name":"ModelAdvance", "ph":"E", "ts":"1339065124", "pid":"1", "tid":"cice"},
{"name":"ModelAdvance", "ph":"B", "ts":"1339178060", "pid":"1", "tid":"cice"},
{"name":"ModelAdvance", "ph":"E", "ts":"1339651238", "pid":"1", "tid":"cice"},
{"name":"ModelAdvance", "ph":"B", "ts":"1339774543", "pid":"1", "tid":"cice"},
{"name":"ModelAdvance", "ph":"E", "ts":"1340256505", "pid":"1", "tid":"cice"},
{"name":"ModelAdvance", "ph":"B", "ts":"1340372912", "pid":"1", "tid":"cice"},
{"name":"ModelAdvance", "ph":"E", "ts":"1340885451", "pid":"1", "tid":"cice"},
{"name":"ModelAdvance", "ph":"B", "ts":"1340994667", "pid":"1", "tid":"cice"},
{"name":"ModelAdvance", "ph":"E", "ts":"1341483465", "pid":"1", "tid":"cice"},
{"name":"ModelAdvance", "ph":"B", "ts":"1341594993", "pid":"1", "tid":"cice"},
{"name":"ModelAdvance", "ph":"E", "ts":"1342070020", "pid":"1", "tid":"cice"},
{"name":"ModelAdvance", "ph":"B", "ts":"1342190082", "pid":"1", "tid":"cice"},
{"name":"ModelAdvance", "ph":"E", "ts":"1342667117", "pid":"1", "tid":"cice"},
{"name":"ModelAdvance", "ph":"B", "ts":"1342770222", "pid":"1", "tid":"cice"},
{"name":"ModelAdvance", "ph":"E", "ts":"1343249130", "pid":"1", "tid":"cice"},
{"name":"ModelAdvance", "ph":"B", "ts":"1343380859", "pid":"1", "tid":"cice"},
{"name":"ModelAdvance", "ph":"E", "ts":"1343856687", "pid":"1", "tid":"cice"},
{"name":"ModelAdvance", "ph":"B", "ts":"1343983859", "pid":"1", "tid":"cice"},
{"name":"ModelAdvance", "ph":"E", "ts":"1344466688", "pid":"1", "tid":"cice"},
{"name":"ModelAdvance", "ph":"B", "ts":"1344590246", "pid":"1", "tid":"cice"},
{"name":"ModelAdvance", "ph":"E", "ts":"1345059995", "pid":"1", "tid":"cice"},
{"name":"ModelAdvance", "ph":"B", "ts":"1345187450", "pid":"1", "tid":"cice"},
{"name":"ModelAdvance", "ph":"E", "ts":"1345666940", "pid":"1", "tid":"cice"},
{"name":"ModelAdvance", "ph":"B", "ts":"1345769207", "pid":"1", "tid":"cice"},
{"name":"ModelAdvance", "ph":"E", "ts":"1346253524", "pid":"1", "tid":"cice"},
{"name":"ModelAdvance", "ph":"B", "ts":"1346374099", "pid":"1", "tid":"cice"},
{"name":"ModelAdvance", "ph":"E", "ts":"1346850417", "pid":"1", "tid":"cice"},
{"name":"ModelAdvance", "ph":"B", "ts":"1346961742", "pid":"1", "tid":"cice"},
{"name":"ModelAdvance", "ph":"E", "ts":"1347435633", "pid":"1", "tid":"cice"},
{"name":"ModelAdvance", "ph":"B", "ts":"1347563297", "pid":"1", "tid":"cice"},
{"name":"ModelAdvance", "ph":"E", "ts":"1348032671", "pid":"1", "tid":"cice"},
{"name":"ModelAdvance", "ph":"B", "ts":"1348778117", "pid":"1", "tid":"cice"},
{"name":"ModelAdvance", "ph":"E", "ts":"1349249083", "pid":"1", "tid":"cice"},
{"name":"ModelAdvance", "ph":"B", "ts":"1349368670", "pid":"1", "tid":"cice"},
{"name":"ModelAdvance", "ph":"E", "ts":"1349844170", "pid":"1", "tid":"cice"},
{"name":"ModelAdvance", "ph":"B", "ts":"1349970640", "pid":"1", "tid":"cice"},
{"name":"ModelAdvance", "ph":"E", "ts":"1350452820", "pid":"1", "tid":"cice"},
{"name":"ModelAdvance", "ph":"B", "ts":"1350575265", "pid":"1", "tid":"cice"},
{"name":"ModelAdvance", "ph":"E", "ts":"1351048732", "pid":"1", "tid":"cice"},
{"name":"ModelAdvance", "ph":"B", "ts":"1351170531", "pid":"1", "tid":"cice"},
{"name":"ModelAdvance", "ph":"E", "ts":"1351645984", "pid":"1", "tid":"cice"},
{"name":"ModelAdvance", "ph":"B", "ts":"1351753738", "pid":"1", "tid":"cice"},
{"name":"ModelAdvance", "ph":"E", "ts":"1352232105", "pid":"1", "tid":"cice"},
{"name":"ModelAdvance", "ph":"B", "ts":"1352347446", "pid":"1", "tid":"cice"},
{"name":"ModelAdvance", "ph":"E", "ts":"1352828960", "pid":"1", "tid":"cice"},
{"name":"ModelAdvance", "ph":"B", "ts":"1352937741", "pid":"1", "tid":"cice"},
{"name":"ModelAdvance", "ph":"E", "ts":"1353415726", "pid":"1", "tid":"cice"},
{"name":"ModelAdvance", "ph":"B", "ts":"1353538061", "pid":"1", "tid":"cice"},
{"name":"ModelAdvance", "ph":"E", "ts":"1354010349", "pid":"1", "tid":"cice"},
{"name":"ModelAdvance", "ph":"B", "ts":"1354119762", "pid":"1", "tid":"cice"},
{"name":"ModelAdvance", "ph":"E", "ts":"1354605120", "pid":"1", "tid":"cice"},
{"name":"ModelAdvance", "ph":"B", "ts":"1354710432", "pid":"1", "tid":"cice"},
{"name":"ModelAdvance", "ph":"E", "ts":"1355191045", "pid":"1", "tid":"cice"},
{"name":"ModelAdvance", "ph":"B", "ts":"1355312266", "pid":"1", "tid":"cice"},
{"name":"ModelAdvance", "ph":"E", "ts":"1355795555", "pid":"1", "tid":"cice"},
{"name":"ModelAdvance", "ph":"B", "ts":"1355905832", "pid":"1", "tid":"cice"},
{"name":"ModelAdvance", "ph":"E", "ts":"1356396569", "pid":"1", "tid":"cice"},
{"name":"ModelAdvance", "ph":"B", "ts":"1356504543", "pid":"1", "tid":"cice"},
{"name":"ModelAdvance", "ph":"E", "ts":"1356975973", "pid":"1", "tid":"cice"},
{"name":"ModelAdvance", "ph":"B", "ts":"1357093760", "pid":"1", "tid":"cice"},
{"name":"ModelAdvance", "ph":"E", "ts":"1357571298", "pid":"1", "tid":"cice"},
{"name":"ModelAdvance", "ph":"B", "ts":"1357706047", "pid":"1", "tid":"cice"},
{"name":"ModelAdvance", "ph":"E", "ts":"1358167828", "pid":"1", "tid":"cice"},
{"name":"ModelAdvance", "ph":"B", "ts":"1358290064", "pid":"1", "tid":"cice"},
{"name":"ModelAdvance", "ph":"E", "ts":"1358775700", "pid":"1", "tid":"cice"},
{"name":"ModelAdvance", "ph":"B", "ts":"1358891966", "pid":"1", "tid":"cice"},
{"name":"ModelAdvance", "ph":"E", "ts":"1359369458", "pid":"1", "tid":"cice"},
{"name":"ModelAdvance", "ph":"B", "ts":"1359480865", "pid":"1", "tid":"cice"},
{"name":"ModelAdvance", "ph":"E", "ts":"1359964818", "pid":"1", "tid":"cice"},
{"name":"ModelAdvance", "ph":"B", "ts":"1360076768", "pid":"1", "tid":"cice"},
{"name":"ModelAdvance", "ph":"E", "ts":"1360549252", "pid":"1", "tid":"cice"},
{"name":"ModelAdvance", "ph":"B", "ts":"1360676128", "pid":"1", "tid":"cice"},
{"name":"ModelAdvance", "ph":"E", "ts":"1361154751", "pid":"1", "tid":"cice"},
{"name":"ModelAdvance", "ph":"B", "ts":"1361279302", "pid":"1", "tid":"cice"},
{"name":"ModelAdvance", "ph":"E", "ts":"1361761328", "pid":"1", "tid":"cice"},
{"name":"ModelAdvance", "ph":"B", "ts":"1361868031", "pid":"1", "tid":"cice"},
{"name":"ModelAdvance", "ph":"E", "ts":"1362345608", "pid":"1", "tid":"cice"},
{"name":"ModelAdvance", "ph":"B", "ts":"1362474471", "pid":"1", "tid":"cice"},
{"name":"ModelAdvance", "ph":"E", "ts":"1362947215", "pid":"1", "tid":"cice"},
{"name":"ModelAdvance", "ph":"B", "ts":"1363726912", "pid":"1", "tid":"cice"},
{"name":"ModelAdvance", "ph":"E", "ts":"1364196657", "pid":"1", "tid":"cice"},
{"name":"ModelAdvance", "ph":"B", "ts":"1364316428", "pid":"1", "tid":"cice"},
{"name":"ModelAdvance", "ph":"E", "ts":"1364789980", "pid":"1", "tid":"cice"},
{"name":"ModelAdvance", "ph":"B", "ts":"1364915260", "pid":"1", "tid":"cice"},
{"name":"ModelAdvance", "ph":"E", "ts":"1365398638", "pid":"1", "tid":"cice"},
{"name":"ModelAdvance", "ph":"B", "ts":"1365514699", "pid":"1", "tid":"cice"},
{"name":"ModelAdvance", "ph":"E", "ts":"1365985833", "pid":"1", "tid":"cice"},
{"name":"ModelAdvance", "ph":"B", "ts":"1366104097", "pid":"1", "tid":"cice"},
{"name":"ModelAdvance", "ph":"E", "ts":"1366577025", "pid":"1", "tid":"cice"},
{"name":"ModelAdvance", "ph":"B", "ts":"1366696442", "pid":"1", "tid":"cice"},
{"name":"ModelAdvance", "ph":"E", "ts":"1367166931", "pid":"1", "tid":"cice"},
{"name":"ModelAdvance", "ph":"B", "ts":"1367278156", "pid":"1", "tid":"cice"},
{"name":"ModelAdvance", "ph":"E", "ts":"1367769498", "pid":"1", "tid":"cice"},
{"name":"ModelAdvance", "ph":"B", "ts":"1367871640", "pid":"1", "tid":"cice"},
{"name":"ModelAdvance", "ph":"E", "ts":"1368359830", "pid":"1", "tid":"cice"},
{"name":"ModelAdvance", "ph":"B", "ts":"1368465028", "pid":"1", "tid":"cice"},
{"name":"ModelAdvance", "ph":"E", "ts":"1368937839", "pid":"1", "tid":"cice"},
{"name":"ModelAdvance", "ph":"B", "ts":"1369051935", "pid":"1", "tid":"cice"},
{"name":"ModelAdvance", "ph":"E", "ts":"1369513811", "pid":"1", "tid":"cice"},
{"name":"ModelAdvance", "ph":"B", "ts":"1369639206", "pid":"1", "tid":"cice"},
{"name":"ModelAdvance", "ph":"E", "ts":"1370112671", "pid":"1", "tid":"cice"},
{"name":"ModelAdvance", "ph":"B", "ts":"1370237228", "pid":"1", "tid":"cice"},
{"name":"ModelAdvance", "ph":"E", "ts":"1370718273", "pid":"1", "tid":"cice"},
{"name":"ModelAdvance", "ph":"B", "ts":"1370830771", "pid":"1", "tid":"cice"},
{"name":"ModelAdvance", "ph":"E", "ts":"1371314754", "pid":"1", "tid":"cice"},
{"name":"ModelAdvance", "ph":"B", "ts":"1371420380", "pid":"1", "tid":"cice"},
{"name":"ModelAdvance", "ph":"E", "ts":"1371897061", "pid":"1", "tid":"cice"},
{"name":"ModelAdvance", "ph":"B", "ts":"1372055619", "pid":"1", "tid":"cice"},
{"name":"ModelAdvance", "ph":"E", "ts":"1372530792", "pid":"1", "tid":"cice"},
{"name":"ModelAdvance", "ph":"B", "ts":"1372642830", "pid":"1", "tid":"cice"},
{"name":"ModelAdvance", "ph":"E", "ts":"1373128017", "pid":"1", "tid":"cice"},
{"name":"ModelAdvance", "ph":"B", "ts":"1373241692", "pid":"1", "tid":"cice"},
{"name":"ModelAdvance", "ph":"E", "ts":"1373721257", "pid":"1", "tid":"cice"},
{"name":"ModelAdvance", "ph":"B", "ts":"1373843874", "pid":"1", "tid":"cice"},
{"name":"ModelAdvance", "ph":"E", "ts":"1374327610", "pid":"1", "tid":"cice"},
{"name":"ModelAdvance", "ph":"B", "ts":"1374427641", "pid":"1", "tid":"cice"},
{"name":"ModelAdvance", "ph":"E", "ts":"1374909713", "pid":"1", "tid":"cice"},
{"name":"ModelAdvance", "ph":"B", "ts":"1375020575", "pid":"1", "tid":"cice"},
{"name":"ModelAdvance", "ph":"E", "ts":"1375485714", "pid":"1", "tid":"cice"},
{"name":"ModelAdvance", "ph":"B", "ts":"1375603398", "pid":"1", "tid":"cice"},
{"name":"ModelAdvance", "ph":"E", "ts":"1376086083", "pid":"1", "tid":"cice"},
{"name":"ModelAdvance", "ph":"B", "ts":"1376190603", "pid":"1", "tid":"cice"},
{"name":"ModelAdvance", "ph":"E", "ts":"1376670059", "pid":"1", "tid":"cice"},
{"name":"ModelAdvance", "ph":"B", "ts":"1376798126", "pid":"1", "tid":"cice"},
{"name":"ModelAdvance", "ph":"E", "ts":"1377368218", "pid":"1", "tid":"cice"},
{"name":"ModelAdvance", "ph":"B", "ts":"1377415802", "pid":"1", "tid":"cice"},
{"name":"ModelAdvance", "ph":"E", "ts":"1377892306", "pid":"1", "tid":"cice"},
{"name":"ModelAdvance", "ph":"B", "ts":"1378675833", "pid":"1", "tid":"cice"},
{"name":"ModelAdvance", "ph":"E", "ts":"1379141811", "pid":"1", "tid":"cice"},
{"name":"ModelAdvance", "ph":"B", "ts":"1379302352", "pid":"1", "tid":"cice"},
{"name":"ModelAdvance", "ph":"E", "ts":"1379771861", "pid":"1", "tid":"cice"},
{"name":"ModelAdvance", "ph":"B", "ts":"1379887635", "pid":"1", "tid":"cice"},
{"name":"ModelAdvance", "ph":"E", "ts":"1380359981", "pid":"1", "tid":"cice"},
{"name":"ModelAdvance", "ph":"B", "ts":"1380478996", "pid":"1", "tid":"cice"},
{"name":"ModelAdvance", "ph":"E", "ts":"1380952293", "pid":"1", "tid":"cice"},
{"name":"ModelAdvance", "ph":"B", "ts":"1381074524", "pid":"1", "tid":"cice"},
{"name":"ModelAdvance", "ph":"E", "ts":"1381560320", "pid":"1", "tid":"cice"},
{"name":"ModelAdvance", "ph":"B", "ts":"1381664459", "pid":"1", "tid":"cice"},
{"name":"ModelAdvance", "ph":"E", "ts":"1382148983", "pid":"1", "tid":"cice"},
{"name":"ModelAdvance", "ph":"B", "ts":"1382274072", "pid":"1", "tid":"cice"},
{"name":"ModelAdvance", "ph":"E", "ts":"1382753128", "pid":"1", "tid":"cice"},
{"name":"ModelAdvance", "ph":"B", "ts":"1382865704", "pid":"1", "tid":"cice"},
{"name":"ModelAdvance", "ph":"E", "ts":"1383340492", "pid":"1", "tid":"cice"},
{"name":"ModelAdvance", "ph":"B", "ts":"1383445396", "pid":"1", "tid":"cice"},
{"name":"ModelAdvance", "ph":"E", "ts":"1383923130", "pid":"1", "tid":"cice"},
{"name":"ModelAdvance", "ph":"B", "ts":"1384051675", "pid":"1", "tid":"cice"},
{"name":"ModelAdvance", "ph":"E", "ts":"1384526791", "pid":"1", "tid":"cice"},
{"name":"ModelAdvance", "ph":"B", "ts":"1384630059", "pid":"1", "tid":"cice"},
{"name":"ModelAdvance", "ph":"E", "ts":"1385109873", "pid":"1", "tid":"cice"},
{"name":"ModelAdvance", "ph":"B", "ts":"1385227465", "pid":"1", "tid":"cice"},
{"name":"ModelAdvance", "ph":"E", "ts":"1385692977", "pid":"1", "tid":"cice"},
{"name":"ModelAdvance", "ph":"B", "ts":"1385827682", "pid":"1", "tid":"cice"},
{"name":"ModelAdvance", "ph":"E", "ts":"1386306317", "pid":"1", "tid":"cice"},
{"name":"ModelAdvance", "ph":"B", "ts":"1386415242", "pid":"1", "tid":"cice"},
{"name":"ModelAdvance", "ph":"E", "ts":"1386901700", "pid":"1", "tid":"cice"},
{"name":"ModelAdvance", "ph":"B", "ts":"1387019644", "pid":"1", "tid":"cice"},
{"name":"ModelAdvance", "ph":"E", "ts":"1387494891", "pid":"1", "tid":"cice"},
{"name":"ModelAdvance", "ph":"B", "ts":"1387608369", "pid":"1", "tid":"cice"},
{"name":"ModelAdvance", "ph":"E", "ts":"1388076977", "pid":"1", "tid":"cice"},
{"name":"ModelAdvance", "ph":"B", "ts":"1388196233", "pid":"1", "tid":"cice"},
{"name":"ModelAdvance", "ph":"E", "ts":"1388663098", "pid":"1", "tid":"cice"},
{"name":"ModelAdvance", "ph":"B", "ts":"1388797053", "pid":"1", "tid":"cice"},
{"name":"ModelAdvance", "ph":"E", "ts":"1389271843", "pid":"1", "tid":"cice"},
{"name":"ModelAdvance", "ph":"B", "ts":"1389381944", "pid":"1", "tid":"cice"},
{"name":"ModelAdvance", "ph":"E", "ts":"1389855368", "pid":"1", "tid":"cice"},
{"name":"ModelAdvance", "ph":"B", "ts":"1389967846", "pid":"1", "tid":"cice"},
{"name":"ModelAdvance", "ph":"E", "ts":"1390454646", "pid":"1", "tid":"cice"},
{"name":"ModelAdvance", "ph":"B", "ts":"1390563846", "pid":"1", "tid":"cice"},
{"name":"ModelAdvance", "ph":"E", "ts":"1391036377", "pid":"1", "tid":"cice"},
{"name":"ModelAdvance", "ph":"B", "ts":"1391147278", "pid":"1", "tid":"cice"},
{"name":"ModelAdvance", "ph":"E", "ts":"1391628523", "pid":"1", "tid":"cice"},
{"name":"ModelAdvance", "ph":"B", "ts":"1391738138", "pid":"1", "tid":"cice"},
{"name":"ModelAdvance", "ph":"E", "ts":"1392218260", "pid":"1", "tid":"cice"},
{"name":"ModelAdvance", "ph":"B", "ts":"1392333611", "pid":"1", "tid":"cice"},
{"name":"ModelAdvance", "ph":"E", "ts":"1392805761", "pid":"1", "tid":"cice"},
{"name":"ModelAdvance", "ph":"B", "ts":"1393568304", "pid":"1", "tid":"cice"},
{"name":"ModelAdvance", "ph":"E", "ts":"1394051787", "pid":"1", "tid":"cice"},
{"name":"ModelAdvance", "ph":"B", "ts":"1394163043", "pid":"1", "tid":"cice"},
{"name":"ModelAdvance", "ph":"E", "ts":"1394636511", "pid":"1", "tid":"cice"},
{"name":"ModelAdvance", "ph":"B", "ts":"1394751831", "pid":"1", "tid":"cice"},
{"name":"ModelAdvance", "ph":"E", "ts":"1395226155", "pid":"1", "tid":"cice"},
{"name":"ModelAdvance", "ph":"B", "ts":"1395342399", "pid":"1", "tid":"cice"},
{"name":"ModelAdvance", "ph":"E", "ts":"1395817060", "pid":"1", "tid":"cice"},
{"name":"ModelAdvance", "ph":"B", "ts":"1395931926", "pid":"1", "tid":"cice"},
{"name":"ModelAdvance", "ph":"E", "ts":"1396412069", "pid":"1", "tid":"cice"},
{"name":"ModelAdvance", "ph":"B", "ts":"1396524481", "pid":"1", "tid":"cice"},
{"name":"ModelAdvance", "ph":"E", "ts":"1396998642", "pid":"1", "tid":"cice"},
{"name":"ModelAdvance", "ph":"B", "ts":"1397107803", "pid":"1", "tid":"cice"},
{"name":"ModelAdvance", "ph":"E", "ts":"1397592529", "pid":"1", "tid":"cice"},
{"name":"ModelAdvance", "ph":"B", "ts":"1397708129", "pid":"1", "tid":"cice"},
{"name":"ModelAdvance", "ph":"E", "ts":"1398174587", "pid":"1", "tid":"cice"},
{"name":"ModelAdvance", "ph":"B", "ts":"1398288827", "pid":"1", "tid":"cice"},
{"name":"ModelAdvance", "ph":"E", "ts":"1398769718", "pid":"1", "tid":"cice"},
{"name":"ModelAdvance", "ph":"B", "ts":"1398887460", "pid":"1", "tid":"cice"},
{"name":"ModelAdvance", "ph":"E", "ts":"1399369754", "pid":"1", "tid":"cice"},
{"name":"ModelAdvance", "ph":"B", "ts":"1399488356", "pid":"1", "tid":"cice"},
{"name":"ModelAdvance", "ph":"E", "ts":"1399962252", "pid":"1", "tid":"cice"},
{"name":"ModelAdvance", "ph":"B", "ts":"1400074241", "pid":"1", "tid":"cice"},
{"name":"ModelAdvance", "ph":"E", "ts":"1400547652", "pid":"1", "tid":"cice"},
{"name":"ModelAdvance", "ph":"B", "ts":"1400662001", "pid":"1", "tid":"cice"},
{"name":"ModelAdvance", "ph":"E", "ts":"1401144682", "pid":"1", "tid":"cice"},
{"name":"ModelAdvance", "ph":"B", "ts":"1401251120", "pid":"1", "tid":"cice"},
{"name":"ModelAdvance", "ph":"E", "ts":"1401738016", "pid":"1", "tid":"cice"},
{"name":"ModelAdvance", "ph":"B", "ts":"1401864602", "pid":"1", "tid":"cice"},
{"name":"ModelAdvance", "ph":"E", "ts":"1402335001", "pid":"1", "tid":"cice"},
{"name":"ModelAdvance", "ph":"B", "ts":"1402449382", "pid":"1", "tid":"cice"},
{"name":"ModelAdvance", "ph":"E", "ts":"1402930914", "pid":"1", "tid":"cice"},
{"name":"ModelAdvance", "ph":"B", "ts":"1403075675", "pid":"1", "tid":"cice"},
{"name":"ModelAdvance", "ph":"E", "ts":"1403549218", "pid":"1", "tid":"cice"},
{"name":"ModelAdvance", "ph":"B", "ts":"1403664861", "pid":"1", "tid":"cice"},
{"name":"ModelAdvance", "ph":"E", "ts":"1404150757", "pid":"1", "tid":"cice"},
{"name":"ModelAdvance", "ph":"B", "ts":"1404272896", "pid":"1", "tid":"cice"},
{"name":"ModelAdvance", "ph":"E", "ts":"1404741829", "pid":"1", "tid":"cice"},
{"name":"ModelAdvance", "ph":"B", "ts":"1404859267", "pid":"1", "tid":"cice"},
{"name":"ModelAdvance", "ph":"E", "ts":"1405338427", "pid":"1", "tid":"cice"},
{"name":"ModelAdvance", "ph":"B", "ts":"1405452931", "pid":"1", "tid":"cice"},
{"name":"ModelAdvance", "ph":"E", "ts":"1405925740", "pid":"1", "tid":"cice"},
{"name":"ModelAdvance", "ph":"B", "ts":"1406037451", "pid":"1", "tid":"cice"},
{"name":"ModelAdvance", "ph":"E", "ts":"1406508195", "pid":"1", "tid":"cice"},
{"name":"ModelAdvance", "ph":"B", "ts":"1406631061", "pid":"1", "tid":"cice"},
{"name":"ModelAdvance", "ph":"E", "ts":"1407112337", "pid":"1", "tid":"cice"},
{"name":"ModelAdvance", "ph":"B", "ts":"1407232427", "pid":"1", "tid":"cice"},
{"name":"ModelAdvance", "ph":"E", "ts":"1407715688", "pid":"1", "tid":"cice"},
{"name":"ModelAdvance", "ph":"B", "ts":"1408505000", "pid":"1", "tid":"cice"},
{"name":"ModelAdvance", "ph":"E", "ts":"1408985851", "pid":"1", "tid":"cice"},
{"name":"ModelAdvance", "ph":"B", "ts":"1409103847", "pid":"1", "tid":"cice"},
{"name":"ModelAdvance", "ph":"E", "ts":"1409580860", "pid":"1", "tid":"cice"},
{"name":"ModelAdvance", "ph":"B", "ts":"1409696668", "pid":"1", "tid":"cice"},
{"name":"ModelAdvance", "ph":"E", "ts":"1410168704", "pid":"1", "tid":"cice"},
{"name":"ModelAdvance", "ph":"B", "ts":"1410296768", "pid":"1", "tid":"cice"},
{"name":"ModelAdvance", "ph":"E", "ts":"1410763985", "pid":"1", "tid":"cice"},
{"name":"ModelAdvance", "ph":"B", "ts":"1410906833", "pid":"1", "tid":"cice"},
{"name":"ModelAdvance", "ph":"E", "ts":"1411377601", "pid":"1", "tid":"cice"},
{"name":"ModelAdvance", "ph":"B", "ts":"1411495472", "pid":"1", "tid":"cice"},
{"name":"ModelAdvance", "ph":"E", "ts":"1411977856", "pid":"1", "tid":"cice"},
{"name":"ModelAdvance", "ph":"B", "ts":"1412083979", "pid":"1", "tid":"cice"},
{"name":"ModelAdvance", "ph":"E", "ts":"1412565334", "pid":"1", "tid":"cice"},
{"name":"ModelAdvance", "ph":"B", "ts":"1412687510", "pid":"1", "tid":"cice"},
{"name":"ModelAdvance", "ph":"E", "ts":"1413152139", "pid":"1", "tid":"cice"},
{"name":"ModelAdvance", "ph":"B", "ts":"1413281079", "pid":"1", "tid":"cice"},
{"name":"ModelAdvance", "ph":"E", "ts":"1413757839", "pid":"1", "tid":"cice"},
{"name":"ModelAdvance", "ph":"B", "ts":"1413875950", "pid":"1", "tid":"cice"},
{"name":"ModelAdvance", "ph":"E", "ts":"1414355651", "pid":"1", "tid":"cice"},
{"name":"ModelAdvance", "ph":"B", "ts":"1414475988", "pid":"1", "tid":"cice"},
{"name":"ModelAdvance", "ph":"E", "ts":"1414949872", "pid":"1", "tid":"cice"},
{"name":"ModelAdvance", "ph":"B", "ts":"1415074854", "pid":"1", "tid":"cice"},
{"name":"ModelAdvance", "ph":"E", "ts":"1415554702", "pid":"1", "tid":"cice"},
{"name":"ModelAdvance", "ph":"B", "ts":"1415670425", "pid":"1", "tid":"cice"},
{"name":"ModelAdvance", "ph":"E", "ts":"1416156075", "pid":"1", "tid":"cice"},
{"name":"ModelAdvance", "ph":"B", "ts":"1416268259", "pid":"1", "tid":"cice"},
{"name":"ModelAdvance", "ph":"E", "ts":"1416745105", "pid":"1", "tid":"cice"},
{"name":"ModelAdvance", "ph":"B", "ts":"1416865795", "pid":"1", "tid":"cice"},
{"name":"ModelAdvance", "ph":"E", "ts":"1417344254", "pid":"1", "tid":"cice"},
{"name":"ModelAdvance", "ph":"B", "ts":"1417464482", "pid":"1", "tid":"cice"},
{"name":"ModelAdvance", "ph":"E", "ts":"1417940774", "pid":"1", "tid":"cice"},
{"name":"ModelAdvance", "ph":"B", "ts":"1418070162", "pid":"1", "tid":"cice"},
{"name":"ModelAdvance", "ph":"E", "ts":"1418548225", "pid":"1", "tid":"cice"},
{"name":"ModelAdvance", "ph":"B", "ts":"1418664710", "pid":"1", "tid":"cice"},
{"name":"ModelAdvance", "ph":"E", "ts":"1419148341", "pid":"1", "tid":"cice"},
{"name":"ModelAdvance", "ph":"B", "ts":"1419263351", "pid":"1", "tid":"cice"},
{"name":"ModelAdvance", "ph":"E", "ts":"1419744457", "pid":"1", "tid":"cice"},
{"name":"ModelAdvance", "ph":"B", "ts":"1419857507", "pid":"1", "tid":"cice"},
{"name":"ModelAdvance", "ph":"E", "ts":"1420334344", "pid":"1", "tid":"cice"},
{"name":"ModelAdvance", "ph":"B", "ts":"1420460068", "pid":"1", "tid":"cice"},
{"name":"ModelAdvance", "ph":"E", "ts":"1420932297", "pid":"1", "tid":"cice"},
{"name":"ModelAdvance", "ph":"B", "ts":"1421056569", "pid":"1", "tid":"cice"},
{"name":"ModelAdvance", "ph":"E", "ts":"1421538452", "pid":"1", "tid":"cice"},
{"name":"ModelAdvance", "ph":"B", "ts":"1421656080", "pid":"1", "tid":"cice"},
{"name":"ModelAdvance", "ph":"E", "ts":"1422136762", "pid":"1", "tid":"cice"},
{"name":"ModelFinalize", "ph":"B", "ts":"1422140982", "pid":"1", "tid":"cice"},
{"name":"ModelFinalize", "ph":"E", "ts":"1422141075", "pid":"1", "tid":"cice"},
