{"name":"SetServices", "ph":"B", "ts":"2743110794", "pid":"1", "tid":"cice"},
{"name":"SetServices", "ph":"E", "ts":"2743211166", "pid":"1", "tid":"cice"},
{"name":"InitializeP0", "ph":"B", "ts":"2743928195", "pid":"1", "tid":"cice"},
{"name":"InitializeP0", "ph":"E", "ts":"2743928313", "pid":"1", "tid":"cice"},
{"name":"InitializeAdvertise", "ph":"B", "ts":"2766755659", "pid":"1", "tid":"cice"},
{"name":"InitializeAdvertise", "ph":"E", "ts":"2774888733", "pid":"1", "tid":"cice"},
{"name":"InitializeRealize", "ph":"B", "ts":"2978778346", "pid":"1", "tid":"cice"},
{"name":"InitializeRealize", "ph":"E", "ts":"2991407843", "pid":"1", "tid":"cice"},
{"name":"ModelAdvance", "ph":"B", "ts":"3041730807", "pid":"1", "tid":"cice"},
{"name":"ModelAdvance", "ph":"E", "ts":"3042303903", "pid":"1", "tid":"cice"},
{"name":"ModelAdvance", "ph":"B", "ts":"3045984794", "pid":"1", "tid":"cice"},
{"name":"ModelAdvance", "ph":"E", "ts":"3046469664", "pid":"1", "tid":"cice"},
{"name":"ModelAdvance", "ph":"B", "ts":"3046674542", "pid":"1", "tid":"cice"},
{"name":"ModelAdvance", "ph":"E", "ts":"3047142509", "pid":"1", "tid":"cice"},
{"name":"ModelAdvance", "ph":"B", "ts":"3047312462", "pid":"1", "tid":"cice"},
{"name":"ModelAdvance", "ph":"E", "ts":"3047784883", "pid":"1", "tid":"cice"},
{"name":"ModelAdvance", "ph":"B", "ts":"3047954514", "pid":"1", "tid":"cice"},
{"name":"ModelAdvance", "ph":"E", "ts":"3048417146", "pid":"1", "tid":"cice"},
{"name":"ModelAdvance", "ph":"B", "ts":"3048596584", "pid":"1", "tid":"cice"},
{"name":"ModelAdvance", "ph":"E", "ts":"3049071883", "pid":"1", "tid":"cice"},
{"name":"ModelAdvance", "ph":"B", "ts":"3049236190", "pid":"1", "tid":"cice"},
{"name":"ModelAdvance", "ph":"E", "ts":"3049704483", "pid":"1", "tid":"cice"},
{"name":"ModelAdvance", "ph":"B", "ts":"3049889525", "pid":"1", "tid":"cice"},
{"name":"ModelAdvance", "ph":"E", "ts":"3050351352", "pid":"1", "tid":"cice"},
{"name":"ModelAdvance", "ph":"B", "ts":"3050529560", "pid":"1", "tid":"cice"},
{"name":"ModelAdvance", "ph":"E", "ts":"3051010635", "pid":"1", "tid":"cice"},
{"name":"ModelAdvance", "ph":"B", "ts":"3051192413", "pid":"1", "tid":"cice"},
{"name":"ModelAdvance", "ph":"E", "ts":"3051663279", "pid":"1", "tid":"cice"},
{"name":"ModelAdvance", "ph":"B", "ts":"3051836903", "pid":"1", "tid":"cice"},
{"name":"ModelAdvance", "ph":"E", "ts":"3052304803", "pid":"1", "tid":"cice"},
{"name":"ModelAdvance", "ph":"B", "ts":"3052471781", "pid":"1", "tid":"cice"},
{"name":"ModelAdvance", "ph":"E", "ts":"3052927715", "pid":"1", "tid":"cice"},
{"name":"ModelAdvance", "ph":"B", "ts":"3055459821", "pid":"1", "tid":"cice"},
{"name":"ModelAdvance", "ph":"E", "ts":"3055940149", "pid":"1", "tid":"cice"},
{"name":"ModelAdvance", "ph":"B", "ts":"3056094400", "pid":"1", "tid":"cice"},
{"name":"ModelAdvance", "ph":"E", "ts":"3056568434", "pid":"1", "tid":"cice"},
{"name":"ModelAdvance", "ph":"B", "ts":"3056723809", "pid":"1", "tid":"cice"},
{"name":"ModelAdvance", "ph":"E", "ts":"3057194730", "pid":"1", "tid":"cice"},
{"name":"ModelAdvance", "ph":"B", "ts":"3057362934", "pid":"1", "tid":"cice"},
{"name":"ModelAdvance", "ph":"E", "ts":"3057832349", "pid":"1", "tid":"cice"},
{"name":"ModelAdvance", "ph":"B", "ts":"3058010713", "pid":"1", "tid":"cice"},
{"name":"ModelAdvance", "ph":"E", "ts":"3058468209", "pid":"1", "tid":"cice"},
{"name":"ModelAdvance", "ph":"B", "ts":"3058665484", "pid":"1", "tid":"cice"},
{"name":"ModelAdvance", "ph":"E", "ts":"3059145611", "pid":"1", "tid":"cice"},
{"name":"ModelAdvance", "ph":"B", "ts":"3059303388", "pid":"1", "tid":"cice"},
{"name":"ModelAdvance", "ph":"E", "ts":"3059772008", "pid":"1", "tid":"cice"},
{"name":"ModelAdvance", "ph":"B", "ts":"3059941478", "pid":"1", "tid":"cice"},
{"name":"ModelAdvance", "ph":"E", "ts":"3060408502", "pid":"1", "tid":"cice"},
{"name":"ModelAdvance", "ph":"B", "ts":"3060576620", "pid":"1", "tid":"cice"},
{"name":"ModelAdvance", "ph":"E", "ts":"3061051683", "pid":"1", "tid":"cice"},
{"name":"ModelAdvance", "ph":"B", "ts":"3061207903", "pid":"1", "tid":"cice"},
{"name":"ModelAdvance", "ph":"E", "ts":"3061673666", "pid":"1", "tid":"cice"},
{"name":"ModelAdvance", "ph":"B", "ts":"3061831699", "pid":"1", "tid":"cice"},
{"name":"ModelAdvance", "ph":"E", "ts":"3062310478", "pid":"1", "tid":"cice"},
{"name":"ModelAdvance", "ph":"B", "ts":"3062455777", "pid":"1", "tid":"cice"},
{"name":"ModelAdvance", "ph":"E", "ts":"3062922390", "pid":"1", "tid":"cice"},
{"name":"ModelAdvance", "ph":"B", "ts":"3068827847", "pid":"1", "tid":"cice"},
{"name":"ModelAdvance", "ph":"E", "ts":"3069304890", "pid":"1", "tid":"cice"},
{"name":"ModelAdvance", "ph":"B", "ts":"3070123572", "pid":"1", "tid":"cice"},
{"name":"ModelAdvance", "ph":"E", "ts":"3070592215", "pid":"1", "tid":"cice"},
{"name":"ModelAdvance", "ph":"B", "ts":"3070749883", "pid":"1", "tid":"cice"},
{"name":"ModelAdvance", "ph":"E", "ts":"3071220324", "pid":"1", "tid":"cice"},
{"name":"ModelAdvance", "ph":"B", "ts":"3071384475", "pid":"1", "tid":"cice"},
{"name":"ModelAdvance", "ph":"E", "ts":"3071843635", "pid":"1", "tid":"cice"},
{"name":"ModelAdvance", "ph":"B", "ts":"3072020318", "pid":"1", "tid":"cice"},
{"name":"ModelAdvance", "ph":"E", "ts":"3072486379", "pid":"1", "tid":"cice"},
{"name":"ModelAdvance", "ph":"B", "ts":"3072662173", "pid":"1", "tid":"cice"},
{"name":"ModelAdvance", "ph":"E", "ts":"3073135488", "pid":"1", "tid":"cice"},
{"name":"ModelAdvance", "ph":"B", "ts":"3073302806", "pid":"1", "tid":"cice"},
{"name":"ModelAdvance", "ph":"E", "ts":"3073765965", "pid":"1", "tid":"cice"},
{"name":"ModelAdvance", "ph":"B", "ts":"3073938677", "pid":"1", "tid":"cice"},
{"name":"ModelAdvance", "ph":"E", "ts":"3074408379", "pid":"1", "tid":"cice"},
{"name":"ModelAdvance", "ph":"B", "ts":"3074575532", "pid":"1", "tid":"cice"},
{"name":"ModelAdvance", "ph":"E", "ts":"3075049113", "pid":"1", "tid":"cice"},
{"name":"ModelAdvance", "ph":"B", "ts":"3075218210", "pid":"1", "tid":"cice"},
{"name":"ModelAdvance", "ph":"E", "ts":"3075683323", "pid":"1", "tid":"cice"},
{"name":"ModelAdvance", "ph":"B", "ts":"3075858342", "pid":"1", "tid":"cice"},
{"name":"ModelAdvance", "ph":"E", "ts":"3076327266", "pid":"1", "tid":"cice"},
{"name":"ModelAdvance", "ph":"B", "ts":"3076501874", "pid":"1", "tid":"cice"},
{"name":"ModelAdvance", "ph":"E", "ts":"3076967616", "pid":"1", "tid":"cice"},
{"name":"ModelAdvance", "ph":"B", "ts":"3085080386", "pid":"1", "tid":"cice"},
{"name":"ModelAdvance", "ph":"E", "ts":"3085553194", "pid":"1", "tid":"cice"},
{"name":"ModelAdvance", "ph":"B", "ts":"3085715693", "pid":"1", "tid":"cice"},
{"name":"ModelAdvance", "ph":"E", "ts":"3086182368", "pid":"1", "tid":"cice"},
{"name":"ModelAdvance", "ph":"B", "ts":"3086358757", "pid":"1", "tid":"cice"},
{"name":"ModelAdvance", "ph":"E", "ts":"3086829694", "pid":"1", "tid":"cice"},
{"name":"ModelAdvance", "ph":"B", "ts":"3086990325", "pid":"1", "tid":"cice"},
{"name":"ModelAdvance", "ph":"E", "ts":"3087458544", "pid":"1", "tid":"cice"},
{"name":"ModelAdvance", "ph":"B", "ts":"3087639782", "pid":"1", "tid":"cice"},
{"name":"ModelAdvance", "ph":"E", "ts":"3088114320", "pid":"1", "tid":"cice"},
{"name":"ModelAdvance", "ph":"B", "ts":"3088283100", "pid":"1", "tid":"cice"},
{"name":"ModelAdvance", "ph":"E", "ts":"3088748258", "pid":"1", "tid":"cice"},
{"name":"ModelAdvance", "ph":"B", "ts":"3088934615", "pid":"1", "tid":"cice"},
{"name":"ModelAdvance", "ph":"E", "ts":"3089395431", "pid":"1", "tid":"cice"},
{"name":"ModelAdvance", "ph":"B", "ts":"3089562862", "pid":"1", "tid":"cice"},
{"name":"ModelAdvance", "ph":"E", "ts":"3090034536", "pid":"1", "tid":"cice"},
{"name":"ModelAdvance", "ph":"B", "ts":"3090208220", "pid":"1", "tid":"cice"},
{"name":"ModelAdvance", "ph":"E", "ts":"3090674823", "pid":"1", "tid":"cice"},
{"name":"ModelAdvance", "ph":"B", "ts":"3090892266", "pid":"1", "tid":"cice"},
{"name":"ModelAdvance", "ph":"E", "ts":"3091354640", "pid":"1", "tid":"cice"},
{"name":"ModelAdvance", "ph":"B", "ts":"3091525742", "pid":"1", "tid":"cice"},
{"name":"ModelAdvance", "ph":"E", "ts":"3091995303", "pid":"1", "tid":"cice"},
{"name":"ModelAdvance", "ph":"B", "ts":"3092148166", "pid":"1", "tid":"cice"},
{"name":"ModelAdvance", "ph":"E", "ts":"3092622174", "pid":"1", "tid":"cice"},
{"name":"ModelAdvance", "ph":"B", "ts":"3100306683", "pid":"1", "tid":"cice"},
{"name":"ModelAdvance", "ph":"E", "ts":"3100772006", "pid":"1", "tid":"cice"},
{"name":"ModelAdvance", "ph":"B", "ts":"3101635899", "pid":"1", "tid":"cice"},
{"name":"ModelAdvance", "ph":"E", "ts":"3102101424", "pid":"1", "tid":"cice"},
{"name":"ModelAdvance", "ph":"B", "ts":"3102281136", "pid":"1", "tid":"cice"},
{"name":"ModelAdvance", "ph":"E", "ts":"3102750572", "pid":"1", "tid":"cice"},
{"name":"ModelAdvance", "ph":"B", "ts":"3102915994", "pid":"1", "tid":"cice"},
{"name":"ModelAdvance", "ph":"E", "ts":"3103385050", "pid":"1", "tid":"cice"},
{"name":"ModelAdvance", "ph":"B", "ts":"3103563404", "pid":"1", "tid":"cice"},
{"name":"ModelAdvance", "ph":"E", "ts":"3104023217", "pid":"1", "tid":"cice"},
{"name":"ModelAdvance", "ph":"B", "ts":"3104266502", "pid":"1", "tid":"cice"},
{"name":"ModelAdvance", "ph":"E", "ts":"3104736775", "pid":"1", "tid":"cice"},
{"name":"ModelAdvance", "ph":"B", "ts":"3104912547", "pid":"1", "tid":"cice"},
{"name":"ModelAdvance", "ph":"E", "ts":"3105388900", "pid":"1", "tid":"cice"},
{"name":"ModelAdvance", "ph":"B", "ts":"3105591344", "pid":"1", "tid":"cice"},
{"name":"ModelAdvance", "ph":"E", "ts":"3106089651", "pid":"1", "tid":"cice"},
{"name":"ModelAdvance", "ph":"B", "ts":"3106233050", "pid":"1", "tid":"cice"},
{"name":"ModelAdvance", "ph":"E", "ts":"3106703688", "pid":"1", "tid":"cice"},
{"name":"ModelAdvance", "ph":"B", "ts":"3106883841", "pid":"1", "tid":"cice"},
{"name":"ModelAdvance", "ph":"E", "ts":"3107352673", "pid":"1", "tid":"cice"},
{"name":"ModelAdvance", "ph":"B", "ts":"3107517171", "pid":"1", "tid":"cice"},
{"name":"ModelAdvance", "ph":"E", "ts":"3107994217", "pid":"1", "tid":"cice"},
{"name":"ModelAdvance", "ph":"B", "ts":"3108148742", "pid":"1", "tid":"cice"},
{"name":"ModelAdvance", "ph":"E", "ts":"3108618406", "pid":"1", "tid":"cice"},
{"name":"ModelAdvance", "ph":"B", "ts":"3112918183", "pid":"1", "tid":"cice"},
{"name":"ModelAdvance", "ph":"E", "ts":"3113392006", "pid":"1", "tid":"cice"},
{"name":"ModelAdvance", "ph":"B", "ts":"3113562861", "pid":"1", "tid":"cice"},
{"name":"ModelAdvance", "ph":"E", "ts":"3114026111", "pid":"1", "tid":"cice"},
{"name":"ModelAdvance", "ph":"B", "ts":"3114206311", "pid":"1", "tid":"cice"},
{"name":"ModelAdvance", "ph":"E", "ts":"3114676309", "pid":"1", "tid":"cice"},
{"name":"ModelAdvance", "ph":"B", "ts":"3114843972", "pid":"1", "tid":"cice"},
{"name":"ModelAdvance", "ph":"E", "ts":"3115316402", "pid":"1", "tid":"cice"},
{"name":"ModelAdvance", "ph":"B", "ts":"3115491752", "pid":"1", "tid":"cice"},
{"name":"ModelAdvance", "ph":"E", "ts":"3115959470", "pid":"1", "tid":"cice"},
{"name":"ModelAdvance", "ph":"B", "ts":"3116137232", "pid":"1", "tid":"cice"},
{"name":"ModelAdvance", "ph":"E", "ts":"3116611282", "pid":"1", "tid":"cice"},
{"name":"ModelAdvance", "ph":"B", "ts":"3116780940", "pid":"1", "tid":"cice"},
{"name":"ModelAdvance", "ph":"E", "ts":"3117244361", "pid":"1", "tid":"cice"},
{"name":"ModelAdvance", "ph":"B", "ts":"3117424475", "pid":"1", "tid":"cice"},
{"name":"ModelAdvance", "ph":"E", "ts":"3117888117", "pid":"1", "tid":"cice"},
{"name":"ModelAdvance", "ph":"B", "ts":"3118069630", "pid":"1", "tid":"cice"},
{"name":"ModelAdvance", "ph":"E", "ts":"3118543085", "pid":"1", "tid":"cice"},
{"name":"ModelAdvance", "ph":"B", "ts":"3118711027", "pid":"1", "tid":"cice"},
{"name":"ModelAdvance", "ph":"E", "ts":"3119188616", "pid":"1", "tid":"cice"},
{"name":"ModelAdvance", "ph":"B", "ts":"3119369583", "pid":"1", "tid":"cice"},
{"name":"ModelAdvance", "ph":"E", "ts":"3119845564", "pid":"1", "tid":"cice"},
{"name":"ModelAdvance", "ph":"B", "ts":"3120023342", "pid":"1", "tid":"cice"},
{"name":"ModelAdvance", "ph":"E", "ts":"3120494366", "pid":"1", "tid":"cice"},
{"name":"ModelAdvance", "ph":"B", "ts":"3135804143", "pid":"1", "tid":"cice"},
{"name":"ModelAdvance", "ph":"E", "ts":"3136281910", "pid":"1", "tid":"cice"},
{"name":"ModelAdvance", "ph":"B", "ts":"3137186540", "pid":"1", "tid":"cice"},
{"name":"ModelAdvance", "ph":"E", "ts":"3137658835", "pid":"1", "tid":"cice"},
{"name":"ModelAdvance", "ph":"B", "ts":"3137831260", "pid":"1", "tid":"cice"},
{"name":"ModelAdvance", "ph":"E", "ts":"3138302907", "pid":"1", "tid":"cice"},
{"name":"ModelAdvance", "ph":"B", "ts":"3138473844", "pid":"1", "tid":"cice"},
{"name":"ModelAdvance", "ph":"E", "ts":"3138949998", "pid":"1", "tid":"cice"},
{"name":"ModelAdvance", "ph":"B", "ts":"3139103934", "pid":"1", "tid":"cice"},
{"name":"ModelAdvance", "ph":"E", "ts":"3139569474", "pid":"1", "tid":"cice"},
{"name":"ModelAdvance", "ph":"B", "ts":"3139742162", "pid":"1", "tid":"cice"},
{"name":"ModelAdvance", "ph":"E", "ts":"3140217183", "pid":"1", "tid":"cice"},
{"name":"ModelAdvance", "ph":"B", "ts":"3140393744", "pid":"1", "tid":"cice"},
{"name":"ModelAdvance", "ph":"E", "ts":"3140858410", "pid":"1", "tid":"cice"},
{"name":"ModelAdvance", "ph":"B", "ts":"3141041569", "pid":"1", "tid":"cice"},
{"name":"ModelAdvance", "ph":"E", "ts":"3141504256", "pid":"1", "tid":"cice"},
{"name":"ModelAdvance", "ph":"B", "ts":"3141691645", "pid":"1", "tid":"cice"},
{"name":"ModelAdvance", "ph":"E", "ts":"3142161635", "pid":"1", "tid":"cice"},
{"name":"ModelAdvance", "ph":"B", "ts":"3142381405", "pid":"1", "tid":"cice"},
{"name":"ModelAdvance", "ph":"E", "ts":"3142845087", "pid":"1", "tid":"cice"},
{"name":"ModelAdvance", "ph":"B", "ts":"3143029622", "pid":"1", "tid":"cice"},
{"name":"ModelAdvance", "ph":"E", "ts":"3143508725", "pid":"1", "tid":"cice"},
{"name":"ModelAdvance", "ph":"B", "ts":"3143694388", "pid":"1", "tid":"cice"},
{"name":"ModelAdvance", "ph":"E", "ts":"3144159401", "pid":"1", "tid":"cice"},
{"name":"ModelAdvance", "ph":"B", "ts":"3144624538", "pid":"1", "tid":"cice"},
{"name":"ModelAdvance", "ph":"E", "ts":"3145092986", "pid":"1", "tid":"cice"},
{"name":"ModelAdvance", "ph":"B", "ts":"3145284332", "pid":"1", "tid":"cice"},
{"name":"ModelAdvance", "ph":"E", "ts":"3145753602", "pid":"1", "tid":"cice"},
{"name":"ModelAdvance", "ph":"B", "ts":"3145930371", "pid":"1", "tid":"cice"},
{"name":"ModelAdvance", "ph":"E", "ts":"3146404841", "pid":"1", "tid":"cice"},
{"name":"ModelAdvance", "ph":"B", "ts":"3146566768", "pid":"1", "tid":"cice"},
{"name":"ModelAdvance", "ph":"E", "ts":"3147023048", "pid":"1", "tid":"cice"},
{"name":"ModelAdvance", "ph":"B", "ts":"3147216118", "pid":"1", "tid":"cice"},
{"name":"ModelAdvance", "ph":"E", "ts":"3147693761", "pid":"1", "tid":"cice"},
{"name":"ModelAdvance", "ph":"B", "ts":"3147867038", "pid":"1", "tid":"cice"},
{"name":"ModelAdvance", "ph":"E", "ts":"3148336658", "pid":"1", "tid":"cice"},
{"name":"ModelAdvance", "ph":"B", "ts":"3148512246", "pid":"1", "tid":"cice"},
{"name":"ModelAdvance", "ph":"E", "ts":"3148979671", "pid":"1", "tid":"cice"},
{"name":"ModelAdvance", "ph":"B", "ts":"3149162620", "pid":"1", "tid":"cice"},
{"name":"ModelAdvance", "ph":"E", "ts":"3149630462", "pid":"1", "tid":"cice"},
{"name":"ModelAdvance", "ph":"B", "ts":"3149809578", "pid":"1", "tid":"cice"},
{"name":"ModelAdvance", "ph":"E", "ts":"3150273852", "pid":"1", "tid":"cice"},
{"name":"ModelAdvance", "ph":"B", "ts":"3150457458", "pid":"1", "tid":"cice"},
{"name":"ModelAdvance", "ph":"E", "ts":"3150922905", "pid":"1", "tid":"cice"},
{"name":"ModelAdvance", "ph":"B", "ts":"3151111405", "pid":"1", "tid":"cice"},
{"name":"ModelAdvance", "ph":"E", "ts":"3151573678", "pid":"1", "tid":"cice"},
{"name":"ModelAdvance", "ph":"B", "ts":"3151759236", "pid":"1", "tid":"cice"},
{"name":"ModelAdvance", "ph":"E", "ts":"3152222393", "pid":"1", "tid":"cice"},
{"name":"ModelAdvance", "ph":"B", "ts":"3152875110", "pid":"1", "tid":"cice"},
{"name":"ModelAdvance", "ph":"E", "ts":"3153352947", "pid":"1", "tid":"cice"},
{"name":"ModelAdvance", "ph":"B", "ts":"3154180133", "pid":"1", "tid":"cice"},
{"name":"ModelAdvance", "ph":"E", "ts":"3154648291", "pid":"1", "tid":"cice"},
{"name":"ModelAdvance", "ph":"B", "ts":"3154821014", "pid":"1", "tid":"cice"},
{"name":"ModelAdvance", "ph":"E", "ts":"3155289861", "pid":"1", "tid":"cice"},
{"name":"ModelAdvance", "ph":"B", "ts":"3155469251", "pid":"1", "tid":"cice"},
{"name":"ModelAdvance", "ph":"E", "ts":"3155949000", "pid":"1", "tid":"cice"},
{"name":"ModelAdvance", "ph":"B", "ts":"3156121328", "pid":"1", "tid":"cice"},
{"name":"ModelAdvance", "ph":"E", "ts":"3156597299", "pid":"1", "tid":"cice"},
{"name":"ModelAdvance", "ph":"B", "ts":"3156770364", "pid":"1", "tid":"cice"},
{"name":"ModelAdvance", "ph":"E", "ts":"3157229937", "pid":"1", "tid":"cice"},
{"name":"ModelAdvance", "ph":"B", "ts":"3157422382", "pid":"1", "tid":"cice"},
{"name":"ModelAdvance", "ph":"E", "ts":"3157895645", "pid":"1", "tid":"cice"},
{"name":"ModelAdvance", "ph":"B", "ts":"3158077404", "pid":"1", "tid":"cice"},
{"name":"ModelAdvance", "ph":"E", "ts":"3158540150", "pid":"1", "tid":"cice"},
{"name":"ModelAdvance", "ph":"B", "ts":"3158737043", "pid":"1", "tid":"cice"},
{"name":"ModelAdvance", "ph":"E", "ts":"3159207520", "pid":"1", "tid":"cice"},
{"name":"ModelAdvance", "ph":"B", "ts":"3159402521", "pid":"1", "tid":"cice"},
{"name":"ModelAdvance", "ph":"E", "ts":"3159875249", "pid":"1", "tid":"cice"},
{"name":"ModelAdvance", "ph":"B", "ts":"3160055140", "pid":"1", "tid":"cice"},
{"name":"ModelAdvance", "ph":"E", "ts":"3160525641", "pid":"1", "tid":"cice"},
{"name":"ModelAdvance", "ph":"B", "ts":"3160710421", "pid":"1", "tid":"cice"},
{"name":"ModelAdvance", "ph":"E", "ts":"3161180061", "pid":"1", "tid":"cice"},
{"name":"ModelAdvance", "ph":"B", "ts":"3161395977", "pid":"1", "tid":"cice"},
{"name":"ModelAdvance", "ph":"E", "ts":"3161873303", "pid":"1", "tid":"cice"},
{"name":"ModelAdvance", "ph":"B", "ts":"3162055787", "pid":"1", "tid":"cice"},
{"name":"ModelAdvance", "ph":"E", "ts":"3162512902", "pid":"1", "tid":"cice"},
{"name":"ModelAdvance", "ph":"B", "ts":"3162708930", "pid":"1", "tid":"cice"},
{"name":"ModelAdvance", "ph":"E", "ts":"3163186112", "pid":"1", "tid":"cice"},
{"name":"ModelAdvance", "ph":"B", "ts":"3163352844", "pid":"1", "tid":"cice"},
{"name":"ModelAdvance", "ph":"E", "ts":"3163818134", "pid":"1", "tid":"cice"},
{"name":"ModelAdvance", "ph":"B", "ts":"3164001190", "pid":"1", "tid":"cice"},
{"name":"ModelAdvance", "ph":"E", "ts":"3164462734", "pid":"1", "tid":"cice"},
{"name":"ModelAdvance", "ph":"B", "ts":"3164649753", "pid":"1", "tid":"cice"},
{"name":"ModelAdvance", "ph":"E", "ts":"3165118549", "pid":"1", "tid":"cice"},
{"name":"ModelAdvance", "ph":"B", "ts":"3165300645", "pid":"1", "tid":"cice"},
{"name":"ModelAdvance", "ph":"E", "ts":"3165758976", "pid":"1", "tid":"cice"},
{"name":"ModelAdvance", "ph":"B", "ts":"3165954053", "pid":"1", "tid":"cice"},
{"name":"ModelAdvance", "ph":"E", "ts":"3166422311", "pid":"1", "tid":"cice"},
{"name":"ModelAdvance", "ph":"B", "ts":"3166603306", "pid":"1", "tid":"cice"},
{"name":"ModelAdvance", "ph":"E", "ts":"3167064231", "pid":"1", "tid":"cice"},
{"name":"ModelAdvance", "ph":"B", "ts":"3167291848", "pid":"1", "tid":"cice"},
{"name":"ModelAdvance", "ph":"E", "ts":"3167767686", "pid":"1", "tid":"cice"},
{"name":"ModelAdvance", "ph":"B", "ts":"3167946775", "pid":"1", "tid":"cice"},
{"name":"ModelAdvance", "ph":"E", "ts":"3168413084", "pid":"1", "tid":"cice"},
{"name":"ModelAdvance", "ph":"B", "ts":"3168602152", "pid":"1", "tid":"cice"},
{"name":"ModelAdvance", "ph":"E", "ts":"3169074668", "pid":"1", "tid":"cice"},
{"name":"ModelAdvance", "ph":"B", "ts":"3169287757", "pid":"1", "tid":"cice"},
{"name":"ModelAdvance", "ph":"E", "ts":"3169762556", "pid":"1", "tid":"cice"},
{"name":"ModelAdvance", "ph":"B", "ts":"3170581289", "pid":"1", "tid":"cice"},
{"name":"ModelAdvance", "ph":"E", "ts":"3171064388", "pid":"1", "tid":"cice"},
{"name":"ModelAdvance", "ph":"B", "ts":"3171235012", "pid":"1", "tid":"cice"},
{"name":"ModelAdvance", "ph":"E", "ts":"3171697775", "pid":"1", "tid":"cice"},
{"name":"ModelAdvance", "ph":"B", "ts":"3171885785", "pid":"1", "tid":"cice"},
{"name":"ModelAdvance", "ph":"E", "ts":"3172352886", "pid":"1", "tid":"cice"},
{"name":"ModelAdvance", "ph":"B", "ts":"3172554737", "pid":"1", "tid":"cice"},
{"name":"ModelAdvance", "ph":"E", "ts":"3173013025", "pid":"1", "tid":"cice"},
{"name":"ModelAdvance", "ph":"B", "ts":"3173211855", "pid":"1", "tid":"cice"},
{"name":"ModelAdvance", "ph":"E", "ts":"3173676330", "pid":"1", "tid":"cice"},
{"name":"ModelAdvance", "ph":"B", "ts":"3173923555", "pid":"1", "tid":"cice"},
{"name":"ModelAdvance", "ph":"E", "ts":"3174393303", "pid":"1", "tid":"cice"},
{"name":"ModelAdvance", "ph":"B", "ts":"3174577747", "pid":"1", "tid":"cice"},
{"name":"ModelAdvance", "ph":"E", "ts":"3175041159", "pid":"1", "tid":"cice"},
{"name":"ModelAdvance", "ph":"B", "ts":"3175234372", "pid":"1", "tid":"cice"},
{"name":"ModelAdvance", "ph":"E", "ts":"3175708519", "pid":"1", "tid":"cice"},
{"name":"ModelAdvance", "ph":"B", "ts":"3175901045", "pid":"1", "tid":"cice"},
{"name":"ModelAdvance", "ph":"E", "ts":"3176366444", "pid":"1", "tid":"cice"},
{"name":"ModelAdvance", "ph":"B", "ts":"3176564730", "pid":"1", "tid":"cice"},
{"name":"ModelAdvance", "ph":"E", "ts":"3177030600", "pid":"1", "tid":"cice"},
{"name":"ModelAdvance", "ph":"B", "ts":"3177209853", "pid":"1", "tid":"cice"},
{"name":"ModelAdvance", "ph":"E", "ts":"3177676765", "pid":"1", "tid":"cice"},
{"name":"ModelAdvance", "ph":"B", "ts":"3177936996", "pid":"1", "tid":"cice"},
{"name":"ModelAdvance", "ph":"E", "ts":"3178409521", "pid":"1", "tid":"cice"},
{"name":"ModelAdvance", "ph":"B", "ts":"3178594150", "pid":"1", "tid":"cice"},
{"name":"ModelAdvance", "ph":"E", "ts":"3179065632", "pid":"1", "tid":"cice"},
{"name":"ModelAdvance", "ph":"B", "ts":"3179242544", "pid":"1", "tid":"cice"},
{"name":"ModelAdvance", "ph":"E", "ts":"3179710429", "pid":"1", "tid":"cice"},
{"name":"ModelAdvance", "ph":"B", "ts":"3179891034", "pid":"1", "tid":"cice"},
{"name":"ModelAdvance", "ph":"E", "ts":"3180362922", "pid":"1", "tid":"cice"},
{"name":"ModelAdvance", "ph":"B", "ts":"3180543324", "pid":"1", "tid":"cice"},
{"name":"ModelAdvance", "ph":"E", "ts":"3181014187", "pid":"1", "tid":"cice"},
{"name":"ModelAdvance", "ph":"B", "ts":"3181193565", "pid":"1", "tid":"cice"},
{"name":"ModelAdvance", "ph":"E", "ts":"3181658507", "pid":"1", "tid":"cice"},
{"name":"ModelAdvance", "ph":"B", "ts":"3181850148", "pid":"1", "tid":"cice"},
{"name":"ModelAdvance", "ph":"E", "ts":"3182313309", "pid":"1", "tid":"cice"},
{"name":"ModelAdvance", "ph":"B", "ts":"3182509940", "pid":"1", "tid":"cice"},
{"name":"ModelAdvance", "ph":"E", "ts":"3182967014", "pid":"1", "tid":"cice"},
{"name":"ModelAdvance", "ph":"B", "ts":"3183165470", "pid":"1", "tid":"cice"},
{"name":"ModelAdvance", "ph":"E", "ts":"3183628345", "pid":"1", "tid":"cice"},
{"name":"ModelAdvance", "ph":"B", "ts":"3183831447", "pid":"1", "tid":"cice"},
{"name":"ModelAdvance", "ph":"E", "ts":"3184312481", "pid":"1", "tid":"cice"},
{"name":"ModelAdvance", "ph":"B", "ts":"3184493848", "pid":"1", "tid":"cice"},
{"name":"ModelAdvance", "ph":"E", "ts":"3184960997", "pid":"1", "tid":"cice"},
{"name":"ModelAdvance", "ph":"B", "ts":"3185166203", "pid":"1", "tid":"cice"},
{"name":"ModelAdvance", "ph":"E", "ts":"3185737642", "pid":"1", "tid":"cice"},
{"name":"ModelAdvance", "ph":"B", "ts":"3185824209", "pid":"1", "tid":"cice"},
{"name":"ModelAdvance", "ph":"E", "ts":"3186302745", "pid":"1", "tid":"cice"},
{"name":"ModelAdvance", "ph":"B", "ts":"3187125728", "pid":"1", "tid":"cice"},
{"name":"ModelAdvance", "ph":"E", "ts":"3187596040", "pid":"1", "tid":"cice"},
{"name":"ModelAdvance", "ph":"B", "ts":"3187771513", "pid":"1", "tid":"cice"},
{"name":"ModelAdvance", "ph":"E", "ts":"3188228204", "pid":"1", "tid":"cice"},
{"name":"ModelAdvance", "ph":"B", "ts":"3188410872", "pid":"1", "tid":"cice"},
{"name":"ModelAdvance", "ph":"E", "ts":"3188884058", "pid":"1", "tid":"cice"},
{"name":"ModelAdvance", "ph":"B", "ts":"3189049308", "pid":"1", "tid":"cice"},
{"name":"ModelAdvance", "ph":"E", "ts":"3189513260", "pid":"1", "tid":"cice"},
{"name":"ModelAdvance", "ph":"B", "ts":"3189688051", "pid":"1", "tid":"cice"},
{"name":"ModelAdvance", "ph":"E", "ts":"3190155204", "pid":"1", "tid":"cice"},
{"name":"ModelAdvance", "ph":"B", "ts":"3190324064", "pid":"1", "tid":"cice"},
{"name":"ModelAdvance", "ph":"E", "ts":"3190788920", "pid":"1", "tid":"cice"},
{"name":"ModelAdvance", "ph":"B", "ts":"3190973447", "pid":"1", "tid":"cice"},
{"name":"ModelAdvance", "ph":"E", "ts":"3191445714", "pid":"1", "tid":"cice"},
{"name":"ModelAdvance", "ph":"B", "ts":"3191683522", "pid":"1", "tid":"cice"},
{"name":"ModelAdvance", "ph":"E", "ts":"3192157328", "pid":"1", "tid":"cice"},
{"name":"ModelAdvance", "ph":"B", "ts":"3192337220", "pid":"1", "tid":"cice"},
{"name":"ModelAdvance", "ph":"E", "ts":"3192807568", "pid":"1", "tid":"cice"},
{"name":"ModelAdvance", "ph":"B", "ts":"3192985493", "pid":"1", "tid":"cice"},
{"name":"ModelAdvance", "ph":"E", "ts":"3193444447", "pid":"1", "tid":"cice"},
{"name":"ModelAdvance", "ph":"B", "ts":"3193642346", "pid":"1", "tid":"cice"},
{"name":"ModelAdvance", "ph":"E", "ts":"3194109208", "pid":"1", "tid":"cice"},
{"name":"ModelAdvance", "ph":"B", "ts":"3194314203", "pid":"1", "tid":"cice"},
{"name":"ModelAdvance", "ph":"E", "ts":"3194774453", "pid":"1", "tid":"cice"},
{"name":"ModelAdvance", "ph":"B", "ts":"3194964286", "pid":"1", "tid":"cice"},
{"name":"ModelAdvance", "ph":"E", "ts":"3195424453", "pid":"1", "tid":"cice"},
{"name":"ModelAdvance", "ph":"B", "ts":"3195619782", "pid":"1", "tid":"cice"},
{"name":"ModelAdvance", "ph":"E", "ts":"3196091436", "pid":"1", "tid":"cice"},
{"name":"ModelAdvance", "ph":"B", "ts":"3196258356", "pid":"1", "tid":"cice"},
{"name":"ModelAdvance", "ph":"E", "ts":"3196726712", "pid":"1", "tid":"cice"},
{"name":"ModelAdvance", "ph":"B", "ts":"3196901917", "pid":"1", "tid":"cice"},
{"name":"ModelAdvance", "ph":"E", "ts":"3197366933", "pid":"1", "tid":"cice"},
{"name":"ModelAdvance", "ph":"B", "ts":"3197537099", "pid":"1", "tid":"cice"},
{"name":"ModelAdvance", "ph":"E", "ts":"3198004132", "pid":"1", "tid":"cice"},
{"name":"ModelAdvance", "ph":"B", "ts":"3198191027", "pid":"1", "tid":"cice"},
{"name":"ModelAdvance", "ph":"E", "ts":"3198661549", "pid":"1", "tid":"cice"},
{"name":"ModelAdvance", "ph":"B", "ts":"3198830270", "pid":"1", "tid":"cice"},
{"name":"ModelAdvance", "ph":"E", "ts":"3199304138", "pid":"1", "tid":"cice"},
{"name":"ModelAdvance", "ph":"B", "ts":"3199484751", "pid":"1", "tid":"cice"},
{"name":"ModelAdvance", "ph":"E", "ts":"3200063415", "pid":"1", "tid":"cice"},
{"name":"ModelAdvance", "ph":"B", "ts":"3200206945", "pid":"1", "tid":"cice"},
{"name":"ModelAdvance", "ph":"E", "ts":"3200671741", "pid":"1", "tid":"cice"},
{"name":"ModelAdvance", "ph":"B", "ts":"3200859859", "pid":"1", "tid":"cice"},
{"name":"ModelAdvance", "ph":"E", "ts":"3201323874", "pid":"1", "tid":"cice"},
{"name":"ModelAdvance", "ph":"B", "ts":"3201498220", "pid":"1", "tid":"cice"},
{"name":"ModelAdvance", "ph":"E", "ts":"3201967156", "pid":"1", "tid":"cice"},
{"name":"ModelAdvance", "ph":"B", "ts":"3202160895", "pid":"1", "tid":"cice"},
{"name":"ModelAdvance", "ph":"E", "ts":"3202630569", "pid":"1", "tid":"cice"},
{"name":"ModelAdvance", "ph":"B", "ts":"3203439162", "pid":"1", "tid":"cice"},
{"name":"ModelAdvance", "ph":"E", "ts":"3203907184", "pid":"1", "tid":"cice"},
{"name":"ModelAdvance", "ph":"B", "ts":"3204071630", "pid":"1", "tid":"cice"},
{"name":"ModelAdvance", "ph":"E", "ts":"3204533643", "pid":"1", "tid":"cice"},
{"name":"ModelAdvance", "ph":"B", "ts":"3204703977", "pid":"1", "tid":"cice"},
{"name":"ModelAdvance", "ph":"E", "ts":"3205182765", "pid":"1", "tid":"cice"},
{"name":"ModelAdvance", "ph":"B", "ts":"3205360905", "pid":"1", "tid":"cice"},
{"name":"ModelAdvance", "ph":"E", "ts":"3205835542", "pid":"1", "tid":"cice"},
{"name":"ModelAdvance", "ph":"B", "ts":"3206020983", "pid":"1", "tid":"cice"},
{"name":"ModelAdvance", "ph":"E", "ts":"3206492620", "pid":"1", "tid":"cice"},
{"name":"ModelAdvance", "ph":"B", "ts":"3206684418", "pid":"1", "tid":"cice"},
{"name":"ModelAdvance", "ph":"E", "ts":"3207146646", "pid":"1", "tid":"cice"},
{"name":"ModelAdvance", "ph":"B", "ts":"3207399815", "pid":"1", "tid":"cice"},
{"name":"ModelAdvance", "ph":"E", "ts":"3207870915", "pid":"1", "tid":"cice"},
{"name":"ModelAdvance", "ph":"B", "ts":"3208061074", "pid":"1", "tid":"cice"},
{"name":"ModelAdvance", "ph":"E", "ts":"3208531276", "pid":"1", "tid":"cice"},
{"name":"ModelAdvance", "ph":"B", "ts":"3208730311", "pid":"1", "tid":"cice"},
{"name":"ModelAdvance", "ph":"E", "ts":"3209203564", "pid":"1", "tid":"cice"},
{"name":"ModelAdvance", "ph":"B", "ts":"3209441810", "pid":"1", "tid":"cice"},
{"name":"ModelAdvance", "ph":"E", "ts":"3209915782", "pid":"1", "tid":"cice"},
{"name":"ModelAdvance", "ph":"B", "ts":"3210105152", "pid":"1", "tid":"cice"},
{"name":"ModelAdvance", "ph":"E", "ts":"3210581350", "pid":"1", "tid":"cice"},
{"name":"ModelAdvance", "ph":"B", "ts":"3210798830", "pid":"1", "tid":"cice"},
{"name":"ModelAdvance", "ph":"E", "ts":"3211267903", "pid":"1", "tid":"cice"},
{"name":"ModelAdvance", "ph":"B", "ts":"3211514240", "pid":"1", "tid":"cice"},
{"name":"ModelAdvance", "ph":"E", "ts":"3211986891", "pid":"1", "tid":"cice"},
{"name":"ModelAdvance", "ph":"B", "ts":"3212175126", "pid":"1", "tid":"cice"},
{"name":"ModelAdvance", "ph":"E", "ts":"3212641515", "pid":"1", "tid":"cice"},
{"name":"ModelAdvance", "ph":"B", "ts":"3212834150", "pid":"1", "tid":"cice"},
{"name":"ModelAdvance", "ph":"E", "ts":"3213302758", "pid":"1", "tid":"cice"},
{"name":"ModelAdvance", "ph":"B", "ts":"3213498916", "pid":"1", "tid":"cice"},
{"name":"ModelAdvance", "ph":"E", "ts":"3213966243", "pid":"1", "tid":"cice"},
{"name":"ModelAdvance", "ph":"B", "ts":"3214165237", "pid":"1", "tid":"cice"},
{"name":"ModelAdvance", "ph":"E", "ts":"3214630479", "pid":"1", "tid":"cice"},
{"name":"ModelAdvance", "ph":"B", "ts":"3214886793", "pid":"1", "tid":"cice"},
{"name":"ModelAdvance", "ph":"E", "ts":"3215354697", "pid":"1", "tid":"cice"},
{"name":"ModelAdvance", "ph":"B", "ts":"3215551270", "pid":"1", "tid":"cice"},
{"name":"ModelAdvance", "ph":"E", "ts":"3216012482", "pid":"1", "tid":"cice"},
{"name":"ModelAdvance", "ph":"B", "ts":"3216277054", "pid":"1", "tid":"cice"},
{"name":"ModelAdvance", "ph":"E", "ts":"3216751097", "pid":"1", "tid":"cice"},
{"name":"ModelAdvance", "ph":"B", "ts":"3216947052", "pid":"1", "tid":"cice"},
{"name":"ModelAdvance", "ph":"E", "ts":"3217420815", "pid":"1", "tid":"cice"},
{"name":"ModelAdvance", "ph":"B", "ts":"3217628259", "pid":"1", "tid":"cice"},
{"name":"ModelAdvance", "ph":"E", "ts":"3218091417", "pid":"1", "tid":"cice"},
{"name":"ModelAdvance", "ph":"B", "ts":"3218346233", "pid":"1", "tid":"cice"},
{"name":"ModelAdvance", "ph":"E", "ts":"3218811737", "pid":"1", "tid":"cice"},
{"name":"ModelAdvance", "ph":"B", "ts":"3219074192", "pid":"1", "tid":"cice"},
{"name":"ModelAdvance", "ph":"E", "ts":"3219547418", "pid":"1", "tid":"cice"},
{"name":"ModelAdvance", "ph":"B", "ts":"3220319957", "pid":"1", "tid":"cice"},
{"name":"ModelAdvance", "ph":"E", "ts":"3220796782", "pid":"1", "tid":"cice"},
{"name":"ModelAdvance", "ph":"B", "ts":"3220976062", "pid":"1", "tid":"cice"},
{"name":"ModelAdvance", "ph":"E", "ts":"3221449441", "pid":"1", "tid":"cice"},
{"name":"ModelAdvance", "ph":"B", "ts":"3221639011", "pid":"1", "tid":"cice"},
{"name":"ModelAdvance", "ph":"E", "ts":"3222101456", "pid":"1", "tid":"cice"},
{"name":"ModelAdvance", "ph":"B", "ts":"3222293157", "pid":"1", "tid":"cice"},
{"name":"ModelAdvance", "ph":"E", "ts":"3222770461", "pid":"1", "tid":"cice"},
{"name":"ModelAdvance", "ph":"B", "ts":"3223020349", "pid":"1", "tid":"cice"},
{"name":"ModelAdvance", "ph":"E", "ts":"3223495246", "pid":"1", "tid":"cice"},
{"name":"ModelAdvance", "ph":"B", "ts":"3223699043", "pid":"1", "tid":"cice"},
{"name":"ModelAdvance", "ph":"E", "ts":"3224161662", "pid":"1", "tid":"cice"},
{"name":"ModelAdvance", "ph":"B", "ts":"3224406000", "pid":"1", "tid":"cice"},
{"name":"ModelAdvance", "ph":"E", "ts":"3224878269", "pid":"1", "tid":"cice"},
{"name":"ModelAdvance", "ph":"B", "ts":"3225101797", "pid":"1", "tid":"cice"},
{"name":"ModelAdvance", "ph":"E", "ts":"3225573924", "pid":"1", "tid":"cice"},
{"name":"ModelAdvance", "ph":"B", "ts":"3225798052", "pid":"1", "tid":"cice"},
{"name":"ModelAdvance", "ph":"E", "ts":"3226264173", "pid":"1", "tid":"cice"},
{"name":"ModelAdvance", "ph":"B", "ts":"3226528549", "pid":"1", "tid":"cice"},
{"name":"ModelAdvance", "ph":"E", "ts":"3227001694", "pid":"1", "tid":"cice"},
{"name":"ModelAdvance", "ph":"B", "ts":"3227256580", "pid":"1", "tid":"cice"},
{"name":"ModelAdvance", "ph":"E", "ts":"3227734235", "pid":"1", "tid":"cice"},
{"name":"ModelAdvance", "ph":"B", "ts":"3227951799", "pid":"1", "tid":"cice"},
{"name":"ModelAdvance", "ph":"E", "ts":"3228427099", "pid":"1", "tid":"cice"},
{"name":"ModelAdvance", "ph":"B", "ts":"3228679524", "pid":"1", "tid":"cice"},
{"name":"ModelAdvance", "ph":"E", "ts":"3229144182", "pid":"1", "tid":"cice"},
{"name":"ModelAdvance", "ph":"B", "ts":"3229349696", "pid":"1", "tid":"cice"},
{"name":"ModelAdvance", "ph":"E", "ts":"3229817409", "pid":"1", "tid":"cice"},
{"name":"ModelAdvance", "ph":"B", "ts":"3230011023", "pid":"1", "tid":"cice"},
{"name":"ModelAdvance", "ph":"E", "ts":"3230489322", "pid":"1", "tid":"cice"},
{"name":"ModelAdvance", "ph":"B", "ts":"3230678957", "pid":"1", "tid":"cice"},
{"name":"ModelAdvance", "ph":"E", "ts":"3231145364", "pid":"1", "tid":"cice"},
{"name":"ModelAdvance", "ph":"B", "ts":"3231351409", "pid":"1", "tid":"cice"},
{"name":"ModelAdvance", "ph":"E", "ts":"3231820538", "pid":"1", "tid":"cice"},
{"name":"ModelAdvance", "ph":"B", "ts":"3232073391", "pid":"1", "tid":"cice"},
{"name":"ModelAdvance", "ph":"E", "ts":"3232548067", "pid":"1", "tid":"cice"},
{"name":"ModelAdvance", "ph":"B", "ts":"3232776579", "pid":"1", "tid":"cice"},
{"name":"ModelAdvance", "ph":"E", "ts":"3233241979", "pid":"1", "tid":"cice"},
{"name":"ModelAdvance", "ph":"B", "ts":"3233524080", "pid":"1", "tid":"cice"},
{"name":"ModelAdvance", "ph":"E", "ts":"3233999625", "pid":"1", "tid":"cice"},
{"name":"ModelAdvance", "ph":"B", "ts":"3234225456", "pid":"1", "tid":"cice"},
{"name":"ModelAdvance", "ph":"E", "ts":"3234700238", "pid":"1", "tid":"cice"},
{"name":"ModelAdvance", "ph":"B", "ts":"3234951623", "pid":"1", "tid":"cice"},
{"name":"ModelAdvance", "ph":"E", "ts":"3235426815", "pid":"1", "tid":"cice"},
{"name":"ModelAdvance", "ph":"B", "ts":"3235669233", "pid":"1", "tid":"cice"},
{"name":"ModelAdvance", "ph":"E", "ts":"3236142243", "pid":"1", "tid":"cice"},
{"name":"ModelAdvance", "ph":"B", "ts":"3236409857", "pid":"1", "tid":"cice"},
{"name":"ModelAdvance", "ph":"E", "ts":"3236881343", "pid":"1", "tid":"cice"},
{"name":"ModelAdvance", "ph":"B", "ts":"3237672565", "pid":"1", "tid":"cice"},
{"name":"ModelAdvance", "ph":"E", "ts":"3238147390", "pid":"1", "tid":"cice"},
{"name":"ModelAdvance", "ph":"B", "ts":"3238329934", "pid":"1", "tid":"cice"},
{"name":"ModelAdvance", "ph":"E", "ts":"3238805116", "pid":"1", "tid":"cice"},
{"name":"ModelAdvance", "ph":"B", "ts":"3239011620", "pid":"1", "tid":"cice"},
{"name":"ModelAdvance", "ph":"E", "ts":"3239488992", "pid":"1", "tid":"cice"},
{"name":"ModelAdvance", "ph":"B", "ts":"3239679851", "pid":"1", "tid":"cice"},
{"name":"ModelAdvance", "ph":"E", "ts":"3240142372", "pid":"1", "tid":"cice"},
{"name":"ModelAdvance", "ph":"B", "ts":"3240349879", "pid":"1", "tid":"cice"},
{"name":"ModelAdvance", "ph":"E", "ts":"3240825644", "pid":"1", "tid":"cice"},
{"name":"ModelAdvance", "ph":"B", "ts":"3241040817", "pid":"1", "tid":"cice"},
{"name":"ModelAdvance", "ph":"E", "ts":"3241513684", "pid":"1", "tid":"cice"},
{"name":"ModelAdvance", "ph":"B", "ts":"3241714034", "pid":"1", "tid":"cice"},
{"name":"ModelAdvance", "ph":"E", "ts":"3242188455", "pid":"1", "tid":"cice"},
{"name":"ModelAdvance", "ph":"B", "ts":"3242375619", "pid":"1", "tid":"cice"},
{"name":"ModelAdvance", "ph":"E", "ts":"3242849470", "pid":"1", "tid":"cice"},
{"name":"ModelAdvance", "ph":"B", "ts":"3243034375", "pid":"1", "tid":"cice"},
{"name":"ModelAdvance", "ph":"E", "ts":"3243514009", "pid":"1", "tid":"cice"},
{"name":"ModelAdvance", "ph":"B", "ts":"3243702457", "pid":"1", "tid":"cice"},
{"name":"ModelAdvance", "ph":"E", "ts":"3244165152", "pid":"1", "tid":"cice"},
{"name":"ModelAdvance", "ph":"B", "ts":"3244367532", "pid":"1", "tid":"cice"},
{"name":"ModelAdvance", "ph":"E", "ts":"3244840876", "pid":"1", "tid":"cice"},
{"name":"ModelAdvance", "ph":"B", "ts":"3245058874", "pid":"1", "tid":"cice"},
{"name":"ModelAdvance", "ph":"E", "ts":"3245532316", "pid":"1", "tid":"cice"},
{"name":"ModelAdvance", "ph":"B", "ts":"3245716804", "pid":"1", "tid":"cice"},
{"name":"ModelAdvance", "ph":"E", "ts":"3246188913", "pid":"1", "tid":"cice"},
{"name":"ModelAdvance", "ph":"B", "ts":"3246519359", "pid":"1", "tid":"cice"},
{"name":"ModelAdvance", "ph":"E", "ts":"3246985367", "pid":"1", "tid":"cice"},
{"name":"ModelAdvance", "ph":"B", "ts":"3247178860", "pid":"1", "tid":"cice"},
{"name":"ModelAdvance", "ph":"E", "ts":"3247641520", "pid":"1", "tid":"cice"},
{"name":"ModelAdvance", "ph":"B", "ts":"3247843886", "pid":"1", "tid":"cice"},
{"name":"ModelAdvance", "ph":"E", "ts":"3248318450", "pid":"1", "tid":"cice"},
{"name":"ModelAdvance", "ph":"B", "ts":"3248559840", "pid":"1", "tid":"cice"},
{"name":"ModelAdvance", "ph":"E", "ts":"3249025455", "pid":"1", "tid":"cice"},
{"name":"ModelAdvance", "ph":"B", "ts":"3249249824", "pid":"1", "tid":"cice"},
{"name":"ModelAdvance", "ph":"E", "ts":"3249710901", "pid":"1", "tid":"cice"},
{"name":"ModelAdvance", "ph":"B", "ts":"3249972399", "pid":"1", "tid":"cice"},
{"name":"ModelAdvance", "ph":"E", "ts":"3250444477", "pid":"1", "tid":"cice"},
{"name":"ModelAdvance", "ph":"B", "ts":"3250639110", "pid":"1", "tid":"cice"},
{"name":"ModelAdvance", "ph":"E", "ts":"3251103467", "pid":"1", "tid":"cice"},
{"name":"ModelAdvance", "ph":"B", "ts":"3251351163", "pid":"1", "tid":"cice"},
{"name":"ModelAdvance", "ph":"E", "ts":"3251834792", "pid":"1", "tid":"cice"},
{"name":"ModelAdvance", "ph":"B", "ts":"3252043876", "pid":"1", "tid":"cice"},
{"name":"ModelAdvance", "ph":"E", "ts":"3252516522", "pid":"1", "tid":"cice"},
{"name":"ModelAdvance", "ph":"B", "ts":"3252698588", "pid":"1", "tid":"cice"},
{"name":"ModelAdvance", "ph":"E", "ts":"3253157549", "pid":"1", "tid":"cice"},
{"name":"ModelAdvance", "ph":"B", "ts":"3253439863", "pid":"1", "tid":"cice"},
{"name":"ModelAdvance", "ph":"E", "ts":"3253899320", "pid":"1", "tid":"cice"},
{"name":"ModelAdvance", "ph":"B", "ts":"3254805290", "pid":"1", "tid":"cice"},
{"name":"ModelAdvance", "ph":"E", "ts":"3255283867", "pid":"1", "tid":"cice"},
{"name":"ModelAdvance", "ph":"B", "ts":"3255515515", "pid":"1", "tid":"cice"},
{"name":"ModelAdvance", "ph":"E", "ts":"3255994839", "pid":"1", "tid":"cice"},
{"name":"ModelAdvance", "ph":"B", "ts":"3256185994", "pid":"1", "tid":"cice"},
{"name":"ModelAdvance", "ph":"E", "ts":"3256646752", "pid":"1", "tid":"cice"},
{"name":"ModelAdvance", "ph":"B", "ts":"3256870307", "pid":"1", "tid":"cice"},
{"name":"ModelAdvance", "ph":"E", "ts":"3257329779", "pid":"1", "tid":"cice"},
{"name":"ModelAdvance", "ph":"B", "ts":"3257552612", "pid":"1", "tid":"cice"},
{"name":"ModelAdvance", "ph":"E", "ts":"3258019036", "pid":"1", "tid":"cice"},
{"name":"ModelAdvance", "ph":"B", "ts":"3258242323", "pid":"1", "tid":"cice"},
{"name":"ModelAdvance", "ph":"E", "ts":"3258701504", "pid":"1", "tid":"cice"},
{"name":"ModelAdvance", "ph":"B", "ts":"3258911665", "pid":"1", "tid":"cice"},
{"name":"ModelAdvance", "ph":"E", "ts":"3259372433", "pid":"1", "tid":"cice"},
{"name":"ModelAdvance", "ph":"B", "ts":"3259625691", "pid":"1", "tid":"cice"},
{"name":"ModelAdvance", "ph":"E", "ts":"3260086156", "pid":"1", "tid":"cice"},
{"name":"ModelAdvance", "ph":"B", "ts":"3260300344", "pid":"1", "tid":"cice"},
{"name":"ModelAdvance", "ph":"E", "ts":"3260761453", "pid":"1", "tid":"cice"},
{"name":"ModelAdvance", "ph":"B", "ts":"3260973560", "pid":"1", "tid":"cice"},
{"name":"ModelAdvance", "ph":"E", "ts":"3261432205", "pid":"1", "tid":"cice"},
{"name":"ModelAdvance", "ph":"B", "ts":"3261649910", "pid":"1", "tid":"cice"},
{"name":"ModelAdvance", "ph":"E", "ts":"3262107542", "pid":"1", "tid":"cice"},
{"name":"ModelAdvance", "ph":"B", "ts":"3262361394", "pid":"1", "tid":"cice"},
{"name":"ModelAdvance", "ph":"E", "ts":"3262827940", "pid":"1", "tid":"cice"},
{"name":"ModelAdvance", "ph":"B", "ts":"3263033903", "pid":"1", "tid":"cice"},
{"name":"ModelAdvance", "ph":"E", "ts":"3263494155", "pid":"1", "tid":"cice"},
{"name":"ModelAdvance", "ph":"B", "ts":"3263718303", "pid":"1", "tid":"cice"},
{"name":"ModelAdvance", "ph":"E", "ts":"3264188588", "pid":"1", "tid":"cice"},
{"name":"ModelAdvance", "ph":"B", "ts":"3264433053", "pid":"1", "tid":"cice"},
{"name":"ModelAdvance", "ph":"E", "ts":"3264887334", "pid":"1", "tid":"cice"},
{"name":"ModelAdvance", "ph":"B", "ts":"3265172682", "pid":"1", "tid":"cice"},
{"name":"ModelAdvance", "ph":"E", "ts":"3265627701", "pid":"1", "tid":"cice"},
{"name":"ModelAdvance", "ph":"B", "ts":"3265911330", "pid":"1", "tid":"cice"},
{"name":"ModelAdvance", "ph":"E", "ts":"3266377878", "pid":"1", "tid":"cice"},
{"name":"ModelAdvance", "ph":"B", "ts":"3266657468", "pid":"1", "tid":"cice"},
{"name":"ModelAdvance", "ph":"E", "ts":"3267121458", "pid":"1", "tid":"cice"},
{"name":"ModelAdvance", "ph":"B", "ts":"3267383893", "pid":"1", "tid":"cice"},
{"name":"ModelAdvance", "ph":"E", "ts":"3267847422", "pid":"1", "tid":"cice"},
{"name":"ModelAdvance", "ph":"B", "ts":"3268078379", "pid":"1", "tid":"cice"},
{"name":"ModelAdvance", "ph":"E", "ts":"3268534527", "pid":"1", "tid":"cice"},
{"name":"ModelAdvance", "ph":"B", "ts":"3268752562", "pid":"1", "tid":"cice"},
{"name":"ModelAdvance", "ph":"E", "ts":"3269225431", "pid":"1", "tid":"cice"},
{"name":"ModelAdvance", "ph":"B", "ts":"3269428057", "pid":"1", "tid":"cice"},
{"name":"ModelAdvance", "ph":"E", "ts":"3269886828", "pid":"1", "tid":"cice"},
{"name":"ModelAdvance", "ph":"B", "ts":"3270143386", "pid":"1", "tid":"cice"},
{"name":"ModelAdvance", "ph":"E", "ts":"3270611936", "pid":"1", "tid":"cice"},
{"name":"ModelAdvance", "ph":"B", "ts":"3270942404", "pid":"1", "tid":"cice"},
{"name":"ModelAdvance", "ph":"E", "ts":"3271411400", "pid":"1", "tid":"cice"},
{"name":"ModelAdvance", "ph":"B", "ts":"3272319642", "pid":"1", "tid":"cice"},
{"name":"ModelAdvance", "ph":"E", "ts":"3272782378", "pid":"1", "tid":"cice"},
{"name":"ModelAdvance", "ph":"B", "ts":"3273040455", "pid":"1", "tid":"cice"},
{"name":"ModelAdvance", "ph":"E", "ts":"3273502811", "pid":"1", "tid":"cice"},
{"name":"ModelAdvance", "ph":"B", "ts":"3273759735", "pid":"1", "tid":"cice"},
{"name":"ModelAdvance", "ph":"E", "ts":"3274217568", "pid":"1", "tid":"cice"},
{"name":"ModelAdvance", "ph":"B", "ts":"3274454614", "pid":"1", "tid":"cice"},
{"name":"ModelAdvance", "ph":"E", "ts":"3274914697", "pid":"1", "tid":"cice"},
{"name":"ModelAdvance", "ph":"B", "ts":"3275157364", "pid":"1", "tid":"cice"},
{"name":"ModelAdvance", "ph":"E", "ts":"3275635363", "pid":"1", "tid":"cice"},
{"name":"ModelAdvance", "ph":"B", "ts":"3275849886", "pid":"1", "tid":"cice"},
{"name":"ModelAdvance", "ph":"E", "ts":"3276315588", "pid":"1", "tid":"cice"},
{"name":"ModelAdvance", "ph":"B", "ts":"3276517081", "pid":"1", "tid":"cice"},
{"name":"ModelAdvance", "ph":"E", "ts":"3276977879", "pid":"1", "tid":"cice"},
{"name":"ModelAdvance", "ph":"B", "ts":"3277181011", "pid":"1", "tid":"cice"},
{"name":"ModelAdvance", "ph":"E", "ts":"3277641744", "pid":"1", "tid":"cice"},
{"name":"ModelAdvance", "ph":"B", "ts":"3277837234", "pid":"1", "tid":"cice"},
{"name":"ModelAdvance", "ph":"E", "ts":"3278299830", "pid":"1", "tid":"cice"},
{"name":"ModelAdvance", "ph":"B", "ts":"3278531044", "pid":"1", "tid":"cice"},
{"name":"ModelAdvance", "ph":"E", "ts":"3278996411", "pid":"1", "tid":"cice"},
{"name":"ModelAdvance", "ph":"B", "ts":"3279181252", "pid":"1", "tid":"cice"},
{"name":"ModelAdvance", "ph":"E", "ts":"3279640117", "pid":"1", "tid":"cice"},
{"name":"ModelAdvance", "ph":"B", "ts":"3279872198", "pid":"1", "tid":"cice"},
{"name":"ModelAdvance", "ph":"E", "ts":"3280336496", "pid":"1", "tid":"cice"},
{"name":"ModelAdvance", "ph":"B", "ts":"3280557966", "pid":"1", "tid":"cice"},
{"name":"ModelAdvance", "ph":"E", "ts":"3281019256", "pid":"1", "tid":"cice"},
{"name":"ModelAdvance", "ph":"B", "ts":"3281280354", "pid":"1", "tid":"cice"},
{"name":"ModelAdvance", "ph":"E", "ts":"3281742996", "pid":"1", "tid":"cice"},
{"name":"ModelAdvance", "ph":"B", "ts":"3281957767", "pid":"1", "tid":"cice"},
{"name":"ModelAdvance", "ph":"E", "ts":"3282420882", "pid":"1", "tid":"cice"},
{"name":"ModelAdvance", "ph":"B", "ts":"3282618669", "pid":"1", "tid":"cice"},
{"name":"ModelAdvance", "ph":"E", "ts":"3283090461", "pid":"1", "tid":"cice"},
{"name":"ModelAdvance", "ph":"B", "ts":"3283331774", "pid":"1", "tid":"cice"},
{"name":"ModelAdvance", "ph":"E", "ts":"3283792391", "pid":"1", "tid":"cice"},
{"name":"ModelAdvance", "ph":"B", "ts":"3284043736", "pid":"1", "tid":"cice"},
{"name":"ModelAdvance", "ph":"E", "ts":"3284508147", "pid":"1", "tid":"cice"},
{"name":"ModelAdvance", "ph":"B", "ts":"3284692966", "pid":"1", "tid":"cice"},
{"name":"ModelAdvance", "ph":"E", "ts":"3285155248", "pid":"1", "tid":"cice"},
{"name":"ModelAdvance", "ph":"B", "ts":"3285360823", "pid":"1", "tid":"cice"},
{"name":"ModelAdvance", "ph":"E", "ts":"3285822052", "pid":"1", "tid":"cice"},
{"name":"ModelAdvance", "ph":"B", "ts":"3286024305", "pid":"1", "tid":"cice"},
{"name":"ModelAdvance", "ph":"E", "ts":"3286495182", "pid":"1", "tid":"cice"},
{"name":"ModelAdvance", "ph":"B", "ts":"3286682624", "pid":"1", "tid":"cice"},
{"name":"ModelAdvance", "ph":"E", "ts":"3287150191", "pid":"1", "tid":"cice"},
{"name":"ModelAdvance", "ph":"B", "ts":"3287340266", "pid":"1", "tid":"cice"},
{"name":"ModelAdvance", "ph":"E", "ts":"3287914884", "pid":"1", "tid":"cice"},
{"name":"ModelAdvance", "ph":"B", "ts":"3288407139", "pid":"1", "tid":"cice"},
{"name":"ModelAdvance", "ph":"E", "ts":"3288872513", "pid":"1", "tid":"cice"},
{"name":"ModelAdvance", "ph":"B", "ts":"3289747779", "pid":"1", "tid":"cice"},
{"name":"ModelAdvance", "ph":"E", "ts":"3290210104", "pid":"1", "tid":"cice"},
{"name":"ModelAdvance", "ph":"B", "ts":"3290424248", "pid":"1", "tid":"cice"},
{"name":"ModelAdvance", "ph":"E", "ts":"3290890413", "pid":"1", "tid":"cice"},
{"name":"ModelAdvance", "ph":"B", "ts":"3291076898", "pid":"1", "tid":"cice"},
{"name":"ModelAdvance", "ph":"E", "ts":"3291546294", "pid":"1", "tid":"cice"},
{"name":"ModelAdvance", "ph":"B", "ts":"3291724524", "pid":"1", "tid":"cice"},
{"name":"ModelAdvance", "ph":"E", "ts":"3292187815", "pid":"1", "tid":"cice"},
{"name":"ModelAdvance", "ph":"B", "ts":"3292374724", "pid":"1", "tid":"cice"},
{"name":"ModelAdvance", "ph":"E", "ts":"3292837468", "pid":"1", "tid":"cice"},
{"name":"ModelAdvance", "ph":"B", "ts":"3293013752", "pid":"1", "tid":"cice"},
{"name":"ModelAdvance", "ph":"E", "ts":"3293470388", "pid":"1", "tid":"cice"},
{"name":"ModelAdvance", "ph":"B", "ts":"3293647071", "pid":"1", "tid":"cice"},
{"name":"ModelAdvance", "ph":"E", "ts":"3294110276", "pid":"1", "tid":"cice"},
{"name":"ModelAdvance", "ph":"B", "ts":"3294280654", "pid":"1", "tid":"cice"},
{"name":"ModelAdvance", "ph":"E", "ts":"3294748541", "pid":"1", "tid":"cice"},
{"name":"ModelAdvance", "ph":"B", "ts":"3294918543", "pid":"1", "tid":"cice"},
{"name":"ModelAdvance", "ph":"E", "ts":"3295382490", "pid":"1", "tid":"cice"},
{"name":"ModelAdvance", "ph":"B", "ts":"3295546386", "pid":"1", "tid":"cice"},
{"name":"ModelAdvance", "ph":"E", "ts":"3296014439", "pid":"1", "tid":"cice"},
{"name":"ModelAdvance", "ph":"B", "ts":"3296177364", "pid":"1", "tid":"cice"},
{"name":"ModelAdvance", "ph":"E", "ts":"3296644861", "pid":"1", "tid":"cice"},
{"name":"ModelAdvance", "ph":"B", "ts":"3296869570", "pid":"1", "tid":"cice"},
{"name":"ModelAdvance", "ph":"E", "ts":"3297341021", "pid":"1", "tid":"cice"},
{"name":"ModelAdvance", "ph":"B", "ts":"3297517657", "pid":"1", "tid":"cice"},
{"name":"ModelAdvance", "ph":"E", "ts":"3297984288", "pid":"1", "tid":"cice"},
{"name":"ModelAdvance", "ph":"B", "ts":"3298149619", "pid":"1", "tid":"cice"},
{"name":"ModelAdvance", "ph":"E", "ts":"3298612830", "pid":"1", "tid":"cice"},
{"name":"ModelAdvance", "ph":"B", "ts":"3298785181", "pid":"1", "tid":"cice"},
{"name":"ModelAdvance", "ph":"E", "ts":"3299259327", "pid":"1", "tid":"cice"},
{"name":"ModelAdvance", "ph":"B", "ts":"3299422076", "pid":"1", "tid":"cice"},
{"name":"ModelAdvance", "ph":"E", "ts":"3299888298", "pid":"1", "tid":"cice"},
{"name":"ModelAdvance", "ph":"B", "ts":"3300052577", "pid":"1", "tid":"cice"},
{"name":"ModelAdvance", "ph":"E", "ts":"3300517178", "pid":"1", "tid":"cice"},
{"name":"ModelAdvance", "ph":"B", "ts":"3300670043", "pid":"1", "tid":"cice"},
{"name":"ModelAdvance", "ph":"E", "ts":"3301139591", "pid":"1", "tid":"cice"},
{"name":"ModelAdvance", "ph":"B", "ts":"3301294917", "pid":"1", "tid":"cice"},
{"name":"ModelAdvance", "ph":"E", "ts":"3301762839", "pid":"1", "tid":"cice"},
{"name":"ModelAdvance", "ph":"B", "ts":"3301919792", "pid":"1", "tid":"cice"},
{"name":"ModelAdvance", "ph":"E", "ts":"3302388745", "pid":"1", "tid":"cice"},
{"name":"ModelAdvance", "ph":"B", "ts":"3302545470", "pid":"1", "tid":"cice"},
{"name":"ModelAdvance", "ph":"E", "ts":"3303016921", "pid":"1", "tid":"cice"},
{"name":"ModelAdvance", "ph":"B", "ts":"3303172048", "pid":"1", "tid":"cice"},
{"name":"ModelAdvance", "ph":"E", "ts":"3303639609", "pid":"1", "tid":"cice"},
{"name":"ModelAdvance", "ph":"B", "ts":"3303797949", "pid":"1", "tid":"cice"},
{"name":"ModelAdvance", "ph":"E", "ts":"3304262197", "pid":"1", "tid":"cice"},
{"name":"ModelAdvance", "ph":"B", "ts":"3305310246", "pid":"1", "tid":"cice"},
{"name":"ModelAdvance", "ph":"E", "ts":"3305782258", "pid":"1", "tid":"cice"},
{"name":"ModelAdvance", "ph":"B", "ts":"3306629035", "pid":"1", "tid":"cice"},
{"name":"ModelAdvance", "ph":"E", "ts":"3307088580", "pid":"1", "tid":"cice"},
{"name":"ModelAdvance", "ph":"B", "ts":"3307253656", "pid":"1", "tid":"cice"},
{"name":"ModelAdvance", "ph":"E", "ts":"3307716740", "pid":"1", "tid":"cice"},
{"name":"ModelAdvance", "ph":"B", "ts":"3307874343", "pid":"1", "tid":"cice"},
{"name":"ModelAdvance", "ph":"E", "ts":"3308344147", "pid":"1", "tid":"cice"},
{"name":"ModelAdvance", "ph":"B", "ts":"3308500555", "pid":"1", "tid":"cice"},
{"name":"ModelAdvance", "ph":"E", "ts":"3308970669", "pid":"1", "tid":"cice"},
{"name":"ModelAdvance", "ph":"B", "ts":"3309143728", "pid":"1", "tid":"cice"},
{"name":"ModelAdvance", "ph":"E", "ts":"3309617749", "pid":"1", "tid":"cice"},
{"name":"ModelAdvance", "ph":"B", "ts":"3309770647", "pid":"1", "tid":"cice"},
{"name":"ModelAdvance", "ph":"E", "ts":"3310241702", "pid":"1", "tid":"cice"},
{"name":"ModelAdvance", "ph":"B", "ts":"3310393611", "pid":"1", "tid":"cice"},
{"name":"ModelAdvance", "ph":"E", "ts":"3310861796", "pid":"1", "tid":"cice"},
{"name":"ModelAdvance", "ph":"B", "ts":"3311025262", "pid":"1", "tid":"cice"},
{"name":"ModelAdvance", "ph":"E", "ts":"3311494023", "pid":"1", "tid":"cice"},
{"name":"ModelAdvance", "ph":"B", "ts":"3311646013", "pid":"1", "tid":"cice"},
{"name":"ModelAdvance", "ph":"E", "ts":"3312116727", "pid":"1", "tid":"cice"},
{"name":"ModelAdvance", "ph":"B", "ts":"3312271146", "pid":"1", "tid":"cice"},
{"name":"ModelAdvance", "ph":"E", "ts":"3312744010", "pid":"1", "tid":"cice"},
{"name":"ModelAdvance", "ph":"B", "ts":"3312895202", "pid":"1", "tid":"cice"},
{"name":"ModelAdvance", "ph":"E", "ts":"3313361875", "pid":"1", "tid":"cice"},
{"name":"ModelAdvance", "ph":"B", "ts":"3313770068", "pid":"1", "tid":"cice"},
{"name":"ModelAdvance", "ph":"E", "ts":"3314240022", "pid":"1", "tid":"cice"},
{"name":"ModelAdvance", "ph":"B", "ts":"3314431749", "pid":"1", "tid":"cice"},
{"name":"ModelAdvance", "ph":"E", "ts":"3314898756", "pid":"1", "tid":"cice"},
{"name":"ModelAdvance", "ph":"B", "ts":"3315054694", "pid":"1", "tid":"cice"},
{"name":"ModelAdvance", "ph":"E", "ts":"3315531149", "pid":"1", "tid":"cice"},
{"name":"ModelAdvance", "ph":"B", "ts":"3315667592", "pid":"1", "tid":"cice"},
{"name":"ModelAdvance", "ph":"E", "ts":"3316136603", "pid":"1", "tid":"cice"},
{"name":"ModelAdvance", "ph":"B", "ts":"3316298806", "pid":"1", "tid":"cice"},
{"name":"ModelAdvance", "ph":"E", "ts":"3316766231", "pid":"1", "tid":"cice"},
{"name":"ModelAdvance", "ph":"B", "ts":"3316921757", "pid":"1", "tid":"cice"},
{"name":"ModelAdvance", "ph":"E", "ts":"3317387763", "pid":"1", "tid":"cice"},
{"name":"ModelAdvance", "ph":"B", "ts":"3317540946", "pid":"1", "tid":"cice"},
{"name":"ModelAdvance", "ph":"E", "ts":"3318012034", "pid":"1", "tid":"cice"},
{"name":"ModelAdvance", "ph":"B", "ts":"3318175674", "pid":"1", "tid":"cice"},
{"name":"ModelAdvance", "ph":"E", "ts":"3318640064", "pid":"1", "tid":"cice"},
{"name":"ModelAdvance", "ph":"B", "ts":"3318795199", "pid":"1", "tid":"cice"},
{"name":"ModelAdvance", "ph":"E", "ts":"3319255857", "pid":"1", "tid":"cice"},
{"name":"ModelAdvance", "ph":"B", "ts":"3319423393", "pid":"1", "tid":"cice"},
{"name":"ModelAdvance", "ph":"E", "ts":"3319888105", "pid":"1", "tid":"cice"},
{"name":"ModelAdvance", "ph":"B", "ts":"3320041048", "pid":"1", "tid":"cice"},
{"name":"ModelAdvance", "ph":"E", "ts":"3320506653", "pid":"1", "tid":"cice"},
{"name":"ModelAdvance", "ph":"B", "ts":"3320661948", "pid":"1", "tid":"cice"},
{"name":"ModelAdvance", "ph":"E", "ts":"3321135121", "pid":"1", "tid":"cice"},
{"name":"ModelAdvance", "ph":"B", "ts":"3322164970", "pid":"1", "tid":"cice"},
{"name":"ModelAdvance", "ph":"E", "ts":"3322632446", "pid":"1", "tid":"cice"},
{"name":"ModelAdvance", "ph":"B", "ts":"3323463335", "pid":"1", "tid":"cice"},
{"name":"ModelAdvance", "ph":"E", "ts":"3323932946", "pid":"1", "tid":"cice"},
{"name":"ModelAdvance", "ph":"B", "ts":"3324083411", "pid":"1", "tid":"cice"},
{"name":"ModelAdvance", "ph":"E", "ts":"3324550735", "pid":"1", "tid":"cice"},
{"name":"ModelAdvance", "ph":"B", "ts":"3324895809", "pid":"1", "tid":"cice"},
{"name":"ModelAdvance", "ph":"E", "ts":"3325364082", "pid":"1", "tid":"cice"},
{"name":"ModelAdvance", "ph":"B", "ts":"3325548588", "pid":"1", "tid":"cice"},
{"name":"ModelAdvance", "ph":"E", "ts":"3326018126", "pid":"1", "tid":"cice"},
{"name":"ModelAdvance", "ph":"B", "ts":"3326174613", "pid":"1", "tid":"cice"},
{"name":"ModelAdvance", "ph":"E", "ts":"3326636767", "pid":"1", "tid":"cice"},
{"name":"ModelAdvance", "ph":"B", "ts":"3326811149", "pid":"1", "tid":"cice"},
{"name":"ModelAdvance", "ph":"E", "ts":"3327282148", "pid":"1", "tid":"cice"},
{"name":"ModelAdvance", "ph":"B", "ts":"3327442316", "pid":"1", "tid":"cice"},
{"name":"ModelAdvance", "ph":"E", "ts":"3327905906", "pid":"1", "tid":"cice"},
{"name":"ModelAdvance", "ph":"B", "ts":"3328075362", "pid":"1", "tid":"cice"},
{"name":"ModelAdvance", "ph":"E", "ts":"3328545235", "pid":"1", "tid":"cice"},
{"name":"ModelAdvance", "ph":"B", "ts":"3328705595", "pid":"1", "tid":"cice"},
{"name":"ModelAdvance", "ph":"E", "ts":"3329176241", "pid":"1", "tid":"cice"},
{"name":"ModelAdvance", "ph":"B", "ts":"3329344723", "pid":"1", "tid":"cice"},
{"name":"ModelAdvance", "ph":"E", "ts":"3329813732", "pid":"1", "tid":"cice"},
{"name":"ModelAdvance", "ph":"B", "ts":"3329990352", "pid":"1", "tid":"cice"},
{"name":"ModelAdvance", "ph":"E", "ts":"3330457291", "pid":"1", "tid":"cice"},
{"name":"ModelAdvance", "ph":"B", "ts":"3330655097", "pid":"1", "tid":"cice"},
{"name":"ModelAdvance", "ph":"E", "ts":"3331126737", "pid":"1", "tid":"cice"},
{"name":"ModelAdvance", "ph":"B", "ts":"3331287486", "pid":"1", "tid":"cice"},
{"name":"ModelAdvance", "ph":"E", "ts":"3331755983", "pid":"1", "tid":"cice"},
{"name":"ModelAdvance", "ph":"B", "ts":"3331916109", "pid":"1", "tid":"cice"},
{"name":"ModelAdvance", "ph":"E", "ts":"3332388731", "pid":"1", "tid":"cice"},
{"name":"ModelAdvance", "ph":"B", "ts":"3332563941", "pid":"1", "tid":"cice"},
{"name":"ModelAdvance", "ph":"E", "ts":"3333023490", "pid":"1", "tid":"cice"},
{"name":"ModelAdvance", "ph":"B", "ts":"3333202357", "pid":"1", "tid":"cice"},
{"name":"ModelAdvance", "ph":"E", "ts":"3333665041", "pid":"1", "tid":"cice"},
{"name":"ModelAdvance", "ph":"B", "ts":"3333837000", "pid":"1", "tid":"cice"},
{"name":"ModelAdvance", "ph":"E", "ts":"3334307775", "pid":"1", "tid":"cice"},
{"name":"ModelAdvance", "ph":"B", "ts":"3334461169", "pid":"1", "tid":"cice"},
{"name":"ModelAdvance", "ph":"E", "ts":"3334923724", "pid":"1", "tid":"cice"},
{"name":"ModelAdvance", "ph":"B", "ts":"3335113884", "pid":"1", "tid":"cice"},
{"name":"ModelAdvance", "ph":"E", "ts":"3335583468", "pid":"1", "tid":"cice"},
{"name":"ModelAdvance", "ph":"B", "ts":"3335755412", "pid":"1", "tid":"cice"},
{"name":"ModelAdvance", "ph":"E", "ts":"3336224280", "pid":"1", "tid":"cice"},
{"name":"ModelAdvance", "ph":"B", "ts":"3336382155", "pid":"1", "tid":"cice"},
{"name":"ModelAdvance", "ph":"E", "ts":"3336844053", "pid":"1", "tid":"cice"},
{"name":"ModelAdvance", "ph":"B", "ts":"3337021625", "pid":"1", "tid":"cice"},
{"name":"ModelAdvance", "ph":"E", "ts":"3337484220", "pid":"1", "tid":"cice"},
{"name":"ModelAdvance", "ph":"B", "ts":"3337664427", "pid":"1", "tid":"cice"},
{"name":"ModelAdvance", "ph":"E", "ts":"3338130730", "pid":"1", "tid":"cice"},
{"name":"ModelAdvance", "ph":"B", "ts":"3338918032", "pid":"1", "tid":"cice"},
{"name":"ModelAdvance", "ph":"E", "ts":"3339391775", "pid":"1", "tid":"cice"},
{"name":"ModelAdvance", "ph":"B", "ts":"3340242199", "pid":"1", "tid":"cice"},
{"name":"ModelAdvance", "ph":"E", "ts":"3340717256", "pid":"1", "tid":"cice"},
{"name":"ModelAdvance", "ph":"B", "ts":"3340872980", "pid":"1", "tid":"cice"},
{"name":"ModelAdvance", "ph":"E", "ts":"3341347078", "pid":"1", "tid":"cice"},
{"name":"ModelAdvance", "ph":"B", "ts":"3341507132", "pid":"1", "tid":"cice"},
{"name":"ModelAdvance", "ph":"E", "ts":"3341983651", "pid":"1", "tid":"cice"},
{"name":"ModelAdvance", "ph":"B", "ts":"3342142361", "pid":"1", "tid":"cice"},
{"name":"ModelAdvance", "ph":"E", "ts":"3342610785", "pid":"1", "tid":"cice"},
{"name":"ModelAdvance", "ph":"B", "ts":"3342771011", "pid":"1", "tid":"cice"},
{"name":"ModelAdvance", "ph":"E", "ts":"3343237788", "pid":"1", "tid":"cice"},
{"name":"ModelAdvance", "ph":"B", "ts":"3343399605", "pid":"1", "tid":"cice"},
{"name":"ModelAdvance", "ph":"E", "ts":"3343871390", "pid":"1", "tid":"cice"},
{"name":"ModelAdvance", "ph":"B", "ts":"3344031031", "pid":"1", "tid":"cice"},
{"name":"ModelAdvance", "ph":"E", "ts":"3344495562", "pid":"1", "tid":"cice"},
{"name":"ModelAdvance", "ph":"B", "ts":"3344669255", "pid":"1", "tid":"cice"},
{"name":"ModelAdvance", "ph":"E", "ts":"3345132796", "pid":"1", "tid":"cice"},
{"name":"ModelAdvance", "ph":"B", "ts":"3345307148", "pid":"1", "tid":"cice"},
{"name":"ModelAdvance", "ph":"E", "ts":"3345768231", "pid":"1", "tid":"cice"},
{"name":"ModelAdvance", "ph":"B", "ts":"3345942729", "pid":"1", "tid":"cice"},
{"name":"ModelAdvance", "ph":"E", "ts":"3346406683", "pid":"1", "tid":"cice"},
{"name":"ModelAdvance", "ph":"B", "ts":"3346577554", "pid":"1", "tid":"cice"},
{"name":"ModelAdvance", "ph":"E", "ts":"3347040770", "pid":"1", "tid":"cice"},
{"name":"ModelAdvance", "ph":"B", "ts":"3347300640", "pid":"1", "tid":"cice"},
{"name":"ModelAdvance", "ph":"E", "ts":"3347765139", "pid":"1", "tid":"cice"},
{"name":"ModelAdvance", "ph":"B", "ts":"3347941613", "pid":"1", "tid":"cice"},
{"name":"ModelAdvance", "ph":"E", "ts":"3348408040", "pid":"1", "tid":"cice"},
{"name":"ModelAdvance", "ph":"B", "ts":"3348568828", "pid":"1", "tid":"cice"},
{"name":"ModelAdvance", "ph":"E", "ts":"3349034195", "pid":"1", "tid":"cice"},
{"name":"ModelAdvance", "ph":"B", "ts":"3349199122", "pid":"1", "tid":"cice"},
{"name":"ModelAdvance", "ph":"E", "ts":"3349669848", "pid":"1", "tid":"cice"},
{"name":"ModelAdvance", "ph":"B", "ts":"3349885348", "pid":"1", "tid":"cice"},
{"name":"ModelAdvance", "ph":"E", "ts":"3350352398", "pid":"1", "tid":"cice"},
{"name":"ModelAdvance", "ph":"B", "ts":"3350523792", "pid":"1", "tid":"cice"},
{"name":"ModelAdvance", "ph":"E", "ts":"3350993281", "pid":"1", "tid":"cice"},
{"name":"ModelAdvance", "ph":"B", "ts":"3351157295", "pid":"1", "tid":"cice"},
{"name":"ModelAdvance", "ph":"E", "ts":"3351618407", "pid":"1", "tid":"cice"},
{"name":"ModelAdvance", "ph":"B", "ts":"3351792715", "pid":"1", "tid":"cice"},
{"name":"ModelAdvance", "ph":"E", "ts":"3352257574", "pid":"1", "tid":"cice"},
{"name":"ModelAdvance", "ph":"B", "ts":"3352418767", "pid":"1", "tid":"cice"},
{"name":"ModelAdvance", "ph":"E", "ts":"3352883723", "pid":"1", "tid":"cice"},
{"name":"ModelAdvance", "ph":"B", "ts":"3353050845", "pid":"1", "tid":"cice"},
{"name":"ModelAdvance", "ph":"E", "ts":"3353523780", "pid":"1", "tid":"cice"},
{"name":"ModelAdvance", "ph":"B", "ts":"3353689742", "pid":"1", "tid":"cice"},
{"name":"ModelAdvance", "ph":"E", "ts":"3354160585", "pid":"1", "tid":"cice"},
{"name":"ModelAdvance", "ph":"B", "ts":"3354331748", "pid":"1", "tid":"cice"},
{"name":"ModelAdvance", "ph":"E", "ts":"3354797013", "pid":"1", "tid":"cice"},
{"name":"ModelAdvance", "ph":"B", "ts":"3355633923", "pid":"1", "tid":"cice"},
{"name":"ModelAdvance", "ph":"E", "ts":"3356092586", "pid":"1", "tid":"cice"},
{"name":"ModelAdvance", "ph":"B", "ts":"3356944931", "pid":"1", "tid":"cice"},
{"name":"ModelAdvance", "ph":"E", "ts":"3357406278", "pid":"1", "tid":"cice"},
{"name":"ModelAdvance", "ph":"B", "ts":"3357568682", "pid":"1", "tid":"cice"},
{"name":"ModelAdvance", "ph":"E", "ts":"3358039676", "pid":"1", "tid":"cice"},
{"name":"ModelAdvance", "ph":"B", "ts":"3358199724", "pid":"1", "tid":"cice"},
{"name":"ModelAdvance", "ph":"E", "ts":"3358668564", "pid":"1", "tid":"cice"},
{"name":"ModelAdvance", "ph":"B", "ts":"3358820579", "pid":"1", "tid":"cice"},
{"name":"ModelAdvance", "ph":"E", "ts":"3359286103", "pid":"1", "tid":"cice"},
{"name":"ModelAdvance", "ph":"B", "ts":"3359453684", "pid":"1", "tid":"cice"},
{"name":"ModelAdvance", "ph":"E", "ts":"3359925928", "pid":"1", "tid":"cice"},
{"name":"ModelAdvance", "ph":"B", "ts":"3360082880", "pid":"1", "tid":"cice"},
{"name":"ModelAdvance", "ph":"E", "ts":"3360557208", "pid":"1", "tid":"cice"},
{"name":"ModelAdvance", "ph":"B", "ts":"3360708128", "pid":"1", "tid":"cice"},
{"name":"ModelAdvance", "ph":"E", "ts":"3361172850", "pid":"1", "tid":"cice"},
{"name":"ModelAdvance", "ph":"B", "ts":"3361401021", "pid":"1", "tid":"cice"},
{"name":"ModelAdvance", "ph":"E", "ts":"3361865736", "pid":"1", "tid":"cice"},
{"name":"ModelAdvance", "ph":"B", "ts":"3362037314", "pid":"1", "tid":"cice"},
{"name":"ModelAdvance", "ph":"E", "ts":"3362502241", "pid":"1", "tid":"cice"},
{"name":"ModelAdvance", "ph":"B", "ts":"3362668828", "pid":"1", "tid":"cice"},
{"name":"ModelAdvance", "ph":"E", "ts":"3363139055", "pid":"1", "tid":"cice"},
{"name":"ModelAdvance", "ph":"B", "ts":"3363302304", "pid":"1", "tid":"cice"},
{"name":"ModelAdvance", "ph":"E", "ts":"3363773736", "pid":"1", "tid":"cice"},
{"name":"ModelAdvance", "ph":"B", "ts":"3363959923", "pid":"1", "tid":"cice"},
{"name":"ModelAdvance", "ph":"E", "ts":"3364429074", "pid":"1", "tid":"cice"},
{"name":"ModelAdvance", "ph":"B", "ts":"3364598203", "pid":"1", "tid":"cice"},
{"name":"ModelAdvance", "ph":"E", "ts":"3365073881", "pid":"1", "tid":"cice"},
{"name":"ModelAdvance", "ph":"B", "ts":"3365227270", "pid":"1", "tid":"cice"},
{"name":"ModelAdvance", "ph":"E", "ts":"3365694552", "pid":"1", "tid":"cice"},
{"name":"ModelAdvance", "ph":"B", "ts":"3365861712", "pid":"1", "tid":"cice"},
{"name":"ModelAdvance", "ph":"E", "ts":"3366324413", "pid":"1", "tid":"cice"},
{"name":"ModelAdvance", "ph":"B", "ts":"3366505874", "pid":"1", "tid":"cice"},
{"name":"ModelAdvance", "ph":"E", "ts":"3366976509", "pid":"1", "tid":"cice"},
{"name":"ModelAdvance", "ph":"B", "ts":"3367137565", "pid":"1", "tid":"cice"},
{"name":"ModelAdvance", "ph":"E", "ts":"3367599201", "pid":"1", "tid":"cice"},
{"name":"ModelAdvance", "ph":"B", "ts":"3367773625", "pid":"1", "tid":"cice"},
{"name":"ModelAdvance", "ph":"E", "ts":"3368236352", "pid":"1", "tid":"cice"},
{"name":"ModelAdvance", "ph":"B", "ts":"3368403338", "pid":"1", "tid":"cice"},
{"name":"ModelAdvance", "ph":"E", "ts":"3368868792", "pid":"1", "tid":"cice"},
{"name":"ModelAdvance", "ph":"B", "ts":"3369037761", "pid":"1", "tid":"cice"},
{"name":"ModelAdvance", "ph":"E", "ts":"3369500942", "pid":"1", "tid":"cice"},
{"name":"ModelAdvance", "ph":"B", "ts":"3369666514", "pid":"1", "tid":"cice"},
{"name":"ModelAdvance", "ph":"E", "ts":"3370132884", "pid":"1", "tid":"cice"},
{"name":"ModelAdvance", "ph":"B", "ts":"3370300890", "pid":"1", "tid":"cice"},
{"name":"ModelAdvance", "ph":"E", "ts":"3370779013", "pid":"1", "tid":"cice"},
{"name":"ModelAdvance", "ph":"B", "ts":"3370941091", "pid":"1", "tid":"cice"},
{"name":"ModelAdvance", "ph":"E", "ts":"3371408738", "pid":"1", "tid":"cice"},
{"name":"ModelAdvance", "ph":"B", "ts":"3372124480", "pid":"1", "tid":"cice"},
{"name":"ModelAdvance", "ph":"E", "ts":"3372588848", "pid":"1", "tid":"cice"},
{"name":"ModelAdvance", "ph":"B", "ts":"3373410931", "pid":"1", "tid":"cice"},
{"name":"ModelAdvance", "ph":"E", "ts":"3373880312", "pid":"1", "tid":"cice"},
{"name":"ModelAdvance", "ph":"B", "ts":"3374047606", "pid":"1", "tid":"cice"},
{"name":"ModelAdvance", "ph":"E", "ts":"3374517705", "pid":"1", "tid":"cice"},
{"name":"ModelAdvance", "ph":"B", "ts":"3374673727", "pid":"1", "tid":"cice"},
{"name":"ModelAdvance", "ph":"E", "ts":"3375144431", "pid":"1", "tid":"cice"},
{"name":"ModelAdvance", "ph":"B", "ts":"3375312174", "pid":"1", "tid":"cice"},
{"name":"ModelAdvance", "ph":"E", "ts":"3375780285", "pid":"1", "tid":"cice"},
{"name":"ModelAdvance", "ph":"B", "ts":"3375947531", "pid":"1", "tid":"cice"},
{"name":"ModelAdvance", "ph":"E", "ts":"3376424596", "pid":"1", "tid":"cice"},
{"name":"ModelAdvance", "ph":"B", "ts":"3376570877", "pid":"1", "tid":"cice"},
{"name":"ModelAdvance", "ph":"E", "ts":"3377043976", "pid":"1", "tid":"cice"},
{"name":"ModelAdvance", "ph":"B", "ts":"3377204234", "pid":"1", "tid":"cice"},
{"name":"ModelAdvance", "ph":"E", "ts":"3377679220", "pid":"1", "tid":"cice"},
{"name":"ModelAdvance", "ph":"B", "ts":"3377833458", "pid":"1", "tid":"cice"},
{"name":"ModelAdvance", "ph":"E", "ts":"3378312166", "pid":"1", "tid":"cice"},
{"name":"ModelAdvance", "ph":"B", "ts":"3378467399", "pid":"1", "tid":"cice"},
{"name":"ModelAdvance", "ph":"E", "ts":"3378932747", "pid":"1", "tid":"cice"},
{"name":"ModelAdvance", "ph":"B", "ts":"3379104533", "pid":"1", "tid":"cice"},
{"name":"ModelAdvance", "ph":"E", "ts":"3379561688", "pid":"1", "tid":"cice"},
{"name":"ModelAdvance", "ph":"B", "ts":"3379744493", "pid":"1", "tid":"cice"},
{"name":"ModelAdvance", "ph":"E", "ts":"3380226155", "pid":"1", "tid":"cice"},
{"name":"ModelAdvance", "ph":"B", "ts":"3380414486", "pid":"1", "tid":"cice"},
{"name":"ModelAdvance", "ph":"E", "ts":"3380883349", "pid":"1", "tid":"cice"},
{"name":"ModelAdvance", "ph":"B", "ts":"3381044786", "pid":"1", "tid":"cice"},
{"name":"ModelAdvance", "ph":"E", "ts":"3381504392", "pid":"1", "tid":"cice"},
{"name":"ModelAdvance", "ph":"B", "ts":"3381670291", "pid":"1", "tid":"cice"},
{"name":"ModelAdvance", "ph":"E", "ts":"3382135535", "pid":"1", "tid":"cice"},
{"name":"ModelAdvance", "ph":"B", "ts":"3382312982", "pid":"1", "tid":"cice"},
{"name":"ModelAdvance", "ph":"E", "ts":"3382779710", "pid":"1", "tid":"cice"},
{"name":"ModelAdvance", "ph":"B", "ts":"3382948177", "pid":"1", "tid":"cice"},
{"name":"ModelAdvance", "ph":"E", "ts":"3383421845", "pid":"1", "tid":"cice"},
{"name":"ModelAdvance", "ph":"B", "ts":"3383596094", "pid":"1", "tid":"cice"},
{"name":"ModelAdvance", "ph":"E", "ts":"3384065241", "pid":"1", "tid":"cice"},
{"name":"ModelAdvance", "ph":"B", "ts":"3384235560", "pid":"1", "tid":"cice"},
{"name":"ModelAdvance", "ph":"E", "ts":"3384709592", "pid":"1", "tid":"cice"},
{"name":"ModelAdvance", "ph":"B", "ts":"3384865193", "pid":"1", "tid":"cice"},
{"name":"ModelAdvance", "ph":"E", "ts":"3385342200", "pid":"1", "tid":"cice"},
{"name":"ModelAdvance", "ph":"B", "ts":"3385518556", "pid":"1", "tid":"cice"},
{"name":"ModelAdvance", "ph":"E", "ts":"3385989418", "pid":"1", "tid":"cice"},
{"name":"ModelAdvance", "ph":"B", "ts":"3386159563", "pid":"1", "tid":"cice"},
{"name":"ModelAdvance", "ph":"E", "ts":"3386631177", "pid":"1", "tid":"cice"},
{"name":"ModelAdvance", "ph":"B", "ts":"3386807974", "pid":"1", "tid":"cice"},
{"name":"ModelAdvance", "ph":"E", "ts":"3387274660", "pid":"1", "tid":"cice"},
{"name":"ModelAdvance", "ph":"B", "ts":"3387447357", "pid":"1", "tid":"cice"},
{"name":"ModelAdvance", "ph":"E", "ts":"3388010969", "pid":"1", "tid":"cice"},
{"name":"ModelAdvance", "ph":"B", "ts":"3388424663", "pid":"1", "tid":"cice"},
{"name":"ModelAdvance", "ph":"E", "ts":"3388895575", "pid":"1", "tid":"cice"},
{"name":"ModelAdvance", "ph":"B", "ts":"3389758966", "pid":"1", "tid":"cice"},
{"name":"ModelAdvance", "ph":"E", "ts":"3390224263", "pid":"1", "tid":"cice"},
{"name":"ModelAdvance", "ph":"B", "ts":"3390397601", "pid":"1", "tid":"cice"},
{"name":"ModelAdvance", "ph":"E", "ts":"3390871215", "pid":"1", "tid":"cice"},
{"name":"ModelAdvance", "ph":"B", "ts":"3391035850", "pid":"1", "tid":"cice"},
{"name":"ModelAdvance", "ph":"E", "ts":"3391508440", "pid":"1", "tid":"cice"},
{"name":"ModelAdvance", "ph":"B", "ts":"3391672096", "pid":"1", "tid":"cice"},
{"name":"ModelAdvance", "ph":"E", "ts":"3392138071", "pid":"1", "tid":"cice"},
{"name":"ModelAdvance", "ph":"B", "ts":"3392310244", "pid":"1", "tid":"cice"},
{"name":"ModelAdvance", "ph":"E", "ts":"3392779641", "pid":"1", "tid":"cice"},
{"name":"ModelAdvance", "ph":"B", "ts":"3392939081", "pid":"1", "tid":"cice"},
{"name":"ModelAdvance", "ph":"E", "ts":"3393412297", "pid":"1", "tid":"cice"},
{"name":"ModelAdvance", "ph":"B", "ts":"3393584954", "pid":"1", "tid":"cice"},
{"name":"ModelAdvance", "ph":"E", "ts":"3394056620", "pid":"1", "tid":"cice"},
{"name":"ModelAdvance", "ph":"B", "ts":"3394226761", "pid":"1", "tid":"cice"},
{"name":"ModelAdvance", "ph":"E", "ts":"3394694441", "pid":"1", "tid":"cice"},
{"name":"ModelAdvance", "ph":"B", "ts":"3394917587", "pid":"1", "tid":"cice"},
{"name":"ModelAdvance", "ph":"E", "ts":"3395385480", "pid":"1", "tid":"cice"},
{"name":"ModelAdvance", "ph":"B", "ts":"3395558089", "pid":"1", "tid":"cice"},
{"name":"ModelAdvance", "ph":"E", "ts":"3396024551", "pid":"1", "tid":"cice"},
{"name":"ModelAdvance", "ph":"B", "ts":"3396214093", "pid":"1", "tid":"cice"},
{"name":"ModelAdvance", "ph":"E", "ts":"3396692546", "pid":"1", "tid":"cice"},
{"name":"ModelAdvance", "ph":"B", "ts":"3396895715", "pid":"1", "tid":"cice"},
{"name":"ModelAdvance", "ph":"E", "ts":"3397362724", "pid":"1", "tid":"cice"},
{"name":"ModelAdvance", "ph":"B", "ts":"3397534101", "pid":"1", "tid":"cice"},
{"name":"ModelAdvance", "ph":"E", "ts":"3398013035", "pid":"1", "tid":"cice"},
{"name":"ModelAdvance", "ph":"B", "ts":"3398175857", "pid":"1", "tid":"cice"},
{"name":"ModelAdvance", "ph":"E", "ts":"3398635901", "pid":"1", "tid":"cice"},
{"name":"ModelAdvance", "ph":"B", "ts":"3398816775", "pid":"1", "tid":"cice"},
{"name":"ModelAdvance", "ph":"E", "ts":"3399285793", "pid":"1", "tid":"cice"},
{"name":"ModelAdvance", "ph":"B", "ts":"3399454318", "pid":"1", "tid":"cice"},
{"name":"ModelAdvance", "ph":"E", "ts":"3399916065", "pid":"1", "tid":"cice"},
{"name":"ModelAdvance", "ph":"B", "ts":"3400103660", "pid":"1", "tid":"cice"},
{"name":"ModelAdvance", "ph":"E", "ts":"3400570468", "pid":"1", "tid":"cice"},
{"name":"ModelAdvance", "ph":"B", "ts":"3400744082", "pid":"1", "tid":"cice"},
{"name":"ModelAdvance", "ph":"E", "ts":"3401217723", "pid":"1", "tid":"cice"},
{"name":"ModelAdvance", "ph":"B", "ts":"3401385846", "pid":"1", "tid":"cice"},
{"name":"ModelAdvance", "ph":"E", "ts":"3401851992", "pid":"1", "tid":"cice"},
{"name":"ModelAdvance", "ph":"B", "ts":"3402029044", "pid":"1", "tid":"cice"},
{"name":"ModelAdvance", "ph":"E", "ts":"3402491844", "pid":"1", "tid":"cice"},
{"name":"ModelAdvance", "ph":"B", "ts":"3402674061", "pid":"1", "tid":"cice"},
{"name":"ModelAdvance", "ph":"E", "ts":"3403144672", "pid":"1", "tid":"cice"},
{"name":"ModelAdvance", "ph":"B", "ts":"3403320551", "pid":"1", "tid":"cice"},
{"name":"ModelAdvance", "ph":"E", "ts":"3403796607", "pid":"1", "tid":"cice"},
{"name":"ModelAdvance", "ph":"B", "ts":"3403967666", "pid":"1", "tid":"cice"},
{"name":"ModelAdvance", "ph":"E", "ts":"3404436546", "pid":"1", "tid":"cice"},
{"name":"ModelAdvance", "ph":"B", "ts":"3404872138", "pid":"1", "tid":"cice"},
{"name":"ModelAdvance", "ph":"E", "ts":"3405343267", "pid":"1", "tid":"cice"},
{"name":"ModelAdvance", "ph":"B", "ts":"3406216561", "pid":"1", "tid":"cice"},
{"name":"ModelAdvance", "ph":"E", "ts":"3406684636", "pid":"1", "tid":"cice"},
{"name":"ModelAdvance", "ph":"B", "ts":"3406880867", "pid":"1", "tid":"cice"},
{"name":"ModelAdvance", "ph":"E", "ts":"3407347476", "pid":"1", "tid":"cice"},
{"name":"ModelAdvance", "ph":"B", "ts":"3407520427", "pid":"1", "tid":"cice"},
{"name":"ModelAdvance", "ph":"E", "ts":"3407985007", "pid":"1", "tid":"cice"},
{"name":"ModelAdvance", "ph":"B", "ts":"3408181731", "pid":"1", "tid":"cice"},
{"name":"ModelAdvance", "ph":"E", "ts":"3408655577", "pid":"1", "tid":"cice"},
{"name":"ModelAdvance", "ph":"B", "ts":"3408836661", "pid":"1", "tid":"cice"},
{"name":"ModelAdvance", "ph":"E", "ts":"3409301184", "pid":"1", "tid":"cice"},
{"name":"ModelAdvance", "ph":"B", "ts":"3409541787", "pid":"1", "tid":"cice"},
{"name":"ModelAdvance", "ph":"E", "ts":"3410006438", "pid":"1", "tid":"cice"},
{"name":"ModelAdvance", "ph":"B", "ts":"3410264979", "pid":"1", "tid":"cice"},
{"name":"ModelAdvance", "ph":"E", "ts":"3410743808", "pid":"1", "tid":"cice"},
{"name":"ModelAdvance", "ph":"B", "ts":"3410930683", "pid":"1", "tid":"cice"},
{"name":"ModelAdvance", "ph":"E", "ts":"3411395030", "pid":"1", "tid":"cice"},
{"name":"ModelAdvance", "ph":"B", "ts":"3411611896", "pid":"1", "tid":"cice"},
{"name":"ModelAdvance", "ph":"E", "ts":"3412077314", "pid":"1", "tid":"cice"},
{"name":"ModelAdvance", "ph":"B", "ts":"3412324632", "pid":"1", "tid":"cice"},
{"name":"ModelAdvance", "ph":"E", "ts":"3412788596", "pid":"1", "tid":"cice"},
{"name":"ModelAdvance", "ph":"B", "ts":"3412978700", "pid":"1", "tid":"cice"},
{"name":"ModelAdvance", "ph":"E", "ts":"3413455099", "pid":"1", "tid":"cice"},
{"name":"ModelAdvance", "ph":"B", "ts":"3413660369", "pid":"1", "tid":"cice"},
{"name":"ModelAdvance", "ph":"E", "ts":"3414126317", "pid":"1", "tid":"cice"},
{"name":"ModelAdvance", "ph":"B", "ts":"3414331499", "pid":"1", "tid":"cice"},
{"name":"ModelAdvance", "ph":"E", "ts":"3414790810", "pid":"1", "tid":"cice"},
{"name":"ModelAdvance", "ph":"B", "ts":"3414998807", "pid":"1", "tid":"cice"},
{"name":"ModelAdvance", "ph":"E", "ts":"3415469274", "pid":"1", "tid":"cice"},
{"name":"ModelAdvance", "ph":"B", "ts":"3415661301", "pid":"1", "tid":"cice"},
{"name":"ModelAdvance", "ph":"E", "ts":"3416126076", "pid":"1", "tid":"cice"},
{"name":"ModelAdvance", "ph":"B", "ts":"3416317945", "pid":"1", "tid":"cice"},
{"name":"ModelAdvance", "ph":"E", "ts":"3416782219", "pid":"1", "tid":"cice"},
{"name":"ModelAdvance", "ph":"B", "ts":"3416986980", "pid":"1", "tid":"cice"},
{"name":"ModelAdvance", "ph":"E", "ts":"3417456707", "pid":"1", "tid":"cice"},
{"name":"ModelAdvance", "ph":"B", "ts":"3417656198", "pid":"1", "tid":"cice"},
{"name":"ModelAdvance", "ph":"E", "ts":"3418123913", "pid":"1", "tid":"cice"},
{"name":"ModelAdvance", "ph":"B", "ts":"3418361648", "pid":"1", "tid":"cice"},
{"name":"ModelAdvance", "ph":"E", "ts":"3418827040", "pid":"1", "tid":"cice"},
{"name":"ModelAdvance", "ph":"B", "ts":"3419051592", "pid":"1", "tid":"cice"},
{"name":"ModelAdvance", "ph":"E", "ts":"3419516514", "pid":"1", "tid":"cice"},
{"name":"ModelAdvance", "ph":"B", "ts":"3419770489", "pid":"1", "tid":"cice"},
{"name":"ModelAdvance", "ph":"E", "ts":"3420238586", "pid":"1", "tid":"cice"},
{"name":"ModelAdvance", "ph":"B", "ts":"3420462791", "pid":"1", "tid":"cice"},
{"name":"ModelAdvance", "ph":"E", "ts":"3420926935", "pid":"1", "tid":"cice"},
{"name":"ModelAdvance", "ph":"B", "ts":"3421139913", "pid":"1", "tid":"cice"},
{"name":"ModelAdvance", "ph":"E", "ts":"3421615009", "pid":"1", "tid":"cice"},
{"name":"ModelAdvance", "ph":"B", "ts":"3421831738", "pid":"1", "tid":"cice"},
{"name":"ModelAdvance", "ph":"E", "ts":"3422302892", "pid":"1", "tid":"cice"},
{"name":"ModelAdvance", "ph":"B", "ts":"3423161375", "pid":"1", "tid":"cice"},
{"name":"ModelAdvance", "ph":"E", "ts":"3423623590", "pid":"1", "tid":"cice"},
{"name":"ModelAdvance", "ph":"B", "ts":"3423872651", "pid":"1", "tid":"cice"},
{"name":"ModelAdvance", "ph":"E", "ts":"3424337024", "pid":"1", "tid":"cice"},
{"name":"ModelAdvance", "ph":"B", "ts":"3424531991", "pid":"1", "tid":"cice"},
{"name":"ModelAdvance", "ph":"E", "ts":"3425006409", "pid":"1", "tid":"cice"},
{"name":"ModelAdvance", "ph":"B", "ts":"3425190915", "pid":"1", "tid":"cice"},
{"name":"ModelAdvance", "ph":"E", "ts":"3425661161", "pid":"1", "tid":"cice"},
{"name":"ModelAdvance", "ph":"B", "ts":"3425908547", "pid":"1", "tid":"cice"},
{"name":"ModelAdvance", "ph":"E", "ts":"3426375523", "pid":"1", "tid":"cice"},
{"name":"ModelAdvance", "ph":"B", "ts":"3426618660", "pid":"1", "tid":"cice"},
{"name":"ModelAdvance", "ph":"E", "ts":"3427084876", "pid":"1", "tid":"cice"},
{"name":"ModelAdvance", "ph":"B", "ts":"3427283720", "pid":"1", "tid":"cice"},
{"name":"ModelAdvance", "ph":"E", "ts":"3427761473", "pid":"1", "tid":"cice"},
{"name":"ModelAdvance", "ph":"B", "ts":"3427969631", "pid":"1", "tid":"cice"},
{"name":"ModelAdvance", "ph":"E", "ts":"3428436393", "pid":"1", "tid":"cice"},
{"name":"ModelAdvance", "ph":"B", "ts":"3428639972", "pid":"1", "tid":"cice"},
{"name":"ModelAdvance", "ph":"E", "ts":"3429109199", "pid":"1", "tid":"cice"},
{"name":"ModelAdvance", "ph":"B", "ts":"3429290024", "pid":"1", "tid":"cice"},
{"name":"ModelAdvance", "ph":"E", "ts":"3429760776", "pid":"1", "tid":"cice"},
{"name":"ModelAdvance", "ph":"B", "ts":"3429956873", "pid":"1", "tid":"cice"},
{"name":"ModelAdvance", "ph":"E", "ts":"3430427883", "pid":"1", "tid":"cice"},
{"name":"ModelAdvance", "ph":"B", "ts":"3430645242", "pid":"1", "tid":"cice"},
{"name":"ModelAdvance", "ph":"E", "ts":"3431125690", "pid":"1", "tid":"cice"},
{"name":"ModelAdvance", "ph":"B", "ts":"3431300878", "pid":"1", "tid":"cice"},
{"name":"ModelAdvance", "ph":"E", "ts":"3431770704", "pid":"1", "tid":"cice"},
{"name":"ModelAdvance", "ph":"B", "ts":"3432009760", "pid":"1", "tid":"cice"},
{"name":"ModelAdvance", "ph":"E", "ts":"3432483169", "pid":"1", "tid":"cice"},
{"name":"ModelAdvance", "ph":"B", "ts":"3432655768", "pid":"1", "tid":"cice"},
{"name":"ModelAdvance", "ph":"E", "ts":"3433131884", "pid":"1", "tid":"cice"},
{"name":"ModelAdvance", "ph":"B", "ts":"3433307187", "pid":"1", "tid":"cice"},
{"name":"ModelAdvance", "ph":"E", "ts":"3433776620", "pid":"1", "tid":"cice"},
{"name":"ModelAdvance", "ph":"B", "ts":"3433964198", "pid":"1", "tid":"cice"},
{"name":"ModelAdvance", "ph":"E", "ts":"3434438649", "pid":"1", "tid":"cice"},
{"name":"ModelAdvance", "ph":"B", "ts":"3434636825", "pid":"1", "tid":"cice"},
{"name":"ModelAdvance", "ph":"E", "ts":"3435109354", "pid":"1", "tid":"cice"},
{"name":"ModelAdvance", "ph":"B", "ts":"3435286058", "pid":"1", "tid":"cice"},
{"name":"ModelAdvance", "ph":"E", "ts":"3435760905", "pid":"1", "tid":"cice"},
{"name":"ModelAdvance", "ph":"B", "ts":"3436001490", "pid":"1", "tid":"cice"},
{"name":"ModelAdvance", "ph":"E", "ts":"3436489348", "pid":"1", "tid":"cice"},
{"name":"ModelAdvance", "ph":"B", "ts":"3436660338", "pid":"1", "tid":"cice"},
{"name":"ModelAdvance", "ph":"E", "ts":"3437133155", "pid":"1", "tid":"cice"},
{"name":"ModelAdvance", "ph":"B", "ts":"3437321950", "pid":"1", "tid":"cice"},
{"name":"ModelAdvance", "ph":"E", "ts":"3437793275", "pid":"1", "tid":"cice"},
{"name":"ModelAdvance", "ph":"B", "ts":"3438001723", "pid":"1", "tid":"cice"},
{"name":"ModelAdvance", "ph":"E", "ts":"3438471729", "pid":"1", "tid":"cice"},
{"name":"ModelAdvance", "ph":"B", "ts":"3438739185", "pid":"1", "tid":"cice"},
{"name":"ModelAdvance", "ph":"E", "ts":"3439210447", "pid":"1", "tid":"cice"},
{"name":"ModelAdvance", "ph":"B", "ts":"3450686709", "pid":"1", "tid":"cice"},
{"name":"ModelAdvance", "ph":"E", "ts":"3451156048", "pid":"1", "tid":"cice"},
{"name":"ModelAdvance", "ph":"B", "ts":"3451339777", "pid":"1", "tid":"cice"},
{"name":"ModelAdvance", "ph":"E", "ts":"3451813473", "pid":"1", "tid":"cice"},
{"name":"ModelAdvance", "ph":"B", "ts":"3451989101", "pid":"1", "tid":"cice"},
{"name":"ModelAdvance", "ph":"E", "ts":"3452467252", "pid":"1", "tid":"cice"},
{"name":"ModelAdvance", "ph":"B", "ts":"3452642711", "pid":"1", "tid":"cice"},
{"name":"ModelAdvance", "ph":"E", "ts":"3453113623", "pid":"1", "tid":"cice"},
{"name":"ModelAdvance", "ph":"B", "ts":"3453327823", "pid":"1", "tid":"cice"},
{"name":"ModelAdvance", "ph":"E", "ts":"3453799751", "pid":"1", "tid":"cice"},
{"name":"ModelAdvance", "ph":"B", "ts":"3453981300", "pid":"1", "tid":"cice"},
{"name":"ModelAdvance", "ph":"E", "ts":"3454451920", "pid":"1", "tid":"cice"},
{"name":"ModelAdvance", "ph":"B", "ts":"3454647796", "pid":"1", "tid":"cice"},
{"name":"ModelAdvance", "ph":"E", "ts":"3455123231", "pid":"1", "tid":"cice"},
{"name":"ModelAdvance", "ph":"B", "ts":"3455310197", "pid":"1", "tid":"cice"},
{"name":"ModelAdvance", "ph":"E", "ts":"3455777152", "pid":"1", "tid":"cice"},
{"name":"ModelAdvance", "ph":"B", "ts":"3455967353", "pid":"1", "tid":"cice"},
{"name":"ModelAdvance", "ph":"E", "ts":"3456429917", "pid":"1", "tid":"cice"},
{"name":"ModelAdvance", "ph":"B", "ts":"3456664999", "pid":"1", "tid":"cice"},
{"name":"ModelAdvance", "ph":"E", "ts":"3457143130", "pid":"1", "tid":"cice"},
{"name":"ModelAdvance", "ph":"B", "ts":"3457378444", "pid":"1", "tid":"cice"},
{"name":"ModelAdvance", "ph":"E", "ts":"3457847142", "pid":"1", "tid":"cice"},
{"name":"ModelAdvance", "ph":"B", "ts":"3458066028", "pid":"1", "tid":"cice"},
{"name":"ModelAdvance", "ph":"E", "ts":"3458529520", "pid":"1", "tid":"cice"},
{"name":"ModelAdvance", "ph":"B", "ts":"3458712989", "pid":"1", "tid":"cice"},
{"name":"ModelAdvance", "ph":"E", "ts":"3459181255", "pid":"1", "tid":"cice"},
{"name":"ModelAdvance", "ph":"B", "ts":"3459370123", "pid":"1", "tid":"cice"},
{"name":"ModelAdvance", "ph":"E", "ts":"3459842594", "pid":"1", "tid":"cice"},
{"name":"ModelAdvance", "ph":"B", "ts":"3460022808", "pid":"1", "tid":"cice"},
{"name":"ModelAdvance", "ph":"E", "ts":"3460498876", "pid":"1", "tid":"cice"},
{"name":"ModelAdvance", "ph":"B", "ts":"3460678741", "pid":"1", "tid":"cice"},
{"name":"ModelAdvance", "ph":"E", "ts":"3461156335", "pid":"1", "tid":"cice"},
{"name":"ModelAdvance", "ph":"B", "ts":"3461333452", "pid":"1", "tid":"cice"},
{"name":"ModelAdvance", "ph":"E", "ts":"3461806795", "pid":"1", "tid":"cice"},
{"name":"ModelAdvance", "ph":"B", "ts":"3461985259", "pid":"1", "tid":"cice"},
{"name":"ModelAdvance", "ph":"E", "ts":"3462462888", "pid":"1", "tid":"cice"},
{"name":"ModelAdvance", "ph":"B", "ts":"3462639786", "pid":"1", "tid":"cice"},
{"name":"ModelAdvance", "ph":"E", "ts":"3463110251", "pid":"1", "tid":"cice"},
{"name":"ModelAdvance", "ph":"B", "ts":"3463293668", "pid":"1", "tid":"cice"},
{"name":"ModelAdvance", "ph":"E", "ts":"3463759726", "pid":"1", "tid":"cice"},
{"name":"ModelAdvance", "ph":"B", "ts":"3463942706", "pid":"1", "tid":"cice"},
{"name":"ModelAdvance", "ph":"E", "ts":"3464411118", "pid":"1", "tid":"cice"},
{"name":"ModelAdvance", "ph":"B", "ts":"3464588372", "pid":"1", "tid":"cice"},
{"name":"ModelAdvance", "ph":"E", "ts":"3465054900", "pid":"1", "tid":"cice"},
{"name":"ModelAdvance", "ph":"B", "ts":"3465235429", "pid":"1", "tid":"cice"},
{"name":"ModelAdvance", "ph":"E", "ts":"3465712936", "pid":"1", "tid":"cice"},
{"name":"ModelAdvance", "ph":"B", "ts":"3465914296", "pid":"1", "tid":"cice"},
{"name":"ModelAdvance", "ph":"E", "ts":"3466389062", "pid":"1", "tid":"cice"},
{"name":"ModelAdvance", "ph":"B", "ts":"3467201752", "pid":"1", "tid":"cice"},
{"name":"ModelAdvance", "ph":"E", "ts":"3467665875", "pid":"1", "tid":"cice"},
{"name":"ModelAdvance", "ph":"B", "ts":"3467841688", "pid":"1", "tid":"cice"},
{"name":"ModelAdvance", "ph":"E", "ts":"3468314859", "pid":"1", "tid":"cice"},
{"name":"ModelAdvance", "ph":"B", "ts":"3468496269", "pid":"1", "tid":"cice"},
{"name":"ModelAdvance", "ph":"E", "ts":"3468966184", "pid":"1", "tid":"cice"},
{"name":"ModelAdvance", "ph":"B", "ts":"3469140568", "pid":"1", "tid":"cice"},
{"name":"ModelAdvance", "ph":"E", "ts":"3469610011", "pid":"1", "tid":"cice"},
{"name":"ModelAdvance", "ph":"B", "ts":"3469796907", "pid":"1", "tid":"cice"},
{"name":"ModelAdvance", "ph":"E", "ts":"3470268051", "pid":"1", "tid":"cice"},
{"name":"ModelAdvance", "ph":"B", "ts":"3470449189", "pid":"1", "tid":"cice"},
{"name":"ModelAdvance", "ph":"E", "ts":"3470921325", "pid":"1", "tid":"cice"},
{"name":"ModelAdvance", "ph":"B", "ts":"3471099467", "pid":"1", "tid":"cice"},
{"name":"ModelAdvance", "ph":"E", "ts":"3471567616", "pid":"1", "tid":"cice"},
{"name":"ModelAdvance", "ph":"B", "ts":"3471747334", "pid":"1", "tid":"cice"},
{"name":"ModelAdvance", "ph":"E", "ts":"3472216115", "pid":"1", "tid":"cice"},
{"name":"ModelAdvance", "ph":"B", "ts":"3472398866", "pid":"1", "tid":"cice"},
{"name":"ModelAdvance", "ph":"E", "ts":"3472867783", "pid":"1", "tid":"cice"},
{"name":"ModelAdvance", "ph":"B", "ts":"3473078889", "pid":"1", "tid":"cice"},
{"name":"ModelAdvance", "ph":"E", "ts":"3473545537", "pid":"1", "tid":"cice"},
{"name":"ModelAdvance", "ph":"B", "ts":"3473724788", "pid":"1", "tid":"cice"},
{"name":"ModelAdvance", "ph":"E", "ts":"3474194953", "pid":"1", "tid":"cice"},
{"name":"ModelAdvance", "ph":"B", "ts":"3474399910", "pid":"1", "tid":"cice"},
{"name":"ModelAdvance", "ph":"E", "ts":"3474872698", "pid":"1", "tid":"cice"},
{"name":"ModelAdvance", "ph":"B", "ts":"3475042871", "pid":"1", "tid":"cice"},
{"name":"ModelAdvance", "ph":"E", "ts":"3475523653", "pid":"1", "tid":"cice"},
{"name":"ModelAdvance", "ph":"B", "ts":"3475677255", "pid":"1", "tid":"cice"},
{"name":"ModelAdvance", "ph":"E", "ts":"3476140359", "pid":"1", "tid":"cice"},
{"name":"ModelAdvance", "ph":"B", "ts":"3476311939", "pid":"1", "tid":"cice"},
{"name":"ModelAdvance", "ph":"E", "ts":"3476790925", "pid":"1", "tid":"cice"},
{"name":"ModelAdvance", "ph":"B", "ts":"3476958995", "pid":"1", "tid":"cice"},
{"name":"ModelAdvance", "ph":"E", "ts":"3477434605", "pid":"1", "tid":"cice"},
{"name":"ModelAdvance", "ph":"B", "ts":"3477593075", "pid":"1", "tid":"cice"},
{"name":"ModelAdvance", "ph":"E", "ts":"3478061239", "pid":"1", "tid":"cice"},
{"name":"ModelAdvance", "ph":"B", "ts":"3478236092", "pid":"1", "tid":"cice"},
{"name":"ModelAdvance", "ph":"E", "ts":"3478707944", "pid":"1", "tid":"cice"},
{"name":"ModelAdvance", "ph":"B", "ts":"3478886238", "pid":"1", "tid":"cice"},
{"name":"ModelAdvance", "ph":"E", "ts":"3479345860", "pid":"1", "tid":"cice"},
{"name":"ModelAdvance", "ph":"B", "ts":"3479525070", "pid":"1", "tid":"cice"},
{"name":"ModelAdvance", "ph":"E", "ts":"3479998323", "pid":"1", "tid":"cice"},
{"name":"ModelAdvance", "ph":"B", "ts":"3480163687", "pid":"1", "tid":"cice"},
{"name":"ModelAdvance", "ph":"E", "ts":"3480638498", "pid":"1", "tid":"cice"},
{"name":"ModelAdvance", "ph":"B", "ts":"3480811317", "pid":"1", "tid":"cice"},
{"name":"ModelAdvance", "ph":"E", "ts":"3481282073", "pid":"1", "tid":"cice"},
{"name":"ModelAdvance", "ph":"B", "ts":"3481449730", "pid":"1", "tid":"cice"},
{"name":"ModelAdvance", "ph":"E", "ts":"3481911796", "pid":"1", "tid":"cice"},
{"name":"ModelAdvance", "ph":"B", "ts":"3482113663", "pid":"1", "tid":"cice"},
{"name":"ModelAdvance", "ph":"E", "ts":"3482584933", "pid":"1", "tid":"cice"},
{"name":"ModelAdvance", "ph":"B", "ts":"3483375749", "pid":"1", "tid":"cice"},
{"name":"ModelAdvance", "ph":"E", "ts":"3483857171", "pid":"1", "tid":"cice"},
{"name":"ModelAdvance", "ph":"B", "ts":"3484011260", "pid":"1", "tid":"cice"},
{"name":"ModelAdvance", "ph":"E", "ts":"3484487039", "pid":"1", "tid":"cice"},
{"name":"ModelAdvance", "ph":"B", "ts":"3484629658", "pid":"1", "tid":"cice"},
{"name":"ModelAdvance", "ph":"E", "ts":"3485102495", "pid":"1", "tid":"cice"},
{"name":"ModelAdvance", "ph":"B", "ts":"3485265326", "pid":"1", "tid":"cice"},
{"name":"ModelAdvance", "ph":"E", "ts":"3485729228", "pid":"1", "tid":"cice"},
{"name":"ModelAdvance", "ph":"B", "ts":"3485901874", "pid":"1", "tid":"cice"},
{"name":"ModelAdvance", "ph":"E", "ts":"3486377528", "pid":"1", "tid":"cice"},
{"name":"ModelAdvance", "ph":"B", "ts":"3486532346", "pid":"1", "tid":"cice"},
{"name":"ModelAdvance", "ph":"E", "ts":"3487000253", "pid":"1", "tid":"cice"},
{"name":"ModelAdvance", "ph":"B", "ts":"3487170551", "pid":"1", "tid":"cice"},
{"name":"ModelAdvance", "ph":"E", "ts":"3487639775", "pid":"1", "tid":"cice"},
{"name":"ModelAdvance", "ph":"B", "ts":"3487808745", "pid":"1", "tid":"cice"},
{"name":"ModelAdvance", "ph":"E", "ts":"3488276601", "pid":"1", "tid":"cice"},
{"name":"ModelAdvance", "ph":"B", "ts":"3488444088", "pid":"1", "tid":"cice"},
{"name":"ModelAdvance", "ph":"E", "ts":"3488915315", "pid":"1", "tid":"cice"},
{"name":"ModelAdvance", "ph":"B", "ts":"3489078016", "pid":"1", "tid":"cice"},
{"name":"ModelAdvance", "ph":"E", "ts":"3489546439", "pid":"1", "tid":"cice"},
{"name":"ModelAdvance", "ph":"B", "ts":"3489707925", "pid":"1", "tid":"cice"},
{"name":"ModelAdvance", "ph":"E", "ts":"3490185296", "pid":"1", "tid":"cice"},
{"name":"ModelAdvance", "ph":"B", "ts":"3490356551", "pid":"1", "tid":"cice"},
{"name":"ModelAdvance", "ph":"E", "ts":"3490833739", "pid":"1", "tid":"cice"},
{"name":"ModelAdvance", "ph":"B", "ts":"3490984136", "pid":"1", "tid":"cice"},
{"name":"ModelAdvance", "ph":"E", "ts":"3491462837", "pid":"1", "tid":"cice"},
{"name":"ModelAdvance", "ph":"B", "ts":"3491622541", "pid":"1", "tid":"cice"},
{"name":"ModelAdvance", "ph":"E", "ts":"3492094457", "pid":"1", "tid":"cice"},
{"name":"ModelAdvance", "ph":"B", "ts":"3492256944", "pid":"1", "tid":"cice"},
{"name":"ModelAdvance", "ph":"E", "ts":"3492732187", "pid":"1", "tid":"cice"},
{"name":"ModelAdvance", "ph":"B", "ts":"3492883349", "pid":"1", "tid":"cice"},
{"name":"ModelAdvance", "ph":"E", "ts":"3493350168", "pid":"1", "tid":"cice"},
{"name":"ModelAdvance", "ph":"B", "ts":"3493507618", "pid":"1", "tid":"cice"},
{"name":"ModelAdvance", "ph":"E", "ts":"3493975084", "pid":"1", "tid":"cice"},
{"name":"ModelAdvance", "ph":"B", "ts":"3494134987", "pid":"1", "tid":"cice"},
{"name":"ModelAdvance", "ph":"E", "ts":"3494608368", "pid":"1", "tid":"cice"},
{"name":"ModelAdvance", "ph":"B", "ts":"3494779419", "pid":"1", "tid":"cice"},
{"name":"ModelAdvance", "ph":"E", "ts":"3495252516", "pid":"1", "tid":"cice"},
{"name":"ModelAdvance", "ph":"B", "ts":"3495409847", "pid":"1", "tid":"cice"},
{"name":"ModelAdvance", "ph":"E", "ts":"3495888124", "pid":"1", "tid":"cice"},
{"name":"ModelAdvance", "ph":"B", "ts":"3496038770", "pid":"1", "tid":"cice"},
{"name":"ModelAdvance", "ph":"E", "ts":"3496520179", "pid":"1", "tid":"cice"},
{"name":"ModelAdvance", "ph":"B", "ts":"3496694053", "pid":"1", "tid":"cice"},
{"name":"ModelAdvance", "ph":"E", "ts":"3497159641", "pid":"1", "tid":"cice"},
{"name":"ModelAdvance", "ph":"B", "ts":"3497335013", "pid":"1", "tid":"cice"},
{"name":"ModelAdvance", "ph":"E", "ts":"3497934652", "pid":"1", "tid":"cice"},
{"name":"ModelAdvance", "ph":"B", "ts":"3498038444", "pid":"1", "tid":"cice"},
{"name":"ModelAdvance", "ph":"E", "ts":"3498517098", "pid":"1", "tid":"cice"},
{"name":"ModelAdvance", "ph":"B", "ts":"3499311848", "pid":"1", "tid":"cice"},
{"name":"ModelAdvance", "ph":"E", "ts":"3499782967", "pid":"1", "tid":"cice"},
{"name":"ModelAdvance", "ph":"B", "ts":"3499954665", "pid":"1", "tid":"cice"},
{"name":"ModelAdvance", "ph":"E", "ts":"3500417706", "pid":"1", "tid":"cice"},
{"name":"ModelAdvance", "ph":"B", "ts":"3500599753", "pid":"1", "tid":"cice"},
{"name":"ModelAdvance", "ph":"E", "ts":"3501068615", "pid":"1", "tid":"cice"},
{"name":"ModelAdvance", "ph":"B", "ts":"3501241773", "pid":"1", "tid":"cice"},
{"name":"ModelAdvance", "ph":"E", "ts":"3501707109", "pid":"1", "tid":"cice"},
{"name":"ModelAdvance", "ph":"B", "ts":"3501891670", "pid":"1", "tid":"cice"},
{"name":"ModelAdvance", "ph":"E", "ts":"3502363153", "pid":"1", "tid":"cice"},
{"name":"ModelAdvance", "ph":"B", "ts":"3502608161", "pid":"1", "tid":"cice"},
{"name":"ModelAdvance", "ph":"E", "ts":"3503073136", "pid":"1", "tid":"cice"},
{"name":"ModelAdvance", "ph":"B", "ts":"3503259964", "pid":"1", "tid":"cice"},
{"name":"ModelAdvance", "ph":"E", "ts":"3503739738", "pid":"1", "tid":"cice"},
{"name":"ModelAdvance", "ph":"B", "ts":"3503916629", "pid":"1", "tid":"cice"},
{"name":"ModelAdvance", "ph":"E", "ts":"3504386015", "pid":"1", "tid":"cice"},
{"name":"ModelAdvance", "ph":"B", "ts":"3504622620", "pid":"1", "tid":"cice"},
{"name":"ModelAdvance", "ph":"E", "ts":"3505087617", "pid":"1", "tid":"cice"},
{"name":"ModelAdvance", "ph":"B", "ts":"3505330429", "pid":"1", "tid":"cice"},
{"name":"ModelAdvance", "ph":"E", "ts":"3505803142", "pid":"1", "tid":"cice"},
{"name":"ModelAdvance", "ph":"B", "ts":"3506016572", "pid":"1", "tid":"cice"},
{"name":"ModelAdvance", "ph":"E", "ts":"3506485014", "pid":"1", "tid":"cice"},
{"name":"ModelAdvance", "ph":"B", "ts":"3506703118", "pid":"1", "tid":"cice"},
{"name":"ModelAdvance", "ph":"E", "ts":"3507180394", "pid":"1", "tid":"cice"},
{"name":"ModelAdvance", "ph":"B", "ts":"3507353687", "pid":"1", "tid":"cice"},
{"name":"ModelAdvance", "ph":"E", "ts":"3507829370", "pid":"1", "tid":"cice"},
{"name":"ModelAdvance", "ph":"B", "ts":"3508033132", "pid":"1", "tid":"cice"},
{"name":"ModelAdvance", "ph":"E", "ts":"3508507028", "pid":"1", "tid":"cice"},
{"name":"ModelAdvance", "ph":"B", "ts":"3508693939", "pid":"1", "tid":"cice"},
{"name":"ModelAdvance", "ph":"E", "ts":"3509161076", "pid":"1", "tid":"cice"},
{"name":"ModelAdvance", "ph":"B", "ts":"3509348606", "pid":"1", "tid":"cice"},
{"name":"ModelAdvance", "ph":"E", "ts":"3509830343", "pid":"1", "tid":"cice"},
{"name":"ModelAdvance", "ph":"B", "ts":"3509996436", "pid":"1", "tid":"cice"},
{"name":"ModelAdvance", "ph":"E", "ts":"3510470773", "pid":"1", "tid":"cice"},
{"name":"ModelAdvance", "ph":"B", "ts":"3510634624", "pid":"1", "tid":"cice"},
{"name":"ModelAdvance", "ph":"E", "ts":"3511110339", "pid":"1", "tid":"cice"},
{"name":"ModelAdvance", "ph":"B", "ts":"3511285491", "pid":"1", "tid":"cice"},
{"name":"ModelAdvance", "ph":"E", "ts":"3511752304", "pid":"1", "tid":"cice"},
{"name":"ModelAdvance", "ph":"B", "ts":"3511942996", "pid":"1", "tid":"cice"},
{"name":"ModelAdvance", "ph":"E", "ts":"3512411798", "pid":"1", "tid":"cice"},
{"name":"ModelAdvance", "ph":"B", "ts":"3512588202", "pid":"1", "tid":"cice"},
{"name":"ModelAdvance", "ph":"E", "ts":"3513056863", "pid":"1", "tid":"cice"},
{"name":"ModelAdvance", "ph":"B", "ts":"3513247263", "pid":"1", "tid":"cice"},
{"name":"ModelAdvance", "ph":"E", "ts":"3513718581", "pid":"1", "tid":"cice"},
{"name":"ModelAdvance", "ph":"B", "ts":"3513896437", "pid":"1", "tid":"cice"},
{"name":"ModelAdvance", "ph":"E", "ts":"3514366478", "pid":"1", "tid":"cice"},
{"name":"ModelAdvance", "ph":"B", "ts":"3514574401", "pid":"1", "tid":"cice"},
{"name":"ModelAdvance", "ph":"E", "ts":"3515046828", "pid":"1", "tid":"cice"},
{"name":"ModelAdvance", "ph":"B", "ts":"3515878232", "pid":"1", "tid":"cice"},
{"name":"ModelAdvance", "ph":"E", "ts":"3516342598", "pid":"1", "tid":"cice"},
{"name":"ModelAdvance", "ph":"B", "ts":"3516521239", "pid":"1", "tid":"cice"},
{"name":"ModelAdvance", "ph":"E", "ts":"3516988256", "pid":"1", "tid":"cice"},
{"name":"ModelAdvance", "ph":"B", "ts":"3517169569", "pid":"1", "tid":"cice"},
{"name":"ModelAdvance", "ph":"E", "ts":"3517625813", "pid":"1", "tid":"cice"},
{"name":"ModelAdvance", "ph":"B", "ts":"3517812710", "pid":"1", "tid":"cice"},
{"name":"ModelAdvance", "ph":"E", "ts":"3518287117", "pid":"1", "tid":"cice"},
{"name":"ModelAdvance", "ph":"B", "ts":"3518478838", "pid":"1", "tid":"cice"},
{"name":"ModelAdvance", "ph":"E", "ts":"3518949541", "pid":"1", "tid":"cice"},
{"name":"ModelAdvance", "ph":"B", "ts":"3519143974", "pid":"1", "tid":"cice"},
{"name":"ModelAdvance", "ph":"E", "ts":"3519612863", "pid":"1", "tid":"cice"},
{"name":"ModelAdvance", "ph":"B", "ts":"3519839165", "pid":"1", "tid":"cice"},
{"name":"ModelAdvance", "ph":"E", "ts":"3520304409", "pid":"1", "tid":"cice"},
{"name":"ModelAdvance", "ph":"B", "ts":"3520483825", "pid":"1", "tid":"cice"},
{"name":"ModelAdvance", "ph":"E", "ts":"3520958043", "pid":"1", "tid":"cice"},
{"name":"ModelAdvance", "ph":"B", "ts":"3521140095", "pid":"1", "tid":"cice"},
{"name":"ModelAdvance", "ph":"E", "ts":"3521615404", "pid":"1", "tid":"cice"},
{"name":"ModelAdvance", "ph":"B", "ts":"3521790679", "pid":"1", "tid":"cice"},
{"name":"ModelAdvance", "ph":"E", "ts":"3522258781", "pid":"1", "tid":"cice"},
{"name":"ModelAdvance", "ph":"B", "ts":"3522457351", "pid":"1", "tid":"cice"},
{"name":"ModelAdvance", "ph":"E", "ts":"3522924538", "pid":"1", "tid":"cice"},
{"name":"ModelAdvance", "ph":"B", "ts":"3523173392", "pid":"1", "tid":"cice"},
{"name":"ModelAdvance", "ph":"E", "ts":"3523673254", "pid":"1", "tid":"cice"},
{"name":"ModelAdvance", "ph":"B", "ts":"3523847409", "pid":"1", "tid":"cice"},
{"name":"ModelAdvance", "ph":"E", "ts":"3524315003", "pid":"1", "tid":"cice"},
{"name":"ModelAdvance", "ph":"B", "ts":"3524505056", "pid":"1", "tid":"cice"},
{"name":"ModelAdvance", "ph":"E", "ts":"3524975773", "pid":"1", "tid":"cice"},
{"name":"ModelAdvance", "ph":"B", "ts":"3525162131", "pid":"1", "tid":"cice"},
{"name":"ModelAdvance", "ph":"E", "ts":"3525636200", "pid":"1", "tid":"cice"},
{"name":"ModelAdvance", "ph":"B", "ts":"3525822869", "pid":"1", "tid":"cice"},
{"name":"ModelAdvance", "ph":"E", "ts":"3526296602", "pid":"1", "tid":"cice"},
{"name":"ModelAdvance", "ph":"B", "ts":"3526481906", "pid":"1", "tid":"cice"},
{"name":"ModelAdvance", "ph":"E", "ts":"3526954069", "pid":"1", "tid":"cice"},
{"name":"ModelAdvance", "ph":"B", "ts":"3527150455", "pid":"1", "tid":"cice"},
{"name":"ModelAdvance", "ph":"E", "ts":"3527638858", "pid":"1", "tid":"cice"},
{"name":"ModelAdvance", "ph":"B", "ts":"3527812651", "pid":"1", "tid":"cice"},
{"name":"ModelAdvance", "ph":"E", "ts":"3528278949", "pid":"1", "tid":"cice"},
{"name":"ModelAdvance", "ph":"B", "ts":"3528482371", "pid":"1", "tid":"cice"},
{"name":"ModelAdvance", "ph":"E", "ts":"3528951120", "pid":"1", "tid":"cice"},
{"name":"ModelAdvance", "ph":"B", "ts":"3529146386", "pid":"1", "tid":"cice"},
{"name":"ModelAdvance", "ph":"E", "ts":"3529607217", "pid":"1", "tid":"cice"},
{"name":"ModelAdvance", "ph":"B", "ts":"3529848440", "pid":"1", "tid":"cice"},
{"name":"ModelAdvance", "ph":"E", "ts":"3530310461", "pid":"1", "tid":"cice"},
{"name":"ModelAdvance", "ph":"B", "ts":"3530531155", "pid":"1", "tid":"cice"},
{"name":"ModelAdvance", "ph":"E", "ts":"3530995506", "pid":"1", "tid":"cice"},
{"name":"ModelAdvance", "ph":"B", "ts":"3531232883", "pid":"1", "tid":"cice"},
{"name":"ModelAdvance", "ph":"E", "ts":"3531712453", "pid":"1", "tid":"cice"},
{"name":"ModelAdvance", "ph":"B", "ts":"3532499564", "pid":"1", "tid":"cice"},
{"name":"ModelAdvance", "ph":"E", "ts":"3532965784", "pid":"1", "tid":"cice"},
{"name":"ModelAdvance", "ph":"B", "ts":"3533163034", "pid":"1", "tid":"cice"},
{"name":"ModelAdvance", "ph":"E", "ts":"3533637073", "pid":"1", "tid":"cice"},
{"name":"ModelAdvance", "ph":"B", "ts":"3533819197", "pid":"1", "tid":"cice"},
{"name":"ModelAdvance", "ph":"E", "ts":"3534288702", "pid":"1", "tid":"cice"},
{"name":"ModelAdvance", "ph":"B", "ts":"3534476288", "pid":"1", "tid":"cice"},
{"name":"ModelAdvance", "ph":"E", "ts":"3534944153", "pid":"1", "tid":"cice"},
{"name":"ModelAdvance", "ph":"B", "ts":"3535125653", "pid":"1", "tid":"cice"},
{"name":"ModelAdvance", "ph":"E", "ts":"3535604331", "pid":"1", "tid":"cice"},
{"name":"ModelAdvance", "ph":"B", "ts":"3535786987", "pid":"1", "tid":"cice"},
{"name":"ModelAdvance", "ph":"E", "ts":"3536262479", "pid":"1", "tid":"cice"},
{"name":"ModelAdvance", "ph":"B", "ts":"3536448908", "pid":"1", "tid":"cice"},
{"name":"ModelAdvance", "ph":"E", "ts":"3536923705", "pid":"1", "tid":"cice"},
{"name":"ModelAdvance", "ph":"B", "ts":"3537124043", "pid":"1", "tid":"cice"},
{"name":"ModelAdvance", "ph":"E", "ts":"3537595110", "pid":"1", "tid":"cice"},
{"name":"ModelAdvance", "ph":"B", "ts":"3537809983", "pid":"1", "tid":"cice"},
{"name":"ModelAdvance", "ph":"E", "ts":"3538283978", "pid":"1", "tid":"cice"},
{"name":"ModelAdvance", "ph":"B", "ts":"3538488809", "pid":"1", "tid":"cice"},
{"name":"ModelAdvance", "ph":"E", "ts":"3538962439", "pid":"1", "tid":"cice"},
{"name":"ModelAdvance", "ph":"B", "ts":"3539148480", "pid":"1", "tid":"cice"},
{"name":"ModelAdvance", "ph":"E", "ts":"3539617632", "pid":"1", "tid":"cice"},
{"name":"ModelAdvance", "ph":"B", "ts":"3539859167", "pid":"1", "tid":"cice"},
{"name":"ModelAdvance", "ph":"E", "ts":"3540324143", "pid":"1", "tid":"cice"},
{"name":"ModelAdvance", "ph":"B", "ts":"3540533309", "pid":"1", "tid":"cice"},
{"name":"ModelAdvance", "ph":"E", "ts":"3541000326", "pid":"1", "tid":"cice"},
{"name":"ModelAdvance", "ph":"B", "ts":"3541206254", "pid":"1", "tid":"cice"},
{"name":"ModelAdvance", "ph":"E", "ts":"3541676786", "pid":"1", "tid":"cice"},
{"name":"ModelAdvance", "ph":"B", "ts":"3541866193", "pid":"1", "tid":"cice"},
{"name":"ModelAdvance", "ph":"E", "ts":"3542336146", "pid":"1", "tid":"cice"},
{"name":"ModelAdvance", "ph":"B", "ts":"3542523809", "pid":"1", "tid":"cice"},
{"name":"ModelAdvance", "ph":"E", "ts":"3542997880", "pid":"1", "tid":"cice"},
{"name":"ModelAdvance", "ph":"B", "ts":"3543229705", "pid":"1", "tid":"cice"},
{"name":"ModelAdvance", "ph":"E", "ts":"3543702957", "pid":"1", "tid":"cice"},
{"name":"ModelAdvance", "ph":"B", "ts":"3543882070", "pid":"1", "tid":"cice"},
{"name":"ModelAdvance", "ph":"E", "ts":"3544353438", "pid":"1", "tid":"cice"},
{"name":"ModelAdvance", "ph":"B", "ts":"3544535579", "pid":"1", "tid":"cice"},
{"name":"ModelAdvance", "ph":"E", "ts":"3544996716", "pid":"1", "tid":"cice"},
{"name":"ModelAdvance", "ph":"B", "ts":"3545213220", "pid":"1", "tid":"cice"},
{"name":"ModelAdvance", "ph":"E", "ts":"3545687082", "pid":"1", "tid":"cice"},
{"name":"ModelAdvance", "ph":"B", "ts":"3545925668", "pid":"1", "tid":"cice"},
{"name":"ModelAdvance", "ph":"E", "ts":"3546405086", "pid":"1", "tid":"cice"},
{"name":"ModelAdvance", "ph":"B", "ts":"3546638918", "pid":"1", "tid":"cice"},
{"name":"ModelAdvance", "ph":"E", "ts":"3547116421", "pid":"1", "tid":"cice"},
{"name":"ModelAdvance", "ph":"B", "ts":"3547347262", "pid":"1", "tid":"cice"},
{"name":"ModelAdvance", "ph":"E", "ts":"3547827801", "pid":"1", "tid":"cice"},
{"name":"ModelAdvance", "ph":"B", "ts":"3548084685", "pid":"1", "tid":"cice"},
{"name":"ModelAdvance", "ph":"E", "ts":"3548557058", "pid":"1", "tid":"cice"},
{"name":"ModelAdvance", "ph":"B", "ts":"3549385046", "pid":"1", "tid":"cice"},
{"name":"ModelAdvance", "ph":"E", "ts":"3549849491", "pid":"1", "tid":"cice"},
{"name":"ModelAdvance", "ph":"B", "ts":"3550045504", "pid":"1", "tid":"cice"},
{"name":"ModelAdvance", "ph":"E", "ts":"3550511926", "pid":"1", "tid":"cice"},
{"name":"ModelAdvance", "ph":"B", "ts":"3550723670", "pid":"1", "tid":"cice"},
{"name":"ModelAdvance", "ph":"E", "ts":"3551195403", "pid":"1", "tid":"cice"},
{"name":"ModelAdvance", "ph":"B", "ts":"3551419669", "pid":"1", "tid":"cice"},
{"name":"ModelAdvance", "ph":"E", "ts":"3551889951", "pid":"1", "tid":"cice"},
{"name":"ModelAdvance", "ph":"B", "ts":"3552080672", "pid":"1", "tid":"cice"},
{"name":"ModelAdvance", "ph":"E", "ts":"3552543635", "pid":"1", "tid":"cice"},
{"name":"ModelAdvance", "ph":"B", "ts":"3552736227", "pid":"1", "tid":"cice"},
{"name":"ModelAdvance", "ph":"E", "ts":"3553208804", "pid":"1", "tid":"cice"},
{"name":"ModelAdvance", "ph":"B", "ts":"3553410311", "pid":"1", "tid":"cice"},
{"name":"ModelAdvance", "ph":"E", "ts":"3553876793", "pid":"1", "tid":"cice"},
{"name":"ModelAdvance", "ph":"B", "ts":"3554109873", "pid":"1", "tid":"cice"},
{"name":"ModelAdvance", "ph":"E", "ts":"3554581245", "pid":"1", "tid":"cice"},
{"name":"ModelAdvance", "ph":"B", "ts":"3554840541", "pid":"1", "tid":"cice"},
{"name":"ModelAdvance", "ph":"E", "ts":"3555314858", "pid":"1", "tid":"cice"},
{"name":"ModelAdvance", "ph":"B", "ts":"3555549614", "pid":"1", "tid":"cice"},
{"name":"ModelAdvance", "ph":"E", "ts":"3556031508", "pid":"1", "tid":"cice"},
{"name":"ModelAdvance", "ph":"B", "ts":"3556271780", "pid":"1", "tid":"cice"},
{"name":"ModelAdvance", "ph":"E", "ts":"3556737643", "pid":"1", "tid":"cice"},
{"name":"ModelAdvance", "ph":"B", "ts":"3556978761", "pid":"1", "tid":"cice"},
{"name":"ModelAdvance", "ph":"E", "ts":"3557450272", "pid":"1", "tid":"cice"},
{"name":"ModelAdvance", "ph":"B", "ts":"3557641451", "pid":"1", "tid":"cice"},
{"name":"ModelAdvance", "ph":"E", "ts":"3558117512", "pid":"1", "tid":"cice"},
{"name":"ModelAdvance", "ph":"B", "ts":"3558316711", "pid":"1", "tid":"cice"},
{"name":"ModelAdvance", "ph":"E", "ts":"3558791535", "pid":"1", "tid":"cice"},
{"name":"ModelAdvance", "ph":"B", "ts":"3558996220", "pid":"1", "tid":"cice"},
{"name":"ModelAdvance", "ph":"E", "ts":"3559464736", "pid":"1", "tid":"cice"},
{"name":"ModelAdvance", "ph":"B", "ts":"3559669617", "pid":"1", "tid":"cice"},
{"name":"ModelAdvance", "ph":"E", "ts":"3560139766", "pid":"1", "tid":"cice"},
{"name":"ModelAdvance", "ph":"B", "ts":"3560329537", "pid":"1", "tid":"cice"},
{"name":"ModelAdvance", "ph":"E", "ts":"3560808687", "pid":"1", "tid":"cice"},
{"name":"ModelAdvance", "ph":"B", "ts":"3560990039", "pid":"1", "tid":"cice"},
{"name":"ModelAdvance", "ph":"E", "ts":"3561461030", "pid":"1", "tid":"cice"},
{"name":"ModelAdvance", "ph":"B", "ts":"3561706244", "pid":"1", "tid":"cice"},
{"name":"ModelAdvance", "ph":"E", "ts":"3562181978", "pid":"1", "tid":"cice"},
{"name":"ModelAdvance", "ph":"B", "ts":"3562387333", "pid":"1", "tid":"cice"},
{"name":"ModelAdvance", "ph":"E", "ts":"3562859534", "pid":"1", "tid":"cice"},
{"name":"ModelAdvance", "ph":"B", "ts":"3563069507", "pid":"1", "tid":"cice"},
{"name":"ModelAdvance", "ph":"E", "ts":"3563533521", "pid":"1", "tid":"cice"},
{"name":"ModelAdvance", "ph":"B", "ts":"3563726909", "pid":"1", "tid":"cice"},
{"name":"ModelAdvance", "ph":"E", "ts":"3564205674", "pid":"1", "tid":"cice"},
{"name":"ModelAdvance", "ph":"B", "ts":"3564419409", "pid":"1", "tid":"cice"},
{"name":"ModelAdvance", "ph":"E", "ts":"3564881355", "pid":"1", "tid":"cice"},
{"name":"ModelAdvance", "ph":"B", "ts":"3565117922", "pid":"1", "tid":"cice"},
{"name":"ModelAdvance", "ph":"E", "ts":"3565595607", "pid":"1", "tid":"cice"},
{"name":"ModelAdvance", "ph":"B", "ts":"3566417109", "pid":"1", "tid":"cice"},
{"name":"ModelAdvance", "ph":"E", "ts":"3566883120", "pid":"1", "tid":"cice"},
{"name":"ModelAdvance", "ph":"B", "ts":"3567071048", "pid":"1", "tid":"cice"},
{"name":"ModelAdvance", "ph":"E", "ts":"3567549104", "pid":"1", "tid":"cice"},
{"name":"ModelAdvance", "ph":"B", "ts":"3567723457", "pid":"1", "tid":"cice"},
{"name":"ModelAdvance", "ph":"E", "ts":"3568191637", "pid":"1", "tid":"cice"},
{"name":"ModelAdvance", "ph":"B", "ts":"3568387986", "pid":"1", "tid":"cice"},
{"name":"ModelAdvance", "ph":"E", "ts":"3568870019", "pid":"1", "tid":"cice"},
{"name":"ModelAdvance", "ph":"B", "ts":"3569042757", "pid":"1", "tid":"cice"},
{"name":"ModelAdvance", "ph":"E", "ts":"3569517111", "pid":"1", "tid":"cice"},
{"name":"ModelAdvance", "ph":"B", "ts":"3569691578", "pid":"1", "tid":"cice"},
{"name":"ModelAdvance", "ph":"E", "ts":"3570163011", "pid":"1", "tid":"cice"},
{"name":"ModelAdvance", "ph":"B", "ts":"3570341515", "pid":"1", "tid":"cice"},
{"name":"ModelAdvance", "ph":"E", "ts":"3570817993", "pid":"1", "tid":"cice"},
{"name":"ModelAdvance", "ph":"B", "ts":"3570984680", "pid":"1", "tid":"cice"},
{"name":"ModelAdvance", "ph":"E", "ts":"3571448478", "pid":"1", "tid":"cice"},
{"name":"ModelAdvance", "ph":"B", "ts":"3571623842", "pid":"1", "tid":"cice"},
{"name":"ModelAdvance", "ph":"E", "ts":"3572091765", "pid":"1", "tid":"cice"},
{"name":"ModelAdvance", "ph":"B", "ts":"3572272952", "pid":"1", "tid":"cice"},
{"name":"ModelAdvance", "ph":"E", "ts":"3572753678", "pid":"1", "tid":"cice"},
{"name":"ModelAdvance", "ph":"B", "ts":"3572911168", "pid":"1", "tid":"cice"},
{"name":"ModelAdvance", "ph":"E", "ts":"3573386631", "pid":"1", "tid":"cice"},
{"name":"ModelAdvance", "ph":"B", "ts":"3573588715", "pid":"1", "tid":"cice"},
{"name":"ModelAdvance", "ph":"E", "ts":"3574059659", "pid":"1", "tid":"cice"},
{"name":"ModelAdvance", "ph":"B", "ts":"3574220793", "pid":"1", "tid":"cice"},
{"name":"ModelAdvance", "ph":"E", "ts":"3574682777", "pid":"1", "tid":"cice"},
{"name":"ModelAdvance", "ph":"B", "ts":"3574855437", "pid":"1", "tid":"cice"},
{"name":"ModelAdvance", "ph":"E", "ts":"3575330837", "pid":"1", "tid":"cice"},
{"name":"ModelAdvance", "ph":"B", "ts":"3575492264", "pid":"1", "tid":"cice"},
{"name":"ModelAdvance", "ph":"E", "ts":"3575967662", "pid":"1", "tid":"cice"},
{"name":"ModelAdvance", "ph":"B", "ts":"3576128627", "pid":"1", "tid":"cice"},
{"name":"ModelAdvance", "ph":"E", "ts":"3576596223", "pid":"1", "tid":"cice"},
{"name":"ModelAdvance", "ph":"B", "ts":"3576753159", "pid":"1", "tid":"cice"},
{"name":"ModelAdvance", "ph":"E", "ts":"3577221717", "pid":"1", "tid":"cice"},
{"name":"ModelAdvance", "ph":"B", "ts":"3577372325", "pid":"1", "tid":"cice"},
{"name":"ModelAdvance", "ph":"E", "ts":"3577853227", "pid":"1", "tid":"cice"},
{"name":"ModelAdvance", "ph":"B", "ts":"3578007698", "pid":"1", "tid":"cice"},
{"name":"ModelAdvance", "ph":"E", "ts":"3578473992", "pid":"1", "tid":"cice"},
{"name":"ModelAdvance", "ph":"B", "ts":"3578634470", "pid":"1", "tid":"cice"},
{"name":"ModelAdvance", "ph":"E", "ts":"3579102780", "pid":"1", "tid":"cice"},
{"name":"ModelAdvance", "ph":"B", "ts":"3579253656", "pid":"1", "tid":"cice"},
{"name":"ModelAdvance", "ph":"E", "ts":"3579724561", "pid":"1", "tid":"cice"},
{"name":"ModelAdvance", "ph":"B", "ts":"3579868899", "pid":"1", "tid":"cice"},
{"name":"ModelAdvance", "ph":"E", "ts":"3580350082", "pid":"1", "tid":"cice"},
{"name":"ModelAdvance", "ph":"B", "ts":"3580494055", "pid":"1", "tid":"cice"},
{"name":"ModelAdvance", "ph":"E", "ts":"3580961475", "pid":"1", "tid":"cice"},
{"name":"ModelAdvance", "ph":"B", "ts":"3581128290", "pid":"1", "tid":"cice"},
{"name":"ModelAdvance", "ph":"E", "ts":"3581601215", "pid":"1", "tid":"cice"},
{"name":"ModelAdvance", "ph":"B", "ts":"3582420579", "pid":"1", "tid":"cice"},
{"name":"ModelAdvance", "ph":"E", "ts":"3582887838", "pid":"1", "tid":"cice"},
{"name":"ModelAdvance", "ph":"B", "ts":"3583036344", "pid":"1", "tid":"cice"},
{"name":"ModelAdvance", "ph":"E", "ts":"3583505383", "pid":"1", "tid":"cice"},
{"name":"ModelAdvance", "ph":"B", "ts":"3583653414", "pid":"1", "tid":"cice"},
{"name":"ModelAdvance", "ph":"E", "ts":"3584126970", "pid":"1", "tid":"cice"},
{"name":"ModelAdvance", "ph":"B", "ts":"3584266325", "pid":"1", "tid":"cice"},
{"name":"ModelAdvance", "ph":"E", "ts":"3584737553", "pid":"1", "tid":"cice"},
{"name":"ModelAdvance", "ph":"B", "ts":"3584889815", "pid":"1", "tid":"cice"},
{"name":"ModelAdvance", "ph":"E", "ts":"3585358909", "pid":"1", "tid":"cice"},
{"name":"ModelAdvance", "ph":"B", "ts":"3585515732", "pid":"1", "tid":"cice"},
{"name":"ModelAdvance", "ph":"E", "ts":"3585986569", "pid":"1", "tid":"cice"},
{"name":"ModelAdvance", "ph":"B", "ts":"3586136246", "pid":"1", "tid":"cice"},
{"name":"ModelAdvance", "ph":"E", "ts":"3586610660", "pid":"1", "tid":"cice"},
{"name":"ModelAdvance", "ph":"B", "ts":"3586756508", "pid":"1", "tid":"cice"},
{"name":"ModelAdvance", "ph":"E", "ts":"3587223757", "pid":"1", "tid":"cice"},
{"name":"ModelAdvance", "ph":"B", "ts":"3587389230", "pid":"1", "tid":"cice"},
{"name":"ModelAdvance", "ph":"E", "ts":"3587863712", "pid":"1", "tid":"cice"},
{"name":"ModelAdvance", "ph":"B", "ts":"3588009411", "pid":"1", "tid":"cice"},
{"name":"ModelAdvance", "ph":"E", "ts":"3588489463", "pid":"1", "tid":"cice"},
{"name":"ModelAdvance", "ph":"B", "ts":"3588632455", "pid":"1", "tid":"cice"},
{"name":"ModelAdvance", "ph":"E", "ts":"3589108448", "pid":"1", "tid":"cice"},
{"name":"ModelAdvance", "ph":"B", "ts":"3589284430", "pid":"1", "tid":"cice"},
{"name":"ModelAdvance", "ph":"E", "ts":"3589760599", "pid":"1", "tid":"cice"},
{"name":"ModelAdvance", "ph":"B", "ts":"3589903851", "pid":"1", "tid":"cice"},
{"name":"ModelAdvance", "ph":"E", "ts":"3590370370", "pid":"1", "tid":"cice"},
{"name":"ModelAdvance", "ph":"B", "ts":"3590529493", "pid":"1", "tid":"cice"},
{"name":"ModelAdvance", "ph":"E", "ts":"3590995352", "pid":"1", "tid":"cice"},
{"name":"ModelAdvance", "ph":"B", "ts":"3591153783", "pid":"1", "tid":"cice"},
{"name":"ModelAdvance", "ph":"E", "ts":"3591632876", "pid":"1", "tid":"cice"},
{"name":"ModelAdvance", "ph":"B", "ts":"3591770365", "pid":"1", "tid":"cice"},
{"name":"ModelAdvance", "ph":"E", "ts":"3592250108", "pid":"1", "tid":"cice"},
{"name":"ModelAdvance", "ph":"B", "ts":"3592386557", "pid":"1", "tid":"cice"},
{"name":"ModelAdvance", "ph":"E", "ts":"3592863539", "pid":"1", "tid":"cice"},
{"name":"ModelAdvance", "ph":"B", "ts":"3593008744", "pid":"1", "tid":"cice"},
{"name":"ModelAdvance", "ph":"E", "ts":"3593480709", "pid":"1", "tid":"cice"},
{"name":"ModelAdvance", "ph":"B", "ts":"3593629447", "pid":"1", "tid":"cice"},
{"name":"ModelAdvance", "ph":"E", "ts":"3594099811", "pid":"1", "tid":"cice"},
{"name":"ModelAdvance", "ph":"B", "ts":"3594263033", "pid":"1", "tid":"cice"},
{"name":"ModelAdvance", "ph":"E", "ts":"3594727737", "pid":"1", "tid":"cice"},
{"name":"ModelAdvance", "ph":"B", "ts":"3594886232", "pid":"1", "tid":"cice"},
{"name":"ModelAdvance", "ph":"E", "ts":"3595361408", "pid":"1", "tid":"cice"},
{"name":"ModelAdvance", "ph":"B", "ts":"3595506676", "pid":"1", "tid":"cice"},
{"name":"ModelAdvance", "ph":"E", "ts":"3595979595", "pid":"1", "tid":"cice"},
{"name":"ModelAdvance", "ph":"B", "ts":"3596332431", "pid":"1", "tid":"cice"},
{"name":"ModelAdvance", "ph":"E", "ts":"3596926415", "pid":"1", "tid":"cice"},
{"name":"ModelAdvance", "ph":"B", "ts":"3597000869", "pid":"1", "tid":"cice"},
{"name":"ModelAdvance", "ph":"E", "ts":"3597476136", "pid":"1", "tid":"cice"},
{"name":"ModelAdvance", "ph":"B", "ts":"3598319168", "pid":"1", "tid":"cice"},
{"name":"ModelAdvance", "ph":"E", "ts":"3598781918", "pid":"1", "tid":"cice"},
{"name":"ModelAdvance", "ph":"B", "ts":"3598944166", "pid":"1", "tid":"cice"},
{"name":"ModelAdvance", "ph":"E", "ts":"3599418811", "pid":"1", "tid":"cice"},
{"name":"ModelAdvance", "ph":"B", "ts":"3599569231", "pid":"1", "tid":"cice"},
{"name":"ModelAdvance", "ph":"E", "ts":"3600050661", "pid":"1", "tid":"cice"},
{"name":"ModelAdvance", "ph":"B", "ts":"3600197010", "pid":"1", "tid":"cice"},
{"name":"ModelAdvance", "ph":"E", "ts":"3600667861", "pid":"1", "tid":"cice"},
{"name":"ModelAdvance", "ph":"B", "ts":"3600821335", "pid":"1", "tid":"cice"},
{"name":"ModelAdvance", "ph":"E", "ts":"3601280962", "pid":"1", "tid":"cice"},
{"name":"ModelAdvance", "ph":"B", "ts":"3601453268", "pid":"1", "tid":"cice"},
{"name":"ModelAdvance", "ph":"E", "ts":"3601920523", "pid":"1", "tid":"cice"},
{"name":"ModelAdvance", "ph":"B", "ts":"3602075218", "pid":"1", "tid":"cice"},
{"name":"ModelAdvance", "ph":"E", "ts":"3602540165", "pid":"1", "tid":"cice"},
{"name":"ModelAdvance", "ph":"B", "ts":"3602706445", "pid":"1", "tid":"cice"},
{"name":"ModelAdvance", "ph":"E", "ts":"3603177539", "pid":"1", "tid":"cice"},
{"name":"ModelAdvance", "ph":"B", "ts":"3603339730", "pid":"1", "tid":"cice"},
{"name":"ModelAdvance", "ph":"E", "ts":"3603809163", "pid":"1", "tid":"cice"},
{"name":"ModelAdvance", "ph":"B", "ts":"3603978792", "pid":"1", "tid":"cice"},
{"name":"ModelAdvance", "ph":"E", "ts":"3604451402", "pid":"1", "tid":"cice"},
{"name":"ModelAdvance", "ph":"B", "ts":"3604616165", "pid":"1", "tid":"cice"},
{"name":"ModelAdvance", "ph":"E", "ts":"3605078430", "pid":"1", "tid":"cice"},
{"name":"ModelAdvance", "ph":"B", "ts":"3605262774", "pid":"1", "tid":"cice"},
{"name":"ModelAdvance", "ph":"E", "ts":"3605732891", "pid":"1", "tid":"cice"},
{"name":"ModelAdvance", "ph":"B", "ts":"3605890757", "pid":"1", "tid":"cice"},
{"name":"ModelAdvance", "ph":"E", "ts":"3606361790", "pid":"1", "tid":"cice"},
{"name":"ModelAdvance", "ph":"B", "ts":"3606517417", "pid":"1", "tid":"cice"},
{"name":"ModelAdvance", "ph":"E", "ts":"3606981795", "pid":"1", "tid":"cice"},
{"name":"ModelAdvance", "ph":"B", "ts":"3607142426", "pid":"1", "tid":"cice"},
{"name":"ModelAdvance", "ph":"E", "ts":"3607604050", "pid":"1", "tid":"cice"},
{"name":"ModelAdvance", "ph":"B", "ts":"3607799323", "pid":"1", "tid":"cice"},
{"name":"ModelAdvance", "ph":"E", "ts":"3608265923", "pid":"1", "tid":"cice"},
{"name":"ModelAdvance", "ph":"B", "ts":"3608437079", "pid":"1", "tid":"cice"},
{"name":"ModelAdvance", "ph":"E", "ts":"3608904694", "pid":"1", "tid":"cice"},
{"name":"ModelAdvance", "ph":"B", "ts":"3609057681", "pid":"1", "tid":"cice"},
{"name":"ModelAdvance", "ph":"E", "ts":"3609531154", "pid":"1", "tid":"cice"},
{"name":"ModelAdvance", "ph":"B", "ts":"3609693801", "pid":"1", "tid":"cice"},
{"name":"ModelAdvance", "ph":"E", "ts":"3610170974", "pid":"1", "tid":"cice"},
{"name":"ModelAdvance", "ph":"B", "ts":"3610329213", "pid":"1", "tid":"cice"},
{"name":"ModelAdvance", "ph":"E", "ts":"3610798084", "pid":"1", "tid":"cice"},
{"name":"ModelAdvance", "ph":"B", "ts":"3610967309", "pid":"1", "tid":"cice"},
{"name":"ModelAdvance", "ph":"E", "ts":"3611439839", "pid":"1", "tid":"cice"},
{"name":"ModelAdvance", "ph":"B", "ts":"3611614035", "pid":"1", "tid":"cice"},
{"name":"ModelAdvance", "ph":"E", "ts":"3612089334", "pid":"1", "tid":"cice"},
{"name":"ModelAdvance", "ph":"B", "ts":"3612248709", "pid":"1", "tid":"cice"},
{"name":"ModelAdvance", "ph":"E", "ts":"3612729046", "pid":"1", "tid":"cice"},
{"name":"ModelAdvance", "ph":"B", "ts":"3612912544", "pid":"1", "tid":"cice"},
{"name":"ModelAdvance", "ph":"E", "ts":"3613389408", "pid":"1", "tid":"cice"},
{"name":"ModelAdvance", "ph":"B", "ts":"3614163864", "pid":"1", "tid":"cice"},
{"name":"ModelAdvance", "ph":"E", "ts":"3614629102", "pid":"1", "tid":"cice"},
{"name":"ModelAdvance", "ph":"B", "ts":"3614793763", "pid":"1", "tid":"cice"},
{"name":"ModelAdvance", "ph":"E", "ts":"3615266203", "pid":"1", "tid":"cice"},
{"name":"ModelAdvance", "ph":"B", "ts":"3615422826", "pid":"1", "tid":"cice"},
{"name":"ModelAdvance", "ph":"E", "ts":"3615895918", "pid":"1", "tid":"cice"},
{"name":"ModelAdvance", "ph":"B", "ts":"3616051089", "pid":"1", "tid":"cice"},
{"name":"ModelAdvance", "ph":"E", "ts":"3616525599", "pid":"1", "tid":"cice"},
{"name":"ModelAdvance", "ph":"B", "ts":"3616694196", "pid":"1", "tid":"cice"},
{"name":"ModelAdvance", "ph":"E", "ts":"3617154436", "pid":"1", "tid":"cice"},
{"name":"ModelAdvance", "ph":"B", "ts":"3617332125", "pid":"1", "tid":"cice"},
{"name":"ModelAdvance", "ph":"E", "ts":"3617809801", "pid":"1", "tid":"cice"},
{"name":"ModelAdvance", "ph":"B", "ts":"3617958479", "pid":"1", "tid":"cice"},
{"name":"ModelAdvance", "ph":"E", "ts":"3618434228", "pid":"1", "tid":"cice"},
{"name":"ModelAdvance", "ph":"B", "ts":"3618594829", "pid":"1", "tid":"cice"},
{"name":"ModelAdvance", "ph":"E", "ts":"3619060725", "pid":"1", "tid":"cice"},
{"name":"ModelAdvance", "ph":"B", "ts":"3619217358", "pid":"1", "tid":"cice"},
{"name":"ModelAdvance", "ph":"E", "ts":"3619683632", "pid":"1", "tid":"cice"},
{"name":"ModelAdvance", "ph":"B", "ts":"3619846642", "pid":"1", "tid":"cice"},
{"name":"ModelAdvance", "ph":"E", "ts":"3620319354", "pid":"1", "tid":"cice"},
{"name":"ModelAdvance", "ph":"B", "ts":"3620481415", "pid":"1", "tid":"cice"},
{"name":"ModelAdvance", "ph":"E", "ts":"3620960116", "pid":"1", "tid":"cice"},
{"name":"ModelAdvance", "ph":"B", "ts":"3621143281", "pid":"1", "tid":"cice"},
{"name":"ModelAdvance", "ph":"E", "ts":"3621614599", "pid":"1", "tid":"cice"},
{"name":"ModelAdvance", "ph":"B", "ts":"3621764371", "pid":"1", "tid":"cice"},
{"name":"ModelAdvance", "ph":"E", "ts":"3622226968", "pid":"1", "tid":"cice"},
{"name":"ModelAdvance", "ph":"B", "ts":"3622396123", "pid":"1", "tid":"cice"},
{"name":"ModelAdvance", "ph":"E", "ts":"3622863466", "pid":"1", "tid":"cice"},
{"name":"ModelAdvance", "ph":"B", "ts":"3623024245", "pid":"1", "tid":"cice"},
{"name":"ModelAdvance", "ph":"E", "ts":"3623495417", "pid":"1", "tid":"cice"},
{"name":"ModelAdvance", "ph":"B", "ts":"3623661385", "pid":"1", "tid":"cice"},
{"name":"ModelAdvance", "ph":"E", "ts":"3624136072", "pid":"1", "tid":"cice"},
{"name":"ModelAdvance", "ph":"B", "ts":"3624295777", "pid":"1", "tid":"cice"},
{"name":"ModelAdvance", "ph":"E", "ts":"3624770881", "pid":"1", "tid":"cice"},
{"name":"ModelAdvance", "ph":"B", "ts":"3624928545", "pid":"1", "tid":"cice"},
{"name":"ModelAdvance", "ph":"E", "ts":"3625398682", "pid":"1", "tid":"cice"},
{"name":"ModelAdvance", "ph":"B", "ts":"3625573066", "pid":"1", "tid":"cice"},
{"name":"ModelAdvance", "ph":"E", "ts":"3626043003", "pid":"1", "tid":"cice"},
{"name":"ModelAdvance", "ph":"B", "ts":"3626208741", "pid":"1", "tid":"cice"},
{"name":"ModelAdvance", "ph":"E", "ts":"3626665998", "pid":"1", "tid":"cice"},
{"name":"ModelAdvance", "ph":"B", "ts":"3626861339", "pid":"1", "tid":"cice"},
{"name":"ModelAdvance", "ph":"E", "ts":"3627330901", "pid":"1", "tid":"cice"},
{"name":"ModelAdvance", "ph":"B", "ts":"3627505077", "pid":"1", "tid":"cice"},
{"name":"ModelAdvance", "ph":"E", "ts":"3627980015", "pid":"1", "tid":"cice"},
{"name":"ModelAdvance", "ph":"B", "ts":"3628139213", "pid":"1", "tid":"cice"},
{"name":"ModelAdvance", "ph":"E", "ts":"3628612523", "pid":"1", "tid":"cice"},
{"name":"ModelAdvance", "ph":"B", "ts":"3628786447", "pid":"1", "tid":"cice"},
{"name":"ModelAdvance", "ph":"E", "ts":"3629252731", "pid":"1", "tid":"cice"},
{"name":"ModelAdvance", "ph":"B", "ts":"3630085120", "pid":"1", "tid":"cice"},
{"name":"ModelAdvance", "ph":"E", "ts":"3630559670", "pid":"1", "tid":"cice"},
{"name":"ModelAdvance", "ph":"B", "ts":"3630707049", "pid":"1", "tid":"cice"},
{"name":"ModelAdvance", "ph":"E", "ts":"3631180387", "pid":"1", "tid":"cice"},
{"name":"ModelAdvance", "ph":"B", "ts":"3631337893", "pid":"1", "tid":"cice"},
{"name":"ModelAdvance", "ph":"E", "ts":"3631804049", "pid":"1", "tid":"cice"},
{"name":"ModelAdvance", "ph":"B", "ts":"3631958488", "pid":"1", "tid":"cice"},
{"name":"ModelAdvance", "ph":"E", "ts":"3632426653", "pid":"1", "tid":"cice"},
{"name":"ModelAdvance", "ph":"B", "ts":"3632598580", "pid":"1", "tid":"cice"},
{"name":"ModelAdvance", "ph":"E", "ts":"3633073758", "pid":"1", "tid":"cice"},
{"name":"ModelAdvance", "ph":"B", "ts":"3633234919", "pid":"1", "tid":"cice"},
{"name":"ModelAdvance", "ph":"E", "ts":"3633712936", "pid":"1", "tid":"cice"},
{"name":"ModelAdvance", "ph":"B", "ts":"3633879074", "pid":"1", "tid":"cice"},
{"name":"ModelAdvance", "ph":"E", "ts":"3634356607", "pid":"1", "tid":"cice"},
{"name":"ModelAdvance", "ph":"B", "ts":"3634519782", "pid":"1", "tid":"cice"},
{"name":"ModelAdvance", "ph":"E", "ts":"3634997092", "pid":"1", "tid":"cice"},
{"name":"ModelAdvance", "ph":"B", "ts":"3635151574", "pid":"1", "tid":"cice"},
{"name":"ModelAdvance", "ph":"E", "ts":"3635624903", "pid":"1", "tid":"cice"},
{"name":"ModelAdvance", "ph":"B", "ts":"3635792090", "pid":"1", "tid":"cice"},
{"name":"ModelAdvance", "ph":"E", "ts":"3636259470", "pid":"1", "tid":"cice"},
{"name":"ModelAdvance", "ph":"B", "ts":"3636566028", "pid":"1", "tid":"cice"},
{"name":"ModelAdvance", "ph":"E", "ts":"3637040623", "pid":"1", "tid":"cice"},
{"name":"ModelAdvance", "ph":"B", "ts":"3637224275", "pid":"1", "tid":"cice"},
{"name":"ModelAdvance", "ph":"E", "ts":"3637712496", "pid":"1", "tid":"cice"},
{"name":"ModelAdvance", "ph":"B", "ts":"3637868008", "pid":"1", "tid":"cice"},
{"name":"ModelAdvance", "ph":"E", "ts":"3638333086", "pid":"1", "tid":"cice"},
{"name":"ModelAdvance", "ph":"B", "ts":"3638501150", "pid":"1", "tid":"cice"},
{"name":"ModelAdvance", "ph":"E", "ts":"3638960091", "pid":"1", "tid":"cice"},
{"name":"ModelAdvance", "ph":"B", "ts":"3639125805", "pid":"1", "tid":"cice"},
{"name":"ModelAdvance", "ph":"E", "ts":"3639603729", "pid":"1", "tid":"cice"},
{"name":"ModelAdvance", "ph":"B", "ts":"3639765123", "pid":"1", "tid":"cice"},
{"name":"ModelAdvance", "ph":"E", "ts":"3640240474", "pid":"1", "tid":"cice"},
{"name":"ModelAdvance", "ph":"B", "ts":"3640402178", "pid":"1", "tid":"cice"},
{"name":"ModelAdvance", "ph":"E", "ts":"3640878386", "pid":"1", "tid":"cice"},
{"name":"ModelAdvance", "ph":"B", "ts":"3641023983", "pid":"1", "tid":"cice"},
{"name":"ModelAdvance", "ph":"E", "ts":"3641503672", "pid":"1", "tid":"cice"},
{"name":"ModelAdvance", "ph":"B", "ts":"3641666524", "pid":"1", "tid":"cice"},
{"name":"ModelAdvance", "ph":"E", "ts":"3642142079", "pid":"1", "tid":"cice"},
{"name":"ModelAdvance", "ph":"B", "ts":"3642306085", "pid":"1", "tid":"cice"},
{"name":"ModelAdvance", "ph":"E", "ts":"3642780372", "pid":"1", "tid":"cice"},
{"name":"ModelAdvance", "ph":"B", "ts":"3642952964", "pid":"1", "tid":"cice"},
{"name":"ModelAdvance", "ph":"E", "ts":"3643424324", "pid":"1", "tid":"cice"},
{"name":"ModelAdvance", "ph":"B", "ts":"3643665479", "pid":"1", "tid":"cice"},
{"name":"ModelAdvance", "ph":"E", "ts":"3644140700", "pid":"1", "tid":"cice"},
{"name":"ModelAdvance", "ph":"B", "ts":"3644304296", "pid":"1", "tid":"cice"},
{"name":"ModelAdvance", "ph":"E", "ts":"3644777218", "pid":"1", "tid":"cice"},
{"name":"ModelAdvance", "ph":"B", "ts":"3645028981", "pid":"1", "tid":"cice"},
{"name":"ModelAdvance", "ph":"E", "ts":"3645497551", "pid":"1", "tid":"cice"},
{"name":"ModelAdvance", "ph":"B", "ts":"3646377129", "pid":"1", "tid":"cice"},
{"name":"ModelAdvance", "ph":"E", "ts":"3646854370", "pid":"1", "tid":"cice"},
{"name":"ModelAdvance", "ph":"B", "ts":"3647011349", "pid":"1", "tid":"cice"},
{"name":"ModelAdvance", "ph":"E", "ts":"3647484198", "pid":"1", "tid":"cice"},
{"name":"ModelAdvance", "ph":"B", "ts":"3647649077", "pid":"1", "tid":"cice"},
{"name":"ModelAdvance", "ph":"E", "ts":"3648131906", "pid":"1", "tid":"cice"},
{"name":"ModelAdvance", "ph":"B", "ts":"3648287392", "pid":"1", "tid":"cice"},
{"name":"ModelAdvance", "ph":"E", "ts":"3648761136", "pid":"1", "tid":"cice"},
{"name":"ModelAdvance", "ph":"B", "ts":"3648922366", "pid":"1", "tid":"cice"},
{"name":"ModelAdvance", "ph":"E", "ts":"3649395987", "pid":"1", "tid":"cice"},
{"name":"ModelAdvance", "ph":"B", "ts":"3649571136", "pid":"1", "tid":"cice"},
{"name":"ModelAdvance", "ph":"E", "ts":"3650036874", "pid":"1", "tid":"cice"},
{"name":"ModelAdvance", "ph":"B", "ts":"3650212893", "pid":"1", "tid":"cice"},
{"name":"ModelAdvance", "ph":"E", "ts":"3650678904", "pid":"1", "tid":"cice"},
{"name":"ModelAdvance", "ph":"B", "ts":"3650848147", "pid":"1", "tid":"cice"},
{"name":"ModelAdvance", "ph":"E", "ts":"3651318829", "pid":"1", "tid":"cice"},
{"name":"ModelAdvance", "ph":"B", "ts":"3651540008", "pid":"1", "tid":"cice"},
{"name":"ModelAdvance", "ph":"E", "ts":"3652014153", "pid":"1", "tid":"cice"},
{"name":"ModelAdvance", "ph":"B", "ts":"3652174932", "pid":"1", "tid":"cice"},
{"name":"ModelAdvance", "ph":"E", "ts":"3652639234", "pid":"1", "tid":"cice"},
{"name":"ModelAdvance", "ph":"B", "ts":"3652819414", "pid":"1", "tid":"cice"},
{"name":"ModelAdvance", "ph":"E", "ts":"3653291469", "pid":"1", "tid":"cice"},
{"name":"ModelAdvance", "ph":"B", "ts":"3653467751", "pid":"1", "tid":"cice"},
{"name":"ModelAdvance", "ph":"E", "ts":"3653947233", "pid":"1", "tid":"cice"},
{"name":"ModelAdvance", "ph":"B", "ts":"3654106573", "pid":"1", "tid":"cice"},
{"name":"ModelAdvance", "ph":"E", "ts":"3654579665", "pid":"1", "tid":"cice"},
{"name":"ModelAdvance", "ph":"B", "ts":"3654736559", "pid":"1", "tid":"cice"},
{"name":"ModelAdvance", "ph":"E", "ts":"3655206743", "pid":"1", "tid":"cice"},
{"name":"ModelAdvance", "ph":"B", "ts":"3655354384", "pid":"1", "tid":"cice"},
{"name":"ModelAdvance", "ph":"E", "ts":"3655826776", "pid":"1", "tid":"cice"},
{"name":"ModelAdvance", "ph":"B", "ts":"3655985293", "pid":"1", "tid":"cice"},
{"name":"ModelAdvance", "ph":"E", "ts":"3656441611", "pid":"1", "tid":"cice"},
{"name":"ModelAdvance", "ph":"B", "ts":"3656616947", "pid":"1", "tid":"cice"},
{"name":"ModelAdvance", "ph":"E", "ts":"3657089993", "pid":"1", "tid":"cice"},
{"name":"ModelAdvance", "ph":"B", "ts":"3657263500", "pid":"1", "tid":"cice"},
{"name":"ModelAdvance", "ph":"E", "ts":"3657734516", "pid":"1", "tid":"cice"},
{"name":"ModelAdvance", "ph":"B", "ts":"3657896487", "pid":"1", "tid":"cice"},
{"name":"ModelAdvance", "ph":"E", "ts":"3658359619", "pid":"1", "tid":"cice"},
{"name":"ModelAdvance", "ph":"B", "ts":"3658526057", "pid":"1", "tid":"cice"},
{"name":"ModelAdvance", "ph":"E", "ts":"3658997602", "pid":"1", "tid":"cice"},
{"name":"ModelAdvance", "ph":"B", "ts":"3659153844", "pid":"1", "tid":"cice"},
{"name":"ModelAdvance", "ph":"E", "ts":"3659616572", "pid":"1", "tid":"cice"},
{"name":"ModelAdvance", "ph":"B", "ts":"3659799745", "pid":"1", "tid":"cice"},
{"name":"ModelAdvance", "ph":"E", "ts":"3660263849", "pid":"1", "tid":"cice"},
{"name":"ModelAdvance", "ph":"B", "ts":"3660424466", "pid":"1", "tid":"cice"},
{"name":"ModelAdvance", "ph":"E", "ts":"3660887213", "pid":"1", "tid":"cice"},
{"name":"ModelAdvance", "ph":"B", "ts":"3661082779", "pid":"1", "tid":"cice"},
{"name":"ModelAdvance", "ph":"E", "ts":"3661552485", "pid":"1", "tid":"cice"},
{"name":"ModelAdvance", "ph":"B", "ts":"3662388474", "pid":"1", "tid":"cice"},
{"name":"ModelAdvance", "ph":"E", "ts":"3662860568", "pid":"1", "tid":"cice"},
{"name":"ModelAdvance", "ph":"B", "ts":"3663016309", "pid":"1", "tid":"cice"},
{"name":"ModelAdvance", "ph":"E", "ts":"3663470207", "pid":"1", "tid":"cice"},
{"name":"ModelAdvance", "ph":"B", "ts":"3663648610", "pid":"1", "tid":"cice"},
{"name":"ModelAdvance", "ph":"E", "ts":"3664124334", "pid":"1", "tid":"cice"},
{"name":"ModelAdvance", "ph":"B", "ts":"3664269372", "pid":"1", "tid":"cice"},
{"name":"ModelAdvance", "ph":"E", "ts":"3664739654", "pid":"1", "tid":"cice"},
{"name":"ModelAdvance", "ph":"B", "ts":"3664903732", "pid":"1", "tid":"cice"},
{"name":"ModelAdvance", "ph":"E", "ts":"3665363253", "pid":"1", "tid":"cice"},
{"name":"ModelAdvance", "ph":"B", "ts":"3665538883", "pid":"1", "tid":"cice"},
{"name":"ModelAdvance", "ph":"E", "ts":"3666008535", "pid":"1", "tid":"cice"},
{"name":"ModelAdvance", "ph":"B", "ts":"3666170295", "pid":"1", "tid":"cice"},
{"name":"ModelAdvance", "ph":"E", "ts":"3666639573", "pid":"1", "tid":"cice"},
{"name":"ModelAdvance", "ph":"B", "ts":"3666796606", "pid":"1", "tid":"cice"},
{"name":"ModelAdvance", "ph":"E", "ts":"3667253919", "pid":"1", "tid":"cice"},
{"name":"ModelAdvance", "ph":"B", "ts":"3667430394", "pid":"1", "tid":"cice"},
{"name":"ModelAdvance", "ph":"E", "ts":"3667887844", "pid":"1", "tid":"cice"},
{"name":"ModelAdvance", "ph":"B", "ts":"3668060515", "pid":"1", "tid":"cice"},
{"name":"ModelAdvance", "ph":"E", "ts":"3668518873", "pid":"1", "tid":"cice"},
{"name":"ModelAdvance", "ph":"B", "ts":"3668699324", "pid":"1", "tid":"cice"},
{"name":"ModelAdvance", "ph":"E", "ts":"3669164228", "pid":"1", "tid":"cice"},
{"name":"ModelAdvance", "ph":"B", "ts":"3669392672", "pid":"1", "tid":"cice"},
{"name":"ModelAdvance", "ph":"E", "ts":"3669855320", "pid":"1", "tid":"cice"},
{"name":"ModelAdvance", "ph":"B", "ts":"3670031715", "pid":"1", "tid":"cice"},
{"name":"ModelAdvance", "ph":"E", "ts":"3670514455", "pid":"1", "tid":"cice"},
{"name":"ModelAdvance", "ph":"B", "ts":"3670670148", "pid":"1", "tid":"cice"},
{"name":"ModelAdvance", "ph":"E", "ts":"3671140630", "pid":"1", "tid":"cice"},
{"name":"ModelAdvance", "ph":"B", "ts":"3671297521", "pid":"1", "tid":"cice"},
{"name":"ModelAdvance", "ph":"E", "ts":"3671762115", "pid":"1", "tid":"cice"},
{"name":"ModelAdvance", "ph":"B", "ts":"3671927356", "pid":"1", "tid":"cice"},
{"name":"ModelAdvance", "ph":"E", "ts":"3672390817", "pid":"1", "tid":"cice"},
{"name":"ModelAdvance", "ph":"B", "ts":"3672546643", "pid":"1", "tid":"cice"},
{"name":"ModelAdvance", "ph":"E", "ts":"3673010402", "pid":"1", "tid":"cice"},
{"name":"ModelAdvance", "ph":"B", "ts":"3673171188", "pid":"1", "tid":"cice"},
{"name":"ModelAdvance", "ph":"E", "ts":"3673643880", "pid":"1", "tid":"cice"},
{"name":"ModelAdvance", "ph":"B", "ts":"3673816267", "pid":"1", "tid":"cice"},
{"name":"ModelAdvance", "ph":"E", "ts":"3674285509", "pid":"1", "tid":"cice"},
{"name":"ModelAdvance", "ph":"B", "ts":"3674439640", "pid":"1", "tid":"cice"},
{"name":"ModelAdvance", "ph":"E", "ts":"3674904846", "pid":"1", "tid":"cice"},
{"name":"ModelAdvance", "ph":"B", "ts":"3675075608", "pid":"1", "tid":"cice"},
{"name":"ModelAdvance", "ph":"E", "ts":"3675538814", "pid":"1", "tid":"cice"},
{"name":"ModelAdvance", "ph":"B", "ts":"3675703776", "pid":"1", "tid":"cice"},
{"name":"ModelAdvance", "ph":"E", "ts":"3676162229", "pid":"1", "tid":"cice"},
{"name":"ModelAdvance", "ph":"B", "ts":"3676335010", "pid":"1", "tid":"cice"},
{"name":"ModelAdvance", "ph":"E", "ts":"3676798645", "pid":"1", "tid":"cice"},
{"name":"ModelAdvance", "ph":"B", "ts":"3676986629", "pid":"1", "tid":"cice"},
{"name":"ModelAdvance", "ph":"E", "ts":"3677451589", "pid":"1", "tid":"cice"},
{"name":"ModelAdvance", "ph":"B", "ts":"3678346808", "pid":"1", "tid":"cice"},
{"name":"ModelAdvance", "ph":"E", "ts":"3678813448", "pid":"1", "tid":"cice"},
{"name":"ModelAdvance", "ph":"B", "ts":"3678975905", "pid":"1", "tid":"cice"},
{"name":"ModelAdvance", "ph":"E", "ts":"3679441369", "pid":"1", "tid":"cice"},
{"name":"ModelAdvance", "ph":"B", "ts":"3679593145", "pid":"1", "tid":"cice"},
{"name":"ModelAdvance", "ph":"E", "ts":"3680053685", "pid":"1", "tid":"cice"},
{"name":"ModelAdvance", "ph":"B", "ts":"3680220909", "pid":"1", "tid":"cice"},
{"name":"ModelAdvance", "ph":"E", "ts":"3680684494", "pid":"1", "tid":"cice"},
{"name":"ModelAdvance", "ph":"B", "ts":"3680844681", "pid":"1", "tid":"cice"},
{"name":"ModelAdvance", "ph":"E", "ts":"3681300764", "pid":"1", "tid":"cice"},
{"name":"ModelAdvance", "ph":"B", "ts":"3681462444", "pid":"1", "tid":"cice"},
{"name":"ModelAdvance", "ph":"E", "ts":"3681927938", "pid":"1", "tid":"cice"},
{"name":"ModelAdvance", "ph":"B", "ts":"3682083778", "pid":"1", "tid":"cice"},
{"name":"ModelAdvance", "ph":"E", "ts":"3682548141", "pid":"1", "tid":"cice"},
{"name":"ModelAdvance", "ph":"B", "ts":"3682722950", "pid":"1", "tid":"cice"},
{"name":"ModelAdvance", "ph":"E", "ts":"3683188917", "pid":"1", "tid":"cice"},
{"name":"ModelAdvance", "ph":"B", "ts":"3683341699", "pid":"1", "tid":"cice"},
{"name":"ModelAdvance", "ph":"E", "ts":"3683803566", "pid":"1", "tid":"cice"},
{"name":"ModelAdvance", "ph":"B", "ts":"3683982641", "pid":"1", "tid":"cice"},
{"name":"ModelAdvance", "ph":"E", "ts":"3684446910", "pid":"1", "tid":"cice"},
{"name":"ModelAdvance", "ph":"B", "ts":"3684602656", "pid":"1", "tid":"cice"},
{"name":"ModelAdvance", "ph":"E", "ts":"3685073632", "pid":"1", "tid":"cice"},
{"name":"ModelAdvance", "ph":"B", "ts":"3685257454", "pid":"1", "tid":"cice"},
{"name":"ModelAdvance", "ph":"E", "ts":"3685723010", "pid":"1", "tid":"cice"},
{"name":"ModelAdvance", "ph":"B", "ts":"3685880528", "pid":"1", "tid":"cice"},
{"name":"ModelAdvance", "ph":"E", "ts":"3686344810", "pid":"1", "tid":"cice"},
{"name":"ModelAdvance", "ph":"B", "ts":"3686513925", "pid":"1", "tid":"cice"},
{"name":"ModelAdvance", "ph":"E", "ts":"3686980517", "pid":"1", "tid":"cice"},
{"name":"ModelAdvance", "ph":"B", "ts":"3687141457", "pid":"1", "tid":"cice"},
{"name":"ModelAdvance", "ph":"E", "ts":"3687604017", "pid":"1", "tid":"cice"},
{"name":"ModelAdvance", "ph":"B", "ts":"3687772380", "pid":"1", "tid":"cice"},
{"name":"ModelAdvance", "ph":"E", "ts":"3688233875", "pid":"1", "tid":"cice"},
{"name":"ModelAdvance", "ph":"B", "ts":"3688391449", "pid":"1", "tid":"cice"},
{"name":"ModelAdvance", "ph":"E", "ts":"3688857127", "pid":"1", "tid":"cice"},
{"name":"ModelAdvance", "ph":"B", "ts":"3689026996", "pid":"1", "tid":"cice"},
{"name":"ModelAdvance", "ph":"E", "ts":"3689487883", "pid":"1", "tid":"cice"},
{"name":"ModelAdvance", "ph":"B", "ts":"3689665849", "pid":"1", "tid":"cice"},
{"name":"ModelAdvance", "ph":"E", "ts":"3690127166", "pid":"1", "tid":"cice"},
{"name":"ModelAdvance", "ph":"B", "ts":"3690297041", "pid":"1", "tid":"cice"},
{"name":"ModelAdvance", "ph":"E", "ts":"3690759036", "pid":"1", "tid":"cice"},
{"name":"ModelAdvance", "ph":"B", "ts":"3690930312", "pid":"1", "tid":"cice"},
{"name":"ModelAdvance", "ph":"E", "ts":"3691397104", "pid":"1", "tid":"cice"},
{"name":"ModelAdvance", "ph":"B", "ts":"3691543766", "pid":"1", "tid":"cice"},
{"name":"ModelAdvance", "ph":"E", "ts":"3692009126", "pid":"1", "tid":"cice"},
{"name":"ModelAdvance", "ph":"B", "ts":"3692165685", "pid":"1", "tid":"cice"},
{"name":"ModelAdvance", "ph":"E", "ts":"3692732287", "pid":"1", "tid":"cice"},
{"name":"ModelAdvance", "ph":"B", "ts":"3692821820", "pid":"1", "tid":"cice"},
{"name":"ModelAdvance", "ph":"E", "ts":"3693287824", "pid":"1", "tid":"cice"},
{"name":"ModelAdvance", "ph":"B", "ts":"3694129609", "pid":"1", "tid":"cice"},
{"name":"ModelAdvance", "ph":"E", "ts":"3694598471", "pid":"1", "tid":"cice"},
{"name":"ModelAdvance", "ph":"B", "ts":"3694763769", "pid":"1", "tid":"cice"},
{"name":"ModelAdvance", "ph":"E", "ts":"3695235164", "pid":"1", "tid":"cice"},
{"name":"ModelAdvance", "ph":"B", "ts":"3695389669", "pid":"1", "tid":"cice"},
{"name":"ModelAdvance", "ph":"E", "ts":"3695857501", "pid":"1", "tid":"cice"},
{"name":"ModelAdvance", "ph":"B", "ts":"3696021939", "pid":"1", "tid":"cice"},
{"name":"ModelAdvance", "ph":"E", "ts":"3696483326", "pid":"1", "tid":"cice"},
{"name":"ModelAdvance", "ph":"B", "ts":"3696649749", "pid":"1", "tid":"cice"},
{"name":"ModelAdvance", "ph":"E", "ts":"3697113361", "pid":"1", "tid":"cice"},
{"name":"ModelAdvance", "ph":"B", "ts":"3697280281", "pid":"1", "tid":"cice"},
{"name":"ModelAdvance", "ph":"E", "ts":"3697742873", "pid":"1", "tid":"cice"},
{"name":"ModelAdvance", "ph":"B", "ts":"3697906622", "pid":"1", "tid":"cice"},
{"name":"ModelAdvance", "ph":"E", "ts":"3698378719", "pid":"1", "tid":"cice"},
{"name":"ModelAdvance", "ph":"B", "ts":"3698541325", "pid":"1", "tid":"cice"},
{"name":"ModelAdvance", "ph":"E", "ts":"3699007132", "pid":"1", "tid":"cice"},
{"name":"ModelAdvance", "ph":"B", "ts":"3699168684", "pid":"1", "tid":"cice"},
{"name":"ModelAdvance", "ph":"E", "ts":"3699630444", "pid":"1", "tid":"cice"},
{"name":"ModelAdvance", "ph":"B", "ts":"3699812600", "pid":"1", "tid":"cice"},
{"name":"ModelAdvance", "ph":"E", "ts":"3700283904", "pid":"1", "tid":"cice"},
{"name":"ModelAdvance", "ph":"B", "ts":"3700444168", "pid":"1", "tid":"cice"},
{"name":"ModelAdvance", "ph":"E", "ts":"3700915433", "pid":"1", "tid":"cice"},
{"name":"ModelAdvance", "ph":"B", "ts":"3701097411", "pid":"1", "tid":"cice"},
{"name":"ModelAdvance", "ph":"E", "ts":"3701568811", "pid":"1", "tid":"cice"},
{"name":"ModelAdvance", "ph":"B", "ts":"3701744212", "pid":"1", "tid":"cice"},
{"name":"ModelAdvance", "ph":"E", "ts":"3702206697", "pid":"1", "tid":"cice"},
{"name":"ModelAdvance", "ph":"B", "ts":"3702394131", "pid":"1", "tid":"cice"},
{"name":"ModelAdvance", "ph":"E", "ts":"3702867553", "pid":"1", "tid":"cice"},
{"name":"ModelAdvance", "ph":"B", "ts":"3703029278", "pid":"1", "tid":"cice"},
{"name":"ModelAdvance", "ph":"E", "ts":"3703491402", "pid":"1", "tid":"cice"},
{"name":"ModelAdvance", "ph":"B", "ts":"3703658137", "pid":"1", "tid":"cice"},
{"name":"ModelAdvance", "ph":"E", "ts":"3704130456", "pid":"1", "tid":"cice"},
{"name":"ModelAdvance", "ph":"B", "ts":"3704288926", "pid":"1", "tid":"cice"},
{"name":"ModelAdvance", "ph":"E", "ts":"3704761310", "pid":"1", "tid":"cice"},
{"name":"ModelAdvance", "ph":"B", "ts":"3704918298", "pid":"1", "tid":"cice"},
{"name":"ModelAdvance", "ph":"E", "ts":"3705390246", "pid":"1", "tid":"cice"},
{"name":"ModelAdvance", "ph":"B", "ts":"3705548213", "pid":"1", "tid":"cice"},
{"name":"ModelAdvance", "ph":"E", "ts":"3706017335", "pid":"1", "tid":"cice"},
{"name":"ModelAdvance", "ph":"B", "ts":"3706177125", "pid":"1", "tid":"cice"},
{"name":"ModelAdvance", "ph":"E", "ts":"3706644129", "pid":"1", "tid":"cice"},
{"name":"ModelAdvance", "ph":"B", "ts":"3706818832", "pid":"1", "tid":"cice"},
{"name":"ModelAdvance", "ph":"E", "ts":"3707292420", "pid":"1", "tid":"cice"},
{"name":"ModelAdvance", "ph":"B", "ts":"3707447946", "pid":"1", "tid":"cice"},
{"name":"ModelAdvance", "ph":"E", "ts":"3707926945", "pid":"1", "tid":"cice"},
{"name":"ModelAdvance", "ph":"B", "ts":"3708084742", "pid":"1", "tid":"cice"},
{"name":"ModelAdvance", "ph":"E", "ts":"3708546282", "pid":"1", "tid":"cice"},
{"name":"ModelAdvance", "ph":"B", "ts":"3708756595", "pid":"1", "tid":"cice"},
{"name":"ModelAdvance", "ph":"E", "ts":"3709225656", "pid":"1", "tid":"cice"},
{"name":"ModelAdvance", "ph":"B", "ts":"3710053590", "pid":"1", "tid":"cice"},
{"name":"ModelAdvance", "ph":"E", "ts":"3710533430", "pid":"1", "tid":"cice"},
{"name":"ModelAdvance", "ph":"B", "ts":"3710694437", "pid":"1", "tid":"cice"},
{"name":"ModelAdvance", "ph":"E", "ts":"3711169063", "pid":"1", "tid":"cice"},
{"name":"ModelAdvance", "ph":"B", "ts":"3711311844", "pid":"1", "tid":"cice"},
{"name":"ModelAdvance", "ph":"E", "ts":"3711789948", "pid":"1", "tid":"cice"},
{"name":"ModelAdvance", "ph":"B", "ts":"3711957020", "pid":"1", "tid":"cice"},
{"name":"ModelAdvance", "ph":"E", "ts":"3712417782", "pid":"1", "tid":"cice"},
{"name":"ModelAdvance", "ph":"B", "ts":"3712590428", "pid":"1", "tid":"cice"},
{"name":"ModelAdvance", "ph":"E", "ts":"3713050425", "pid":"1", "tid":"cice"},
{"name":"ModelAdvance", "ph":"B", "ts":"3713220378", "pid":"1", "tid":"cice"},
{"name":"ModelAdvance", "ph":"E", "ts":"3713687039", "pid":"1", "tid":"cice"},
{"name":"ModelAdvance", "ph":"B", "ts":"3713857619", "pid":"1", "tid":"cice"},
{"name":"ModelAdvance", "ph":"E", "ts":"3714314364", "pid":"1", "tid":"cice"},
{"name":"ModelAdvance", "ph":"B", "ts":"3714493306", "pid":"1", "tid":"cice"},
{"name":"ModelAdvance", "ph":"E", "ts":"3714969557", "pid":"1", "tid":"cice"},
{"name":"ModelAdvance", "ph":"B", "ts":"3715130178", "pid":"1", "tid":"cice"},
{"name":"ModelAdvance", "ph":"E", "ts":"3715597007", "pid":"1", "tid":"cice"},
{"name":"ModelAdvance", "ph":"B", "ts":"3715760097", "pid":"1", "tid":"cice"},
{"name":"ModelAdvance", "ph":"E", "ts":"3716227513", "pid":"1", "tid":"cice"},
{"name":"ModelAdvance", "ph":"B", "ts":"3716458688", "pid":"1", "tid":"cice"},
{"name":"ModelAdvance", "ph":"E", "ts":"3716930943", "pid":"1", "tid":"cice"},
{"name":"ModelAdvance", "ph":"B", "ts":"3717110488", "pid":"1", "tid":"cice"},
{"name":"ModelAdvance", "ph":"E", "ts":"3717582581", "pid":"1", "tid":"cice"},
{"name":"ModelAdvance", "ph":"B", "ts":"3717768988", "pid":"1", "tid":"cice"},
{"name":"ModelAdvance", "ph":"E", "ts":"3718229547", "pid":"1", "tid":"cice"},
{"name":"ModelAdvance", "ph":"B", "ts":"3718407815", "pid":"1", "tid":"cice"},
{"name":"ModelAdvance", "ph":"E", "ts":"3718885780", "pid":"1", "tid":"cice"},
{"name":"ModelAdvance", "ph":"B", "ts":"3719039656", "pid":"1", "tid":"cice"},
{"name":"ModelAdvance", "ph":"E", "ts":"3719514064", "pid":"1", "tid":"cice"},
{"name":"ModelAdvance", "ph":"B", "ts":"3719682488", "pid":"1", "tid":"cice"},
{"name":"ModelAdvance", "ph":"E", "ts":"3720147723", "pid":"1", "tid":"cice"},
{"name":"ModelAdvance", "ph":"B", "ts":"3720314248", "pid":"1", "tid":"cice"},
{"name":"ModelAdvance", "ph":"E", "ts":"3720779643", "pid":"1", "tid":"cice"},
{"name":"ModelAdvance", "ph":"B", "ts":"3720953395", "pid":"1", "tid":"cice"},
{"name":"ModelAdvance", "ph":"E", "ts":"3721426397", "pid":"1", "tid":"cice"},
{"name":"ModelAdvance", "ph":"B", "ts":"3721588156", "pid":"1", "tid":"cice"},
{"name":"ModelAdvance", "ph":"E", "ts":"3722061953", "pid":"1", "tid":"cice"},
{"name":"ModelAdvance", "ph":"B", "ts":"3722239547", "pid":"1", "tid":"cice"},
{"name":"ModelAdvance", "ph":"E", "ts":"3722705235", "pid":"1", "tid":"cice"},
{"name":"ModelAdvance", "ph":"B", "ts":"3722880467", "pid":"1", "tid":"cice"},
{"name":"ModelAdvance", "ph":"E", "ts":"3723342453", "pid":"1", "tid":"cice"},
{"name":"ModelAdvance", "ph":"B", "ts":"3723529748", "pid":"1", "tid":"cice"},
{"name":"ModelAdvance", "ph":"E", "ts":"3723997589", "pid":"1", "tid":"cice"},
{"name":"ModelAdvance", "ph":"B", "ts":"3724170383", "pid":"1", "tid":"cice"},
{"name":"ModelAdvance", "ph":"E", "ts":"3724639729", "pid":"1", "tid":"cice"},
{"name":"ModelAdvance", "ph":"B", "ts":"3724836745", "pid":"1", "tid":"cice"},
{"name":"ModelAdvance", "ph":"E", "ts":"3725307627", "pid":"1", "tid":"cice"},
{"name":"ModelAdvance", "ph":"B", "ts":"3726162303", "pid":"1", "tid":"cice"},
{"name":"ModelAdvance", "ph":"E", "ts":"3726622664", "pid":"1", "tid":"cice"},
{"name":"ModelAdvance", "ph":"B", "ts":"3726809953", "pid":"1", "tid":"cice"},
{"name":"ModelAdvance", "ph":"E", "ts":"3727274779", "pid":"1", "tid":"cice"},
{"name":"ModelAdvance", "ph":"B", "ts":"3727449074", "pid":"1", "tid":"cice"},
{"name":"ModelAdvance", "ph":"E", "ts":"3727922510", "pid":"1", "tid":"cice"},
{"name":"ModelAdvance", "ph":"B", "ts":"3728089266", "pid":"1", "tid":"cice"},
{"name":"ModelAdvance", "ph":"E", "ts":"3728558610", "pid":"1", "tid":"cice"},
{"name":"ModelAdvance", "ph":"B", "ts":"3728728405", "pid":"1", "tid":"cice"},
{"name":"ModelAdvance", "ph":"E", "ts":"3729192774", "pid":"1", "tid":"cice"},
{"name":"ModelAdvance", "ph":"B", "ts":"3729375998", "pid":"1", "tid":"cice"},
{"name":"ModelAdvance", "ph":"E", "ts":"3729852182", "pid":"1", "tid":"cice"},
{"name":"ModelAdvance", "ph":"B", "ts":"3730034144", "pid":"1", "tid":"cice"},
{"name":"ModelAdvance", "ph":"E", "ts":"3730503701", "pid":"1", "tid":"cice"},
{"name":"ModelAdvance", "ph":"B", "ts":"3730676548", "pid":"1", "tid":"cice"},
{"name":"ModelAdvance", "ph":"E", "ts":"3731134104", "pid":"1", "tid":"cice"},
{"name":"ModelAdvance", "ph":"B", "ts":"3731321206", "pid":"1", "tid":"cice"},
{"name":"ModelAdvance", "ph":"E", "ts":"3731781665", "pid":"1", "tid":"cice"},
{"name":"ModelAdvance", "ph":"B", "ts":"3731981633", "pid":"1", "tid":"cice"},
{"name":"ModelAdvance", "ph":"E", "ts":"3732450187", "pid":"1", "tid":"cice"},
{"name":"ModelAdvance", "ph":"B", "ts":"3732623497", "pid":"1", "tid":"cice"},
{"name":"ModelAdvance", "ph":"E", "ts":"3733087437", "pid":"1", "tid":"cice"},
{"name":"ModelAdvance", "ph":"B", "ts":"3733298366", "pid":"1", "tid":"cice"},
{"name":"ModelAdvance", "ph":"E", "ts":"3733770782", "pid":"1", "tid":"cice"},
{"name":"ModelAdvance", "ph":"B", "ts":"3733939531", "pid":"1", "tid":"cice"},
{"name":"ModelAdvance", "ph":"E", "ts":"3734413809", "pid":"1", "tid":"cice"},
{"name":"ModelAdvance", "ph":"B", "ts":"3734589439", "pid":"1", "tid":"cice"},
{"name":"ModelAdvance", "ph":"E", "ts":"3735053350", "pid":"1", "tid":"cice"},
{"name":"ModelAdvance", "ph":"B", "ts":"3735229180", "pid":"1", "tid":"cice"},
{"name":"ModelAdvance", "ph":"E", "ts":"3735695229", "pid":"1", "tid":"cice"},
{"name":"ModelAdvance", "ph":"B", "ts":"3735858079", "pid":"1", "tid":"cice"},
{"name":"ModelAdvance", "ph":"E", "ts":"3736334948", "pid":"1", "tid":"cice"},
{"name":"ModelAdvance", "ph":"B", "ts":"3736484178", "pid":"1", "tid":"cice"},
{"name":"ModelAdvance", "ph":"E", "ts":"3736949691", "pid":"1", "tid":"cice"},
{"name":"ModelAdvance", "ph":"B", "ts":"3737125206", "pid":"1", "tid":"cice"},
{"name":"ModelAdvance", "ph":"E", "ts":"3737587638", "pid":"1", "tid":"cice"},
{"name":"ModelAdvance", "ph":"B", "ts":"3737764645", "pid":"1", "tid":"cice"},
{"name":"ModelAdvance", "ph":"E", "ts":"3738237517", "pid":"1", "tid":"cice"},
{"name":"ModelAdvance", "ph":"B", "ts":"3738388807", "pid":"1", "tid":"cice"},
{"name":"ModelAdvance", "ph":"E", "ts":"3738860607", "pid":"1", "tid":"cice"},
{"name":"ModelAdvance", "ph":"B", "ts":"3739022867", "pid":"1", "tid":"cice"},
{"name":"ModelAdvance", "ph":"E", "ts":"3739492463", "pid":"1", "tid":"cice"},
{"name":"ModelAdvance", "ph":"B", "ts":"3739648133", "pid":"1", "tid":"cice"},
{"name":"ModelAdvance", "ph":"E", "ts":"3740119249", "pid":"1", "tid":"cice"},
{"name":"ModelAdvance", "ph":"B", "ts":"3740285753", "pid":"1", "tid":"cice"},
{"name":"ModelAdvance", "ph":"E", "ts":"3740754199", "pid":"1", "tid":"cice"},
{"name":"ModelAdvance", "ph":"B", "ts":"3740994000", "pid":"1", "tid":"cice"},
{"name":"ModelAdvance", "ph":"E", "ts":"3741459413", "pid":"1", "tid":"cice"},
{"name":"ModelAdvance", "ph":"B", "ts":"3742342145", "pid":"1", "tid":"cice"},
{"name":"ModelAdvance", "ph":"E", "ts":"3742811166", "pid":"1", "tid":"cice"},
{"name":"ModelAdvance", "ph":"B", "ts":"3742972499", "pid":"1", "tid":"cice"},
{"name":"ModelAdvance", "ph":"E", "ts":"3743436025", "pid":"1", "tid":"cice"},
{"name":"ModelAdvance", "ph":"B", "ts":"3743605136", "pid":"1", "tid":"cice"},
{"name":"ModelAdvance", "ph":"E", "ts":"3744071080", "pid":"1", "tid":"cice"},
{"name":"ModelAdvance", "ph":"B", "ts":"3744232395", "pid":"1", "tid":"cice"},
{"name":"ModelAdvance", "ph":"E", "ts":"3744693207", "pid":"1", "tid":"cice"},
{"name":"ModelAdvance", "ph":"B", "ts":"3744858570", "pid":"1", "tid":"cice"},
{"name":"ModelAdvance", "ph":"E", "ts":"3745324761", "pid":"1", "tid":"cice"},
{"name":"ModelAdvance", "ph":"B", "ts":"3745482745", "pid":"1", "tid":"cice"},
{"name":"ModelAdvance", "ph":"E", "ts":"3745953433", "pid":"1", "tid":"cice"},
{"name":"ModelAdvance", "ph":"B", "ts":"3746119333", "pid":"1", "tid":"cice"},
{"name":"ModelAdvance", "ph":"E", "ts":"3746585657", "pid":"1", "tid":"cice"},
{"name":"ModelAdvance", "ph":"B", "ts":"3746752859", "pid":"1", "tid":"cice"},
{"name":"ModelAdvance", "ph":"E", "ts":"3747225217", "pid":"1", "tid":"cice"},
{"name":"ModelAdvance", "ph":"B", "ts":"3747382590", "pid":"1", "tid":"cice"},
{"name":"ModelAdvance", "ph":"E", "ts":"3747848549", "pid":"1", "tid":"cice"},
{"name":"ModelAdvance", "ph":"B", "ts":"3748019406", "pid":"1", "tid":"cice"},
{"name":"ModelAdvance", "ph":"E", "ts":"3748479889", "pid":"1", "tid":"cice"},
{"name":"ModelAdvance", "ph":"B", "ts":"3748661356", "pid":"1", "tid":"cice"},
{"name":"ModelAdvance", "ph":"E", "ts":"3749130357", "pid":"1", "tid":"cice"},
{"name":"ModelAdvance", "ph":"B", "ts":"3749328738", "pid":"1", "tid":"cice"},
{"name":"ModelAdvance", "ph":"E", "ts":"3749797286", "pid":"1", "tid":"cice"},
{"name":"ModelAdvance", "ph":"B", "ts":"3749958541", "pid":"1", "tid":"cice"},
{"name":"ModelAdvance", "ph":"E", "ts":"3750420787", "pid":"1", "tid":"cice"},
{"name":"ModelAdvance", "ph":"B", "ts":"3750592176", "pid":"1", "tid":"cice"},
{"name":"ModelAdvance", "ph":"E", "ts":"3751057449", "pid":"1", "tid":"cice"},
{"name":"ModelAdvance", "ph":"B", "ts":"3751210745", "pid":"1", "tid":"cice"},
{"name":"ModelAdvance", "ph":"E", "ts":"3751678367", "pid":"1", "tid":"cice"},
{"name":"ModelAdvance", "ph":"B", "ts":"3751848616", "pid":"1", "tid":"cice"},
{"name":"ModelAdvance", "ph":"E", "ts":"3752310190", "pid":"1", "tid":"cice"},
{"name":"ModelAdvance", "ph":"B", "ts":"3752474377", "pid":"1", "tid":"cice"},
{"name":"ModelAdvance", "ph":"E", "ts":"3752944245", "pid":"1", "tid":"cice"},
{"name":"ModelAdvance", "ph":"B", "ts":"3753090892", "pid":"1", "tid":"cice"},
{"name":"ModelAdvance", "ph":"E", "ts":"3753562083", "pid":"1", "tid":"cice"},
{"name":"ModelAdvance", "ph":"B", "ts":"3753731220", "pid":"1", "tid":"cice"},
{"name":"ModelAdvance", "ph":"E", "ts":"3754201271", "pid":"1", "tid":"cice"},
{"name":"ModelAdvance", "ph":"B", "ts":"3754367385", "pid":"1", "tid":"cice"},
{"name":"ModelAdvance", "ph":"E", "ts":"3754843162", "pid":"1", "tid":"cice"},
{"name":"ModelAdvance", "ph":"B", "ts":"3754987433", "pid":"1", "tid":"cice"},
{"name":"ModelAdvance", "ph":"E", "ts":"3755463954", "pid":"1", "tid":"cice"},
{"name":"ModelAdvance", "ph":"B", "ts":"3755620306", "pid":"1", "tid":"cice"},
{"name":"ModelAdvance", "ph":"E", "ts":"3756081334", "pid":"1", "tid":"cice"},
{"name":"ModelAdvance", "ph":"B", "ts":"3756255977", "pid":"1", "tid":"cice"},
{"name":"ModelAdvance", "ph":"E", "ts":"3756722930", "pid":"1", "tid":"cice"},
{"name":"ModelAdvance", "ph":"B", "ts":"3756915316", "pid":"1", "tid":"cice"},
{"name":"ModelAdvance", "ph":"E", "ts":"3757389752", "pid":"1", "tid":"cice"},
{"name":"ModelAdvance", "ph":"B", "ts":"3758219973", "pid":"1", "tid":"cice"},
{"name":"ModelAdvance", "ph":"E", "ts":"3758701660", "pid":"1", "tid":"cice"},
{"name":"ModelAdvance", "ph":"B", "ts":"3758862444", "pid":"1", "tid":"cice"},
{"name":"ModelAdvance", "ph":"E", "ts":"3759321125", "pid":"1", "tid":"cice"},
{"name":"ModelAdvance", "ph":"B", "ts":"3759485878", "pid":"1", "tid":"cice"},
{"name":"ModelAdvance", "ph":"E", "ts":"3759955784", "pid":"1", "tid":"cice"},
{"name":"ModelAdvance", "ph":"B", "ts":"3760108111", "pid":"1", "tid":"cice"},
{"name":"ModelAdvance", "ph":"E", "ts":"3760577661", "pid":"1", "tid":"cice"},
{"name":"ModelAdvance", "ph":"B", "ts":"3760738764", "pid":"1", "tid":"cice"},
{"name":"ModelAdvance", "ph":"E", "ts":"3761208474", "pid":"1", "tid":"cice"},
{"name":"ModelAdvance", "ph":"B", "ts":"3761375558", "pid":"1", "tid":"cice"},
{"name":"ModelAdvance", "ph":"E", "ts":"3761846340", "pid":"1", "tid":"cice"},
{"name":"ModelAdvance", "ph":"B", "ts":"3762006219", "pid":"1", "tid":"cice"},
{"name":"ModelAdvance", "ph":"E", "ts":"3762471499", "pid":"1", "tid":"cice"},
{"name":"ModelAdvance", "ph":"B", "ts":"3762630016", "pid":"1", "tid":"cice"},
{"name":"ModelAdvance", "ph":"E", "ts":"3763087689", "pid":"1", "tid":"cice"},
{"name":"ModelAdvance", "ph":"B", "ts":"3763251286", "pid":"1", "tid":"cice"},
{"name":"ModelAdvance", "ph":"E", "ts":"3763717473", "pid":"1", "tid":"cice"},
{"name":"ModelAdvance", "ph":"B", "ts":"3763890155", "pid":"1", "tid":"cice"},
{"name":"ModelAdvance", "ph":"E", "ts":"3764359224", "pid":"1", "tid":"cice"},
{"name":"ModelAdvance", "ph":"B", "ts":"3764519478", "pid":"1", "tid":"cice"},
{"name":"ModelAdvance", "ph":"E", "ts":"3764991783", "pid":"1", "tid":"cice"},
{"name":"ModelAdvance", "ph":"B", "ts":"3765174073", "pid":"1", "tid":"cice"},
{"name":"ModelAdvance", "ph":"E", "ts":"3765646269", "pid":"1", "tid":"cice"},
{"name":"ModelAdvance", "ph":"B", "ts":"3765794922", "pid":"1", "tid":"cice"},
{"name":"ModelAdvance", "ph":"E", "ts":"3766273528", "pid":"1", "tid":"cice"},
{"name":"ModelAdvance", "ph":"B", "ts":"3766432782", "pid":"1", "tid":"cice"},
{"name":"ModelAdvance", "ph":"E", "ts":"3766908360", "pid":"1", "tid":"cice"},
{"name":"ModelAdvance", "ph":"B", "ts":"3767068049", "pid":"1", "tid":"cice"},
{"name":"ModelAdvance", "ph":"E", "ts":"3767527456", "pid":"1", "tid":"cice"},
{"name":"ModelAdvance", "ph":"B", "ts":"3767696914", "pid":"1", "tid":"cice"},
{"name":"ModelAdvance", "ph":"E", "ts":"3768162355", "pid":"1", "tid":"cice"},
{"name":"ModelAdvance", "ph":"B", "ts":"3768330765", "pid":"1", "tid":"cice"},
{"name":"ModelAdvance", "ph":"E", "ts":"3768805160", "pid":"1", "tid":"cice"},
{"name":"ModelAdvance", "ph":"B", "ts":"3768957060", "pid":"1", "tid":"cice"},
{"name":"ModelAdvance", "ph":"E", "ts":"3769424009", "pid":"1", "tid":"cice"},
{"name":"ModelAdvance", "ph":"B", "ts":"3769590321", "pid":"1", "tid":"cice"},
{"name":"ModelAdvance", "ph":"E", "ts":"3770059224", "pid":"1", "tid":"cice"},
{"name":"ModelAdvance", "ph":"B", "ts":"3770228662", "pid":"1", "tid":"cice"},
{"name":"ModelAdvance", "ph":"E", "ts":"3770700792", "pid":"1", "tid":"cice"},
{"name":"ModelAdvance", "ph":"B", "ts":"3770856295", "pid":"1", "tid":"cice"},
{"name":"ModelAdvance", "ph":"E", "ts":"3771318888", "pid":"1", "tid":"cice"},
{"name":"ModelAdvance", "ph":"B", "ts":"3771495204", "pid":"1", "tid":"cice"},
{"name":"ModelAdvance", "ph":"E", "ts":"3771961371", "pid":"1", "tid":"cice"},
{"name":"ModelAdvance", "ph":"B", "ts":"3772126545", "pid":"1", "tid":"cice"},
{"name":"ModelAdvance", "ph":"E", "ts":"3772594534", "pid":"1", "tid":"cice"},
{"name":"ModelAdvance", "ph":"B", "ts":"3772779918", "pid":"1", "tid":"cice"},
{"name":"ModelAdvance", "ph":"E", "ts":"3773246991", "pid":"1", "tid":"cice"},
{"name":"ModelAdvance", "ph":"B", "ts":"3774060248", "pid":"1", "tid":"cice"},
{"name":"ModelAdvance", "ph":"E", "ts":"3774549821", "pid":"1", "tid":"cice"},
{"name":"ModelAdvance", "ph":"B", "ts":"3774690515", "pid":"1", "tid":"cice"},
{"name":"ModelAdvance", "ph":"E", "ts":"3775156019", "pid":"1", "tid":"cice"},
{"name":"ModelAdvance", "ph":"B", "ts":"3775309722", "pid":"1", "tid":"cice"},
{"name":"ModelAdvance", "ph":"E", "ts":"3775775418", "pid":"1", "tid":"cice"},
{"name":"ModelAdvance", "ph":"B", "ts":"3775945722", "pid":"1", "tid":"cice"},
{"name":"ModelAdvance", "ph":"E", "ts":"3776419099", "pid":"1", "tid":"cice"},
{"name":"ModelAdvance", "ph":"B", "ts":"3776589242", "pid":"1", "tid":"cice"},
{"name":"ModelAdvance", "ph":"E", "ts":"3777050604", "pid":"1", "tid":"cice"},
{"name":"ModelAdvance", "ph":"B", "ts":"3777233414", "pid":"1", "tid":"cice"},
{"name":"ModelAdvance", "ph":"E", "ts":"3777692268", "pid":"1", "tid":"cice"},
{"name":"ModelAdvance", "ph":"B", "ts":"3777867777", "pid":"1", "tid":"cice"},
{"name":"ModelAdvance", "ph":"E", "ts":"3778329436", "pid":"1", "tid":"cice"},
{"name":"ModelAdvance", "ph":"B", "ts":"3778526385", "pid":"1", "tid":"cice"},
{"name":"ModelAdvance", "ph":"E", "ts":"3778989447", "pid":"1", "tid":"cice"},
{"name":"ModelAdvance", "ph":"B", "ts":"3779162566", "pid":"1", "tid":"cice"},
{"name":"ModelAdvance", "ph":"E", "ts":"3779631230", "pid":"1", "tid":"cice"},
{"name":"ModelAdvance", "ph":"B", "ts":"3779794346", "pid":"1", "tid":"cice"},
{"name":"ModelAdvance", "ph":"E", "ts":"3780260215", "pid":"1", "tid":"cice"},
{"name":"ModelAdvance", "ph":"B", "ts":"3780430791", "pid":"1", "tid":"cice"},
{"name":"ModelAdvance", "ph":"E", "ts":"3780898317", "pid":"1", "tid":"cice"},
{"name":"ModelAdvance", "ph":"B", "ts":"3781089738", "pid":"1", "tid":"cice"},
{"name":"ModelAdvance", "ph":"E", "ts":"3781550354", "pid":"1", "tid":"cice"},
{"name":"ModelAdvance", "ph":"B", "ts":"3781729646", "pid":"1", "tid":"cice"},
{"name":"ModelAdvance", "ph":"E", "ts":"3782193624", "pid":"1", "tid":"cice"},
{"name":"ModelAdvance", "ph":"B", "ts":"3782372170", "pid":"1", "tid":"cice"},
{"name":"ModelAdvance", "ph":"E", "ts":"3782846829", "pid":"1", "tid":"cice"},
{"name":"ModelAdvance", "ph":"B", "ts":"3783008415", "pid":"1", "tid":"cice"},
{"name":"ModelAdvance", "ph":"E", "ts":"3783473830", "pid":"1", "tid":"cice"},
{"name":"ModelAdvance", "ph":"B", "ts":"3783635088", "pid":"1", "tid":"cice"},
{"name":"ModelAdvance", "ph":"E", "ts":"3784103508", "pid":"1", "tid":"cice"},
{"name":"ModelAdvance", "ph":"B", "ts":"3784264320", "pid":"1", "tid":"cice"},
{"name":"ModelAdvance", "ph":"E", "ts":"3784732171", "pid":"1", "tid":"cice"},
{"name":"ModelAdvance", "ph":"B", "ts":"3784915790", "pid":"1", "tid":"cice"},
{"name":"ModelAdvance", "ph":"E", "ts":"3785383204", "pid":"1", "tid":"cice"},
{"name":"ModelAdvance", "ph":"B", "ts":"3785554739", "pid":"1", "tid":"cice"},
{"name":"ModelAdvance", "ph":"E", "ts":"3786026422", "pid":"1", "tid":"cice"},
{"name":"ModelAdvance", "ph":"B", "ts":"3786197020", "pid":"1", "tid":"cice"},
{"name":"ModelAdvance", "ph":"E", "ts":"3786668314", "pid":"1", "tid":"cice"},
{"name":"ModelAdvance", "ph":"B", "ts":"3786825027", "pid":"1", "tid":"cice"},
{"name":"ModelAdvance", "ph":"E", "ts":"3787290396", "pid":"1", "tid":"cice"},
{"name":"ModelAdvance", "ph":"B", "ts":"3787451839", "pid":"1", "tid":"cice"},
{"name":"ModelAdvance", "ph":"E", "ts":"3787922995", "pid":"1", "tid":"cice"},
{"name":"ModelAdvance", "ph":"B", "ts":"3788081365", "pid":"1", "tid":"cice"},
{"name":"ModelAdvance", "ph":"E", "ts":"3788640495", "pid":"1", "tid":"cice"},
{"name":"ModelAdvance", "ph":"B", "ts":"3788752299", "pid":"1", "tid":"cice"},
{"name":"ModelAdvance", "ph":"E", "ts":"3789220567", "pid":"1", "tid":"cice"},
{"name":"ModelAdvance", "ph":"B", "ts":"3790063980", "pid":"1", "tid":"cice"},
{"name":"ModelAdvance", "ph":"E", "ts":"3790536636", "pid":"1", "tid":"cice"},
{"name":"ModelAdvance", "ph":"B", "ts":"3790692095", "pid":"1", "tid":"cice"},
{"name":"ModelAdvance", "ph":"E", "ts":"3791156148", "pid":"1", "tid":"cice"},
{"name":"ModelAdvance", "ph":"B", "ts":"3791308890", "pid":"1", "tid":"cice"},
{"name":"ModelAdvance", "ph":"E", "ts":"3791781119", "pid":"1", "tid":"cice"},
{"name":"ModelAdvance", "ph":"B", "ts":"3791940028", "pid":"1", "tid":"cice"},
{"name":"ModelAdvance", "ph":"E", "ts":"3792413765", "pid":"1", "tid":"cice"},
{"name":"ModelAdvance", "ph":"B", "ts":"3792561734", "pid":"1", "tid":"cice"},
{"name":"ModelAdvance", "ph":"E", "ts":"3793035628", "pid":"1", "tid":"cice"},
{"name":"ModelAdvance", "ph":"B", "ts":"3793191593", "pid":"1", "tid":"cice"},
{"name":"ModelAdvance", "ph":"E", "ts":"3793653682", "pid":"1", "tid":"cice"},
{"name":"ModelAdvance", "ph":"B", "ts":"3793826804", "pid":"1", "tid":"cice"},
{"name":"ModelAdvance", "ph":"E", "ts":"3794296887", "pid":"1", "tid":"cice"},
{"name":"ModelAdvance", "ph":"B", "ts":"3794468028", "pid":"1", "tid":"cice"},
{"name":"ModelAdvance", "ph":"E", "ts":"3794925158", "pid":"1", "tid":"cice"},
{"name":"ModelAdvance", "ph":"B", "ts":"3795098973", "pid":"1", "tid":"cice"},
{"name":"ModelAdvance", "ph":"E", "ts":"3795561555", "pid":"1", "tid":"cice"},
{"name":"ModelAdvance", "ph":"B", "ts":"3795730084", "pid":"1", "tid":"cice"},
{"name":"ModelAdvance", "ph":"E", "ts":"3796195223", "pid":"1", "tid":"cice"},
{"name":"ModelAdvance", "ph":"B", "ts":"3796361565", "pid":"1", "tid":"cice"},
{"name":"ModelAdvance", "ph":"E", "ts":"3796835305", "pid":"1", "tid":"cice"},
{"name":"ModelAdvance", "ph":"B", "ts":"3797018130", "pid":"1", "tid":"cice"},
{"name":"ModelAdvance", "ph":"E", "ts":"3797485458", "pid":"1", "tid":"cice"},
{"name":"ModelAdvance", "ph":"B", "ts":"3797647677", "pid":"1", "tid":"cice"},
{"name":"ModelAdvance", "ph":"E", "ts":"3798111605", "pid":"1", "tid":"cice"},
{"name":"ModelAdvance", "ph":"B", "ts":"3798278729", "pid":"1", "tid":"cice"},
{"name":"ModelAdvance", "ph":"E", "ts":"3798742684", "pid":"1", "tid":"cice"},
{"name":"ModelAdvance", "ph":"B", "ts":"3798902071", "pid":"1", "tid":"cice"},
{"name":"ModelAdvance", "ph":"E", "ts":"3799364949", "pid":"1", "tid":"cice"},
{"name":"ModelAdvance", "ph":"B", "ts":"3799528430", "pid":"1", "tid":"cice"},
{"name":"ModelAdvance", "ph":"E", "ts":"3799996792", "pid":"1", "tid":"cice"},
{"name":"ModelAdvance", "ph":"B", "ts":"3800151757", "pid":"1", "tid":"cice"},
{"name":"ModelAdvance", "ph":"E", "ts":"3800628395", "pid":"1", "tid":"cice"},
{"name":"ModelAdvance", "ph":"B", "ts":"3800775469", "pid":"1", "tid":"cice"},
{"name":"ModelAdvance", "ph":"E", "ts":"3801242227", "pid":"1", "tid":"cice"},
{"name":"ModelAdvance", "ph":"B", "ts":"3801409888", "pid":"1", "tid":"cice"},
{"name":"ModelAdvance", "ph":"E", "ts":"3801876326", "pid":"1", "tid":"cice"},
{"name":"ModelAdvance", "ph":"B", "ts":"3802051089", "pid":"1", "tid":"cice"},
{"name":"ModelAdvance", "ph":"E", "ts":"3802515927", "pid":"1", "tid":"cice"},
{"name":"ModelAdvance", "ph":"B", "ts":"3802674930", "pid":"1", "tid":"cice"},
{"name":"ModelAdvance", "ph":"E", "ts":"3803141727", "pid":"1", "tid":"cice"},
{"name":"ModelAdvance", "ph":"B", "ts":"3803315102", "pid":"1", "tid":"cice"},
{"name":"ModelAdvance", "ph":"E", "ts":"3803785226", "pid":"1", "tid":"cice"},
{"name":"ModelAdvance", "ph":"B", "ts":"3803944292", "pid":"1", "tid":"cice"},
{"name":"ModelAdvance", "ph":"E", "ts":"3804414663", "pid":"1", "tid":"cice"},
{"name":"ModelAdvance", "ph":"B", "ts":"3804591360", "pid":"1", "tid":"cice"},
{"name":"ModelAdvance", "ph":"E", "ts":"3805064639", "pid":"1", "tid":"cice"},
{"name":"ModelAdvance", "ph":"B", "ts":"3805924566", "pid":"1", "tid":"cice"},
{"name":"ModelAdvance", "ph":"E", "ts":"3806398350", "pid":"1", "tid":"cice"},
{"name":"ModelAdvance", "ph":"B", "ts":"3806557073", "pid":"1", "tid":"cice"},
{"name":"ModelAdvance", "ph":"E", "ts":"3807032502", "pid":"1", "tid":"cice"},
{"name":"ModelAdvance", "ph":"B", "ts":"3807179752", "pid":"1", "tid":"cice"},
{"name":"ModelAdvance", "ph":"E", "ts":"3807650748", "pid":"1", "tid":"cice"},
{"name":"ModelAdvance", "ph":"B", "ts":"3807812783", "pid":"1", "tid":"cice"},
{"name":"ModelAdvance", "ph":"E", "ts":"3808281990", "pid":"1", "tid":"cice"},
{"name":"ModelAdvance", "ph":"B", "ts":"3808447602", "pid":"1", "tid":"cice"},
{"name":"ModelAdvance", "ph":"E", "ts":"3808914240", "pid":"1", "tid":"cice"},
{"name":"ModelAdvance", "ph":"B", "ts":"3809083984", "pid":"1", "tid":"cice"},
{"name":"ModelAdvance", "ph":"E", "ts":"3809553404", "pid":"1", "tid":"cice"},
{"name":"ModelAdvance", "ph":"B", "ts":"3809723284", "pid":"1", "tid":"cice"},
{"name":"ModelAdvance", "ph":"E", "ts":"3810188278", "pid":"1", "tid":"cice"},
{"name":"ModelAdvance", "ph":"B", "ts":"3810364934", "pid":"1", "tid":"cice"},
{"name":"ModelAdvance", "ph":"E", "ts":"3810820159", "pid":"1", "tid":"cice"},
{"name":"ModelAdvance", "ph":"B", "ts":"3811001293", "pid":"1", "tid":"cice"},
{"name":"ModelAdvance", "ph":"E", "ts":"3811469111", "pid":"1", "tid":"cice"},
{"name":"ModelAdvance", "ph":"B", "ts":"3811637535", "pid":"1", "tid":"cice"},
{"name":"ModelAdvance", "ph":"E", "ts":"3812110685", "pid":"1", "tid":"cice"},
{"name":"ModelAdvance", "ph":"B", "ts":"3812269567", "pid":"1", "tid":"cice"},
{"name":"ModelAdvance", "ph":"E", "ts":"3812740319", "pid":"1", "tid":"cice"},
{"name":"ModelAdvance", "ph":"B", "ts":"3812940989", "pid":"1", "tid":"cice"},
{"name":"ModelAdvance", "ph":"E", "ts":"3813407856", "pid":"1", "tid":"cice"},
{"name":"ModelAdvance", "ph":"B", "ts":"3813572936", "pid":"1", "tid":"cice"},
{"name":"ModelAdvance", "ph":"E", "ts":"3814048211", "pid":"1", "tid":"cice"},
{"name":"ModelAdvance", "ph":"B", "ts":"3814208123", "pid":"1", "tid":"cice"},
{"name":"ModelAdvance", "ph":"E", "ts":"3814681649", "pid":"1", "tid":"cice"},
{"name":"ModelAdvance", "ph":"B", "ts":"3814846282", "pid":"1", "tid":"cice"},
{"name":"ModelAdvance", "ph":"E", "ts":"3815309442", "pid":"1", "tid":"cice"},
{"name":"ModelAdvance", "ph":"B", "ts":"3815484045", "pid":"1", "tid":"cice"},
{"name":"ModelAdvance", "ph":"E", "ts":"3815950295", "pid":"1", "tid":"cice"},
{"name":"ModelAdvance", "ph":"B", "ts":"3816114830", "pid":"1", "tid":"cice"},
{"name":"ModelAdvance", "ph":"E", "ts":"3816581142", "pid":"1", "tid":"cice"},
{"name":"ModelAdvance", "ph":"B", "ts":"3816998102", "pid":"1", "tid":"cice"},
{"name":"ModelAdvance", "ph":"E", "ts":"3817461242", "pid":"1", "tid":"cice"},
{"name":"ModelAdvance", "ph":"B", "ts":"3817632782", "pid":"1", "tid":"cice"},
{"name":"ModelAdvance", "ph":"E", "ts":"3818099881", "pid":"1", "tid":"cice"},
{"name":"ModelAdvance", "ph":"B", "ts":"3818266088", "pid":"1", "tid":"cice"},
{"name":"ModelAdvance", "ph":"E", "ts":"3818730535", "pid":"1", "tid":"cice"},
{"name":"ModelAdvance", "ph":"B", "ts":"3818901593", "pid":"1", "tid":"cice"},
{"name":"ModelAdvance", "ph":"E", "ts":"3819372459", "pid":"1", "tid":"cice"},
{"name":"ModelAdvance", "ph":"B", "ts":"3819535870", "pid":"1", "tid":"cice"},
{"name":"ModelAdvance", "ph":"E", "ts":"3820008258", "pid":"1", "tid":"cice"},
{"name":"ModelAdvance", "ph":"B", "ts":"3820185493", "pid":"1", "tid":"cice"},
{"name":"ModelAdvance", "ph":"E", "ts":"3820649084", "pid":"1", "tid":"cice"},
{"name":"ModelAdvance", "ph":"B", "ts":"3820842928", "pid":"1", "tid":"cice"},
{"name":"ModelAdvance", "ph":"E", "ts":"3821313680", "pid":"1", "tid":"cice"},
{"name":"ModelAdvance", "ph":"B", "ts":"3822132608", "pid":"1", "tid":"cice"},
{"name":"ModelAdvance", "ph":"E", "ts":"3822601108", "pid":"1", "tid":"cice"},
{"name":"ModelAdvance", "ph":"B", "ts":"3822766739", "pid":"1", "tid":"cice"},
{"name":"ModelAdvance", "ph":"E", "ts":"3823237686", "pid":"1", "tid":"cice"},
{"name":"ModelAdvance", "ph":"B", "ts":"3823398091", "pid":"1", "tid":"cice"},
{"name":"ModelAdvance", "ph":"E", "ts":"3823865949", "pid":"1", "tid":"cice"},
{"name":"ModelAdvance", "ph":"B", "ts":"3824031802", "pid":"1", "tid":"cice"},
{"name":"ModelAdvance", "ph":"E", "ts":"3824499839", "pid":"1", "tid":"cice"},
{"name":"ModelAdvance", "ph":"B", "ts":"3824658075", "pid":"1", "tid":"cice"},
{"name":"ModelAdvance", "ph":"E", "ts":"3825123395", "pid":"1", "tid":"cice"},
{"name":"ModelAdvance", "ph":"B", "ts":"3825288818", "pid":"1", "tid":"cice"},
{"name":"ModelAdvance", "ph":"E", "ts":"3825760848", "pid":"1", "tid":"cice"},
{"name":"ModelAdvance", "ph":"B", "ts":"3825923002", "pid":"1", "tid":"cice"},
{"name":"ModelAdvance", "ph":"E", "ts":"3826385616", "pid":"1", "tid":"cice"},
{"name":"ModelAdvance", "ph":"B", "ts":"3826550889", "pid":"1", "tid":"cice"},
{"name":"ModelAdvance", "ph":"E", "ts":"3827021856", "pid":"1", "tid":"cice"},
{"name":"ModelAdvance", "ph":"B", "ts":"3827190001", "pid":"1", "tid":"cice"},
{"name":"ModelAdvance", "ph":"E", "ts":"3827662918", "pid":"1", "tid":"cice"},
{"name":"ModelAdvance", "ph":"B", "ts":"3827823044", "pid":"1", "tid":"cice"},
{"name":"ModelAdvance", "ph":"E", "ts":"3828277967", "pid":"1", "tid":"cice"},
{"name":"ModelAdvance", "ph":"B", "ts":"3828451129", "pid":"1", "tid":"cice"},
{"name":"ModelAdvance", "ph":"E", "ts":"3828924112", "pid":"1", "tid":"cice"},
{"name":"ModelAdvance", "ph":"B", "ts":"3829107759", "pid":"1", "tid":"cice"},
{"name":"ModelAdvance", "ph":"E", "ts":"3829578399", "pid":"1", "tid":"cice"},
{"name":"ModelAdvance", "ph":"B", "ts":"3829733241", "pid":"1", "tid":"cice"},
{"name":"ModelAdvance", "ph":"E", "ts":"3830212342", "pid":"1", "tid":"cice"},
{"name":"ModelAdvance", "ph":"B", "ts":"3830363891", "pid":"1", "tid":"cice"},
{"name":"ModelAdvance", "ph":"E", "ts":"3830826364", "pid":"1", "tid":"cice"},
{"name":"ModelAdvance", "ph":"B", "ts":"3830987279", "pid":"1", "tid":"cice"},
{"name":"ModelAdvance", "ph":"E", "ts":"3831451656", "pid":"1", "tid":"cice"},
{"name":"ModelAdvance", "ph":"B", "ts":"3831606652", "pid":"1", "tid":"cice"},
{"name":"ModelAdvance", "ph":"E", "ts":"3832075463", "pid":"1", "tid":"cice"},
{"name":"ModelAdvance", "ph":"B", "ts":"3832244201", "pid":"1", "tid":"cice"},
{"name":"ModelAdvance", "ph":"E", "ts":"3832714633", "pid":"1", "tid":"cice"},
{"name":"ModelAdvance", "ph":"B", "ts":"3832863476", "pid":"1", "tid":"cice"},
{"name":"ModelAdvance", "ph":"E", "ts":"3833338248", "pid":"1", "tid":"cice"},
{"name":"ModelAdvance", "ph":"B", "ts":"3833481650", "pid":"1", "tid":"cice"},
{"name":"ModelAdvance", "ph":"E", "ts":"3833946088", "pid":"1", "tid":"cice"},
{"name":"ModelAdvance", "ph":"B", "ts":"3834094224", "pid":"1", "tid":"cice"},
{"name":"ModelAdvance", "ph":"E", "ts":"3834566070", "pid":"1", "tid":"cice"},
{"name":"ModelAdvance", "ph":"B", "ts":"3834713979", "pid":"1", "tid":"cice"},
{"name":"ModelAdvance", "ph":"E", "ts":"3835186836", "pid":"1", "tid":"cice"},
{"name":"ModelAdvance", "ph":"B", "ts":"3835328139", "pid":"1", "tid":"cice"},
{"name":"ModelAdvance", "ph":"E", "ts":"3835795135", "pid":"1", "tid":"cice"},
{"name":"ModelAdvance", "ph":"B", "ts":"3835950452", "pid":"1", "tid":"cice"},
{"name":"ModelAdvance", "ph":"E", "ts":"3836420324", "pid":"1", "tid":"cice"},
{"name":"ModelFinalize", "ph":"B", "ts":"3836424653", "pid":"1", "tid":"cice"},
{"name":"ModelFinalize", "ph":"E", "ts":"3836424734", "pid":"1", "tid":"cice"},
