{"name":"SetServices", "ph":"B", "ts":"537782489", "pid":"1", "tid":"cice"},
{"name":"SetServices", "ph":"E", "ts":"537784294", "pid":"1", "tid":"cice"},
{"name":"InitializeP0", "ph":"B", "ts":"538571594", "pid":"1", "tid":"cice"},
{"name":"InitializeP0", "ph":"E", "ts":"538571722", "pid":"1", "tid":"cice"},
{"name":"InitializeAdvertise", "ph":"B", "ts":"562782704", "pid":"1", "tid":"cice"},
{"name":"InitializeAdvertise", "ph":"E", "ts":"572552500", "pid":"1", "tid":"cice"},
{"name":"InitializeRealize", "ph":"B", "ts":"798926685", "pid":"1", "tid":"cice"},
{"name":"InitializeRealize", "ph":"E", "ts":"810383070", "pid":"1", "tid":"cice"},
{"name":"ModelAdvance", "ph":"B", "ts":"889965633", "pid":"1", "tid":"cice"},
{"name":"ModelAdvance", "ph":"E", "ts":"890630615", "pid":"1", "tid":"cice"},
{"name":"ModelAdvance", "ph":"B", "ts":"894153036", "pid":"1", "tid":"cice"},
{"name":"ModelAdvance", "ph":"E", "ts":"894654533", "pid":"1", "tid":"cice"},
{"name":"ModelAdvance", "ph":"B", "ts":"894773272", "pid":"1", "tid":"cice"},
{"name":"ModelAdvance", "ph":"E", "ts":"895243411", "pid":"1", "tid":"cice"},
{"name":"ModelAdvance", "ph":"B", "ts":"895389146", "pid":"1", "tid":"cice"},
{"name":"ModelAdvance", "ph":"E", "ts":"895875178", "pid":"1", "tid":"cice"},
{"name":"ModelAdvance", "ph":"B", "ts":"895995801", "pid":"1", "tid":"cice"},
{"name":"ModelAdvance", "ph":"E", "ts":"896469480", "pid":"1", "tid":"cice"},
{"name":"ModelAdvance", "ph":"B", "ts":"896603722", "pid":"1", "tid":"cice"},
{"name":"ModelAdvance", "ph":"E", "ts":"897071774", "pid":"1", "tid":"cice"},
{"name":"ModelAdvance", "ph":"B", "ts":"897220567", "pid":"1", "tid":"cice"},
{"name":"ModelAdvance", "ph":"E", "ts":"897703061", "pid":"1", "tid":"cice"},
{"name":"ModelAdvance", "ph":"B", "ts":"897839731", "pid":"1", "tid":"cice"},
{"name":"ModelAdvance", "ph":"E", "ts":"898302125", "pid":"1", "tid":"cice"},
{"name":"ModelAdvance", "ph":"B", "ts":"898480620", "pid":"1", "tid":"cice"},
{"name":"ModelAdvance", "ph":"E", "ts":"898959813", "pid":"1", "tid":"cice"},
{"name":"ModelAdvance", "ph":"B", "ts":"899108459", "pid":"1", "tid":"cice"},
{"name":"ModelAdvance", "ph":"E", "ts":"899583053", "pid":"1", "tid":"cice"},
{"name":"ModelAdvance", "ph":"B", "ts":"899727732", "pid":"1", "tid":"cice"},
{"name":"ModelAdvance", "ph":"E", "ts":"900196529", "pid":"1", "tid":"cice"},
{"name":"ModelAdvance", "ph":"B", "ts":"900337675", "pid":"1", "tid":"cice"},
{"name":"ModelAdvance", "ph":"E", "ts":"900815667", "pid":"1", "tid":"cice"},
{"name":"ModelAdvance", "ph":"B", "ts":"902837549", "pid":"1", "tid":"cice"},
{"name":"ModelAdvance", "ph":"E", "ts":"903315920", "pid":"1", "tid":"cice"},
{"name":"ModelAdvance", "ph":"B", "ts":"903454859", "pid":"1", "tid":"cice"},
{"name":"ModelAdvance", "ph":"E", "ts":"903940056", "pid":"1", "tid":"cice"},
{"name":"ModelAdvance", "ph":"B", "ts":"904066999", "pid":"1", "tid":"cice"},
{"name":"ModelAdvance", "ph":"E", "ts":"904549610", "pid":"1", "tid":"cice"},
{"name":"ModelAdvance", "ph":"B", "ts":"904682617", "pid":"1", "tid":"cice"},
{"name":"ModelAdvance", "ph":"E", "ts":"905166110", "pid":"1", "tid":"cice"},
{"name":"ModelAdvance", "ph":"B", "ts":"905296702", "pid":"1", "tid":"cice"},
{"name":"ModelAdvance", "ph":"E", "ts":"905766571", "pid":"1", "tid":"cice"},
{"name":"ModelAdvance", "ph":"B", "ts":"905916788", "pid":"1", "tid":"cice"},
{"name":"ModelAdvance", "ph":"E", "ts":"906393546", "pid":"1", "tid":"cice"},
{"name":"ModelAdvance", "ph":"B", "ts":"906531956", "pid":"1", "tid":"cice"},
{"name":"ModelAdvance", "ph":"E", "ts":"907012713", "pid":"1", "tid":"cice"},
{"name":"ModelAdvance", "ph":"B", "ts":"907145499", "pid":"1", "tid":"cice"},
{"name":"ModelAdvance", "ph":"E", "ts":"907625036", "pid":"1", "tid":"cice"},
{"name":"ModelAdvance", "ph":"B", "ts":"907770611", "pid":"1", "tid":"cice"},
{"name":"ModelAdvance", "ph":"E", "ts":"908251391", "pid":"1", "tid":"cice"},
{"name":"ModelAdvance", "ph":"B", "ts":"908379592", "pid":"1", "tid":"cice"},
{"name":"ModelAdvance", "ph":"E", "ts":"908843551", "pid":"1", "tid":"cice"},
{"name":"ModelAdvance", "ph":"B", "ts":"909010449", "pid":"1", "tid":"cice"},
{"name":"ModelAdvance", "ph":"E", "ts":"909488082", "pid":"1", "tid":"cice"},
{"name":"ModelAdvance", "ph":"B", "ts":"909625657", "pid":"1", "tid":"cice"},
{"name":"ModelAdvance", "ph":"E", "ts":"910090814", "pid":"1", "tid":"cice"},
{"name":"ModelAdvance", "ph":"B", "ts":"910268531", "pid":"1", "tid":"cice"},
{"name":"ModelAdvance", "ph":"E", "ts":"910742229", "pid":"1", "tid":"cice"},
{"name":"ModelAdvance", "ph":"B", "ts":"911577738", "pid":"1", "tid":"cice"},
{"name":"ModelAdvance", "ph":"E", "ts":"912056759", "pid":"1", "tid":"cice"},
{"name":"ModelAdvance", "ph":"B", "ts":"912198946", "pid":"1", "tid":"cice"},
{"name":"ModelAdvance", "ph":"E", "ts":"912669846", "pid":"1", "tid":"cice"},
{"name":"ModelAdvance", "ph":"B", "ts":"912810219", "pid":"1", "tid":"cice"},
{"name":"ModelAdvance", "ph":"E", "ts":"913277552", "pid":"1", "tid":"cice"},
{"name":"ModelAdvance", "ph":"B", "ts":"913426758", "pid":"1", "tid":"cice"},
{"name":"ModelAdvance", "ph":"E", "ts":"913893092", "pid":"1", "tid":"cice"},
{"name":"ModelAdvance", "ph":"B", "ts":"914047454", "pid":"1", "tid":"cice"},
{"name":"ModelAdvance", "ph":"E", "ts":"914523957", "pid":"1", "tid":"cice"},
{"name":"ModelAdvance", "ph":"B", "ts":"914665436", "pid":"1", "tid":"cice"},
{"name":"ModelAdvance", "ph":"E", "ts":"915140517", "pid":"1", "tid":"cice"},
{"name":"ModelAdvance", "ph":"B", "ts":"915272309", "pid":"1", "tid":"cice"},
{"name":"ModelAdvance", "ph":"E", "ts":"915751441", "pid":"1", "tid":"cice"},
{"name":"ModelAdvance", "ph":"B", "ts":"915888587", "pid":"1", "tid":"cice"},
{"name":"ModelAdvance", "ph":"E", "ts":"916368258", "pid":"1", "tid":"cice"},
{"name":"ModelAdvance", "ph":"B", "ts":"916506550", "pid":"1", "tid":"cice"},
{"name":"ModelAdvance", "ph":"E", "ts":"917005110", "pid":"1", "tid":"cice"},
{"name":"ModelAdvance", "ph":"B", "ts":"917120595", "pid":"1", "tid":"cice"},
{"name":"ModelAdvance", "ph":"E", "ts":"917595638", "pid":"1", "tid":"cice"},
{"name":"ModelAdvance", "ph":"B", "ts":"917738825", "pid":"1", "tid":"cice"},
{"name":"ModelAdvance", "ph":"E", "ts":"918202383", "pid":"1", "tid":"cice"},
{"name":"ModelAdvance", "ph":"B", "ts":"918377322", "pid":"1", "tid":"cice"},
{"name":"ModelAdvance", "ph":"E", "ts":"918859256", "pid":"1", "tid":"cice"},
{"name":"ModelAdvance", "ph":"B", "ts":"918989527", "pid":"1", "tid":"cice"},
{"name":"ModelAdvance", "ph":"E", "ts":"919467057", "pid":"1", "tid":"cice"},
{"name":"ModelAdvance", "ph":"B", "ts":"919613739", "pid":"1", "tid":"cice"},
{"name":"ModelAdvance", "ph":"E", "ts":"920088856", "pid":"1", "tid":"cice"},
{"name":"ModelAdvance", "ph":"B", "ts":"920236449", "pid":"1", "tid":"cice"},
{"name":"ModelAdvance", "ph":"E", "ts":"920709966", "pid":"1", "tid":"cice"},
{"name":"ModelAdvance", "ph":"B", "ts":"920861913", "pid":"1", "tid":"cice"},
{"name":"ModelAdvance", "ph":"E", "ts":"921328322", "pid":"1", "tid":"cice"},
{"name":"ModelAdvance", "ph":"B", "ts":"921481962", "pid":"1", "tid":"cice"},
{"name":"ModelAdvance", "ph":"E", "ts":"921949263", "pid":"1", "tid":"cice"},
{"name":"ModelAdvance", "ph":"B", "ts":"922097556", "pid":"1", "tid":"cice"},
{"name":"ModelAdvance", "ph":"E", "ts":"922572527", "pid":"1", "tid":"cice"},
{"name":"ModelAdvance", "ph":"B", "ts":"922713222", "pid":"1", "tid":"cice"},
{"name":"ModelAdvance", "ph":"E", "ts":"923193630", "pid":"1", "tid":"cice"},
{"name":"ModelAdvance", "ph":"B", "ts":"923346358", "pid":"1", "tid":"cice"},
{"name":"ModelAdvance", "ph":"E", "ts":"923821771", "pid":"1", "tid":"cice"},
{"name":"ModelAdvance", "ph":"B", "ts":"923966181", "pid":"1", "tid":"cice"},
{"name":"ModelAdvance", "ph":"E", "ts":"924436904", "pid":"1", "tid":"cice"},
{"name":"ModelAdvance", "ph":"B", "ts":"924592884", "pid":"1", "tid":"cice"},
{"name":"ModelAdvance", "ph":"E", "ts":"925070415", "pid":"1", "tid":"cice"},
{"name":"ModelAdvance", "ph":"B", "ts":"925213765", "pid":"1", "tid":"cice"},
{"name":"ModelAdvance", "ph":"E", "ts":"925728349", "pid":"1", "tid":"cice"},
{"name":"ModelAdvance", "ph":"B", "ts":"925878268", "pid":"1", "tid":"cice"},
{"name":"ModelAdvance", "ph":"E", "ts":"926350209", "pid":"1", "tid":"cice"},
{"name":"ModelAdvance", "ph":"B", "ts":"927168226", "pid":"1", "tid":"cice"},
{"name":"ModelAdvance", "ph":"E", "ts":"927643126", "pid":"1", "tid":"cice"},
{"name":"ModelAdvance", "ph":"B", "ts":"927791725", "pid":"1", "tid":"cice"},
{"name":"ModelAdvance", "ph":"E", "ts":"928264566", "pid":"1", "tid":"cice"},
{"name":"ModelAdvance", "ph":"B", "ts":"928418933", "pid":"1", "tid":"cice"},
{"name":"ModelAdvance", "ph":"E", "ts":"928892234", "pid":"1", "tid":"cice"},
{"name":"ModelAdvance", "ph":"B", "ts":"929042907", "pid":"1", "tid":"cice"},
{"name":"ModelAdvance", "ph":"E", "ts":"929519019", "pid":"1", "tid":"cice"},
{"name":"ModelAdvance", "ph":"B", "ts":"929669476", "pid":"1", "tid":"cice"},
{"name":"ModelAdvance", "ph":"E", "ts":"930148724", "pid":"1", "tid":"cice"},
{"name":"ModelAdvance", "ph":"B", "ts":"930290478", "pid":"1", "tid":"cice"},
{"name":"ModelAdvance", "ph":"E", "ts":"930756667", "pid":"1", "tid":"cice"},
{"name":"ModelAdvance", "ph":"B", "ts":"930919935", "pid":"1", "tid":"cice"},
{"name":"ModelAdvance", "ph":"E", "ts":"931399165", "pid":"1", "tid":"cice"},
{"name":"ModelAdvance", "ph":"B", "ts":"931540821", "pid":"1", "tid":"cice"},
{"name":"ModelAdvance", "ph":"E", "ts":"932012509", "pid":"1", "tid":"cice"},
{"name":"ModelAdvance", "ph":"B", "ts":"932159551", "pid":"1", "tid":"cice"},
{"name":"ModelAdvance", "ph":"E", "ts":"932639847", "pid":"1", "tid":"cice"},
{"name":"ModelAdvance", "ph":"B", "ts":"932781261", "pid":"1", "tid":"cice"},
{"name":"ModelAdvance", "ph":"E", "ts":"933250500", "pid":"1", "tid":"cice"},
{"name":"ModelAdvance", "ph":"B", "ts":"933398573", "pid":"1", "tid":"cice"},
{"name":"ModelAdvance", "ph":"E", "ts":"933878071", "pid":"1", "tid":"cice"},
{"name":"ModelAdvance", "ph":"B", "ts":"934048995", "pid":"1", "tid":"cice"},
{"name":"ModelAdvance", "ph":"E", "ts":"934523437", "pid":"1", "tid":"cice"},
{"name":"ModelAdvance", "ph":"B", "ts":"934679800", "pid":"1", "tid":"cice"},
{"name":"ModelAdvance", "ph":"E", "ts":"935148543", "pid":"1", "tid":"cice"},
{"name":"ModelAdvance", "ph":"B", "ts":"935298913", "pid":"1", "tid":"cice"},
{"name":"ModelAdvance", "ph":"E", "ts":"935766532", "pid":"1", "tid":"cice"},
{"name":"ModelAdvance", "ph":"B", "ts":"936281173", "pid":"1", "tid":"cice"},
{"name":"ModelAdvance", "ph":"E", "ts":"936755024", "pid":"1", "tid":"cice"},
{"name":"ModelAdvance", "ph":"B", "ts":"936924051", "pid":"1", "tid":"cice"},
{"name":"ModelAdvance", "ph":"E", "ts":"937405350", "pid":"1", "tid":"cice"},
{"name":"ModelAdvance", "ph":"B", "ts":"937545152", "pid":"1", "tid":"cice"},
{"name":"ModelAdvance", "ph":"E", "ts":"938024567", "pid":"1", "tid":"cice"},
{"name":"ModelAdvance", "ph":"B", "ts":"938171622", "pid":"1", "tid":"cice"},
{"name":"ModelAdvance", "ph":"E", "ts":"938638298", "pid":"1", "tid":"cice"},
{"name":"ModelAdvance", "ph":"B", "ts":"938794180", "pid":"1", "tid":"cice"},
{"name":"ModelAdvance", "ph":"E", "ts":"939270207", "pid":"1", "tid":"cice"},
{"name":"ModelAdvance", "ph":"B", "ts":"939424167", "pid":"1", "tid":"cice"},
{"name":"ModelAdvance", "ph":"E", "ts":"939893552", "pid":"1", "tid":"cice"},
{"name":"ModelAdvance", "ph":"B", "ts":"940056503", "pid":"1", "tid":"cice"},
{"name":"ModelAdvance", "ph":"E", "ts":"940527702", "pid":"1", "tid":"cice"},
{"name":"ModelAdvance", "ph":"B", "ts":"940684756", "pid":"1", "tid":"cice"},
{"name":"ModelAdvance", "ph":"E", "ts":"941156292", "pid":"1", "tid":"cice"},
{"name":"ModelAdvance", "ph":"B", "ts":"941302821", "pid":"1", "tid":"cice"},
{"name":"ModelAdvance", "ph":"E", "ts":"941779041", "pid":"1", "tid":"cice"},
{"name":"ModelAdvance", "ph":"B", "ts":"959786316", "pid":"1", "tid":"cice"},
{"name":"ModelAdvance", "ph":"E", "ts":"960265192", "pid":"1", "tid":"cice"},
{"name":"ModelAdvance", "ph":"B", "ts":"961068414", "pid":"1", "tid":"cice"},
{"name":"ModelAdvance", "ph":"E", "ts":"961547229", "pid":"1", "tid":"cice"},
{"name":"ModelAdvance", "ph":"B", "ts":"961695047", "pid":"1", "tid":"cice"},
{"name":"ModelAdvance", "ph":"E", "ts":"962164786", "pid":"1", "tid":"cice"},
{"name":"ModelAdvance", "ph":"B", "ts":"962322094", "pid":"1", "tid":"cice"},
{"name":"ModelAdvance", "ph":"E", "ts":"962800286", "pid":"1", "tid":"cice"},
{"name":"ModelAdvance", "ph":"B", "ts":"962954246", "pid":"1", "tid":"cice"},
{"name":"ModelAdvance", "ph":"E", "ts":"963433848", "pid":"1", "tid":"cice"},
{"name":"ModelAdvance", "ph":"B", "ts":"963587699", "pid":"1", "tid":"cice"},
{"name":"ModelAdvance", "ph":"E", "ts":"964060758", "pid":"1", "tid":"cice"},
{"name":"ModelAdvance", "ph":"B", "ts":"964237068", "pid":"1", "tid":"cice"},
{"name":"ModelAdvance", "ph":"E", "ts":"964707808", "pid":"1", "tid":"cice"},
{"name":"ModelAdvance", "ph":"B", "ts":"964854562", "pid":"1", "tid":"cice"},
{"name":"ModelAdvance", "ph":"E", "ts":"965328412", "pid":"1", "tid":"cice"},
{"name":"ModelAdvance", "ph":"B", "ts":"965480126", "pid":"1", "tid":"cice"},
{"name":"ModelAdvance", "ph":"E", "ts":"965952394", "pid":"1", "tid":"cice"},
{"name":"ModelAdvance", "ph":"B", "ts":"966103801", "pid":"1", "tid":"cice"},
{"name":"ModelAdvance", "ph":"E", "ts":"966580692", "pid":"1", "tid":"cice"},
{"name":"ModelAdvance", "ph":"B", "ts":"966759579", "pid":"1", "tid":"cice"},
{"name":"ModelAdvance", "ph":"E", "ts":"967238096", "pid":"1", "tid":"cice"},
{"name":"ModelAdvance", "ph":"B", "ts":"967399664", "pid":"1", "tid":"cice"},
{"name":"ModelAdvance", "ph":"E", "ts":"967879576", "pid":"1", "tid":"cice"},
{"name":"ModelAdvance", "ph":"B", "ts":"968049021", "pid":"1", "tid":"cice"},
{"name":"ModelAdvance", "ph":"E", "ts":"968527417", "pid":"1", "tid":"cice"},
{"name":"ModelAdvance", "ph":"B", "ts":"968696211", "pid":"1", "tid":"cice"},
{"name":"ModelAdvance", "ph":"E", "ts":"969228702", "pid":"1", "tid":"cice"},
{"name":"ModelAdvance", "ph":"B", "ts":"969349170", "pid":"1", "tid":"cice"},
{"name":"ModelAdvance", "ph":"E", "ts":"969831069", "pid":"1", "tid":"cice"},
{"name":"ModelAdvance", "ph":"B", "ts":"969968611", "pid":"1", "tid":"cice"},
{"name":"ModelAdvance", "ph":"E", "ts":"970444813", "pid":"1", "tid":"cice"},
{"name":"ModelAdvance", "ph":"B", "ts":"970602708", "pid":"1", "tid":"cice"},
{"name":"ModelAdvance", "ph":"E", "ts":"971068469", "pid":"1", "tid":"cice"},
{"name":"ModelAdvance", "ph":"B", "ts":"971225421", "pid":"1", "tid":"cice"},
{"name":"ModelAdvance", "ph":"E", "ts":"971701865", "pid":"1", "tid":"cice"},
{"name":"ModelAdvance", "ph":"B", "ts":"971854913", "pid":"1", "tid":"cice"},
{"name":"ModelAdvance", "ph":"E", "ts":"972339572", "pid":"1", "tid":"cice"},
{"name":"ModelAdvance", "ph":"B", "ts":"972719479", "pid":"1", "tid":"cice"},
{"name":"ModelAdvance", "ph":"E", "ts":"973190578", "pid":"1", "tid":"cice"},
{"name":"ModelAdvance", "ph":"B", "ts":"973362650", "pid":"1", "tid":"cice"},
{"name":"ModelAdvance", "ph":"E", "ts":"973831917", "pid":"1", "tid":"cice"},
{"name":"ModelAdvance", "ph":"B", "ts":"973996086", "pid":"1", "tid":"cice"},
{"name":"ModelAdvance", "ph":"E", "ts":"974471339", "pid":"1", "tid":"cice"},
{"name":"ModelAdvance", "ph":"B", "ts":"974618617", "pid":"1", "tid":"cice"},
{"name":"ModelAdvance", "ph":"E", "ts":"975091463", "pid":"1", "tid":"cice"},
{"name":"ModelAdvance", "ph":"B", "ts":"975241614", "pid":"1", "tid":"cice"},
{"name":"ModelAdvance", "ph":"E", "ts":"975714781", "pid":"1", "tid":"cice"},
{"name":"ModelAdvance", "ph":"B", "ts":"975893623", "pid":"1", "tid":"cice"},
{"name":"ModelAdvance", "ph":"E", "ts":"976369646", "pid":"1", "tid":"cice"},
{"name":"ModelAdvance", "ph":"B", "ts":"977196437", "pid":"1", "tid":"cice"},
{"name":"ModelAdvance", "ph":"E", "ts":"977684857", "pid":"1", "tid":"cice"},
{"name":"ModelAdvance", "ph":"B", "ts":"977823027", "pid":"1", "tid":"cice"},
{"name":"ModelAdvance", "ph":"E", "ts":"978299879", "pid":"1", "tid":"cice"},
{"name":"ModelAdvance", "ph":"B", "ts":"978495746", "pid":"1", "tid":"cice"},
{"name":"ModelAdvance", "ph":"E", "ts":"978969930", "pid":"1", "tid":"cice"},
{"name":"ModelAdvance", "ph":"B", "ts":"979132007", "pid":"1", "tid":"cice"},
{"name":"ModelAdvance", "ph":"E", "ts":"979614627", "pid":"1", "tid":"cice"},
{"name":"ModelAdvance", "ph":"B", "ts":"979769957", "pid":"1", "tid":"cice"},
{"name":"ModelAdvance", "ph":"E", "ts":"980233288", "pid":"1", "tid":"cice"},
{"name":"ModelAdvance", "ph":"B", "ts":"980410831", "pid":"1", "tid":"cice"},
{"name":"ModelAdvance", "ph":"E", "ts":"980881691", "pid":"1", "tid":"cice"},
{"name":"ModelAdvance", "ph":"B", "ts":"981037189", "pid":"1", "tid":"cice"},
{"name":"ModelAdvance", "ph":"E", "ts":"981506601", "pid":"1", "tid":"cice"},
{"name":"ModelAdvance", "ph":"B", "ts":"981665993", "pid":"1", "tid":"cice"},
{"name":"ModelAdvance", "ph":"E", "ts":"982137796", "pid":"1", "tid":"cice"},
{"name":"ModelAdvance", "ph":"B", "ts":"982296873", "pid":"1", "tid":"cice"},
{"name":"ModelAdvance", "ph":"E", "ts":"982976383", "pid":"1", "tid":"cice"},
{"name":"ModelAdvance", "ph":"B", "ts":"983133926", "pid":"1", "tid":"cice"},
{"name":"ModelAdvance", "ph":"E", "ts":"983612991", "pid":"1", "tid":"cice"},
{"name":"ModelAdvance", "ph":"B", "ts":"983799419", "pid":"1", "tid":"cice"},
{"name":"ModelAdvance", "ph":"E", "ts":"984275883", "pid":"1", "tid":"cice"},
{"name":"ModelAdvance", "ph":"B", "ts":"984456580", "pid":"1", "tid":"cice"},
{"name":"ModelAdvance", "ph":"E", "ts":"984932687", "pid":"1", "tid":"cice"},
{"name":"ModelAdvance", "ph":"B", "ts":"985103092", "pid":"1", "tid":"cice"},
{"name":"ModelAdvance", "ph":"E", "ts":"985573102", "pid":"1", "tid":"cice"},
{"name":"ModelAdvance", "ph":"B", "ts":"985739178", "pid":"1", "tid":"cice"},
{"name":"ModelAdvance", "ph":"E", "ts":"986223568", "pid":"1", "tid":"cice"},
{"name":"ModelAdvance", "ph":"B", "ts":"986371545", "pid":"1", "tid":"cice"},
{"name":"ModelAdvance", "ph":"E", "ts":"986852165", "pid":"1", "tid":"cice"},
{"name":"ModelAdvance", "ph":"B", "ts":"987007353", "pid":"1", "tid":"cice"},
{"name":"ModelAdvance", "ph":"E", "ts":"987483222", "pid":"1", "tid":"cice"},
{"name":"ModelAdvance", "ph":"B", "ts":"987635875", "pid":"1", "tid":"cice"},
{"name":"ModelAdvance", "ph":"E", "ts":"988111658", "pid":"1", "tid":"cice"},
{"name":"ModelAdvance", "ph":"B", "ts":"988273081", "pid":"1", "tid":"cice"},
{"name":"ModelAdvance", "ph":"E", "ts":"988749102", "pid":"1", "tid":"cice"},
{"name":"ModelAdvance", "ph":"B", "ts":"988913604", "pid":"1", "tid":"cice"},
{"name":"ModelAdvance", "ph":"E", "ts":"989383199", "pid":"1", "tid":"cice"},
{"name":"ModelAdvance", "ph":"B", "ts":"989565991", "pid":"1", "tid":"cice"},
{"name":"ModelAdvance", "ph":"E", "ts":"990034537", "pid":"1", "tid":"cice"},
{"name":"ModelAdvance", "ph":"B", "ts":"990201169", "pid":"1", "tid":"cice"},
{"name":"ModelAdvance", "ph":"E", "ts":"990681704", "pid":"1", "tid":"cice"},
{"name":"ModelAdvance", "ph":"B", "ts":"990863019", "pid":"1", "tid":"cice"},
{"name":"ModelAdvance", "ph":"E", "ts":"991336144", "pid":"1", "tid":"cice"},
{"name":"ModelAdvance", "ph":"B", "ts":"991489260", "pid":"1", "tid":"cice"},
{"name":"ModelAdvance", "ph":"E", "ts":"991964469", "pid":"1", "tid":"cice"},
{"name":"ModelAdvance", "ph":"B", "ts":"992135553", "pid":"1", "tid":"cice"},
{"name":"ModelAdvance", "ph":"E", "ts":"992608549", "pid":"1", "tid":"cice"},
{"name":"ModelAdvance", "ph":"B", "ts":"993451137", "pid":"1", "tid":"cice"},
{"name":"ModelAdvance", "ph":"E", "ts":"993925454", "pid":"1", "tid":"cice"},
{"name":"ModelAdvance", "ph":"B", "ts":"994083301", "pid":"1", "tid":"cice"},
{"name":"ModelAdvance", "ph":"E", "ts":"994550874", "pid":"1", "tid":"cice"},
{"name":"ModelAdvance", "ph":"B", "ts":"994713536", "pid":"1", "tid":"cice"},
{"name":"ModelAdvance", "ph":"E", "ts":"995211795", "pid":"1", "tid":"cice"},
{"name":"ModelAdvance", "ph":"B", "ts":"995362301", "pid":"1", "tid":"cice"},
{"name":"ModelAdvance", "ph":"E", "ts":"995841391", "pid":"1", "tid":"cice"},
{"name":"ModelAdvance", "ph":"B", "ts":"995999307", "pid":"1", "tid":"cice"},
{"name":"ModelAdvance", "ph":"E", "ts":"996469626", "pid":"1", "tid":"cice"},
{"name":"ModelAdvance", "ph":"B", "ts":"996625884", "pid":"1", "tid":"cice"},
{"name":"ModelAdvance", "ph":"E", "ts":"997101752", "pid":"1", "tid":"cice"},
{"name":"ModelAdvance", "ph":"B", "ts":"997274360", "pid":"1", "tid":"cice"},
{"name":"ModelAdvance", "ph":"E", "ts":"997749091", "pid":"1", "tid":"cice"},
{"name":"ModelAdvance", "ph":"B", "ts":"997968743", "pid":"1", "tid":"cice"},
{"name":"ModelAdvance", "ph":"E", "ts":"998439676", "pid":"1", "tid":"cice"},
{"name":"ModelAdvance", "ph":"B", "ts":"998640880", "pid":"1", "tid":"cice"},
{"name":"ModelAdvance", "ph":"E", "ts":"999110438", "pid":"1", "tid":"cice"},
{"name":"ModelAdvance", "ph":"B", "ts":"999280986", "pid":"1", "tid":"cice"},
{"name":"ModelAdvance", "ph":"E", "ts":"999757742", "pid":"1", "tid":"cice"},
{"name":"ModelAdvance", "ph":"B", "ts":"999913704", "pid":"1", "tid":"cice"},
{"name":"ModelAdvance", "ph":"E", "ts":"1000382766", "pid":"1", "tid":"cice"},
{"name":"ModelAdvance", "ph":"B", "ts":"1000626887", "pid":"1", "tid":"cice"},
{"name":"ModelAdvance", "ph":"E", "ts":"1001108540", "pid":"1", "tid":"cice"},
{"name":"ModelAdvance", "ph":"B", "ts":"1001273869", "pid":"1", "tid":"cice"},
{"name":"ModelAdvance", "ph":"E", "ts":"1001742954", "pid":"1", "tid":"cice"},
{"name":"ModelAdvance", "ph":"B", "ts":"1001902126", "pid":"1", "tid":"cice"},
{"name":"ModelAdvance", "ph":"E", "ts":"1002369760", "pid":"1", "tid":"cice"},
{"name":"ModelAdvance", "ph":"B", "ts":"1002529040", "pid":"1", "tid":"cice"},
{"name":"ModelAdvance", "ph":"E", "ts":"1002996638", "pid":"1", "tid":"cice"},
{"name":"ModelAdvance", "ph":"B", "ts":"1003156621", "pid":"1", "tid":"cice"},
{"name":"ModelAdvance", "ph":"E", "ts":"1003623971", "pid":"1", "tid":"cice"},
{"name":"ModelAdvance", "ph":"B", "ts":"1003793918", "pid":"1", "tid":"cice"},
{"name":"ModelAdvance", "ph":"E", "ts":"1004263648", "pid":"1", "tid":"cice"},
{"name":"ModelAdvance", "ph":"B", "ts":"1004427192", "pid":"1", "tid":"cice"},
{"name":"ModelAdvance", "ph":"E", "ts":"1004894745", "pid":"1", "tid":"cice"},
{"name":"ModelAdvance", "ph":"B", "ts":"1005146694", "pid":"1", "tid":"cice"},
{"name":"ModelAdvance", "ph":"E", "ts":"1005626885", "pid":"1", "tid":"cice"},
{"name":"ModelAdvance", "ph":"B", "ts":"1005781347", "pid":"1", "tid":"cice"},
{"name":"ModelAdvance", "ph":"E", "ts":"1006256554", "pid":"1", "tid":"cice"},
{"name":"ModelAdvance", "ph":"B", "ts":"1006443372", "pid":"1", "tid":"cice"},
{"name":"ModelAdvance", "ph":"E", "ts":"1006917355", "pid":"1", "tid":"cice"},
{"name":"ModelAdvance", "ph":"B", "ts":"1007083675", "pid":"1", "tid":"cice"},
{"name":"ModelAdvance", "ph":"E", "ts":"1007558169", "pid":"1", "tid":"cice"},
{"name":"ModelAdvance", "ph":"B", "ts":"1007757972", "pid":"1", "tid":"cice"},
{"name":"ModelAdvance", "ph":"E", "ts":"1008336972", "pid":"1", "tid":"cice"},
{"name":"ModelAdvance", "ph":"B", "ts":"1008396714", "pid":"1", "tid":"cice"},
{"name":"ModelAdvance", "ph":"E", "ts":"1008869677", "pid":"1", "tid":"cice"},
{"name":"ModelAdvance", "ph":"B", "ts":"1009678424", "pid":"1", "tid":"cice"},
{"name":"ModelAdvance", "ph":"E", "ts":"1010151771", "pid":"1", "tid":"cice"},
{"name":"ModelAdvance", "ph":"B", "ts":"1010293695", "pid":"1", "tid":"cice"},
{"name":"ModelAdvance", "ph":"E", "ts":"1010762587", "pid":"1", "tid":"cice"},
{"name":"ModelAdvance", "ph":"B", "ts":"1010914724", "pid":"1", "tid":"cice"},
{"name":"ModelAdvance", "ph":"E", "ts":"1011394833", "pid":"1", "tid":"cice"},
{"name":"ModelAdvance", "ph":"B", "ts":"1011534820", "pid":"1", "tid":"cice"},
{"name":"ModelAdvance", "ph":"E", "ts":"1012007458", "pid":"1", "tid":"cice"},
{"name":"ModelAdvance", "ph":"B", "ts":"1012224173", "pid":"1", "tid":"cice"},
{"name":"ModelAdvance", "ph":"E", "ts":"1012738326", "pid":"1", "tid":"cice"},
{"name":"ModelAdvance", "ph":"B", "ts":"1012866882", "pid":"1", "tid":"cice"},
{"name":"ModelAdvance", "ph":"E", "ts":"1013525115", "pid":"1", "tid":"cice"},
{"name":"ModelAdvance", "ph":"B", "ts":"1015027178", "pid":"1", "tid":"cice"},
{"name":"ModelAdvance", "ph":"E", "ts":"1015507700", "pid":"1", "tid":"cice"},
{"name":"ModelAdvance", "ph":"B", "ts":"1015644195", "pid":"1", "tid":"cice"},
{"name":"ModelAdvance", "ph":"E", "ts":"1016120307", "pid":"1", "tid":"cice"},
{"name":"ModelAdvance", "ph":"B", "ts":"1016271774", "pid":"1", "tid":"cice"},
{"name":"ModelAdvance", "ph":"E", "ts":"1016746516", "pid":"1", "tid":"cice"},
{"name":"ModelAdvance", "ph":"B", "ts":"1016950025", "pid":"1", "tid":"cice"},
{"name":"ModelAdvance", "ph":"E", "ts":"1017433329", "pid":"1", "tid":"cice"},
{"name":"ModelAdvance", "ph":"B", "ts":"1017569775", "pid":"1", "tid":"cice"},
{"name":"ModelAdvance", "ph":"E", "ts":"1018037649", "pid":"1", "tid":"cice"},
{"name":"ModelAdvance", "ph":"B", "ts":"1018222510", "pid":"1", "tid":"cice"},
{"name":"ModelAdvance", "ph":"E", "ts":"1018694444", "pid":"1", "tid":"cice"},
{"name":"ModelAdvance", "ph":"B", "ts":"1018858233", "pid":"1", "tid":"cice"},
{"name":"ModelAdvance", "ph":"E", "ts":"1019328152", "pid":"1", "tid":"cice"},
{"name":"ModelAdvance", "ph":"B", "ts":"1019493473", "pid":"1", "tid":"cice"},
{"name":"ModelAdvance", "ph":"E", "ts":"1019961343", "pid":"1", "tid":"cice"},
{"name":"ModelAdvance", "ph":"B", "ts":"1020123088", "pid":"1", "tid":"cice"},
{"name":"ModelAdvance", "ph":"E", "ts":"1020599605", "pid":"1", "tid":"cice"},
{"name":"ModelAdvance", "ph":"B", "ts":"1020756079", "pid":"1", "tid":"cice"},
{"name":"ModelAdvance", "ph":"E", "ts":"1021235810", "pid":"1", "tid":"cice"},
{"name":"ModelAdvance", "ph":"B", "ts":"1021380143", "pid":"1", "tid":"cice"},
{"name":"ModelAdvance", "ph":"E", "ts":"1021847573", "pid":"1", "tid":"cice"},
{"name":"ModelAdvance", "ph":"B", "ts":"1022010401", "pid":"1", "tid":"cice"},
{"name":"ModelAdvance", "ph":"E", "ts":"1022479430", "pid":"1", "tid":"cice"},
{"name":"ModelAdvance", "ph":"B", "ts":"1022636070", "pid":"1", "tid":"cice"},
{"name":"ModelAdvance", "ph":"E", "ts":"1023117688", "pid":"1", "tid":"cice"},
{"name":"ModelAdvance", "ph":"B", "ts":"1023273398", "pid":"1", "tid":"cice"},
{"name":"ModelAdvance", "ph":"E", "ts":"1023743491", "pid":"1", "tid":"cice"},
{"name":"ModelAdvance", "ph":"B", "ts":"1023895580", "pid":"1", "tid":"cice"},
{"name":"ModelAdvance", "ph":"E", "ts":"1024374562", "pid":"1", "tid":"cice"},
{"name":"ModelAdvance", "ph":"B", "ts":"1024530470", "pid":"1", "tid":"cice"},
{"name":"ModelAdvance", "ph":"E", "ts":"1025009923", "pid":"1", "tid":"cice"},
{"name":"ModelAdvance", "ph":"B", "ts":"1025143070", "pid":"1", "tid":"cice"},
{"name":"ModelAdvance", "ph":"E", "ts":"1025620700", "pid":"1", "tid":"cice"},
{"name":"ModelAdvance", "ph":"B", "ts":"1025789758", "pid":"1", "tid":"cice"},
{"name":"ModelAdvance", "ph":"E", "ts":"1026260350", "pid":"1", "tid":"cice"},
{"name":"ModelAdvance", "ph":"B", "ts":"1027074996", "pid":"1", "tid":"cice"},
{"name":"ModelAdvance", "ph":"E", "ts":"1027545955", "pid":"1", "tid":"cice"},
{"name":"ModelAdvance", "ph":"B", "ts":"1027702462", "pid":"1", "tid":"cice"},
{"name":"ModelAdvance", "ph":"E", "ts":"1028176096", "pid":"1", "tid":"cice"},
{"name":"ModelAdvance", "ph":"B", "ts":"1028313956", "pid":"1", "tid":"cice"},
{"name":"ModelAdvance", "ph":"E", "ts":"1028783739", "pid":"1", "tid":"cice"},
{"name":"ModelAdvance", "ph":"B", "ts":"1028943498", "pid":"1", "tid":"cice"},
{"name":"ModelAdvance", "ph":"E", "ts":"1029426987", "pid":"1", "tid":"cice"},
{"name":"ModelAdvance", "ph":"B", "ts":"1029574260", "pid":"1", "tid":"cice"},
{"name":"ModelAdvance", "ph":"E", "ts":"1030104714", "pid":"1", "tid":"cice"},
{"name":"ModelAdvance", "ph":"B", "ts":"1030226012", "pid":"1", "tid":"cice"},
{"name":"ModelAdvance", "ph":"E", "ts":"1030703386", "pid":"1", "tid":"cice"},
{"name":"ModelAdvance", "ph":"B", "ts":"1030859859", "pid":"1", "tid":"cice"},
{"name":"ModelAdvance", "ph":"E", "ts":"1031331421", "pid":"1", "tid":"cice"},
{"name":"ModelAdvance", "ph":"B", "ts":"1031505962", "pid":"1", "tid":"cice"},
{"name":"ModelAdvance", "ph":"E", "ts":"1031981637", "pid":"1", "tid":"cice"},
{"name":"ModelAdvance", "ph":"B", "ts":"1032138981", "pid":"1", "tid":"cice"},
{"name":"ModelAdvance", "ph":"E", "ts":"1032617298", "pid":"1", "tid":"cice"},
{"name":"ModelAdvance", "ph":"B", "ts":"1032794694", "pid":"1", "tid":"cice"},
{"name":"ModelAdvance", "ph":"E", "ts":"1033265838", "pid":"1", "tid":"cice"},
{"name":"ModelAdvance", "ph":"B", "ts":"1033488420", "pid":"1", "tid":"cice"},
{"name":"ModelAdvance", "ph":"E", "ts":"1033956319", "pid":"1", "tid":"cice"},
{"name":"ModelAdvance", "ph":"B", "ts":"1034158230", "pid":"1", "tid":"cice"},
{"name":"ModelAdvance", "ph":"E", "ts":"1034629867", "pid":"1", "tid":"cice"},
{"name":"ModelAdvance", "ph":"B", "ts":"1034859477", "pid":"1", "tid":"cice"},
{"name":"ModelAdvance", "ph":"E", "ts":"1035338902", "pid":"1", "tid":"cice"},
{"name":"ModelAdvance", "ph":"B", "ts":"1035503288", "pid":"1", "tid":"cice"},
{"name":"ModelAdvance", "ph":"E", "ts":"1035971039", "pid":"1", "tid":"cice"},
{"name":"ModelAdvance", "ph":"B", "ts":"1036189442", "pid":"1", "tid":"cice"},
{"name":"ModelAdvance", "ph":"E", "ts":"1036659763", "pid":"1", "tid":"cice"},
{"name":"ModelAdvance", "ph":"B", "ts":"1036848431", "pid":"1", "tid":"cice"},
{"name":"ModelAdvance", "ph":"E", "ts":"1037322888", "pid":"1", "tid":"cice"},
{"name":"ModelAdvance", "ph":"B", "ts":"1037548144", "pid":"1", "tid":"cice"},
{"name":"ModelAdvance", "ph":"E", "ts":"1038023574", "pid":"1", "tid":"cice"},
{"name":"ModelAdvance", "ph":"B", "ts":"1038240822", "pid":"1", "tid":"cice"},
{"name":"ModelAdvance", "ph":"E", "ts":"1038751148", "pid":"1", "tid":"cice"},
{"name":"ModelAdvance", "ph":"B", "ts":"1038925143", "pid":"1", "tid":"cice"},
{"name":"ModelAdvance", "ph":"E", "ts":"1039392299", "pid":"1", "tid":"cice"},
{"name":"ModelAdvance", "ph":"B", "ts":"1039614596", "pid":"1", "tid":"cice"},
{"name":"ModelAdvance", "ph":"E", "ts":"1040085687", "pid":"1", "tid":"cice"},
{"name":"ModelAdvance", "ph":"B", "ts":"1040252457", "pid":"1", "tid":"cice"},
{"name":"ModelAdvance", "ph":"E", "ts":"1040728592", "pid":"1", "tid":"cice"},
{"name":"ModelAdvance", "ph":"B", "ts":"1040954305", "pid":"1", "tid":"cice"},
{"name":"ModelAdvance", "ph":"E", "ts":"1041422506", "pid":"1", "tid":"cice"},
{"name":"ModelAdvance", "ph":"B", "ts":"1041610757", "pid":"1", "tid":"cice"},
{"name":"ModelAdvance", "ph":"E", "ts":"1042085962", "pid":"1", "tid":"cice"},
{"name":"ModelAdvance", "ph":"B", "ts":"1042295339", "pid":"1", "tid":"cice"},
{"name":"ModelAdvance", "ph":"E", "ts":"1042770715", "pid":"1", "tid":"cice"},
{"name":"ModelAdvance", "ph":"B", "ts":"1043565172", "pid":"1", "tid":"cice"},
{"name":"ModelAdvance", "ph":"E", "ts":"1044518506", "pid":"1", "tid":"cice"},
{"name":"ModelAdvance", "ph":"B", "ts":"1044644645", "pid":"1", "tid":"cice"},
{"name":"ModelAdvance", "ph":"E", "ts":"1045119051", "pid":"1", "tid":"cice"},
{"name":"ModelAdvance", "ph":"B", "ts":"1045425603", "pid":"1", "tid":"cice"},
{"name":"ModelAdvance", "ph":"E", "ts":"1045895761", "pid":"1", "tid":"cice"},
{"name":"ModelAdvance", "ph":"B", "ts":"1046130631", "pid":"1", "tid":"cice"},
{"name":"ModelAdvance", "ph":"E", "ts":"1046606661", "pid":"1", "tid":"cice"},
{"name":"ModelAdvance", "ph":"B", "ts":"1046784411", "pid":"1", "tid":"cice"},
{"name":"ModelAdvance", "ph":"E", "ts":"1047280275", "pid":"1", "tid":"cice"},
{"name":"ModelAdvance", "ph":"B", "ts":"1047484551", "pid":"1", "tid":"cice"},
{"name":"ModelAdvance", "ph":"E", "ts":"1047958624", "pid":"1", "tid":"cice"},
{"name":"ModelAdvance", "ph":"B", "ts":"1048171728", "pid":"1", "tid":"cice"},
{"name":"ModelAdvance", "ph":"E", "ts":"1048648607", "pid":"1", "tid":"cice"},
{"name":"ModelAdvance", "ph":"B", "ts":"1048873520", "pid":"1", "tid":"cice"},
{"name":"ModelAdvance", "ph":"E", "ts":"1049350412", "pid":"1", "tid":"cice"},
{"name":"ModelAdvance", "ph":"B", "ts":"1049540043", "pid":"1", "tid":"cice"},
{"name":"ModelAdvance", "ph":"E", "ts":"1050018724", "pid":"1", "tid":"cice"},
{"name":"ModelAdvance", "ph":"B", "ts":"1050182333", "pid":"1", "tid":"cice"},
{"name":"ModelAdvance", "ph":"E", "ts":"1050652294", "pid":"1", "tid":"cice"},
{"name":"ModelAdvance", "ph":"B", "ts":"1050827315", "pid":"1", "tid":"cice"},
{"name":"ModelAdvance", "ph":"E", "ts":"1051303719", "pid":"1", "tid":"cice"},
{"name":"ModelAdvance", "ph":"B", "ts":"1051539097", "pid":"1", "tid":"cice"},
{"name":"ModelAdvance", "ph":"E", "ts":"1052008916", "pid":"1", "tid":"cice"},
{"name":"ModelAdvance", "ph":"B", "ts":"1052209248", "pid":"1", "tid":"cice"},
{"name":"ModelAdvance", "ph":"E", "ts":"1052668884", "pid":"1", "tid":"cice"},
{"name":"ModelAdvance", "ph":"B", "ts":"1052916973", "pid":"1", "tid":"cice"},
{"name":"ModelAdvance", "ph":"E", "ts":"1053393951", "pid":"1", "tid":"cice"},
{"name":"ModelAdvance", "ph":"B", "ts":"1053594256", "pid":"1", "tid":"cice"},
{"name":"ModelAdvance", "ph":"E", "ts":"1054063317", "pid":"1", "tid":"cice"},
{"name":"ModelAdvance", "ph":"B", "ts":"1054258827", "pid":"1", "tid":"cice"},
{"name":"ModelAdvance", "ph":"E", "ts":"1054731731", "pid":"1", "tid":"cice"},
{"name":"ModelAdvance", "ph":"B", "ts":"1054950762", "pid":"1", "tid":"cice"},
{"name":"ModelAdvance", "ph":"E", "ts":"1055429392", "pid":"1", "tid":"cice"},
{"name":"ModelAdvance", "ph":"B", "ts":"1055637604", "pid":"1", "tid":"cice"},
{"name":"ModelAdvance", "ph":"E", "ts":"1056118617", "pid":"1", "tid":"cice"},
{"name":"ModelAdvance", "ph":"B", "ts":"1056322033", "pid":"1", "tid":"cice"},
{"name":"ModelAdvance", "ph":"E", "ts":"1056798827", "pid":"1", "tid":"cice"},
{"name":"ModelAdvance", "ph":"B", "ts":"1056979736", "pid":"1", "tid":"cice"},
{"name":"ModelAdvance", "ph":"E", "ts":"1057461354", "pid":"1", "tid":"cice"},
{"name":"ModelAdvance", "ph":"B", "ts":"1057682002", "pid":"1", "tid":"cice"},
{"name":"ModelAdvance", "ph":"E", "ts":"1058164594", "pid":"1", "tid":"cice"},
{"name":"ModelAdvance", "ph":"B", "ts":"1058326205", "pid":"1", "tid":"cice"},
{"name":"ModelAdvance", "ph":"E", "ts":"1058788640", "pid":"1", "tid":"cice"},
{"name":"ModelAdvance", "ph":"B", "ts":"1058967895", "pid":"1", "tid":"cice"},
{"name":"ModelAdvance", "ph":"E", "ts":"1059447384", "pid":"1", "tid":"cice"},
{"name":"ModelAdvance", "ph":"B", "ts":"1059679951", "pid":"1", "tid":"cice"},
{"name":"ModelAdvance", "ph":"E", "ts":"1060148555", "pid":"1", "tid":"cice"},
{"name":"ModelAdvance", "ph":"B", "ts":"1060986498", "pid":"1", "tid":"cice"},
{"name":"ModelAdvance", "ph":"E", "ts":"1061458041", "pid":"1", "tid":"cice"},
{"name":"ModelAdvance", "ph":"B", "ts":"1061627463", "pid":"1", "tid":"cice"},
{"name":"ModelAdvance", "ph":"E", "ts":"1062094767", "pid":"1", "tid":"cice"},
{"name":"ModelAdvance", "ph":"B", "ts":"1062332486", "pid":"1", "tid":"cice"},
{"name":"ModelAdvance", "ph":"E", "ts":"1062816647", "pid":"1", "tid":"cice"},
{"name":"ModelAdvance", "ph":"B", "ts":"1063037822", "pid":"1", "tid":"cice"},
{"name":"ModelAdvance", "ph":"E", "ts":"1063520710", "pid":"1", "tid":"cice"},
{"name":"ModelAdvance", "ph":"B", "ts":"1063691630", "pid":"1", "tid":"cice"},
{"name":"ModelAdvance", "ph":"E", "ts":"1064170201", "pid":"1", "tid":"cice"},
{"name":"ModelAdvance", "ph":"B", "ts":"1064357739", "pid":"1", "tid":"cice"},
{"name":"ModelAdvance", "ph":"E", "ts":"1064834310", "pid":"1", "tid":"cice"},
{"name":"ModelAdvance", "ph":"B", "ts":"1065004745", "pid":"1", "tid":"cice"},
{"name":"ModelAdvance", "ph":"E", "ts":"1065484528", "pid":"1", "tid":"cice"},
{"name":"ModelAdvance", "ph":"B", "ts":"1065694031", "pid":"1", "tid":"cice"},
{"name":"ModelAdvance", "ph":"E", "ts":"1066159727", "pid":"1", "tid":"cice"},
{"name":"ModelAdvance", "ph":"B", "ts":"1066387367", "pid":"1", "tid":"cice"},
{"name":"ModelAdvance", "ph":"E", "ts":"1066851186", "pid":"1", "tid":"cice"},
{"name":"ModelAdvance", "ph":"B", "ts":"1067088945", "pid":"1", "tid":"cice"},
{"name":"ModelAdvance", "ph":"E", "ts":"1067568849", "pid":"1", "tid":"cice"},
{"name":"ModelAdvance", "ph":"B", "ts":"1067727807", "pid":"1", "tid":"cice"},
{"name":"ModelAdvance", "ph":"E", "ts":"1068203792", "pid":"1", "tid":"cice"},
{"name":"ModelAdvance", "ph":"B", "ts":"1068387610", "pid":"1", "tid":"cice"},
{"name":"ModelAdvance", "ph":"E", "ts":"1068864513", "pid":"1", "tid":"cice"},
{"name":"ModelAdvance", "ph":"B", "ts":"1069016456", "pid":"1", "tid":"cice"},
{"name":"ModelAdvance", "ph":"E", "ts":"1069492554", "pid":"1", "tid":"cice"},
{"name":"ModelAdvance", "ph":"B", "ts":"1069677429", "pid":"1", "tid":"cice"},
{"name":"ModelAdvance", "ph":"E", "ts":"1070147154", "pid":"1", "tid":"cice"},
{"name":"ModelAdvance", "ph":"B", "ts":"1070309988", "pid":"1", "tid":"cice"},
{"name":"ModelAdvance", "ph":"E", "ts":"1070784061", "pid":"1", "tid":"cice"},
{"name":"ModelAdvance", "ph":"B", "ts":"1070997225", "pid":"1", "tid":"cice"},
{"name":"ModelAdvance", "ph":"E", "ts":"1071476620", "pid":"1", "tid":"cice"},
{"name":"ModelAdvance", "ph":"B", "ts":"1071650448", "pid":"1", "tid":"cice"},
{"name":"ModelAdvance", "ph":"E", "ts":"1072115090", "pid":"1", "tid":"cice"},
{"name":"ModelAdvance", "ph":"B", "ts":"1072354199", "pid":"1", "tid":"cice"},
{"name":"ModelAdvance", "ph":"E", "ts":"1072832939", "pid":"1", "tid":"cice"},
{"name":"ModelAdvance", "ph":"B", "ts":"1073010716", "pid":"1", "tid":"cice"},
{"name":"ModelAdvance", "ph":"E", "ts":"1073482342", "pid":"1", "tid":"cice"},
{"name":"ModelAdvance", "ph":"B", "ts":"1073650566", "pid":"1", "tid":"cice"},
{"name":"ModelAdvance", "ph":"E", "ts":"1074129105", "pid":"1", "tid":"cice"},
{"name":"ModelAdvance", "ph":"B", "ts":"1074300119", "pid":"1", "tid":"cice"},
{"name":"ModelAdvance", "ph":"E", "ts":"1075186501", "pid":"1", "tid":"cice"},
{"name":"ModelAdvance", "ph":"B", "ts":"1075306128", "pid":"1", "tid":"cice"},
{"name":"ModelAdvance", "ph":"E", "ts":"1075774549", "pid":"1", "tid":"cice"},
{"name":"ModelAdvance", "ph":"B", "ts":"1076051809", "pid":"1", "tid":"cice"},
{"name":"ModelAdvance", "ph":"E", "ts":"1076520996", "pid":"1", "tid":"cice"},
{"name":"ModelAdvance", "ph":"B", "ts":"1076757480", "pid":"1", "tid":"cice"},
{"name":"ModelAdvance", "ph":"E", "ts":"1077237736", "pid":"1", "tid":"cice"},
{"name":"ModelAdvance", "ph":"B", "ts":"1078094189", "pid":"1", "tid":"cice"},
{"name":"ModelAdvance", "ph":"E", "ts":"1078564258", "pid":"1", "tid":"cice"},
{"name":"ModelAdvance", "ph":"B", "ts":"1078741703", "pid":"1", "tid":"cice"},
{"name":"ModelAdvance", "ph":"E", "ts":"1079208115", "pid":"1", "tid":"cice"},
{"name":"ModelAdvance", "ph":"B", "ts":"1079444782", "pid":"1", "tid":"cice"},
{"name":"ModelAdvance", "ph":"E", "ts":"1079911162", "pid":"1", "tid":"cice"},
{"name":"ModelAdvance", "ph":"B", "ts":"1080150633", "pid":"1", "tid":"cice"},
{"name":"ModelAdvance", "ph":"E", "ts":"1080625579", "pid":"1", "tid":"cice"},
{"name":"ModelAdvance", "ph":"B", "ts":"1080810645", "pid":"1", "tid":"cice"},
{"name":"ModelAdvance", "ph":"E", "ts":"1081286565", "pid":"1", "tid":"cice"},
{"name":"ModelAdvance", "ph":"B", "ts":"1081482912", "pid":"1", "tid":"cice"},
{"name":"ModelAdvance", "ph":"E", "ts":"1081945392", "pid":"1", "tid":"cice"},
{"name":"ModelAdvance", "ph":"B", "ts":"1082194548", "pid":"1", "tid":"cice"},
{"name":"ModelAdvance", "ph":"E", "ts":"1082667650", "pid":"1", "tid":"cice"},
{"name":"ModelAdvance", "ph":"B", "ts":"1082848649", "pid":"1", "tid":"cice"},
{"name":"ModelAdvance", "ph":"E", "ts":"1083315474", "pid":"1", "tid":"cice"},
{"name":"ModelAdvance", "ph":"B", "ts":"1083501418", "pid":"1", "tid":"cice"},
{"name":"ModelAdvance", "ph":"E", "ts":"1083979229", "pid":"1", "tid":"cice"},
{"name":"ModelAdvance", "ph":"B", "ts":"1084160546", "pid":"1", "tid":"cice"},
{"name":"ModelAdvance", "ph":"E", "ts":"1084630499", "pid":"1", "tid":"cice"},
{"name":"ModelAdvance", "ph":"B", "ts":"1084888195", "pid":"1", "tid":"cice"},
{"name":"ModelAdvance", "ph":"E", "ts":"1085351224", "pid":"1", "tid":"cice"},
{"name":"ModelAdvance", "ph":"B", "ts":"1085598008", "pid":"1", "tid":"cice"},
{"name":"ModelAdvance", "ph":"E", "ts":"1086068832", "pid":"1", "tid":"cice"},
{"name":"ModelAdvance", "ph":"B", "ts":"1086316325", "pid":"1", "tid":"cice"},
{"name":"ModelAdvance", "ph":"E", "ts":"1086782925", "pid":"1", "tid":"cice"},
{"name":"ModelAdvance", "ph":"B", "ts":"1087031426", "pid":"1", "tid":"cice"},
{"name":"ModelAdvance", "ph":"E", "ts":"1087494460", "pid":"1", "tid":"cice"},
{"name":"ModelAdvance", "ph":"B", "ts":"1087743202", "pid":"1", "tid":"cice"},
{"name":"ModelAdvance", "ph":"E", "ts":"1088209017", "pid":"1", "tid":"cice"},
{"name":"ModelAdvance", "ph":"B", "ts":"1088442025", "pid":"1", "tid":"cice"},
{"name":"ModelAdvance", "ph":"E", "ts":"1088909123", "pid":"1", "tid":"cice"},
{"name":"ModelAdvance", "ph":"B", "ts":"1089159843", "pid":"1", "tid":"cice"},
{"name":"ModelAdvance", "ph":"E", "ts":"1089626567", "pid":"1", "tid":"cice"},
{"name":"ModelAdvance", "ph":"B", "ts":"1089826196", "pid":"1", "tid":"cice"},
{"name":"ModelAdvance", "ph":"E", "ts":"1090294133", "pid":"1", "tid":"cice"},
{"name":"ModelAdvance", "ph":"B", "ts":"1090548972", "pid":"1", "tid":"cice"},
{"name":"ModelAdvance", "ph":"E", "ts":"1091014632", "pid":"1", "tid":"cice"},
{"name":"ModelAdvance", "ph":"B", "ts":"1091243150", "pid":"1", "tid":"cice"},
{"name":"ModelAdvance", "ph":"E", "ts":"1091709688", "pid":"1", "tid":"cice"},
{"name":"ModelAdvance", "ph":"B", "ts":"1091960612", "pid":"1", "tid":"cice"},
{"name":"ModelAdvance", "ph":"E", "ts":"1092428847", "pid":"1", "tid":"cice"},
{"name":"ModelAdvance", "ph":"B", "ts":"1092668013", "pid":"1", "tid":"cice"},
{"name":"ModelAdvance", "ph":"E", "ts":"1093136544", "pid":"1", "tid":"cice"},
{"name":"ModelAdvance", "ph":"B", "ts":"1093326043", "pid":"1", "tid":"cice"},
{"name":"ModelAdvance", "ph":"E", "ts":"1093794201", "pid":"1", "tid":"cice"},
{"name":"ModelAdvance", "ph":"B", "ts":"1093994006", "pid":"1", "tid":"cice"},
{"name":"ModelAdvance", "ph":"E", "ts":"1094456895", "pid":"1", "tid":"cice"},
{"name":"ModelAdvance", "ph":"B", "ts":"1095327501", "pid":"1", "tid":"cice"},
{"name":"ModelAdvance", "ph":"E", "ts":"1095797460", "pid":"1", "tid":"cice"},
{"name":"ModelAdvance", "ph":"B", "ts":"1096030954", "pid":"1", "tid":"cice"},
{"name":"ModelAdvance", "ph":"E", "ts":"1096501756", "pid":"1", "tid":"cice"},
{"name":"ModelAdvance", "ph":"B", "ts":"1096735475", "pid":"1", "tid":"cice"},
{"name":"ModelAdvance", "ph":"E", "ts":"1097200224", "pid":"1", "tid":"cice"},
{"name":"ModelAdvance", "ph":"B", "ts":"1097381248", "pid":"1", "tid":"cice"},
{"name":"ModelAdvance", "ph":"E", "ts":"1097850181", "pid":"1", "tid":"cice"},
{"name":"ModelAdvance", "ph":"B", "ts":"1098018165", "pid":"1", "tid":"cice"},
{"name":"ModelAdvance", "ph":"E", "ts":"1098507449", "pid":"1", "tid":"cice"},
{"name":"ModelAdvance", "ph":"B", "ts":"1098654018", "pid":"1", "tid":"cice"},
{"name":"ModelAdvance", "ph":"E", "ts":"1099121840", "pid":"1", "tid":"cice"},
{"name":"ModelAdvance", "ph":"B", "ts":"1099298827", "pid":"1", "tid":"cice"},
{"name":"ModelAdvance", "ph":"E", "ts":"1099765553", "pid":"1", "tid":"cice"},
{"name":"ModelAdvance", "ph":"B", "ts":"1099962864", "pid":"1", "tid":"cice"},
{"name":"ModelAdvance", "ph":"E", "ts":"1100430158", "pid":"1", "tid":"cice"},
{"name":"ModelAdvance", "ph":"B", "ts":"1100653638", "pid":"1", "tid":"cice"},
{"name":"ModelAdvance", "ph":"E", "ts":"1101117612", "pid":"1", "tid":"cice"},
{"name":"ModelAdvance", "ph":"B", "ts":"1101301917", "pid":"1", "tid":"cice"},
{"name":"ModelAdvance", "ph":"E", "ts":"1101768477", "pid":"1", "tid":"cice"},
{"name":"ModelAdvance", "ph":"B", "ts":"1101948952", "pid":"1", "tid":"cice"},
{"name":"ModelAdvance", "ph":"E", "ts":"1102418002", "pid":"1", "tid":"cice"},
{"name":"ModelAdvance", "ph":"B", "ts":"1102606687", "pid":"1", "tid":"cice"},
{"name":"ModelAdvance", "ph":"E", "ts":"1103069376", "pid":"1", "tid":"cice"},
{"name":"ModelAdvance", "ph":"B", "ts":"1103264803", "pid":"1", "tid":"cice"},
{"name":"ModelAdvance", "ph":"E", "ts":"1103727959", "pid":"1", "tid":"cice"},
{"name":"ModelAdvance", "ph":"B", "ts":"1103963654", "pid":"1", "tid":"cice"},
{"name":"ModelAdvance", "ph":"E", "ts":"1104425060", "pid":"1", "tid":"cice"},
{"name":"ModelAdvance", "ph":"B", "ts":"1104649615", "pid":"1", "tid":"cice"},
{"name":"ModelAdvance", "ph":"E", "ts":"1105116747", "pid":"1", "tid":"cice"},
{"name":"ModelAdvance", "ph":"B", "ts":"1106053819", "pid":"1", "tid":"cice"},
{"name":"ModelAdvance", "ph":"E", "ts":"1106522906", "pid":"1", "tid":"cice"},
{"name":"ModelAdvance", "ph":"B", "ts":"1106702232", "pid":"1", "tid":"cice"},
{"name":"ModelAdvance", "ph":"E", "ts":"1107171657", "pid":"1", "tid":"cice"},
{"name":"ModelAdvance", "ph":"B", "ts":"1107342036", "pid":"1", "tid":"cice"},
{"name":"ModelAdvance", "ph":"E", "ts":"1107811018", "pid":"1", "tid":"cice"},
{"name":"ModelAdvance", "ph":"B", "ts":"1107997055", "pid":"1", "tid":"cice"},
{"name":"ModelAdvance", "ph":"E", "ts":"1108469038", "pid":"1", "tid":"cice"},
{"name":"ModelAdvance", "ph":"B", "ts":"1108653758", "pid":"1", "tid":"cice"},
{"name":"ModelAdvance", "ph":"E", "ts":"1109117504", "pid":"1", "tid":"cice"},
{"name":"ModelAdvance", "ph":"B", "ts":"1109331473", "pid":"1", "tid":"cice"},
{"name":"ModelAdvance", "ph":"E", "ts":"1109799938", "pid":"1", "tid":"cice"},
{"name":"ModelAdvance", "ph":"B", "ts":"1110019359", "pid":"1", "tid":"cice"},
{"name":"ModelAdvance", "ph":"E", "ts":"1110486594", "pid":"1", "tid":"cice"},
{"name":"ModelAdvance", "ph":"B", "ts":"1110701808", "pid":"1", "tid":"cice"},
{"name":"ModelAdvance", "ph":"E", "ts":"1111272085", "pid":"1", "tid":"cice"},
{"name":"ModelAdvance", "ph":"B", "ts":"1111357451", "pid":"1", "tid":"cice"},
{"name":"ModelAdvance", "ph":"E", "ts":"1111822545", "pid":"1", "tid":"cice"},
{"name":"ModelAdvance", "ph":"B", "ts":"1112660148", "pid":"1", "tid":"cice"},
{"name":"ModelAdvance", "ph":"E", "ts":"1113132443", "pid":"1", "tid":"cice"},
{"name":"ModelAdvance", "ph":"B", "ts":"1113311933", "pid":"1", "tid":"cice"},
{"name":"ModelAdvance", "ph":"E", "ts":"1113781087", "pid":"1", "tid":"cice"},
{"name":"ModelAdvance", "ph":"B", "ts":"1113934175", "pid":"1", "tid":"cice"},
{"name":"ModelAdvance", "ph":"E", "ts":"1114406393", "pid":"1", "tid":"cice"},
{"name":"ModelAdvance", "ph":"B", "ts":"1114559174", "pid":"1", "tid":"cice"},
{"name":"ModelAdvance", "ph":"E", "ts":"1115037708", "pid":"1", "tid":"cice"},
{"name":"ModelAdvance", "ph":"B", "ts":"1115184237", "pid":"1", "tid":"cice"},
{"name":"ModelAdvance", "ph":"E", "ts":"1115654860", "pid":"1", "tid":"cice"},
{"name":"ModelAdvance", "ph":"B", "ts":"1115800310", "pid":"1", "tid":"cice"},
{"name":"ModelAdvance", "ph":"E", "ts":"1116269273", "pid":"1", "tid":"cice"},
{"name":"ModelAdvance", "ph":"B", "ts":"1116417427", "pid":"1", "tid":"cice"},
{"name":"ModelAdvance", "ph":"E", "ts":"1116890625", "pid":"1", "tid":"cice"},
{"name":"ModelAdvance", "ph":"B", "ts":"1117031519", "pid":"1", "tid":"cice"},
{"name":"ModelAdvance", "ph":"E", "ts":"1117501493", "pid":"1", "tid":"cice"},
{"name":"ModelAdvance", "ph":"B", "ts":"1117634027", "pid":"1", "tid":"cice"},
{"name":"ModelAdvance", "ph":"E", "ts":"1118107073", "pid":"1", "tid":"cice"},
{"name":"ModelAdvance", "ph":"B", "ts":"1118237735", "pid":"1", "tid":"cice"},
{"name":"ModelAdvance", "ph":"E", "ts":"1118708538", "pid":"1", "tid":"cice"},
{"name":"ModelAdvance", "ph":"B", "ts":"1118855632", "pid":"1", "tid":"cice"},
{"name":"ModelAdvance", "ph":"E", "ts":"1119321328", "pid":"1", "tid":"cice"},
{"name":"ModelAdvance", "ph":"B", "ts":"1119483939", "pid":"1", "tid":"cice"},
{"name":"ModelAdvance", "ph":"E", "ts":"1119956869", "pid":"1", "tid":"cice"},
{"name":"ModelAdvance", "ph":"B", "ts":"1120091341", "pid":"1", "tid":"cice"},
{"name":"ModelAdvance", "ph":"E", "ts":"1120569228", "pid":"1", "tid":"cice"},
{"name":"ModelAdvance", "ph":"B", "ts":"1120704728", "pid":"1", "tid":"cice"},
{"name":"ModelAdvance", "ph":"E", "ts":"1121170270", "pid":"1", "tid":"cice"},
{"name":"ModelAdvance", "ph":"B", "ts":"1121318224", "pid":"1", "tid":"cice"},
{"name":"ModelAdvance", "ph":"E", "ts":"1121793578", "pid":"1", "tid":"cice"},
{"name":"ModelAdvance", "ph":"B", "ts":"1121923466", "pid":"1", "tid":"cice"},
{"name":"ModelAdvance", "ph":"E", "ts":"1122395519", "pid":"1", "tid":"cice"},
{"name":"ModelAdvance", "ph":"B", "ts":"1122532194", "pid":"1", "tid":"cice"},
{"name":"ModelAdvance", "ph":"E", "ts":"1123001292", "pid":"1", "tid":"cice"},
{"name":"ModelAdvance", "ph":"B", "ts":"1123152246", "pid":"1", "tid":"cice"},
{"name":"ModelAdvance", "ph":"E", "ts":"1123633752", "pid":"1", "tid":"cice"},
{"name":"ModelAdvance", "ph":"B", "ts":"1123760245", "pid":"1", "tid":"cice"},
{"name":"ModelAdvance", "ph":"E", "ts":"1124234146", "pid":"1", "tid":"cice"},
{"name":"ModelAdvance", "ph":"B", "ts":"1124377335", "pid":"1", "tid":"cice"},
{"name":"ModelAdvance", "ph":"E", "ts":"1124847121", "pid":"1", "tid":"cice"},
{"name":"ModelAdvance", "ph":"B", "ts":"1124986500", "pid":"1", "tid":"cice"},
{"name":"ModelAdvance", "ph":"E", "ts":"1125465368", "pid":"1", "tid":"cice"},
{"name":"ModelAdvance", "ph":"B", "ts":"1125596038", "pid":"1", "tid":"cice"},
{"name":"ModelAdvance", "ph":"E", "ts":"1126070543", "pid":"1", "tid":"cice"},
{"name":"ModelAdvance", "ph":"B", "ts":"1126195620", "pid":"1", "tid":"cice"},
{"name":"ModelAdvance", "ph":"E", "ts":"1126670787", "pid":"1", "tid":"cice"},
{"name":"ModelAdvance", "ph":"B", "ts":"1126813874", "pid":"1", "tid":"cice"},
{"name":"ModelAdvance", "ph":"E", "ts":"1127294467", "pid":"1", "tid":"cice"},
{"name":"ModelAdvance", "ph":"B", "ts":"1128101585", "pid":"1", "tid":"cice"},
{"name":"ModelAdvance", "ph":"E", "ts":"1128583059", "pid":"1", "tid":"cice"},
{"name":"ModelAdvance", "ph":"B", "ts":"1128703600", "pid":"1", "tid":"cice"},
{"name":"ModelAdvance", "ph":"E", "ts":"1129178190", "pid":"1", "tid":"cice"},
{"name":"ModelAdvance", "ph":"B", "ts":"1129297825", "pid":"1", "tid":"cice"},
{"name":"ModelAdvance", "ph":"E", "ts":"1129770369", "pid":"1", "tid":"cice"},
{"name":"ModelAdvance", "ph":"B", "ts":"1129902028", "pid":"1", "tid":"cice"},
{"name":"ModelAdvance", "ph":"E", "ts":"1130368468", "pid":"1", "tid":"cice"},
{"name":"ModelAdvance", "ph":"B", "ts":"1130506850", "pid":"1", "tid":"cice"},
{"name":"ModelAdvance", "ph":"E", "ts":"1130975717", "pid":"1", "tid":"cice"},
{"name":"ModelAdvance", "ph":"B", "ts":"1131112983", "pid":"1", "tid":"cice"},
{"name":"ModelAdvance", "ph":"E", "ts":"1131593582", "pid":"1", "tid":"cice"},
{"name":"ModelAdvance", "ph":"B", "ts":"1131718276", "pid":"1", "tid":"cice"},
{"name":"ModelAdvance", "ph":"E", "ts":"1132195516", "pid":"1", "tid":"cice"},
{"name":"ModelAdvance", "ph":"B", "ts":"1132321799", "pid":"1", "tid":"cice"},
{"name":"ModelAdvance", "ph":"E", "ts":"1132798952", "pid":"1", "tid":"cice"},
{"name":"ModelAdvance", "ph":"B", "ts":"1132931637", "pid":"1", "tid":"cice"},
{"name":"ModelAdvance", "ph":"E", "ts":"1133402733", "pid":"1", "tid":"cice"},
{"name":"ModelAdvance", "ph":"B", "ts":"1133541491", "pid":"1", "tid":"cice"},
{"name":"ModelAdvance", "ph":"E", "ts":"1134009622", "pid":"1", "tid":"cice"},
{"name":"ModelAdvance", "ph":"B", "ts":"1134148286", "pid":"1", "tid":"cice"},
{"name":"ModelAdvance", "ph":"E", "ts":"1134613413", "pid":"1", "tid":"cice"},
{"name":"ModelAdvance", "ph":"B", "ts":"1134783666", "pid":"1", "tid":"cice"},
{"name":"ModelAdvance", "ph":"E", "ts":"1135255610", "pid":"1", "tid":"cice"},
{"name":"ModelAdvance", "ph":"B", "ts":"1135391671", "pid":"1", "tid":"cice"},
{"name":"ModelAdvance", "ph":"E", "ts":"1135863183", "pid":"1", "tid":"cice"},
{"name":"ModelAdvance", "ph":"B", "ts":"1135995984", "pid":"1", "tid":"cice"},
{"name":"ModelAdvance", "ph":"E", "ts":"1136722315", "pid":"1", "tid":"cice"},
{"name":"ModelAdvance", "ph":"B", "ts":"1136842590", "pid":"1", "tid":"cice"},
{"name":"ModelAdvance", "ph":"E", "ts":"1137311126", "pid":"1", "tid":"cice"},
{"name":"ModelAdvance", "ph":"B", "ts":"1137472135", "pid":"1", "tid":"cice"},
{"name":"ModelAdvance", "ph":"E", "ts":"1137947967", "pid":"1", "tid":"cice"},
{"name":"ModelAdvance", "ph":"B", "ts":"1138076679", "pid":"1", "tid":"cice"},
{"name":"ModelAdvance", "ph":"E", "ts":"1138547791", "pid":"1", "tid":"cice"},
{"name":"ModelAdvance", "ph":"B", "ts":"1138691487", "pid":"1", "tid":"cice"},
{"name":"ModelAdvance", "ph":"E", "ts":"1139160595", "pid":"1", "tid":"cice"},
{"name":"ModelAdvance", "ph":"B", "ts":"1139292007", "pid":"1", "tid":"cice"},
{"name":"ModelAdvance", "ph":"E", "ts":"1139773029", "pid":"1", "tid":"cice"},
{"name":"ModelAdvance", "ph":"B", "ts":"1139896791", "pid":"1", "tid":"cice"},
{"name":"ModelAdvance", "ph":"E", "ts":"1140381007", "pid":"1", "tid":"cice"},
{"name":"ModelAdvance", "ph":"B", "ts":"1140503246", "pid":"1", "tid":"cice"},
{"name":"ModelAdvance", "ph":"E", "ts":"1140975654", "pid":"1", "tid":"cice"},
{"name":"ModelAdvance", "ph":"B", "ts":"1142608052", "pid":"1", "tid":"cice"},
{"name":"ModelAdvance", "ph":"E", "ts":"1143077351", "pid":"1", "tid":"cice"},
{"name":"ModelAdvance", "ph":"B", "ts":"1143203317", "pid":"1", "tid":"cice"},
{"name":"ModelAdvance", "ph":"E", "ts":"1143678873", "pid":"1", "tid":"cice"},
{"name":"ModelAdvance", "ph":"B", "ts":"1143816754", "pid":"1", "tid":"cice"},
{"name":"ModelAdvance", "ph":"E", "ts":"1144291755", "pid":"1", "tid":"cice"},
{"name":"ModelAdvance", "ph":"B", "ts":"1145094312", "pid":"1", "tid":"cice"},
{"name":"ModelAdvance", "ph":"E", "ts":"1145570076", "pid":"1", "tid":"cice"},
{"name":"ModelAdvance", "ph":"B", "ts":"1145702423", "pid":"1", "tid":"cice"},
{"name":"ModelAdvance", "ph":"E", "ts":"1146182429", "pid":"1", "tid":"cice"},
{"name":"ModelAdvance", "ph":"B", "ts":"1146309714", "pid":"1", "tid":"cice"},
{"name":"ModelAdvance", "ph":"E", "ts":"1146775340", "pid":"1", "tid":"cice"},
{"name":"ModelAdvance", "ph":"B", "ts":"1146915863", "pid":"1", "tid":"cice"},
{"name":"ModelAdvance", "ph":"E", "ts":"1147388913", "pid":"1", "tid":"cice"},
{"name":"ModelAdvance", "ph":"B", "ts":"1147532312", "pid":"1", "tid":"cice"},
{"name":"ModelAdvance", "ph":"E", "ts":"1148010545", "pid":"1", "tid":"cice"},
{"name":"ModelAdvance", "ph":"B", "ts":"1148132968", "pid":"1", "tid":"cice"},
{"name":"ModelAdvance", "ph":"E", "ts":"1148607935", "pid":"1", "tid":"cice"},
{"name":"ModelAdvance", "ph":"B", "ts":"1148747979", "pid":"1", "tid":"cice"},
{"name":"ModelAdvance", "ph":"E", "ts":"1149217295", "pid":"1", "tid":"cice"},
{"name":"ModelAdvance", "ph":"B", "ts":"1149357680", "pid":"1", "tid":"cice"},
{"name":"ModelAdvance", "ph":"E", "ts":"1149831224", "pid":"1", "tid":"cice"},
{"name":"ModelAdvance", "ph":"B", "ts":"1149975511", "pid":"1", "tid":"cice"},
{"name":"ModelAdvance", "ph":"E", "ts":"1150447876", "pid":"1", "tid":"cice"},
{"name":"ModelAdvance", "ph":"B", "ts":"1150588294", "pid":"1", "tid":"cice"},
{"name":"ModelAdvance", "ph":"E", "ts":"1151065757", "pid":"1", "tid":"cice"},
{"name":"ModelAdvance", "ph":"B", "ts":"1151198416", "pid":"1", "tid":"cice"},
{"name":"ModelAdvance", "ph":"E", "ts":"1151669698", "pid":"1", "tid":"cice"},
{"name":"ModelAdvance", "ph":"B", "ts":"1151825052", "pid":"1", "tid":"cice"},
{"name":"ModelAdvance", "ph":"E", "ts":"1152297589", "pid":"1", "tid":"cice"},
{"name":"ModelAdvance", "ph":"B", "ts":"1152464101", "pid":"1", "tid":"cice"},
{"name":"ModelAdvance", "ph":"E", "ts":"1152944847", "pid":"1", "tid":"cice"},
{"name":"ModelAdvance", "ph":"B", "ts":"1153079788", "pid":"1", "tid":"cice"},
{"name":"ModelAdvance", "ph":"E", "ts":"1153553731", "pid":"1", "tid":"cice"},
{"name":"ModelAdvance", "ph":"B", "ts":"1153694165", "pid":"1", "tid":"cice"},
{"name":"ModelAdvance", "ph":"E", "ts":"1154166653", "pid":"1", "tid":"cice"},
{"name":"ModelAdvance", "ph":"B", "ts":"1154311359", "pid":"1", "tid":"cice"},
{"name":"ModelAdvance", "ph":"E", "ts":"1154782960", "pid":"1", "tid":"cice"},
{"name":"ModelAdvance", "ph":"B", "ts":"1154926724", "pid":"1", "tid":"cice"},
{"name":"ModelAdvance", "ph":"E", "ts":"1155400151", "pid":"1", "tid":"cice"},
{"name":"ModelAdvance", "ph":"B", "ts":"1155564578", "pid":"1", "tid":"cice"},
{"name":"ModelAdvance", "ph":"E", "ts":"1156045032", "pid":"1", "tid":"cice"},
{"name":"ModelAdvance", "ph":"B", "ts":"1156186440", "pid":"1", "tid":"cice"},
{"name":"ModelAdvance", "ph":"E", "ts":"1156657273", "pid":"1", "tid":"cice"},
{"name":"ModelAdvance", "ph":"B", "ts":"1156797535", "pid":"1", "tid":"cice"},
{"name":"ModelAdvance", "ph":"E", "ts":"1157270537", "pid":"1", "tid":"cice"},
{"name":"ModelAdvance", "ph":"B", "ts":"1157421037", "pid":"1", "tid":"cice"},
{"name":"ModelAdvance", "ph":"E", "ts":"1157899535", "pid":"1", "tid":"cice"},
{"name":"ModelAdvance", "ph":"B", "ts":"1158027807", "pid":"1", "tid":"cice"},
{"name":"ModelAdvance", "ph":"E", "ts":"1158500899", "pid":"1", "tid":"cice"},
{"name":"ModelAdvance", "ph":"B", "ts":"1158640510", "pid":"1", "tid":"cice"},
{"name":"ModelAdvance", "ph":"E", "ts":"1159112090", "pid":"1", "tid":"cice"},
{"name":"ModelAdvance", "ph":"B", "ts":"1159315648", "pid":"1", "tid":"cice"},
{"name":"ModelAdvance", "ph":"E", "ts":"1159787652", "pid":"1", "tid":"cice"},
{"name":"ModelAdvance", "ph":"B", "ts":"1160638169", "pid":"1", "tid":"cice"},
{"name":"ModelAdvance", "ph":"E", "ts":"1161114534", "pid":"1", "tid":"cice"},
{"name":"ModelAdvance", "ph":"B", "ts":"1161245595", "pid":"1", "tid":"cice"},
{"name":"ModelAdvance", "ph":"E", "ts":"1161725319", "pid":"1", "tid":"cice"},
{"name":"ModelAdvance", "ph":"B", "ts":"1161854257", "pid":"1", "tid":"cice"},
{"name":"ModelAdvance", "ph":"E", "ts":"1162331464", "pid":"1", "tid":"cice"},
{"name":"ModelAdvance", "ph":"B", "ts":"1162490060", "pid":"1", "tid":"cice"},
{"name":"ModelAdvance", "ph":"E", "ts":"1162961575", "pid":"1", "tid":"cice"},
{"name":"ModelAdvance", "ph":"B", "ts":"1163091449", "pid":"1", "tid":"cice"},
{"name":"ModelAdvance", "ph":"E", "ts":"1163569577", "pid":"1", "tid":"cice"},
{"name":"ModelAdvance", "ph":"B", "ts":"1163711358", "pid":"1", "tid":"cice"},
{"name":"ModelAdvance", "ph":"E", "ts":"1164187996", "pid":"1", "tid":"cice"},
{"name":"ModelAdvance", "ph":"B", "ts":"1164340150", "pid":"1", "tid":"cice"},
{"name":"ModelAdvance", "ph":"E", "ts":"1164812920", "pid":"1", "tid":"cice"},
{"name":"ModelAdvance", "ph":"B", "ts":"1164959116", "pid":"1", "tid":"cice"},
{"name":"ModelAdvance", "ph":"E", "ts":"1165436416", "pid":"1", "tid":"cice"},
{"name":"ModelAdvance", "ph":"B", "ts":"1165573193", "pid":"1", "tid":"cice"},
{"name":"ModelAdvance", "ph":"E", "ts":"1166041514", "pid":"1", "tid":"cice"},
{"name":"ModelAdvance", "ph":"B", "ts":"1166197673", "pid":"1", "tid":"cice"},
{"name":"ModelAdvance", "ph":"E", "ts":"1166669091", "pid":"1", "tid":"cice"},
{"name":"ModelAdvance", "ph":"B", "ts":"1166916957", "pid":"1", "tid":"cice"},
{"name":"ModelAdvance", "ph":"E", "ts":"1167389102", "pid":"1", "tid":"cice"},
{"name":"ModelAdvance", "ph":"B", "ts":"1167547577", "pid":"1", "tid":"cice"},
{"name":"ModelAdvance", "ph":"E", "ts":"1168018906", "pid":"1", "tid":"cice"},
{"name":"ModelAdvance", "ph":"B", "ts":"1168149006", "pid":"1", "tid":"cice"},
{"name":"ModelAdvance", "ph":"E", "ts":"1168622930", "pid":"1", "tid":"cice"},
{"name":"ModelAdvance", "ph":"B", "ts":"1168779607", "pid":"1", "tid":"cice"},
{"name":"ModelAdvance", "ph":"E", "ts":"1169252793", "pid":"1", "tid":"cice"},
{"name":"ModelAdvance", "ph":"B", "ts":"1169401875", "pid":"1", "tid":"cice"},
{"name":"ModelAdvance", "ph":"E", "ts":"1169872042", "pid":"1", "tid":"cice"},
{"name":"ModelAdvance", "ph":"B", "ts":"1170011743", "pid":"1", "tid":"cice"},
{"name":"ModelAdvance", "ph":"E", "ts":"1170488622", "pid":"1", "tid":"cice"},
{"name":"ModelAdvance", "ph":"B", "ts":"1170641418", "pid":"1", "tid":"cice"},
{"name":"ModelAdvance", "ph":"E", "ts":"1171113525", "pid":"1", "tid":"cice"},
{"name":"ModelAdvance", "ph":"B", "ts":"1171261449", "pid":"1", "tid":"cice"},
{"name":"ModelAdvance", "ph":"E", "ts":"1171732299", "pid":"1", "tid":"cice"},
{"name":"ModelAdvance", "ph":"B", "ts":"1171877538", "pid":"1", "tid":"cice"},
{"name":"ModelAdvance", "ph":"E", "ts":"1172353496", "pid":"1", "tid":"cice"},
{"name":"ModelAdvance", "ph":"B", "ts":"1172491985", "pid":"1", "tid":"cice"},
{"name":"ModelAdvance", "ph":"E", "ts":"1172962092", "pid":"1", "tid":"cice"},
{"name":"ModelAdvance", "ph":"B", "ts":"1173104694", "pid":"1", "tid":"cice"},
{"name":"ModelAdvance", "ph":"E", "ts":"1173590364", "pid":"1", "tid":"cice"},
{"name":"ModelAdvance", "ph":"B", "ts":"1173718021", "pid":"1", "tid":"cice"},
{"name":"ModelAdvance", "ph":"E", "ts":"1174188624", "pid":"1", "tid":"cice"},
{"name":"ModelAdvance", "ph":"B", "ts":"1174339032", "pid":"1", "tid":"cice"},
{"name":"ModelAdvance", "ph":"E", "ts":"1174807555", "pid":"1", "tid":"cice"},
{"name":"ModelAdvance", "ph":"B", "ts":"1174965288", "pid":"1", "tid":"cice"},
{"name":"ModelAdvance", "ph":"E", "ts":"1175446227", "pid":"1", "tid":"cice"},
{"name":"ModelAdvance", "ph":"B", "ts":"1176297732", "pid":"1", "tid":"cice"},
{"name":"ModelAdvance", "ph":"E", "ts":"1176776610", "pid":"1", "tid":"cice"},
{"name":"ModelAdvance", "ph":"B", "ts":"1176913954", "pid":"1", "tid":"cice"},
{"name":"ModelAdvance", "ph":"E", "ts":"1177380579", "pid":"1", "tid":"cice"},
{"name":"ModelAdvance", "ph":"B", "ts":"1177527119", "pid":"1", "tid":"cice"},
{"name":"ModelAdvance", "ph":"E", "ts":"1177992986", "pid":"1", "tid":"cice"},
{"name":"ModelAdvance", "ph":"B", "ts":"1178144228", "pid":"1", "tid":"cice"},
{"name":"ModelAdvance", "ph":"E", "ts":"1178610484", "pid":"1", "tid":"cice"},
{"name":"ModelAdvance", "ph":"B", "ts":"1178756619", "pid":"1", "tid":"cice"},
{"name":"ModelAdvance", "ph":"E", "ts":"1179232801", "pid":"1", "tid":"cice"},
{"name":"ModelAdvance", "ph":"B", "ts":"1179360084", "pid":"1", "tid":"cice"},
{"name":"ModelAdvance", "ph":"E", "ts":"1179835694", "pid":"1", "tid":"cice"},
{"name":"ModelAdvance", "ph":"B", "ts":"1179972308", "pid":"1", "tid":"cice"},
{"name":"ModelAdvance", "ph":"E", "ts":"1180448141", "pid":"1", "tid":"cice"},
{"name":"ModelAdvance", "ph":"B", "ts":"1180584871", "pid":"1", "tid":"cice"},
{"name":"ModelAdvance", "ph":"E", "ts":"1181064203", "pid":"1", "tid":"cice"},
{"name":"ModelAdvance", "ph":"B", "ts":"1181208399", "pid":"1", "tid":"cice"},
{"name":"ModelAdvance", "ph":"E", "ts":"1181684076", "pid":"1", "tid":"cice"},
{"name":"ModelAdvance", "ph":"B", "ts":"1181820803", "pid":"1", "tid":"cice"},
{"name":"ModelAdvance", "ph":"E", "ts":"1182293449", "pid":"1", "tid":"cice"},
{"name":"ModelAdvance", "ph":"B", "ts":"1182439427", "pid":"1", "tid":"cice"},
{"name":"ModelAdvance", "ph":"E", "ts":"1182921250", "pid":"1", "tid":"cice"},
{"name":"ModelAdvance", "ph":"B", "ts":"1183058611", "pid":"1", "tid":"cice"},
{"name":"ModelAdvance", "ph":"E", "ts":"1183530864", "pid":"1", "tid":"cice"},
{"name":"ModelAdvance", "ph":"B", "ts":"1183673216", "pid":"1", "tid":"cice"},
{"name":"ModelAdvance", "ph":"E", "ts":"1184147501", "pid":"1", "tid":"cice"},
{"name":"ModelAdvance", "ph":"B", "ts":"1184285340", "pid":"1", "tid":"cice"},
{"name":"ModelAdvance", "ph":"E", "ts":"1184752243", "pid":"1", "tid":"cice"},
{"name":"ModelAdvance", "ph":"B", "ts":"1184892679", "pid":"1", "tid":"cice"},
{"name":"ModelAdvance", "ph":"E", "ts":"1185374059", "pid":"1", "tid":"cice"},
{"name":"ModelAdvance", "ph":"B", "ts":"1185502307", "pid":"1", "tid":"cice"},
{"name":"ModelAdvance", "ph":"E", "ts":"1185979628", "pid":"1", "tid":"cice"},
{"name":"ModelAdvance", "ph":"B", "ts":"1186117838", "pid":"1", "tid":"cice"},
{"name":"ModelAdvance", "ph":"E", "ts":"1186586430", "pid":"1", "tid":"cice"},
{"name":"ModelAdvance", "ph":"B", "ts":"1186748863", "pid":"1", "tid":"cice"},
{"name":"ModelAdvance", "ph":"E", "ts":"1187228878", "pid":"1", "tid":"cice"},
{"name":"ModelAdvance", "ph":"B", "ts":"1187355574", "pid":"1", "tid":"cice"},
{"name":"ModelAdvance", "ph":"E", "ts":"1187832505", "pid":"1", "tid":"cice"},
{"name":"ModelAdvance", "ph":"B", "ts":"1187966260", "pid":"1", "tid":"cice"},
{"name":"ModelAdvance", "ph":"E", "ts":"1188439789", "pid":"1", "tid":"cice"},
{"name":"ModelAdvance", "ph":"B", "ts":"1188579002", "pid":"1", "tid":"cice"},
{"name":"ModelAdvance", "ph":"E", "ts":"1189047562", "pid":"1", "tid":"cice"},
{"name":"ModelAdvance", "ph":"B", "ts":"1189182364", "pid":"1", "tid":"cice"},
{"name":"ModelAdvance", "ph":"E", "ts":"1189652358", "pid":"1", "tid":"cice"},
{"name":"ModelAdvance", "ph":"B", "ts":"1189786625", "pid":"1", "tid":"cice"},
{"name":"ModelAdvance", "ph":"E", "ts":"1190264592", "pid":"1", "tid":"cice"},
{"name":"ModelAdvance", "ph":"B", "ts":"1190412530", "pid":"1", "tid":"cice"},
{"name":"ModelAdvance", "ph":"E", "ts":"1190883756", "pid":"1", "tid":"cice"},
{"name":"ModelAdvance", "ph":"B", "ts":"1191659202", "pid":"1", "tid":"cice"},
{"name":"ModelAdvance", "ph":"E", "ts":"1192133739", "pid":"1", "tid":"cice"},
{"name":"ModelAdvance", "ph":"B", "ts":"1192258113", "pid":"1", "tid":"cice"},
{"name":"ModelAdvance", "ph":"E", "ts":"1192739351", "pid":"1", "tid":"cice"},
{"name":"ModelAdvance", "ph":"B", "ts":"1192873156", "pid":"1", "tid":"cice"},
{"name":"ModelAdvance", "ph":"E", "ts":"1193355470", "pid":"1", "tid":"cice"},
{"name":"ModelAdvance", "ph":"B", "ts":"1193483590", "pid":"1", "tid":"cice"},
{"name":"ModelAdvance", "ph":"E", "ts":"1193951093", "pid":"1", "tid":"cice"},
{"name":"ModelAdvance", "ph":"B", "ts":"1194093159", "pid":"1", "tid":"cice"},
{"name":"ModelAdvance", "ph":"E", "ts":"1194571714", "pid":"1", "tid":"cice"},
{"name":"ModelAdvance", "ph":"B", "ts":"1194702536", "pid":"1", "tid":"cice"},
{"name":"ModelAdvance", "ph":"E", "ts":"1195173662", "pid":"1", "tid":"cice"},
{"name":"ModelAdvance", "ph":"B", "ts":"1195320043", "pid":"1", "tid":"cice"},
{"name":"ModelAdvance", "ph":"E", "ts":"1195796695", "pid":"1", "tid":"cice"},
{"name":"ModelAdvance", "ph":"B", "ts":"1195935978", "pid":"1", "tid":"cice"},
{"name":"ModelAdvance", "ph":"E", "ts":"1196404427", "pid":"1", "tid":"cice"},
{"name":"ModelAdvance", "ph":"B", "ts":"1196544616", "pid":"1", "tid":"cice"},
{"name":"ModelAdvance", "ph":"E", "ts":"1197016617", "pid":"1", "tid":"cice"},
{"name":"ModelAdvance", "ph":"B", "ts":"1197157696", "pid":"1", "tid":"cice"},
{"name":"ModelAdvance", "ph":"E", "ts":"1197638787", "pid":"1", "tid":"cice"},
{"name":"ModelAdvance", "ph":"B", "ts":"1197772510", "pid":"1", "tid":"cice"},
{"name":"ModelAdvance", "ph":"E", "ts":"1198250131", "pid":"1", "tid":"cice"},
{"name":"ModelAdvance", "ph":"B", "ts":"1198408895", "pid":"1", "tid":"cice"},
{"name":"ModelAdvance", "ph":"E", "ts":"1198886979", "pid":"1", "tid":"cice"},
{"name":"ModelAdvance", "ph":"B", "ts":"1199049746", "pid":"1", "tid":"cice"},
{"name":"ModelAdvance", "ph":"E", "ts":"1199527628", "pid":"1", "tid":"cice"},
{"name":"ModelAdvance", "ph":"B", "ts":"1199671175", "pid":"1", "tid":"cice"},
{"name":"ModelAdvance", "ph":"E", "ts":"1200144181", "pid":"1", "tid":"cice"},
{"name":"ModelAdvance", "ph":"B", "ts":"1200319703", "pid":"1", "tid":"cice"},
{"name":"ModelAdvance", "ph":"E", "ts":"1200802529", "pid":"1", "tid":"cice"},
{"name":"ModelAdvance", "ph":"B", "ts":"1200939406", "pid":"1", "tid":"cice"},
{"name":"ModelAdvance", "ph":"E", "ts":"1201407969", "pid":"1", "tid":"cice"},
{"name":"ModelAdvance", "ph":"B", "ts":"1201556197", "pid":"1", "tid":"cice"},
{"name":"ModelAdvance", "ph":"E", "ts":"1202028817", "pid":"1", "tid":"cice"},
{"name":"ModelAdvance", "ph":"B", "ts":"1202170579", "pid":"1", "tid":"cice"},
{"name":"ModelAdvance", "ph":"E", "ts":"1202641215", "pid":"1", "tid":"cice"},
{"name":"ModelAdvance", "ph":"B", "ts":"1202788145", "pid":"1", "tid":"cice"},
{"name":"ModelAdvance", "ph":"E", "ts":"1203260994", "pid":"1", "tid":"cice"},
{"name":"ModelAdvance", "ph":"B", "ts":"1203399406", "pid":"1", "tid":"cice"},
{"name":"ModelAdvance", "ph":"E", "ts":"1203871683", "pid":"1", "tid":"cice"},
{"name":"ModelAdvance", "ph":"B", "ts":"1204019761", "pid":"1", "tid":"cice"},
{"name":"ModelAdvance", "ph":"E", "ts":"1204494263", "pid":"1", "tid":"cice"},
{"name":"ModelAdvance", "ph":"B", "ts":"1204635939", "pid":"1", "tid":"cice"},
{"name":"ModelAdvance", "ph":"E", "ts":"1205113901", "pid":"1", "tid":"cice"},
{"name":"ModelAdvance", "ph":"B", "ts":"1205261816", "pid":"1", "tid":"cice"},
{"name":"ModelAdvance", "ph":"E", "ts":"1205821168", "pid":"1", "tid":"cice"},
{"name":"ModelAdvance", "ph":"B", "ts":"1205902235", "pid":"1", "tid":"cice"},
{"name":"ModelAdvance", "ph":"E", "ts":"1206375557", "pid":"1", "tid":"cice"},
{"name":"ModelAdvance", "ph":"B", "ts":"1207173446", "pid":"1", "tid":"cice"},
{"name":"ModelAdvance", "ph":"E", "ts":"1207640175", "pid":"1", "tid":"cice"},
{"name":"ModelAdvance", "ph":"B", "ts":"1207784883", "pid":"1", "tid":"cice"},
{"name":"ModelAdvance", "ph":"E", "ts":"1208257097", "pid":"1", "tid":"cice"},
{"name":"ModelAdvance", "ph":"B", "ts":"1208400929", "pid":"1", "tid":"cice"},
{"name":"ModelAdvance", "ph":"E", "ts":"1208872022", "pid":"1", "tid":"cice"},
{"name":"ModelAdvance", "ph":"B", "ts":"1209040739", "pid":"1", "tid":"cice"},
{"name":"ModelAdvance", "ph":"E", "ts":"1209512197", "pid":"1", "tid":"cice"},
{"name":"ModelAdvance", "ph":"B", "ts":"1209649160", "pid":"1", "tid":"cice"},
{"name":"ModelAdvance", "ph":"E", "ts":"1210119885", "pid":"1", "tid":"cice"},
{"name":"ModelAdvance", "ph":"B", "ts":"1210264888", "pid":"1", "tid":"cice"},
{"name":"ModelAdvance", "ph":"E", "ts":"1210738669", "pid":"1", "tid":"cice"},
{"name":"ModelAdvance", "ph":"B", "ts":"1210885855", "pid":"1", "tid":"cice"},
{"name":"ModelAdvance", "ph":"E", "ts":"1211366115", "pid":"1", "tid":"cice"},
{"name":"ModelAdvance", "ph":"B", "ts":"1211501674", "pid":"1", "tid":"cice"},
{"name":"ModelAdvance", "ph":"E", "ts":"1211975989", "pid":"1", "tid":"cice"},
{"name":"ModelAdvance", "ph":"B", "ts":"1212114019", "pid":"1", "tid":"cice"},
{"name":"ModelAdvance", "ph":"E", "ts":"1212578771", "pid":"1", "tid":"cice"},
{"name":"ModelAdvance", "ph":"B", "ts":"1212729891", "pid":"1", "tid":"cice"},
{"name":"ModelAdvance", "ph":"E", "ts":"1213204493", "pid":"1", "tid":"cice"},
{"name":"ModelAdvance", "ph":"B", "ts":"1213347734", "pid":"1", "tid":"cice"},
{"name":"ModelAdvance", "ph":"E", "ts":"1213817478", "pid":"1", "tid":"cice"},
{"name":"ModelAdvance", "ph":"B", "ts":"1213986124", "pid":"1", "tid":"cice"},
{"name":"ModelAdvance", "ph":"E", "ts":"1214460818", "pid":"1", "tid":"cice"},
{"name":"ModelAdvance", "ph":"B", "ts":"1214611725", "pid":"1", "tid":"cice"},
{"name":"ModelAdvance", "ph":"E", "ts":"1215106312", "pid":"1", "tid":"cice"},
{"name":"ModelAdvance", "ph":"B", "ts":"1215240600", "pid":"1", "tid":"cice"},
{"name":"ModelAdvance", "ph":"E", "ts":"1215710694", "pid":"1", "tid":"cice"},
{"name":"ModelAdvance", "ph":"B", "ts":"1215867320", "pid":"1", "tid":"cice"},
{"name":"ModelAdvance", "ph":"E", "ts":"1216349278", "pid":"1", "tid":"cice"},
{"name":"ModelAdvance", "ph":"B", "ts":"1216491480", "pid":"1", "tid":"cice"},
{"name":"ModelAdvance", "ph":"E", "ts":"1216964389", "pid":"1", "tid":"cice"},
{"name":"ModelAdvance", "ph":"B", "ts":"1217114174", "pid":"1", "tid":"cice"},
{"name":"ModelAdvance", "ph":"E", "ts":"1217591938", "pid":"1", "tid":"cice"},
{"name":"ModelAdvance", "ph":"B", "ts":"1217738396", "pid":"1", "tid":"cice"},
{"name":"ModelAdvance", "ph":"E", "ts":"1218206686", "pid":"1", "tid":"cice"},
{"name":"ModelAdvance", "ph":"B", "ts":"1218354907", "pid":"1", "tid":"cice"},
{"name":"ModelAdvance", "ph":"E", "ts":"1218835904", "pid":"1", "tid":"cice"},
{"name":"ModelAdvance", "ph":"B", "ts":"1218984670", "pid":"1", "tid":"cice"},
{"name":"ModelAdvance", "ph":"E", "ts":"1219460706", "pid":"1", "tid":"cice"},
{"name":"ModelAdvance", "ph":"B", "ts":"1219609849", "pid":"1", "tid":"cice"},
{"name":"ModelAdvance", "ph":"E", "ts":"1220089777", "pid":"1", "tid":"cice"},
{"name":"ModelAdvance", "ph":"B", "ts":"1220235066", "pid":"1", "tid":"cice"},
{"name":"ModelAdvance", "ph":"E", "ts":"1220712441", "pid":"1", "tid":"cice"},
{"name":"ModelAdvance", "ph":"B", "ts":"1220854006", "pid":"1", "tid":"cice"},
{"name":"ModelAdvance", "ph":"E", "ts":"1221334186", "pid":"1", "tid":"cice"},
{"name":"ModelAdvance", "ph":"B", "ts":"1221509649", "pid":"1", "tid":"cice"},
{"name":"ModelAdvance", "ph":"E", "ts":"1221982908", "pid":"1", "tid":"cice"},
{"name":"ModelAdvance", "ph":"B", "ts":"1222814718", "pid":"1", "tid":"cice"},
{"name":"ModelAdvance", "ph":"E", "ts":"1223298681", "pid":"1", "tid":"cice"},
{"name":"ModelAdvance", "ph":"B", "ts":"1223497246", "pid":"1", "tid":"cice"},
{"name":"ModelAdvance", "ph":"E", "ts":"1223975531", "pid":"1", "tid":"cice"},
{"name":"ModelAdvance", "ph":"B", "ts":"1224142204", "pid":"1", "tid":"cice"},
{"name":"ModelAdvance", "ph":"E", "ts":"1224616534", "pid":"1", "tid":"cice"},
{"name":"ModelAdvance", "ph":"B", "ts":"1224831138", "pid":"1", "tid":"cice"},
{"name":"ModelAdvance", "ph":"E", "ts":"1225301782", "pid":"1", "tid":"cice"},
{"name":"ModelAdvance", "ph":"B", "ts":"1225508752", "pid":"1", "tid":"cice"},
{"name":"ModelAdvance", "ph":"E", "ts":"1225985049", "pid":"1", "tid":"cice"},
{"name":"ModelAdvance", "ph":"B", "ts":"1226143193", "pid":"1", "tid":"cice"},
{"name":"ModelAdvance", "ph":"E", "ts":"1226612863", "pid":"1", "tid":"cice"},
{"name":"ModelAdvance", "ph":"B", "ts":"1226827747", "pid":"1", "tid":"cice"},
{"name":"ModelAdvance", "ph":"E", "ts":"1227298632", "pid":"1", "tid":"cice"},
{"name":"ModelAdvance", "ph":"B", "ts":"1227469634", "pid":"1", "tid":"cice"},
{"name":"ModelAdvance", "ph":"E", "ts":"1227949216", "pid":"1", "tid":"cice"},
{"name":"ModelAdvance", "ph":"B", "ts":"1228160223", "pid":"1", "tid":"cice"},
{"name":"ModelAdvance", "ph":"E", "ts":"1228631967", "pid":"1", "tid":"cice"},
{"name":"ModelAdvance", "ph":"B", "ts":"1228819859", "pid":"1", "tid":"cice"},
{"name":"ModelAdvance", "ph":"E", "ts":"1229293333", "pid":"1", "tid":"cice"},
{"name":"ModelAdvance", "ph":"B", "ts":"1229510559", "pid":"1", "tid":"cice"},
{"name":"ModelAdvance", "ph":"E", "ts":"1229980474", "pid":"1", "tid":"cice"},
{"name":"ModelAdvance", "ph":"B", "ts":"1230189708", "pid":"1", "tid":"cice"},
{"name":"ModelAdvance", "ph":"E", "ts":"1230670970", "pid":"1", "tid":"cice"},
{"name":"ModelAdvance", "ph":"B", "ts":"1230853141", "pid":"1", "tid":"cice"},
{"name":"ModelAdvance", "ph":"E", "ts":"1231331948", "pid":"1", "tid":"cice"},
{"name":"ModelAdvance", "ph":"B", "ts":"1231512766", "pid":"1", "tid":"cice"},
{"name":"ModelAdvance", "ph":"E", "ts":"1231994229", "pid":"1", "tid":"cice"},
{"name":"ModelAdvance", "ph":"B", "ts":"1232165272", "pid":"1", "tid":"cice"},
{"name":"ModelAdvance", "ph":"E", "ts":"1232638311", "pid":"1", "tid":"cice"},
{"name":"ModelAdvance", "ph":"B", "ts":"1232831885", "pid":"1", "tid":"cice"},
{"name":"ModelAdvance", "ph":"E", "ts":"1233312855", "pid":"1", "tid":"cice"},
{"name":"ModelAdvance", "ph":"B", "ts":"1233478322", "pid":"1", "tid":"cice"},
{"name":"ModelAdvance", "ph":"E", "ts":"1233947554", "pid":"1", "tid":"cice"},
{"name":"ModelAdvance", "ph":"B", "ts":"1234137790", "pid":"1", "tid":"cice"},
{"name":"ModelAdvance", "ph":"E", "ts":"1234607464", "pid":"1", "tid":"cice"},
{"name":"ModelAdvance", "ph":"B", "ts":"1234834882", "pid":"1", "tid":"cice"},
{"name":"ModelAdvance", "ph":"E", "ts":"1235300350", "pid":"1", "tid":"cice"},
{"name":"ModelAdvance", "ph":"B", "ts":"1235481510", "pid":"1", "tid":"cice"},
{"name":"ModelAdvance", "ph":"E", "ts":"1235956344", "pid":"1", "tid":"cice"},
{"name":"ModelAdvance", "ph":"B", "ts":"1236134231", "pid":"1", "tid":"cice"},
{"name":"ModelAdvance", "ph":"E", "ts":"1236602986", "pid":"1", "tid":"cice"},
{"name":"ModelAdvance", "ph":"B", "ts":"1236782232", "pid":"1", "tid":"cice"},
{"name":"ModelAdvance", "ph":"E", "ts":"1237259264", "pid":"1", "tid":"cice"},
{"name":"ModelAdvance", "ph":"B", "ts":"1237477666", "pid":"1", "tid":"cice"},
{"name":"ModelAdvance", "ph":"E", "ts":"1237950260", "pid":"1", "tid":"cice"},
{"name":"ModelAdvance", "ph":"B", "ts":"1238206510", "pid":"1", "tid":"cice"},
{"name":"ModelAdvance", "ph":"E", "ts":"1238680585", "pid":"1", "tid":"cice"},
{"name":"ModelAdvance", "ph":"B", "ts":"1239521334", "pid":"1", "tid":"cice"},
{"name":"ModelAdvance", "ph":"E", "ts":"1240008025", "pid":"1", "tid":"cice"},
{"name":"ModelAdvance", "ph":"B", "ts":"1240184673", "pid":"1", "tid":"cice"},
{"name":"ModelAdvance", "ph":"E", "ts":"1240657072", "pid":"1", "tid":"cice"},
{"name":"ModelAdvance", "ph":"B", "ts":"1240825584", "pid":"1", "tid":"cice"},
{"name":"ModelAdvance", "ph":"E", "ts":"1241300524", "pid":"1", "tid":"cice"},
{"name":"ModelAdvance", "ph":"B", "ts":"1241470577", "pid":"1", "tid":"cice"},
{"name":"ModelAdvance", "ph":"E", "ts":"1241945020", "pid":"1", "tid":"cice"},
{"name":"ModelAdvance", "ph":"B", "ts":"1242160798", "pid":"1", "tid":"cice"},
{"name":"ModelAdvance", "ph":"E", "ts":"1242629079", "pid":"1", "tid":"cice"},
{"name":"ModelAdvance", "ph":"B", "ts":"1242859551", "pid":"1", "tid":"cice"},
{"name":"ModelAdvance", "ph":"E", "ts":"1243328577", "pid":"1", "tid":"cice"},
{"name":"ModelAdvance", "ph":"B", "ts":"1243567056", "pid":"1", "tid":"cice"},
{"name":"ModelAdvance", "ph":"E", "ts":"1244052067", "pid":"1", "tid":"cice"},
{"name":"ModelAdvance", "ph":"B", "ts":"1244261622", "pid":"1", "tid":"cice"},
{"name":"ModelAdvance", "ph":"E", "ts":"1244730792", "pid":"1", "tid":"cice"},
{"name":"ModelAdvance", "ph":"B", "ts":"1244920183", "pid":"1", "tid":"cice"},
{"name":"ModelAdvance", "ph":"E", "ts":"1245401461", "pid":"1", "tid":"cice"},
{"name":"ModelAdvance", "ph":"B", "ts":"1245566541", "pid":"1", "tid":"cice"},
{"name":"ModelAdvance", "ph":"E", "ts":"1246046303", "pid":"1", "tid":"cice"},
{"name":"ModelAdvance", "ph":"B", "ts":"1246228709", "pid":"1", "tid":"cice"},
{"name":"ModelAdvance", "ph":"E", "ts":"1246698604", "pid":"1", "tid":"cice"},
{"name":"ModelAdvance", "ph":"B", "ts":"1246950109", "pid":"1", "tid":"cice"},
{"name":"ModelAdvance", "ph":"E", "ts":"1247423816", "pid":"1", "tid":"cice"},
{"name":"ModelAdvance", "ph":"B", "ts":"1247652873", "pid":"1", "tid":"cice"},
{"name":"ModelAdvance", "ph":"E", "ts":"1248137180", "pid":"1", "tid":"cice"},
{"name":"ModelAdvance", "ph":"B", "ts":"1248358255", "pid":"1", "tid":"cice"},
{"name":"ModelAdvance", "ph":"E", "ts":"1248838465", "pid":"1", "tid":"cice"},
{"name":"ModelAdvance", "ph":"B", "ts":"1249001844", "pid":"1", "tid":"cice"},
{"name":"ModelAdvance", "ph":"E", "ts":"1249477401", "pid":"1", "tid":"cice"},
{"name":"ModelAdvance", "ph":"B", "ts":"1249655731", "pid":"1", "tid":"cice"},
{"name":"ModelAdvance", "ph":"E", "ts":"1250139694", "pid":"1", "tid":"cice"},
{"name":"ModelAdvance", "ph":"B", "ts":"1250288816", "pid":"1", "tid":"cice"},
{"name":"ModelAdvance", "ph":"E", "ts":"1250766691", "pid":"1", "tid":"cice"},
{"name":"ModelAdvance", "ph":"B", "ts":"1250925352", "pid":"1", "tid":"cice"},
{"name":"ModelAdvance", "ph":"E", "ts":"1251401188", "pid":"1", "tid":"cice"},
{"name":"ModelAdvance", "ph":"B", "ts":"1251617251", "pid":"1", "tid":"cice"},
{"name":"ModelAdvance", "ph":"E", "ts":"1252085636", "pid":"1", "tid":"cice"},
{"name":"ModelAdvance", "ph":"B", "ts":"1252312015", "pid":"1", "tid":"cice"},
{"name":"ModelAdvance", "ph":"E", "ts":"1252790207", "pid":"1", "tid":"cice"},
{"name":"ModelAdvance", "ph":"B", "ts":"1252943302", "pid":"1", "tid":"cice"},
{"name":"ModelAdvance", "ph":"E", "ts":"1253413073", "pid":"1", "tid":"cice"},
{"name":"ModelAdvance", "ph":"B", "ts":"1253595169", "pid":"1", "tid":"cice"},
{"name":"ModelAdvance", "ph":"E", "ts":"1254076735", "pid":"1", "tid":"cice"},
{"name":"ModelAdvance", "ph":"B", "ts":"1254242619", "pid":"1", "tid":"cice"},
{"name":"ModelAdvance", "ph":"E", "ts":"1254720262", "pid":"1", "tid":"cice"},
{"name":"ModelAdvance", "ph":"B", "ts":"1254947994", "pid":"1", "tid":"cice"},
{"name":"ModelAdvance", "ph":"E", "ts":"1255428908", "pid":"1", "tid":"cice"},
{"name":"ModelAdvance", "ph":"B", "ts":"1270484223", "pid":"1", "tid":"cice"},
{"name":"ModelAdvance", "ph":"E", "ts":"1270956388", "pid":"1", "tid":"cice"},
{"name":"ModelAdvance", "ph":"B", "ts":"1271175904", "pid":"1", "tid":"cice"},
{"name":"ModelAdvance", "ph":"E", "ts":"1271650117", "pid":"1", "tid":"cice"},
{"name":"ModelAdvance", "ph":"B", "ts":"1271827545", "pid":"1", "tid":"cice"},
{"name":"ModelAdvance", "ph":"E", "ts":"1272314842", "pid":"1", "tid":"cice"},
{"name":"ModelAdvance", "ph":"B", "ts":"1272481977", "pid":"1", "tid":"cice"},
{"name":"ModelAdvance", "ph":"E", "ts":"1272959599", "pid":"1", "tid":"cice"},
{"name":"ModelAdvance", "ph":"B", "ts":"1273104029", "pid":"1", "tid":"cice"},
{"name":"ModelAdvance", "ph":"E", "ts":"1273573930", "pid":"1", "tid":"cice"},
{"name":"ModelAdvance", "ph":"B", "ts":"1273736829", "pid":"1", "tid":"cice"},
{"name":"ModelAdvance", "ph":"E", "ts":"1274222866", "pid":"1", "tid":"cice"},
{"name":"ModelAdvance", "ph":"B", "ts":"1274370239", "pid":"1", "tid":"cice"},
{"name":"ModelAdvance", "ph":"E", "ts":"1274854455", "pid":"1", "tid":"cice"},
{"name":"ModelAdvance", "ph":"B", "ts":"1275024218", "pid":"1", "tid":"cice"},
{"name":"ModelAdvance", "ph":"E", "ts":"1275497634", "pid":"1", "tid":"cice"},
{"name":"ModelAdvance", "ph":"B", "ts":"1275654283", "pid":"1", "tid":"cice"},
{"name":"ModelAdvance", "ph":"E", "ts":"1276133414", "pid":"1", "tid":"cice"},
{"name":"ModelAdvance", "ph":"B", "ts":"1276306393", "pid":"1", "tid":"cice"},
{"name":"ModelAdvance", "ph":"E", "ts":"1276786030", "pid":"1", "tid":"cice"},
{"name":"ModelAdvance", "ph":"B", "ts":"1276936335", "pid":"1", "tid":"cice"},
{"name":"ModelAdvance", "ph":"E", "ts":"1277409414", "pid":"1", "tid":"cice"},
{"name":"ModelAdvance", "ph":"B", "ts":"1277576747", "pid":"1", "tid":"cice"},
{"name":"ModelAdvance", "ph":"E", "ts":"1278056556", "pid":"1", "tid":"cice"},
{"name":"ModelAdvance", "ph":"B", "ts":"1278210566", "pid":"1", "tid":"cice"},
{"name":"ModelAdvance", "ph":"E", "ts":"1278693763", "pid":"1", "tid":"cice"},
{"name":"ModelAdvance", "ph":"B", "ts":"1278840651", "pid":"1", "tid":"cice"},
{"name":"ModelAdvance", "ph":"E", "ts":"1279317636", "pid":"1", "tid":"cice"},
{"name":"ModelAdvance", "ph":"B", "ts":"1279482886", "pid":"1", "tid":"cice"},
{"name":"ModelAdvance", "ph":"E", "ts":"1279966309", "pid":"1", "tid":"cice"},
{"name":"ModelAdvance", "ph":"B", "ts":"1280158819", "pid":"1", "tid":"cice"},
{"name":"ModelAdvance", "ph":"E", "ts":"1280633462", "pid":"1", "tid":"cice"},
{"name":"ModelAdvance", "ph":"B", "ts":"1280783466", "pid":"1", "tid":"cice"},
{"name":"ModelAdvance", "ph":"E", "ts":"1281267468", "pid":"1", "tid":"cice"},
{"name":"ModelAdvance", "ph":"B", "ts":"1281414773", "pid":"1", "tid":"cice"},
{"name":"ModelAdvance", "ph":"E", "ts":"1281894286", "pid":"1", "tid":"cice"},
{"name":"ModelAdvance", "ph":"B", "ts":"1282050398", "pid":"1", "tid":"cice"},
{"name":"ModelAdvance", "ph":"E", "ts":"1282532680", "pid":"1", "tid":"cice"},
{"name":"ModelAdvance", "ph":"B", "ts":"1282681396", "pid":"1", "tid":"cice"},
{"name":"ModelAdvance", "ph":"E", "ts":"1283162435", "pid":"1", "tid":"cice"},
{"name":"ModelAdvance", "ph":"B", "ts":"1283300346", "pid":"1", "tid":"cice"},
{"name":"ModelAdvance", "ph":"E", "ts":"1283771545", "pid":"1", "tid":"cice"},
{"name":"ModelAdvance", "ph":"B", "ts":"1283936440", "pid":"1", "tid":"cice"},
{"name":"ModelAdvance", "ph":"E", "ts":"1284401781", "pid":"1", "tid":"cice"},
{"name":"ModelAdvance", "ph":"B", "ts":"1284563182", "pid":"1", "tid":"cice"},
{"name":"ModelAdvance", "ph":"E", "ts":"1285046964", "pid":"1", "tid":"cice"},
{"name":"ModelAdvance", "ph":"B", "ts":"1285270648", "pid":"1", "tid":"cice"},
{"name":"ModelAdvance", "ph":"E", "ts":"1285746339", "pid":"1", "tid":"cice"},
{"name":"ModelAdvance", "ph":"B", "ts":"1286566733", "pid":"1", "tid":"cice"},
{"name":"ModelAdvance", "ph":"E", "ts":"1287037759", "pid":"1", "tid":"cice"},
{"name":"ModelAdvance", "ph":"B", "ts":"1287195766", "pid":"1", "tid":"cice"},
{"name":"ModelAdvance", "ph":"E", "ts":"1287666651", "pid":"1", "tid":"cice"},
{"name":"ModelAdvance", "ph":"B", "ts":"1287817335", "pid":"1", "tid":"cice"},
{"name":"ModelAdvance", "ph":"E", "ts":"1288292123", "pid":"1", "tid":"cice"},
{"name":"ModelAdvance", "ph":"B", "ts":"1288444033", "pid":"1", "tid":"cice"},
{"name":"ModelAdvance", "ph":"E", "ts":"1288914601", "pid":"1", "tid":"cice"},
{"name":"ModelAdvance", "ph":"B", "ts":"1289069928", "pid":"1", "tid":"cice"},
{"name":"ModelAdvance", "ph":"E", "ts":"1289553592", "pid":"1", "tid":"cice"},
{"name":"ModelAdvance", "ph":"B", "ts":"1289751700", "pid":"1", "tid":"cice"},
{"name":"ModelAdvance", "ph":"E", "ts":"1290232165", "pid":"1", "tid":"cice"},
{"name":"ModelAdvance", "ph":"B", "ts":"1290382608", "pid":"1", "tid":"cice"},
{"name":"ModelAdvance", "ph":"E", "ts":"1290855614", "pid":"1", "tid":"cice"},
{"name":"ModelAdvance", "ph":"B", "ts":"1291005998", "pid":"1", "tid":"cice"},
{"name":"ModelAdvance", "ph":"E", "ts":"1291476402", "pid":"1", "tid":"cice"},
{"name":"ModelAdvance", "ph":"B", "ts":"1291670636", "pid":"1", "tid":"cice"},
{"name":"ModelAdvance", "ph":"E", "ts":"1292141668", "pid":"1", "tid":"cice"},
{"name":"ModelAdvance", "ph":"B", "ts":"1292291719", "pid":"1", "tid":"cice"},
{"name":"ModelAdvance", "ph":"E", "ts":"1292764523", "pid":"1", "tid":"cice"},
{"name":"ModelAdvance", "ph":"B", "ts":"1292905583", "pid":"1", "tid":"cice"},
{"name":"ModelAdvance", "ph":"E", "ts":"1293373912", "pid":"1", "tid":"cice"},
{"name":"ModelAdvance", "ph":"B", "ts":"1293547074", "pid":"1", "tid":"cice"},
{"name":"ModelAdvance", "ph":"E", "ts":"1294022559", "pid":"1", "tid":"cice"},
{"name":"ModelAdvance", "ph":"B", "ts":"1294167020", "pid":"1", "tid":"cice"},
{"name":"ModelAdvance", "ph":"E", "ts":"1294646736", "pid":"1", "tid":"cice"},
{"name":"ModelAdvance", "ph":"B", "ts":"1294791258", "pid":"1", "tid":"cice"},
{"name":"ModelAdvance", "ph":"E", "ts":"1295266897", "pid":"1", "tid":"cice"},
{"name":"ModelAdvance", "ph":"B", "ts":"1295408832", "pid":"1", "tid":"cice"},
{"name":"ModelAdvance", "ph":"E", "ts":"1295890231", "pid":"1", "tid":"cice"},
{"name":"ModelAdvance", "ph":"B", "ts":"1296028596", "pid":"1", "tid":"cice"},
{"name":"ModelAdvance", "ph":"E", "ts":"1296499104", "pid":"1", "tid":"cice"},
{"name":"ModelAdvance", "ph":"B", "ts":"1296650072", "pid":"1", "tid":"cice"},
{"name":"ModelAdvance", "ph":"E", "ts":"1297119413", "pid":"1", "tid":"cice"},
{"name":"ModelAdvance", "ph":"B", "ts":"1297284054", "pid":"1", "tid":"cice"},
{"name":"ModelAdvance", "ph":"E", "ts":"1297760304", "pid":"1", "tid":"cice"},
{"name":"ModelAdvance", "ph":"B", "ts":"1297902684", "pid":"1", "tid":"cice"},
{"name":"ModelAdvance", "ph":"E", "ts":"1298384829", "pid":"1", "tid":"cice"},
{"name":"ModelAdvance", "ph":"B", "ts":"1298519127", "pid":"1", "tid":"cice"},
{"name":"ModelAdvance", "ph":"E", "ts":"1298999170", "pid":"1", "tid":"cice"},
{"name":"ModelAdvance", "ph":"B", "ts":"1299131330", "pid":"1", "tid":"cice"},
{"name":"ModelAdvance", "ph":"E", "ts":"1299621666", "pid":"1", "tid":"cice"},
{"name":"ModelAdvance", "ph":"B", "ts":"1299747969", "pid":"1", "tid":"cice"},
{"name":"ModelAdvance", "ph":"E", "ts":"1300230433", "pid":"1", "tid":"cice"},
{"name":"ModelAdvance", "ph":"B", "ts":"1300359189", "pid":"1", "tid":"cice"},
{"name":"ModelAdvance", "ph":"E", "ts":"1300840387", "pid":"1", "tid":"cice"},
{"name":"ModelAdvance", "ph":"B", "ts":"1300995361", "pid":"1", "tid":"cice"},
{"name":"ModelAdvance", "ph":"E", "ts":"1301475442", "pid":"1", "tid":"cice"},
{"name":"ModelAdvance", "ph":"B", "ts":"1302236105", "pid":"1", "tid":"cice"},
{"name":"ModelAdvance", "ph":"E", "ts":"1302710861", "pid":"1", "tid":"cice"},
{"name":"ModelAdvance", "ph":"B", "ts":"1302857327", "pid":"1", "tid":"cice"},
{"name":"ModelAdvance", "ph":"E", "ts":"1303330607", "pid":"1", "tid":"cice"},
{"name":"ModelAdvance", "ph":"B", "ts":"1303458109", "pid":"1", "tid":"cice"},
{"name":"ModelAdvance", "ph":"E", "ts":"1303937449", "pid":"1", "tid":"cice"},
{"name":"ModelAdvance", "ph":"B", "ts":"1304073683", "pid":"1", "tid":"cice"},
{"name":"ModelAdvance", "ph":"E", "ts":"1304545678", "pid":"1", "tid":"cice"},
{"name":"ModelAdvance", "ph":"B", "ts":"1304691190", "pid":"1", "tid":"cice"},
{"name":"ModelAdvance", "ph":"E", "ts":"1305175441", "pid":"1", "tid":"cice"},
{"name":"ModelAdvance", "ph":"B", "ts":"1305307810", "pid":"1", "tid":"cice"},
{"name":"ModelAdvance", "ph":"E", "ts":"1305789293", "pid":"1", "tid":"cice"},
{"name":"ModelAdvance", "ph":"B", "ts":"1305921115", "pid":"1", "tid":"cice"},
{"name":"ModelAdvance", "ph":"E", "ts":"1306394927", "pid":"1", "tid":"cice"},
{"name":"ModelAdvance", "ph":"B", "ts":"1306546509", "pid":"1", "tid":"cice"},
{"name":"ModelAdvance", "ph":"E", "ts":"1307042452", "pid":"1", "tid":"cice"},
{"name":"ModelAdvance", "ph":"B", "ts":"1307164379", "pid":"1", "tid":"cice"},
{"name":"ModelAdvance", "ph":"E", "ts":"1307635168", "pid":"1", "tid":"cice"},
{"name":"ModelAdvance", "ph":"B", "ts":"1307779689", "pid":"1", "tid":"cice"},
{"name":"ModelAdvance", "ph":"E", "ts":"1308251707", "pid":"1", "tid":"cice"},
{"name":"ModelAdvance", "ph":"B", "ts":"1308398920", "pid":"1", "tid":"cice"},
{"name":"ModelAdvance", "ph":"E", "ts":"1308882185", "pid":"1", "tid":"cice"},
{"name":"ModelAdvance", "ph":"B", "ts":"1309031722", "pid":"1", "tid":"cice"},
{"name":"ModelAdvance", "ph":"E", "ts":"1309504524", "pid":"1", "tid":"cice"},
{"name":"ModelAdvance", "ph":"B", "ts":"1309652779", "pid":"1", "tid":"cice"},
{"name":"ModelAdvance", "ph":"E", "ts":"1310126885", "pid":"1", "tid":"cice"},
{"name":"ModelAdvance", "ph":"B", "ts":"1310271482", "pid":"1", "tid":"cice"},
{"name":"ModelAdvance", "ph":"E", "ts":"1310747058", "pid":"1", "tid":"cice"},
{"name":"ModelAdvance", "ph":"B", "ts":"1310898054", "pid":"1", "tid":"cice"},
{"name":"ModelAdvance", "ph":"E", "ts":"1311377181", "pid":"1", "tid":"cice"},
{"name":"ModelAdvance", "ph":"B", "ts":"1311520635", "pid":"1", "tid":"cice"},
{"name":"ModelAdvance", "ph":"E", "ts":"1311990384", "pid":"1", "tid":"cice"},
{"name":"ModelAdvance", "ph":"B", "ts":"1312151324", "pid":"1", "tid":"cice"},
{"name":"ModelAdvance", "ph":"E", "ts":"1312622300", "pid":"1", "tid":"cice"},
{"name":"ModelAdvance", "ph":"B", "ts":"1312795177", "pid":"1", "tid":"cice"},
{"name":"ModelAdvance", "ph":"E", "ts":"1313269547", "pid":"1", "tid":"cice"},
{"name":"ModelAdvance", "ph":"B", "ts":"1313425944", "pid":"1", "tid":"cice"},
{"name":"ModelAdvance", "ph":"E", "ts":"1313901162", "pid":"1", "tid":"cice"},
{"name":"ModelAdvance", "ph":"B", "ts":"1314069316", "pid":"1", "tid":"cice"},
{"name":"ModelAdvance", "ph":"E", "ts":"1314542851", "pid":"1", "tid":"cice"},
{"name":"ModelAdvance", "ph":"B", "ts":"1314758436", "pid":"1", "tid":"cice"},
{"name":"ModelAdvance", "ph":"E", "ts":"1315245348", "pid":"1", "tid":"cice"},
{"name":"ModelAdvance", "ph":"B", "ts":"1315394750", "pid":"1", "tid":"cice"},
{"name":"ModelAdvance", "ph":"E", "ts":"1315869844", "pid":"1", "tid":"cice"},
{"name":"ModelAdvance", "ph":"B", "ts":"1316037875", "pid":"1", "tid":"cice"},
{"name":"ModelAdvance", "ph":"E", "ts":"1316628557", "pid":"1", "tid":"cice"},
{"name":"ModelAdvance", "ph":"B", "ts":"1316690853", "pid":"1", "tid":"cice"},
{"name":"ModelAdvance", "ph":"E", "ts":"1317173566", "pid":"1", "tid":"cice"},
{"name":"ModelAdvance", "ph":"B", "ts":"1317960007", "pid":"1", "tid":"cice"},
{"name":"ModelAdvance", "ph":"E", "ts":"1318431475", "pid":"1", "tid":"cice"},
{"name":"ModelAdvance", "ph":"B", "ts":"1318617200", "pid":"1", "tid":"cice"},
{"name":"ModelAdvance", "ph":"E", "ts":"1319085583", "pid":"1", "tid":"cice"},
{"name":"ModelAdvance", "ph":"B", "ts":"1319306752", "pid":"1", "tid":"cice"},
{"name":"ModelAdvance", "ph":"E", "ts":"1319793076", "pid":"1", "tid":"cice"},
{"name":"ModelAdvance", "ph":"B", "ts":"1319938388", "pid":"1", "tid":"cice"},
{"name":"ModelAdvance", "ph":"E", "ts":"1320417479", "pid":"1", "tid":"cice"},
{"name":"ModelAdvance", "ph":"B", "ts":"1320585693", "pid":"1", "tid":"cice"},
{"name":"ModelAdvance", "ph":"E", "ts":"1321069755", "pid":"1", "tid":"cice"},
{"name":"ModelAdvance", "ph":"B", "ts":"1321214411", "pid":"1", "tid":"cice"},
{"name":"ModelAdvance", "ph":"E", "ts":"1321686812", "pid":"1", "tid":"cice"},
{"name":"ModelAdvance", "ph":"B", "ts":"1321845001", "pid":"1", "tid":"cice"},
{"name":"ModelAdvance", "ph":"E", "ts":"1322320981", "pid":"1", "tid":"cice"},
{"name":"ModelAdvance", "ph":"B", "ts":"1322472846", "pid":"1", "tid":"cice"},
{"name":"ModelAdvance", "ph":"E", "ts":"1322957769", "pid":"1", "tid":"cice"},
{"name":"ModelAdvance", "ph":"B", "ts":"1323099974", "pid":"1", "tid":"cice"},
{"name":"ModelAdvance", "ph":"E", "ts":"1323575726", "pid":"1", "tid":"cice"},
{"name":"ModelAdvance", "ph":"B", "ts":"1323722163", "pid":"1", "tid":"cice"},
{"name":"ModelAdvance", "ph":"E", "ts":"1324194392", "pid":"1", "tid":"cice"},
{"name":"ModelAdvance", "ph":"B", "ts":"1324342293", "pid":"1", "tid":"cice"},
{"name":"ModelAdvance", "ph":"E", "ts":"1324821275", "pid":"1", "tid":"cice"},
{"name":"ModelAdvance", "ph":"B", "ts":"1324982509", "pid":"1", "tid":"cice"},
{"name":"ModelAdvance", "ph":"E", "ts":"1325456269", "pid":"1", "tid":"cice"},
{"name":"ModelAdvance", "ph":"B", "ts":"1326514203", "pid":"1", "tid":"cice"},
{"name":"ModelAdvance", "ph":"E", "ts":"1326994058", "pid":"1", "tid":"cice"},
{"name":"ModelAdvance", "ph":"B", "ts":"1327136567", "pid":"1", "tid":"cice"},
{"name":"ModelAdvance", "ph":"E", "ts":"1327605399", "pid":"1", "tid":"cice"},
{"name":"ModelAdvance", "ph":"B", "ts":"1327750170", "pid":"1", "tid":"cice"},
{"name":"ModelAdvance", "ph":"E", "ts":"1328226815", "pid":"1", "tid":"cice"},
{"name":"ModelAdvance", "ph":"B", "ts":"1328374476", "pid":"1", "tid":"cice"},
{"name":"ModelAdvance", "ph":"E", "ts":"1328856240", "pid":"1", "tid":"cice"},
{"name":"ModelAdvance", "ph":"B", "ts":"1328985798", "pid":"1", "tid":"cice"},
{"name":"ModelAdvance", "ph":"E", "ts":"1329467161", "pid":"1", "tid":"cice"},
{"name":"ModelAdvance", "ph":"B", "ts":"1329608198", "pid":"1", "tid":"cice"},
{"name":"ModelAdvance", "ph":"E", "ts":"1330083031", "pid":"1", "tid":"cice"},
{"name":"ModelAdvance", "ph":"B", "ts":"1330247684", "pid":"1", "tid":"cice"},
{"name":"ModelAdvance", "ph":"E", "ts":"1330722482", "pid":"1", "tid":"cice"},
{"name":"ModelAdvance", "ph":"B", "ts":"1330867865", "pid":"1", "tid":"cice"},
{"name":"ModelAdvance", "ph":"E", "ts":"1331343771", "pid":"1", "tid":"cice"},
{"name":"ModelAdvance", "ph":"B", "ts":"1331499131", "pid":"1", "tid":"cice"},
{"name":"ModelAdvance", "ph":"E", "ts":"1331977083", "pid":"1", "tid":"cice"},
{"name":"ModelAdvance", "ph":"B", "ts":"1332114141", "pid":"1", "tid":"cice"},
{"name":"ModelAdvance", "ph":"E", "ts":"1332592227", "pid":"1", "tid":"cice"},
{"name":"ModelAdvance", "ph":"B", "ts":"1332727718", "pid":"1", "tid":"cice"},
{"name":"ModelAdvance", "ph":"E", "ts":"1333198278", "pid":"1", "tid":"cice"},
{"name":"ModelAdvance", "ph":"B", "ts":"1333374511", "pid":"1", "tid":"cice"},
{"name":"ModelAdvance", "ph":"E", "ts":"1333854548", "pid":"1", "tid":"cice"},
{"name":"ModelAdvance", "ph":"B", "ts":"1334645181", "pid":"1", "tid":"cice"},
{"name":"ModelAdvance", "ph":"E", "ts":"1335131554", "pid":"1", "tid":"cice"},
{"name":"ModelAdvance", "ph":"B", "ts":"1335280469", "pid":"1", "tid":"cice"},
{"name":"ModelAdvance", "ph":"E", "ts":"1335750269", "pid":"1", "tid":"cice"},
{"name":"ModelAdvance", "ph":"B", "ts":"1335897230", "pid":"1", "tid":"cice"},
{"name":"ModelAdvance", "ph":"E", "ts":"1336376720", "pid":"1", "tid":"cice"},
{"name":"ModelAdvance", "ph":"B", "ts":"1336514631", "pid":"1", "tid":"cice"},
{"name":"ModelAdvance", "ph":"E", "ts":"1336989852", "pid":"1", "tid":"cice"},
{"name":"ModelAdvance", "ph":"B", "ts":"1337157744", "pid":"1", "tid":"cice"},
{"name":"ModelAdvance", "ph":"E", "ts":"1337627637", "pid":"1", "tid":"cice"},
{"name":"ModelAdvance", "ph":"B", "ts":"1337772455", "pid":"1", "tid":"cice"},
{"name":"ModelAdvance", "ph":"E", "ts":"1338254349", "pid":"1", "tid":"cice"},
{"name":"ModelAdvance", "ph":"B", "ts":"1338391026", "pid":"1", "tid":"cice"},
{"name":"ModelAdvance", "ph":"E", "ts":"1338862370", "pid":"1", "tid":"cice"},
{"name":"ModelAdvance", "ph":"B", "ts":"1339010427", "pid":"1", "tid":"cice"},
{"name":"ModelAdvance", "ph":"E", "ts":"1339492833", "pid":"1", "tid":"cice"},
{"name":"ModelAdvance", "ph":"B", "ts":"1339642240", "pid":"1", "tid":"cice"},
{"name":"ModelAdvance", "ph":"E", "ts":"1340116497", "pid":"1", "tid":"cice"},
{"name":"ModelAdvance", "ph":"B", "ts":"1340262113", "pid":"1", "tid":"cice"},
{"name":"ModelAdvance", "ph":"E", "ts":"1340741414", "pid":"1", "tid":"cice"},
{"name":"ModelAdvance", "ph":"B", "ts":"1340886362", "pid":"1", "tid":"cice"},
{"name":"ModelAdvance", "ph":"E", "ts":"1341366423", "pid":"1", "tid":"cice"},
{"name":"ModelAdvance", "ph":"B", "ts":"1341529274", "pid":"1", "tid":"cice"},
{"name":"ModelAdvance", "ph":"E", "ts":"1342005064", "pid":"1", "tid":"cice"},
{"name":"ModelAdvance", "ph":"B", "ts":"1342154821", "pid":"1", "tid":"cice"},
{"name":"ModelAdvance", "ph":"E", "ts":"1342636611", "pid":"1", "tid":"cice"},
{"name":"ModelAdvance", "ph":"B", "ts":"1342785921", "pid":"1", "tid":"cice"},
{"name":"ModelAdvance", "ph":"E", "ts":"1343266728", "pid":"1", "tid":"cice"},
{"name":"ModelAdvance", "ph":"B", "ts":"1343439046", "pid":"1", "tid":"cice"},
{"name":"ModelAdvance", "ph":"E", "ts":"1343911913", "pid":"1", "tid":"cice"},
{"name":"ModelAdvance", "ph":"B", "ts":"1344079722", "pid":"1", "tid":"cice"},
{"name":"ModelAdvance", "ph":"E", "ts":"1344552304", "pid":"1", "tid":"cice"},
{"name":"ModelAdvance", "ph":"B", "ts":"1344718294", "pid":"1", "tid":"cice"},
{"name":"ModelAdvance", "ph":"E", "ts":"1345194765", "pid":"1", "tid":"cice"},
{"name":"ModelAdvance", "ph":"B", "ts":"1345345816", "pid":"1", "tid":"cice"},
{"name":"ModelAdvance", "ph":"E", "ts":"1345829617", "pid":"1", "tid":"cice"},
{"name":"ModelAdvance", "ph":"B", "ts":"1346348732", "pid":"1", "tid":"cice"},
{"name":"ModelAdvance", "ph":"E", "ts":"1346831130", "pid":"1", "tid":"cice"},
{"name":"ModelAdvance", "ph":"B", "ts":"1347027284", "pid":"1", "tid":"cice"},
{"name":"ModelAdvance", "ph":"E", "ts":"1347501233", "pid":"1", "tid":"cice"},
{"name":"ModelAdvance", "ph":"B", "ts":"1347656123", "pid":"1", "tid":"cice"},
{"name":"ModelAdvance", "ph":"E", "ts":"1348127720", "pid":"1", "tid":"cice"},
{"name":"ModelAdvance", "ph":"B", "ts":"1348286928", "pid":"1", "tid":"cice"},
{"name":"ModelAdvance", "ph":"E", "ts":"1348757154", "pid":"1", "tid":"cice"},
{"name":"ModelAdvance", "ph":"B", "ts":"1348914442", "pid":"1", "tid":"cice"},
{"name":"ModelAdvance", "ph":"E", "ts":"1349395208", "pid":"1", "tid":"cice"},
{"name":"ModelAdvance", "ph":"B", "ts":"1349569314", "pid":"1", "tid":"cice"},
{"name":"ModelAdvance", "ph":"E", "ts":"1350046229", "pid":"1", "tid":"cice"},
{"name":"ModelAdvance", "ph":"B", "ts":"1350826970", "pid":"1", "tid":"cice"},
{"name":"ModelAdvance", "ph":"E", "ts":"1351307802", "pid":"1", "tid":"cice"},
{"name":"ModelAdvance", "ph":"B", "ts":"1351442100", "pid":"1", "tid":"cice"},
{"name":"ModelAdvance", "ph":"E", "ts":"1351915799", "pid":"1", "tid":"cice"},
{"name":"ModelAdvance", "ph":"B", "ts":"1352072622", "pid":"1", "tid":"cice"},
{"name":"ModelAdvance", "ph":"E", "ts":"1352544997", "pid":"1", "tid":"cice"},
{"name":"ModelAdvance", "ph":"B", "ts":"1352697207", "pid":"1", "tid":"cice"},
{"name":"ModelAdvance", "ph":"E", "ts":"1353178242", "pid":"1", "tid":"cice"},
{"name":"ModelAdvance", "ph":"B", "ts":"1353325200", "pid":"1", "tid":"cice"},
{"name":"ModelAdvance", "ph":"E", "ts":"1353798749", "pid":"1", "tid":"cice"},
{"name":"ModelAdvance", "ph":"B", "ts":"1353944272", "pid":"1", "tid":"cice"},
{"name":"ModelAdvance", "ph":"E", "ts":"1354419814", "pid":"1", "tid":"cice"},
{"name":"ModelAdvance", "ph":"B", "ts":"1354556909", "pid":"1", "tid":"cice"},
{"name":"ModelAdvance", "ph":"E", "ts":"1355033688", "pid":"1", "tid":"cice"},
{"name":"ModelAdvance", "ph":"B", "ts":"1355171181", "pid":"1", "tid":"cice"},
{"name":"ModelAdvance", "ph":"E", "ts":"1355645627", "pid":"1", "tid":"cice"},
{"name":"ModelAdvance", "ph":"B", "ts":"1355800910", "pid":"1", "tid":"cice"},
{"name":"ModelAdvance", "ph":"E", "ts":"1356284756", "pid":"1", "tid":"cice"},
{"name":"ModelAdvance", "ph":"B", "ts":"1356418027", "pid":"1", "tid":"cice"},
{"name":"ModelAdvance", "ph":"E", "ts":"1356898122", "pid":"1", "tid":"cice"},
{"name":"ModelAdvance", "ph":"B", "ts":"1357038762", "pid":"1", "tid":"cice"},
{"name":"ModelAdvance", "ph":"E", "ts":"1357515940", "pid":"1", "tid":"cice"},
{"name":"ModelAdvance", "ph":"B", "ts":"1357692041", "pid":"1", "tid":"cice"},
{"name":"ModelAdvance", "ph":"E", "ts":"1358171502", "pid":"1", "tid":"cice"},
{"name":"ModelAdvance", "ph":"B", "ts":"1358334908", "pid":"1", "tid":"cice"},
{"name":"ModelAdvance", "ph":"E", "ts":"1358809372", "pid":"1", "tid":"cice"},
{"name":"ModelAdvance", "ph":"B", "ts":"1358962418", "pid":"1", "tid":"cice"},
{"name":"ModelAdvance", "ph":"E", "ts":"1359437779", "pid":"1", "tid":"cice"},
{"name":"ModelAdvance", "ph":"B", "ts":"1359602205", "pid":"1", "tid":"cice"},
{"name":"ModelAdvance", "ph":"E", "ts":"1360075105", "pid":"1", "tid":"cice"},
{"name":"ModelAdvance", "ph":"B", "ts":"1360238224", "pid":"1", "tid":"cice"},
{"name":"ModelAdvance", "ph":"E", "ts":"1360714833", "pid":"1", "tid":"cice"},
{"name":"ModelAdvance", "ph":"B", "ts":"1360862461", "pid":"1", "tid":"cice"},
{"name":"ModelAdvance", "ph":"E", "ts":"1361333150", "pid":"1", "tid":"cice"},
{"name":"ModelAdvance", "ph":"B", "ts":"1361499037", "pid":"1", "tid":"cice"},
{"name":"ModelAdvance", "ph":"E", "ts":"1361980433", "pid":"1", "tid":"cice"},
{"name":"ModelAdvance", "ph":"B", "ts":"1362176495", "pid":"1", "tid":"cice"},
{"name":"ModelAdvance", "ph":"E", "ts":"1362645459", "pid":"1", "tid":"cice"},
{"name":"ModelAdvance", "ph":"B", "ts":"1362833963", "pid":"1", "tid":"cice"},
{"name":"ModelAdvance", "ph":"E", "ts":"1363310682", "pid":"1", "tid":"cice"},
{"name":"ModelAdvance", "ph":"B", "ts":"1363493620", "pid":"1", "tid":"cice"},
{"name":"ModelAdvance", "ph":"E", "ts":"1363963767", "pid":"1", "tid":"cice"},
{"name":"ModelAdvance", "ph":"B", "ts":"1364121265", "pid":"1", "tid":"cice"},
{"name":"ModelAdvance", "ph":"E", "ts":"1364597999", "pid":"1", "tid":"cice"},
{"name":"ModelAdvance", "ph":"B", "ts":"1364752563", "pid":"1", "tid":"cice"},
{"name":"ModelAdvance", "ph":"E", "ts":"1365224552", "pid":"1", "tid":"cice"},
{"name":"ModelAdvance", "ph":"B", "ts":"1365452298", "pid":"1", "tid":"cice"},
{"name":"ModelAdvance", "ph":"E", "ts":"1365926673", "pid":"1", "tid":"cice"},
{"name":"ModelAdvance", "ph":"B", "ts":"1366728641", "pid":"1", "tid":"cice"},
{"name":"ModelAdvance", "ph":"E", "ts":"1367200594", "pid":"1", "tid":"cice"},
{"name":"ModelAdvance", "ph":"B", "ts":"1367363640", "pid":"1", "tid":"cice"},
{"name":"ModelAdvance", "ph":"E", "ts":"1367837131", "pid":"1", "tid":"cice"},
{"name":"ModelAdvance", "ph":"B", "ts":"1367982236", "pid":"1", "tid":"cice"},
{"name":"ModelAdvance", "ph":"E", "ts":"1368462856", "pid":"1", "tid":"cice"},
{"name":"ModelAdvance", "ph":"B", "ts":"1368612923", "pid":"1", "tid":"cice"},
{"name":"ModelAdvance", "ph":"E", "ts":"1369095126", "pid":"1", "tid":"cice"},
{"name":"ModelAdvance", "ph":"B", "ts":"1369240972", "pid":"1", "tid":"cice"},
{"name":"ModelAdvance", "ph":"E", "ts":"1369720837", "pid":"1", "tid":"cice"},
{"name":"ModelAdvance", "ph":"B", "ts":"1369877542", "pid":"1", "tid":"cice"},
{"name":"ModelAdvance", "ph":"E", "ts":"1370355672", "pid":"1", "tid":"cice"},
{"name":"ModelAdvance", "ph":"B", "ts":"1370514682", "pid":"1", "tid":"cice"},
{"name":"ModelAdvance", "ph":"E", "ts":"1370987738", "pid":"1", "tid":"cice"},
{"name":"ModelAdvance", "ph":"B", "ts":"1371142650", "pid":"1", "tid":"cice"},
{"name":"ModelAdvance", "ph":"E", "ts":"1371621170", "pid":"1", "tid":"cice"},
{"name":"ModelAdvance", "ph":"B", "ts":"1371762310", "pid":"1", "tid":"cice"},
{"name":"ModelAdvance", "ph":"E", "ts":"1372246527", "pid":"1", "tid":"cice"},
{"name":"ModelAdvance", "ph":"B", "ts":"1372393660", "pid":"1", "tid":"cice"},
{"name":"ModelAdvance", "ph":"E", "ts":"1372876871", "pid":"1", "tid":"cice"},
{"name":"ModelAdvance", "ph":"B", "ts":"1373012568", "pid":"1", "tid":"cice"},
{"name":"ModelAdvance", "ph":"E", "ts":"1373485793", "pid":"1", "tid":"cice"},
{"name":"ModelAdvance", "ph":"B", "ts":"1373658113", "pid":"1", "tid":"cice"},
{"name":"ModelAdvance", "ph":"E", "ts":"1374141473", "pid":"1", "tid":"cice"},
{"name":"ModelAdvance", "ph":"B", "ts":"1374289268", "pid":"1", "tid":"cice"},
{"name":"ModelAdvance", "ph":"E", "ts":"1374766702", "pid":"1", "tid":"cice"},
{"name":"ModelAdvance", "ph":"B", "ts":"1374956981", "pid":"1", "tid":"cice"},
{"name":"ModelAdvance", "ph":"E", "ts":"1375439127", "pid":"1", "tid":"cice"},
{"name":"ModelAdvance", "ph":"B", "ts":"1375579625", "pid":"1", "tid":"cice"},
{"name":"ModelAdvance", "ph":"E", "ts":"1376058272", "pid":"1", "tid":"cice"},
{"name":"ModelAdvance", "ph":"B", "ts":"1376206447", "pid":"1", "tid":"cice"},
{"name":"ModelAdvance", "ph":"E", "ts":"1376685775", "pid":"1", "tid":"cice"},
{"name":"ModelAdvance", "ph":"B", "ts":"1376823383", "pid":"1", "tid":"cice"},
{"name":"ModelAdvance", "ph":"E", "ts":"1377307618", "pid":"1", "tid":"cice"},
{"name":"ModelAdvance", "ph":"B", "ts":"1377430000", "pid":"1", "tid":"cice"},
{"name":"ModelAdvance", "ph":"E", "ts":"1377901533", "pid":"1", "tid":"cice"},
{"name":"ModelAdvance", "ph":"B", "ts":"1378060225", "pid":"1", "tid":"cice"},
{"name":"ModelAdvance", "ph":"E", "ts":"1378536492", "pid":"1", "tid":"cice"},
{"name":"ModelAdvance", "ph":"B", "ts":"1378675698", "pid":"1", "tid":"cice"},
{"name":"ModelAdvance", "ph":"E", "ts":"1379146219", "pid":"1", "tid":"cice"},
{"name":"ModelAdvance", "ph":"B", "ts":"1379292172", "pid":"1", "tid":"cice"},
{"name":"ModelAdvance", "ph":"E", "ts":"1379774985", "pid":"1", "tid":"cice"},
{"name":"ModelAdvance", "ph":"B", "ts":"1379906480", "pid":"1", "tid":"cice"},
{"name":"ModelAdvance", "ph":"E", "ts":"1380388067", "pid":"1", "tid":"cice"},
{"name":"ModelAdvance", "ph":"B", "ts":"1380538833", "pid":"1", "tid":"cice"},
{"name":"ModelAdvance", "ph":"E", "ts":"1381016120", "pid":"1", "tid":"cice"},
{"name":"ModelAdvance", "ph":"B", "ts":"1381172046", "pid":"1", "tid":"cice"},
{"name":"ModelAdvance", "ph":"E", "ts":"1381652000", "pid":"1", "tid":"cice"},
{"name":"ModelAdvance", "ph":"B", "ts":"1382451690", "pid":"1", "tid":"cice"},
{"name":"ModelAdvance", "ph":"E", "ts":"1382924649", "pid":"1", "tid":"cice"},
{"name":"ModelAdvance", "ph":"B", "ts":"1383052646", "pid":"1", "tid":"cice"},
{"name":"ModelAdvance", "ph":"E", "ts":"1383525213", "pid":"1", "tid":"cice"},
{"name":"ModelAdvance", "ph":"B", "ts":"1383657035", "pid":"1", "tid":"cice"},
{"name":"ModelAdvance", "ph":"E", "ts":"1384129120", "pid":"1", "tid":"cice"},
{"name":"ModelAdvance", "ph":"B", "ts":"1384272573", "pid":"1", "tid":"cice"},
{"name":"ModelAdvance", "ph":"E", "ts":"1384746570", "pid":"1", "tid":"cice"},
{"name":"ModelAdvance", "ph":"B", "ts":"1384884193", "pid":"1", "tid":"cice"},
{"name":"ModelAdvance", "ph":"E", "ts":"1385359155", "pid":"1", "tid":"cice"},
{"name":"ModelAdvance", "ph":"B", "ts":"1385493554", "pid":"1", "tid":"cice"},
{"name":"ModelAdvance", "ph":"E", "ts":"1385964025", "pid":"1", "tid":"cice"},
{"name":"ModelAdvance", "ph":"B", "ts":"1386106147", "pid":"1", "tid":"cice"},
{"name":"ModelAdvance", "ph":"E", "ts":"1386582441", "pid":"1", "tid":"cice"},
{"name":"ModelAdvance", "ph":"B", "ts":"1386715305", "pid":"1", "tid":"cice"},
{"name":"ModelAdvance", "ph":"E", "ts":"1387187848", "pid":"1", "tid":"cice"},
{"name":"ModelAdvance", "ph":"B", "ts":"1387319456", "pid":"1", "tid":"cice"},
{"name":"ModelAdvance", "ph":"E", "ts":"1387800704", "pid":"1", "tid":"cice"},
{"name":"ModelAdvance", "ph":"B", "ts":"1387946089", "pid":"1", "tid":"cice"},
{"name":"ModelAdvance", "ph":"E", "ts":"1388421728", "pid":"1", "tid":"cice"},
{"name":"ModelAdvance", "ph":"B", "ts":"1388561866", "pid":"1", "tid":"cice"},
{"name":"ModelAdvance", "ph":"E", "ts":"1389043758", "pid":"1", "tid":"cice"},
{"name":"ModelAdvance", "ph":"B", "ts":"1389200515", "pid":"1", "tid":"cice"},
{"name":"ModelAdvance", "ph":"E", "ts":"1389669110", "pid":"1", "tid":"cice"},
{"name":"ModelAdvance", "ph":"B", "ts":"1389815961", "pid":"1", "tid":"cice"},
{"name":"ModelAdvance", "ph":"E", "ts":"1390296660", "pid":"1", "tid":"cice"},
{"name":"ModelAdvance", "ph":"B", "ts":"1390425132", "pid":"1", "tid":"cice"},
{"name":"ModelAdvance", "ph":"E", "ts":"1390901563", "pid":"1", "tid":"cice"},
{"name":"ModelAdvance", "ph":"B", "ts":"1391040316", "pid":"1", "tid":"cice"},
{"name":"ModelAdvance", "ph":"E", "ts":"1391515671", "pid":"1", "tid":"cice"},
{"name":"ModelAdvance", "ph":"B", "ts":"1391656284", "pid":"1", "tid":"cice"},
{"name":"ModelAdvance", "ph":"E", "ts":"1392123390", "pid":"1", "tid":"cice"},
{"name":"ModelAdvance", "ph":"B", "ts":"1392260475", "pid":"1", "tid":"cice"},
{"name":"ModelAdvance", "ph":"E", "ts":"1392736454", "pid":"1", "tid":"cice"},
{"name":"ModelAdvance", "ph":"B", "ts":"1392869190", "pid":"1", "tid":"cice"},
{"name":"ModelAdvance", "ph":"E", "ts":"1393337284", "pid":"1", "tid":"cice"},
{"name":"ModelAdvance", "ph":"B", "ts":"1393485868", "pid":"1", "tid":"cice"},
{"name":"ModelAdvance", "ph":"E", "ts":"1393958284", "pid":"1", "tid":"cice"},
{"name":"ModelAdvance", "ph":"B", "ts":"1394104009", "pid":"1", "tid":"cice"},
{"name":"ModelAdvance", "ph":"E", "ts":"1394573477", "pid":"1", "tid":"cice"},
{"name":"ModelAdvance", "ph":"B", "ts":"1394717019", "pid":"1", "tid":"cice"},
{"name":"ModelAdvance", "ph":"E", "ts":"1395188938", "pid":"1", "tid":"cice"},
{"name":"ModelAdvance", "ph":"B", "ts":"1395327843", "pid":"1", "tid":"cice"},
{"name":"ModelAdvance", "ph":"E", "ts":"1395798232", "pid":"1", "tid":"cice"},
{"name":"ModelAdvance", "ph":"B", "ts":"1395935673", "pid":"1", "tid":"cice"},
{"name":"ModelAdvance", "ph":"E", "ts":"1396406329", "pid":"1", "tid":"cice"},
{"name":"ModelAdvance", "ph":"B", "ts":"1396570324", "pid":"1", "tid":"cice"},
{"name":"ModelAdvance", "ph":"E", "ts":"1397045355", "pid":"1", "tid":"cice"},
{"name":"ModelAdvance", "ph":"B", "ts":"1397846287", "pid":"1", "tid":"cice"},
{"name":"ModelAdvance", "ph":"E", "ts":"1398324740", "pid":"1", "tid":"cice"},
{"name":"ModelAdvance", "ph":"B", "ts":"1398456568", "pid":"1", "tid":"cice"},
{"name":"ModelAdvance", "ph":"E", "ts":"1398933916", "pid":"1", "tid":"cice"},
{"name":"ModelAdvance", "ph":"B", "ts":"1399062237", "pid":"1", "tid":"cice"},
{"name":"ModelAdvance", "ph":"E", "ts":"1399533007", "pid":"1", "tid":"cice"},
{"name":"ModelAdvance", "ph":"B", "ts":"1399671212", "pid":"1", "tid":"cice"},
{"name":"ModelAdvance", "ph":"E", "ts":"1400140368", "pid":"1", "tid":"cice"},
{"name":"ModelAdvance", "ph":"B", "ts":"1400276530", "pid":"1", "tid":"cice"},
{"name":"ModelAdvance", "ph":"E", "ts":"1400752641", "pid":"1", "tid":"cice"},
{"name":"ModelAdvance", "ph":"B", "ts":"1400880576", "pid":"1", "tid":"cice"},
{"name":"ModelAdvance", "ph":"E", "ts":"1401349812", "pid":"1", "tid":"cice"},
{"name":"ModelAdvance", "ph":"B", "ts":"1401490466", "pid":"1", "tid":"cice"},
{"name":"ModelAdvance", "ph":"E", "ts":"1401959404", "pid":"1", "tid":"cice"},
{"name":"ModelAdvance", "ph":"B", "ts":"1402105451", "pid":"1", "tid":"cice"},
{"name":"ModelAdvance", "ph":"E", "ts":"1402587365", "pid":"1", "tid":"cice"},
{"name":"ModelAdvance", "ph":"B", "ts":"1402716427", "pid":"1", "tid":"cice"},
{"name":"ModelAdvance", "ph":"E", "ts":"1403196584", "pid":"1", "tid":"cice"},
{"name":"ModelAdvance", "ph":"B", "ts":"1403328690", "pid":"1", "tid":"cice"},
{"name":"ModelAdvance", "ph":"E", "ts":"1403802274", "pid":"1", "tid":"cice"},
{"name":"ModelAdvance", "ph":"B", "ts":"1403938401", "pid":"1", "tid":"cice"},
{"name":"ModelAdvance", "ph":"E", "ts":"1404408253", "pid":"1", "tid":"cice"},
{"name":"ModelAdvance", "ph":"B", "ts":"1404577795", "pid":"1", "tid":"cice"},
{"name":"ModelAdvance", "ph":"E", "ts":"1405046887", "pid":"1", "tid":"cice"},
{"name":"ModelAdvance", "ph":"B", "ts":"1405188108", "pid":"1", "tid":"cice"},
{"name":"ModelAdvance", "ph":"E", "ts":"1405655847", "pid":"1", "tid":"cice"},
{"name":"ModelAdvance", "ph":"B", "ts":"1405805628", "pid":"1", "tid":"cice"},
{"name":"ModelAdvance", "ph":"E", "ts":"1406290589", "pid":"1", "tid":"cice"},
{"name":"ModelAdvance", "ph":"B", "ts":"1406432062", "pid":"1", "tid":"cice"},
{"name":"ModelAdvance", "ph":"E", "ts":"1406911693", "pid":"1", "tid":"cice"},
{"name":"ModelAdvance", "ph":"B", "ts":"1407053639", "pid":"1", "tid":"cice"},
{"name":"ModelAdvance", "ph":"E", "ts":"1407533030", "pid":"1", "tid":"cice"},
{"name":"ModelAdvance", "ph":"B", "ts":"1407663781", "pid":"1", "tid":"cice"},
{"name":"ModelAdvance", "ph":"E", "ts":"1408131711", "pid":"1", "tid":"cice"},
{"name":"ModelAdvance", "ph":"B", "ts":"1408276083", "pid":"1", "tid":"cice"},
{"name":"ModelAdvance", "ph":"E", "ts":"1408755208", "pid":"1", "tid":"cice"},
{"name":"ModelAdvance", "ph":"B", "ts":"1408887066", "pid":"1", "tid":"cice"},
{"name":"ModelAdvance", "ph":"E", "ts":"1409359257", "pid":"1", "tid":"cice"},
{"name":"ModelAdvance", "ph":"B", "ts":"1409505259", "pid":"1", "tid":"cice"},
{"name":"ModelAdvance", "ph":"E", "ts":"1409989534", "pid":"1", "tid":"cice"},
{"name":"ModelAdvance", "ph":"B", "ts":"1410125467", "pid":"1", "tid":"cice"},
{"name":"ModelAdvance", "ph":"E", "ts":"1410596364", "pid":"1", "tid":"cice"},
{"name":"ModelAdvance", "ph":"B", "ts":"1410737154", "pid":"1", "tid":"cice"},
{"name":"ModelAdvance", "ph":"E", "ts":"1411215005", "pid":"1", "tid":"cice"},
{"name":"ModelAdvance", "ph":"B", "ts":"1411356929", "pid":"1", "tid":"cice"},
{"name":"ModelAdvance", "ph":"E", "ts":"1411929509", "pid":"1", "tid":"cice"},
{"name":"ModelAdvance", "ph":"B", "ts":"1411992247", "pid":"1", "tid":"cice"},
{"name":"ModelAdvance", "ph":"E", "ts":"1412472336", "pid":"1", "tid":"cice"},
{"name":"ModelAdvance", "ph":"B", "ts":"1413288036", "pid":"1", "tid":"cice"},
{"name":"ModelAdvance", "ph":"E", "ts":"1413767078", "pid":"1", "tid":"cice"},
{"name":"ModelAdvance", "ph":"B", "ts":"1413910901", "pid":"1", "tid":"cice"},
{"name":"ModelAdvance", "ph":"E", "ts":"1414386961", "pid":"1", "tid":"cice"},
{"name":"ModelAdvance", "ph":"B", "ts":"1414524231", "pid":"1", "tid":"cice"},
{"name":"ModelAdvance", "ph":"E", "ts":"1414998154", "pid":"1", "tid":"cice"},
{"name":"ModelAdvance", "ph":"B", "ts":"1415141497", "pid":"1", "tid":"cice"},
{"name":"ModelAdvance", "ph":"E", "ts":"1415618682", "pid":"1", "tid":"cice"},
{"name":"ModelAdvance", "ph":"B", "ts":"1415747672", "pid":"1", "tid":"cice"},
{"name":"ModelAdvance", "ph":"E", "ts":"1416225869", "pid":"1", "tid":"cice"},
{"name":"ModelAdvance", "ph":"B", "ts":"1416365216", "pid":"1", "tid":"cice"},
{"name":"ModelAdvance", "ph":"E", "ts":"1416833427", "pid":"1", "tid":"cice"},
{"name":"ModelAdvance", "ph":"B", "ts":"1417041683", "pid":"1", "tid":"cice"},
{"name":"ModelAdvance", "ph":"E", "ts":"1417514497", "pid":"1", "tid":"cice"},
{"name":"ModelAdvance", "ph":"B", "ts":"1417660959", "pid":"1", "tid":"cice"},
{"name":"ModelAdvance", "ph":"E", "ts":"1418142797", "pid":"1", "tid":"cice"},
{"name":"ModelAdvance", "ph":"B", "ts":"1418278194", "pid":"1", "tid":"cice"},
{"name":"ModelAdvance", "ph":"E", "ts":"1418748937", "pid":"1", "tid":"cice"},
{"name":"ModelAdvance", "ph":"B", "ts":"1418896686", "pid":"1", "tid":"cice"},
{"name":"ModelAdvance", "ph":"E", "ts":"1419369532", "pid":"1", "tid":"cice"},
{"name":"ModelAdvance", "ph":"B", "ts":"1419515136", "pid":"1", "tid":"cice"},
{"name":"ModelAdvance", "ph":"E", "ts":"1419984405", "pid":"1", "tid":"cice"},
{"name":"ModelAdvance", "ph":"B", "ts":"1420155747", "pid":"1", "tid":"cice"},
{"name":"ModelAdvance", "ph":"E", "ts":"1420639300", "pid":"1", "tid":"cice"},
{"name":"ModelAdvance", "ph":"B", "ts":"1420771478", "pid":"1", "tid":"cice"},
{"name":"ModelAdvance", "ph":"E", "ts":"1421241956", "pid":"1", "tid":"cice"},
{"name":"ModelAdvance", "ph":"B", "ts":"1421396000", "pid":"1", "tid":"cice"},
{"name":"ModelAdvance", "ph":"E", "ts":"1421873668", "pid":"1", "tid":"cice"},
{"name":"ModelAdvance", "ph":"B", "ts":"1422011853", "pid":"1", "tid":"cice"},
{"name":"ModelAdvance", "ph":"E", "ts":"1422485351", "pid":"1", "tid":"cice"},
{"name":"ModelAdvance", "ph":"B", "ts":"1422623851", "pid":"1", "tid":"cice"},
{"name":"ModelAdvance", "ph":"E", "ts":"1423097007", "pid":"1", "tid":"cice"},
{"name":"ModelAdvance", "ph":"B", "ts":"1423240214", "pid":"1", "tid":"cice"},
{"name":"ModelAdvance", "ph":"E", "ts":"1423710896", "pid":"1", "tid":"cice"},
{"name":"ModelAdvance", "ph":"B", "ts":"1423851991", "pid":"1", "tid":"cice"},
{"name":"ModelAdvance", "ph":"E", "ts":"1424320886", "pid":"1", "tid":"cice"},
{"name":"ModelAdvance", "ph":"B", "ts":"1424478208", "pid":"1", "tid":"cice"},
{"name":"ModelAdvance", "ph":"E", "ts":"1424948201", "pid":"1", "tid":"cice"},
{"name":"ModelAdvance", "ph":"B", "ts":"1425097781", "pid":"1", "tid":"cice"},
{"name":"ModelAdvance", "ph":"E", "ts":"1425575896", "pid":"1", "tid":"cice"},
{"name":"ModelAdvance", "ph":"B", "ts":"1425717316", "pid":"1", "tid":"cice"},
{"name":"ModelAdvance", "ph":"E", "ts":"1426193875", "pid":"1", "tid":"cice"},
{"name":"ModelAdvance", "ph":"B", "ts":"1426349471", "pid":"1", "tid":"cice"},
{"name":"ModelAdvance", "ph":"E", "ts":"1426818566", "pid":"1", "tid":"cice"},
{"name":"ModelAdvance", "ph":"B", "ts":"1426965598", "pid":"1", "tid":"cice"},
{"name":"ModelAdvance", "ph":"E", "ts":"1427436521", "pid":"1", "tid":"cice"},
{"name":"ModelAdvance", "ph":"B", "ts":"1427600658", "pid":"1", "tid":"cice"},
{"name":"ModelAdvance", "ph":"E", "ts":"1428076168", "pid":"1", "tid":"cice"},
{"name":"ModelAdvance", "ph":"B", "ts":"1428903745", "pid":"1", "tid":"cice"},
{"name":"ModelAdvance", "ph":"E", "ts":"1429375111", "pid":"1", "tid":"cice"},
{"name":"ModelAdvance", "ph":"B", "ts":"1429520884", "pid":"1", "tid":"cice"},
{"name":"ModelAdvance", "ph":"E", "ts":"1430002711", "pid":"1", "tid":"cice"},
{"name":"ModelAdvance", "ph":"B", "ts":"1430141299", "pid":"1", "tid":"cice"},
{"name":"ModelAdvance", "ph":"E", "ts":"1430613763", "pid":"1", "tid":"cice"},
{"name":"ModelAdvance", "ph":"B", "ts":"1430763574", "pid":"1", "tid":"cice"},
{"name":"ModelAdvance", "ph":"E", "ts":"1431243416", "pid":"1", "tid":"cice"},
{"name":"ModelAdvance", "ph":"B", "ts":"1431378185", "pid":"1", "tid":"cice"},
{"name":"ModelAdvance", "ph":"E", "ts":"1431865506", "pid":"1", "tid":"cice"},
{"name":"ModelAdvance", "ph":"B", "ts":"1431997822", "pid":"1", "tid":"cice"},
{"name":"ModelAdvance", "ph":"E", "ts":"1432477022", "pid":"1", "tid":"cice"},
{"name":"ModelAdvance", "ph":"B", "ts":"1432618109", "pid":"1", "tid":"cice"},
{"name":"ModelAdvance", "ph":"E", "ts":"1433095556", "pid":"1", "tid":"cice"},
{"name":"ModelAdvance", "ph":"B", "ts":"1433233977", "pid":"1", "tid":"cice"},
{"name":"ModelAdvance", "ph":"E", "ts":"1433710425", "pid":"1", "tid":"cice"},
{"name":"ModelAdvance", "ph":"B", "ts":"1433853882", "pid":"1", "tid":"cice"},
{"name":"ModelAdvance", "ph":"E", "ts":"1434324658", "pid":"1", "tid":"cice"},
{"name":"ModelAdvance", "ph":"B", "ts":"1434459190", "pid":"1", "tid":"cice"},
{"name":"ModelAdvance", "ph":"E", "ts":"1434935332", "pid":"1", "tid":"cice"},
{"name":"ModelAdvance", "ph":"B", "ts":"1435071055", "pid":"1", "tid":"cice"},
{"name":"ModelAdvance", "ph":"E", "ts":"1435549689", "pid":"1", "tid":"cice"},
{"name":"ModelAdvance", "ph":"B", "ts":"1435695949", "pid":"1", "tid":"cice"},
{"name":"ModelAdvance", "ph":"E", "ts":"1436173742", "pid":"1", "tid":"cice"},
{"name":"ModelAdvance", "ph":"B", "ts":"1436295482", "pid":"1", "tid":"cice"},
{"name":"ModelAdvance", "ph":"E", "ts":"1436766983", "pid":"1", "tid":"cice"},
{"name":"ModelAdvance", "ph":"B", "ts":"1436901709", "pid":"1", "tid":"cice"},
{"name":"ModelAdvance", "ph":"E", "ts":"1437370927", "pid":"1", "tid":"cice"},
{"name":"ModelAdvance", "ph":"B", "ts":"1437524949", "pid":"1", "tid":"cice"},
{"name":"ModelAdvance", "ph":"E", "ts":"1438001642", "pid":"1", "tid":"cice"},
{"name":"ModelAdvance", "ph":"B", "ts":"1438329870", "pid":"1", "tid":"cice"},
{"name":"ModelAdvance", "ph":"E", "ts":"1438802783", "pid":"1", "tid":"cice"},
{"name":"ModelAdvance", "ph":"B", "ts":"1438979865", "pid":"1", "tid":"cice"},
{"name":"ModelAdvance", "ph":"E", "ts":"1439454249", "pid":"1", "tid":"cice"},
{"name":"ModelAdvance", "ph":"B", "ts":"1439599060", "pid":"1", "tid":"cice"},
{"name":"ModelAdvance", "ph":"E", "ts":"1440070909", "pid":"1", "tid":"cice"},
{"name":"ModelAdvance", "ph":"B", "ts":"1440217466", "pid":"1", "tid":"cice"},
{"name":"ModelAdvance", "ph":"E", "ts":"1440692749", "pid":"1", "tid":"cice"},
{"name":"ModelAdvance", "ph":"B", "ts":"1440827989", "pid":"1", "tid":"cice"},
{"name":"ModelAdvance", "ph":"E", "ts":"1441304900", "pid":"1", "tid":"cice"},
{"name":"ModelAdvance", "ph":"B", "ts":"1441442660", "pid":"1", "tid":"cice"},
{"name":"ModelAdvance", "ph":"E", "ts":"1441922957", "pid":"1", "tid":"cice"},
{"name":"ModelAdvance", "ph":"B", "ts":"1442059753", "pid":"1", "tid":"cice"},
{"name":"ModelAdvance", "ph":"E", "ts":"1442539562", "pid":"1", "tid":"cice"},
{"name":"ModelAdvance", "ph":"B", "ts":"1442674217", "pid":"1", "tid":"cice"},
{"name":"ModelAdvance", "ph":"E", "ts":"1443144265", "pid":"1", "tid":"cice"},
{"name":"ModelAdvance", "ph":"B", "ts":"1443313160", "pid":"1", "tid":"cice"},
{"name":"ModelAdvance", "ph":"E", "ts":"1443780481", "pid":"1", "tid":"cice"},
{"name":"ModelAdvance", "ph":"B", "ts":"1444602961", "pid":"1", "tid":"cice"},
{"name":"ModelAdvance", "ph":"E", "ts":"1445074699", "pid":"1", "tid":"cice"},
{"name":"ModelAdvance", "ph":"B", "ts":"1445221142", "pid":"1", "tid":"cice"},
{"name":"ModelAdvance", "ph":"E", "ts":"1445692032", "pid":"1", "tid":"cice"},
{"name":"ModelAdvance", "ph":"B", "ts":"1445826244", "pid":"1", "tid":"cice"},
{"name":"ModelAdvance", "ph":"E", "ts":"1446296049", "pid":"1", "tid":"cice"},
{"name":"ModelAdvance", "ph":"B", "ts":"1446457914", "pid":"1", "tid":"cice"},
{"name":"ModelAdvance", "ph":"E", "ts":"1446939456", "pid":"1", "tid":"cice"},
{"name":"ModelAdvance", "ph":"B", "ts":"1447075463", "pid":"1", "tid":"cice"},
{"name":"ModelAdvance", "ph":"E", "ts":"1447552983", "pid":"1", "tid":"cice"},
{"name":"ModelAdvance", "ph":"B", "ts":"1447692106", "pid":"1", "tid":"cice"},
{"name":"ModelAdvance", "ph":"E", "ts":"1448172220", "pid":"1", "tid":"cice"},
{"name":"ModelAdvance", "ph":"B", "ts":"1448897810", "pid":"1", "tid":"cice"},
{"name":"ModelAdvance", "ph":"E", "ts":"1449367264", "pid":"1", "tid":"cice"},
{"name":"ModelAdvance", "ph":"B", "ts":"1449560023", "pid":"1", "tid":"cice"},
{"name":"ModelAdvance", "ph":"E", "ts":"1450042453", "pid":"1", "tid":"cice"},
{"name":"ModelAdvance", "ph":"B", "ts":"1450178682", "pid":"1", "tid":"cice"},
{"name":"ModelAdvance", "ph":"E", "ts":"1450647760", "pid":"1", "tid":"cice"},
{"name":"ModelAdvance", "ph":"B", "ts":"1450785844", "pid":"1", "tid":"cice"},
{"name":"ModelAdvance", "ph":"E", "ts":"1451263174", "pid":"1", "tid":"cice"},
{"name":"ModelAdvance", "ph":"B", "ts":"1451399586", "pid":"1", "tid":"cice"},
{"name":"ModelAdvance", "ph":"E", "ts":"1451868899", "pid":"1", "tid":"cice"},
{"name":"ModelAdvance", "ph":"B", "ts":"1452037309", "pid":"1", "tid":"cice"},
{"name":"ModelAdvance", "ph":"E", "ts":"1452517553", "pid":"1", "tid":"cice"},
{"name":"ModelAdvance", "ph":"B", "ts":"1452651471", "pid":"1", "tid":"cice"},
{"name":"ModelAdvance", "ph":"E", "ts":"1453125501", "pid":"1", "tid":"cice"},
{"name":"ModelAdvance", "ph":"B", "ts":"1453281503", "pid":"1", "tid":"cice"},
{"name":"ModelAdvance", "ph":"E", "ts":"1453745880", "pid":"1", "tid":"cice"},
{"name":"ModelAdvance", "ph":"B", "ts":"1453924825", "pid":"1", "tid":"cice"},
{"name":"ModelAdvance", "ph":"E", "ts":"1454399493", "pid":"1", "tid":"cice"},
{"name":"ModelAdvance", "ph":"B", "ts":"1454536977", "pid":"1", "tid":"cice"},
{"name":"ModelAdvance", "ph":"E", "ts":"1455007259", "pid":"1", "tid":"cice"},
{"name":"ModelAdvance", "ph":"B", "ts":"1455156022", "pid":"1", "tid":"cice"},
{"name":"ModelAdvance", "ph":"E", "ts":"1455636541", "pid":"1", "tid":"cice"},
{"name":"ModelAdvance", "ph":"B", "ts":"1455765312", "pid":"1", "tid":"cice"},
{"name":"ModelAdvance", "ph":"E", "ts":"1456243346", "pid":"1", "tid":"cice"},
{"name":"ModelAdvance", "ph":"B", "ts":"1456374245", "pid":"1", "tid":"cice"},
{"name":"ModelAdvance", "ph":"E", "ts":"1456846029", "pid":"1", "tid":"cice"},
{"name":"ModelAdvance", "ph":"B", "ts":"1456998054", "pid":"1", "tid":"cice"},
{"name":"ModelAdvance", "ph":"E", "ts":"1457470817", "pid":"1", "tid":"cice"},
{"name":"ModelAdvance", "ph":"B", "ts":"1457614844", "pid":"1", "tid":"cice"},
{"name":"ModelAdvance", "ph":"E", "ts":"1458094335", "pid":"1", "tid":"cice"},
{"name":"ModelAdvance", "ph":"B", "ts":"1458226249", "pid":"1", "tid":"cice"},
{"name":"ModelAdvance", "ph":"E", "ts":"1458696816", "pid":"1", "tid":"cice"},
{"name":"ModelAdvance", "ph":"B", "ts":"1458837813", "pid":"1", "tid":"cice"},
{"name":"ModelAdvance", "ph":"E", "ts":"1459319099", "pid":"1", "tid":"cice"},
{"name":"ModelAdvance", "ph":"B", "ts":"1459513678", "pid":"1", "tid":"cice"},
{"name":"ModelAdvance", "ph":"E", "ts":"1459984627", "pid":"1", "tid":"cice"},
{"name":"ModelAdvance", "ph":"B", "ts":"1460853464", "pid":"1", "tid":"cice"},
{"name":"ModelAdvance", "ph":"E", "ts":"1461328536", "pid":"1", "tid":"cice"},
{"name":"ModelAdvance", "ph":"B", "ts":"1461465781", "pid":"1", "tid":"cice"},
{"name":"ModelAdvance", "ph":"E", "ts":"1461939307", "pid":"1", "tid":"cice"},
{"name":"ModelAdvance", "ph":"B", "ts":"1462071246", "pid":"1", "tid":"cice"},
{"name":"ModelAdvance", "ph":"E", "ts":"1462550417", "pid":"1", "tid":"cice"},
{"name":"ModelAdvance", "ph":"B", "ts":"1462689487", "pid":"1", "tid":"cice"},
{"name":"ModelAdvance", "ph":"E", "ts":"1463157233", "pid":"1", "tid":"cice"},
{"name":"ModelAdvance", "ph":"B", "ts":"1463332274", "pid":"1", "tid":"cice"},
{"name":"ModelAdvance", "ph":"E", "ts":"1463805709", "pid":"1", "tid":"cice"},
{"name":"ModelAdvance", "ph":"B", "ts":"1463947610", "pid":"1", "tid":"cice"},
{"name":"ModelAdvance", "ph":"E", "ts":"1464423502", "pid":"1", "tid":"cice"},
{"name":"ModelAdvance", "ph":"B", "ts":"1464555645", "pid":"1", "tid":"cice"},
{"name":"ModelAdvance", "ph":"E", "ts":"1465062221", "pid":"1", "tid":"cice"},
{"name":"ModelAdvance", "ph":"B", "ts":"1465201527", "pid":"1", "tid":"cice"},
{"name":"ModelAdvance", "ph":"E", "ts":"1465677090", "pid":"1", "tid":"cice"},
{"name":"ModelAdvance", "ph":"B", "ts":"1465822916", "pid":"1", "tid":"cice"},
{"name":"ModelAdvance", "ph":"E", "ts":"1466299610", "pid":"1", "tid":"cice"},
{"name":"ModelAdvance", "ph":"B", "ts":"1466454434", "pid":"1", "tid":"cice"},
{"name":"ModelAdvance", "ph":"E", "ts":"1466934273", "pid":"1", "tid":"cice"},
{"name":"ModelAdvance", "ph":"B", "ts":"1467076658", "pid":"1", "tid":"cice"},
{"name":"ModelAdvance", "ph":"E", "ts":"1467553066", "pid":"1", "tid":"cice"},
{"name":"ModelAdvance", "ph":"B", "ts":"1467723297", "pid":"1", "tid":"cice"},
{"name":"ModelAdvance", "ph":"E", "ts":"1468198703", "pid":"1", "tid":"cice"},
{"name":"ModelAdvance", "ph":"B", "ts":"1468346403", "pid":"1", "tid":"cice"},
{"name":"ModelAdvance", "ph":"E", "ts":"1468826661", "pid":"1", "tid":"cice"},
{"name":"ModelAdvance", "ph":"B", "ts":"1468965491", "pid":"1", "tid":"cice"},
{"name":"ModelAdvance", "ph":"E", "ts":"1469445636", "pid":"1", "tid":"cice"},
{"name":"ModelAdvance", "ph":"B", "ts":"1469575618", "pid":"1", "tid":"cice"},
{"name":"ModelAdvance", "ph":"E", "ts":"1470046934", "pid":"1", "tid":"cice"},
{"name":"ModelAdvance", "ph":"B", "ts":"1470190708", "pid":"1", "tid":"cice"},
{"name":"ModelAdvance", "ph":"E", "ts":"1470662486", "pid":"1", "tid":"cice"},
{"name":"ModelAdvance", "ph":"B", "ts":"1470808683", "pid":"1", "tid":"cice"},
{"name":"ModelAdvance", "ph":"E", "ts":"1471288196", "pid":"1", "tid":"cice"},
{"name":"ModelAdvance", "ph":"B", "ts":"1471424000", "pid":"1", "tid":"cice"},
{"name":"ModelAdvance", "ph":"E", "ts":"1471893823", "pid":"1", "tid":"cice"},
{"name":"ModelAdvance", "ph":"B", "ts":"1472051537", "pid":"1", "tid":"cice"},
{"name":"ModelAdvance", "ph":"E", "ts":"1472525345", "pid":"1", "tid":"cice"},
{"name":"ModelAdvance", "ph":"B", "ts":"1472668172", "pid":"1", "tid":"cice"},
{"name":"ModelAdvance", "ph":"E", "ts":"1473147565", "pid":"1", "tid":"cice"},
{"name":"ModelAdvance", "ph":"B", "ts":"1473281860", "pid":"1", "tid":"cice"},
{"name":"ModelAdvance", "ph":"E", "ts":"1473754592", "pid":"1", "tid":"cice"},
{"name":"ModelAdvance", "ph":"B", "ts":"1473894647", "pid":"1", "tid":"cice"},
{"name":"ModelAdvance", "ph":"E", "ts":"1474367185", "pid":"1", "tid":"cice"},
{"name":"ModelAdvance", "ph":"B", "ts":"1474510640", "pid":"1", "tid":"cice"},
{"name":"ModelAdvance", "ph":"E", "ts":"1474992448", "pid":"1", "tid":"cice"},
{"name":"ModelAdvance", "ph":"B", "ts":"1475144796", "pid":"1", "tid":"cice"},
{"name":"ModelAdvance", "ph":"E", "ts":"1475616690", "pid":"1", "tid":"cice"},
{"name":"ModelAdvance", "ph":"B", "ts":"1476427159", "pid":"1", "tid":"cice"},
{"name":"ModelAdvance", "ph":"E", "ts":"1476903446", "pid":"1", "tid":"cice"},
{"name":"ModelAdvance", "ph":"B", "ts":"1477051081", "pid":"1", "tid":"cice"},
{"name":"ModelAdvance", "ph":"E", "ts":"1477517355", "pid":"1", "tid":"cice"},
{"name":"ModelAdvance", "ph":"B", "ts":"1477675354", "pid":"1", "tid":"cice"},
{"name":"ModelAdvance", "ph":"E", "ts":"1478153906", "pid":"1", "tid":"cice"},
{"name":"ModelAdvance", "ph":"B", "ts":"1478286082", "pid":"1", "tid":"cice"},
{"name":"ModelAdvance", "ph":"E", "ts":"1478753911", "pid":"1", "tid":"cice"},
{"name":"ModelAdvance", "ph":"B", "ts":"1478902636", "pid":"1", "tid":"cice"},
{"name":"ModelAdvance", "ph":"E", "ts":"1479374390", "pid":"1", "tid":"cice"},
{"name":"ModelAdvance", "ph":"B", "ts":"1479515287", "pid":"1", "tid":"cice"},
{"name":"ModelAdvance", "ph":"E", "ts":"1479993842", "pid":"1", "tid":"cice"},
{"name":"ModelAdvance", "ph":"B", "ts":"1480115330", "pid":"1", "tid":"cice"},
{"name":"ModelAdvance", "ph":"E", "ts":"1480584674", "pid":"1", "tid":"cice"},
{"name":"ModelAdvance", "ph":"B", "ts":"1480725871", "pid":"1", "tid":"cice"},
{"name":"ModelAdvance", "ph":"E", "ts":"1481202920", "pid":"1", "tid":"cice"},
{"name":"ModelAdvance", "ph":"B", "ts":"1481343382", "pid":"1", "tid":"cice"},
{"name":"ModelAdvance", "ph":"E", "ts":"1481819062", "pid":"1", "tid":"cice"},
{"name":"ModelAdvance", "ph":"B", "ts":"1481949331", "pid":"1", "tid":"cice"},
{"name":"ModelAdvance", "ph":"E", "ts":"1482416415", "pid":"1", "tid":"cice"},
{"name":"ModelAdvance", "ph":"B", "ts":"1482567941", "pid":"1", "tid":"cice"},
{"name":"ModelAdvance", "ph":"E", "ts":"1483032301", "pid":"1", "tid":"cice"},
{"name":"ModelAdvance", "ph":"B", "ts":"1483203492", "pid":"1", "tid":"cice"},
{"name":"ModelAdvance", "ph":"E", "ts":"1483674989", "pid":"1", "tid":"cice"},
{"name":"ModelAdvance", "ph":"B", "ts":"1483826023", "pid":"1", "tid":"cice"},
{"name":"ModelAdvance", "ph":"E", "ts":"1484305012", "pid":"1", "tid":"cice"},
{"name":"ModelAdvance", "ph":"B", "ts":"1484437454", "pid":"1", "tid":"cice"},
{"name":"ModelAdvance", "ph":"E", "ts":"1484912726", "pid":"1", "tid":"cice"},
{"name":"ModelAdvance", "ph":"B", "ts":"1485044696", "pid":"1", "tid":"cice"},
{"name":"ModelAdvance", "ph":"E", "ts":"1485517121", "pid":"1", "tid":"cice"},
{"name":"ModelAdvance", "ph":"B", "ts":"1485651861", "pid":"1", "tid":"cice"},
{"name":"ModelAdvance", "ph":"E", "ts":"1486115770", "pid":"1", "tid":"cice"},
{"name":"ModelAdvance", "ph":"B", "ts":"1486258478", "pid":"1", "tid":"cice"},
{"name":"ModelAdvance", "ph":"E", "ts":"1486727736", "pid":"1", "tid":"cice"},
{"name":"ModelAdvance", "ph":"B", "ts":"1486864550", "pid":"1", "tid":"cice"},
{"name":"ModelAdvance", "ph":"E", "ts":"1487336137", "pid":"1", "tid":"cice"},
{"name":"ModelAdvance", "ph":"B", "ts":"1487469800", "pid":"1", "tid":"cice"},
{"name":"ModelAdvance", "ph":"E", "ts":"1487938481", "pid":"1", "tid":"cice"},
{"name":"ModelAdvance", "ph":"B", "ts":"1488086555", "pid":"1", "tid":"cice"},
{"name":"ModelAdvance", "ph":"E", "ts":"1488553565", "pid":"1", "tid":"cice"},
{"name":"ModelAdvance", "ph":"B", "ts":"1488688404", "pid":"1", "tid":"cice"},
{"name":"ModelAdvance", "ph":"E", "ts":"1489150515", "pid":"1", "tid":"cice"},
{"name":"ModelAdvance", "ph":"B", "ts":"1489295722", "pid":"1", "tid":"cice"},
{"name":"ModelAdvance", "ph":"E", "ts":"1489766334", "pid":"1", "tid":"cice"},
{"name":"ModelAdvance", "ph":"B", "ts":"1489955039", "pid":"1", "tid":"cice"},
{"name":"ModelAdvance", "ph":"E", "ts":"1490422280", "pid":"1", "tid":"cice"},
{"name":"ModelAdvance", "ph":"B", "ts":"1490585614", "pid":"1", "tid":"cice"},
{"name":"ModelAdvance", "ph":"E", "ts":"1491051262", "pid":"1", "tid":"cice"},
{"name":"ModelAdvance", "ph":"B", "ts":"1491864600", "pid":"1", "tid":"cice"},
{"name":"ModelAdvance", "ph":"E", "ts":"1492327258", "pid":"1", "tid":"cice"},
{"name":"ModelAdvance", "ph":"B", "ts":"1492476999", "pid":"1", "tid":"cice"},
{"name":"ModelAdvance", "ph":"E", "ts":"1492942148", "pid":"1", "tid":"cice"},
{"name":"ModelAdvance", "ph":"B", "ts":"1493096003", "pid":"1", "tid":"cice"},
{"name":"ModelAdvance", "ph":"E", "ts":"1493568289", "pid":"1", "tid":"cice"},
{"name":"ModelAdvance", "ph":"B", "ts":"1493701770", "pid":"1", "tid":"cice"},
{"name":"ModelAdvance", "ph":"E", "ts":"1494166802", "pid":"1", "tid":"cice"},
{"name":"ModelAdvance", "ph":"B", "ts":"1494310733", "pid":"1", "tid":"cice"},
{"name":"ModelAdvance", "ph":"E", "ts":"1494778497", "pid":"1", "tid":"cice"},
{"name":"ModelAdvance", "ph":"B", "ts":"1495052074", "pid":"1", "tid":"cice"},
{"name":"ModelAdvance", "ph":"E", "ts":"1495521321", "pid":"1", "tid":"cice"},
{"name":"ModelAdvance", "ph":"B", "ts":"1495653570", "pid":"1", "tid":"cice"},
{"name":"ModelAdvance", "ph":"E", "ts":"1496123839", "pid":"1", "tid":"cice"},
{"name":"ModelAdvance", "ph":"B", "ts":"1496260225", "pid":"1", "tid":"cice"},
{"name":"ModelAdvance", "ph":"E", "ts":"1496723554", "pid":"1", "tid":"cice"},
{"name":"ModelAdvance", "ph":"B", "ts":"1496878338", "pid":"1", "tid":"cice"},
{"name":"ModelAdvance", "ph":"E", "ts":"1497342374", "pid":"1", "tid":"cice"},
{"name":"ModelAdvance", "ph":"B", "ts":"1497493011", "pid":"1", "tid":"cice"},
{"name":"ModelAdvance", "ph":"E", "ts":"1497961707", "pid":"1", "tid":"cice"},
{"name":"ModelAdvance", "ph":"B", "ts":"1498102496", "pid":"1", "tid":"cice"},
{"name":"ModelAdvance", "ph":"E", "ts":"1498567725", "pid":"1", "tid":"cice"},
{"name":"ModelAdvance", "ph":"B", "ts":"1498734163", "pid":"1", "tid":"cice"},
{"name":"ModelAdvance", "ph":"E", "ts":"1499200819", "pid":"1", "tid":"cice"},
{"name":"ModelAdvance", "ph":"B", "ts":"1499343114", "pid":"1", "tid":"cice"},
{"name":"ModelAdvance", "ph":"E", "ts":"1499807147", "pid":"1", "tid":"cice"},
{"name":"ModelAdvance", "ph":"B", "ts":"1502419638", "pid":"1", "tid":"cice"},
{"name":"ModelAdvance", "ph":"E", "ts":"1502889614", "pid":"1", "tid":"cice"},
{"name":"ModelAdvance", "ph":"B", "ts":"1503019469", "pid":"1", "tid":"cice"},
{"name":"ModelAdvance", "ph":"E", "ts":"1503484478", "pid":"1", "tid":"cice"},
{"name":"ModelAdvance", "ph":"B", "ts":"1503620167", "pid":"1", "tid":"cice"},
{"name":"ModelAdvance", "ph":"E", "ts":"1504089359", "pid":"1", "tid":"cice"},
{"name":"ModelAdvance", "ph":"B", "ts":"1504228269", "pid":"1", "tid":"cice"},
{"name":"ModelAdvance", "ph":"E", "ts":"1504697267", "pid":"1", "tid":"cice"},
{"name":"ModelAdvance", "ph":"B", "ts":"1504833790", "pid":"1", "tid":"cice"},
{"name":"ModelAdvance", "ph":"E", "ts":"1505305124", "pid":"1", "tid":"cice"},
{"name":"ModelAdvance", "ph":"B", "ts":"1505444159", "pid":"1", "tid":"cice"},
{"name":"ModelAdvance", "ph":"E", "ts":"1505912670", "pid":"1", "tid":"cice"},
{"name":"ModelAdvance", "ph":"B", "ts":"1506044078", "pid":"1", "tid":"cice"},
{"name":"ModelAdvance", "ph":"E", "ts":"1506514540", "pid":"1", "tid":"cice"},
{"name":"ModelAdvance", "ph":"B", "ts":"1506650485", "pid":"1", "tid":"cice"},
{"name":"ModelAdvance", "ph":"E", "ts":"1507118449", "pid":"1", "tid":"cice"},
{"name":"ModelAdvance", "ph":"B", "ts":"1507262100", "pid":"1", "tid":"cice"},
{"name":"ModelAdvance", "ph":"E", "ts":"1507731055", "pid":"1", "tid":"cice"},
{"name":"ModelAdvance", "ph":"B", "ts":"1507875622", "pid":"1", "tid":"cice"},
{"name":"ModelAdvance", "ph":"E", "ts":"1508445271", "pid":"1", "tid":"cice"},
{"name":"ModelAdvance", "ph":"B", "ts":"1508504384", "pid":"1", "tid":"cice"},
{"name":"ModelAdvance", "ph":"E", "ts":"1508971719", "pid":"1", "tid":"cice"},
{"name":"ModelAdvance", "ph":"B", "ts":"1509767234", "pid":"1", "tid":"cice"},
{"name":"ModelAdvance", "ph":"E", "ts":"1510237704", "pid":"1", "tid":"cice"},
{"name":"ModelAdvance", "ph":"B", "ts":"1510369038", "pid":"1", "tid":"cice"},
{"name":"ModelAdvance", "ph":"E", "ts":"1510833366", "pid":"1", "tid":"cice"},
{"name":"ModelAdvance", "ph":"B", "ts":"1510976225", "pid":"1", "tid":"cice"},
{"name":"ModelAdvance", "ph":"E", "ts":"1511442218", "pid":"1", "tid":"cice"},
{"name":"ModelAdvance", "ph":"B", "ts":"1511580133", "pid":"1", "tid":"cice"},
{"name":"ModelAdvance", "ph":"E", "ts":"1512047446", "pid":"1", "tid":"cice"},
{"name":"ModelAdvance", "ph":"B", "ts":"1512192621", "pid":"1", "tid":"cice"},
{"name":"ModelAdvance", "ph":"E", "ts":"1512662078", "pid":"1", "tid":"cice"},
{"name":"ModelAdvance", "ph":"B", "ts":"1512808762", "pid":"1", "tid":"cice"},
{"name":"ModelAdvance", "ph":"E", "ts":"1513281070", "pid":"1", "tid":"cice"},
{"name":"ModelAdvance", "ph":"B", "ts":"1513423343", "pid":"1", "tid":"cice"},
{"name":"ModelAdvance", "ph":"E", "ts":"1513895600", "pid":"1", "tid":"cice"},
{"name":"ModelAdvance", "ph":"B", "ts":"1514030206", "pid":"1", "tid":"cice"},
{"name":"ModelAdvance", "ph":"E", "ts":"1514503671", "pid":"1", "tid":"cice"},
{"name":"ModelAdvance", "ph":"B", "ts":"1514634319", "pid":"1", "tid":"cice"},
{"name":"ModelAdvance", "ph":"E", "ts":"1515103790", "pid":"1", "tid":"cice"},
{"name":"ModelAdvance", "ph":"B", "ts":"1515238536", "pid":"1", "tid":"cice"},
{"name":"ModelAdvance", "ph":"E", "ts":"1515708206", "pid":"1", "tid":"cice"},
{"name":"ModelAdvance", "ph":"B", "ts":"1515843296", "pid":"1", "tid":"cice"},
{"name":"ModelAdvance", "ph":"E", "ts":"1516312025", "pid":"1", "tid":"cice"},
{"name":"ModelAdvance", "ph":"B", "ts":"1516464415", "pid":"1", "tid":"cice"},
{"name":"ModelAdvance", "ph":"E", "ts":"1516935947", "pid":"1", "tid":"cice"},
{"name":"ModelAdvance", "ph":"B", "ts":"1517075455", "pid":"1", "tid":"cice"},
{"name":"ModelAdvance", "ph":"E", "ts":"1517548387", "pid":"1", "tid":"cice"},
{"name":"ModelAdvance", "ph":"B", "ts":"1517693451", "pid":"1", "tid":"cice"},
{"name":"ModelAdvance", "ph":"E", "ts":"1518166132", "pid":"1", "tid":"cice"},
{"name":"ModelAdvance", "ph":"B", "ts":"1518305284", "pid":"1", "tid":"cice"},
{"name":"ModelAdvance", "ph":"E", "ts":"1518789876", "pid":"1", "tid":"cice"},
{"name":"ModelAdvance", "ph":"B", "ts":"1518913280", "pid":"1", "tid":"cice"},
{"name":"ModelAdvance", "ph":"E", "ts":"1519382445", "pid":"1", "tid":"cice"},
{"name":"ModelAdvance", "ph":"B", "ts":"1519512505", "pid":"1", "tid":"cice"},
{"name":"ModelAdvance", "ph":"E", "ts":"1519976264", "pid":"1", "tid":"cice"},
{"name":"ModelAdvance", "ph":"B", "ts":"1520120246", "pid":"1", "tid":"cice"},
{"name":"ModelAdvance", "ph":"E", "ts":"1520590539", "pid":"1", "tid":"cice"},
{"name":"ModelAdvance", "ph":"B", "ts":"1520724232", "pid":"1", "tid":"cice"},
{"name":"ModelAdvance", "ph":"E", "ts":"1521192300", "pid":"1", "tid":"cice"},
{"name":"ModelAdvance", "ph":"B", "ts":"1521327800", "pid":"1", "tid":"cice"},
{"name":"ModelAdvance", "ph":"E", "ts":"1521807889", "pid":"1", "tid":"cice"},
{"name":"ModelAdvance", "ph":"B", "ts":"1521940250", "pid":"1", "tid":"cice"},
{"name":"ModelAdvance", "ph":"E", "ts":"1522421990", "pid":"1", "tid":"cice"},
{"name":"ModelAdvance", "ph":"B", "ts":"1522558983", "pid":"1", "tid":"cice"},
{"name":"ModelAdvance", "ph":"E", "ts":"1523028540", "pid":"1", "tid":"cice"},
{"name":"ModelAdvance", "ph":"B", "ts":"1523169404", "pid":"1", "tid":"cice"},
{"name":"ModelAdvance", "ph":"E", "ts":"1523638107", "pid":"1", "tid":"cice"},
{"name":"ModelAdvance", "ph":"B", "ts":"1523787034", "pid":"1", "tid":"cice"},
{"name":"ModelAdvance", "ph":"E", "ts":"1524253980", "pid":"1", "tid":"cice"},
{"name":"ModelAdvance", "ph":"B", "ts":"1525080163", "pid":"1", "tid":"cice"},
{"name":"ModelAdvance", "ph":"E", "ts":"1525548296", "pid":"1", "tid":"cice"},
{"name":"ModelAdvance", "ph":"B", "ts":"1525683480", "pid":"1", "tid":"cice"},
{"name":"ModelAdvance", "ph":"E", "ts":"1526152690", "pid":"1", "tid":"cice"},
{"name":"ModelAdvance", "ph":"B", "ts":"1526289281", "pid":"1", "tid":"cice"},
{"name":"ModelAdvance", "ph":"E", "ts":"1526754010", "pid":"1", "tid":"cice"},
{"name":"ModelAdvance", "ph":"B", "ts":"1526902851", "pid":"1", "tid":"cice"},
{"name":"ModelAdvance", "ph":"E", "ts":"1527380309", "pid":"1", "tid":"cice"},
{"name":"ModelAdvance", "ph":"B", "ts":"1527512424", "pid":"1", "tid":"cice"},
{"name":"ModelAdvance", "ph":"E", "ts":"1527988030", "pid":"1", "tid":"cice"},
{"name":"ModelAdvance", "ph":"B", "ts":"1528120954", "pid":"1", "tid":"cice"},
{"name":"ModelAdvance", "ph":"E", "ts":"1528595714", "pid":"1", "tid":"cice"},
{"name":"ModelAdvance", "ph":"B", "ts":"1528735659", "pid":"1", "tid":"cice"},
{"name":"ModelAdvance", "ph":"E", "ts":"1529210494", "pid":"1", "tid":"cice"},
{"name":"ModelAdvance", "ph":"B", "ts":"1529352354", "pid":"1", "tid":"cice"},
{"name":"ModelAdvance", "ph":"E", "ts":"1529832687", "pid":"1", "tid":"cice"},
{"name":"ModelAdvance", "ph":"B", "ts":"1529959357", "pid":"1", "tid":"cice"},
{"name":"ModelAdvance", "ph":"E", "ts":"1530433568", "pid":"1", "tid":"cice"},
{"name":"ModelAdvance", "ph":"B", "ts":"1530577290", "pid":"1", "tid":"cice"},
{"name":"ModelAdvance", "ph":"E", "ts":"1531049250", "pid":"1", "tid":"cice"},
{"name":"ModelAdvance", "ph":"B", "ts":"1531195917", "pid":"1", "tid":"cice"},
{"name":"ModelAdvance", "ph":"E", "ts":"1531671414", "pid":"1", "tid":"cice"},
{"name":"ModelAdvance", "ph":"B", "ts":"1531843303", "pid":"1", "tid":"cice"},
{"name":"ModelAdvance", "ph":"E", "ts":"1532323581", "pid":"1", "tid":"cice"},
{"name":"ModelAdvance", "ph":"B", "ts":"1532468592", "pid":"1", "tid":"cice"},
{"name":"ModelAdvance", "ph":"E", "ts":"1532939993", "pid":"1", "tid":"cice"},
{"name":"ModelAdvance", "ph":"B", "ts":"1533085459", "pid":"1", "tid":"cice"},
{"name":"ModelAdvance", "ph":"E", "ts":"1533550429", "pid":"1", "tid":"cice"},
{"name":"ModelAdvance", "ph":"B", "ts":"1533705366", "pid":"1", "tid":"cice"},
{"name":"ModelAdvance", "ph":"E", "ts":"1534186025", "pid":"1", "tid":"cice"},
{"name":"ModelAdvance", "ph":"B", "ts":"1534318420", "pid":"1", "tid":"cice"},
{"name":"ModelAdvance", "ph":"E", "ts":"1534784427", "pid":"1", "tid":"cice"},
{"name":"ModelAdvance", "ph":"B", "ts":"1534942582", "pid":"1", "tid":"cice"},
{"name":"ModelAdvance", "ph":"E", "ts":"1535423382", "pid":"1", "tid":"cice"},
{"name":"ModelAdvance", "ph":"B", "ts":"1535563094", "pid":"1", "tid":"cice"},
{"name":"ModelAdvance", "ph":"E", "ts":"1536086574", "pid":"1", "tid":"cice"},
{"name":"ModelAdvance", "ph":"B", "ts":"1536215841", "pid":"1", "tid":"cice"},
{"name":"ModelAdvance", "ph":"E", "ts":"1536692358", "pid":"1", "tid":"cice"},
{"name":"ModelAdvance", "ph":"B", "ts":"1536843884", "pid":"1", "tid":"cice"},
{"name":"ModelAdvance", "ph":"E", "ts":"1537319918", "pid":"1", "tid":"cice"},
{"name":"ModelAdvance", "ph":"B", "ts":"1537464103", "pid":"1", "tid":"cice"},
{"name":"ModelAdvance", "ph":"E", "ts":"1537932836", "pid":"1", "tid":"cice"},
{"name":"ModelAdvance", "ph":"B", "ts":"1538088642", "pid":"1", "tid":"cice"},
{"name":"ModelAdvance", "ph":"E", "ts":"1538562933", "pid":"1", "tid":"cice"},
{"name":"ModelAdvance", "ph":"B", "ts":"1538702755", "pid":"1", "tid":"cice"},
{"name":"ModelAdvance", "ph":"E", "ts":"1539183438", "pid":"1", "tid":"cice"},
{"name":"ModelAdvance", "ph":"B", "ts":"1539340798", "pid":"1", "tid":"cice"},
{"name":"ModelAdvance", "ph":"E", "ts":"1539814777", "pid":"1", "tid":"cice"},
{"name":"ModelAdvance", "ph":"B", "ts":"1540641783", "pid":"1", "tid":"cice"},
{"name":"ModelAdvance", "ph":"E", "ts":"1541112767", "pid":"1", "tid":"cice"},
{"name":"ModelAdvance", "ph":"B", "ts":"1541266615", "pid":"1", "tid":"cice"},
{"name":"ModelAdvance", "ph":"E", "ts":"1541734785", "pid":"1", "tid":"cice"},
{"name":"ModelAdvance", "ph":"B", "ts":"1541911955", "pid":"1", "tid":"cice"},
{"name":"ModelAdvance", "ph":"E", "ts":"1542382289", "pid":"1", "tid":"cice"},
{"name":"ModelAdvance", "ph":"B", "ts":"1542567152", "pid":"1", "tid":"cice"},
{"name":"ModelAdvance", "ph":"E", "ts":"1543039671", "pid":"1", "tid":"cice"},
{"name":"ModelAdvance", "ph":"B", "ts":"1543199300", "pid":"1", "tid":"cice"},
{"name":"ModelAdvance", "ph":"E", "ts":"1543682205", "pid":"1", "tid":"cice"},
{"name":"ModelAdvance", "ph":"B", "ts":"1543811580", "pid":"1", "tid":"cice"},
{"name":"ModelAdvance", "ph":"E", "ts":"1544286895", "pid":"1", "tid":"cice"},
{"name":"ModelAdvance", "ph":"B", "ts":"1544475897", "pid":"1", "tid":"cice"},
{"name":"ModelAdvance", "ph":"E", "ts":"1544947930", "pid":"1", "tid":"cice"},
{"name":"ModelAdvance", "ph":"B", "ts":"1545107114", "pid":"1", "tid":"cice"},
{"name":"ModelAdvance", "ph":"E", "ts":"1545578952", "pid":"1", "tid":"cice"},
{"name":"ModelAdvance", "ph":"B", "ts":"1545736974", "pid":"1", "tid":"cice"},
{"name":"ModelAdvance", "ph":"E", "ts":"1546217775", "pid":"1", "tid":"cice"},
{"name":"ModelAdvance", "ph":"B", "ts":"1546359486", "pid":"1", "tid":"cice"},
{"name":"ModelAdvance", "ph":"E", "ts":"1546828583", "pid":"1", "tid":"cice"},
{"name":"ModelAdvance", "ph":"B", "ts":"1546982889", "pid":"1", "tid":"cice"},
{"name":"ModelAdvance", "ph":"E", "ts":"1547455964", "pid":"1", "tid":"cice"},
{"name":"ModelAdvance", "ph":"B", "ts":"1547622803", "pid":"1", "tid":"cice"},
{"name":"ModelAdvance", "ph":"E", "ts":"1548101370", "pid":"1", "tid":"cice"},
{"name":"ModelAdvance", "ph":"B", "ts":"1548240868", "pid":"1", "tid":"cice"},
{"name":"ModelAdvance", "ph":"E", "ts":"1548724631", "pid":"1", "tid":"cice"},
{"name":"ModelAdvance", "ph":"B", "ts":"1548875718", "pid":"1", "tid":"cice"},
{"name":"ModelAdvance", "ph":"E", "ts":"1549346920", "pid":"1", "tid":"cice"},
{"name":"ModelAdvance", "ph":"B", "ts":"1549500760", "pid":"1", "tid":"cice"},
{"name":"ModelAdvance", "ph":"E", "ts":"1549969773", "pid":"1", "tid":"cice"},
{"name":"ModelAdvance", "ph":"B", "ts":"1550148339", "pid":"1", "tid":"cice"},
{"name":"ModelAdvance", "ph":"E", "ts":"1550628596", "pid":"1", "tid":"cice"},
{"name":"ModelAdvance", "ph":"B", "ts":"1550768846", "pid":"1", "tid":"cice"},
{"name":"ModelAdvance", "ph":"E", "ts":"1551238591", "pid":"1", "tid":"cice"},
{"name":"ModelAdvance", "ph":"B", "ts":"1551411948", "pid":"1", "tid":"cice"},
{"name":"ModelAdvance", "ph":"E", "ts":"1551888639", "pid":"1", "tid":"cice"},
{"name":"ModelAdvance", "ph":"B", "ts":"1552047594", "pid":"1", "tid":"cice"},
{"name":"ModelAdvance", "ph":"E", "ts":"1552527758", "pid":"1", "tid":"cice"},
{"name":"ModelAdvance", "ph":"B", "ts":"1552670446", "pid":"1", "tid":"cice"},
{"name":"ModelAdvance", "ph":"E", "ts":"1553137916", "pid":"1", "tid":"cice"},
{"name":"ModelAdvance", "ph":"B", "ts":"1553290289", "pid":"1", "tid":"cice"},
{"name":"ModelAdvance", "ph":"E", "ts":"1553764939", "pid":"1", "tid":"cice"},
{"name":"ModelAdvance", "ph":"B", "ts":"1553904885", "pid":"1", "tid":"cice"},
{"name":"ModelAdvance", "ph":"E", "ts":"1554377114", "pid":"1", "tid":"cice"},
{"name":"ModelAdvance", "ph":"B", "ts":"1554521287", "pid":"1", "tid":"cice"},
{"name":"ModelAdvance", "ph":"E", "ts":"1554989296", "pid":"1", "tid":"cice"},
{"name":"ModelAdvance", "ph":"B", "ts":"1555201836", "pid":"1", "tid":"cice"},
{"name":"ModelAdvance", "ph":"E", "ts":"1555679681", "pid":"1", "tid":"cice"},
{"name":"ModelAdvance", "ph":"B", "ts":"1556523673", "pid":"1", "tid":"cice"},
{"name":"ModelAdvance", "ph":"E", "ts":"1557002215", "pid":"1", "tid":"cice"},
{"name":"ModelAdvance", "ph":"B", "ts":"1557129376", "pid":"1", "tid":"cice"},
{"name":"ModelAdvance", "ph":"E", "ts":"1557596572", "pid":"1", "tid":"cice"},
{"name":"ModelAdvance", "ph":"B", "ts":"1557729122", "pid":"1", "tid":"cice"},
{"name":"ModelAdvance", "ph":"E", "ts":"1558196410", "pid":"1", "tid":"cice"},
{"name":"ModelAdvance", "ph":"B", "ts":"1558343658", "pid":"1", "tid":"cice"},
{"name":"ModelAdvance", "ph":"E", "ts":"1558809847", "pid":"1", "tid":"cice"},
{"name":"ModelAdvance", "ph":"B", "ts":"1558951204", "pid":"1", "tid":"cice"},
{"name":"ModelAdvance", "ph":"E", "ts":"1559428190", "pid":"1", "tid":"cice"},
{"name":"ModelAdvance", "ph":"B", "ts":"1559562184", "pid":"1", "tid":"cice"},
{"name":"ModelAdvance", "ph":"E", "ts":"1560036369", "pid":"1", "tid":"cice"},
{"name":"ModelAdvance", "ph":"B", "ts":"1560176096", "pid":"1", "tid":"cice"},
{"name":"ModelAdvance", "ph":"E", "ts":"1560654311", "pid":"1", "tid":"cice"},
{"name":"ModelAdvance", "ph":"B", "ts":"1560791849", "pid":"1", "tid":"cice"},
{"name":"ModelAdvance", "ph":"E", "ts":"1561289220", "pid":"1", "tid":"cice"},
{"name":"ModelAdvance", "ph":"B", "ts":"1561453488", "pid":"1", "tid":"cice"},
{"name":"ModelAdvance", "ph":"E", "ts":"1561931175", "pid":"1", "tid":"cice"},
{"name":"ModelAdvance", "ph":"B", "ts":"1562069807", "pid":"1", "tid":"cice"},
{"name":"ModelAdvance", "ph":"E", "ts":"1562537379", "pid":"1", "tid":"cice"},
{"name":"ModelAdvance", "ph":"B", "ts":"1562683358", "pid":"1", "tid":"cice"},
{"name":"ModelAdvance", "ph":"E", "ts":"1563163591", "pid":"1", "tid":"cice"},
{"name":"ModelAdvance", "ph":"B", "ts":"1563313849", "pid":"1", "tid":"cice"},
{"name":"ModelAdvance", "ph":"E", "ts":"1563785235", "pid":"1", "tid":"cice"},
{"name":"ModelAdvance", "ph":"B", "ts":"1563918737", "pid":"1", "tid":"cice"},
{"name":"ModelAdvance", "ph":"E", "ts":"1564399233", "pid":"1", "tid":"cice"},
{"name":"ModelAdvance", "ph":"B", "ts":"1564518335", "pid":"1", "tid":"cice"},
{"name":"ModelAdvance", "ph":"E", "ts":"1564989587", "pid":"1", "tid":"cice"},
{"name":"ModelAdvance", "ph":"B", "ts":"1565132070", "pid":"1", "tid":"cice"},
{"name":"ModelAdvance", "ph":"E", "ts":"1565613755", "pid":"1", "tid":"cice"},
{"name":"ModelAdvance", "ph":"B", "ts":"1565762729", "pid":"1", "tid":"cice"},
{"name":"ModelAdvance", "ph":"E", "ts":"1566233329", "pid":"1", "tid":"cice"},
{"name":"ModelAdvance", "ph":"B", "ts":"1566588271", "pid":"1", "tid":"cice"},
{"name":"ModelAdvance", "ph":"E", "ts":"1567061727", "pid":"1", "tid":"cice"},
{"name":"ModelAdvance", "ph":"B", "ts":"1567244435", "pid":"1", "tid":"cice"},
{"name":"ModelAdvance", "ph":"E", "ts":"1567724270", "pid":"1", "tid":"cice"},
{"name":"ModelAdvance", "ph":"B", "ts":"1567868307", "pid":"1", "tid":"cice"},
{"name":"ModelAdvance", "ph":"E", "ts":"1568345157", "pid":"1", "tid":"cice"},
{"name":"ModelAdvance", "ph":"B", "ts":"1568483582", "pid":"1", "tid":"cice"},
{"name":"ModelAdvance", "ph":"E", "ts":"1568966363", "pid":"1", "tid":"cice"},
{"name":"ModelAdvance", "ph":"B", "ts":"1569106305", "pid":"1", "tid":"cice"},
{"name":"ModelAdvance", "ph":"E", "ts":"1569583341", "pid":"1", "tid":"cice"},
{"name":"ModelAdvance", "ph":"B", "ts":"1569746142", "pid":"1", "tid":"cice"},
{"name":"ModelAdvance", "ph":"E", "ts":"1570225447", "pid":"1", "tid":"cice"},
{"name":"ModelAdvance", "ph":"B", "ts":"1570351626", "pid":"1", "tid":"cice"},
{"name":"ModelAdvance", "ph":"E", "ts":"1570819829", "pid":"1", "tid":"cice"},
{"name":"ModelAdvance", "ph":"B", "ts":"1570992681", "pid":"1", "tid":"cice"},
{"name":"ModelAdvance", "ph":"E", "ts":"1571465992", "pid":"1", "tid":"cice"},
{"name":"ModelAdvance", "ph":"B", "ts":"1572270819", "pid":"1", "tid":"cice"},
{"name":"ModelAdvance", "ph":"E", "ts":"1572739302", "pid":"1", "tid":"cice"},
{"name":"ModelAdvance", "ph":"B", "ts":"1572882411", "pid":"1", "tid":"cice"},
{"name":"ModelAdvance", "ph":"E", "ts":"1573360000", "pid":"1", "tid":"cice"},
{"name":"ModelAdvance", "ph":"B", "ts":"1573487303", "pid":"1", "tid":"cice"},
{"name":"ModelAdvance", "ph":"E", "ts":"1573959849", "pid":"1", "tid":"cice"},
{"name":"ModelAdvance", "ph":"B", "ts":"1574103582", "pid":"1", "tid":"cice"},
{"name":"ModelAdvance", "ph":"E", "ts":"1574576769", "pid":"1", "tid":"cice"},
{"name":"ModelAdvance", "ph":"B", "ts":"1574711427", "pid":"1", "tid":"cice"},
{"name":"ModelAdvance", "ph":"E", "ts":"1575184563", "pid":"1", "tid":"cice"},
{"name":"ModelAdvance", "ph":"B", "ts":"1575339879", "pid":"1", "tid":"cice"},
{"name":"ModelAdvance", "ph":"E", "ts":"1575816900", "pid":"1", "tid":"cice"},
{"name":"ModelAdvance", "ph":"B", "ts":"1575940606", "pid":"1", "tid":"cice"},
{"name":"ModelAdvance", "ph":"E", "ts":"1576416069", "pid":"1", "tid":"cice"},
{"name":"ModelAdvance", "ph":"B", "ts":"1576545672", "pid":"1", "tid":"cice"},
{"name":"ModelAdvance", "ph":"E", "ts":"1579266155", "pid":"1", "tid":"cice"},
{"name":"ModelAdvance", "ph":"B", "ts":"1579380214", "pid":"1", "tid":"cice"},
{"name":"ModelAdvance", "ph":"E", "ts":"1579848216", "pid":"1", "tid":"cice"},
{"name":"ModelAdvance", "ph":"B", "ts":"1579970577", "pid":"1", "tid":"cice"},
{"name":"ModelAdvance", "ph":"E", "ts":"1580443625", "pid":"1", "tid":"cice"},
{"name":"ModelAdvance", "ph":"B", "ts":"1580573575", "pid":"1", "tid":"cice"},
{"name":"ModelAdvance", "ph":"E", "ts":"1581049825", "pid":"1", "tid":"cice"},
{"name":"ModelAdvance", "ph":"B", "ts":"1581201222", "pid":"1", "tid":"cice"},
{"name":"ModelAdvance", "ph":"E", "ts":"1581681005", "pid":"1", "tid":"cice"},
{"name":"ModelAdvance", "ph":"B", "ts":"1581814152", "pid":"1", "tid":"cice"},
{"name":"ModelAdvance", "ph":"E", "ts":"1582295101", "pid":"1", "tid":"cice"},
{"name":"ModelAdvance", "ph":"B", "ts":"1582417002", "pid":"1", "tid":"cice"},
{"name":"ModelAdvance", "ph":"E", "ts":"1582881904", "pid":"1", "tid":"cice"},
{"name":"ModelAdvance", "ph":"B", "ts":"1583015683", "pid":"1", "tid":"cice"},
{"name":"ModelAdvance", "ph":"E", "ts":"1583482585", "pid":"1", "tid":"cice"},
{"name":"ModelAdvance", "ph":"B", "ts":"1583630142", "pid":"1", "tid":"cice"},
{"name":"ModelAdvance", "ph":"E", "ts":"1584104727", "pid":"1", "tid":"cice"},
{"name":"ModelAdvance", "ph":"B", "ts":"1584236547", "pid":"1", "tid":"cice"},
{"name":"ModelAdvance", "ph":"E", "ts":"1584717878", "pid":"1", "tid":"cice"},
{"name":"ModelAdvance", "ph":"B", "ts":"1584839314", "pid":"1", "tid":"cice"},
{"name":"ModelAdvance", "ph":"E", "ts":"1585316606", "pid":"1", "tid":"cice"},
{"name":"ModelAdvance", "ph":"B", "ts":"1585450991", "pid":"1", "tid":"cice"},
{"name":"ModelAdvance", "ph":"E", "ts":"1585931572", "pid":"1", "tid":"cice"},
{"name":"ModelAdvance", "ph":"B", "ts":"1586061988", "pid":"1", "tid":"cice"},
{"name":"ModelAdvance", "ph":"E", "ts":"1586533474", "pid":"1", "tid":"cice"},
{"name":"ModelAdvance", "ph":"B", "ts":"1586681669", "pid":"1", "tid":"cice"},
{"name":"ModelAdvance", "ph":"E", "ts":"1587158522", "pid":"1", "tid":"cice"},
{"name":"ModelAdvance", "ph":"B", "ts":"1587293299", "pid":"1", "tid":"cice"},
{"name":"ModelAdvance", "ph":"E", "ts":"1587770079", "pid":"1", "tid":"cice"},
{"name":"ModelAdvance", "ph":"B", "ts":"1587896173", "pid":"1", "tid":"cice"},
{"name":"ModelAdvance", "ph":"E", "ts":"1588373251", "pid":"1", "tid":"cice"},
{"name":"ModelAdvance", "ph":"B", "ts":"1588523676", "pid":"1", "tid":"cice"},
{"name":"ModelAdvance", "ph":"E", "ts":"1589001178", "pid":"1", "tid":"cice"},
{"name":"ModelAdvance", "ph":"B", "ts":"1589827659", "pid":"1", "tid":"cice"},
{"name":"ModelAdvance", "ph":"E", "ts":"1590293848", "pid":"1", "tid":"cice"},
{"name":"ModelAdvance", "ph":"B", "ts":"1590464029", "pid":"1", "tid":"cice"},
{"name":"ModelAdvance", "ph":"E", "ts":"1590933136", "pid":"1", "tid":"cice"},
{"name":"ModelAdvance", "ph":"B", "ts":"1591083556", "pid":"1", "tid":"cice"},
{"name":"ModelAdvance", "ph":"E", "ts":"1591561541", "pid":"1", "tid":"cice"},
{"name":"ModelAdvance", "ph":"B", "ts":"1591691920", "pid":"1", "tid":"cice"},
{"name":"ModelAdvance", "ph":"E", "ts":"1592164645", "pid":"1", "tid":"cice"},
{"name":"ModelAdvance", "ph":"B", "ts":"1592306687", "pid":"1", "tid":"cice"},
{"name":"ModelAdvance", "ph":"E", "ts":"1592777622", "pid":"1", "tid":"cice"},
{"name":"ModelAdvance", "ph":"B", "ts":"1592923284", "pid":"1", "tid":"cice"},
{"name":"ModelAdvance", "ph":"E", "ts":"1593408176", "pid":"1", "tid":"cice"},
{"name":"ModelAdvance", "ph":"B", "ts":"1593595995", "pid":"1", "tid":"cice"},
{"name":"ModelAdvance", "ph":"E", "ts":"1594078398", "pid":"1", "tid":"cice"},
{"name":"ModelAdvance", "ph":"B", "ts":"1594241214", "pid":"1", "tid":"cice"},
{"name":"ModelAdvance", "ph":"E", "ts":"1594717043", "pid":"1", "tid":"cice"},
{"name":"ModelAdvance", "ph":"B", "ts":"1594857438", "pid":"1", "tid":"cice"},
{"name":"ModelAdvance", "ph":"E", "ts":"1595331788", "pid":"1", "tid":"cice"},
{"name":"ModelAdvance", "ph":"B", "ts":"1595472534", "pid":"1", "tid":"cice"},
{"name":"ModelAdvance", "ph":"E", "ts":"1595937125", "pid":"1", "tid":"cice"},
{"name":"ModelAdvance", "ph":"B", "ts":"1596093585", "pid":"1", "tid":"cice"},
{"name":"ModelAdvance", "ph":"E", "ts":"1596572525", "pid":"1", "tid":"cice"},
{"name":"ModelAdvance", "ph":"B", "ts":"1596749813", "pid":"1", "tid":"cice"},
{"name":"ModelAdvance", "ph":"E", "ts":"1597266317", "pid":"1", "tid":"cice"},
{"name":"ModelAdvance", "ph":"B", "ts":"1597381026", "pid":"1", "tid":"cice"},
{"name":"ModelAdvance", "ph":"E", "ts":"1597848878", "pid":"1", "tid":"cice"},
{"name":"ModelAdvance", "ph":"B", "ts":"1599138093", "pid":"1", "tid":"cice"},
{"name":"ModelAdvance", "ph":"E", "ts":"1599609412", "pid":"1", "tid":"cice"},
{"name":"ModelAdvance", "ph":"B", "ts":"1599755986", "pid":"1", "tid":"cice"},
{"name":"ModelAdvance", "ph":"E", "ts":"1600231235", "pid":"1", "tid":"cice"},
{"name":"ModelAdvance", "ph":"B", "ts":"1600375202", "pid":"1", "tid":"cice"},
{"name":"ModelAdvance", "ph":"E", "ts":"1600849424", "pid":"1", "tid":"cice"},
{"name":"ModelAdvance", "ph":"B", "ts":"1600989283", "pid":"1", "tid":"cice"},
{"name":"ModelAdvance", "ph":"E", "ts":"1601454584", "pid":"1", "tid":"cice"},
{"name":"ModelAdvance", "ph":"B", "ts":"1601617688", "pid":"1", "tid":"cice"},
{"name":"ModelAdvance", "ph":"E", "ts":"1602098362", "pid":"1", "tid":"cice"},
{"name":"ModelAdvance", "ph":"B", "ts":"1602228944", "pid":"1", "tid":"cice"},
{"name":"ModelAdvance", "ph":"E", "ts":"1602697280", "pid":"1", "tid":"cice"},
{"name":"ModelAdvance", "ph":"B", "ts":"1602833142", "pid":"1", "tid":"cice"},
{"name":"ModelAdvance", "ph":"E", "ts":"1603307695", "pid":"1", "tid":"cice"},
{"name":"ModelAdvance", "ph":"B", "ts":"1603436185", "pid":"1", "tid":"cice"},
{"name":"ModelAdvance", "ph":"E", "ts":"1603913305", "pid":"1", "tid":"cice"},
{"name":"ModelAdvance", "ph":"B", "ts":"1604050375", "pid":"1", "tid":"cice"},
{"name":"ModelAdvance", "ph":"E", "ts":"1604527259", "pid":"1", "tid":"cice"},
{"name":"ModelAdvance", "ph":"B", "ts":"1604673554", "pid":"1", "tid":"cice"},
{"name":"ModelAdvance", "ph":"E", "ts":"1605228908", "pid":"1", "tid":"cice"},
{"name":"ModelAdvance", "ph":"B", "ts":"1605317379", "pid":"1", "tid":"cice"},
{"name":"ModelAdvance", "ph":"E", "ts":"1605789946", "pid":"1", "tid":"cice"},
{"name":"ModelAdvance", "ph":"B", "ts":"1606584747", "pid":"1", "tid":"cice"},
{"name":"ModelAdvance", "ph":"E", "ts":"1607056727", "pid":"1", "tid":"cice"},
{"name":"ModelAdvance", "ph":"B", "ts":"1607188526", "pid":"1", "tid":"cice"},
{"name":"ModelAdvance", "ph":"E", "ts":"1607657909", "pid":"1", "tid":"cice"},
{"name":"ModelAdvance", "ph":"B", "ts":"1607799628", "pid":"1", "tid":"cice"},
{"name":"ModelAdvance", "ph":"E", "ts":"1608268362", "pid":"1", "tid":"cice"},
{"name":"ModelAdvance", "ph":"B", "ts":"1608411872", "pid":"1", "tid":"cice"},
{"name":"ModelAdvance", "ph":"E", "ts":"1608883338", "pid":"1", "tid":"cice"},
{"name":"ModelAdvance", "ph":"B", "ts":"1609030318", "pid":"1", "tid":"cice"},
{"name":"ModelAdvance", "ph":"E", "ts":"1609497032", "pid":"1", "tid":"cice"},
{"name":"ModelAdvance", "ph":"B", "ts":"1609656430", "pid":"1", "tid":"cice"},
{"name":"ModelAdvance", "ph":"E", "ts":"1610127404", "pid":"1", "tid":"cice"},
{"name":"ModelAdvance", "ph":"B", "ts":"1610275816", "pid":"1", "tid":"cice"},
{"name":"ModelAdvance", "ph":"E", "ts":"1610750977", "pid":"1", "tid":"cice"},
{"name":"ModelAdvance", "ph":"B", "ts":"1610898918", "pid":"1", "tid":"cice"},
{"name":"ModelAdvance", "ph":"E", "ts":"1611374137", "pid":"1", "tid":"cice"},
{"name":"ModelAdvance", "ph":"B", "ts":"1611512702", "pid":"1", "tid":"cice"},
{"name":"ModelAdvance", "ph":"E", "ts":"1611980835", "pid":"1", "tid":"cice"},
{"name":"ModelAdvance", "ph":"B", "ts":"1612121373", "pid":"1", "tid":"cice"},
{"name":"ModelAdvance", "ph":"E", "ts":"1612594571", "pid":"1", "tid":"cice"},
{"name":"ModelAdvance", "ph":"B", "ts":"1612733019", "pid":"1", "tid":"cice"},
{"name":"ModelAdvance", "ph":"E", "ts":"1613202345", "pid":"1", "tid":"cice"},
{"name":"ModelAdvance", "ph":"B", "ts":"1613370383", "pid":"1", "tid":"cice"},
{"name":"ModelAdvance", "ph":"E", "ts":"1613845315", "pid":"1", "tid":"cice"},
{"name":"ModelAdvance", "ph":"B", "ts":"1613996715", "pid":"1", "tid":"cice"},
{"name":"ModelAdvance", "ph":"E", "ts":"1614474631", "pid":"1", "tid":"cice"},
{"name":"ModelAdvance", "ph":"B", "ts":"1614612972", "pid":"1", "tid":"cice"},
{"name":"ModelAdvance", "ph":"E", "ts":"1615090277", "pid":"1", "tid":"cice"},
{"name":"ModelAdvance", "ph":"B", "ts":"1615228186", "pid":"1", "tid":"cice"},
{"name":"ModelAdvance", "ph":"E", "ts":"1615706168", "pid":"1", "tid":"cice"},
{"name":"ModelAdvance", "ph":"B", "ts":"1615835935", "pid":"1", "tid":"cice"},
{"name":"ModelAdvance", "ph":"E", "ts":"1616303940", "pid":"1", "tid":"cice"},
{"name":"ModelAdvance", "ph":"B", "ts":"1616444312", "pid":"1", "tid":"cice"},
{"name":"ModelAdvance", "ph":"E", "ts":"1616919522", "pid":"1", "tid":"cice"},
{"name":"ModelAdvance", "ph":"B", "ts":"1617050624", "pid":"1", "tid":"cice"},
{"name":"ModelAdvance", "ph":"E", "ts":"1617525662", "pid":"1", "tid":"cice"},
{"name":"ModelAdvance", "ph":"B", "ts":"1617658184", "pid":"1", "tid":"cice"},
{"name":"ModelAdvance", "ph":"E", "ts":"1618135257", "pid":"1", "tid":"cice"},
{"name":"ModelAdvance", "ph":"B", "ts":"1618271251", "pid":"1", "tid":"cice"},
{"name":"ModelAdvance", "ph":"E", "ts":"1618779831", "pid":"1", "tid":"cice"},
{"name":"ModelAdvance", "ph":"B", "ts":"1618900208", "pid":"1", "tid":"cice"},
{"name":"ModelAdvance", "ph":"E", "ts":"1619377790", "pid":"1", "tid":"cice"},
{"name":"ModelAdvance", "ph":"B", "ts":"1619516185", "pid":"1", "tid":"cice"},
{"name":"ModelAdvance", "ph":"E", "ts":"1619982919", "pid":"1", "tid":"cice"},
{"name":"ModelAdvance", "ph":"B", "ts":"1620124024", "pid":"1", "tid":"cice"},
{"name":"ModelAdvance", "ph":"E", "ts":"1620592680", "pid":"1", "tid":"cice"},
{"name":"ModelAdvance", "ph":"B", "ts":"1620753404", "pid":"1", "tid":"cice"},
{"name":"ModelAdvance", "ph":"E", "ts":"1621227004", "pid":"1", "tid":"cice"},
{"name":"ModelAdvance", "ph":"B", "ts":"1622047683", "pid":"1", "tid":"cice"},
{"name":"ModelAdvance", "ph":"E", "ts":"1622518544", "pid":"1", "tid":"cice"},
{"name":"ModelAdvance", "ph":"B", "ts":"1622656458", "pid":"1", "tid":"cice"},
{"name":"ModelAdvance", "ph":"E", "ts":"1623132361", "pid":"1", "tid":"cice"},
{"name":"ModelAdvance", "ph":"B", "ts":"1623266826", "pid":"1", "tid":"cice"},
{"name":"ModelAdvance", "ph":"E", "ts":"1623741164", "pid":"1", "tid":"cice"},
{"name":"ModelAdvance", "ph":"B", "ts":"1623877669", "pid":"1", "tid":"cice"},
{"name":"ModelAdvance", "ph":"E", "ts":"1624354683", "pid":"1", "tid":"cice"},
{"name":"ModelAdvance", "ph":"B", "ts":"1624491915", "pid":"1", "tid":"cice"},
{"name":"ModelAdvance", "ph":"E", "ts":"1624974270", "pid":"1", "tid":"cice"},
{"name":"ModelAdvance", "ph":"B", "ts":"1625110240", "pid":"1", "tid":"cice"},
{"name":"ModelAdvance", "ph":"E", "ts":"1625587383", "pid":"1", "tid":"cice"},
{"name":"ModelAdvance", "ph":"B", "ts":"1625717879", "pid":"1", "tid":"cice"},
{"name":"ModelAdvance", "ph":"E", "ts":"1626194592", "pid":"1", "tid":"cice"},
{"name":"ModelAdvance", "ph":"B", "ts":"1626343048", "pid":"1", "tid":"cice"},
{"name":"ModelAdvance", "ph":"E", "ts":"1626814699", "pid":"1", "tid":"cice"},
{"name":"ModelAdvance", "ph":"B", "ts":"1626946208", "pid":"1", "tid":"cice"},
{"name":"ModelAdvance", "ph":"E", "ts":"1627418113", "pid":"1", "tid":"cice"},
{"name":"ModelAdvance", "ph":"B", "ts":"1627555891", "pid":"1", "tid":"cice"},
{"name":"ModelAdvance", "ph":"E", "ts":"1628026435", "pid":"1", "tid":"cice"},
{"name":"ModelAdvance", "ph":"B", "ts":"1628172354", "pid":"1", "tid":"cice"},
{"name":"ModelAdvance", "ph":"E", "ts":"1628645262", "pid":"1", "tid":"cice"},
{"name":"ModelAdvance", "ph":"B", "ts":"1628822563", "pid":"1", "tid":"cice"},
{"name":"ModelAdvance", "ph":"E", "ts":"1629296425", "pid":"1", "tid":"cice"},
{"name":"ModelAdvance", "ph":"B", "ts":"1629440663", "pid":"1", "tid":"cice"},
{"name":"ModelAdvance", "ph":"E", "ts":"1629916936", "pid":"1", "tid":"cice"},
{"name":"ModelAdvance", "ph":"B", "ts":"1630047856", "pid":"1", "tid":"cice"},
{"name":"ModelAdvance", "ph":"E", "ts":"1630527109", "pid":"1", "tid":"cice"},
{"name":"ModelAdvance", "ph":"B", "ts":"1630670907", "pid":"1", "tid":"cice"},
{"name":"ModelAdvance", "ph":"E", "ts":"1631138577", "pid":"1", "tid":"cice"},
{"name":"ModelAdvance", "ph":"B", "ts":"1631277966", "pid":"1", "tid":"cice"},
{"name":"ModelAdvance", "ph":"E", "ts":"1631744019", "pid":"1", "tid":"cice"},
{"name":"ModelAdvance", "ph":"B", "ts":"1631887032", "pid":"1", "tid":"cice"},
{"name":"ModelAdvance", "ph":"E", "ts":"1632354659", "pid":"1", "tid":"cice"},
{"name":"ModelAdvance", "ph":"B", "ts":"1632502565", "pid":"1", "tid":"cice"},
{"name":"ModelAdvance", "ph":"E", "ts":"1632983210", "pid":"1", "tid":"cice"},
{"name":"ModelAdvance", "ph":"B", "ts":"1633115723", "pid":"1", "tid":"cice"},
{"name":"ModelAdvance", "ph":"E", "ts":"1633585831", "pid":"1", "tid":"cice"},
{"name":"ModelAdvance", "ph":"B", "ts":"1633978398", "pid":"1", "tid":"cice"},
{"name":"ModelAdvance", "ph":"E", "ts":"1634450161", "pid":"1", "tid":"cice"},
{"name":"ModelAdvance", "ph":"B", "ts":"1634622525", "pid":"1", "tid":"cice"},
{"name":"ModelAdvance", "ph":"E", "ts":"1635094793", "pid":"1", "tid":"cice"},
{"name":"ModelAdvance", "ph":"B", "ts":"1635230434", "pid":"1", "tid":"cice"},
{"name":"ModelAdvance", "ph":"E", "ts":"1635707300", "pid":"1", "tid":"cice"},
{"name":"ModelAdvance", "ph":"B", "ts":"1635852168", "pid":"1", "tid":"cice"},
{"name":"ModelAdvance", "ph":"E", "ts":"1636328387", "pid":"1", "tid":"cice"},
{"name":"ModelAdvance", "ph":"B", "ts":"1636527862", "pid":"1", "tid":"cice"},
{"name":"ModelAdvance", "ph":"E", "ts":"1637011544", "pid":"1", "tid":"cice"},
{"name":"ModelAdvance", "ph":"B", "ts":"1637790335", "pid":"1", "tid":"cice"},
{"name":"ModelAdvance", "ph":"E", "ts":"1638384712", "pid":"1", "tid":"cice"},
{"name":"ModelAdvance", "ph":"B", "ts":"1638492768", "pid":"1", "tid":"cice"},
{"name":"ModelAdvance", "ph":"E", "ts":"1638964282", "pid":"1", "tid":"cice"},
{"name":"ModelAdvance", "ph":"B", "ts":"1639104252", "pid":"1", "tid":"cice"},
{"name":"ModelAdvance", "ph":"E", "ts":"1639582636", "pid":"1", "tid":"cice"},
{"name":"ModelAdvance", "ph":"B", "ts":"1639716984", "pid":"1", "tid":"cice"},
{"name":"ModelAdvance", "ph":"E", "ts":"1640186438", "pid":"1", "tid":"cice"},
{"name":"ModelAdvance", "ph":"B", "ts":"1640342515", "pid":"1", "tid":"cice"},
{"name":"ModelAdvance", "ph":"E", "ts":"1640809939", "pid":"1", "tid":"cice"},
{"name":"ModelAdvance", "ph":"B", "ts":"1640964584", "pid":"1", "tid":"cice"},
{"name":"ModelAdvance", "ph":"E", "ts":"1641435910", "pid":"1", "tid":"cice"},
{"name":"ModelAdvance", "ph":"B", "ts":"1641585244", "pid":"1", "tid":"cice"},
{"name":"ModelAdvance", "ph":"E", "ts":"1642062618", "pid":"1", "tid":"cice"},
{"name":"ModelAdvance", "ph":"B", "ts":"1642196216", "pid":"1", "tid":"cice"},
{"name":"ModelAdvance", "ph":"E", "ts":"1642662502", "pid":"1", "tid":"cice"},
{"name":"ModelAdvance", "ph":"B", "ts":"1642815973", "pid":"1", "tid":"cice"},
{"name":"ModelAdvance", "ph":"E", "ts":"1643286885", "pid":"1", "tid":"cice"},
{"name":"ModelAdvance", "ph":"B", "ts":"1643425337", "pid":"1", "tid":"cice"},
{"name":"ModelAdvance", "ph":"E", "ts":"1643901891", "pid":"1", "tid":"cice"},
{"name":"ModelAdvance", "ph":"B", "ts":"1644035656", "pid":"1", "tid":"cice"},
{"name":"ModelAdvance", "ph":"E", "ts":"1644505364", "pid":"1", "tid":"cice"},
{"name":"ModelAdvance", "ph":"B", "ts":"1644662609", "pid":"1", "tid":"cice"},
{"name":"ModelAdvance", "ph":"E", "ts":"1645149416", "pid":"1", "tid":"cice"},
{"name":"ModelAdvance", "ph":"B", "ts":"1645266950", "pid":"1", "tid":"cice"},
{"name":"ModelAdvance", "ph":"E", "ts":"1645744849", "pid":"1", "tid":"cice"},
{"name":"ModelAdvance", "ph":"B", "ts":"1645868594", "pid":"1", "tid":"cice"},
{"name":"ModelAdvance", "ph":"E", "ts":"1646337460", "pid":"1", "tid":"cice"},
{"name":"ModelAdvance", "ph":"B", "ts":"1646480818", "pid":"1", "tid":"cice"},
{"name":"ModelAdvance", "ph":"E", "ts":"1646959236", "pid":"1", "tid":"cice"},
{"name":"ModelAdvance", "ph":"B", "ts":"1647077877", "pid":"1", "tid":"cice"},
{"name":"ModelAdvance", "ph":"E", "ts":"1647548926", "pid":"1", "tid":"cice"},
{"name":"ModelAdvance", "ph":"B", "ts":"1647684544", "pid":"1", "tid":"cice"},
{"name":"ModelAdvance", "ph":"E", "ts":"1648158081", "pid":"1", "tid":"cice"},
{"name":"ModelAdvance", "ph":"B", "ts":"1648301666", "pid":"1", "tid":"cice"},
{"name":"ModelAdvance", "ph":"E", "ts":"1648772672", "pid":"1", "tid":"cice"},
{"name":"ModelAdvance", "ph":"B", "ts":"1648913190", "pid":"1", "tid":"cice"},
{"name":"ModelAdvance", "ph":"E", "ts":"1649391972", "pid":"1", "tid":"cice"},
{"name":"ModelAdvance", "ph":"B", "ts":"1649515664", "pid":"1", "tid":"cice"},
{"name":"ModelAdvance", "ph":"E", "ts":"1649981075", "pid":"1", "tid":"cice"},
{"name":"ModelAdvance", "ph":"B", "ts":"1650117589", "pid":"1", "tid":"cice"},
{"name":"ModelAdvance", "ph":"E", "ts":"1650597905", "pid":"1", "tid":"cice"},
{"name":"ModelAdvance", "ph":"B", "ts":"1650729332", "pid":"1", "tid":"cice"},
{"name":"ModelAdvance", "ph":"E", "ts":"1651205984", "pid":"1", "tid":"cice"},
{"name":"ModelAdvance", "ph":"B", "ts":"1651338921", "pid":"1", "tid":"cice"},
{"name":"ModelAdvance", "ph":"E", "ts":"1651816150", "pid":"1", "tid":"cice"},
{"name":"ModelFinalize", "ph":"B", "ts":"1651820872", "pid":"1", "tid":"cice"},
{"name":"ModelFinalize", "ph":"E", "ts":"1651820948", "pid":"1", "tid":"cice"},
