{"name":"SetServices", "ph":"B", "ts":"1874288108", "pid":"1", "tid":"cice"},
{"name":"SetServices", "ph":"E", "ts":"1874289845", "pid":"1", "tid":"cice"},
{"name":"InitializeP0", "ph":"B", "ts":"1875087318", "pid":"1", "tid":"cice"},
{"name":"InitializeP0", "ph":"E", "ts":"1875087447", "pid":"1", "tid":"cice"},
{"name":"InitializeAdvertise", "ph":"B", "ts":"1901645825", "pid":"1", "tid":"cice"},
{"name":"InitializeAdvertise", "ph":"E", "ts":"1910043063", "pid":"1", "tid":"cice"},
{"name":"InitializeRealize", "ph":"B", "ts":"2104414826", "pid":"1", "tid":"cice"},
{"name":"InitializeRealize", "ph":"E", "ts":"2116725213", "pid":"1", "tid":"cice"},
{"name":"ModelAdvance", "ph":"B", "ts":"2193489850", "pid":"1", "tid":"cice"},
{"name":"ModelAdvance", "ph":"E", "ts":"2194057323", "pid":"1", "tid":"cice"},
{"name":"ModelAdvance", "ph":"B", "ts":"2197808831", "pid":"1", "tid":"cice"},
{"name":"ModelAdvance", "ph":"E", "ts":"2198304051", "pid":"1", "tid":"cice"},
{"name":"ModelAdvance", "ph":"B", "ts":"2198421774", "pid":"1", "tid":"cice"},
{"name":"ModelAdvance", "ph":"E", "ts":"2198896537", "pid":"1", "tid":"cice"},
{"name":"ModelAdvance", "ph":"B", "ts":"2199016361", "pid":"1", "tid":"cice"},
{"name":"ModelAdvance", "ph":"E", "ts":"2199482014", "pid":"1", "tid":"cice"},
{"name":"ModelAdvance", "ph":"B", "ts":"2199611495", "pid":"1", "tid":"cice"},
{"name":"ModelAdvance", "ph":"E", "ts":"2200099409", "pid":"1", "tid":"cice"},
{"name":"ModelAdvance", "ph":"B", "ts":"2200221789", "pid":"1", "tid":"cice"},
{"name":"ModelAdvance", "ph":"E", "ts":"2200691180", "pid":"1", "tid":"cice"},
{"name":"ModelAdvance", "ph":"B", "ts":"2200823401", "pid":"1", "tid":"cice"},
{"name":"ModelAdvance", "ph":"E", "ts":"2201297987", "pid":"1", "tid":"cice"},
{"name":"ModelAdvance", "ph":"B", "ts":"2201425404", "pid":"1", "tid":"cice"},
{"name":"ModelAdvance", "ph":"E", "ts":"2201887791", "pid":"1", "tid":"cice"},
{"name":"ModelAdvance", "ph":"B", "ts":"2202028120", "pid":"1", "tid":"cice"},
{"name":"ModelAdvance", "ph":"E", "ts":"2202498103", "pid":"1", "tid":"cice"},
{"name":"ModelAdvance", "ph":"B", "ts":"2202646808", "pid":"1", "tid":"cice"},
{"name":"ModelAdvance", "ph":"E", "ts":"2203178450", "pid":"1", "tid":"cice"},
{"name":"ModelAdvance", "ph":"B", "ts":"2203275378", "pid":"1", "tid":"cice"},
{"name":"ModelAdvance", "ph":"E", "ts":"2203740517", "pid":"1", "tid":"cice"},
{"name":"ModelAdvance", "ph":"B", "ts":"2203881305", "pid":"1", "tid":"cice"},
{"name":"ModelAdvance", "ph":"E", "ts":"2204347924", "pid":"1", "tid":"cice"},
{"name":"ModelAdvance", "ph":"B", "ts":"2206592236", "pid":"1", "tid":"cice"},
{"name":"ModelAdvance", "ph":"E", "ts":"2207065198", "pid":"1", "tid":"cice"},
{"name":"ModelAdvance", "ph":"B", "ts":"2207192698", "pid":"1", "tid":"cice"},
{"name":"ModelAdvance", "ph":"E", "ts":"2207667765", "pid":"1", "tid":"cice"},
{"name":"ModelAdvance", "ph":"B", "ts":"2207790306", "pid":"1", "tid":"cice"},
{"name":"ModelAdvance", "ph":"E", "ts":"2208259957", "pid":"1", "tid":"cice"},
{"name":"ModelAdvance", "ph":"B", "ts":"2208390913", "pid":"1", "tid":"cice"},
{"name":"ModelAdvance", "ph":"E", "ts":"2208857977", "pid":"1", "tid":"cice"},
{"name":"ModelAdvance", "ph":"B", "ts":"2208988400", "pid":"1", "tid":"cice"},
{"name":"ModelAdvance", "ph":"E", "ts":"2209452711", "pid":"1", "tid":"cice"},
{"name":"ModelAdvance", "ph":"B", "ts":"2209599309", "pid":"1", "tid":"cice"},
{"name":"ModelAdvance", "ph":"E", "ts":"2210064612", "pid":"1", "tid":"cice"},
{"name":"ModelAdvance", "ph":"B", "ts":"2210192105", "pid":"1", "tid":"cice"},
{"name":"ModelAdvance", "ph":"E", "ts":"2210673523", "pid":"1", "tid":"cice"},
{"name":"ModelAdvance", "ph":"B", "ts":"2210791879", "pid":"1", "tid":"cice"},
{"name":"ModelAdvance", "ph":"E", "ts":"2211266879", "pid":"1", "tid":"cice"},
{"name":"ModelAdvance", "ph":"B", "ts":"2211386139", "pid":"1", "tid":"cice"},
{"name":"ModelAdvance", "ph":"E", "ts":"2211852852", "pid":"1", "tid":"cice"},
{"name":"ModelAdvance", "ph":"B", "ts":"2211984005", "pid":"1", "tid":"cice"},
{"name":"ModelAdvance", "ph":"E", "ts":"2212452186", "pid":"1", "tid":"cice"},
{"name":"ModelAdvance", "ph":"B", "ts":"2212588067", "pid":"1", "tid":"cice"},
{"name":"ModelAdvance", "ph":"E", "ts":"2213060053", "pid":"1", "tid":"cice"},
{"name":"ModelAdvance", "ph":"B", "ts":"2213184722", "pid":"1", "tid":"cice"},
{"name":"ModelAdvance", "ph":"E", "ts":"2213652444", "pid":"1", "tid":"cice"},
{"name":"ModelAdvance", "ph":"B", "ts":"2213831611", "pid":"1", "tid":"cice"},
{"name":"ModelAdvance", "ph":"E", "ts":"2214300503", "pid":"1", "tid":"cice"},
{"name":"ModelAdvance", "ph":"B", "ts":"2215104002", "pid":"1", "tid":"cice"},
{"name":"ModelAdvance", "ph":"E", "ts":"2215573410", "pid":"1", "tid":"cice"},
{"name":"ModelAdvance", "ph":"B", "ts":"2215703023", "pid":"1", "tid":"cice"},
{"name":"ModelAdvance", "ph":"E", "ts":"2216169963", "pid":"1", "tid":"cice"},
{"name":"ModelAdvance", "ph":"B", "ts":"2216300027", "pid":"1", "tid":"cice"},
{"name":"ModelAdvance", "ph":"E", "ts":"2216767056", "pid":"1", "tid":"cice"},
{"name":"ModelAdvance", "ph":"B", "ts":"2216899321", "pid":"1", "tid":"cice"},
{"name":"ModelAdvance", "ph":"E", "ts":"2217365661", "pid":"1", "tid":"cice"},
{"name":"ModelAdvance", "ph":"B", "ts":"2217508402", "pid":"1", "tid":"cice"},
{"name":"ModelAdvance", "ph":"E", "ts":"2217981503", "pid":"1", "tid":"cice"},
{"name":"ModelAdvance", "ph":"B", "ts":"2218107538", "pid":"1", "tid":"cice"},
{"name":"ModelAdvance", "ph":"E", "ts":"2218585274", "pid":"1", "tid":"cice"},
{"name":"ModelAdvance", "ph":"B", "ts":"2218703374", "pid":"1", "tid":"cice"},
{"name":"ModelAdvance", "ph":"E", "ts":"2219180705", "pid":"1", "tid":"cice"},
{"name":"ModelAdvance", "ph":"B", "ts":"2219310417", "pid":"1", "tid":"cice"},
{"name":"ModelAdvance", "ph":"E", "ts":"2219785272", "pid":"1", "tid":"cice"},
{"name":"ModelAdvance", "ph":"B", "ts":"2219907406", "pid":"1", "tid":"cice"},
{"name":"ModelAdvance", "ph":"E", "ts":"2220373019", "pid":"1", "tid":"cice"},
{"name":"ModelAdvance", "ph":"B", "ts":"2220509755", "pid":"1", "tid":"cice"},
{"name":"ModelAdvance", "ph":"E", "ts":"2220978888", "pid":"1", "tid":"cice"},
{"name":"ModelAdvance", "ph":"B", "ts":"2221106821", "pid":"1", "tid":"cice"},
{"name":"ModelAdvance", "ph":"E", "ts":"2221571474", "pid":"1", "tid":"cice"},
{"name":"ModelAdvance", "ph":"B", "ts":"2221729194", "pid":"1", "tid":"cice"},
{"name":"ModelAdvance", "ph":"E", "ts":"2222206568", "pid":"1", "tid":"cice"},
{"name":"ModelAdvance", "ph":"B", "ts":"2222337728", "pid":"1", "tid":"cice"},
{"name":"ModelAdvance", "ph":"E", "ts":"2222808204", "pid":"1", "tid":"cice"},
{"name":"ModelAdvance", "ph":"B", "ts":"2222940389", "pid":"1", "tid":"cice"},
{"name":"ModelAdvance", "ph":"E", "ts":"2223409780", "pid":"1", "tid":"cice"},
{"name":"ModelAdvance", "ph":"B", "ts":"2223545490", "pid":"1", "tid":"cice"},
{"name":"ModelAdvance", "ph":"E", "ts":"2224011754", "pid":"1", "tid":"cice"},
{"name":"ModelAdvance", "ph":"B", "ts":"2224148864", "pid":"1", "tid":"cice"},
{"name":"ModelAdvance", "ph":"E", "ts":"2224615025", "pid":"1", "tid":"cice"},
{"name":"ModelAdvance", "ph":"B", "ts":"2224753920", "pid":"1", "tid":"cice"},
{"name":"ModelAdvance", "ph":"E", "ts":"2225222831", "pid":"1", "tid":"cice"},
{"name":"ModelAdvance", "ph":"B", "ts":"2225356186", "pid":"1", "tid":"cice"},
{"name":"ModelAdvance", "ph":"E", "ts":"2225821856", "pid":"1", "tid":"cice"},
{"name":"ModelAdvance", "ph":"B", "ts":"2225958771", "pid":"1", "tid":"cice"},
{"name":"ModelAdvance", "ph":"E", "ts":"2226427151", "pid":"1", "tid":"cice"},
{"name":"ModelAdvance", "ph":"B", "ts":"2226568146", "pid":"1", "tid":"cice"},
{"name":"ModelAdvance", "ph":"E", "ts":"2227037984", "pid":"1", "tid":"cice"},
{"name":"ModelAdvance", "ph":"B", "ts":"2227184016", "pid":"1", "tid":"cice"},
{"name":"ModelAdvance", "ph":"E", "ts":"2227659663", "pid":"1", "tid":"cice"},
{"name":"ModelAdvance", "ph":"B", "ts":"2227805176", "pid":"1", "tid":"cice"},
{"name":"ModelAdvance", "ph":"E", "ts":"2228280447", "pid":"1", "tid":"cice"},
{"name":"ModelAdvance", "ph":"B", "ts":"2228406990", "pid":"1", "tid":"cice"},
{"name":"ModelAdvance", "ph":"E", "ts":"2228875889", "pid":"1", "tid":"cice"},
{"name":"ModelAdvance", "ph":"B", "ts":"2229030770", "pid":"1", "tid":"cice"},
{"name":"ModelAdvance", "ph":"E", "ts":"2229501314", "pid":"1", "tid":"cice"},
{"name":"ModelAdvance", "ph":"B", "ts":"2230307361", "pid":"1", "tid":"cice"},
{"name":"ModelAdvance", "ph":"E", "ts":"2230773235", "pid":"1", "tid":"cice"},
{"name":"ModelAdvance", "ph":"B", "ts":"2230907455", "pid":"1", "tid":"cice"},
{"name":"ModelAdvance", "ph":"E", "ts":"2231375560", "pid":"1", "tid":"cice"},
{"name":"ModelAdvance", "ph":"B", "ts":"2231514372", "pid":"1", "tid":"cice"},
{"name":"ModelAdvance", "ph":"E", "ts":"2231987645", "pid":"1", "tid":"cice"},
{"name":"ModelAdvance", "ph":"B", "ts":"2232122910", "pid":"1", "tid":"cice"},
{"name":"ModelAdvance", "ph":"E", "ts":"2232587501", "pid":"1", "tid":"cice"},
{"name":"ModelAdvance", "ph":"B", "ts":"2232726146", "pid":"1", "tid":"cice"},
{"name":"ModelAdvance", "ph":"E", "ts":"2233194216", "pid":"1", "tid":"cice"},
{"name":"ModelAdvance", "ph":"B", "ts":"2233324452", "pid":"1", "tid":"cice"},
{"name":"ModelAdvance", "ph":"E", "ts":"2233790415", "pid":"1", "tid":"cice"},
{"name":"ModelAdvance", "ph":"B", "ts":"2233933646", "pid":"1", "tid":"cice"},
{"name":"ModelAdvance", "ph":"E", "ts":"2234400347", "pid":"1", "tid":"cice"},
{"name":"ModelAdvance", "ph":"B", "ts":"2234532318", "pid":"1", "tid":"cice"},
{"name":"ModelAdvance", "ph":"E", "ts":"2235043180", "pid":"1", "tid":"cice"},
{"name":"ModelAdvance", "ph":"B", "ts":"2235166893", "pid":"1", "tid":"cice"},
{"name":"ModelAdvance", "ph":"E", "ts":"2235633529", "pid":"1", "tid":"cice"},
{"name":"ModelAdvance", "ph":"B", "ts":"2236108178", "pid":"1", "tid":"cice"},
{"name":"ModelAdvance", "ph":"E", "ts":"2236576627", "pid":"1", "tid":"cice"},
{"name":"ModelAdvance", "ph":"B", "ts":"2236746393", "pid":"1", "tid":"cice"},
{"name":"ModelAdvance", "ph":"E", "ts":"2237214985", "pid":"1", "tid":"cice"},
{"name":"ModelAdvance", "ph":"B", "ts":"2237361300", "pid":"1", "tid":"cice"},
{"name":"ModelAdvance", "ph":"E", "ts":"2237831078", "pid":"1", "tid":"cice"},
{"name":"ModelAdvance", "ph":"B", "ts":"2237981489", "pid":"1", "tid":"cice"},
{"name":"ModelAdvance", "ph":"E", "ts":"2238451367", "pid":"1", "tid":"cice"},
{"name":"ModelAdvance", "ph":"B", "ts":"2238593798", "pid":"1", "tid":"cice"},
{"name":"ModelAdvance", "ph":"E", "ts":"2239061218", "pid":"1", "tid":"cice"},
{"name":"ModelAdvance", "ph":"B", "ts":"2239199539", "pid":"1", "tid":"cice"},
{"name":"ModelAdvance", "ph":"E", "ts":"2239677193", "pid":"1", "tid":"cice"},
{"name":"ModelAdvance", "ph":"B", "ts":"2239808301", "pid":"1", "tid":"cice"},
{"name":"ModelAdvance", "ph":"E", "ts":"2240276591", "pid":"1", "tid":"cice"},
{"name":"ModelAdvance", "ph":"B", "ts":"2240429210", "pid":"1", "tid":"cice"},
{"name":"ModelAdvance", "ph":"E", "ts":"2240901072", "pid":"1", "tid":"cice"},
{"name":"ModelAdvance", "ph":"B", "ts":"2241042536", "pid":"1", "tid":"cice"},
{"name":"ModelAdvance", "ph":"E", "ts":"2241506749", "pid":"1", "tid":"cice"},
{"name":"ModelAdvance", "ph":"B", "ts":"2241648985", "pid":"1", "tid":"cice"},
{"name":"ModelAdvance", "ph":"E", "ts":"2242122649", "pid":"1", "tid":"cice"},
{"name":"ModelAdvance", "ph":"B", "ts":"2242263249", "pid":"1", "tid":"cice"},
{"name":"ModelAdvance", "ph":"E", "ts":"2242760243", "pid":"1", "tid":"cice"},
{"name":"ModelAdvance", "ph":"B", "ts":"2242891538", "pid":"1", "tid":"cice"},
{"name":"ModelAdvance", "ph":"E", "ts":"2243357195", "pid":"1", "tid":"cice"},
{"name":"ModelAdvance", "ph":"B", "ts":"2243496539", "pid":"1", "tid":"cice"},
{"name":"ModelAdvance", "ph":"E", "ts":"2243963765", "pid":"1", "tid":"cice"},
{"name":"ModelAdvance", "ph":"B", "ts":"2244097024", "pid":"1", "tid":"cice"},
{"name":"ModelAdvance", "ph":"E", "ts":"2244566503", "pid":"1", "tid":"cice"},
{"name":"ModelAdvance", "ph":"B", "ts":"2261123104", "pid":"1", "tid":"cice"},
{"name":"ModelAdvance", "ph":"E", "ts":"2261606949", "pid":"1", "tid":"cice"},
{"name":"ModelAdvance", "ph":"B", "ts":"2262412916", "pid":"1", "tid":"cice"},
{"name":"ModelAdvance", "ph":"E", "ts":"2262880941", "pid":"1", "tid":"cice"},
{"name":"ModelAdvance", "ph":"B", "ts":"2263011294", "pid":"1", "tid":"cice"},
{"name":"ModelAdvance", "ph":"E", "ts":"2263488408", "pid":"1", "tid":"cice"},
{"name":"ModelAdvance", "ph":"B", "ts":"2263623417", "pid":"1", "tid":"cice"},
{"name":"ModelAdvance", "ph":"E", "ts":"2264102151", "pid":"1", "tid":"cice"},
{"name":"ModelAdvance", "ph":"B", "ts":"2264229607", "pid":"1", "tid":"cice"},
{"name":"ModelAdvance", "ph":"E", "ts":"2264700025", "pid":"1", "tid":"cice"},
{"name":"ModelAdvance", "ph":"B", "ts":"2264849137", "pid":"1", "tid":"cice"},
{"name":"ModelAdvance", "ph":"E", "ts":"2265317215", "pid":"1", "tid":"cice"},
{"name":"ModelAdvance", "ph":"B", "ts":"2265453459", "pid":"1", "tid":"cice"},
{"name":"ModelAdvance", "ph":"E", "ts":"2265928659", "pid":"1", "tid":"cice"},
{"name":"ModelAdvance", "ph":"B", "ts":"2266071088", "pid":"1", "tid":"cice"},
{"name":"ModelAdvance", "ph":"E", "ts":"2266536644", "pid":"1", "tid":"cice"},
{"name":"ModelAdvance", "ph":"B", "ts":"2266681419", "pid":"1", "tid":"cice"},
{"name":"ModelAdvance", "ph":"E", "ts":"2267157205", "pid":"1", "tid":"cice"},
{"name":"ModelAdvance", "ph":"B", "ts":"2267288800", "pid":"1", "tid":"cice"},
{"name":"ModelAdvance", "ph":"E", "ts":"2267761349", "pid":"1", "tid":"cice"},
{"name":"ModelAdvance", "ph":"B", "ts":"2267895191", "pid":"1", "tid":"cice"},
{"name":"ModelAdvance", "ph":"E", "ts":"2268368825", "pid":"1", "tid":"cice"},
{"name":"ModelAdvance", "ph":"B", "ts":"2268496888", "pid":"1", "tid":"cice"},
{"name":"ModelAdvance", "ph":"E", "ts":"2268965483", "pid":"1", "tid":"cice"},
{"name":"ModelAdvance", "ph":"B", "ts":"2269133513", "pid":"1", "tid":"cice"},
{"name":"ModelAdvance", "ph":"E", "ts":"2269611017", "pid":"1", "tid":"cice"},
{"name":"ModelAdvance", "ph":"B", "ts":"2269737581", "pid":"1", "tid":"cice"},
{"name":"ModelAdvance", "ph":"E", "ts":"2270211030", "pid":"1", "tid":"cice"},
{"name":"ModelAdvance", "ph":"B", "ts":"2270348821", "pid":"1", "tid":"cice"},
{"name":"ModelAdvance", "ph":"E", "ts":"2270820221", "pid":"1", "tid":"cice"},
{"name":"ModelAdvance", "ph":"B", "ts":"2270956483", "pid":"1", "tid":"cice"},
{"name":"ModelAdvance", "ph":"E", "ts":"2271425586", "pid":"1", "tid":"cice"},
{"name":"ModelAdvance", "ph":"B", "ts":"2271562826", "pid":"1", "tid":"cice"},
{"name":"ModelAdvance", "ph":"E", "ts":"2272029664", "pid":"1", "tid":"cice"},
{"name":"ModelAdvance", "ph":"B", "ts":"2272161166", "pid":"1", "tid":"cice"},
{"name":"ModelAdvance", "ph":"E", "ts":"2272630856", "pid":"1", "tid":"cice"},
{"name":"ModelAdvance", "ph":"B", "ts":"2272761808", "pid":"1", "tid":"cice"},
{"name":"ModelAdvance", "ph":"E", "ts":"2273230695", "pid":"1", "tid":"cice"},
{"name":"ModelAdvance", "ph":"B", "ts":"2273376461", "pid":"1", "tid":"cice"},
{"name":"ModelAdvance", "ph":"E", "ts":"2273845486", "pid":"1", "tid":"cice"},
{"name":"ModelAdvance", "ph":"B", "ts":"2273984218", "pid":"1", "tid":"cice"},
{"name":"ModelAdvance", "ph":"E", "ts":"2274451384", "pid":"1", "tid":"cice"},
{"name":"ModelAdvance", "ph":"B", "ts":"2274587276", "pid":"1", "tid":"cice"},
{"name":"ModelAdvance", "ph":"E", "ts":"2275053425", "pid":"1", "tid":"cice"},
{"name":"ModelAdvance", "ph":"B", "ts":"2275207099", "pid":"1", "tid":"cice"},
{"name":"ModelAdvance", "ph":"E", "ts":"2275685714", "pid":"1", "tid":"cice"},
{"name":"ModelAdvance", "ph":"B", "ts":"2275817454", "pid":"1", "tid":"cice"},
{"name":"ModelAdvance", "ph":"E", "ts":"2276286881", "pid":"1", "tid":"cice"},
{"name":"ModelAdvance", "ph":"B", "ts":"2276439037", "pid":"1", "tid":"cice"},
{"name":"ModelAdvance", "ph":"E", "ts":"2276909099", "pid":"1", "tid":"cice"},
{"name":"ModelAdvance", "ph":"B", "ts":"2277731913", "pid":"1", "tid":"cice"},
{"name":"ModelAdvance", "ph":"E", "ts":"2278200013", "pid":"1", "tid":"cice"},
{"name":"ModelAdvance", "ph":"B", "ts":"2279454522", "pid":"1", "tid":"cice"},
{"name":"ModelAdvance", "ph":"E", "ts":"2279923727", "pid":"1", "tid":"cice"},
{"name":"ModelAdvance", "ph":"B", "ts":"2280052899", "pid":"1", "tid":"cice"},
{"name":"ModelAdvance", "ph":"E", "ts":"2280522295", "pid":"1", "tid":"cice"},
{"name":"ModelAdvance", "ph":"B", "ts":"2280676194", "pid":"1", "tid":"cice"},
{"name":"ModelAdvance", "ph":"E", "ts":"2281143088", "pid":"1", "tid":"cice"},
{"name":"ModelAdvance", "ph":"B", "ts":"2281282868", "pid":"1", "tid":"cice"},
{"name":"ModelAdvance", "ph":"E", "ts":"2281748729", "pid":"1", "tid":"cice"},
{"name":"ModelAdvance", "ph":"B", "ts":"2281888183", "pid":"1", "tid":"cice"},
{"name":"ModelAdvance", "ph":"E", "ts":"2282353590", "pid":"1", "tid":"cice"},
{"name":"ModelAdvance", "ph":"B", "ts":"2282512796", "pid":"1", "tid":"cice"},
{"name":"ModelAdvance", "ph":"E", "ts":"2282990313", "pid":"1", "tid":"cice"},
{"name":"ModelAdvance", "ph":"B", "ts":"2283130872", "pid":"1", "tid":"cice"},
{"name":"ModelAdvance", "ph":"E", "ts":"2283596387", "pid":"1", "tid":"cice"},
{"name":"ModelAdvance", "ph":"B", "ts":"2283736052", "pid":"1", "tid":"cice"},
{"name":"ModelAdvance", "ph":"E", "ts":"2284207442", "pid":"1", "tid":"cice"},
{"name":"ModelAdvance", "ph":"B", "ts":"2284349923", "pid":"1", "tid":"cice"},
{"name":"ModelAdvance", "ph":"E", "ts":"2284817907", "pid":"1", "tid":"cice"},
{"name":"ModelAdvance", "ph":"B", "ts":"2284963927", "pid":"1", "tid":"cice"},
{"name":"ModelAdvance", "ph":"E", "ts":"2285436305", "pid":"1", "tid":"cice"},
{"name":"ModelAdvance", "ph":"B", "ts":"2285592600", "pid":"1", "tid":"cice"},
{"name":"ModelAdvance", "ph":"E", "ts":"2286064294", "pid":"1", "tid":"cice"},
{"name":"ModelAdvance", "ph":"B", "ts":"2286211401", "pid":"1", "tid":"cice"},
{"name":"ModelAdvance", "ph":"E", "ts":"2286678679", "pid":"1", "tid":"cice"},
{"name":"ModelAdvance", "ph":"B", "ts":"2286822567", "pid":"1", "tid":"cice"},
{"name":"ModelAdvance", "ph":"E", "ts":"2287290546", "pid":"1", "tid":"cice"},
{"name":"ModelAdvance", "ph":"B", "ts":"2287436067", "pid":"1", "tid":"cice"},
{"name":"ModelAdvance", "ph":"E", "ts":"2287905435", "pid":"1", "tid":"cice"},
{"name":"ModelAdvance", "ph":"B", "ts":"2288056372", "pid":"1", "tid":"cice"},
{"name":"ModelAdvance", "ph":"E", "ts":"2288519817", "pid":"1", "tid":"cice"},
{"name":"ModelAdvance", "ph":"B", "ts":"2288664949", "pid":"1", "tid":"cice"},
{"name":"ModelAdvance", "ph":"E", "ts":"2289134793", "pid":"1", "tid":"cice"},
{"name":"ModelAdvance", "ph":"B", "ts":"2289282952", "pid":"1", "tid":"cice"},
{"name":"ModelAdvance", "ph":"E", "ts":"2289758590", "pid":"1", "tid":"cice"},
{"name":"ModelAdvance", "ph":"B", "ts":"2289924165", "pid":"1", "tid":"cice"},
{"name":"ModelAdvance", "ph":"E", "ts":"2290400461", "pid":"1", "tid":"cice"},
{"name":"ModelAdvance", "ph":"B", "ts":"2290537757", "pid":"1", "tid":"cice"},
{"name":"ModelAdvance", "ph":"E", "ts":"2291007969", "pid":"1", "tid":"cice"},
{"name":"ModelAdvance", "ph":"B", "ts":"2291162887", "pid":"1", "tid":"cice"},
{"name":"ModelAdvance", "ph":"E", "ts":"2291638310", "pid":"1", "tid":"cice"},
{"name":"ModelAdvance", "ph":"B", "ts":"2291784576", "pid":"1", "tid":"cice"},
{"name":"ModelAdvance", "ph":"E", "ts":"2292249386", "pid":"1", "tid":"cice"},
{"name":"ModelAdvance", "ph":"B", "ts":"2292394383", "pid":"1", "tid":"cice"},
{"name":"ModelAdvance", "ph":"E", "ts":"2292863855", "pid":"1", "tid":"cice"},
{"name":"ModelAdvance", "ph":"B", "ts":"2293021125", "pid":"1", "tid":"cice"},
{"name":"ModelAdvance", "ph":"E", "ts":"2293491039", "pid":"1", "tid":"cice"},
{"name":"ModelAdvance", "ph":"B", "ts":"2294297884", "pid":"1", "tid":"cice"},
{"name":"ModelAdvance", "ph":"E", "ts":"2294767842", "pid":"1", "tid":"cice"},
{"name":"ModelAdvance", "ph":"B", "ts":"2294916725", "pid":"1", "tid":"cice"},
{"name":"ModelAdvance", "ph":"E", "ts":"2295390877", "pid":"1", "tid":"cice"},
{"name":"ModelAdvance", "ph":"B", "ts":"2295578980", "pid":"1", "tid":"cice"},
{"name":"ModelAdvance", "ph":"E", "ts":"2296046464", "pid":"1", "tid":"cice"},
{"name":"ModelAdvance", "ph":"B", "ts":"2296198703", "pid":"1", "tid":"cice"},
{"name":"ModelAdvance", "ph":"E", "ts":"2296672482", "pid":"1", "tid":"cice"},
{"name":"ModelAdvance", "ph":"B", "ts":"2296817384", "pid":"1", "tid":"cice"},
{"name":"ModelAdvance", "ph":"E", "ts":"2297291095", "pid":"1", "tid":"cice"},
{"name":"ModelAdvance", "ph":"B", "ts":"2297426882", "pid":"1", "tid":"cice"},
{"name":"ModelAdvance", "ph":"E", "ts":"2297894620", "pid":"1", "tid":"cice"},
{"name":"ModelAdvance", "ph":"B", "ts":"2298040203", "pid":"1", "tid":"cice"},
{"name":"ModelAdvance", "ph":"E", "ts":"2298505993", "pid":"1", "tid":"cice"},
{"name":"ModelAdvance", "ph":"B", "ts":"2298660255", "pid":"1", "tid":"cice"},
{"name":"ModelAdvance", "ph":"E", "ts":"2299131295", "pid":"1", "tid":"cice"},
{"name":"ModelAdvance", "ph":"B", "ts":"2299285475", "pid":"1", "tid":"cice"},
{"name":"ModelAdvance", "ph":"E", "ts":"2299753445", "pid":"1", "tid":"cice"},
{"name":"ModelAdvance", "ph":"B", "ts":"2299890255", "pid":"1", "tid":"cice"},
{"name":"ModelAdvance", "ph":"E", "ts":"2300360000", "pid":"1", "tid":"cice"},
{"name":"ModelAdvance", "ph":"B", "ts":"2300493814", "pid":"1", "tid":"cice"},
{"name":"ModelAdvance", "ph":"E", "ts":"2300959177", "pid":"1", "tid":"cice"},
{"name":"ModelAdvance", "ph":"B", "ts":"2301131142", "pid":"1", "tid":"cice"},
{"name":"ModelAdvance", "ph":"E", "ts":"2301608274", "pid":"1", "tid":"cice"},
{"name":"ModelAdvance", "ph":"B", "ts":"2301753030", "pid":"1", "tid":"cice"},
{"name":"ModelAdvance", "ph":"E", "ts":"2302221426", "pid":"1", "tid":"cice"},
{"name":"ModelAdvance", "ph":"B", "ts":"2302368563", "pid":"1", "tid":"cice"},
{"name":"ModelAdvance", "ph":"E", "ts":"2302832790", "pid":"1", "tid":"cice"},
{"name":"ModelAdvance", "ph":"B", "ts":"2302986274", "pid":"1", "tid":"cice"},
{"name":"ModelAdvance", "ph":"E", "ts":"2303452894", "pid":"1", "tid":"cice"},
{"name":"ModelAdvance", "ph":"B", "ts":"2303609484", "pid":"1", "tid":"cice"},
{"name":"ModelAdvance", "ph":"E", "ts":"2304076820", "pid":"1", "tid":"cice"},
{"name":"ModelAdvance", "ph":"B", "ts":"2304215642", "pid":"1", "tid":"cice"},
{"name":"ModelAdvance", "ph":"E", "ts":"2304681162", "pid":"1", "tid":"cice"},
{"name":"ModelAdvance", "ph":"B", "ts":"2304834534", "pid":"1", "tid":"cice"},
{"name":"ModelAdvance", "ph":"E", "ts":"2305297844", "pid":"1", "tid":"cice"},
{"name":"ModelAdvance", "ph":"B", "ts":"2305450132", "pid":"1", "tid":"cice"},
{"name":"ModelAdvance", "ph":"E", "ts":"2305920346", "pid":"1", "tid":"cice"},
{"name":"ModelAdvance", "ph":"B", "ts":"2306070223", "pid":"1", "tid":"cice"},
{"name":"ModelAdvance", "ph":"E", "ts":"2306536488", "pid":"1", "tid":"cice"},
{"name":"ModelAdvance", "ph":"B", "ts":"2306675545", "pid":"1", "tid":"cice"},
{"name":"ModelAdvance", "ph":"E", "ts":"2307140561", "pid":"1", "tid":"cice"},
{"name":"ModelAdvance", "ph":"B", "ts":"2307315402", "pid":"1", "tid":"cice"},
{"name":"ModelAdvance", "ph":"E", "ts":"2307787524", "pid":"1", "tid":"cice"},
{"name":"ModelAdvance", "ph":"B", "ts":"2307940475", "pid":"1", "tid":"cice"},
{"name":"ModelAdvance", "ph":"E", "ts":"2308512219", "pid":"1", "tid":"cice"},
{"name":"ModelAdvance", "ph":"B", "ts":"2308562696", "pid":"1", "tid":"cice"},
{"name":"ModelAdvance", "ph":"E", "ts":"2309030905", "pid":"1", "tid":"cice"},
{"name":"ModelAdvance", "ph":"B", "ts":"2309840948", "pid":"1", "tid":"cice"},
{"name":"ModelAdvance", "ph":"E", "ts":"2310310525", "pid":"1", "tid":"cice"},
{"name":"ModelAdvance", "ph":"B", "ts":"2310446962", "pid":"1", "tid":"cice"},
{"name":"ModelAdvance", "ph":"E", "ts":"2310912156", "pid":"1", "tid":"cice"},
{"name":"ModelAdvance", "ph":"B", "ts":"2311054286", "pid":"1", "tid":"cice"},
{"name":"ModelAdvance", "ph":"E", "ts":"2311520772", "pid":"1", "tid":"cice"},
{"name":"ModelAdvance", "ph":"B", "ts":"2311713536", "pid":"1", "tid":"cice"},
{"name":"ModelAdvance", "ph":"E", "ts":"2312183223", "pid":"1", "tid":"cice"},
{"name":"ModelAdvance", "ph":"B", "ts":"2312324356", "pid":"1", "tid":"cice"},
{"name":"ModelAdvance", "ph":"E", "ts":"2312803872", "pid":"1", "tid":"cice"},
{"name":"ModelAdvance", "ph":"B", "ts":"2312932748", "pid":"1", "tid":"cice"},
{"name":"ModelAdvance", "ph":"E", "ts":"2313402479", "pid":"1", "tid":"cice"},
{"name":"ModelAdvance", "ph":"B", "ts":"2313588246", "pid":"1", "tid":"cice"},
{"name":"ModelAdvance", "ph":"E", "ts":"2314057351", "pid":"1", "tid":"cice"},
{"name":"ModelAdvance", "ph":"B", "ts":"2314250311", "pid":"1", "tid":"cice"},
{"name":"ModelAdvance", "ph":"E", "ts":"2314716959", "pid":"1", "tid":"cice"},
{"name":"ModelAdvance", "ph":"B", "ts":"2314870768", "pid":"1", "tid":"cice"},
{"name":"ModelAdvance", "ph":"E", "ts":"2315342009", "pid":"1", "tid":"cice"},
{"name":"ModelAdvance", "ph":"B", "ts":"2315472938", "pid":"1", "tid":"cice"},
{"name":"ModelAdvance", "ph":"E", "ts":"2315941528", "pid":"1", "tid":"cice"},
{"name":"ModelAdvance", "ph":"B", "ts":"2316112757", "pid":"1", "tid":"cice"},
{"name":"ModelAdvance", "ph":"E", "ts":"2316584013", "pid":"1", "tid":"cice"},
{"name":"ModelAdvance", "ph":"B", "ts":"2316744253", "pid":"1", "tid":"cice"},
{"name":"ModelAdvance", "ph":"E", "ts":"2317212810", "pid":"1", "tid":"cice"},
{"name":"ModelAdvance", "ph":"B", "ts":"2317357901", "pid":"1", "tid":"cice"},
{"name":"ModelAdvance", "ph":"E", "ts":"2317827776", "pid":"1", "tid":"cice"},
{"name":"ModelAdvance", "ph":"B", "ts":"2317963245", "pid":"1", "tid":"cice"},
{"name":"ModelAdvance", "ph":"E", "ts":"2318430208", "pid":"1", "tid":"cice"},
{"name":"ModelAdvance", "ph":"B", "ts":"2318579373", "pid":"1", "tid":"cice"},
{"name":"ModelAdvance", "ph":"E", "ts":"2319042839", "pid":"1", "tid":"cice"},
{"name":"ModelAdvance", "ph":"B", "ts":"2319191541", "pid":"1", "tid":"cice"},
{"name":"ModelAdvance", "ph":"E", "ts":"2319659376", "pid":"1", "tid":"cice"},
{"name":"ModelAdvance", "ph":"B", "ts":"2319809229", "pid":"1", "tid":"cice"},
{"name":"ModelAdvance", "ph":"E", "ts":"2320279477", "pid":"1", "tid":"cice"},
{"name":"ModelAdvance", "ph":"B", "ts":"2320412566", "pid":"1", "tid":"cice"},
{"name":"ModelAdvance", "ph":"E", "ts":"2320883947", "pid":"1", "tid":"cice"},
{"name":"ModelAdvance", "ph":"B", "ts":"2321016830", "pid":"1", "tid":"cice"},
{"name":"ModelAdvance", "ph":"E", "ts":"2321489946", "pid":"1", "tid":"cice"},
{"name":"ModelAdvance", "ph":"B", "ts":"2321628511", "pid":"1", "tid":"cice"},
{"name":"ModelAdvance", "ph":"E", "ts":"2322100538", "pid":"1", "tid":"cice"},
{"name":"ModelAdvance", "ph":"B", "ts":"2322239321", "pid":"1", "tid":"cice"},
{"name":"ModelAdvance", "ph":"E", "ts":"2322707833", "pid":"1", "tid":"cice"},
{"name":"ModelAdvance", "ph":"B", "ts":"2322847792", "pid":"1", "tid":"cice"},
{"name":"ModelAdvance", "ph":"E", "ts":"2323316688", "pid":"1", "tid":"cice"},
{"name":"ModelAdvance", "ph":"B", "ts":"2323459520", "pid":"1", "tid":"cice"},
{"name":"ModelAdvance", "ph":"E", "ts":"2323926651", "pid":"1", "tid":"cice"},
{"name":"ModelAdvance", "ph":"B", "ts":"2324072143", "pid":"1", "tid":"cice"},
{"name":"ModelAdvance", "ph":"E", "ts":"2324539487", "pid":"1", "tid":"cice"},
{"name":"ModelAdvance", "ph":"B", "ts":"2325364080", "pid":"1", "tid":"cice"},
{"name":"ModelAdvance", "ph":"E", "ts":"2325835247", "pid":"1", "tid":"cice"},
{"name":"ModelAdvance", "ph":"B", "ts":"2325963941", "pid":"1", "tid":"cice"},
{"name":"ModelAdvance", "ph":"E", "ts":"2326431181", "pid":"1", "tid":"cice"},
{"name":"ModelAdvance", "ph":"B", "ts":"2326570211", "pid":"1", "tid":"cice"},
{"name":"ModelAdvance", "ph":"E", "ts":"2327035625", "pid":"1", "tid":"cice"},
{"name":"ModelAdvance", "ph":"B", "ts":"2327176745", "pid":"1", "tid":"cice"},
{"name":"ModelAdvance", "ph":"E", "ts":"2327640472", "pid":"1", "tid":"cice"},
{"name":"ModelAdvance", "ph":"B", "ts":"2327785361", "pid":"1", "tid":"cice"},
{"name":"ModelAdvance", "ph":"E", "ts":"2328252206", "pid":"1", "tid":"cice"},
{"name":"ModelAdvance", "ph":"B", "ts":"2328394345", "pid":"1", "tid":"cice"},
{"name":"ModelAdvance", "ph":"E", "ts":"2328862298", "pid":"1", "tid":"cice"},
{"name":"ModelAdvance", "ph":"B", "ts":"2329028476", "pid":"1", "tid":"cice"},
{"name":"ModelAdvance", "ph":"E", "ts":"2329505538", "pid":"1", "tid":"cice"},
{"name":"ModelAdvance", "ph":"B", "ts":"2329686469", "pid":"1", "tid":"cice"},
{"name":"ModelAdvance", "ph":"E", "ts":"2330152715", "pid":"1", "tid":"cice"},
{"name":"ModelAdvance", "ph":"B", "ts":"2330320218", "pid":"1", "tid":"cice"},
{"name":"ModelAdvance", "ph":"E", "ts":"2330780621", "pid":"1", "tid":"cice"},
{"name":"ModelAdvance", "ph":"B", "ts":"2330985649", "pid":"1", "tid":"cice"},
{"name":"ModelAdvance", "ph":"E", "ts":"2331452630", "pid":"1", "tid":"cice"},
{"name":"ModelAdvance", "ph":"B", "ts":"2331615103", "pid":"1", "tid":"cice"},
{"name":"ModelAdvance", "ph":"E", "ts":"2332085686", "pid":"1", "tid":"cice"},
{"name":"ModelAdvance", "ph":"B", "ts":"2332248596", "pid":"1", "tid":"cice"},
{"name":"ModelAdvance", "ph":"E", "ts":"2332715611", "pid":"1", "tid":"cice"},
{"name":"ModelAdvance", "ph":"B", "ts":"2332934646", "pid":"1", "tid":"cice"},
{"name":"ModelAdvance", "ph":"E", "ts":"2333404575", "pid":"1", "tid":"cice"},
{"name":"ModelAdvance", "ph":"B", "ts":"2333624934", "pid":"1", "tid":"cice"},
{"name":"ModelAdvance", "ph":"E", "ts":"2334095097", "pid":"1", "tid":"cice"},
{"name":"ModelAdvance", "ph":"B", "ts":"2334253454", "pid":"1", "tid":"cice"},
{"name":"ModelAdvance", "ph":"E", "ts":"2334721109", "pid":"1", "tid":"cice"},
{"name":"ModelAdvance", "ph":"B", "ts":"2334893809", "pid":"1", "tid":"cice"},
{"name":"ModelAdvance", "ph":"E", "ts":"2335374781", "pid":"1", "tid":"cice"},
{"name":"ModelAdvance", "ph":"B", "ts":"2335573170", "pid":"1", "tid":"cice"},
{"name":"ModelAdvance", "ph":"E", "ts":"2336043427", "pid":"1", "tid":"cice"},
{"name":"ModelAdvance", "ph":"B", "ts":"2336189886", "pid":"1", "tid":"cice"},
{"name":"ModelAdvance", "ph":"E", "ts":"2336658681", "pid":"1", "tid":"cice"},
{"name":"ModelAdvance", "ph":"B", "ts":"2336811825", "pid":"1", "tid":"cice"},
{"name":"ModelAdvance", "ph":"E", "ts":"2337277337", "pid":"1", "tid":"cice"},
{"name":"ModelAdvance", "ph":"B", "ts":"2337483856", "pid":"1", "tid":"cice"},
{"name":"ModelAdvance", "ph":"E", "ts":"2337954470", "pid":"1", "tid":"cice"},
{"name":"ModelAdvance", "ph":"B", "ts":"2338172734", "pid":"1", "tid":"cice"},
{"name":"ModelAdvance", "ph":"E", "ts":"2338644313", "pid":"1", "tid":"cice"},
{"name":"ModelAdvance", "ph":"B", "ts":"2338808679", "pid":"1", "tid":"cice"},
{"name":"ModelAdvance", "ph":"E", "ts":"2339280703", "pid":"1", "tid":"cice"},
{"name":"ModelAdvance", "ph":"B", "ts":"2339472900", "pid":"1", "tid":"cice"},
{"name":"ModelAdvance", "ph":"E", "ts":"2339938590", "pid":"1", "tid":"cice"},
{"name":"ModelAdvance", "ph":"B", "ts":"2340199593", "pid":"1", "tid":"cice"},
{"name":"ModelAdvance", "ph":"E", "ts":"2340667150", "pid":"1", "tid":"cice"},
{"name":"ModelAdvance", "ph":"B", "ts":"2341452030", "pid":"1", "tid":"cice"},
{"name":"ModelAdvance", "ph":"E", "ts":"2341926784", "pid":"1", "tid":"cice"},
{"name":"ModelAdvance", "ph":"B", "ts":"2342072658", "pid":"1", "tid":"cice"},
{"name":"ModelAdvance", "ph":"E", "ts":"2342549071", "pid":"1", "tid":"cice"},
{"name":"ModelAdvance", "ph":"B", "ts":"2342701835", "pid":"1", "tid":"cice"},
{"name":"ModelAdvance", "ph":"E", "ts":"2343169925", "pid":"1", "tid":"cice"},
{"name":"ModelAdvance", "ph":"B", "ts":"2343375280", "pid":"1", "tid":"cice"},
{"name":"ModelAdvance", "ph":"E", "ts":"2343839413", "pid":"1", "tid":"cice"},
{"name":"ModelAdvance", "ph":"B", "ts":"2343999361", "pid":"1", "tid":"cice"},
{"name":"ModelAdvance", "ph":"E", "ts":"2344467720", "pid":"1", "tid":"cice"},
{"name":"ModelAdvance", "ph":"B", "ts":"2344613859", "pid":"1", "tid":"cice"},
{"name":"ModelAdvance", "ph":"E", "ts":"2345092010", "pid":"1", "tid":"cice"},
{"name":"ModelAdvance", "ph":"B", "ts":"2345243504", "pid":"1", "tid":"cice"},
{"name":"ModelAdvance", "ph":"E", "ts":"2345715623", "pid":"1", "tid":"cice"},
{"name":"ModelAdvance", "ph":"B", "ts":"2345930330", "pid":"1", "tid":"cice"},
{"name":"ModelAdvance", "ph":"E", "ts":"2346410596", "pid":"1", "tid":"cice"},
{"name":"ModelAdvance", "ph":"B", "ts":"2346601983", "pid":"1", "tid":"cice"},
{"name":"ModelAdvance", "ph":"E", "ts":"2347068399", "pid":"1", "tid":"cice"},
{"name":"ModelAdvance", "ph":"B", "ts":"2347251007", "pid":"1", "tid":"cice"},
{"name":"ModelAdvance", "ph":"E", "ts":"2347717339", "pid":"1", "tid":"cice"},
{"name":"ModelAdvance", "ph":"B", "ts":"2347934428", "pid":"1", "tid":"cice"},
{"name":"ModelAdvance", "ph":"E", "ts":"2348404131", "pid":"1", "tid":"cice"},
{"name":"ModelAdvance", "ph":"B", "ts":"2348623509", "pid":"1", "tid":"cice"},
{"name":"ModelAdvance", "ph":"E", "ts":"2349098299", "pid":"1", "tid":"cice"},
{"name":"ModelAdvance", "ph":"B", "ts":"2349319804", "pid":"1", "tid":"cice"},
{"name":"ModelAdvance", "ph":"E", "ts":"2349796245", "pid":"1", "tid":"cice"},
{"name":"ModelAdvance", "ph":"B", "ts":"2349955780", "pid":"1", "tid":"cice"},
{"name":"ModelAdvance", "ph":"E", "ts":"2350426767", "pid":"1", "tid":"cice"},
{"name":"ModelAdvance", "ph":"B", "ts":"2350644794", "pid":"1", "tid":"cice"},
{"name":"ModelAdvance", "ph":"E", "ts":"2351113816", "pid":"1", "tid":"cice"},
{"name":"ModelAdvance", "ph":"B", "ts":"2351316179", "pid":"1", "tid":"cice"},
{"name":"ModelAdvance", "ph":"E", "ts":"2351793155", "pid":"1", "tid":"cice"},
{"name":"ModelAdvance", "ph":"B", "ts":"2351967923", "pid":"1", "tid":"cice"},
{"name":"ModelAdvance", "ph":"E", "ts":"2352446386", "pid":"1", "tid":"cice"},
{"name":"ModelAdvance", "ph":"B", "ts":"2352631614", "pid":"1", "tid":"cice"},
{"name":"ModelAdvance", "ph":"E", "ts":"2353109320", "pid":"1", "tid":"cice"},
{"name":"ModelAdvance", "ph":"B", "ts":"2353314692", "pid":"1", "tid":"cice"},
{"name":"ModelAdvance", "ph":"E", "ts":"2353777728", "pid":"1", "tid":"cice"},
{"name":"ModelAdvance", "ph":"B", "ts":"2353952475", "pid":"1", "tid":"cice"},
{"name":"ModelAdvance", "ph":"E", "ts":"2354422334", "pid":"1", "tid":"cice"},
{"name":"ModelAdvance", "ph":"B", "ts":"2354575295", "pid":"1", "tid":"cice"},
{"name":"ModelAdvance", "ph":"E", "ts":"2355044087", "pid":"1", "tid":"cice"},
{"name":"ModelAdvance", "ph":"B", "ts":"2355253557", "pid":"1", "tid":"cice"},
{"name":"ModelAdvance", "ph":"E", "ts":"2355732183", "pid":"1", "tid":"cice"},
{"name":"ModelAdvance", "ph":"B", "ts":"2355894458", "pid":"1", "tid":"cice"},
{"name":"ModelAdvance", "ph":"E", "ts":"2356372976", "pid":"1", "tid":"cice"},
{"name":"ModelAdvance", "ph":"B", "ts":"2356584562", "pid":"1", "tid":"cice"},
{"name":"ModelAdvance", "ph":"E", "ts":"2357043309", "pid":"1", "tid":"cice"},
{"name":"ModelAdvance", "ph":"B", "ts":"2357840844", "pid":"1", "tid":"cice"},
{"name":"ModelAdvance", "ph":"E", "ts":"2358320981", "pid":"1", "tid":"cice"},
{"name":"ModelAdvance", "ph":"B", "ts":"2358470938", "pid":"1", "tid":"cice"},
{"name":"ModelAdvance", "ph":"E", "ts":"2358941670", "pid":"1", "tid":"cice"},
{"name":"ModelAdvance", "ph":"B", "ts":"2359093054", "pid":"1", "tid":"cice"},
{"name":"ModelAdvance", "ph":"E", "ts":"2359571440", "pid":"1", "tid":"cice"},
{"name":"ModelAdvance", "ph":"B", "ts":"2359765749", "pid":"1", "tid":"cice"},
{"name":"ModelAdvance", "ph":"E", "ts":"2360233501", "pid":"1", "tid":"cice"},
{"name":"ModelAdvance", "ph":"B", "ts":"2360393858", "pid":"1", "tid":"cice"},
{"name":"ModelAdvance", "ph":"E", "ts":"2360857948", "pid":"1", "tid":"cice"},
{"name":"ModelAdvance", "ph":"B", "ts":"2361097904", "pid":"1", "tid":"cice"},
{"name":"ModelAdvance", "ph":"E", "ts":"2361562754", "pid":"1", "tid":"cice"},
{"name":"ModelAdvance", "ph":"B", "ts":"2361762268", "pid":"1", "tid":"cice"},
{"name":"ModelAdvance", "ph":"E", "ts":"2362225630", "pid":"1", "tid":"cice"},
{"name":"ModelAdvance", "ph":"B", "ts":"2362458007", "pid":"1", "tid":"cice"},
{"name":"ModelAdvance", "ph":"E", "ts":"2362923467", "pid":"1", "tid":"cice"},
{"name":"ModelAdvance", "ph":"B", "ts":"2363152222", "pid":"1", "tid":"cice"},
{"name":"ModelAdvance", "ph":"E", "ts":"2363617000", "pid":"1", "tid":"cice"},
{"name":"ModelAdvance", "ph":"B", "ts":"2363840351", "pid":"1", "tid":"cice"},
{"name":"ModelAdvance", "ph":"E", "ts":"2364307959", "pid":"1", "tid":"cice"},
{"name":"ModelAdvance", "ph":"B", "ts":"2364468658", "pid":"1", "tid":"cice"},
{"name":"ModelAdvance", "ph":"E", "ts":"2364932284", "pid":"1", "tid":"cice"},
{"name":"ModelAdvance", "ph":"B", "ts":"2365153366", "pid":"1", "tid":"cice"},
{"name":"ModelAdvance", "ph":"E", "ts":"2365626723", "pid":"1", "tid":"cice"},
{"name":"ModelAdvance", "ph":"B", "ts":"2365828765", "pid":"1", "tid":"cice"},
{"name":"ModelAdvance", "ph":"E", "ts":"2366304090", "pid":"1", "tid":"cice"},
{"name":"ModelAdvance", "ph":"B", "ts":"2366455486", "pid":"1", "tid":"cice"},
{"name":"ModelAdvance", "ph":"E", "ts":"2366925409", "pid":"1", "tid":"cice"},
{"name":"ModelAdvance", "ph":"B", "ts":"2367086045", "pid":"1", "tid":"cice"},
{"name":"ModelAdvance", "ph":"E", "ts":"2367547551", "pid":"1", "tid":"cice"},
{"name":"ModelAdvance", "ph":"B", "ts":"2367696148", "pid":"1", "tid":"cice"},
{"name":"ModelAdvance", "ph":"E", "ts":"2368163929", "pid":"1", "tid":"cice"},
{"name":"ModelAdvance", "ph":"B", "ts":"2368341646", "pid":"1", "tid":"cice"},
{"name":"ModelAdvance", "ph":"E", "ts":"2368800545", "pid":"1", "tid":"cice"},
{"name":"ModelAdvance", "ph":"B", "ts":"2368970557", "pid":"1", "tid":"cice"},
{"name":"ModelAdvance", "ph":"E", "ts":"2369437759", "pid":"1", "tid":"cice"},
{"name":"ModelAdvance", "ph":"B", "ts":"2369597939", "pid":"1", "tid":"cice"},
{"name":"ModelAdvance", "ph":"E", "ts":"2370063348", "pid":"1", "tid":"cice"},
{"name":"ModelAdvance", "ph":"B", "ts":"2370284831", "pid":"1", "tid":"cice"},
{"name":"ModelAdvance", "ph":"E", "ts":"2370755834", "pid":"1", "tid":"cice"},
{"name":"ModelAdvance", "ph":"B", "ts":"2370932681", "pid":"1", "tid":"cice"},
{"name":"ModelAdvance", "ph":"E", "ts":"2371399268", "pid":"1", "tid":"cice"},
{"name":"ModelAdvance", "ph":"B", "ts":"2371553914", "pid":"1", "tid":"cice"},
{"name":"ModelAdvance", "ph":"E", "ts":"2372025686", "pid":"1", "tid":"cice"},
{"name":"ModelAdvance", "ph":"B", "ts":"2372202786", "pid":"1", "tid":"cice"},
{"name":"ModelAdvance", "ph":"E", "ts":"2372664801", "pid":"1", "tid":"cice"},
{"name":"ModelAdvance", "ph":"B", "ts":"2372874214", "pid":"1", "tid":"cice"},
{"name":"ModelAdvance", "ph":"E", "ts":"2373352766", "pid":"1", "tid":"cice"},
{"name":"ModelAdvance", "ph":"B", "ts":"2374187954", "pid":"1", "tid":"cice"},
{"name":"ModelAdvance", "ph":"E", "ts":"2374649112", "pid":"1", "tid":"cice"},
{"name":"ModelAdvance", "ph":"B", "ts":"2374810972", "pid":"1", "tid":"cice"},
{"name":"ModelAdvance", "ph":"E", "ts":"2375276287", "pid":"1", "tid":"cice"},
{"name":"ModelAdvance", "ph":"B", "ts":"2375467005", "pid":"1", "tid":"cice"},
{"name":"ModelAdvance", "ph":"E", "ts":"2375932474", "pid":"1", "tid":"cice"},
{"name":"ModelAdvance", "ph":"B", "ts":"2376130609", "pid":"1", "tid":"cice"},
{"name":"ModelAdvance", "ph":"E", "ts":"2376595273", "pid":"1", "tid":"cice"},
{"name":"ModelAdvance", "ph":"B", "ts":"2376806099", "pid":"1", "tid":"cice"},
{"name":"ModelAdvance", "ph":"E", "ts":"2377272363", "pid":"1", "tid":"cice"},
{"name":"ModelAdvance", "ph":"B", "ts":"2377439043", "pid":"1", "tid":"cice"},
{"name":"ModelAdvance", "ph":"E", "ts":"2377905602", "pid":"1", "tid":"cice"},
{"name":"ModelAdvance", "ph":"B", "ts":"2378126202", "pid":"1", "tid":"cice"},
{"name":"ModelAdvance", "ph":"E", "ts":"2378597499", "pid":"1", "tid":"cice"},
{"name":"ModelAdvance", "ph":"B", "ts":"2378768338", "pid":"1", "tid":"cice"},
{"name":"ModelAdvance", "ph":"E", "ts":"2379234206", "pid":"1", "tid":"cice"},
{"name":"ModelAdvance", "ph":"B", "ts":"2379454999", "pid":"1", "tid":"cice"},
{"name":"ModelAdvance", "ph":"E", "ts":"2379923897", "pid":"1", "tid":"cice"},
{"name":"ModelAdvance", "ph":"B", "ts":"2380149345", "pid":"1", "tid":"cice"},
{"name":"ModelAdvance", "ph":"E", "ts":"2380618737", "pid":"1", "tid":"cice"},
{"name":"ModelAdvance", "ph":"B", "ts":"2380797610", "pid":"1", "tid":"cice"},
{"name":"ModelAdvance", "ph":"E", "ts":"2381266204", "pid":"1", "tid":"cice"},
{"name":"ModelAdvance", "ph":"B", "ts":"2381510555", "pid":"1", "tid":"cice"},
{"name":"ModelAdvance", "ph":"E", "ts":"2381976854", "pid":"1", "tid":"cice"},
{"name":"ModelAdvance", "ph":"B", "ts":"2382210228", "pid":"1", "tid":"cice"},
{"name":"ModelAdvance", "ph":"E", "ts":"2382677317", "pid":"1", "tid":"cice"},
{"name":"ModelAdvance", "ph":"B", "ts":"2382916432", "pid":"1", "tid":"cice"},
{"name":"ModelAdvance", "ph":"E", "ts":"2383381056", "pid":"1", "tid":"cice"},
{"name":"ModelAdvance", "ph":"B", "ts":"2383601322", "pid":"1", "tid":"cice"},
{"name":"ModelAdvance", "ph":"E", "ts":"2384067898", "pid":"1", "tid":"cice"},
{"name":"ModelAdvance", "ph":"B", "ts":"2384312910", "pid":"1", "tid":"cice"},
{"name":"ModelAdvance", "ph":"E", "ts":"2384770633", "pid":"1", "tid":"cice"},
{"name":"ModelAdvance", "ph":"B", "ts":"2384999719", "pid":"1", "tid":"cice"},
{"name":"ModelAdvance", "ph":"E", "ts":"2385465444", "pid":"1", "tid":"cice"},
{"name":"ModelAdvance", "ph":"B", "ts":"2385670248", "pid":"1", "tid":"cice"},
{"name":"ModelAdvance", "ph":"E", "ts":"2386134890", "pid":"1", "tid":"cice"},
{"name":"ModelAdvance", "ph":"B", "ts":"2386317994", "pid":"1", "tid":"cice"},
{"name":"ModelAdvance", "ph":"E", "ts":"2386782957", "pid":"1", "tid":"cice"},
{"name":"ModelAdvance", "ph":"B", "ts":"2386964389", "pid":"1", "tid":"cice"},
{"name":"ModelAdvance", "ph":"E", "ts":"2387428884", "pid":"1", "tid":"cice"},
{"name":"ModelAdvance", "ph":"B", "ts":"2387648724", "pid":"1", "tid":"cice"},
{"name":"ModelAdvance", "ph":"E", "ts":"2388110635", "pid":"1", "tid":"cice"},
{"name":"ModelAdvance", "ph":"B", "ts":"2388288666", "pid":"1", "tid":"cice"},
{"name":"ModelAdvance", "ph":"E", "ts":"2388755867", "pid":"1", "tid":"cice"},
{"name":"ModelAdvance", "ph":"B", "ts":"2388962740", "pid":"1", "tid":"cice"},
{"name":"ModelAdvance", "ph":"E", "ts":"2389425994", "pid":"1", "tid":"cice"},
{"name":"ModelAdvance", "ph":"B", "ts":"2389616380", "pid":"1", "tid":"cice"},
{"name":"ModelAdvance", "ph":"E", "ts":"2390082942", "pid":"1", "tid":"cice"},
{"name":"ModelAdvance", "ph":"B", "ts":"2390950501", "pid":"1", "tid":"cice"},
{"name":"ModelAdvance", "ph":"E", "ts":"2391420447", "pid":"1", "tid":"cice"},
{"name":"ModelAdvance", "ph":"B", "ts":"2391619421", "pid":"1", "tid":"cice"},
{"name":"ModelAdvance", "ph":"E", "ts":"2392083220", "pid":"1", "tid":"cice"},
{"name":"ModelAdvance", "ph":"B", "ts":"2392296171", "pid":"1", "tid":"cice"},
{"name":"ModelAdvance", "ph":"E", "ts":"2392769862", "pid":"1", "tid":"cice"},
{"name":"ModelAdvance", "ph":"B", "ts":"2392928874", "pid":"1", "tid":"cice"},
{"name":"ModelAdvance", "ph":"E", "ts":"2393391587", "pid":"1", "tid":"cice"},
{"name":"ModelAdvance", "ph":"B", "ts":"2393564789", "pid":"1", "tid":"cice"},
{"name":"ModelAdvance", "ph":"E", "ts":"2394032187", "pid":"1", "tid":"cice"},
{"name":"ModelAdvance", "ph":"B", "ts":"2394195880", "pid":"1", "tid":"cice"},
{"name":"ModelAdvance", "ph":"E", "ts":"2394660347", "pid":"1", "tid":"cice"},
{"name":"ModelAdvance", "ph":"B", "ts":"2394813302", "pid":"1", "tid":"cice"},
{"name":"ModelAdvance", "ph":"E", "ts":"2395275042", "pid":"1", "tid":"cice"},
{"name":"ModelAdvance", "ph":"B", "ts":"2395434909", "pid":"1", "tid":"cice"},
{"name":"ModelAdvance", "ph":"E", "ts":"2395897576", "pid":"1", "tid":"cice"},
{"name":"ModelAdvance", "ph":"B", "ts":"2396119293", "pid":"1", "tid":"cice"},
{"name":"ModelAdvance", "ph":"E", "ts":"2396585994", "pid":"1", "tid":"cice"},
{"name":"ModelAdvance", "ph":"B", "ts":"2396765963", "pid":"1", "tid":"cice"},
{"name":"ModelAdvance", "ph":"E", "ts":"2397229773", "pid":"1", "tid":"cice"},
{"name":"ModelAdvance", "ph":"B", "ts":"2397388961", "pid":"1", "tid":"cice"},
{"name":"ModelAdvance", "ph":"E", "ts":"2397850197", "pid":"1", "tid":"cice"},
{"name":"ModelAdvance", "ph":"B", "ts":"2398032710", "pid":"1", "tid":"cice"},
{"name":"ModelAdvance", "ph":"E", "ts":"2398499543", "pid":"1", "tid":"cice"},
{"name":"ModelAdvance", "ph":"B", "ts":"2398663591", "pid":"1", "tid":"cice"},
{"name":"ModelAdvance", "ph":"E", "ts":"2399128280", "pid":"1", "tid":"cice"},
{"name":"ModelAdvance", "ph":"B", "ts":"2399321132", "pid":"1", "tid":"cice"},
{"name":"ModelAdvance", "ph":"E", "ts":"2399783411", "pid":"1", "tid":"cice"},
{"name":"ModelAdvance", "ph":"B", "ts":"2399935002", "pid":"1", "tid":"cice"},
{"name":"ModelAdvance", "ph":"E", "ts":"2400400659", "pid":"1", "tid":"cice"},
{"name":"ModelAdvance", "ph":"B", "ts":"2400605427", "pid":"1", "tid":"cice"},
{"name":"ModelAdvance", "ph":"E", "ts":"2401074929", "pid":"1", "tid":"cice"},
{"name":"ModelAdvance", "ph":"B", "ts":"2401236504", "pid":"1", "tid":"cice"},
{"name":"ModelAdvance", "ph":"E", "ts":"2401703067", "pid":"1", "tid":"cice"},
{"name":"ModelAdvance", "ph":"B", "ts":"2401865751", "pid":"1", "tid":"cice"},
{"name":"ModelAdvance", "ph":"E", "ts":"2402329942", "pid":"1", "tid":"cice"},
{"name":"ModelAdvance", "ph":"B", "ts":"2402498479", "pid":"1", "tid":"cice"},
{"name":"ModelAdvance", "ph":"E", "ts":"2402963629", "pid":"1", "tid":"cice"},
{"name":"ModelAdvance", "ph":"B", "ts":"2403181708", "pid":"1", "tid":"cice"},
{"name":"ModelAdvance", "ph":"E", "ts":"2403647032", "pid":"1", "tid":"cice"},
{"name":"ModelAdvance", "ph":"B", "ts":"2403840427", "pid":"1", "tid":"cice"},
{"name":"ModelAdvance", "ph":"E", "ts":"2404312598", "pid":"1", "tid":"cice"},
{"name":"ModelAdvance", "ph":"B", "ts":"2404461216", "pid":"1", "tid":"cice"},
{"name":"ModelAdvance", "ph":"E", "ts":"2404926889", "pid":"1", "tid":"cice"},
{"name":"ModelAdvance", "ph":"B", "ts":"2405127833", "pid":"1", "tid":"cice"},
{"name":"ModelAdvance", "ph":"E", "ts":"2405700148", "pid":"1", "tid":"cice"},
{"name":"ModelAdvance", "ph":"B", "ts":"2405756007", "pid":"1", "tid":"cice"},
{"name":"ModelAdvance", "ph":"E", "ts":"2406229182", "pid":"1", "tid":"cice"},
{"name":"ModelAdvance", "ph":"B", "ts":"2407061295", "pid":"1", "tid":"cice"},
{"name":"ModelAdvance", "ph":"E", "ts":"2407530599", "pid":"1", "tid":"cice"},
{"name":"ModelAdvance", "ph":"B", "ts":"2407664195", "pid":"1", "tid":"cice"},
{"name":"ModelAdvance", "ph":"E", "ts":"2408129266", "pid":"1", "tid":"cice"},
{"name":"ModelAdvance", "ph":"B", "ts":"2408279038", "pid":"1", "tid":"cice"},
{"name":"ModelAdvance", "ph":"E", "ts":"2408748299", "pid":"1", "tid":"cice"},
{"name":"ModelAdvance", "ph":"B", "ts":"2408893603", "pid":"1", "tid":"cice"},
{"name":"ModelAdvance", "ph":"E", "ts":"2409358198", "pid":"1", "tid":"cice"},
{"name":"ModelAdvance", "ph":"B", "ts":"2409497736", "pid":"1", "tid":"cice"},
{"name":"ModelAdvance", "ph":"E", "ts":"2409965388", "pid":"1", "tid":"cice"},
{"name":"ModelAdvance", "ph":"B", "ts":"2410096579", "pid":"1", "tid":"cice"},
{"name":"ModelAdvance", "ph":"E", "ts":"2410563623", "pid":"1", "tid":"cice"},
{"name":"ModelAdvance", "ph":"B", "ts":"2410697059", "pid":"1", "tid":"cice"},
{"name":"ModelAdvance", "ph":"E", "ts":"2411163880", "pid":"1", "tid":"cice"},
{"name":"ModelAdvance", "ph":"B", "ts":"2411310259", "pid":"1", "tid":"cice"},
{"name":"ModelAdvance", "ph":"E", "ts":"2411781058", "pid":"1", "tid":"cice"},
{"name":"ModelAdvance", "ph":"B", "ts":"2411908946", "pid":"1", "tid":"cice"},
{"name":"ModelAdvance", "ph":"E", "ts":"2412375699", "pid":"1", "tid":"cice"},
{"name":"ModelAdvance", "ph":"B", "ts":"2412503480", "pid":"1", "tid":"cice"},
{"name":"ModelAdvance", "ph":"E", "ts":"2412969997", "pid":"1", "tid":"cice"},
{"name":"ModelAdvance", "ph":"B", "ts":"2413095256", "pid":"1", "tid":"cice"},
{"name":"ModelAdvance", "ph":"E", "ts":"2413560201", "pid":"1", "tid":"cice"},
{"name":"ModelAdvance", "ph":"B", "ts":"2413752051", "pid":"1", "tid":"cice"},
{"name":"ModelAdvance", "ph":"E", "ts":"2414223285", "pid":"1", "tid":"cice"},
{"name":"ModelAdvance", "ph":"B", "ts":"2414352508", "pid":"1", "tid":"cice"},
{"name":"ModelAdvance", "ph":"E", "ts":"2414824734", "pid":"1", "tid":"cice"},
{"name":"ModelAdvance", "ph":"B", "ts":"2414947524", "pid":"1", "tid":"cice"},
{"name":"ModelAdvance", "ph":"E", "ts":"2415417454", "pid":"1", "tid":"cice"},
{"name":"ModelAdvance", "ph":"B", "ts":"2415542173", "pid":"1", "tid":"cice"},
{"name":"ModelAdvance", "ph":"E", "ts":"2416010548", "pid":"1", "tid":"cice"},
{"name":"ModelAdvance", "ph":"B", "ts":"2416137359", "pid":"1", "tid":"cice"},
{"name":"ModelAdvance", "ph":"E", "ts":"2416601977", "pid":"1", "tid":"cice"},
{"name":"ModelAdvance", "ph":"B", "ts":"2416734134", "pid":"1", "tid":"cice"},
{"name":"ModelAdvance", "ph":"E", "ts":"2417209533", "pid":"1", "tid":"cice"},
{"name":"ModelAdvance", "ph":"B", "ts":"2417330162", "pid":"1", "tid":"cice"},
{"name":"ModelAdvance", "ph":"E", "ts":"2417796831", "pid":"1", "tid":"cice"},
{"name":"ModelAdvance", "ph":"B", "ts":"2417924544", "pid":"1", "tid":"cice"},
{"name":"ModelAdvance", "ph":"E", "ts":"2418392145", "pid":"1", "tid":"cice"},
{"name":"ModelAdvance", "ph":"B", "ts":"2418517088", "pid":"1", "tid":"cice"},
{"name":"ModelAdvance", "ph":"E", "ts":"2418991210", "pid":"1", "tid":"cice"},
{"name":"ModelAdvance", "ph":"B", "ts":"2419115198", "pid":"1", "tid":"cice"},
{"name":"ModelAdvance", "ph":"E", "ts":"2419603117", "pid":"1", "tid":"cice"},
{"name":"ModelAdvance", "ph":"B", "ts":"2419738956", "pid":"1", "tid":"cice"},
{"name":"ModelAdvance", "ph":"E", "ts":"2420214858", "pid":"1", "tid":"cice"},
{"name":"ModelAdvance", "ph":"B", "ts":"2420333972", "pid":"1", "tid":"cice"},
{"name":"ModelAdvance", "ph":"E", "ts":"2420799429", "pid":"1", "tid":"cice"},
{"name":"ModelAdvance", "ph":"B", "ts":"2420943217", "pid":"1", "tid":"cice"},
{"name":"ModelAdvance", "ph":"E", "ts":"2421411137", "pid":"1", "tid":"cice"},
{"name":"ModelAdvance", "ph":"B", "ts":"2422165428", "pid":"1", "tid":"cice"},
{"name":"ModelAdvance", "ph":"E", "ts":"2422633649", "pid":"1", "tid":"cice"},
{"name":"ModelAdvance", "ph":"B", "ts":"2422760166", "pid":"1", "tid":"cice"},
{"name":"ModelAdvance", "ph":"E", "ts":"2423230176", "pid":"1", "tid":"cice"},
{"name":"ModelAdvance", "ph":"B", "ts":"2423353254", "pid":"1", "tid":"cice"},
{"name":"ModelAdvance", "ph":"E", "ts":"2423828289", "pid":"1", "tid":"cice"},
{"name":"ModelAdvance", "ph":"B", "ts":"2423946480", "pid":"1", "tid":"cice"},
{"name":"ModelAdvance", "ph":"E", "ts":"2424414508", "pid":"1", "tid":"cice"},
{"name":"ModelAdvance", "ph":"B", "ts":"2424539909", "pid":"1", "tid":"cice"},
{"name":"ModelAdvance", "ph":"E", "ts":"2425009276", "pid":"1", "tid":"cice"},
{"name":"ModelAdvance", "ph":"B", "ts":"2425133185", "pid":"1", "tid":"cice"},
{"name":"ModelAdvance", "ph":"E", "ts":"2425600744", "pid":"1", "tid":"cice"},
{"name":"ModelAdvance", "ph":"B", "ts":"2425727794", "pid":"1", "tid":"cice"},
{"name":"ModelAdvance", "ph":"E", "ts":"2426192812", "pid":"1", "tid":"cice"},
{"name":"ModelAdvance", "ph":"B", "ts":"2426321908", "pid":"1", "tid":"cice"},
{"name":"ModelAdvance", "ph":"E", "ts":"2426789634", "pid":"1", "tid":"cice"},
{"name":"ModelAdvance", "ph":"B", "ts":"2426917298", "pid":"1", "tid":"cice"},
{"name":"ModelAdvance", "ph":"E", "ts":"2427386528", "pid":"1", "tid":"cice"},
{"name":"ModelAdvance", "ph":"B", "ts":"2427508160", "pid":"1", "tid":"cice"},
{"name":"ModelAdvance", "ph":"E", "ts":"2427981573", "pid":"1", "tid":"cice"},
{"name":"ModelAdvance", "ph":"B", "ts":"2428098988", "pid":"1", "tid":"cice"},
{"name":"ModelAdvance", "ph":"E", "ts":"2428570810", "pid":"1", "tid":"cice"},
{"name":"ModelAdvance", "ph":"B", "ts":"2428703840", "pid":"1", "tid":"cice"},
{"name":"ModelAdvance", "ph":"E", "ts":"2429176765", "pid":"1", "tid":"cice"},
{"name":"ModelAdvance", "ph":"B", "ts":"2429293449", "pid":"1", "tid":"cice"},
{"name":"ModelAdvance", "ph":"E", "ts":"2429759764", "pid":"1", "tid":"cice"},
{"name":"ModelAdvance", "ph":"B", "ts":"2429888238", "pid":"1", "tid":"cice"},
{"name":"ModelAdvance", "ph":"E", "ts":"2430354504", "pid":"1", "tid":"cice"},
{"name":"ModelAdvance", "ph":"B", "ts":"2430475349", "pid":"1", "tid":"cice"},
{"name":"ModelAdvance", "ph":"E", "ts":"2430947249", "pid":"1", "tid":"cice"},
{"name":"ModelAdvance", "ph":"B", "ts":"2431066158", "pid":"1", "tid":"cice"},
{"name":"ModelAdvance", "ph":"E", "ts":"2431538956", "pid":"1", "tid":"cice"},
{"name":"ModelAdvance", "ph":"B", "ts":"2431659494", "pid":"1", "tid":"cice"},
{"name":"ModelAdvance", "ph":"E", "ts":"2432131537", "pid":"1", "tid":"cice"},
{"name":"ModelAdvance", "ph":"B", "ts":"2432250642", "pid":"1", "tid":"cice"},
{"name":"ModelAdvance", "ph":"E", "ts":"2432721211", "pid":"1", "tid":"cice"},
{"name":"ModelAdvance", "ph":"B", "ts":"2432840900", "pid":"1", "tid":"cice"},
{"name":"ModelAdvance", "ph":"E", "ts":"2433307952", "pid":"1", "tid":"cice"},
{"name":"ModelAdvance", "ph":"B", "ts":"2433433837", "pid":"1", "tid":"cice"},
{"name":"ModelAdvance", "ph":"E", "ts":"2433898720", "pid":"1", "tid":"cice"},
{"name":"ModelAdvance", "ph":"B", "ts":"2434027327", "pid":"1", "tid":"cice"},
{"name":"ModelAdvance", "ph":"E", "ts":"2434495923", "pid":"1", "tid":"cice"},
{"name":"ModelAdvance", "ph":"B", "ts":"2434628177", "pid":"1", "tid":"cice"},
{"name":"ModelAdvance", "ph":"E", "ts":"2435102331", "pid":"1", "tid":"cice"},
{"name":"ModelAdvance", "ph":"B", "ts":"2435223557", "pid":"1", "tid":"cice"},
{"name":"ModelAdvance", "ph":"E", "ts":"2435697715", "pid":"1", "tid":"cice"},
{"name":"ModelAdvance", "ph":"B", "ts":"2435834533", "pid":"1", "tid":"cice"},
{"name":"ModelAdvance", "ph":"E", "ts":"2436304156", "pid":"1", "tid":"cice"},
{"name":"ModelAdvance", "ph":"B", "ts":"2437077733", "pid":"1", "tid":"cice"},
{"name":"ModelAdvance", "ph":"E", "ts":"2437542774", "pid":"1", "tid":"cice"},
{"name":"ModelAdvance", "ph":"B", "ts":"2437668284", "pid":"1", "tid":"cice"},
{"name":"ModelAdvance", "ph":"E", "ts":"2438135961", "pid":"1", "tid":"cice"},
{"name":"ModelAdvance", "ph":"B", "ts":"2438258819", "pid":"1", "tid":"cice"},
{"name":"ModelAdvance", "ph":"E", "ts":"2438725379", "pid":"1", "tid":"cice"},
{"name":"ModelAdvance", "ph":"B", "ts":"2438847931", "pid":"1", "tid":"cice"},
{"name":"ModelAdvance", "ph":"E", "ts":"2439317294", "pid":"1", "tid":"cice"},
{"name":"ModelAdvance", "ph":"B", "ts":"2439438389", "pid":"1", "tid":"cice"},
{"name":"ModelAdvance", "ph":"E", "ts":"2439907123", "pid":"1", "tid":"cice"},
{"name":"ModelAdvance", "ph":"B", "ts":"2440031997", "pid":"1", "tid":"cice"},
{"name":"ModelAdvance", "ph":"E", "ts":"2440509987", "pid":"1", "tid":"cice"},
{"name":"ModelAdvance", "ph":"B", "ts":"2440621578", "pid":"1", "tid":"cice"},
{"name":"ModelAdvance", "ph":"E", "ts":"2441092077", "pid":"1", "tid":"cice"},
{"name":"ModelAdvance", "ph":"B", "ts":"2441223010", "pid":"1", "tid":"cice"},
{"name":"ModelAdvance", "ph":"E", "ts":"2441697169", "pid":"1", "tid":"cice"},
{"name":"ModelAdvance", "ph":"B", "ts":"2441816030", "pid":"1", "tid":"cice"},
{"name":"ModelAdvance", "ph":"E", "ts":"2442285427", "pid":"1", "tid":"cice"},
{"name":"ModelAdvance", "ph":"B", "ts":"2442409091", "pid":"1", "tid":"cice"},
{"name":"ModelAdvance", "ph":"E", "ts":"2442880134", "pid":"1", "tid":"cice"},
{"name":"ModelAdvance", "ph":"B", "ts":"2443010603", "pid":"1", "tid":"cice"},
{"name":"ModelAdvance", "ph":"E", "ts":"2443475477", "pid":"1", "tid":"cice"},
{"name":"ModelAdvance", "ph":"B", "ts":"2443618488", "pid":"1", "tid":"cice"},
{"name":"ModelAdvance", "ph":"E", "ts":"2444087076", "pid":"1", "tid":"cice"},
{"name":"ModelAdvance", "ph":"B", "ts":"2444219431", "pid":"1", "tid":"cice"},
{"name":"ModelAdvance", "ph":"E", "ts":"2444689820", "pid":"1", "tid":"cice"},
{"name":"ModelAdvance", "ph":"B", "ts":"2444815975", "pid":"1", "tid":"cice"},
{"name":"ModelAdvance", "ph":"E", "ts":"2445280603", "pid":"1", "tid":"cice"},
{"name":"ModelAdvance", "ph":"B", "ts":"2445411254", "pid":"1", "tid":"cice"},
{"name":"ModelAdvance", "ph":"E", "ts":"2445887755", "pid":"1", "tid":"cice"},
{"name":"ModelAdvance", "ph":"B", "ts":"2446007061", "pid":"1", "tid":"cice"},
{"name":"ModelAdvance", "ph":"E", "ts":"2446478558", "pid":"1", "tid":"cice"},
{"name":"ModelAdvance", "ph":"B", "ts":"2446602608", "pid":"1", "tid":"cice"},
{"name":"ModelAdvance", "ph":"E", "ts":"2447064011", "pid":"1", "tid":"cice"},
{"name":"ModelAdvance", "ph":"B", "ts":"2447198495", "pid":"1", "tid":"cice"},
{"name":"ModelAdvance", "ph":"E", "ts":"2447665119", "pid":"1", "tid":"cice"},
{"name":"ModelAdvance", "ph":"B", "ts":"2447809782", "pid":"1", "tid":"cice"},
{"name":"ModelAdvance", "ph":"E", "ts":"2448285564", "pid":"1", "tid":"cice"},
{"name":"ModelAdvance", "ph":"B", "ts":"2448403194", "pid":"1", "tid":"cice"},
{"name":"ModelAdvance", "ph":"E", "ts":"2448872612", "pid":"1", "tid":"cice"},
{"name":"ModelAdvance", "ph":"B", "ts":"2448995252", "pid":"1", "tid":"cice"},
{"name":"ModelAdvance", "ph":"E", "ts":"2449466423", "pid":"1", "tid":"cice"},
{"name":"ModelAdvance", "ph":"B", "ts":"2449600537", "pid":"1", "tid":"cice"},
{"name":"ModelAdvance", "ph":"E", "ts":"2450094809", "pid":"1", "tid":"cice"},
{"name":"ModelAdvance", "ph":"B", "ts":"2450211850", "pid":"1", "tid":"cice"},
{"name":"ModelAdvance", "ph":"E", "ts":"2450677284", "pid":"1", "tid":"cice"},
{"name":"ModelAdvance", "ph":"B", "ts":"2450880229", "pid":"1", "tid":"cice"},
{"name":"ModelAdvance", "ph":"E", "ts":"2451350664", "pid":"1", "tid":"cice"},
{"name":"ModelAdvance", "ph":"B", "ts":"2452182990", "pid":"1", "tid":"cice"},
{"name":"ModelAdvance", "ph":"E", "ts":"2452651175", "pid":"1", "tid":"cice"},
{"name":"ModelAdvance", "ph":"B", "ts":"2452772587", "pid":"1", "tid":"cice"},
{"name":"ModelAdvance", "ph":"E", "ts":"2453238434", "pid":"1", "tid":"cice"},
{"name":"ModelAdvance", "ph":"B", "ts":"2453372140", "pid":"1", "tid":"cice"},
{"name":"ModelAdvance", "ph":"E", "ts":"2453846010", "pid":"1", "tid":"cice"},
{"name":"ModelAdvance", "ph":"B", "ts":"2453967387", "pid":"1", "tid":"cice"},
{"name":"ModelAdvance", "ph":"E", "ts":"2454440987", "pid":"1", "tid":"cice"},
{"name":"ModelAdvance", "ph":"B", "ts":"2454566217", "pid":"1", "tid":"cice"},
{"name":"ModelAdvance", "ph":"E", "ts":"2455034975", "pid":"1", "tid":"cice"},
{"name":"ModelAdvance", "ph":"B", "ts":"2455165812", "pid":"1", "tid":"cice"},
{"name":"ModelAdvance", "ph":"E", "ts":"2455637205", "pid":"1", "tid":"cice"},
{"name":"ModelAdvance", "ph":"B", "ts":"2455766129", "pid":"1", "tid":"cice"},
{"name":"ModelAdvance", "ph":"E", "ts":"2456243481", "pid":"1", "tid":"cice"},
{"name":"ModelAdvance", "ph":"B", "ts":"2456361388", "pid":"1", "tid":"cice"},
{"name":"ModelAdvance", "ph":"E", "ts":"2456831438", "pid":"1", "tid":"cice"},
{"name":"ModelAdvance", "ph":"B", "ts":"2456966813", "pid":"1", "tid":"cice"},
{"name":"ModelAdvance", "ph":"E", "ts":"2457435196", "pid":"1", "tid":"cice"},
{"name":"ModelAdvance", "ph":"B", "ts":"2457560288", "pid":"1", "tid":"cice"},
{"name":"ModelAdvance", "ph":"E", "ts":"2458028846", "pid":"1", "tid":"cice"},
{"name":"ModelAdvance", "ph":"B", "ts":"2458155914", "pid":"1", "tid":"cice"},
{"name":"ModelAdvance", "ph":"E", "ts":"2458624246", "pid":"1", "tid":"cice"},
{"name":"ModelAdvance", "ph":"B", "ts":"2458759997", "pid":"1", "tid":"cice"},
{"name":"ModelAdvance", "ph":"E", "ts":"2459231932", "pid":"1", "tid":"cice"},
{"name":"ModelAdvance", "ph":"B", "ts":"2459359424", "pid":"1", "tid":"cice"},
{"name":"ModelAdvance", "ph":"E", "ts":"2459827306", "pid":"1", "tid":"cice"},
{"name":"ModelAdvance", "ph":"B", "ts":"2459960452", "pid":"1", "tid":"cice"},
{"name":"ModelAdvance", "ph":"E", "ts":"2460429236", "pid":"1", "tid":"cice"},
{"name":"ModelAdvance", "ph":"B", "ts":"2460559966", "pid":"1", "tid":"cice"},
{"name":"ModelAdvance", "ph":"E", "ts":"2461027499", "pid":"1", "tid":"cice"},
{"name":"ModelAdvance", "ph":"B", "ts":"2461172807", "pid":"1", "tid":"cice"},
{"name":"ModelAdvance", "ph":"E", "ts":"2461637468", "pid":"1", "tid":"cice"},
{"name":"ModelAdvance", "ph":"B", "ts":"2461761851", "pid":"1", "tid":"cice"},
{"name":"ModelAdvance", "ph":"E", "ts":"2462239962", "pid":"1", "tid":"cice"},
{"name":"ModelAdvance", "ph":"B", "ts":"2462359393", "pid":"1", "tid":"cice"},
{"name":"ModelAdvance", "ph":"E", "ts":"2462836388", "pid":"1", "tid":"cice"},
{"name":"ModelAdvance", "ph":"B", "ts":"2462950182", "pid":"1", "tid":"cice"},
{"name":"ModelAdvance", "ph":"E", "ts":"2463418621", "pid":"1", "tid":"cice"},
{"name":"ModelAdvance", "ph":"B", "ts":"2463560444", "pid":"1", "tid":"cice"},
{"name":"ModelAdvance", "ph":"E", "ts":"2464034461", "pid":"1", "tid":"cice"},
{"name":"ModelAdvance", "ph":"B", "ts":"2464166157", "pid":"1", "tid":"cice"},
{"name":"ModelAdvance", "ph":"E", "ts":"2464636570", "pid":"1", "tid":"cice"},
{"name":"ModelAdvance", "ph":"B", "ts":"2464762663", "pid":"1", "tid":"cice"},
{"name":"ModelAdvance", "ph":"E", "ts":"2465231933", "pid":"1", "tid":"cice"},
{"name":"ModelAdvance", "ph":"B", "ts":"2465360197", "pid":"1", "tid":"cice"},
{"name":"ModelAdvance", "ph":"E", "ts":"2465828954", "pid":"1", "tid":"cice"},
{"name":"ModelAdvance", "ph":"B", "ts":"2465967928", "pid":"1", "tid":"cice"},
{"name":"ModelAdvance", "ph":"E", "ts":"2466436914", "pid":"1", "tid":"cice"},
{"name":"ModelAdvance", "ph":"B", "ts":"2467235180", "pid":"1", "tid":"cice"},
{"name":"ModelAdvance", "ph":"E", "ts":"2467706381", "pid":"1", "tid":"cice"},
{"name":"ModelAdvance", "ph":"B", "ts":"2467839458", "pid":"1", "tid":"cice"},
{"name":"ModelAdvance", "ph":"E", "ts":"2468306682", "pid":"1", "tid":"cice"},
{"name":"ModelAdvance", "ph":"B", "ts":"2468431302", "pid":"1", "tid":"cice"},
{"name":"ModelAdvance", "ph":"E", "ts":"2468897731", "pid":"1", "tid":"cice"},
{"name":"ModelAdvance", "ph":"B", "ts":"2469033823", "pid":"1", "tid":"cice"},
{"name":"ModelAdvance", "ph":"E", "ts":"2469510249", "pid":"1", "tid":"cice"},
{"name":"ModelAdvance", "ph":"B", "ts":"2469622954", "pid":"1", "tid":"cice"},
{"name":"ModelAdvance", "ph":"E", "ts":"2470094757", "pid":"1", "tid":"cice"},
{"name":"ModelAdvance", "ph":"B", "ts":"2470222147", "pid":"1", "tid":"cice"},
{"name":"ModelAdvance", "ph":"E", "ts":"2470691376", "pid":"1", "tid":"cice"},
{"name":"ModelAdvance", "ph":"B", "ts":"2470818813", "pid":"1", "tid":"cice"},
{"name":"ModelAdvance", "ph":"E", "ts":"2471289098", "pid":"1", "tid":"cice"},
{"name":"ModelAdvance", "ph":"B", "ts":"2471412501", "pid":"1", "tid":"cice"},
{"name":"ModelAdvance", "ph":"E", "ts":"2471876283", "pid":"1", "tid":"cice"},
{"name":"ModelAdvance", "ph":"B", "ts":"2472009542", "pid":"1", "tid":"cice"},
{"name":"ModelAdvance", "ph":"E", "ts":"2472473296", "pid":"1", "tid":"cice"},
{"name":"ModelAdvance", "ph":"B", "ts":"2472603771", "pid":"1", "tid":"cice"},
{"name":"ModelAdvance", "ph":"E", "ts":"2473077645", "pid":"1", "tid":"cice"},
{"name":"ModelAdvance", "ph":"B", "ts":"2473191837", "pid":"1", "tid":"cice"},
{"name":"ModelAdvance", "ph":"E", "ts":"2473657670", "pid":"1", "tid":"cice"},
{"name":"ModelAdvance", "ph":"B", "ts":"2473805978", "pid":"1", "tid":"cice"},
{"name":"ModelAdvance", "ph":"E", "ts":"2474274165", "pid":"1", "tid":"cice"},
{"name":"ModelAdvance", "ph":"B", "ts":"2474391101", "pid":"1", "tid":"cice"},
{"name":"ModelAdvance", "ph":"E", "ts":"2474856472", "pid":"1", "tid":"cice"},
{"name":"ModelAdvance", "ph":"B", "ts":"2474995280", "pid":"1", "tid":"cice"},
{"name":"ModelAdvance", "ph":"E", "ts":"2475462427", "pid":"1", "tid":"cice"},
{"name":"ModelAdvance", "ph":"B", "ts":"2475588840", "pid":"1", "tid":"cice"},
{"name":"ModelAdvance", "ph":"E", "ts":"2476060133", "pid":"1", "tid":"cice"},
{"name":"ModelAdvance", "ph":"B", "ts":"2476188905", "pid":"1", "tid":"cice"},
{"name":"ModelAdvance", "ph":"E", "ts":"2476660175", "pid":"1", "tid":"cice"},
{"name":"ModelAdvance", "ph":"B", "ts":"2476780889", "pid":"1", "tid":"cice"},
{"name":"ModelAdvance", "ph":"E", "ts":"2477245455", "pid":"1", "tid":"cice"},
{"name":"ModelAdvance", "ph":"B", "ts":"2477358282", "pid":"1", "tid":"cice"},
{"name":"ModelAdvance", "ph":"E", "ts":"2477827500", "pid":"1", "tid":"cice"},
{"name":"ModelAdvance", "ph":"B", "ts":"2477961234", "pid":"1", "tid":"cice"},
{"name":"ModelAdvance", "ph":"E", "ts":"2478427413", "pid":"1", "tid":"cice"},
{"name":"ModelAdvance", "ph":"B", "ts":"2478544673", "pid":"1", "tid":"cice"},
{"name":"ModelAdvance", "ph":"E", "ts":"2479016048", "pid":"1", "tid":"cice"},
{"name":"ModelAdvance", "ph":"B", "ts":"2479130994", "pid":"1", "tid":"cice"},
{"name":"ModelAdvance", "ph":"E", "ts":"2479601418", "pid":"1", "tid":"cice"},
{"name":"ModelAdvance", "ph":"B", "ts":"2479755789", "pid":"1", "tid":"cice"},
{"name":"ModelAdvance", "ph":"E", "ts":"2480225016", "pid":"1", "tid":"cice"},
{"name":"ModelAdvance", "ph":"B", "ts":"2480349370", "pid":"1", "tid":"cice"},
{"name":"ModelAdvance", "ph":"E", "ts":"2480817327", "pid":"1", "tid":"cice"},
{"name":"ModelAdvance", "ph":"B", "ts":"2480955180", "pid":"1", "tid":"cice"},
{"name":"ModelAdvance", "ph":"E", "ts":"2481425932", "pid":"1", "tid":"cice"},
{"name":"ModelAdvance", "ph":"B", "ts":"2482229520", "pid":"1", "tid":"cice"},
{"name":"ModelAdvance", "ph":"E", "ts":"2482695796", "pid":"1", "tid":"cice"},
{"name":"ModelAdvance", "ph":"B", "ts":"2482819454", "pid":"1", "tid":"cice"},
{"name":"ModelAdvance", "ph":"E", "ts":"2483288206", "pid":"1", "tid":"cice"},
{"name":"ModelAdvance", "ph":"B", "ts":"2483414472", "pid":"1", "tid":"cice"},
{"name":"ModelAdvance", "ph":"E", "ts":"2483883041", "pid":"1", "tid":"cice"},
{"name":"ModelAdvance", "ph":"B", "ts":"2484014980", "pid":"1", "tid":"cice"},
{"name":"ModelAdvance", "ph":"E", "ts":"2484484686", "pid":"1", "tid":"cice"},
{"name":"ModelAdvance", "ph":"B", "ts":"2484622949", "pid":"1", "tid":"cice"},
{"name":"ModelAdvance", "ph":"E", "ts":"2485089980", "pid":"1", "tid":"cice"},
{"name":"ModelAdvance", "ph":"B", "ts":"2485222679", "pid":"1", "tid":"cice"},
{"name":"ModelAdvance", "ph":"E", "ts":"2485698964", "pid":"1", "tid":"cice"},
{"name":"ModelAdvance", "ph":"B", "ts":"2485813806", "pid":"1", "tid":"cice"},
{"name":"ModelAdvance", "ph":"E", "ts":"2486280744", "pid":"1", "tid":"cice"},
{"name":"ModelAdvance", "ph":"B", "ts":"2486415347", "pid":"1", "tid":"cice"},
{"name":"ModelAdvance", "ph":"E", "ts":"2486880509", "pid":"1", "tid":"cice"},
{"name":"ModelAdvance", "ph":"B", "ts":"2487014931", "pid":"1", "tid":"cice"},
{"name":"ModelAdvance", "ph":"E", "ts":"2487483617", "pid":"1", "tid":"cice"},
{"name":"ModelAdvance", "ph":"B", "ts":"2487625527", "pid":"1", "tid":"cice"},
{"name":"ModelAdvance", "ph":"E", "ts":"2488096816", "pid":"1", "tid":"cice"},
{"name":"ModelAdvance", "ph":"B", "ts":"2488303803", "pid":"1", "tid":"cice"},
{"name":"ModelAdvance", "ph":"E", "ts":"2488779907", "pid":"1", "tid":"cice"},
{"name":"ModelAdvance", "ph":"B", "ts":"2488919152", "pid":"1", "tid":"cice"},
{"name":"ModelAdvance", "ph":"E", "ts":"2489404182", "pid":"1", "tid":"cice"},
{"name":"ModelAdvance", "ph":"B", "ts":"2489516680", "pid":"1", "tid":"cice"},
{"name":"ModelAdvance", "ph":"E", "ts":"2489992014", "pid":"1", "tid":"cice"},
{"name":"ModelAdvance", "ph":"B", "ts":"2490125634", "pid":"1", "tid":"cice"},
{"name":"ModelAdvance", "ph":"E", "ts":"2490593334", "pid":"1", "tid":"cice"},
{"name":"ModelAdvance", "ph":"B", "ts":"2490717241", "pid":"1", "tid":"cice"},
{"name":"ModelAdvance", "ph":"E", "ts":"2491185610", "pid":"1", "tid":"cice"},
{"name":"ModelAdvance", "ph":"B", "ts":"2491314252", "pid":"1", "tid":"cice"},
{"name":"ModelAdvance", "ph":"E", "ts":"2491786270", "pid":"1", "tid":"cice"},
{"name":"ModelAdvance", "ph":"B", "ts":"2491908920", "pid":"1", "tid":"cice"},
{"name":"ModelAdvance", "ph":"E", "ts":"2492380052", "pid":"1", "tid":"cice"},
{"name":"ModelAdvance", "ph":"B", "ts":"2492496526", "pid":"1", "tid":"cice"},
{"name":"ModelAdvance", "ph":"E", "ts":"2492971070", "pid":"1", "tid":"cice"},
{"name":"ModelAdvance", "ph":"B", "ts":"2493094232", "pid":"1", "tid":"cice"},
{"name":"ModelAdvance", "ph":"E", "ts":"2493563037", "pid":"1", "tid":"cice"},
{"name":"ModelAdvance", "ph":"B", "ts":"2493684966", "pid":"1", "tid":"cice"},
{"name":"ModelAdvance", "ph":"E", "ts":"2494161371", "pid":"1", "tid":"cice"},
{"name":"ModelAdvance", "ph":"B", "ts":"2494270193", "pid":"1", "tid":"cice"},
{"name":"ModelAdvance", "ph":"E", "ts":"2494747794", "pid":"1", "tid":"cice"},
{"name":"ModelAdvance", "ph":"B", "ts":"2494852582", "pid":"1", "tid":"cice"},
{"name":"ModelAdvance", "ph":"E", "ts":"2495320840", "pid":"1", "tid":"cice"},
{"name":"ModelAdvance", "ph":"B", "ts":"2495441587", "pid":"1", "tid":"cice"},
{"name":"ModelAdvance", "ph":"E", "ts":"2496000520", "pid":"1", "tid":"cice"},
{"name":"ModelAdvance", "ph":"B", "ts":"2496052289", "pid":"1", "tid":"cice"},
{"name":"ModelAdvance", "ph":"E", "ts":"2496521493", "pid":"1", "tid":"cice"},
{"name":"ModelAdvance", "ph":"B", "ts":"2497321575", "pid":"1", "tid":"cice"},
{"name":"ModelAdvance", "ph":"E", "ts":"2497787552", "pid":"1", "tid":"cice"},
{"name":"ModelAdvance", "ph":"B", "ts":"2497909737", "pid":"1", "tid":"cice"},
{"name":"ModelAdvance", "ph":"E", "ts":"2498375887", "pid":"1", "tid":"cice"},
{"name":"ModelAdvance", "ph":"B", "ts":"2498517037", "pid":"1", "tid":"cice"},
{"name":"ModelAdvance", "ph":"E", "ts":"2498987933", "pid":"1", "tid":"cice"},
{"name":"ModelAdvance", "ph":"B", "ts":"2499107522", "pid":"1", "tid":"cice"},
{"name":"ModelAdvance", "ph":"E", "ts":"2499580829", "pid":"1", "tid":"cice"},
{"name":"ModelAdvance", "ph":"B", "ts":"2499710274", "pid":"1", "tid":"cice"},
{"name":"ModelAdvance", "ph":"E", "ts":"2500177903", "pid":"1", "tid":"cice"},
{"name":"ModelAdvance", "ph":"B", "ts":"2500314382", "pid":"1", "tid":"cice"},
{"name":"ModelAdvance", "ph":"E", "ts":"2500783470", "pid":"1", "tid":"cice"},
{"name":"ModelAdvance", "ph":"B", "ts":"2500899274", "pid":"1", "tid":"cice"},
{"name":"ModelAdvance", "ph":"E", "ts":"2501376233", "pid":"1", "tid":"cice"},
{"name":"ModelAdvance", "ph":"B", "ts":"2501501321", "pid":"1", "tid":"cice"},
{"name":"ModelAdvance", "ph":"E", "ts":"2501971002", "pid":"1", "tid":"cice"},
{"name":"ModelAdvance", "ph":"B", "ts":"2502098240", "pid":"1", "tid":"cice"},
{"name":"ModelAdvance", "ph":"E", "ts":"2502573238", "pid":"1", "tid":"cice"},
{"name":"ModelAdvance", "ph":"B", "ts":"2502691775", "pid":"1", "tid":"cice"},
{"name":"ModelAdvance", "ph":"E", "ts":"2503165591", "pid":"1", "tid":"cice"},
{"name":"ModelAdvance", "ph":"B", "ts":"2503291302", "pid":"1", "tid":"cice"},
{"name":"ModelAdvance", "ph":"E", "ts":"2503767080", "pid":"1", "tid":"cice"},
{"name":"ModelAdvance", "ph":"B", "ts":"2503895518", "pid":"1", "tid":"cice"},
{"name":"ModelAdvance", "ph":"E", "ts":"2504369689", "pid":"1", "tid":"cice"},
{"name":"ModelAdvance", "ph":"B", "ts":"2504501533", "pid":"1", "tid":"cice"},
{"name":"ModelAdvance", "ph":"E", "ts":"2504969918", "pid":"1", "tid":"cice"},
{"name":"ModelAdvance", "ph":"B", "ts":"2505098611", "pid":"1", "tid":"cice"},
{"name":"ModelAdvance", "ph":"E", "ts":"2505567449", "pid":"1", "tid":"cice"},
{"name":"ModelAdvance", "ph":"B", "ts":"2505688772", "pid":"1", "tid":"cice"},
{"name":"ModelAdvance", "ph":"E", "ts":"2506163905", "pid":"1", "tid":"cice"},
{"name":"ModelAdvance", "ph":"B", "ts":"2506326866", "pid":"1", "tid":"cice"},
{"name":"ModelAdvance", "ph":"E", "ts":"2506793129", "pid":"1", "tid":"cice"},
{"name":"ModelAdvance", "ph":"B", "ts":"2506919533", "pid":"1", "tid":"cice"},
{"name":"ModelAdvance", "ph":"E", "ts":"2507389355", "pid":"1", "tid":"cice"},
{"name":"ModelAdvance", "ph":"B", "ts":"2507524985", "pid":"1", "tid":"cice"},
{"name":"ModelAdvance", "ph":"E", "ts":"2507991877", "pid":"1", "tid":"cice"},
{"name":"ModelAdvance", "ph":"B", "ts":"2508128011", "pid":"1", "tid":"cice"},
{"name":"ModelAdvance", "ph":"E", "ts":"2508600676", "pid":"1", "tid":"cice"},
{"name":"ModelAdvance", "ph":"B", "ts":"2508727295", "pid":"1", "tid":"cice"},
{"name":"ModelAdvance", "ph":"E", "ts":"2509199464", "pid":"1", "tid":"cice"},
{"name":"ModelAdvance", "ph":"B", "ts":"2509323565", "pid":"1", "tid":"cice"},
{"name":"ModelAdvance", "ph":"E", "ts":"2509793083", "pid":"1", "tid":"cice"},
{"name":"ModelAdvance", "ph":"B", "ts":"2509926269", "pid":"1", "tid":"cice"},
{"name":"ModelAdvance", "ph":"E", "ts":"2510400068", "pid":"1", "tid":"cice"},
{"name":"ModelAdvance", "ph":"B", "ts":"2510523917", "pid":"1", "tid":"cice"},
{"name":"ModelAdvance", "ph":"E", "ts":"2510989484", "pid":"1", "tid":"cice"},
{"name":"ModelAdvance", "ph":"B", "ts":"2511155887", "pid":"1", "tid":"cice"},
{"name":"ModelAdvance", "ph":"E", "ts":"2511630127", "pid":"1", "tid":"cice"},
{"name":"ModelAdvance", "ph":"B", "ts":"2512452133", "pid":"1", "tid":"cice"},
{"name":"ModelAdvance", "ph":"E", "ts":"2512922073", "pid":"1", "tid":"cice"},
{"name":"ModelAdvance", "ph":"B", "ts":"2513055188", "pid":"1", "tid":"cice"},
{"name":"ModelAdvance", "ph":"E", "ts":"2513529828", "pid":"1", "tid":"cice"},
{"name":"ModelAdvance", "ph":"B", "ts":"2513668614", "pid":"1", "tid":"cice"},
{"name":"ModelAdvance", "ph":"E", "ts":"2514139637", "pid":"1", "tid":"cice"},
{"name":"ModelAdvance", "ph":"B", "ts":"2514269001", "pid":"1", "tid":"cice"},
{"name":"ModelAdvance", "ph":"E", "ts":"2514739048", "pid":"1", "tid":"cice"},
{"name":"ModelAdvance", "ph":"B", "ts":"2514889629", "pid":"1", "tid":"cice"},
{"name":"ModelAdvance", "ph":"E", "ts":"2515363255", "pid":"1", "tid":"cice"},
{"name":"ModelAdvance", "ph":"B", "ts":"2515503569", "pid":"1", "tid":"cice"},
{"name":"ModelAdvance", "ph":"E", "ts":"2515977066", "pid":"1", "tid":"cice"},
{"name":"ModelAdvance", "ph":"B", "ts":"2516132846", "pid":"1", "tid":"cice"},
{"name":"ModelAdvance", "ph":"E", "ts":"2516598498", "pid":"1", "tid":"cice"},
{"name":"ModelAdvance", "ph":"B", "ts":"2516747378", "pid":"1", "tid":"cice"},
{"name":"ModelAdvance", "ph":"E", "ts":"2517216258", "pid":"1", "tid":"cice"},
{"name":"ModelAdvance", "ph":"B", "ts":"2517362972", "pid":"1", "tid":"cice"},
{"name":"ModelAdvance", "ph":"E", "ts":"2517840581", "pid":"1", "tid":"cice"},
{"name":"ModelAdvance", "ph":"B", "ts":"2517980432", "pid":"1", "tid":"cice"},
{"name":"ModelAdvance", "ph":"E", "ts":"2518454929", "pid":"1", "tid":"cice"},
{"name":"ModelAdvance", "ph":"B", "ts":"2518608891", "pid":"1", "tid":"cice"},
{"name":"ModelAdvance", "ph":"E", "ts":"2519078535", "pid":"1", "tid":"cice"},
{"name":"ModelAdvance", "ph":"B", "ts":"2519249919", "pid":"1", "tid":"cice"},
{"name":"ModelAdvance", "ph":"E", "ts":"2519725639", "pid":"1", "tid":"cice"},
{"name":"ModelAdvance", "ph":"B", "ts":"2519870472", "pid":"1", "tid":"cice"},
{"name":"ModelAdvance", "ph":"E", "ts":"2520347415", "pid":"1", "tid":"cice"},
{"name":"ModelAdvance", "ph":"B", "ts":"2520495244", "pid":"1", "tid":"cice"},
{"name":"ModelAdvance", "ph":"E", "ts":"2520974293", "pid":"1", "tid":"cice"},
{"name":"ModelAdvance", "ph":"B", "ts":"2521131987", "pid":"1", "tid":"cice"},
{"name":"ModelAdvance", "ph":"E", "ts":"2521597650", "pid":"1", "tid":"cice"},
{"name":"ModelAdvance", "ph":"B", "ts":"2521745972", "pid":"1", "tid":"cice"},
{"name":"ModelAdvance", "ph":"E", "ts":"2522214490", "pid":"1", "tid":"cice"},
{"name":"ModelAdvance", "ph":"B", "ts":"2522379129", "pid":"1", "tid":"cice"},
{"name":"ModelAdvance", "ph":"E", "ts":"2522853469", "pid":"1", "tid":"cice"},
{"name":"ModelAdvance", "ph":"B", "ts":"2522999624", "pid":"1", "tid":"cice"},
{"name":"ModelAdvance", "ph":"E", "ts":"2523472136", "pid":"1", "tid":"cice"},
{"name":"ModelAdvance", "ph":"B", "ts":"2523677198", "pid":"1", "tid":"cice"},
{"name":"ModelAdvance", "ph":"E", "ts":"2524148067", "pid":"1", "tid":"cice"},
{"name":"ModelAdvance", "ph":"B", "ts":"2524363832", "pid":"1", "tid":"cice"},
{"name":"ModelAdvance", "ph":"E", "ts":"2524840483", "pid":"1", "tid":"cice"},
{"name":"ModelAdvance", "ph":"B", "ts":"2525028088", "pid":"1", "tid":"cice"},
{"name":"ModelAdvance", "ph":"E", "ts":"2525503076", "pid":"1", "tid":"cice"},
{"name":"ModelAdvance", "ph":"B", "ts":"2525686320", "pid":"1", "tid":"cice"},
{"name":"ModelAdvance", "ph":"E", "ts":"2526157849", "pid":"1", "tid":"cice"},
{"name":"ModelAdvance", "ph":"B", "ts":"2526388900", "pid":"1", "tid":"cice"},
{"name":"ModelAdvance", "ph":"E", "ts":"2526852469", "pid":"1", "tid":"cice"},
{"name":"ModelAdvance", "ph":"B", "ts":"2527072798", "pid":"1", "tid":"cice"},
{"name":"ModelAdvance", "ph":"E", "ts":"2527553312", "pid":"1", "tid":"cice"},
{"name":"ModelAdvance", "ph":"B", "ts":"2528368839", "pid":"1", "tid":"cice"},
{"name":"ModelAdvance", "ph":"E", "ts":"2528845799", "pid":"1", "tid":"cice"},
{"name":"ModelAdvance", "ph":"B", "ts":"2528994389", "pid":"1", "tid":"cice"},
{"name":"ModelAdvance", "ph":"E", "ts":"2529460455", "pid":"1", "tid":"cice"},
{"name":"ModelAdvance", "ph":"B", "ts":"2529673553", "pid":"1", "tid":"cice"},
{"name":"ModelAdvance", "ph":"E", "ts":"2530144474", "pid":"1", "tid":"cice"},
{"name":"ModelAdvance", "ph":"B", "ts":"2530353496", "pid":"1", "tid":"cice"},
{"name":"ModelAdvance", "ph":"E", "ts":"2530824099", "pid":"1", "tid":"cice"},
{"name":"ModelAdvance", "ph":"B", "ts":"2531006582", "pid":"1", "tid":"cice"},
{"name":"ModelAdvance", "ph":"E", "ts":"2531474027", "pid":"1", "tid":"cice"},
{"name":"ModelAdvance", "ph":"B", "ts":"2531652320", "pid":"1", "tid":"cice"},
{"name":"ModelAdvance", "ph":"E", "ts":"2532117127", "pid":"1", "tid":"cice"},
{"name":"ModelAdvance", "ph":"B", "ts":"2532310898", "pid":"1", "tid":"cice"},
{"name":"ModelAdvance", "ph":"E", "ts":"2532778176", "pid":"1", "tid":"cice"},
{"name":"ModelAdvance", "ph":"B", "ts":"2532960925", "pid":"1", "tid":"cice"},
{"name":"ModelAdvance", "ph":"E", "ts":"2533430599", "pid":"1", "tid":"cice"},
{"name":"ModelAdvance", "ph":"B", "ts":"2533606616", "pid":"1", "tid":"cice"},
{"name":"ModelAdvance", "ph":"E", "ts":"2534081236", "pid":"1", "tid":"cice"},
{"name":"ModelAdvance", "ph":"B", "ts":"2534260546", "pid":"1", "tid":"cice"},
{"name":"ModelAdvance", "ph":"E", "ts":"2534729142", "pid":"1", "tid":"cice"},
{"name":"ModelAdvance", "ph":"B", "ts":"2534939915", "pid":"1", "tid":"cice"},
{"name":"ModelAdvance", "ph":"E", "ts":"2535408110", "pid":"1", "tid":"cice"},
{"name":"ModelAdvance", "ph":"B", "ts":"2535579192", "pid":"1", "tid":"cice"},
{"name":"ModelAdvance", "ph":"E", "ts":"2536052128", "pid":"1", "tid":"cice"},
{"name":"ModelAdvance", "ph":"B", "ts":"2536257849", "pid":"1", "tid":"cice"},
{"name":"ModelAdvance", "ph":"E", "ts":"2536734405", "pid":"1", "tid":"cice"},
{"name":"ModelAdvance", "ph":"B", "ts":"2536906525", "pid":"1", "tid":"cice"},
{"name":"ModelAdvance", "ph":"E", "ts":"2537378717", "pid":"1", "tid":"cice"},
{"name":"ModelAdvance", "ph":"B", "ts":"2537576211", "pid":"1", "tid":"cice"},
{"name":"ModelAdvance", "ph":"E", "ts":"2538049852", "pid":"1", "tid":"cice"},
{"name":"ModelAdvance", "ph":"B", "ts":"2538189454", "pid":"1", "tid":"cice"},
{"name":"ModelAdvance", "ph":"E", "ts":"2538665744", "pid":"1", "tid":"cice"},
{"name":"ModelAdvance", "ph":"B", "ts":"2538799198", "pid":"1", "tid":"cice"},
{"name":"ModelAdvance", "ph":"E", "ts":"2539275622", "pid":"1", "tid":"cice"},
{"name":"ModelAdvance", "ph":"B", "ts":"2539439796", "pid":"1", "tid":"cice"},
{"name":"ModelAdvance", "ph":"E", "ts":"2539911354", "pid":"1", "tid":"cice"},
{"name":"ModelAdvance", "ph":"B", "ts":"2540083130", "pid":"1", "tid":"cice"},
{"name":"ModelAdvance", "ph":"E", "ts":"2540555825", "pid":"1", "tid":"cice"},
{"name":"ModelAdvance", "ph":"B", "ts":"2540692042", "pid":"1", "tid":"cice"},
{"name":"ModelAdvance", "ph":"E", "ts":"2541162884", "pid":"1", "tid":"cice"},
{"name":"ModelAdvance", "ph":"B", "ts":"2541328855", "pid":"1", "tid":"cice"},
{"name":"ModelAdvance", "ph":"E", "ts":"2541799183", "pid":"1", "tid":"cice"},
{"name":"ModelAdvance", "ph":"B", "ts":"2541999178", "pid":"1", "tid":"cice"},
{"name":"ModelAdvance", "ph":"E", "ts":"2542472741", "pid":"1", "tid":"cice"},
{"name":"ModelAdvance", "ph":"B", "ts":"2542659218", "pid":"1", "tid":"cice"},
{"name":"ModelAdvance", "ph":"E", "ts":"2543137765", "pid":"1", "tid":"cice"},
{"name":"ModelAdvance", "ph":"B", "ts":"2543353839", "pid":"1", "tid":"cice"},
{"name":"ModelAdvance", "ph":"E", "ts":"2543832382", "pid":"1", "tid":"cice"},
{"name":"ModelAdvance", "ph":"B", "ts":"2557062600", "pid":"1", "tid":"cice"},
{"name":"ModelAdvance", "ph":"E", "ts":"2557544895", "pid":"1", "tid":"cice"},
{"name":"ModelAdvance", "ph":"B", "ts":"2557677850", "pid":"1", "tid":"cice"},
{"name":"ModelAdvance", "ph":"E", "ts":"2558150324", "pid":"1", "tid":"cice"},
{"name":"ModelAdvance", "ph":"B", "ts":"2558280178", "pid":"1", "tid":"cice"},
{"name":"ModelAdvance", "ph":"E", "ts":"2558749164", "pid":"1", "tid":"cice"},
{"name":"ModelAdvance", "ph":"B", "ts":"2558886265", "pid":"1", "tid":"cice"},
{"name":"ModelAdvance", "ph":"E", "ts":"2559353843", "pid":"1", "tid":"cice"},
{"name":"ModelAdvance", "ph":"B", "ts":"2559486063", "pid":"1", "tid":"cice"},
{"name":"ModelAdvance", "ph":"E", "ts":"2559959856", "pid":"1", "tid":"cice"},
{"name":"ModelAdvance", "ph":"B", "ts":"2560101802", "pid":"1", "tid":"cice"},
{"name":"ModelAdvance", "ph":"E", "ts":"2560579157", "pid":"1", "tid":"cice"},
{"name":"ModelAdvance", "ph":"B", "ts":"2560723777", "pid":"1", "tid":"cice"},
{"name":"ModelAdvance", "ph":"E", "ts":"2561192040", "pid":"1", "tid":"cice"},
{"name":"ModelAdvance", "ph":"B", "ts":"2561326152", "pid":"1", "tid":"cice"},
{"name":"ModelAdvance", "ph":"E", "ts":"2561796387", "pid":"1", "tid":"cice"},
{"name":"ModelAdvance", "ph":"B", "ts":"2561944181", "pid":"1", "tid":"cice"},
{"name":"ModelAdvance", "ph":"E", "ts":"2562413443", "pid":"1", "tid":"cice"},
{"name":"ModelAdvance", "ph":"B", "ts":"2562551821", "pid":"1", "tid":"cice"},
{"name":"ModelAdvance", "ph":"E", "ts":"2563021428", "pid":"1", "tid":"cice"},
{"name":"ModelAdvance", "ph":"B", "ts":"2563168520", "pid":"1", "tid":"cice"},
{"name":"ModelAdvance", "ph":"E", "ts":"2563640800", "pid":"1", "tid":"cice"},
{"name":"ModelAdvance", "ph":"B", "ts":"2563788186", "pid":"1", "tid":"cice"},
{"name":"ModelAdvance", "ph":"E", "ts":"2564260604", "pid":"1", "tid":"cice"},
{"name":"ModelAdvance", "ph":"B", "ts":"2564400124", "pid":"1", "tid":"cice"},
{"name":"ModelAdvance", "ph":"E", "ts":"2564888906", "pid":"1", "tid":"cice"},
{"name":"ModelAdvance", "ph":"B", "ts":"2565009395", "pid":"1", "tid":"cice"},
{"name":"ModelAdvance", "ph":"E", "ts":"2565488824", "pid":"1", "tid":"cice"},
{"name":"ModelAdvance", "ph":"B", "ts":"2565615210", "pid":"1", "tid":"cice"},
{"name":"ModelAdvance", "ph":"E", "ts":"2566084252", "pid":"1", "tid":"cice"},
{"name":"ModelAdvance", "ph":"B", "ts":"2566228456", "pid":"1", "tid":"cice"},
{"name":"ModelAdvance", "ph":"E", "ts":"2566696103", "pid":"1", "tid":"cice"},
{"name":"ModelAdvance", "ph":"B", "ts":"2566871486", "pid":"1", "tid":"cice"},
{"name":"ModelAdvance", "ph":"E", "ts":"2567343595", "pid":"1", "tid":"cice"},
{"name":"ModelAdvance", "ph":"B", "ts":"2567495237", "pid":"1", "tid":"cice"},
{"name":"ModelAdvance", "ph":"E", "ts":"2567970379", "pid":"1", "tid":"cice"},
{"name":"ModelAdvance", "ph":"B", "ts":"2568111734", "pid":"1", "tid":"cice"},
{"name":"ModelAdvance", "ph":"E", "ts":"2568586745", "pid":"1", "tid":"cice"},
{"name":"ModelAdvance", "ph":"B", "ts":"2568783858", "pid":"1", "tid":"cice"},
{"name":"ModelAdvance", "ph":"E", "ts":"2569254853", "pid":"1", "tid":"cice"},
{"name":"ModelAdvance", "ph":"B", "ts":"2569403360", "pid":"1", "tid":"cice"},
{"name":"ModelAdvance", "ph":"E", "ts":"2569876725", "pid":"1", "tid":"cice"},
{"name":"ModelAdvance", "ph":"B", "ts":"2570017503", "pid":"1", "tid":"cice"},
{"name":"ModelAdvance", "ph":"E", "ts":"2570489971", "pid":"1", "tid":"cice"},
{"name":"ModelAdvance", "ph":"B", "ts":"2572418995", "pid":"1", "tid":"cice"},
{"name":"ModelAdvance", "ph":"E", "ts":"2572970656", "pid":"1", "tid":"cice"},
{"name":"ModelAdvance", "ph":"B", "ts":"2573106367", "pid":"1", "tid":"cice"},
{"name":"ModelAdvance", "ph":"E", "ts":"2573587347", "pid":"1", "tid":"cice"},
{"name":"ModelAdvance", "ph":"B", "ts":"2574350341", "pid":"1", "tid":"cice"},
{"name":"ModelAdvance", "ph":"E", "ts":"2574817812", "pid":"1", "tid":"cice"},
{"name":"ModelAdvance", "ph":"B", "ts":"2575018673", "pid":"1", "tid":"cice"},
{"name":"ModelAdvance", "ph":"E", "ts":"2575487925", "pid":"1", "tid":"cice"},
{"name":"ModelAdvance", "ph":"B", "ts":"2575629670", "pid":"1", "tid":"cice"},
{"name":"ModelAdvance", "ph":"E", "ts":"2576099007", "pid":"1", "tid":"cice"},
{"name":"ModelAdvance", "ph":"B", "ts":"2576250979", "pid":"1", "tid":"cice"},
{"name":"ModelAdvance", "ph":"E", "ts":"2576720604", "pid":"1", "tid":"cice"},
{"name":"ModelAdvance", "ph":"B", "ts":"2576888453", "pid":"1", "tid":"cice"},
{"name":"ModelAdvance", "ph":"E", "ts":"2577360358", "pid":"1", "tid":"cice"},
{"name":"ModelAdvance", "ph":"B", "ts":"2577553299", "pid":"1", "tid":"cice"},
{"name":"ModelAdvance", "ph":"E", "ts":"2578022260", "pid":"1", "tid":"cice"},
{"name":"ModelAdvance", "ph":"B", "ts":"2578168137", "pid":"1", "tid":"cice"},
{"name":"ModelAdvance", "ph":"E", "ts":"2578642742", "pid":"1", "tid":"cice"},
{"name":"ModelAdvance", "ph":"B", "ts":"2578803999", "pid":"1", "tid":"cice"},
{"name":"ModelAdvance", "ph":"E", "ts":"2579278644", "pid":"1", "tid":"cice"},
{"name":"ModelAdvance", "ph":"B", "ts":"2579414169", "pid":"1", "tid":"cice"},
{"name":"ModelAdvance", "ph":"E", "ts":"2579885861", "pid":"1", "tid":"cice"},
{"name":"ModelAdvance", "ph":"B", "ts":"2580019899", "pid":"1", "tid":"cice"},
{"name":"ModelAdvance", "ph":"E", "ts":"2580491712", "pid":"1", "tid":"cice"},
{"name":"ModelAdvance", "ph":"B", "ts":"2580626827", "pid":"1", "tid":"cice"},
{"name":"ModelAdvance", "ph":"E", "ts":"2581096588", "pid":"1", "tid":"cice"},
{"name":"ModelAdvance", "ph":"B", "ts":"2581234531", "pid":"1", "tid":"cice"},
{"name":"ModelAdvance", "ph":"E", "ts":"2581702011", "pid":"1", "tid":"cice"},
{"name":"ModelAdvance", "ph":"B", "ts":"2581830870", "pid":"1", "tid":"cice"},
{"name":"ModelAdvance", "ph":"E", "ts":"2582298571", "pid":"1", "tid":"cice"},
{"name":"ModelAdvance", "ph":"B", "ts":"2582422745", "pid":"1", "tid":"cice"},
{"name":"ModelAdvance", "ph":"E", "ts":"2582889936", "pid":"1", "tid":"cice"},
{"name":"ModelAdvance", "ph":"B", "ts":"2583014893", "pid":"1", "tid":"cice"},
{"name":"ModelAdvance", "ph":"E", "ts":"2583495220", "pid":"1", "tid":"cice"},
{"name":"ModelAdvance", "ph":"B", "ts":"2583616724", "pid":"1", "tid":"cice"},
{"name":"ModelAdvance", "ph":"E", "ts":"2584087775", "pid":"1", "tid":"cice"},
{"name":"ModelAdvance", "ph":"B", "ts":"2584209173", "pid":"1", "tid":"cice"},
{"name":"ModelAdvance", "ph":"E", "ts":"2584684570", "pid":"1", "tid":"cice"},
{"name":"ModelAdvance", "ph":"B", "ts":"2584804475", "pid":"1", "tid":"cice"},
{"name":"ModelAdvance", "ph":"E", "ts":"2585277124", "pid":"1", "tid":"cice"},
{"name":"ModelAdvance", "ph":"B", "ts":"2585401127", "pid":"1", "tid":"cice"},
{"name":"ModelAdvance", "ph":"E", "ts":"2585872723", "pid":"1", "tid":"cice"},
{"name":"ModelAdvance", "ph":"B", "ts":"2585993648", "pid":"1", "tid":"cice"},
{"name":"ModelAdvance", "ph":"E", "ts":"2586462899", "pid":"1", "tid":"cice"},
{"name":"ModelAdvance", "ph":"B", "ts":"2586586383", "pid":"1", "tid":"cice"},
{"name":"ModelAdvance", "ph":"E", "ts":"2587058711", "pid":"1", "tid":"cice"},
{"name":"ModelAdvance", "ph":"B", "ts":"2587190883", "pid":"1", "tid":"cice"},
{"name":"ModelAdvance", "ph":"E", "ts":"2587664983", "pid":"1", "tid":"cice"},
{"name":"ModelAdvance", "ph":"B", "ts":"2587783222", "pid":"1", "tid":"cice"},
{"name":"ModelAdvance", "ph":"E", "ts":"2588249915", "pid":"1", "tid":"cice"},
{"name":"ModelAdvance", "ph":"B", "ts":"2588392047", "pid":"1", "tid":"cice"},
{"name":"ModelAdvance", "ph":"E", "ts":"2588860950", "pid":"1", "tid":"cice"},
{"name":"ModelAdvance", "ph":"B", "ts":"2589711379", "pid":"1", "tid":"cice"},
{"name":"ModelAdvance", "ph":"E", "ts":"2590192496", "pid":"1", "tid":"cice"},
{"name":"ModelAdvance", "ph":"B", "ts":"2590308949", "pid":"1", "tid":"cice"},
{"name":"ModelAdvance", "ph":"E", "ts":"2590778027", "pid":"1", "tid":"cice"},
{"name":"ModelAdvance", "ph":"B", "ts":"2590900221", "pid":"1", "tid":"cice"},
{"name":"ModelAdvance", "ph":"E", "ts":"2591366790", "pid":"1", "tid":"cice"},
{"name":"ModelAdvance", "ph":"B", "ts":"2591498643", "pid":"1", "tid":"cice"},
{"name":"ModelAdvance", "ph":"E", "ts":"2591970226", "pid":"1", "tid":"cice"},
{"name":"ModelAdvance", "ph":"B", "ts":"2592093044", "pid":"1", "tid":"cice"},
{"name":"ModelAdvance", "ph":"E", "ts":"2592563287", "pid":"1", "tid":"cice"},
{"name":"ModelAdvance", "ph":"B", "ts":"2592688210", "pid":"1", "tid":"cice"},
{"name":"ModelAdvance", "ph":"E", "ts":"2593154646", "pid":"1", "tid":"cice"},
{"name":"ModelAdvance", "ph":"B", "ts":"2593313638", "pid":"1", "tid":"cice"},
{"name":"ModelAdvance", "ph":"E", "ts":"2593784386", "pid":"1", "tid":"cice"},
{"name":"ModelAdvance", "ph":"B", "ts":"2593913914", "pid":"1", "tid":"cice"},
{"name":"ModelAdvance", "ph":"E", "ts":"2594385449", "pid":"1", "tid":"cice"},
{"name":"ModelAdvance", "ph":"B", "ts":"2594518527", "pid":"1", "tid":"cice"},
{"name":"ModelAdvance", "ph":"E", "ts":"2594990598", "pid":"1", "tid":"cice"},
{"name":"ModelAdvance", "ph":"B", "ts":"2595127716", "pid":"1", "tid":"cice"},
{"name":"ModelAdvance", "ph":"E", "ts":"2595597753", "pid":"1", "tid":"cice"},
{"name":"ModelAdvance", "ph":"B", "ts":"2595742440", "pid":"1", "tid":"cice"},
{"name":"ModelAdvance", "ph":"E", "ts":"2596217949", "pid":"1", "tid":"cice"},
{"name":"ModelAdvance", "ph":"B", "ts":"2596366122", "pid":"1", "tid":"cice"},
{"name":"ModelAdvance", "ph":"E", "ts":"2596845376", "pid":"1", "tid":"cice"},
{"name":"ModelAdvance", "ph":"B", "ts":"2596976605", "pid":"1", "tid":"cice"},
{"name":"ModelAdvance", "ph":"E", "ts":"2597455177", "pid":"1", "tid":"cice"},
{"name":"ModelAdvance", "ph":"B", "ts":"2597614552", "pid":"1", "tid":"cice"},
{"name":"ModelAdvance", "ph":"E", "ts":"2598081319", "pid":"1", "tid":"cice"},
{"name":"ModelAdvance", "ph":"B", "ts":"2598274795", "pid":"1", "tid":"cice"},
{"name":"ModelAdvance", "ph":"E", "ts":"2598741674", "pid":"1", "tid":"cice"},
{"name":"ModelAdvance", "ph":"B", "ts":"2598903413", "pid":"1", "tid":"cice"},
{"name":"ModelAdvance", "ph":"E", "ts":"2599372073", "pid":"1", "tid":"cice"},
{"name":"ModelAdvance", "ph":"B", "ts":"2599546993", "pid":"1", "tid":"cice"},
{"name":"ModelAdvance", "ph":"E", "ts":"2600014120", "pid":"1", "tid":"cice"},
{"name":"ModelAdvance", "ph":"B", "ts":"2600214602", "pid":"1", "tid":"cice"},
{"name":"ModelAdvance", "ph":"E", "ts":"2600689737", "pid":"1", "tid":"cice"},
{"name":"ModelAdvance", "ph":"B", "ts":"2600848713", "pid":"1", "tid":"cice"},
{"name":"ModelAdvance", "ph":"E", "ts":"2601320406", "pid":"1", "tid":"cice"},
{"name":"ModelAdvance", "ph":"B", "ts":"2601468087", "pid":"1", "tid":"cice"},
{"name":"ModelAdvance", "ph":"E", "ts":"2601946562", "pid":"1", "tid":"cice"},
{"name":"ModelAdvance", "ph":"B", "ts":"2602137568", "pid":"1", "tid":"cice"},
{"name":"ModelAdvance", "ph":"E", "ts":"2602605304", "pid":"1", "tid":"cice"},
{"name":"ModelAdvance", "ph":"B", "ts":"2602756431", "pid":"1", "tid":"cice"},
{"name":"ModelAdvance", "ph":"E", "ts":"2603224551", "pid":"1", "tid":"cice"},
{"name":"ModelAdvance", "ph":"B", "ts":"2603376484", "pid":"1", "tid":"cice"},
{"name":"ModelAdvance", "ph":"E", "ts":"2603970882", "pid":"1", "tid":"cice"},
{"name":"ModelAdvance", "ph":"B", "ts":"2604035375", "pid":"1", "tid":"cice"},
{"name":"ModelAdvance", "ph":"E", "ts":"2604506676", "pid":"1", "tid":"cice"},
{"name":"ModelAdvance", "ph":"B", "ts":"2605290695", "pid":"1", "tid":"cice"},
{"name":"ModelAdvance", "ph":"E", "ts":"2605752599", "pid":"1", "tid":"cice"},
{"name":"ModelAdvance", "ph":"B", "ts":"2606036583", "pid":"1", "tid":"cice"},
{"name":"ModelAdvance", "ph":"E", "ts":"2606508887", "pid":"1", "tid":"cice"},
{"name":"ModelAdvance", "ph":"B", "ts":"2606701434", "pid":"1", "tid":"cice"},
{"name":"ModelAdvance", "ph":"E", "ts":"2607175507", "pid":"1", "tid":"cice"},
{"name":"ModelAdvance", "ph":"B", "ts":"2607334383", "pid":"1", "tid":"cice"},
{"name":"ModelAdvance", "ph":"E", "ts":"2607810020", "pid":"1", "tid":"cice"},
{"name":"ModelAdvance", "ph":"B", "ts":"2607974339", "pid":"1", "tid":"cice"},
{"name":"ModelAdvance", "ph":"E", "ts":"2608443598", "pid":"1", "tid":"cice"},
{"name":"ModelAdvance", "ph":"B", "ts":"2608622454", "pid":"1", "tid":"cice"},
{"name":"ModelAdvance", "ph":"E", "ts":"2609090033", "pid":"1", "tid":"cice"},
{"name":"ModelAdvance", "ph":"B", "ts":"2609252848", "pid":"1", "tid":"cice"},
{"name":"ModelAdvance", "ph":"E", "ts":"2609721772", "pid":"1", "tid":"cice"},
{"name":"ModelAdvance", "ph":"B", "ts":"2609919174", "pid":"1", "tid":"cice"},
{"name":"ModelAdvance", "ph":"E", "ts":"2610396069", "pid":"1", "tid":"cice"},
{"name":"ModelAdvance", "ph":"B", "ts":"2610557325", "pid":"1", "tid":"cice"},
{"name":"ModelAdvance", "ph":"E", "ts":"2611027744", "pid":"1", "tid":"cice"},
{"name":"ModelAdvance", "ph":"B", "ts":"2611179739", "pid":"1", "tid":"cice"},
{"name":"ModelAdvance", "ph":"E", "ts":"2611654126", "pid":"1", "tid":"cice"},
{"name":"ModelAdvance", "ph":"B", "ts":"2611809599", "pid":"1", "tid":"cice"},
{"name":"ModelAdvance", "ph":"E", "ts":"2612287126", "pid":"1", "tid":"cice"},
{"name":"ModelAdvance", "ph":"B", "ts":"2612449558", "pid":"1", "tid":"cice"},
{"name":"ModelAdvance", "ph":"E", "ts":"2612921915", "pid":"1", "tid":"cice"},
{"name":"ModelAdvance", "ph":"B", "ts":"2613099907", "pid":"1", "tid":"cice"},
{"name":"ModelAdvance", "ph":"E", "ts":"2613578751", "pid":"1", "tid":"cice"},
{"name":"ModelAdvance", "ph":"B", "ts":"2613716445", "pid":"1", "tid":"cice"},
{"name":"ModelAdvance", "ph":"E", "ts":"2614187082", "pid":"1", "tid":"cice"},
{"name":"ModelAdvance", "ph":"B", "ts":"2614353853", "pid":"1", "tid":"cice"},
{"name":"ModelAdvance", "ph":"E", "ts":"2614822952", "pid":"1", "tid":"cice"},
{"name":"ModelAdvance", "ph":"B", "ts":"2614987442", "pid":"1", "tid":"cice"},
{"name":"ModelAdvance", "ph":"E", "ts":"2615456390", "pid":"1", "tid":"cice"},
{"name":"ModelAdvance", "ph":"B", "ts":"2615631662", "pid":"1", "tid":"cice"},
{"name":"ModelAdvance", "ph":"E", "ts":"2616106988", "pid":"1", "tid":"cice"},
{"name":"ModelAdvance", "ph":"B", "ts":"2616250077", "pid":"1", "tid":"cice"},
{"name":"ModelAdvance", "ph":"E", "ts":"2616723933", "pid":"1", "tid":"cice"},
{"name":"ModelAdvance", "ph":"B", "ts":"2616856359", "pid":"1", "tid":"cice"},
{"name":"ModelAdvance", "ph":"E", "ts":"2617328967", "pid":"1", "tid":"cice"},
{"name":"ModelAdvance", "ph":"B", "ts":"2617468781", "pid":"1", "tid":"cice"},
{"name":"ModelAdvance", "ph":"E", "ts":"2617951883", "pid":"1", "tid":"cice"},
{"name":"ModelAdvance", "ph":"B", "ts":"2618104328", "pid":"1", "tid":"cice"},
{"name":"ModelAdvance", "ph":"E", "ts":"2618569332", "pid":"1", "tid":"cice"},
{"name":"ModelAdvance", "ph":"B", "ts":"2618714548", "pid":"1", "tid":"cice"},
{"name":"ModelAdvance", "ph":"E", "ts":"2619187915", "pid":"1", "tid":"cice"},
{"name":"ModelAdvance", "ph":"B", "ts":"2619341663", "pid":"1", "tid":"cice"},
{"name":"ModelAdvance", "ph":"E", "ts":"2619809802", "pid":"1", "tid":"cice"},
{"name":"ModelAdvance", "ph":"B", "ts":"2619967553", "pid":"1", "tid":"cice"},
{"name":"ModelAdvance", "ph":"E", "ts":"2620437016", "pid":"1", "tid":"cice"},
{"name":"ModelAdvance", "ph":"B", "ts":"2621228911", "pid":"1", "tid":"cice"},
{"name":"ModelAdvance", "ph":"E", "ts":"2621706918", "pid":"1", "tid":"cice"},
{"name":"ModelAdvance", "ph":"B", "ts":"2621827630", "pid":"1", "tid":"cice"},
{"name":"ModelAdvance", "ph":"E", "ts":"2622297592", "pid":"1", "tid":"cice"},
{"name":"ModelAdvance", "ph":"B", "ts":"2622437663", "pid":"1", "tid":"cice"},
{"name":"ModelAdvance", "ph":"E", "ts":"2622908973", "pid":"1", "tid":"cice"},
{"name":"ModelAdvance", "ph":"B", "ts":"2623043463", "pid":"1", "tid":"cice"},
{"name":"ModelAdvance", "ph":"E", "ts":"2623512306", "pid":"1", "tid":"cice"},
{"name":"ModelAdvance", "ph":"B", "ts":"2623652731", "pid":"1", "tid":"cice"},
{"name":"ModelAdvance", "ph":"E", "ts":"2624124357", "pid":"1", "tid":"cice"},
{"name":"ModelAdvance", "ph":"B", "ts":"2624261877", "pid":"1", "tid":"cice"},
{"name":"ModelAdvance", "ph":"E", "ts":"2624733546", "pid":"1", "tid":"cice"},
{"name":"ModelAdvance", "ph":"B", "ts":"2624869316", "pid":"1", "tid":"cice"},
{"name":"ModelAdvance", "ph":"E", "ts":"2625337906", "pid":"1", "tid":"cice"},
{"name":"ModelAdvance", "ph":"B", "ts":"2625543145", "pid":"1", "tid":"cice"},
{"name":"ModelAdvance", "ph":"E", "ts":"2626013885", "pid":"1", "tid":"cice"},
{"name":"ModelAdvance", "ph":"B", "ts":"2626154077", "pid":"1", "tid":"cice"},
{"name":"ModelAdvance", "ph":"E", "ts":"2626622031", "pid":"1", "tid":"cice"},
{"name":"ModelAdvance", "ph":"B", "ts":"2626766548", "pid":"1", "tid":"cice"},
{"name":"ModelAdvance", "ph":"E", "ts":"2627235777", "pid":"1", "tid":"cice"},
{"name":"ModelAdvance", "ph":"B", "ts":"2627380606", "pid":"1", "tid":"cice"},
{"name":"ModelAdvance", "ph":"E", "ts":"2627848597", "pid":"1", "tid":"cice"},
{"name":"ModelAdvance", "ph":"B", "ts":"2628009656", "pid":"1", "tid":"cice"},
{"name":"ModelAdvance", "ph":"E", "ts":"2628480838", "pid":"1", "tid":"cice"},
{"name":"ModelAdvance", "ph":"B", "ts":"2628621080", "pid":"1", "tid":"cice"},
{"name":"ModelAdvance", "ph":"E", "ts":"2629091963", "pid":"1", "tid":"cice"},
{"name":"ModelAdvance", "ph":"B", "ts":"2629236581", "pid":"1", "tid":"cice"},
{"name":"ModelAdvance", "ph":"E", "ts":"2629708411", "pid":"1", "tid":"cice"},
{"name":"ModelAdvance", "ph":"B", "ts":"2629850208", "pid":"1", "tid":"cice"},
{"name":"ModelAdvance", "ph":"E", "ts":"2630319546", "pid":"1", "tid":"cice"},
{"name":"ModelAdvance", "ph":"B", "ts":"2630459915", "pid":"1", "tid":"cice"},
{"name":"ModelAdvance", "ph":"E", "ts":"2630928302", "pid":"1", "tid":"cice"},
{"name":"ModelAdvance", "ph":"B", "ts":"2631078397", "pid":"1", "tid":"cice"},
{"name":"ModelAdvance", "ph":"E", "ts":"2631548676", "pid":"1", "tid":"cice"},
{"name":"ModelAdvance", "ph":"B", "ts":"2631677436", "pid":"1", "tid":"cice"},
{"name":"ModelAdvance", "ph":"E", "ts":"2632150023", "pid":"1", "tid":"cice"},
{"name":"ModelAdvance", "ph":"B", "ts":"2632318615", "pid":"1", "tid":"cice"},
{"name":"ModelAdvance", "ph":"E", "ts":"2632788367", "pid":"1", "tid":"cice"},
{"name":"ModelAdvance", "ph":"B", "ts":"2632928032", "pid":"1", "tid":"cice"},
{"name":"ModelAdvance", "ph":"E", "ts":"2633393306", "pid":"1", "tid":"cice"},
{"name":"ModelAdvance", "ph":"B", "ts":"2633532478", "pid":"1", "tid":"cice"},
{"name":"ModelAdvance", "ph":"E", "ts":"2634002665", "pid":"1", "tid":"cice"},
{"name":"ModelAdvance", "ph":"B", "ts":"2634155980", "pid":"1", "tid":"cice"},
{"name":"ModelAdvance", "ph":"E", "ts":"2634632700", "pid":"1", "tid":"cice"},
{"name":"ModelAdvance", "ph":"B", "ts":"2634769595", "pid":"1", "tid":"cice"},
{"name":"ModelAdvance", "ph":"E", "ts":"2635238682", "pid":"1", "tid":"cice"},
{"name":"ModelAdvance", "ph":"B", "ts":"2635398014", "pid":"1", "tid":"cice"},
{"name":"ModelAdvance", "ph":"E", "ts":"2635874406", "pid":"1", "tid":"cice"},
{"name":"ModelAdvance", "ph":"B", "ts":"2636712453", "pid":"1", "tid":"cice"},
{"name":"ModelAdvance", "ph":"E", "ts":"2637181341", "pid":"1", "tid":"cice"},
{"name":"ModelAdvance", "ph":"B", "ts":"2637316319", "pid":"1", "tid":"cice"},
{"name":"ModelAdvance", "ph":"E", "ts":"2637785939", "pid":"1", "tid":"cice"},
{"name":"ModelAdvance", "ph":"B", "ts":"2637991306", "pid":"1", "tid":"cice"},
{"name":"ModelAdvance", "ph":"E", "ts":"2638464538", "pid":"1", "tid":"cice"},
{"name":"ModelAdvance", "ph":"B", "ts":"2638612801", "pid":"1", "tid":"cice"},
{"name":"ModelAdvance", "ph":"E", "ts":"2639082951", "pid":"1", "tid":"cice"},
{"name":"ModelAdvance", "ph":"B", "ts":"2639228188", "pid":"1", "tid":"cice"},
{"name":"ModelAdvance", "ph":"E", "ts":"2639696574", "pid":"1", "tid":"cice"},
{"name":"ModelAdvance", "ph":"B", "ts":"2639907260", "pid":"1", "tid":"cice"},
{"name":"ModelAdvance", "ph":"E", "ts":"2640380097", "pid":"1", "tid":"cice"},
{"name":"ModelAdvance", "ph":"B", "ts":"2640514586", "pid":"1", "tid":"cice"},
{"name":"ModelAdvance", "ph":"E", "ts":"2640988288", "pid":"1", "tid":"cice"},
{"name":"ModelAdvance", "ph":"B", "ts":"2641123203", "pid":"1", "tid":"cice"},
{"name":"ModelAdvance", "ph":"E", "ts":"2641595964", "pid":"1", "tid":"cice"},
{"name":"ModelAdvance", "ph":"B", "ts":"2641730474", "pid":"1", "tid":"cice"},
{"name":"ModelAdvance", "ph":"E", "ts":"2642200629", "pid":"1", "tid":"cice"},
{"name":"ModelAdvance", "ph":"B", "ts":"2642358869", "pid":"1", "tid":"cice"},
{"name":"ModelAdvance", "ph":"E", "ts":"2642831078", "pid":"1", "tid":"cice"},
{"name":"ModelAdvance", "ph":"B", "ts":"2642965726", "pid":"1", "tid":"cice"},
{"name":"ModelAdvance", "ph":"E", "ts":"2643443401", "pid":"1", "tid":"cice"},
{"name":"ModelAdvance", "ph":"B", "ts":"2643590407", "pid":"1", "tid":"cice"},
{"name":"ModelAdvance", "ph":"E", "ts":"2644063602", "pid":"1", "tid":"cice"},
{"name":"ModelAdvance", "ph":"B", "ts":"2644204778", "pid":"1", "tid":"cice"},
{"name":"ModelAdvance", "ph":"E", "ts":"2644676957", "pid":"1", "tid":"cice"},
{"name":"ModelAdvance", "ph":"B", "ts":"2644819053", "pid":"1", "tid":"cice"},
{"name":"ModelAdvance", "ph":"E", "ts":"2645296069", "pid":"1", "tid":"cice"},
{"name":"ModelAdvance", "ph":"B", "ts":"2645418219", "pid":"1", "tid":"cice"},
{"name":"ModelAdvance", "ph":"E", "ts":"2645896101", "pid":"1", "tid":"cice"},
{"name":"ModelAdvance", "ph":"B", "ts":"2646035172", "pid":"1", "tid":"cice"},
{"name":"ModelAdvance", "ph":"E", "ts":"2646503337", "pid":"1", "tid":"cice"},
{"name":"ModelAdvance", "ph":"B", "ts":"2646633105", "pid":"1", "tid":"cice"},
{"name":"ModelAdvance", "ph":"E", "ts":"2647101298", "pid":"1", "tid":"cice"},
{"name":"ModelAdvance", "ph":"B", "ts":"2647244545", "pid":"1", "tid":"cice"},
{"name":"ModelAdvance", "ph":"E", "ts":"2647718576", "pid":"1", "tid":"cice"},
{"name":"ModelAdvance", "ph":"B", "ts":"2647856036", "pid":"1", "tid":"cice"},
{"name":"ModelAdvance", "ph":"E", "ts":"2648347067", "pid":"1", "tid":"cice"},
{"name":"ModelAdvance", "ph":"B", "ts":"2648467853", "pid":"1", "tid":"cice"},
{"name":"ModelAdvance", "ph":"E", "ts":"2648948285", "pid":"1", "tid":"cice"},
{"name":"ModelAdvance", "ph":"B", "ts":"2649076515", "pid":"1", "tid":"cice"},
{"name":"ModelAdvance", "ph":"E", "ts":"2649544392", "pid":"1", "tid":"cice"},
{"name":"ModelAdvance", "ph":"B", "ts":"2649682440", "pid":"1", "tid":"cice"},
{"name":"ModelAdvance", "ph":"E", "ts":"2650155619", "pid":"1", "tid":"cice"},
{"name":"ModelAdvance", "ph":"B", "ts":"2650301341", "pid":"1", "tid":"cice"},
{"name":"ModelAdvance", "ph":"E", "ts":"2650768453", "pid":"1", "tid":"cice"},
{"name":"ModelAdvance", "ph":"B", "ts":"2650972608", "pid":"1", "tid":"cice"},
{"name":"ModelAdvance", "ph":"E", "ts":"2651446752", "pid":"1", "tid":"cice"},
{"name":"ModelAdvance", "ph":"B", "ts":"2652238934", "pid":"1", "tid":"cice"},
{"name":"ModelAdvance", "ph":"E", "ts":"2652705155", "pid":"1", "tid":"cice"},
{"name":"ModelAdvance", "ph":"B", "ts":"2652852842", "pid":"1", "tid":"cice"},
{"name":"ModelAdvance", "ph":"E", "ts":"2653331904", "pid":"1", "tid":"cice"},
{"name":"ModelAdvance", "ph":"B", "ts":"2653471557", "pid":"1", "tid":"cice"},
{"name":"ModelAdvance", "ph":"E", "ts":"2653942302", "pid":"1", "tid":"cice"},
{"name":"ModelAdvance", "ph":"B", "ts":"2654079957", "pid":"1", "tid":"cice"},
{"name":"ModelAdvance", "ph":"E", "ts":"2654548632", "pid":"1", "tid":"cice"},
{"name":"ModelAdvance", "ph":"B", "ts":"2654702733", "pid":"1", "tid":"cice"},
{"name":"ModelAdvance", "ph":"E", "ts":"2655173968", "pid":"1", "tid":"cice"},
{"name":"ModelAdvance", "ph":"B", "ts":"2655324518", "pid":"1", "tid":"cice"},
{"name":"ModelAdvance", "ph":"E", "ts":"2655808900", "pid":"1", "tid":"cice"},
{"name":"ModelAdvance", "ph":"B", "ts":"2655955162", "pid":"1", "tid":"cice"},
{"name":"ModelAdvance", "ph":"E", "ts":"2656423659", "pid":"1", "tid":"cice"},
{"name":"ModelAdvance", "ph":"B", "ts":"2656609744", "pid":"1", "tid":"cice"},
{"name":"ModelAdvance", "ph":"E", "ts":"2657077168", "pid":"1", "tid":"cice"},
{"name":"ModelAdvance", "ph":"B", "ts":"2657254360", "pid":"1", "tid":"cice"},
{"name":"ModelAdvance", "ph":"E", "ts":"2657728178", "pid":"1", "tid":"cice"},
{"name":"ModelAdvance", "ph":"B", "ts":"2657892058", "pid":"1", "tid":"cice"},
{"name":"ModelAdvance", "ph":"E", "ts":"2658359941", "pid":"1", "tid":"cice"},
{"name":"ModelAdvance", "ph":"B", "ts":"2658525624", "pid":"1", "tid":"cice"},
{"name":"ModelAdvance", "ph":"E", "ts":"2659004221", "pid":"1", "tid":"cice"},
{"name":"ModelAdvance", "ph":"B", "ts":"2659185596", "pid":"1", "tid":"cice"},
{"name":"ModelAdvance", "ph":"E", "ts":"2659662848", "pid":"1", "tid":"cice"},
{"name":"ModelAdvance", "ph":"B", "ts":"2659827432", "pid":"1", "tid":"cice"},
{"name":"ModelAdvance", "ph":"E", "ts":"2660299456", "pid":"1", "tid":"cice"},
{"name":"ModelAdvance", "ph":"B", "ts":"2660463900", "pid":"1", "tid":"cice"},
{"name":"ModelAdvance", "ph":"E", "ts":"2660930916", "pid":"1", "tid":"cice"},
{"name":"ModelAdvance", "ph":"B", "ts":"2661091894", "pid":"1", "tid":"cice"},
{"name":"ModelAdvance", "ph":"E", "ts":"2661559112", "pid":"1", "tid":"cice"},
{"name":"ModelAdvance", "ph":"B", "ts":"2661715806", "pid":"1", "tid":"cice"},
{"name":"ModelAdvance", "ph":"E", "ts":"2662187439", "pid":"1", "tid":"cice"},
{"name":"ModelAdvance", "ph":"B", "ts":"2662360664", "pid":"1", "tid":"cice"},
{"name":"ModelAdvance", "ph":"E", "ts":"2662824409", "pid":"1", "tid":"cice"},
{"name":"ModelAdvance", "ph":"B", "ts":"2663001774", "pid":"1", "tid":"cice"},
{"name":"ModelAdvance", "ph":"E", "ts":"2663472345", "pid":"1", "tid":"cice"},
{"name":"ModelAdvance", "ph":"B", "ts":"2663610434", "pid":"1", "tid":"cice"},
{"name":"ModelAdvance", "ph":"E", "ts":"2664081886", "pid":"1", "tid":"cice"},
{"name":"ModelAdvance", "ph":"B", "ts":"2664221412", "pid":"1", "tid":"cice"},
{"name":"ModelAdvance", "ph":"E", "ts":"2664705278", "pid":"1", "tid":"cice"},
{"name":"ModelAdvance", "ph":"B", "ts":"2664833056", "pid":"1", "tid":"cice"},
{"name":"ModelAdvance", "ph":"E", "ts":"2665309275", "pid":"1", "tid":"cice"},
{"name":"ModelAdvance", "ph":"B", "ts":"2665500607", "pid":"1", "tid":"cice"},
{"name":"ModelAdvance", "ph":"E", "ts":"2665971965", "pid":"1", "tid":"cice"},
{"name":"ModelAdvance", "ph":"B", "ts":"2666127177", "pid":"1", "tid":"cice"},
{"name":"ModelAdvance", "ph":"E", "ts":"2666598130", "pid":"1", "tid":"cice"},
{"name":"ModelAdvance", "ph":"B", "ts":"2666753772", "pid":"1", "tid":"cice"},
{"name":"ModelAdvance", "ph":"E", "ts":"2667224876", "pid":"1", "tid":"cice"},
{"name":"ModelAdvance", "ph":"B", "ts":"2668025109", "pid":"1", "tid":"cice"},
{"name":"ModelAdvance", "ph":"E", "ts":"2668495487", "pid":"1", "tid":"cice"},
{"name":"ModelAdvance", "ph":"B", "ts":"2668626532", "pid":"1", "tid":"cice"},
{"name":"ModelAdvance", "ph":"E", "ts":"2669094325", "pid":"1", "tid":"cice"},
{"name":"ModelAdvance", "ph":"B", "ts":"2669233103", "pid":"1", "tid":"cice"},
{"name":"ModelAdvance", "ph":"E", "ts":"2669700901", "pid":"1", "tid":"cice"},
{"name":"ModelAdvance", "ph":"B", "ts":"2669837851", "pid":"1", "tid":"cice"},
{"name":"ModelAdvance", "ph":"E", "ts":"2670319474", "pid":"1", "tid":"cice"},
{"name":"ModelAdvance", "ph":"B", "ts":"2670443416", "pid":"1", "tid":"cice"},
{"name":"ModelAdvance", "ph":"E", "ts":"2670934468", "pid":"1", "tid":"cice"},
{"name":"ModelAdvance", "ph":"B", "ts":"2671063730", "pid":"1", "tid":"cice"},
{"name":"ModelAdvance", "ph":"E", "ts":"2671532661", "pid":"1", "tid":"cice"},
{"name":"ModelAdvance", "ph":"B", "ts":"2671721563", "pid":"1", "tid":"cice"},
{"name":"ModelAdvance", "ph":"E", "ts":"2672195053", "pid":"1", "tid":"cice"},
{"name":"ModelAdvance", "ph":"B", "ts":"2672322618", "pid":"1", "tid":"cice"},
{"name":"ModelAdvance", "ph":"E", "ts":"2672794138", "pid":"1", "tid":"cice"},
{"name":"ModelAdvance", "ph":"B", "ts":"2672917249", "pid":"1", "tid":"cice"},
{"name":"ModelAdvance", "ph":"E", "ts":"2673385561", "pid":"1", "tid":"cice"},
{"name":"ModelAdvance", "ph":"B", "ts":"2673541998", "pid":"1", "tid":"cice"},
{"name":"ModelAdvance", "ph":"E", "ts":"2674017617", "pid":"1", "tid":"cice"},
{"name":"ModelAdvance", "ph":"B", "ts":"2674145863", "pid":"1", "tid":"cice"},
{"name":"ModelAdvance", "ph":"E", "ts":"2674615591", "pid":"1", "tid":"cice"},
{"name":"ModelAdvance", "ph":"B", "ts":"2674759255", "pid":"1", "tid":"cice"},
{"name":"ModelAdvance", "ph":"E", "ts":"2675240258", "pid":"1", "tid":"cice"},
{"name":"ModelAdvance", "ph":"B", "ts":"2675366743", "pid":"1", "tid":"cice"},
{"name":"ModelAdvance", "ph":"E", "ts":"2675839807", "pid":"1", "tid":"cice"},
{"name":"ModelAdvance", "ph":"B", "ts":"2675996437", "pid":"1", "tid":"cice"},
{"name":"ModelAdvance", "ph":"E", "ts":"2676468996", "pid":"1", "tid":"cice"},
{"name":"ModelAdvance", "ph":"B", "ts":"2676590644", "pid":"1", "tid":"cice"},
{"name":"ModelAdvance", "ph":"E", "ts":"2677052502", "pid":"1", "tid":"cice"},
{"name":"ModelAdvance", "ph":"B", "ts":"2677185292", "pid":"1", "tid":"cice"},
{"name":"ModelAdvance", "ph":"E", "ts":"2677649523", "pid":"1", "tid":"cice"},
{"name":"ModelAdvance", "ph":"B", "ts":"2677787364", "pid":"1", "tid":"cice"},
{"name":"ModelAdvance", "ph":"E", "ts":"2678257447", "pid":"1", "tid":"cice"},
{"name":"ModelAdvance", "ph":"B", "ts":"2678388076", "pid":"1", "tid":"cice"},
{"name":"ModelAdvance", "ph":"E", "ts":"2678870637", "pid":"1", "tid":"cice"},
{"name":"ModelAdvance", "ph":"B", "ts":"2678985726", "pid":"1", "tid":"cice"},
{"name":"ModelAdvance", "ph":"E", "ts":"2679450037", "pid":"1", "tid":"cice"},
{"name":"ModelAdvance", "ph":"B", "ts":"2679584190", "pid":"1", "tid":"cice"},
{"name":"ModelAdvance", "ph":"E", "ts":"2680050557", "pid":"1", "tid":"cice"},
{"name":"ModelAdvance", "ph":"B", "ts":"2680181893", "pid":"1", "tid":"cice"},
{"name":"ModelAdvance", "ph":"E", "ts":"2680658644", "pid":"1", "tid":"cice"},
{"name":"ModelAdvance", "ph":"B", "ts":"2680778246", "pid":"1", "tid":"cice"},
{"name":"ModelAdvance", "ph":"E", "ts":"2681256053", "pid":"1", "tid":"cice"},
{"name":"ModelAdvance", "ph":"B", "ts":"2681374119", "pid":"1", "tid":"cice"},
{"name":"ModelAdvance", "ph":"E", "ts":"2681844056", "pid":"1", "tid":"cice"},
{"name":"ModelAdvance", "ph":"B", "ts":"2681987186", "pid":"1", "tid":"cice"},
{"name":"ModelAdvance", "ph":"E", "ts":"2682456161", "pid":"1", "tid":"cice"},
{"name":"ModelAdvance", "ph":"B", "ts":"2683216666", "pid":"1", "tid":"cice"},
{"name":"ModelAdvance", "ph":"E", "ts":"2683687966", "pid":"1", "tid":"cice"},
{"name":"ModelAdvance", "ph":"B", "ts":"2683818167", "pid":"1", "tid":"cice"},
{"name":"ModelAdvance", "ph":"E", "ts":"2684285201", "pid":"1", "tid":"cice"},
{"name":"ModelAdvance", "ph":"B", "ts":"2684414504", "pid":"1", "tid":"cice"},
{"name":"ModelAdvance", "ph":"E", "ts":"2684875978", "pid":"1", "tid":"cice"},
{"name":"ModelAdvance", "ph":"B", "ts":"2685009969", "pid":"1", "tid":"cice"},
{"name":"ModelAdvance", "ph":"E", "ts":"2685474459", "pid":"1", "tid":"cice"},
{"name":"ModelAdvance", "ph":"B", "ts":"2685611406", "pid":"1", "tid":"cice"},
{"name":"ModelAdvance", "ph":"E", "ts":"2686087232", "pid":"1", "tid":"cice"},
{"name":"ModelAdvance", "ph":"B", "ts":"2686213994", "pid":"1", "tid":"cice"},
{"name":"ModelAdvance", "ph":"E", "ts":"2686682827", "pid":"1", "tid":"cice"},
{"name":"ModelAdvance", "ph":"B", "ts":"2686812729", "pid":"1", "tid":"cice"},
{"name":"ModelAdvance", "ph":"E", "ts":"2687282838", "pid":"1", "tid":"cice"},
{"name":"ModelAdvance", "ph":"B", "ts":"2687410837", "pid":"1", "tid":"cice"},
{"name":"ModelAdvance", "ph":"E", "ts":"2687880862", "pid":"1", "tid":"cice"},
{"name":"ModelAdvance", "ph":"B", "ts":"2688012939", "pid":"1", "tid":"cice"},
{"name":"ModelAdvance", "ph":"E", "ts":"2688486764", "pid":"1", "tid":"cice"},
{"name":"ModelAdvance", "ph":"B", "ts":"2688613252", "pid":"1", "tid":"cice"},
{"name":"ModelAdvance", "ph":"E", "ts":"2689091445", "pid":"1", "tid":"cice"},
{"name":"ModelAdvance", "ph":"B", "ts":"2689210982", "pid":"1", "tid":"cice"},
{"name":"ModelAdvance", "ph":"E", "ts":"2689679178", "pid":"1", "tid":"cice"},
{"name":"ModelAdvance", "ph":"B", "ts":"2689823344", "pid":"1", "tid":"cice"},
{"name":"ModelAdvance", "ph":"E", "ts":"2690298462", "pid":"1", "tid":"cice"},
{"name":"ModelAdvance", "ph":"B", "ts":"2690422508", "pid":"1", "tid":"cice"},
{"name":"ModelAdvance", "ph":"E", "ts":"2690896635", "pid":"1", "tid":"cice"},
{"name":"ModelAdvance", "ph":"B", "ts":"2691021482", "pid":"1", "tid":"cice"},
{"name":"ModelAdvance", "ph":"E", "ts":"2691490957", "pid":"1", "tid":"cice"},
{"name":"ModelAdvance", "ph":"B", "ts":"2691618748", "pid":"1", "tid":"cice"},
{"name":"ModelAdvance", "ph":"E", "ts":"2692091842", "pid":"1", "tid":"cice"},
{"name":"ModelAdvance", "ph":"B", "ts":"2692217578", "pid":"1", "tid":"cice"},
{"name":"ModelAdvance", "ph":"E", "ts":"2692687436", "pid":"1", "tid":"cice"},
{"name":"ModelAdvance", "ph":"B", "ts":"2692819070", "pid":"1", "tid":"cice"},
{"name":"ModelAdvance", "ph":"E", "ts":"2693289644", "pid":"1", "tid":"cice"},
{"name":"ModelAdvance", "ph":"B", "ts":"2694687704", "pid":"1", "tid":"cice"},
{"name":"ModelAdvance", "ph":"E", "ts":"2695147192", "pid":"1", "tid":"cice"},
{"name":"ModelAdvance", "ph":"B", "ts":"2695281508", "pid":"1", "tid":"cice"},
{"name":"ModelAdvance", "ph":"E", "ts":"2695752946", "pid":"1", "tid":"cice"},
{"name":"ModelAdvance", "ph":"B", "ts":"2695884543", "pid":"1", "tid":"cice"},
{"name":"ModelAdvance", "ph":"E", "ts":"2696348586", "pid":"1", "tid":"cice"},
{"name":"ModelAdvance", "ph":"B", "ts":"2696481194", "pid":"1", "tid":"cice"},
{"name":"ModelAdvance", "ph":"E", "ts":"2696958845", "pid":"1", "tid":"cice"},
{"name":"ModelAdvance", "ph":"B", "ts":"2697076687", "pid":"1", "tid":"cice"},
{"name":"ModelAdvance", "ph":"E", "ts":"2697546408", "pid":"1", "tid":"cice"},
{"name":"ModelAdvance", "ph":"B", "ts":"2697672686", "pid":"1", "tid":"cice"},
{"name":"ModelAdvance", "ph":"E", "ts":"2698252115", "pid":"1", "tid":"cice"},
{"name":"ModelAdvance", "ph":"B", "ts":"2698304610", "pid":"1", "tid":"cice"},
{"name":"ModelAdvance", "ph":"E", "ts":"2698777446", "pid":"1", "tid":"cice"},
{"name":"ModelAdvance", "ph":"B", "ts":"2699581427", "pid":"1", "tid":"cice"},
{"name":"ModelAdvance", "ph":"E", "ts":"2700057555", "pid":"1", "tid":"cice"},
{"name":"ModelAdvance", "ph":"B", "ts":"2700184749", "pid":"1", "tid":"cice"},
{"name":"ModelAdvance", "ph":"E", "ts":"2700650425", "pid":"1", "tid":"cice"},
{"name":"ModelAdvance", "ph":"B", "ts":"2700789259", "pid":"1", "tid":"cice"},
{"name":"ModelAdvance", "ph":"E", "ts":"2701258471", "pid":"1", "tid":"cice"},
{"name":"ModelAdvance", "ph":"B", "ts":"2701389483", "pid":"1", "tid":"cice"},
{"name":"ModelAdvance", "ph":"E", "ts":"2701857496", "pid":"1", "tid":"cice"},
{"name":"ModelAdvance", "ph":"B", "ts":"2701988547", "pid":"1", "tid":"cice"},
{"name":"ModelAdvance", "ph":"E", "ts":"2702459587", "pid":"1", "tid":"cice"},
{"name":"ModelAdvance", "ph":"B", "ts":"2702586502", "pid":"1", "tid":"cice"},
{"name":"ModelAdvance", "ph":"E", "ts":"2703057716", "pid":"1", "tid":"cice"},
{"name":"ModelAdvance", "ph":"B", "ts":"2703186958", "pid":"1", "tid":"cice"},
{"name":"ModelAdvance", "ph":"E", "ts":"2703657209", "pid":"1", "tid":"cice"},
{"name":"ModelAdvance", "ph":"B", "ts":"2703786139", "pid":"1", "tid":"cice"},
{"name":"ModelAdvance", "ph":"E", "ts":"2704255272", "pid":"1", "tid":"cice"},
{"name":"ModelAdvance", "ph":"B", "ts":"2704385242", "pid":"1", "tid":"cice"},
{"name":"ModelAdvance", "ph":"E", "ts":"2704857362", "pid":"1", "tid":"cice"},
{"name":"ModelAdvance", "ph":"B", "ts":"2704986179", "pid":"1", "tid":"cice"},
{"name":"ModelAdvance", "ph":"E", "ts":"2705456363", "pid":"1", "tid":"cice"},
{"name":"ModelAdvance", "ph":"B", "ts":"2705584814", "pid":"1", "tid":"cice"},
{"name":"ModelAdvance", "ph":"E", "ts":"2706062034", "pid":"1", "tid":"cice"},
{"name":"ModelAdvance", "ph":"B", "ts":"2706197008", "pid":"1", "tid":"cice"},
{"name":"ModelAdvance", "ph":"E", "ts":"2706672480", "pid":"1", "tid":"cice"},
{"name":"ModelAdvance", "ph":"B", "ts":"2706798075", "pid":"1", "tid":"cice"},
{"name":"ModelAdvance", "ph":"E", "ts":"2707267832", "pid":"1", "tid":"cice"},
{"name":"ModelAdvance", "ph":"B", "ts":"2707396161", "pid":"1", "tid":"cice"},
{"name":"ModelAdvance", "ph":"E", "ts":"2707869771", "pid":"1", "tid":"cice"},
{"name":"ModelAdvance", "ph":"B", "ts":"2707998838", "pid":"1", "tid":"cice"},
{"name":"ModelAdvance", "ph":"E", "ts":"2708468887", "pid":"1", "tid":"cice"},
{"name":"ModelAdvance", "ph":"B", "ts":"2708595064", "pid":"1", "tid":"cice"},
{"name":"ModelAdvance", "ph":"E", "ts":"2709063979", "pid":"1", "tid":"cice"},
{"name":"ModelAdvance", "ph":"B", "ts":"2709193413", "pid":"1", "tid":"cice"},
{"name":"ModelAdvance", "ph":"E", "ts":"2709660904", "pid":"1", "tid":"cice"},
{"name":"ModelAdvance", "ph":"B", "ts":"2709789869", "pid":"1", "tid":"cice"},
{"name":"ModelAdvance", "ph":"E", "ts":"2710258746", "pid":"1", "tid":"cice"},
{"name":"ModelAdvance", "ph":"B", "ts":"2710398168", "pid":"1", "tid":"cice"},
{"name":"ModelAdvance", "ph":"E", "ts":"2710868869", "pid":"1", "tid":"cice"},
{"name":"ModelAdvance", "ph":"B", "ts":"2711001042", "pid":"1", "tid":"cice"},
{"name":"ModelAdvance", "ph":"E", "ts":"2711474972", "pid":"1", "tid":"cice"},
{"name":"ModelAdvance", "ph":"B", "ts":"2711597011", "pid":"1", "tid":"cice"},
{"name":"ModelAdvance", "ph":"E", "ts":"2712066395", "pid":"1", "tid":"cice"},
{"name":"ModelAdvance", "ph":"B", "ts":"2712197648", "pid":"1", "tid":"cice"},
{"name":"ModelAdvance", "ph":"E", "ts":"2712677054", "pid":"1", "tid":"cice"},
{"name":"ModelAdvance", "ph":"B", "ts":"2712808278", "pid":"1", "tid":"cice"},
{"name":"ModelAdvance", "ph":"E", "ts":"2713279434", "pid":"1", "tid":"cice"},
{"name":"ModelAdvance", "ph":"B", "ts":"2713420281", "pid":"1", "tid":"cice"},
{"name":"ModelAdvance", "ph":"E", "ts":"2713897489", "pid":"1", "tid":"cice"},
{"name":"ModelAdvance", "ph":"B", "ts":"2714669858", "pid":"1", "tid":"cice"},
{"name":"ModelAdvance", "ph":"E", "ts":"2715146816", "pid":"1", "tid":"cice"},
{"name":"ModelAdvance", "ph":"B", "ts":"2715273051", "pid":"1", "tid":"cice"},
{"name":"ModelAdvance", "ph":"E", "ts":"2715744937", "pid":"1", "tid":"cice"},
{"name":"ModelAdvance", "ph":"B", "ts":"2715873516", "pid":"1", "tid":"cice"},
{"name":"ModelAdvance", "ph":"E", "ts":"2716347486", "pid":"1", "tid":"cice"},
{"name":"ModelAdvance", "ph":"B", "ts":"2716474757", "pid":"1", "tid":"cice"},
{"name":"ModelAdvance", "ph":"E", "ts":"2716947927", "pid":"1", "tid":"cice"},
{"name":"ModelAdvance", "ph":"B", "ts":"2717082291", "pid":"1", "tid":"cice"},
{"name":"ModelAdvance", "ph":"E", "ts":"2717550871", "pid":"1", "tid":"cice"},
{"name":"ModelAdvance", "ph":"B", "ts":"2717696985", "pid":"1", "tid":"cice"},
{"name":"ModelAdvance", "ph":"E", "ts":"2718171744", "pid":"1", "tid":"cice"},
{"name":"ModelAdvance", "ph":"B", "ts":"2718299862", "pid":"1", "tid":"cice"},
{"name":"ModelAdvance", "ph":"E", "ts":"2718772036", "pid":"1", "tid":"cice"},
{"name":"ModelAdvance", "ph":"B", "ts":"2718908682", "pid":"1", "tid":"cice"},
{"name":"ModelAdvance", "ph":"E", "ts":"2719386352", "pid":"1", "tid":"cice"},
{"name":"ModelAdvance", "ph":"B", "ts":"2719509956", "pid":"1", "tid":"cice"},
{"name":"ModelAdvance", "ph":"E", "ts":"2719982039", "pid":"1", "tid":"cice"},
{"name":"ModelAdvance", "ph":"B", "ts":"2720109151", "pid":"1", "tid":"cice"},
{"name":"ModelAdvance", "ph":"E", "ts":"2720576187", "pid":"1", "tid":"cice"},
{"name":"ModelAdvance", "ph":"B", "ts":"2720703604", "pid":"1", "tid":"cice"},
{"name":"ModelAdvance", "ph":"E", "ts":"2721178400", "pid":"1", "tid":"cice"},
{"name":"ModelAdvance", "ph":"B", "ts":"2721329542", "pid":"1", "tid":"cice"},
{"name":"ModelAdvance", "ph":"E", "ts":"2721804707", "pid":"1", "tid":"cice"},
{"name":"ModelAdvance", "ph":"B", "ts":"2721928853", "pid":"1", "tid":"cice"},
{"name":"ModelAdvance", "ph":"E", "ts":"2722402334", "pid":"1", "tid":"cice"},
{"name":"ModelAdvance", "ph":"B", "ts":"2722529624", "pid":"1", "tid":"cice"},
{"name":"ModelAdvance", "ph":"E", "ts":"2723008598", "pid":"1", "tid":"cice"},
{"name":"ModelAdvance", "ph":"B", "ts":"2723142431", "pid":"1", "tid":"cice"},
{"name":"ModelAdvance", "ph":"E", "ts":"2723609037", "pid":"1", "tid":"cice"},
{"name":"ModelAdvance", "ph":"B", "ts":"2723760372", "pid":"1", "tid":"cice"},
{"name":"ModelAdvance", "ph":"E", "ts":"2724229326", "pid":"1", "tid":"cice"},
{"name":"ModelAdvance", "ph":"B", "ts":"2724358213", "pid":"1", "tid":"cice"},
{"name":"ModelAdvance", "ph":"E", "ts":"2724823780", "pid":"1", "tid":"cice"},
{"name":"ModelAdvance", "ph":"B", "ts":"2724953766", "pid":"1", "tid":"cice"},
{"name":"ModelAdvance", "ph":"E", "ts":"2725419238", "pid":"1", "tid":"cice"},
{"name":"ModelAdvance", "ph":"B", "ts":"2725560429", "pid":"1", "tid":"cice"},
{"name":"ModelAdvance", "ph":"E", "ts":"2726029413", "pid":"1", "tid":"cice"},
{"name":"ModelAdvance", "ph":"B", "ts":"2726160961", "pid":"1", "tid":"cice"},
{"name":"ModelAdvance", "ph":"E", "ts":"2726630681", "pid":"1", "tid":"cice"},
{"name":"ModelAdvance", "ph":"B", "ts":"2726757837", "pid":"1", "tid":"cice"},
{"name":"ModelAdvance", "ph":"E", "ts":"2727232063", "pid":"1", "tid":"cice"},
{"name":"ModelAdvance", "ph":"B", "ts":"2727354123", "pid":"1", "tid":"cice"},
{"name":"ModelAdvance", "ph":"E", "ts":"2727831154", "pid":"1", "tid":"cice"},
{"name":"ModelAdvance", "ph":"B", "ts":"2727952216", "pid":"1", "tid":"cice"},
{"name":"ModelAdvance", "ph":"E", "ts":"2728420646", "pid":"1", "tid":"cice"},
{"name":"ModelAdvance", "ph":"B", "ts":"2728562078", "pid":"1", "tid":"cice"},
{"name":"ModelAdvance", "ph":"E", "ts":"2729034632", "pid":"1", "tid":"cice"},
{"name":"ModelAdvance", "ph":"B", "ts":"2729874953", "pid":"1", "tid":"cice"},
{"name":"ModelAdvance", "ph":"E", "ts":"2730346847", "pid":"1", "tid":"cice"},
{"name":"ModelAdvance", "ph":"B", "ts":"2730476940", "pid":"1", "tid":"cice"},
{"name":"ModelAdvance", "ph":"E", "ts":"2730939349", "pid":"1", "tid":"cice"},
{"name":"ModelAdvance", "ph":"B", "ts":"2731075395", "pid":"1", "tid":"cice"},
{"name":"ModelAdvance", "ph":"E", "ts":"2731549816", "pid":"1", "tid":"cice"},
{"name":"ModelAdvance", "ph":"B", "ts":"2731672745", "pid":"1", "tid":"cice"},
{"name":"ModelAdvance", "ph":"E", "ts":"2732139877", "pid":"1", "tid":"cice"},
{"name":"ModelAdvance", "ph":"B", "ts":"2732270079", "pid":"1", "tid":"cice"},
{"name":"ModelAdvance", "ph":"E", "ts":"2732746191", "pid":"1", "tid":"cice"},
{"name":"ModelAdvance", "ph":"B", "ts":"2732870673", "pid":"1", "tid":"cice"},
{"name":"ModelAdvance", "ph":"E", "ts":"2733342927", "pid":"1", "tid":"cice"},
{"name":"ModelAdvance", "ph":"B", "ts":"2733470119", "pid":"1", "tid":"cice"},
{"name":"ModelAdvance", "ph":"E", "ts":"2733939991", "pid":"1", "tid":"cice"},
{"name":"ModelAdvance", "ph":"B", "ts":"2734070348", "pid":"1", "tid":"cice"},
{"name":"ModelAdvance", "ph":"E", "ts":"2734538663", "pid":"1", "tid":"cice"},
{"name":"ModelAdvance", "ph":"B", "ts":"2734672718", "pid":"1", "tid":"cice"},
{"name":"ModelAdvance", "ph":"E", "ts":"2735151103", "pid":"1", "tid":"cice"},
{"name":"ModelAdvance", "ph":"B", "ts":"2735271158", "pid":"1", "tid":"cice"},
{"name":"ModelAdvance", "ph":"E", "ts":"2735749701", "pid":"1", "tid":"cice"},
{"name":"ModelAdvance", "ph":"B", "ts":"2735879687", "pid":"1", "tid":"cice"},
{"name":"ModelAdvance", "ph":"E", "ts":"2736349180", "pid":"1", "tid":"cice"},
{"name":"ModelAdvance", "ph":"B", "ts":"2736495796", "pid":"1", "tid":"cice"},
{"name":"ModelAdvance", "ph":"E", "ts":"2736965399", "pid":"1", "tid":"cice"},
{"name":"ModelAdvance", "ph":"B", "ts":"2737090171", "pid":"1", "tid":"cice"},
{"name":"ModelAdvance", "ph":"E", "ts":"2737567516", "pid":"1", "tid":"cice"},
{"name":"ModelAdvance", "ph":"B", "ts":"2737693985", "pid":"1", "tid":"cice"},
{"name":"ModelAdvance", "ph":"E", "ts":"2738167901", "pid":"1", "tid":"cice"},
{"name":"ModelAdvance", "ph":"B", "ts":"2738293623", "pid":"1", "tid":"cice"},
{"name":"ModelAdvance", "ph":"E", "ts":"2738759637", "pid":"1", "tid":"cice"},
{"name":"ModelAdvance", "ph":"B", "ts":"2738891686", "pid":"1", "tid":"cice"},
{"name":"ModelAdvance", "ph":"E", "ts":"2739359754", "pid":"1", "tid":"cice"},
{"name":"ModelAdvance", "ph":"B", "ts":"2739488879", "pid":"1", "tid":"cice"},
{"name":"ModelAdvance", "ph":"E", "ts":"2739968049", "pid":"1", "tid":"cice"},
{"name":"ModelAdvance", "ph":"B", "ts":"2740085547", "pid":"1", "tid":"cice"},
{"name":"ModelAdvance", "ph":"E", "ts":"2740560980", "pid":"1", "tid":"cice"},
{"name":"ModelAdvance", "ph":"B", "ts":"2740683287", "pid":"1", "tid":"cice"},
{"name":"ModelAdvance", "ph":"E", "ts":"2741153482", "pid":"1", "tid":"cice"},
{"name":"ModelAdvance", "ph":"B", "ts":"2741278901", "pid":"1", "tid":"cice"},
{"name":"ModelAdvance", "ph":"E", "ts":"2741744837", "pid":"1", "tid":"cice"},
{"name":"ModelAdvance", "ph":"B", "ts":"2741876967", "pid":"1", "tid":"cice"},
{"name":"ModelAdvance", "ph":"E", "ts":"2742356118", "pid":"1", "tid":"cice"},
{"name":"ModelAdvance", "ph":"B", "ts":"2742476227", "pid":"1", "tid":"cice"},
{"name":"ModelAdvance", "ph":"E", "ts":"2742954231", "pid":"1", "tid":"cice"},
{"name":"ModelAdvance", "ph":"B", "ts":"2743074299", "pid":"1", "tid":"cice"},
{"name":"ModelAdvance", "ph":"E", "ts":"2743555417", "pid":"1", "tid":"cice"},
{"name":"ModelAdvance", "ph":"B", "ts":"2743735561", "pid":"1", "tid":"cice"},
{"name":"ModelAdvance", "ph":"E", "ts":"2744206071", "pid":"1", "tid":"cice"},
{"name":"ModelAdvance", "ph":"B", "ts":"2745041053", "pid":"1", "tid":"cice"},
{"name":"ModelAdvance", "ph":"E", "ts":"2745508300", "pid":"1", "tid":"cice"},
{"name":"ModelAdvance", "ph":"B", "ts":"2745640925", "pid":"1", "tid":"cice"},
{"name":"ModelAdvance", "ph":"E", "ts":"2746111229", "pid":"1", "tid":"cice"},
{"name":"ModelAdvance", "ph":"B", "ts":"2746236572", "pid":"1", "tid":"cice"},
{"name":"ModelAdvance", "ph":"E", "ts":"2746702116", "pid":"1", "tid":"cice"},
{"name":"ModelAdvance", "ph":"B", "ts":"2746830910", "pid":"1", "tid":"cice"},
{"name":"ModelAdvance", "ph":"E", "ts":"2747298002", "pid":"1", "tid":"cice"},
{"name":"ModelAdvance", "ph":"B", "ts":"2747426774", "pid":"1", "tid":"cice"},
{"name":"ModelAdvance", "ph":"E", "ts":"2747905674", "pid":"1", "tid":"cice"},
{"name":"ModelAdvance", "ph":"B", "ts":"2748023520", "pid":"1", "tid":"cice"},
{"name":"ModelAdvance", "ph":"E", "ts":"2748491401", "pid":"1", "tid":"cice"},
{"name":"ModelAdvance", "ph":"B", "ts":"2748627718", "pid":"1", "tid":"cice"},
{"name":"ModelAdvance", "ph":"E", "ts":"2749100884", "pid":"1", "tid":"cice"},
{"name":"ModelAdvance", "ph":"B", "ts":"2749226929", "pid":"1", "tid":"cice"},
{"name":"ModelAdvance", "ph":"E", "ts":"2749689120", "pid":"1", "tid":"cice"},
{"name":"ModelAdvance", "ph":"B", "ts":"2749823972", "pid":"1", "tid":"cice"},
{"name":"ModelAdvance", "ph":"E", "ts":"2750289079", "pid":"1", "tid":"cice"},
{"name":"ModelAdvance", "ph":"B", "ts":"2750420747", "pid":"1", "tid":"cice"},
{"name":"ModelAdvance", "ph":"E", "ts":"2750884451", "pid":"1", "tid":"cice"},
{"name":"ModelAdvance", "ph":"B", "ts":"2751020404", "pid":"1", "tid":"cice"},
{"name":"ModelAdvance", "ph":"E", "ts":"2751493622", "pid":"1", "tid":"cice"},
{"name":"ModelAdvance", "ph":"B", "ts":"2751640146", "pid":"1", "tid":"cice"},
{"name":"ModelAdvance", "ph":"E", "ts":"2752117688", "pid":"1", "tid":"cice"},
{"name":"ModelAdvance", "ph":"B", "ts":"2752241975", "pid":"1", "tid":"cice"},
{"name":"ModelAdvance", "ph":"E", "ts":"2752710630", "pid":"1", "tid":"cice"},
{"name":"ModelAdvance", "ph":"B", "ts":"2752842402", "pid":"1", "tid":"cice"},
{"name":"ModelAdvance", "ph":"E", "ts":"2753305865", "pid":"1", "tid":"cice"},
{"name":"ModelAdvance", "ph":"B", "ts":"2753470396", "pid":"1", "tid":"cice"},
{"name":"ModelAdvance", "ph":"E", "ts":"2753940848", "pid":"1", "tid":"cice"},
{"name":"ModelAdvance", "ph":"B", "ts":"2754068446", "pid":"1", "tid":"cice"},
{"name":"ModelAdvance", "ph":"E", "ts":"2754531521", "pid":"1", "tid":"cice"},
{"name":"ModelAdvance", "ph":"B", "ts":"2754663611", "pid":"1", "tid":"cice"},
{"name":"ModelAdvance", "ph":"E", "ts":"2755127774", "pid":"1", "tid":"cice"},
{"name":"ModelAdvance", "ph":"B", "ts":"2755259757", "pid":"1", "tid":"cice"},
{"name":"ModelAdvance", "ph":"E", "ts":"2755724526", "pid":"1", "tid":"cice"},
{"name":"ModelAdvance", "ph":"B", "ts":"2755862499", "pid":"1", "tid":"cice"},
{"name":"ModelAdvance", "ph":"E", "ts":"2756337032", "pid":"1", "tid":"cice"},
{"name":"ModelAdvance", "ph":"B", "ts":"2756460412", "pid":"1", "tid":"cice"},
{"name":"ModelAdvance", "ph":"E", "ts":"2756929191", "pid":"1", "tid":"cice"},
{"name":"ModelAdvance", "ph":"B", "ts":"2757058130", "pid":"1", "tid":"cice"},
{"name":"ModelAdvance", "ph":"E", "ts":"2757528255", "pid":"1", "tid":"cice"},
{"name":"ModelAdvance", "ph":"B", "ts":"2757654992", "pid":"1", "tid":"cice"},
{"name":"ModelAdvance", "ph":"E", "ts":"2758120493", "pid":"1", "tid":"cice"},
{"name":"ModelAdvance", "ph":"B", "ts":"2758254242", "pid":"1", "tid":"cice"},
{"name":"ModelAdvance", "ph":"E", "ts":"2758714354", "pid":"1", "tid":"cice"},
{"name":"ModelAdvance", "ph":"B", "ts":"2758869078", "pid":"1", "tid":"cice"},
{"name":"ModelAdvance", "ph":"E", "ts":"2759334813", "pid":"1", "tid":"cice"},
{"name":"ModelAdvance", "ph":"B", "ts":"2760249666", "pid":"1", "tid":"cice"},
{"name":"ModelAdvance", "ph":"E", "ts":"2760713682", "pid":"1", "tid":"cice"},
{"name":"ModelAdvance", "ph":"B", "ts":"2760859179", "pid":"1", "tid":"cice"},
{"name":"ModelAdvance", "ph":"E", "ts":"2761327302", "pid":"1", "tid":"cice"},
{"name":"ModelAdvance", "ph":"B", "ts":"2761456035", "pid":"1", "tid":"cice"},
{"name":"ModelAdvance", "ph":"E", "ts":"2761915275", "pid":"1", "tid":"cice"},
{"name":"ModelAdvance", "ph":"B", "ts":"2762050797", "pid":"1", "tid":"cice"},
{"name":"ModelAdvance", "ph":"E", "ts":"2762513447", "pid":"1", "tid":"cice"},
{"name":"ModelAdvance", "ph":"B", "ts":"2762649725", "pid":"1", "tid":"cice"},
{"name":"ModelAdvance", "ph":"E", "ts":"2763117880", "pid":"1", "tid":"cice"},
{"name":"ModelAdvance", "ph":"B", "ts":"2763247266", "pid":"1", "tid":"cice"},
{"name":"ModelAdvance", "ph":"E", "ts":"2763719930", "pid":"1", "tid":"cice"},
{"name":"ModelAdvance", "ph":"B", "ts":"2763848776", "pid":"1", "tid":"cice"},
{"name":"ModelAdvance", "ph":"E", "ts":"2764312396", "pid":"1", "tid":"cice"},
{"name":"ModelAdvance", "ph":"B", "ts":"2764449907", "pid":"1", "tid":"cice"},
{"name":"ModelAdvance", "ph":"E", "ts":"2764916301", "pid":"1", "tid":"cice"},
{"name":"ModelAdvance", "ph":"B", "ts":"2765045986", "pid":"1", "tid":"cice"},
{"name":"ModelAdvance", "ph":"E", "ts":"2765518493", "pid":"1", "tid":"cice"},
{"name":"ModelAdvance", "ph":"B", "ts":"2765648577", "pid":"1", "tid":"cice"},
{"name":"ModelAdvance", "ph":"E", "ts":"2766115945", "pid":"1", "tid":"cice"},
{"name":"ModelAdvance", "ph":"B", "ts":"2766245523", "pid":"1", "tid":"cice"},
{"name":"ModelAdvance", "ph":"E", "ts":"2766712565", "pid":"1", "tid":"cice"},
{"name":"ModelAdvance", "ph":"B", "ts":"2766867551", "pid":"1", "tid":"cice"},
{"name":"ModelAdvance", "ph":"E", "ts":"2767337461", "pid":"1", "tid":"cice"},
{"name":"ModelAdvance", "ph":"B", "ts":"2767463971", "pid":"1", "tid":"cice"},
{"name":"ModelAdvance", "ph":"E", "ts":"2767943534", "pid":"1", "tid":"cice"},
{"name":"ModelAdvance", "ph":"B", "ts":"2768071123", "pid":"1", "tid":"cice"},
{"name":"ModelAdvance", "ph":"E", "ts":"2768534920", "pid":"1", "tid":"cice"},
{"name":"ModelAdvance", "ph":"B", "ts":"2768673371", "pid":"1", "tid":"cice"},
{"name":"ModelAdvance", "ph":"E", "ts":"2769139368", "pid":"1", "tid":"cice"},
{"name":"ModelAdvance", "ph":"B", "ts":"2769271971", "pid":"1", "tid":"cice"},
{"name":"ModelAdvance", "ph":"E", "ts":"2769740810", "pid":"1", "tid":"cice"},
{"name":"ModelAdvance", "ph":"B", "ts":"2769866560", "pid":"1", "tid":"cice"},
{"name":"ModelAdvance", "ph":"E", "ts":"2770320038", "pid":"1", "tid":"cice"},
{"name":"ModelAdvance", "ph":"B", "ts":"2770460728", "pid":"1", "tid":"cice"},
{"name":"ModelAdvance", "ph":"E", "ts":"2770928750", "pid":"1", "tid":"cice"},
{"name":"ModelAdvance", "ph":"B", "ts":"2771055809", "pid":"1", "tid":"cice"},
{"name":"ModelAdvance", "ph":"E", "ts":"2771522413", "pid":"1", "tid":"cice"},
{"name":"ModelAdvance", "ph":"B", "ts":"2771651577", "pid":"1", "tid":"cice"},
{"name":"ModelAdvance", "ph":"E", "ts":"2772114580", "pid":"1", "tid":"cice"},
{"name":"ModelAdvance", "ph":"B", "ts":"2772251010", "pid":"1", "tid":"cice"},
{"name":"ModelAdvance", "ph":"E", "ts":"2772711191", "pid":"1", "tid":"cice"},
{"name":"ModelAdvance", "ph":"B", "ts":"2772846955", "pid":"1", "tid":"cice"},
{"name":"ModelAdvance", "ph":"E", "ts":"2773316289", "pid":"1", "tid":"cice"},
{"name":"ModelAdvance", "ph":"B", "ts":"2773444995", "pid":"1", "tid":"cice"},
{"name":"ModelAdvance", "ph":"E", "ts":"2773905732", "pid":"1", "tid":"cice"},
{"name":"ModelAdvance", "ph":"B", "ts":"2774056240", "pid":"1", "tid":"cice"},
{"name":"ModelAdvance", "ph":"E", "ts":"2774525453", "pid":"1", "tid":"cice"},
{"name":"ModelAdvance", "ph":"B", "ts":"2775323358", "pid":"1", "tid":"cice"},
{"name":"ModelAdvance", "ph":"E", "ts":"2775792480", "pid":"1", "tid":"cice"},
{"name":"ModelAdvance", "ph":"B", "ts":"2775925029", "pid":"1", "tid":"cice"},
{"name":"ModelAdvance", "ph":"E", "ts":"2776387894", "pid":"1", "tid":"cice"},
{"name":"ModelAdvance", "ph":"B", "ts":"2776521364", "pid":"1", "tid":"cice"},
{"name":"ModelAdvance", "ph":"E", "ts":"2776985084", "pid":"1", "tid":"cice"},
{"name":"ModelAdvance", "ph":"B", "ts":"2777117317", "pid":"1", "tid":"cice"},
{"name":"ModelAdvance", "ph":"E", "ts":"2777583228", "pid":"1", "tid":"cice"},
{"name":"ModelAdvance", "ph":"B", "ts":"2777714407", "pid":"1", "tid":"cice"},
{"name":"ModelAdvance", "ph":"E", "ts":"2778181689", "pid":"1", "tid":"cice"},
{"name":"ModelAdvance", "ph":"B", "ts":"2778311931", "pid":"1", "tid":"cice"},
{"name":"ModelAdvance", "ph":"E", "ts":"2778775831", "pid":"1", "tid":"cice"},
{"name":"ModelAdvance", "ph":"B", "ts":"2778905421", "pid":"1", "tid":"cice"},
{"name":"ModelAdvance", "ph":"E", "ts":"2779376246", "pid":"1", "tid":"cice"},
{"name":"ModelAdvance", "ph":"B", "ts":"2779503455", "pid":"1", "tid":"cice"},
{"name":"ModelAdvance", "ph":"E", "ts":"2779969066", "pid":"1", "tid":"cice"},
{"name":"ModelAdvance", "ph":"B", "ts":"2780099047", "pid":"1", "tid":"cice"},
{"name":"ModelAdvance", "ph":"E", "ts":"2780565825", "pid":"1", "tid":"cice"},
{"name":"ModelAdvance", "ph":"B", "ts":"2780694519", "pid":"1", "tid":"cice"},
{"name":"ModelAdvance", "ph":"E", "ts":"2781160625", "pid":"1", "tid":"cice"},
{"name":"ModelAdvance", "ph":"B", "ts":"2781291721", "pid":"1", "tid":"cice"},
{"name":"ModelAdvance", "ph":"E", "ts":"2781748343", "pid":"1", "tid":"cice"},
{"name":"ModelAdvance", "ph":"B", "ts":"2781904618", "pid":"1", "tid":"cice"},
{"name":"ModelAdvance", "ph":"E", "ts":"2782371859", "pid":"1", "tid":"cice"},
{"name":"ModelAdvance", "ph":"B", "ts":"2782501379", "pid":"1", "tid":"cice"},
{"name":"ModelAdvance", "ph":"E", "ts":"2782966979", "pid":"1", "tid":"cice"},
{"name":"ModelAdvance", "ph":"B", "ts":"2783099423", "pid":"1", "tid":"cice"},
{"name":"ModelAdvance", "ph":"E", "ts":"2783562685", "pid":"1", "tid":"cice"},
{"name":"ModelAdvance", "ph":"B", "ts":"2783692420", "pid":"1", "tid":"cice"},
{"name":"ModelAdvance", "ph":"E", "ts":"2784161997", "pid":"1", "tid":"cice"},
{"name":"ModelAdvance", "ph":"B", "ts":"2784286762", "pid":"1", "tid":"cice"},
{"name":"ModelAdvance", "ph":"E", "ts":"2784749960", "pid":"1", "tid":"cice"},
{"name":"ModelAdvance", "ph":"B", "ts":"2784881822", "pid":"1", "tid":"cice"},
{"name":"ModelAdvance", "ph":"E", "ts":"2785349813", "pid":"1", "tid":"cice"},
{"name":"ModelAdvance", "ph":"B", "ts":"2785476278", "pid":"1", "tid":"cice"},
{"name":"ModelAdvance", "ph":"E", "ts":"2785943408", "pid":"1", "tid":"cice"},
{"name":"ModelAdvance", "ph":"B", "ts":"2786082500", "pid":"1", "tid":"cice"},
{"name":"ModelAdvance", "ph":"E", "ts":"2786549460", "pid":"1", "tid":"cice"},
{"name":"ModelAdvance", "ph":"B", "ts":"2786676061", "pid":"1", "tid":"cice"},
{"name":"ModelAdvance", "ph":"E", "ts":"2787136562", "pid":"1", "tid":"cice"},
{"name":"ModelAdvance", "ph":"B", "ts":"2787272025", "pid":"1", "tid":"cice"},
{"name":"ModelAdvance", "ph":"E", "ts":"2787736914", "pid":"1", "tid":"cice"},
{"name":"ModelAdvance", "ph":"B", "ts":"2787866300", "pid":"1", "tid":"cice"},
{"name":"ModelAdvance", "ph":"E", "ts":"2788329753", "pid":"1", "tid":"cice"},
{"name":"ModelAdvance", "ph":"B", "ts":"2788462242", "pid":"1", "tid":"cice"},
{"name":"ModelAdvance", "ph":"E", "ts":"2789033676", "pid":"1", "tid":"cice"},
{"name":"ModelAdvance", "ph":"B", "ts":"2789084317", "pid":"1", "tid":"cice"},
{"name":"ModelAdvance", "ph":"E", "ts":"2789551600", "pid":"1", "tid":"cice"},
{"name":"ModelAdvance", "ph":"B", "ts":"2790374895", "pid":"1", "tid":"cice"},
{"name":"ModelAdvance", "ph":"E", "ts":"2790846606", "pid":"1", "tid":"cice"},
{"name":"ModelAdvance", "ph":"B", "ts":"2790971884", "pid":"1", "tid":"cice"},
{"name":"ModelAdvance", "ph":"E", "ts":"2791434739", "pid":"1", "tid":"cice"},
{"name":"ModelAdvance", "ph":"B", "ts":"2791565127", "pid":"1", "tid":"cice"},
{"name":"ModelAdvance", "ph":"E", "ts":"2792027881", "pid":"1", "tid":"cice"},
{"name":"ModelAdvance", "ph":"B", "ts":"2792159485", "pid":"1", "tid":"cice"},
{"name":"ModelAdvance", "ph":"E", "ts":"2792627741", "pid":"1", "tid":"cice"},
{"name":"ModelAdvance", "ph":"B", "ts":"2792755040", "pid":"1", "tid":"cice"},
{"name":"ModelAdvance", "ph":"E", "ts":"2793223281", "pid":"1", "tid":"cice"},
{"name":"ModelAdvance", "ph":"B", "ts":"2793351433", "pid":"1", "tid":"cice"},
{"name":"ModelAdvance", "ph":"E", "ts":"2793823658", "pid":"1", "tid":"cice"},
{"name":"ModelAdvance", "ph":"B", "ts":"2793948782", "pid":"1", "tid":"cice"},
{"name":"ModelAdvance", "ph":"E", "ts":"2794417331", "pid":"1", "tid":"cice"},
{"name":"ModelAdvance", "ph":"B", "ts":"2794545046", "pid":"1", "tid":"cice"},
{"name":"ModelAdvance", "ph":"E", "ts":"2795009523", "pid":"1", "tid":"cice"},
{"name":"ModelAdvance", "ph":"B", "ts":"2795152798", "pid":"1", "tid":"cice"},
{"name":"ModelAdvance", "ph":"E", "ts":"2795618189", "pid":"1", "tid":"cice"},
{"name":"ModelAdvance", "ph":"B", "ts":"2795752103", "pid":"1", "tid":"cice"},
{"name":"ModelAdvance", "ph":"E", "ts":"2796223531", "pid":"1", "tid":"cice"},
{"name":"ModelAdvance", "ph":"B", "ts":"2796344563", "pid":"1", "tid":"cice"},
{"name":"ModelAdvance", "ph":"E", "ts":"2796808348", "pid":"1", "tid":"cice"},
{"name":"ModelAdvance", "ph":"B", "ts":"2796956087", "pid":"1", "tid":"cice"},
{"name":"ModelAdvance", "ph":"E", "ts":"2797423554", "pid":"1", "tid":"cice"},
{"name":"ModelAdvance", "ph":"B", "ts":"2797548425", "pid":"1", "tid":"cice"},
{"name":"ModelAdvance", "ph":"E", "ts":"2798047021", "pid":"1", "tid":"cice"},
{"name":"ModelAdvance", "ph":"B", "ts":"2798172152", "pid":"1", "tid":"cice"},
{"name":"ModelAdvance", "ph":"E", "ts":"2798639560", "pid":"1", "tid":"cice"},
{"name":"ModelAdvance", "ph":"B", "ts":"2798765107", "pid":"1", "tid":"cice"},
{"name":"ModelAdvance", "ph":"E", "ts":"2799232979", "pid":"1", "tid":"cice"},
{"name":"ModelAdvance", "ph":"B", "ts":"2799360936", "pid":"1", "tid":"cice"},
{"name":"ModelAdvance", "ph":"E", "ts":"2799827630", "pid":"1", "tid":"cice"},
{"name":"ModelAdvance", "ph":"B", "ts":"2799960310", "pid":"1", "tid":"cice"},
{"name":"ModelAdvance", "ph":"E", "ts":"2800425774", "pid":"1", "tid":"cice"},
{"name":"ModelAdvance", "ph":"B", "ts":"2800553532", "pid":"1", "tid":"cice"},
{"name":"ModelAdvance", "ph":"E", "ts":"2801019838", "pid":"1", "tid":"cice"},
{"name":"ModelAdvance", "ph":"B", "ts":"2801148461", "pid":"1", "tid":"cice"},
{"name":"ModelAdvance", "ph":"E", "ts":"2801619984", "pid":"1", "tid":"cice"},
{"name":"ModelAdvance", "ph":"B", "ts":"2801745156", "pid":"1", "tid":"cice"},
{"name":"ModelAdvance", "ph":"E", "ts":"2802215005", "pid":"1", "tid":"cice"},
{"name":"ModelAdvance", "ph":"B", "ts":"2802344256", "pid":"1", "tid":"cice"},
{"name":"ModelAdvance", "ph":"E", "ts":"2802811256", "pid":"1", "tid":"cice"},
{"name":"ModelAdvance", "ph":"B", "ts":"2802941413", "pid":"1", "tid":"cice"},
{"name":"ModelAdvance", "ph":"E", "ts":"2803410976", "pid":"1", "tid":"cice"},
{"name":"ModelAdvance", "ph":"B", "ts":"2803535229", "pid":"1", "tid":"cice"},
{"name":"ModelAdvance", "ph":"E", "ts":"2804003244", "pid":"1", "tid":"cice"},
{"name":"ModelAdvance", "ph":"B", "ts":"2804149578", "pid":"1", "tid":"cice"},
{"name":"ModelAdvance", "ph":"E", "ts":"2804618440", "pid":"1", "tid":"cice"},
{"name":"ModelAdvance", "ph":"B", "ts":"2805443134", "pid":"1", "tid":"cice"},
{"name":"ModelAdvance", "ph":"E", "ts":"2805915396", "pid":"1", "tid":"cice"},
{"name":"ModelAdvance", "ph":"B", "ts":"2806039595", "pid":"1", "tid":"cice"},
{"name":"ModelAdvance", "ph":"E", "ts":"2806513363", "pid":"1", "tid":"cice"},
{"name":"ModelAdvance", "ph":"B", "ts":"2806634632", "pid":"1", "tid":"cice"},
{"name":"ModelAdvance", "ph":"E", "ts":"2807103250", "pid":"1", "tid":"cice"},
{"name":"ModelAdvance", "ph":"B", "ts":"2807231457", "pid":"1", "tid":"cice"},
{"name":"ModelAdvance", "ph":"E", "ts":"2807704749", "pid":"1", "tid":"cice"},
{"name":"ModelAdvance", "ph":"B", "ts":"2807828580", "pid":"1", "tid":"cice"},
{"name":"ModelAdvance", "ph":"E", "ts":"2808303514", "pid":"1", "tid":"cice"},
{"name":"ModelAdvance", "ph":"B", "ts":"2808425552", "pid":"1", "tid":"cice"},
{"name":"ModelAdvance", "ph":"E", "ts":"2808892998", "pid":"1", "tid":"cice"},
{"name":"ModelAdvance", "ph":"B", "ts":"2809025018", "pid":"1", "tid":"cice"},
{"name":"ModelAdvance", "ph":"E", "ts":"2809495265", "pid":"1", "tid":"cice"},
{"name":"ModelAdvance", "ph":"B", "ts":"2809618068", "pid":"1", "tid":"cice"},
{"name":"ModelAdvance", "ph":"E", "ts":"2810090944", "pid":"1", "tid":"cice"},
{"name":"ModelAdvance", "ph":"B", "ts":"2810213086", "pid":"1", "tid":"cice"},
{"name":"ModelAdvance", "ph":"E", "ts":"2810682541", "pid":"1", "tid":"cice"},
{"name":"ModelAdvance", "ph":"B", "ts":"2810816268", "pid":"1", "tid":"cice"},
{"name":"ModelAdvance", "ph":"E", "ts":"2811285232", "pid":"1", "tid":"cice"},
{"name":"ModelAdvance", "ph":"B", "ts":"2811411301", "pid":"1", "tid":"cice"},
{"name":"ModelAdvance", "ph":"E", "ts":"2811881464", "pid":"1", "tid":"cice"},
{"name":"ModelAdvance", "ph":"B", "ts":"2812021934", "pid":"1", "tid":"cice"},
{"name":"ModelAdvance", "ph":"E", "ts":"2812495294", "pid":"1", "tid":"cice"},
{"name":"ModelAdvance", "ph":"B", "ts":"2812616750", "pid":"1", "tid":"cice"},
{"name":"ModelAdvance", "ph":"E", "ts":"2813089010", "pid":"1", "tid":"cice"},
{"name":"ModelAdvance", "ph":"B", "ts":"2813212857", "pid":"1", "tid":"cice"},
{"name":"ModelAdvance", "ph":"E", "ts":"2813684930", "pid":"1", "tid":"cice"},
{"name":"ModelAdvance", "ph":"B", "ts":"2813810192", "pid":"1", "tid":"cice"},
{"name":"ModelAdvance", "ph":"E", "ts":"2814284849", "pid":"1", "tid":"cice"},
{"name":"ModelAdvance", "ph":"B", "ts":"2814405918", "pid":"1", "tid":"cice"},
{"name":"ModelAdvance", "ph":"E", "ts":"2814872613", "pid":"1", "tid":"cice"},
{"name":"ModelAdvance", "ph":"B", "ts":"2814998839", "pid":"1", "tid":"cice"},
{"name":"ModelAdvance", "ph":"E", "ts":"2815469289", "pid":"1", "tid":"cice"},
{"name":"ModelAdvance", "ph":"B", "ts":"2815602892", "pid":"1", "tid":"cice"},
{"name":"ModelAdvance", "ph":"E", "ts":"2816071292", "pid":"1", "tid":"cice"},
{"name":"ModelAdvance", "ph":"B", "ts":"2816196806", "pid":"1", "tid":"cice"},
{"name":"ModelAdvance", "ph":"E", "ts":"2816665453", "pid":"1", "tid":"cice"},
{"name":"ModelAdvance", "ph":"B", "ts":"2816791732", "pid":"1", "tid":"cice"},
{"name":"ModelAdvance", "ph":"E", "ts":"2817256639", "pid":"1", "tid":"cice"},
{"name":"ModelAdvance", "ph":"B", "ts":"2817384086", "pid":"1", "tid":"cice"},
{"name":"ModelAdvance", "ph":"E", "ts":"2817851213", "pid":"1", "tid":"cice"},
{"name":"ModelAdvance", "ph":"B", "ts":"2817977148", "pid":"1", "tid":"cice"},
{"name":"ModelAdvance", "ph":"E", "ts":"2818443428", "pid":"1", "tid":"cice"},
{"name":"ModelAdvance", "ph":"B", "ts":"2818585038", "pid":"1", "tid":"cice"},
{"name":"ModelAdvance", "ph":"E", "ts":"2819057647", "pid":"1", "tid":"cice"},
{"name":"ModelAdvance", "ph":"B", "ts":"2819193872", "pid":"1", "tid":"cice"},
{"name":"ModelAdvance", "ph":"E", "ts":"2819667888", "pid":"1", "tid":"cice"},
{"name":"ModelAdvance", "ph":"B", "ts":"2820488669", "pid":"1", "tid":"cice"},
{"name":"ModelAdvance", "ph":"E", "ts":"2820966217", "pid":"1", "tid":"cice"},
{"name":"ModelAdvance", "ph":"B", "ts":"2821086572", "pid":"1", "tid":"cice"},
{"name":"ModelAdvance", "ph":"E", "ts":"2821548868", "pid":"1", "tid":"cice"},
{"name":"ModelAdvance", "ph":"B", "ts":"2821678310", "pid":"1", "tid":"cice"},
{"name":"ModelAdvance", "ph":"E", "ts":"2822150659", "pid":"1", "tid":"cice"},
{"name":"ModelAdvance", "ph":"B", "ts":"2822275055", "pid":"1", "tid":"cice"},
{"name":"ModelAdvance", "ph":"E", "ts":"2822743295", "pid":"1", "tid":"cice"},
{"name":"ModelAdvance", "ph":"B", "ts":"2822879840", "pid":"1", "tid":"cice"},
{"name":"ModelAdvance", "ph":"E", "ts":"2823355388", "pid":"1", "tid":"cice"},
{"name":"ModelAdvance", "ph":"B", "ts":"2823473090", "pid":"1", "tid":"cice"},
{"name":"ModelAdvance", "ph":"E", "ts":"2823942448", "pid":"1", "tid":"cice"},
{"name":"ModelAdvance", "ph":"B", "ts":"2824072122", "pid":"1", "tid":"cice"},
{"name":"ModelAdvance", "ph":"E", "ts":"2824548534", "pid":"1", "tid":"cice"},
{"name":"ModelAdvance", "ph":"B", "ts":"2824666318", "pid":"1", "tid":"cice"},
{"name":"ModelAdvance", "ph":"E", "ts":"2825132747", "pid":"1", "tid":"cice"},
{"name":"ModelAdvance", "ph":"B", "ts":"2825260807", "pid":"1", "tid":"cice"},
{"name":"ModelAdvance", "ph":"E", "ts":"2825728931", "pid":"1", "tid":"cice"},
{"name":"ModelAdvance", "ph":"B", "ts":"2825858049", "pid":"1", "tid":"cice"},
{"name":"ModelAdvance", "ph":"E", "ts":"2826321945", "pid":"1", "tid":"cice"},
{"name":"ModelAdvance", "ph":"B", "ts":"2826451159", "pid":"1", "tid":"cice"},
{"name":"ModelAdvance", "ph":"E", "ts":"2826919077", "pid":"1", "tid":"cice"},
{"name":"ModelAdvance", "ph":"B", "ts":"2827067631", "pid":"1", "tid":"cice"},
{"name":"ModelAdvance", "ph":"E", "ts":"2827538212", "pid":"1", "tid":"cice"},
{"name":"ModelAdvance", "ph":"B", "ts":"2827665852", "pid":"1", "tid":"cice"},
{"name":"ModelAdvance", "ph":"E", "ts":"2828135938", "pid":"1", "tid":"cice"},
{"name":"ModelAdvance", "ph":"B", "ts":"2828263095", "pid":"1", "tid":"cice"},
{"name":"ModelAdvance", "ph":"E", "ts":"2828732346", "pid":"1", "tid":"cice"},
{"name":"ModelAdvance", "ph":"B", "ts":"2828855026", "pid":"1", "tid":"cice"},
{"name":"ModelAdvance", "ph":"E", "ts":"2829330834", "pid":"1", "tid":"cice"},
{"name":"ModelAdvance", "ph":"B", "ts":"2829447778", "pid":"1", "tid":"cice"},
{"name":"ModelAdvance", "ph":"E", "ts":"2829920479", "pid":"1", "tid":"cice"},
{"name":"ModelAdvance", "ph":"B", "ts":"2830041729", "pid":"1", "tid":"cice"},
{"name":"ModelAdvance", "ph":"E", "ts":"2830510349", "pid":"1", "tid":"cice"},
{"name":"ModelAdvance", "ph":"B", "ts":"2830644972", "pid":"1", "tid":"cice"},
{"name":"ModelAdvance", "ph":"E", "ts":"2831116651", "pid":"1", "tid":"cice"},
{"name":"ModelAdvance", "ph":"B", "ts":"2831242609", "pid":"1", "tid":"cice"},
{"name":"ModelAdvance", "ph":"E", "ts":"2831717048", "pid":"1", "tid":"cice"},
{"name":"ModelAdvance", "ph":"B", "ts":"2831894594", "pid":"1", "tid":"cice"},
{"name":"ModelAdvance", "ph":"E", "ts":"2832366919", "pid":"1", "tid":"cice"},
{"name":"ModelAdvance", "ph":"B", "ts":"2832501381", "pid":"1", "tid":"cice"},
{"name":"ModelAdvance", "ph":"E", "ts":"2832971107", "pid":"1", "tid":"cice"},
{"name":"ModelAdvance", "ph":"B", "ts":"2833097556", "pid":"1", "tid":"cice"},
{"name":"ModelAdvance", "ph":"E", "ts":"2833564991", "pid":"1", "tid":"cice"},
{"name":"ModelAdvance", "ph":"B", "ts":"2833692820", "pid":"1", "tid":"cice"},
{"name":"ModelAdvance", "ph":"E", "ts":"2834165297", "pid":"1", "tid":"cice"},
{"name":"ModelAdvance", "ph":"B", "ts":"2834388151", "pid":"1", "tid":"cice"},
{"name":"ModelAdvance", "ph":"E", "ts":"2834862820", "pid":"1", "tid":"cice"},
{"name":"ModelAdvance", "ph":"B", "ts":"2835653313", "pid":"1", "tid":"cice"},
{"name":"ModelAdvance", "ph":"E", "ts":"2836122270", "pid":"1", "tid":"cice"},
{"name":"ModelAdvance", "ph":"B", "ts":"2836263360", "pid":"1", "tid":"cice"},
{"name":"ModelAdvance", "ph":"E", "ts":"2836729768", "pid":"1", "tid":"cice"},
{"name":"ModelAdvance", "ph":"B", "ts":"2836857073", "pid":"1", "tid":"cice"},
{"name":"ModelAdvance", "ph":"E", "ts":"2837328744", "pid":"1", "tid":"cice"},
{"name":"ModelAdvance", "ph":"B", "ts":"2837450817", "pid":"1", "tid":"cice"},
{"name":"ModelAdvance", "ph":"E", "ts":"2837918829", "pid":"1", "tid":"cice"},
{"name":"ModelAdvance", "ph":"B", "ts":"2838039729", "pid":"1", "tid":"cice"},
{"name":"ModelAdvance", "ph":"E", "ts":"2838517993", "pid":"1", "tid":"cice"},
{"name":"ModelAdvance", "ph":"B", "ts":"2838637799", "pid":"1", "tid":"cice"},
{"name":"ModelAdvance", "ph":"E", "ts":"2839108564", "pid":"1", "tid":"cice"},
{"name":"ModelAdvance", "ph":"B", "ts":"2839225729", "pid":"1", "tid":"cice"},
{"name":"ModelAdvance", "ph":"E", "ts":"2839690487", "pid":"1", "tid":"cice"},
{"name":"ModelAdvance", "ph":"B", "ts":"2839818142", "pid":"1", "tid":"cice"},
{"name":"ModelAdvance", "ph":"E", "ts":"2840288536", "pid":"1", "tid":"cice"},
{"name":"ModelAdvance", "ph":"B", "ts":"2840408440", "pid":"1", "tid":"cice"},
{"name":"ModelAdvance", "ph":"E", "ts":"2840875856", "pid":"1", "tid":"cice"},
{"name":"ModelAdvance", "ph":"B", "ts":"2841009956", "pid":"1", "tid":"cice"},
{"name":"ModelAdvance", "ph":"E", "ts":"2841476888", "pid":"1", "tid":"cice"},
{"name":"ModelAdvance", "ph":"B", "ts":"2841601361", "pid":"1", "tid":"cice"},
{"name":"ModelAdvance", "ph":"E", "ts":"2842065924", "pid":"1", "tid":"cice"},
{"name":"ModelAdvance", "ph":"B", "ts":"2842201292", "pid":"1", "tid":"cice"},
{"name":"ModelAdvance", "ph":"E", "ts":"2842676720", "pid":"1", "tid":"cice"},
{"name":"ModelAdvance", "ph":"B", "ts":"2842794668", "pid":"1", "tid":"cice"},
{"name":"ModelAdvance", "ph":"E", "ts":"2843261113", "pid":"1", "tid":"cice"},
{"name":"ModelAdvance", "ph":"B", "ts":"2843389898", "pid":"1", "tid":"cice"},
{"name":"ModelAdvance", "ph":"E", "ts":"2843865290", "pid":"1", "tid":"cice"},
{"name":"ModelAdvance", "ph":"B", "ts":"2843988147", "pid":"1", "tid":"cice"},
{"name":"ModelAdvance", "ph":"E", "ts":"2844459566", "pid":"1", "tid":"cice"},
{"name":"ModelAdvance", "ph":"B", "ts":"2844577122", "pid":"1", "tid":"cice"},
{"name":"ModelAdvance", "ph":"E", "ts":"2845048653", "pid":"1", "tid":"cice"},
{"name":"ModelAdvance", "ph":"B", "ts":"2845164419", "pid":"1", "tid":"cice"},
{"name":"ModelAdvance", "ph":"E", "ts":"2845630876", "pid":"1", "tid":"cice"},
{"name":"ModelAdvance", "ph":"B", "ts":"2845751850", "pid":"1", "tid":"cice"},
{"name":"ModelAdvance", "ph":"E", "ts":"2846218495", "pid":"1", "tid":"cice"},
{"name":"ModelAdvance", "ph":"B", "ts":"2846349348", "pid":"1", "tid":"cice"},
{"name":"ModelAdvance", "ph":"E", "ts":"2846817095", "pid":"1", "tid":"cice"},
{"name":"ModelAdvance", "ph":"B", "ts":"2847909761", "pid":"1", "tid":"cice"},
{"name":"ModelAdvance", "ph":"E", "ts":"2848382319", "pid":"1", "tid":"cice"},
{"name":"ModelAdvance", "ph":"B", "ts":"2848551391", "pid":"1", "tid":"cice"},
{"name":"ModelAdvance", "ph":"E", "ts":"2849019432", "pid":"1", "tid":"cice"},
{"name":"ModelAdvance", "ph":"B", "ts":"2849145754", "pid":"1", "tid":"cice"},
{"name":"ModelAdvance", "ph":"E", "ts":"2849614991", "pid":"1", "tid":"cice"},
{"name":"ModelAdvance", "ph":"B", "ts":"2849748294", "pid":"1", "tid":"cice"},
{"name":"ModelAdvance", "ph":"E", "ts":"2850216953", "pid":"1", "tid":"cice"},
{"name":"ModelAdvance", "ph":"B", "ts":"2850364185", "pid":"1", "tid":"cice"},
{"name":"ModelAdvance", "ph":"E", "ts":"2850834706", "pid":"1", "tid":"cice"},
{"name":"ModelAdvance", "ph":"B", "ts":"2851617813", "pid":"1", "tid":"cice"},
{"name":"ModelAdvance", "ph":"E", "ts":"2852088274", "pid":"1", "tid":"cice"},
{"name":"ModelAdvance", "ph":"B", "ts":"2852218012", "pid":"1", "tid":"cice"},
{"name":"ModelAdvance", "ph":"E", "ts":"2852685258", "pid":"1", "tid":"cice"},
{"name":"ModelAdvance", "ph":"B", "ts":"2852832313", "pid":"1", "tid":"cice"},
{"name":"ModelAdvance", "ph":"E", "ts":"2853294287", "pid":"1", "tid":"cice"},
{"name":"ModelAdvance", "ph":"B", "ts":"2853427458", "pid":"1", "tid":"cice"},
{"name":"ModelAdvance", "ph":"E", "ts":"2853892320", "pid":"1", "tid":"cice"},
{"name":"ModelAdvance", "ph":"B", "ts":"2854027694", "pid":"1", "tid":"cice"},
{"name":"ModelAdvance", "ph":"E", "ts":"2854493707", "pid":"1", "tid":"cice"},
{"name":"ModelAdvance", "ph":"B", "ts":"2854624825", "pid":"1", "tid":"cice"},
{"name":"ModelAdvance", "ph":"E", "ts":"2855095479", "pid":"1", "tid":"cice"},
{"name":"ModelAdvance", "ph":"B", "ts":"2855216533", "pid":"1", "tid":"cice"},
{"name":"ModelAdvance", "ph":"E", "ts":"2855684935", "pid":"1", "tid":"cice"},
{"name":"ModelAdvance", "ph":"B", "ts":"2855823000", "pid":"1", "tid":"cice"},
{"name":"ModelAdvance", "ph":"E", "ts":"2856289089", "pid":"1", "tid":"cice"},
{"name":"ModelAdvance", "ph":"B", "ts":"2856411078", "pid":"1", "tid":"cice"},
{"name":"ModelAdvance", "ph":"E", "ts":"2856879374", "pid":"1", "tid":"cice"},
{"name":"ModelAdvance", "ph":"B", "ts":"2856996333", "pid":"1", "tid":"cice"},
{"name":"ModelAdvance", "ph":"E", "ts":"2857464642", "pid":"1", "tid":"cice"},
{"name":"ModelAdvance", "ph":"B", "ts":"2857620187", "pid":"1", "tid":"cice"},
{"name":"ModelAdvance", "ph":"E", "ts":"2858093836", "pid":"1", "tid":"cice"},
{"name":"ModelAdvance", "ph":"B", "ts":"2858237592", "pid":"1", "tid":"cice"},
{"name":"ModelAdvance", "ph":"E", "ts":"2858710946", "pid":"1", "tid":"cice"},
{"name":"ModelAdvance", "ph":"B", "ts":"2858836985", "pid":"1", "tid":"cice"},
{"name":"ModelAdvance", "ph":"E", "ts":"2859308817", "pid":"1", "tid":"cice"},
{"name":"ModelAdvance", "ph":"B", "ts":"2859430272", "pid":"1", "tid":"cice"},
{"name":"ModelAdvance", "ph":"E", "ts":"2859898666", "pid":"1", "tid":"cice"},
{"name":"ModelAdvance", "ph":"B", "ts":"2860024695", "pid":"1", "tid":"cice"},
{"name":"ModelAdvance", "ph":"E", "ts":"2860493259", "pid":"1", "tid":"cice"},
{"name":"ModelAdvance", "ph":"B", "ts":"2860618493", "pid":"1", "tid":"cice"},
{"name":"ModelAdvance", "ph":"E", "ts":"2861084392", "pid":"1", "tid":"cice"},
{"name":"ModelAdvance", "ph":"B", "ts":"2861201818", "pid":"1", "tid":"cice"},
{"name":"ModelAdvance", "ph":"E", "ts":"2861665016", "pid":"1", "tid":"cice"},
{"name":"ModelAdvance", "ph":"B", "ts":"2861786412", "pid":"1", "tid":"cice"},
{"name":"ModelAdvance", "ph":"E", "ts":"2862249608", "pid":"1", "tid":"cice"},
{"name":"ModelAdvance", "ph":"B", "ts":"2862396357", "pid":"1", "tid":"cice"},
{"name":"ModelAdvance", "ph":"E", "ts":"2862868101", "pid":"1", "tid":"cice"},
{"name":"ModelAdvance", "ph":"B", "ts":"2863007262", "pid":"1", "tid":"cice"},
{"name":"ModelAdvance", "ph":"E", "ts":"2863474876", "pid":"1", "tid":"cice"},
{"name":"ModelAdvance", "ph":"B", "ts":"2863602699", "pid":"1", "tid":"cice"},
{"name":"ModelAdvance", "ph":"E", "ts":"2864070525", "pid":"1", "tid":"cice"},
{"name":"ModelAdvance", "ph":"B", "ts":"2864189734", "pid":"1", "tid":"cice"},
{"name":"ModelAdvance", "ph":"E", "ts":"2864654702", "pid":"1", "tid":"cice"},
{"name":"ModelAdvance", "ph":"B", "ts":"2864777736", "pid":"1", "tid":"cice"},
{"name":"ModelAdvance", "ph":"E", "ts":"2865245473", "pid":"1", "tid":"cice"},
{"name":"ModelAdvance", "ph":"B", "ts":"2865378923", "pid":"1", "tid":"cice"},
{"name":"ModelAdvance", "ph":"E", "ts":"2865857716", "pid":"1", "tid":"cice"},
{"name":"ModelAdvance", "ph":"B", "ts":"2866673689", "pid":"1", "tid":"cice"},
{"name":"ModelAdvance", "ph":"E", "ts":"2867143096", "pid":"1", "tid":"cice"},
{"name":"ModelAdvance", "ph":"B", "ts":"2867252846", "pid":"1", "tid":"cice"},
{"name":"ModelAdvance", "ph":"E", "ts":"2867733621", "pid":"1", "tid":"cice"},
{"name":"ModelAdvance", "ph":"B", "ts":"2867839805", "pid":"1", "tid":"cice"},
{"name":"ModelAdvance", "ph":"E", "ts":"2868307795", "pid":"1", "tid":"cice"},
{"name":"ModelAdvance", "ph":"B", "ts":"2868439278", "pid":"1", "tid":"cice"},
{"name":"ModelAdvance", "ph":"E", "ts":"2868912452", "pid":"1", "tid":"cice"},
{"name":"ModelAdvance", "ph":"B", "ts":"2869030613", "pid":"1", "tid":"cice"},
{"name":"ModelAdvance", "ph":"E", "ts":"2869508924", "pid":"1", "tid":"cice"},
{"name":"ModelAdvance", "ph":"B", "ts":"2869621870", "pid":"1", "tid":"cice"},
{"name":"ModelAdvance", "ph":"E", "ts":"2870087384", "pid":"1", "tid":"cice"},
{"name":"ModelAdvance", "ph":"B", "ts":"2870219741", "pid":"1", "tid":"cice"},
{"name":"ModelAdvance", "ph":"E", "ts":"2870686757", "pid":"1", "tid":"cice"},
{"name":"ModelAdvance", "ph":"B", "ts":"2870807720", "pid":"1", "tid":"cice"},
{"name":"ModelAdvance", "ph":"E", "ts":"2871277728", "pid":"1", "tid":"cice"},
{"name":"ModelAdvance", "ph":"B", "ts":"2871398636", "pid":"1", "tid":"cice"},
{"name":"ModelAdvance", "ph":"E", "ts":"2871866504", "pid":"1", "tid":"cice"},
{"name":"ModelAdvance", "ph":"B", "ts":"2872000148", "pid":"1", "tid":"cice"},
{"name":"ModelAdvance", "ph":"E", "ts":"2872464802", "pid":"1", "tid":"cice"},
{"name":"ModelAdvance", "ph":"B", "ts":"2872600359", "pid":"1", "tid":"cice"},
{"name":"ModelAdvance", "ph":"E", "ts":"2873066204", "pid":"1", "tid":"cice"},
{"name":"ModelAdvance", "ph":"B", "ts":"2873221889", "pid":"1", "tid":"cice"},
{"name":"ModelAdvance", "ph":"E", "ts":"2873712974", "pid":"1", "tid":"cice"},
{"name":"ModelAdvance", "ph":"B", "ts":"2873825827", "pid":"1", "tid":"cice"},
{"name":"ModelAdvance", "ph":"E", "ts":"2874293716", "pid":"1", "tid":"cice"},
{"name":"ModelAdvance", "ph":"B", "ts":"2874425443", "pid":"1", "tid":"cice"},
{"name":"ModelAdvance", "ph":"E", "ts":"2874897024", "pid":"1", "tid":"cice"},
{"name":"ModelAdvance", "ph":"B", "ts":"2875012091", "pid":"1", "tid":"cice"},
{"name":"ModelAdvance", "ph":"E", "ts":"2875485453", "pid":"1", "tid":"cice"},
{"name":"ModelAdvance", "ph":"B", "ts":"2875596729", "pid":"1", "tid":"cice"},
{"name":"ModelAdvance", "ph":"E", "ts":"2876059970", "pid":"1", "tid":"cice"},
{"name":"ModelAdvance", "ph":"B", "ts":"2876190710", "pid":"1", "tid":"cice"},
{"name":"ModelAdvance", "ph":"E", "ts":"2876659880", "pid":"1", "tid":"cice"},
{"name":"ModelAdvance", "ph":"B", "ts":"2876789307", "pid":"1", "tid":"cice"},
{"name":"ModelAdvance", "ph":"E", "ts":"2877257254", "pid":"1", "tid":"cice"},
{"name":"ModelAdvance", "ph":"B", "ts":"2877390201", "pid":"1", "tid":"cice"},
{"name":"ModelAdvance", "ph":"E", "ts":"2877855522", "pid":"1", "tid":"cice"},
{"name":"ModelAdvance", "ph":"B", "ts":"2877990253", "pid":"1", "tid":"cice"},
{"name":"ModelAdvance", "ph":"E", "ts":"2878459850", "pid":"1", "tid":"cice"},
{"name":"ModelAdvance", "ph":"B", "ts":"2878589524", "pid":"1", "tid":"cice"},
{"name":"ModelAdvance", "ph":"E", "ts":"2879058155", "pid":"1", "tid":"cice"},
{"name":"ModelAdvance", "ph":"B", "ts":"2879180463", "pid":"1", "tid":"cice"},
{"name":"ModelAdvance", "ph":"E", "ts":"2879647509", "pid":"1", "tid":"cice"},
{"name":"ModelAdvance", "ph":"B", "ts":"2879779845", "pid":"1", "tid":"cice"},
{"name":"ModelAdvance", "ph":"E", "ts":"2880339206", "pid":"1", "tid":"cice"},
{"name":"ModelAdvance", "ph":"B", "ts":"2880392217", "pid":"1", "tid":"cice"},
{"name":"ModelAdvance", "ph":"E", "ts":"2880859326", "pid":"1", "tid":"cice"},
{"name":"ModelAdvance", "ph":"B", "ts":"2881636969", "pid":"1", "tid":"cice"},
{"name":"ModelAdvance", "ph":"E", "ts":"2882104160", "pid":"1", "tid":"cice"},
{"name":"ModelAdvance", "ph":"B", "ts":"2882230032", "pid":"1", "tid":"cice"},
{"name":"ModelAdvance", "ph":"E", "ts":"2882694589", "pid":"1", "tid":"cice"},
{"name":"ModelAdvance", "ph":"B", "ts":"2882842158", "pid":"1", "tid":"cice"},
{"name":"ModelAdvance", "ph":"E", "ts":"2883306673", "pid":"1", "tid":"cice"},
{"name":"ModelAdvance", "ph":"B", "ts":"2883443873", "pid":"1", "tid":"cice"},
{"name":"ModelAdvance", "ph":"E", "ts":"2883915517", "pid":"1", "tid":"cice"},
{"name":"ModelAdvance", "ph":"B", "ts":"2884034513", "pid":"1", "tid":"cice"},
{"name":"ModelAdvance", "ph":"E", "ts":"2884501310", "pid":"1", "tid":"cice"},
{"name":"ModelAdvance", "ph":"B", "ts":"2884629827", "pid":"1", "tid":"cice"},
{"name":"ModelAdvance", "ph":"E", "ts":"2885100683", "pid":"1", "tid":"cice"},
{"name":"ModelAdvance", "ph":"B", "ts":"2885214107", "pid":"1", "tid":"cice"},
{"name":"ModelAdvance", "ph":"E", "ts":"2885685810", "pid":"1", "tid":"cice"},
{"name":"ModelAdvance", "ph":"B", "ts":"2885813163", "pid":"1", "tid":"cice"},
{"name":"ModelAdvance", "ph":"E", "ts":"2886282956", "pid":"1", "tid":"cice"},
{"name":"ModelAdvance", "ph":"B", "ts":"2886413249", "pid":"1", "tid":"cice"},
{"name":"ModelAdvance", "ph":"E", "ts":"2886880717", "pid":"1", "tid":"cice"},
{"name":"ModelAdvance", "ph":"B", "ts":"2887000609", "pid":"1", "tid":"cice"},
{"name":"ModelAdvance", "ph":"E", "ts":"2887470038", "pid":"1", "tid":"cice"},
{"name":"ModelAdvance", "ph":"B", "ts":"2887601624", "pid":"1", "tid":"cice"},
{"name":"ModelAdvance", "ph":"E", "ts":"2888074805", "pid":"1", "tid":"cice"},
{"name":"ModelAdvance", "ph":"B", "ts":"2888209830", "pid":"1", "tid":"cice"},
{"name":"ModelAdvance", "ph":"E", "ts":"2888682417", "pid":"1", "tid":"cice"},
{"name":"ModelAdvance", "ph":"B", "ts":"2888806298", "pid":"1", "tid":"cice"},
{"name":"ModelAdvance", "ph":"E", "ts":"2889285884", "pid":"1", "tid":"cice"},
{"name":"ModelAdvance", "ph":"B", "ts":"2889413260", "pid":"1", "tid":"cice"},
{"name":"ModelAdvance", "ph":"E", "ts":"2889879480", "pid":"1", "tid":"cice"},
{"name":"ModelAdvance", "ph":"B", "ts":"2890017575", "pid":"1", "tid":"cice"},
{"name":"ModelAdvance", "ph":"E", "ts":"2890487852", "pid":"1", "tid":"cice"},
{"name":"ModelAdvance", "ph":"B", "ts":"2890612107", "pid":"1", "tid":"cice"},
{"name":"ModelAdvance", "ph":"E", "ts":"2891079770", "pid":"1", "tid":"cice"},
{"name":"ModelAdvance", "ph":"B", "ts":"2891208513", "pid":"1", "tid":"cice"},
{"name":"ModelAdvance", "ph":"E", "ts":"2891682832", "pid":"1", "tid":"cice"},
{"name":"ModelAdvance", "ph":"B", "ts":"2891810329", "pid":"1", "tid":"cice"},
{"name":"ModelAdvance", "ph":"E", "ts":"2892279514", "pid":"1", "tid":"cice"},
{"name":"ModelAdvance", "ph":"B", "ts":"2892412536", "pid":"1", "tid":"cice"},
{"name":"ModelAdvance", "ph":"E", "ts":"2892881796", "pid":"1", "tid":"cice"},
{"name":"ModelAdvance", "ph":"B", "ts":"2893008857", "pid":"1", "tid":"cice"},
{"name":"ModelAdvance", "ph":"E", "ts":"2893475406", "pid":"1", "tid":"cice"},
{"name":"ModelAdvance", "ph":"B", "ts":"2893644291", "pid":"1", "tid":"cice"},
{"name":"ModelAdvance", "ph":"E", "ts":"2894114553", "pid":"1", "tid":"cice"},
{"name":"ModelAdvance", "ph":"B", "ts":"2894245437", "pid":"1", "tid":"cice"},
{"name":"ModelAdvance", "ph":"E", "ts":"2894712385", "pid":"1", "tid":"cice"},
{"name":"ModelAdvance", "ph":"B", "ts":"2894843170", "pid":"1", "tid":"cice"},
{"name":"ModelAdvance", "ph":"E", "ts":"2895316312", "pid":"1", "tid":"cice"},
{"name":"ModelAdvance", "ph":"B", "ts":"2895454645", "pid":"1", "tid":"cice"},
{"name":"ModelAdvance", "ph":"E", "ts":"2895924925", "pid":"1", "tid":"cice"},
{"name":"ModelAdvance", "ph":"B", "ts":"2896704182", "pid":"1", "tid":"cice"},
{"name":"ModelAdvance", "ph":"E", "ts":"2897171916", "pid":"1", "tid":"cice"},
{"name":"ModelAdvance", "ph":"B", "ts":"2897299114", "pid":"1", "tid":"cice"},
{"name":"ModelAdvance", "ph":"E", "ts":"2897763796", "pid":"1", "tid":"cice"},
{"name":"ModelAdvance", "ph":"B", "ts":"2897897288", "pid":"1", "tid":"cice"},
{"name":"ModelAdvance", "ph":"E", "ts":"2898363228", "pid":"1", "tid":"cice"},
{"name":"ModelAdvance", "ph":"B", "ts":"2898487739", "pid":"1", "tid":"cice"},
{"name":"ModelAdvance", "ph":"E", "ts":"2898958868", "pid":"1", "tid":"cice"},
{"name":"ModelAdvance", "ph":"B", "ts":"2899087868", "pid":"1", "tid":"cice"},
{"name":"ModelAdvance", "ph":"E", "ts":"2899562046", "pid":"1", "tid":"cice"},
{"name":"ModelAdvance", "ph":"B", "ts":"2899676212", "pid":"1", "tid":"cice"},
{"name":"ModelAdvance", "ph":"E", "ts":"2900146083", "pid":"1", "tid":"cice"},
{"name":"ModelAdvance", "ph":"B", "ts":"2900271309", "pid":"1", "tid":"cice"},
{"name":"ModelAdvance", "ph":"E", "ts":"2900742327", "pid":"1", "tid":"cice"},
{"name":"ModelAdvance", "ph":"B", "ts":"2900873024", "pid":"1", "tid":"cice"},
{"name":"ModelAdvance", "ph":"E", "ts":"2901341684", "pid":"1", "tid":"cice"},
{"name":"ModelAdvance", "ph":"B", "ts":"2901458355", "pid":"1", "tid":"cice"},
{"name":"ModelAdvance", "ph":"E", "ts":"2901930562", "pid":"1", "tid":"cice"},
{"name":"ModelAdvance", "ph":"B", "ts":"2902053944", "pid":"1", "tid":"cice"},
{"name":"ModelAdvance", "ph":"E", "ts":"2902521336", "pid":"1", "tid":"cice"},
{"name":"ModelAdvance", "ph":"B", "ts":"2902658257", "pid":"1", "tid":"cice"},
{"name":"ModelAdvance", "ph":"E", "ts":"2903125305", "pid":"1", "tid":"cice"},
{"name":"ModelAdvance", "ph":"B", "ts":"2903274366", "pid":"1", "tid":"cice"},
{"name":"ModelAdvance", "ph":"E", "ts":"2903744929", "pid":"1", "tid":"cice"},
{"name":"ModelAdvance", "ph":"B", "ts":"2903868461", "pid":"1", "tid":"cice"},
{"name":"ModelAdvance", "ph":"E", "ts":"2904354107", "pid":"1", "tid":"cice"},
{"name":"ModelAdvance", "ph":"B", "ts":"2904469173", "pid":"1", "tid":"cice"},
{"name":"ModelAdvance", "ph":"E", "ts":"2904937024", "pid":"1", "tid":"cice"},
{"name":"ModelAdvance", "ph":"B", "ts":"2905053947", "pid":"1", "tid":"cice"},
{"name":"ModelAdvance", "ph":"E", "ts":"2905531463", "pid":"1", "tid":"cice"},
{"name":"ModelAdvance", "ph":"B", "ts":"2905640276", "pid":"1", "tid":"cice"},
{"name":"ModelAdvance", "ph":"E", "ts":"2906106619", "pid":"1", "tid":"cice"},
{"name":"ModelAdvance", "ph":"B", "ts":"2906226349", "pid":"1", "tid":"cice"},
{"name":"ModelAdvance", "ph":"E", "ts":"2906695882", "pid":"1", "tid":"cice"},
{"name":"ModelAdvance", "ph":"B", "ts":"2906811492", "pid":"1", "tid":"cice"},
{"name":"ModelAdvance", "ph":"E", "ts":"2907282839", "pid":"1", "tid":"cice"},
{"name":"ModelAdvance", "ph":"B", "ts":"2907404833", "pid":"1", "tid":"cice"},
{"name":"ModelAdvance", "ph":"E", "ts":"2907876248", "pid":"1", "tid":"cice"},
{"name":"ModelAdvance", "ph":"B", "ts":"2907989981", "pid":"1", "tid":"cice"},
{"name":"ModelAdvance", "ph":"E", "ts":"2908458812", "pid":"1", "tid":"cice"},
{"name":"ModelAdvance", "ph":"B", "ts":"2908579960", "pid":"1", "tid":"cice"},
{"name":"ModelAdvance", "ph":"E", "ts":"2909053470", "pid":"1", "tid":"cice"},
{"name":"ModelAdvance", "ph":"B", "ts":"2909175990", "pid":"1", "tid":"cice"},
{"name":"ModelAdvance", "ph":"E", "ts":"2909645555", "pid":"1", "tid":"cice"},
{"name":"ModelAdvance", "ph":"B", "ts":"2909772032", "pid":"1", "tid":"cice"},
{"name":"ModelAdvance", "ph":"E", "ts":"2910241206", "pid":"1", "tid":"cice"},
{"name":"ModelAdvance", "ph":"B", "ts":"2910391477", "pid":"1", "tid":"cice"},
{"name":"ModelAdvance", "ph":"E", "ts":"2910860722", "pid":"1", "tid":"cice"},
{"name":"ModelAdvance", "ph":"B", "ts":"2911648792", "pid":"1", "tid":"cice"},
{"name":"ModelAdvance", "ph":"E", "ts":"2912111108", "pid":"1", "tid":"cice"},
{"name":"ModelAdvance", "ph":"B", "ts":"2912237503", "pid":"1", "tid":"cice"},
{"name":"ModelAdvance", "ph":"E", "ts":"2912706181", "pid":"1", "tid":"cice"},
{"name":"ModelAdvance", "ph":"B", "ts":"2912835526", "pid":"1", "tid":"cice"},
{"name":"ModelAdvance", "ph":"E", "ts":"2913302396", "pid":"1", "tid":"cice"},
{"name":"ModelAdvance", "ph":"B", "ts":"2913437319", "pid":"1", "tid":"cice"},
{"name":"ModelAdvance", "ph":"E", "ts":"2913907177", "pid":"1", "tid":"cice"},
{"name":"ModelAdvance", "ph":"B", "ts":"2914035130", "pid":"1", "tid":"cice"},
{"name":"ModelAdvance", "ph":"E", "ts":"2914506059", "pid":"1", "tid":"cice"},
{"name":"ModelAdvance", "ph":"B", "ts":"2914635233", "pid":"1", "tid":"cice"},
{"name":"ModelAdvance", "ph":"E", "ts":"2915105852", "pid":"1", "tid":"cice"},
{"name":"ModelAdvance", "ph":"B", "ts":"2915229152", "pid":"1", "tid":"cice"},
{"name":"ModelAdvance", "ph":"E", "ts":"2915707613", "pid":"1", "tid":"cice"},
{"name":"ModelAdvance", "ph":"B", "ts":"2915820820", "pid":"1", "tid":"cice"},
{"name":"ModelAdvance", "ph":"E", "ts":"2916290405", "pid":"1", "tid":"cice"},
{"name":"ModelAdvance", "ph":"B", "ts":"2916412199", "pid":"1", "tid":"cice"},
{"name":"ModelAdvance", "ph":"E", "ts":"2916885608", "pid":"1", "tid":"cice"},
{"name":"ModelAdvance", "ph":"B", "ts":"2917019067", "pid":"1", "tid":"cice"},
{"name":"ModelAdvance", "ph":"E", "ts":"2917493259", "pid":"1", "tid":"cice"},
{"name":"ModelAdvance", "ph":"B", "ts":"2917609800", "pid":"1", "tid":"cice"},
{"name":"ModelAdvance", "ph":"E", "ts":"2918083402", "pid":"1", "tid":"cice"},
{"name":"ModelAdvance", "ph":"B", "ts":"2918219919", "pid":"1", "tid":"cice"},
{"name":"ModelAdvance", "ph":"E", "ts":"2918695617", "pid":"1", "tid":"cice"},
{"name":"ModelAdvance", "ph":"B", "ts":"2918836016", "pid":"1", "tid":"cice"},
{"name":"ModelAdvance", "ph":"E", "ts":"2919311658", "pid":"1", "tid":"cice"},
{"name":"ModelAdvance", "ph":"B", "ts":"2919437093", "pid":"1", "tid":"cice"},
{"name":"ModelAdvance", "ph":"E", "ts":"2919907304", "pid":"1", "tid":"cice"},
{"name":"ModelAdvance", "ph":"B", "ts":"2920029277", "pid":"1", "tid":"cice"},
{"name":"ModelAdvance", "ph":"E", "ts":"2920499983", "pid":"1", "tid":"cice"},
{"name":"ModelAdvance", "ph":"B", "ts":"2920620316", "pid":"1", "tid":"cice"},
{"name":"ModelAdvance", "ph":"E", "ts":"2921091132", "pid":"1", "tid":"cice"},
{"name":"ModelAdvance", "ph":"B", "ts":"2921210496", "pid":"1", "tid":"cice"},
{"name":"ModelAdvance", "ph":"E", "ts":"2921687374", "pid":"1", "tid":"cice"},
{"name":"ModelAdvance", "ph":"B", "ts":"2921804645", "pid":"1", "tid":"cice"},
{"name":"ModelAdvance", "ph":"E", "ts":"2922272724", "pid":"1", "tid":"cice"},
{"name":"ModelAdvance", "ph":"B", "ts":"2922408259", "pid":"1", "tid":"cice"},
{"name":"ModelAdvance", "ph":"E", "ts":"2922876586", "pid":"1", "tid":"cice"},
{"name":"ModelAdvance", "ph":"B", "ts":"2923000255", "pid":"1", "tid":"cice"},
{"name":"ModelAdvance", "ph":"E", "ts":"2923476945", "pid":"1", "tid":"cice"},
{"name":"ModelAdvance", "ph":"B", "ts":"2923599069", "pid":"1", "tid":"cice"},
{"name":"ModelAdvance", "ph":"E", "ts":"2924068162", "pid":"1", "tid":"cice"},
{"name":"ModelAdvance", "ph":"B", "ts":"2924190098", "pid":"1", "tid":"cice"},
{"name":"ModelAdvance", "ph":"E", "ts":"2924660417", "pid":"1", "tid":"cice"},
{"name":"ModelAdvance", "ph":"B", "ts":"2924783497", "pid":"1", "tid":"cice"},
{"name":"ModelAdvance", "ph":"E", "ts":"2925246726", "pid":"1", "tid":"cice"},
{"name":"ModelFinalize", "ph":"B", "ts":"2925248415", "pid":"1", "tid":"cice"},
{"name":"ModelFinalize", "ph":"E", "ts":"2925248438", "pid":"1", "tid":"cice"},
