{"name":"SetServices", "ph":"B", "ts":"728618221", "pid":"1", "tid":"cice"},
{"name":"SetServices", "ph":"E", "ts":"728619956", "pid":"1", "tid":"cice"},
{"name":"InitializeP0", "ph":"B", "ts":"729462944", "pid":"1", "tid":"cice"},
{"name":"InitializeP0", "ph":"E", "ts":"729463071", "pid":"1", "tid":"cice"},
{"name":"InitializeAdvertise", "ph":"B", "ts":"770457702", "pid":"1", "tid":"cice"},
{"name":"InitializeAdvertise", "ph":"E", "ts":"778124325", "pid":"1", "tid":"cice"},
{"name":"InitializeRealize", "ph":"B", "ts":"952065824", "pid":"1", "tid":"cice"},
{"name":"InitializeRealize", "ph":"E", "ts":"964086309", "pid":"1", "tid":"cice"},
{"name":"ModelAdvance", "ph":"B", "ts":"1040252345", "pid":"1", "tid":"cice"},
{"name":"ModelAdvance", "ph":"E", "ts":"1040977898", "pid":"1", "tid":"cice"},
{"name":"ModelAdvance", "ph":"B", "ts":"1044194984", "pid":"1", "tid":"cice"},
{"name":"ModelAdvance", "ph":"E", "ts":"1044701611", "pid":"1", "tid":"cice"},
{"name":"ModelAdvance", "ph":"B", "ts":"1044854717", "pid":"1", "tid":"cice"},
{"name":"ModelAdvance", "ph":"E", "ts":"1045334683", "pid":"1", "tid":"cice"},
{"name":"ModelAdvance", "ph":"B", "ts":"1045454665", "pid":"1", "tid":"cice"},
{"name":"ModelAdvance", "ph":"E", "ts":"1045925209", "pid":"1", "tid":"cice"},
{"name":"ModelAdvance", "ph":"B", "ts":"1046053467", "pid":"1", "tid":"cice"},
{"name":"ModelAdvance", "ph":"E", "ts":"1046521562", "pid":"1", "tid":"cice"},
{"name":"ModelAdvance", "ph":"B", "ts":"1046646798", "pid":"1", "tid":"cice"},
{"name":"ModelAdvance", "ph":"E", "ts":"1047128497", "pid":"1", "tid":"cice"},
{"name":"ModelAdvance", "ph":"B", "ts":"1047244874", "pid":"1", "tid":"cice"},
{"name":"ModelAdvance", "ph":"E", "ts":"1047711613", "pid":"1", "tid":"cice"},
{"name":"ModelAdvance", "ph":"B", "ts":"1047833393", "pid":"1", "tid":"cice"},
{"name":"ModelAdvance", "ph":"E", "ts":"1048302595", "pid":"1", "tid":"cice"},
{"name":"ModelAdvance", "ph":"B", "ts":"1048445214", "pid":"1", "tid":"cice"},
{"name":"ModelAdvance", "ph":"E", "ts":"1048903967", "pid":"1", "tid":"cice"},
{"name":"ModelAdvance", "ph":"B", "ts":"1049045024", "pid":"1", "tid":"cice"},
{"name":"ModelAdvance", "ph":"E", "ts":"1049513651", "pid":"1", "tid":"cice"},
{"name":"ModelAdvance", "ph":"B", "ts":"1049661808", "pid":"1", "tid":"cice"},
{"name":"ModelAdvance", "ph":"E", "ts":"1050201718", "pid":"1", "tid":"cice"},
{"name":"ModelAdvance", "ph":"B", "ts":"1050277445", "pid":"1", "tid":"cice"},
{"name":"ModelAdvance", "ph":"E", "ts":"1050745419", "pid":"1", "tid":"cice"},
{"name":"ModelAdvance", "ph":"B", "ts":"1054885056", "pid":"1", "tid":"cice"},
{"name":"ModelAdvance", "ph":"E", "ts":"1055350475", "pid":"1", "tid":"cice"},
{"name":"ModelAdvance", "ph":"B", "ts":"1055486201", "pid":"1", "tid":"cice"},
{"name":"ModelAdvance", "ph":"E", "ts":"1055967168", "pid":"1", "tid":"cice"},
{"name":"ModelAdvance", "ph":"B", "ts":"1056075641", "pid":"1", "tid":"cice"},
{"name":"ModelAdvance", "ph":"E", "ts":"1056541929", "pid":"1", "tid":"cice"},
{"name":"ModelAdvance", "ph":"B", "ts":"1056684731", "pid":"1", "tid":"cice"},
{"name":"ModelAdvance", "ph":"E", "ts":"1057155258", "pid":"1", "tid":"cice"},
{"name":"ModelAdvance", "ph":"B", "ts":"1057280797", "pid":"1", "tid":"cice"},
{"name":"ModelAdvance", "ph":"E", "ts":"1057762271", "pid":"1", "tid":"cice"},
{"name":"ModelAdvance", "ph":"B", "ts":"1057875075", "pid":"1", "tid":"cice"},
{"name":"ModelAdvance", "ph":"E", "ts":"1058356239", "pid":"1", "tid":"cice"},
{"name":"ModelAdvance", "ph":"B", "ts":"1058476268", "pid":"1", "tid":"cice"},
{"name":"ModelAdvance", "ph":"E", "ts":"1058952764", "pid":"1", "tid":"cice"},
{"name":"ModelAdvance", "ph":"B", "ts":"1059082084", "pid":"1", "tid":"cice"},
{"name":"ModelAdvance", "ph":"E", "ts":"1059545553", "pid":"1", "tid":"cice"},
{"name":"ModelAdvance", "ph":"B", "ts":"1059686018", "pid":"1", "tid":"cice"},
{"name":"ModelAdvance", "ph":"E", "ts":"1060150414", "pid":"1", "tid":"cice"},
{"name":"ModelAdvance", "ph":"B", "ts":"1060279461", "pid":"1", "tid":"cice"},
{"name":"ModelAdvance", "ph":"E", "ts":"1060742198", "pid":"1", "tid":"cice"},
{"name":"ModelAdvance", "ph":"B", "ts":"1060870297", "pid":"1", "tid":"cice"},
{"name":"ModelAdvance", "ph":"E", "ts":"1061344001", "pid":"1", "tid":"cice"},
{"name":"ModelAdvance", "ph":"B", "ts":"1061462882", "pid":"1", "tid":"cice"},
{"name":"ModelAdvance", "ph":"E", "ts":"1061934175", "pid":"1", "tid":"cice"},
{"name":"ModelAdvance", "ph":"B", "ts":"1069688377", "pid":"1", "tid":"cice"},
{"name":"ModelAdvance", "ph":"E", "ts":"1070152175", "pid":"1", "tid":"cice"},
{"name":"ModelAdvance", "ph":"B", "ts":"1070980783", "pid":"1", "tid":"cice"},
{"name":"ModelAdvance", "ph":"E", "ts":"1071447107", "pid":"1", "tid":"cice"},
{"name":"ModelAdvance", "ph":"B", "ts":"1071582882", "pid":"1", "tid":"cice"},
{"name":"ModelAdvance", "ph":"E", "ts":"1072055927", "pid":"1", "tid":"cice"},
{"name":"ModelAdvance", "ph":"B", "ts":"1072176781", "pid":"1", "tid":"cice"},
{"name":"ModelAdvance", "ph":"E", "ts":"1072652278", "pid":"1", "tid":"cice"},
{"name":"ModelAdvance", "ph":"B", "ts":"1072794304", "pid":"1", "tid":"cice"},
{"name":"ModelAdvance", "ph":"E", "ts":"1073267688", "pid":"1", "tid":"cice"},
{"name":"ModelAdvance", "ph":"B", "ts":"1073405555", "pid":"1", "tid":"cice"},
{"name":"ModelAdvance", "ph":"E", "ts":"1073888423", "pid":"1", "tid":"cice"},
{"name":"ModelAdvance", "ph":"B", "ts":"1074005066", "pid":"1", "tid":"cice"},
{"name":"ModelAdvance", "ph":"E", "ts":"1074476591", "pid":"1", "tid":"cice"},
{"name":"ModelAdvance", "ph":"B", "ts":"1074610767", "pid":"1", "tid":"cice"},
{"name":"ModelAdvance", "ph":"E", "ts":"1075077005", "pid":"1", "tid":"cice"},
{"name":"ModelAdvance", "ph":"B", "ts":"1075201489", "pid":"1", "tid":"cice"},
{"name":"ModelAdvance", "ph":"E", "ts":"1075677046", "pid":"1", "tid":"cice"},
{"name":"ModelAdvance", "ph":"B", "ts":"1075811921", "pid":"1", "tid":"cice"},
{"name":"ModelAdvance", "ph":"E", "ts":"1076283934", "pid":"1", "tid":"cice"},
{"name":"ModelAdvance", "ph":"B", "ts":"1076433919", "pid":"1", "tid":"cice"},
{"name":"ModelAdvance", "ph":"E", "ts":"1076912919", "pid":"1", "tid":"cice"},
{"name":"ModelAdvance", "ph":"B", "ts":"1077024284", "pid":"1", "tid":"cice"},
{"name":"ModelAdvance", "ph":"E", "ts":"1077498876", "pid":"1", "tid":"cice"},
{"name":"ModelAdvance", "ph":"B", "ts":"1085094764", "pid":"1", "tid":"cice"},
{"name":"ModelAdvance", "ph":"E", "ts":"1085574092", "pid":"1", "tid":"cice"},
{"name":"ModelAdvance", "ph":"B", "ts":"1085699883", "pid":"1", "tid":"cice"},
{"name":"ModelAdvance", "ph":"E", "ts":"1086171340", "pid":"1", "tid":"cice"},
{"name":"ModelAdvance", "ph":"B", "ts":"1086309095", "pid":"1", "tid":"cice"},
{"name":"ModelAdvance", "ph":"E", "ts":"1086771089", "pid":"1", "tid":"cice"},
{"name":"ModelAdvance", "ph":"B", "ts":"1086901413", "pid":"1", "tid":"cice"},
{"name":"ModelAdvance", "ph":"E", "ts":"1087370306", "pid":"1", "tid":"cice"},
{"name":"ModelAdvance", "ph":"B", "ts":"1087494767", "pid":"1", "tid":"cice"},
{"name":"ModelAdvance", "ph":"E", "ts":"1087978145", "pid":"1", "tid":"cice"},
{"name":"ModelAdvance", "ph":"B", "ts":"1088097071", "pid":"1", "tid":"cice"},
{"name":"ModelAdvance", "ph":"E", "ts":"1088577612", "pid":"1", "tid":"cice"},
{"name":"ModelAdvance", "ph":"B", "ts":"1088694990", "pid":"1", "tid":"cice"},
{"name":"ModelAdvance", "ph":"E", "ts":"1089174886", "pid":"1", "tid":"cice"},
{"name":"ModelAdvance", "ph":"B", "ts":"1089313391", "pid":"1", "tid":"cice"},
{"name":"ModelAdvance", "ph":"E", "ts":"1089784452", "pid":"1", "tid":"cice"},
{"name":"ModelAdvance", "ph":"B", "ts":"1089907709", "pid":"1", "tid":"cice"},
{"name":"ModelAdvance", "ph":"E", "ts":"1090383352", "pid":"1", "tid":"cice"},
{"name":"ModelAdvance", "ph":"B", "ts":"1090527172", "pid":"1", "tid":"cice"},
{"name":"ModelAdvance", "ph":"E", "ts":"1091004474", "pid":"1", "tid":"cice"},
{"name":"ModelAdvance", "ph":"B", "ts":"1091134302", "pid":"1", "tid":"cice"},
{"name":"ModelAdvance", "ph":"E", "ts":"1091605983", "pid":"1", "tid":"cice"},
{"name":"ModelAdvance", "ph":"B", "ts":"1091730799", "pid":"1", "tid":"cice"},
{"name":"ModelAdvance", "ph":"E", "ts":"1092208401", "pid":"1", "tid":"cice"},
{"name":"ModelAdvance", "ph":"B", "ts":"1099298547", "pid":"1", "tid":"cice"},
{"name":"ModelAdvance", "ph":"E", "ts":"1099783755", "pid":"1", "tid":"cice"},
{"name":"ModelAdvance", "ph":"B", "ts":"1100523382", "pid":"1", "tid":"cice"},
{"name":"ModelAdvance", "ph":"E", "ts":"1101005993", "pid":"1", "tid":"cice"},
{"name":"ModelAdvance", "ph":"B", "ts":"1101120350", "pid":"1", "tid":"cice"},
{"name":"ModelAdvance", "ph":"E", "ts":"1101606530", "pid":"1", "tid":"cice"},
{"name":"ModelAdvance", "ph":"B", "ts":"1101726039", "pid":"1", "tid":"cice"},
{"name":"ModelAdvance", "ph":"E", "ts":"1102204180", "pid":"1", "tid":"cice"},
{"name":"ModelAdvance", "ph":"B", "ts":"1102318799", "pid":"1", "tid":"cice"},
{"name":"ModelAdvance", "ph":"E", "ts":"1102795010", "pid":"1", "tid":"cice"},
{"name":"ModelAdvance", "ph":"B", "ts":"1102922036", "pid":"1", "tid":"cice"},
{"name":"ModelAdvance", "ph":"E", "ts":"1103390145", "pid":"1", "tid":"cice"},
{"name":"ModelAdvance", "ph":"B", "ts":"1103521682", "pid":"1", "tid":"cice"},
{"name":"ModelAdvance", "ph":"E", "ts":"1103981593", "pid":"1", "tid":"cice"},
{"name":"ModelAdvance", "ph":"B", "ts":"1104120875", "pid":"1", "tid":"cice"},
{"name":"ModelAdvance", "ph":"E", "ts":"1104596871", "pid":"1", "tid":"cice"},
{"name":"ModelAdvance", "ph":"B", "ts":"1104726909", "pid":"1", "tid":"cice"},
{"name":"ModelAdvance", "ph":"E", "ts":"1105195988", "pid":"1", "tid":"cice"},
{"name":"ModelAdvance", "ph":"B", "ts":"1105323554", "pid":"1", "tid":"cice"},
{"name":"ModelAdvance", "ph":"E", "ts":"1105799896", "pid":"1", "tid":"cice"},
{"name":"ModelAdvance", "ph":"B", "ts":"1105922658", "pid":"1", "tid":"cice"},
{"name":"ModelAdvance", "ph":"E", "ts":"1106406848", "pid":"1", "tid":"cice"},
{"name":"ModelAdvance", "ph":"B", "ts":"1106551051", "pid":"1", "tid":"cice"},
{"name":"ModelAdvance", "ph":"E", "ts":"1107018627", "pid":"1", "tid":"cice"},
{"name":"ModelAdvance", "ph":"B", "ts":"1110597143", "pid":"1", "tid":"cice"},
{"name":"ModelAdvance", "ph":"E", "ts":"1111075197", "pid":"1", "tid":"cice"},
{"name":"ModelAdvance", "ph":"B", "ts":"1111233199", "pid":"1", "tid":"cice"},
{"name":"ModelAdvance", "ph":"E", "ts":"1111704834", "pid":"1", "tid":"cice"},
{"name":"ModelAdvance", "ph":"B", "ts":"1111834314", "pid":"1", "tid":"cice"},
{"name":"ModelAdvance", "ph":"E", "ts":"1112318558", "pid":"1", "tid":"cice"},
{"name":"ModelAdvance", "ph":"B", "ts":"1112442407", "pid":"1", "tid":"cice"},
{"name":"ModelAdvance", "ph":"E", "ts":"1112914752", "pid":"1", "tid":"cice"},
{"name":"ModelAdvance", "ph":"B", "ts":"1113079654", "pid":"1", "tid":"cice"},
{"name":"ModelAdvance", "ph":"E", "ts":"1113560596", "pid":"1", "tid":"cice"},
{"name":"ModelAdvance", "ph":"B", "ts":"1113678702", "pid":"1", "tid":"cice"},
{"name":"ModelAdvance", "ph":"E", "ts":"1114147014", "pid":"1", "tid":"cice"},
{"name":"ModelAdvance", "ph":"B", "ts":"1114283994", "pid":"1", "tid":"cice"},
{"name":"ModelAdvance", "ph":"E", "ts":"1114747836", "pid":"1", "tid":"cice"},
{"name":"ModelAdvance", "ph":"B", "ts":"1114883781", "pid":"1", "tid":"cice"},
{"name":"ModelAdvance", "ph":"E", "ts":"1115358683", "pid":"1", "tid":"cice"},
{"name":"ModelAdvance", "ph":"B", "ts":"1115505660", "pid":"1", "tid":"cice"},
{"name":"ModelAdvance", "ph":"E", "ts":"1115966234", "pid":"1", "tid":"cice"},
{"name":"ModelAdvance", "ph":"B", "ts":"1116101275", "pid":"1", "tid":"cice"},
{"name":"ModelAdvance", "ph":"E", "ts":"1116585251", "pid":"1", "tid":"cice"},
{"name":"ModelAdvance", "ph":"B", "ts":"1116705943", "pid":"1", "tid":"cice"},
{"name":"ModelAdvance", "ph":"E", "ts":"1117182320", "pid":"1", "tid":"cice"},
{"name":"ModelAdvance", "ph":"B", "ts":"1117301800", "pid":"1", "tid":"cice"},
{"name":"ModelAdvance", "ph":"E", "ts":"1117772443", "pid":"1", "tid":"cice"},
{"name":"ModelAdvance", "ph":"B", "ts":"1137169221", "pid":"1", "tid":"cice"},
{"name":"ModelAdvance", "ph":"E", "ts":"1137655537", "pid":"1", "tid":"cice"},
{"name":"ModelAdvance", "ph":"B", "ts":"1138470219", "pid":"1", "tid":"cice"},
{"name":"ModelAdvance", "ph":"E", "ts":"1138940732", "pid":"1", "tid":"cice"},
{"name":"ModelAdvance", "ph":"B", "ts":"1139073563", "pid":"1", "tid":"cice"},
{"name":"ModelAdvance", "ph":"E", "ts":"1139552385", "pid":"1", "tid":"cice"},
{"name":"ModelAdvance", "ph":"B", "ts":"1139673272", "pid":"1", "tid":"cice"},
{"name":"ModelAdvance", "ph":"E", "ts":"1140149544", "pid":"1", "tid":"cice"},
{"name":"ModelAdvance", "ph":"B", "ts":"1140266127", "pid":"1", "tid":"cice"},
{"name":"ModelAdvance", "ph":"E", "ts":"1140743216", "pid":"1", "tid":"cice"},
{"name":"ModelAdvance", "ph":"B", "ts":"1140883144", "pid":"1", "tid":"cice"},
{"name":"ModelAdvance", "ph":"E", "ts":"1141355069", "pid":"1", "tid":"cice"},
{"name":"ModelAdvance", "ph":"B", "ts":"1141484114", "pid":"1", "tid":"cice"},
{"name":"ModelAdvance", "ph":"E", "ts":"1141958136", "pid":"1", "tid":"cice"},
{"name":"ModelAdvance", "ph":"B", "ts":"1142099774", "pid":"1", "tid":"cice"},
{"name":"ModelAdvance", "ph":"E", "ts":"1142565138", "pid":"1", "tid":"cice"},
{"name":"ModelAdvance", "ph":"B", "ts":"1142702815", "pid":"1", "tid":"cice"},
{"name":"ModelAdvance", "ph":"E", "ts":"1143171849", "pid":"1", "tid":"cice"},
{"name":"ModelAdvance", "ph":"B", "ts":"1143309365", "pid":"1", "tid":"cice"},
{"name":"ModelAdvance", "ph":"E", "ts":"1143790069", "pid":"1", "tid":"cice"},
{"name":"ModelAdvance", "ph":"B", "ts":"1143911503", "pid":"1", "tid":"cice"},
{"name":"ModelAdvance", "ph":"E", "ts":"1144388018", "pid":"1", "tid":"cice"},
{"name":"ModelAdvance", "ph":"B", "ts":"1144511669", "pid":"1", "tid":"cice"},
{"name":"ModelAdvance", "ph":"E", "ts":"1144982946", "pid":"1", "tid":"cice"},
{"name":"ModelAdvance", "ph":"B", "ts":"1145760876", "pid":"1", "tid":"cice"},
{"name":"ModelAdvance", "ph":"E", "ts":"1146233727", "pid":"1", "tid":"cice"},
{"name":"ModelAdvance", "ph":"B", "ts":"1146361524", "pid":"1", "tid":"cice"},
{"name":"ModelAdvance", "ph":"E", "ts":"1146827401", "pid":"1", "tid":"cice"},
{"name":"ModelAdvance", "ph":"B", "ts":"1146976846", "pid":"1", "tid":"cice"},
{"name":"ModelAdvance", "ph":"E", "ts":"1147444452", "pid":"1", "tid":"cice"},
{"name":"ModelAdvance", "ph":"B", "ts":"1147629575", "pid":"1", "tid":"cice"},
{"name":"ModelAdvance", "ph":"E", "ts":"1148103700", "pid":"1", "tid":"cice"},
{"name":"ModelAdvance", "ph":"B", "ts":"1148229011", "pid":"1", "tid":"cice"},
{"name":"ModelAdvance", "ph":"E", "ts":"1148698084", "pid":"1", "tid":"cice"},
{"name":"ModelAdvance", "ph":"B", "ts":"1148827523", "pid":"1", "tid":"cice"},
{"name":"ModelAdvance", "ph":"E", "ts":"1149311254", "pid":"1", "tid":"cice"},
{"name":"ModelAdvance", "ph":"B", "ts":"1149441531", "pid":"1", "tid":"cice"},
{"name":"ModelAdvance", "ph":"E", "ts":"1149908845", "pid":"1", "tid":"cice"},
{"name":"ModelAdvance", "ph":"B", "ts":"1150042081", "pid":"1", "tid":"cice"},
{"name":"ModelAdvance", "ph":"E", "ts":"1150514560", "pid":"1", "tid":"cice"},
{"name":"ModelAdvance", "ph":"B", "ts":"1150650293", "pid":"1", "tid":"cice"},
{"name":"ModelAdvance", "ph":"E", "ts":"1151123593", "pid":"1", "tid":"cice"},
{"name":"ModelAdvance", "ph":"B", "ts":"1151253415", "pid":"1", "tid":"cice"},
{"name":"ModelAdvance", "ph":"E", "ts":"1151725587", "pid":"1", "tid":"cice"},
{"name":"ModelAdvance", "ph":"B", "ts":"1151854696", "pid":"1", "tid":"cice"},
{"name":"ModelAdvance", "ph":"E", "ts":"1152331105", "pid":"1", "tid":"cice"},
{"name":"ModelAdvance", "ph":"B", "ts":"1152453351", "pid":"1", "tid":"cice"},
{"name":"ModelAdvance", "ph":"E", "ts":"1152934621", "pid":"1", "tid":"cice"},
{"name":"ModelAdvance", "ph":"B", "ts":"1153450330", "pid":"1", "tid":"cice"},
{"name":"ModelAdvance", "ph":"E", "ts":"1153923032", "pid":"1", "tid":"cice"},
{"name":"ModelAdvance", "ph":"B", "ts":"1154778224", "pid":"1", "tid":"cice"},
{"name":"ModelAdvance", "ph":"E", "ts":"1155250381", "pid":"1", "tid":"cice"},
{"name":"ModelAdvance", "ph":"B", "ts":"1155380865", "pid":"1", "tid":"cice"},
{"name":"ModelAdvance", "ph":"E", "ts":"1155855269", "pid":"1", "tid":"cice"},
{"name":"ModelAdvance", "ph":"B", "ts":"1155987253", "pid":"1", "tid":"cice"},
{"name":"ModelAdvance", "ph":"E", "ts":"1156464379", "pid":"1", "tid":"cice"},
{"name":"ModelAdvance", "ph":"B", "ts":"1156593298", "pid":"1", "tid":"cice"},
{"name":"ModelAdvance", "ph":"E", "ts":"1157066339", "pid":"1", "tid":"cice"},
{"name":"ModelAdvance", "ph":"B", "ts":"1157194868", "pid":"1", "tid":"cice"},
{"name":"ModelAdvance", "ph":"E", "ts":"1157665658", "pid":"1", "tid":"cice"},
{"name":"ModelAdvance", "ph":"B", "ts":"1157795337", "pid":"1", "tid":"cice"},
{"name":"ModelAdvance", "ph":"E", "ts":"1158273772", "pid":"1", "tid":"cice"},
{"name":"ModelAdvance", "ph":"B", "ts":"1158410883", "pid":"1", "tid":"cice"},
{"name":"ModelAdvance", "ph":"E", "ts":"1158881531", "pid":"1", "tid":"cice"},
{"name":"ModelAdvance", "ph":"B", "ts":"1159036212", "pid":"1", "tid":"cice"},
{"name":"ModelAdvance", "ph":"E", "ts":"1159519432", "pid":"1", "tid":"cice"},
{"name":"ModelAdvance", "ph":"B", "ts":"1159653062", "pid":"1", "tid":"cice"},
{"name":"ModelAdvance", "ph":"E", "ts":"1160126469", "pid":"1", "tid":"cice"},
{"name":"ModelAdvance", "ph":"B", "ts":"1160256308", "pid":"1", "tid":"cice"},
{"name":"ModelAdvance", "ph":"E", "ts":"1160734280", "pid":"1", "tid":"cice"},
{"name":"ModelAdvance", "ph":"B", "ts":"1160859971", "pid":"1", "tid":"cice"},
{"name":"ModelAdvance", "ph":"E", "ts":"1161337627", "pid":"1", "tid":"cice"},
{"name":"ModelAdvance", "ph":"B", "ts":"1161471987", "pid":"1", "tid":"cice"},
{"name":"ModelAdvance", "ph":"E", "ts":"1161941247", "pid":"1", "tid":"cice"},
{"name":"ModelAdvance", "ph":"B", "ts":"1162078312", "pid":"1", "tid":"cice"},
{"name":"ModelAdvance", "ph":"E", "ts":"1162548568", "pid":"1", "tid":"cice"},
{"name":"ModelAdvance", "ph":"B", "ts":"1162693545", "pid":"1", "tid":"cice"},
{"name":"ModelAdvance", "ph":"E", "ts":"1163160431", "pid":"1", "tid":"cice"},
{"name":"ModelAdvance", "ph":"B", "ts":"1163300166", "pid":"1", "tid":"cice"},
{"name":"ModelAdvance", "ph":"E", "ts":"1163777682", "pid":"1", "tid":"cice"},
{"name":"ModelAdvance", "ph":"B", "ts":"1163906375", "pid":"1", "tid":"cice"},
{"name":"ModelAdvance", "ph":"E", "ts":"1164376687", "pid":"1", "tid":"cice"},
{"name":"ModelAdvance", "ph":"B", "ts":"1164528286", "pid":"1", "tid":"cice"},
{"name":"ModelAdvance", "ph":"E", "ts":"1164994748", "pid":"1", "tid":"cice"},
{"name":"ModelAdvance", "ph":"B", "ts":"1165128001", "pid":"1", "tid":"cice"},
{"name":"ModelAdvance", "ph":"E", "ts":"1165600890", "pid":"1", "tid":"cice"},
{"name":"ModelAdvance", "ph":"B", "ts":"1165733018", "pid":"1", "tid":"cice"},
{"name":"ModelAdvance", "ph":"E", "ts":"1166196091", "pid":"1", "tid":"cice"},
{"name":"ModelAdvance", "ph":"B", "ts":"1166324870", "pid":"1", "tid":"cice"},
{"name":"ModelAdvance", "ph":"E", "ts":"1166793428", "pid":"1", "tid":"cice"},
{"name":"ModelAdvance", "ph":"B", "ts":"1166955415", "pid":"1", "tid":"cice"},
{"name":"ModelAdvance", "ph":"E", "ts":"1167421216", "pid":"1", "tid":"cice"},
{"name":"ModelAdvance", "ph":"B", "ts":"1167561410", "pid":"1", "tid":"cice"},
{"name":"ModelAdvance", "ph":"E", "ts":"1168030382", "pid":"1", "tid":"cice"},
{"name":"ModelAdvance", "ph":"B", "ts":"1168155820", "pid":"1", "tid":"cice"},
{"name":"ModelAdvance", "ph":"E", "ts":"1168630356", "pid":"1", "tid":"cice"},
{"name":"ModelAdvance", "ph":"B", "ts":"1168778470", "pid":"1", "tid":"cice"},
{"name":"ModelAdvance", "ph":"E", "ts":"1169248807", "pid":"1", "tid":"cice"},
{"name":"ModelAdvance", "ph":"B", "ts":"1170062555", "pid":"1", "tid":"cice"},
{"name":"ModelAdvance", "ph":"E", "ts":"1170532751", "pid":"1", "tid":"cice"},
{"name":"ModelAdvance", "ph":"B", "ts":"1170666017", "pid":"1", "tid":"cice"},
{"name":"ModelAdvance", "ph":"E", "ts":"1171143341", "pid":"1", "tid":"cice"},
{"name":"ModelAdvance", "ph":"B", "ts":"1171267642", "pid":"1", "tid":"cice"},
{"name":"ModelAdvance", "ph":"E", "ts":"1171740772", "pid":"1", "tid":"cice"},
{"name":"ModelAdvance", "ph":"B", "ts":"1171909537", "pid":"1", "tid":"cice"},
{"name":"ModelAdvance", "ph":"E", "ts":"1172382630", "pid":"1", "tid":"cice"},
{"name":"ModelAdvance", "ph":"B", "ts":"1172505612", "pid":"1", "tid":"cice"},
{"name":"ModelAdvance", "ph":"E", "ts":"1172990740", "pid":"1", "tid":"cice"},
{"name":"ModelAdvance", "ph":"B", "ts":"1173124686", "pid":"1", "tid":"cice"},
{"name":"ModelAdvance", "ph":"E", "ts":"1173592454", "pid":"1", "tid":"cice"},
{"name":"ModelAdvance", "ph":"B", "ts":"1173739608", "pid":"1", "tid":"cice"},
{"name":"ModelAdvance", "ph":"E", "ts":"1174219194", "pid":"1", "tid":"cice"},
{"name":"ModelAdvance", "ph":"B", "ts":"1174368328", "pid":"1", "tid":"cice"},
{"name":"ModelAdvance", "ph":"E", "ts":"1174839381", "pid":"1", "tid":"cice"},
{"name":"ModelAdvance", "ph":"B", "ts":"1174992831", "pid":"1", "tid":"cice"},
{"name":"ModelAdvance", "ph":"E", "ts":"1175459637", "pid":"1", "tid":"cice"},
{"name":"ModelAdvance", "ph":"B", "ts":"1175608593", "pid":"1", "tid":"cice"},
{"name":"ModelAdvance", "ph":"E", "ts":"1176074960", "pid":"1", "tid":"cice"},
{"name":"ModelAdvance", "ph":"B", "ts":"1176207881", "pid":"1", "tid":"cice"},
{"name":"ModelAdvance", "ph":"E", "ts":"1176676886", "pid":"1", "tid":"cice"},
{"name":"ModelAdvance", "ph":"B", "ts":"1176831703", "pid":"1", "tid":"cice"},
{"name":"ModelAdvance", "ph":"E", "ts":"1177302948", "pid":"1", "tid":"cice"},
{"name":"ModelAdvance", "ph":"B", "ts":"1177429384", "pid":"1", "tid":"cice"},
{"name":"ModelAdvance", "ph":"E", "ts":"1177894872", "pid":"1", "tid":"cice"},
{"name":"ModelAdvance", "ph":"B", "ts":"1178042154", "pid":"1", "tid":"cice"},
{"name":"ModelAdvance", "ph":"E", "ts":"1178514775", "pid":"1", "tid":"cice"},
{"name":"ModelAdvance", "ph":"B", "ts":"1178637525", "pid":"1", "tid":"cice"},
{"name":"ModelAdvance", "ph":"E", "ts":"1179106217", "pid":"1", "tid":"cice"},
{"name":"ModelAdvance", "ph":"B", "ts":"1179303128", "pid":"1", "tid":"cice"},
{"name":"ModelAdvance", "ph":"E", "ts":"1179781283", "pid":"1", "tid":"cice"},
{"name":"ModelAdvance", "ph":"B", "ts":"1179916453", "pid":"1", "tid":"cice"},
{"name":"ModelAdvance", "ph":"E", "ts":"1180381450", "pid":"1", "tid":"cice"},
{"name":"ModelAdvance", "ph":"B", "ts":"1180582114", "pid":"1", "tid":"cice"},
{"name":"ModelAdvance", "ph":"E", "ts":"1181043576", "pid":"1", "tid":"cice"},
{"name":"ModelAdvance", "ph":"B", "ts":"1181211287", "pid":"1", "tid":"cice"},
{"name":"ModelAdvance", "ph":"E", "ts":"1181687245", "pid":"1", "tid":"cice"},
{"name":"ModelAdvance", "ph":"B", "ts":"1181810142", "pid":"1", "tid":"cice"},
{"name":"ModelAdvance", "ph":"E", "ts":"1182290500", "pid":"1", "tid":"cice"},
{"name":"ModelAdvance", "ph":"B", "ts":"1182412917", "pid":"1", "tid":"cice"},
{"name":"ModelAdvance", "ph":"E", "ts":"1182882574", "pid":"1", "tid":"cice"},
{"name":"ModelAdvance", "ph":"B", "ts":"1183065167", "pid":"1", "tid":"cice"},
{"name":"ModelAdvance", "ph":"E", "ts":"1183539025", "pid":"1", "tid":"cice"},
{"name":"ModelAdvance", "ph":"B", "ts":"1183672527", "pid":"1", "tid":"cice"},
{"name":"ModelAdvance", "ph":"E", "ts":"1184247395", "pid":"1", "tid":"cice"},
{"name":"ModelAdvance", "ph":"B", "ts":"1184293657", "pid":"1", "tid":"cice"},
{"name":"ModelAdvance", "ph":"E", "ts":"1184760006", "pid":"1", "tid":"cice"},
{"name":"ModelAdvance", "ph":"B", "ts":"1185561624", "pid":"1", "tid":"cice"},
{"name":"ModelAdvance", "ph":"E", "ts":"1186024994", "pid":"1", "tid":"cice"},
{"name":"ModelAdvance", "ph":"B", "ts":"1186164512", "pid":"1", "tid":"cice"},
{"name":"ModelAdvance", "ph":"E", "ts":"1186631011", "pid":"1", "tid":"cice"},
{"name":"ModelAdvance", "ph":"B", "ts":"1186769724", "pid":"1", "tid":"cice"},
{"name":"ModelAdvance", "ph":"E", "ts":"1187233580", "pid":"1", "tid":"cice"},
{"name":"ModelAdvance", "ph":"B", "ts":"1187365916", "pid":"1", "tid":"cice"},
{"name":"ModelAdvance", "ph":"E", "ts":"1187837232", "pid":"1", "tid":"cice"},
{"name":"ModelAdvance", "ph":"B", "ts":"1187971969", "pid":"1", "tid":"cice"},
{"name":"ModelAdvance", "ph":"E", "ts":"1188439619", "pid":"1", "tid":"cice"},
{"name":"ModelAdvance", "ph":"B", "ts":"1188646045", "pid":"1", "tid":"cice"},
{"name":"ModelAdvance", "ph":"E", "ts":"1189110299", "pid":"1", "tid":"cice"},
{"name":"ModelAdvance", "ph":"B", "ts":"1189245016", "pid":"1", "tid":"cice"},
{"name":"ModelAdvance", "ph":"E", "ts":"1189709160", "pid":"1", "tid":"cice"},
{"name":"ModelAdvance", "ph":"B", "ts":"1189847437", "pid":"1", "tid":"cice"},
{"name":"ModelAdvance", "ph":"E", "ts":"1190312260", "pid":"1", "tid":"cice"},
{"name":"ModelAdvance", "ph":"B", "ts":"1190457654", "pid":"1", "tid":"cice"},
{"name":"ModelAdvance", "ph":"E", "ts":"1190928308", "pid":"1", "tid":"cice"},
{"name":"ModelAdvance", "ph":"B", "ts":"1191058558", "pid":"1", "tid":"cice"},
{"name":"ModelAdvance", "ph":"E", "ts":"1191528915", "pid":"1", "tid":"cice"},
{"name":"ModelAdvance", "ph":"B", "ts":"1191657178", "pid":"1", "tid":"cice"},
{"name":"ModelAdvance", "ph":"E", "ts":"1192128814", "pid":"1", "tid":"cice"},
{"name":"ModelAdvance", "ph":"B", "ts":"1192269672", "pid":"1", "tid":"cice"},
{"name":"ModelAdvance", "ph":"E", "ts":"1192742264", "pid":"1", "tid":"cice"},
{"name":"ModelAdvance", "ph":"B", "ts":"1192862240", "pid":"1", "tid":"cice"},
{"name":"ModelAdvance", "ph":"E", "ts":"1193337965", "pid":"1", "tid":"cice"},
{"name":"ModelAdvance", "ph":"B", "ts":"1193483768", "pid":"1", "tid":"cice"},
{"name":"ModelAdvance", "ph":"E", "ts":"1193959842", "pid":"1", "tid":"cice"},
{"name":"ModelAdvance", "ph":"B", "ts":"1194084035", "pid":"1", "tid":"cice"},
{"name":"ModelAdvance", "ph":"E", "ts":"1194555949", "pid":"1", "tid":"cice"},
{"name":"ModelAdvance", "ph":"B", "ts":"1194694630", "pid":"1", "tid":"cice"},
{"name":"ModelAdvance", "ph":"E", "ts":"1195176194", "pid":"1", "tid":"cice"},
{"name":"ModelAdvance", "ph":"B", "ts":"1195295905", "pid":"1", "tid":"cice"},
{"name":"ModelAdvance", "ph":"E", "ts":"1195776334", "pid":"1", "tid":"cice"},
{"name":"ModelAdvance", "ph":"B", "ts":"1195901639", "pid":"1", "tid":"cice"},
{"name":"ModelAdvance", "ph":"E", "ts":"1196381312", "pid":"1", "tid":"cice"},
{"name":"ModelAdvance", "ph":"B", "ts":"1196503148", "pid":"1", "tid":"cice"},
{"name":"ModelAdvance", "ph":"E", "ts":"1196974714", "pid":"1", "tid":"cice"},
{"name":"ModelAdvance", "ph":"B", "ts":"1197101370", "pid":"1", "tid":"cice"},
{"name":"ModelAdvance", "ph":"E", "ts":"1197577391", "pid":"1", "tid":"cice"},
{"name":"ModelAdvance", "ph":"B", "ts":"1197742934", "pid":"1", "tid":"cice"},
{"name":"ModelAdvance", "ph":"E", "ts":"1198214828", "pid":"1", "tid":"cice"},
{"name":"ModelAdvance", "ph":"B", "ts":"1198349183", "pid":"1", "tid":"cice"},
{"name":"ModelAdvance", "ph":"E", "ts":"1198815739", "pid":"1", "tid":"cice"},
{"name":"ModelAdvance", "ph":"B", "ts":"1198949574", "pid":"1", "tid":"cice"},
{"name":"ModelAdvance", "ph":"E", "ts":"1199422617", "pid":"1", "tid":"cice"},
{"name":"ModelAdvance", "ph":"B", "ts":"1199609258", "pid":"1", "tid":"cice"},
{"name":"ModelAdvance", "ph":"E", "ts":"1200077831", "pid":"1", "tid":"cice"},
{"name":"ModelAdvance", "ph":"B", "ts":"1200868106", "pid":"1", "tid":"cice"},
{"name":"ModelAdvance", "ph":"E", "ts":"1201342002", "pid":"1", "tid":"cice"},
{"name":"ModelAdvance", "ph":"B", "ts":"1201491518", "pid":"1", "tid":"cice"},
{"name":"ModelAdvance", "ph":"E", "ts":"1201968132", "pid":"1", "tid":"cice"},
{"name":"ModelAdvance", "ph":"B", "ts":"1202094629", "pid":"1", "tid":"cice"},
{"name":"ModelAdvance", "ph":"E", "ts":"1202566553", "pid":"1", "tid":"cice"},
{"name":"ModelAdvance", "ph":"B", "ts":"1202695946", "pid":"1", "tid":"cice"},
{"name":"ModelAdvance", "ph":"E", "ts":"1203164581", "pid":"1", "tid":"cice"},
{"name":"ModelAdvance", "ph":"B", "ts":"1203308926", "pid":"1", "tid":"cice"},
{"name":"ModelAdvance", "ph":"E", "ts":"1203777839", "pid":"1", "tid":"cice"},
{"name":"ModelAdvance", "ph":"B", "ts":"1203909978", "pid":"1", "tid":"cice"},
{"name":"ModelAdvance", "ph":"E", "ts":"1204391289", "pid":"1", "tid":"cice"},
{"name":"ModelAdvance", "ph":"B", "ts":"1204525276", "pid":"1", "tid":"cice"},
{"name":"ModelAdvance", "ph":"E", "ts":"1205004228", "pid":"1", "tid":"cice"},
{"name":"ModelAdvance", "ph":"B", "ts":"1205191581", "pid":"1", "tid":"cice"},
{"name":"ModelAdvance", "ph":"E", "ts":"1205673817", "pid":"1", "tid":"cice"},
{"name":"ModelAdvance", "ph":"B", "ts":"1205868562", "pid":"1", "tid":"cice"},
{"name":"ModelAdvance", "ph":"E", "ts":"1206351693", "pid":"1", "tid":"cice"},
{"name":"ModelAdvance", "ph":"B", "ts":"1206538619", "pid":"1", "tid":"cice"},
{"name":"ModelAdvance", "ph":"E", "ts":"1207014638", "pid":"1", "tid":"cice"},
{"name":"ModelAdvance", "ph":"B", "ts":"1207228985", "pid":"1", "tid":"cice"},
{"name":"ModelAdvance", "ph":"E", "ts":"1207732346", "pid":"1", "tid":"cice"},
{"name":"ModelAdvance", "ph":"B", "ts":"1207866830", "pid":"1", "tid":"cice"},
{"name":"ModelAdvance", "ph":"E", "ts":"1208352995", "pid":"1", "tid":"cice"},
{"name":"ModelAdvance", "ph":"B", "ts":"1208483065", "pid":"1", "tid":"cice"},
{"name":"ModelAdvance", "ph":"E", "ts":"1208955638", "pid":"1", "tid":"cice"},
{"name":"ModelAdvance", "ph":"B", "ts":"1209116552", "pid":"1", "tid":"cice"},
{"name":"ModelAdvance", "ph":"E", "ts":"1209584755", "pid":"1", "tid":"cice"},
{"name":"ModelAdvance", "ph":"B", "ts":"1209793119", "pid":"1", "tid":"cice"},
{"name":"ModelAdvance", "ph":"E", "ts":"1210266719", "pid":"1", "tid":"cice"},
{"name":"ModelAdvance", "ph":"B", "ts":"1210395830", "pid":"1", "tid":"cice"},
{"name":"ModelAdvance", "ph":"E", "ts":"1210858030", "pid":"1", "tid":"cice"},
{"name":"ModelAdvance", "ph":"B", "ts":"1211013041", "pid":"1", "tid":"cice"},
{"name":"ModelAdvance", "ph":"E", "ts":"1211483304", "pid":"1", "tid":"cice"},
{"name":"ModelAdvance", "ph":"B", "ts":"1211634056", "pid":"1", "tid":"cice"},
{"name":"ModelAdvance", "ph":"E", "ts":"1212105386", "pid":"1", "tid":"cice"},
{"name":"ModelAdvance", "ph":"B", "ts":"1212293350", "pid":"1", "tid":"cice"},
{"name":"ModelAdvance", "ph":"E", "ts":"1212771584", "pid":"1", "tid":"cice"},
{"name":"ModelAdvance", "ph":"B", "ts":"1212953471", "pid":"1", "tid":"cice"},
{"name":"ModelAdvance", "ph":"E", "ts":"1213434310", "pid":"1", "tid":"cice"},
{"name":"ModelAdvance", "ph":"B", "ts":"1213586262", "pid":"1", "tid":"cice"},
{"name":"ModelAdvance", "ph":"E", "ts":"1214059427", "pid":"1", "tid":"cice"},
{"name":"ModelAdvance", "ph":"B", "ts":"1214193697", "pid":"1", "tid":"cice"},
{"name":"ModelAdvance", "ph":"E", "ts":"1214672554", "pid":"1", "tid":"cice"},
{"name":"ModelAdvance", "ph":"B", "ts":"1214829477", "pid":"1", "tid":"cice"},
{"name":"ModelAdvance", "ph":"E", "ts":"1215307774", "pid":"1", "tid":"cice"},
{"name":"ModelAdvance", "ph":"B", "ts":"1215535360", "pid":"1", "tid":"cice"},
{"name":"ModelAdvance", "ph":"E", "ts":"1216004114", "pid":"1", "tid":"cice"},
{"name":"ModelAdvance", "ph":"B", "ts":"1216771088", "pid":"1", "tid":"cice"},
{"name":"ModelAdvance", "ph":"E", "ts":"1217240811", "pid":"1", "tid":"cice"},
{"name":"ModelAdvance", "ph":"B", "ts":"1217415227", "pid":"1", "tid":"cice"},
{"name":"ModelAdvance", "ph":"E", "ts":"1217891051", "pid":"1", "tid":"cice"},
{"name":"ModelAdvance", "ph":"B", "ts":"1218059733", "pid":"1", "tid":"cice"},
{"name":"ModelAdvance", "ph":"E", "ts":"1218529238", "pid":"1", "tid":"cice"},
{"name":"ModelAdvance", "ph":"B", "ts":"1218691791", "pid":"1", "tid":"cice"},
{"name":"ModelAdvance", "ph":"E", "ts":"1219156186", "pid":"1", "tid":"cice"},
{"name":"ModelAdvance", "ph":"B", "ts":"1219314705", "pid":"1", "tid":"cice"},
{"name":"ModelAdvance", "ph":"E", "ts":"1219795776", "pid":"1", "tid":"cice"},
{"name":"ModelAdvance", "ph":"B", "ts":"1219922291", "pid":"1", "tid":"cice"},
{"name":"ModelAdvance", "ph":"E", "ts":"1220395525", "pid":"1", "tid":"cice"},
{"name":"ModelAdvance", "ph":"B", "ts":"1220546835", "pid":"1", "tid":"cice"},
{"name":"ModelAdvance", "ph":"E", "ts":"1221013792", "pid":"1", "tid":"cice"},
{"name":"ModelAdvance", "ph":"B", "ts":"1221146463", "pid":"1", "tid":"cice"},
{"name":"ModelAdvance", "ph":"E", "ts":"1221617548", "pid":"1", "tid":"cice"},
{"name":"ModelAdvance", "ph":"B", "ts":"1221809102", "pid":"1", "tid":"cice"},
{"name":"ModelAdvance", "ph":"E", "ts":"1222280126", "pid":"1", "tid":"cice"},
{"name":"ModelAdvance", "ph":"B", "ts":"1222463306", "pid":"1", "tid":"cice"},
{"name":"ModelAdvance", "ph":"E", "ts":"1222928805", "pid":"1", "tid":"cice"},
{"name":"ModelAdvance", "ph":"B", "ts":"1223109890", "pid":"1", "tid":"cice"},
{"name":"ModelAdvance", "ph":"E", "ts":"1223583948", "pid":"1", "tid":"cice"},
{"name":"ModelAdvance", "ph":"B", "ts":"1223779520", "pid":"1", "tid":"cice"},
{"name":"ModelAdvance", "ph":"E", "ts":"1224256209", "pid":"1", "tid":"cice"},
{"name":"ModelAdvance", "ph":"B", "ts":"1224449409", "pid":"1", "tid":"cice"},
{"name":"ModelAdvance", "ph":"E", "ts":"1224923752", "pid":"1", "tid":"cice"},
{"name":"ModelAdvance", "ph":"B", "ts":"1225113213", "pid":"1", "tid":"cice"},
{"name":"ModelAdvance", "ph":"E", "ts":"1225597633", "pid":"1", "tid":"cice"},
{"name":"ModelAdvance", "ph":"B", "ts":"1225787858", "pid":"1", "tid":"cice"},
{"name":"ModelAdvance", "ph":"E", "ts":"1226264015", "pid":"1", "tid":"cice"},
{"name":"ModelAdvance", "ph":"B", "ts":"1226428723", "pid":"1", "tid":"cice"},
{"name":"ModelAdvance", "ph":"E", "ts":"1226907513", "pid":"1", "tid":"cice"},
{"name":"ModelAdvance", "ph":"B", "ts":"1227189284", "pid":"1", "tid":"cice"},
{"name":"ModelAdvance", "ph":"E", "ts":"1227662586", "pid":"1", "tid":"cice"},
{"name":"ModelAdvance", "ph":"B", "ts":"1227801697", "pid":"1", "tid":"cice"},
{"name":"ModelAdvance", "ph":"E", "ts":"1228273018", "pid":"1", "tid":"cice"},
{"name":"ModelAdvance", "ph":"B", "ts":"1228446179", "pid":"1", "tid":"cice"},
{"name":"ModelAdvance", "ph":"E", "ts":"1228913691", "pid":"1", "tid":"cice"},
{"name":"ModelAdvance", "ph":"B", "ts":"1229067480", "pid":"1", "tid":"cice"},
{"name":"ModelAdvance", "ph":"E", "ts":"1229539734", "pid":"1", "tid":"cice"},
{"name":"ModelAdvance", "ph":"B", "ts":"1229737894", "pid":"1", "tid":"cice"},
{"name":"ModelAdvance", "ph":"E", "ts":"1230212774", "pid":"1", "tid":"cice"},
{"name":"ModelAdvance", "ph":"B", "ts":"1230424402", "pid":"1", "tid":"cice"},
{"name":"ModelAdvance", "ph":"E", "ts":"1230891837", "pid":"1", "tid":"cice"},
{"name":"ModelAdvance", "ph":"B", "ts":"1231085148", "pid":"1", "tid":"cice"},
{"name":"ModelAdvance", "ph":"E", "ts":"1231552613", "pid":"1", "tid":"cice"},
{"name":"ModelAdvance", "ph":"B", "ts":"1231796219", "pid":"1", "tid":"cice"},
{"name":"ModelAdvance", "ph":"E", "ts":"1232270441", "pid":"1", "tid":"cice"},
{"name":"ModelAdvance", "ph":"B", "ts":"1233041071", "pid":"1", "tid":"cice"},
{"name":"ModelAdvance", "ph":"E", "ts":"1233511211", "pid":"1", "tid":"cice"},
{"name":"ModelAdvance", "ph":"B", "ts":"1233683793", "pid":"1", "tid":"cice"},
{"name":"ModelAdvance", "ph":"E", "ts":"1234154280", "pid":"1", "tid":"cice"},
{"name":"ModelAdvance", "ph":"B", "ts":"1234350299", "pid":"1", "tid":"cice"},
{"name":"ModelAdvance", "ph":"E", "ts":"1234813659", "pid":"1", "tid":"cice"},
{"name":"ModelAdvance", "ph":"B", "ts":"1235021650", "pid":"1", "tid":"cice"},
{"name":"ModelAdvance", "ph":"E", "ts":"1235495123", "pid":"1", "tid":"cice"},
{"name":"ModelAdvance", "ph":"B", "ts":"1235667770", "pid":"1", "tid":"cice"},
{"name":"ModelAdvance", "ph":"E", "ts":"1236139292", "pid":"1", "tid":"cice"},
{"name":"ModelAdvance", "ph":"B", "ts":"1236458225", "pid":"1", "tid":"cice"},
{"name":"ModelAdvance", "ph":"E", "ts":"1236958189", "pid":"1", "tid":"cice"},
{"name":"ModelAdvance", "ph":"B", "ts":"1237110147", "pid":"1", "tid":"cice"},
{"name":"ModelAdvance", "ph":"E", "ts":"1237577473", "pid":"1", "tid":"cice"},
{"name":"ModelAdvance", "ph":"B", "ts":"1237792579", "pid":"1", "tid":"cice"},
{"name":"ModelAdvance", "ph":"E", "ts":"1238274819", "pid":"1", "tid":"cice"},
{"name":"ModelAdvance", "ph":"B", "ts":"1238422276", "pid":"1", "tid":"cice"},
{"name":"ModelAdvance", "ph":"E", "ts":"1238901162", "pid":"1", "tid":"cice"},
{"name":"ModelAdvance", "ph":"B", "ts":"1239092431", "pid":"1", "tid":"cice"},
{"name":"ModelAdvance", "ph":"E", "ts":"1239564196", "pid":"1", "tid":"cice"},
{"name":"ModelAdvance", "ph":"B", "ts":"1239708578", "pid":"1", "tid":"cice"},
{"name":"ModelAdvance", "ph":"E", "ts":"1240190036", "pid":"1", "tid":"cice"},
{"name":"ModelAdvance", "ph":"B", "ts":"1240452220", "pid":"1", "tid":"cice"},
{"name":"ModelAdvance", "ph":"E", "ts":"1240921895", "pid":"1", "tid":"cice"},
{"name":"ModelAdvance", "ph":"B", "ts":"1241079312", "pid":"1", "tid":"cice"},
{"name":"ModelAdvance", "ph":"E", "ts":"1241554285", "pid":"1", "tid":"cice"},
{"name":"ModelAdvance", "ph":"B", "ts":"1241707415", "pid":"1", "tid":"cice"},
{"name":"ModelAdvance", "ph":"E", "ts":"1242187193", "pid":"1", "tid":"cice"},
{"name":"ModelAdvance", "ph":"B", "ts":"1242332241", "pid":"1", "tid":"cice"},
{"name":"ModelAdvance", "ph":"E", "ts":"1242806015", "pid":"1", "tid":"cice"},
{"name":"ModelAdvance", "ph":"B", "ts":"1242942117", "pid":"1", "tid":"cice"},
{"name":"ModelAdvance", "ph":"E", "ts":"1243414549", "pid":"1", "tid":"cice"},
{"name":"ModelAdvance", "ph":"B", "ts":"1243570623", "pid":"1", "tid":"cice"},
{"name":"ModelAdvance", "ph":"E", "ts":"1244048648", "pid":"1", "tid":"cice"},
{"name":"ModelAdvance", "ph":"B", "ts":"1244274324", "pid":"1", "tid":"cice"},
{"name":"ModelAdvance", "ph":"E", "ts":"1244736728", "pid":"1", "tid":"cice"},
{"name":"ModelAdvance", "ph":"B", "ts":"1244905675", "pid":"1", "tid":"cice"},
{"name":"ModelAdvance", "ph":"E", "ts":"1245375971", "pid":"1", "tid":"cice"},
{"name":"ModelAdvance", "ph":"B", "ts":"1245590437", "pid":"1", "tid":"cice"},
{"name":"ModelAdvance", "ph":"E", "ts":"1246068227", "pid":"1", "tid":"cice"},
{"name":"ModelAdvance", "ph":"B", "ts":"1246218505", "pid":"1", "tid":"cice"},
{"name":"ModelAdvance", "ph":"E", "ts":"1246696213", "pid":"1", "tid":"cice"},
{"name":"ModelAdvance", "ph":"B", "ts":"1246839263", "pid":"1", "tid":"cice"},
{"name":"ModelAdvance", "ph":"E", "ts":"1247318698", "pid":"1", "tid":"cice"},
{"name":"ModelAdvance", "ph":"B", "ts":"1247490107", "pid":"1", "tid":"cice"},
{"name":"ModelAdvance", "ph":"E", "ts":"1247969479", "pid":"1", "tid":"cice"},
{"name":"ModelAdvance", "ph":"B", "ts":"1248118782", "pid":"1", "tid":"cice"},
{"name":"ModelAdvance", "ph":"E", "ts":"1248599049", "pid":"1", "tid":"cice"},
{"name":"ModelAdvance", "ph":"B", "ts":"1249479064", "pid":"1", "tid":"cice"},
{"name":"ModelAdvance", "ph":"E", "ts":"1249960470", "pid":"1", "tid":"cice"},
{"name":"ModelAdvance", "ph":"B", "ts":"1250140933", "pid":"1", "tid":"cice"},
{"name":"ModelAdvance", "ph":"E", "ts":"1250609961", "pid":"1", "tid":"cice"},
{"name":"ModelAdvance", "ph":"B", "ts":"1250815972", "pid":"1", "tid":"cice"},
{"name":"ModelAdvance", "ph":"E", "ts":"1251286330", "pid":"1", "tid":"cice"},
{"name":"ModelAdvance", "ph":"B", "ts":"1251445389", "pid":"1", "tid":"cice"},
{"name":"ModelAdvance", "ph":"E", "ts":"1251906699", "pid":"1", "tid":"cice"},
{"name":"ModelAdvance", "ph":"B", "ts":"1252114773", "pid":"1", "tid":"cice"},
{"name":"ModelAdvance", "ph":"E", "ts":"1252595135", "pid":"1", "tid":"cice"},
{"name":"ModelAdvance", "ph":"B", "ts":"1252748163", "pid":"1", "tid":"cice"},
{"name":"ModelAdvance", "ph":"E", "ts":"1253219898", "pid":"1", "tid":"cice"},
{"name":"ModelAdvance", "ph":"B", "ts":"1253437572", "pid":"1", "tid":"cice"},
{"name":"ModelAdvance", "ph":"E", "ts":"1253903749", "pid":"1", "tid":"cice"},
{"name":"ModelAdvance", "ph":"B", "ts":"1254115332", "pid":"1", "tid":"cice"},
{"name":"ModelAdvance", "ph":"E", "ts":"1254582635", "pid":"1", "tid":"cice"},
{"name":"ModelAdvance", "ph":"B", "ts":"1255006525", "pid":"1", "tid":"cice"},
{"name":"ModelAdvance", "ph":"E", "ts":"1255479787", "pid":"1", "tid":"cice"},
{"name":"ModelAdvance", "ph":"B", "ts":"1255969946", "pid":"1", "tid":"cice"},
{"name":"ModelAdvance", "ph":"E", "ts":"1256445546", "pid":"1", "tid":"cice"},
{"name":"ModelAdvance", "ph":"B", "ts":"1256650844", "pid":"1", "tid":"cice"},
{"name":"ModelAdvance", "ph":"E", "ts":"1257119597", "pid":"1", "tid":"cice"},
{"name":"ModelAdvance", "ph":"B", "ts":"1257295486", "pid":"1", "tid":"cice"},
{"name":"ModelAdvance", "ph":"E", "ts":"1257771382", "pid":"1", "tid":"cice"},
{"name":"ModelAdvance", "ph":"B", "ts":"1257953154", "pid":"1", "tid":"cice"},
{"name":"ModelAdvance", "ph":"E", "ts":"1258418316", "pid":"1", "tid":"cice"},
{"name":"ModelAdvance", "ph":"B", "ts":"1258587019", "pid":"1", "tid":"cice"},
{"name":"ModelAdvance", "ph":"E", "ts":"1259048344", "pid":"1", "tid":"cice"},
{"name":"ModelAdvance", "ph":"B", "ts":"1259258613", "pid":"1", "tid":"cice"},
{"name":"ModelAdvance", "ph":"E", "ts":"1259735698", "pid":"1", "tid":"cice"},
{"name":"ModelAdvance", "ph":"B", "ts":"1260020037", "pid":"1", "tid":"cice"},
{"name":"ModelAdvance", "ph":"E", "ts":"1260494215", "pid":"1", "tid":"cice"},
{"name":"ModelAdvance", "ph":"B", "ts":"1260692874", "pid":"1", "tid":"cice"},
{"name":"ModelAdvance", "ph":"E", "ts":"1261159919", "pid":"1", "tid":"cice"},
{"name":"ModelAdvance", "ph":"B", "ts":"1261333758", "pid":"1", "tid":"cice"},
{"name":"ModelAdvance", "ph":"E", "ts":"1261806015", "pid":"1", "tid":"cice"},
{"name":"ModelAdvance", "ph":"B", "ts":"1262014495", "pid":"1", "tid":"cice"},
{"name":"ModelAdvance", "ph":"E", "ts":"1262478968", "pid":"1", "tid":"cice"},
{"name":"ModelAdvance", "ph":"B", "ts":"1262651648", "pid":"1", "tid":"cice"},
{"name":"ModelAdvance", "ph":"E", "ts":"1263119399", "pid":"1", "tid":"cice"},
{"name":"ModelAdvance", "ph":"B", "ts":"1263316543", "pid":"1", "tid":"cice"},
{"name":"ModelAdvance", "ph":"E", "ts":"1263786127", "pid":"1", "tid":"cice"},
{"name":"ModelAdvance", "ph":"B", "ts":"1264001029", "pid":"1", "tid":"cice"},
{"name":"ModelAdvance", "ph":"E", "ts":"1264471751", "pid":"1", "tid":"cice"},
{"name":"ModelAdvance", "ph":"B", "ts":"1264700117", "pid":"1", "tid":"cice"},
{"name":"ModelAdvance", "ph":"E", "ts":"1265165741", "pid":"1", "tid":"cice"},
{"name":"ModelAdvance", "ph":"B", "ts":"1265338553", "pid":"1", "tid":"cice"},
{"name":"ModelAdvance", "ph":"E", "ts":"1265806568", "pid":"1", "tid":"cice"},
{"name":"ModelAdvance", "ph":"B", "ts":"1266613611", "pid":"1", "tid":"cice"},
{"name":"ModelAdvance", "ph":"E", "ts":"1267088315", "pid":"1", "tid":"cice"},
{"name":"ModelAdvance", "ph":"B", "ts":"1267230011", "pid":"1", "tid":"cice"},
{"name":"ModelAdvance", "ph":"E", "ts":"1267698103", "pid":"1", "tid":"cice"},
{"name":"ModelAdvance", "ph":"B", "ts":"1267913004", "pid":"1", "tid":"cice"},
{"name":"ModelAdvance", "ph":"E", "ts":"1268375663", "pid":"1", "tid":"cice"},
{"name":"ModelAdvance", "ph":"B", "ts":"1268554858", "pid":"1", "tid":"cice"},
{"name":"ModelAdvance", "ph":"E", "ts":"1269020709", "pid":"1", "tid":"cice"},
{"name":"ModelAdvance", "ph":"B", "ts":"1269214746", "pid":"1", "tid":"cice"},
{"name":"ModelAdvance", "ph":"E", "ts":"1269676593", "pid":"1", "tid":"cice"},
{"name":"ModelAdvance", "ph":"B", "ts":"1269898273", "pid":"1", "tid":"cice"},
{"name":"ModelAdvance", "ph":"E", "ts":"1270363353", "pid":"1", "tid":"cice"},
{"name":"ModelAdvance", "ph":"B", "ts":"1270507565", "pid":"1", "tid":"cice"},
{"name":"ModelAdvance", "ph":"E", "ts":"1270975464", "pid":"1", "tid":"cice"},
{"name":"ModelAdvance", "ph":"B", "ts":"1271130265", "pid":"1", "tid":"cice"},
{"name":"ModelAdvance", "ph":"E", "ts":"1271600173", "pid":"1", "tid":"cice"},
{"name":"ModelAdvance", "ph":"B", "ts":"1271760823", "pid":"1", "tid":"cice"},
{"name":"ModelAdvance", "ph":"E", "ts":"1272232328", "pid":"1", "tid":"cice"},
{"name":"ModelAdvance", "ph":"B", "ts":"1272443206", "pid":"1", "tid":"cice"},
{"name":"ModelAdvance", "ph":"E", "ts":"1272915155", "pid":"1", "tid":"cice"},
{"name":"ModelAdvance", "ph":"B", "ts":"1273071183", "pid":"1", "tid":"cice"},
{"name":"ModelAdvance", "ph":"E", "ts":"1273534197", "pid":"1", "tid":"cice"},
{"name":"ModelAdvance", "ph":"B", "ts":"1273721381", "pid":"1", "tid":"cice"},
{"name":"ModelAdvance", "ph":"E", "ts":"1274196260", "pid":"1", "tid":"cice"},
{"name":"ModelAdvance", "ph":"B", "ts":"1274342865", "pid":"1", "tid":"cice"},
{"name":"ModelAdvance", "ph":"E", "ts":"1274811597", "pid":"1", "tid":"cice"},
{"name":"ModelAdvance", "ph":"B", "ts":"1274983541", "pid":"1", "tid":"cice"},
{"name":"ModelAdvance", "ph":"E", "ts":"1275445695", "pid":"1", "tid":"cice"},
{"name":"ModelAdvance", "ph":"B", "ts":"1275606160", "pid":"1", "tid":"cice"},
{"name":"ModelAdvance", "ph":"E", "ts":"1276073198", "pid":"1", "tid":"cice"},
{"name":"ModelAdvance", "ph":"B", "ts":"1276221195", "pid":"1", "tid":"cice"},
{"name":"ModelAdvance", "ph":"E", "ts":"1276680020", "pid":"1", "tid":"cice"},
{"name":"ModelAdvance", "ph":"B", "ts":"1276845869", "pid":"1", "tid":"cice"},
{"name":"ModelAdvance", "ph":"E", "ts":"1277309786", "pid":"1", "tid":"cice"},
{"name":"ModelAdvance", "ph":"B", "ts":"1277506269", "pid":"1", "tid":"cice"},
{"name":"ModelAdvance", "ph":"E", "ts":"1277976115", "pid":"1", "tid":"cice"},
{"name":"ModelAdvance", "ph":"B", "ts":"1278155651", "pid":"1", "tid":"cice"},
{"name":"ModelAdvance", "ph":"E", "ts":"1278626427", "pid":"1", "tid":"cice"},
{"name":"ModelAdvance", "ph":"B", "ts":"1278831775", "pid":"1", "tid":"cice"},
{"name":"ModelAdvance", "ph":"E", "ts":"1279298724", "pid":"1", "tid":"cice"},
{"name":"ModelAdvance", "ph":"B", "ts":"1279440558", "pid":"1", "tid":"cice"},
{"name":"ModelAdvance", "ph":"E", "ts":"1279911042", "pid":"1", "tid":"cice"},
{"name":"ModelAdvance", "ph":"B", "ts":"1280086565", "pid":"1", "tid":"cice"},
{"name":"ModelAdvance", "ph":"E", "ts":"1280548367", "pid":"1", "tid":"cice"},
{"name":"ModelAdvance", "ph":"B", "ts":"1280733939", "pid":"1", "tid":"cice"},
{"name":"ModelAdvance", "ph":"E", "ts":"1281304048", "pid":"1", "tid":"cice"},
{"name":"ModelAdvance", "ph":"B", "ts":"1281400444", "pid":"1", "tid":"cice"},
{"name":"ModelAdvance", "ph":"E", "ts":"1281870327", "pid":"1", "tid":"cice"},
{"name":"ModelAdvance", "ph":"B", "ts":"1282690546", "pid":"1", "tid":"cice"},
{"name":"ModelAdvance", "ph":"E", "ts":"1283167482", "pid":"1", "tid":"cice"},
{"name":"ModelAdvance", "ph":"B", "ts":"1283313933", "pid":"1", "tid":"cice"},
{"name":"ModelAdvance", "ph":"E", "ts":"1283774954", "pid":"1", "tid":"cice"},
{"name":"ModelAdvance", "ph":"B", "ts":"1283945563", "pid":"1", "tid":"cice"},
{"name":"ModelAdvance", "ph":"E", "ts":"1284408665", "pid":"1", "tid":"cice"},
{"name":"ModelAdvance", "ph":"B", "ts":"1284582670", "pid":"1", "tid":"cice"},
{"name":"ModelAdvance", "ph":"E", "ts":"1285041966", "pid":"1", "tid":"cice"},
{"name":"ModelAdvance", "ph":"B", "ts":"1285176450", "pid":"1", "tid":"cice"},
{"name":"ModelAdvance", "ph":"E", "ts":"1285649712", "pid":"1", "tid":"cice"},
{"name":"ModelAdvance", "ph":"B", "ts":"1285803778", "pid":"1", "tid":"cice"},
{"name":"ModelAdvance", "ph":"E", "ts":"1286272138", "pid":"1", "tid":"cice"},
{"name":"ModelAdvance", "ph":"B", "ts":"1286434582", "pid":"1", "tid":"cice"},
{"name":"ModelAdvance", "ph":"E", "ts":"1286904873", "pid":"1", "tid":"cice"},
{"name":"ModelAdvance", "ph":"B", "ts":"1287031952", "pid":"1", "tid":"cice"},
{"name":"ModelAdvance", "ph":"E", "ts":"1287502823", "pid":"1", "tid":"cice"},
{"name":"ModelAdvance", "ph":"B", "ts":"1287631377", "pid":"1", "tid":"cice"},
{"name":"ModelAdvance", "ph":"E", "ts":"1288101126", "pid":"1", "tid":"cice"},
{"name":"ModelAdvance", "ph":"B", "ts":"1288232131", "pid":"1", "tid":"cice"},
{"name":"ModelAdvance", "ph":"E", "ts":"1288699164", "pid":"1", "tid":"cice"},
{"name":"ModelAdvance", "ph":"B", "ts":"1288837313", "pid":"1", "tid":"cice"},
{"name":"ModelAdvance", "ph":"E", "ts":"1289308274", "pid":"1", "tid":"cice"},
{"name":"ModelAdvance", "ph":"B", "ts":"1289442885", "pid":"1", "tid":"cice"},
{"name":"ModelAdvance", "ph":"E", "ts":"1289911311", "pid":"1", "tid":"cice"},
{"name":"ModelAdvance", "ph":"B", "ts":"1290031122", "pid":"1", "tid":"cice"},
{"name":"ModelAdvance", "ph":"E", "ts":"1290509950", "pid":"1", "tid":"cice"},
{"name":"ModelAdvance", "ph":"B", "ts":"1290638993", "pid":"1", "tid":"cice"},
{"name":"ModelAdvance", "ph":"E", "ts":"1291098926", "pid":"1", "tid":"cice"},
{"name":"ModelAdvance", "ph":"B", "ts":"1291236828", "pid":"1", "tid":"cice"},
{"name":"ModelAdvance", "ph":"E", "ts":"1291701112", "pid":"1", "tid":"cice"},
{"name":"ModelAdvance", "ph":"B", "ts":"1291824284", "pid":"1", "tid":"cice"},
{"name":"ModelAdvance", "ph":"E", "ts":"1292291110", "pid":"1", "tid":"cice"},
{"name":"ModelAdvance", "ph":"B", "ts":"1292421532", "pid":"1", "tid":"cice"},
{"name":"ModelAdvance", "ph":"E", "ts":"1292902801", "pid":"1", "tid":"cice"},
{"name":"ModelAdvance", "ph":"B", "ts":"1293020831", "pid":"1", "tid":"cice"},
{"name":"ModelAdvance", "ph":"E", "ts":"1293512752", "pid":"1", "tid":"cice"},
{"name":"ModelAdvance", "ph":"B", "ts":"1293641232", "pid":"1", "tid":"cice"},
{"name":"ModelAdvance", "ph":"E", "ts":"1294107013", "pid":"1", "tid":"cice"},
{"name":"ModelAdvance", "ph":"B", "ts":"1294237092", "pid":"1", "tid":"cice"},
{"name":"ModelAdvance", "ph":"E", "ts":"1294708182", "pid":"1", "tid":"cice"},
{"name":"ModelAdvance", "ph":"B", "ts":"1294828371", "pid":"1", "tid":"cice"},
{"name":"ModelAdvance", "ph":"E", "ts":"1295306358", "pid":"1", "tid":"cice"},
{"name":"ModelAdvance", "ph":"B", "ts":"1295423955", "pid":"1", "tid":"cice"},
{"name":"ModelAdvance", "ph":"E", "ts":"1295884693", "pid":"1", "tid":"cice"},
{"name":"ModelAdvance", "ph":"B", "ts":"1296022573", "pid":"1", "tid":"cice"},
{"name":"ModelAdvance", "ph":"E", "ts":"1296504846", "pid":"1", "tid":"cice"},
{"name":"ModelAdvance", "ph":"B", "ts":"1296829876", "pid":"1", "tid":"cice"},
{"name":"ModelAdvance", "ph":"E", "ts":"1297305234", "pid":"1", "tid":"cice"},
{"name":"ModelAdvance", "ph":"B", "ts":"1298084331", "pid":"1", "tid":"cice"},
{"name":"ModelAdvance", "ph":"E", "ts":"1298566491", "pid":"1", "tid":"cice"},
{"name":"ModelAdvance", "ph":"B", "ts":"1298686082", "pid":"1", "tid":"cice"},
{"name":"ModelAdvance", "ph":"E", "ts":"1299156014", "pid":"1", "tid":"cice"},
{"name":"ModelAdvance", "ph":"B", "ts":"1299277281", "pid":"1", "tid":"cice"},
{"name":"ModelAdvance", "ph":"E", "ts":"1299747656", "pid":"1", "tid":"cice"},
{"name":"ModelAdvance", "ph":"B", "ts":"1299875300", "pid":"1", "tid":"cice"},
{"name":"ModelAdvance", "ph":"E", "ts":"1300334218", "pid":"1", "tid":"cice"},
{"name":"ModelAdvance", "ph":"B", "ts":"1300473880", "pid":"1", "tid":"cice"},
{"name":"ModelAdvance", "ph":"E", "ts":"1300948297", "pid":"1", "tid":"cice"},
{"name":"ModelAdvance", "ph":"B", "ts":"1301060424", "pid":"1", "tid":"cice"},
{"name":"ModelAdvance", "ph":"E", "ts":"1301539253", "pid":"1", "tid":"cice"},
{"name":"ModelAdvance", "ph":"B", "ts":"1301660017", "pid":"1", "tid":"cice"},
{"name":"ModelAdvance", "ph":"E", "ts":"1302141057", "pid":"1", "tid":"cice"},
{"name":"ModelAdvance", "ph":"B", "ts":"1302256362", "pid":"1", "tid":"cice"},
{"name":"ModelAdvance", "ph":"E", "ts":"1302734478", "pid":"1", "tid":"cice"},
{"name":"ModelAdvance", "ph":"B", "ts":"1302857012", "pid":"1", "tid":"cice"},
{"name":"ModelAdvance", "ph":"E", "ts":"1303327468", "pid":"1", "tid":"cice"},
{"name":"ModelAdvance", "ph":"B", "ts":"1303457875", "pid":"1", "tid":"cice"},
{"name":"ModelAdvance", "ph":"E", "ts":"1303929308", "pid":"1", "tid":"cice"},
{"name":"ModelAdvance", "ph":"B", "ts":"1304057095", "pid":"1", "tid":"cice"},
{"name":"ModelAdvance", "ph":"E", "ts":"1304526859", "pid":"1", "tid":"cice"},
{"name":"ModelAdvance", "ph":"B", "ts":"1304659380", "pid":"1", "tid":"cice"},
{"name":"ModelAdvance", "ph":"E", "ts":"1305131787", "pid":"1", "tid":"cice"},
{"name":"ModelAdvance", "ph":"B", "ts":"1305257489", "pid":"1", "tid":"cice"},
{"name":"ModelAdvance", "ph":"E", "ts":"1305726601", "pid":"1", "tid":"cice"},
{"name":"ModelAdvance", "ph":"B", "ts":"1305852895", "pid":"1", "tid":"cice"},
{"name":"ModelAdvance", "ph":"E", "ts":"1306335942", "pid":"1", "tid":"cice"},
{"name":"ModelAdvance", "ph":"B", "ts":"1306462615", "pid":"1", "tid":"cice"},
{"name":"ModelAdvance", "ph":"E", "ts":"1306936947", "pid":"1", "tid":"cice"},
{"name":"ModelAdvance", "ph":"B", "ts":"1307059893", "pid":"1", "tid":"cice"},
{"name":"ModelAdvance", "ph":"E", "ts":"1307526496", "pid":"1", "tid":"cice"},
{"name":"ModelAdvance", "ph":"B", "ts":"1307652043", "pid":"1", "tid":"cice"},
{"name":"ModelAdvance", "ph":"E", "ts":"1308125544", "pid":"1", "tid":"cice"},
{"name":"ModelAdvance", "ph":"B", "ts":"1308253853", "pid":"1", "tid":"cice"},
{"name":"ModelAdvance", "ph":"E", "ts":"1308718449", "pid":"1", "tid":"cice"},
{"name":"ModelAdvance", "ph":"B", "ts":"1308849051", "pid":"1", "tid":"cice"},
{"name":"ModelAdvance", "ph":"E", "ts":"1309313809", "pid":"1", "tid":"cice"},
{"name":"ModelAdvance", "ph":"B", "ts":"1309441010", "pid":"1", "tid":"cice"},
{"name":"ModelAdvance", "ph":"E", "ts":"1309914837", "pid":"1", "tid":"cice"},
{"name":"ModelAdvance", "ph":"B", "ts":"1310039228", "pid":"1", "tid":"cice"},
{"name":"ModelAdvance", "ph":"E", "ts":"1310504243", "pid":"1", "tid":"cice"},
{"name":"ModelAdvance", "ph":"B", "ts":"1310624791", "pid":"1", "tid":"cice"},
{"name":"ModelAdvance", "ph":"E", "ts":"1311097550", "pid":"1", "tid":"cice"},
{"name":"ModelAdvance", "ph":"B", "ts":"1311225040", "pid":"1", "tid":"cice"},
{"name":"ModelAdvance", "ph":"E", "ts":"1311707211", "pid":"1", "tid":"cice"},
{"name":"ModelAdvance", "ph":"B", "ts":"1312114131", "pid":"1", "tid":"cice"},
{"name":"ModelAdvance", "ph":"E", "ts":"1312578117", "pid":"1", "tid":"cice"},
{"name":"ModelAdvance", "ph":"B", "ts":"1313342910", "pid":"1", "tid":"cice"},
{"name":"ModelAdvance", "ph":"E", "ts":"1313816696", "pid":"1", "tid":"cice"},
{"name":"ModelAdvance", "ph":"B", "ts":"1313931578", "pid":"1", "tid":"cice"},
{"name":"ModelAdvance", "ph":"E", "ts":"1314399985", "pid":"1", "tid":"cice"},
{"name":"ModelAdvance", "ph":"B", "ts":"1314528075", "pid":"1", "tid":"cice"},
{"name":"ModelAdvance", "ph":"E", "ts":"1314995193", "pid":"1", "tid":"cice"},
{"name":"ModelAdvance", "ph":"B", "ts":"1315130602", "pid":"1", "tid":"cice"},
{"name":"ModelAdvance", "ph":"E", "ts":"1315598655", "pid":"1", "tid":"cice"},
{"name":"ModelAdvance", "ph":"B", "ts":"1315715554", "pid":"1", "tid":"cice"},
{"name":"ModelAdvance", "ph":"E", "ts":"1316191754", "pid":"1", "tid":"cice"},
{"name":"ModelAdvance", "ph":"B", "ts":"1316314223", "pid":"1", "tid":"cice"},
{"name":"ModelAdvance", "ph":"E", "ts":"1316789809", "pid":"1", "tid":"cice"},
{"name":"ModelAdvance", "ph":"B", "ts":"1316917244", "pid":"1", "tid":"cice"},
{"name":"ModelAdvance", "ph":"E", "ts":"1317394495", "pid":"1", "tid":"cice"},
{"name":"ModelAdvance", "ph":"B", "ts":"1317519798", "pid":"1", "tid":"cice"},
{"name":"ModelAdvance", "ph":"E", "ts":"1317984931", "pid":"1", "tid":"cice"},
{"name":"ModelAdvance", "ph":"B", "ts":"1318114975", "pid":"1", "tid":"cice"},
{"name":"ModelAdvance", "ph":"E", "ts":"1318580111", "pid":"1", "tid":"cice"},
{"name":"ModelAdvance", "ph":"B", "ts":"1318705458", "pid":"1", "tid":"cice"},
{"name":"ModelAdvance", "ph":"E", "ts":"1319178654", "pid":"1", "tid":"cice"},
{"name":"ModelAdvance", "ph":"B", "ts":"1319296472", "pid":"1", "tid":"cice"},
{"name":"ModelAdvance", "ph":"E", "ts":"1319769301", "pid":"1", "tid":"cice"},
{"name":"ModelAdvance", "ph":"B", "ts":"1319909279", "pid":"1", "tid":"cice"},
{"name":"ModelAdvance", "ph":"E", "ts":"1320380149", "pid":"1", "tid":"cice"},
{"name":"ModelAdvance", "ph":"B", "ts":"1320505554", "pid":"1", "tid":"cice"},
{"name":"ModelAdvance", "ph":"E", "ts":"1320980611", "pid":"1", "tid":"cice"},
{"name":"ModelAdvance", "ph":"B", "ts":"1321102672", "pid":"1", "tid":"cice"},
{"name":"ModelAdvance", "ph":"E", "ts":"1321592249", "pid":"1", "tid":"cice"},
{"name":"ModelAdvance", "ph":"B", "ts":"1321715873", "pid":"1", "tid":"cice"},
{"name":"ModelAdvance", "ph":"E", "ts":"1322183383", "pid":"1", "tid":"cice"},
{"name":"ModelAdvance", "ph":"B", "ts":"1322317830", "pid":"1", "tid":"cice"},
{"name":"ModelAdvance", "ph":"E", "ts":"1322779743", "pid":"1", "tid":"cice"},
{"name":"ModelAdvance", "ph":"B", "ts":"1322936815", "pid":"1", "tid":"cice"},
{"name":"ModelAdvance", "ph":"E", "ts":"1323404363", "pid":"1", "tid":"cice"},
{"name":"ModelAdvance", "ph":"B", "ts":"1323536616", "pid":"1", "tid":"cice"},
{"name":"ModelAdvance", "ph":"E", "ts":"1324006536", "pid":"1", "tid":"cice"},
{"name":"ModelAdvance", "ph":"B", "ts":"1324119164", "pid":"1", "tid":"cice"},
{"name":"ModelAdvance", "ph":"E", "ts":"1324593637", "pid":"1", "tid":"cice"},
{"name":"ModelAdvance", "ph":"B", "ts":"1324731205", "pid":"1", "tid":"cice"},
{"name":"ModelAdvance", "ph":"E", "ts":"1325210572", "pid":"1", "tid":"cice"},
{"name":"ModelAdvance", "ph":"B", "ts":"1325339346", "pid":"1", "tid":"cice"},
{"name":"ModelAdvance", "ph":"E", "ts":"1325815566", "pid":"1", "tid":"cice"},
{"name":"ModelAdvance", "ph":"B", "ts":"1325929021", "pid":"1", "tid":"cice"},
{"name":"ModelAdvance", "ph":"E", "ts":"1326396873", "pid":"1", "tid":"cice"},
{"name":"ModelAdvance", "ph":"B", "ts":"1326516959", "pid":"1", "tid":"cice"},
{"name":"ModelAdvance", "ph":"E", "ts":"1326993719", "pid":"1", "tid":"cice"},
{"name":"ModelAdvance", "ph":"B", "ts":"1327392583", "pid":"1", "tid":"cice"},
{"name":"ModelAdvance", "ph":"E", "ts":"1327858517", "pid":"1", "tid":"cice"},
{"name":"ModelAdvance", "ph":"B", "ts":"1328663023", "pid":"1", "tid":"cice"},
{"name":"ModelAdvance", "ph":"E", "ts":"1329132145", "pid":"1", "tid":"cice"},
{"name":"ModelAdvance", "ph":"B", "ts":"1329264469", "pid":"1", "tid":"cice"},
{"name":"ModelAdvance", "ph":"E", "ts":"1329727507", "pid":"1", "tid":"cice"},
{"name":"ModelAdvance", "ph":"B", "ts":"1329859948", "pid":"1", "tid":"cice"},
{"name":"ModelAdvance", "ph":"E", "ts":"1330342177", "pid":"1", "tid":"cice"},
{"name":"ModelAdvance", "ph":"B", "ts":"1330454590", "pid":"1", "tid":"cice"},
{"name":"ModelAdvance", "ph":"E", "ts":"1330925334", "pid":"1", "tid":"cice"},
{"name":"ModelAdvance", "ph":"B", "ts":"1331046712", "pid":"1", "tid":"cice"},
{"name":"ModelAdvance", "ph":"E", "ts":"1331515294", "pid":"1", "tid":"cice"},
{"name":"ModelAdvance", "ph":"B", "ts":"1331658822", "pid":"1", "tid":"cice"},
{"name":"ModelAdvance", "ph":"E", "ts":"1332138415", "pid":"1", "tid":"cice"},
{"name":"ModelAdvance", "ph":"B", "ts":"1332252532", "pid":"1", "tid":"cice"},
{"name":"ModelAdvance", "ph":"E", "ts":"1332721323", "pid":"1", "tid":"cice"},
{"name":"ModelAdvance", "ph":"B", "ts":"1332849452", "pid":"1", "tid":"cice"},
{"name":"ModelAdvance", "ph":"E", "ts":"1333318277", "pid":"1", "tid":"cice"},
{"name":"ModelAdvance", "ph":"B", "ts":"1333439023", "pid":"1", "tid":"cice"},
{"name":"ModelAdvance", "ph":"E", "ts":"1333909035", "pid":"1", "tid":"cice"},
{"name":"ModelAdvance", "ph":"B", "ts":"1334035660", "pid":"1", "tid":"cice"},
{"name":"ModelAdvance", "ph":"E", "ts":"1334512784", "pid":"1", "tid":"cice"},
{"name":"ModelAdvance", "ph":"B", "ts":"1334621533", "pid":"1", "tid":"cice"},
{"name":"ModelAdvance", "ph":"E", "ts":"1335102595", "pid":"1", "tid":"cice"},
{"name":"ModelAdvance", "ph":"B", "ts":"1335223189", "pid":"1", "tid":"cice"},
{"name":"ModelAdvance", "ph":"E", "ts":"1335696470", "pid":"1", "tid":"cice"},
{"name":"ModelAdvance", "ph":"B", "ts":"1335806227", "pid":"1", "tid":"cice"},
{"name":"ModelAdvance", "ph":"E", "ts":"1336280736", "pid":"1", "tid":"cice"},
{"name":"ModelAdvance", "ph":"B", "ts":"1336420386", "pid":"1", "tid":"cice"},
{"name":"ModelAdvance", "ph":"E", "ts":"1336893998", "pid":"1", "tid":"cice"},
{"name":"ModelAdvance", "ph":"B", "ts":"1337009138", "pid":"1", "tid":"cice"},
{"name":"ModelAdvance", "ph":"E", "ts":"1337491873", "pid":"1", "tid":"cice"},
{"name":"ModelAdvance", "ph":"B", "ts":"1337606934", "pid":"1", "tid":"cice"},
{"name":"ModelAdvance", "ph":"E", "ts":"1338075654", "pid":"1", "tid":"cice"},
{"name":"ModelAdvance", "ph":"B", "ts":"1338193641", "pid":"1", "tid":"cice"},
{"name":"ModelAdvance", "ph":"E", "ts":"1338666503", "pid":"1", "tid":"cice"},
{"name":"ModelAdvance", "ph":"B", "ts":"1338783164", "pid":"1", "tid":"cice"},
{"name":"ModelAdvance", "ph":"E", "ts":"1339253171", "pid":"1", "tid":"cice"},
{"name":"ModelAdvance", "ph":"B", "ts":"1339367593", "pid":"1", "tid":"cice"},
{"name":"ModelAdvance", "ph":"E", "ts":"1339841901", "pid":"1", "tid":"cice"},
{"name":"ModelAdvance", "ph":"B", "ts":"1339949987", "pid":"1", "tid":"cice"},
{"name":"ModelAdvance", "ph":"E", "ts":"1340421562", "pid":"1", "tid":"cice"},
{"name":"ModelAdvance", "ph":"B", "ts":"1340548642", "pid":"1", "tid":"cice"},
{"name":"ModelAdvance", "ph":"E", "ts":"1341031896", "pid":"1", "tid":"cice"},
{"name":"ModelAdvance", "ph":"B", "ts":"1341150312", "pid":"1", "tid":"cice"},
{"name":"ModelAdvance", "ph":"E", "ts":"1341623391", "pid":"1", "tid":"cice"},
{"name":"ModelAdvance", "ph":"B", "ts":"1341752817", "pid":"1", "tid":"cice"},
{"name":"ModelAdvance", "ph":"E", "ts":"1342212938", "pid":"1", "tid":"cice"},
{"name":"ModelAdvance", "ph":"B", "ts":"1342658793", "pid":"1", "tid":"cice"},
{"name":"ModelAdvance", "ph":"E", "ts":"1343139103", "pid":"1", "tid":"cice"},
{"name":"ModelAdvance", "ph":"B", "ts":"1343972442", "pid":"1", "tid":"cice"},
{"name":"ModelAdvance", "ph":"E", "ts":"1344442112", "pid":"1", "tid":"cice"},
{"name":"ModelAdvance", "ph":"B", "ts":"1344559645", "pid":"1", "tid":"cice"},
{"name":"ModelAdvance", "ph":"E", "ts":"1345027651", "pid":"1", "tid":"cice"},
{"name":"ModelAdvance", "ph":"B", "ts":"1345159156", "pid":"1", "tid":"cice"},
{"name":"ModelAdvance", "ph":"E", "ts":"1345633283", "pid":"1", "tid":"cice"},
{"name":"ModelAdvance", "ph":"B", "ts":"1345739393", "pid":"1", "tid":"cice"},
{"name":"ModelAdvance", "ph":"E", "ts":"1346205188", "pid":"1", "tid":"cice"},
{"name":"ModelAdvance", "ph":"B", "ts":"1346325420", "pid":"1", "tid":"cice"},
{"name":"ModelAdvance", "ph":"E", "ts":"1346807249", "pid":"1", "tid":"cice"},
{"name":"ModelAdvance", "ph":"B", "ts":"1346911260", "pid":"1", "tid":"cice"},
{"name":"ModelAdvance", "ph":"E", "ts":"1347386920", "pid":"1", "tid":"cice"},
{"name":"ModelAdvance", "ph":"B", "ts":"1347497044", "pid":"1", "tid":"cice"},
{"name":"ModelAdvance", "ph":"E", "ts":"1347975885", "pid":"1", "tid":"cice"},
{"name":"ModelAdvance", "ph":"B", "ts":"1348094971", "pid":"1", "tid":"cice"},
{"name":"ModelAdvance", "ph":"E", "ts":"1348575020", "pid":"1", "tid":"cice"},
{"name":"ModelAdvance", "ph":"B", "ts":"1348699091", "pid":"1", "tid":"cice"},
{"name":"ModelAdvance", "ph":"E", "ts":"1349165959", "pid":"1", "tid":"cice"},
{"name":"ModelAdvance", "ph":"B", "ts":"1349283637", "pid":"1", "tid":"cice"},
{"name":"ModelAdvance", "ph":"E", "ts":"1349757147", "pid":"1", "tid":"cice"},
{"name":"ModelAdvance", "ph":"B", "ts":"1349873693", "pid":"1", "tid":"cice"},
{"name":"ModelAdvance", "ph":"E", "ts":"1350346642", "pid":"1", "tid":"cice"},
{"name":"ModelAdvance", "ph":"B", "ts":"1350481550", "pid":"1", "tid":"cice"},
{"name":"ModelAdvance", "ph":"E", "ts":"1350974413", "pid":"1", "tid":"cice"},
{"name":"ModelAdvance", "ph":"B", "ts":"1351086736", "pid":"1", "tid":"cice"},
{"name":"ModelAdvance", "ph":"E", "ts":"1351561157", "pid":"1", "tid":"cice"},
{"name":"ModelAdvance", "ph":"B", "ts":"1351673717", "pid":"1", "tid":"cice"},
{"name":"ModelAdvance", "ph":"E", "ts":"1352144168", "pid":"1", "tid":"cice"},
{"name":"ModelAdvance", "ph":"B", "ts":"1352262690", "pid":"1", "tid":"cice"},
{"name":"ModelAdvance", "ph":"E", "ts":"1352742306", "pid":"1", "tid":"cice"},
{"name":"ModelAdvance", "ph":"B", "ts":"1352857168", "pid":"1", "tid":"cice"},
{"name":"ModelAdvance", "ph":"E", "ts":"1353327525", "pid":"1", "tid":"cice"},
{"name":"ModelAdvance", "ph":"B", "ts":"1353438530", "pid":"1", "tid":"cice"},
{"name":"ModelAdvance", "ph":"E", "ts":"1353922825", "pid":"1", "tid":"cice"},
{"name":"ModelAdvance", "ph":"B", "ts":"1354037848", "pid":"1", "tid":"cice"},
{"name":"ModelAdvance", "ph":"E", "ts":"1354508536", "pid":"1", "tid":"cice"},
{"name":"ModelAdvance", "ph":"B", "ts":"1354631292", "pid":"1", "tid":"cice"},
{"name":"ModelAdvance", "ph":"E", "ts":"1355099190", "pid":"1", "tid":"cice"},
{"name":"ModelAdvance", "ph":"B", "ts":"1355227491", "pid":"1", "tid":"cice"},
{"name":"ModelAdvance", "ph":"E", "ts":"1355691308", "pid":"1", "tid":"cice"},
{"name":"ModelAdvance", "ph":"B", "ts":"1355805799", "pid":"1", "tid":"cice"},
{"name":"ModelAdvance", "ph":"E", "ts":"1356277521", "pid":"1", "tid":"cice"},
{"name":"ModelAdvance", "ph":"B", "ts":"1356400049", "pid":"1", "tid":"cice"},
{"name":"ModelAdvance", "ph":"E", "ts":"1356858633", "pid":"1", "tid":"cice"},
{"name":"ModelAdvance", "ph":"B", "ts":"1356991893", "pid":"1", "tid":"cice"},
{"name":"ModelAdvance", "ph":"E", "ts":"1357459097", "pid":"1", "tid":"cice"},
{"name":"ModelAdvance", "ph":"B", "ts":"1357984518", "pid":"1", "tid":"cice"},
{"name":"ModelAdvance", "ph":"E", "ts":"1358461743", "pid":"1", "tid":"cice"},
{"name":"ModelAdvance", "ph":"B", "ts":"1359298993", "pid":"1", "tid":"cice"},
{"name":"ModelAdvance", "ph":"E", "ts":"1359779297", "pid":"1", "tid":"cice"},
{"name":"ModelAdvance", "ph":"B", "ts":"1359890169", "pid":"1", "tid":"cice"},
{"name":"ModelAdvance", "ph":"E", "ts":"1360355052", "pid":"1", "tid":"cice"},
{"name":"ModelAdvance", "ph":"B", "ts":"1360476925", "pid":"1", "tid":"cice"},
{"name":"ModelAdvance", "ph":"E", "ts":"1360946557", "pid":"1", "tid":"cice"},
{"name":"ModelAdvance", "ph":"B", "ts":"1361068038", "pid":"1", "tid":"cice"},
{"name":"ModelAdvance", "ph":"E", "ts":"1361538817", "pid":"1", "tid":"cice"},
{"name":"ModelAdvance", "ph":"B", "ts":"1361654422", "pid":"1", "tid":"cice"},
{"name":"ModelAdvance", "ph":"E", "ts":"1362138749", "pid":"1", "tid":"cice"},
{"name":"ModelAdvance", "ph":"B", "ts":"1362240414", "pid":"1", "tid":"cice"},
{"name":"ModelAdvance", "ph":"E", "ts":"1362709988", "pid":"1", "tid":"cice"},
{"name":"ModelAdvance", "ph":"B", "ts":"1362827685", "pid":"1", "tid":"cice"},
{"name":"ModelAdvance", "ph":"E", "ts":"1363299772", "pid":"1", "tid":"cice"},
{"name":"ModelAdvance", "ph":"B", "ts":"1363415530", "pid":"1", "tid":"cice"},
{"name":"ModelAdvance", "ph":"E", "ts":"1363888488", "pid":"1", "tid":"cice"},
{"name":"ModelAdvance", "ph":"B", "ts":"1364004622", "pid":"1", "tid":"cice"},
{"name":"ModelAdvance", "ph":"E", "ts":"1364476313", "pid":"1", "tid":"cice"},
{"name":"ModelAdvance", "ph":"B", "ts":"1364604677", "pid":"1", "tid":"cice"},
{"name":"ModelAdvance", "ph":"E", "ts":"1365081705", "pid":"1", "tid":"cice"},
{"name":"ModelAdvance", "ph":"B", "ts":"1365202116", "pid":"1", "tid":"cice"},
{"name":"ModelAdvance", "ph":"E", "ts":"1365677709", "pid":"1", "tid":"cice"},
{"name":"ModelAdvance", "ph":"B", "ts":"1365812917", "pid":"1", "tid":"cice"},
{"name":"ModelAdvance", "ph":"E", "ts":"1366288450", "pid":"1", "tid":"cice"},
{"name":"ModelAdvance", "ph":"B", "ts":"1366404011", "pid":"1", "tid":"cice"},
{"name":"ModelAdvance", "ph":"E", "ts":"1366877261", "pid":"1", "tid":"cice"},
{"name":"ModelAdvance", "ph":"B", "ts":"1366991511", "pid":"1", "tid":"cice"},
{"name":"ModelAdvance", "ph":"E", "ts":"1367463680", "pid":"1", "tid":"cice"},
{"name":"ModelAdvance", "ph":"B", "ts":"1367585040", "pid":"1", "tid":"cice"},
{"name":"ModelAdvance", "ph":"E", "ts":"1368056784", "pid":"1", "tid":"cice"},
{"name":"ModelAdvance", "ph":"B", "ts":"1368179949", "pid":"1", "tid":"cice"},
{"name":"ModelAdvance", "ph":"E", "ts":"1368663341", "pid":"1", "tid":"cice"},
{"name":"ModelAdvance", "ph":"B", "ts":"1368762335", "pid":"1", "tid":"cice"},
{"name":"ModelAdvance", "ph":"E", "ts":"1369243608", "pid":"1", "tid":"cice"},
{"name":"ModelAdvance", "ph":"B", "ts":"1369407315", "pid":"1", "tid":"cice"},
{"name":"ModelAdvance", "ph":"E", "ts":"1369880558", "pid":"1", "tid":"cice"},
{"name":"ModelAdvance", "ph":"B", "ts":"1370005941", "pid":"1", "tid":"cice"},
{"name":"ModelAdvance", "ph":"E", "ts":"1370471897", "pid":"1", "tid":"cice"},
{"name":"ModelAdvance", "ph":"B", "ts":"1370602821", "pid":"1", "tid":"cice"},
{"name":"ModelAdvance", "ph":"E", "ts":"1371066595", "pid":"1", "tid":"cice"},
{"name":"ModelAdvance", "ph":"B", "ts":"1371186947", "pid":"1", "tid":"cice"},
{"name":"ModelAdvance", "ph":"E", "ts":"1371665618", "pid":"1", "tid":"cice"},
{"name":"ModelAdvance", "ph":"B", "ts":"1371778661", "pid":"1", "tid":"cice"},
{"name":"ModelAdvance", "ph":"E", "ts":"1372246798", "pid":"1", "tid":"cice"},
{"name":"ModelAdvance", "ph":"B", "ts":"1372362899", "pid":"1", "tid":"cice"},
{"name":"ModelAdvance", "ph":"E", "ts":"1372929502", "pid":"1", "tid":"cice"},
{"name":"ModelAdvance", "ph":"B", "ts":"1373361406", "pid":"1", "tid":"cice"},
{"name":"ModelAdvance", "ph":"E", "ts":"1373842419", "pid":"1", "tid":"cice"},
{"name":"ModelAdvance", "ph":"B", "ts":"1374631188", "pid":"1", "tid":"cice"},
{"name":"ModelAdvance", "ph":"E", "ts":"1375109254", "pid":"1", "tid":"cice"},
{"name":"ModelAdvance", "ph":"B", "ts":"1375231899", "pid":"1", "tid":"cice"},
{"name":"ModelAdvance", "ph":"E", "ts":"1375700717", "pid":"1", "tid":"cice"},
{"name":"ModelAdvance", "ph":"B", "ts":"1375826068", "pid":"1", "tid":"cice"},
{"name":"ModelAdvance", "ph":"E", "ts":"1376297893", "pid":"1", "tid":"cice"},
{"name":"ModelAdvance", "ph":"B", "ts":"1376422160", "pid":"1", "tid":"cice"},
{"name":"ModelAdvance", "ph":"E", "ts":"1376898084", "pid":"1", "tid":"cice"},
{"name":"ModelAdvance", "ph":"B", "ts":"1377025680", "pid":"1", "tid":"cice"},
{"name":"ModelAdvance", "ph":"E", "ts":"1377492695", "pid":"1", "tid":"cice"},
{"name":"ModelAdvance", "ph":"B", "ts":"1377623915", "pid":"1", "tid":"cice"},
{"name":"ModelAdvance", "ph":"E", "ts":"1378092474", "pid":"1", "tid":"cice"},
{"name":"ModelAdvance", "ph":"B", "ts":"1378236979", "pid":"1", "tid":"cice"},
{"name":"ModelAdvance", "ph":"E", "ts":"1378698181", "pid":"1", "tid":"cice"},
{"name":"ModelAdvance", "ph":"B", "ts":"1378868574", "pid":"1", "tid":"cice"},
{"name":"ModelAdvance", "ph":"E", "ts":"1379337959", "pid":"1", "tid":"cice"},
{"name":"ModelAdvance", "ph":"B", "ts":"1379451932", "pid":"1", "tid":"cice"},
{"name":"ModelAdvance", "ph":"E", "ts":"1379920361", "pid":"1", "tid":"cice"},
{"name":"ModelAdvance", "ph":"B", "ts":"1380034034", "pid":"1", "tid":"cice"},
{"name":"ModelAdvance", "ph":"E", "ts":"1380503886", "pid":"1", "tid":"cice"},
{"name":"ModelAdvance", "ph":"B", "ts":"1380645082", "pid":"1", "tid":"cice"},
{"name":"ModelAdvance", "ph":"E", "ts":"1381110285", "pid":"1", "tid":"cice"},
{"name":"ModelAdvance", "ph":"B", "ts":"1381247665", "pid":"1", "tid":"cice"},
{"name":"ModelAdvance", "ph":"E", "ts":"1381719155", "pid":"1", "tid":"cice"},
{"name":"ModelAdvance", "ph":"B", "ts":"1381835057", "pid":"1", "tid":"cice"},
{"name":"ModelAdvance", "ph":"E", "ts":"1382311511", "pid":"1", "tid":"cice"},
{"name":"ModelAdvance", "ph":"B", "ts":"1382437137", "pid":"1", "tid":"cice"},
{"name":"ModelAdvance", "ph":"E", "ts":"1382907455", "pid":"1", "tid":"cice"},
{"name":"ModelAdvance", "ph":"B", "ts":"1383024782", "pid":"1", "tid":"cice"},
{"name":"ModelAdvance", "ph":"E", "ts":"1383491971", "pid":"1", "tid":"cice"},
{"name":"ModelAdvance", "ph":"B", "ts":"1383645487", "pid":"1", "tid":"cice"},
{"name":"ModelAdvance", "ph":"E", "ts":"1384111945", "pid":"1", "tid":"cice"},
{"name":"ModelAdvance", "ph":"B", "ts":"1384230968", "pid":"1", "tid":"cice"},
{"name":"ModelAdvance", "ph":"E", "ts":"1384704945", "pid":"1", "tid":"cice"},
{"name":"ModelAdvance", "ph":"B", "ts":"1384827730", "pid":"1", "tid":"cice"},
{"name":"ModelAdvance", "ph":"E", "ts":"1385300477", "pid":"1", "tid":"cice"},
{"name":"ModelAdvance", "ph":"B", "ts":"1385433503", "pid":"1", "tid":"cice"},
{"name":"ModelAdvance", "ph":"E", "ts":"1385912601", "pid":"1", "tid":"cice"},
{"name":"ModelAdvance", "ph":"B", "ts":"1386048976", "pid":"1", "tid":"cice"},
{"name":"ModelAdvance", "ph":"E", "ts":"1386515268", "pid":"1", "tid":"cice"},
{"name":"ModelAdvance", "ph":"B", "ts":"1386642766", "pid":"1", "tid":"cice"},
{"name":"ModelAdvance", "ph":"E", "ts":"1387118307", "pid":"1", "tid":"cice"},
{"name":"ModelAdvance", "ph":"B", "ts":"1387236816", "pid":"1", "tid":"cice"},
{"name":"ModelAdvance", "ph":"E", "ts":"1387712169", "pid":"1", "tid":"cice"},
{"name":"ModelAdvance", "ph":"B", "ts":"1387826159", "pid":"1", "tid":"cice"},
{"name":"ModelAdvance", "ph":"E", "ts":"1388292215", "pid":"1", "tid":"cice"},
{"name":"ModelAdvance", "ph":"B", "ts":"1388750730", "pid":"1", "tid":"cice"},
{"name":"ModelAdvance", "ph":"E", "ts":"1389228957", "pid":"1", "tid":"cice"},
{"name":"ModelAdvance", "ph":"B", "ts":"1389958329", "pid":"1", "tid":"cice"},
{"name":"ModelAdvance", "ph":"E", "ts":"1390434599", "pid":"1", "tid":"cice"},
{"name":"ModelAdvance", "ph":"B", "ts":"1390580611", "pid":"1", "tid":"cice"},
{"name":"ModelAdvance", "ph":"E", "ts":"1391059294", "pid":"1", "tid":"cice"},
{"name":"ModelAdvance", "ph":"B", "ts":"1391179503", "pid":"1", "tid":"cice"},
{"name":"ModelAdvance", "ph":"E", "ts":"1391647453", "pid":"1", "tid":"cice"},
{"name":"ModelAdvance", "ph":"B", "ts":"1391778534", "pid":"1", "tid":"cice"},
{"name":"ModelAdvance", "ph":"E", "ts":"1392244958", "pid":"1", "tid":"cice"},
{"name":"ModelAdvance", "ph":"B", "ts":"1392378281", "pid":"1", "tid":"cice"},
{"name":"ModelAdvance", "ph":"E", "ts":"1392850377", "pid":"1", "tid":"cice"},
{"name":"ModelAdvance", "ph":"B", "ts":"1392982785", "pid":"1", "tid":"cice"},
{"name":"ModelAdvance", "ph":"E", "ts":"1393458888", "pid":"1", "tid":"cice"},
{"name":"ModelAdvance", "ph":"B", "ts":"1393600207", "pid":"1", "tid":"cice"},
{"name":"ModelAdvance", "ph":"E", "ts":"1394066845", "pid":"1", "tid":"cice"},
{"name":"ModelAdvance", "ph":"B", "ts":"1394214459", "pid":"1", "tid":"cice"},
{"name":"ModelAdvance", "ph":"E", "ts":"1394689548", "pid":"1", "tid":"cice"},
{"name":"ModelAdvance", "ph":"B", "ts":"1394872846", "pid":"1", "tid":"cice"},
{"name":"ModelAdvance", "ph":"E", "ts":"1395340224", "pid":"1", "tid":"cice"},
{"name":"ModelAdvance", "ph":"B", "ts":"1395478421", "pid":"1", "tid":"cice"},
{"name":"ModelAdvance", "ph":"E", "ts":"1395959057", "pid":"1", "tid":"cice"},
{"name":"ModelAdvance", "ph":"B", "ts":"1396147905", "pid":"1", "tid":"cice"},
{"name":"ModelAdvance", "ph":"E", "ts":"1396619223", "pid":"1", "tid":"cice"},
{"name":"ModelAdvance", "ph":"B", "ts":"1396787083", "pid":"1", "tid":"cice"},
{"name":"ModelAdvance", "ph":"E", "ts":"1397262821", "pid":"1", "tid":"cice"},
{"name":"ModelAdvance", "ph":"B", "ts":"1397446036", "pid":"1", "tid":"cice"},
{"name":"ModelAdvance", "ph":"E", "ts":"1397926167", "pid":"1", "tid":"cice"},
{"name":"ModelAdvance", "ph":"B", "ts":"1398062151", "pid":"1", "tid":"cice"},
{"name":"ModelAdvance", "ph":"E", "ts":"1398546509", "pid":"1", "tid":"cice"},
{"name":"ModelAdvance", "ph":"B", "ts":"1398665605", "pid":"1", "tid":"cice"},
{"name":"ModelAdvance", "ph":"E", "ts":"1399149910", "pid":"1", "tid":"cice"},
{"name":"ModelAdvance", "ph":"B", "ts":"1399279046", "pid":"1", "tid":"cice"},
{"name":"ModelAdvance", "ph":"E", "ts":"1399753535", "pid":"1", "tid":"cice"},
{"name":"ModelAdvance", "ph":"B", "ts":"1399962243", "pid":"1", "tid":"cice"},
{"name":"ModelAdvance", "ph":"E", "ts":"1400446532", "pid":"1", "tid":"cice"},
{"name":"ModelAdvance", "ph":"B", "ts":"1400626383", "pid":"1", "tid":"cice"},
{"name":"ModelAdvance", "ph":"E", "ts":"1401108249", "pid":"1", "tid":"cice"},
{"name":"ModelAdvance", "ph":"B", "ts":"1401233470", "pid":"1", "tid":"cice"},
{"name":"ModelAdvance", "ph":"E", "ts":"1401708418", "pid":"1", "tid":"cice"},
{"name":"ModelAdvance", "ph":"B", "ts":"1401875639", "pid":"1", "tid":"cice"},
{"name":"ModelAdvance", "ph":"E", "ts":"1402349602", "pid":"1", "tid":"cice"},
{"name":"ModelAdvance", "ph":"B", "ts":"1402511180", "pid":"1", "tid":"cice"},
{"name":"ModelAdvance", "ph":"E", "ts":"1402986525", "pid":"1", "tid":"cice"},
{"name":"ModelAdvance", "ph":"B", "ts":"1403141898", "pid":"1", "tid":"cice"},
{"name":"ModelAdvance", "ph":"E", "ts":"1403615121", "pid":"1", "tid":"cice"},
{"name":"ModelAdvance", "ph":"B", "ts":"1403765390", "pid":"1", "tid":"cice"},
{"name":"ModelAdvance", "ph":"E", "ts":"1404241626", "pid":"1", "tid":"cice"},
{"name":"ModelAdvance", "ph":"B", "ts":"1404477577", "pid":"1", "tid":"cice"},
{"name":"ModelAdvance", "ph":"E", "ts":"1404958932", "pid":"1", "tid":"cice"},
{"name":"ModelAdvance", "ph":"B", "ts":"1405755234", "pid":"1", "tid":"cice"},
{"name":"ModelAdvance", "ph":"E", "ts":"1406218158", "pid":"1", "tid":"cice"},
{"name":"ModelAdvance", "ph":"B", "ts":"1406365007", "pid":"1", "tid":"cice"},
{"name":"ModelAdvance", "ph":"E", "ts":"1406834624", "pid":"1", "tid":"cice"},
{"name":"ModelAdvance", "ph":"B", "ts":"1406976172", "pid":"1", "tid":"cice"},
{"name":"ModelAdvance", "ph":"E", "ts":"1407446861", "pid":"1", "tid":"cice"},
{"name":"ModelAdvance", "ph":"B", "ts":"1407590205", "pid":"1", "tid":"cice"},
{"name":"ModelAdvance", "ph":"E", "ts":"1408083374", "pid":"1", "tid":"cice"},
{"name":"ModelAdvance", "ph":"B", "ts":"1408211227", "pid":"1", "tid":"cice"},
{"name":"ModelAdvance", "ph":"E", "ts":"1408687761", "pid":"1", "tid":"cice"},
{"name":"ModelAdvance", "ph":"B", "ts":"1408849455", "pid":"1", "tid":"cice"},
{"name":"ModelAdvance", "ph":"E", "ts":"1409315175", "pid":"1", "tid":"cice"},
{"name":"ModelAdvance", "ph":"B", "ts":"1409469903", "pid":"1", "tid":"cice"},
{"name":"ModelAdvance", "ph":"E", "ts":"1409944071", "pid":"1", "tid":"cice"},
{"name":"ModelAdvance", "ph":"B", "ts":"1410142817", "pid":"1", "tid":"cice"},
{"name":"ModelAdvance", "ph":"E", "ts":"1410618787", "pid":"1", "tid":"cice"},
{"name":"ModelAdvance", "ph":"B", "ts":"1410749439", "pid":"1", "tid":"cice"},
{"name":"ModelAdvance", "ph":"E", "ts":"1411225010", "pid":"1", "tid":"cice"},
{"name":"ModelAdvance", "ph":"B", "ts":"1411419209", "pid":"1", "tid":"cice"},
{"name":"ModelAdvance", "ph":"E", "ts":"1411893975", "pid":"1", "tid":"cice"},
{"name":"ModelAdvance", "ph":"B", "ts":"1412046838", "pid":"1", "tid":"cice"},
{"name":"ModelAdvance", "ph":"E", "ts":"1412513277", "pid":"1", "tid":"cice"},
{"name":"ModelAdvance", "ph":"B", "ts":"1412670500", "pid":"1", "tid":"cice"},
{"name":"ModelAdvance", "ph":"E", "ts":"1413147622", "pid":"1", "tid":"cice"},
{"name":"ModelAdvance", "ph":"B", "ts":"1413284937", "pid":"1", "tid":"cice"},
{"name":"ModelAdvance", "ph":"E", "ts":"1413757197", "pid":"1", "tid":"cice"},
{"name":"ModelAdvance", "ph":"B", "ts":"1413945815", "pid":"1", "tid":"cice"},
{"name":"ModelAdvance", "ph":"E", "ts":"1414409783", "pid":"1", "tid":"cice"},
{"name":"ModelAdvance", "ph":"B", "ts":"1414544105", "pid":"1", "tid":"cice"},
{"name":"ModelAdvance", "ph":"E", "ts":"1415008821", "pid":"1", "tid":"cice"},
{"name":"ModelAdvance", "ph":"B", "ts":"1415191603", "pid":"1", "tid":"cice"},
{"name":"ModelAdvance", "ph":"E", "ts":"1415661522", "pid":"1", "tid":"cice"},
{"name":"ModelAdvance", "ph":"B", "ts":"1415809368", "pid":"1", "tid":"cice"},
{"name":"ModelAdvance", "ph":"E", "ts":"1416289971", "pid":"1", "tid":"cice"},
{"name":"ModelAdvance", "ph":"B", "ts":"1416456508", "pid":"1", "tid":"cice"},
{"name":"ModelAdvance", "ph":"E", "ts":"1416935275", "pid":"1", "tid":"cice"},
{"name":"ModelAdvance", "ph":"B", "ts":"1417053080", "pid":"1", "tid":"cice"},
{"name":"ModelAdvance", "ph":"E", "ts":"1417526326", "pid":"1", "tid":"cice"},
{"name":"ModelAdvance", "ph":"B", "ts":"1417674958", "pid":"1", "tid":"cice"},
{"name":"ModelAdvance", "ph":"E", "ts":"1418152042", "pid":"1", "tid":"cice"},
{"name":"ModelAdvance", "ph":"B", "ts":"1418313069", "pid":"1", "tid":"cice"},
{"name":"ModelAdvance", "ph":"E", "ts":"1418788430", "pid":"1", "tid":"cice"},
{"name":"ModelAdvance", "ph":"B", "ts":"1418993444", "pid":"1", "tid":"cice"},
{"name":"ModelAdvance", "ph":"E", "ts":"1419466154", "pid":"1", "tid":"cice"},
{"name":"ModelAdvance", "ph":"B", "ts":"1419645111", "pid":"1", "tid":"cice"},
{"name":"ModelAdvance", "ph":"E", "ts":"1420120249", "pid":"1", "tid":"cice"},
{"name":"ModelAdvance", "ph":"B", "ts":"1420371154", "pid":"1", "tid":"cice"},
{"name":"ModelAdvance", "ph":"E", "ts":"1420844759", "pid":"1", "tid":"cice"},
{"name":"ModelAdvance", "ph":"B", "ts":"1434275911", "pid":"1", "tid":"cice"},
{"name":"ModelAdvance", "ph":"E", "ts":"1434758789", "pid":"1", "tid":"cice"},
{"name":"ModelAdvance", "ph":"B", "ts":"1434875013", "pid":"1", "tid":"cice"},
{"name":"ModelAdvance", "ph":"E", "ts":"1435351620", "pid":"1", "tid":"cice"},
{"name":"ModelAdvance", "ph":"B", "ts":"1435474911", "pid":"1", "tid":"cice"},
{"name":"ModelAdvance", "ph":"E", "ts":"1435954880", "pid":"1", "tid":"cice"},
{"name":"ModelAdvance", "ph":"B", "ts":"1436141128", "pid":"1", "tid":"cice"},
{"name":"ModelAdvance", "ph":"E", "ts":"1436624626", "pid":"1", "tid":"cice"},
{"name":"ModelAdvance", "ph":"B", "ts":"1436737554", "pid":"1", "tid":"cice"},
{"name":"ModelAdvance", "ph":"E", "ts":"1437219794", "pid":"1", "tid":"cice"},
{"name":"ModelAdvance", "ph":"B", "ts":"1437351086", "pid":"1", "tid":"cice"},
{"name":"ModelAdvance", "ph":"E", "ts":"1437829211", "pid":"1", "tid":"cice"},
{"name":"ModelAdvance", "ph":"B", "ts":"1437963301", "pid":"1", "tid":"cice"},
{"name":"ModelAdvance", "ph":"E", "ts":"1438440764", "pid":"1", "tid":"cice"},
{"name":"ModelAdvance", "ph":"B", "ts":"1438562913", "pid":"1", "tid":"cice"},
{"name":"ModelAdvance", "ph":"E", "ts":"1439042549", "pid":"1", "tid":"cice"},
{"name":"ModelAdvance", "ph":"B", "ts":"1439196140", "pid":"1", "tid":"cice"},
{"name":"ModelAdvance", "ph":"E", "ts":"1439659167", "pid":"1", "tid":"cice"},
{"name":"ModelAdvance", "ph":"B", "ts":"1439785889", "pid":"1", "tid":"cice"},
{"name":"ModelAdvance", "ph":"E", "ts":"1440255345", "pid":"1", "tid":"cice"},
{"name":"ModelAdvance", "ph":"B", "ts":"1440389704", "pid":"1", "tid":"cice"},
{"name":"ModelAdvance", "ph":"E", "ts":"1440877772", "pid":"1", "tid":"cice"},
{"name":"ModelAdvance", "ph":"B", "ts":"1441019542", "pid":"1", "tid":"cice"},
{"name":"ModelAdvance", "ph":"E", "ts":"1441503406", "pid":"1", "tid":"cice"},
{"name":"ModelAdvance", "ph":"B", "ts":"1441620361", "pid":"1", "tid":"cice"},
{"name":"ModelAdvance", "ph":"E", "ts":"1442106419", "pid":"1", "tid":"cice"},
{"name":"ModelAdvance", "ph":"B", "ts":"1442245579", "pid":"1", "tid":"cice"},
{"name":"ModelAdvance", "ph":"E", "ts":"1442722048", "pid":"1", "tid":"cice"},
{"name":"ModelAdvance", "ph":"B", "ts":"1442856336", "pid":"1", "tid":"cice"},
{"name":"ModelAdvance", "ph":"E", "ts":"1443331866", "pid":"1", "tid":"cice"},
{"name":"ModelAdvance", "ph":"B", "ts":"1443468554", "pid":"1", "tid":"cice"},
{"name":"ModelAdvance", "ph":"E", "ts":"1443947152", "pid":"1", "tid":"cice"},
{"name":"ModelAdvance", "ph":"B", "ts":"1444080480", "pid":"1", "tid":"cice"},
{"name":"ModelAdvance", "ph":"E", "ts":"1444547331", "pid":"1", "tid":"cice"},
{"name":"ModelAdvance", "ph":"B", "ts":"1444722484", "pid":"1", "tid":"cice"},
{"name":"ModelAdvance", "ph":"E", "ts":"1445199591", "pid":"1", "tid":"cice"},
{"name":"ModelAdvance", "ph":"B", "ts":"1445330469", "pid":"1", "tid":"cice"},
{"name":"ModelAdvance", "ph":"E", "ts":"1445809158", "pid":"1", "tid":"cice"},
{"name":"ModelAdvance", "ph":"B", "ts":"1445986367", "pid":"1", "tid":"cice"},
{"name":"ModelAdvance", "ph":"E", "ts":"1446458963", "pid":"1", "tid":"cice"},
{"name":"ModelAdvance", "ph":"B", "ts":"1446658923", "pid":"1", "tid":"cice"},
{"name":"ModelAdvance", "ph":"E", "ts":"1447141285", "pid":"1", "tid":"cice"},
{"name":"ModelAdvance", "ph":"B", "ts":"1447295444", "pid":"1", "tid":"cice"},
{"name":"ModelAdvance", "ph":"E", "ts":"1447764171", "pid":"1", "tid":"cice"},
{"name":"ModelAdvance", "ph":"B", "ts":"1447960223", "pid":"1", "tid":"cice"},
{"name":"ModelAdvance", "ph":"E", "ts":"1448433350", "pid":"1", "tid":"cice"},
{"name":"ModelAdvance", "ph":"B", "ts":"1448580554", "pid":"1", "tid":"cice"},
{"name":"ModelAdvance", "ph":"E", "ts":"1449063945", "pid":"1", "tid":"cice"},
{"name":"ModelAdvance", "ph":"B", "ts":"1449858975", "pid":"1", "tid":"cice"},
{"name":"ModelAdvance", "ph":"E", "ts":"1450333338", "pid":"1", "tid":"cice"},
{"name":"ModelAdvance", "ph":"B", "ts":"1450505477", "pid":"1", "tid":"cice"},
{"name":"ModelAdvance", "ph":"E", "ts":"1450978740", "pid":"1", "tid":"cice"},
{"name":"ModelAdvance", "ph":"B", "ts":"1451106261", "pid":"1", "tid":"cice"},
{"name":"ModelAdvance", "ph":"E", "ts":"1451574605", "pid":"1", "tid":"cice"},
{"name":"ModelAdvance", "ph":"B", "ts":"1451756789", "pid":"1", "tid":"cice"},
{"name":"ModelAdvance", "ph":"E", "ts":"1452225344", "pid":"1", "tid":"cice"},
{"name":"ModelAdvance", "ph":"B", "ts":"1452370437", "pid":"1", "tid":"cice"},
{"name":"ModelAdvance", "ph":"E", "ts":"1452849726", "pid":"1", "tid":"cice"},
{"name":"ModelAdvance", "ph":"B", "ts":"1452970015", "pid":"1", "tid":"cice"},
{"name":"ModelAdvance", "ph":"E", "ts":"1453445456", "pid":"1", "tid":"cice"},
{"name":"ModelAdvance", "ph":"B", "ts":"1453574633", "pid":"1", "tid":"cice"},
{"name":"ModelAdvance", "ph":"E", "ts":"1454055023", "pid":"1", "tid":"cice"},
{"name":"ModelAdvance", "ph":"B", "ts":"1454169330", "pid":"1", "tid":"cice"},
{"name":"ModelAdvance", "ph":"E", "ts":"1454642862", "pid":"1", "tid":"cice"},
{"name":"ModelAdvance", "ph":"B", "ts":"1454782478", "pid":"1", "tid":"cice"},
{"name":"ModelAdvance", "ph":"E", "ts":"1455251054", "pid":"1", "tid":"cice"},
{"name":"ModelAdvance", "ph":"B", "ts":"1455380366", "pid":"1", "tid":"cice"},
{"name":"ModelAdvance", "ph":"E", "ts":"1455853209", "pid":"1", "tid":"cice"},
{"name":"ModelAdvance", "ph":"B", "ts":"1455973628", "pid":"1", "tid":"cice"},
{"name":"ModelAdvance", "ph":"E", "ts":"1456442083", "pid":"1", "tid":"cice"},
{"name":"ModelAdvance", "ph":"B", "ts":"1456584173", "pid":"1", "tid":"cice"},
{"name":"ModelAdvance", "ph":"E", "ts":"1457058876", "pid":"1", "tid":"cice"},
{"name":"ModelAdvance", "ph":"B", "ts":"1457174589", "pid":"1", "tid":"cice"},
{"name":"ModelAdvance", "ph":"E", "ts":"1457650213", "pid":"1", "tid":"cice"},
{"name":"ModelAdvance", "ph":"B", "ts":"1457791333", "pid":"1", "tid":"cice"},
{"name":"ModelAdvance", "ph":"E", "ts":"1458270826", "pid":"1", "tid":"cice"},
{"name":"ModelAdvance", "ph":"B", "ts":"1458402988", "pid":"1", "tid":"cice"},
{"name":"ModelAdvance", "ph":"E", "ts":"1458883527", "pid":"1", "tid":"cice"},
{"name":"ModelAdvance", "ph":"B", "ts":"1459005785", "pid":"1", "tid":"cice"},
{"name":"ModelAdvance", "ph":"E", "ts":"1459469703", "pid":"1", "tid":"cice"},
{"name":"ModelAdvance", "ph":"B", "ts":"1459626406", "pid":"1", "tid":"cice"},
{"name":"ModelAdvance", "ph":"E", "ts":"1460101442", "pid":"1", "tid":"cice"},
{"name":"ModelAdvance", "ph":"B", "ts":"1460242194", "pid":"1", "tid":"cice"},
{"name":"ModelAdvance", "ph":"E", "ts":"1460722379", "pid":"1", "tid":"cice"},
{"name":"ModelAdvance", "ph":"B", "ts":"1460836313", "pid":"1", "tid":"cice"},
{"name":"ModelAdvance", "ph":"E", "ts":"1461311922", "pid":"1", "tid":"cice"},
{"name":"ModelAdvance", "ph":"B", "ts":"1461433150", "pid":"1", "tid":"cice"},
{"name":"ModelAdvance", "ph":"E", "ts":"1461915770", "pid":"1", "tid":"cice"},
{"name":"ModelAdvance", "ph":"B", "ts":"1462033126", "pid":"1", "tid":"cice"},
{"name":"ModelAdvance", "ph":"E", "ts":"1462501337", "pid":"1", "tid":"cice"},
{"name":"ModelAdvance", "ph":"B", "ts":"1462643883", "pid":"1", "tid":"cice"},
{"name":"ModelAdvance", "ph":"E", "ts":"1463122663", "pid":"1", "tid":"cice"},
{"name":"ModelAdvance", "ph":"B", "ts":"1463266227", "pid":"1", "tid":"cice"},
{"name":"ModelAdvance", "ph":"E", "ts":"1463724207", "pid":"1", "tid":"cice"},
{"name":"ModelAdvance", "ph":"B", "ts":"1463873229", "pid":"1", "tid":"cice"},
{"name":"ModelAdvance", "ph":"E", "ts":"1464356182", "pid":"1", "tid":"cice"},
{"name":"ModelAdvance", "ph":"B", "ts":"1465137431", "pid":"1", "tid":"cice"},
{"name":"ModelAdvance", "ph":"E", "ts":"1465607357", "pid":"1", "tid":"cice"},
{"name":"ModelAdvance", "ph":"B", "ts":"1465741439", "pid":"1", "tid":"cice"},
{"name":"ModelAdvance", "ph":"E", "ts":"1466209313", "pid":"1", "tid":"cice"},
{"name":"ModelAdvance", "ph":"B", "ts":"1466332147", "pid":"1", "tid":"cice"},
{"name":"ModelAdvance", "ph":"E", "ts":"1466811213", "pid":"1", "tid":"cice"},
{"name":"ModelAdvance", "ph":"B", "ts":"1466941781", "pid":"1", "tid":"cice"},
{"name":"ModelAdvance", "ph":"E", "ts":"1467420888", "pid":"1", "tid":"cice"},
{"name":"ModelAdvance", "ph":"B", "ts":"1467543979", "pid":"1", "tid":"cice"},
{"name":"ModelAdvance", "ph":"E", "ts":"1468016127", "pid":"1", "tid":"cice"},
{"name":"ModelAdvance", "ph":"B", "ts":"1468133623", "pid":"1", "tid":"cice"},
{"name":"ModelAdvance", "ph":"E", "ts":"1468599466", "pid":"1", "tid":"cice"},
{"name":"ModelAdvance", "ph":"B", "ts":"1468738983", "pid":"1", "tid":"cice"},
{"name":"ModelAdvance", "ph":"E", "ts":"1469203949", "pid":"1", "tid":"cice"},
{"name":"ModelAdvance", "ph":"B", "ts":"1469334786", "pid":"1", "tid":"cice"},
{"name":"ModelAdvance", "ph":"E", "ts":"1469805106", "pid":"1", "tid":"cice"},
{"name":"ModelAdvance", "ph":"B", "ts":"1469951934", "pid":"1", "tid":"cice"},
{"name":"ModelAdvance", "ph":"E", "ts":"1470434785", "pid":"1", "tid":"cice"},
{"name":"ModelAdvance", "ph":"B", "ts":"1470577345", "pid":"1", "tid":"cice"},
{"name":"ModelAdvance", "ph":"E", "ts":"1471042625", "pid":"1", "tid":"cice"},
{"name":"ModelAdvance", "ph":"B", "ts":"1471174656", "pid":"1", "tid":"cice"},
{"name":"ModelAdvance", "ph":"E", "ts":"1471643997", "pid":"1", "tid":"cice"},
{"name":"ModelAdvance", "ph":"B", "ts":"1471800918", "pid":"1", "tid":"cice"},
{"name":"ModelAdvance", "ph":"E", "ts":"1472283225", "pid":"1", "tid":"cice"},
{"name":"ModelAdvance", "ph":"B", "ts":"1472412814", "pid":"1", "tid":"cice"},
{"name":"ModelAdvance", "ph":"E", "ts":"1472889404", "pid":"1", "tid":"cice"},
{"name":"ModelAdvance", "ph":"B", "ts":"1473031720", "pid":"1", "tid":"cice"},
{"name":"ModelAdvance", "ph":"E", "ts":"1473499223", "pid":"1", "tid":"cice"},
{"name":"ModelAdvance", "ph":"B", "ts":"1473668121", "pid":"1", "tid":"cice"},
{"name":"ModelAdvance", "ph":"E", "ts":"1474135813", "pid":"1", "tid":"cice"},
{"name":"ModelAdvance", "ph":"B", "ts":"1474312728", "pid":"1", "tid":"cice"},
{"name":"ModelAdvance", "ph":"E", "ts":"1474789752", "pid":"1", "tid":"cice"},
{"name":"ModelAdvance", "ph":"B", "ts":"1474925565", "pid":"1", "tid":"cice"},
{"name":"ModelAdvance", "ph":"E", "ts":"1475411140", "pid":"1", "tid":"cice"},
{"name":"ModelAdvance", "ph":"B", "ts":"1475549676", "pid":"1", "tid":"cice"},
{"name":"ModelAdvance", "ph":"E", "ts":"1476028005", "pid":"1", "tid":"cice"},
{"name":"ModelAdvance", "ph":"B", "ts":"1476166328", "pid":"1", "tid":"cice"},
{"name":"ModelAdvance", "ph":"E", "ts":"1476644017", "pid":"1", "tid":"cice"},
{"name":"ModelAdvance", "ph":"B", "ts":"1476820968", "pid":"1", "tid":"cice"},
{"name":"ModelAdvance", "ph":"E", "ts":"1477295378", "pid":"1", "tid":"cice"},
{"name":"ModelAdvance", "ph":"B", "ts":"1477439357", "pid":"1", "tid":"cice"},
{"name":"ModelAdvance", "ph":"E", "ts":"1477905603", "pid":"1", "tid":"cice"},
{"name":"ModelAdvance", "ph":"B", "ts":"1478094676", "pid":"1", "tid":"cice"},
{"name":"ModelAdvance", "ph":"E", "ts":"1478571885", "pid":"1", "tid":"cice"},
{"name":"ModelAdvance", "ph":"B", "ts":"1478743440", "pid":"1", "tid":"cice"},
{"name":"ModelAdvance", "ph":"E", "ts":"1479322776", "pid":"1", "tid":"cice"},
{"name":"ModelAdvance", "ph":"B", "ts":"1479375346", "pid":"1", "tid":"cice"},
{"name":"ModelAdvance", "ph":"E", "ts":"1479851737", "pid":"1", "tid":"cice"},
{"name":"ModelAdvance", "ph":"B", "ts":"1480590957", "pid":"1", "tid":"cice"},
{"name":"ModelAdvance", "ph":"E", "ts":"1481058622", "pid":"1", "tid":"cice"},
{"name":"ModelAdvance", "ph":"B", "ts":"1481242306", "pid":"1", "tid":"cice"},
{"name":"ModelAdvance", "ph":"E", "ts":"1481717438", "pid":"1", "tid":"cice"},
{"name":"ModelAdvance", "ph":"B", "ts":"1481902644", "pid":"1", "tid":"cice"},
{"name":"ModelAdvance", "ph":"E", "ts":"1482380999", "pid":"1", "tid":"cice"},
{"name":"ModelAdvance", "ph":"B", "ts":"1482566279", "pid":"1", "tid":"cice"},
{"name":"ModelAdvance", "ph":"E", "ts":"1483041898", "pid":"1", "tid":"cice"},
{"name":"ModelAdvance", "ph":"B", "ts":"1483211018", "pid":"1", "tid":"cice"},
{"name":"ModelAdvance", "ph":"E", "ts":"1483681746", "pid":"1", "tid":"cice"},
{"name":"ModelAdvance", "ph":"B", "ts":"1483823914", "pid":"1", "tid":"cice"},
{"name":"ModelAdvance", "ph":"E", "ts":"1484300146", "pid":"1", "tid":"cice"},
{"name":"ModelAdvance", "ph":"B", "ts":"1484434301", "pid":"1", "tid":"cice"},
{"name":"ModelAdvance", "ph":"E", "ts":"1484908720", "pid":"1", "tid":"cice"},
{"name":"ModelAdvance", "ph":"B", "ts":"1485086913", "pid":"1", "tid":"cice"},
{"name":"ModelAdvance", "ph":"E", "ts":"1485565172", "pid":"1", "tid":"cice"},
{"name":"ModelAdvance", "ph":"B", "ts":"1485736220", "pid":"1", "tid":"cice"},
{"name":"ModelAdvance", "ph":"E", "ts":"1486209887", "pid":"1", "tid":"cice"},
{"name":"ModelAdvance", "ph":"B", "ts":"1486404182", "pid":"1", "tid":"cice"},
{"name":"ModelAdvance", "ph":"E", "ts":"1486885034", "pid":"1", "tid":"cice"},
{"name":"ModelAdvance", "ph":"B", "ts":"1487015410", "pid":"1", "tid":"cice"},
{"name":"ModelAdvance", "ph":"E", "ts":"1487487003", "pid":"1", "tid":"cice"},
{"name":"ModelAdvance", "ph":"B", "ts":"1487625764", "pid":"1", "tid":"cice"},
{"name":"ModelAdvance", "ph":"E", "ts":"1488098620", "pid":"1", "tid":"cice"},
{"name":"ModelAdvance", "ph":"B", "ts":"1488222828", "pid":"1", "tid":"cice"},
{"name":"ModelAdvance", "ph":"E", "ts":"1488711080", "pid":"1", "tid":"cice"},
{"name":"ModelAdvance", "ph":"B", "ts":"1488824100", "pid":"1", "tid":"cice"},
{"name":"ModelAdvance", "ph":"E", "ts":"1489294620", "pid":"1", "tid":"cice"},
{"name":"ModelAdvance", "ph":"B", "ts":"1489439422", "pid":"1", "tid":"cice"},
{"name":"ModelAdvance", "ph":"E", "ts":"1489923133", "pid":"1", "tid":"cice"},
{"name":"ModelAdvance", "ph":"B", "ts":"1490045794", "pid":"1", "tid":"cice"},
{"name":"ModelAdvance", "ph":"E", "ts":"1490522686", "pid":"1", "tid":"cice"},
{"name":"ModelAdvance", "ph":"B", "ts":"1490646181", "pid":"1", "tid":"cice"},
{"name":"ModelAdvance", "ph":"E", "ts":"1491130377", "pid":"1", "tid":"cice"},
{"name":"ModelAdvance", "ph":"B", "ts":"1491277935", "pid":"1", "tid":"cice"},
{"name":"ModelAdvance", "ph":"E", "ts":"1491752699", "pid":"1", "tid":"cice"},
{"name":"ModelAdvance", "ph":"B", "ts":"1491941899", "pid":"1", "tid":"cice"},
{"name":"ModelAdvance", "ph":"E", "ts":"1492404787", "pid":"1", "tid":"cice"},
{"name":"ModelAdvance", "ph":"B", "ts":"1492583918", "pid":"1", "tid":"cice"},
{"name":"ModelAdvance", "ph":"E", "ts":"1493055337", "pid":"1", "tid":"cice"},
{"name":"ModelAdvance", "ph":"B", "ts":"1493186686", "pid":"1", "tid":"cice"},
{"name":"ModelAdvance", "ph":"E", "ts":"1493654477", "pid":"1", "tid":"cice"},
{"name":"ModelAdvance", "ph":"B", "ts":"1493825832", "pid":"1", "tid":"cice"},
{"name":"ModelAdvance", "ph":"E", "ts":"1494291111", "pid":"1", "tid":"cice"},
{"name":"ModelAdvance", "ph":"B", "ts":"1494441968", "pid":"1", "tid":"cice"},
{"name":"ModelAdvance", "ph":"E", "ts":"1494914540", "pid":"1", "tid":"cice"},
{"name":"ModelAdvance", "ph":"B", "ts":"1495136195", "pid":"1", "tid":"cice"},
{"name":"ModelAdvance", "ph":"E", "ts":"1495613288", "pid":"1", "tid":"cice"},
{"name":"ModelAdvance", "ph":"B", "ts":"1496385602", "pid":"1", "tid":"cice"},
{"name":"ModelAdvance", "ph":"E", "ts":"1496862562", "pid":"1", "tid":"cice"},
{"name":"ModelAdvance", "ph":"B", "ts":"1497026658", "pid":"1", "tid":"cice"},
{"name":"ModelAdvance", "ph":"E", "ts":"1497493729", "pid":"1", "tid":"cice"},
{"name":"ModelAdvance", "ph":"B", "ts":"1497636440", "pid":"1", "tid":"cice"},
{"name":"ModelAdvance", "ph":"E", "ts":"1498111756", "pid":"1", "tid":"cice"},
{"name":"ModelAdvance", "ph":"B", "ts":"1498232455", "pid":"1", "tid":"cice"},
{"name":"ModelAdvance", "ph":"E", "ts":"1498701603", "pid":"1", "tid":"cice"},
{"name":"ModelAdvance", "ph":"B", "ts":"1498840486", "pid":"1", "tid":"cice"},
{"name":"ModelAdvance", "ph":"E", "ts":"1499324670", "pid":"1", "tid":"cice"},
{"name":"ModelAdvance", "ph":"B", "ts":"1499446162", "pid":"1", "tid":"cice"},
{"name":"ModelAdvance", "ph":"E", "ts":"1499910321", "pid":"1", "tid":"cice"},
{"name":"ModelAdvance", "ph":"B", "ts":"1500042323", "pid":"1", "tid":"cice"},
{"name":"ModelAdvance", "ph":"E", "ts":"1500508647", "pid":"1", "tid":"cice"},
{"name":"ModelAdvance", "ph":"B", "ts":"1500645809", "pid":"1", "tid":"cice"},
{"name":"ModelAdvance", "ph":"E", "ts":"1501128424", "pid":"1", "tid":"cice"},
{"name":"ModelAdvance", "ph":"B", "ts":"1501250397", "pid":"1", "tid":"cice"},
{"name":"ModelAdvance", "ph":"E", "ts":"1501726835", "pid":"1", "tid":"cice"},
{"name":"ModelAdvance", "ph":"B", "ts":"1501844459", "pid":"1", "tid":"cice"},
{"name":"ModelAdvance", "ph":"E", "ts":"1502328919", "pid":"1", "tid":"cice"},
{"name":"ModelAdvance", "ph":"B", "ts":"1502442875", "pid":"1", "tid":"cice"},
{"name":"ModelAdvance", "ph":"E", "ts":"1502925867", "pid":"1", "tid":"cice"},
{"name":"ModelAdvance", "ph":"B", "ts":"1503051244", "pid":"1", "tid":"cice"},
{"name":"ModelAdvance", "ph":"E", "ts":"1503522676", "pid":"1", "tid":"cice"},
{"name":"ModelAdvance", "ph":"B", "ts":"1503651951", "pid":"1", "tid":"cice"},
{"name":"ModelAdvance", "ph":"E", "ts":"1504120965", "pid":"1", "tid":"cice"},
{"name":"ModelAdvance", "ph":"B", "ts":"1504242958", "pid":"1", "tid":"cice"},
{"name":"ModelAdvance", "ph":"E", "ts":"1504724185", "pid":"1", "tid":"cice"},
{"name":"ModelAdvance", "ph":"B", "ts":"1504857995", "pid":"1", "tid":"cice"},
{"name":"ModelAdvance", "ph":"E", "ts":"1505329801", "pid":"1", "tid":"cice"},
{"name":"ModelAdvance", "ph":"B", "ts":"1505462304", "pid":"1", "tid":"cice"},
{"name":"ModelAdvance", "ph":"E", "ts":"1505923654", "pid":"1", "tid":"cice"},
{"name":"ModelAdvance", "ph":"B", "ts":"1506069570", "pid":"1", "tid":"cice"},
{"name":"ModelAdvance", "ph":"E", "ts":"1506540500", "pid":"1", "tid":"cice"},
{"name":"ModelAdvance", "ph":"B", "ts":"1506685436", "pid":"1", "tid":"cice"},
{"name":"ModelAdvance", "ph":"E", "ts":"1507150741", "pid":"1", "tid":"cice"},
{"name":"ModelAdvance", "ph":"B", "ts":"1507278732", "pid":"1", "tid":"cice"},
{"name":"ModelAdvance", "ph":"E", "ts":"1507743901", "pid":"1", "tid":"cice"},
{"name":"ModelAdvance", "ph":"B", "ts":"1507872778", "pid":"1", "tid":"cice"},
{"name":"ModelAdvance", "ph":"E", "ts":"1508355499", "pid":"1", "tid":"cice"},
{"name":"ModelAdvance", "ph":"B", "ts":"1508480289", "pid":"1", "tid":"cice"},
{"name":"ModelAdvance", "ph":"E", "ts":"1508964486", "pid":"1", "tid":"cice"},
{"name":"ModelAdvance", "ph":"B", "ts":"1509123863", "pid":"1", "tid":"cice"},
{"name":"ModelAdvance", "ph":"E", "ts":"1509588479", "pid":"1", "tid":"cice"},
{"name":"ModelAdvance", "ph":"B", "ts":"1509719807", "pid":"1", "tid":"cice"},
{"name":"ModelAdvance", "ph":"E", "ts":"1510202161", "pid":"1", "tid":"cice"},
{"name":"ModelAdvance", "ph":"B", "ts":"1510342324", "pid":"1", "tid":"cice"},
{"name":"ModelAdvance", "ph":"E", "ts":"1510829159", "pid":"1", "tid":"cice"},
{"name":"ModelAdvance", "ph":"B", "ts":"1511609801", "pid":"1", "tid":"cice"},
{"name":"ModelAdvance", "ph":"E", "ts":"1512077352", "pid":"1", "tid":"cice"},
{"name":"ModelAdvance", "ph":"B", "ts":"1512215343", "pid":"1", "tid":"cice"},
{"name":"ModelAdvance", "ph":"E", "ts":"1512688386", "pid":"1", "tid":"cice"},
{"name":"ModelAdvance", "ph":"B", "ts":"1512800765", "pid":"1", "tid":"cice"},
{"name":"ModelAdvance", "ph":"E", "ts":"1513282762", "pid":"1", "tid":"cice"},
{"name":"ModelAdvance", "ph":"B", "ts":"1513404182", "pid":"1", "tid":"cice"},
{"name":"ModelAdvance", "ph":"E", "ts":"1513874448", "pid":"1", "tid":"cice"},
{"name":"ModelAdvance", "ph":"B", "ts":"1514008769", "pid":"1", "tid":"cice"},
{"name":"ModelAdvance", "ph":"E", "ts":"1514479529", "pid":"1", "tid":"cice"},
{"name":"ModelAdvance", "ph":"B", "ts":"1514614732", "pid":"1", "tid":"cice"},
{"name":"ModelAdvance", "ph":"E", "ts":"1515092009", "pid":"1", "tid":"cice"},
{"name":"ModelAdvance", "ph":"B", "ts":"1515224026", "pid":"1", "tid":"cice"},
{"name":"ModelAdvance", "ph":"E", "ts":"1515707616", "pid":"1", "tid":"cice"},
{"name":"ModelAdvance", "ph":"B", "ts":"1515850642", "pid":"1", "tid":"cice"},
{"name":"ModelAdvance", "ph":"E", "ts":"1516323192", "pid":"1", "tid":"cice"},
{"name":"ModelAdvance", "ph":"B", "ts":"1516448547", "pid":"1", "tid":"cice"},
{"name":"ModelAdvance", "ph":"E", "ts":"1516921529", "pid":"1", "tid":"cice"},
{"name":"ModelAdvance", "ph":"B", "ts":"1517053669", "pid":"1", "tid":"cice"},
{"name":"ModelAdvance", "ph":"E", "ts":"1517525331", "pid":"1", "tid":"cice"},
{"name":"ModelAdvance", "ph":"B", "ts":"1517699649", "pid":"1", "tid":"cice"},
{"name":"ModelAdvance", "ph":"E", "ts":"1518172776", "pid":"1", "tid":"cice"},
{"name":"ModelAdvance", "ph":"B", "ts":"1518304254", "pid":"1", "tid":"cice"},
{"name":"ModelAdvance", "ph":"E", "ts":"1518785085", "pid":"1", "tid":"cice"},
{"name":"ModelAdvance", "ph":"B", "ts":"1518987955", "pid":"1", "tid":"cice"},
{"name":"ModelAdvance", "ph":"E", "ts":"1519463645", "pid":"1", "tid":"cice"},
{"name":"ModelAdvance", "ph":"B", "ts":"1519607974", "pid":"1", "tid":"cice"},
{"name":"ModelAdvance", "ph":"E", "ts":"1520089943", "pid":"1", "tid":"cice"},
{"name":"ModelAdvance", "ph":"B", "ts":"1520214174", "pid":"1", "tid":"cice"},
{"name":"ModelAdvance", "ph":"E", "ts":"1520696641", "pid":"1", "tid":"cice"},
{"name":"ModelAdvance", "ph":"B", "ts":"1520880510", "pid":"1", "tid":"cice"},
{"name":"ModelAdvance", "ph":"E", "ts":"1521362993", "pid":"1", "tid":"cice"},
{"name":"ModelAdvance", "ph":"B", "ts":"1521484873", "pid":"1", "tid":"cice"},
{"name":"ModelAdvance", "ph":"E", "ts":"1521964889", "pid":"1", "tid":"cice"},
{"name":"ModelAdvance", "ph":"B", "ts":"1522158253", "pid":"1", "tid":"cice"},
{"name":"ModelAdvance", "ph":"E", "ts":"1522633668", "pid":"1", "tid":"cice"},
{"name":"ModelAdvance", "ph":"B", "ts":"1522798709", "pid":"1", "tid":"cice"},
{"name":"ModelAdvance", "ph":"E", "ts":"1523287903", "pid":"1", "tid":"cice"},
{"name":"ModelAdvance", "ph":"B", "ts":"1523456223", "pid":"1", "tid":"cice"},
{"name":"ModelAdvance", "ph":"E", "ts":"1523943086", "pid":"1", "tid":"cice"},
{"name":"ModelAdvance", "ph":"B", "ts":"1524068601", "pid":"1", "tid":"cice"},
{"name":"ModelAdvance", "ph":"E", "ts":"1524539586", "pid":"1", "tid":"cice"},
{"name":"ModelAdvance", "ph":"B", "ts":"1524758841", "pid":"1", "tid":"cice"},
{"name":"ModelAdvance", "ph":"E", "ts":"1525241727", "pid":"1", "tid":"cice"},
{"name":"ModelAdvance", "ph":"B", "ts":"1525370789", "pid":"1", "tid":"cice"},
{"name":"ModelAdvance", "ph":"E", "ts":"1525842367", "pid":"1", "tid":"cice"},
{"name":"ModelAdvance", "ph":"B", "ts":"1526049882", "pid":"1", "tid":"cice"},
{"name":"ModelAdvance", "ph":"E", "ts":"1526521410", "pid":"1", "tid":"cice"},
{"name":"ModelAdvance", "ph":"B", "ts":"1527312901", "pid":"1", "tid":"cice"},
{"name":"ModelAdvance", "ph":"E", "ts":"1527794309", "pid":"1", "tid":"cice"},
{"name":"ModelAdvance", "ph":"B", "ts":"1527919324", "pid":"1", "tid":"cice"},
{"name":"ModelAdvance", "ph":"E", "ts":"1528395612", "pid":"1", "tid":"cice"},
{"name":"ModelAdvance", "ph":"B", "ts":"1528543728", "pid":"1", "tid":"cice"},
{"name":"ModelAdvance", "ph":"E", "ts":"1529019285", "pid":"1", "tid":"cice"},
{"name":"ModelAdvance", "ph":"B", "ts":"1529208555", "pid":"1", "tid":"cice"},
{"name":"ModelAdvance", "ph":"E", "ts":"1529686417", "pid":"1", "tid":"cice"},
{"name":"ModelAdvance", "ph":"B", "ts":"1529867139", "pid":"1", "tid":"cice"},
{"name":"ModelAdvance", "ph":"E", "ts":"1530340197", "pid":"1", "tid":"cice"},
{"name":"ModelAdvance", "ph":"B", "ts":"1530498049", "pid":"1", "tid":"cice"},
{"name":"ModelAdvance", "ph":"E", "ts":"1530973080", "pid":"1", "tid":"cice"},
{"name":"ModelAdvance", "ph":"B", "ts":"1531132257", "pid":"1", "tid":"cice"},
{"name":"ModelAdvance", "ph":"E", "ts":"1531603116", "pid":"1", "tid":"cice"},
{"name":"ModelAdvance", "ph":"B", "ts":"1531748858", "pid":"1", "tid":"cice"},
{"name":"ModelAdvance", "ph":"E", "ts":"1532218655", "pid":"1", "tid":"cice"},
{"name":"ModelAdvance", "ph":"B", "ts":"1532360734", "pid":"1", "tid":"cice"},
{"name":"ModelAdvance", "ph":"E", "ts":"1532832614", "pid":"1", "tid":"cice"},
{"name":"ModelAdvance", "ph":"B", "ts":"1532973262", "pid":"1", "tid":"cice"},
{"name":"ModelAdvance", "ph":"E", "ts":"1533448113", "pid":"1", "tid":"cice"},
{"name":"ModelAdvance", "ph":"B", "ts":"1533637661", "pid":"1", "tid":"cice"},
{"name":"ModelAdvance", "ph":"E", "ts":"1534104535", "pid":"1", "tid":"cice"},
{"name":"ModelAdvance", "ph":"B", "ts":"1534291927", "pid":"1", "tid":"cice"},
{"name":"ModelAdvance", "ph":"E", "ts":"1534763038", "pid":"1", "tid":"cice"},
{"name":"ModelAdvance", "ph":"B", "ts":"1534950285", "pid":"1", "tid":"cice"},
{"name":"ModelAdvance", "ph":"E", "ts":"1535422817", "pid":"1", "tid":"cice"},
{"name":"ModelAdvance", "ph":"B", "ts":"1535623812", "pid":"1", "tid":"cice"},
{"name":"ModelAdvance", "ph":"E", "ts":"1536094603", "pid":"1", "tid":"cice"},
{"name":"ModelAdvance", "ph":"B", "ts":"1536237362", "pid":"1", "tid":"cice"},
{"name":"ModelAdvance", "ph":"E", "ts":"1536714454", "pid":"1", "tid":"cice"},
{"name":"ModelAdvance", "ph":"B", "ts":"1536857383", "pid":"1", "tid":"cice"},
{"name":"ModelAdvance", "ph":"E", "ts":"1537344667", "pid":"1", "tid":"cice"},
{"name":"ModelAdvance", "ph":"B", "ts":"1537474044", "pid":"1", "tid":"cice"},
{"name":"ModelAdvance", "ph":"E", "ts":"1537956531", "pid":"1", "tid":"cice"},
{"name":"ModelAdvance", "ph":"B", "ts":"1538090238", "pid":"1", "tid":"cice"},
{"name":"ModelAdvance", "ph":"E", "ts":"1538559753", "pid":"1", "tid":"cice"},
{"name":"ModelAdvance", "ph":"B", "ts":"1538709725", "pid":"1", "tid":"cice"},
{"name":"ModelAdvance", "ph":"E", "ts":"1539178008", "pid":"1", "tid":"cice"},
{"name":"ModelAdvance", "ph":"B", "ts":"1539375768", "pid":"1", "tid":"cice"},
{"name":"ModelAdvance", "ph":"E", "ts":"1539855412", "pid":"1", "tid":"cice"},
{"name":"ModelAdvance", "ph":"B", "ts":"1540009871", "pid":"1", "tid":"cice"},
{"name":"ModelAdvance", "ph":"E", "ts":"1540482334", "pid":"1", "tid":"cice"},
{"name":"ModelAdvance", "ph":"B", "ts":"1540680479", "pid":"1", "tid":"cice"},
{"name":"ModelAdvance", "ph":"E", "ts":"1541143453", "pid":"1", "tid":"cice"},
{"name":"ModelAdvance", "ph":"B", "ts":"1541311166", "pid":"1", "tid":"cice"},
{"name":"ModelAdvance", "ph":"E", "ts":"1541775745", "pid":"1", "tid":"cice"},
{"name":"ModelAdvance", "ph":"B", "ts":"1541922623", "pid":"1", "tid":"cice"},
{"name":"ModelAdvance", "ph":"E", "ts":"1542389818", "pid":"1", "tid":"cice"},
{"name":"ModelAdvance", "ph":"B", "ts":"1543173205", "pid":"1", "tid":"cice"},
{"name":"ModelAdvance", "ph":"E", "ts":"1543656719", "pid":"1", "tid":"cice"},
{"name":"ModelAdvance", "ph":"B", "ts":"1543781624", "pid":"1", "tid":"cice"},
{"name":"ModelAdvance", "ph":"E", "ts":"1544251349", "pid":"1", "tid":"cice"},
{"name":"ModelAdvance", "ph":"B", "ts":"1544383989", "pid":"1", "tid":"cice"},
{"name":"ModelAdvance", "ph":"E", "ts":"1544855484", "pid":"1", "tid":"cice"},
{"name":"ModelAdvance", "ph":"B", "ts":"1544991612", "pid":"1", "tid":"cice"},
{"name":"ModelAdvance", "ph":"E", "ts":"1545466198", "pid":"1", "tid":"cice"},
{"name":"ModelAdvance", "ph":"B", "ts":"1545588819", "pid":"1", "tid":"cice"},
{"name":"ModelAdvance", "ph":"E", "ts":"1546062187", "pid":"1", "tid":"cice"},
{"name":"ModelAdvance", "ph":"B", "ts":"1546199274", "pid":"1", "tid":"cice"},
{"name":"ModelAdvance", "ph":"E", "ts":"1546669133", "pid":"1", "tid":"cice"},
{"name":"ModelAdvance", "ph":"B", "ts":"1546793351", "pid":"1", "tid":"cice"},
{"name":"ModelAdvance", "ph":"E", "ts":"1547264437", "pid":"1", "tid":"cice"},
{"name":"ModelAdvance", "ph":"B", "ts":"1547394645", "pid":"1", "tid":"cice"},
{"name":"ModelAdvance", "ph":"E", "ts":"1547860780", "pid":"1", "tid":"cice"},
{"name":"ModelAdvance", "ph":"B", "ts":"1548002011", "pid":"1", "tid":"cice"},
{"name":"ModelAdvance", "ph":"E", "ts":"1548468410", "pid":"1", "tid":"cice"},
{"name":"ModelAdvance", "ph":"B", "ts":"1548603692", "pid":"1", "tid":"cice"},
{"name":"ModelAdvance", "ph":"E", "ts":"1549075154", "pid":"1", "tid":"cice"},
{"name":"ModelAdvance", "ph":"B", "ts":"1549201913", "pid":"1", "tid":"cice"},
{"name":"ModelAdvance", "ph":"E", "ts":"1549675057", "pid":"1", "tid":"cice"},
{"name":"ModelAdvance", "ph":"B", "ts":"1549809428", "pid":"1", "tid":"cice"},
{"name":"ModelAdvance", "ph":"E", "ts":"1550282344", "pid":"1", "tid":"cice"},
{"name":"ModelAdvance", "ph":"B", "ts":"1550406281", "pid":"1", "tid":"cice"},
{"name":"ModelAdvance", "ph":"E", "ts":"1550889215", "pid":"1", "tid":"cice"},
{"name":"ModelAdvance", "ph":"B", "ts":"1551010813", "pid":"1", "tid":"cice"},
{"name":"ModelAdvance", "ph":"E", "ts":"1551482354", "pid":"1", "tid":"cice"},
{"name":"ModelAdvance", "ph":"B", "ts":"1551615300", "pid":"1", "tid":"cice"},
{"name":"ModelAdvance", "ph":"E", "ts":"1552092388", "pid":"1", "tid":"cice"},
{"name":"ModelAdvance", "ph":"B", "ts":"1552222375", "pid":"1", "tid":"cice"},
{"name":"ModelAdvance", "ph":"E", "ts":"1552699510", "pid":"1", "tid":"cice"},
{"name":"ModelAdvance", "ph":"B", "ts":"1552837346", "pid":"1", "tid":"cice"},
{"name":"ModelAdvance", "ph":"E", "ts":"1553299699", "pid":"1", "tid":"cice"},
{"name":"ModelAdvance", "ph":"B", "ts":"1553432336", "pid":"1", "tid":"cice"},
{"name":"ModelAdvance", "ph":"E", "ts":"1553907705", "pid":"1", "tid":"cice"},
{"name":"ModelAdvance", "ph":"B", "ts":"1554024754", "pid":"1", "tid":"cice"},
{"name":"ModelAdvance", "ph":"E", "ts":"1554505861", "pid":"1", "tid":"cice"},
{"name":"ModelAdvance", "ph":"B", "ts":"1554636786", "pid":"1", "tid":"cice"},
{"name":"ModelAdvance", "ph":"E", "ts":"1555105214", "pid":"1", "tid":"cice"},
{"name":"ModelAdvance", "ph":"B", "ts":"1555237256", "pid":"1", "tid":"cice"},
{"name":"ModelAdvance", "ph":"E", "ts":"1555709679", "pid":"1", "tid":"cice"},
{"name":"ModelAdvance", "ph":"B", "ts":"1555844425", "pid":"1", "tid":"cice"},
{"name":"ModelAdvance", "ph":"E", "ts":"1556311069", "pid":"1", "tid":"cice"},
{"name":"ModelAdvance", "ph":"B", "ts":"1556438621", "pid":"1", "tid":"cice"},
{"name":"ModelAdvance", "ph":"E", "ts":"1556912947", "pid":"1", "tid":"cice"},
{"name":"ModelAdvance", "ph":"B", "ts":"1557048139", "pid":"1", "tid":"cice"},
{"name":"ModelAdvance", "ph":"E", "ts":"1557516253", "pid":"1", "tid":"cice"},
{"name":"ModelAdvance", "ph":"B", "ts":"1558320129", "pid":"1", "tid":"cice"},
{"name":"ModelAdvance", "ph":"E", "ts":"1558793797", "pid":"1", "tid":"cice"},
{"name":"ModelAdvance", "ph":"B", "ts":"1558915987", "pid":"1", "tid":"cice"},
{"name":"ModelAdvance", "ph":"E", "ts":"1559395576", "pid":"1", "tid":"cice"},
{"name":"ModelAdvance", "ph":"B", "ts":"1559511482", "pid":"1", "tid":"cice"},
{"name":"ModelAdvance", "ph":"E", "ts":"1559984274", "pid":"1", "tid":"cice"},
{"name":"ModelAdvance", "ph":"B", "ts":"1560113145", "pid":"1", "tid":"cice"},
{"name":"ModelAdvance", "ph":"E", "ts":"1560579601", "pid":"1", "tid":"cice"},
{"name":"ModelAdvance", "ph":"B", "ts":"1560710450", "pid":"1", "tid":"cice"},
{"name":"ModelAdvance", "ph":"E", "ts":"1561190630", "pid":"1", "tid":"cice"},
{"name":"ModelAdvance", "ph":"B", "ts":"1561310666", "pid":"1", "tid":"cice"},
{"name":"ModelAdvance", "ph":"E", "ts":"1561787047", "pid":"1", "tid":"cice"},
{"name":"ModelAdvance", "ph":"B", "ts":"1561913802", "pid":"1", "tid":"cice"},
{"name":"ModelAdvance", "ph":"E", "ts":"1562384469", "pid":"1", "tid":"cice"},
{"name":"ModelAdvance", "ph":"B", "ts":"1562512486", "pid":"1", "tid":"cice"},
{"name":"ModelAdvance", "ph":"E", "ts":"1562984244", "pid":"1", "tid":"cice"},
{"name":"ModelAdvance", "ph":"B", "ts":"1563109973", "pid":"1", "tid":"cice"},
{"name":"ModelAdvance", "ph":"E", "ts":"1563585146", "pid":"1", "tid":"cice"},
{"name":"ModelAdvance", "ph":"B", "ts":"1563710955", "pid":"1", "tid":"cice"},
{"name":"ModelAdvance", "ph":"E", "ts":"1564176143", "pid":"1", "tid":"cice"},
{"name":"ModelAdvance", "ph":"B", "ts":"1564312898", "pid":"1", "tid":"cice"},
{"name":"ModelAdvance", "ph":"E", "ts":"1564788345", "pid":"1", "tid":"cice"},
{"name":"ModelAdvance", "ph":"B", "ts":"1564919102", "pid":"1", "tid":"cice"},
{"name":"ModelAdvance", "ph":"E", "ts":"1565400429", "pid":"1", "tid":"cice"},
{"name":"ModelAdvance", "ph":"B", "ts":"1565521709", "pid":"1", "tid":"cice"},
{"name":"ModelAdvance", "ph":"E", "ts":"1565997367", "pid":"1", "tid":"cice"},
{"name":"ModelAdvance", "ph":"B", "ts":"1566123130", "pid":"1", "tid":"cice"},
{"name":"ModelAdvance", "ph":"E", "ts":"1566601776", "pid":"1", "tid":"cice"},
{"name":"ModelAdvance", "ph":"B", "ts":"1566728079", "pid":"1", "tid":"cice"},
{"name":"ModelAdvance", "ph":"E", "ts":"1567197516", "pid":"1", "tid":"cice"},
{"name":"ModelAdvance", "ph":"B", "ts":"1567330968", "pid":"1", "tid":"cice"},
{"name":"ModelAdvance", "ph":"E", "ts":"1567802544", "pid":"1", "tid":"cice"},
{"name":"ModelAdvance", "ph":"B", "ts":"1567938723", "pid":"1", "tid":"cice"},
{"name":"ModelAdvance", "ph":"E", "ts":"1568402222", "pid":"1", "tid":"cice"},
{"name":"ModelAdvance", "ph":"B", "ts":"1568538929", "pid":"1", "tid":"cice"},
{"name":"ModelAdvance", "ph":"E", "ts":"1569024821", "pid":"1", "tid":"cice"},
{"name":"ModelAdvance", "ph":"B", "ts":"1569149050", "pid":"1", "tid":"cice"},
{"name":"ModelAdvance", "ph":"E", "ts":"1569626445", "pid":"1", "tid":"cice"},
{"name":"ModelAdvance", "ph":"B", "ts":"1569753147", "pid":"1", "tid":"cice"},
{"name":"ModelAdvance", "ph":"E", "ts":"1570225405", "pid":"1", "tid":"cice"},
{"name":"ModelAdvance", "ph":"B", "ts":"1570342473", "pid":"1", "tid":"cice"},
{"name":"ModelAdvance", "ph":"E", "ts":"1570826601", "pid":"1", "tid":"cice"},
{"name":"ModelAdvance", "ph":"B", "ts":"1570945858", "pid":"1", "tid":"cice"},
{"name":"ModelAdvance", "ph":"E", "ts":"1571415045", "pid":"1", "tid":"cice"},
{"name":"ModelAdvance", "ph":"B", "ts":"1571547704", "pid":"1", "tid":"cice"},
{"name":"ModelAdvance", "ph":"E", "ts":"1572119983", "pid":"1", "tid":"cice"},
{"name":"ModelAdvance", "ph":"B", "ts":"1572169140", "pid":"1", "tid":"cice"},
{"name":"ModelAdvance", "ph":"E", "ts":"1572640846", "pid":"1", "tid":"cice"},
{"name":"ModelAdvance", "ph":"B", "ts":"1573423572", "pid":"1", "tid":"cice"},
{"name":"ModelAdvance", "ph":"E", "ts":"1573892052", "pid":"1", "tid":"cice"},
{"name":"ModelAdvance", "ph":"B", "ts":"1574019590", "pid":"1", "tid":"cice"},
{"name":"ModelAdvance", "ph":"E", "ts":"1574489204", "pid":"1", "tid":"cice"},
{"name":"ModelAdvance", "ph":"B", "ts":"1574621444", "pid":"1", "tid":"cice"},
{"name":"ModelAdvance", "ph":"E", "ts":"1575088166", "pid":"1", "tid":"cice"},
{"name":"ModelAdvance", "ph":"B", "ts":"1575222392", "pid":"1", "tid":"cice"},
{"name":"ModelAdvance", "ph":"E", "ts":"1575707128", "pid":"1", "tid":"cice"},
{"name":"ModelAdvance", "ph":"B", "ts":"1575822172", "pid":"1", "tid":"cice"},
{"name":"ModelAdvance", "ph":"E", "ts":"1576299913", "pid":"1", "tid":"cice"},
{"name":"ModelAdvance", "ph":"B", "ts":"1576434111", "pid":"1", "tid":"cice"},
{"name":"ModelAdvance", "ph":"E", "ts":"1576904221", "pid":"1", "tid":"cice"},
{"name":"ModelAdvance", "ph":"B", "ts":"1577022546", "pid":"1", "tid":"cice"},
{"name":"ModelAdvance", "ph":"E", "ts":"1577500703", "pid":"1", "tid":"cice"},
{"name":"ModelAdvance", "ph":"B", "ts":"1577626650", "pid":"1", "tid":"cice"},
{"name":"ModelAdvance", "ph":"E", "ts":"1578112298", "pid":"1", "tid":"cice"},
{"name":"ModelAdvance", "ph":"B", "ts":"1578231383", "pid":"1", "tid":"cice"},
{"name":"ModelAdvance", "ph":"E", "ts":"1578706531", "pid":"1", "tid":"cice"},
{"name":"ModelAdvance", "ph":"B", "ts":"1578837829", "pid":"1", "tid":"cice"},
{"name":"ModelAdvance", "ph":"E", "ts":"1579305076", "pid":"1", "tid":"cice"},
{"name":"ModelAdvance", "ph":"B", "ts":"1579441638", "pid":"1", "tid":"cice"},
{"name":"ModelAdvance", "ph":"E", "ts":"1579916893", "pid":"1", "tid":"cice"},
{"name":"ModelAdvance", "ph":"B", "ts":"1580046176", "pid":"1", "tid":"cice"},
{"name":"ModelAdvance", "ph":"E", "ts":"1580531305", "pid":"1", "tid":"cice"},
{"name":"ModelAdvance", "ph":"B", "ts":"1580650355", "pid":"1", "tid":"cice"},
{"name":"ModelAdvance", "ph":"E", "ts":"1581127269", "pid":"1", "tid":"cice"},
{"name":"ModelAdvance", "ph":"B", "ts":"1581255851", "pid":"1", "tid":"cice"},
{"name":"ModelAdvance", "ph":"E", "ts":"1581731056", "pid":"1", "tid":"cice"},
{"name":"ModelAdvance", "ph":"B", "ts":"1581858477", "pid":"1", "tid":"cice"},
{"name":"ModelAdvance", "ph":"E", "ts":"1582331505", "pid":"1", "tid":"cice"},
{"name":"ModelAdvance", "ph":"B", "ts":"1582466008", "pid":"1", "tid":"cice"},
{"name":"ModelAdvance", "ph":"E", "ts":"1582932947", "pid":"1", "tid":"cice"},
{"name":"ModelAdvance", "ph":"B", "ts":"1583086436", "pid":"1", "tid":"cice"},
{"name":"ModelAdvance", "ph":"E", "ts":"1583563239", "pid":"1", "tid":"cice"},
{"name":"ModelAdvance", "ph":"B", "ts":"1583701567", "pid":"1", "tid":"cice"},
{"name":"ModelAdvance", "ph":"E", "ts":"1584174268", "pid":"1", "tid":"cice"},
{"name":"ModelAdvance", "ph":"B", "ts":"1584309697", "pid":"1", "tid":"cice"},
{"name":"ModelAdvance", "ph":"E", "ts":"1584781634", "pid":"1", "tid":"cice"},
{"name":"ModelAdvance", "ph":"B", "ts":"1584949156", "pid":"1", "tid":"cice"},
{"name":"ModelAdvance", "ph":"E", "ts":"1585420816", "pid":"1", "tid":"cice"},
{"name":"ModelAdvance", "ph":"B", "ts":"1585569689", "pid":"1", "tid":"cice"},
{"name":"ModelAdvance", "ph":"E", "ts":"1586035290", "pid":"1", "tid":"cice"},
{"name":"ModelAdvance", "ph":"B", "ts":"1586165181", "pid":"1", "tid":"cice"},
{"name":"ModelAdvance", "ph":"E", "ts":"1586620928", "pid":"1", "tid":"cice"},
{"name":"ModelAdvance", "ph":"B", "ts":"1586767198", "pid":"1", "tid":"cice"},
{"name":"ModelAdvance", "ph":"E", "ts":"1587240892", "pid":"1", "tid":"cice"},
{"name":"ModelAdvance", "ph":"B", "ts":"1587388412", "pid":"1", "tid":"cice"},
{"name":"ModelAdvance", "ph":"E", "ts":"1587866263", "pid":"1", "tid":"cice"},
{"name":"ModelAdvance", "ph":"B", "ts":"1588645720", "pid":"1", "tid":"cice"},
{"name":"ModelAdvance", "ph":"E", "ts":"1589118611", "pid":"1", "tid":"cice"},
{"name":"ModelAdvance", "ph":"B", "ts":"1589250673", "pid":"1", "tid":"cice"},
{"name":"ModelAdvance", "ph":"E", "ts":"1589732074", "pid":"1", "tid":"cice"},
{"name":"ModelAdvance", "ph":"B", "ts":"1589856589", "pid":"1", "tid":"cice"},
{"name":"ModelAdvance", "ph":"E", "ts":"1590331599", "pid":"1", "tid":"cice"},
{"name":"ModelAdvance", "ph":"B", "ts":"1590467504", "pid":"1", "tid":"cice"},
{"name":"ModelAdvance", "ph":"E", "ts":"1590925674", "pid":"1", "tid":"cice"},
{"name":"ModelAdvance", "ph":"B", "ts":"1591061443", "pid":"1", "tid":"cice"},
{"name":"ModelAdvance", "ph":"E", "ts":"1591538680", "pid":"1", "tid":"cice"},
{"name":"ModelAdvance", "ph":"B", "ts":"1591664152", "pid":"1", "tid":"cice"},
{"name":"ModelAdvance", "ph":"E", "ts":"1592141822", "pid":"1", "tid":"cice"},
{"name":"ModelAdvance", "ph":"B", "ts":"1592274105", "pid":"1", "tid":"cice"},
{"name":"ModelAdvance", "ph":"E", "ts":"1592740996", "pid":"1", "tid":"cice"},
{"name":"ModelAdvance", "ph":"B", "ts":"1592864603", "pid":"1", "tid":"cice"},
{"name":"ModelAdvance", "ph":"E", "ts":"1593338264", "pid":"1", "tid":"cice"},
{"name":"ModelAdvance", "ph":"B", "ts":"1593472957", "pid":"1", "tid":"cice"},
{"name":"ModelAdvance", "ph":"E", "ts":"1593953399", "pid":"1", "tid":"cice"},
{"name":"ModelAdvance", "ph":"B", "ts":"1599826196", "pid":"1", "tid":"cice"},
{"name":"ModelAdvance", "ph":"E", "ts":"1600304096", "pid":"1", "tid":"cice"},
{"name":"ModelAdvance", "ph":"B", "ts":"1600453361", "pid":"1", "tid":"cice"},
{"name":"ModelAdvance", "ph":"E", "ts":"1600928370", "pid":"1", "tid":"cice"},
{"name":"ModelAdvance", "ph":"B", "ts":"1601058364", "pid":"1", "tid":"cice"},
{"name":"ModelAdvance", "ph":"E", "ts":"1601529597", "pid":"1", "tid":"cice"},
{"name":"ModelAdvance", "ph":"B", "ts":"1601667420", "pid":"1", "tid":"cice"},
{"name":"ModelAdvance", "ph":"E", "ts":"1602144512", "pid":"1", "tid":"cice"},
{"name":"ModelAdvance", "ph":"B", "ts":"1602265872", "pid":"1", "tid":"cice"},
{"name":"ModelAdvance", "ph":"E", "ts":"1602737831", "pid":"1", "tid":"cice"},
{"name":"ModelAdvance", "ph":"B", "ts":"1602865537", "pid":"1", "tid":"cice"},
{"name":"ModelAdvance", "ph":"E", "ts":"1603345787", "pid":"1", "tid":"cice"},
{"name":"ModelAdvance", "ph":"B", "ts":"1603464609", "pid":"1", "tid":"cice"},
{"name":"ModelAdvance", "ph":"E", "ts":"1603946125", "pid":"1", "tid":"cice"},
{"name":"ModelAdvance", "ph":"B", "ts":"1604063595", "pid":"1", "tid":"cice"},
{"name":"ModelAdvance", "ph":"E", "ts":"1604545054", "pid":"1", "tid":"cice"},
{"name":"ModelAdvance", "ph":"B", "ts":"1604701285", "pid":"1", "tid":"cice"},
{"name":"ModelAdvance", "ph":"E", "ts":"1605174714", "pid":"1", "tid":"cice"},
{"name":"ModelAdvance", "ph":"B", "ts":"1605313912", "pid":"1", "tid":"cice"},
{"name":"ModelAdvance", "ph":"E", "ts":"1605790605", "pid":"1", "tid":"cice"},
{"name":"ModelAdvance", "ph":"B", "ts":"1605908108", "pid":"1", "tid":"cice"},
{"name":"ModelAdvance", "ph":"E", "ts":"1606385237", "pid":"1", "tid":"cice"},
{"name":"ModelAdvance", "ph":"B", "ts":"1606511131", "pid":"1", "tid":"cice"},
{"name":"ModelAdvance", "ph":"E", "ts":"1606984739", "pid":"1", "tid":"cice"},
{"name":"ModelAdvance", "ph":"B", "ts":"1607116904", "pid":"1", "tid":"cice"},
{"name":"ModelAdvance", "ph":"E", "ts":"1607591869", "pid":"1", "tid":"cice"},
{"name":"ModelAdvance", "ph":"B", "ts":"1607719761", "pid":"1", "tid":"cice"},
{"name":"ModelAdvance", "ph":"E", "ts":"1608200054", "pid":"1", "tid":"cice"},
{"name":"ModelAdvance", "ph":"B", "ts":"1608469135", "pid":"1", "tid":"cice"},
{"name":"ModelAdvance", "ph":"E", "ts":"1608949623", "pid":"1", "tid":"cice"},
{"name":"ModelAdvance", "ph":"B", "ts":"1609746727", "pid":"1", "tid":"cice"},
{"name":"ModelAdvance", "ph":"E", "ts":"1610218034", "pid":"1", "tid":"cice"},
{"name":"ModelAdvance", "ph":"B", "ts":"1610343074", "pid":"1", "tid":"cice"},
{"name":"ModelAdvance", "ph":"E", "ts":"1610814666", "pid":"1", "tid":"cice"},
{"name":"ModelAdvance", "ph":"B", "ts":"1610942903", "pid":"1", "tid":"cice"},
{"name":"ModelAdvance", "ph":"E", "ts":"1611425566", "pid":"1", "tid":"cice"},
{"name":"ModelAdvance", "ph":"B", "ts":"1611552404", "pid":"1", "tid":"cice"},
{"name":"ModelAdvance", "ph":"E", "ts":"1612032896", "pid":"1", "tid":"cice"},
{"name":"ModelAdvance", "ph":"B", "ts":"1612157241", "pid":"1", "tid":"cice"},
{"name":"ModelAdvance", "ph":"E", "ts":"1612631915", "pid":"1", "tid":"cice"},
{"name":"ModelAdvance", "ph":"B", "ts":"1612810326", "pid":"1", "tid":"cice"},
{"name":"ModelAdvance", "ph":"E", "ts":"1613282278", "pid":"1", "tid":"cice"},
{"name":"ModelAdvance", "ph":"B", "ts":"1613402858", "pid":"1", "tid":"cice"},
{"name":"ModelAdvance", "ph":"E", "ts":"1613886358", "pid":"1", "tid":"cice"},
{"name":"ModelAdvance", "ph":"B", "ts":"1614004887", "pid":"1", "tid":"cice"},
{"name":"ModelAdvance", "ph":"E", "ts":"1614489158", "pid":"1", "tid":"cice"},
{"name":"ModelAdvance", "ph":"B", "ts":"1614619317", "pid":"1", "tid":"cice"},
{"name":"ModelAdvance", "ph":"E", "ts":"1615091032", "pid":"1", "tid":"cice"},
{"name":"ModelAdvance", "ph":"B", "ts":"1615219706", "pid":"1", "tid":"cice"},
{"name":"ModelAdvance", "ph":"E", "ts":"1615703904", "pid":"1", "tid":"cice"},
{"name":"ModelAdvance", "ph":"B", "ts":"1615845480", "pid":"1", "tid":"cice"},
{"name":"ModelAdvance", "ph":"E", "ts":"1616325788", "pid":"1", "tid":"cice"},
{"name":"ModelAdvance", "ph":"B", "ts":"1616459126", "pid":"1", "tid":"cice"},
{"name":"ModelAdvance", "ph":"E", "ts":"1616937134", "pid":"1", "tid":"cice"},
{"name":"ModelAdvance", "ph":"B", "ts":"1617069650", "pid":"1", "tid":"cice"},
{"name":"ModelAdvance", "ph":"E", "ts":"1617545857", "pid":"1", "tid":"cice"},
{"name":"ModelAdvance", "ph":"B", "ts":"1617701868", "pid":"1", "tid":"cice"},
{"name":"ModelAdvance", "ph":"E", "ts":"1618182402", "pid":"1", "tid":"cice"},
{"name":"ModelAdvance", "ph":"B", "ts":"1618300716", "pid":"1", "tid":"cice"},
{"name":"ModelAdvance", "ph":"E", "ts":"1618770577", "pid":"1", "tid":"cice"},
{"name":"ModelAdvance", "ph":"B", "ts":"1618912627", "pid":"1", "tid":"cice"},
{"name":"ModelAdvance", "ph":"E", "ts":"1619384084", "pid":"1", "tid":"cice"},
{"name":"ModelAdvance", "ph":"B", "ts":"1619520213", "pid":"1", "tid":"cice"},
{"name":"ModelAdvance", "ph":"E", "ts":"1619991816", "pid":"1", "tid":"cice"},
{"name":"ModelAdvance", "ph":"B", "ts":"1620122666", "pid":"1", "tid":"cice"},
{"name":"ModelAdvance", "ph":"E", "ts":"1620591783", "pid":"1", "tid":"cice"},
{"name":"ModelAdvance", "ph":"B", "ts":"1620717124", "pid":"1", "tid":"cice"},
{"name":"ModelAdvance", "ph":"E", "ts":"1621197054", "pid":"1", "tid":"cice"},
{"name":"ModelAdvance", "ph":"B", "ts":"1621323597", "pid":"1", "tid":"cice"},
{"name":"ModelAdvance", "ph":"E", "ts":"1621799802", "pid":"1", "tid":"cice"},
{"name":"ModelAdvance", "ph":"B", "ts":"1621936955", "pid":"1", "tid":"cice"},
{"name":"ModelAdvance", "ph":"E", "ts":"1622411830", "pid":"1", "tid":"cice"},
{"name":"ModelAdvance", "ph":"B", "ts":"1622547107", "pid":"1", "tid":"cice"},
{"name":"ModelAdvance", "ph":"E", "ts":"1623025125", "pid":"1", "tid":"cice"},
{"name":"ModelAdvance", "ph":"B", "ts":"1623155453", "pid":"1", "tid":"cice"},
{"name":"ModelAdvance", "ph":"E", "ts":"1623631748", "pid":"1", "tid":"cice"},
{"name":"ModelAdvance", "ph":"B", "ts":"1623933597", "pid":"1", "tid":"cice"},
{"name":"ModelAdvance", "ph":"E", "ts":"1624412272", "pid":"1", "tid":"cice"},
{"name":"ModelAdvance", "ph":"B", "ts":"1625252469", "pid":"1", "tid":"cice"},
{"name":"ModelAdvance", "ph":"E", "ts":"1625735319", "pid":"1", "tid":"cice"},
{"name":"ModelAdvance", "ph":"B", "ts":"1625851985", "pid":"1", "tid":"cice"},
{"name":"ModelAdvance", "ph":"E", "ts":"1626329914", "pid":"1", "tid":"cice"},
{"name":"ModelAdvance", "ph":"B", "ts":"1626457051", "pid":"1", "tid":"cice"},
{"name":"ModelAdvance", "ph":"E", "ts":"1626928447", "pid":"1", "tid":"cice"},
{"name":"ModelAdvance", "ph":"B", "ts":"1627049302", "pid":"1", "tid":"cice"},
{"name":"ModelAdvance", "ph":"E", "ts":"1627525066", "pid":"1", "tid":"cice"},
{"name":"ModelAdvance", "ph":"B", "ts":"1627655272", "pid":"1", "tid":"cice"},
{"name":"ModelAdvance", "ph":"E", "ts":"1628123944", "pid":"1", "tid":"cice"},
{"name":"ModelAdvance", "ph":"B", "ts":"1628255390", "pid":"1", "tid":"cice"},
{"name":"ModelAdvance", "ph":"E", "ts":"1628737661", "pid":"1", "tid":"cice"},
{"name":"ModelAdvance", "ph":"B", "ts":"1628859646", "pid":"1", "tid":"cice"},
{"name":"ModelAdvance", "ph":"E", "ts":"1629335793", "pid":"1", "tid":"cice"},
{"name":"ModelAdvance", "ph":"B", "ts":"1629457077", "pid":"1", "tid":"cice"},
{"name":"ModelAdvance", "ph":"E", "ts":"1629924841", "pid":"1", "tid":"cice"},
{"name":"ModelAdvance", "ph":"B", "ts":"1630066658", "pid":"1", "tid":"cice"},
{"name":"ModelAdvance", "ph":"E", "ts":"1630537053", "pid":"1", "tid":"cice"},
{"name":"ModelAdvance", "ph":"B", "ts":"1630666921", "pid":"1", "tid":"cice"},
{"name":"ModelAdvance", "ph":"E", "ts":"1631147016", "pid":"1", "tid":"cice"},
{"name":"ModelAdvance", "ph":"B", "ts":"1631277620", "pid":"1", "tid":"cice"},
{"name":"ModelAdvance", "ph":"E", "ts":"1631758072", "pid":"1", "tid":"cice"},
{"name":"ModelAdvance", "ph":"B", "ts":"1631929161", "pid":"1", "tid":"cice"},
{"name":"ModelAdvance", "ph":"E", "ts":"1632406621", "pid":"1", "tid":"cice"},
{"name":"ModelAdvance", "ph":"B", "ts":"1632526660", "pid":"1", "tid":"cice"},
{"name":"ModelAdvance", "ph":"E", "ts":"1633004057", "pid":"1", "tid":"cice"},
{"name":"ModelAdvance", "ph":"B", "ts":"1633129506", "pid":"1", "tid":"cice"},
{"name":"ModelAdvance", "ph":"E", "ts":"1633612838", "pid":"1", "tid":"cice"},
{"name":"ModelAdvance", "ph":"B", "ts":"1633736684", "pid":"1", "tid":"cice"},
{"name":"ModelAdvance", "ph":"E", "ts":"1634211815", "pid":"1", "tid":"cice"},
{"name":"ModelAdvance", "ph":"B", "ts":"1634337363", "pid":"1", "tid":"cice"},
{"name":"ModelAdvance", "ph":"E", "ts":"1634801225", "pid":"1", "tid":"cice"},
{"name":"ModelAdvance", "ph":"B", "ts":"1634937469", "pid":"1", "tid":"cice"},
{"name":"ModelAdvance", "ph":"E", "ts":"1635416658", "pid":"1", "tid":"cice"},
{"name":"ModelAdvance", "ph":"B", "ts":"1635543619", "pid":"1", "tid":"cice"},
{"name":"ModelAdvance", "ph":"E", "ts":"1636017124", "pid":"1", "tid":"cice"},
{"name":"ModelAdvance", "ph":"B", "ts":"1636149267", "pid":"1", "tid":"cice"},
{"name":"ModelAdvance", "ph":"E", "ts":"1636622486", "pid":"1", "tid":"cice"},
{"name":"ModelAdvance", "ph":"B", "ts":"1636752236", "pid":"1", "tid":"cice"},
{"name":"ModelAdvance", "ph":"E", "ts":"1637219210", "pid":"1", "tid":"cice"},
{"name":"ModelAdvance", "ph":"B", "ts":"1637340511", "pid":"1", "tid":"cice"},
{"name":"ModelAdvance", "ph":"E", "ts":"1637826049", "pid":"1", "tid":"cice"},
{"name":"ModelAdvance", "ph":"B", "ts":"1637946773", "pid":"1", "tid":"cice"},
{"name":"ModelAdvance", "ph":"E", "ts":"1638420929", "pid":"1", "tid":"cice"},
{"name":"ModelAdvance", "ph":"B", "ts":"1638548153", "pid":"1", "tid":"cice"},
{"name":"ModelAdvance", "ph":"E", "ts":"1639020143", "pid":"1", "tid":"cice"},
{"name":"ModelAdvance", "ph":"B", "ts":"1639251767", "pid":"1", "tid":"cice"},
{"name":"ModelAdvance", "ph":"E", "ts":"1639721521", "pid":"1", "tid":"cice"},
{"name":"ModelAdvance", "ph":"B", "ts":"1640527676", "pid":"1", "tid":"cice"},
{"name":"ModelAdvance", "ph":"E", "ts":"1640989554", "pid":"1", "tid":"cice"},
{"name":"ModelAdvance", "ph":"B", "ts":"1641119620", "pid":"1", "tid":"cice"},
{"name":"ModelAdvance", "ph":"E", "ts":"1641586327", "pid":"1", "tid":"cice"},
{"name":"ModelAdvance", "ph":"B", "ts":"1641728396", "pid":"1", "tid":"cice"},
{"name":"ModelAdvance", "ph":"E", "ts":"1642195474", "pid":"1", "tid":"cice"},
{"name":"ModelAdvance", "ph":"B", "ts":"1642321902", "pid":"1", "tid":"cice"},
{"name":"ModelAdvance", "ph":"E", "ts":"1642792459", "pid":"1", "tid":"cice"},
{"name":"ModelAdvance", "ph":"B", "ts":"1642921567", "pid":"1", "tid":"cice"},
{"name":"ModelAdvance", "ph":"E", "ts":"1643391841", "pid":"1", "tid":"cice"},
{"name":"ModelAdvance", "ph":"B", "ts":"1643523538", "pid":"1", "tid":"cice"},
{"name":"ModelAdvance", "ph":"E", "ts":"1644001581", "pid":"1", "tid":"cice"},
{"name":"ModelAdvance", "ph":"B", "ts":"1644122477", "pid":"1", "tid":"cice"},
{"name":"ModelAdvance", "ph":"E", "ts":"1644598991", "pid":"1", "tid":"cice"},
{"name":"ModelAdvance", "ph":"B", "ts":"1644736242", "pid":"1", "tid":"cice"},
{"name":"ModelAdvance", "ph":"E", "ts":"1645208160", "pid":"1", "tid":"cice"},
{"name":"ModelAdvance", "ph":"B", "ts":"1645328896", "pid":"1", "tid":"cice"},
{"name":"ModelAdvance", "ph":"E", "ts":"1645808971", "pid":"1", "tid":"cice"},
{"name":"ModelAdvance", "ph":"B", "ts":"1645937978", "pid":"1", "tid":"cice"},
{"name":"ModelAdvance", "ph":"E", "ts":"1646406771", "pid":"1", "tid":"cice"},
{"name":"ModelAdvance", "ph":"B", "ts":"1646533837", "pid":"1", "tid":"cice"},
{"name":"ModelAdvance", "ph":"E", "ts":"1647005724", "pid":"1", "tid":"cice"},
{"name":"ModelAdvance", "ph":"B", "ts":"1647146282", "pid":"1", "tid":"cice"},
{"name":"ModelAdvance", "ph":"E", "ts":"1647616318", "pid":"1", "tid":"cice"},
{"name":"ModelAdvance", "ph":"B", "ts":"1647742673", "pid":"1", "tid":"cice"},
{"name":"ModelAdvance", "ph":"E", "ts":"1648212247", "pid":"1", "tid":"cice"},
{"name":"ModelAdvance", "ph":"B", "ts":"1648348045", "pid":"1", "tid":"cice"},
{"name":"ModelAdvance", "ph":"E", "ts":"1648815886", "pid":"1", "tid":"cice"},
{"name":"ModelAdvance", "ph":"B", "ts":"1648947376", "pid":"1", "tid":"cice"},
{"name":"ModelAdvance", "ph":"E", "ts":"1649419638", "pid":"1", "tid":"cice"},
{"name":"ModelAdvance", "ph":"B", "ts":"1649581304", "pid":"1", "tid":"cice"},
{"name":"ModelAdvance", "ph":"E", "ts":"1650043564", "pid":"1", "tid":"cice"},
{"name":"ModelAdvance", "ph":"B", "ts":"1650178923", "pid":"1", "tid":"cice"},
{"name":"ModelAdvance", "ph":"E", "ts":"1650655961", "pid":"1", "tid":"cice"},
{"name":"ModelAdvance", "ph":"B", "ts":"1650797148", "pid":"1", "tid":"cice"},
{"name":"ModelAdvance", "ph":"E", "ts":"1651256385", "pid":"1", "tid":"cice"},
{"name":"ModelAdvance", "ph":"B", "ts":"1651390427", "pid":"1", "tid":"cice"},
{"name":"ModelAdvance", "ph":"E", "ts":"1651856021", "pid":"1", "tid":"cice"},
{"name":"ModelAdvance", "ph":"B", "ts":"1651985452", "pid":"1", "tid":"cice"},
{"name":"ModelAdvance", "ph":"E", "ts":"1652450173", "pid":"1", "tid":"cice"},
{"name":"ModelAdvance", "ph":"B", "ts":"1652584670", "pid":"1", "tid":"cice"},
{"name":"ModelAdvance", "ph":"E", "ts":"1653052734", "pid":"1", "tid":"cice"},
{"name":"ModelAdvance", "ph":"B", "ts":"1653188849", "pid":"1", "tid":"cice"},
{"name":"ModelAdvance", "ph":"E", "ts":"1653650666", "pid":"1", "tid":"cice"},
{"name":"ModelAdvance", "ph":"B", "ts":"1653783169", "pid":"1", "tid":"cice"},
{"name":"ModelAdvance", "ph":"E", "ts":"1654253696", "pid":"1", "tid":"cice"},
{"name":"ModelAdvance", "ph":"B", "ts":"1654529728", "pid":"1", "tid":"cice"},
{"name":"ModelAdvance", "ph":"E", "ts":"1654994294", "pid":"1", "tid":"cice"},
{"name":"ModelAdvance", "ph":"B", "ts":"1655793202", "pid":"1", "tid":"cice"},
{"name":"ModelAdvance", "ph":"E", "ts":"1656256269", "pid":"1", "tid":"cice"},
{"name":"ModelAdvance", "ph":"B", "ts":"1656386866", "pid":"1", "tid":"cice"},
{"name":"ModelAdvance", "ph":"E", "ts":"1656856059", "pid":"1", "tid":"cice"},
{"name":"ModelAdvance", "ph":"B", "ts":"1656988230", "pid":"1", "tid":"cice"},
{"name":"ModelAdvance", "ph":"E", "ts":"1657452001", "pid":"1", "tid":"cice"},
{"name":"ModelAdvance", "ph":"B", "ts":"1657591524", "pid":"1", "tid":"cice"},
{"name":"ModelAdvance", "ph":"E", "ts":"1658056673", "pid":"1", "tid":"cice"},
{"name":"ModelAdvance", "ph":"B", "ts":"1658186775", "pid":"1", "tid":"cice"},
{"name":"ModelAdvance", "ph":"E", "ts":"1658650817", "pid":"1", "tid":"cice"},
{"name":"ModelAdvance", "ph":"B", "ts":"1658791165", "pid":"1", "tid":"cice"},
{"name":"ModelAdvance", "ph":"E", "ts":"1659256755", "pid":"1", "tid":"cice"},
{"name":"ModelAdvance", "ph":"B", "ts":"1659382538", "pid":"1", "tid":"cice"},
{"name":"ModelAdvance", "ph":"E", "ts":"1659851047", "pid":"1", "tid":"cice"},
{"name":"ModelAdvance", "ph":"B", "ts":"1659976832", "pid":"1", "tid":"cice"},
{"name":"ModelAdvance", "ph":"E", "ts":"1660449219", "pid":"1", "tid":"cice"},
{"name":"ModelAdvance", "ph":"B", "ts":"1660582102", "pid":"1", "tid":"cice"},
{"name":"ModelAdvance", "ph":"E", "ts":"1661047052", "pid":"1", "tid":"cice"},
{"name":"ModelAdvance", "ph":"B", "ts":"1661185076", "pid":"1", "tid":"cice"},
{"name":"ModelAdvance", "ph":"E", "ts":"1661644884", "pid":"1", "tid":"cice"},
{"name":"ModelAdvance", "ph":"B", "ts":"1661780532", "pid":"1", "tid":"cice"},
{"name":"ModelAdvance", "ph":"E", "ts":"1662248802", "pid":"1", "tid":"cice"},
{"name":"ModelAdvance", "ph":"B", "ts":"1662390992", "pid":"1", "tid":"cice"},
{"name":"ModelAdvance", "ph":"E", "ts":"1662852912", "pid":"1", "tid":"cice"},
{"name":"ModelAdvance", "ph":"B", "ts":"1662985076", "pid":"1", "tid":"cice"},
{"name":"ModelAdvance", "ph":"E", "ts":"1663454011", "pid":"1", "tid":"cice"},
{"name":"ModelAdvance", "ph":"B", "ts":"1663584578", "pid":"1", "tid":"cice"},
{"name":"ModelAdvance", "ph":"E", "ts":"1664054447", "pid":"1", "tid":"cice"},
{"name":"ModelAdvance", "ph":"B", "ts":"1664192863", "pid":"1", "tid":"cice"},
{"name":"ModelAdvance", "ph":"E", "ts":"1664654859", "pid":"1", "tid":"cice"},
{"name":"ModelAdvance", "ph":"B", "ts":"1664782269", "pid":"1", "tid":"cice"},
{"name":"ModelAdvance", "ph":"E", "ts":"1665250095", "pid":"1", "tid":"cice"},
{"name":"ModelAdvance", "ph":"B", "ts":"1665392889", "pid":"1", "tid":"cice"},
{"name":"ModelAdvance", "ph":"E", "ts":"1665850203", "pid":"1", "tid":"cice"},
{"name":"ModelAdvance", "ph":"B", "ts":"1665975563", "pid":"1", "tid":"cice"},
{"name":"ModelAdvance", "ph":"E", "ts":"1666443264", "pid":"1", "tid":"cice"},
{"name":"ModelAdvance", "ph":"B", "ts":"1666575418", "pid":"1", "tid":"cice"},
{"name":"ModelAdvance", "ph":"E", "ts":"1667045805", "pid":"1", "tid":"cice"},
{"name":"ModelAdvance", "ph":"B", "ts":"1667172971", "pid":"1", "tid":"cice"},
{"name":"ModelAdvance", "ph":"E", "ts":"1667644879", "pid":"1", "tid":"cice"},
{"name":"ModelAdvance", "ph":"B", "ts":"1667775584", "pid":"1", "tid":"cice"},
{"name":"ModelAdvance", "ph":"E", "ts":"1668245541", "pid":"1", "tid":"cice"},
{"name":"ModelAdvance", "ph":"B", "ts":"1668375301", "pid":"1", "tid":"cice"},
{"name":"ModelAdvance", "ph":"E", "ts":"1668846422", "pid":"1", "tid":"cice"},
{"name":"ModelAdvance", "ph":"B", "ts":"1668983206", "pid":"1", "tid":"cice"},
{"name":"ModelAdvance", "ph":"E", "ts":"1669552395", "pid":"1", "tid":"cice"},
{"name":"ModelAdvance", "ph":"B", "ts":"1669707507", "pid":"1", "tid":"cice"},
{"name":"ModelAdvance", "ph":"E", "ts":"1670169681", "pid":"1", "tid":"cice"},
{"name":"ModelAdvance", "ph":"B", "ts":"1670938205", "pid":"1", "tid":"cice"},
{"name":"ModelAdvance", "ph":"E", "ts":"1671414987", "pid":"1", "tid":"cice"},
{"name":"ModelAdvance", "ph":"B", "ts":"1671545966", "pid":"1", "tid":"cice"},
{"name":"ModelAdvance", "ph":"E", "ts":"1672013282", "pid":"1", "tid":"cice"},
{"name":"ModelAdvance", "ph":"B", "ts":"1672137703", "pid":"1", "tid":"cice"},
{"name":"ModelAdvance", "ph":"E", "ts":"1672615047", "pid":"1", "tid":"cice"},
{"name":"ModelAdvance", "ph":"B", "ts":"1672739358", "pid":"1", "tid":"cice"},
{"name":"ModelAdvance", "ph":"E", "ts":"1673210769", "pid":"1", "tid":"cice"},
{"name":"ModelAdvance", "ph":"B", "ts":"1673343083", "pid":"1", "tid":"cice"},
{"name":"ModelAdvance", "ph":"E", "ts":"1673816611", "pid":"1", "tid":"cice"},
{"name":"ModelAdvance", "ph":"B", "ts":"1673946056", "pid":"1", "tid":"cice"},
{"name":"ModelAdvance", "ph":"E", "ts":"1674416491", "pid":"1", "tid":"cice"},
{"name":"ModelAdvance", "ph":"B", "ts":"1674551006", "pid":"1", "tid":"cice"},
{"name":"ModelAdvance", "ph":"E", "ts":"1675018172", "pid":"1", "tid":"cice"},
{"name":"ModelAdvance", "ph":"B", "ts":"1675136637", "pid":"1", "tid":"cice"},
{"name":"ModelAdvance", "ph":"E", "ts":"1675617918", "pid":"1", "tid":"cice"},
{"name":"ModelAdvance", "ph":"B", "ts":"1675738472", "pid":"1", "tid":"cice"},
{"name":"ModelAdvance", "ph":"E", "ts":"1676217749", "pid":"1", "tid":"cice"},
{"name":"ModelAdvance", "ph":"B", "ts":"1676335566", "pid":"1", "tid":"cice"},
{"name":"ModelAdvance", "ph":"E", "ts":"1676807813", "pid":"1", "tid":"cice"},
{"name":"ModelAdvance", "ph":"B", "ts":"1676941576", "pid":"1", "tid":"cice"},
{"name":"ModelAdvance", "ph":"E", "ts":"1677407212", "pid":"1", "tid":"cice"},
{"name":"ModelAdvance", "ph":"B", "ts":"1677539336", "pid":"1", "tid":"cice"},
{"name":"ModelAdvance", "ph":"E", "ts":"1678013491", "pid":"1", "tid":"cice"},
{"name":"ModelAdvance", "ph":"B", "ts":"1678140604", "pid":"1", "tid":"cice"},
{"name":"ModelAdvance", "ph":"E", "ts":"1678614404", "pid":"1", "tid":"cice"},
{"name":"ModelAdvance", "ph":"B", "ts":"1678746588", "pid":"1", "tid":"cice"},
{"name":"ModelAdvance", "ph":"E", "ts":"1679215205", "pid":"1", "tid":"cice"},
{"name":"ModelAdvance", "ph":"B", "ts":"1679355754", "pid":"1", "tid":"cice"},
{"name":"ModelAdvance", "ph":"E", "ts":"1679826268", "pid":"1", "tid":"cice"},
{"name":"ModelAdvance", "ph":"B", "ts":"1679953034", "pid":"1", "tid":"cice"},
{"name":"ModelAdvance", "ph":"E", "ts":"1680421245", "pid":"1", "tid":"cice"},
{"name":"ModelAdvance", "ph":"B", "ts":"1680547809", "pid":"1", "tid":"cice"},
{"name":"ModelAdvance", "ph":"E", "ts":"1681022909", "pid":"1", "tid":"cice"},
{"name":"ModelAdvance", "ph":"B", "ts":"1681155728", "pid":"1", "tid":"cice"},
{"name":"ModelAdvance", "ph":"E", "ts":"1681617890", "pid":"1", "tid":"cice"},
{"name":"ModelAdvance", "ph":"B", "ts":"1681755094", "pid":"1", "tid":"cice"},
{"name":"ModelAdvance", "ph":"E", "ts":"1682219754", "pid":"1", "tid":"cice"},
{"name":"ModelAdvance", "ph":"B", "ts":"1682341224", "pid":"1", "tid":"cice"},
{"name":"ModelAdvance", "ph":"E", "ts":"1682822380", "pid":"1", "tid":"cice"},
{"name":"ModelAdvance", "ph":"B", "ts":"1682951608", "pid":"1", "tid":"cice"},
{"name":"ModelAdvance", "ph":"E", "ts":"1683417349", "pid":"1", "tid":"cice"},
{"name":"ModelAdvance", "ph":"B", "ts":"1683539416", "pid":"1", "tid":"cice"},
{"name":"ModelAdvance", "ph":"E", "ts":"1684018332", "pid":"1", "tid":"cice"},
{"name":"ModelAdvance", "ph":"B", "ts":"1684135987", "pid":"1", "tid":"cice"},
{"name":"ModelAdvance", "ph":"E", "ts":"1684617289", "pid":"1", "tid":"cice"},
{"name":"ModelAdvance", "ph":"B", "ts":"1684877285", "pid":"1", "tid":"cice"},
{"name":"ModelAdvance", "ph":"E", "ts":"1685350078", "pid":"1", "tid":"cice"},
{"name":"ModelAdvance", "ph":"B", "ts":"1686144002", "pid":"1", "tid":"cice"},
{"name":"ModelAdvance", "ph":"E", "ts":"1686605593", "pid":"1", "tid":"cice"},
{"name":"ModelAdvance", "ph":"B", "ts":"1686753787", "pid":"1", "tid":"cice"},
{"name":"ModelAdvance", "ph":"E", "ts":"1687219290", "pid":"1", "tid":"cice"},
{"name":"ModelAdvance", "ph":"B", "ts":"1687383385", "pid":"1", "tid":"cice"},
{"name":"ModelAdvance", "ph":"E", "ts":"1687858397", "pid":"1", "tid":"cice"},
{"name":"ModelAdvance", "ph":"B", "ts":"1687975919", "pid":"1", "tid":"cice"},
{"name":"ModelAdvance", "ph":"E", "ts":"1688448856", "pid":"1", "tid":"cice"},
{"name":"ModelAdvance", "ph":"B", "ts":"1688579696", "pid":"1", "tid":"cice"},
{"name":"ModelAdvance", "ph":"E", "ts":"1689053722", "pid":"1", "tid":"cice"},
{"name":"ModelAdvance", "ph":"B", "ts":"1689196739", "pid":"1", "tid":"cice"},
{"name":"ModelAdvance", "ph":"E", "ts":"1689669818", "pid":"1", "tid":"cice"},
{"name":"ModelAdvance", "ph":"B", "ts":"1689798320", "pid":"1", "tid":"cice"},
{"name":"ModelAdvance", "ph":"E", "ts":"1690265158", "pid":"1", "tid":"cice"},
{"name":"ModelAdvance", "ph":"B", "ts":"1690389458", "pid":"1", "tid":"cice"},
{"name":"ModelAdvance", "ph":"E", "ts":"1690861160", "pid":"1", "tid":"cice"},
{"name":"ModelAdvance", "ph":"B", "ts":"1690988242", "pid":"1", "tid":"cice"},
{"name":"ModelAdvance", "ph":"E", "ts":"1691460762", "pid":"1", "tid":"cice"},
{"name":"ModelAdvance", "ph":"B", "ts":"1691585851", "pid":"1", "tid":"cice"},
{"name":"ModelAdvance", "ph":"E", "ts":"1692060123", "pid":"1", "tid":"cice"},
{"name":"ModelAdvance", "ph":"B", "ts":"1692187193", "pid":"1", "tid":"cice"},
{"name":"ModelAdvance", "ph":"E", "ts":"1692664879", "pid":"1", "tid":"cice"},
{"name":"ModelAdvance", "ph":"B", "ts":"1692792129", "pid":"1", "tid":"cice"},
{"name":"ModelAdvance", "ph":"E", "ts":"1693251801", "pid":"1", "tid":"cice"},
{"name":"ModelAdvance", "ph":"B", "ts":"1693380584", "pid":"1", "tid":"cice"},
{"name":"ModelAdvance", "ph":"E", "ts":"1693871930", "pid":"1", "tid":"cice"},
{"name":"ModelAdvance", "ph":"B", "ts":"1693993150", "pid":"1", "tid":"cice"},
{"name":"ModelAdvance", "ph":"E", "ts":"1694470341", "pid":"1", "tid":"cice"},
{"name":"ModelAdvance", "ph":"B", "ts":"1694590017", "pid":"1", "tid":"cice"},
{"name":"ModelAdvance", "ph":"E", "ts":"1695063524", "pid":"1", "tid":"cice"},
{"name":"ModelAdvance", "ph":"B", "ts":"1695193643", "pid":"1", "tid":"cice"},
{"name":"ModelAdvance", "ph":"E", "ts":"1695659184", "pid":"1", "tid":"cice"},
{"name":"ModelAdvance", "ph":"B", "ts":"1695778208", "pid":"1", "tid":"cice"},
{"name":"ModelAdvance", "ph":"E", "ts":"1696256927", "pid":"1", "tid":"cice"},
{"name":"ModelAdvance", "ph":"B", "ts":"1696382967", "pid":"1", "tid":"cice"},
{"name":"ModelAdvance", "ph":"E", "ts":"1696851175", "pid":"1", "tid":"cice"},
{"name":"ModelAdvance", "ph":"B", "ts":"1696977734", "pid":"1", "tid":"cice"},
{"name":"ModelAdvance", "ph":"E", "ts":"1697451360", "pid":"1", "tid":"cice"},
{"name":"ModelAdvance", "ph":"B", "ts":"1697578155", "pid":"1", "tid":"cice"},
{"name":"ModelAdvance", "ph":"E", "ts":"1698050252", "pid":"1", "tid":"cice"},
{"name":"ModelAdvance", "ph":"B", "ts":"1698185982", "pid":"1", "tid":"cice"},
{"name":"ModelAdvance", "ph":"E", "ts":"1698651772", "pid":"1", "tid":"cice"},
{"name":"ModelAdvance", "ph":"B", "ts":"1698775751", "pid":"1", "tid":"cice"},
{"name":"ModelAdvance", "ph":"E", "ts":"1699249737", "pid":"1", "tid":"cice"},
{"name":"ModelAdvance", "ph":"B", "ts":"1699382808", "pid":"1", "tid":"cice"},
{"name":"ModelAdvance", "ph":"E", "ts":"1699857958", "pid":"1", "tid":"cice"},
{"name":"ModelAdvance", "ph":"B", "ts":"1700064370", "pid":"1", "tid":"cice"},
{"name":"ModelAdvance", "ph":"E", "ts":"1700543780", "pid":"1", "tid":"cice"},
{"name":"ModelAdvance", "ph":"B", "ts":"1701350432", "pid":"1", "tid":"cice"},
{"name":"ModelAdvance", "ph":"E", "ts":"1701809851", "pid":"1", "tid":"cice"},
{"name":"ModelAdvance", "ph":"B", "ts":"1701950424", "pid":"1", "tid":"cice"},
{"name":"ModelAdvance", "ph":"E", "ts":"1702408010", "pid":"1", "tid":"cice"},
{"name":"ModelAdvance", "ph":"B", "ts":"1702544753", "pid":"1", "tid":"cice"},
{"name":"ModelAdvance", "ph":"E", "ts":"1703021271", "pid":"1", "tid":"cice"},
{"name":"ModelAdvance", "ph":"B", "ts":"1703144277", "pid":"1", "tid":"cice"},
{"name":"ModelAdvance", "ph":"E", "ts":"1703611234", "pid":"1", "tid":"cice"},
{"name":"ModelAdvance", "ph":"B", "ts":"1703740318", "pid":"1", "tid":"cice"},
{"name":"ModelAdvance", "ph":"E", "ts":"1704203885", "pid":"1", "tid":"cice"},
{"name":"ModelAdvance", "ph":"B", "ts":"1704346174", "pid":"1", "tid":"cice"},
{"name":"ModelAdvance", "ph":"E", "ts":"1704820157", "pid":"1", "tid":"cice"},
{"name":"ModelAdvance", "ph":"B", "ts":"1704943798", "pid":"1", "tid":"cice"},
{"name":"ModelAdvance", "ph":"E", "ts":"1705414473", "pid":"1", "tid":"cice"},
{"name":"ModelAdvance", "ph":"B", "ts":"1705546410", "pid":"1", "tid":"cice"},
{"name":"ModelAdvance", "ph":"E", "ts":"1706010362", "pid":"1", "tid":"cice"},
{"name":"ModelAdvance", "ph":"B", "ts":"1706128959", "pid":"1", "tid":"cice"},
{"name":"ModelAdvance", "ph":"E", "ts":"1706606001", "pid":"1", "tid":"cice"},
{"name":"ModelAdvance", "ph":"B", "ts":"1706729227", "pid":"1", "tid":"cice"},
{"name":"ModelAdvance", "ph":"E", "ts":"1707251045", "pid":"1", "tid":"cice"},
{"name":"ModelAdvance", "ph":"B", "ts":"1707378448", "pid":"1", "tid":"cice"},
{"name":"ModelAdvance", "ph":"E", "ts":"1707849030", "pid":"1", "tid":"cice"},
{"name":"ModelAdvance", "ph":"B", "ts":"1707978343", "pid":"1", "tid":"cice"},
{"name":"ModelAdvance", "ph":"E", "ts":"1708451477", "pid":"1", "tid":"cice"},
{"name":"ModelAdvance", "ph":"B", "ts":"1708571987", "pid":"1", "tid":"cice"},
{"name":"ModelAdvance", "ph":"E", "ts":"1709045694", "pid":"1", "tid":"cice"},
{"name":"ModelAdvance", "ph":"B", "ts":"1709169893", "pid":"1", "tid":"cice"},
{"name":"ModelAdvance", "ph":"E", "ts":"1709640723", "pid":"1", "tid":"cice"},
{"name":"ModelAdvance", "ph":"B", "ts":"1709764699", "pid":"1", "tid":"cice"},
{"name":"ModelAdvance", "ph":"E", "ts":"1710244598", "pid":"1", "tid":"cice"},
{"name":"ModelAdvance", "ph":"B", "ts":"1710363318", "pid":"1", "tid":"cice"},
{"name":"ModelAdvance", "ph":"E", "ts":"1710835432", "pid":"1", "tid":"cice"},
{"name":"ModelAdvance", "ph":"B", "ts":"1710955276", "pid":"1", "tid":"cice"},
{"name":"ModelAdvance", "ph":"E", "ts":"1711429205", "pid":"1", "tid":"cice"},
{"name":"ModelAdvance", "ph":"B", "ts":"1711560936", "pid":"1", "tid":"cice"},
{"name":"ModelAdvance", "ph":"E", "ts":"1712034275", "pid":"1", "tid":"cice"},
{"name":"ModelAdvance", "ph":"B", "ts":"1712158278", "pid":"1", "tid":"cice"},
{"name":"ModelAdvance", "ph":"E", "ts":"1712617185", "pid":"1", "tid":"cice"},
{"name":"ModelAdvance", "ph":"B", "ts":"1712749868", "pid":"1", "tid":"cice"},
{"name":"ModelAdvance", "ph":"E", "ts":"1713217921", "pid":"1", "tid":"cice"},
{"name":"ModelAdvance", "ph":"B", "ts":"1713342343", "pid":"1", "tid":"cice"},
{"name":"ModelAdvance", "ph":"E", "ts":"1713816607", "pid":"1", "tid":"cice"},
{"name":"ModelAdvance", "ph":"B", "ts":"1713940381", "pid":"1", "tid":"cice"},
{"name":"ModelAdvance", "ph":"E", "ts":"1714422243", "pid":"1", "tid":"cice"},
{"name":"ModelAdvance", "ph":"B", "ts":"1714527496", "pid":"1", "tid":"cice"},
{"name":"ModelAdvance", "ph":"E", "ts":"1714998568", "pid":"1", "tid":"cice"},
{"name":"ModelAdvance", "ph":"B", "ts":"1715176851", "pid":"1", "tid":"cice"},
{"name":"ModelAdvance", "ph":"E", "ts":"1715649124", "pid":"1", "tid":"cice"},
{"name":"ModelAdvance", "ph":"B", "ts":"1716469013", "pid":"1", "tid":"cice"},
{"name":"ModelAdvance", "ph":"E", "ts":"1716934147", "pid":"1", "tid":"cice"},
{"name":"ModelAdvance", "ph":"B", "ts":"1717057885", "pid":"1", "tid":"cice"},
{"name":"ModelAdvance", "ph":"E", "ts":"1717530352", "pid":"1", "tid":"cice"},
{"name":"ModelAdvance", "ph":"B", "ts":"1717657349", "pid":"1", "tid":"cice"},
{"name":"ModelAdvance", "ph":"E", "ts":"1718129518", "pid":"1", "tid":"cice"},
{"name":"ModelAdvance", "ph":"B", "ts":"1718239518", "pid":"1", "tid":"cice"},
{"name":"ModelAdvance", "ph":"E", "ts":"1718724473", "pid":"1", "tid":"cice"},
{"name":"ModelAdvance", "ph":"B", "ts":"1718837738", "pid":"1", "tid":"cice"},
{"name":"ModelAdvance", "ph":"E", "ts":"1719315632", "pid":"1", "tid":"cice"},
{"name":"ModelAdvance", "ph":"B", "ts":"1719428022", "pid":"1", "tid":"cice"},
{"name":"ModelAdvance", "ph":"E", "ts":"1719902334", "pid":"1", "tid":"cice"},
{"name":"ModelAdvance", "ph":"B", "ts":"1720029427", "pid":"1", "tid":"cice"},
{"name":"ModelAdvance", "ph":"E", "ts":"1720499374", "pid":"1", "tid":"cice"},
{"name":"ModelAdvance", "ph":"B", "ts":"1720621427", "pid":"1", "tid":"cice"},
{"name":"ModelAdvance", "ph":"E", "ts":"1721094507", "pid":"1", "tid":"cice"},
{"name":"ModelAdvance", "ph":"B", "ts":"1721217652", "pid":"1", "tid":"cice"},
{"name":"ModelAdvance", "ph":"E", "ts":"1721686503", "pid":"1", "tid":"cice"},
{"name":"ModelAdvance", "ph":"B", "ts":"1721850480", "pid":"1", "tid":"cice"},
{"name":"ModelAdvance", "ph":"E", "ts":"1722334179", "pid":"1", "tid":"cice"},
{"name":"ModelAdvance", "ph":"B", "ts":"1722450515", "pid":"1", "tid":"cice"},
{"name":"ModelAdvance", "ph":"E", "ts":"1722915417", "pid":"1", "tid":"cice"},
{"name":"ModelAdvance", "ph":"B", "ts":"1723040253", "pid":"1", "tid":"cice"},
{"name":"ModelAdvance", "ph":"E", "ts":"1723514995", "pid":"1", "tid":"cice"},
{"name":"ModelAdvance", "ph":"B", "ts":"1723629166", "pid":"1", "tid":"cice"},
{"name":"ModelAdvance", "ph":"E", "ts":"1724106480", "pid":"1", "tid":"cice"},
{"name":"ModelAdvance", "ph":"B", "ts":"1724219336", "pid":"1", "tid":"cice"},
{"name":"ModelAdvance", "ph":"E", "ts":"1724698662", "pid":"1", "tid":"cice"},
{"name":"ModelAdvance", "ph":"B", "ts":"1724813381", "pid":"1", "tid":"cice"},
{"name":"ModelAdvance", "ph":"E", "ts":"1725277313", "pid":"1", "tid":"cice"},
{"name":"ModelAdvance", "ph":"B", "ts":"1725400495", "pid":"1", "tid":"cice"},
{"name":"ModelAdvance", "ph":"E", "ts":"1725872737", "pid":"1", "tid":"cice"},
{"name":"ModelAdvance", "ph":"B", "ts":"1725979478", "pid":"1", "tid":"cice"},
{"name":"ModelAdvance", "ph":"E", "ts":"1726450607", "pid":"1", "tid":"cice"},
{"name":"ModelAdvance", "ph":"B", "ts":"1726561507", "pid":"1", "tid":"cice"},
{"name":"ModelAdvance", "ph":"E", "ts":"1727041824", "pid":"1", "tid":"cice"},
{"name":"ModelAdvance", "ph":"B", "ts":"1727165246", "pid":"1", "tid":"cice"},
{"name":"ModelAdvance", "ph":"E", "ts":"1727627852", "pid":"1", "tid":"cice"},
{"name":"ModelAdvance", "ph":"B", "ts":"1727746242", "pid":"1", "tid":"cice"},
{"name":"ModelAdvance", "ph":"E", "ts":"1728213668", "pid":"1", "tid":"cice"},
{"name":"ModelAdvance", "ph":"B", "ts":"1728336089", "pid":"1", "tid":"cice"},
{"name":"ModelAdvance", "ph":"E", "ts":"1728808135", "pid":"1", "tid":"cice"},
{"name":"ModelAdvance", "ph":"B", "ts":"1728926567", "pid":"1", "tid":"cice"},
{"name":"ModelAdvance", "ph":"E", "ts":"1729390701", "pid":"1", "tid":"cice"},
{"name":"ModelAdvance", "ph":"B", "ts":"1729505751", "pid":"1", "tid":"cice"},
{"name":"ModelAdvance", "ph":"E", "ts":"1729982590", "pid":"1", "tid":"cice"},
{"name":"ModelAdvance", "ph":"B", "ts":"1730476097", "pid":"1", "tid":"cice"},
{"name":"ModelAdvance", "ph":"E", "ts":"1730956769", "pid":"1", "tid":"cice"},
{"name":"ModelAdvance", "ph":"B", "ts":"1731693409", "pid":"1", "tid":"cice"},
{"name":"ModelAdvance", "ph":"E", "ts":"1732162837", "pid":"1", "tid":"cice"},
{"name":"ModelAdvance", "ph":"B", "ts":"1732279343", "pid":"1", "tid":"cice"},
{"name":"ModelAdvance", "ph":"E", "ts":"1732752420", "pid":"1", "tid":"cice"},
{"name":"ModelAdvance", "ph":"B", "ts":"1732866064", "pid":"1", "tid":"cice"},
{"name":"ModelAdvance", "ph":"E", "ts":"1733338722", "pid":"1", "tid":"cice"},
{"name":"ModelAdvance", "ph":"B", "ts":"1733455227", "pid":"1", "tid":"cice"},
{"name":"ModelAdvance", "ph":"E", "ts":"1733935891", "pid":"1", "tid":"cice"},
{"name":"ModelAdvance", "ph":"B", "ts":"1734048819", "pid":"1", "tid":"cice"},
{"name":"ModelAdvance", "ph":"E", "ts":"1734514408", "pid":"1", "tid":"cice"},
{"name":"ModelAdvance", "ph":"B", "ts":"1734625186", "pid":"1", "tid":"cice"},
{"name":"ModelAdvance", "ph":"E", "ts":"1735099112", "pid":"1", "tid":"cice"},
{"name":"ModelAdvance", "ph":"B", "ts":"1735211771", "pid":"1", "tid":"cice"},
{"name":"ModelAdvance", "ph":"E", "ts":"1735679406", "pid":"1", "tid":"cice"},
{"name":"ModelAdvance", "ph":"B", "ts":"1735811817", "pid":"1", "tid":"cice"},
{"name":"ModelAdvance", "ph":"E", "ts":"1736288180", "pid":"1", "tid":"cice"},
{"name":"ModelAdvance", "ph":"B", "ts":"1736420974", "pid":"1", "tid":"cice"},
{"name":"ModelAdvance", "ph":"E", "ts":"1736892275", "pid":"1", "tid":"cice"},
{"name":"ModelAdvance", "ph":"B", "ts":"1737010307", "pid":"1", "tid":"cice"},
{"name":"ModelAdvance", "ph":"E", "ts":"1737489994", "pid":"1", "tid":"cice"},
{"name":"ModelAdvance", "ph":"B", "ts":"1737607701", "pid":"1", "tid":"cice"},
{"name":"ModelAdvance", "ph":"E", "ts":"1738083799", "pid":"1", "tid":"cice"},
{"name":"ModelAdvance", "ph":"B", "ts":"1738199484", "pid":"1", "tid":"cice"},
{"name":"ModelAdvance", "ph":"E", "ts":"1738669992", "pid":"1", "tid":"cice"},
{"name":"ModelAdvance", "ph":"B", "ts":"1738785316", "pid":"1", "tid":"cice"},
{"name":"ModelAdvance", "ph":"E", "ts":"1739252093", "pid":"1", "tid":"cice"},
{"name":"ModelAdvance", "ph":"B", "ts":"1739372334", "pid":"1", "tid":"cice"},
{"name":"ModelAdvance", "ph":"E", "ts":"1739851304", "pid":"1", "tid":"cice"},
{"name":"ModelAdvance", "ph":"B", "ts":"1739963005", "pid":"1", "tid":"cice"},
{"name":"ModelAdvance", "ph":"E", "ts":"1740439147", "pid":"1", "tid":"cice"},
{"name":"ModelAdvance", "ph":"B", "ts":"1740546057", "pid":"1", "tid":"cice"},
{"name":"ModelAdvance", "ph":"E", "ts":"1741016158", "pid":"1", "tid":"cice"},
{"name":"ModelAdvance", "ph":"B", "ts":"1741138152", "pid":"1", "tid":"cice"},
{"name":"ModelAdvance", "ph":"E", "ts":"1741606536", "pid":"1", "tid":"cice"},
{"name":"ModelAdvance", "ph":"B", "ts":"1741733373", "pid":"1", "tid":"cice"},
{"name":"ModelAdvance", "ph":"E", "ts":"1742209606", "pid":"1", "tid":"cice"},
{"name":"ModelAdvance", "ph":"B", "ts":"1742314113", "pid":"1", "tid":"cice"},
{"name":"ModelAdvance", "ph":"E", "ts":"1742793678", "pid":"1", "tid":"cice"},
{"name":"ModelAdvance", "ph":"B", "ts":"1742903705", "pid":"1", "tid":"cice"},
{"name":"ModelAdvance", "ph":"E", "ts":"1743374621", "pid":"1", "tid":"cice"},
{"name":"ModelAdvance", "ph":"B", "ts":"1743508485", "pid":"1", "tid":"cice"},
{"name":"ModelAdvance", "ph":"E", "ts":"1743986067", "pid":"1", "tid":"cice"},
{"name":"ModelAdvance", "ph":"B", "ts":"1744099287", "pid":"1", "tid":"cice"},
{"name":"ModelAdvance", "ph":"E", "ts":"1744569022", "pid":"1", "tid":"cice"},
{"name":"ModelAdvance", "ph":"B", "ts":"1744695305", "pid":"1", "tid":"cice"},
{"name":"ModelAdvance", "ph":"E", "ts":"1745159559", "pid":"1", "tid":"cice"},
{"name":"ModelAdvance", "ph":"B", "ts":"1745783233", "pid":"1", "tid":"cice"},
{"name":"ModelAdvance", "ph":"E", "ts":"1746259583", "pid":"1", "tid":"cice"},
{"name":"ModelAdvance", "ph":"B", "ts":"1747029540", "pid":"1", "tid":"cice"},
{"name":"ModelAdvance", "ph":"E", "ts":"1747501952", "pid":"1", "tid":"cice"},
{"name":"ModelAdvance", "ph":"B", "ts":"1747616927", "pid":"1", "tid":"cice"},
{"name":"ModelAdvance", "ph":"E", "ts":"1748091214", "pid":"1", "tid":"cice"},
{"name":"ModelAdvance", "ph":"B", "ts":"1748208182", "pid":"1", "tid":"cice"},
{"name":"ModelAdvance", "ph":"E", "ts":"1748673835", "pid":"1", "tid":"cice"},
{"name":"ModelAdvance", "ph":"B", "ts":"1748789430", "pid":"1", "tid":"cice"},
{"name":"ModelAdvance", "ph":"E", "ts":"1749262261", "pid":"1", "tid":"cice"},
{"name":"ModelAdvance", "ph":"B", "ts":"1749377771", "pid":"1", "tid":"cice"},
{"name":"ModelAdvance", "ph":"E", "ts":"1749855923", "pid":"1", "tid":"cice"},
{"name":"ModelAdvance", "ph":"B", "ts":"1749977646", "pid":"1", "tid":"cice"},
{"name":"ModelAdvance", "ph":"E", "ts":"1750448260", "pid":"1", "tid":"cice"},
{"name":"ModelAdvance", "ph":"B", "ts":"1750577825", "pid":"1", "tid":"cice"},
{"name":"ModelAdvance", "ph":"E", "ts":"1751048461", "pid":"1", "tid":"cice"},
{"name":"ModelAdvance", "ph":"B", "ts":"1751164932", "pid":"1", "tid":"cice"},
{"name":"ModelAdvance", "ph":"E", "ts":"1751638200", "pid":"1", "tid":"cice"},
{"name":"ModelAdvance", "ph":"B", "ts":"1751746045", "pid":"1", "tid":"cice"},
{"name":"ModelAdvance", "ph":"E", "ts":"1752220151", "pid":"1", "tid":"cice"},
{"name":"ModelAdvance", "ph":"B", "ts":"1752333737", "pid":"1", "tid":"cice"},
{"name":"ModelAdvance", "ph":"E", "ts":"1752801122", "pid":"1", "tid":"cice"},
{"name":"ModelAdvance", "ph":"B", "ts":"1752934600", "pid":"1", "tid":"cice"},
{"name":"ModelAdvance", "ph":"E", "ts":"1753398377", "pid":"1", "tid":"cice"},
{"name":"ModelAdvance", "ph":"B", "ts":"1753554023", "pid":"1", "tid":"cice"},
{"name":"ModelAdvance", "ph":"E", "ts":"1754025752", "pid":"1", "tid":"cice"},
{"name":"ModelAdvance", "ph":"B", "ts":"1754140313", "pid":"1", "tid":"cice"},
{"name":"ModelAdvance", "ph":"E", "ts":"1754607748", "pid":"1", "tid":"cice"},
{"name":"ModelAdvance", "ph":"B", "ts":"1754731414", "pid":"1", "tid":"cice"},
{"name":"ModelAdvance", "ph":"E", "ts":"1755204860", "pid":"1", "tid":"cice"},
{"name":"ModelAdvance", "ph":"B", "ts":"1755331733", "pid":"1", "tid":"cice"},
{"name":"ModelAdvance", "ph":"E", "ts":"1755807720", "pid":"1", "tid":"cice"},
{"name":"ModelAdvance", "ph":"B", "ts":"1755922386", "pid":"1", "tid":"cice"},
{"name":"ModelAdvance", "ph":"E", "ts":"1756391590", "pid":"1", "tid":"cice"},
{"name":"ModelAdvance", "ph":"B", "ts":"1756573171", "pid":"1", "tid":"cice"},
{"name":"ModelAdvance", "ph":"E", "ts":"1757032733", "pid":"1", "tid":"cice"},
{"name":"ModelAdvance", "ph":"B", "ts":"1757163265", "pid":"1", "tid":"cice"},
{"name":"ModelAdvance", "ph":"E", "ts":"1757631976", "pid":"1", "tid":"cice"},
{"name":"ModelAdvance", "ph":"B", "ts":"1757775923", "pid":"1", "tid":"cice"},
{"name":"ModelAdvance", "ph":"E", "ts":"1758233739", "pid":"1", "tid":"cice"},
{"name":"ModelAdvance", "ph":"B", "ts":"1758372217", "pid":"1", "tid":"cice"},
{"name":"ModelAdvance", "ph":"E", "ts":"1758832877", "pid":"1", "tid":"cice"},
{"name":"ModelAdvance", "ph":"B", "ts":"1758968416", "pid":"1", "tid":"cice"},
{"name":"ModelAdvance", "ph":"E", "ts":"1759449626", "pid":"1", "tid":"cice"},
{"name":"ModelAdvance", "ph":"B", "ts":"1759576490", "pid":"1", "tid":"cice"},
{"name":"ModelAdvance", "ph":"E", "ts":"1760050269", "pid":"1", "tid":"cice"},
{"name":"ModelAdvance", "ph":"B", "ts":"1760162533", "pid":"1", "tid":"cice"},
{"name":"ModelAdvance", "ph":"E", "ts":"1760728688", "pid":"1", "tid":"cice"},
{"name":"ModelAdvance", "ph":"B", "ts":"1761234408", "pid":"1", "tid":"cice"},
{"name":"ModelAdvance", "ph":"E", "ts":"1761702748", "pid":"1", "tid":"cice"},
{"name":"ModelAdvance", "ph":"B", "ts":"1762522563", "pid":"1", "tid":"cice"},
{"name":"ModelAdvance", "ph":"E", "ts":"1763002749", "pid":"1", "tid":"cice"},
{"name":"ModelAdvance", "ph":"B", "ts":"1763106500", "pid":"1", "tid":"cice"},
{"name":"ModelAdvance", "ph":"E", "ts":"1763580833", "pid":"1", "tid":"cice"},
{"name":"ModelAdvance", "ph":"B", "ts":"1763695907", "pid":"1", "tid":"cice"},
{"name":"ModelAdvance", "ph":"E", "ts":"1764178270", "pid":"1", "tid":"cice"},
{"name":"ModelAdvance", "ph":"B", "ts":"1764291184", "pid":"1", "tid":"cice"},
{"name":"ModelAdvance", "ph":"E", "ts":"1764765665", "pid":"1", "tid":"cice"},
{"name":"ModelAdvance", "ph":"B", "ts":"1764886845", "pid":"1", "tid":"cice"},
{"name":"ModelAdvance", "ph":"E", "ts":"1765355650", "pid":"1", "tid":"cice"},
{"name":"ModelAdvance", "ph":"B", "ts":"1765483135", "pid":"1", "tid":"cice"},
{"name":"ModelAdvance", "ph":"E", "ts":"1765949000", "pid":"1", "tid":"cice"},
{"name":"ModelAdvance", "ph":"B", "ts":"1766068918", "pid":"1", "tid":"cice"},
{"name":"ModelAdvance", "ph":"E", "ts":"1766545655", "pid":"1", "tid":"cice"},
{"name":"ModelAdvance", "ph":"B", "ts":"1766714457", "pid":"1", "tid":"cice"},
{"name":"ModelAdvance", "ph":"E", "ts":"1767187830", "pid":"1", "tid":"cice"},
{"name":"ModelAdvance", "ph":"B", "ts":"1767309484", "pid":"1", "tid":"cice"},
{"name":"ModelAdvance", "ph":"E", "ts":"1767775411", "pid":"1", "tid":"cice"},
{"name":"ModelAdvance", "ph":"B", "ts":"1767885740", "pid":"1", "tid":"cice"},
{"name":"ModelAdvance", "ph":"E", "ts":"1768357068", "pid":"1", "tid":"cice"},
{"name":"ModelAdvance", "ph":"B", "ts":"1768479702", "pid":"1", "tid":"cice"},
{"name":"ModelAdvance", "ph":"E", "ts":"1768948370", "pid":"1", "tid":"cice"},
{"name":"ModelAdvance", "ph":"B", "ts":"1769075040", "pid":"1", "tid":"cice"},
{"name":"ModelAdvance", "ph":"E", "ts":"1769559811", "pid":"1", "tid":"cice"},
{"name":"ModelAdvance", "ph":"B", "ts":"1769663050", "pid":"1", "tid":"cice"},
{"name":"ModelAdvance", "ph":"E", "ts":"1770138968", "pid":"1", "tid":"cice"},
{"name":"ModelAdvance", "ph":"B", "ts":"1770265600", "pid":"1", "tid":"cice"},
{"name":"ModelAdvance", "ph":"E", "ts":"1770745879", "pid":"1", "tid":"cice"},
{"name":"ModelAdvance", "ph":"B", "ts":"1770864619", "pid":"1", "tid":"cice"},
{"name":"ModelAdvance", "ph":"E", "ts":"1771347403", "pid":"1", "tid":"cice"},
{"name":"ModelAdvance", "ph":"B", "ts":"1771482509", "pid":"1", "tid":"cice"},
{"name":"ModelAdvance", "ph":"E", "ts":"1771948355", "pid":"1", "tid":"cice"},
{"name":"ModelAdvance", "ph":"B", "ts":"1772067057", "pid":"1", "tid":"cice"},
{"name":"ModelAdvance", "ph":"E", "ts":"1772537690", "pid":"1", "tid":"cice"},
{"name":"ModelAdvance", "ph":"B", "ts":"1772656266", "pid":"1", "tid":"cice"},
{"name":"ModelAdvance", "ph":"E", "ts":"1773130236", "pid":"1", "tid":"cice"},
{"name":"ModelAdvance", "ph":"B", "ts":"1773234110", "pid":"1", "tid":"cice"},
{"name":"ModelAdvance", "ph":"E", "ts":"1773707095", "pid":"1", "tid":"cice"},
{"name":"ModelAdvance", "ph":"B", "ts":"1773818330", "pid":"1", "tid":"cice"},
{"name":"ModelAdvance", "ph":"E", "ts":"1774297281", "pid":"1", "tid":"cice"},
{"name":"ModelAdvance", "ph":"B", "ts":"1774406082", "pid":"1", "tid":"cice"},
{"name":"ModelAdvance", "ph":"E", "ts":"1774885537", "pid":"1", "tid":"cice"},
{"name":"ModelAdvance", "ph":"B", "ts":"1774986719", "pid":"1", "tid":"cice"},
{"name":"ModelAdvance", "ph":"E", "ts":"1775455636", "pid":"1", "tid":"cice"},
{"name":"ModelAdvance", "ph":"B", "ts":"1775578548", "pid":"1", "tid":"cice"},
{"name":"ModelAdvance", "ph":"E", "ts":"1776042204", "pid":"1", "tid":"cice"},
{"name":"ModelAdvance", "ph":"B", "ts":"1776631441", "pid":"1", "tid":"cice"},
{"name":"ModelAdvance", "ph":"E", "ts":"1777107997", "pid":"1", "tid":"cice"},
{"name":"ModelAdvance", "ph":"B", "ts":"1777913243", "pid":"1", "tid":"cice"},
{"name":"ModelAdvance", "ph":"E", "ts":"1778393434", "pid":"1", "tid":"cice"},
{"name":"ModelAdvance", "ph":"B", "ts":"1778530821", "pid":"1", "tid":"cice"},
{"name":"ModelAdvance", "ph":"E", "ts":"1778997449", "pid":"1", "tid":"cice"},
{"name":"ModelAdvance", "ph":"B", "ts":"1779108635", "pid":"1", "tid":"cice"},
{"name":"ModelAdvance", "ph":"E", "ts":"1779571303", "pid":"1", "tid":"cice"},
{"name":"ModelAdvance", "ph":"B", "ts":"1779700850", "pid":"1", "tid":"cice"},
{"name":"ModelAdvance", "ph":"E", "ts":"1780170571", "pid":"1", "tid":"cice"},
{"name":"ModelAdvance", "ph":"B", "ts":"1780290544", "pid":"1", "tid":"cice"},
{"name":"ModelAdvance", "ph":"E", "ts":"1780763948", "pid":"1", "tid":"cice"},
{"name":"ModelAdvance", "ph":"B", "ts":"1780877847", "pid":"1", "tid":"cice"},
{"name":"ModelAdvance", "ph":"E", "ts":"1781342309", "pid":"1", "tid":"cice"},
{"name":"ModelAdvance", "ph":"B", "ts":"1781464276", "pid":"1", "tid":"cice"},
{"name":"ModelAdvance", "ph":"E", "ts":"1781938255", "pid":"1", "tid":"cice"},
{"name":"ModelAdvance", "ph":"B", "ts":"1782051991", "pid":"1", "tid":"cice"},
{"name":"ModelAdvance", "ph":"E", "ts":"1782521445", "pid":"1", "tid":"cice"},
{"name":"ModelAdvance", "ph":"B", "ts":"1782630159", "pid":"1", "tid":"cice"},
{"name":"ModelAdvance", "ph":"E", "ts":"1783100738", "pid":"1", "tid":"cice"},
{"name":"ModelAdvance", "ph":"B", "ts":"1783223719", "pid":"1", "tid":"cice"},
{"name":"ModelAdvance", "ph":"E", "ts":"1783695386", "pid":"1", "tid":"cice"},
{"name":"ModelAdvance", "ph":"B", "ts":"1783807892", "pid":"1", "tid":"cice"},
{"name":"ModelAdvance", "ph":"E", "ts":"1784272765", "pid":"1", "tid":"cice"},
{"name":"ModelAdvance", "ph":"B", "ts":"1784397768", "pid":"1", "tid":"cice"},
{"name":"ModelAdvance", "ph":"E", "ts":"1784863565", "pid":"1", "tid":"cice"},
{"name":"ModelAdvance", "ph":"B", "ts":"1784979823", "pid":"1", "tid":"cice"},
{"name":"ModelAdvance", "ph":"E", "ts":"1785459591", "pid":"1", "tid":"cice"},
{"name":"ModelAdvance", "ph":"B", "ts":"1785574163", "pid":"1", "tid":"cice"},
{"name":"ModelAdvance", "ph":"E", "ts":"1786044724", "pid":"1", "tid":"cice"},
{"name":"ModelAdvance", "ph":"B", "ts":"1786150436", "pid":"1", "tid":"cice"},
{"name":"ModelAdvance", "ph":"E", "ts":"1786621216", "pid":"1", "tid":"cice"},
{"name":"ModelAdvance", "ph":"B", "ts":"1786730209", "pid":"1", "tid":"cice"},
{"name":"ModelAdvance", "ph":"E", "ts":"1787199433", "pid":"1", "tid":"cice"},
{"name":"ModelAdvance", "ph":"B", "ts":"1787322239", "pid":"1", "tid":"cice"},
{"name":"ModelAdvance", "ph":"E", "ts":"1787794638", "pid":"1", "tid":"cice"},
{"name":"ModelAdvance", "ph":"B", "ts":"1787905063", "pid":"1", "tid":"cice"},
{"name":"ModelAdvance", "ph":"E", "ts":"1788384390", "pid":"1", "tid":"cice"},
{"name":"ModelAdvance", "ph":"B", "ts":"1788487006", "pid":"1", "tid":"cice"},
{"name":"ModelAdvance", "ph":"E", "ts":"1788959374", "pid":"1", "tid":"cice"},
{"name":"ModelAdvance", "ph":"B", "ts":"1789087761", "pid":"1", "tid":"cice"},
{"name":"ModelAdvance", "ph":"E", "ts":"1789550851", "pid":"1", "tid":"cice"},
{"name":"ModelAdvance", "ph":"B", "ts":"1789679314", "pid":"1", "tid":"cice"},
{"name":"ModelAdvance", "ph":"E", "ts":"1790147379", "pid":"1", "tid":"cice"},
{"name":"ModelAdvance", "ph":"B", "ts":"1790263222", "pid":"1", "tid":"cice"},
{"name":"ModelAdvance", "ph":"E", "ts":"1790735471", "pid":"1", "tid":"cice"},
{"name":"ModelAdvance", "ph":"B", "ts":"1790851371", "pid":"1", "tid":"cice"},
{"name":"ModelAdvance", "ph":"E", "ts":"1791323732", "pid":"1", "tid":"cice"},
{"name":"ModelAdvance", "ph":"B", "ts":"1791759962", "pid":"1", "tid":"cice"},
{"name":"ModelAdvance", "ph":"E", "ts":"1792240328", "pid":"1", "tid":"cice"},
{"name":"ModelAdvance", "ph":"B", "ts":"1792966862", "pid":"1", "tid":"cice"},
{"name":"ModelAdvance", "ph":"E", "ts":"1793445228", "pid":"1", "tid":"cice"},
{"name":"ModelAdvance", "ph":"B", "ts":"1793558642", "pid":"1", "tid":"cice"},
{"name":"ModelAdvance", "ph":"E", "ts":"1794024442", "pid":"1", "tid":"cice"},
{"name":"ModelAdvance", "ph":"B", "ts":"1794148959", "pid":"1", "tid":"cice"},
{"name":"ModelAdvance", "ph":"E", "ts":"1794620238", "pid":"1", "tid":"cice"},
{"name":"ModelAdvance", "ph":"B", "ts":"1794748861", "pid":"1", "tid":"cice"},
{"name":"ModelAdvance", "ph":"E", "ts":"1795219798", "pid":"1", "tid":"cice"},
{"name":"ModelAdvance", "ph":"B", "ts":"1795347459", "pid":"1", "tid":"cice"},
{"name":"ModelAdvance", "ph":"E", "ts":"1795825530", "pid":"1", "tid":"cice"},
{"name":"ModelAdvance", "ph":"B", "ts":"1795944801", "pid":"1", "tid":"cice"},
{"name":"ModelAdvance", "ph":"E", "ts":"1796407544", "pid":"1", "tid":"cice"},
{"name":"ModelAdvance", "ph":"B", "ts":"1796532783", "pid":"1", "tid":"cice"},
{"name":"ModelAdvance", "ph":"E", "ts":"1797011370", "pid":"1", "tid":"cice"},
{"name":"ModelAdvance", "ph":"B", "ts":"1797127368", "pid":"1", "tid":"cice"},
{"name":"ModelAdvance", "ph":"E", "ts":"1797595261", "pid":"1", "tid":"cice"},
{"name":"ModelAdvance", "ph":"B", "ts":"1797716417", "pid":"1", "tid":"cice"},
{"name":"ModelAdvance", "ph":"E", "ts":"1798190628", "pid":"1", "tid":"cice"},
{"name":"ModelAdvance", "ph":"B", "ts":"1798319688", "pid":"1", "tid":"cice"},
{"name":"ModelAdvance", "ph":"E", "ts":"1798789100", "pid":"1", "tid":"cice"},
{"name":"ModelAdvance", "ph":"B", "ts":"1798919774", "pid":"1", "tid":"cice"},
{"name":"ModelAdvance", "ph":"E", "ts":"1799386463", "pid":"1", "tid":"cice"},
{"name":"ModelAdvance", "ph":"B", "ts":"1799532676", "pid":"1", "tid":"cice"},
{"name":"ModelAdvance", "ph":"E", "ts":"1800003963", "pid":"1", "tid":"cice"},
{"name":"ModelAdvance", "ph":"B", "ts":"1800121423", "pid":"1", "tid":"cice"},
{"name":"ModelAdvance", "ph":"E", "ts":"1800601209", "pid":"1", "tid":"cice"},
{"name":"ModelAdvance", "ph":"B", "ts":"1800724813", "pid":"1", "tid":"cice"},
{"name":"ModelAdvance", "ph":"E", "ts":"1801193336", "pid":"1", "tid":"cice"},
{"name":"ModelAdvance", "ph":"B", "ts":"1801324536", "pid":"1", "tid":"cice"},
{"name":"ModelAdvance", "ph":"E", "ts":"1801791163", "pid":"1", "tid":"cice"},
{"name":"ModelAdvance", "ph":"B", "ts":"1801923478", "pid":"1", "tid":"cice"},
{"name":"ModelAdvance", "ph":"E", "ts":"1802399328", "pid":"1", "tid":"cice"},
{"name":"ModelAdvance", "ph":"B", "ts":"1802517629", "pid":"1", "tid":"cice"},
{"name":"ModelAdvance", "ph":"E", "ts":"1802994755", "pid":"1", "tid":"cice"},
{"name":"ModelAdvance", "ph":"B", "ts":"1803111961", "pid":"1", "tid":"cice"},
{"name":"ModelAdvance", "ph":"E", "ts":"1803584471", "pid":"1", "tid":"cice"},
{"name":"ModelAdvance", "ph":"B", "ts":"1803704615", "pid":"1", "tid":"cice"},
{"name":"ModelAdvance", "ph":"E", "ts":"1804181163", "pid":"1", "tid":"cice"},
{"name":"ModelAdvance", "ph":"B", "ts":"1804306408", "pid":"1", "tid":"cice"},
{"name":"ModelAdvance", "ph":"E", "ts":"1804773237", "pid":"1", "tid":"cice"},
{"name":"ModelAdvance", "ph":"B", "ts":"1804897432", "pid":"1", "tid":"cice"},
{"name":"ModelAdvance", "ph":"E", "ts":"1805368889", "pid":"1", "tid":"cice"},
{"name":"ModelAdvance", "ph":"B", "ts":"1805491843", "pid":"1", "tid":"cice"},
{"name":"ModelAdvance", "ph":"E", "ts":"1805965829", "pid":"1", "tid":"cice"},
{"name":"ModelAdvance", "ph":"B", "ts":"1806086758", "pid":"1", "tid":"cice"},
{"name":"ModelAdvance", "ph":"E", "ts":"1806566599", "pid":"1", "tid":"cice"},
{"name":"ModelFinalize", "ph":"B", "ts":"1806571549", "pid":"1", "tid":"cice"},
{"name":"ModelFinalize", "ph":"E", "ts":"1806571623", "pid":"1", "tid":"cice"},
