{"name":"SetServices", "ph":"B", "ts":"636665231", "pid":"1", "tid":"cice"},
{"name":"SetServices", "ph":"E", "ts":"636667455", "pid":"1", "tid":"cice"},
{"name":"InitializeP0", "ph":"B", "ts":"637467072", "pid":"1", "tid":"cice"},
{"name":"InitializeP0", "ph":"E", "ts":"637467198", "pid":"1", "tid":"cice"},
{"name":"InitializeAdvertise", "ph":"B", "ts":"664388214", "pid":"1", "tid":"cice"},
{"name":"InitializeAdvertise", "ph":"E", "ts":"673677916", "pid":"1", "tid":"cice"},
{"name":"InitializeRealize", "ph":"B", "ts":"893385428", "pid":"1", "tid":"cice"},
{"name":"InitializeRealize", "ph":"E", "ts":"906802075", "pid":"1", "tid":"cice"},
{"name":"ModelAdvance", "ph":"B", "ts":"983871510", "pid":"1", "tid":"cice"},
{"name":"ModelAdvance", "ph":"E", "ts":"984450843", "pid":"1", "tid":"cice"},
{"name":"ModelAdvance", "ph":"B", "ts":"988081547", "pid":"1", "tid":"cice"},
{"name":"ModelAdvance", "ph":"E", "ts":"988567239", "pid":"1", "tid":"cice"},
{"name":"ModelAdvance", "ph":"B", "ts":"988682005", "pid":"1", "tid":"cice"},
{"name":"ModelAdvance", "ph":"E", "ts":"989147826", "pid":"1", "tid":"cice"},
{"name":"ModelAdvance", "ph":"B", "ts":"989274271", "pid":"1", "tid":"cice"},
{"name":"ModelAdvance", "ph":"E", "ts":"989745210", "pid":"1", "tid":"cice"},
{"name":"ModelAdvance", "ph":"B", "ts":"989867669", "pid":"1", "tid":"cice"},
{"name":"ModelAdvance", "ph":"E", "ts":"990352696", "pid":"1", "tid":"cice"},
{"name":"ModelAdvance", "ph":"B", "ts":"990475864", "pid":"1", "tid":"cice"},
{"name":"ModelAdvance", "ph":"E", "ts":"990978998", "pid":"1", "tid":"cice"},
{"name":"ModelAdvance", "ph":"B", "ts":"991106898", "pid":"1", "tid":"cice"},
{"name":"ModelAdvance", "ph":"E", "ts":"991570561", "pid":"1", "tid":"cice"},
{"name":"ModelAdvance", "ph":"B", "ts":"991715202", "pid":"1", "tid":"cice"},
{"name":"ModelAdvance", "ph":"E", "ts":"992176298", "pid":"1", "tid":"cice"},
{"name":"ModelAdvance", "ph":"B", "ts":"992315909", "pid":"1", "tid":"cice"},
{"name":"ModelAdvance", "ph":"E", "ts":"992786781", "pid":"1", "tid":"cice"},
{"name":"ModelAdvance", "ph":"B", "ts":"992952799", "pid":"1", "tid":"cice"},
{"name":"ModelAdvance", "ph":"E", "ts":"993432944", "pid":"1", "tid":"cice"},
{"name":"ModelAdvance", "ph":"B", "ts":"993556237", "pid":"1", "tid":"cice"},
{"name":"ModelAdvance", "ph":"E", "ts":"994019730", "pid":"1", "tid":"cice"},
{"name":"ModelAdvance", "ph":"B", "ts":"994153420", "pid":"1", "tid":"cice"},
{"name":"ModelAdvance", "ph":"E", "ts":"994623487", "pid":"1", "tid":"cice"},
{"name":"ModelAdvance", "ph":"B", "ts":"996058259", "pid":"1", "tid":"cice"},
{"name":"ModelAdvance", "ph":"E", "ts":"996528607", "pid":"1", "tid":"cice"},
{"name":"ModelAdvance", "ph":"B", "ts":"996650375", "pid":"1", "tid":"cice"},
{"name":"ModelAdvance", "ph":"E", "ts":"997125249", "pid":"1", "tid":"cice"},
{"name":"ModelAdvance", "ph":"B", "ts":"997238885", "pid":"1", "tid":"cice"},
{"name":"ModelAdvance", "ph":"E", "ts":"997711771", "pid":"1", "tid":"cice"},
{"name":"ModelAdvance", "ph":"B", "ts":"997836634", "pid":"1", "tid":"cice"},
{"name":"ModelAdvance", "ph":"E", "ts":"998307170", "pid":"1", "tid":"cice"},
{"name":"ModelAdvance", "ph":"B", "ts":"998443025", "pid":"1", "tid":"cice"},
{"name":"ModelAdvance", "ph":"E", "ts":"998909701", "pid":"1", "tid":"cice"},
{"name":"ModelAdvance", "ph":"B", "ts":"999042550", "pid":"1", "tid":"cice"},
{"name":"ModelAdvance", "ph":"E", "ts":"999507587", "pid":"1", "tid":"cice"},
{"name":"ModelAdvance", "ph":"B", "ts":"999645607", "pid":"1", "tid":"cice"},
{"name":"ModelAdvance", "ph":"E", "ts":"1000141006", "pid":"1", "tid":"cice"},
{"name":"ModelAdvance", "ph":"B", "ts":"1000261898", "pid":"1", "tid":"cice"},
{"name":"ModelAdvance", "ph":"E", "ts":"1000726242", "pid":"1", "tid":"cice"},
{"name":"ModelAdvance", "ph":"B", "ts":"1000860602", "pid":"1", "tid":"cice"},
{"name":"ModelAdvance", "ph":"E", "ts":"1001334600", "pid":"1", "tid":"cice"},
{"name":"ModelAdvance", "ph":"B", "ts":"1001460391", "pid":"1", "tid":"cice"},
{"name":"ModelAdvance", "ph":"E", "ts":"1001930075", "pid":"1", "tid":"cice"},
{"name":"ModelAdvance", "ph":"B", "ts":"1002050930", "pid":"1", "tid":"cice"},
{"name":"ModelAdvance", "ph":"E", "ts":"1002522931", "pid":"1", "tid":"cice"},
{"name":"ModelAdvance", "ph":"B", "ts":"1002645941", "pid":"1", "tid":"cice"},
{"name":"ModelAdvance", "ph":"E", "ts":"1003109798", "pid":"1", "tid":"cice"},
{"name":"ModelAdvance", "ph":"B", "ts":"1003254891", "pid":"1", "tid":"cice"},
{"name":"ModelAdvance", "ph":"E", "ts":"1003721055", "pid":"1", "tid":"cice"},
{"name":"ModelAdvance", "ph":"B", "ts":"1004574311", "pid":"1", "tid":"cice"},
{"name":"ModelAdvance", "ph":"E", "ts":"1005041652", "pid":"1", "tid":"cice"},
{"name":"ModelAdvance", "ph":"B", "ts":"1005167298", "pid":"1", "tid":"cice"},
{"name":"ModelAdvance", "ph":"E", "ts":"1005650360", "pid":"1", "tid":"cice"},
{"name":"ModelAdvance", "ph":"B", "ts":"1005764488", "pid":"1", "tid":"cice"},
{"name":"ModelAdvance", "ph":"E", "ts":"1006233012", "pid":"1", "tid":"cice"},
{"name":"ModelAdvance", "ph":"B", "ts":"1006361485", "pid":"1", "tid":"cice"},
{"name":"ModelAdvance", "ph":"E", "ts":"1006822026", "pid":"1", "tid":"cice"},
{"name":"ModelAdvance", "ph":"B", "ts":"1006968740", "pid":"1", "tid":"cice"},
{"name":"ModelAdvance", "ph":"E", "ts":"1007442038", "pid":"1", "tid":"cice"},
{"name":"ModelAdvance", "ph":"B", "ts":"1007568835", "pid":"1", "tid":"cice"},
{"name":"ModelAdvance", "ph":"E", "ts":"1008039864", "pid":"1", "tid":"cice"},
{"name":"ModelAdvance", "ph":"B", "ts":"1008162386", "pid":"1", "tid":"cice"},
{"name":"ModelAdvance", "ph":"E", "ts":"1008631217", "pid":"1", "tid":"cice"},
{"name":"ModelAdvance", "ph":"B", "ts":"1008773979", "pid":"1", "tid":"cice"},
{"name":"ModelAdvance", "ph":"E", "ts":"1009246947", "pid":"1", "tid":"cice"},
{"name":"ModelAdvance", "ph":"B", "ts":"1009375195", "pid":"1", "tid":"cice"},
{"name":"ModelAdvance", "ph":"E", "ts":"1009849262", "pid":"1", "tid":"cice"},
{"name":"ModelAdvance", "ph":"B", "ts":"1009977988", "pid":"1", "tid":"cice"},
{"name":"ModelAdvance", "ph":"E", "ts":"1010447048", "pid":"1", "tid":"cice"},
{"name":"ModelAdvance", "ph":"B", "ts":"1010577660", "pid":"1", "tid":"cice"},
{"name":"ModelAdvance", "ph":"E", "ts":"1011044304", "pid":"1", "tid":"cice"},
{"name":"ModelAdvance", "ph":"B", "ts":"1011192448", "pid":"1", "tid":"cice"},
{"name":"ModelAdvance", "ph":"E", "ts":"1011656648", "pid":"1", "tid":"cice"},
{"name":"ModelAdvance", "ph":"B", "ts":"1011797418", "pid":"1", "tid":"cice"},
{"name":"ModelAdvance", "ph":"E", "ts":"1012264283", "pid":"1", "tid":"cice"},
{"name":"ModelAdvance", "ph":"B", "ts":"1012396229", "pid":"1", "tid":"cice"},
{"name":"ModelAdvance", "ph":"E", "ts":"1012862954", "pid":"1", "tid":"cice"},
{"name":"ModelAdvance", "ph":"B", "ts":"1012993010", "pid":"1", "tid":"cice"},
{"name":"ModelAdvance", "ph":"E", "ts":"1013462160", "pid":"1", "tid":"cice"},
{"name":"ModelAdvance", "ph":"B", "ts":"1013596183", "pid":"1", "tid":"cice"},
{"name":"ModelAdvance", "ph":"E", "ts":"1014092322", "pid":"1", "tid":"cice"},
{"name":"ModelAdvance", "ph":"B", "ts":"1014208839", "pid":"1", "tid":"cice"},
{"name":"ModelAdvance", "ph":"E", "ts":"1014675976", "pid":"1", "tid":"cice"},
{"name":"ModelAdvance", "ph":"B", "ts":"1014806177", "pid":"1", "tid":"cice"},
{"name":"ModelAdvance", "ph":"E", "ts":"1015286610", "pid":"1", "tid":"cice"},
{"name":"ModelAdvance", "ph":"B", "ts":"1015410005", "pid":"1", "tid":"cice"},
{"name":"ModelAdvance", "ph":"E", "ts":"1015872176", "pid":"1", "tid":"cice"},
{"name":"ModelAdvance", "ph":"B", "ts":"1016011468", "pid":"1", "tid":"cice"},
{"name":"ModelAdvance", "ph":"E", "ts":"1016475471", "pid":"1", "tid":"cice"},
{"name":"ModelAdvance", "ph":"B", "ts":"1016611344", "pid":"1", "tid":"cice"},
{"name":"ModelAdvance", "ph":"E", "ts":"1017088744", "pid":"1", "tid":"cice"},
{"name":"ModelAdvance", "ph":"B", "ts":"1017204215", "pid":"1", "tid":"cice"},
{"name":"ModelAdvance", "ph":"E", "ts":"1017681088", "pid":"1", "tid":"cice"},
{"name":"ModelAdvance", "ph":"B", "ts":"1017817928", "pid":"1", "tid":"cice"},
{"name":"ModelAdvance", "ph":"E", "ts":"1018288440", "pid":"1", "tid":"cice"},
{"name":"ModelAdvance", "ph":"B", "ts":"1018436022", "pid":"1", "tid":"cice"},
{"name":"ModelAdvance", "ph":"E", "ts":"1018911724", "pid":"1", "tid":"cice"},
{"name":"ModelAdvance", "ph":"B", "ts":"1019720624", "pid":"1", "tid":"cice"},
{"name":"ModelAdvance", "ph":"E", "ts":"1020183992", "pid":"1", "tid":"cice"},
{"name":"ModelAdvance", "ph":"B", "ts":"1020321156", "pid":"1", "tid":"cice"},
{"name":"ModelAdvance", "ph":"E", "ts":"1020786047", "pid":"1", "tid":"cice"},
{"name":"ModelAdvance", "ph":"B", "ts":"1020930430", "pid":"1", "tid":"cice"},
{"name":"ModelAdvance", "ph":"E", "ts":"1021397313", "pid":"1", "tid":"cice"},
{"name":"ModelAdvance", "ph":"B", "ts":"1021544053", "pid":"1", "tid":"cice"},
{"name":"ModelAdvance", "ph":"E", "ts":"1022020426", "pid":"1", "tid":"cice"},
{"name":"ModelAdvance", "ph":"B", "ts":"1022171366", "pid":"1", "tid":"cice"},
{"name":"ModelAdvance", "ph":"E", "ts":"1022640908", "pid":"1", "tid":"cice"},
{"name":"ModelAdvance", "ph":"B", "ts":"1022774753", "pid":"1", "tid":"cice"},
{"name":"ModelAdvance", "ph":"E", "ts":"1023255534", "pid":"1", "tid":"cice"},
{"name":"ModelAdvance", "ph":"B", "ts":"1023375878", "pid":"1", "tid":"cice"},
{"name":"ModelAdvance", "ph":"E", "ts":"1023844426", "pid":"1", "tid":"cice"},
{"name":"ModelAdvance", "ph":"B", "ts":"1023972403", "pid":"1", "tid":"cice"},
{"name":"ModelAdvance", "ph":"E", "ts":"1024442442", "pid":"1", "tid":"cice"},
{"name":"ModelAdvance", "ph":"B", "ts":"1024575204", "pid":"1", "tid":"cice"},
{"name":"ModelAdvance", "ph":"E", "ts":"1025043504", "pid":"1", "tid":"cice"},
{"name":"ModelAdvance", "ph":"B", "ts":"1025172470", "pid":"1", "tid":"cice"},
{"name":"ModelAdvance", "ph":"E", "ts":"1025652434", "pid":"1", "tid":"cice"},
{"name":"ModelAdvance", "ph":"B", "ts":"1025774017", "pid":"1", "tid":"cice"},
{"name":"ModelAdvance", "ph":"E", "ts":"1026249355", "pid":"1", "tid":"cice"},
{"name":"ModelAdvance", "ph":"B", "ts":"1026397815", "pid":"1", "tid":"cice"},
{"name":"ModelAdvance", "ph":"E", "ts":"1026873547", "pid":"1", "tid":"cice"},
{"name":"ModelAdvance", "ph":"B", "ts":"1027016501", "pid":"1", "tid":"cice"},
{"name":"ModelAdvance", "ph":"E", "ts":"1027497451", "pid":"1", "tid":"cice"},
{"name":"ModelAdvance", "ph":"B", "ts":"1027617386", "pid":"1", "tid":"cice"},
{"name":"ModelAdvance", "ph":"E", "ts":"1028089330", "pid":"1", "tid":"cice"},
{"name":"ModelAdvance", "ph":"B", "ts":"1028224346", "pid":"1", "tid":"cice"},
{"name":"ModelAdvance", "ph":"E", "ts":"1028689406", "pid":"1", "tid":"cice"},
{"name":"ModelAdvance", "ph":"B", "ts":"1028833355", "pid":"1", "tid":"cice"},
{"name":"ModelAdvance", "ph":"E", "ts":"1029295597", "pid":"1", "tid":"cice"},
{"name":"ModelAdvance", "ph":"B", "ts":"1029444278", "pid":"1", "tid":"cice"},
{"name":"ModelAdvance", "ph":"E", "ts":"1029909385", "pid":"1", "tid":"cice"},
{"name":"ModelAdvance", "ph":"B", "ts":"1030082720", "pid":"1", "tid":"cice"},
{"name":"ModelAdvance", "ph":"E", "ts":"1030552620", "pid":"1", "tid":"cice"},
{"name":"ModelAdvance", "ph":"B", "ts":"1030690712", "pid":"1", "tid":"cice"},
{"name":"ModelAdvance", "ph":"E", "ts":"1031168835", "pid":"1", "tid":"cice"},
{"name":"ModelAdvance", "ph":"B", "ts":"1031303223", "pid":"1", "tid":"cice"},
{"name":"ModelAdvance", "ph":"E", "ts":"1031770070", "pid":"1", "tid":"cice"},
{"name":"ModelAdvance", "ph":"B", "ts":"1031907732", "pid":"1", "tid":"cice"},
{"name":"ModelAdvance", "ph":"E", "ts":"1032379969", "pid":"1", "tid":"cice"},
{"name":"ModelAdvance", "ph":"B", "ts":"1032514631", "pid":"1", "tid":"cice"},
{"name":"ModelAdvance", "ph":"E", "ts":"1032980542", "pid":"1", "tid":"cice"},
{"name":"ModelAdvance", "ph":"B", "ts":"1033111308", "pid":"1", "tid":"cice"},
{"name":"ModelAdvance", "ph":"E", "ts":"1033584754", "pid":"1", "tid":"cice"},
{"name":"ModelAdvance", "ph":"B", "ts":"1049054933", "pid":"1", "tid":"cice"},
{"name":"ModelAdvance", "ph":"E", "ts":"1049525583", "pid":"1", "tid":"cice"},
{"name":"ModelAdvance", "ph":"B", "ts":"1050343763", "pid":"1", "tid":"cice"},
{"name":"ModelAdvance", "ph":"E", "ts":"1050807194", "pid":"1", "tid":"cice"},
{"name":"ModelAdvance", "ph":"B", "ts":"1050943293", "pid":"1", "tid":"cice"},
{"name":"ModelAdvance", "ph":"E", "ts":"1051407952", "pid":"1", "tid":"cice"},
{"name":"ModelAdvance", "ph":"B", "ts":"1051538789", "pid":"1", "tid":"cice"},
{"name":"ModelAdvance", "ph":"E", "ts":"1052013639", "pid":"1", "tid":"cice"},
{"name":"ModelAdvance", "ph":"B", "ts":"1052147703", "pid":"1", "tid":"cice"},
{"name":"ModelAdvance", "ph":"E", "ts":"1052645533", "pid":"1", "tid":"cice"},
{"name":"ModelAdvance", "ph":"B", "ts":"1052770048", "pid":"1", "tid":"cice"},
{"name":"ModelAdvance", "ph":"E", "ts":"1053243382", "pid":"1", "tid":"cice"},
{"name":"ModelAdvance", "ph":"B", "ts":"1053388096", "pid":"1", "tid":"cice"},
{"name":"ModelAdvance", "ph":"E", "ts":"1053855108", "pid":"1", "tid":"cice"},
{"name":"ModelAdvance", "ph":"B", "ts":"1053993168", "pid":"1", "tid":"cice"},
{"name":"ModelAdvance", "ph":"E", "ts":"1054472373", "pid":"1", "tid":"cice"},
{"name":"ModelAdvance", "ph":"B", "ts":"1054595978", "pid":"1", "tid":"cice"},
{"name":"ModelAdvance", "ph":"E", "ts":"1055058427", "pid":"1", "tid":"cice"},
{"name":"ModelAdvance", "ph":"B", "ts":"1055209908", "pid":"1", "tid":"cice"},
{"name":"ModelAdvance", "ph":"E", "ts":"1055682562", "pid":"1", "tid":"cice"},
{"name":"ModelAdvance", "ph":"B", "ts":"1055828511", "pid":"1", "tid":"cice"},
{"name":"ModelAdvance", "ph":"E", "ts":"1056302147", "pid":"1", "tid":"cice"},
{"name":"ModelAdvance", "ph":"B", "ts":"1056441179", "pid":"1", "tid":"cice"},
{"name":"ModelAdvance", "ph":"E", "ts":"1056919203", "pid":"1", "tid":"cice"},
{"name":"ModelAdvance", "ph":"B", "ts":"1057095884", "pid":"1", "tid":"cice"},
{"name":"ModelAdvance", "ph":"E", "ts":"1057622805", "pid":"1", "tid":"cice"},
{"name":"ModelAdvance", "ph":"B", "ts":"1057745863", "pid":"1", "tid":"cice"},
{"name":"ModelAdvance", "ph":"E", "ts":"1058223206", "pid":"1", "tid":"cice"},
{"name":"ModelAdvance", "ph":"B", "ts":"1058357797", "pid":"1", "tid":"cice"},
{"name":"ModelAdvance", "ph":"E", "ts":"1058821969", "pid":"1", "tid":"cice"},
{"name":"ModelAdvance", "ph":"B", "ts":"1058969063", "pid":"1", "tid":"cice"},
{"name":"ModelAdvance", "ph":"E", "ts":"1059435633", "pid":"1", "tid":"cice"},
{"name":"ModelAdvance", "ph":"B", "ts":"1059564782", "pid":"1", "tid":"cice"},
{"name":"ModelAdvance", "ph":"E", "ts":"1060030621", "pid":"1", "tid":"cice"},
{"name":"ModelAdvance", "ph":"B", "ts":"1060170029", "pid":"1", "tid":"cice"},
{"name":"ModelAdvance", "ph":"E", "ts":"1060648816", "pid":"1", "tid":"cice"},
{"name":"ModelAdvance", "ph":"B", "ts":"1060771724", "pid":"1", "tid":"cice"},
{"name":"ModelAdvance", "ph":"E", "ts":"1061250117", "pid":"1", "tid":"cice"},
{"name":"ModelAdvance", "ph":"B", "ts":"1061383173", "pid":"1", "tid":"cice"},
{"name":"ModelAdvance", "ph":"E", "ts":"1061854995", "pid":"1", "tid":"cice"},
{"name":"ModelAdvance", "ph":"B", "ts":"1061995112", "pid":"1", "tid":"cice"},
{"name":"ModelAdvance", "ph":"E", "ts":"1062463272", "pid":"1", "tid":"cice"},
{"name":"ModelAdvance", "ph":"B", "ts":"1062626807", "pid":"1", "tid":"cice"},
{"name":"ModelAdvance", "ph":"E", "ts":"1063100167", "pid":"1", "tid":"cice"},
{"name":"ModelAdvance", "ph":"B", "ts":"1063234109", "pid":"1", "tid":"cice"},
{"name":"ModelAdvance", "ph":"E", "ts":"1063697709", "pid":"1", "tid":"cice"},
{"name":"ModelAdvance", "ph":"B", "ts":"1063841785", "pid":"1", "tid":"cice"},
{"name":"ModelAdvance", "ph":"E", "ts":"1064318434", "pid":"1", "tid":"cice"},
{"name":"ModelAdvance", "ph":"B", "ts":"1064459644", "pid":"1", "tid":"cice"},
{"name":"ModelAdvance", "ph":"E", "ts":"1064932937", "pid":"1", "tid":"cice"},
{"name":"ModelAdvance", "ph":"B", "ts":"1065747428", "pid":"1", "tid":"cice"},
{"name":"ModelAdvance", "ph":"E", "ts":"1066209710", "pid":"1", "tid":"cice"},
{"name":"ModelAdvance", "ph":"B", "ts":"1066362816", "pid":"1", "tid":"cice"},
{"name":"ModelAdvance", "ph":"E", "ts":"1066827414", "pid":"1", "tid":"cice"},
{"name":"ModelAdvance", "ph":"B", "ts":"1066974035", "pid":"1", "tid":"cice"},
{"name":"ModelAdvance", "ph":"E", "ts":"1067435119", "pid":"1", "tid":"cice"},
{"name":"ModelAdvance", "ph":"B", "ts":"1067592632", "pid":"1", "tid":"cice"},
{"name":"ModelAdvance", "ph":"E", "ts":"1068055487", "pid":"1", "tid":"cice"},
{"name":"ModelAdvance", "ph":"B", "ts":"1068207302", "pid":"1", "tid":"cice"},
{"name":"ModelAdvance", "ph":"E", "ts":"1068673535", "pid":"1", "tid":"cice"},
{"name":"ModelAdvance", "ph":"B", "ts":"1068820480", "pid":"1", "tid":"cice"},
{"name":"ModelAdvance", "ph":"E", "ts":"1069280397", "pid":"1", "tid":"cice"},
{"name":"ModelAdvance", "ph":"B", "ts":"1069425698", "pid":"1", "tid":"cice"},
{"name":"ModelAdvance", "ph":"E", "ts":"1069888993", "pid":"1", "tid":"cice"},
{"name":"ModelAdvance", "ph":"B", "ts":"1070036063", "pid":"1", "tid":"cice"},
{"name":"ModelAdvance", "ph":"E", "ts":"1070504365", "pid":"1", "tid":"cice"},
{"name":"ModelAdvance", "ph":"B", "ts":"1070670224", "pid":"1", "tid":"cice"},
{"name":"ModelAdvance", "ph":"E", "ts":"1071137075", "pid":"1", "tid":"cice"},
{"name":"ModelAdvance", "ph":"B", "ts":"1071281876", "pid":"1", "tid":"cice"},
{"name":"ModelAdvance", "ph":"E", "ts":"1071755572", "pid":"1", "tid":"cice"},
{"name":"ModelAdvance", "ph":"B", "ts":"1071892160", "pid":"1", "tid":"cice"},
{"name":"ModelAdvance", "ph":"E", "ts":"1072355359", "pid":"1", "tid":"cice"},
{"name":"ModelAdvance", "ph":"B", "ts":"1072522446", "pid":"1", "tid":"cice"},
{"name":"ModelAdvance", "ph":"E", "ts":"1072988402", "pid":"1", "tid":"cice"},
{"name":"ModelAdvance", "ph":"B", "ts":"1073136999", "pid":"1", "tid":"cice"},
{"name":"ModelAdvance", "ph":"E", "ts":"1073604676", "pid":"1", "tid":"cice"},
{"name":"ModelAdvance", "ph":"B", "ts":"1073758290", "pid":"1", "tid":"cice"},
{"name":"ModelAdvance", "ph":"E", "ts":"1074231913", "pid":"1", "tid":"cice"},
{"name":"ModelAdvance", "ph":"B", "ts":"1074378824", "pid":"1", "tid":"cice"},
{"name":"ModelAdvance", "ph":"E", "ts":"1074845131", "pid":"1", "tid":"cice"},
{"name":"ModelAdvance", "ph":"B", "ts":"1074999179", "pid":"1", "tid":"cice"},
{"name":"ModelAdvance", "ph":"E", "ts":"1075471204", "pid":"1", "tid":"cice"},
{"name":"ModelAdvance", "ph":"B", "ts":"1075600110", "pid":"1", "tid":"cice"},
{"name":"ModelAdvance", "ph":"E", "ts":"1076067901", "pid":"1", "tid":"cice"},
{"name":"ModelAdvance", "ph":"B", "ts":"1076220653", "pid":"1", "tid":"cice"},
{"name":"ModelAdvance", "ph":"E", "ts":"1076691302", "pid":"1", "tid":"cice"},
{"name":"ModelAdvance", "ph":"B", "ts":"1076840320", "pid":"1", "tid":"cice"},
{"name":"ModelAdvance", "ph":"E", "ts":"1077310011", "pid":"1", "tid":"cice"},
{"name":"ModelAdvance", "ph":"B", "ts":"1077463705", "pid":"1", "tid":"cice"},
{"name":"ModelAdvance", "ph":"E", "ts":"1077938023", "pid":"1", "tid":"cice"},
{"name":"ModelAdvance", "ph":"B", "ts":"1078073532", "pid":"1", "tid":"cice"},
{"name":"ModelAdvance", "ph":"E", "ts":"1078548092", "pid":"1", "tid":"cice"},
{"name":"ModelAdvance", "ph":"B", "ts":"1078694725", "pid":"1", "tid":"cice"},
{"name":"ModelAdvance", "ph":"E", "ts":"1079166024", "pid":"1", "tid":"cice"},
{"name":"ModelAdvance", "ph":"B", "ts":"1079315623", "pid":"1", "tid":"cice"},
{"name":"ModelAdvance", "ph":"E", "ts":"1079779590", "pid":"1", "tid":"cice"},
{"name":"ModelAdvance", "ph":"B", "ts":"1079955431", "pid":"1", "tid":"cice"},
{"name":"ModelAdvance", "ph":"E", "ts":"1080430579", "pid":"1", "tid":"cice"},
{"name":"ModelAdvance", "ph":"B", "ts":"1081210895", "pid":"1", "tid":"cice"},
{"name":"ModelAdvance", "ph":"E", "ts":"1081686424", "pid":"1", "tid":"cice"},
{"name":"ModelAdvance", "ph":"B", "ts":"1081823151", "pid":"1", "tid":"cice"},
{"name":"ModelAdvance", "ph":"E", "ts":"1082288850", "pid":"1", "tid":"cice"},
{"name":"ModelAdvance", "ph":"B", "ts":"1082439009", "pid":"1", "tid":"cice"},
{"name":"ModelAdvance", "ph":"E", "ts":"1082905234", "pid":"1", "tid":"cice"},
{"name":"ModelAdvance", "ph":"B", "ts":"1083054287", "pid":"1", "tid":"cice"},
{"name":"ModelAdvance", "ph":"E", "ts":"1083527923", "pid":"1", "tid":"cice"},
{"name":"ModelAdvance", "ph":"B", "ts":"1083673489", "pid":"1", "tid":"cice"},
{"name":"ModelAdvance", "ph":"E", "ts":"1084141593", "pid":"1", "tid":"cice"},
{"name":"ModelAdvance", "ph":"B", "ts":"1084288780", "pid":"1", "tid":"cice"},
{"name":"ModelAdvance", "ph":"E", "ts":"1084759602", "pid":"1", "tid":"cice"},
{"name":"ModelAdvance", "ph":"B", "ts":"1084901148", "pid":"1", "tid":"cice"},
{"name":"ModelAdvance", "ph":"E", "ts":"1085367786", "pid":"1", "tid":"cice"},
{"name":"ModelAdvance", "ph":"B", "ts":"1085506837", "pid":"1", "tid":"cice"},
{"name":"ModelAdvance", "ph":"E", "ts":"1085965529", "pid":"1", "tid":"cice"},
{"name":"ModelAdvance", "ph":"B", "ts":"1086121067", "pid":"1", "tid":"cice"},
{"name":"ModelAdvance", "ph":"E", "ts":"1086594224", "pid":"1", "tid":"cice"},
{"name":"ModelAdvance", "ph":"B", "ts":"1086728229", "pid":"1", "tid":"cice"},
{"name":"ModelAdvance", "ph":"E", "ts":"1087202080", "pid":"1", "tid":"cice"},
{"name":"ModelAdvance", "ph":"B", "ts":"1087339803", "pid":"1", "tid":"cice"},
{"name":"ModelAdvance", "ph":"E", "ts":"1087805698", "pid":"1", "tid":"cice"},
{"name":"ModelAdvance", "ph":"B", "ts":"1087968697", "pid":"1", "tid":"cice"},
{"name":"ModelAdvance", "ph":"E", "ts":"1088444177", "pid":"1", "tid":"cice"},
{"name":"ModelAdvance", "ph":"B", "ts":"1088603005", "pid":"1", "tid":"cice"},
{"name":"ModelAdvance", "ph":"E", "ts":"1089064255", "pid":"1", "tid":"cice"},
{"name":"ModelAdvance", "ph":"B", "ts":"1089224634", "pid":"1", "tid":"cice"},
{"name":"ModelAdvance", "ph":"E", "ts":"1089700593", "pid":"1", "tid":"cice"},
{"name":"ModelAdvance", "ph":"B", "ts":"1089845460", "pid":"1", "tid":"cice"},
{"name":"ModelAdvance", "ph":"E", "ts":"1090309365", "pid":"1", "tid":"cice"},
{"name":"ModelAdvance", "ph":"B", "ts":"1090453886", "pid":"1", "tid":"cice"},
{"name":"ModelAdvance", "ph":"E", "ts":"1090927062", "pid":"1", "tid":"cice"},
{"name":"ModelAdvance", "ph":"B", "ts":"1091069225", "pid":"1", "tid":"cice"},
{"name":"ModelAdvance", "ph":"E", "ts":"1091533384", "pid":"1", "tid":"cice"},
{"name":"ModelAdvance", "ph":"B", "ts":"1091684909", "pid":"1", "tid":"cice"},
{"name":"ModelAdvance", "ph":"E", "ts":"1092147208", "pid":"1", "tid":"cice"},
{"name":"ModelAdvance", "ph":"B", "ts":"1092309577", "pid":"1", "tid":"cice"},
{"name":"ModelAdvance", "ph":"E", "ts":"1092781053", "pid":"1", "tid":"cice"},
{"name":"ModelAdvance", "ph":"B", "ts":"1092926641", "pid":"1", "tid":"cice"},
{"name":"ModelAdvance", "ph":"E", "ts":"1093402956", "pid":"1", "tid":"cice"},
{"name":"ModelAdvance", "ph":"B", "ts":"1093582017", "pid":"1", "tid":"cice"},
{"name":"ModelAdvance", "ph":"E", "ts":"1094048866", "pid":"1", "tid":"cice"},
{"name":"ModelAdvance", "ph":"B", "ts":"1094216736", "pid":"1", "tid":"cice"},
{"name":"ModelAdvance", "ph":"E", "ts":"1094688954", "pid":"1", "tid":"cice"},
{"name":"ModelAdvance", "ph":"B", "ts":"1094831667", "pid":"1", "tid":"cice"},
{"name":"ModelAdvance", "ph":"E", "ts":"1095399012", "pid":"1", "tid":"cice"},
{"name":"ModelAdvance", "ph":"B", "ts":"1095453692", "pid":"1", "tid":"cice"},
{"name":"ModelAdvance", "ph":"E", "ts":"1095917707", "pid":"1", "tid":"cice"},
{"name":"ModelAdvance", "ph":"B", "ts":"1096739900", "pid":"1", "tid":"cice"},
{"name":"ModelAdvance", "ph":"E", "ts":"1097211415", "pid":"1", "tid":"cice"},
{"name":"ModelAdvance", "ph":"B", "ts":"1097343076", "pid":"1", "tid":"cice"},
{"name":"ModelAdvance", "ph":"E", "ts":"1097810262", "pid":"1", "tid":"cice"},
{"name":"ModelAdvance", "ph":"B", "ts":"1097976957", "pid":"1", "tid":"cice"},
{"name":"ModelAdvance", "ph":"E", "ts":"1098454004", "pid":"1", "tid":"cice"},
{"name":"ModelAdvance", "ph":"B", "ts":"1098597960", "pid":"1", "tid":"cice"},
{"name":"ModelAdvance", "ph":"E", "ts":"1099066869", "pid":"1", "tid":"cice"},
{"name":"ModelAdvance", "ph":"B", "ts":"1099206892", "pid":"1", "tid":"cice"},
{"name":"ModelAdvance", "ph":"E", "ts":"1099672943", "pid":"1", "tid":"cice"},
{"name":"ModelAdvance", "ph":"B", "ts":"1099811548", "pid":"1", "tid":"cice"},
{"name":"ModelAdvance", "ph":"E", "ts":"1100281271", "pid":"1", "tid":"cice"},
{"name":"ModelAdvance", "ph":"B", "ts":"1100414193", "pid":"1", "tid":"cice"},
{"name":"ModelAdvance", "ph":"E", "ts":"1100890208", "pid":"1", "tid":"cice"},
{"name":"ModelAdvance", "ph":"B", "ts":"1101023854", "pid":"1", "tid":"cice"},
{"name":"ModelAdvance", "ph":"E", "ts":"1101500993", "pid":"1", "tid":"cice"},
{"name":"ModelAdvance", "ph":"B", "ts":"1101626970", "pid":"1", "tid":"cice"},
{"name":"ModelAdvance", "ph":"E", "ts":"1102088166", "pid":"1", "tid":"cice"},
{"name":"ModelAdvance", "ph":"B", "ts":"1102283428", "pid":"1", "tid":"cice"},
{"name":"ModelAdvance", "ph":"E", "ts":"1102755468", "pid":"1", "tid":"cice"},
{"name":"ModelAdvance", "ph":"B", "ts":"1102897495", "pid":"1", "tid":"cice"},
{"name":"ModelAdvance", "ph":"E", "ts":"1103373444", "pid":"1", "tid":"cice"},
{"name":"ModelAdvance", "ph":"B", "ts":"1103574699", "pid":"1", "tid":"cice"},
{"name":"ModelAdvance", "ph":"E", "ts":"1104052696", "pid":"1", "tid":"cice"},
{"name":"ModelAdvance", "ph":"B", "ts":"1104186749", "pid":"1", "tid":"cice"},
{"name":"ModelAdvance", "ph":"E", "ts":"1104658051", "pid":"1", "tid":"cice"},
{"name":"ModelAdvance", "ph":"B", "ts":"1104851011", "pid":"1", "tid":"cice"},
{"name":"ModelAdvance", "ph":"E", "ts":"1105318348", "pid":"1", "tid":"cice"},
{"name":"ModelAdvance", "ph":"B", "ts":"1105464168", "pid":"1", "tid":"cice"},
{"name":"ModelAdvance", "ph":"E", "ts":"1105938978", "pid":"1", "tid":"cice"},
{"name":"ModelAdvance", "ph":"B", "ts":"1106073302", "pid":"1", "tid":"cice"},
{"name":"ModelAdvance", "ph":"E", "ts":"1106534382", "pid":"1", "tid":"cice"},
{"name":"ModelAdvance", "ph":"B", "ts":"1106695448", "pid":"1", "tid":"cice"},
{"name":"ModelAdvance", "ph":"E", "ts":"1107163383", "pid":"1", "tid":"cice"},
{"name":"ModelAdvance", "ph":"B", "ts":"1107297874", "pid":"1", "tid":"cice"},
{"name":"ModelAdvance", "ph":"E", "ts":"1107776458", "pid":"1", "tid":"cice"},
{"name":"ModelAdvance", "ph":"B", "ts":"1107898802", "pid":"1", "tid":"cice"},
{"name":"ModelAdvance", "ph":"E", "ts":"1108376115", "pid":"1", "tid":"cice"},
{"name":"ModelAdvance", "ph":"B", "ts":"1108499161", "pid":"1", "tid":"cice"},
{"name":"ModelAdvance", "ph":"E", "ts":"1108976681", "pid":"1", "tid":"cice"},
{"name":"ModelAdvance", "ph":"B", "ts":"1109105104", "pid":"1", "tid":"cice"},
{"name":"ModelAdvance", "ph":"E", "ts":"1109572078", "pid":"1", "tid":"cice"},
{"name":"ModelAdvance", "ph":"B", "ts":"1109717619", "pid":"1", "tid":"cice"},
{"name":"ModelAdvance", "ph":"E", "ts":"1110189782", "pid":"1", "tid":"cice"},
{"name":"ModelAdvance", "ph":"B", "ts":"1110319031", "pid":"1", "tid":"cice"},
{"name":"ModelAdvance", "ph":"E", "ts":"1110795744", "pid":"1", "tid":"cice"},
{"name":"ModelAdvance", "ph":"B", "ts":"1110930395", "pid":"1", "tid":"cice"},
{"name":"ModelAdvance", "ph":"E", "ts":"1111406245", "pid":"1", "tid":"cice"},
{"name":"ModelAdvance", "ph":"B", "ts":"1112160793", "pid":"1", "tid":"cice"},
{"name":"ModelAdvance", "ph":"E", "ts":"1112625807", "pid":"1", "tid":"cice"},
{"name":"ModelAdvance", "ph":"B", "ts":"1112756858", "pid":"1", "tid":"cice"},
{"name":"ModelAdvance", "ph":"E", "ts":"1113220730", "pid":"1", "tid":"cice"},
{"name":"ModelAdvance", "ph":"B", "ts":"1113360763", "pid":"1", "tid":"cice"},
{"name":"ModelAdvance", "ph":"E", "ts":"1113817403", "pid":"1", "tid":"cice"},
{"name":"ModelAdvance", "ph":"B", "ts":"1113962445", "pid":"1", "tid":"cice"},
{"name":"ModelAdvance", "ph":"E", "ts":"1114423345", "pid":"1", "tid":"cice"},
{"name":"ModelAdvance", "ph":"B", "ts":"1114581828", "pid":"1", "tid":"cice"},
{"name":"ModelAdvance", "ph":"E", "ts":"1115048647", "pid":"1", "tid":"cice"},
{"name":"ModelAdvance", "ph":"B", "ts":"1115203048", "pid":"1", "tid":"cice"},
{"name":"ModelAdvance", "ph":"E", "ts":"1115670827", "pid":"1", "tid":"cice"},
{"name":"ModelAdvance", "ph":"B", "ts":"1115816481", "pid":"1", "tid":"cice"},
{"name":"ModelAdvance", "ph":"E", "ts":"1116287498", "pid":"1", "tid":"cice"},
{"name":"ModelAdvance", "ph":"B", "ts":"1116430643", "pid":"1", "tid":"cice"},
{"name":"ModelAdvance", "ph":"E", "ts":"1116918234", "pid":"1", "tid":"cice"},
{"name":"ModelAdvance", "ph":"B", "ts":"1117055871", "pid":"1", "tid":"cice"},
{"name":"ModelAdvance", "ph":"E", "ts":"1117529648", "pid":"1", "tid":"cice"},
{"name":"ModelAdvance", "ph":"B", "ts":"1117687997", "pid":"1", "tid":"cice"},
{"name":"ModelAdvance", "ph":"E", "ts":"1118160996", "pid":"1", "tid":"cice"},
{"name":"ModelAdvance", "ph":"B", "ts":"1118313781", "pid":"1", "tid":"cice"},
{"name":"ModelAdvance", "ph":"E", "ts":"1118787570", "pid":"1", "tid":"cice"},
{"name":"ModelAdvance", "ph":"B", "ts":"1118955293", "pid":"1", "tid":"cice"},
{"name":"ModelAdvance", "ph":"E", "ts":"1119420107", "pid":"1", "tid":"cice"},
{"name":"ModelAdvance", "ph":"B", "ts":"1119586829", "pid":"1", "tid":"cice"},
{"name":"ModelAdvance", "ph":"E", "ts":"1120056743", "pid":"1", "tid":"cice"},
{"name":"ModelAdvance", "ph":"B", "ts":"1120228491", "pid":"1", "tid":"cice"},
{"name":"ModelAdvance", "ph":"E", "ts":"1120703511", "pid":"1", "tid":"cice"},
{"name":"ModelAdvance", "ph":"B", "ts":"1120857607", "pid":"1", "tid":"cice"},
{"name":"ModelAdvance", "ph":"E", "ts":"1121320798", "pid":"1", "tid":"cice"},
{"name":"ModelAdvance", "ph":"B", "ts":"1121505805", "pid":"1", "tid":"cice"},
{"name":"ModelAdvance", "ph":"E", "ts":"1121966409", "pid":"1", "tid":"cice"},
{"name":"ModelAdvance", "ph":"B", "ts":"1122130346", "pid":"1", "tid":"cice"},
{"name":"ModelAdvance", "ph":"E", "ts":"1122593864", "pid":"1", "tid":"cice"},
{"name":"ModelAdvance", "ph":"B", "ts":"1122756205", "pid":"1", "tid":"cice"},
{"name":"ModelAdvance", "ph":"E", "ts":"1123223740", "pid":"1", "tid":"cice"},
{"name":"ModelAdvance", "ph":"B", "ts":"1123424399", "pid":"1", "tid":"cice"},
{"name":"ModelAdvance", "ph":"E", "ts":"1123892352", "pid":"1", "tid":"cice"},
{"name":"ModelAdvance", "ph":"B", "ts":"1124065424", "pid":"1", "tid":"cice"},
{"name":"ModelAdvance", "ph":"E", "ts":"1124543247", "pid":"1", "tid":"cice"},
{"name":"ModelAdvance", "ph":"B", "ts":"1124791656", "pid":"1", "tid":"cice"},
{"name":"ModelAdvance", "ph":"E", "ts":"1125258437", "pid":"1", "tid":"cice"},
{"name":"ModelAdvance", "ph":"B", "ts":"1125433695", "pid":"1", "tid":"cice"},
{"name":"ModelAdvance", "ph":"E", "ts":"1125911602", "pid":"1", "tid":"cice"},
{"name":"ModelAdvance", "ph":"B", "ts":"1126073825", "pid":"1", "tid":"cice"},
{"name":"ModelAdvance", "ph":"E", "ts":"1126539402", "pid":"1", "tid":"cice"},
{"name":"ModelAdvance", "ph":"B", "ts":"1126715415", "pid":"1", "tid":"cice"},
{"name":"ModelAdvance", "ph":"E", "ts":"1127180143", "pid":"1", "tid":"cice"},
{"name":"ModelAdvance", "ph":"B", "ts":"1127990679", "pid":"1", "tid":"cice"},
{"name":"ModelAdvance", "ph":"E", "ts":"1128455940", "pid":"1", "tid":"cice"},
{"name":"ModelAdvance", "ph":"B", "ts":"1128629536", "pid":"1", "tid":"cice"},
{"name":"ModelAdvance", "ph":"E", "ts":"1129103703", "pid":"1", "tid":"cice"},
{"name":"ModelAdvance", "ph":"B", "ts":"1129306861", "pid":"1", "tid":"cice"},
{"name":"ModelAdvance", "ph":"E", "ts":"1129784525", "pid":"1", "tid":"cice"},
{"name":"ModelAdvance", "ph":"B", "ts":"1129932176", "pid":"1", "tid":"cice"},
{"name":"ModelAdvance", "ph":"E", "ts":"1130409516", "pid":"1", "tid":"cice"},
{"name":"ModelAdvance", "ph":"B", "ts":"1130571838", "pid":"1", "tid":"cice"},
{"name":"ModelAdvance", "ph":"E", "ts":"1131035619", "pid":"1", "tid":"cice"},
{"name":"ModelAdvance", "ph":"B", "ts":"1131198460", "pid":"1", "tid":"cice"},
{"name":"ModelAdvance", "ph":"E", "ts":"1131662633", "pid":"1", "tid":"cice"},
{"name":"ModelAdvance", "ph":"B", "ts":"1131809173", "pid":"1", "tid":"cice"},
{"name":"ModelAdvance", "ph":"E", "ts":"1132282534", "pid":"1", "tid":"cice"},
{"name":"ModelAdvance", "ph":"B", "ts":"1132473592", "pid":"1", "tid":"cice"},
{"name":"ModelAdvance", "ph":"E", "ts":"1132948445", "pid":"1", "tid":"cice"},
{"name":"ModelAdvance", "ph":"B", "ts":"1133106266", "pid":"1", "tid":"cice"},
{"name":"ModelAdvance", "ph":"E", "ts":"1133575181", "pid":"1", "tid":"cice"},
{"name":"ModelAdvance", "ph":"B", "ts":"1133786259", "pid":"1", "tid":"cice"},
{"name":"ModelAdvance", "ph":"E", "ts":"1134249050", "pid":"1", "tid":"cice"},
{"name":"ModelAdvance", "ph":"B", "ts":"1134419654", "pid":"1", "tid":"cice"},
{"name":"ModelAdvance", "ph":"E", "ts":"1134907346", "pid":"1", "tid":"cice"},
{"name":"ModelAdvance", "ph":"B", "ts":"1135111106", "pid":"1", "tid":"cice"},
{"name":"ModelAdvance", "ph":"E", "ts":"1135576549", "pid":"1", "tid":"cice"},
{"name":"ModelAdvance", "ph":"B", "ts":"1135797714", "pid":"1", "tid":"cice"},
{"name":"ModelAdvance", "ph":"E", "ts":"1136255491", "pid":"1", "tid":"cice"},
{"name":"ModelAdvance", "ph":"B", "ts":"1136433325", "pid":"1", "tid":"cice"},
{"name":"ModelAdvance", "ph":"E", "ts":"1136909142", "pid":"1", "tid":"cice"},
{"name":"ModelAdvance", "ph":"B", "ts":"1137093202", "pid":"1", "tid":"cice"},
{"name":"ModelAdvance", "ph":"E", "ts":"1137571117", "pid":"1", "tid":"cice"},
{"name":"ModelAdvance", "ph":"B", "ts":"1137732260", "pid":"1", "tid":"cice"},
{"name":"ModelAdvance", "ph":"E", "ts":"1138209929", "pid":"1", "tid":"cice"},
{"name":"ModelAdvance", "ph":"B", "ts":"1138418758", "pid":"1", "tid":"cice"},
{"name":"ModelAdvance", "ph":"E", "ts":"1138882125", "pid":"1", "tid":"cice"},
{"name":"ModelAdvance", "ph":"B", "ts":"1139060150", "pid":"1", "tid":"cice"},
{"name":"ModelAdvance", "ph":"E", "ts":"1139541167", "pid":"1", "tid":"cice"},
{"name":"ModelAdvance", "ph":"B", "ts":"1139744884", "pid":"1", "tid":"cice"},
{"name":"ModelAdvance", "ph":"E", "ts":"1140209461", "pid":"1", "tid":"cice"},
{"name":"ModelAdvance", "ph":"B", "ts":"1140380066", "pid":"1", "tid":"cice"},
{"name":"ModelAdvance", "ph":"E", "ts":"1140857662", "pid":"1", "tid":"cice"},
{"name":"ModelAdvance", "ph":"B", "ts":"1141009839", "pid":"1", "tid":"cice"},
{"name":"ModelAdvance", "ph":"E", "ts":"1141486042", "pid":"1", "tid":"cice"},
{"name":"ModelAdvance", "ph":"B", "ts":"1141636519", "pid":"1", "tid":"cice"},
{"name":"ModelAdvance", "ph":"E", "ts":"1142111389", "pid":"1", "tid":"cice"},
{"name":"ModelAdvance", "ph":"B", "ts":"1142259831", "pid":"1", "tid":"cice"},
{"name":"ModelAdvance", "ph":"E", "ts":"1142726549", "pid":"1", "tid":"cice"},
{"name":"ModelAdvance", "ph":"B", "ts":"1142941427", "pid":"1", "tid":"cice"},
{"name":"ModelAdvance", "ph":"E", "ts":"1143404617", "pid":"1", "tid":"cice"},
{"name":"ModelAdvance", "ph":"B", "ts":"1144220892", "pid":"1", "tid":"cice"},
{"name":"ModelAdvance", "ph":"E", "ts":"1144698282", "pid":"1", "tid":"cice"},
{"name":"ModelAdvance", "ph":"B", "ts":"1144860561", "pid":"1", "tid":"cice"},
{"name":"ModelAdvance", "ph":"E", "ts":"1145337677", "pid":"1", "tid":"cice"},
{"name":"ModelAdvance", "ph":"B", "ts":"1145485823", "pid":"1", "tid":"cice"},
{"name":"ModelAdvance", "ph":"E", "ts":"1145954042", "pid":"1", "tid":"cice"},
{"name":"ModelAdvance", "ph":"B", "ts":"1146127814", "pid":"1", "tid":"cice"},
{"name":"ModelAdvance", "ph":"E", "ts":"1146596665", "pid":"1", "tid":"cice"},
{"name":"ModelAdvance", "ph":"B", "ts":"1146764775", "pid":"1", "tid":"cice"},
{"name":"ModelAdvance", "ph":"E", "ts":"1147236498", "pid":"1", "tid":"cice"},
{"name":"ModelAdvance", "ph":"B", "ts":"1147402694", "pid":"1", "tid":"cice"},
{"name":"ModelAdvance", "ph":"E", "ts":"1147876200", "pid":"1", "tid":"cice"},
{"name":"ModelAdvance", "ph":"B", "ts":"1148027760", "pid":"1", "tid":"cice"},
{"name":"ModelAdvance", "ph":"E", "ts":"1148493060", "pid":"1", "tid":"cice"},
{"name":"ModelAdvance", "ph":"B", "ts":"1148666808", "pid":"1", "tid":"cice"},
{"name":"ModelAdvance", "ph":"E", "ts":"1149128172", "pid":"1", "tid":"cice"},
{"name":"ModelAdvance", "ph":"B", "ts":"1149538832", "pid":"1", "tid":"cice"},
{"name":"ModelAdvance", "ph":"E", "ts":"1150014599", "pid":"1", "tid":"cice"},
{"name":"ModelAdvance", "ph":"B", "ts":"1150214255", "pid":"1", "tid":"cice"},
{"name":"ModelAdvance", "ph":"E", "ts":"1150677910", "pid":"1", "tid":"cice"},
{"name":"ModelAdvance", "ph":"B", "ts":"1150837757", "pid":"1", "tid":"cice"},
{"name":"ModelAdvance", "ph":"E", "ts":"1151302887", "pid":"1", "tid":"cice"},
{"name":"ModelAdvance", "ph":"B", "ts":"1151529668", "pid":"1", "tid":"cice"},
{"name":"ModelAdvance", "ph":"E", "ts":"1151988787", "pid":"1", "tid":"cice"},
{"name":"ModelAdvance", "ph":"B", "ts":"1152150978", "pid":"1", "tid":"cice"},
{"name":"ModelAdvance", "ph":"E", "ts":"1152625515", "pid":"1", "tid":"cice"},
{"name":"ModelAdvance", "ph":"B", "ts":"1152793934", "pid":"1", "tid":"cice"},
{"name":"ModelAdvance", "ph":"E", "ts":"1153264355", "pid":"1", "tid":"cice"},
{"name":"ModelAdvance", "ph":"B", "ts":"1153465732", "pid":"1", "tid":"cice"},
{"name":"ModelAdvance", "ph":"E", "ts":"1153932023", "pid":"1", "tid":"cice"},
{"name":"ModelAdvance", "ph":"B", "ts":"1154088367", "pid":"1", "tid":"cice"},
{"name":"ModelAdvance", "ph":"E", "ts":"1154565221", "pid":"1", "tid":"cice"},
{"name":"ModelAdvance", "ph":"B", "ts":"1154728838", "pid":"1", "tid":"cice"},
{"name":"ModelAdvance", "ph":"E", "ts":"1155191885", "pid":"1", "tid":"cice"},
{"name":"ModelAdvance", "ph":"B", "ts":"1155362688", "pid":"1", "tid":"cice"},
{"name":"ModelAdvance", "ph":"E", "ts":"1155841612", "pid":"1", "tid":"cice"},
{"name":"ModelAdvance", "ph":"B", "ts":"1156015965", "pid":"1", "tid":"cice"},
{"name":"ModelAdvance", "ph":"E", "ts":"1156484810", "pid":"1", "tid":"cice"},
{"name":"ModelAdvance", "ph":"B", "ts":"1156648853", "pid":"1", "tid":"cice"},
{"name":"ModelAdvance", "ph":"E", "ts":"1157119723", "pid":"1", "tid":"cice"},
{"name":"ModelAdvance", "ph":"B", "ts":"1157326022", "pid":"1", "tid":"cice"},
{"name":"ModelAdvance", "ph":"E", "ts":"1157792956", "pid":"1", "tid":"cice"},
{"name":"ModelAdvance", "ph":"B", "ts":"1157962016", "pid":"1", "tid":"cice"},
{"name":"ModelAdvance", "ph":"E", "ts":"1158443539", "pid":"1", "tid":"cice"},
{"name":"ModelAdvance", "ph":"B", "ts":"1158585850", "pid":"1", "tid":"cice"},
{"name":"ModelAdvance", "ph":"E", "ts":"1159064161", "pid":"1", "tid":"cice"},
{"name":"ModelAdvance", "ph":"B", "ts":"1159281783", "pid":"1", "tid":"cice"},
{"name":"ModelAdvance", "ph":"E", "ts":"1159754354", "pid":"1", "tid":"cice"},
{"name":"ModelAdvance", "ph":"B", "ts":"1160625710", "pid":"1", "tid":"cice"},
{"name":"ModelAdvance", "ph":"E", "ts":"1161095461", "pid":"1", "tid":"cice"},
{"name":"ModelAdvance", "ph":"B", "ts":"1161321120", "pid":"1", "tid":"cice"},
{"name":"ModelAdvance", "ph":"E", "ts":"1161792649", "pid":"1", "tid":"cice"},
{"name":"ModelAdvance", "ph":"B", "ts":"1161970692", "pid":"1", "tid":"cice"},
{"name":"ModelAdvance", "ph":"E", "ts":"1162435931", "pid":"1", "tid":"cice"},
{"name":"ModelAdvance", "ph":"B", "ts":"1162620430", "pid":"1", "tid":"cice"},
{"name":"ModelAdvance", "ph":"E", "ts":"1163080448", "pid":"1", "tid":"cice"},
{"name":"ModelAdvance", "ph":"B", "ts":"1163263485", "pid":"1", "tid":"cice"},
{"name":"ModelAdvance", "ph":"E", "ts":"1163737924", "pid":"1", "tid":"cice"},
{"name":"ModelAdvance", "ph":"B", "ts":"1163915070", "pid":"1", "tid":"cice"},
{"name":"ModelAdvance", "ph":"E", "ts":"1164378195", "pid":"1", "tid":"cice"},
{"name":"ModelAdvance", "ph":"B", "ts":"1164588286", "pid":"1", "tid":"cice"},
{"name":"ModelAdvance", "ph":"E", "ts":"1165062286", "pid":"1", "tid":"cice"},
{"name":"ModelAdvance", "ph":"B", "ts":"1165253381", "pid":"1", "tid":"cice"},
{"name":"ModelAdvance", "ph":"E", "ts":"1165709694", "pid":"1", "tid":"cice"},
{"name":"ModelAdvance", "ph":"B", "ts":"1165914970", "pid":"1", "tid":"cice"},
{"name":"ModelAdvance", "ph":"E", "ts":"1166383232", "pid":"1", "tid":"cice"},
{"name":"ModelAdvance", "ph":"B", "ts":"1166611284", "pid":"1", "tid":"cice"},
{"name":"ModelAdvance", "ph":"E", "ts":"1167075756", "pid":"1", "tid":"cice"},
{"name":"ModelAdvance", "ph":"B", "ts":"1167310810", "pid":"1", "tid":"cice"},
{"name":"ModelAdvance", "ph":"E", "ts":"1167784088", "pid":"1", "tid":"cice"},
{"name":"ModelAdvance", "ph":"B", "ts":"1168019385", "pid":"1", "tid":"cice"},
{"name":"ModelAdvance", "ph":"E", "ts":"1168480839", "pid":"1", "tid":"cice"},
{"name":"ModelAdvance", "ph":"B", "ts":"1168681952", "pid":"1", "tid":"cice"},
{"name":"ModelAdvance", "ph":"E", "ts":"1169136062", "pid":"1", "tid":"cice"},
{"name":"ModelAdvance", "ph":"B", "ts":"1169334264", "pid":"1", "tid":"cice"},
{"name":"ModelAdvance", "ph":"E", "ts":"1169796765", "pid":"1", "tid":"cice"},
{"name":"ModelAdvance", "ph":"B", "ts":"1170041222", "pid":"1", "tid":"cice"},
{"name":"ModelAdvance", "ph":"E", "ts":"1170508638", "pid":"1", "tid":"cice"},
{"name":"ModelAdvance", "ph":"B", "ts":"1170738021", "pid":"1", "tid":"cice"},
{"name":"ModelAdvance", "ph":"E", "ts":"1171201162", "pid":"1", "tid":"cice"},
{"name":"ModelAdvance", "ph":"B", "ts":"1171401972", "pid":"1", "tid":"cice"},
{"name":"ModelAdvance", "ph":"E", "ts":"1171871328", "pid":"1", "tid":"cice"},
{"name":"ModelAdvance", "ph":"B", "ts":"1172094891", "pid":"1", "tid":"cice"},
{"name":"ModelAdvance", "ph":"E", "ts":"1172558085", "pid":"1", "tid":"cice"},
{"name":"ModelAdvance", "ph":"B", "ts":"1172782389", "pid":"1", "tid":"cice"},
{"name":"ModelAdvance", "ph":"E", "ts":"1173254079", "pid":"1", "tid":"cice"},
{"name":"ModelAdvance", "ph":"B", "ts":"1173420269", "pid":"1", "tid":"cice"},
{"name":"ModelAdvance", "ph":"E", "ts":"1173880620", "pid":"1", "tid":"cice"},
{"name":"ModelAdvance", "ph":"B", "ts":"1174072264", "pid":"1", "tid":"cice"},
{"name":"ModelAdvance", "ph":"E", "ts":"1174534746", "pid":"1", "tid":"cice"},
{"name":"ModelAdvance", "ph":"B", "ts":"1174750643", "pid":"1", "tid":"cice"},
{"name":"ModelAdvance", "ph":"E", "ts":"1175213954", "pid":"1", "tid":"cice"},
{"name":"ModelAdvance", "ph":"B", "ts":"1175415830", "pid":"1", "tid":"cice"},
{"name":"ModelAdvance", "ph":"E", "ts":"1175884813", "pid":"1", "tid":"cice"},
{"name":"ModelAdvance", "ph":"B", "ts":"1176115147", "pid":"1", "tid":"cice"},
{"name":"ModelAdvance", "ph":"E", "ts":"1176577187", "pid":"1", "tid":"cice"},
{"name":"ModelAdvance", "ph":"B", "ts":"1177432954", "pid":"1", "tid":"cice"},
{"name":"ModelAdvance", "ph":"E", "ts":"1177901246", "pid":"1", "tid":"cice"},
{"name":"ModelAdvance", "ph":"B", "ts":"1178059928", "pid":"1", "tid":"cice"},
{"name":"ModelAdvance", "ph":"E", "ts":"1178529994", "pid":"1", "tid":"cice"},
{"name":"ModelAdvance", "ph":"B", "ts":"1178740364", "pid":"1", "tid":"cice"},
{"name":"ModelAdvance", "ph":"E", "ts":"1179202705", "pid":"1", "tid":"cice"},
{"name":"ModelAdvance", "ph":"B", "ts":"1179377655", "pid":"1", "tid":"cice"},
{"name":"ModelAdvance", "ph":"E", "ts":"1179838100", "pid":"1", "tid":"cice"},
{"name":"ModelAdvance", "ph":"B", "ts":"1180077226", "pid":"1", "tid":"cice"},
{"name":"ModelAdvance", "ph":"E", "ts":"1180545333", "pid":"1", "tid":"cice"},
{"name":"ModelAdvance", "ph":"B", "ts":"1180750973", "pid":"1", "tid":"cice"},
{"name":"ModelAdvance", "ph":"E", "ts":"1181214850", "pid":"1", "tid":"cice"},
{"name":"ModelAdvance", "ph":"B", "ts":"1181413939", "pid":"1", "tid":"cice"},
{"name":"ModelAdvance", "ph":"E", "ts":"1181875267", "pid":"1", "tid":"cice"},
{"name":"ModelAdvance", "ph":"B", "ts":"1182031392", "pid":"1", "tid":"cice"},
{"name":"ModelAdvance", "ph":"E", "ts":"1182495813", "pid":"1", "tid":"cice"},
{"name":"ModelAdvance", "ph":"B", "ts":"1182646873", "pid":"1", "tid":"cice"},
{"name":"ModelAdvance", "ph":"E", "ts":"1183113684", "pid":"1", "tid":"cice"},
{"name":"ModelAdvance", "ph":"B", "ts":"1183307707", "pid":"1", "tid":"cice"},
{"name":"ModelAdvance", "ph":"E", "ts":"1183770750", "pid":"1", "tid":"cice"},
{"name":"ModelAdvance", "ph":"B", "ts":"1183988792", "pid":"1", "tid":"cice"},
{"name":"ModelAdvance", "ph":"E", "ts":"1184458635", "pid":"1", "tid":"cice"},
{"name":"ModelAdvance", "ph":"B", "ts":"1184624296", "pid":"1", "tid":"cice"},
{"name":"ModelAdvance", "ph":"E", "ts":"1185091280", "pid":"1", "tid":"cice"},
{"name":"ModelAdvance", "ph":"B", "ts":"1185263288", "pid":"1", "tid":"cice"},
{"name":"ModelAdvance", "ph":"E", "ts":"1185759852", "pid":"1", "tid":"cice"},
{"name":"ModelAdvance", "ph":"B", "ts":"1185946589", "pid":"1", "tid":"cice"},
{"name":"ModelAdvance", "ph":"E", "ts":"1186410516", "pid":"1", "tid":"cice"},
{"name":"ModelAdvance", "ph":"B", "ts":"1186587700", "pid":"1", "tid":"cice"},
{"name":"ModelAdvance", "ph":"E", "ts":"1187050881", "pid":"1", "tid":"cice"},
{"name":"ModelAdvance", "ph":"B", "ts":"1187212256", "pid":"1", "tid":"cice"},
{"name":"ModelAdvance", "ph":"E", "ts":"1187678272", "pid":"1", "tid":"cice"},
{"name":"ModelAdvance", "ph":"B", "ts":"1187881804", "pid":"1", "tid":"cice"},
{"name":"ModelAdvance", "ph":"E", "ts":"1188348530", "pid":"1", "tid":"cice"},
{"name":"ModelAdvance", "ph":"B", "ts":"1188510486", "pid":"1", "tid":"cice"},
{"name":"ModelAdvance", "ph":"E", "ts":"1188973454", "pid":"1", "tid":"cice"},
{"name":"ModelAdvance", "ph":"B", "ts":"1189170737", "pid":"1", "tid":"cice"},
{"name":"ModelAdvance", "ph":"E", "ts":"1189639536", "pid":"1", "tid":"cice"},
{"name":"ModelAdvance", "ph":"B", "ts":"1189809021", "pid":"1", "tid":"cice"},
{"name":"ModelAdvance", "ph":"E", "ts":"1190288501", "pid":"1", "tid":"cice"},
{"name":"ModelAdvance", "ph":"B", "ts":"1190443087", "pid":"1", "tid":"cice"},
{"name":"ModelAdvance", "ph":"E", "ts":"1190913567", "pid":"1", "tid":"cice"},
{"name":"ModelAdvance", "ph":"B", "ts":"1191065020", "pid":"1", "tid":"cice"},
{"name":"ModelAdvance", "ph":"E", "ts":"1191528904", "pid":"1", "tid":"cice"},
{"name":"ModelAdvance", "ph":"B", "ts":"1191725102", "pid":"1", "tid":"cice"},
{"name":"ModelAdvance", "ph":"E", "ts":"1192291007", "pid":"1", "tid":"cice"},
{"name":"ModelAdvance", "ph":"B", "ts":"1192362770", "pid":"1", "tid":"cice"},
{"name":"ModelAdvance", "ph":"E", "ts":"1192830888", "pid":"1", "tid":"cice"},
{"name":"ModelAdvance", "ph":"B", "ts":"1193678348", "pid":"1", "tid":"cice"},
{"name":"ModelAdvance", "ph":"E", "ts":"1194147334", "pid":"1", "tid":"cice"},
{"name":"ModelAdvance", "ph":"B", "ts":"1194341033", "pid":"1", "tid":"cice"},
{"name":"ModelAdvance", "ph":"E", "ts":"1194806978", "pid":"1", "tid":"cice"},
{"name":"ModelAdvance", "ph":"B", "ts":"1194943904", "pid":"1", "tid":"cice"},
{"name":"ModelAdvance", "ph":"E", "ts":"1195408882", "pid":"1", "tid":"cice"},
{"name":"ModelAdvance", "ph":"B", "ts":"1195547194", "pid":"1", "tid":"cice"},
{"name":"ModelAdvance", "ph":"E", "ts":"1196006031", "pid":"1", "tid":"cice"},
{"name":"ModelAdvance", "ph":"B", "ts":"1196144089", "pid":"1", "tid":"cice"},
{"name":"ModelAdvance", "ph":"E", "ts":"1196609051", "pid":"1", "tid":"cice"},
{"name":"ModelAdvance", "ph":"B", "ts":"1196753007", "pid":"1", "tid":"cice"},
{"name":"ModelAdvance", "ph":"E", "ts":"1197223956", "pid":"1", "tid":"cice"},
{"name":"ModelAdvance", "ph":"B", "ts":"1197354722", "pid":"1", "tid":"cice"},
{"name":"ModelAdvance", "ph":"E", "ts":"1197818910", "pid":"1", "tid":"cice"},
{"name":"ModelAdvance", "ph":"B", "ts":"1197947744", "pid":"1", "tid":"cice"},
{"name":"ModelAdvance", "ph":"E", "ts":"1198416888", "pid":"1", "tid":"cice"},
{"name":"ModelAdvance", "ph":"B", "ts":"1198538083", "pid":"1", "tid":"cice"},
{"name":"ModelAdvance", "ph":"E", "ts":"1199006002", "pid":"1", "tid":"cice"},
{"name":"ModelAdvance", "ph":"B", "ts":"1199134757", "pid":"1", "tid":"cice"},
{"name":"ModelAdvance", "ph":"E", "ts":"1199597512", "pid":"1", "tid":"cice"},
{"name":"ModelAdvance", "ph":"B", "ts":"1199738507", "pid":"1", "tid":"cice"},
{"name":"ModelAdvance", "ph":"E", "ts":"1200202409", "pid":"1", "tid":"cice"},
{"name":"ModelAdvance", "ph":"B", "ts":"1200342482", "pid":"1", "tid":"cice"},
{"name":"ModelAdvance", "ph":"E", "ts":"1200814199", "pid":"1", "tid":"cice"},
{"name":"ModelAdvance", "ph":"B", "ts":"1200933050", "pid":"1", "tid":"cice"},
{"name":"ModelAdvance", "ph":"E", "ts":"1201402008", "pid":"1", "tid":"cice"},
{"name":"ModelAdvance", "ph":"B", "ts":"1201525979", "pid":"1", "tid":"cice"},
{"name":"ModelAdvance", "ph":"E", "ts":"1201992616", "pid":"1", "tid":"cice"},
{"name":"ModelAdvance", "ph":"B", "ts":"1202114383", "pid":"1", "tid":"cice"},
{"name":"ModelAdvance", "ph":"E", "ts":"1202588534", "pid":"1", "tid":"cice"},
{"name":"ModelAdvance", "ph":"B", "ts":"1202705366", "pid":"1", "tid":"cice"},
{"name":"ModelAdvance", "ph":"E", "ts":"1203178611", "pid":"1", "tid":"cice"},
{"name":"ModelAdvance", "ph":"B", "ts":"1203300726", "pid":"1", "tid":"cice"},
{"name":"ModelAdvance", "ph":"E", "ts":"1203779317", "pid":"1", "tid":"cice"},
{"name":"ModelAdvance", "ph":"B", "ts":"1203893928", "pid":"1", "tid":"cice"},
{"name":"ModelAdvance", "ph":"E", "ts":"1204364622", "pid":"1", "tid":"cice"},
{"name":"ModelAdvance", "ph":"B", "ts":"1204485365", "pid":"1", "tid":"cice"},
{"name":"ModelAdvance", "ph":"E", "ts":"1204960666", "pid":"1", "tid":"cice"},
{"name":"ModelAdvance", "ph":"B", "ts":"1205076849", "pid":"1", "tid":"cice"},
{"name":"ModelAdvance", "ph":"E", "ts":"1205538055", "pid":"1", "tid":"cice"},
{"name":"ModelAdvance", "ph":"B", "ts":"1205666876", "pid":"1", "tid":"cice"},
{"name":"ModelAdvance", "ph":"E", "ts":"1206131946", "pid":"1", "tid":"cice"},
{"name":"ModelAdvance", "ph":"B", "ts":"1206257106", "pid":"1", "tid":"cice"},
{"name":"ModelAdvance", "ph":"E", "ts":"1206731251", "pid":"1", "tid":"cice"},
{"name":"ModelAdvance", "ph":"B", "ts":"1206849562", "pid":"1", "tid":"cice"},
{"name":"ModelAdvance", "ph":"E", "ts":"1207325549", "pid":"1", "tid":"cice"},
{"name":"ModelAdvance", "ph":"B", "ts":"1207457132", "pid":"1", "tid":"cice"},
{"name":"ModelAdvance", "ph":"E", "ts":"1207929023", "pid":"1", "tid":"cice"},
{"name":"ModelAdvance", "ph":"B", "ts":"1208725326", "pid":"1", "tid":"cice"},
{"name":"ModelAdvance", "ph":"E", "ts":"1209188237", "pid":"1", "tid":"cice"},
{"name":"ModelAdvance", "ph":"B", "ts":"1209314694", "pid":"1", "tid":"cice"},
{"name":"ModelAdvance", "ph":"E", "ts":"1209786667", "pid":"1", "tid":"cice"},
{"name":"ModelAdvance", "ph":"B", "ts":"1209904890", "pid":"1", "tid":"cice"},
{"name":"ModelAdvance", "ph":"E", "ts":"1210376771", "pid":"1", "tid":"cice"},
{"name":"ModelAdvance", "ph":"B", "ts":"1210492459", "pid":"1", "tid":"cice"},
{"name":"ModelAdvance", "ph":"E", "ts":"1210955006", "pid":"1", "tid":"cice"},
{"name":"ModelAdvance", "ph":"B", "ts":"1211082345", "pid":"1", "tid":"cice"},
{"name":"ModelAdvance", "ph":"E", "ts":"1211548817", "pid":"1", "tid":"cice"},
{"name":"ModelAdvance", "ph":"B", "ts":"1211670271", "pid":"1", "tid":"cice"},
{"name":"ModelAdvance", "ph":"E", "ts":"1212138443", "pid":"1", "tid":"cice"},
{"name":"ModelAdvance", "ph":"B", "ts":"1212258828", "pid":"1", "tid":"cice"},
{"name":"ModelAdvance", "ph":"E", "ts":"1212755905", "pid":"1", "tid":"cice"},
{"name":"ModelAdvance", "ph":"B", "ts":"1212872956", "pid":"1", "tid":"cice"},
{"name":"ModelAdvance", "ph":"E", "ts":"1213344694", "pid":"1", "tid":"cice"},
{"name":"ModelAdvance", "ph":"B", "ts":"1213461530", "pid":"1", "tid":"cice"},
{"name":"ModelAdvance", "ph":"E", "ts":"1213931066", "pid":"1", "tid":"cice"},
{"name":"ModelAdvance", "ph":"B", "ts":"1214052166", "pid":"1", "tid":"cice"},
{"name":"ModelAdvance", "ph":"E", "ts":"1214514616", "pid":"1", "tid":"cice"},
{"name":"ModelAdvance", "ph":"B", "ts":"1214641142", "pid":"1", "tid":"cice"},
{"name":"ModelAdvance", "ph":"E", "ts":"1215108806", "pid":"1", "tid":"cice"},
{"name":"ModelAdvance", "ph":"B", "ts":"1215250954", "pid":"1", "tid":"cice"},
{"name":"ModelAdvance", "ph":"E", "ts":"1215717688", "pid":"1", "tid":"cice"},
{"name":"ModelAdvance", "ph":"B", "ts":"1215838264", "pid":"1", "tid":"cice"},
{"name":"ModelAdvance", "ph":"E", "ts":"1216302749", "pid":"1", "tid":"cice"},
{"name":"ModelAdvance", "ph":"B", "ts":"1216427932", "pid":"1", "tid":"cice"},
{"name":"ModelAdvance", "ph":"E", "ts":"1216887875", "pid":"1", "tid":"cice"},
{"name":"ModelAdvance", "ph":"B", "ts":"1217019826", "pid":"1", "tid":"cice"},
{"name":"ModelAdvance", "ph":"E", "ts":"1217491055", "pid":"1", "tid":"cice"},
{"name":"ModelAdvance", "ph":"B", "ts":"1217611415", "pid":"1", "tid":"cice"},
{"name":"ModelAdvance", "ph":"E", "ts":"1218075238", "pid":"1", "tid":"cice"},
{"name":"ModelAdvance", "ph":"B", "ts":"1218200315", "pid":"1", "tid":"cice"},
{"name":"ModelAdvance", "ph":"E", "ts":"1218663957", "pid":"1", "tid":"cice"},
{"name":"ModelAdvance", "ph":"B", "ts":"1218787495", "pid":"1", "tid":"cice"},
{"name":"ModelAdvance", "ph":"E", "ts":"1219263892", "pid":"1", "tid":"cice"},
{"name":"ModelAdvance", "ph":"B", "ts":"1219378966", "pid":"1", "tid":"cice"},
{"name":"ModelAdvance", "ph":"E", "ts":"1219847951", "pid":"1", "tid":"cice"},
{"name":"ModelAdvance", "ph":"B", "ts":"1219968242", "pid":"1", "tid":"cice"},
{"name":"ModelAdvance", "ph":"E", "ts":"1220439942", "pid":"1", "tid":"cice"},
{"name":"ModelAdvance", "ph":"B", "ts":"1220553835", "pid":"1", "tid":"cice"},
{"name":"ModelAdvance", "ph":"E", "ts":"1221019457", "pid":"1", "tid":"cice"},
{"name":"ModelAdvance", "ph":"B", "ts":"1221141985", "pid":"1", "tid":"cice"},
{"name":"ModelAdvance", "ph":"E", "ts":"1221622073", "pid":"1", "tid":"cice"},
{"name":"ModelAdvance", "ph":"B", "ts":"1221749829", "pid":"1", "tid":"cice"},
{"name":"ModelAdvance", "ph":"E", "ts":"1222211704", "pid":"1", "tid":"cice"},
{"name":"ModelAdvance", "ph":"B", "ts":"1222350434", "pid":"1", "tid":"cice"},
{"name":"ModelAdvance", "ph":"E", "ts":"1222822289", "pid":"1", "tid":"cice"},
{"name":"ModelAdvance", "ph":"B", "ts":"1223604065", "pid":"1", "tid":"cice"},
{"name":"ModelAdvance", "ph":"E", "ts":"1224069176", "pid":"1", "tid":"cice"},
{"name":"ModelAdvance", "ph":"B", "ts":"1224194823", "pid":"1", "tid":"cice"},
{"name":"ModelAdvance", "ph":"E", "ts":"1224672611", "pid":"1", "tid":"cice"},
{"name":"ModelAdvance", "ph":"B", "ts":"1224798751", "pid":"1", "tid":"cice"},
{"name":"ModelAdvance", "ph":"E", "ts":"1225256609", "pid":"1", "tid":"cice"},
{"name":"ModelAdvance", "ph":"B", "ts":"1225393578", "pid":"1", "tid":"cice"},
{"name":"ModelAdvance", "ph":"E", "ts":"1225871327", "pid":"1", "tid":"cice"},
{"name":"ModelAdvance", "ph":"B", "ts":"1225986171", "pid":"1", "tid":"cice"},
{"name":"ModelAdvance", "ph":"E", "ts":"1226459729", "pid":"1", "tid":"cice"},
{"name":"ModelAdvance", "ph":"B", "ts":"1226580765", "pid":"1", "tid":"cice"},
{"name":"ModelAdvance", "ph":"E", "ts":"1227043756", "pid":"1", "tid":"cice"},
{"name":"ModelAdvance", "ph":"B", "ts":"1227169336", "pid":"1", "tid":"cice"},
{"name":"ModelAdvance", "ph":"E", "ts":"1227645134", "pid":"1", "tid":"cice"},
{"name":"ModelAdvance", "ph":"B", "ts":"1227770382", "pid":"1", "tid":"cice"},
{"name":"ModelAdvance", "ph":"E", "ts":"1228245059", "pid":"1", "tid":"cice"},
{"name":"ModelAdvance", "ph":"B", "ts":"1228366063", "pid":"1", "tid":"cice"},
{"name":"ModelAdvance", "ph":"E", "ts":"1228832972", "pid":"1", "tid":"cice"},
{"name":"ModelAdvance", "ph":"B", "ts":"1228969508", "pid":"1", "tid":"cice"},
{"name":"ModelAdvance", "ph":"E", "ts":"1229445393", "pid":"1", "tid":"cice"},
{"name":"ModelAdvance", "ph":"B", "ts":"1229569321", "pid":"1", "tid":"cice"},
{"name":"ModelAdvance", "ph":"E", "ts":"1230036075", "pid":"1", "tid":"cice"},
{"name":"ModelAdvance", "ph":"B", "ts":"1230173042", "pid":"1", "tid":"cice"},
{"name":"ModelAdvance", "ph":"E", "ts":"1230639014", "pid":"1", "tid":"cice"},
{"name":"ModelAdvance", "ph":"B", "ts":"1230768798", "pid":"1", "tid":"cice"},
{"name":"ModelAdvance", "ph":"E", "ts":"1231246650", "pid":"1", "tid":"cice"},
{"name":"ModelAdvance", "ph":"B", "ts":"1231370742", "pid":"1", "tid":"cice"},
{"name":"ModelAdvance", "ph":"E", "ts":"1231846824", "pid":"1", "tid":"cice"},
{"name":"ModelAdvance", "ph":"B", "ts":"1231967156", "pid":"1", "tid":"cice"},
{"name":"ModelAdvance", "ph":"E", "ts":"1232440970", "pid":"1", "tid":"cice"},
{"name":"ModelAdvance", "ph":"B", "ts":"1232563297", "pid":"1", "tid":"cice"},
{"name":"ModelAdvance", "ph":"E", "ts":"1233037927", "pid":"1", "tid":"cice"},
{"name":"ModelAdvance", "ph":"B", "ts":"1233158187", "pid":"1", "tid":"cice"},
{"name":"ModelAdvance", "ph":"E", "ts":"1233632404", "pid":"1", "tid":"cice"},
{"name":"ModelAdvance", "ph":"B", "ts":"1233767474", "pid":"1", "tid":"cice"},
{"name":"ModelAdvance", "ph":"E", "ts":"1234233547", "pid":"1", "tid":"cice"},
{"name":"ModelAdvance", "ph":"B", "ts":"1234361519", "pid":"1", "tid":"cice"},
{"name":"ModelAdvance", "ph":"E", "ts":"1234827457", "pid":"1", "tid":"cice"},
{"name":"ModelAdvance", "ph":"B", "ts":"1234964936", "pid":"1", "tid":"cice"},
{"name":"ModelAdvance", "ph":"E", "ts":"1235436310", "pid":"1", "tid":"cice"},
{"name":"ModelAdvance", "ph":"B", "ts":"1235561434", "pid":"1", "tid":"cice"},
{"name":"ModelAdvance", "ph":"E", "ts":"1236027810", "pid":"1", "tid":"cice"},
{"name":"ModelAdvance", "ph":"B", "ts":"1236169519", "pid":"1", "tid":"cice"},
{"name":"ModelAdvance", "ph":"E", "ts":"1236638231", "pid":"1", "tid":"cice"},
{"name":"ModelAdvance", "ph":"B", "ts":"1236761656", "pid":"1", "tid":"cice"},
{"name":"ModelAdvance", "ph":"E", "ts":"1237236287", "pid":"1", "tid":"cice"},
{"name":"ModelAdvance", "ph":"B", "ts":"1237410941", "pid":"1", "tid":"cice"},
{"name":"ModelAdvance", "ph":"E", "ts":"1237878174", "pid":"1", "tid":"cice"},
{"name":"ModelAdvance", "ph":"B", "ts":"1238715752", "pid":"1", "tid":"cice"},
{"name":"ModelAdvance", "ph":"E", "ts":"1239180410", "pid":"1", "tid":"cice"},
{"name":"ModelAdvance", "ph":"B", "ts":"1239320403", "pid":"1", "tid":"cice"},
{"name":"ModelAdvance", "ph":"E", "ts":"1239787226", "pid":"1", "tid":"cice"},
{"name":"ModelAdvance", "ph":"B", "ts":"1239905560", "pid":"1", "tid":"cice"},
{"name":"ModelAdvance", "ph":"E", "ts":"1240371890", "pid":"1", "tid":"cice"},
{"name":"ModelAdvance", "ph":"B", "ts":"1240493147", "pid":"1", "tid":"cice"},
{"name":"ModelAdvance", "ph":"E", "ts":"1240956840", "pid":"1", "tid":"cice"},
{"name":"ModelAdvance", "ph":"B", "ts":"1241087884", "pid":"1", "tid":"cice"},
{"name":"ModelAdvance", "ph":"E", "ts":"1241561957", "pid":"1", "tid":"cice"},
{"name":"ModelAdvance", "ph":"B", "ts":"1241846207", "pid":"1", "tid":"cice"},
{"name":"ModelAdvance", "ph":"E", "ts":"1242317821", "pid":"1", "tid":"cice"},
{"name":"ModelAdvance", "ph":"B", "ts":"1242437951", "pid":"1", "tid":"cice"},
{"name":"ModelAdvance", "ph":"E", "ts":"1242911182", "pid":"1", "tid":"cice"},
{"name":"ModelAdvance", "ph":"B", "ts":"1243037250", "pid":"1", "tid":"cice"},
{"name":"ModelAdvance", "ph":"E", "ts":"1243513187", "pid":"1", "tid":"cice"},
{"name":"ModelAdvance", "ph":"B", "ts":"1243645709", "pid":"1", "tid":"cice"},
{"name":"ModelAdvance", "ph":"E", "ts":"1244109495", "pid":"1", "tid":"cice"},
{"name":"ModelAdvance", "ph":"B", "ts":"1244240570", "pid":"1", "tid":"cice"},
{"name":"ModelAdvance", "ph":"E", "ts":"1244719838", "pid":"1", "tid":"cice"},
{"name":"ModelAdvance", "ph":"B", "ts":"1244835617", "pid":"1", "tid":"cice"},
{"name":"ModelAdvance", "ph":"E", "ts":"1245314535", "pid":"1", "tid":"cice"},
{"name":"ModelAdvance", "ph":"B", "ts":"1245446288", "pid":"1", "tid":"cice"},
{"name":"ModelAdvance", "ph":"E", "ts":"1245920390", "pid":"1", "tid":"cice"},
{"name":"ModelAdvance", "ph":"B", "ts":"1246030089", "pid":"1", "tid":"cice"},
{"name":"ModelAdvance", "ph":"E", "ts":"1246500444", "pid":"1", "tid":"cice"},
{"name":"ModelAdvance", "ph":"B", "ts":"1246630372", "pid":"1", "tid":"cice"},
{"name":"ModelAdvance", "ph":"E", "ts":"1247102611", "pid":"1", "tid":"cice"},
{"name":"ModelAdvance", "ph":"B", "ts":"1247237331", "pid":"1", "tid":"cice"},
{"name":"ModelAdvance", "ph":"E", "ts":"1247705402", "pid":"1", "tid":"cice"},
{"name":"ModelAdvance", "ph":"B", "ts":"1247836173", "pid":"1", "tid":"cice"},
{"name":"ModelAdvance", "ph":"E", "ts":"1248310519", "pid":"1", "tid":"cice"},
{"name":"ModelAdvance", "ph":"B", "ts":"1248432773", "pid":"1", "tid":"cice"},
{"name":"ModelAdvance", "ph":"E", "ts":"1248907455", "pid":"1", "tid":"cice"},
{"name":"ModelAdvance", "ph":"B", "ts":"1249034355", "pid":"1", "tid":"cice"},
{"name":"ModelAdvance", "ph":"E", "ts":"1249509885", "pid":"1", "tid":"cice"},
{"name":"ModelAdvance", "ph":"B", "ts":"1249638561", "pid":"1", "tid":"cice"},
{"name":"ModelAdvance", "ph":"E", "ts":"1250102183", "pid":"1", "tid":"cice"},
{"name":"ModelAdvance", "ph":"B", "ts":"1250240017", "pid":"1", "tid":"cice"},
{"name":"ModelAdvance", "ph":"E", "ts":"1250719153", "pid":"1", "tid":"cice"},
{"name":"ModelAdvance", "ph":"B", "ts":"1250831326", "pid":"1", "tid":"cice"},
{"name":"ModelAdvance", "ph":"E", "ts":"1251300058", "pid":"1", "tid":"cice"},
{"name":"ModelAdvance", "ph":"B", "ts":"1251424527", "pid":"1", "tid":"cice"},
{"name":"ModelAdvance", "ph":"E", "ts":"1251889208", "pid":"1", "tid":"cice"},
{"name":"ModelAdvance", "ph":"B", "ts":"1252020532", "pid":"1", "tid":"cice"},
{"name":"ModelAdvance", "ph":"E", "ts":"1252497464", "pid":"1", "tid":"cice"},
{"name":"ModelAdvance", "ph":"B", "ts":"1252645390", "pid":"1", "tid":"cice"},
{"name":"ModelAdvance", "ph":"E", "ts":"1253121227", "pid":"1", "tid":"cice"},
{"name":"ModelAdvance", "ph":"B", "ts":"1253946274", "pid":"1", "tid":"cice"},
{"name":"ModelAdvance", "ph":"E", "ts":"1254407675", "pid":"1", "tid":"cice"},
{"name":"ModelAdvance", "ph":"B", "ts":"1254538665", "pid":"1", "tid":"cice"},
{"name":"ModelAdvance", "ph":"E", "ts":"1255017952", "pid":"1", "tid":"cice"},
{"name":"ModelAdvance", "ph":"B", "ts":"1255157425", "pid":"1", "tid":"cice"},
{"name":"ModelAdvance", "ph":"E", "ts":"1255621461", "pid":"1", "tid":"cice"},
{"name":"ModelAdvance", "ph":"B", "ts":"1255743346", "pid":"1", "tid":"cice"},
{"name":"ModelAdvance", "ph":"E", "ts":"1256217768", "pid":"1", "tid":"cice"},
{"name":"ModelAdvance", "ph":"B", "ts":"1256337571", "pid":"1", "tid":"cice"},
{"name":"ModelAdvance", "ph":"E", "ts":"1256811071", "pid":"1", "tid":"cice"},
{"name":"ModelAdvance", "ph":"B", "ts":"1256921946", "pid":"1", "tid":"cice"},
{"name":"ModelAdvance", "ph":"E", "ts":"1257396893", "pid":"1", "tid":"cice"},
{"name":"ModelAdvance", "ph":"B", "ts":"1257519966", "pid":"1", "tid":"cice"},
{"name":"ModelAdvance", "ph":"E", "ts":"1257985648", "pid":"1", "tid":"cice"},
{"name":"ModelAdvance", "ph":"B", "ts":"1258114126", "pid":"1", "tid":"cice"},
{"name":"ModelAdvance", "ph":"E", "ts":"1258583250", "pid":"1", "tid":"cice"},
{"name":"ModelAdvance", "ph":"B", "ts":"1258704629", "pid":"1", "tid":"cice"},
{"name":"ModelAdvance", "ph":"E", "ts":"1259172604", "pid":"1", "tid":"cice"},
{"name":"ModelAdvance", "ph":"B", "ts":"1259288807", "pid":"1", "tid":"cice"},
{"name":"ModelAdvance", "ph":"E", "ts":"1259770131", "pid":"1", "tid":"cice"},
{"name":"ModelAdvance", "ph":"B", "ts":"1259885719", "pid":"1", "tid":"cice"},
{"name":"ModelAdvance", "ph":"E", "ts":"1260352194", "pid":"1", "tid":"cice"},
{"name":"ModelAdvance", "ph":"B", "ts":"1260492837", "pid":"1", "tid":"cice"},
{"name":"ModelAdvance", "ph":"E", "ts":"1260969076", "pid":"1", "tid":"cice"},
{"name":"ModelAdvance", "ph":"B", "ts":"1261082986", "pid":"1", "tid":"cice"},
{"name":"ModelAdvance", "ph":"E", "ts":"1261556770", "pid":"1", "tid":"cice"},
{"name":"ModelAdvance", "ph":"B", "ts":"1261671623", "pid":"1", "tid":"cice"},
{"name":"ModelAdvance", "ph":"E", "ts":"1262135293", "pid":"1", "tid":"cice"},
{"name":"ModelAdvance", "ph":"B", "ts":"1262252979", "pid":"1", "tid":"cice"},
{"name":"ModelAdvance", "ph":"E", "ts":"1262726020", "pid":"1", "tid":"cice"},
{"name":"ModelAdvance", "ph":"B", "ts":"1262850366", "pid":"1", "tid":"cice"},
{"name":"ModelAdvance", "ph":"E", "ts":"1263322973", "pid":"1", "tid":"cice"},
{"name":"ModelAdvance", "ph":"B", "ts":"1263429362", "pid":"1", "tid":"cice"},
{"name":"ModelAdvance", "ph":"E", "ts":"1263907430", "pid":"1", "tid":"cice"},
{"name":"ModelAdvance", "ph":"B", "ts":"1264019505", "pid":"1", "tid":"cice"},
{"name":"ModelAdvance", "ph":"E", "ts":"1264480013", "pid":"1", "tid":"cice"},
{"name":"ModelAdvance", "ph":"B", "ts":"1264611443", "pid":"1", "tid":"cice"},
{"name":"ModelAdvance", "ph":"E", "ts":"1265080201", "pid":"1", "tid":"cice"},
{"name":"ModelAdvance", "ph":"B", "ts":"1265205671", "pid":"1", "tid":"cice"},
{"name":"ModelAdvance", "ph":"E", "ts":"1265671357", "pid":"1", "tid":"cice"},
{"name":"ModelAdvance", "ph":"B", "ts":"1265797565", "pid":"1", "tid":"cice"},
{"name":"ModelAdvance", "ph":"E", "ts":"1266277633", "pid":"1", "tid":"cice"},
{"name":"ModelAdvance", "ph":"B", "ts":"1266381544", "pid":"1", "tid":"cice"},
{"name":"ModelAdvance", "ph":"E", "ts":"1266852688", "pid":"1", "tid":"cice"},
{"name":"ModelAdvance", "ph":"B", "ts":"1266975949", "pid":"1", "tid":"cice"},
{"name":"ModelAdvance", "ph":"E", "ts":"1267448765", "pid":"1", "tid":"cice"},
{"name":"ModelAdvance", "ph":"B", "ts":"1267584686", "pid":"1", "tid":"cice"},
{"name":"ModelAdvance", "ph":"E", "ts":"1268053246", "pid":"1", "tid":"cice"},
{"name":"ModelAdvance", "ph":"B", "ts":"1268829235", "pid":"1", "tid":"cice"},
{"name":"ModelAdvance", "ph":"E", "ts":"1269294897", "pid":"1", "tid":"cice"},
{"name":"ModelAdvance", "ph":"B", "ts":"1269420458", "pid":"1", "tid":"cice"},
{"name":"ModelAdvance", "ph":"E", "ts":"1269883720", "pid":"1", "tid":"cice"},
{"name":"ModelAdvance", "ph":"B", "ts":"1270023022", "pid":"1", "tid":"cice"},
{"name":"ModelAdvance", "ph":"E", "ts":"1270489850", "pid":"1", "tid":"cice"},
{"name":"ModelAdvance", "ph":"B", "ts":"1270625669", "pid":"1", "tid":"cice"},
{"name":"ModelAdvance", "ph":"E", "ts":"1271101644", "pid":"1", "tid":"cice"},
{"name":"ModelAdvance", "ph":"B", "ts":"1271217073", "pid":"1", "tid":"cice"},
{"name":"ModelAdvance", "ph":"E", "ts":"1271681514", "pid":"1", "tid":"cice"},
{"name":"ModelAdvance", "ph":"B", "ts":"1271811919", "pid":"1", "tid":"cice"},
{"name":"ModelAdvance", "ph":"E", "ts":"1272287209", "pid":"1", "tid":"cice"},
{"name":"ModelAdvance", "ph":"B", "ts":"1272408999", "pid":"1", "tid":"cice"},
{"name":"ModelAdvance", "ph":"E", "ts":"1272881441", "pid":"1", "tid":"cice"},
{"name":"ModelAdvance", "ph":"B", "ts":"1273055721", "pid":"1", "tid":"cice"},
{"name":"ModelAdvance", "ph":"E", "ts":"1273530196", "pid":"1", "tid":"cice"},
{"name":"ModelAdvance", "ph":"B", "ts":"1273656558", "pid":"1", "tid":"cice"},
{"name":"ModelAdvance", "ph":"E", "ts":"1274129211", "pid":"1", "tid":"cice"},
{"name":"ModelAdvance", "ph":"B", "ts":"1274247812", "pid":"1", "tid":"cice"},
{"name":"ModelAdvance", "ph":"E", "ts":"1274715268", "pid":"1", "tid":"cice"},
{"name":"ModelAdvance", "ph":"B", "ts":"1274852081", "pid":"1", "tid":"cice"},
{"name":"ModelAdvance", "ph":"E", "ts":"1275316442", "pid":"1", "tid":"cice"},
{"name":"ModelAdvance", "ph":"B", "ts":"1275472160", "pid":"1", "tid":"cice"},
{"name":"ModelAdvance", "ph":"E", "ts":"1275943975", "pid":"1", "tid":"cice"},
{"name":"ModelAdvance", "ph":"B", "ts":"1276082637", "pid":"1", "tid":"cice"},
{"name":"ModelAdvance", "ph":"E", "ts":"1276548450", "pid":"1", "tid":"cice"},
{"name":"ModelAdvance", "ph":"B", "ts":"1276687873", "pid":"1", "tid":"cice"},
{"name":"ModelAdvance", "ph":"E", "ts":"1277166975", "pid":"1", "tid":"cice"},
{"name":"ModelAdvance", "ph":"B", "ts":"1277319938", "pid":"1", "tid":"cice"},
{"name":"ModelAdvance", "ph":"E", "ts":"1277789881", "pid":"1", "tid":"cice"},
{"name":"ModelAdvance", "ph":"B", "ts":"1277917600", "pid":"1", "tid":"cice"},
{"name":"ModelAdvance", "ph":"E", "ts":"1278397427", "pid":"1", "tid":"cice"},
{"name":"ModelAdvance", "ph":"B", "ts":"1278515751", "pid":"1", "tid":"cice"},
{"name":"ModelAdvance", "ph":"E", "ts":"1278979346", "pid":"1", "tid":"cice"},
{"name":"ModelAdvance", "ph":"B", "ts":"1279117616", "pid":"1", "tid":"cice"},
{"name":"ModelAdvance", "ph":"E", "ts":"1279592879", "pid":"1", "tid":"cice"},
{"name":"ModelAdvance", "ph":"B", "ts":"1279731596", "pid":"1", "tid":"cice"},
{"name":"ModelAdvance", "ph":"E", "ts":"1280211616", "pid":"1", "tid":"cice"},
{"name":"ModelAdvance", "ph":"B", "ts":"1280359249", "pid":"1", "tid":"cice"},
{"name":"ModelAdvance", "ph":"E", "ts":"1280823685", "pid":"1", "tid":"cice"},
{"name":"ModelAdvance", "ph":"B", "ts":"1280970023", "pid":"1", "tid":"cice"},
{"name":"ModelAdvance", "ph":"E", "ts":"1281445816", "pid":"1", "tid":"cice"},
{"name":"ModelAdvance", "ph":"B", "ts":"1281570444", "pid":"1", "tid":"cice"},
{"name":"ModelAdvance", "ph":"E", "ts":"1282036564", "pid":"1", "tid":"cice"},
{"name":"ModelAdvance", "ph":"B", "ts":"1282168423", "pid":"1", "tid":"cice"},
{"name":"ModelAdvance", "ph":"E", "ts":"1282728139", "pid":"1", "tid":"cice"},
{"name":"ModelAdvance", "ph":"B", "ts":"1282779655", "pid":"1", "tid":"cice"},
{"name":"ModelAdvance", "ph":"E", "ts":"1283252325", "pid":"1", "tid":"cice"},
{"name":"ModelAdvance", "ph":"B", "ts":"1284058751", "pid":"1", "tid":"cice"},
{"name":"ModelAdvance", "ph":"E", "ts":"1284524937", "pid":"1", "tid":"cice"},
{"name":"ModelAdvance", "ph":"B", "ts":"1284662199", "pid":"1", "tid":"cice"},
{"name":"ModelAdvance", "ph":"E", "ts":"1285126132", "pid":"1", "tid":"cice"},
{"name":"ModelAdvance", "ph":"B", "ts":"1285253399", "pid":"1", "tid":"cice"},
{"name":"ModelAdvance", "ph":"E", "ts":"1285723347", "pid":"1", "tid":"cice"},
{"name":"ModelAdvance", "ph":"B", "ts":"1285865833", "pid":"1", "tid":"cice"},
{"name":"ModelAdvance", "ph":"E", "ts":"1286331578", "pid":"1", "tid":"cice"},
{"name":"ModelAdvance", "ph":"B", "ts":"1286461977", "pid":"1", "tid":"cice"},
{"name":"ModelAdvance", "ph":"E", "ts":"1286928236", "pid":"1", "tid":"cice"},
{"name":"ModelAdvance", "ph":"B", "ts":"1287058403", "pid":"1", "tid":"cice"},
{"name":"ModelAdvance", "ph":"E", "ts":"1287524825", "pid":"1", "tid":"cice"},
{"name":"ModelAdvance", "ph":"B", "ts":"1287661563", "pid":"1", "tid":"cice"},
{"name":"ModelAdvance", "ph":"E", "ts":"1288126759", "pid":"1", "tid":"cice"},
{"name":"ModelAdvance", "ph":"B", "ts":"1288264897", "pid":"1", "tid":"cice"},
{"name":"ModelAdvance", "ph":"E", "ts":"1288742978", "pid":"1", "tid":"cice"},
{"name":"ModelAdvance", "ph":"B", "ts":"1288861797", "pid":"1", "tid":"cice"},
{"name":"ModelAdvance", "ph":"E", "ts":"1289328633", "pid":"1", "tid":"cice"},
{"name":"ModelAdvance", "ph":"B", "ts":"1289458452", "pid":"1", "tid":"cice"},
{"name":"ModelAdvance", "ph":"E", "ts":"1289934011", "pid":"1", "tid":"cice"},
{"name":"ModelAdvance", "ph":"B", "ts":"1290053706", "pid":"1", "tid":"cice"},
{"name":"ModelAdvance", "ph":"E", "ts":"1290532649", "pid":"1", "tid":"cice"},
{"name":"ModelAdvance", "ph":"B", "ts":"1290667254", "pid":"1", "tid":"cice"},
{"name":"ModelAdvance", "ph":"E", "ts":"1291134595", "pid":"1", "tid":"cice"},
{"name":"ModelAdvance", "ph":"B", "ts":"1291267014", "pid":"1", "tid":"cice"},
{"name":"ModelAdvance", "ph":"E", "ts":"1291730038", "pid":"1", "tid":"cice"},
{"name":"ModelAdvance", "ph":"B", "ts":"1291859210", "pid":"1", "tid":"cice"},
{"name":"ModelAdvance", "ph":"E", "ts":"1292325932", "pid":"1", "tid":"cice"},
{"name":"ModelAdvance", "ph":"B", "ts":"1292451715", "pid":"1", "tid":"cice"},
{"name":"ModelAdvance", "ph":"E", "ts":"1292919407", "pid":"1", "tid":"cice"},
{"name":"ModelAdvance", "ph":"B", "ts":"1293044923", "pid":"1", "tid":"cice"},
{"name":"ModelAdvance", "ph":"E", "ts":"1293520225", "pid":"1", "tid":"cice"},
{"name":"ModelAdvance", "ph":"B", "ts":"1293658198", "pid":"1", "tid":"cice"},
{"name":"ModelAdvance", "ph":"E", "ts":"1294124858", "pid":"1", "tid":"cice"},
{"name":"ModelAdvance", "ph":"B", "ts":"1294262316", "pid":"1", "tid":"cice"},
{"name":"ModelAdvance", "ph":"E", "ts":"1294730273", "pid":"1", "tid":"cice"},
{"name":"ModelAdvance", "ph":"B", "ts":"1294866418", "pid":"1", "tid":"cice"},
{"name":"ModelAdvance", "ph":"E", "ts":"1295335433", "pid":"1", "tid":"cice"},
{"name":"ModelAdvance", "ph":"B", "ts":"1295470398", "pid":"1", "tid":"cice"},
{"name":"ModelAdvance", "ph":"E", "ts":"1295942627", "pid":"1", "tid":"cice"},
{"name":"ModelAdvance", "ph":"B", "ts":"1296076618", "pid":"1", "tid":"cice"},
{"name":"ModelAdvance", "ph":"E", "ts":"1296548628", "pid":"1", "tid":"cice"},
{"name":"ModelAdvance", "ph":"B", "ts":"1296677097", "pid":"1", "tid":"cice"},
{"name":"ModelAdvance", "ph":"E", "ts":"1297153035", "pid":"1", "tid":"cice"},
{"name":"ModelAdvance", "ph":"B", "ts":"1297284924", "pid":"1", "tid":"cice"},
{"name":"ModelAdvance", "ph":"E", "ts":"1297755659", "pid":"1", "tid":"cice"},
{"name":"ModelAdvance", "ph":"B", "ts":"1297931489", "pid":"1", "tid":"cice"},
{"name":"ModelAdvance", "ph":"E", "ts":"1298400238", "pid":"1", "tid":"cice"},
{"name":"ModelAdvance", "ph":"B", "ts":"1299214286", "pid":"1", "tid":"cice"},
{"name":"ModelAdvance", "ph":"E", "ts":"1299688412", "pid":"1", "tid":"cice"},
{"name":"ModelAdvance", "ph":"B", "ts":"1299834269", "pid":"1", "tid":"cice"},
{"name":"ModelAdvance", "ph":"E", "ts":"1300309855", "pid":"1", "tid":"cice"},
{"name":"ModelAdvance", "ph":"B", "ts":"1300440097", "pid":"1", "tid":"cice"},
{"name":"ModelAdvance", "ph":"E", "ts":"1300913519", "pid":"1", "tid":"cice"},
{"name":"ModelAdvance", "ph":"B", "ts":"1301081807", "pid":"1", "tid":"cice"},
{"name":"ModelAdvance", "ph":"E", "ts":"1301544899", "pid":"1", "tid":"cice"},
{"name":"ModelAdvance", "ph":"B", "ts":"1301702923", "pid":"1", "tid":"cice"},
{"name":"ModelAdvance", "ph":"E", "ts":"1302174569", "pid":"1", "tid":"cice"},
{"name":"ModelAdvance", "ph":"B", "ts":"1302314683", "pid":"1", "tid":"cice"},
{"name":"ModelAdvance", "ph":"E", "ts":"1302791478", "pid":"1", "tid":"cice"},
{"name":"ModelAdvance", "ph":"B", "ts":"1302944305", "pid":"1", "tid":"cice"},
{"name":"ModelAdvance", "ph":"E", "ts":"1303413450", "pid":"1", "tid":"cice"},
{"name":"ModelAdvance", "ph":"B", "ts":"1303621900", "pid":"1", "tid":"cice"},
{"name":"ModelAdvance", "ph":"E", "ts":"1304091415", "pid":"1", "tid":"cice"},
{"name":"ModelAdvance", "ph":"B", "ts":"1304286324", "pid":"1", "tid":"cice"},
{"name":"ModelAdvance", "ph":"E", "ts":"1304753318", "pid":"1", "tid":"cice"},
{"name":"ModelAdvance", "ph":"B", "ts":"1304915243", "pid":"1", "tid":"cice"},
{"name":"ModelAdvance", "ph":"E", "ts":"1305392393", "pid":"1", "tid":"cice"},
{"name":"ModelAdvance", "ph":"B", "ts":"1305539862", "pid":"1", "tid":"cice"},
{"name":"ModelAdvance", "ph":"E", "ts":"1306016753", "pid":"1", "tid":"cice"},
{"name":"ModelAdvance", "ph":"B", "ts":"1306220224", "pid":"1", "tid":"cice"},
{"name":"ModelAdvance", "ph":"E", "ts":"1306690935", "pid":"1", "tid":"cice"},
{"name":"ModelAdvance", "ph":"B", "ts":"1306859407", "pid":"1", "tid":"cice"},
{"name":"ModelAdvance", "ph":"E", "ts":"1307339711", "pid":"1", "tid":"cice"},
{"name":"ModelAdvance", "ph":"B", "ts":"1307547188", "pid":"1", "tid":"cice"},
{"name":"ModelAdvance", "ph":"E", "ts":"1308013969", "pid":"1", "tid":"cice"},
{"name":"ModelAdvance", "ph":"B", "ts":"1308187545", "pid":"1", "tid":"cice"},
{"name":"ModelAdvance", "ph":"E", "ts":"1308652068", "pid":"1", "tid":"cice"},
{"name":"ModelAdvance", "ph":"B", "ts":"1308809184", "pid":"1", "tid":"cice"},
{"name":"ModelAdvance", "ph":"E", "ts":"1309277940", "pid":"1", "tid":"cice"},
{"name":"ModelAdvance", "ph":"B", "ts":"1309457923", "pid":"1", "tid":"cice"},
{"name":"ModelAdvance", "ph":"E", "ts":"1309931165", "pid":"1", "tid":"cice"},
{"name":"ModelAdvance", "ph":"B", "ts":"1310103529", "pid":"1", "tid":"cice"},
{"name":"ModelAdvance", "ph":"E", "ts":"1310579633", "pid":"1", "tid":"cice"},
{"name":"ModelAdvance", "ph":"B", "ts":"1310784106", "pid":"1", "tid":"cice"},
{"name":"ModelAdvance", "ph":"E", "ts":"1311255305", "pid":"1", "tid":"cice"},
{"name":"ModelAdvance", "ph":"B", "ts":"1311445253", "pid":"1", "tid":"cice"},
{"name":"ModelAdvance", "ph":"E", "ts":"1311922124", "pid":"1", "tid":"cice"},
{"name":"ModelAdvance", "ph":"B", "ts":"1312131968", "pid":"1", "tid":"cice"},
{"name":"ModelAdvance", "ph":"E", "ts":"1312603405", "pid":"1", "tid":"cice"},
{"name":"ModelAdvance", "ph":"B", "ts":"1312765780", "pid":"1", "tid":"cice"},
{"name":"ModelAdvance", "ph":"E", "ts":"1313240195", "pid":"1", "tid":"cice"},
{"name":"ModelAdvance", "ph":"B", "ts":"1313531168", "pid":"1", "tid":"cice"},
{"name":"ModelAdvance", "ph":"E", "ts":"1314001434", "pid":"1", "tid":"cice"},
{"name":"ModelAdvance", "ph":"B", "ts":"1314167012", "pid":"1", "tid":"cice"},
{"name":"ModelAdvance", "ph":"E", "ts":"1314635962", "pid":"1", "tid":"cice"},
{"name":"ModelAdvance", "ph":"B", "ts":"1315449216", "pid":"1", "tid":"cice"},
{"name":"ModelAdvance", "ph":"E", "ts":"1315924567", "pid":"1", "tid":"cice"},
{"name":"ModelAdvance", "ph":"B", "ts":"1316082856", "pid":"1", "tid":"cice"},
{"name":"ModelAdvance", "ph":"E", "ts":"1316556916", "pid":"1", "tid":"cice"},
{"name":"ModelAdvance", "ph":"B", "ts":"1316757331", "pid":"1", "tid":"cice"},
{"name":"ModelAdvance", "ph":"E", "ts":"1317235368", "pid":"1", "tid":"cice"},
{"name":"ModelAdvance", "ph":"B", "ts":"1317398175", "pid":"1", "tid":"cice"},
{"name":"ModelAdvance", "ph":"E", "ts":"1317871833", "pid":"1", "tid":"cice"},
{"name":"ModelAdvance", "ph":"B", "ts":"1318030224", "pid":"1", "tid":"cice"},
{"name":"ModelAdvance", "ph":"E", "ts":"1318500361", "pid":"1", "tid":"cice"},
{"name":"ModelAdvance", "ph":"B", "ts":"1318654425", "pid":"1", "tid":"cice"},
{"name":"ModelAdvance", "ph":"E", "ts":"1319132160", "pid":"1", "tid":"cice"},
{"name":"ModelAdvance", "ph":"B", "ts":"1319275281", "pid":"1", "tid":"cice"},
{"name":"ModelAdvance", "ph":"E", "ts":"1319744763", "pid":"1", "tid":"cice"},
{"name":"ModelAdvance", "ph":"B", "ts":"1319954058", "pid":"1", "tid":"cice"},
{"name":"ModelAdvance", "ph":"E", "ts":"1320418814", "pid":"1", "tid":"cice"},
{"name":"ModelAdvance", "ph":"B", "ts":"1320583657", "pid":"1", "tid":"cice"},
{"name":"ModelAdvance", "ph":"E", "ts":"1321052648", "pid":"1", "tid":"cice"},
{"name":"ModelAdvance", "ph":"B", "ts":"1321248793", "pid":"1", "tid":"cice"},
{"name":"ModelAdvance", "ph":"E", "ts":"1321727228", "pid":"1", "tid":"cice"},
{"name":"ModelAdvance", "ph":"B", "ts":"1321939795", "pid":"1", "tid":"cice"},
{"name":"ModelAdvance", "ph":"E", "ts":"1322414603", "pid":"1", "tid":"cice"},
{"name":"ModelAdvance", "ph":"B", "ts":"1322605141", "pid":"1", "tid":"cice"},
{"name":"ModelAdvance", "ph":"E", "ts":"1323076378", "pid":"1", "tid":"cice"},
{"name":"ModelAdvance", "ph":"B", "ts":"1323244361", "pid":"1", "tid":"cice"},
{"name":"ModelAdvance", "ph":"E", "ts":"1323709197", "pid":"1", "tid":"cice"},
{"name":"ModelAdvance", "ph":"B", "ts":"1323876139", "pid":"1", "tid":"cice"},
{"name":"ModelAdvance", "ph":"E", "ts":"1324343336", "pid":"1", "tid":"cice"},
{"name":"ModelAdvance", "ph":"B", "ts":"1324500829", "pid":"1", "tid":"cice"},
{"name":"ModelAdvance", "ph":"E", "ts":"1324981008", "pid":"1", "tid":"cice"},
{"name":"ModelAdvance", "ph":"B", "ts":"1325178425", "pid":"1", "tid":"cice"},
{"name":"ModelAdvance", "ph":"E", "ts":"1325649657", "pid":"1", "tid":"cice"},
{"name":"ModelAdvance", "ph":"B", "ts":"1325854839", "pid":"1", "tid":"cice"},
{"name":"ModelAdvance", "ph":"E", "ts":"1326328357", "pid":"1", "tid":"cice"},
{"name":"ModelAdvance", "ph":"B", "ts":"1326483009", "pid":"1", "tid":"cice"},
{"name":"ModelAdvance", "ph":"E", "ts":"1326977079", "pid":"1", "tid":"cice"},
{"name":"ModelAdvance", "ph":"B", "ts":"1327156495", "pid":"1", "tid":"cice"},
{"name":"ModelAdvance", "ph":"E", "ts":"1327628227", "pid":"1", "tid":"cice"},
{"name":"ModelAdvance", "ph":"B", "ts":"1327767849", "pid":"1", "tid":"cice"},
{"name":"ModelAdvance", "ph":"E", "ts":"1328233532", "pid":"1", "tid":"cice"},
{"name":"ModelAdvance", "ph":"B", "ts":"1328387870", "pid":"1", "tid":"cice"},
{"name":"ModelAdvance", "ph":"E", "ts":"1328857142", "pid":"1", "tid":"cice"},
{"name":"ModelAdvance", "ph":"B", "ts":"1328995256", "pid":"1", "tid":"cice"},
{"name":"ModelAdvance", "ph":"E", "ts":"1329456833", "pid":"1", "tid":"cice"},
{"name":"ModelAdvance", "ph":"B", "ts":"1329628995", "pid":"1", "tid":"cice"},
{"name":"ModelAdvance", "ph":"E", "ts":"1330099953", "pid":"1", "tid":"cice"},
{"name":"ModelAdvance", "ph":"B", "ts":"1330354468", "pid":"1", "tid":"cice"},
{"name":"ModelAdvance", "ph":"E", "ts":"1330833603", "pid":"1", "tid":"cice"},
{"name":"ModelAdvance", "ph":"B", "ts":"1344322709", "pid":"1", "tid":"cice"},
{"name":"ModelAdvance", "ph":"E", "ts":"1344799505", "pid":"1", "tid":"cice"},
{"name":"ModelAdvance", "ph":"B", "ts":"1344990597", "pid":"1", "tid":"cice"},
{"name":"ModelAdvance", "ph":"E", "ts":"1345450751", "pid":"1", "tid":"cice"},
{"name":"ModelAdvance", "ph":"B", "ts":"1345647551", "pid":"1", "tid":"cice"},
{"name":"ModelAdvance", "ph":"E", "ts":"1346116283", "pid":"1", "tid":"cice"},
{"name":"ModelAdvance", "ph":"B", "ts":"1346262471", "pid":"1", "tid":"cice"},
{"name":"ModelAdvance", "ph":"E", "ts":"1346736059", "pid":"1", "tid":"cice"},
{"name":"ModelAdvance", "ph":"B", "ts":"1346867380", "pid":"1", "tid":"cice"},
{"name":"ModelAdvance", "ph":"E", "ts":"1347337627", "pid":"1", "tid":"cice"},
{"name":"ModelAdvance", "ph":"B", "ts":"1347475685", "pid":"1", "tid":"cice"},
{"name":"ModelAdvance", "ph":"E", "ts":"1347946118", "pid":"1", "tid":"cice"},
{"name":"ModelAdvance", "ph":"B", "ts":"1348102861", "pid":"1", "tid":"cice"},
{"name":"ModelAdvance", "ph":"E", "ts":"1348578968", "pid":"1", "tid":"cice"},
{"name":"ModelAdvance", "ph":"B", "ts":"1348769317", "pid":"1", "tid":"cice"},
{"name":"ModelAdvance", "ph":"E", "ts":"1349243313", "pid":"1", "tid":"cice"},
{"name":"ModelAdvance", "ph":"B", "ts":"1349375964", "pid":"1", "tid":"cice"},
{"name":"ModelAdvance", "ph":"E", "ts":"1349846876", "pid":"1", "tid":"cice"},
{"name":"ModelAdvance", "ph":"B", "ts":"1350018497", "pid":"1", "tid":"cice"},
{"name":"ModelAdvance", "ph":"E", "ts":"1350496425", "pid":"1", "tid":"cice"},
{"name":"ModelAdvance", "ph":"B", "ts":"1350657374", "pid":"1", "tid":"cice"},
{"name":"ModelAdvance", "ph":"E", "ts":"1351132757", "pid":"1", "tid":"cice"},
{"name":"ModelAdvance", "ph":"B", "ts":"1351335879", "pid":"1", "tid":"cice"},
{"name":"ModelAdvance", "ph":"E", "ts":"1351808823", "pid":"1", "tid":"cice"},
{"name":"ModelAdvance", "ph":"B", "ts":"1351945385", "pid":"1", "tid":"cice"},
{"name":"ModelAdvance", "ph":"E", "ts":"1352419317", "pid":"1", "tid":"cice"},
{"name":"ModelAdvance", "ph":"B", "ts":"1352548221", "pid":"1", "tid":"cice"},
{"name":"ModelAdvance", "ph":"E", "ts":"1353013609", "pid":"1", "tid":"cice"},
{"name":"ModelAdvance", "ph":"B", "ts":"1353148820", "pid":"1", "tid":"cice"},
{"name":"ModelAdvance", "ph":"E", "ts":"1353620557", "pid":"1", "tid":"cice"},
{"name":"ModelAdvance", "ph":"B", "ts":"1353752773", "pid":"1", "tid":"cice"},
{"name":"ModelAdvance", "ph":"E", "ts":"1354223136", "pid":"1", "tid":"cice"},
{"name":"ModelAdvance", "ph":"B", "ts":"1354354608", "pid":"1", "tid":"cice"},
{"name":"ModelAdvance", "ph":"E", "ts":"1354828682", "pid":"1", "tid":"cice"},
{"name":"ModelAdvance", "ph":"B", "ts":"1354965808", "pid":"1", "tid":"cice"},
{"name":"ModelAdvance", "ph":"E", "ts":"1355438197", "pid":"1", "tid":"cice"},
{"name":"ModelAdvance", "ph":"B", "ts":"1355592021", "pid":"1", "tid":"cice"},
{"name":"ModelAdvance", "ph":"E", "ts":"1356059116", "pid":"1", "tid":"cice"},
{"name":"ModelAdvance", "ph":"B", "ts":"1356193964", "pid":"1", "tid":"cice"},
{"name":"ModelAdvance", "ph":"E", "ts":"1356673152", "pid":"1", "tid":"cice"},
{"name":"ModelAdvance", "ph":"B", "ts":"1356799852", "pid":"1", "tid":"cice"},
{"name":"ModelAdvance", "ph":"E", "ts":"1357277072", "pid":"1", "tid":"cice"},
{"name":"ModelAdvance", "ph":"B", "ts":"1357407662", "pid":"1", "tid":"cice"},
{"name":"ModelAdvance", "ph":"E", "ts":"1357874704", "pid":"1", "tid":"cice"},
{"name":"ModelAdvance", "ph":"B", "ts":"1358015866", "pid":"1", "tid":"cice"},
{"name":"ModelAdvance", "ph":"E", "ts":"1358478981", "pid":"1", "tid":"cice"},
{"name":"ModelAdvance", "ph":"B", "ts":"1358624330", "pid":"1", "tid":"cice"},
{"name":"ModelAdvance", "ph":"E", "ts":"1359093143", "pid":"1", "tid":"cice"},
{"name":"ModelAdvance", "ph":"B", "ts":"1359898675", "pid":"1", "tid":"cice"},
{"name":"ModelAdvance", "ph":"E", "ts":"1360376150", "pid":"1", "tid":"cice"},
{"name":"ModelAdvance", "ph":"B", "ts":"1360508111", "pid":"1", "tid":"cice"},
{"name":"ModelAdvance", "ph":"E", "ts":"1360973669", "pid":"1", "tid":"cice"},
{"name":"ModelAdvance", "ph":"B", "ts":"1361123232", "pid":"1", "tid":"cice"},
{"name":"ModelAdvance", "ph":"E", "ts":"1361590089", "pid":"1", "tid":"cice"},
{"name":"ModelAdvance", "ph":"B", "ts":"1361741432", "pid":"1", "tid":"cice"},
{"name":"ModelAdvance", "ph":"E", "ts":"1362217906", "pid":"1", "tid":"cice"},
{"name":"ModelAdvance", "ph":"B", "ts":"1362354161", "pid":"1", "tid":"cice"},
{"name":"ModelAdvance", "ph":"E", "ts":"1362833582", "pid":"1", "tid":"cice"},
{"name":"ModelAdvance", "ph":"B", "ts":"1362954017", "pid":"1", "tid":"cice"},
{"name":"ModelAdvance", "ph":"E", "ts":"1363427169", "pid":"1", "tid":"cice"},
{"name":"ModelAdvance", "ph":"B", "ts":"1363586822", "pid":"1", "tid":"cice"},
{"name":"ModelAdvance", "ph":"E", "ts":"1364053626", "pid":"1", "tid":"cice"},
{"name":"ModelAdvance", "ph":"B", "ts":"1364212863", "pid":"1", "tid":"cice"},
{"name":"ModelAdvance", "ph":"E", "ts":"1364695072", "pid":"1", "tid":"cice"},
{"name":"ModelAdvance", "ph":"B", "ts":"1364818148", "pid":"1", "tid":"cice"},
{"name":"ModelAdvance", "ph":"E", "ts":"1365284383", "pid":"1", "tid":"cice"},
{"name":"ModelAdvance", "ph":"B", "ts":"1365444352", "pid":"1", "tid":"cice"},
{"name":"ModelAdvance", "ph":"E", "ts":"1365919083", "pid":"1", "tid":"cice"},
{"name":"ModelAdvance", "ph":"B", "ts":"1366057761", "pid":"1", "tid":"cice"},
{"name":"ModelAdvance", "ph":"E", "ts":"1366534955", "pid":"1", "tid":"cice"},
{"name":"ModelAdvance", "ph":"B", "ts":"1366679751", "pid":"1", "tid":"cice"},
{"name":"ModelAdvance", "ph":"E", "ts":"1367152315", "pid":"1", "tid":"cice"},
{"name":"ModelAdvance", "ph":"B", "ts":"1367283734", "pid":"1", "tid":"cice"},
{"name":"ModelAdvance", "ph":"E", "ts":"1367751681", "pid":"1", "tid":"cice"},
{"name":"ModelAdvance", "ph":"B", "ts":"1367881233", "pid":"1", "tid":"cice"},
{"name":"ModelAdvance", "ph":"E", "ts":"1368344767", "pid":"1", "tid":"cice"},
{"name":"ModelAdvance", "ph":"B", "ts":"1368476198", "pid":"1", "tid":"cice"},
{"name":"ModelAdvance", "ph":"E", "ts":"1368953754", "pid":"1", "tid":"cice"},
{"name":"ModelAdvance", "ph":"B", "ts":"1369098525", "pid":"1", "tid":"cice"},
{"name":"ModelAdvance", "ph":"E", "ts":"1369576409", "pid":"1", "tid":"cice"},
{"name":"ModelAdvance", "ph":"B", "ts":"1369751995", "pid":"1", "tid":"cice"},
{"name":"ModelAdvance", "ph":"E", "ts":"1370223753", "pid":"1", "tid":"cice"},
{"name":"ModelAdvance", "ph":"B", "ts":"1370362962", "pid":"1", "tid":"cice"},
{"name":"ModelAdvance", "ph":"E", "ts":"1370835299", "pid":"1", "tid":"cice"},
{"name":"ModelAdvance", "ph":"B", "ts":"1370960798", "pid":"1", "tid":"cice"},
{"name":"ModelAdvance", "ph":"E", "ts":"1371428295", "pid":"1", "tid":"cice"},
{"name":"ModelAdvance", "ph":"B", "ts":"1371563568", "pid":"1", "tid":"cice"},
{"name":"ModelAdvance", "ph":"E", "ts":"1372036687", "pid":"1", "tid":"cice"},
{"name":"ModelAdvance", "ph":"B", "ts":"1372170314", "pid":"1", "tid":"cice"},
{"name":"ModelAdvance", "ph":"E", "ts":"1372642535", "pid":"1", "tid":"cice"},
{"name":"ModelAdvance", "ph":"B", "ts":"1372770711", "pid":"1", "tid":"cice"},
{"name":"ModelAdvance", "ph":"E", "ts":"1373240289", "pid":"1", "tid":"cice"},
{"name":"ModelAdvance", "ph":"B", "ts":"1373367340", "pid":"1", "tid":"cice"},
{"name":"ModelAdvance", "ph":"E", "ts":"1373843793", "pid":"1", "tid":"cice"},
{"name":"ModelAdvance", "ph":"B", "ts":"1373984260", "pid":"1", "tid":"cice"},
{"name":"ModelAdvance", "ph":"E", "ts":"1374461290", "pid":"1", "tid":"cice"},
{"name":"ModelAdvance", "ph":"B", "ts":"1375224863", "pid":"1", "tid":"cice"},
{"name":"ModelAdvance", "ph":"E", "ts":"1375688099", "pid":"1", "tid":"cice"},
{"name":"ModelAdvance", "ph":"B", "ts":"1375822424", "pid":"1", "tid":"cice"},
{"name":"ModelAdvance", "ph":"E", "ts":"1376292459", "pid":"1", "tid":"cice"},
{"name":"ModelAdvance", "ph":"B", "ts":"1376415174", "pid":"1", "tid":"cice"},
{"name":"ModelAdvance", "ph":"E", "ts":"1376886642", "pid":"1", "tid":"cice"},
{"name":"ModelAdvance", "ph":"B", "ts":"1377073004", "pid":"1", "tid":"cice"},
{"name":"ModelAdvance", "ph":"E", "ts":"1377551775", "pid":"1", "tid":"cice"},
{"name":"ModelAdvance", "ph":"B", "ts":"1377669416", "pid":"1", "tid":"cice"},
{"name":"ModelAdvance", "ph":"E", "ts":"1378143245", "pid":"1", "tid":"cice"},
{"name":"ModelAdvance", "ph":"B", "ts":"1378269097", "pid":"1", "tid":"cice"},
{"name":"ModelAdvance", "ph":"E", "ts":"1378743338", "pid":"1", "tid":"cice"},
{"name":"ModelAdvance", "ph":"B", "ts":"1378861802", "pid":"1", "tid":"cice"},
{"name":"ModelAdvance", "ph":"E", "ts":"1379332459", "pid":"1", "tid":"cice"},
{"name":"ModelAdvance", "ph":"B", "ts":"1379460487", "pid":"1", "tid":"cice"},
{"name":"ModelAdvance", "ph":"E", "ts":"1379931350", "pid":"1", "tid":"cice"},
{"name":"ModelAdvance", "ph":"B", "ts":"1380058013", "pid":"1", "tid":"cice"},
{"name":"ModelAdvance", "ph":"E", "ts":"1380529153", "pid":"1", "tid":"cice"},
{"name":"ModelAdvance", "ph":"B", "ts":"1380652535", "pid":"1", "tid":"cice"},
{"name":"ModelAdvance", "ph":"E", "ts":"1381120995", "pid":"1", "tid":"cice"},
{"name":"ModelAdvance", "ph":"B", "ts":"1381255462", "pid":"1", "tid":"cice"},
{"name":"ModelAdvance", "ph":"E", "ts":"1381724090", "pid":"1", "tid":"cice"},
{"name":"ModelAdvance", "ph":"B", "ts":"1381879209", "pid":"1", "tid":"cice"},
{"name":"ModelAdvance", "ph":"E", "ts":"1382355755", "pid":"1", "tid":"cice"},
{"name":"ModelAdvance", "ph":"B", "ts":"1382486904", "pid":"1", "tid":"cice"},
{"name":"ModelAdvance", "ph":"E", "ts":"1382953785", "pid":"1", "tid":"cice"},
{"name":"ModelAdvance", "ph":"B", "ts":"1383089173", "pid":"1", "tid":"cice"},
{"name":"ModelAdvance", "ph":"E", "ts":"1383572450", "pid":"1", "tid":"cice"},
{"name":"ModelAdvance", "ph":"B", "ts":"1383698411", "pid":"1", "tid":"cice"},
{"name":"ModelAdvance", "ph":"E", "ts":"1384186448", "pid":"1", "tid":"cice"},
{"name":"ModelAdvance", "ph":"B", "ts":"1384301720", "pid":"1", "tid":"cice"},
{"name":"ModelAdvance", "ph":"E", "ts":"1384770660", "pid":"1", "tid":"cice"},
{"name":"ModelAdvance", "ph":"B", "ts":"1384903894", "pid":"1", "tid":"cice"},
{"name":"ModelAdvance", "ph":"E", "ts":"1385373192", "pid":"1", "tid":"cice"},
{"name":"ModelAdvance", "ph":"B", "ts":"1385507171", "pid":"1", "tid":"cice"},
{"name":"ModelAdvance", "ph":"E", "ts":"1385980617", "pid":"1", "tid":"cice"},
{"name":"ModelAdvance", "ph":"B", "ts":"1386169663", "pid":"1", "tid":"cice"},
{"name":"ModelAdvance", "ph":"E", "ts":"1386638109", "pid":"1", "tid":"cice"},
{"name":"ModelAdvance", "ph":"B", "ts":"1386790204", "pid":"1", "tid":"cice"},
{"name":"ModelAdvance", "ph":"E", "ts":"1387269425", "pid":"1", "tid":"cice"},
{"name":"ModelAdvance", "ph":"B", "ts":"1387404265", "pid":"1", "tid":"cice"},
{"name":"ModelAdvance", "ph":"E", "ts":"1387872409", "pid":"1", "tid":"cice"},
{"name":"ModelAdvance", "ph":"B", "ts":"1388068279", "pid":"1", "tid":"cice"},
{"name":"ModelAdvance", "ph":"E", "ts":"1388547156", "pid":"1", "tid":"cice"},
{"name":"ModelAdvance", "ph":"B", "ts":"1388693601", "pid":"1", "tid":"cice"},
{"name":"ModelAdvance", "ph":"E", "ts":"1389279792", "pid":"1", "tid":"cice"},
{"name":"ModelAdvance", "ph":"B", "ts":"1389330753", "pid":"1", "tid":"cice"},
{"name":"ModelAdvance", "ph":"E", "ts":"1389805499", "pid":"1", "tid":"cice"},
{"name":"ModelAdvance", "ph":"B", "ts":"1390560961", "pid":"1", "tid":"cice"},
{"name":"ModelAdvance", "ph":"E", "ts":"1391035391", "pid":"1", "tid":"cice"},
{"name":"ModelAdvance", "ph":"B", "ts":"1391222382", "pid":"1", "tid":"cice"},
{"name":"ModelAdvance", "ph":"E", "ts":"1391691907", "pid":"1", "tid":"cice"},
{"name":"ModelAdvance", "ph":"B", "ts":"1391855433", "pid":"1", "tid":"cice"},
{"name":"ModelAdvance", "ph":"E", "ts":"1392334923", "pid":"1", "tid":"cice"},
{"name":"ModelAdvance", "ph":"B", "ts":"1392492475", "pid":"1", "tid":"cice"},
{"name":"ModelAdvance", "ph":"E", "ts":"1392968978", "pid":"1", "tid":"cice"},
{"name":"ModelAdvance", "ph":"B", "ts":"1393162498", "pid":"1", "tid":"cice"},
{"name":"ModelAdvance", "ph":"E", "ts":"1393639652", "pid":"1", "tid":"cice"},
{"name":"ModelAdvance", "ph":"B", "ts":"1393771367", "pid":"1", "tid":"cice"},
{"name":"ModelAdvance", "ph":"E", "ts":"1394240014", "pid":"1", "tid":"cice"},
{"name":"ModelAdvance", "ph":"B", "ts":"1394372640", "pid":"1", "tid":"cice"},
{"name":"ModelAdvance", "ph":"E", "ts":"1394835920", "pid":"1", "tid":"cice"},
{"name":"ModelAdvance", "ph":"B", "ts":"1394982350", "pid":"1", "tid":"cice"},
{"name":"ModelAdvance", "ph":"E", "ts":"1395448956", "pid":"1", "tid":"cice"},
{"name":"ModelAdvance", "ph":"B", "ts":"1395585029", "pid":"1", "tid":"cice"},
{"name":"ModelAdvance", "ph":"E", "ts":"1396052671", "pid":"1", "tid":"cice"},
{"name":"ModelAdvance", "ph":"B", "ts":"1396190227", "pid":"1", "tid":"cice"},
{"name":"ModelAdvance", "ph":"E", "ts":"1396667046", "pid":"1", "tid":"cice"},
{"name":"ModelAdvance", "ph":"B", "ts":"1396794248", "pid":"1", "tid":"cice"},
{"name":"ModelAdvance", "ph":"E", "ts":"1397273363", "pid":"1", "tid":"cice"},
{"name":"ModelAdvance", "ph":"B", "ts":"1397418176", "pid":"1", "tid":"cice"},
{"name":"ModelAdvance", "ph":"E", "ts":"1397892398", "pid":"1", "tid":"cice"},
{"name":"ModelAdvance", "ph":"B", "ts":"1398028101", "pid":"1", "tid":"cice"},
{"name":"ModelAdvance", "ph":"E", "ts":"1398501507", "pid":"1", "tid":"cice"},
{"name":"ModelAdvance", "ph":"B", "ts":"1398637531", "pid":"1", "tid":"cice"},
{"name":"ModelAdvance", "ph":"E", "ts":"1399107784", "pid":"1", "tid":"cice"},
{"name":"ModelAdvance", "ph":"B", "ts":"1399227555", "pid":"1", "tid":"cice"},
{"name":"ModelAdvance", "ph":"E", "ts":"1399709303", "pid":"1", "tid":"cice"},
{"name":"ModelAdvance", "ph":"B", "ts":"1399829213", "pid":"1", "tid":"cice"},
{"name":"ModelAdvance", "ph":"E", "ts":"1400290661", "pid":"1", "tid":"cice"},
{"name":"ModelAdvance", "ph":"B", "ts":"1400823035", "pid":"1", "tid":"cice"},
{"name":"ModelAdvance", "ph":"E", "ts":"1401286695", "pid":"1", "tid":"cice"},
{"name":"ModelAdvance", "ph":"B", "ts":"1401423843", "pid":"1", "tid":"cice"},
{"name":"ModelAdvance", "ph":"E", "ts":"1401892395", "pid":"1", "tid":"cice"},
{"name":"ModelAdvance", "ph":"B", "ts":"1402022558", "pid":"1", "tid":"cice"},
{"name":"ModelAdvance", "ph":"E", "ts":"1402503791", "pid":"1", "tid":"cice"},
{"name":"ModelAdvance", "ph":"B", "ts":"1402628276", "pid":"1", "tid":"cice"},
{"name":"ModelAdvance", "ph":"E", "ts":"1403106287", "pid":"1", "tid":"cice"},
{"name":"ModelAdvance", "ph":"B", "ts":"1403265298", "pid":"1", "tid":"cice"},
{"name":"ModelAdvance", "ph":"E", "ts":"1403739628", "pid":"1", "tid":"cice"},
{"name":"ModelAdvance", "ph":"B", "ts":"1403864024", "pid":"1", "tid":"cice"},
{"name":"ModelAdvance", "ph":"E", "ts":"1404343383", "pid":"1", "tid":"cice"},
{"name":"ModelAdvance", "ph":"B", "ts":"1404461790", "pid":"1", "tid":"cice"},
{"name":"ModelAdvance", "ph":"E", "ts":"1404935168", "pid":"1", "tid":"cice"},
{"name":"ModelAdvance", "ph":"B", "ts":"1405073200", "pid":"1", "tid":"cice"},
{"name":"ModelAdvance", "ph":"E", "ts":"1405541979", "pid":"1", "tid":"cice"},
{"name":"ModelAdvance", "ph":"B", "ts":"1406369562", "pid":"1", "tid":"cice"},
{"name":"ModelAdvance", "ph":"E", "ts":"1406842601", "pid":"1", "tid":"cice"},
{"name":"ModelAdvance", "ph":"B", "ts":"1406975235", "pid":"1", "tid":"cice"},
{"name":"ModelAdvance", "ph":"E", "ts":"1407453462", "pid":"1", "tid":"cice"},
{"name":"ModelAdvance", "ph":"B", "ts":"1407582661", "pid":"1", "tid":"cice"},
{"name":"ModelAdvance", "ph":"E", "ts":"1408058615", "pid":"1", "tid":"cice"},
{"name":"ModelAdvance", "ph":"B", "ts":"1408191026", "pid":"1", "tid":"cice"},
{"name":"ModelAdvance", "ph":"E", "ts":"1408669740", "pid":"1", "tid":"cice"},
{"name":"ModelAdvance", "ph":"B", "ts":"1408790993", "pid":"1", "tid":"cice"},
{"name":"ModelAdvance", "ph":"E", "ts":"1409272253", "pid":"1", "tid":"cice"},
{"name":"ModelAdvance", "ph":"B", "ts":"1409395646", "pid":"1", "tid":"cice"},
{"name":"ModelAdvance", "ph":"E", "ts":"1409863341", "pid":"1", "tid":"cice"},
{"name":"ModelAdvance", "ph":"B", "ts":"1410001560", "pid":"1", "tid":"cice"},
{"name":"ModelAdvance", "ph":"E", "ts":"1410471152", "pid":"1", "tid":"cice"},
{"name":"ModelAdvance", "ph":"B", "ts":"1410613153", "pid":"1", "tid":"cice"},
{"name":"ModelAdvance", "ph":"E", "ts":"1411087233", "pid":"1", "tid":"cice"},
{"name":"ModelAdvance", "ph":"B", "ts":"1411223223", "pid":"1", "tid":"cice"},
{"name":"ModelAdvance", "ph":"E", "ts":"1411701711", "pid":"1", "tid":"cice"},
{"name":"ModelAdvance", "ph":"B", "ts":"1411824376", "pid":"1", "tid":"cice"},
{"name":"ModelAdvance", "ph":"E", "ts":"1412304386", "pid":"1", "tid":"cice"},
{"name":"ModelAdvance", "ph":"B", "ts":"1412455867", "pid":"1", "tid":"cice"},
{"name":"ModelAdvance", "ph":"E", "ts":"1412929633", "pid":"1", "tid":"cice"},
{"name":"ModelAdvance", "ph":"B", "ts":"1413080010", "pid":"1", "tid":"cice"},
{"name":"ModelAdvance", "ph":"E", "ts":"1413552705", "pid":"1", "tid":"cice"},
{"name":"ModelAdvance", "ph":"B", "ts":"1413702339", "pid":"1", "tid":"cice"},
{"name":"ModelAdvance", "ph":"E", "ts":"1414173097", "pid":"1", "tid":"cice"},
{"name":"ModelAdvance", "ph":"B", "ts":"1414335629", "pid":"1", "tid":"cice"},
{"name":"ModelAdvance", "ph":"E", "ts":"1414802272", "pid":"1", "tid":"cice"},
{"name":"ModelAdvance", "ph":"B", "ts":"1414938456", "pid":"1", "tid":"cice"},
{"name":"ModelAdvance", "ph":"E", "ts":"1415411838", "pid":"1", "tid":"cice"},
{"name":"ModelAdvance", "ph":"B", "ts":"1415544357", "pid":"1", "tid":"cice"},
{"name":"ModelAdvance", "ph":"E", "ts":"1416004947", "pid":"1", "tid":"cice"},
{"name":"ModelAdvance", "ph":"B", "ts":"1416155933", "pid":"1", "tid":"cice"},
{"name":"ModelAdvance", "ph":"E", "ts":"1416634930", "pid":"1", "tid":"cice"},
{"name":"ModelAdvance", "ph":"B", "ts":"1416770014", "pid":"1", "tid":"cice"},
{"name":"ModelAdvance", "ph":"E", "ts":"1417243998", "pid":"1", "tid":"cice"},
{"name":"ModelAdvance", "ph":"B", "ts":"1417382644", "pid":"1", "tid":"cice"},
{"name":"ModelAdvance", "ph":"E", "ts":"1417843228", "pid":"1", "tid":"cice"},
{"name":"ModelAdvance", "ph":"B", "ts":"1418005233", "pid":"1", "tid":"cice"},
{"name":"ModelAdvance", "ph":"E", "ts":"1418485375", "pid":"1", "tid":"cice"},
{"name":"ModelAdvance", "ph":"B", "ts":"1418670324", "pid":"1", "tid":"cice"},
{"name":"ModelAdvance", "ph":"E", "ts":"1419136673", "pid":"1", "tid":"cice"},
{"name":"ModelAdvance", "ph":"B", "ts":"1419289415", "pid":"1", "tid":"cice"},
{"name":"ModelAdvance", "ph":"E", "ts":"1419764896", "pid":"1", "tid":"cice"},
{"name":"ModelAdvance", "ph":"B", "ts":"1419910490", "pid":"1", "tid":"cice"},
{"name":"ModelAdvance", "ph":"E", "ts":"1420391328", "pid":"1", "tid":"cice"},
{"name":"ModelAdvance", "ph":"B", "ts":"1420535343", "pid":"1", "tid":"cice"},
{"name":"ModelAdvance", "ph":"E", "ts":"1421010494", "pid":"1", "tid":"cice"},
{"name":"ModelAdvance", "ph":"B", "ts":"1421818501", "pid":"1", "tid":"cice"},
{"name":"ModelAdvance", "ph":"E", "ts":"1422292273", "pid":"1", "tid":"cice"},
{"name":"ModelAdvance", "ph":"B", "ts":"1422506623", "pid":"1", "tid":"cice"},
{"name":"ModelAdvance", "ph":"E", "ts":"1422982465", "pid":"1", "tid":"cice"},
{"name":"ModelAdvance", "ph":"B", "ts":"1423110942", "pid":"1", "tid":"cice"},
{"name":"ModelAdvance", "ph":"E", "ts":"1423587293", "pid":"1", "tid":"cice"},
{"name":"ModelAdvance", "ph":"B", "ts":"1423720169", "pid":"1", "tid":"cice"},
{"name":"ModelAdvance", "ph":"E", "ts":"1424192983", "pid":"1", "tid":"cice"},
{"name":"ModelAdvance", "ph":"B", "ts":"1424325096", "pid":"1", "tid":"cice"},
{"name":"ModelAdvance", "ph":"E", "ts":"1424790101", "pid":"1", "tid":"cice"},
{"name":"ModelAdvance", "ph":"B", "ts":"1424933458", "pid":"1", "tid":"cice"},
{"name":"ModelAdvance", "ph":"E", "ts":"1425407059", "pid":"1", "tid":"cice"},
{"name":"ModelAdvance", "ph":"B", "ts":"1425534162", "pid":"1", "tid":"cice"},
{"name":"ModelAdvance", "ph":"E", "ts":"1426009210", "pid":"1", "tid":"cice"},
{"name":"ModelAdvance", "ph":"B", "ts":"1426146023", "pid":"1", "tid":"cice"},
{"name":"ModelAdvance", "ph":"E", "ts":"1426613414", "pid":"1", "tid":"cice"},
{"name":"ModelAdvance", "ph":"B", "ts":"1426742200", "pid":"1", "tid":"cice"},
{"name":"ModelAdvance", "ph":"E", "ts":"1427208521", "pid":"1", "tid":"cice"},
{"name":"ModelAdvance", "ph":"B", "ts":"1427351483", "pid":"1", "tid":"cice"},
{"name":"ModelAdvance", "ph":"E", "ts":"1427826743", "pid":"1", "tid":"cice"},
{"name":"ModelAdvance", "ph":"B", "ts":"1427978350", "pid":"1", "tid":"cice"},
{"name":"ModelAdvance", "ph":"E", "ts":"1428456689", "pid":"1", "tid":"cice"},
{"name":"ModelAdvance", "ph":"B", "ts":"1428596419", "pid":"1", "tid":"cice"},
{"name":"ModelAdvance", "ph":"E", "ts":"1429077135", "pid":"1", "tid":"cice"},
{"name":"ModelAdvance", "ph":"B", "ts":"1429207058", "pid":"1", "tid":"cice"},
{"name":"ModelAdvance", "ph":"E", "ts":"1429682876", "pid":"1", "tid":"cice"},
{"name":"ModelAdvance", "ph":"B", "ts":"1429818867", "pid":"1", "tid":"cice"},
{"name":"ModelAdvance", "ph":"E", "ts":"1430297582", "pid":"1", "tid":"cice"},
{"name":"ModelAdvance", "ph":"B", "ts":"1430422705", "pid":"1", "tid":"cice"},
{"name":"ModelAdvance", "ph":"E", "ts":"1430900397", "pid":"1", "tid":"cice"},
{"name":"ModelAdvance", "ph":"B", "ts":"1431051861", "pid":"1", "tid":"cice"},
{"name":"ModelAdvance", "ph":"E", "ts":"1431527419", "pid":"1", "tid":"cice"},
{"name":"ModelAdvance", "ph":"B", "ts":"1431713189", "pid":"1", "tid":"cice"},
{"name":"ModelAdvance", "ph":"E", "ts":"1432186147", "pid":"1", "tid":"cice"},
{"name":"ModelAdvance", "ph":"B", "ts":"1432322284", "pid":"1", "tid":"cice"},
{"name":"ModelAdvance", "ph":"E", "ts":"1432797545", "pid":"1", "tid":"cice"},
{"name":"ModelAdvance", "ph":"B", "ts":"1432934013", "pid":"1", "tid":"cice"},
{"name":"ModelAdvance", "ph":"E", "ts":"1433401759", "pid":"1", "tid":"cice"},
{"name":"ModelAdvance", "ph":"B", "ts":"1433555957", "pid":"1", "tid":"cice"},
{"name":"ModelAdvance", "ph":"E", "ts":"1434027238", "pid":"1", "tid":"cice"},
{"name":"ModelAdvance", "ph":"B", "ts":"1434170978", "pid":"1", "tid":"cice"},
{"name":"ModelAdvance", "ph":"E", "ts":"1434638554", "pid":"1", "tid":"cice"},
{"name":"ModelAdvance", "ph":"B", "ts":"1434782322", "pid":"1", "tid":"cice"},
{"name":"ModelAdvance", "ph":"E", "ts":"1435256207", "pid":"1", "tid":"cice"},
{"name":"ModelAdvance", "ph":"B", "ts":"1435389871", "pid":"1", "tid":"cice"},
{"name":"ModelAdvance", "ph":"E", "ts":"1435858906", "pid":"1", "tid":"cice"},
{"name":"ModelAdvance", "ph":"B", "ts":"1436096141", "pid":"1", "tid":"cice"},
{"name":"ModelAdvance", "ph":"E", "ts":"1436567990", "pid":"1", "tid":"cice"},
{"name":"ModelAdvance", "ph":"B", "ts":"1437361953", "pid":"1", "tid":"cice"},
{"name":"ModelAdvance", "ph":"E", "ts":"1437837989", "pid":"1", "tid":"cice"},
{"name":"ModelAdvance", "ph":"B", "ts":"1438013952", "pid":"1", "tid":"cice"},
{"name":"ModelAdvance", "ph":"E", "ts":"1438487797", "pid":"1", "tid":"cice"},
{"name":"ModelAdvance", "ph":"B", "ts":"1438629535", "pid":"1", "tid":"cice"},
{"name":"ModelAdvance", "ph":"E", "ts":"1439095569", "pid":"1", "tid":"cice"},
{"name":"ModelAdvance", "ph":"B", "ts":"1439235437", "pid":"1", "tid":"cice"},
{"name":"ModelAdvance", "ph":"E", "ts":"1439716478", "pid":"1", "tid":"cice"},
{"name":"ModelAdvance", "ph":"B", "ts":"1439848658", "pid":"1", "tid":"cice"},
{"name":"ModelAdvance", "ph":"E", "ts":"1440332656", "pid":"1", "tid":"cice"},
{"name":"ModelAdvance", "ph":"B", "ts":"1440508242", "pid":"1", "tid":"cice"},
{"name":"ModelAdvance", "ph":"E", "ts":"1440991583", "pid":"1", "tid":"cice"},
{"name":"ModelAdvance", "ph":"B", "ts":"1441115651", "pid":"1", "tid":"cice"},
{"name":"ModelAdvance", "ph":"E", "ts":"1441586633", "pid":"1", "tid":"cice"},
{"name":"ModelAdvance", "ph":"B", "ts":"1441721930", "pid":"1", "tid":"cice"},
{"name":"ModelAdvance", "ph":"E", "ts":"1442189757", "pid":"1", "tid":"cice"},
{"name":"ModelAdvance", "ph":"B", "ts":"1442335101", "pid":"1", "tid":"cice"},
{"name":"ModelAdvance", "ph":"E", "ts":"1442813521", "pid":"1", "tid":"cice"},
{"name":"ModelAdvance", "ph":"B", "ts":"1442964787", "pid":"1", "tid":"cice"},
{"name":"ModelAdvance", "ph":"E", "ts":"1443441218", "pid":"1", "tid":"cice"},
{"name":"ModelAdvance", "ph":"B", "ts":"1443570631", "pid":"1", "tid":"cice"},
{"name":"ModelAdvance", "ph":"E", "ts":"1444039918", "pid":"1", "tid":"cice"},
{"name":"ModelAdvance", "ph":"B", "ts":"1444211990", "pid":"1", "tid":"cice"},
{"name":"ModelAdvance", "ph":"E", "ts":"1444673705", "pid":"1", "tid":"cice"},
{"name":"ModelAdvance", "ph":"B", "ts":"1444813245", "pid":"1", "tid":"cice"},
{"name":"ModelAdvance", "ph":"E", "ts":"1445284080", "pid":"1", "tid":"cice"},
{"name":"ModelAdvance", "ph":"B", "ts":"1445438247", "pid":"1", "tid":"cice"},
{"name":"ModelAdvance", "ph":"E", "ts":"1445920377", "pid":"1", "tid":"cice"},
{"name":"ModelAdvance", "ph":"B", "ts":"1446051877", "pid":"1", "tid":"cice"},
{"name":"ModelAdvance", "ph":"E", "ts":"1446514252", "pid":"1", "tid":"cice"},
{"name":"ModelAdvance", "ph":"B", "ts":"1446655146", "pid":"1", "tid":"cice"},
{"name":"ModelAdvance", "ph":"E", "ts":"1447116044", "pid":"1", "tid":"cice"},
{"name":"ModelAdvance", "ph":"B", "ts":"1447271783", "pid":"1", "tid":"cice"},
{"name":"ModelAdvance", "ph":"E", "ts":"1447748805", "pid":"1", "tid":"cice"},
{"name":"ModelAdvance", "ph":"B", "ts":"1447881576", "pid":"1", "tid":"cice"},
{"name":"ModelAdvance", "ph":"E", "ts":"1448358611", "pid":"1", "tid":"cice"},
{"name":"ModelAdvance", "ph":"B", "ts":"1448540698", "pid":"1", "tid":"cice"},
{"name":"ModelAdvance", "ph":"E", "ts":"1449014165", "pid":"1", "tid":"cice"},
{"name":"ModelAdvance", "ph":"B", "ts":"1449135365", "pid":"1", "tid":"cice"},
{"name":"ModelAdvance", "ph":"E", "ts":"1449607387", "pid":"1", "tid":"cice"},
{"name":"ModelAdvance", "ph":"B", "ts":"1449733147", "pid":"1", "tid":"cice"},
{"name":"ModelAdvance", "ph":"E", "ts":"1450203880", "pid":"1", "tid":"cice"},
{"name":"ModelAdvance", "ph":"B", "ts":"1450351897", "pid":"1", "tid":"cice"},
{"name":"ModelAdvance", "ph":"E", "ts":"1450817857", "pid":"1", "tid":"cice"},
{"name":"ModelAdvance", "ph":"B", "ts":"1450955507", "pid":"1", "tid":"cice"},
{"name":"ModelAdvance", "ph":"E", "ts":"1451425085", "pid":"1", "tid":"cice"},
{"name":"ModelAdvance", "ph":"B", "ts":"1451568270", "pid":"1", "tid":"cice"},
{"name":"ModelAdvance", "ph":"E", "ts":"1452038641", "pid":"1", "tid":"cice"},
{"name":"ModelAdvance", "ph":"B", "ts":"1452845916", "pid":"1", "tid":"cice"},
{"name":"ModelAdvance", "ph":"E", "ts":"1453326675", "pid":"1", "tid":"cice"},
{"name":"ModelAdvance", "ph":"B", "ts":"1453444158", "pid":"1", "tid":"cice"},
{"name":"ModelAdvance", "ph":"E", "ts":"1453911132", "pid":"1", "tid":"cice"},
{"name":"ModelAdvance", "ph":"B", "ts":"1454037673", "pid":"1", "tid":"cice"},
{"name":"ModelAdvance", "ph":"E", "ts":"1454500416", "pid":"1", "tid":"cice"},
{"name":"ModelAdvance", "ph":"B", "ts":"1454632173", "pid":"1", "tid":"cice"},
{"name":"ModelAdvance", "ph":"E", "ts":"1455098986", "pid":"1", "tid":"cice"},
{"name":"ModelAdvance", "ph":"B", "ts":"1455228774", "pid":"1", "tid":"cice"},
{"name":"ModelAdvance", "ph":"E", "ts":"1455704766", "pid":"1", "tid":"cice"},
{"name":"ModelAdvance", "ph":"B", "ts":"1455826253", "pid":"1", "tid":"cice"},
{"name":"ModelAdvance", "ph":"E", "ts":"1456299117", "pid":"1", "tid":"cice"},
{"name":"ModelAdvance", "ph":"B", "ts":"1456421813", "pid":"1", "tid":"cice"},
{"name":"ModelAdvance", "ph":"E", "ts":"1456892496", "pid":"1", "tid":"cice"},
{"name":"ModelAdvance", "ph":"B", "ts":"1457019743", "pid":"1", "tid":"cice"},
{"name":"ModelAdvance", "ph":"E", "ts":"1457493950", "pid":"1", "tid":"cice"},
{"name":"ModelAdvance", "ph":"B", "ts":"1457611491", "pid":"1", "tid":"cice"},
{"name":"ModelAdvance", "ph":"E", "ts":"1458083188", "pid":"1", "tid":"cice"},
{"name":"ModelAdvance", "ph":"B", "ts":"1458205311", "pid":"1", "tid":"cice"},
{"name":"ModelAdvance", "ph":"E", "ts":"1458680602", "pid":"1", "tid":"cice"},
{"name":"ModelAdvance", "ph":"B", "ts":"1458804057", "pid":"1", "tid":"cice"},
{"name":"ModelAdvance", "ph":"E", "ts":"1459270654", "pid":"1", "tid":"cice"},
{"name":"ModelAdvance", "ph":"B", "ts":"1459414201", "pid":"1", "tid":"cice"},
{"name":"ModelAdvance", "ph":"E", "ts":"1459885645", "pid":"1", "tid":"cice"},
{"name":"ModelAdvance", "ph":"B", "ts":"1460010516", "pid":"1", "tid":"cice"},
{"name":"ModelAdvance", "ph":"E", "ts":"1460482651", "pid":"1", "tid":"cice"},
{"name":"ModelAdvance", "ph":"B", "ts":"1460614784", "pid":"1", "tid":"cice"},
{"name":"ModelAdvance", "ph":"E", "ts":"1461091244", "pid":"1", "tid":"cice"},
{"name":"ModelAdvance", "ph":"B", "ts":"1461215499", "pid":"1", "tid":"cice"},
{"name":"ModelAdvance", "ph":"E", "ts":"1461691016", "pid":"1", "tid":"cice"},
{"name":"ModelAdvance", "ph":"B", "ts":"1461807921", "pid":"1", "tid":"cice"},
{"name":"ModelAdvance", "ph":"E", "ts":"1462273883", "pid":"1", "tid":"cice"},
{"name":"ModelAdvance", "ph":"B", "ts":"1462403781", "pid":"1", "tid":"cice"},
{"name":"ModelAdvance", "ph":"E", "ts":"1462865143", "pid":"1", "tid":"cice"},
{"name":"ModelAdvance", "ph":"B", "ts":"1462997759", "pid":"1", "tid":"cice"},
{"name":"ModelAdvance", "ph":"E", "ts":"1463466631", "pid":"1", "tid":"cice"},
{"name":"ModelAdvance", "ph":"B", "ts":"1463591340", "pid":"1", "tid":"cice"},
{"name":"ModelAdvance", "ph":"E", "ts":"1464066454", "pid":"1", "tid":"cice"},
{"name":"ModelAdvance", "ph":"B", "ts":"1464185634", "pid":"1", "tid":"cice"},
{"name":"ModelAdvance", "ph":"E", "ts":"1464656544", "pid":"1", "tid":"cice"},
{"name":"ModelAdvance", "ph":"B", "ts":"1464790845", "pid":"1", "tid":"cice"},
{"name":"ModelAdvance", "ph":"E", "ts":"1465270231", "pid":"1", "tid":"cice"},
{"name":"ModelAdvance", "ph":"B", "ts":"1465387440", "pid":"1", "tid":"cice"},
{"name":"ModelAdvance", "ph":"E", "ts":"1465854093", "pid":"1", "tid":"cice"},
{"name":"ModelAdvance", "ph":"B", "ts":"1465988869", "pid":"1", "tid":"cice"},
{"name":"ModelAdvance", "ph":"E", "ts":"1466461597", "pid":"1", "tid":"cice"},
{"name":"ModelAdvance", "ph":"B", "ts":"1466601956", "pid":"1", "tid":"cice"},
{"name":"ModelAdvance", "ph":"E", "ts":"1467074426", "pid":"1", "tid":"cice"},
{"name":"ModelAdvance", "ph":"B", "ts":"1467835455", "pid":"1", "tid":"cice"},
{"name":"ModelAdvance", "ph":"E", "ts":"1468301587", "pid":"1", "tid":"cice"},
{"name":"ModelAdvance", "ph":"B", "ts":"1468433251", "pid":"1", "tid":"cice"},
{"name":"ModelAdvance", "ph":"E", "ts":"1468899912", "pid":"1", "tid":"cice"},
{"name":"ModelAdvance", "ph":"B", "ts":"1469027614", "pid":"1", "tid":"cice"},
{"name":"ModelAdvance", "ph":"E", "ts":"1469493792", "pid":"1", "tid":"cice"},
{"name":"ModelAdvance", "ph":"B", "ts":"1469624642", "pid":"1", "tid":"cice"},
{"name":"ModelAdvance", "ph":"E", "ts":"1470101544", "pid":"1", "tid":"cice"},
{"name":"ModelAdvance", "ph":"B", "ts":"1470225770", "pid":"1", "tid":"cice"},
{"name":"ModelAdvance", "ph":"E", "ts":"1470695356", "pid":"1", "tid":"cice"},
{"name":"ModelAdvance", "ph":"B", "ts":"1470823116", "pid":"1", "tid":"cice"},
{"name":"ModelAdvance", "ph":"E", "ts":"1471296532", "pid":"1", "tid":"cice"},
{"name":"ModelAdvance", "ph":"B", "ts":"1471420916", "pid":"1", "tid":"cice"},
{"name":"ModelAdvance", "ph":"E", "ts":"1471897913", "pid":"1", "tid":"cice"},
{"name":"ModelAdvance", "ph":"B", "ts":"1472025981", "pid":"1", "tid":"cice"},
{"name":"ModelAdvance", "ph":"E", "ts":"1472500939", "pid":"1", "tid":"cice"},
{"name":"ModelAdvance", "ph":"B", "ts":"1472620522", "pid":"1", "tid":"cice"},
{"name":"ModelAdvance", "ph":"E", "ts":"1473087662", "pid":"1", "tid":"cice"},
{"name":"ModelAdvance", "ph":"B", "ts":"1473213531", "pid":"1", "tid":"cice"},
{"name":"ModelAdvance", "ph":"E", "ts":"1473685681", "pid":"1", "tid":"cice"},
{"name":"ModelAdvance", "ph":"B", "ts":"1473807379", "pid":"1", "tid":"cice"},
{"name":"ModelAdvance", "ph":"E", "ts":"1474285907", "pid":"1", "tid":"cice"},
{"name":"ModelAdvance", "ph":"B", "ts":"1474419690", "pid":"1", "tid":"cice"},
{"name":"ModelAdvance", "ph":"E", "ts":"1474886166", "pid":"1", "tid":"cice"},
{"name":"ModelAdvance", "ph":"B", "ts":"1475023874", "pid":"1", "tid":"cice"},
{"name":"ModelAdvance", "ph":"E", "ts":"1475494578", "pid":"1", "tid":"cice"},
{"name":"ModelAdvance", "ph":"B", "ts":"1475620358", "pid":"1", "tid":"cice"},
{"name":"ModelAdvance", "ph":"E", "ts":"1476096459", "pid":"1", "tid":"cice"},
{"name":"ModelAdvance", "ph":"B", "ts":"1476225741", "pid":"1", "tid":"cice"},
{"name":"ModelAdvance", "ph":"E", "ts":"1476698260", "pid":"1", "tid":"cice"},
{"name":"ModelAdvance", "ph":"B", "ts":"1476824055", "pid":"1", "tid":"cice"},
{"name":"ModelAdvance", "ph":"E", "ts":"1477299205", "pid":"1", "tid":"cice"},
{"name":"ModelAdvance", "ph":"B", "ts":"1477416624", "pid":"1", "tid":"cice"},
{"name":"ModelAdvance", "ph":"E", "ts":"1477882309", "pid":"1", "tid":"cice"},
{"name":"ModelAdvance", "ph":"B", "ts":"1478017306", "pid":"1", "tid":"cice"},
{"name":"ModelAdvance", "ph":"E", "ts":"1478483929", "pid":"1", "tid":"cice"},
{"name":"ModelAdvance", "ph":"B", "ts":"1478620571", "pid":"1", "tid":"cice"},
{"name":"ModelAdvance", "ph":"E", "ts":"1479089184", "pid":"1", "tid":"cice"},
{"name":"ModelAdvance", "ph":"B", "ts":"1479217320", "pid":"1", "tid":"cice"},
{"name":"ModelAdvance", "ph":"E", "ts":"1479684316", "pid":"1", "tid":"cice"},
{"name":"ModelAdvance", "ph":"B", "ts":"1479817617", "pid":"1", "tid":"cice"},
{"name":"ModelAdvance", "ph":"E", "ts":"1480297721", "pid":"1", "tid":"cice"},
{"name":"ModelAdvance", "ph":"B", "ts":"1480412470", "pid":"1", "tid":"cice"},
{"name":"ModelAdvance", "ph":"E", "ts":"1480882590", "pid":"1", "tid":"cice"},
{"name":"ModelAdvance", "ph":"B", "ts":"1481011493", "pid":"1", "tid":"cice"},
{"name":"ModelAdvance", "ph":"E", "ts":"1481582306", "pid":"1", "tid":"cice"},
{"name":"ModelAdvance", "ph":"B", "ts":"1481633484", "pid":"1", "tid":"cice"},
{"name":"ModelAdvance", "ph":"E", "ts":"1482106101", "pid":"1", "tid":"cice"},
{"name":"ModelAdvance", "ph":"B", "ts":"1482892924", "pid":"1", "tid":"cice"},
{"name":"ModelAdvance", "ph":"E", "ts":"1483366946", "pid":"1", "tid":"cice"},
{"name":"ModelAdvance", "ph":"B", "ts":"1483491108", "pid":"1", "tid":"cice"},
{"name":"ModelAdvance", "ph":"E", "ts":"1483957072", "pid":"1", "tid":"cice"},
{"name":"ModelAdvance", "ph":"B", "ts":"1484089089", "pid":"1", "tid":"cice"},
{"name":"ModelAdvance", "ph":"E", "ts":"1484558831", "pid":"1", "tid":"cice"},
{"name":"ModelAdvance", "ph":"B", "ts":"1484694431", "pid":"1", "tid":"cice"},
{"name":"ModelAdvance", "ph":"E", "ts":"1485166502", "pid":"1", "tid":"cice"},
{"name":"ModelAdvance", "ph":"B", "ts":"1485292314", "pid":"1", "tid":"cice"},
{"name":"ModelAdvance", "ph":"E", "ts":"1485756717", "pid":"1", "tid":"cice"},
{"name":"ModelAdvance", "ph":"B", "ts":"1485890328", "pid":"1", "tid":"cice"},
{"name":"ModelAdvance", "ph":"E", "ts":"1486370217", "pid":"1", "tid":"cice"},
{"name":"ModelAdvance", "ph":"B", "ts":"1486488544", "pid":"1", "tid":"cice"},
{"name":"ModelAdvance", "ph":"E", "ts":"1486950960", "pid":"1", "tid":"cice"},
{"name":"ModelAdvance", "ph":"B", "ts":"1487085307", "pid":"1", "tid":"cice"},
{"name":"ModelAdvance", "ph":"E", "ts":"1487556689", "pid":"1", "tid":"cice"},
{"name":"ModelAdvance", "ph":"B", "ts":"1488006334", "pid":"1", "tid":"cice"},
{"name":"ModelAdvance", "ph":"E", "ts":"1488483567", "pid":"1", "tid":"cice"},
{"name":"ModelAdvance", "ph":"B", "ts":"1488609373", "pid":"1", "tid":"cice"},
{"name":"ModelAdvance", "ph":"E", "ts":"1489084668", "pid":"1", "tid":"cice"},
{"name":"ModelAdvance", "ph":"B", "ts":"1489211963", "pid":"1", "tid":"cice"},
{"name":"ModelAdvance", "ph":"E", "ts":"1489684169", "pid":"1", "tid":"cice"},
{"name":"ModelAdvance", "ph":"B", "ts":"1489829288", "pid":"1", "tid":"cice"},
{"name":"ModelAdvance", "ph":"E", "ts":"1490298121", "pid":"1", "tid":"cice"},
{"name":"ModelAdvance", "ph":"B", "ts":"1490426567", "pid":"1", "tid":"cice"},
{"name":"ModelAdvance", "ph":"E", "ts":"1490898215", "pid":"1", "tid":"cice"},
{"name":"ModelAdvance", "ph":"B", "ts":"1491032018", "pid":"1", "tid":"cice"},
{"name":"ModelAdvance", "ph":"E", "ts":"1491509121", "pid":"1", "tid":"cice"},
{"name":"ModelAdvance", "ph":"B", "ts":"1491631196", "pid":"1", "tid":"cice"},
{"name":"ModelAdvance", "ph":"E", "ts":"1492105688", "pid":"1", "tid":"cice"},
{"name":"ModelAdvance", "ph":"B", "ts":"1492228480", "pid":"1", "tid":"cice"},
{"name":"ModelAdvance", "ph":"E", "ts":"1492703467", "pid":"1", "tid":"cice"},
{"name":"ModelAdvance", "ph":"B", "ts":"1492822595", "pid":"1", "tid":"cice"},
{"name":"ModelAdvance", "ph":"E", "ts":"1493292584", "pid":"1", "tid":"cice"},
{"name":"ModelAdvance", "ph":"B", "ts":"1493419465", "pid":"1", "tid":"cice"},
{"name":"ModelAdvance", "ph":"E", "ts":"1493884917", "pid":"1", "tid":"cice"},
{"name":"ModelAdvance", "ph":"B", "ts":"1494015725", "pid":"1", "tid":"cice"},
{"name":"ModelAdvance", "ph":"E", "ts":"1494496606", "pid":"1", "tid":"cice"},
{"name":"ModelAdvance", "ph":"B", "ts":"1494615567", "pid":"1", "tid":"cice"},
{"name":"ModelAdvance", "ph":"E", "ts":"1495092097", "pid":"1", "tid":"cice"},
{"name":"ModelAdvance", "ph":"B", "ts":"1495211143", "pid":"1", "tid":"cice"},
{"name":"ModelAdvance", "ph":"E", "ts":"1495681826", "pid":"1", "tid":"cice"},
{"name":"ModelAdvance", "ph":"B", "ts":"1495817917", "pid":"1", "tid":"cice"},
{"name":"ModelAdvance", "ph":"E", "ts":"1496288209", "pid":"1", "tid":"cice"},
{"name":"ModelAdvance", "ph":"B", "ts":"1496418734", "pid":"1", "tid":"cice"},
{"name":"ModelAdvance", "ph":"E", "ts":"1496891596", "pid":"1", "tid":"cice"},
{"name":"ModelAdvance", "ph":"B", "ts":"1497038544", "pid":"1", "tid":"cice"},
{"name":"ModelAdvance", "ph":"E", "ts":"1497512837", "pid":"1", "tid":"cice"},
{"name":"ModelAdvance", "ph":"B", "ts":"1498297638", "pid":"1", "tid":"cice"},
{"name":"ModelAdvance", "ph":"E", "ts":"1498779074", "pid":"1", "tid":"cice"},
{"name":"ModelAdvance", "ph":"B", "ts":"1498946575", "pid":"1", "tid":"cice"},
{"name":"ModelAdvance", "ph":"E", "ts":"1499420331", "pid":"1", "tid":"cice"},
{"name":"ModelAdvance", "ph":"B", "ts":"1499544279", "pid":"1", "tid":"cice"},
{"name":"ModelAdvance", "ph":"E", "ts":"1500010580", "pid":"1", "tid":"cice"},
{"name":"ModelAdvance", "ph":"B", "ts":"1500145135", "pid":"1", "tid":"cice"},
{"name":"ModelAdvance", "ph":"E", "ts":"1500613275", "pid":"1", "tid":"cice"},
{"name":"ModelAdvance", "ph":"B", "ts":"1500740800", "pid":"1", "tid":"cice"},
{"name":"ModelAdvance", "ph":"E", "ts":"1501209295", "pid":"1", "tid":"cice"},
{"name":"ModelAdvance", "ph":"B", "ts":"1501336790", "pid":"1", "tid":"cice"},
{"name":"ModelAdvance", "ph":"E", "ts":"1501810930", "pid":"1", "tid":"cice"},
{"name":"ModelAdvance", "ph":"B", "ts":"1501950745", "pid":"1", "tid":"cice"},
{"name":"ModelAdvance", "ph":"E", "ts":"1502424647", "pid":"1", "tid":"cice"},
{"name":"ModelAdvance", "ph":"B", "ts":"1502547958", "pid":"1", "tid":"cice"},
{"name":"ModelAdvance", "ph":"E", "ts":"1503024459", "pid":"1", "tid":"cice"},
{"name":"ModelAdvance", "ph":"B", "ts":"1503144732", "pid":"1", "tid":"cice"},
{"name":"ModelAdvance", "ph":"E", "ts":"1503612872", "pid":"1", "tid":"cice"},
{"name":"ModelAdvance", "ph":"B", "ts":"1503740345", "pid":"1", "tid":"cice"},
{"name":"ModelAdvance", "ph":"E", "ts":"1504214933", "pid":"1", "tid":"cice"},
{"name":"ModelAdvance", "ph":"B", "ts":"1504333534", "pid":"1", "tid":"cice"},
{"name":"ModelAdvance", "ph":"E", "ts":"1504797045", "pid":"1", "tid":"cice"},
{"name":"ModelAdvance", "ph":"B", "ts":"1504944525", "pid":"1", "tid":"cice"},
{"name":"ModelAdvance", "ph":"E", "ts":"1505415989", "pid":"1", "tid":"cice"},
{"name":"ModelAdvance", "ph":"B", "ts":"1505551143", "pid":"1", "tid":"cice"},
{"name":"ModelAdvance", "ph":"E", "ts":"1506028606", "pid":"1", "tid":"cice"},
{"name":"ModelAdvance", "ph":"B", "ts":"1506146904", "pid":"1", "tid":"cice"},
{"name":"ModelAdvance", "ph":"E", "ts":"1506609828", "pid":"1", "tid":"cice"},
{"name":"ModelAdvance", "ph":"B", "ts":"1506753987", "pid":"1", "tid":"cice"},
{"name":"ModelAdvance", "ph":"E", "ts":"1507220136", "pid":"1", "tid":"cice"},
{"name":"ModelAdvance", "ph":"B", "ts":"1507349106", "pid":"1", "tid":"cice"},
{"name":"ModelAdvance", "ph":"E", "ts":"1507816822", "pid":"1", "tid":"cice"},
{"name":"ModelAdvance", "ph":"B", "ts":"1507946655", "pid":"1", "tid":"cice"},
{"name":"ModelAdvance", "ph":"E", "ts":"1508438945", "pid":"1", "tid":"cice"},
{"name":"ModelAdvance", "ph":"B", "ts":"1508574208", "pid":"1", "tid":"cice"},
{"name":"ModelAdvance", "ph":"E", "ts":"1509036611", "pid":"1", "tid":"cice"},
{"name":"ModelAdvance", "ph":"B", "ts":"1509169092", "pid":"1", "tid":"cice"},
{"name":"ModelAdvance", "ph":"E", "ts":"1509644012", "pid":"1", "tid":"cice"},
{"name":"ModelAdvance", "ph":"B", "ts":"1509763540", "pid":"1", "tid":"cice"},
{"name":"ModelAdvance", "ph":"E", "ts":"1510223363", "pid":"1", "tid":"cice"},
{"name":"ModelAdvance", "ph":"B", "ts":"1510356722", "pid":"1", "tid":"cice"},
{"name":"ModelAdvance", "ph":"E", "ts":"1510830651", "pid":"1", "tid":"cice"},
{"name":"ModelAdvance", "ph":"B", "ts":"1510954869", "pid":"1", "tid":"cice"},
{"name":"ModelAdvance", "ph":"E", "ts":"1511426880", "pid":"1", "tid":"cice"},
{"name":"ModelAdvance", "ph":"B", "ts":"1511555724", "pid":"1", "tid":"cice"},
{"name":"ModelAdvance", "ph":"E", "ts":"1512030160", "pid":"1", "tid":"cice"},
{"name":"ModelAdvance", "ph":"B", "ts":"1512195917", "pid":"1", "tid":"cice"},
{"name":"ModelAdvance", "ph":"E", "ts":"1512663537", "pid":"1", "tid":"cice"},
{"name":"ModelAdvance", "ph":"B", "ts":"1513448261", "pid":"1", "tid":"cice"},
{"name":"ModelAdvance", "ph":"E", "ts":"1513921218", "pid":"1", "tid":"cice"},
{"name":"ModelAdvance", "ph":"B", "ts":"1514044599", "pid":"1", "tid":"cice"},
{"name":"ModelAdvance", "ph":"E", "ts":"1514515129", "pid":"1", "tid":"cice"},
{"name":"ModelAdvance", "ph":"B", "ts":"1514639438", "pid":"1", "tid":"cice"},
{"name":"ModelAdvance", "ph":"E", "ts":"1515105611", "pid":"1", "tid":"cice"},
{"name":"ModelAdvance", "ph":"B", "ts":"1515235792", "pid":"1", "tid":"cice"},
{"name":"ModelAdvance", "ph":"E", "ts":"1515707883", "pid":"1", "tid":"cice"},
{"name":"ModelAdvance", "ph":"B", "ts":"1515833315", "pid":"1", "tid":"cice"},
{"name":"ModelAdvance", "ph":"E", "ts":"1516310944", "pid":"1", "tid":"cice"},
{"name":"ModelAdvance", "ph":"B", "ts":"1516434220", "pid":"1", "tid":"cice"},
{"name":"ModelAdvance", "ph":"E", "ts":"1516905202", "pid":"1", "tid":"cice"},
{"name":"ModelAdvance", "ph":"B", "ts":"1517030408", "pid":"1", "tid":"cice"},
{"name":"ModelAdvance", "ph":"E", "ts":"1517505685", "pid":"1", "tid":"cice"},
{"name":"ModelAdvance", "ph":"B", "ts":"1517626580", "pid":"1", "tid":"cice"},
{"name":"ModelAdvance", "ph":"E", "ts":"1518086730", "pid":"1", "tid":"cice"},
{"name":"ModelAdvance", "ph":"B", "ts":"1518221386", "pid":"1", "tid":"cice"},
{"name":"ModelAdvance", "ph":"E", "ts":"1518703375", "pid":"1", "tid":"cice"},
{"name":"ModelAdvance", "ph":"B", "ts":"1518821582", "pid":"1", "tid":"cice"},
{"name":"ModelAdvance", "ph":"E", "ts":"1519303126", "pid":"1", "tid":"cice"},
{"name":"ModelAdvance", "ph":"B", "ts":"1519420521", "pid":"1", "tid":"cice"},
{"name":"ModelAdvance", "ph":"E", "ts":"1519899404", "pid":"1", "tid":"cice"},
{"name":"ModelAdvance", "ph":"B", "ts":"1520032169", "pid":"1", "tid":"cice"},
{"name":"ModelAdvance", "ph":"E", "ts":"1520505110", "pid":"1", "tid":"cice"},
{"name":"ModelAdvance", "ph":"B", "ts":"1520631343", "pid":"1", "tid":"cice"},
{"name":"ModelAdvance", "ph":"E", "ts":"1521106428", "pid":"1", "tid":"cice"},
{"name":"ModelAdvance", "ph":"B", "ts":"1521225071", "pid":"1", "tid":"cice"},
{"name":"ModelAdvance", "ph":"E", "ts":"1521692466", "pid":"1", "tid":"cice"},
{"name":"ModelAdvance", "ph":"B", "ts":"1521822819", "pid":"1", "tid":"cice"},
{"name":"ModelAdvance", "ph":"E", "ts":"1522297822", "pid":"1", "tid":"cice"},
{"name":"ModelAdvance", "ph":"B", "ts":"1522421852", "pid":"1", "tid":"cice"},
{"name":"ModelAdvance", "ph":"E", "ts":"1522897289", "pid":"1", "tid":"cice"},
{"name":"ModelAdvance", "ph":"B", "ts":"1523029736", "pid":"1", "tid":"cice"},
{"name":"ModelAdvance", "ph":"E", "ts":"1523501740", "pid":"1", "tid":"cice"},
{"name":"ModelAdvance", "ph":"B", "ts":"1523637807", "pid":"1", "tid":"cice"},
{"name":"ModelAdvance", "ph":"E", "ts":"1524118060", "pid":"1", "tid":"cice"},
{"name":"ModelAdvance", "ph":"B", "ts":"1524234200", "pid":"1", "tid":"cice"},
{"name":"ModelAdvance", "ph":"E", "ts":"1524710436", "pid":"1", "tid":"cice"},
{"name":"ModelAdvance", "ph":"B", "ts":"1524833006", "pid":"1", "tid":"cice"},
{"name":"ModelAdvance", "ph":"E", "ts":"1525296850", "pid":"1", "tid":"cice"},
{"name":"ModelAdvance", "ph":"B", "ts":"1525427173", "pid":"1", "tid":"cice"},
{"name":"ModelAdvance", "ph":"E", "ts":"1525897982", "pid":"1", "tid":"cice"},
{"name":"ModelAdvance", "ph":"B", "ts":"1526022625", "pid":"1", "tid":"cice"},
{"name":"ModelAdvance", "ph":"E", "ts":"1526495494", "pid":"1", "tid":"cice"},
{"name":"ModelAdvance", "ph":"B", "ts":"1526619318", "pid":"1", "tid":"cice"},
{"name":"ModelAdvance", "ph":"E", "ts":"1527096342", "pid":"1", "tid":"cice"},
{"name":"ModelAdvance", "ph":"B", "ts":"1527279524", "pid":"1", "tid":"cice"},
{"name":"ModelAdvance", "ph":"E", "ts":"1527789318", "pid":"1", "tid":"cice"},
{"name":"ModelAdvance", "ph":"B", "ts":"1528599011", "pid":"1", "tid":"cice"},
{"name":"ModelAdvance", "ph":"E", "ts":"1529075265", "pid":"1", "tid":"cice"},
{"name":"ModelAdvance", "ph":"B", "ts":"1529191852", "pid":"1", "tid":"cice"},
{"name":"ModelAdvance", "ph":"E", "ts":"1529665959", "pid":"1", "tid":"cice"},
{"name":"ModelAdvance", "ph":"B", "ts":"1529787317", "pid":"1", "tid":"cice"},
{"name":"ModelAdvance", "ph":"E", "ts":"1530265399", "pid":"1", "tid":"cice"},
{"name":"ModelAdvance", "ph":"B", "ts":"1530382731", "pid":"1", "tid":"cice"},
{"name":"ModelAdvance", "ph":"E", "ts":"1530859584", "pid":"1", "tid":"cice"},
{"name":"ModelAdvance", "ph":"B", "ts":"1530977879", "pid":"1", "tid":"cice"},
{"name":"ModelAdvance", "ph":"E", "ts":"1531451424", "pid":"1", "tid":"cice"},
{"name":"ModelAdvance", "ph":"B", "ts":"1531570692", "pid":"1", "tid":"cice"},
{"name":"ModelAdvance", "ph":"E", "ts":"1532038594", "pid":"1", "tid":"cice"},
{"name":"ModelAdvance", "ph":"B", "ts":"1532167835", "pid":"1", "tid":"cice"},
{"name":"ModelAdvance", "ph":"E", "ts":"1532632461", "pid":"1", "tid":"cice"},
{"name":"ModelAdvance", "ph":"B", "ts":"1532770062", "pid":"1", "tid":"cice"},
{"name":"ModelAdvance", "ph":"E", "ts":"1533237767", "pid":"1", "tid":"cice"},
{"name":"ModelAdvance", "ph":"B", "ts":"1533376598", "pid":"1", "tid":"cice"},
{"name":"ModelAdvance", "ph":"E", "ts":"1533849892", "pid":"1", "tid":"cice"},
{"name":"ModelAdvance", "ph":"B", "ts":"1533969221", "pid":"1", "tid":"cice"},
{"name":"ModelAdvance", "ph":"E", "ts":"1534445436", "pid":"1", "tid":"cice"},
{"name":"ModelAdvance", "ph":"B", "ts":"1534564653", "pid":"1", "tid":"cice"},
{"name":"ModelAdvance", "ph":"E", "ts":"1535037665", "pid":"1", "tid":"cice"},
{"name":"ModelAdvance", "ph":"B", "ts":"1535180227", "pid":"1", "tid":"cice"},
{"name":"ModelAdvance", "ph":"E", "ts":"1535651381", "pid":"1", "tid":"cice"},
{"name":"ModelAdvance", "ph":"B", "ts":"1535773556", "pid":"1", "tid":"cice"},
{"name":"ModelAdvance", "ph":"E", "ts":"1536241725", "pid":"1", "tid":"cice"},
{"name":"ModelAdvance", "ph":"B", "ts":"1536369246", "pid":"1", "tid":"cice"},
{"name":"ModelAdvance", "ph":"E", "ts":"1536834950", "pid":"1", "tid":"cice"},
{"name":"ModelAdvance", "ph":"B", "ts":"1536966535", "pid":"1", "tid":"cice"},
{"name":"ModelAdvance", "ph":"E", "ts":"1537446660", "pid":"1", "tid":"cice"},
{"name":"ModelAdvance", "ph":"B", "ts":"1537567029", "pid":"1", "tid":"cice"},
{"name":"ModelAdvance", "ph":"E", "ts":"1538033288", "pid":"1", "tid":"cice"},
{"name":"ModelAdvance", "ph":"B", "ts":"1538161219", "pid":"1", "tid":"cice"},
{"name":"ModelAdvance", "ph":"E", "ts":"1538630508", "pid":"1", "tid":"cice"},
{"name":"ModelAdvance", "ph":"B", "ts":"1538775450", "pid":"1", "tid":"cice"},
{"name":"ModelAdvance", "ph":"E", "ts":"1539247438", "pid":"1", "tid":"cice"},
{"name":"ModelAdvance", "ph":"B", "ts":"1539373102", "pid":"1", "tid":"cice"},
{"name":"ModelAdvance", "ph":"E", "ts":"1539843001", "pid":"1", "tid":"cice"},
{"name":"ModelAdvance", "ph":"B", "ts":"1539971124", "pid":"1", "tid":"cice"},
{"name":"ModelAdvance", "ph":"E", "ts":"1540431609", "pid":"1", "tid":"cice"},
{"name":"ModelAdvance", "ph":"B", "ts":"1540567313", "pid":"1", "tid":"cice"},
{"name":"ModelAdvance", "ph":"E", "ts":"1541051956", "pid":"1", "tid":"cice"},
{"name":"ModelAdvance", "ph":"B", "ts":"1541176860", "pid":"1", "tid":"cice"},
{"name":"ModelAdvance", "ph":"E", "ts":"1541650950", "pid":"1", "tid":"cice"},
{"name":"ModelAdvance", "ph":"B", "ts":"1541770155", "pid":"1", "tid":"cice"},
{"name":"ModelAdvance", "ph":"E", "ts":"1542239567", "pid":"1", "tid":"cice"},
{"name":"ModelAdvance", "ph":"B", "ts":"1542379717", "pid":"1", "tid":"cice"},
{"name":"ModelAdvance", "ph":"E", "ts":"1542844929", "pid":"1", "tid":"cice"},
{"name":"ModelAdvance", "ph":"B", "ts":"1543687512", "pid":"1", "tid":"cice"},
{"name":"ModelAdvance", "ph":"E", "ts":"1544162305", "pid":"1", "tid":"cice"},
{"name":"ModelAdvance", "ph":"B", "ts":"1544291409", "pid":"1", "tid":"cice"},
{"name":"ModelAdvance", "ph":"E", "ts":"1544766238", "pid":"1", "tid":"cice"},
{"name":"ModelAdvance", "ph":"B", "ts":"1544885681", "pid":"1", "tid":"cice"},
{"name":"ModelAdvance", "ph":"E", "ts":"1545355893", "pid":"1", "tid":"cice"},
{"name":"ModelAdvance", "ph":"B", "ts":"1545482283", "pid":"1", "tid":"cice"},
{"name":"ModelAdvance", "ph":"E", "ts":"1545954783", "pid":"1", "tid":"cice"},
{"name":"ModelAdvance", "ph":"B", "ts":"1546132945", "pid":"1", "tid":"cice"},
{"name":"ModelAdvance", "ph":"E", "ts":"1546606129", "pid":"1", "tid":"cice"},
{"name":"ModelAdvance", "ph":"B", "ts":"1546731413", "pid":"1", "tid":"cice"},
{"name":"ModelAdvance", "ph":"E", "ts":"1547194273", "pid":"1", "tid":"cice"},
{"name":"ModelAdvance", "ph":"B", "ts":"1547331979", "pid":"1", "tid":"cice"},
{"name":"ModelAdvance", "ph":"E", "ts":"1547798137", "pid":"1", "tid":"cice"},
{"name":"ModelAdvance", "ph":"B", "ts":"1547925644", "pid":"1", "tid":"cice"},
{"name":"ModelAdvance", "ph":"E", "ts":"1548392060", "pid":"1", "tid":"cice"},
{"name":"ModelAdvance", "ph":"B", "ts":"1548530194", "pid":"1", "tid":"cice"},
{"name":"ModelAdvance", "ph":"E", "ts":"1549000567", "pid":"1", "tid":"cice"},
{"name":"ModelAdvance", "ph":"B", "ts":"1549125762", "pid":"1", "tid":"cice"},
{"name":"ModelAdvance", "ph":"E", "ts":"1549587411", "pid":"1", "tid":"cice"},
{"name":"ModelAdvance", "ph":"B", "ts":"1549724647", "pid":"1", "tid":"cice"},
{"name":"ModelAdvance", "ph":"E", "ts":"1550196591", "pid":"1", "tid":"cice"},
{"name":"ModelAdvance", "ph":"B", "ts":"1550336086", "pid":"1", "tid":"cice"},
{"name":"ModelAdvance", "ph":"E", "ts":"1550806904", "pid":"1", "tid":"cice"},
{"name":"ModelAdvance", "ph":"B", "ts":"1550937095", "pid":"1", "tid":"cice"},
{"name":"ModelAdvance", "ph":"E", "ts":"1551406456", "pid":"1", "tid":"cice"},
{"name":"ModelAdvance", "ph":"B", "ts":"1551532398", "pid":"1", "tid":"cice"},
{"name":"ModelAdvance", "ph":"E", "ts":"1551993592", "pid":"1", "tid":"cice"},
{"name":"ModelAdvance", "ph":"B", "ts":"1552127308", "pid":"1", "tid":"cice"},
{"name":"ModelAdvance", "ph":"E", "ts":"1552594945", "pid":"1", "tid":"cice"},
{"name":"ModelAdvance", "ph":"B", "ts":"1552720015", "pid":"1", "tid":"cice"},
{"name":"ModelAdvance", "ph":"E", "ts":"1553181570", "pid":"1", "tid":"cice"},
{"name":"ModelAdvance", "ph":"B", "ts":"1553324092", "pid":"1", "tid":"cice"},
{"name":"ModelAdvance", "ph":"E", "ts":"1553779074", "pid":"1", "tid":"cice"},
{"name":"ModelAdvance", "ph":"B", "ts":"1553916635", "pid":"1", "tid":"cice"},
{"name":"ModelAdvance", "ph":"E", "ts":"1554383076", "pid":"1", "tid":"cice"},
{"name":"ModelAdvance", "ph":"B", "ts":"1554510075", "pid":"1", "tid":"cice"},
{"name":"ModelAdvance", "ph":"E", "ts":"1554975353", "pid":"1", "tid":"cice"},
{"name":"ModelAdvance", "ph":"B", "ts":"1555105207", "pid":"1", "tid":"cice"},
{"name":"ModelAdvance", "ph":"E", "ts":"1555566740", "pid":"1", "tid":"cice"},
{"name":"ModelAdvance", "ph":"B", "ts":"1555704334", "pid":"1", "tid":"cice"},
{"name":"ModelAdvance", "ph":"E", "ts":"1556169023", "pid":"1", "tid":"cice"},
{"name":"ModelAdvance", "ph":"B", "ts":"1556302287", "pid":"1", "tid":"cice"},
{"name":"ModelAdvance", "ph":"E", "ts":"1556762983", "pid":"1", "tid":"cice"},
{"name":"ModelAdvance", "ph":"B", "ts":"1556896258", "pid":"1", "tid":"cice"},
{"name":"ModelAdvance", "ph":"E", "ts":"1557359937", "pid":"1", "tid":"cice"},
{"name":"ModelAdvance", "ph":"B", "ts":"1557505054", "pid":"1", "tid":"cice"},
{"name":"ModelAdvance", "ph":"E", "ts":"1557969184", "pid":"1", "tid":"cice"},
{"name":"ModelAdvance", "ph":"B", "ts":"1558775147", "pid":"1", "tid":"cice"},
{"name":"ModelAdvance", "ph":"E", "ts":"1559241351", "pid":"1", "tid":"cice"},
{"name":"ModelAdvance", "ph":"B", "ts":"1559370711", "pid":"1", "tid":"cice"},
{"name":"ModelAdvance", "ph":"E", "ts":"1559833962", "pid":"1", "tid":"cice"},
{"name":"ModelAdvance", "ph":"B", "ts":"1559970446", "pid":"1", "tid":"cice"},
{"name":"ModelAdvance", "ph":"E", "ts":"1560429807", "pid":"1", "tid":"cice"},
{"name":"ModelAdvance", "ph":"B", "ts":"1560565385", "pid":"1", "tid":"cice"},
{"name":"ModelAdvance", "ph":"E", "ts":"1561030793", "pid":"1", "tid":"cice"},
{"name":"ModelAdvance", "ph":"B", "ts":"1561160936", "pid":"1", "tid":"cice"},
{"name":"ModelAdvance", "ph":"E", "ts":"1561623210", "pid":"1", "tid":"cice"},
{"name":"ModelAdvance", "ph":"B", "ts":"1561758808", "pid":"1", "tid":"cice"},
{"name":"ModelAdvance", "ph":"E", "ts":"1562218321", "pid":"1", "tid":"cice"},
{"name":"ModelAdvance", "ph":"B", "ts":"1562357523", "pid":"1", "tid":"cice"},
{"name":"ModelAdvance", "ph":"E", "ts":"1562820140", "pid":"1", "tid":"cice"},
{"name":"ModelAdvance", "ph":"B", "ts":"1562947924", "pid":"1", "tid":"cice"},
{"name":"ModelAdvance", "ph":"E", "ts":"1563417899", "pid":"1", "tid":"cice"},
{"name":"ModelAdvance", "ph":"B", "ts":"1563543681", "pid":"1", "tid":"cice"},
{"name":"ModelAdvance", "ph":"E", "ts":"1564007092", "pid":"1", "tid":"cice"},
{"name":"ModelAdvance", "ph":"B", "ts":"1564135457", "pid":"1", "tid":"cice"},
{"name":"ModelAdvance", "ph":"E", "ts":"1564600415", "pid":"1", "tid":"cice"},
{"name":"ModelAdvance", "ph":"B", "ts":"1564727160", "pid":"1", "tid":"cice"},
{"name":"ModelAdvance", "ph":"E", "ts":"1565190626", "pid":"1", "tid":"cice"},
{"name":"ModelAdvance", "ph":"B", "ts":"1565338854", "pid":"1", "tid":"cice"},
{"name":"ModelAdvance", "ph":"E", "ts":"1565803490", "pid":"1", "tid":"cice"},
{"name":"ModelAdvance", "ph":"B", "ts":"1565930682", "pid":"1", "tid":"cice"},
{"name":"ModelAdvance", "ph":"E", "ts":"1566396574", "pid":"1", "tid":"cice"},
{"name":"ModelAdvance", "ph":"B", "ts":"1566524689", "pid":"1", "tid":"cice"},
{"name":"ModelAdvance", "ph":"E", "ts":"1566990507", "pid":"1", "tid":"cice"},
{"name":"ModelAdvance", "ph":"B", "ts":"1567117960", "pid":"1", "tid":"cice"},
{"name":"ModelAdvance", "ph":"E", "ts":"1567582363", "pid":"1", "tid":"cice"},
{"name":"ModelAdvance", "ph":"B", "ts":"1567712370", "pid":"1", "tid":"cice"},
{"name":"ModelAdvance", "ph":"E", "ts":"1568175346", "pid":"1", "tid":"cice"},
{"name":"ModelAdvance", "ph":"B", "ts":"1568305350", "pid":"1", "tid":"cice"},
{"name":"ModelAdvance", "ph":"E", "ts":"1568772632", "pid":"1", "tid":"cice"},
{"name":"ModelAdvance", "ph":"B", "ts":"1568896727", "pid":"1", "tid":"cice"},
{"name":"ModelAdvance", "ph":"E", "ts":"1569355814", "pid":"1", "tid":"cice"},
{"name":"ModelAdvance", "ph":"B", "ts":"1569492489", "pid":"1", "tid":"cice"},
{"name":"ModelAdvance", "ph":"E", "ts":"1569957020", "pid":"1", "tid":"cice"},
{"name":"ModelAdvance", "ph":"B", "ts":"1570084953", "pid":"1", "tid":"cice"},
{"name":"ModelAdvance", "ph":"E", "ts":"1570548037", "pid":"1", "tid":"cice"},
{"name":"ModelAdvance", "ph":"B", "ts":"1570680988", "pid":"1", "tid":"cice"},
{"name":"ModelAdvance", "ph":"E", "ts":"1571145824", "pid":"1", "tid":"cice"},
{"name":"ModelAdvance", "ph":"B", "ts":"1571275121", "pid":"1", "tid":"cice"},
{"name":"ModelAdvance", "ph":"E", "ts":"1571739271", "pid":"1", "tid":"cice"},
{"name":"ModelAdvance", "ph":"B", "ts":"1571868657", "pid":"1", "tid":"cice"},
{"name":"ModelAdvance", "ph":"E", "ts":"1572442179", "pid":"1", "tid":"cice"},
{"name":"ModelAdvance", "ph":"B", "ts":"1572492716", "pid":"1", "tid":"cice"},
{"name":"ModelAdvance", "ph":"E", "ts":"1572959186", "pid":"1", "tid":"cice"},
{"name":"ModelAdvance", "ph":"B", "ts":"1573779193", "pid":"1", "tid":"cice"},
{"name":"ModelAdvance", "ph":"E", "ts":"1574244265", "pid":"1", "tid":"cice"},
{"name":"ModelAdvance", "ph":"B", "ts":"1574376582", "pid":"1", "tid":"cice"},
{"name":"ModelAdvance", "ph":"E", "ts":"1574843705", "pid":"1", "tid":"cice"},
{"name":"ModelAdvance", "ph":"B", "ts":"1574969420", "pid":"1", "tid":"cice"},
{"name":"ModelAdvance", "ph":"E", "ts":"1575434642", "pid":"1", "tid":"cice"},
{"name":"ModelAdvance", "ph":"B", "ts":"1575568152", "pid":"1", "tid":"cice"},
{"name":"ModelAdvance", "ph":"E", "ts":"1576034620", "pid":"1", "tid":"cice"},
{"name":"ModelAdvance", "ph":"B", "ts":"1576161045", "pid":"1", "tid":"cice"},
{"name":"ModelAdvance", "ph":"E", "ts":"1576622186", "pid":"1", "tid":"cice"},
{"name":"ModelAdvance", "ph":"B", "ts":"1576757386", "pid":"1", "tid":"cice"},
{"name":"ModelAdvance", "ph":"E", "ts":"1577231861", "pid":"1", "tid":"cice"},
{"name":"ModelAdvance", "ph":"B", "ts":"1577354699", "pid":"1", "tid":"cice"},
{"name":"ModelAdvance", "ph":"E", "ts":"1577817616", "pid":"1", "tid":"cice"},
{"name":"ModelAdvance", "ph":"B", "ts":"1577947063", "pid":"1", "tid":"cice"},
{"name":"ModelAdvance", "ph":"E", "ts":"1578413712", "pid":"1", "tid":"cice"},
{"name":"ModelAdvance", "ph":"B", "ts":"1578542215", "pid":"1", "tid":"cice"},
{"name":"ModelAdvance", "ph":"E", "ts":"1579010011", "pid":"1", "tid":"cice"},
{"name":"ModelAdvance", "ph":"B", "ts":"1579134929", "pid":"1", "tid":"cice"},
{"name":"ModelAdvance", "ph":"E", "ts":"1579597761", "pid":"1", "tid":"cice"},
{"name":"ModelAdvance", "ph":"B", "ts":"1579734013", "pid":"1", "tid":"cice"},
{"name":"ModelAdvance", "ph":"E", "ts":"1580197646", "pid":"1", "tid":"cice"},
{"name":"ModelAdvance", "ph":"B", "ts":"1580341273", "pid":"1", "tid":"cice"},
{"name":"ModelAdvance", "ph":"E", "ts":"1580807573", "pid":"1", "tid":"cice"},
{"name":"ModelAdvance", "ph":"B", "ts":"1580941900", "pid":"1", "tid":"cice"},
{"name":"ModelAdvance", "ph":"E", "ts":"1581409120", "pid":"1", "tid":"cice"},
{"name":"ModelAdvance", "ph":"B", "ts":"1581537305", "pid":"1", "tid":"cice"},
{"name":"ModelAdvance", "ph":"E", "ts":"1582009573", "pid":"1", "tid":"cice"},
{"name":"ModelAdvance", "ph":"B", "ts":"1582136486", "pid":"1", "tid":"cice"},
{"name":"ModelAdvance", "ph":"E", "ts":"1582605357", "pid":"1", "tid":"cice"},
{"name":"ModelAdvance", "ph":"B", "ts":"1582738709", "pid":"1", "tid":"cice"},
{"name":"ModelAdvance", "ph":"E", "ts":"1583204343", "pid":"1", "tid":"cice"},
{"name":"ModelAdvance", "ph":"B", "ts":"1583333326", "pid":"1", "tid":"cice"},
{"name":"ModelAdvance", "ph":"E", "ts":"1583800369", "pid":"1", "tid":"cice"},
{"name":"ModelAdvance", "ph":"B", "ts":"1583924748", "pid":"1", "tid":"cice"},
{"name":"ModelAdvance", "ph":"E", "ts":"1584397500", "pid":"1", "tid":"cice"},
{"name":"ModelAdvance", "ph":"B", "ts":"1584569302", "pid":"1", "tid":"cice"},
{"name":"ModelAdvance", "ph":"E", "ts":"1585037835", "pid":"1", "tid":"cice"},
{"name":"ModelAdvance", "ph":"B", "ts":"1585164258", "pid":"1", "tid":"cice"},
{"name":"ModelAdvance", "ph":"E", "ts":"1585630866", "pid":"1", "tid":"cice"},
{"name":"ModelAdvance", "ph":"B", "ts":"1585753697", "pid":"1", "tid":"cice"},
{"name":"ModelAdvance", "ph":"E", "ts":"1586228348", "pid":"1", "tid":"cice"},
{"name":"ModelAdvance", "ph":"B", "ts":"1586358664", "pid":"1", "tid":"cice"},
{"name":"ModelAdvance", "ph":"E", "ts":"1586827294", "pid":"1", "tid":"cice"},
{"name":"ModelAdvance", "ph":"B", "ts":"1586949621", "pid":"1", "tid":"cice"},
{"name":"ModelAdvance", "ph":"E", "ts":"1587421497", "pid":"1", "tid":"cice"},
{"name":"ModelAdvance", "ph":"B", "ts":"1587560717", "pid":"1", "tid":"cice"},
{"name":"ModelAdvance", "ph":"E", "ts":"1588031709", "pid":"1", "tid":"cice"},
{"name":"ModelAdvance", "ph":"B", "ts":"1588830625", "pid":"1", "tid":"cice"},
{"name":"ModelAdvance", "ph":"E", "ts":"1589296293", "pid":"1", "tid":"cice"},
{"name":"ModelAdvance", "ph":"B", "ts":"1589422491", "pid":"1", "tid":"cice"},
{"name":"ModelAdvance", "ph":"E", "ts":"1589886537", "pid":"1", "tid":"cice"},
{"name":"ModelAdvance", "ph":"B", "ts":"1590013629", "pid":"1", "tid":"cice"},
{"name":"ModelAdvance", "ph":"E", "ts":"1590468545", "pid":"1", "tid":"cice"},
{"name":"ModelAdvance", "ph":"B", "ts":"1590607104", "pid":"1", "tid":"cice"},
{"name":"ModelAdvance", "ph":"E", "ts":"1591071600", "pid":"1", "tid":"cice"},
{"name":"ModelAdvance", "ph":"B", "ts":"1591197464", "pid":"1", "tid":"cice"},
{"name":"ModelAdvance", "ph":"E", "ts":"1591667264", "pid":"1", "tid":"cice"},
{"name":"ModelAdvance", "ph":"B", "ts":"1591796093", "pid":"1", "tid":"cice"},
{"name":"ModelAdvance", "ph":"E", "ts":"1592271654", "pid":"1", "tid":"cice"},
{"name":"ModelAdvance", "ph":"B", "ts":"1592389257", "pid":"1", "tid":"cice"},
{"name":"ModelAdvance", "ph":"E", "ts":"1592903946", "pid":"1", "tid":"cice"},
{"name":"ModelAdvance", "ph":"B", "ts":"1593037657", "pid":"1", "tid":"cice"},
{"name":"ModelAdvance", "ph":"E", "ts":"1593509133", "pid":"1", "tid":"cice"},
{"name":"ModelAdvance", "ph":"B", "ts":"1593639663", "pid":"1", "tid":"cice"},
{"name":"ModelAdvance", "ph":"E", "ts":"1594104164", "pid":"1", "tid":"cice"},
{"name":"ModelAdvance", "ph":"B", "ts":"1594229487", "pid":"1", "tid":"cice"},
{"name":"ModelAdvance", "ph":"E", "ts":"1594703382", "pid":"1", "tid":"cice"},
{"name":"ModelAdvance", "ph":"B", "ts":"1594833575", "pid":"1", "tid":"cice"},
{"name":"ModelAdvance", "ph":"E", "ts":"1595297563", "pid":"1", "tid":"cice"},
{"name":"ModelAdvance", "ph":"B", "ts":"1595450625", "pid":"1", "tid":"cice"},
{"name":"ModelAdvance", "ph":"E", "ts":"1595915516", "pid":"1", "tid":"cice"},
{"name":"ModelAdvance", "ph":"B", "ts":"1596058244", "pid":"1", "tid":"cice"},
{"name":"ModelAdvance", "ph":"E", "ts":"1596531243", "pid":"1", "tid":"cice"},
{"name":"ModelAdvance", "ph":"B", "ts":"1596670070", "pid":"1", "tid":"cice"},
{"name":"ModelAdvance", "ph":"E", "ts":"1597146578", "pid":"1", "tid":"cice"},
{"name":"ModelAdvance", "ph":"B", "ts":"1597324544", "pid":"1", "tid":"cice"},
{"name":"ModelAdvance", "ph":"E", "ts":"1597800049", "pid":"1", "tid":"cice"},
{"name":"ModelAdvance", "ph":"B", "ts":"1597924277", "pid":"1", "tid":"cice"},
{"name":"ModelAdvance", "ph":"E", "ts":"1598404260", "pid":"1", "tid":"cice"},
{"name":"ModelAdvance", "ph":"B", "ts":"1598523510", "pid":"1", "tid":"cice"},
{"name":"ModelAdvance", "ph":"E", "ts":"1598984973", "pid":"1", "tid":"cice"},
{"name":"ModelAdvance", "ph":"B", "ts":"1599177228", "pid":"1", "tid":"cice"},
{"name":"ModelAdvance", "ph":"E", "ts":"1599637609", "pid":"1", "tid":"cice"},
{"name":"ModelAdvance", "ph":"B", "ts":"1599773318", "pid":"1", "tid":"cice"},
{"name":"ModelAdvance", "ph":"E", "ts":"1600241603", "pid":"1", "tid":"cice"},
{"name":"ModelAdvance", "ph":"B", "ts":"1600374755", "pid":"1", "tid":"cice"},
{"name":"ModelAdvance", "ph":"E", "ts":"1600850859", "pid":"1", "tid":"cice"},
{"name":"ModelAdvance", "ph":"B", "ts":"1600970507", "pid":"1", "tid":"cice"},
{"name":"ModelAdvance", "ph":"E", "ts":"1601435438", "pid":"1", "tid":"cice"},
{"name":"ModelAdvance", "ph":"B", "ts":"1601599238", "pid":"1", "tid":"cice"},
{"name":"ModelAdvance", "ph":"E", "ts":"1602075565", "pid":"1", "tid":"cice"},
{"name":"ModelAdvance", "ph":"B", "ts":"1602203472", "pid":"1", "tid":"cice"},
{"name":"ModelAdvance", "ph":"E", "ts":"1602675043", "pid":"1", "tid":"cice"},
{"name":"ModelAdvance", "ph":"B", "ts":"1602814705", "pid":"1", "tid":"cice"},
{"name":"ModelAdvance", "ph":"E", "ts":"1603284738", "pid":"1", "tid":"cice"},
{"name":"ModelAdvance", "ph":"B", "ts":"1604050920", "pid":"1", "tid":"cice"},
{"name":"ModelAdvance", "ph":"E", "ts":"1604525220", "pid":"1", "tid":"cice"},
{"name":"ModelAdvance", "ph":"B", "ts":"1604698863", "pid":"1", "tid":"cice"},
{"name":"ModelAdvance", "ph":"E", "ts":"1605165551", "pid":"1", "tid":"cice"},
{"name":"ModelAdvance", "ph":"B", "ts":"1605321016", "pid":"1", "tid":"cice"},
{"name":"ModelAdvance", "ph":"E", "ts":"1605786129", "pid":"1", "tid":"cice"},
{"name":"ModelAdvance", "ph":"B", "ts":"1605937366", "pid":"1", "tid":"cice"},
{"name":"ModelAdvance", "ph":"E", "ts":"1606406898", "pid":"1", "tid":"cice"},
{"name":"ModelAdvance", "ph":"B", "ts":"1606551198", "pid":"1", "tid":"cice"},
{"name":"ModelAdvance", "ph":"E", "ts":"1607018467", "pid":"1", "tid":"cice"},
{"name":"ModelAdvance", "ph":"B", "ts":"1607166182", "pid":"1", "tid":"cice"},
{"name":"ModelAdvance", "ph":"E", "ts":"1607639063", "pid":"1", "tid":"cice"},
{"name":"ModelAdvance", "ph":"B", "ts":"1607774107", "pid":"1", "tid":"cice"},
{"name":"ModelAdvance", "ph":"E", "ts":"1608250404", "pid":"1", "tid":"cice"},
{"name":"ModelAdvance", "ph":"B", "ts":"1608378540", "pid":"1", "tid":"cice"},
{"name":"ModelAdvance", "ph":"E", "ts":"1608846556", "pid":"1", "tid":"cice"},
{"name":"ModelAdvance", "ph":"B", "ts":"1608981755", "pid":"1", "tid":"cice"},
{"name":"ModelAdvance", "ph":"E", "ts":"1609452390", "pid":"1", "tid":"cice"},
{"name":"ModelAdvance", "ph":"B", "ts":"1609579505", "pid":"1", "tid":"cice"},
{"name":"ModelAdvance", "ph":"E", "ts":"1610043828", "pid":"1", "tid":"cice"},
{"name":"ModelAdvance", "ph":"B", "ts":"1610212651", "pid":"1", "tid":"cice"},
{"name":"ModelAdvance", "ph":"E", "ts":"1610687182", "pid":"1", "tid":"cice"},
{"name":"ModelAdvance", "ph":"B", "ts":"1610834112", "pid":"1", "tid":"cice"},
{"name":"ModelAdvance", "ph":"E", "ts":"1611309251", "pid":"1", "tid":"cice"},
{"name":"ModelAdvance", "ph":"B", "ts":"1611440070", "pid":"1", "tid":"cice"},
{"name":"ModelAdvance", "ph":"E", "ts":"1611917302", "pid":"1", "tid":"cice"},
{"name":"ModelAdvance", "ph":"B", "ts":"1612060579", "pid":"1", "tid":"cice"},
{"name":"ModelAdvance", "ph":"E", "ts":"1612530358", "pid":"1", "tid":"cice"},
{"name":"ModelAdvance", "ph":"B", "ts":"1612663603", "pid":"1", "tid":"cice"},
{"name":"ModelAdvance", "ph":"E", "ts":"1613127646", "pid":"1", "tid":"cice"},
{"name":"ModelAdvance", "ph":"B", "ts":"1613268853", "pid":"1", "tid":"cice"},
{"name":"ModelAdvance", "ph":"E", "ts":"1613730793", "pid":"1", "tid":"cice"},
{"name":"ModelAdvance", "ph":"B", "ts":"1613873041", "pid":"1", "tid":"cice"},
{"name":"ModelAdvance", "ph":"E", "ts":"1614333111", "pid":"1", "tid":"cice"},
{"name":"ModelAdvance", "ph":"B", "ts":"1614475476", "pid":"1", "tid":"cice"},
{"name":"ModelAdvance", "ph":"E", "ts":"1614952955", "pid":"1", "tid":"cice"},
{"name":"ModelAdvance", "ph":"B", "ts":"1615068081", "pid":"1", "tid":"cice"},
{"name":"ModelAdvance", "ph":"E", "ts":"1615539909", "pid":"1", "tid":"cice"},
{"name":"ModelAdvance", "ph":"B", "ts":"1615667528", "pid":"1", "tid":"cice"},
{"name":"ModelAdvance", "ph":"E", "ts":"1616134550", "pid":"1", "tid":"cice"},
{"name":"ModelAdvance", "ph":"B", "ts":"1616283898", "pid":"1", "tid":"cice"},
{"name":"ModelAdvance", "ph":"E", "ts":"1616746783", "pid":"1", "tid":"cice"},
{"name":"ModelAdvance", "ph":"B", "ts":"1616893917", "pid":"1", "tid":"cice"},
{"name":"ModelAdvance", "ph":"E", "ts":"1617358473", "pid":"1", "tid":"cice"},
{"name":"ModelAdvance", "ph":"B", "ts":"1617486197", "pid":"1", "tid":"cice"},
{"name":"ModelAdvance", "ph":"E", "ts":"1617952345", "pid":"1", "tid":"cice"},
{"name":"ModelAdvance", "ph":"B", "ts":"1618151275", "pid":"1", "tid":"cice"},
{"name":"ModelAdvance", "ph":"E", "ts":"1618629090", "pid":"1", "tid":"cice"},
{"name":"ModelAdvance", "ph":"B", "ts":"1619405163", "pid":"1", "tid":"cice"},
{"name":"ModelAdvance", "ph":"E", "ts":"1619874177", "pid":"1", "tid":"cice"},
{"name":"ModelAdvance", "ph":"B", "ts":"1619995665", "pid":"1", "tid":"cice"},
{"name":"ModelAdvance", "ph":"E", "ts":"1620465456", "pid":"1", "tid":"cice"},
{"name":"ModelAdvance", "ph":"B", "ts":"1620591627", "pid":"1", "tid":"cice"},
{"name":"ModelAdvance", "ph":"E", "ts":"1621056165", "pid":"1", "tid":"cice"},
{"name":"ModelAdvance", "ph":"B", "ts":"1621184819", "pid":"1", "tid":"cice"},
{"name":"ModelAdvance", "ph":"E", "ts":"1621665003", "pid":"1", "tid":"cice"},
{"name":"ModelAdvance", "ph":"B", "ts":"1621792271", "pid":"1", "tid":"cice"},
{"name":"ModelAdvance", "ph":"E", "ts":"1622263324", "pid":"1", "tid":"cice"},
{"name":"ModelAdvance", "ph":"B", "ts":"1622384626", "pid":"1", "tid":"cice"},
{"name":"ModelAdvance", "ph":"E", "ts":"1622858842", "pid":"1", "tid":"cice"},
{"name":"ModelAdvance", "ph":"B", "ts":"1622975808", "pid":"1", "tid":"cice"},
{"name":"ModelAdvance", "ph":"E", "ts":"1623443626", "pid":"1", "tid":"cice"},
{"name":"ModelAdvance", "ph":"B", "ts":"1623575861", "pid":"1", "tid":"cice"},
{"name":"ModelAdvance", "ph":"E", "ts":"1624046995", "pid":"1", "tid":"cice"},
{"name":"ModelAdvance", "ph":"B", "ts":"1624166256", "pid":"1", "tid":"cice"},
{"name":"ModelAdvance", "ph":"E", "ts":"1624634642", "pid":"1", "tid":"cice"},
{"name":"ModelAdvance", "ph":"B", "ts":"1624752402", "pid":"1", "tid":"cice"},
{"name":"ModelAdvance", "ph":"E", "ts":"1625219237", "pid":"1", "tid":"cice"},
{"name":"ModelAdvance", "ph":"B", "ts":"1625342845", "pid":"1", "tid":"cice"},
{"name":"ModelAdvance", "ph":"E", "ts":"1625808263", "pid":"1", "tid":"cice"},
{"name":"ModelAdvance", "ph":"B", "ts":"1625956757", "pid":"1", "tid":"cice"},
{"name":"ModelAdvance", "ph":"E", "ts":"1626423760", "pid":"1", "tid":"cice"},
{"name":"ModelAdvance", "ph":"B", "ts":"1626547937", "pid":"1", "tid":"cice"},
{"name":"ModelAdvance", "ph":"E", "ts":"1627015907", "pid":"1", "tid":"cice"},
{"name":"ModelAdvance", "ph":"B", "ts":"1627144522", "pid":"1", "tid":"cice"},
{"name":"ModelAdvance", "ph":"E", "ts":"1627609966", "pid":"1", "tid":"cice"},
{"name":"ModelAdvance", "ph":"B", "ts":"1627772282", "pid":"1", "tid":"cice"},
{"name":"ModelAdvance", "ph":"E", "ts":"1628247238", "pid":"1", "tid":"cice"},
{"name":"ModelAdvance", "ph":"B", "ts":"1628374235", "pid":"1", "tid":"cice"},
{"name":"ModelAdvance", "ph":"E", "ts":"1628843358", "pid":"1", "tid":"cice"},
{"name":"ModelAdvance", "ph":"B", "ts":"1628973615", "pid":"1", "tid":"cice"},
{"name":"ModelAdvance", "ph":"E", "ts":"1629456609", "pid":"1", "tid":"cice"},
{"name":"ModelAdvance", "ph":"B", "ts":"1629583414", "pid":"1", "tid":"cice"},
{"name":"ModelAdvance", "ph":"E", "ts":"1630062739", "pid":"1", "tid":"cice"},
{"name":"ModelAdvance", "ph":"B", "ts":"1630170983", "pid":"1", "tid":"cice"},
{"name":"ModelAdvance", "ph":"E", "ts":"1630642165", "pid":"1", "tid":"cice"},
{"name":"ModelAdvance", "ph":"B", "ts":"1630761110", "pid":"1", "tid":"cice"},
{"name":"ModelAdvance", "ph":"E", "ts":"1631232527", "pid":"1", "tid":"cice"},
{"name":"ModelAdvance", "ph":"B", "ts":"1631360289", "pid":"1", "tid":"cice"},
{"name":"ModelAdvance", "ph":"E", "ts":"1631829375", "pid":"1", "tid":"cice"},
{"name":"ModelAdvance", "ph":"B", "ts":"1631956459", "pid":"1", "tid":"cice"},
{"name":"ModelAdvance", "ph":"E", "ts":"1632433979", "pid":"1", "tid":"cice"},
{"name":"ModelAdvance", "ph":"B", "ts":"1632570138", "pid":"1", "tid":"cice"},
{"name":"ModelAdvance", "ph":"E", "ts":"1633035496", "pid":"1", "tid":"cice"},
{"name":"ModelAdvance", "ph":"B", "ts":"1633184662", "pid":"1", "tid":"cice"},
{"name":"ModelAdvance", "ph":"E", "ts":"1633655691", "pid":"1", "tid":"cice"},
{"name":"ModelAdvance", "ph":"B", "ts":"1634451710", "pid":"1", "tid":"cice"},
{"name":"ModelAdvance", "ph":"E", "ts":"1634919636", "pid":"1", "tid":"cice"},
{"name":"ModelAdvance", "ph":"B", "ts":"1635052767", "pid":"1", "tid":"cice"},
{"name":"ModelAdvance", "ph":"E", "ts":"1635518796", "pid":"1", "tid":"cice"},
{"name":"ModelAdvance", "ph":"B", "ts":"1635649198", "pid":"1", "tid":"cice"},
{"name":"ModelAdvance", "ph":"E", "ts":"1636113429", "pid":"1", "tid":"cice"},
{"name":"ModelAdvance", "ph":"B", "ts":"1636268244", "pid":"1", "tid":"cice"},
{"name":"ModelAdvance", "ph":"E", "ts":"1636741274", "pid":"1", "tid":"cice"},
{"name":"ModelAdvance", "ph":"B", "ts":"1636863361", "pid":"1", "tid":"cice"},
{"name":"ModelAdvance", "ph":"E", "ts":"1637329975", "pid":"1", "tid":"cice"},
{"name":"ModelAdvance", "ph":"B", "ts":"1637459921", "pid":"1", "tid":"cice"},
{"name":"ModelAdvance", "ph":"E", "ts":"1637928971", "pid":"1", "tid":"cice"},
{"name":"ModelAdvance", "ph":"B", "ts":"1638086879", "pid":"1", "tid":"cice"},
{"name":"ModelAdvance", "ph":"E", "ts":"1638564082", "pid":"1", "tid":"cice"},
{"name":"ModelAdvance", "ph":"B", "ts":"1638675510", "pid":"1", "tid":"cice"},
{"name":"ModelAdvance", "ph":"E", "ts":"1639149011", "pid":"1", "tid":"cice"},
{"name":"ModelAdvance", "ph":"B", "ts":"1639258793", "pid":"1", "tid":"cice"},
{"name":"ModelAdvance", "ph":"E", "ts":"1639738775", "pid":"1", "tid":"cice"},
{"name":"ModelAdvance", "ph":"B", "ts":"1639845019", "pid":"1", "tid":"cice"},
{"name":"ModelAdvance", "ph":"E", "ts":"1640321684", "pid":"1", "tid":"cice"},
{"name":"ModelAdvance", "ph":"B", "ts":"1640426454", "pid":"1", "tid":"cice"},
{"name":"ModelAdvance", "ph":"E", "ts":"1640892561", "pid":"1", "tid":"cice"},
{"name":"ModelAdvance", "ph":"B", "ts":"1641018194", "pid":"1", "tid":"cice"},
{"name":"ModelAdvance", "ph":"E", "ts":"1641489159", "pid":"1", "tid":"cice"},
{"name":"ModelAdvance", "ph":"B", "ts":"1641597410", "pid":"1", "tid":"cice"},
{"name":"ModelAdvance", "ph":"E", "ts":"1642063122", "pid":"1", "tid":"cice"},
{"name":"ModelAdvance", "ph":"B", "ts":"1642177908", "pid":"1", "tid":"cice"},
{"name":"ModelAdvance", "ph":"E", "ts":"1642639471", "pid":"1", "tid":"cice"},
{"name":"ModelAdvance", "ph":"B", "ts":"1642773458", "pid":"1", "tid":"cice"},
{"name":"ModelAdvance", "ph":"E", "ts":"1643246082", "pid":"1", "tid":"cice"},
{"name":"ModelAdvance", "ph":"B", "ts":"1643358056", "pid":"1", "tid":"cice"},
{"name":"ModelAdvance", "ph":"E", "ts":"1643834629", "pid":"1", "tid":"cice"},
{"name":"ModelAdvance", "ph":"B", "ts":"1643946341", "pid":"1", "tid":"cice"},
{"name":"ModelAdvance", "ph":"E", "ts":"1644416757", "pid":"1", "tid":"cice"},
{"name":"ModelAdvance", "ph":"B", "ts":"1644539965", "pid":"1", "tid":"cice"},
{"name":"ModelAdvance", "ph":"E", "ts":"1645013406", "pid":"1", "tid":"cice"},
{"name":"ModelAdvance", "ph":"B", "ts":"1645128434", "pid":"1", "tid":"cice"},
{"name":"ModelAdvance", "ph":"E", "ts":"1645600968", "pid":"1", "tid":"cice"},
{"name":"ModelAdvance", "ph":"B", "ts":"1645725135", "pid":"1", "tid":"cice"},
{"name":"ModelAdvance", "ph":"E", "ts":"1646190388", "pid":"1", "tid":"cice"},
{"name":"ModelAdvance", "ph":"B", "ts":"1646310578", "pid":"1", "tid":"cice"},
{"name":"ModelAdvance", "ph":"E", "ts":"1646783038", "pid":"1", "tid":"cice"},
{"name":"ModelAdvance", "ph":"B", "ts":"1646901378", "pid":"1", "tid":"cice"},
{"name":"ModelAdvance", "ph":"E", "ts":"1647371828", "pid":"1", "tid":"cice"},
{"name":"ModelAdvance", "ph":"B", "ts":"1647486793", "pid":"1", "tid":"cice"},
{"name":"ModelAdvance", "ph":"E", "ts":"1647959403", "pid":"1", "tid":"cice"},
{"name":"ModelAdvance", "ph":"B", "ts":"1648084627", "pid":"1", "tid":"cice"},
{"name":"ModelAdvance", "ph":"E", "ts":"1648551542", "pid":"1", "tid":"cice"},
{"name":"ModelAdvance", "ph":"B", "ts":"1649358269", "pid":"1", "tid":"cice"},
{"name":"ModelAdvance", "ph":"E", "ts":"1649826342", "pid":"1", "tid":"cice"},
{"name":"ModelAdvance", "ph":"B", "ts":"1649960699", "pid":"1", "tid":"cice"},
{"name":"ModelAdvance", "ph":"E", "ts":"1650435485", "pid":"1", "tid":"cice"},
{"name":"ModelAdvance", "ph":"B", "ts":"1650561003", "pid":"1", "tid":"cice"},
{"name":"ModelAdvance", "ph":"E", "ts":"1651033732", "pid":"1", "tid":"cice"},
{"name":"ModelAdvance", "ph":"B", "ts":"1651153135", "pid":"1", "tid":"cice"},
{"name":"ModelAdvance", "ph":"E", "ts":"1651616173", "pid":"1", "tid":"cice"},
{"name":"ModelAdvance", "ph":"B", "ts":"1651748489", "pid":"1", "tid":"cice"},
{"name":"ModelAdvance", "ph":"E", "ts":"1652224548", "pid":"1", "tid":"cice"},
{"name":"ModelAdvance", "ph":"B", "ts":"1652341866", "pid":"1", "tid":"cice"},
{"name":"ModelAdvance", "ph":"E", "ts":"1652805057", "pid":"1", "tid":"cice"},
{"name":"ModelAdvance", "ph":"B", "ts":"1652985895", "pid":"1", "tid":"cice"},
{"name":"ModelAdvance", "ph":"E", "ts":"1653445161", "pid":"1", "tid":"cice"},
{"name":"ModelAdvance", "ph":"B", "ts":"1653580423", "pid":"1", "tid":"cice"},
{"name":"ModelAdvance", "ph":"E", "ts":"1654056772", "pid":"1", "tid":"cice"},
{"name":"ModelAdvance", "ph":"B", "ts":"1654173908", "pid":"1", "tid":"cice"},
{"name":"ModelAdvance", "ph":"E", "ts":"1654662900", "pid":"1", "tid":"cice"},
{"name":"ModelAdvance", "ph":"B", "ts":"1654768215", "pid":"1", "tid":"cice"},
{"name":"ModelAdvance", "ph":"E", "ts":"1655229365", "pid":"1", "tid":"cice"},
{"name":"ModelAdvance", "ph":"B", "ts":"1655362686", "pid":"1", "tid":"cice"},
{"name":"ModelAdvance", "ph":"E", "ts":"1655834006", "pid":"1", "tid":"cice"},
{"name":"ModelAdvance", "ph":"B", "ts":"1655973106", "pid":"1", "tid":"cice"},
{"name":"ModelAdvance", "ph":"E", "ts":"1656447396", "pid":"1", "tid":"cice"},
{"name":"ModelAdvance", "ph":"B", "ts":"1656570290", "pid":"1", "tid":"cice"},
{"name":"ModelAdvance", "ph":"E", "ts":"1657038041", "pid":"1", "tid":"cice"},
{"name":"ModelAdvance", "ph":"B", "ts":"1657161142", "pid":"1", "tid":"cice"},
{"name":"ModelAdvance", "ph":"E", "ts":"1657635725", "pid":"1", "tid":"cice"},
{"name":"ModelAdvance", "ph":"B", "ts":"1657753403", "pid":"1", "tid":"cice"},
{"name":"ModelAdvance", "ph":"E", "ts":"1658230098", "pid":"1", "tid":"cice"},
{"name":"ModelAdvance", "ph":"B", "ts":"1658350016", "pid":"1", "tid":"cice"},
{"name":"ModelAdvance", "ph":"E", "ts":"1658808165", "pid":"1", "tid":"cice"},
{"name":"ModelAdvance", "ph":"B", "ts":"1658935594", "pid":"1", "tid":"cice"},
{"name":"ModelAdvance", "ph":"E", "ts":"1659405162", "pid":"1", "tid":"cice"},
{"name":"ModelAdvance", "ph":"B", "ts":"1659538933", "pid":"1", "tid":"cice"},
{"name":"ModelAdvance", "ph":"E", "ts":"1660006005", "pid":"1", "tid":"cice"},
{"name":"ModelAdvance", "ph":"B", "ts":"1660134896", "pid":"1", "tid":"cice"},
{"name":"ModelAdvance", "ph":"E", "ts":"1660609981", "pid":"1", "tid":"cice"},
{"name":"ModelAdvance", "ph":"B", "ts":"1660743032", "pid":"1", "tid":"cice"},
{"name":"ModelAdvance", "ph":"E", "ts":"1661213571", "pid":"1", "tid":"cice"},
{"name":"ModelAdvance", "ph":"B", "ts":"1661387673", "pid":"1", "tid":"cice"},
{"name":"ModelAdvance", "ph":"E", "ts":"1661854160", "pid":"1", "tid":"cice"},
{"name":"ModelAdvance", "ph":"B", "ts":"1662022655", "pid":"1", "tid":"cice"},
{"name":"ModelAdvance", "ph":"E", "ts":"1662500098", "pid":"1", "tid":"cice"},
{"name":"ModelAdvance", "ph":"B", "ts":"1662623736", "pid":"1", "tid":"cice"},
{"name":"ModelAdvance", "ph":"E", "ts":"1663180355", "pid":"1", "tid":"cice"},
{"name":"ModelAdvance", "ph":"B", "ts":"1663238321", "pid":"1", "tid":"cice"},
{"name":"ModelAdvance", "ph":"E", "ts":"1663708662", "pid":"1", "tid":"cice"},
{"name":"ModelAdvance", "ph":"B", "ts":"1664503217", "pid":"1", "tid":"cice"},
{"name":"ModelAdvance", "ph":"E", "ts":"1664969845", "pid":"1", "tid":"cice"},
{"name":"ModelAdvance", "ph":"B", "ts":"1665093605", "pid":"1", "tid":"cice"},
{"name":"ModelAdvance", "ph":"E", "ts":"1665564662", "pid":"1", "tid":"cice"},
{"name":"ModelAdvance", "ph":"B", "ts":"1665689550", "pid":"1", "tid":"cice"},
{"name":"ModelAdvance", "ph":"E", "ts":"1666156353", "pid":"1", "tid":"cice"},
{"name":"ModelAdvance", "ph":"B", "ts":"1666287164", "pid":"1", "tid":"cice"},
{"name":"ModelAdvance", "ph":"E", "ts":"1666754916", "pid":"1", "tid":"cice"},
{"name":"ModelAdvance", "ph":"B", "ts":"1666874217", "pid":"1", "tid":"cice"},
{"name":"ModelAdvance", "ph":"E", "ts":"1667336954", "pid":"1", "tid":"cice"},
{"name":"ModelAdvance", "ph":"B", "ts":"1667459599", "pid":"1", "tid":"cice"},
{"name":"ModelAdvance", "ph":"E", "ts":"1667929011", "pid":"1", "tid":"cice"},
{"name":"ModelAdvance", "ph":"B", "ts":"1668051688", "pid":"1", "tid":"cice"},
{"name":"ModelAdvance", "ph":"E", "ts":"1668522695", "pid":"1", "tid":"cice"},
{"name":"ModelAdvance", "ph":"B", "ts":"1668643647", "pid":"1", "tid":"cice"},
{"name":"ModelAdvance", "ph":"E", "ts":"1669107227", "pid":"1", "tid":"cice"},
{"name":"ModelAdvance", "ph":"B", "ts":"1669238027", "pid":"1", "tid":"cice"},
{"name":"ModelAdvance", "ph":"E", "ts":"1669707845", "pid":"1", "tid":"cice"},
{"name":"ModelAdvance", "ph":"B", "ts":"1669836049", "pid":"1", "tid":"cice"},
{"name":"ModelAdvance", "ph":"E", "ts":"1670306783", "pid":"1", "tid":"cice"},
{"name":"ModelAdvance", "ph":"B", "ts":"1670436121", "pid":"1", "tid":"cice"},
{"name":"ModelAdvance", "ph":"E", "ts":"1670902105", "pid":"1", "tid":"cice"},
{"name":"ModelAdvance", "ph":"B", "ts":"1671043609", "pid":"1", "tid":"cice"},
{"name":"ModelAdvance", "ph":"E", "ts":"1671510576", "pid":"1", "tid":"cice"},
{"name":"ModelAdvance", "ph":"B", "ts":"1671644148", "pid":"1", "tid":"cice"},
{"name":"ModelAdvance", "ph":"E", "ts":"1672112541", "pid":"1", "tid":"cice"},
{"name":"ModelAdvance", "ph":"B", "ts":"1672235687", "pid":"1", "tid":"cice"},
{"name":"ModelAdvance", "ph":"E", "ts":"1672705613", "pid":"1", "tid":"cice"},
{"name":"ModelAdvance", "ph":"B", "ts":"1672822186", "pid":"1", "tid":"cice"},
{"name":"ModelAdvance", "ph":"E", "ts":"1673288505", "pid":"1", "tid":"cice"},
{"name":"ModelAdvance", "ph":"B", "ts":"1673423087", "pid":"1", "tid":"cice"},
{"name":"ModelAdvance", "ph":"E", "ts":"1673881394", "pid":"1", "tid":"cice"},
{"name":"ModelAdvance", "ph":"B", "ts":"1674017446", "pid":"1", "tid":"cice"},
{"name":"ModelAdvance", "ph":"E", "ts":"1674485894", "pid":"1", "tid":"cice"},
{"name":"ModelAdvance", "ph":"B", "ts":"1674612401", "pid":"1", "tid":"cice"},
{"name":"ModelAdvance", "ph":"E", "ts":"1675095354", "pid":"1", "tid":"cice"},
{"name":"ModelAdvance", "ph":"B", "ts":"1675205119", "pid":"1", "tid":"cice"},
{"name":"ModelAdvance", "ph":"E", "ts":"1675670975", "pid":"1", "tid":"cice"},
{"name":"ModelAdvance", "ph":"B", "ts":"1675794000", "pid":"1", "tid":"cice"},
{"name":"ModelAdvance", "ph":"E", "ts":"1676261355", "pid":"1", "tid":"cice"},
{"name":"ModelAdvance", "ph":"B", "ts":"1676385366", "pid":"1", "tid":"cice"},
{"name":"ModelAdvance", "ph":"E", "ts":"1676850113", "pid":"1", "tid":"cice"},
{"name":"ModelAdvance", "ph":"B", "ts":"1676970884", "pid":"1", "tid":"cice"},
{"name":"ModelAdvance", "ph":"E", "ts":"1677438101", "pid":"1", "tid":"cice"},
{"name":"ModelAdvance", "ph":"B", "ts":"1677554143", "pid":"1", "tid":"cice"},
{"name":"ModelAdvance", "ph":"E", "ts":"1678027931", "pid":"1", "tid":"cice"},
{"name":"ModelAdvance", "ph":"B", "ts":"1678151423", "pid":"1", "tid":"cice"},
{"name":"ModelAdvance", "ph":"E", "ts":"1678622106", "pid":"1", "tid":"cice"},
{"name":"ModelAdvance", "ph":"B", "ts":"1679442819", "pid":"1", "tid":"cice"},
{"name":"ModelAdvance", "ph":"E", "ts":"1679916041", "pid":"1", "tid":"cice"},
{"name":"ModelAdvance", "ph":"B", "ts":"1680035513", "pid":"1", "tid":"cice"},
{"name":"ModelAdvance", "ph":"E", "ts":"1680510532", "pid":"1", "tid":"cice"},
{"name":"ModelAdvance", "ph":"B", "ts":"1680622414", "pid":"1", "tid":"cice"},
{"name":"ModelAdvance", "ph":"E", "ts":"1681090905", "pid":"1", "tid":"cice"},
{"name":"ModelAdvance", "ph":"B", "ts":"1681218236", "pid":"1", "tid":"cice"},
{"name":"ModelAdvance", "ph":"E", "ts":"1681688114", "pid":"1", "tid":"cice"},
{"name":"ModelAdvance", "ph":"B", "ts":"1681817671", "pid":"1", "tid":"cice"},
{"name":"ModelAdvance", "ph":"E", "ts":"1682287820", "pid":"1", "tid":"cice"},
{"name":"ModelAdvance", "ph":"B", "ts":"1682405134", "pid":"1", "tid":"cice"},
{"name":"ModelAdvance", "ph":"E", "ts":"1682874590", "pid":"1", "tid":"cice"},
{"name":"ModelAdvance", "ph":"B", "ts":"1682999561", "pid":"1", "tid":"cice"},
{"name":"ModelAdvance", "ph":"E", "ts":"1683468330", "pid":"1", "tid":"cice"},
{"name":"ModelAdvance", "ph":"B", "ts":"1683594707", "pid":"1", "tid":"cice"},
{"name":"ModelAdvance", "ph":"E", "ts":"1684065512", "pid":"1", "tid":"cice"},
{"name":"ModelAdvance", "ph":"B", "ts":"1684187716", "pid":"1", "tid":"cice"},
{"name":"ModelAdvance", "ph":"E", "ts":"1684647214", "pid":"1", "tid":"cice"},
{"name":"ModelAdvance", "ph":"B", "ts":"1684834320", "pid":"1", "tid":"cice"},
{"name":"ModelAdvance", "ph":"E", "ts":"1685321219", "pid":"1", "tid":"cice"},
{"name":"ModelAdvance", "ph":"B", "ts":"1685438121", "pid":"1", "tid":"cice"},
{"name":"ModelAdvance", "ph":"E", "ts":"1685910158", "pid":"1", "tid":"cice"},
{"name":"ModelAdvance", "ph":"B", "ts":"1686040304", "pid":"1", "tid":"cice"},
{"name":"ModelAdvance", "ph":"E", "ts":"1686513792", "pid":"1", "tid":"cice"},
{"name":"ModelAdvance", "ph":"B", "ts":"1686639531", "pid":"1", "tid":"cice"},
{"name":"ModelAdvance", "ph":"E", "ts":"1687111008", "pid":"1", "tid":"cice"},
{"name":"ModelAdvance", "ph":"B", "ts":"1687231852", "pid":"1", "tid":"cice"},
{"name":"ModelAdvance", "ph":"E", "ts":"1687700606", "pid":"1", "tid":"cice"},
{"name":"ModelAdvance", "ph":"B", "ts":"1687821011", "pid":"1", "tid":"cice"},
{"name":"ModelAdvance", "ph":"E", "ts":"1688295858", "pid":"1", "tid":"cice"},
{"name":"ModelAdvance", "ph":"B", "ts":"1688419603", "pid":"1", "tid":"cice"},
{"name":"ModelAdvance", "ph":"E", "ts":"1688876036", "pid":"1", "tid":"cice"},
{"name":"ModelAdvance", "ph":"B", "ts":"1689013291", "pid":"1", "tid":"cice"},
{"name":"ModelAdvance", "ph":"E", "ts":"1689484136", "pid":"1", "tid":"cice"},
{"name":"ModelAdvance", "ph":"B", "ts":"1689607898", "pid":"1", "tid":"cice"},
{"name":"ModelAdvance", "ph":"E", "ts":"1690078190", "pid":"1", "tid":"cice"},
{"name":"ModelAdvance", "ph":"B", "ts":"1690202117", "pid":"1", "tid":"cice"},
{"name":"ModelAdvance", "ph":"E", "ts":"1690672714", "pid":"1", "tid":"cice"},
{"name":"ModelAdvance", "ph":"B", "ts":"1690809406", "pid":"1", "tid":"cice"},
{"name":"ModelAdvance", "ph":"E", "ts":"1691279067", "pid":"1", "tid":"cice"},
{"name":"ModelAdvance", "ph":"B", "ts":"1691406449", "pid":"1", "tid":"cice"},
{"name":"ModelAdvance", "ph":"E", "ts":"1691875365", "pid":"1", "tid":"cice"},
{"name":"ModelAdvance", "ph":"B", "ts":"1692028733", "pid":"1", "tid":"cice"},
{"name":"ModelAdvance", "ph":"E", "ts":"1692501817", "pid":"1", "tid":"cice"},
{"name":"ModelAdvance", "ph":"B", "ts":"1692618149", "pid":"1", "tid":"cice"},
{"name":"ModelAdvance", "ph":"E", "ts":"1693084954", "pid":"1", "tid":"cice"},
{"name":"ModelAdvance", "ph":"B", "ts":"1693230356", "pid":"1", "tid":"cice"},
{"name":"ModelAdvance", "ph":"E", "ts":"1693691181", "pid":"1", "tid":"cice"},
{"name":"ModelAdvance", "ph":"B", "ts":"1694507225", "pid":"1", "tid":"cice"},
{"name":"ModelAdvance", "ph":"E", "ts":"1694975940", "pid":"1", "tid":"cice"},
{"name":"ModelAdvance", "ph":"B", "ts":"1695110458", "pid":"1", "tid":"cice"},
{"name":"ModelAdvance", "ph":"E", "ts":"1695572586", "pid":"1", "tid":"cice"},
{"name":"ModelAdvance", "ph":"B", "ts":"1695706956", "pid":"1", "tid":"cice"},
{"name":"ModelAdvance", "ph":"E", "ts":"1696173770", "pid":"1", "tid":"cice"},
{"name":"ModelAdvance", "ph":"B", "ts":"1696295835", "pid":"1", "tid":"cice"},
{"name":"ModelAdvance", "ph":"E", "ts":"1696764903", "pid":"1", "tid":"cice"},
{"name":"ModelAdvance", "ph":"B", "ts":"1696896913", "pid":"1", "tid":"cice"},
{"name":"ModelAdvance", "ph":"E", "ts":"1697364177", "pid":"1", "tid":"cice"},
{"name":"ModelAdvance", "ph":"B", "ts":"1697497611", "pid":"1", "tid":"cice"},
{"name":"ModelAdvance", "ph":"E", "ts":"1697967999", "pid":"1", "tid":"cice"},
{"name":"ModelAdvance", "ph":"B", "ts":"1698086298", "pid":"1", "tid":"cice"},
{"name":"ModelAdvance", "ph":"E", "ts":"1698555524", "pid":"1", "tid":"cice"},
{"name":"ModelAdvance", "ph":"B", "ts":"1698680925", "pid":"1", "tid":"cice"},
{"name":"ModelAdvance", "ph":"E", "ts":"1699153333", "pid":"1", "tid":"cice"},
{"name":"ModelAdvance", "ph":"B", "ts":"1699273059", "pid":"1", "tid":"cice"},
{"name":"ModelAdvance", "ph":"E", "ts":"1699739309", "pid":"1", "tid":"cice"},
{"name":"ModelAdvance", "ph":"B", "ts":"1699864021", "pid":"1", "tid":"cice"},
{"name":"ModelAdvance", "ph":"E", "ts":"1700339086", "pid":"1", "tid":"cice"},
{"name":"ModelAdvance", "ph":"B", "ts":"1700456547", "pid":"1", "tid":"cice"},
{"name":"ModelAdvance", "ph":"E", "ts":"1700928373", "pid":"1", "tid":"cice"},
{"name":"ModelAdvance", "ph":"B", "ts":"1701061653", "pid":"1", "tid":"cice"},
{"name":"ModelAdvance", "ph":"E", "ts":"1701528112", "pid":"1", "tid":"cice"},
{"name":"ModelAdvance", "ph":"B", "ts":"1701648620", "pid":"1", "tid":"cice"},
{"name":"ModelAdvance", "ph":"E", "ts":"1702122444", "pid":"1", "tid":"cice"},
{"name":"ModelAdvance", "ph":"B", "ts":"1702238491", "pid":"1", "tid":"cice"},
{"name":"ModelAdvance", "ph":"E", "ts":"1702713915", "pid":"1", "tid":"cice"},
{"name":"ModelAdvance", "ph":"B", "ts":"1702825086", "pid":"1", "tid":"cice"},
{"name":"ModelAdvance", "ph":"E", "ts":"1703297903", "pid":"1", "tid":"cice"},
{"name":"ModelAdvance", "ph":"B", "ts":"1703413172", "pid":"1", "tid":"cice"},
{"name":"ModelAdvance", "ph":"E", "ts":"1703872453", "pid":"1", "tid":"cice"},
{"name":"ModelAdvance", "ph":"B", "ts":"1704001824", "pid":"1", "tid":"cice"},
{"name":"ModelAdvance", "ph":"E", "ts":"1704476150", "pid":"1", "tid":"cice"},
{"name":"ModelAdvance", "ph":"B", "ts":"1704593287", "pid":"1", "tid":"cice"},
{"name":"ModelAdvance", "ph":"E", "ts":"1705060162", "pid":"1", "tid":"cice"},
{"name":"ModelAdvance", "ph":"B", "ts":"1705183283", "pid":"1", "tid":"cice"},
{"name":"ModelAdvance", "ph":"E", "ts":"1705653828", "pid":"1", "tid":"cice"},
{"name":"ModelAdvance", "ph":"B", "ts":"1705776149", "pid":"1", "tid":"cice"},
{"name":"ModelAdvance", "ph":"E", "ts":"1706240499", "pid":"1", "tid":"cice"},
{"name":"ModelAdvance", "ph":"B", "ts":"1706373880", "pid":"1", "tid":"cice"},
{"name":"ModelAdvance", "ph":"E", "ts":"1706841346", "pid":"1", "tid":"cice"},
{"name":"ModelAdvance", "ph":"B", "ts":"1706961917", "pid":"1", "tid":"cice"},
{"name":"ModelAdvance", "ph":"E", "ts":"1707420262", "pid":"1", "tid":"cice"},
{"name":"ModelAdvance", "ph":"B", "ts":"1707557329", "pid":"1", "tid":"cice"},
{"name":"ModelAdvance", "ph":"E", "ts":"1708031000", "pid":"1", "tid":"cice"},
{"name":"ModelFinalize", "ph":"B", "ts":"1708035904", "pid":"1", "tid":"cice"},
{"name":"ModelFinalize", "ph":"E", "ts":"1708035984", "pid":"1", "tid":"cice"},
